city,task_id,p_req_level,p_req,strategy,regime,eval_outcome,pool_size,pool_feasible,n_selected,p_commit,p_deliv,shortfall,ocr,success,seed_id,master_seed
City-A,T1,1x,180.0,S0a_RoutineOracle,routine,M_routine,800,True,1,478.2,478.2,0.0,0.0,1.0,29,29000002048
City-A,T1,1x,180.0,S0a_RoutineOracle,cross_regime,M_stress,800,True,1,478.2,152.2,27.8,0.6817,0.0,29,29000002048
City-A,T1,1x,180.0,S0b_StressOracle,routine,M_routine,800,True,1,344.4,410.8,0.0,0.0,1.0,29,29000002048
City-A,T1,1x,180.0,S0b_StressOracle,cross_regime,M_stress,800,True,1,344.4,344.4,0.0,0.0,1.0,29,29000002048
City-A,T1,1x,180.0,S1_CapRR,routine,M_routine,800,True,1,678.2,454.3,0.0,0.3301,1.0,29,29000002048
City-A,T1,1x,180.0,S1_CapRR,cross_regime,M_stress,800,True,1,678.2,302.0,0.0,0.5547,1.0,29,29000002048
City-A,T1,1x,180.0,S2_Platform,routine,M_routine,800,True,1,421.1,454.3,0.0,0.0,1.0,29,29000002048
City-A,T1,1x,180.0,S2_Platform,cross_regime,M_stress,800,True,1,421.1,302.0,0.0,0.2829,1.0,29,29000002048
City-A,T1,1x,180.0,S3_Lin4,routine,M_routine,800,True,1,488.3,454.3,0.0,0.0696,1.0,29,29000002048
City-A,T1,1x,180.0,S3_Lin4,cross_regime,M_stress,800,True,1,488.3,302.0,0.0,0.3816,1.0,29,29000002048
City-A,T1,1x,180.0,S4_GlobalCalib,routine,M_routine,800,True,1,452.9,454.3,0.0,0.0,1.0,29,29000002048
City-A,T1,1x,180.0,S4_GlobalCalib,cross_regime,M_stress,800,True,1,452.9,302.0,0.0,0.3333,1.0,29,29000002048
City-A,T1,1x,180.0,S5_CityCalib,routine,M_routine,800,True,1,450.4,454.3,0.0,0.0,1.0,29,29000002048
City-A,T1,1x,180.0,S5_CityCalib,cross_regime,M_stress,800,True,1,450.4,302.0,0.0,0.3296,1.0,29,29000002048
City-A,T1,1x,180.0,S6_Q10,routine,M_routine,800,True,1,313.3,454.3,0.0,0.0,1.0,29,29000002048
City-A,T1,1x,180.0,S6_Q10,cross_regime,M_stress,800,True,1,313.3,302.0,0.0,0.0361,1.0,29,29000002048
City-A,T1,2x,360.0,S0a_RoutineOracle,routine,M_routine,800,True,1,478.2,478.2,0.0,0.0,1.0,29,29000002048
City-A,T1,2x,360.0,S0a_RoutineOracle,cross_regime,M_stress,800,True,1,478.2,152.2,207.8,0.6817,0.0,29,29000002048
City-A,T1,2x,360.0,S0b_StressOracle,routine,M_routine,800,True,2,646.3,865.1,0.0,0.0,1.0,29,29000002048
City-A,T1,2x,360.0,S0b_StressOracle,cross_regime,M_stress,800,True,2,646.3,646.3,0.0,0.0,1.0,29,29000002048
City-A,T1,2x,360.0,S1_CapRR,routine,M_routine,800,True,1,678.2,454.3,0.0,0.3301,1.0,29,29000002048
City-A,T1,2x,360.0,S1_CapRR,cross_regime,M_stress,800,True,1,678.2,302.0,58.0,0.5547,0.0,29,29000002048
City-A,T1,2x,360.0,S2_Platform,routine,M_routine,800,True,1,421.1,454.3,0.0,0.0,1.0,29,29000002048
City-A,T1,2x,360.0,S2_Platform,cross_regime,M_stress,800,True,1,421.1,302.0,58.0,0.2829,0.0,29,29000002048
City-A,T1,2x,360.0,S3_Lin4,routine,M_routine,800,True,1,488.3,454.3,0.0,0.0696,1.0,29,29000002048
City-A,T1,2x,360.0,S3_Lin4,cross_regime,M_stress,800,True,1,488.3,302.0,58.0,0.3816,0.0,29,29000002048
City-A,T1,2x,360.0,S4_GlobalCalib,routine,M_routine,800,True,1,452.9,454.3,0.0,0.0,1.0,29,29000002048
City-A,T1,2x,360.0,S4_GlobalCalib,cross_regime,M_stress,800,True,1,452.9,302.0,58.0,0.3333,0.0,29,29000002048
City-A,T1,2x,360.0,S5_CityCalib,routine,M_routine,800,True,1,450.4,454.3,0.0,0.0,1.0,29,29000002048
City-A,T1,2x,360.0,S5_CityCalib,cross_regime,M_stress,800,True,1,450.4,302.0,58.0,0.3296,0.0,29,29000002048
City-A,T1,2x,360.0,S6_Q10,routine,M_routine,800,True,2,597.5,865.1,0.0,0.0,1.0,29,29000002048
City-A,T1,2x,360.0,S6_Q10,cross_regime,M_stress,800,True,2,597.5,646.3,0.0,0.0,1.0,29,29000002048
City-A,T1,5x,900.0,S0a_RoutineOracle,routine,M_routine,800,True,2,955.6,955.6,0.0,0.0,1.0,29,29000002048
City-A,T1,5x,900.0,S0a_RoutineOracle,cross_regime,M_stress,800,True,2,955.6,418.9,481.1,0.5616,0.0,29,29000002048
City-A,T1,5x,900.0,S0b_StressOracle,routine,M_routine,800,True,3,925.3,1189.6,0.0,0.0,1.0,29,29000002048
City-A,T1,5x,900.0,S0b_StressOracle,cross_regime,M_stress,800,True,3,925.3,925.3,0.0,0.0,1.0,29,29000002048
City-A,T1,5x,900.0,S1_CapRR,routine,M_routine,800,True,2,1293.4,865.1,34.9,0.3311,0.0,29,29000002048
City-A,T1,5x,900.0,S1_CapRR,cross_regime,M_stress,800,True,2,1293.4,646.3,253.7,0.5003,0.0,29,29000002048
City-A,T1,5x,900.0,S2_Platform,routine,M_routine,800,True,3,1202.1,1244.0,0.0,0.0,1.0,29,29000002048
City-A,T1,5x,900.0,S2_Platform,cross_regime,M_stress,800,True,3,1202.1,801.5,98.5,0.3332,0.0,29,29000002048
City-A,T1,5x,900.0,S3_Lin4,routine,M_routine,800,True,3,1251.0,1400.1,0.0,0.0,1.0,29,29000002048
City-A,T1,5x,900.0,S3_Lin4,cross_regime,M_stress,800,True,3,1251.0,719.9,180.1,0.4245,0.0,29,29000002048
City-A,T1,5x,900.0,S4_GlobalCalib,routine,M_routine,800,True,3,1262.1,1332.6,0.0,0.0,1.0,29,29000002048
City-A,T1,5x,900.0,S4_GlobalCalib,cross_regime,M_stress,800,True,3,1262.1,912.1,0.0,0.2773,1.0,29,29000002048
City-A,T1,5x,900.0,S5_CityCalib,routine,M_routine,800,True,3,1255.3,1332.6,0.0,0.0,1.0,29,29000002048
City-A,T1,5x,900.0,S5_CityCalib,cross_regime,M_stress,800,True,3,1255.3,912.1,0.0,0.2734,1.0,29,29000002048
City-A,T1,5x,900.0,S6_Q10,routine,M_routine,800,True,4,1142.0,1810.0,0.0,0.0,1.0,29,29000002048
City-A,T1,5x,900.0,S6_Q10,cross_regime,M_stress,800,True,4,1142.0,1178.9,0.0,0.0,1.0,29,29000002048
City-A,T1,10x,1800.0,S0a_RoutineOracle,routine,M_routine,800,True,4,1886.7,1886.7,0.0,0.0,1.0,29,29000002048
City-A,T1,10x,1800.0,S0a_RoutineOracle,cross_regime,M_stress,800,True,4,1886.7,889.0,911.0,0.5288,0.0,29,29000002048
City-A,T1,10x,1800.0,S0b_StressOracle,routine,M_routine,800,True,7,1996.1,2680.8,0.0,0.0,1.0,29,29000002048
City-A,T1,10x,1800.0,S0b_StressOracle,cross_regime,M_stress,800,True,7,1996.1,1996.1,0.0,0.0,1.0,29,29000002048
City-A,T1,10x,1800.0,S1_CapRR,routine,M_routine,800,True,3,1889.7,1332.6,467.4,0.2948,0.0,29,29000002048
City-A,T1,10x,1800.0,S1_CapRR,cross_regime,M_stress,800,True,3,1889.7,912.1,887.9,0.5173,0.0,29,29000002048
City-A,T1,10x,1800.0,S2_Platform,routine,M_routine,800,True,5,1914.5,2037.9,0.0,0.0,1.0,29,29000002048
City-A,T1,10x,1800.0,S2_Platform,cross_regime,M_stress,800,True,5,1914.5,1111.6,688.4,0.4194,0.0,29,29000002048
City-A,T1,10x,1800.0,S3_Lin4,routine,M_routine,800,True,5,1969.4,2288.2,0.0,0.0,1.0,29,29000002048
City-A,T1,10x,1800.0,S3_Lin4,cross_regime,M_stress,800,True,5,1969.4,1331.1,468.9,0.3241,0.0,29,29000002048
City-A,T1,10x,1800.0,S4_GlobalCalib,routine,M_routine,800,True,5,2028.7,2196.5,0.0,0.0,1.0,29,29000002048
City-A,T1,10x,1800.0,S4_GlobalCalib,cross_regime,M_stress,800,True,5,2028.7,1322.7,477.3,0.348,0.0,29,29000002048
City-A,T1,10x,1800.0,S5_CityCalib,routine,M_routine,800,True,5,2017.9,2196.5,0.0,0.0,1.0,29,29000002048
City-A,T1,10x,1800.0,S5_CityCalib,cross_regime,M_stress,800,True,5,2017.9,1322.7,477.3,0.3445,0.0,29,29000002048
City-A,T1,10x,1800.0,S6_Q10,routine,M_routine,800,True,7,1888.4,3053.6,0.0,0.0,1.0,29,29000002048
City-A,T1,10x,1800.0,S6_Q10,cross_regime,M_stress,800,True,7,1888.4,1630.0,170.0,0.1368,0.0,29,29000002048
City-A,T2,1x,260.0,S0a_RoutineOracle,routine,M_routine,800,True,1,523.7,523.7,0.0,0.0,1.0,29,29000002048
City-A,T2,1x,260.0,S0a_RoutineOracle,cross_regime,M_stress,800,True,1,523.7,209.0,51.0,0.601,0.0,29,29000002048
City-A,T2,1x,260.0,S0b_StressOracle,routine,M_routine,800,True,1,361.6,381.3,0.0,0.0,1.0,29,29000002048
City-A,T2,1x,260.0,S0b_StressOracle,cross_regime,M_stress,800,True,1,361.6,361.6,0.0,0.0,1.0,29,29000002048
City-A,T2,1x,260.0,S1_CapRR,routine,M_routine,800,True,1,678.2,381.3,0.0,0.4378,1.0,29,29000002048
City-A,T2,1x,260.0,S1_CapRR,cross_regime,M_stress,800,True,1,678.2,361.6,0.0,0.4668,1.0,29,29000002048
City-A,T2,1x,260.0,S2_Platform,routine,M_routine,800,True,1,441.1,381.3,0.0,0.1357,1.0,29,29000002048
City-A,T2,1x,260.0,S2_Platform,cross_regime,M_stress,800,True,1,441.1,361.6,0.0,0.1802,1.0,29,29000002048
City-A,T2,1x,260.0,S3_Lin4,routine,M_routine,800,True,1,491.5,381.3,0.0,0.2244,1.0,29,29000002048
City-A,T2,1x,260.0,S3_Lin4,cross_regime,M_stress,800,True,1,491.5,361.6,0.0,0.2643,1.0,29,29000002048
City-A,T2,1x,260.0,S4_GlobalCalib,routine,M_routine,800,True,1,453.7,381.3,0.0,0.1597,1.0,29,29000002048
City-A,T2,1x,260.0,S4_GlobalCalib,cross_regime,M_stress,800,True,1,453.7,361.6,0.0,0.203,1.0,29,29000002048
City-A,T2,1x,260.0,S5_CityCalib,routine,M_routine,800,True,1,456.7,381.3,0.0,0.1651,1.0,29,29000002048
City-A,T2,1x,260.0,S5_CityCalib,cross_regime,M_stress,800,True,1,456.7,361.6,0.0,0.2081,1.0,29,29000002048
City-A,T2,1x,260.0,S6_Q10,routine,M_routine,800,True,1,313.1,381.3,0.0,0.0,1.0,29,29000002048
City-A,T2,1x,260.0,S6_Q10,cross_regime,M_stress,800,True,1,313.1,361.6,0.0,0.0,1.0,29,29000002048
City-A,T2,2x,520.0,S0a_RoutineOracle,routine,M_routine,800,True,1,523.7,523.7,0.0,0.0,1.0,29,29000002048
City-A,T2,2x,520.0,S0a_RoutineOracle,cross_regime,M_stress,800,True,1,523.7,209.0,311.0,0.601,0.0,29,29000002048
City-A,T2,2x,520.0,S0b_StressOracle,routine,M_routine,800,True,2,692.4,826.8,0.0,0.0,1.0,29,29000002048
City-A,T2,2x,520.0,S0b_StressOracle,cross_regime,M_stress,800,True,2,692.4,692.4,0.0,0.0,1.0,29,29000002048
City-A,T2,2x,520.0,S1_CapRR,routine,M_routine,800,True,1,678.2,381.3,138.7,0.4378,0.0,29,29000002048
City-A,T2,2x,520.0,S1_CapRR,cross_regime,M_stress,800,True,1,678.2,361.6,158.4,0.4668,0.0,29,29000002048
City-A,T2,2x,520.0,S2_Platform,routine,M_routine,800,True,2,849.9,826.8,0.0,0.0272,1.0,29,29000002048
City-A,T2,2x,520.0,S2_Platform,cross_regime,M_stress,800,True,2,849.9,692.4,0.0,0.1853,1.0,29,29000002048
City-A,T2,2x,520.0,S3_Lin4,routine,M_routine,800,True,2,877.3,905.0,0.0,0.0,1.0,29,29000002048
City-A,T2,2x,520.0,S3_Lin4,cross_regime,M_stress,800,True,2,877.3,570.6,0.0,0.3496,1.0,29,29000002048
City-A,T2,2x,520.0,S4_GlobalCalib,routine,M_routine,800,True,2,865.3,826.8,0.0,0.0445,1.0,29,29000002048
City-A,T2,2x,520.0,S4_GlobalCalib,cross_regime,M_stress,800,True,2,865.3,692.4,0.0,0.1998,1.0,29,29000002048
City-A,T2,2x,520.0,S5_CityCalib,routine,M_routine,800,True,2,870.9,826.8,0.0,0.0507,1.0,29,29000002048
City-A,T2,2x,520.0,S5_CityCalib,cross_regime,M_stress,800,True,2,870.9,692.4,0.0,0.205,1.0,29,29000002048
City-A,T2,2x,520.0,S6_Q10,routine,M_routine,800,True,2,597.1,826.8,0.0,0.0,1.0,29,29000002048
City-A,T2,2x,520.0,S6_Q10,cross_regime,M_stress,800,True,2,597.1,692.4,0.0,0.0,1.0,29,29000002048
City-A,T2,5x,1300.0,S0a_RoutineOracle,routine,M_routine,800,True,3,1499.4,1499.4,0.0,0.0,1.0,29,29000002048
City-A,T2,5x,1300.0,S0a_RoutineOracle,cross_regime,M_stress,800,True,3,1499.4,745.2,554.8,0.503,0.0,29,29000002048
City-A,T2,5x,1300.0,S0b_StressOracle,routine,M_routine,800,True,5,1596.2,2049.2,0.0,0.0,1.0,29,29000002048
City-A,T2,5x,1300.0,S0b_StressOracle,cross_regime,M_stress,800,True,5,1596.2,1596.2,0.0,0.0,1.0,29,29000002048
City-A,T2,5x,1300.0,S1_CapRR,routine,M_routine,800,True,3,1889.7,1350.5,0.0,0.2853,1.0,29,29000002048
City-A,T2,5x,1300.0,S1_CapRR,cross_regime,M_stress,800,True,3,1889.7,901.4,398.6,0.523,0.0,29,29000002048
City-A,T2,5x,1300.0,S2_Platform,routine,M_routine,800,True,4,1596.5,1552.7,0.0,0.0274,1.0,29,29000002048
City-A,T2,5x,1300.0,S2_Platform,cross_regime,M_stress,800,True,4,1596.5,1111.0,189.0,0.3041,0.0,29,29000002048
City-A,T2,5x,1300.0,S3_Lin4,routine,M_routine,800,True,4,1618.2,1806.4,0.0,0.0,1.0,29,29000002048
City-A,T2,5x,1300.0,S3_Lin4,cross_regime,M_stress,800,True,4,1618.2,1129.9,170.1,0.3017,0.0,29,29000002048
City-A,T2,5x,1300.0,S4_GlobalCalib,routine,M_routine,800,True,4,1653.9,1870.2,0.0,0.0,1.0,29,29000002048
City-A,T2,5x,1300.0,S4_GlobalCalib,cross_regime,M_stress,800,True,4,1653.9,1209.0,91.0,0.269,0.0,29,29000002048
City-A,T2,5x,1300.0,S5_CityCalib,routine,M_routine,800,True,4,1664.5,1870.2,0.0,0.0,1.0,29,29000002048
City-A,T2,5x,1300.0,S5_CityCalib,cross_regime,M_stress,800,True,4,1664.5,1209.0,91.0,0.2737,0.0,29,29000002048
City-A,T2,5x,1300.0,S6_Q10,routine,M_routine,800,True,5,1402.3,2158.9,0.0,0.0,1.0,29,29000002048
City-A,T2,5x,1300.0,S6_Q10,cross_regime,M_stress,800,True,5,1402.3,1434.9,0.0,0.0,1.0,29,29000002048
City-A,T2,10x,2600.0,S0a_RoutineOracle,routine,M_routine,800,True,6,2812.6,2812.6,0.0,0.0,1.0,29,29000002048
City-A,T2,10x,2600.0,S0a_RoutineOracle,cross_regime,M_stress,800,True,6,2812.6,1534.1,1065.9,0.4545,0.0,29,29000002048
City-A,T2,10x,2600.0,S0b_StressOracle,routine,M_routine,800,True,9,2674.7,3284.8,0.0,0.0,1.0,29,29000002048
City-A,T2,10x,2600.0,S0b_StressOracle,cross_regime,M_stress,800,True,9,2674.7,2674.7,0.0,0.0,1.0,29,29000002048
City-A,T2,10x,2600.0,S1_CapRR,routine,M_routine,800,True,5,3037.3,2158.9,441.1,0.2892,0.0,29,29000002048
City-A,T2,10x,2600.0,S1_CapRR,cross_regime,M_stress,800,True,5,3037.3,1434.9,1165.1,0.5276,0.0,29,29000002048
City-A,T2,10x,2600.0,S2_Platform,routine,M_routine,800,True,7,2630.1,2739.4,0.0,0.0,1.0,29,29000002048
City-A,T2,10x,2600.0,S2_Platform,cross_regime,M_stress,800,True,7,2630.1,1804.7,795.3,0.3138,0.0,29,29000002048
City-A,T2,10x,2600.0,S3_Lin4,routine,M_routine,800,True,7,2674.8,2968.7,0.0,0.0,1.0,29,29000002048
City-A,T2,10x,2600.0,S3_Lin4,cross_regime,M_stress,800,True,7,2674.8,1899.1,700.9,0.29,0.0,29,29000002048
City-A,T2,10x,2600.0,S4_GlobalCalib,routine,M_routine,800,True,7,2735.0,3052.1,0.0,0.0,1.0,29,29000002048
City-A,T2,10x,2600.0,S4_GlobalCalib,cross_regime,M_stress,800,True,7,2735.0,1856.1,743.9,0.3213,0.0,29,29000002048
City-A,T2,10x,2600.0,S5_CityCalib,routine,M_routine,800,True,7,2752.6,3052.1,0.0,0.0,1.0,29,29000002048
City-A,T2,10x,2600.0,S5_CityCalib,cross_regime,M_stress,800,True,7,2752.6,1856.1,743.9,0.3257,0.0,29,29000002048
City-A,T2,10x,2600.0,S6_Q10,routine,M_routine,800,True,11,2825.5,4524.9,0.0,0.0,1.0,29,29000002048
City-A,T2,10x,2600.0,S6_Q10,cross_regime,M_stress,800,True,11,2825.5,2960.4,0.0,0.0,1.0,29,29000002048
City-A,T3,1x,200.0,S0a_RoutineOracle,routine,M_routine,800,True,1,473.7,473.7,0.0,0.0,1.0,29,29000002048
City-A,T3,1x,200.0,S0a_RoutineOracle,cross_regime,M_stress,800,True,1,473.7,272.1,0.0,0.4256,1.0,29,29000002048
City-A,T3,1x,200.0,S0b_StressOracle,routine,M_routine,800,True,1,324.6,231.7,0.0,0.2861,1.0,29,29000002048
City-A,T3,1x,200.0,S0b_StressOracle,cross_regime,M_stress,800,True,1,324.6,324.6,0.0,0.0,1.0,29,29000002048
City-A,T3,1x,200.0,S1_CapRR,routine,M_routine,800,True,1,596.8,231.7,0.0,0.6117,1.0,29,29000002048
City-A,T3,1x,200.0,S1_CapRR,cross_regime,M_stress,800,True,1,596.8,324.6,0.0,0.4561,1.0,29,29000002048
City-A,T3,1x,200.0,S2_Platform,routine,M_routine,800,True,1,470.7,231.7,0.0,0.5077,1.0,29,29000002048
City-A,T3,1x,200.0,S2_Platform,cross_regime,M_stress,800,True,1,470.7,324.6,0.0,0.3104,1.0,29,29000002048
City-A,T3,1x,200.0,S3_Lin4,routine,M_routine,800,True,1,485.6,231.7,0.0,0.5229,1.0,29,29000002048
City-A,T3,1x,200.0,S3_Lin4,cross_regime,M_stress,800,True,1,485.6,324.6,0.0,0.3316,1.0,29,29000002048
City-A,T3,1x,200.0,S4_GlobalCalib,routine,M_routine,800,True,1,397.9,231.7,0.0,0.4176,1.0,29,29000002048
City-A,T3,1x,200.0,S4_GlobalCalib,cross_regime,M_stress,800,True,1,397.9,324.6,0.0,0.1842,1.0,29,29000002048
City-A,T3,1x,200.0,S5_CityCalib,routine,M_routine,800,True,1,398.9,231.7,0.0,0.4192,1.0,29,29000002048
City-A,T3,1x,200.0,S5_CityCalib,cross_regime,M_stress,800,True,1,398.9,324.6,0.0,0.1863,1.0,29,29000002048
City-A,T3,1x,200.0,S6_Q10,routine,M_routine,800,True,1,275.1,231.7,0.0,0.1577,1.0,29,29000002048
City-A,T3,1x,200.0,S6_Q10,cross_regime,M_stress,800,True,1,275.1,324.6,0.0,0.0,1.0,29,29000002048
City-A,T3,2x,400.0,S0a_RoutineOracle,routine,M_routine,800,True,1,473.7,473.7,0.0,0.0,1.0,29,29000002048
City-A,T3,2x,400.0,S0a_RoutineOracle,cross_regime,M_stress,800,True,1,473.7,272.1,127.9,0.4256,0.0,29,29000002048
City-A,T3,2x,400.0,S0b_StressOracle,routine,M_routine,800,True,2,632.7,486.9,0.0,0.2305,1.0,29,29000002048
City-A,T3,2x,400.0,S0b_StressOracle,cross_regime,M_stress,800,True,2,632.7,632.7,0.0,0.0,1.0,29,29000002048
City-A,T3,2x,400.0,S1_CapRR,routine,M_routine,800,True,1,596.8,231.7,168.3,0.6117,0.0,29,29000002048
City-A,T3,2x,400.0,S1_CapRR,cross_regime,M_stress,800,True,1,596.8,324.6,75.4,0.4561,0.0,29,29000002048
City-A,T3,2x,400.0,S2_Platform,routine,M_routine,800,True,1,470.7,231.7,168.3,0.5077,0.0,29,29000002048
City-A,T3,2x,400.0,S2_Platform,cross_regime,M_stress,800,True,1,470.7,324.6,75.4,0.3104,0.0,29,29000002048
City-A,T3,2x,400.0,S3_Lin4,routine,M_routine,800,True,1,485.6,231.7,168.3,0.5229,0.0,29,29000002048
City-A,T3,2x,400.0,S3_Lin4,cross_regime,M_stress,800,True,1,485.6,324.6,75.4,0.3316,0.0,29,29000002048
City-A,T3,2x,400.0,S4_GlobalCalib,routine,M_routine,800,True,2,758.8,705.4,0.0,0.0704,1.0,29,29000002048
City-A,T3,2x,400.0,S4_GlobalCalib,cross_regime,M_stress,800,True,2,758.8,596.7,0.0,0.2137,1.0,29,29000002048
City-A,T3,2x,400.0,S5_CityCalib,routine,M_routine,800,True,2,760.8,705.4,0.0,0.0728,1.0,29,29000002048
City-A,T3,2x,400.0,S5_CityCalib,cross_regime,M_stress,800,True,2,760.8,596.7,0.0,0.2157,1.0,29,29000002048
City-A,T3,2x,400.0,S6_Q10,routine,M_routine,800,True,2,524.6,705.4,0.0,0.0,1.0,29,29000002048
City-A,T3,2x,400.0,S6_Q10,cross_regime,M_stress,800,True,2,524.6,596.7,0.0,0.0,1.0,29,29000002048
City-A,T3,5x,1000.0,S0a_RoutineOracle,routine,M_routine,800,True,3,1262.0,1262.0,0.0,0.0,1.0,29,29000002048
City-A,T3,5x,1000.0,S0a_RoutineOracle,cross_regime,M_stress,800,True,3,1262.0,592.1,407.9,0.5308,0.0,29,29000002048
City-A,T3,5x,1000.0,S0b_StressOracle,routine,M_routine,800,True,4,1189.1,1260.5,0.0,0.0,1.0,29,29000002048
City-A,T3,5x,1000.0,S0b_StressOracle,cross_regime,M_stress,800,True,4,1189.1,1189.1,0.0,0.0,1.0,29,29000002048
City-A,T3,5x,1000.0,S1_CapRR,routine,M_routine,800,True,2,1138.1,705.4,294.6,0.3802,0.0,29,29000002048
City-A,T3,5x,1000.0,S1_CapRR,cross_regime,M_stress,800,True,2,1138.1,596.7,403.3,0.4757,0.0,29,29000002048
City-A,T3,5x,1000.0,S2_Platform,routine,M_routine,800,True,3,1264.8,843.1,156.9,0.3334,0.0,29,29000002048
City-A,T3,5x,1000.0,S2_Platform,cross_regime,M_stress,800,True,3,1264.8,786.0,214.0,0.3785,0.0,29,29000002048
City-A,T3,5x,1000.0,S3_Lin4,routine,M_routine,800,True,3,1233.1,828.4,171.6,0.3282,0.0,29,29000002048
City-A,T3,5x,1000.0,S3_Lin4,cross_regime,M_stress,800,True,3,1233.1,844.0,156.0,0.3155,0.0,29,29000002048
City-A,T3,5x,1000.0,S4_GlobalCalib,routine,M_routine,800,True,3,1108.7,960.6,39.4,0.1336,0.0,29,29000002048
City-A,T3,5x,1000.0,S4_GlobalCalib,cross_regime,M_stress,800,True,3,1108.7,904.8,95.2,0.1839,0.0,29,29000002048
City-A,T3,5x,1000.0,S5_CityCalib,routine,M_routine,800,True,3,1111.5,960.6,39.4,0.1358,0.0,29,29000002048
City-A,T3,5x,1000.0,S5_CityCalib,cross_regime,M_stress,800,True,3,1111.5,904.8,95.2,0.186,0.0,29,29000002048
City-A,T3,5x,1000.0,S6_Q10,routine,M_routine,800,True,4,1002.7,1260.5,0.0,0.0,1.0,29,29000002048
City-A,T3,5x,1000.0,S6_Q10,cross_regime,M_stress,800,True,4,1002.7,1189.1,0.0,0.0,1.0,29,29000002048
City-A,T3,10x,2000.0,S0a_RoutineOracle,routine,M_routine,800,True,6,2327.0,2327.0,0.0,0.0,1.0,29,29000002048
City-A,T3,10x,2000.0,S0a_RoutineOracle,cross_regime,M_stress,800,True,6,2327.0,1078.9,921.1,0.5363,0.0,29,29000002048
City-A,T3,10x,2000.0,S0b_StressOracle,routine,M_routine,800,True,8,2108.3,2277.6,0.0,0.0,1.0,29,29000002048
City-A,T3,10x,2000.0,S0b_StressOracle,cross_regime,M_stress,800,True,8,2108.3,2108.3,0.0,0.0,1.0,29,29000002048
City-A,T3,10x,2000.0,S1_CapRR,routine,M_routine,800,True,4,2175.3,1260.5,739.5,0.4205,0.0,29,29000002048
City-A,T3,10x,2000.0,S1_CapRR,cross_regime,M_stress,800,True,4,2175.3,1189.1,810.9,0.4534,0.0,29,29000002048
City-A,T3,10x,2000.0,S2_Platform,routine,M_routine,800,True,6,2357.9,1972.2,27.8,0.1636,0.0,29,29000002048
City-A,T3,10x,2000.0,S2_Platform,cross_regime,M_stress,800,True,6,2357.9,1540.8,459.2,0.3465,0.0,29,29000002048
City-A,T3,10x,2000.0,S3_Lin4,routine,M_routine,800,True,6,2269.5,1958.3,41.7,0.1371,0.0,29,29000002048
City-A,T3,10x,2000.0,S3_Lin4,cross_regime,M_stress,800,True,6,2269.5,1553.8,446.2,0.3154,0.0,29,29000002048
City-A,T3,10x,2000.0,S4_GlobalCalib,routine,M_routine,800,True,6,2092.6,1958.3,41.7,0.0642,0.0,29,29000002048
City-A,T3,10x,2000.0,S4_GlobalCalib,cross_regime,M_stress,800,True,6,2092.6,1553.8,446.2,0.2575,0.0,29,29000002048
City-A,T3,10x,2000.0,S5_CityCalib,routine,M_routine,800,True,6,2098.0,1958.3,41.7,0.0666,0.0,29,29000002048
City-A,T3,10x,2000.0,S5_CityCalib,cross_regime,M_stress,800,True,6,2098.0,1553.8,446.2,0.2594,0.0,29,29000002048
City-A,T3,10x,2000.0,S6_Q10,routine,M_routine,800,True,9,2074.2,2903.9,0.0,0.0,1.0,29,29000002048
City-A,T3,10x,2000.0,S6_Q10,cross_regime,M_stress,800,True,9,2074.2,1927.0,73.0,0.071,0.0,29,29000002048
City-A,T4,1x,140.0,S0a_RoutineOracle,routine,M_routine,800,True,1,450.3,450.3,0.0,0.0,1.0,29,29000002048
City-A,T4,1x,140.0,S0a_RoutineOracle,cross_regime,M_stress,800,True,1,450.3,220.0,0.0,0.5115,1.0,29,29000002048
City-A,T4,1x,140.0,S0b_StressOracle,routine,M_routine,800,True,1,298.4,429.8,0.0,0.0,1.0,29,29000002048
City-A,T4,1x,140.0,S0b_StressOracle,cross_regime,M_stress,800,True,1,298.4,298.4,0.0,0.0,1.0,29,29000002048
City-A,T4,1x,140.0,S1_CapRR,routine,M_routine,800,True,1,678.2,392.3,0.0,0.4215,1.0,29,29000002048
City-A,T4,1x,140.0,S1_CapRR,cross_regime,M_stress,800,True,1,678.2,288.9,0.0,0.574,1.0,29,29000002048
City-A,T4,1x,140.0,S2_Platform,routine,M_routine,800,True,1,299.2,320.8,0.0,0.0,1.0,29,29000002048
City-A,T4,1x,140.0,S2_Platform,cross_regime,M_stress,800,True,1,299.2,296.3,0.0,0.0096,1.0,29,29000002048
City-A,T4,1x,140.0,S3_Lin4,routine,M_routine,800,True,1,489.3,392.3,0.0,0.1982,1.0,29,29000002048
City-A,T4,1x,140.0,S3_Lin4,cross_regime,M_stress,800,True,1,489.3,288.9,0.0,0.4095,1.0,29,29000002048
City-A,T4,1x,140.0,S4_GlobalCalib,routine,M_routine,800,True,1,451.7,392.3,0.0,0.1314,1.0,29,29000002048
City-A,T4,1x,140.0,S4_GlobalCalib,cross_regime,M_stress,800,True,1,451.7,288.9,0.0,0.3603,1.0,29,29000002048
City-A,T4,1x,140.0,S5_CityCalib,routine,M_routine,800,True,1,456.9,392.3,0.0,0.1413,1.0,29,29000002048
City-A,T4,1x,140.0,S5_CityCalib,cross_regime,M_stress,800,True,1,456.9,288.9,0.0,0.3676,1.0,29,29000002048
City-A,T4,1x,140.0,S6_Q10,routine,M_routine,800,True,1,313.4,392.3,0.0,0.0,1.0,29,29000002048
City-A,T4,1x,140.0,S6_Q10,cross_regime,M_stress,800,True,1,313.4,288.9,0.0,0.0782,1.0,29,29000002048
City-A,T4,2x,280.0,S0a_RoutineOracle,routine,M_routine,800,True,1,450.3,450.3,0.0,0.0,1.0,29,29000002048
City-A,T4,2x,280.0,S0a_RoutineOracle,cross_regime,M_stress,800,True,1,450.3,220.0,60.0,0.5115,0.0,29,29000002048
City-A,T4,2x,280.0,S0b_StressOracle,routine,M_routine,800,True,1,298.4,429.8,0.0,0.0,1.0,29,29000002048
City-A,T4,2x,280.0,S0b_StressOracle,cross_regime,M_stress,800,True,1,298.4,298.4,0.0,0.0,1.0,29,29000002048
City-A,T4,2x,280.0,S1_CapRR,routine,M_routine,800,True,1,678.2,392.3,0.0,0.4215,1.0,29,29000002048
City-A,T4,2x,280.0,S1_CapRR,cross_regime,M_stress,800,True,1,678.2,288.9,0.0,0.574,1.0,29,29000002048
City-A,T4,2x,280.0,S2_Platform,routine,M_routine,800,True,1,299.2,320.8,0.0,0.0,1.0,29,29000002048
City-A,T4,2x,280.0,S2_Platform,cross_regime,M_stress,800,True,1,299.2,296.3,0.0,0.0096,1.0,29,29000002048
City-A,T4,2x,280.0,S3_Lin4,routine,M_routine,800,True,1,489.3,392.3,0.0,0.1982,1.0,29,29000002048
City-A,T4,2x,280.0,S3_Lin4,cross_regime,M_stress,800,True,1,489.3,288.9,0.0,0.4095,1.0,29,29000002048
City-A,T4,2x,280.0,S4_GlobalCalib,routine,M_routine,800,True,1,451.7,392.3,0.0,0.1314,1.0,29,29000002048
City-A,T4,2x,280.0,S4_GlobalCalib,cross_regime,M_stress,800,True,1,451.7,288.9,0.0,0.3603,1.0,29,29000002048
City-A,T4,2x,280.0,S5_CityCalib,routine,M_routine,800,True,1,456.9,392.3,0.0,0.1413,1.0,29,29000002048
City-A,T4,2x,280.0,S5_CityCalib,cross_regime,M_stress,800,True,1,456.9,288.9,0.0,0.3676,1.0,29,29000002048
City-A,T4,2x,280.0,S6_Q10,routine,M_routine,800,True,1,313.4,392.3,0.0,0.0,1.0,29,29000002048
City-A,T4,2x,280.0,S6_Q10,cross_regime,M_stress,800,True,1,313.4,288.9,0.0,0.0782,1.0,29,29000002048
City-A,T4,5x,700.0,S0a_RoutineOracle,routine,M_routine,800,True,2,880.1,880.1,0.0,0.0,1.0,29,29000002048
City-A,T4,5x,700.0,S0a_RoutineOracle,cross_regime,M_stress,800,True,2,880.1,518.4,181.6,0.411,0.0,29,29000002048
City-A,T4,5x,700.0,S0b_StressOracle,routine,M_routine,800,True,3,883.7,1143.0,0.0,0.0,1.0,29,29000002048
City-A,T4,5x,700.0,S0b_StressOracle,cross_regime,M_stress,800,True,3,883.7,883.7,0.0,0.0,1.0,29,29000002048
City-A,T4,5x,700.0,S1_CapRR,routine,M_routine,800,True,2,1293.4,713.2,0.0,0.4486,1.0,29,29000002048
City-A,T4,5x,700.0,S1_CapRR,cross_regime,M_stress,800,True,2,1293.4,585.3,114.7,0.5475,0.0,29,29000002048
City-A,T4,5x,700.0,S2_Platform,routine,M_routine,800,True,3,870.0,995.4,0.0,0.0,1.0,29,29000002048
City-A,T4,5x,700.0,S2_Platform,cross_regime,M_stress,800,True,3,870.0,659.5,40.5,0.242,0.0,29,29000002048
City-A,T4,5x,700.0,S3_Lin4,routine,M_routine,800,True,2,874.3,690.1,9.9,0.2107,0.0,29,29000002048
City-A,T4,5x,700.0,S3_Lin4,cross_regime,M_stress,800,True,2,874.3,568.2,131.8,0.3501,0.0,29,29000002048
City-A,T4,5x,700.0,S4_GlobalCalib,routine,M_routine,800,True,2,861.4,713.2,0.0,0.1721,1.0,29,29000002048
City-A,T4,5x,700.0,S4_GlobalCalib,cross_regime,M_stress,800,True,2,861.4,585.3,114.7,0.3206,0.0,29,29000002048
City-A,T4,5x,700.0,S5_CityCalib,routine,M_routine,800,True,2,871.2,713.2,0.0,0.1814,1.0,29,29000002048
City-A,T4,5x,700.0,S5_CityCalib,cross_regime,M_stress,800,True,2,871.2,585.3,114.7,0.3282,0.0,29,29000002048
City-A,T4,5x,700.0,S6_Q10,routine,M_routine,800,True,3,873.3,1010.9,0.0,0.0,1.0,29,29000002048
City-A,T4,5x,700.0,S6_Q10,cross_regime,M_stress,800,True,3,873.3,864.5,0.0,0.0101,1.0,29,29000002048
City-A,T4,10x,1400.0,S0a_RoutineOracle,routine,M_routine,800,True,4,1668.7,1668.7,0.0,0.0,1.0,29,29000002048
City-A,T4,10x,1400.0,S0a_RoutineOracle,cross_regime,M_stress,800,True,4,1668.7,1083.1,316.9,0.3509,0.0,29,29000002048
City-A,T4,10x,1400.0,S0b_StressOracle,routine,M_routine,800,True,5,1458.4,1687.2,0.0,0.0,1.0,29,29000002048
City-A,T4,10x,1400.0,S0b_StressOracle,cross_regime,M_stress,800,True,5,1458.4,1458.4,0.0,0.0,1.0,29,29000002048
City-A,T4,10x,1400.0,S1_CapRR,routine,M_routine,800,True,3,1889.7,1010.9,389.1,0.465,0.0,29,29000002048
City-A,T4,10x,1400.0,S1_CapRR,cross_regime,M_stress,800,True,3,1889.7,864.5,535.5,0.5425,0.0,29,29000002048
City-A,T4,10x,1400.0,S2_Platform,routine,M_routine,800,True,5,1424.2,1579.3,0.0,0.0,1.0,29,29000002048
City-A,T4,10x,1400.0,S2_Platform,cross_regime,M_stress,800,True,5,1424.2,1143.2,256.8,0.1973,0.0,29,29000002048
City-A,T4,10x,1400.0,S3_Lin4,routine,M_routine,800,True,4,1614.1,1251.0,149.0,0.225,0.0,29,29000002048
City-A,T4,10x,1400.0,S3_Lin4,cross_regime,M_stress,800,True,4,1614.1,1150.3,249.7,0.2874,0.0,29,29000002048
City-A,T4,10x,1400.0,S4_GlobalCalib,routine,M_routine,800,True,4,1646.5,1440.8,0.0,0.125,1.0,29,29000002048
City-A,T4,10x,1400.0,S4_GlobalCalib,cross_regime,M_stress,800,True,4,1646.5,1163.0,237.0,0.2937,0.0,29,29000002048
City-A,T4,10x,1400.0,S5_CityCalib,routine,M_routine,800,True,4,1664.9,1440.8,0.0,0.1346,1.0,29,29000002048
City-A,T4,10x,1400.0,S5_CityCalib,cross_regime,M_stress,800,True,4,1664.9,1163.0,237.0,0.3015,0.0,29,29000002048
City-A,T4,10x,1400.0,S6_Q10,routine,M_routine,800,True,5,1403.7,1771.6,0.0,0.0,1.0,29,29000002048
City-A,T4,10x,1400.0,S6_Q10,cross_regime,M_stress,800,True,5,1403.7,1430.8,0.0,0.0,1.0,29,29000002048
City-A,T5,1x,160.0,S0a_RoutineOracle,routine,M_routine,800,True,1,434.9,434.9,0.0,0.0,1.0,29,29000002048
City-A,T5,1x,160.0,S0a_RoutineOracle,cross_regime,M_stress,800,True,1,434.9,152.5,7.5,0.6494,0.0,29,29000002048
City-A,T5,1x,160.0,S0b_StressOracle,routine,M_routine,800,True,1,308.8,362.2,0.0,0.0,1.0,29,29000002048
City-A,T5,1x,160.0,S0b_StressOracle,cross_regime,M_stress,800,True,1,308.8,308.8,0.0,0.0,1.0,29,29000002048
City-A,T5,1x,160.0,S1_CapRR,routine,M_routine,800,True,1,596.8,362.2,0.0,0.3931,1.0,29,29000002048
City-A,T5,1x,160.0,S1_CapRR,cross_regime,M_stress,800,True,1,596.8,308.8,0.0,0.4825,1.0,29,29000002048
City-A,T5,1x,160.0,S2_Platform,routine,M_routine,800,True,1,485.5,362.2,0.0,0.254,1.0,29,29000002048
City-A,T5,1x,160.0,S2_Platform,cross_regime,M_stress,800,True,1,485.5,308.8,0.0,0.3639,1.0,29,29000002048
City-A,T5,1x,160.0,S3_Lin4,routine,M_routine,800,True,1,489.3,362.2,0.0,0.2598,1.0,29,29000002048
City-A,T5,1x,160.0,S3_Lin4,cross_regime,M_stress,800,True,1,489.3,308.8,0.0,0.3689,1.0,29,29000002048
City-A,T5,1x,160.0,S4_GlobalCalib,routine,M_routine,800,True,1,399.9,362.2,0.0,0.0944,1.0,29,29000002048
City-A,T5,1x,160.0,S4_GlobalCalib,cross_regime,M_stress,800,True,1,399.9,308.8,0.0,0.2278,1.0,29,29000002048
City-A,T5,1x,160.0,S5_CityCalib,routine,M_routine,800,True,1,400.6,362.2,0.0,0.0958,1.0,29,29000002048
City-A,T5,1x,160.0,S5_CityCalib,cross_regime,M_stress,800,True,1,400.6,308.8,0.0,0.2291,1.0,29,29000002048
City-A,T5,1x,160.0,S6_Q10,routine,M_routine,800,True,1,276.0,362.2,0.0,0.0,1.0,29,29000002048
City-A,T5,1x,160.0,S6_Q10,cross_regime,M_stress,800,True,1,276.0,308.8,0.0,0.0,1.0,29,29000002048
City-A,T5,2x,320.0,S0a_RoutineOracle,routine,M_routine,800,True,1,434.9,434.9,0.0,0.0,1.0,29,29000002048
City-A,T5,2x,320.0,S0a_RoutineOracle,cross_regime,M_stress,800,True,1,434.9,152.5,167.5,0.6494,0.0,29,29000002048
City-A,T5,2x,320.0,S0b_StressOracle,routine,M_routine,800,True,2,584.2,584.5,0.0,0.0,1.0,29,29000002048
City-A,T5,2x,320.0,S0b_StressOracle,cross_regime,M_stress,800,True,2,584.2,584.2,0.0,0.0,1.0,29,29000002048
City-A,T5,2x,320.0,S1_CapRR,routine,M_routine,800,True,1,596.8,362.2,0.0,0.3931,1.0,29,29000002048
City-A,T5,2x,320.0,S1_CapRR,cross_regime,M_stress,800,True,1,596.8,308.8,11.2,0.4825,0.0,29,29000002048
City-A,T5,2x,320.0,S2_Platform,routine,M_routine,800,True,1,485.5,362.2,0.0,0.254,1.0,29,29000002048
City-A,T5,2x,320.0,S2_Platform,cross_regime,M_stress,800,True,1,485.5,308.8,11.2,0.3639,0.0,29,29000002048
City-A,T5,2x,320.0,S3_Lin4,routine,M_routine,800,True,1,489.3,362.2,0.0,0.2598,1.0,29,29000002048
City-A,T5,2x,320.0,S3_Lin4,cross_regime,M_stress,800,True,1,489.3,308.8,11.2,0.3689,0.0,29,29000002048
City-A,T5,2x,320.0,S4_GlobalCalib,routine,M_routine,800,True,1,399.9,362.2,0.0,0.0944,1.0,29,29000002048
City-A,T5,2x,320.0,S4_GlobalCalib,cross_regime,M_stress,800,True,1,399.9,308.8,11.2,0.2278,0.0,29,29000002048
City-A,T5,2x,320.0,S5_CityCalib,routine,M_routine,800,True,1,400.6,362.2,0.0,0.0958,1.0,29,29000002048
City-A,T5,2x,320.0,S5_CityCalib,cross_regime,M_stress,800,True,1,400.6,308.8,11.2,0.2291,0.0,29,29000002048
City-A,T5,2x,320.0,S6_Q10,routine,M_routine,800,True,2,526.4,617.0,0.0,0.0,1.0,29,29000002048
City-A,T5,2x,320.0,S6_Q10,cross_regime,M_stress,800,True,2,526.4,452.5,0.0,0.1403,1.0,29,29000002048
City-A,T5,5x,800.0,S0a_RoutineOracle,routine,M_routine,800,True,3,1158.6,1158.6,0.0,0.0,1.0,29,29000002048
City-A,T5,5x,800.0,S0a_RoutineOracle,cross_regime,M_stress,800,True,3,1158.6,702.8,97.2,0.3934,0.0,29,29000002048
City-A,T5,5x,800.0,S0b_StressOracle,routine,M_routine,800,True,3,834.7,755.3,44.7,0.0951,0.0,29,29000002048
City-A,T5,5x,800.0,S0b_StressOracle,cross_regime,M_stress,800,True,3,834.7,834.7,0.0,0.0,1.0,29,29000002048
City-A,T5,5x,800.0,S1_CapRR,routine,M_routine,800,True,2,1138.1,617.0,183.0,0.4579,0.0,29,29000002048
City-A,T5,5x,800.0,S1_CapRR,cross_regime,M_stress,800,True,2,1138.1,452.5,347.5,0.6024,0.0,29,29000002048
City-A,T5,5x,800.0,S2_Platform,routine,M_routine,800,True,2,897.6,690.6,109.4,0.2306,0.0,29,29000002048
City-A,T5,5x,800.0,S2_Platform,cross_regime,M_stress,800,True,2,897.6,539.9,260.1,0.3985,0.0,29,29000002048
City-A,T5,5x,800.0,S3_Lin4,routine,M_routine,800,True,2,867.6,584.5,215.5,0.3263,0.0,29,29000002048
City-A,T5,5x,800.0,S3_Lin4,cross_regime,M_stress,800,True,2,867.6,584.2,215.8,0.3267,0.0,29,29000002048
City-A,T5,5x,800.0,S4_GlobalCalib,routine,M_routine,800,True,3,1114.3,839.3,0.0,0.2468,1.0,29,29000002048
City-A,T5,5x,800.0,S4_GlobalCalib,cross_regime,M_stress,800,True,3,1114.3,727.9,72.1,0.3468,0.0,29,29000002048
City-A,T5,5x,800.0,S5_CityCalib,routine,M_routine,800,True,3,1116.0,839.3,0.0,0.248,1.0,29,29000002048
City-A,T5,5x,800.0,S5_CityCalib,cross_regime,M_stress,800,True,3,1116.0,727.9,72.1,0.3478,0.0,29,29000002048
City-A,T5,5x,800.0,S6_Q10,routine,M_routine,800,True,4,1006.1,1274.2,0.0,0.0,1.0,29,29000002048
City-A,T5,5x,800.0,S6_Q10,cross_regime,M_stress,800,True,4,1006.1,880.3,0.0,0.125,1.0,29,29000002048
City-A,T5,10x,1600.0,S0a_RoutineOracle,routine,M_routine,800,True,5,1859.4,1859.4,0.0,0.0,1.0,29,29000002048
City-A,T5,10x,1600.0,S0a_RoutineOracle,cross_regime,M_stress,800,True,5,1859.4,1096.6,503.4,0.4102,0.0,29,29000002048
City-A,T5,10x,1600.0,S0b_StressOracle,routine,M_routine,800,True,7,1789.0,2120.4,0.0,0.0,1.0,29,29000002048
City-A,T5,10x,1600.0,S0b_StressOracle,cross_regime,M_stress,800,True,7,1789.0,1789.0,0.0,0.0,1.0,29,29000002048
City-A,T5,10x,1600.0,S1_CapRR,routine,M_routine,800,True,3,1662.9,839.3,760.7,0.4953,0.0,29,29000002048
City-A,T5,10x,1600.0,S1_CapRR,cross_regime,M_stress,800,True,3,1662.9,727.9,872.1,0.5623,0.0,29,29000002048
City-A,T5,10x,1600.0,S2_Platform,routine,M_routine,800,True,4,1696.8,1347.8,252.2,0.2057,0.0,29,29000002048
City-A,T5,10x,1600.0,S2_Platform,cross_regime,M_stress,800,True,4,1696.8,967.7,632.3,0.4297,0.0,29,29000002048
City-A,T5,10x,1600.0,S3_Lin4,routine,M_routine,800,True,5,1938.9,1627.1,0.0,0.1608,1.0,29,29000002048
City-A,T5,10x,1600.0,S3_Lin4,cross_regime,M_stress,800,True,5,1938.9,1127.3,472.7,0.4186,0.0,29,29000002048
City-A,T5,10x,1600.0,S4_GlobalCalib,routine,M_routine,800,True,5,1790.9,1602.6,0.0,0.1052,1.0,29,29000002048
City-A,T5,10x,1600.0,S4_GlobalCalib,cross_regime,M_stress,800,True,5,1790.9,1111.4,488.6,0.3794,0.0,29,29000002048
City-A,T5,10x,1600.0,S5_CityCalib,routine,M_routine,800,True,5,1793.7,1602.6,0.0,0.1065,1.0,29,29000002048
City-A,T5,10x,1600.0,S5_CityCalib,cross_regime,M_stress,800,True,5,1793.7,1111.4,488.6,0.3804,0.0,29,29000002048
City-A,T5,10x,1600.0,S6_Q10,routine,M_routine,800,True,7,1663.7,2239.4,0.0,0.0,1.0,29,29000002048
City-A,T5,10x,1600.0,S6_Q10,cross_regime,M_stress,800,True,7,1663.7,1574.7,25.3,0.0535,0.0,29,29000002048
City-B,T1,1x,180.0,S0a_RoutineOracle,routine,M_routine,500,True,1,712.7,712.7,0.0,0.0,1.0,29,29000002048
City-B,T1,1x,180.0,S0a_RoutineOracle,cross_regime,M_stress,500,True,1,712.7,373.0,0.0,0.4766,1.0,29,29000002048
City-B,T1,1x,180.0,S0b_StressOracle,routine,M_routine,500,True,1,447.0,548.2,0.0,0.0,1.0,29,29000002048
City-B,T1,1x,180.0,S0b_StressOracle,cross_regime,M_stress,500,True,1,447.0,447.0,0.0,0.0,1.0,29,29000002048
City-B,T1,1x,180.0,S1_CapRR,routine,M_routine,500,True,1,846.0,548.2,0.0,0.352,1.0,29,29000002048
City-B,T1,1x,180.0,S1_CapRR,cross_regime,M_stress,500,True,1,846.0,447.0,0.0,0.4716,1.0,29,29000002048
City-B,T1,1x,180.0,S2_Platform,routine,M_routine,500,True,1,561.1,712.7,0.0,0.0,1.0,29,29000002048
City-B,T1,1x,180.0,S2_Platform,cross_regime,M_stress,500,True,1,561.1,373.0,0.0,0.3352,1.0,29,29000002048
City-B,T1,1x,180.0,S3_Lin4,routine,M_routine,500,True,1,466.3,409.2,0.0,0.1225,1.0,29,29000002048
City-B,T1,1x,180.0,S3_Lin4,cross_regime,M_stress,500,True,1,466.3,301.3,0.0,0.3539,1.0,29,29000002048
City-B,T1,1x,180.0,S4_GlobalCalib,routine,M_routine,500,True,1,564.9,548.2,0.0,0.0295,1.0,29,29000002048
City-B,T1,1x,180.0,S4_GlobalCalib,cross_regime,M_stress,500,True,1,564.9,447.0,0.0,0.2086,1.0,29,29000002048
City-B,T1,1x,180.0,S5_CityCalib,routine,M_routine,500,True,1,574.1,548.2,0.0,0.0451,1.0,29,29000002048
City-B,T1,1x,180.0,S5_CityCalib,cross_regime,M_stress,500,True,1,574.1,447.0,0.0,0.2213,1.0,29,29000002048
City-B,T1,1x,180.0,S6_Q10,routine,M_routine,500,True,1,390.8,548.2,0.0,0.0,1.0,29,29000002048
City-B,T1,1x,180.0,S6_Q10,cross_regime,M_stress,500,True,1,390.8,447.0,0.0,0.0,1.0,29,29000002048
City-B,T1,2x,360.0,S0a_RoutineOracle,routine,M_routine,500,True,1,712.7,712.7,0.0,0.0,1.0,29,29000002048
City-B,T1,2x,360.0,S0a_RoutineOracle,cross_regime,M_stress,500,True,1,712.7,373.0,0.0,0.4766,1.0,29,29000002048
City-B,T1,2x,360.0,S0b_StressOracle,routine,M_routine,500,True,1,447.0,548.2,0.0,0.0,1.0,29,29000002048
City-B,T1,2x,360.0,S0b_StressOracle,cross_regime,M_stress,500,True,1,447.0,447.0,0.0,0.0,1.0,29,29000002048
City-B,T1,2x,360.0,S1_CapRR,routine,M_routine,500,True,1,846.0,548.2,0.0,0.352,1.0,29,29000002048
City-B,T1,2x,360.0,S1_CapRR,cross_regime,M_stress,500,True,1,846.0,447.0,0.0,0.4716,1.0,29,29000002048
City-B,T1,2x,360.0,S2_Platform,routine,M_routine,500,True,1,561.1,712.7,0.0,0.0,1.0,29,29000002048
City-B,T1,2x,360.0,S2_Platform,cross_regime,M_stress,500,True,1,561.1,373.0,0.0,0.3352,1.0,29,29000002048
City-B,T1,2x,360.0,S3_Lin4,routine,M_routine,500,True,1,466.3,409.2,0.0,0.1225,1.0,29,29000002048
City-B,T1,2x,360.0,S3_Lin4,cross_regime,M_stress,500,True,1,466.3,301.3,58.7,0.3539,0.0,29,29000002048
City-B,T1,2x,360.0,S4_GlobalCalib,routine,M_routine,500,True,1,564.9,548.2,0.0,0.0295,1.0,29,29000002048
City-B,T1,2x,360.0,S4_GlobalCalib,cross_regime,M_stress,500,True,1,564.9,447.0,0.0,0.2086,1.0,29,29000002048
City-B,T1,2x,360.0,S5_CityCalib,routine,M_routine,500,True,1,574.1,548.2,0.0,0.0451,1.0,29,29000002048
City-B,T1,2x,360.0,S5_CityCalib,cross_regime,M_stress,500,True,1,574.1,447.0,0.0,0.2213,1.0,29,29000002048
City-B,T1,2x,360.0,S6_Q10,routine,M_routine,500,True,1,390.8,548.2,0.0,0.0,1.0,29,29000002048
City-B,T1,2x,360.0,S6_Q10,cross_regime,M_stress,500,True,1,390.8,447.0,0.0,0.0,1.0,29,29000002048
City-B,T1,5x,900.0,S0a_RoutineOracle,routine,M_routine,500,True,2,1393.4,1393.4,0.0,0.0,1.0,29,29000002048
City-B,T1,5x,900.0,S0a_RoutineOracle,cross_regime,M_stress,500,True,2,1393.4,736.6,163.4,0.4714,0.0,29,29000002048
City-B,T1,5x,900.0,S0b_StressOracle,routine,M_routine,500,True,3,1183.6,1941.6,0.0,0.0,1.0,29,29000002048
City-B,T1,5x,900.0,S0b_StressOracle,cross_regime,M_stress,500,True,3,1183.6,1183.6,0.0,0.0,1.0,29,29000002048
City-B,T1,5x,900.0,S1_CapRR,routine,M_routine,500,True,2,1688.0,1228.9,0.0,0.272,1.0,29,29000002048
City-B,T1,5x,900.0,S1_CapRR,cross_regime,M_stress,500,True,2,1688.0,810.5,89.5,0.5198,0.0,29,29000002048
City-B,T1,5x,900.0,S2_Platform,routine,M_routine,500,True,2,1112.3,1121.9,0.0,0.0,1.0,29,29000002048
City-B,T1,5x,900.0,S2_Platform,cross_regime,M_stress,500,True,2,1112.3,674.3,225.7,0.3938,0.0,29,29000002048
City-B,T1,5x,900.0,S3_Lin4,routine,M_routine,500,True,2,926.4,1121.9,0.0,0.0,1.0,29,29000002048
City-B,T1,5x,900.0,S3_Lin4,cross_regime,M_stress,500,True,2,926.4,674.3,225.7,0.2721,0.0,29,29000002048
City-B,T1,5x,900.0,S4_GlobalCalib,routine,M_routine,500,True,2,1127.0,1228.9,0.0,0.0,1.0,29,29000002048
City-B,T1,5x,900.0,S4_GlobalCalib,cross_regime,M_stress,500,True,2,1127.0,810.5,89.5,0.2808,0.0,29,29000002048
City-B,T1,5x,900.0,S5_CityCalib,routine,M_routine,500,True,2,1145.4,1228.9,0.0,0.0,1.0,29,29000002048
City-B,T1,5x,900.0,S5_CityCalib,cross_regime,M_stress,500,True,2,1145.4,810.5,89.5,0.2923,0.0,29,29000002048
City-B,T1,5x,900.0,S6_Q10,routine,M_routine,500,True,3,1157.0,1638.1,0.0,0.0,1.0,29,29000002048
City-B,T1,5x,900.0,S6_Q10,cross_regime,M_stress,500,True,3,1157.0,1111.8,0.0,0.039,1.0,29,29000002048
City-B,T1,10x,1800.0,S0a_RoutineOracle,routine,M_routine,500,True,3,1941.6,1941.6,0.0,0.0,1.0,29,29000002048
City-B,T1,10x,1800.0,S0a_RoutineOracle,cross_regime,M_stress,500,True,3,1941.6,1183.6,616.4,0.3904,0.0,29,29000002048
City-B,T1,10x,1800.0,S0b_StressOracle,routine,M_routine,500,True,5,1825.2,2711.3,0.0,0.0,1.0,29,29000002048
City-B,T1,10x,1800.0,S0b_StressOracle,cross_regime,M_stress,500,True,5,1825.2,1825.2,0.0,0.0,1.0,29,29000002048
City-B,T1,10x,1800.0,S1_CapRR,routine,M_routine,500,True,3,2504.5,1638.1,161.9,0.3459,0.0,29,29000002048
City-B,T1,10x,1800.0,S1_CapRR,cross_regime,M_stress,500,True,3,2504.5,1111.8,688.2,0.5561,0.0,29,29000002048
City-B,T1,10x,1800.0,S2_Platform,routine,M_routine,500,True,4,2163.2,2350.8,0.0,0.0,1.0,29,29000002048
City-B,T1,10x,1800.0,S2_Platform,cross_regime,M_stress,500,True,4,2163.2,1484.9,315.1,0.3136,0.0,29,29000002048
City-B,T1,10x,1800.0,S3_Lin4,routine,M_routine,500,True,4,1837.6,2350.8,0.0,0.0,1.0,29,29000002048
City-B,T1,10x,1800.0,S3_Lin4,cross_regime,M_stress,500,True,4,1837.6,1484.9,315.1,0.1919,0.0,29,29000002048
City-B,T1,10x,1800.0,S4_GlobalCalib,routine,M_routine,500,True,4,2205.5,2350.8,0.0,0.0,1.0,29,29000002048
City-B,T1,10x,1800.0,S4_GlobalCalib,cross_regime,M_stress,500,True,4,2205.5,1484.9,315.1,0.3268,0.0,29,29000002048
City-B,T1,10x,1800.0,S5_CityCalib,routine,M_routine,500,True,4,2241.2,2350.8,0.0,0.0,1.0,29,29000002048
City-B,T1,10x,1800.0,S5_CityCalib,cross_regime,M_stress,500,True,4,2241.2,1484.9,315.1,0.3375,0.0,29,29000002048
City-B,T1,10x,1800.0,S6_Q10,routine,M_routine,500,True,5,1848.8,2771.8,0.0,0.0,1.0,29,29000002048
City-B,T1,10x,1800.0,S6_Q10,cross_regime,M_stress,500,True,5,1848.8,1776.5,23.5,0.0391,0.0,29,29000002048
City-B,T2,1x,260.0,S0a_RoutineOracle,routine,M_routine,500,True,1,701.2,701.2,0.0,0.0,1.0,29,29000002048
City-B,T2,1x,260.0,S0a_RoutineOracle,cross_regime,M_stress,500,True,1,701.2,186.7,73.3,0.7338,0.0,29,29000002048
City-B,T2,1x,260.0,S0b_StressOracle,routine,M_routine,500,True,1,509.1,589.0,0.0,0.0,1.0,29,29000002048
City-B,T2,1x,260.0,S0b_StressOracle,cross_regime,M_stress,500,True,1,509.1,509.1,0.0,0.0,1.0,29,29000002048
City-B,T2,1x,260.0,S1_CapRR,routine,M_routine,500,True,1,846.0,589.0,0.0,0.3038,1.0,29,29000002048
City-B,T2,1x,260.0,S1_CapRR,cross_regime,M_stress,500,True,1,846.0,509.1,0.0,0.3983,1.0,29,29000002048
City-B,T2,1x,260.0,S2_Platform,routine,M_routine,500,True,1,557.0,701.2,0.0,0.0,1.0,29,29000002048
City-B,T2,1x,260.0,S2_Platform,cross_regime,M_stress,500,True,1,557.0,186.7,73.3,0.6648,0.0,29,29000002048
City-B,T2,1x,260.0,S3_Lin4,routine,M_routine,500,True,1,467.1,549.7,0.0,0.0,1.0,29,29000002048
City-B,T2,1x,260.0,S3_Lin4,cross_regime,M_stress,500,True,1,467.1,276.6,0.0,0.4078,1.0,29,29000002048
City-B,T2,1x,260.0,S4_GlobalCalib,routine,M_routine,500,True,1,566.0,589.0,0.0,0.0,1.0,29,29000002048
City-B,T2,1x,260.0,S4_GlobalCalib,cross_regime,M_stress,500,True,1,566.0,509.1,0.0,0.1006,1.0,29,29000002048
City-B,T2,1x,260.0,S5_CityCalib,routine,M_routine,500,True,1,566.7,589.0,0.0,0.0,1.0,29,29000002048
City-B,T2,1x,260.0,S5_CityCalib,cross_regime,M_stress,500,True,1,566.7,509.1,0.0,0.1017,1.0,29,29000002048
City-B,T2,1x,260.0,S6_Q10,routine,M_routine,500,True,1,390.6,589.0,0.0,0.0,1.0,29,29000002048
City-B,T2,1x,260.0,S6_Q10,cross_regime,M_stress,500,True,1,390.6,509.1,0.0,0.0,1.0,29,29000002048
City-B,T2,2x,520.0,S0a_RoutineOracle,routine,M_routine,500,True,1,701.2,701.2,0.0,0.0,1.0,29,29000002048
City-B,T2,2x,520.0,S0a_RoutineOracle,cross_regime,M_stress,500,True,1,701.2,186.7,333.3,0.7338,0.0,29,29000002048
City-B,T2,2x,520.0,S0b_StressOracle,routine,M_routine,500,True,2,916.3,1129.5,0.0,0.0,1.0,29,29000002048
City-B,T2,2x,520.0,S0b_StressOracle,cross_regime,M_stress,500,True,2,916.3,916.3,0.0,0.0,1.0,29,29000002048
City-B,T2,2x,520.0,S1_CapRR,routine,M_routine,500,True,1,846.0,589.0,0.0,0.3038,1.0,29,29000002048
City-B,T2,2x,520.0,S1_CapRR,cross_regime,M_stress,500,True,1,846.0,509.1,10.9,0.3983,0.0,29,29000002048
City-B,T2,2x,520.0,S2_Platform,routine,M_routine,500,True,1,557.0,701.2,0.0,0.0,1.0,29,29000002048
City-B,T2,2x,520.0,S2_Platform,cross_regime,M_stress,500,True,1,557.0,186.7,333.3,0.6648,0.0,29,29000002048
City-B,T2,2x,520.0,S3_Lin4,routine,M_routine,500,True,2,928.0,1250.9,0.0,0.0,1.0,29,29000002048
City-B,T2,2x,520.0,S3_Lin4,cross_regime,M_stress,500,True,2,928.0,463.3,56.7,0.5007,0.0,29,29000002048
City-B,T2,2x,520.0,S4_GlobalCalib,routine,M_routine,500,True,1,566.0,589.0,0.0,0.0,1.0,29,29000002048
City-B,T2,2x,520.0,S4_GlobalCalib,cross_regime,M_stress,500,True,1,566.0,509.1,10.9,0.1006,0.0,29,29000002048
City-B,T2,2x,520.0,S5_CityCalib,routine,M_routine,500,True,1,566.7,589.0,0.0,0.0,1.0,29,29000002048
City-B,T2,2x,520.0,S5_CityCalib,cross_regime,M_stress,500,True,1,566.7,509.1,10.9,0.1017,0.0,29,29000002048
City-B,T2,2x,520.0,S6_Q10,routine,M_routine,500,True,2,779.3,1129.5,0.0,0.0,1.0,29,29000002048
City-B,T2,2x,520.0,S6_Q10,cross_regime,M_stress,500,True,2,779.3,916.3,0.0,0.0,1.0,29,29000002048
City-B,T2,5x,1300.0,S0a_RoutineOracle,routine,M_routine,500,True,3,1839.9,1839.9,0.0,0.0,1.0,29,29000002048
City-B,T2,5x,1300.0,S0a_RoutineOracle,cross_regime,M_stress,500,True,3,1839.9,972.4,327.6,0.4715,0.0,29,29000002048
City-B,T2,5x,1300.0,S0b_StressOracle,routine,M_routine,500,True,4,1590.8,2051.6,0.0,0.0,1.0,29,29000002048
City-B,T2,5x,1300.0,S0b_StressOracle,cross_regime,M_stress,500,True,4,1590.8,1590.8,0.0,0.0,1.0,29,29000002048
City-B,T2,5x,1300.0,S1_CapRR,routine,M_routine,500,True,2,1688.0,1129.5,170.5,0.3309,0.0,29,29000002048
City-B,T2,5x,1300.0,S1_CapRR,cross_regime,M_stress,500,True,2,1688.0,916.3,383.7,0.4572,0.0,29,29000002048
City-B,T2,5x,1300.0,S2_Platform,routine,M_routine,500,True,3,1630.3,1791.4,0.0,0.0,1.0,29,29000002048
City-B,T2,5x,1300.0,S2_Platform,cross_regime,M_stress,500,True,3,1630.3,870.5,429.5,0.466,0.0,29,29000002048
City-B,T2,5x,1300.0,S3_Lin4,routine,M_routine,500,True,3,1384.3,1839.9,0.0,0.0,1.0,29,29000002048
City-B,T2,5x,1300.0,S3_Lin4,cross_regime,M_stress,500,True,3,1384.3,972.4,327.6,0.2976,0.0,29,29000002048
City-B,T2,5x,1300.0,S4_GlobalCalib,routine,M_routine,500,True,3,1675.5,1679.2,0.0,0.0,1.0,29,29000002048
City-B,T2,5x,1300.0,S4_GlobalCalib,cross_regime,M_stress,500,True,3,1675.5,1192.9,107.1,0.288,0.0,29,29000002048
City-B,T2,5x,1300.0,S5_CityCalib,routine,M_routine,500,True,3,1677.6,1679.2,0.0,0.0,1.0,29,29000002048
City-B,T2,5x,1300.0,S5_CityCalib,cross_regime,M_stress,500,True,3,1677.6,1192.9,107.1,0.2889,0.0,29,29000002048
City-B,T2,5x,1300.0,S6_Q10,routine,M_routine,500,True,4,1525.0,2380.4,0.0,0.0,1.0,29,29000002048
City-B,T2,5x,1300.0,S6_Q10,cross_regime,M_stress,500,True,4,1525.0,1379.6,0.0,0.0954,1.0,29,29000002048
City-B,T2,10x,2600.0,S0a_RoutineOracle,routine,M_routine,500,True,5,2886.5,2886.5,0.0,0.0,1.0,29,29000002048
City-B,T2,10x,2600.0,S0a_RoutineOracle,cross_regime,M_stress,500,True,5,2886.5,1683.7,916.3,0.4167,0.0,29,29000002048
City-B,T2,10x,2600.0,S0b_StressOracle,routine,M_routine,500,True,8,2690.8,3673.0,0.0,0.0,1.0,29,29000002048
City-B,T2,10x,2600.0,S0b_StressOracle,cross_regime,M_stress,500,True,8,2690.8,2690.8,0.0,0.0,1.0,29,29000002048
City-B,T2,10x,2600.0,S1_CapRR,routine,M_routine,500,True,4,3303.2,2380.4,219.6,0.2794,0.0,29,29000002048
City-B,T2,10x,2600.0,S1_CapRR,cross_regime,M_stress,500,True,4,3303.2,1379.6,1220.4,0.5823,0.0,29,29000002048
City-B,T2,10x,2600.0,S2_Platform,routine,M_routine,500,True,6,2974.4,3159.7,0.0,0.0,1.0,29,29000002048
City-B,T2,10x,2600.0,S2_Platform,cross_regime,M_stress,500,True,6,2974.4,1876.1,723.9,0.3692,0.0,29,29000002048
City-B,T2,10x,2600.0,S3_Lin4,routine,M_routine,500,True,6,2610.6,3159.7,0.0,0.0,1.0,29,29000002048
City-B,T2,10x,2600.0,S3_Lin4,cross_regime,M_stress,500,True,6,2610.6,1876.1,723.9,0.2813,0.0,29,29000002048
City-B,T2,10x,2600.0,S4_GlobalCalib,routine,M_routine,500,True,5,2677.4,2886.5,0.0,0.0,1.0,29,29000002048
City-B,T2,10x,2600.0,S4_GlobalCalib,cross_regime,M_stress,500,True,5,2677.4,1683.7,916.3,0.3711,0.0,29,29000002048
City-B,T2,10x,2600.0,S5_CityCalib,routine,M_routine,500,True,5,2680.3,2886.5,0.0,0.0,1.0,29,29000002048
City-B,T2,10x,2600.0,S5_CityCalib,cross_regime,M_stress,500,True,5,2680.3,1683.7,916.3,0.3718,0.0,29,29000002048
City-B,T2,10x,2600.0,S6_Q10,routine,M_routine,500,True,8,2699.1,4050.1,0.0,0.0,1.0,29,29000002048
City-B,T2,10x,2600.0,S6_Q10,cross_regime,M_stress,500,True,8,2699.1,2461.0,139.0,0.0882,0.0,29,29000002048
City-B,T3,1x,200.0,S0a_RoutineOracle,routine,M_routine,500,True,1,593.8,593.8,0.0,0.0,1.0,29,29000002048
City-B,T3,1x,200.0,S0a_RoutineOracle,cross_regime,M_stress,500,True,1,593.8,352.5,0.0,0.4064,1.0,29,29000002048
City-B,T3,1x,200.0,S0b_StressOracle,routine,M_routine,500,True,1,352.5,593.8,0.0,0.0,1.0,29,29000002048
City-B,T3,1x,200.0,S0b_StressOracle,cross_regime,M_stress,500,True,1,352.5,352.5,0.0,0.0,1.0,29,29000002048
City-B,T3,1x,200.0,S1_CapRR,routine,M_routine,500,True,1,744.5,506.0,0.0,0.3203,1.0,29,29000002048
City-B,T3,1x,200.0,S1_CapRR,cross_regime,M_stress,500,True,1,744.5,224.3,0.0,0.6988,1.0,29,29000002048
City-B,T3,1x,200.0,S2_Platform,routine,M_routine,500,True,1,543.2,593.8,0.0,0.0,1.0,29,29000002048
City-B,T3,1x,200.0,S2_Platform,cross_regime,M_stress,500,True,1,543.2,352.5,0.0,0.3511,1.0,29,29000002048
City-B,T3,1x,200.0,S3_Lin4,routine,M_routine,500,True,1,456.6,592.9,0.0,0.0,1.0,29,29000002048
City-B,T3,1x,200.0,S3_Lin4,cross_regime,M_stress,500,True,1,456.6,336.1,0.0,0.264,1.0,29,29000002048
City-B,T3,1x,200.0,S4_GlobalCalib,routine,M_routine,500,True,1,496.3,506.0,0.0,0.0,1.0,29,29000002048
City-B,T3,1x,200.0,S4_GlobalCalib,cross_regime,M_stress,500,True,1,496.3,224.3,0.0,0.5481,1.0,29,29000002048
City-B,T3,1x,200.0,S5_CityCalib,routine,M_routine,500,True,1,502.3,506.0,0.0,0.0,1.0,29,29000002048
City-B,T3,1x,200.0,S5_CityCalib,cross_regime,M_stress,500,True,1,502.3,224.3,0.0,0.5535,1.0,29,29000002048
City-B,T3,1x,200.0,S6_Q10,routine,M_routine,500,True,1,343.2,506.0,0.0,0.0,1.0,29,29000002048
City-B,T3,1x,200.0,S6_Q10,cross_regime,M_stress,500,True,1,343.2,224.3,0.0,0.3465,1.0,29,29000002048
City-B,T3,2x,400.0,S0a_RoutineOracle,routine,M_routine,500,True,1,593.8,593.8,0.0,0.0,1.0,29,29000002048
City-B,T3,2x,400.0,S0a_RoutineOracle,cross_regime,M_stress,500,True,1,593.8,352.5,47.5,0.4064,0.0,29,29000002048
City-B,T3,2x,400.0,S0b_StressOracle,routine,M_routine,500,True,2,688.5,1186.7,0.0,0.0,1.0,29,29000002048
City-B,T3,2x,400.0,S0b_StressOracle,cross_regime,M_stress,500,True,2,688.5,688.5,0.0,0.0,1.0,29,29000002048
City-B,T3,2x,400.0,S1_CapRR,routine,M_routine,500,True,1,744.5,506.0,0.0,0.3203,1.0,29,29000002048
City-B,T3,2x,400.0,S1_CapRR,cross_regime,M_stress,500,True,1,744.5,224.3,175.7,0.6988,0.0,29,29000002048
City-B,T3,2x,400.0,S2_Platform,routine,M_routine,500,True,1,543.2,593.8,0.0,0.0,1.0,29,29000002048
City-B,T3,2x,400.0,S2_Platform,cross_regime,M_stress,500,True,1,543.2,352.5,47.5,0.3511,0.0,29,29000002048
City-B,T3,2x,400.0,S3_Lin4,routine,M_routine,500,True,1,456.6,592.9,0.0,0.0,1.0,29,29000002048
City-B,T3,2x,400.0,S3_Lin4,cross_regime,M_stress,500,True,1,456.6,336.1,63.9,0.264,0.0,29,29000002048
City-B,T3,2x,400.0,S4_GlobalCalib,routine,M_routine,500,True,1,496.3,506.0,0.0,0.0,1.0,29,29000002048
City-B,T3,2x,400.0,S4_GlobalCalib,cross_regime,M_stress,500,True,1,496.3,224.3,175.7,0.5481,0.0,29,29000002048
City-B,T3,2x,400.0,S5_CityCalib,routine,M_routine,500,True,1,502.3,506.0,0.0,0.0,1.0,29,29000002048
City-B,T3,2x,400.0,S5_CityCalib,cross_regime,M_stress,500,True,1,502.3,224.3,175.7,0.5535,0.0,29,29000002048
City-B,T3,2x,400.0,S6_Q10,routine,M_routine,500,True,2,684.7,1099.8,0.0,0.0,1.0,29,29000002048
City-B,T3,2x,400.0,S6_Q10,cross_regime,M_stress,500,True,2,684.7,576.8,0.0,0.1577,1.0,29,29000002048
City-B,T3,5x,1000.0,S0a_RoutineOracle,routine,M_routine,500,True,2,1186.7,1186.7,0.0,0.0,1.0,29,29000002048
City-B,T3,5x,1000.0,S0a_RoutineOracle,cross_regime,M_stress,500,True,2,1186.7,688.5,311.5,0.4198,0.0,29,29000002048
City-B,T3,5x,1000.0,S0b_StressOracle,routine,M_routine,500,True,3,1011.4,1664.2,0.0,0.0,1.0,29,29000002048
City-B,T3,5x,1000.0,S0b_StressOracle,cross_regime,M_stress,500,True,3,1011.4,1011.4,0.0,0.0,1.0,29,29000002048
City-B,T3,5x,1000.0,S1_CapRR,routine,M_routine,500,True,2,1485.4,1099.8,0.0,0.2596,1.0,29,29000002048
City-B,T3,5x,1000.0,S1_CapRR,cross_regime,M_stress,500,True,2,1485.4,576.8,423.2,0.6117,0.0,29,29000002048
City-B,T3,5x,1000.0,S2_Platform,routine,M_routine,500,True,2,1048.0,1186.7,0.0,0.0,1.0,29,29000002048
City-B,T3,5x,1000.0,S2_Platform,cross_regime,M_stress,500,True,2,1048.0,688.5,311.5,0.343,0.0,29,29000002048
City-B,T3,5x,1000.0,S3_Lin4,routine,M_routine,500,True,3,1350.7,1659.1,0.0,0.0,1.0,29,29000002048
City-B,T3,5x,1000.0,S3_Lin4,cross_regime,M_stress,500,True,3,1350.7,807.1,192.9,0.4024,0.0,29,29000002048
City-B,T3,5x,1000.0,S4_GlobalCalib,routine,M_routine,500,True,3,1469.1,1692.7,0.0,0.0,1.0,29,29000002048
City-B,T3,5x,1000.0,S4_GlobalCalib,cross_regime,M_stress,500,True,3,1469.1,912.8,87.2,0.3787,0.0,29,29000002048
City-B,T3,5x,1000.0,S5_CityCalib,routine,M_routine,500,True,2,1002.2,1099.8,0.0,0.0,1.0,29,29000002048
City-B,T3,5x,1000.0,S5_CityCalib,cross_regime,M_stress,500,True,2,1002.2,576.8,423.2,0.4245,0.0,29,29000002048
City-B,T3,5x,1000.0,S6_Q10,routine,M_routine,500,True,3,1015.9,1692.7,0.0,0.0,1.0,29,29000002048
City-B,T3,5x,1000.0,S6_Q10,cross_regime,M_stress,500,True,3,1015.9,912.8,87.2,0.1015,0.0,29,29000002048
City-B,T3,10x,2000.0,S0a_RoutineOracle,routine,M_routine,500,True,4,2252.9,2252.9,0.0,0.0,1.0,29,29000002048
City-B,T3,10x,2000.0,S0a_RoutineOracle,cross_regime,M_stress,500,True,4,2252.9,1159.6,840.4,0.4853,0.0,29,29000002048
City-B,T3,10x,2000.0,S0b_StressOracle,routine,M_routine,500,True,7,2165.4,2816.7,0.0,0.0,1.0,29,29000002048
City-B,T3,10x,2000.0,S0b_StressOracle,cross_regime,M_stress,500,True,7,2165.4,2165.4,0.0,0.0,1.0,29,29000002048
City-B,T3,10x,2000.0,S1_CapRR,routine,M_routine,500,True,3,2203.9,1692.7,307.3,0.2319,0.0,29,29000002048
City-B,T3,10x,2000.0,S1_CapRR,cross_regime,M_stress,500,True,3,2203.9,912.8,1087.2,0.5858,0.0,29,29000002048
City-B,T3,10x,2000.0,S2_Platform,routine,M_routine,500,True,5,2307.7,2219.3,0.0,0.0383,1.0,29,29000002048
City-B,T3,10x,2000.0,S2_Platform,cross_regime,M_stress,500,True,5,2307.7,1445.7,554.3,0.3735,0.0,29,29000002048
City-B,T3,10x,2000.0,S3_Lin4,routine,M_routine,500,True,5,2168.5,2491.2,0.0,0.0,1.0,29,29000002048
City-B,T3,10x,2000.0,S3_Lin4,cross_regime,M_stress,500,True,5,2168.5,1319.9,680.1,0.3913,0.0,29,29000002048
City-B,T3,10x,2000.0,S4_GlobalCalib,routine,M_routine,500,True,5,2347.7,2540.6,0.0,0.0,1.0,29,29000002048
City-B,T3,10x,2000.0,S4_GlobalCalib,cross_regime,M_stress,500,True,5,2347.7,1478.2,521.8,0.3704,0.0,29,29000002048
City-B,T3,10x,2000.0,S5_CityCalib,routine,M_routine,500,True,5,2375.3,2540.6,0.0,0.0,1.0,29,29000002048
City-B,T3,10x,2000.0,S5_CityCalib,cross_regime,M_stress,500,True,5,2375.3,1478.2,521.8,0.3777,0.0,29,29000002048
City-B,T3,10x,2000.0,S6_Q10,routine,M_routine,500,True,7,2134.6,3256.3,0.0,0.0,1.0,29,29000002048
City-B,T3,10x,2000.0,S6_Q10,cross_regime,M_stress,500,True,7,2134.6,1961.3,38.7,0.0812,0.0,29,29000002048
City-B,T4,1x,140.0,S0a_RoutineOracle,routine,M_routine,500,True,1,729.5,729.5,0.0,0.0,1.0,29,29000002048
City-B,T4,1x,140.0,S0a_RoutineOracle,cross_regime,M_stress,500,True,1,729.5,315.4,0.0,0.5676,1.0,29,29000002048
City-B,T4,1x,140.0,S0b_StressOracle,routine,M_routine,500,True,1,415.0,493.1,0.0,0.0,1.0,29,29000002048
City-B,T4,1x,140.0,S0b_StressOracle,cross_regime,M_stress,500,True,1,415.0,415.0,0.0,0.0,1.0,29,29000002048
City-B,T4,1x,140.0,S1_CapRR,routine,M_routine,500,True,1,846.0,468.5,0.0,0.4463,1.0,29,29000002048
City-B,T4,1x,140.0,S1_CapRR,cross_regime,M_stress,500,True,1,846.0,216.8,0.0,0.7437,1.0,29,29000002048
City-B,T4,1x,140.0,S2_Platform,routine,M_routine,500,True,1,480.1,468.5,0.0,0.0241,1.0,29,29000002048
City-B,T4,1x,140.0,S2_Platform,cross_regime,M_stress,500,True,1,480.1,216.8,0.0,0.5484,1.0,29,29000002048
City-B,T4,1x,140.0,S3_Lin4,routine,M_routine,500,True,1,467.2,729.2,0.0,0.0,1.0,29,29000002048
City-B,T4,1x,140.0,S3_Lin4,cross_regime,M_stress,500,True,1,467.2,329.7,0.0,0.2944,1.0,29,29000002048
City-B,T4,1x,140.0,S4_GlobalCalib,routine,M_routine,500,True,1,563.4,468.5,0.0,0.1685,1.0,29,29000002048
City-B,T4,1x,140.0,S4_GlobalCalib,cross_regime,M_stress,500,True,1,563.4,216.8,0.0,0.6152,1.0,29,29000002048
City-B,T4,1x,140.0,S5_CityCalib,routine,M_routine,500,True,1,563.4,468.5,0.0,0.1685,1.0,29,29000002048
City-B,T4,1x,140.0,S5_CityCalib,cross_regime,M_stress,500,True,1,563.4,216.8,0.0,0.6152,1.0,29,29000002048
City-B,T4,1x,140.0,S6_Q10,routine,M_routine,500,True,1,391.0,468.5,0.0,0.0,1.0,29,29000002048
City-B,T4,1x,140.0,S6_Q10,cross_regime,M_stress,500,True,1,391.0,216.8,0.0,0.4455,1.0,29,29000002048
City-B,T4,2x,280.0,S0a_RoutineOracle,routine,M_routine,500,True,1,729.5,729.5,0.0,0.0,1.0,29,29000002048
City-B,T4,2x,280.0,S0a_RoutineOracle,cross_regime,M_stress,500,True,1,729.5,315.4,0.0,0.5676,1.0,29,29000002048
City-B,T4,2x,280.0,S0b_StressOracle,routine,M_routine,500,True,1,415.0,493.1,0.0,0.0,1.0,29,29000002048
City-B,T4,2x,280.0,S0b_StressOracle,cross_regime,M_stress,500,True,1,415.0,415.0,0.0,0.0,1.0,29,29000002048
City-B,T4,2x,280.0,S1_CapRR,routine,M_routine,500,True,1,846.0,468.5,0.0,0.4463,1.0,29,29000002048
City-B,T4,2x,280.0,S1_CapRR,cross_regime,M_stress,500,True,1,846.0,216.8,63.2,0.7437,0.0,29,29000002048
City-B,T4,2x,280.0,S2_Platform,routine,M_routine,500,True,1,480.1,468.5,0.0,0.0241,1.0,29,29000002048
City-B,T4,2x,280.0,S2_Platform,cross_regime,M_stress,500,True,1,480.1,216.8,63.2,0.5484,0.0,29,29000002048
City-B,T4,2x,280.0,S3_Lin4,routine,M_routine,500,True,1,467.2,729.2,0.0,0.0,1.0,29,29000002048
City-B,T4,2x,280.0,S3_Lin4,cross_regime,M_stress,500,True,1,467.2,329.7,0.0,0.2944,1.0,29,29000002048
City-B,T4,2x,280.0,S4_GlobalCalib,routine,M_routine,500,True,1,563.4,468.5,0.0,0.1685,1.0,29,29000002048
City-B,T4,2x,280.0,S4_GlobalCalib,cross_regime,M_stress,500,True,1,563.4,216.8,63.2,0.6152,0.0,29,29000002048
City-B,T4,2x,280.0,S5_CityCalib,routine,M_routine,500,True,1,563.4,468.5,0.0,0.1685,1.0,29,29000002048
City-B,T4,2x,280.0,S5_CityCalib,cross_regime,M_stress,500,True,1,563.4,216.8,63.2,0.6152,0.0,29,29000002048
City-B,T4,2x,280.0,S6_Q10,routine,M_routine,500,True,1,391.0,468.5,0.0,0.0,1.0,29,29000002048
City-B,T4,2x,280.0,S6_Q10,cross_regime,M_stress,500,True,1,391.0,216.8,63.2,0.4455,0.0,29,29000002048
City-B,T4,5x,700.0,S0a_RoutineOracle,routine,M_routine,500,True,1,729.5,729.5,0.0,0.0,1.0,29,29000002048
City-B,T4,5x,700.0,S0a_RoutineOracle,cross_regime,M_stress,500,True,1,729.5,315.4,384.6,0.5676,0.0,29,29000002048
City-B,T4,5x,700.0,S0b_StressOracle,routine,M_routine,500,True,2,744.6,1222.2,0.0,0.0,1.0,29,29000002048
City-B,T4,5x,700.0,S0b_StressOracle,cross_regime,M_stress,500,True,2,744.6,744.6,0.0,0.0,1.0,29,29000002048
City-B,T4,5x,700.0,S1_CapRR,routine,M_routine,500,True,1,846.0,468.5,231.5,0.4463,0.0,29,29000002048
City-B,T4,5x,700.0,S1_CapRR,cross_regime,M_stress,500,True,1,846.0,216.8,483.2,0.7437,0.0,29,29000002048
City-B,T4,5x,700.0,S2_Platform,routine,M_routine,500,True,2,912.9,961.5,0.0,0.0,1.0,29,29000002048
City-B,T4,5x,700.0,S2_Platform,cross_regime,M_stress,500,True,2,912.9,631.8,68.2,0.3079,0.0,29,29000002048
City-B,T4,5x,700.0,S3_Lin4,routine,M_routine,500,True,2,928.1,1222.2,0.0,0.0,1.0,29,29000002048
City-B,T4,5x,700.0,S3_Lin4,cross_regime,M_stress,500,True,2,928.1,744.6,0.0,0.1977,1.0,29,29000002048
City-B,T4,5x,700.0,S4_GlobalCalib,routine,M_routine,500,True,2,1124.1,1197.9,0.0,0.0,1.0,29,29000002048
City-B,T4,5x,700.0,S4_GlobalCalib,cross_regime,M_stress,500,True,2,1124.1,532.2,167.8,0.5265,0.0,29,29000002048
City-B,T4,5x,700.0,S5_CityCalib,routine,M_routine,500,True,2,1124.1,1197.9,0.0,0.0,1.0,29,29000002048
City-B,T4,5x,700.0,S5_CityCalib,cross_regime,M_stress,500,True,2,1124.1,532.2,167.8,0.5265,0.0,29,29000002048
City-B,T4,5x,700.0,S6_Q10,routine,M_routine,500,True,2,780.1,1197.9,0.0,0.0,1.0,29,29000002048
City-B,T4,5x,700.0,S6_Q10,cross_regime,M_stress,500,True,2,780.1,532.2,167.8,0.3177,0.0,29,29000002048
City-B,T4,10x,1400.0,S0a_RoutineOracle,routine,M_routine,500,True,2,1458.6,1458.6,0.0,0.0,1.0,29,29000002048
City-B,T4,10x,1400.0,S0a_RoutineOracle,cross_regime,M_stress,500,True,2,1458.6,645.1,754.9,0.5578,0.0,29,29000002048
City-B,T4,10x,1400.0,S0b_StressOracle,routine,M_routine,500,True,5,1677.3,2938.7,0.0,0.0,1.0,29,29000002048
City-B,T4,10x,1400.0,S0b_StressOracle,cross_regime,M_stress,500,True,5,1677.3,1677.3,0.0,0.0,1.0,29,29000002048
City-B,T4,10x,1400.0,S1_CapRR,routine,M_routine,500,True,2,1688.0,1197.9,202.1,0.2903,0.0,29,29000002048
City-B,T4,10x,1400.0,S1_CapRR,cross_regime,M_stress,500,True,2,1688.0,532.2,867.8,0.6847,0.0,29,29000002048
City-B,T4,10x,1400.0,S2_Platform,routine,M_routine,500,True,4,1693.5,2199.9,0.0,0.0,1.0,29,29000002048
City-B,T4,10x,1400.0,S2_Platform,cross_regime,M_stress,500,True,4,1693.5,1261.9,138.1,0.2548,0.0,29,29000002048
City-B,T4,10x,1400.0,S3_Lin4,routine,M_routine,500,True,4,1840.3,2420.2,0.0,0.0,1.0,29,29000002048
City-B,T4,10x,1400.0,S3_Lin4,cross_regime,M_stress,500,True,4,1840.3,1276.9,123.1,0.3062,0.0,29,29000002048
City-B,T4,10x,1400.0,S4_GlobalCalib,routine,M_routine,500,True,3,1667.9,1927.1,0.0,0.0,1.0,29,29000002048
City-B,T4,10x,1400.0,S4_GlobalCalib,cross_regime,M_stress,500,True,3,1667.9,861.9,538.1,0.4833,0.0,29,29000002048
City-B,T4,10x,1400.0,S5_CityCalib,routine,M_routine,500,True,3,1667.8,1927.1,0.0,0.0,1.0,29,29000002048
City-B,T4,10x,1400.0,S5_CityCalib,cross_regime,M_stress,500,True,3,1667.8,861.9,538.1,0.4832,0.0,29,29000002048
City-B,T4,10x,1400.0,S6_Q10,routine,M_routine,500,True,4,1526.6,2420.2,0.0,0.0,1.0,29,29000002048
City-B,T4,10x,1400.0,S6_Q10,cross_regime,M_stress,500,True,4,1526.6,1276.9,123.1,0.1636,0.0,29,29000002048
City-B,T5,1x,160.0,S0a_RoutineOracle,routine,M_routine,500,True,1,555.4,555.4,0.0,0.0,1.0,29,29000002048
City-B,T5,1x,160.0,S0a_RoutineOracle,cross_regime,M_stress,500,True,1,555.4,366.1,0.0,0.3409,1.0,29,29000002048
City-B,T5,1x,160.0,S0b_StressOracle,routine,M_routine,500,True,1,366.1,555.4,0.0,0.0,1.0,29,29000002048
City-B,T5,1x,160.0,S0b_StressOracle,cross_regime,M_stress,500,True,1,366.1,366.1,0.0,0.0,1.0,29,29000002048
City-B,T5,1x,160.0,S1_CapRR,routine,M_routine,500,True,1,744.5,555.4,0.0,0.254,1.0,29,29000002048
City-B,T5,1x,160.0,S1_CapRR,cross_regime,M_stress,500,True,1,744.5,366.1,0.0,0.5083,1.0,29,29000002048
City-B,T5,1x,160.0,S2_Platform,routine,M_routine,500,True,1,553.3,416.9,0.0,0.2466,1.0,29,29000002048
City-B,T5,1x,160.0,S2_Platform,cross_regime,M_stress,500,True,1,553.3,349.7,0.0,0.3679,1.0,29,29000002048
City-B,T5,1x,160.0,S3_Lin4,routine,M_routine,500,True,1,459.2,433.8,0.0,0.0553,1.0,29,29000002048
City-B,T5,1x,160.0,S3_Lin4,cross_regime,M_stress,500,True,1,459.2,161.1,0.0,0.6491,1.0,29,29000002048
City-B,T5,1x,160.0,S4_GlobalCalib,routine,M_routine,500,True,1,499.0,555.4,0.0,0.0,1.0,29,29000002048
City-B,T5,1x,160.0,S4_GlobalCalib,cross_regime,M_stress,500,True,1,499.0,366.1,0.0,0.2664,1.0,29,29000002048
City-B,T5,1x,160.0,S5_CityCalib,routine,M_routine,500,True,1,505.4,555.4,0.0,0.0,1.0,29,29000002048
City-B,T5,1x,160.0,S5_CityCalib,cross_regime,M_stress,500,True,1,505.4,366.1,0.0,0.2757,1.0,29,29000002048
City-B,T5,1x,160.0,S6_Q10,routine,M_routine,500,True,1,344.3,555.4,0.0,0.0,1.0,29,29000002048
City-B,T5,1x,160.0,S6_Q10,cross_regime,M_stress,500,True,1,344.3,366.1,0.0,0.0,1.0,29,29000002048
City-B,T5,2x,320.0,S0a_RoutineOracle,routine,M_routine,500,True,1,555.4,555.4,0.0,0.0,1.0,29,29000002048
City-B,T5,2x,320.0,S0a_RoutineOracle,cross_regime,M_stress,500,True,1,555.4,366.1,0.0,0.3409,1.0,29,29000002048
City-B,T5,2x,320.0,S0b_StressOracle,routine,M_routine,500,True,1,366.1,555.4,0.0,0.0,1.0,29,29000002048
City-B,T5,2x,320.0,S0b_StressOracle,cross_regime,M_stress,500,True,1,366.1,366.1,0.0,0.0,1.0,29,29000002048
City-B,T5,2x,320.0,S1_CapRR,routine,M_routine,500,True,1,744.5,555.4,0.0,0.254,1.0,29,29000002048
City-B,T5,2x,320.0,S1_CapRR,cross_regime,M_stress,500,True,1,744.5,366.1,0.0,0.5083,1.0,29,29000002048
City-B,T5,2x,320.0,S2_Platform,routine,M_routine,500,True,1,553.3,416.9,0.0,0.2466,1.0,29,29000002048
City-B,T5,2x,320.0,S2_Platform,cross_regime,M_stress,500,True,1,553.3,349.7,0.0,0.3679,1.0,29,29000002048
City-B,T5,2x,320.0,S3_Lin4,routine,M_routine,500,True,1,459.2,433.8,0.0,0.0553,1.0,29,29000002048
City-B,T5,2x,320.0,S3_Lin4,cross_regime,M_stress,500,True,1,459.2,161.1,158.9,0.6491,0.0,29,29000002048
City-B,T5,2x,320.0,S4_GlobalCalib,routine,M_routine,500,True,1,499.0,555.4,0.0,0.0,1.0,29,29000002048
City-B,T5,2x,320.0,S4_GlobalCalib,cross_regime,M_stress,500,True,1,499.0,366.1,0.0,0.2664,1.0,29,29000002048
City-B,T5,2x,320.0,S5_CityCalib,routine,M_routine,500,True,1,505.4,555.4,0.0,0.0,1.0,29,29000002048
City-B,T5,2x,320.0,S5_CityCalib,cross_regime,M_stress,500,True,1,505.4,366.1,0.0,0.2757,1.0,29,29000002048
City-B,T5,2x,320.0,S6_Q10,routine,M_routine,500,True,1,344.3,555.4,0.0,0.0,1.0,29,29000002048
City-B,T5,2x,320.0,S6_Q10,cross_regime,M_stress,500,True,1,344.3,366.1,0.0,0.0,1.0,29,29000002048
City-B,T5,5x,800.0,S0a_RoutineOracle,routine,M_routine,500,True,2,1038.9,1038.9,0.0,0.0,1.0,29,29000002048
City-B,T5,5x,800.0,S0a_RoutineOracle,cross_regime,M_stress,500,True,2,1038.9,636.0,164.0,0.3878,0.0,29,29000002048
City-B,T5,5x,800.0,S0b_StressOracle,routine,M_routine,500,True,3,1027.5,1400.1,0.0,0.0,1.0,29,29000002048
City-B,T5,5x,800.0,S0b_StressOracle,cross_regime,M_stress,500,True,3,1027.5,1027.5,0.0,0.0,1.0,29,29000002048
City-B,T5,5x,800.0,S1_CapRR,routine,M_routine,500,True,2,1485.4,972.2,0.0,0.3455,1.0,29,29000002048
City-B,T5,5x,800.0,S1_CapRR,cross_regime,M_stress,500,True,2,1485.4,715.8,84.2,0.5181,0.0,29,29000002048
City-B,T5,5x,800.0,S2_Platform,routine,M_routine,500,True,2,1093.7,850.7,0.0,0.2222,1.0,29,29000002048
City-B,T5,5x,800.0,S2_Platform,cross_regime,M_stress,500,True,2,1093.7,510.9,289.1,0.5329,0.0,29,29000002048
City-B,T5,5x,800.0,S3_Lin4,routine,M_routine,500,True,2,912.3,917.4,0.0,0.0,1.0,29,29000002048
City-B,T5,5x,800.0,S3_Lin4,cross_regime,M_stress,500,True,2,912.3,431.1,368.9,0.5275,0.0,29,29000002048
City-B,T5,5x,800.0,S4_GlobalCalib,routine,M_routine,500,True,2,995.5,972.2,0.0,0.0234,1.0,29,29000002048
City-B,T5,5x,800.0,S4_GlobalCalib,cross_regime,M_stress,500,True,2,995.5,715.8,84.2,0.281,0.0,29,29000002048
City-B,T5,5x,800.0,S5_CityCalib,routine,M_routine,500,True,2,1008.3,972.2,0.0,0.0358,1.0,29,29000002048
City-B,T5,5x,800.0,S5_CityCalib,cross_regime,M_stress,500,True,2,1008.3,715.8,84.2,0.2901,0.0,29,29000002048
City-B,T5,5x,800.0,S6_Q10,routine,M_routine,500,True,3,1019.3,1406.1,0.0,0.0,1.0,29,29000002048
City-B,T5,5x,800.0,S6_Q10,cross_regime,M_stress,500,True,3,1019.3,876.9,0.0,0.1397,1.0,29,29000002048
City-B,T5,10x,1600.0,S0a_RoutineOracle,routine,M_routine,500,True,4,1937.0,1937.0,0.0,0.0,1.0,29,29000002048
City-B,T5,10x,1600.0,S0a_RoutineOracle,cross_regime,M_stress,500,True,4,1937.0,1026.8,573.2,0.4699,0.0,29,29000002048
City-B,T5,10x,1600.0,S0b_StressOracle,routine,M_routine,500,True,6,1841.7,2167.2,0.0,0.0,1.0,29,29000002048
City-B,T5,10x,1600.0,S0b_StressOracle,cross_regime,M_stress,500,True,6,1841.7,1841.7,0.0,0.0,1.0,29,29000002048
City-B,T5,10x,1600.0,S1_CapRR,routine,M_routine,500,True,3,2203.9,1406.1,193.9,0.362,0.0,29,29000002048
City-B,T5,10x,1600.0,S1_CapRR,cross_regime,M_stress,500,True,3,2203.9,876.9,723.1,0.6021,0.0,29,29000002048
City-B,T5,10x,1600.0,S2_Platform,routine,M_routine,500,True,4,2025.8,1798.6,0.0,0.1122,1.0,29,29000002048
City-B,T5,10x,1600.0,S2_Platform,cross_regime,M_stress,500,True,4,2025.8,1010.4,589.6,0.5012,0.0,29,29000002048
City-B,T5,10x,1600.0,S3_Lin4,routine,M_routine,500,True,4,1802.5,1889.6,0.0,0.0,1.0,29,29000002048
City-B,T5,10x,1600.0,S3_Lin4,cross_regime,M_stress,500,True,4,1802.5,1146.9,453.1,0.3637,0.0,29,29000002048
City-B,T5,10x,1600.0,S4_GlobalCalib,routine,M_routine,500,True,4,1948.2,1889.6,0.0,0.0301,1.0,29,29000002048
City-B,T5,10x,1600.0,S4_GlobalCalib,cross_regime,M_stress,500,True,4,1948.2,1146.9,453.1,0.4113,0.0,29,29000002048
City-B,T5,10x,1600.0,S5_CityCalib,routine,M_routine,500,True,4,1972.8,1889.6,0.0,0.0422,1.0,29,29000002048
City-B,T5,10x,1600.0,S5_CityCalib,cross_regime,M_stress,500,True,4,1972.8,1146.9,453.1,0.4187,0.0,29,29000002048
City-B,T5,10x,1600.0,S6_Q10,routine,M_routine,500,True,5,1628.8,2353.9,0.0,0.0,1.0,29,29000002048
City-B,T5,10x,1600.0,S6_Q10,cross_regime,M_stress,500,True,5,1628.8,1376.5,223.5,0.1549,0.0,29,29000002048
City-C,T1,1x,180.0,S0a_RoutineOracle,routine,M_routine,650,True,1,562.4,562.4,0.0,0.0,1.0,29,29000002048
City-C,T1,1x,180.0,S0a_RoutineOracle,cross_regime,M_stress,650,True,1,562.4,249.3,0.0,0.5567,1.0,29,29000002048
City-C,T1,1x,180.0,S0b_StressOracle,routine,M_routine,650,True,1,356.4,467.1,0.0,0.0,1.0,29,29000002048
City-C,T1,1x,180.0,S0b_StressOracle,cross_regime,M_stress,650,True,1,356.4,356.4,0.0,0.0,1.0,29,29000002048
City-C,T1,1x,180.0,S1_CapRR,routine,M_routine,650,True,1,737.0,467.1,0.0,0.3662,1.0,29,29000002048
City-C,T1,1x,180.0,S1_CapRR,cross_regime,M_stress,650,True,1,737.0,356.4,0.0,0.5165,1.0,29,29000002048
City-C,T1,1x,180.0,S2_Platform,routine,M_routine,650,True,1,460.9,467.1,0.0,0.0,1.0,29,29000002048
City-C,T1,1x,180.0,S2_Platform,cross_regime,M_stress,650,True,1,460.9,356.4,0.0,0.2268,1.0,29,29000002048
City-C,T1,1x,180.0,S3_Lin4,routine,M_routine,650,True,1,418.7,467.1,0.0,0.0,1.0,29,29000002048
City-C,T1,1x,180.0,S3_Lin4,cross_regime,M_stress,650,True,1,418.7,356.4,0.0,0.1488,1.0,29,29000002048
City-C,T1,1x,180.0,S4_GlobalCalib,routine,M_routine,650,True,1,492.2,467.1,0.0,0.0509,1.0,29,29000002048
City-C,T1,1x,180.0,S4_GlobalCalib,cross_regime,M_stress,650,True,1,492.2,356.4,0.0,0.2759,1.0,29,29000002048
City-C,T1,1x,180.0,S5_CityCalib,routine,M_routine,650,True,1,485.6,467.1,0.0,0.038,1.0,29,29000002048
City-C,T1,1x,180.0,S5_CityCalib,cross_regime,M_stress,650,True,1,485.6,356.4,0.0,0.266,1.0,29,29000002048
City-C,T1,1x,180.0,S6_Q10,routine,M_routine,650,True,1,340.5,467.1,0.0,0.0,1.0,29,29000002048
City-C,T1,1x,180.0,S6_Q10,cross_regime,M_stress,650,True,1,340.5,356.4,0.0,0.0,1.0,29,29000002048
City-C,T1,2x,360.0,S0a_RoutineOracle,routine,M_routine,650,True,1,562.4,562.4,0.0,0.0,1.0,29,29000002048
City-C,T1,2x,360.0,S0a_RoutineOracle,cross_regime,M_stress,650,True,1,562.4,249.3,110.7,0.5567,0.0,29,29000002048
City-C,T1,2x,360.0,S0b_StressOracle,routine,M_routine,650,True,2,643.5,753.0,0.0,0.0,1.0,29,29000002048
City-C,T1,2x,360.0,S0b_StressOracle,cross_regime,M_stress,650,True,2,643.5,643.5,0.0,0.0,1.0,29,29000002048
City-C,T1,2x,360.0,S1_CapRR,routine,M_routine,650,True,1,737.0,467.1,0.0,0.3662,1.0,29,29000002048
City-C,T1,2x,360.0,S1_CapRR,cross_regime,M_stress,650,True,1,737.0,356.4,3.6,0.5165,0.0,29,29000002048
City-C,T1,2x,360.0,S2_Platform,routine,M_routine,650,True,1,460.9,467.1,0.0,0.0,1.0,29,29000002048
City-C,T1,2x,360.0,S2_Platform,cross_regime,M_stress,650,True,1,460.9,356.4,3.6,0.2268,0.0,29,29000002048
City-C,T1,2x,360.0,S3_Lin4,routine,M_routine,650,True,1,418.7,467.1,0.0,0.0,1.0,29,29000002048
City-C,T1,2x,360.0,S3_Lin4,cross_regime,M_stress,650,True,1,418.7,356.4,3.6,0.1488,0.0,29,29000002048
City-C,T1,2x,360.0,S4_GlobalCalib,routine,M_routine,650,True,1,492.2,467.1,0.0,0.0509,1.0,29,29000002048
City-C,T1,2x,360.0,S4_GlobalCalib,cross_regime,M_stress,650,True,1,492.2,356.4,3.6,0.2759,0.0,29,29000002048
City-C,T1,2x,360.0,S5_CityCalib,routine,M_routine,650,True,1,485.6,467.1,0.0,0.038,1.0,29,29000002048
City-C,T1,2x,360.0,S5_CityCalib,cross_regime,M_stress,650,True,1,485.6,356.4,3.6,0.266,0.0,29,29000002048
City-C,T1,2x,360.0,S6_Q10,routine,M_routine,650,True,2,665.0,753.0,0.0,0.0,1.0,29,29000002048
City-C,T1,2x,360.0,S6_Q10,cross_regime,M_stress,650,True,2,665.0,643.5,0.0,0.0323,1.0,29,29000002048
City-C,T1,5x,900.0,S0a_RoutineOracle,routine,M_routine,650,True,2,1050.1,1050.1,0.0,0.0,1.0,29,29000002048
City-C,T1,5x,900.0,S0a_RoutineOracle,cross_regime,M_stress,650,True,2,1050.1,532.8,367.2,0.4926,0.0,29,29000002048
City-C,T1,5x,900.0,S0b_StressOracle,routine,M_routine,650,True,3,927.1,1240.7,0.0,0.0,1.0,29,29000002048
City-C,T1,5x,900.0,S0b_StressOracle,cross_regime,M_stress,650,True,3,927.1,927.1,0.0,0.0,1.0,29,29000002048
City-C,T1,5x,900.0,S1_CapRR,routine,M_routine,650,True,2,1439.5,753.0,147.0,0.4769,0.0,29,29000002048
City-C,T1,5x,900.0,S1_CapRR,cross_regime,M_stress,650,True,2,1439.5,643.5,256.5,0.5529,0.0,29,29000002048
City-C,T1,5x,900.0,S2_Platform,routine,M_routine,650,True,2,904.5,753.0,147.0,0.1675,0.0,29,29000002048
City-C,T1,5x,900.0,S2_Platform,cross_regime,M_stress,650,True,2,904.5,643.5,256.5,0.2885,0.0,29,29000002048
City-C,T1,5x,900.0,S3_Lin4,routine,M_routine,650,True,3,1211.5,1315.4,0.0,0.0,1.0,29,29000002048
City-C,T1,5x,900.0,S3_Lin4,cross_regime,M_stress,650,True,3,1211.5,892.9,7.1,0.263,0.0,29,29000002048
City-C,T1,5x,900.0,S4_GlobalCalib,routine,M_routine,650,True,2,961.3,753.0,147.0,0.2167,0.0,29,29000002048
City-C,T1,5x,900.0,S4_GlobalCalib,cross_regime,M_stress,650,True,2,961.3,643.5,256.5,0.3305,0.0,29,29000002048
City-C,T1,5x,900.0,S5_CityCalib,routine,M_routine,650,True,2,948.5,753.0,147.0,0.2061,0.0,29,29000002048
City-C,T1,5x,900.0,S5_CityCalib,cross_regime,M_stress,650,True,2,948.5,643.5,256.5,0.3215,0.0,29,29000002048
City-C,T1,5x,900.0,S6_Q10,routine,M_routine,650,True,3,961.4,1315.4,0.0,0.0,1.0,29,29000002048
City-C,T1,5x,900.0,S6_Q10,cross_regime,M_stress,650,True,3,961.4,892.9,7.1,0.0713,0.0,29,29000002048
City-C,T1,10x,1800.0,S0a_RoutineOracle,routine,M_routine,650,True,4,1997.6,1997.6,0.0,0.0,1.0,29,29000002048
City-C,T1,10x,1800.0,S0a_RoutineOracle,cross_regime,M_stress,650,True,4,1997.6,1135.8,664.2,0.4314,0.0,29,29000002048
City-C,T1,10x,1800.0,S0b_StressOracle,routine,M_routine,650,True,7,1965.4,2915.9,0.0,0.0,1.0,29,29000002048
City-C,T1,10x,1800.0,S0b_StressOracle,cross_regime,M_stress,650,True,7,1965.4,1965.4,0.0,0.0,1.0,29,29000002048
City-C,T1,10x,1800.0,S1_CapRR,routine,M_routine,650,True,3,2081.1,1315.4,484.6,0.3679,0.0,29,29000002048
City-C,T1,10x,1800.0,S1_CapRR,cross_regime,M_stress,650,True,3,2081.1,892.9,907.1,0.571,0.0,29,29000002048
City-C,T1,10x,1800.0,S2_Platform,routine,M_routine,650,True,5,2117.9,1805.0,0.0,0.1477,1.0,29,29000002048
City-C,T1,10x,1800.0,S2_Platform,cross_regime,M_stress,650,True,5,2117.9,1399.1,400.9,0.3394,0.0,29,29000002048
City-C,T1,10x,1800.0,S3_Lin4,routine,M_routine,650,True,5,1970.8,2115.6,0.0,0.0,1.0,29,29000002048
City-C,T1,10x,1800.0,S3_Lin4,cross_regime,M_stress,650,True,5,1970.8,1429.6,370.4,0.2746,0.0,29,29000002048
City-C,T1,10x,1800.0,S4_GlobalCalib,routine,M_routine,650,True,5,2167.7,1964.0,0.0,0.094,1.0,29,29000002048
City-C,T1,10x,1800.0,S4_GlobalCalib,cross_regime,M_stress,650,True,5,2167.7,1388.5,411.5,0.3595,0.0,29,29000002048
City-C,T1,10x,1800.0,S5_CityCalib,routine,M_routine,650,True,5,2140.3,1964.0,0.0,0.0824,1.0,29,29000002048
City-C,T1,10x,1800.0,S5_CityCalib,cross_regime,M_stress,650,True,5,2140.3,1388.5,411.5,0.3513,0.0,29,29000002048
City-C,T1,10x,1800.0,S6_Q10,routine,M_routine,650,True,7,2020.0,2768.0,0.0,0.0,1.0,29,29000002048
City-C,T1,10x,1800.0,S6_Q10,cross_regime,M_stress,650,True,7,2020.0,1850.1,0.0,0.0841,1.0,29,29000002048
City-C,T2,1x,260.0,S0a_RoutineOracle,routine,M_routine,650,True,1,536.6,536.6,0.0,0.0,1.0,29,29000002048
City-C,T2,1x,260.0,S0a_RoutineOracle,cross_regime,M_stress,650,True,1,536.6,187.0,73.0,0.6515,0.0,29,29000002048
City-C,T2,1x,260.0,S0b_StressOracle,routine,M_routine,650,True,1,344.4,219.9,40.1,0.3617,0.0,29,29000002048
City-C,T2,1x,260.0,S0b_StressOracle,cross_regime,M_stress,650,True,1,344.4,344.4,0.0,0.0,1.0,29,29000002048
City-C,T2,1x,260.0,S1_CapRR,routine,M_routine,650,True,1,737.0,377.5,0.0,0.4878,1.0,29,29000002048
City-C,T2,1x,260.0,S1_CapRR,cross_regime,M_stress,650,True,1,737.0,92.8,167.2,0.8741,0.0,29,29000002048
City-C,T2,1x,260.0,S2_Platform,routine,M_routine,650,True,1,467.3,377.5,0.0,0.1921,1.0,29,29000002048
City-C,T2,1x,260.0,S2_Platform,cross_regime,M_stress,650,True,1,467.3,92.8,167.2,0.8014,0.0,29,29000002048
City-C,T2,1x,260.0,S3_Lin4,routine,M_routine,650,True,1,421.0,377.5,0.0,0.1032,1.0,29,29000002048
City-C,T2,1x,260.0,S3_Lin4,cross_regime,M_stress,650,True,1,421.0,92.8,167.2,0.7796,0.0,29,29000002048
City-C,T2,1x,260.0,S4_GlobalCalib,routine,M_routine,650,True,1,493.1,377.5,0.0,0.2343,1.0,29,29000002048
City-C,T2,1x,260.0,S4_GlobalCalib,cross_regime,M_stress,650,True,1,493.1,92.8,167.2,0.8118,0.0,29,29000002048
City-C,T2,1x,260.0,S5_CityCalib,routine,M_routine,650,True,1,490.8,377.5,0.0,0.2308,1.0,29,29000002048
City-C,T2,1x,260.0,S5_CityCalib,cross_regime,M_stress,650,True,1,490.8,92.8,167.2,0.811,0.0,29,29000002048
City-C,T2,1x,260.0,S6_Q10,routine,M_routine,650,True,1,340.3,377.5,0.0,0.0,1.0,29,29000002048
City-C,T2,1x,260.0,S6_Q10,cross_regime,M_stress,650,True,1,340.3,92.8,167.2,0.7273,0.0,29,29000002048
City-C,T2,2x,520.0,S0a_RoutineOracle,routine,M_routine,650,True,1,536.6,536.6,0.0,0.0,1.0,29,29000002048
City-C,T2,2x,520.0,S0a_RoutineOracle,cross_regime,M_stress,650,True,1,536.6,187.0,333.0,0.6515,0.0,29,29000002048
City-C,T2,2x,520.0,S0b_StressOracle,routine,M_routine,650,True,2,633.3,616.3,0.0,0.0268,1.0,29,29000002048
City-C,T2,2x,520.0,S0b_StressOracle,cross_regime,M_stress,650,True,2,633.3,633.3,0.0,0.0,1.0,29,29000002048
City-C,T2,2x,520.0,S1_CapRR,routine,M_routine,650,True,1,737.0,377.5,142.5,0.4878,0.0,29,29000002048
City-C,T2,2x,520.0,S1_CapRR,cross_regime,M_stress,650,True,1,737.0,92.8,427.2,0.8741,0.0,29,29000002048
City-C,T2,2x,520.0,S2_Platform,routine,M_routine,650,True,2,902.1,746.1,0.0,0.1729,1.0,29,29000002048
City-C,T2,2x,520.0,S2_Platform,cross_regime,M_stress,650,True,2,902.1,287.6,232.4,0.6812,0.0,29,29000002048
City-C,T2,2x,520.0,S3_Lin4,routine,M_routine,650,True,2,824.5,746.1,0.0,0.0951,1.0,29,29000002048
City-C,T2,2x,520.0,S3_Lin4,cross_regime,M_stress,650,True,2,824.5,287.6,232.4,0.6512,0.0,29,29000002048
City-C,T2,2x,520.0,S4_GlobalCalib,routine,M_routine,650,True,2,963.1,746.1,0.0,0.2253,1.0,29,29000002048
City-C,T2,2x,520.0,S4_GlobalCalib,cross_regime,M_stress,650,True,2,963.1,287.6,232.4,0.7014,0.0,29,29000002048
City-C,T2,2x,520.0,S5_CityCalib,routine,M_routine,650,True,2,958.7,746.1,0.0,0.2218,1.0,29,29000002048
City-C,T2,2x,520.0,S5_CityCalib,cross_regime,M_stress,650,True,2,958.7,287.6,232.4,0.7,0.0,29,29000002048
City-C,T2,2x,520.0,S6_Q10,routine,M_routine,650,True,2,664.6,746.1,0.0,0.0,1.0,29,29000002048
City-C,T2,2x,520.0,S6_Q10,cross_regime,M_stress,650,True,2,664.6,287.6,232.4,0.5672,0.0,29,29000002048
City-C,T2,5x,1300.0,S0a_RoutineOracle,routine,M_routine,650,True,3,1415.5,1415.5,0.0,0.0,1.0,29,29000002048
City-C,T2,5x,1300.0,S0a_RoutineOracle,cross_regime,M_stress,650,True,3,1415.5,618.9,681.1,0.5628,0.0,29,29000002048
City-C,T2,5x,1300.0,S0b_StressOracle,routine,M_routine,650,True,5,1460.8,1611.7,0.0,0.0,1.0,29,29000002048
City-C,T2,5x,1300.0,S0b_StressOracle,cross_regime,M_stress,650,True,5,1460.8,1460.8,0.0,0.0,1.0,29,29000002048
City-C,T2,5x,1300.0,S1_CapRR,routine,M_routine,650,True,2,1439.5,746.1,553.9,0.4817,0.0,29,29000002048
City-C,T2,5x,1300.0,S1_CapRR,cross_regime,M_stress,650,True,2,1439.5,287.6,1012.4,0.8002,0.0,29,29000002048
City-C,T2,5x,1300.0,S2_Platform,routine,M_routine,650,True,3,1301.1,1282.7,17.3,0.0141,0.0,29,29000002048
City-C,T2,5x,1300.0,S2_Platform,cross_regime,M_stress,650,True,3,1301.1,474.6,825.4,0.6352,0.0,29,29000002048
City-C,T2,5x,1300.0,S3_Lin4,routine,M_routine,650,True,4,1607.5,1535.1,0.0,0.045,1.0,29,29000002048
City-C,T2,5x,1300.0,S3_Lin4,cross_regime,M_stress,650,True,4,1607.5,748.5,551.5,0.5344,0.0,29,29000002048
City-C,T2,5x,1300.0,S4_GlobalCalib,routine,M_routine,650,True,3,1392.3,1282.7,17.3,0.0787,0.0,29,29000002048
City-C,T2,5x,1300.0,S4_GlobalCalib,cross_regime,M_stress,650,True,3,1392.3,474.6,825.4,0.6591,0.0,29,29000002048
City-C,T2,5x,1300.0,S5_CityCalib,routine,M_routine,650,True,3,1386.1,1282.7,17.3,0.0746,0.0,29,29000002048
City-C,T2,5x,1300.0,S5_CityCalib,cross_regime,M_stress,650,True,3,1386.1,474.6,825.4,0.6576,0.0,29,29000002048
City-C,T2,5x,1300.0,S6_Q10,routine,M_routine,650,True,5,1498.5,2128.7,0.0,0.0,1.0,29,29000002048
City-C,T2,5x,1300.0,S6_Q10,cross_regime,M_stress,650,True,5,1498.5,1001.5,298.5,0.3317,0.0,29,29000002048
City-C,T2,10x,2600.0,S0a_RoutineOracle,routine,M_routine,650,True,6,2623.4,2623.4,0.0,0.0,1.0,29,29000002048
City-C,T2,10x,2600.0,S0a_RoutineOracle,cross_regime,M_stress,650,True,6,2623.4,1332.6,1267.4,0.4921,0.0,29,29000002048
City-C,T2,10x,2600.0,S0b_StressOracle,routine,M_routine,650,True,10,2673.7,3133.8,0.0,0.0,1.0,29,29000002048
City-C,T2,10x,2600.0,S0b_StressOracle,cross_regime,M_stress,650,True,10,2673.7,2673.7,0.0,0.0,1.0,29,29000002048
City-C,T2,10x,2600.0,S1_CapRR,routine,M_routine,650,True,4,2666.6,1732.2,867.8,0.3504,0.0,29,29000002048
City-C,T2,10x,2600.0,S1_CapRR,cross_regime,M_stress,650,True,4,2666.6,712.6,1887.4,0.7328,0.0,29,29000002048
City-C,T2,10x,2600.0,S2_Platform,routine,M_routine,650,True,7,2815.8,2821.2,0.0,0.0,1.0,29,29000002048
City-C,T2,10x,2600.0,S2_Platform,cross_regime,M_stress,650,True,7,2815.8,1463.4,1136.6,0.4803,0.0,29,29000002048
City-C,T2,10x,2600.0,S3_Lin4,routine,M_routine,650,True,7,2701.6,2520.4,79.6,0.0671,0.0,29,29000002048
City-C,T2,10x,2600.0,S3_Lin4,cross_regime,M_stress,650,True,7,2701.6,1618.4,981.6,0.4009,0.0,29,29000002048
City-C,T2,10x,2600.0,S4_GlobalCalib,routine,M_routine,650,True,7,2925.6,2626.9,0.0,0.1021,1.0,29,29000002048
City-C,T2,10x,2600.0,S4_GlobalCalib,cross_regime,M_stress,650,True,7,2925.6,1483.6,1116.4,0.4929,0.0,29,29000002048
City-C,T2,10x,2600.0,S5_CityCalib,routine,M_routine,650,True,7,2913.2,2626.9,0.0,0.0983,1.0,29,29000002048
City-C,T2,10x,2600.0,S5_CityCalib,cross_regime,M_stress,650,True,7,2913.2,1483.6,1116.4,0.4907,0.0,29,29000002048
City-C,T2,10x,2600.0,S6_Q10,routine,M_routine,650,True,10,2771.9,3650.5,0.0,0.0,1.0,29,29000002048
City-C,T2,10x,2600.0,S6_Q10,cross_regime,M_stress,650,True,10,2771.9,2214.4,385.6,0.2011,0.0,29,29000002048
City-C,T3,1x,200.0,S0a_RoutineOracle,routine,M_routine,650,True,1,490.5,490.5,0.0,0.0,1.0,29,29000002048
City-C,T3,1x,200.0,S0a_RoutineOracle,cross_regime,M_stress,650,True,1,490.5,283.2,0.0,0.4226,1.0,29,29000002048
City-C,T3,1x,200.0,S0b_StressOracle,routine,M_routine,650,True,1,365.5,391.7,0.0,0.0,1.0,29,29000002048
City-C,T3,1x,200.0,S0b_StressOracle,cross_regime,M_stress,650,True,1,365.5,365.5,0.0,0.0,1.0,29,29000002048
City-C,T3,1x,200.0,S1_CapRR,routine,M_routine,650,True,1,648.6,391.7,0.0,0.396,1.0,29,29000002048
City-C,T3,1x,200.0,S1_CapRR,cross_regime,M_stress,650,True,1,648.6,365.5,0.0,0.4365,1.0,29,29000002048
City-C,T3,1x,200.0,S2_Platform,routine,M_routine,650,True,1,456.8,391.7,0.0,0.1423,1.0,29,29000002048
City-C,T3,1x,200.0,S2_Platform,cross_regime,M_stress,650,True,1,456.8,365.5,0.0,0.1998,1.0,29,29000002048
City-C,T3,1x,200.0,S3_Lin4,routine,M_routine,650,True,1,406.7,391.7,0.0,0.0369,1.0,29,29000002048
City-C,T3,1x,200.0,S3_Lin4,cross_regime,M_stress,650,True,1,406.7,365.5,0.0,0.1014,1.0,29,29000002048
City-C,T3,1x,200.0,S4_GlobalCalib,routine,M_routine,650,True,1,432.4,391.7,0.0,0.094,1.0,29,29000002048
City-C,T3,1x,200.0,S4_GlobalCalib,cross_regime,M_stress,650,True,1,432.4,365.5,0.0,0.1548,1.0,29,29000002048
City-C,T3,1x,200.0,S5_CityCalib,routine,M_routine,650,True,1,425.3,391.7,0.0,0.0789,1.0,29,29000002048
City-C,T3,1x,200.0,S5_CityCalib,cross_regime,M_stress,650,True,1,425.3,365.5,0.0,0.1406,1.0,29,29000002048
City-C,T3,1x,200.0,S6_Q10,routine,M_routine,650,True,1,299.0,391.7,0.0,0.0,1.0,29,29000002048
City-C,T3,1x,200.0,S6_Q10,cross_regime,M_stress,650,True,1,299.0,365.5,0.0,0.0,1.0,29,29000002048
City-C,T3,2x,400.0,S0a_RoutineOracle,routine,M_routine,650,True,1,490.5,490.5,0.0,0.0,1.0,29,29000002048
City-C,T3,2x,400.0,S0a_RoutineOracle,cross_regime,M_stress,650,True,1,490.5,283.2,116.8,0.4226,0.0,29,29000002048
City-C,T3,2x,400.0,S0b_StressOracle,routine,M_routine,650,True,2,648.7,882.3,0.0,0.0,1.0,29,29000002048
City-C,T3,2x,400.0,S0b_StressOracle,cross_regime,M_stress,650,True,2,648.7,648.7,0.0,0.0,1.0,29,29000002048
City-C,T3,2x,400.0,S1_CapRR,routine,M_routine,650,True,1,648.6,391.7,8.3,0.396,0.0,29,29000002048
City-C,T3,2x,400.0,S1_CapRR,cross_regime,M_stress,650,True,1,648.6,365.5,34.5,0.4365,0.0,29,29000002048
City-C,T3,2x,400.0,S2_Platform,routine,M_routine,650,True,1,456.8,391.7,8.3,0.1423,0.0,29,29000002048
City-C,T3,2x,400.0,S2_Platform,cross_regime,M_stress,650,True,1,456.8,365.5,34.5,0.1998,0.0,29,29000002048
City-C,T3,2x,400.0,S3_Lin4,routine,M_routine,650,True,1,406.7,391.7,8.3,0.0369,0.0,29,29000002048
City-C,T3,2x,400.0,S3_Lin4,cross_regime,M_stress,650,True,1,406.7,365.5,34.5,0.1014,0.0,29,29000002048
City-C,T3,2x,400.0,S4_GlobalCalib,routine,M_routine,650,True,1,432.4,391.7,8.3,0.094,0.0,29,29000002048
City-C,T3,2x,400.0,S4_GlobalCalib,cross_regime,M_stress,650,True,1,432.4,365.5,34.5,0.1548,0.0,29,29000002048
City-C,T3,2x,400.0,S5_CityCalib,routine,M_routine,650,True,1,425.3,391.7,8.3,0.0789,0.0,29,29000002048
City-C,T3,2x,400.0,S5_CityCalib,cross_regime,M_stress,650,True,1,425.3,365.5,34.5,0.1406,0.0,29,29000002048
City-C,T3,2x,400.0,S6_Q10,routine,M_routine,650,True,2,584.0,835.6,0.0,0.0,1.0,29,29000002048
City-C,T3,2x,400.0,S6_Q10,cross_regime,M_stress,650,True,2,584.0,617.3,0.0,0.0,1.0,29,29000002048
City-C,T3,5x,1000.0,S0a_RoutineOracle,routine,M_routine,650,True,3,1326.1,1326.1,0.0,0.0,1.0,29,29000002048
City-C,T3,5x,1000.0,S0a_RoutineOracle,cross_regime,M_stress,650,True,3,1326.1,900.5,99.5,0.3209,0.0,29,29000002048
City-C,T3,5x,1000.0,S0b_StressOracle,routine,M_routine,650,True,4,1193.9,1523.7,0.0,0.0,1.0,29,29000002048
City-C,T3,5x,1000.0,S0b_StressOracle,cross_regime,M_stress,650,True,4,1193.9,1193.9,0.0,0.0,1.0,29,29000002048
City-C,T3,5x,1000.0,S1_CapRR,routine,M_routine,650,True,2,1266.8,835.6,164.4,0.3404,0.0,29,29000002048
City-C,T3,5x,1000.0,S1_CapRR,cross_regime,M_stress,650,True,2,1266.8,617.3,382.7,0.5127,0.0,29,29000002048
City-C,T3,5x,1000.0,S2_Platform,routine,M_routine,650,True,3,1285.7,1179.6,0.0,0.0826,1.0,29,29000002048
City-C,T3,5x,1000.0,S2_Platform,cross_regime,M_stress,650,True,3,1285.7,717.1,282.9,0.4423,0.0,29,29000002048
City-C,T3,5x,1000.0,S3_Lin4,routine,M_routine,650,True,3,1177.6,1164.5,0.0,0.0111,1.0,29,29000002048
City-C,T3,5x,1000.0,S3_Lin4,cross_regime,M_stress,650,True,3,1177.6,864.4,135.6,0.266,0.0,29,29000002048
City-C,T3,5x,1000.0,S4_GlobalCalib,routine,M_routine,650,True,3,1221.0,1164.5,0.0,0.0463,1.0,29,29000002048
City-C,T3,5x,1000.0,S4_GlobalCalib,cross_regime,M_stress,650,True,3,1221.0,864.4,135.6,0.2921,0.0,29,29000002048
City-C,T3,5x,1000.0,S5_CityCalib,routine,M_routine,650,True,3,1201.4,1164.5,0.0,0.0307,1.0,29,29000002048
City-C,T3,5x,1000.0,S5_CityCalib,cross_regime,M_stress,650,True,3,1201.4,864.4,135.6,0.2805,0.0,29,29000002048
City-C,T3,5x,1000.0,S6_Q10,routine,M_routine,650,True,4,1081.7,1480.9,0.0,0.0,1.0,29,29000002048
City-C,T3,5x,1000.0,S6_Q10,cross_regime,M_stress,650,True,4,1081.7,1039.1,0.0,0.0394,1.0,29,29000002048
City-C,T3,10x,2000.0,S0a_RoutineOracle,routine,M_routine,650,True,5,2062.0,2062.0,0.0,0.0,1.0,29,29000002048
City-C,T3,10x,2000.0,S0a_RoutineOracle,cross_regime,M_stress,650,True,5,2062.0,1305.3,694.7,0.367,0.0,29,29000002048
City-C,T3,10x,2000.0,S0b_StressOracle,routine,M_routine,650,True,8,2170.7,2903.8,0.0,0.0,1.0,29,29000002048
City-C,T3,10x,2000.0,S0b_StressOracle,cross_regime,M_stress,650,True,8,2170.7,2170.7,0.0,0.0,1.0,29,29000002048
City-C,T3,10x,2000.0,S1_CapRR,routine,M_routine,650,True,4,2346.7,1480.9,519.1,0.369,0.0,29,29000002048
City-C,T3,10x,2000.0,S1_CapRR,cross_regime,M_stress,650,True,4,2346.7,1039.1,960.9,0.5572,0.0,29,29000002048
City-C,T3,10x,2000.0,S2_Platform,routine,M_routine,650,True,5,2048.1,1792.8,207.2,0.1246,0.0,29,29000002048
City-C,T3,10x,2000.0,S2_Platform,cross_regime,M_stress,650,True,5,2048.1,1168.3,831.7,0.4296,0.0,29,29000002048
City-C,T3,10x,2000.0,S3_Lin4,routine,M_routine,650,True,6,2272.2,2272.9,0.0,0.0,1.0,29,29000002048
City-C,T3,10x,2000.0,S3_Lin4,cross_regime,M_stress,650,True,6,2272.2,1434.7,565.3,0.3686,0.0,29,29000002048
City-C,T3,10x,2000.0,S4_GlobalCalib,routine,M_routine,650,True,6,2237.6,2250.0,0.0,0.0,1.0,29,29000002048
City-C,T3,10x,2000.0,S4_GlobalCalib,cross_regime,M_stress,650,True,6,2237.6,1470.6,529.4,0.3428,0.0,29,29000002048
City-C,T3,10x,2000.0,S5_CityCalib,routine,M_routine,650,True,6,2203.3,2250.0,0.0,0.0,1.0,29,29000002048
City-C,T3,10x,2000.0,S5_CityCalib,cross_regime,M_stress,650,True,6,2203.3,1470.6,529.4,0.3325,0.0,29,29000002048
City-C,T3,10x,2000.0,S6_Q10,routine,M_routine,650,True,9,2217.1,3212.1,0.0,0.0,1.0,29,29000002048
City-C,T3,10x,2000.0,S6_Q10,cross_regime,M_stress,650,True,9,2217.1,2234.6,0.0,0.0,1.0,29,29000002048
City-C,T4,1x,140.0,S0a_RoutineOracle,routine,M_routine,650,True,1,536.7,536.7,0.0,0.0,1.0,29,29000002048
City-C,T4,1x,140.0,S0a_RoutineOracle,cross_regime,M_stress,650,True,1,536.7,285.5,0.0,0.4681,1.0,29,29000002048
City-C,T4,1x,140.0,S0b_StressOracle,routine,M_routine,650,True,1,332.0,496.7,0.0,0.0,1.0,29,29000002048
City-C,T4,1x,140.0,S0b_StressOracle,cross_regime,M_stress,650,True,1,332.0,332.0,0.0,0.0,1.0,29,29000002048
City-C,T4,1x,140.0,S1_CapRR,routine,M_routine,650,True,1,737.0,536.7,0.0,0.2718,1.0,29,29000002048
City-C,T4,1x,140.0,S1_CapRR,cross_regime,M_stress,650,True,1,737.0,285.5,0.0,0.6127,1.0,29,29000002048
City-C,T4,1x,140.0,S2_Platform,routine,M_routine,650,True,1,377.7,232.1,0.0,0.3855,1.0,29,29000002048
City-C,T4,1x,140.0,S2_Platform,cross_regime,M_stress,650,True,1,377.7,201.7,0.0,0.466,1.0,29,29000002048
City-C,T4,1x,140.0,S3_Lin4,routine,M_routine,650,True,1,419.3,536.7,0.0,0.0,1.0,29,29000002048
City-C,T4,1x,140.0,S3_Lin4,cross_regime,M_stress,650,True,1,419.3,285.5,0.0,0.3192,1.0,29,29000002048
City-C,T4,1x,140.0,S4_GlobalCalib,routine,M_routine,650,True,1,490.9,536.7,0.0,0.0,1.0,29,29000002048
City-C,T4,1x,140.0,S4_GlobalCalib,cross_regime,M_stress,650,True,1,490.9,285.5,0.0,0.4184,1.0,29,29000002048
City-C,T4,1x,140.0,S5_CityCalib,routine,M_routine,650,True,1,485.9,536.7,0.0,0.0,1.0,29,29000002048
City-C,T4,1x,140.0,S5_CityCalib,cross_regime,M_stress,650,True,1,485.9,285.5,0.0,0.4125,1.0,29,29000002048
City-C,T4,1x,140.0,S6_Q10,routine,M_routine,650,True,1,340.6,536.7,0.0,0.0,1.0,29,29000002048
City-C,T4,1x,140.0,S6_Q10,cross_regime,M_stress,650,True,1,340.6,285.5,0.0,0.1619,1.0,29,29000002048
City-C,T4,2x,280.0,S0a_RoutineOracle,routine,M_routine,650,True,1,536.7,536.7,0.0,0.0,1.0,29,29000002048
City-C,T4,2x,280.0,S0a_RoutineOracle,cross_regime,M_stress,650,True,1,536.7,285.5,0.0,0.4681,1.0,29,29000002048
City-C,T4,2x,280.0,S0b_StressOracle,routine,M_routine,650,True,1,332.0,496.7,0.0,0.0,1.0,29,29000002048
City-C,T4,2x,280.0,S0b_StressOracle,cross_regime,M_stress,650,True,1,332.0,332.0,0.0,0.0,1.0,29,29000002048
City-C,T4,2x,280.0,S1_CapRR,routine,M_routine,650,True,1,737.0,536.7,0.0,0.2718,1.0,29,29000002048
City-C,T4,2x,280.0,S1_CapRR,cross_regime,M_stress,650,True,1,737.0,285.5,0.0,0.6127,1.0,29,29000002048
City-C,T4,2x,280.0,S2_Platform,routine,M_routine,650,True,1,377.7,232.1,47.9,0.3855,0.0,29,29000002048
City-C,T4,2x,280.0,S2_Platform,cross_regime,M_stress,650,True,1,377.7,201.7,78.3,0.466,0.0,29,29000002048
City-C,T4,2x,280.0,S3_Lin4,routine,M_routine,650,True,1,419.3,536.7,0.0,0.0,1.0,29,29000002048
City-C,T4,2x,280.0,S3_Lin4,cross_regime,M_stress,650,True,1,419.3,285.5,0.0,0.3192,1.0,29,29000002048
City-C,T4,2x,280.0,S4_GlobalCalib,routine,M_routine,650,True,1,490.9,536.7,0.0,0.0,1.0,29,29000002048
City-C,T4,2x,280.0,S4_GlobalCalib,cross_regime,M_stress,650,True,1,490.9,285.5,0.0,0.4184,1.0,29,29000002048
City-C,T4,2x,280.0,S5_CityCalib,routine,M_routine,650,True,1,485.9,536.7,0.0,0.0,1.0,29,29000002048
City-C,T4,2x,280.0,S5_CityCalib,cross_regime,M_stress,650,True,1,485.9,285.5,0.0,0.4125,1.0,29,29000002048
City-C,T4,2x,280.0,S6_Q10,routine,M_routine,650,True,1,340.6,536.7,0.0,0.0,1.0,29,29000002048
City-C,T4,2x,280.0,S6_Q10,cross_regime,M_stress,650,True,1,340.6,285.5,0.0,0.1619,1.0,29,29000002048
City-C,T4,5x,700.0,S0a_RoutineOracle,routine,M_routine,650,True,2,1042.4,1042.4,0.0,0.0,1.0,29,29000002048
City-C,T4,5x,700.0,S0a_RoutineOracle,cross_regime,M_stress,650,True,2,1042.4,534.3,165.7,0.4875,0.0,29,29000002048
City-C,T4,5x,700.0,S0b_StressOracle,routine,M_routine,650,True,3,953.2,835.3,0.0,0.1237,1.0,29,29000002048
City-C,T4,5x,700.0,S0b_StressOracle,cross_regime,M_stress,650,True,3,953.2,953.2,0.0,0.0,1.0,29,29000002048
City-C,T4,5x,700.0,S1_CapRR,routine,M_routine,650,True,1,737.0,536.7,163.3,0.2718,0.0,29,29000002048
City-C,T4,5x,700.0,S1_CapRR,cross_regime,M_stress,650,True,1,737.0,285.5,414.5,0.6127,0.0,29,29000002048
City-C,T4,5x,700.0,S2_Platform,routine,M_routine,650,True,2,738.2,592.6,107.4,0.1973,0.0,29,29000002048
City-C,T4,5x,700.0,S2_Platform,cross_regime,M_stress,650,True,2,738.2,442.6,257.4,0.4005,0.0,29,29000002048
City-C,T4,5x,700.0,S3_Lin4,routine,M_routine,650,True,2,820.8,897.2,0.0,0.0,1.0,29,29000002048
City-C,T4,5x,700.0,S3_Lin4,cross_regime,M_stress,650,True,2,820.8,526.4,173.6,0.3587,0.0,29,29000002048
City-C,T4,5x,700.0,S4_GlobalCalib,routine,M_routine,650,True,2,958.8,897.2,0.0,0.0642,1.0,29,29000002048
City-C,T4,5x,700.0,S4_GlobalCalib,cross_regime,M_stress,650,True,2,958.8,526.4,173.6,0.451,0.0,29,29000002048
City-C,T4,5x,700.0,S5_CityCalib,routine,M_routine,650,True,2,949.2,897.2,0.0,0.0547,1.0,29,29000002048
City-C,T4,5x,700.0,S5_CityCalib,cross_regime,M_stress,650,True,2,949.2,526.4,173.6,0.4454,0.0,29,29000002048
City-C,T4,5x,700.0,S6_Q10,routine,M_routine,650,True,3,961.8,1402.8,0.0,0.0,1.0,29,29000002048
City-C,T4,5x,700.0,S6_Q10,cross_regime,M_stress,650,True,3,961.8,775.2,0.0,0.194,1.0,29,29000002048
City-C,T4,10x,1400.0,S0a_RoutineOracle,routine,M_routine,650,True,3,1539.0,1539.0,0.0,0.0,1.0,29,29000002048
City-C,T4,10x,1400.0,S0a_RoutineOracle,cross_regime,M_stress,650,True,3,1539.0,866.3,533.7,0.4371,0.0,29,29000002048
City-C,T4,10x,1400.0,S0b_StressOracle,routine,M_routine,650,True,5,1523.3,1602.5,0.0,0.0,1.0,29,29000002048
City-C,T4,10x,1400.0,S0b_StressOracle,cross_regime,M_stress,650,True,5,1523.3,1523.3,0.0,0.0,1.0,29,29000002048
City-C,T4,10x,1400.0,S1_CapRR,routine,M_routine,650,True,2,1439.5,897.2,502.8,0.3767,0.0,29,29000002048
City-C,T4,10x,1400.0,S1_CapRR,cross_regime,M_stress,650,True,2,1439.5,526.4,873.6,0.6343,0.0,29,29000002048
City-C,T4,10x,1400.0,S2_Platform,routine,M_routine,650,True,4,1425.4,1096.0,304.0,0.2311,0.0,29,29000002048
City-C,T4,10x,1400.0,S2_Platform,cross_regime,M_stress,650,True,4,1425.4,1025.9,374.1,0.2803,0.0,29,29000002048
City-C,T4,10x,1400.0,S3_Lin4,routine,M_routine,650,True,4,1598.2,1782.9,0.0,0.0,1.0,29,29000002048
City-C,T4,10x,1400.0,S3_Lin4,cross_regime,M_stress,650,True,4,1598.2,921.7,478.3,0.4233,0.0,29,29000002048
City-C,T4,10x,1400.0,S4_GlobalCalib,routine,M_routine,650,True,4,1776.1,1568.7,0.0,0.1168,1.0,29,29000002048
City-C,T4,10x,1400.0,S4_GlobalCalib,cross_regime,M_stress,650,True,4,1776.1,1084.8,315.2,0.3892,0.0,29,29000002048
City-C,T4,10x,1400.0,S5_CityCalib,routine,M_routine,650,True,4,1759.0,1568.7,0.0,0.1082,1.0,29,29000002048
City-C,T4,10x,1400.0,S5_CityCalib,cross_regime,M_stress,650,True,4,1759.0,1084.8,315.2,0.3833,0.0,29,29000002048
City-C,T4,10x,1400.0,S6_Q10,routine,M_routine,650,True,5,1500.0,2065.4,0.0,0.0,1.0,29,29000002048
City-C,T4,10x,1400.0,S6_Q10,cross_regime,M_stress,650,True,5,1500.0,1416.8,0.0,0.0555,1.0,29,29000002048
City-C,T5,1x,160.0,S0a_RoutineOracle,routine,M_routine,650,True,1,593.4,593.4,0.0,0.0,1.0,29,29000002048
City-C,T5,1x,160.0,S0a_RoutineOracle,cross_regime,M_stress,650,True,1,593.4,162.9,0.0,0.7255,1.0,29,29000002048
City-C,T5,1x,160.0,S0b_StressOracle,routine,M_routine,650,True,1,353.0,511.4,0.0,0.0,1.0,29,29000002048
City-C,T5,1x,160.0,S0b_StressOracle,cross_regime,M_stress,650,True,1,353.0,353.0,0.0,0.0,1.0,29,29000002048
City-C,T5,1x,160.0,S1_CapRR,routine,M_routine,650,True,1,648.6,511.4,0.0,0.2116,1.0,29,29000002048
City-C,T5,1x,160.0,S1_CapRR,cross_regime,M_stress,650,True,1,648.6,353.0,0.0,0.4558,1.0,29,29000002048
City-C,T5,1x,160.0,S2_Platform,routine,M_routine,650,True,1,451.5,511.4,0.0,0.0,1.0,29,29000002048
City-C,T5,1x,160.0,S2_Platform,cross_regime,M_stress,650,True,1,451.5,353.0,0.0,0.2182,1.0,29,29000002048
City-C,T5,1x,160.0,S3_Lin4,routine,M_routine,650,True,1,409.1,511.4,0.0,0.0,1.0,29,29000002048
City-C,T5,1x,160.0,S3_Lin4,cross_regime,M_stress,650,True,1,409.1,353.0,0.0,0.1373,1.0,29,29000002048
City-C,T5,1x,160.0,S4_GlobalCalib,routine,M_routine,650,True,1,434.7,511.4,0.0,0.0,1.0,29,29000002048
City-C,T5,1x,160.0,S4_GlobalCalib,cross_regime,M_stress,650,True,1,434.7,353.0,0.0,0.188,1.0,29,29000002048
City-C,T5,1x,160.0,S5_CityCalib,routine,M_routine,650,True,1,427.6,511.4,0.0,0.0,1.0,29,29000002048
City-C,T5,1x,160.0,S5_CityCalib,cross_regime,M_stress,650,True,1,427.6,353.0,0.0,0.1744,1.0,29,29000002048
City-C,T5,1x,160.0,S6_Q10,routine,M_routine,650,True,1,300.0,511.4,0.0,0.0,1.0,29,29000002048
City-C,T5,1x,160.0,S6_Q10,cross_regime,M_stress,650,True,1,300.0,353.0,0.0,0.0,1.0,29,29000002048
City-C,T5,2x,320.0,S0a_RoutineOracle,routine,M_routine,650,True,1,593.4,593.4,0.0,0.0,1.0,29,29000002048
City-C,T5,2x,320.0,S0a_RoutineOracle,cross_regime,M_stress,650,True,1,593.4,162.9,157.1,0.7255,0.0,29,29000002048
City-C,T5,2x,320.0,S0b_StressOracle,routine,M_routine,650,True,1,353.0,511.4,0.0,0.0,1.0,29,29000002048
City-C,T5,2x,320.0,S0b_StressOracle,cross_regime,M_stress,650,True,1,353.0,353.0,0.0,0.0,1.0,29,29000002048
City-C,T5,2x,320.0,S1_CapRR,routine,M_routine,650,True,1,648.6,511.4,0.0,0.2116,1.0,29,29000002048
City-C,T5,2x,320.0,S1_CapRR,cross_regime,M_stress,650,True,1,648.6,353.0,0.0,0.4558,1.0,29,29000002048
City-C,T5,2x,320.0,S2_Platform,routine,M_routine,650,True,1,451.5,511.4,0.0,0.0,1.0,29,29000002048
City-C,T5,2x,320.0,S2_Platform,cross_regime,M_stress,650,True,1,451.5,353.0,0.0,0.2182,1.0,29,29000002048
City-C,T5,2x,320.0,S3_Lin4,routine,M_routine,650,True,1,409.1,511.4,0.0,0.0,1.0,29,29000002048
City-C,T5,2x,320.0,S3_Lin4,cross_regime,M_stress,650,True,1,409.1,353.0,0.0,0.1373,1.0,29,29000002048
City-C,T5,2x,320.0,S4_GlobalCalib,routine,M_routine,650,True,1,434.7,511.4,0.0,0.0,1.0,29,29000002048
City-C,T5,2x,320.0,S4_GlobalCalib,cross_regime,M_stress,650,True,1,434.7,353.0,0.0,0.188,1.0,29,29000002048
City-C,T5,2x,320.0,S5_CityCalib,routine,M_routine,650,True,1,427.6,511.4,0.0,0.0,1.0,29,29000002048
City-C,T5,2x,320.0,S5_CityCalib,cross_regime,M_stress,650,True,1,427.6,353.0,0.0,0.1744,1.0,29,29000002048
City-C,T5,2x,320.0,S6_Q10,routine,M_routine,650,True,2,585.9,1104.8,0.0,0.0,1.0,29,29000002048
City-C,T5,2x,320.0,S6_Q10,cross_regime,M_stress,650,True,2,585.9,515.9,0.0,0.1195,1.0,29,29000002048
City-C,T5,5x,800.0,S0a_RoutineOracle,routine,M_routine,650,True,2,1104.8,1104.8,0.0,0.0,1.0,29,29000002048
City-C,T5,5x,800.0,S0a_RoutineOracle,cross_regime,M_stress,650,True,2,1104.8,515.9,284.1,0.5331,0.0,29,29000002048
City-C,T5,5x,800.0,S0b_StressOracle,routine,M_routine,650,True,3,918.4,1152.8,0.0,0.0,1.0,29,29000002048
City-C,T5,5x,800.0,S0b_StressOracle,cross_regime,M_stress,650,True,3,918.4,918.4,0.0,0.0,1.0,29,29000002048
City-C,T5,5x,800.0,S1_CapRR,routine,M_routine,650,True,2,1266.8,1104.8,0.0,0.1279,1.0,29,29000002048
City-C,T5,5x,800.0,S1_CapRR,cross_regime,M_stress,650,True,2,1266.8,515.9,284.1,0.5928,0.0,29,29000002048
City-C,T5,5x,800.0,S2_Platform,routine,M_routine,650,True,2,882.9,800.7,0.0,0.0931,1.0,29,29000002048
City-C,T5,5x,800.0,S2_Platform,cross_regime,M_stress,650,True,2,882.9,526.6,273.4,0.4036,0.0,29,29000002048
City-C,T5,5x,800.0,S3_Lin4,routine,M_routine,650,True,3,1185.9,1342.7,0.0,0.0,1.0,29,29000002048
City-C,T5,5x,800.0,S3_Lin4,cross_regime,M_stress,650,True,3,1185.9,793.5,6.5,0.3309,0.0,29,29000002048
City-C,T5,5x,800.0,S4_GlobalCalib,routine,M_routine,650,True,2,849.0,1104.8,0.0,0.0,1.0,29,29000002048
City-C,T5,5x,800.0,S4_GlobalCalib,cross_regime,M_stress,650,True,2,849.0,515.9,284.1,0.3924,0.0,29,29000002048
City-C,T5,5x,800.0,S5_CityCalib,routine,M_routine,650,True,2,835.2,1104.8,0.0,0.0,1.0,29,29000002048
City-C,T5,5x,800.0,S5_CityCalib,cross_regime,M_stress,650,True,2,835.2,515.9,284.1,0.3824,0.0,29,29000002048
City-C,T5,5x,800.0,S6_Q10,routine,M_routine,650,True,3,847.0,1342.7,0.0,0.0,1.0,29,29000002048
City-C,T5,5x,800.0,S6_Q10,cross_regime,M_stress,650,True,3,847.0,793.5,6.5,0.0632,0.0,29,29000002048
City-C,T5,10x,1600.0,S0a_RoutineOracle,routine,M_routine,650,True,4,1869.2,1869.2,0.0,0.0,1.0,29,29000002048
City-C,T5,10x,1600.0,S0a_RoutineOracle,cross_regime,M_stress,650,True,4,1869.2,940.6,659.4,0.4968,0.0,29,29000002048
City-C,T5,10x,1600.0,S0b_StressOracle,routine,M_routine,650,True,6,1653.2,2008.5,0.0,0.0,1.0,29,29000002048
City-C,T5,10x,1600.0,S0b_StressOracle,cross_regime,M_stress,650,True,6,1653.2,1653.2,0.0,0.0,1.0,29,29000002048
City-C,T5,10x,1600.0,S1_CapRR,routine,M_routine,650,True,3,1831.4,1342.7,257.3,0.2669,0.0,29,29000002048
City-C,T5,10x,1600.0,S1_CapRR,cross_regime,M_stress,650,True,3,1831.4,793.5,806.5,0.5668,0.0,29,29000002048
City-C,T5,10x,1600.0,S2_Platform,routine,M_routine,650,True,4,1670.1,1420.6,179.4,0.1494,0.0,29,29000002048
City-C,T5,10x,1600.0,S2_Platform,cross_regime,M_stress,650,True,4,1670.1,938.0,662.0,0.4383,0.0,29,29000002048
City-C,T5,10x,1600.0,S3_Lin4,routine,M_routine,650,True,5,1939.5,1928.9,0.0,0.0054,1.0,29,29000002048
City-C,T5,10x,1600.0,S3_Lin4,cross_regime,M_stress,650,True,5,1939.5,1076.8,523.2,0.4448,0.0,29,29000002048
City-C,T5,10x,1600.0,S4_GlobalCalib,routine,M_routine,650,True,5,1914.0,1959.4,0.0,0.0,1.0,29,29000002048
City-C,T5,10x,1600.0,S4_GlobalCalib,cross_regime,M_stress,650,True,5,1914.0,1227.4,372.6,0.3587,0.0,29,29000002048
City-C,T5,10x,1600.0,S5_CityCalib,routine,M_routine,650,True,5,1884.7,1959.4,0.0,0.0,1.0,29,29000002048
City-C,T5,10x,1600.0,S5_CityCalib,cross_regime,M_stress,650,True,5,1884.7,1227.4,372.6,0.3487,0.0,29,29000002048
City-C,T5,10x,1600.0,S6_Q10,routine,M_routine,650,True,7,1779.8,2668.8,0.0,0.0,1.0,29,29000002048
City-C,T5,10x,1600.0,S6_Q10,cross_regime,M_stress,650,True,7,1779.8,1699.1,0.0,0.0453,1.0,29,29000002048
