city,task_id,p_req_level,p_req,strategy,regime,eval_outcome,pool_size,pool_feasible,n_selected,p_commit,p_deliv,shortfall,ocr,success,seed_id,master_seed
City-A,T1,1x,180.0,S0a_RoutineOracle,routine,M_routine,800,True,1,495.1,495.1,0.0,0.0,1.0,16,16000002048
City-A,T1,1x,180.0,S0a_RoutineOracle,cross_regime,M_stress,800,True,1,495.1,223.9,0.0,0.5478,1.0,16,16000002048
City-A,T1,1x,180.0,S0b_StressOracle,routine,M_routine,800,True,1,379.8,401.1,0.0,0.0,1.0,16,16000002048
City-A,T1,1x,180.0,S0b_StressOracle,cross_regime,M_stress,800,True,1,379.8,379.8,0.0,0.0,1.0,16,16000002048
City-A,T1,1x,180.0,S1_CapRR,routine,M_routine,800,True,1,678.2,401.1,0.0,0.4085,1.0,16,16000002048
City-A,T1,1x,180.0,S1_CapRR,cross_regime,M_stress,800,True,1,678.2,379.8,0.0,0.44,1.0,16,16000002048
City-A,T1,1x,180.0,S2_Platform,routine,M_routine,800,True,1,421.1,401.1,0.0,0.0473,1.0,16,16000002048
City-A,T1,1x,180.0,S2_Platform,cross_regime,M_stress,800,True,1,421.1,379.8,0.0,0.098,1.0,16,16000002048
City-A,T1,1x,180.0,S3_Lin4,routine,M_routine,800,True,1,486.2,401.1,0.0,0.175,1.0,16,16000002048
City-A,T1,1x,180.0,S3_Lin4,cross_regime,M_stress,800,True,1,486.2,379.8,0.0,0.2189,1.0,16,16000002048
City-A,T1,1x,180.0,S4_GlobalCalib,routine,M_routine,800,True,1,451.9,401.1,0.0,0.1123,1.0,16,16000002048
City-A,T1,1x,180.0,S4_GlobalCalib,cross_regime,M_stress,800,True,1,451.9,379.8,0.0,0.1595,1.0,16,16000002048
City-A,T1,1x,180.0,S5_CityCalib,routine,M_routine,800,True,1,440.1,401.1,0.0,0.0886,1.0,16,16000002048
City-A,T1,1x,180.0,S5_CityCalib,cross_regime,M_stress,800,True,1,440.1,379.8,0.0,0.1371,1.0,16,16000002048
City-A,T1,1x,180.0,S6_Q10,routine,M_routine,800,True,1,315.0,401.1,0.0,0.0,1.0,16,16000002048
City-A,T1,1x,180.0,S6_Q10,cross_regime,M_stress,800,True,1,315.0,379.8,0.0,0.0,1.0,16,16000002048
City-A,T1,2x,360.0,S0a_RoutineOracle,routine,M_routine,800,True,1,495.1,495.1,0.0,0.0,1.0,16,16000002048
City-A,T1,2x,360.0,S0a_RoutineOracle,cross_regime,M_stress,800,True,1,495.1,223.9,136.1,0.5478,0.0,16,16000002048
City-A,T1,2x,360.0,S0b_StressOracle,routine,M_routine,800,True,1,379.8,401.1,0.0,0.0,1.0,16,16000002048
City-A,T1,2x,360.0,S0b_StressOracle,cross_regime,M_stress,800,True,1,379.8,379.8,0.0,0.0,1.0,16,16000002048
City-A,T1,2x,360.0,S1_CapRR,routine,M_routine,800,True,1,678.2,401.1,0.0,0.4085,1.0,16,16000002048
City-A,T1,2x,360.0,S1_CapRR,cross_regime,M_stress,800,True,1,678.2,379.8,0.0,0.44,1.0,16,16000002048
City-A,T1,2x,360.0,S2_Platform,routine,M_routine,800,True,1,421.1,401.1,0.0,0.0473,1.0,16,16000002048
City-A,T1,2x,360.0,S2_Platform,cross_regime,M_stress,800,True,1,421.1,379.8,0.0,0.098,1.0,16,16000002048
City-A,T1,2x,360.0,S3_Lin4,routine,M_routine,800,True,1,486.2,401.1,0.0,0.175,1.0,16,16000002048
City-A,T1,2x,360.0,S3_Lin4,cross_regime,M_stress,800,True,1,486.2,379.8,0.0,0.2189,1.0,16,16000002048
City-A,T1,2x,360.0,S4_GlobalCalib,routine,M_routine,800,True,1,451.9,401.1,0.0,0.1123,1.0,16,16000002048
City-A,T1,2x,360.0,S4_GlobalCalib,cross_regime,M_stress,800,True,1,451.9,379.8,0.0,0.1595,1.0,16,16000002048
City-A,T1,2x,360.0,S5_CityCalib,routine,M_routine,800,True,1,440.1,401.1,0.0,0.0886,1.0,16,16000002048
City-A,T1,2x,360.0,S5_CityCalib,cross_regime,M_stress,800,True,1,440.1,379.8,0.0,0.1371,1.0,16,16000002048
City-A,T1,2x,360.0,S6_Q10,routine,M_routine,800,True,2,600.8,896.2,0.0,0.0,1.0,16,16000002048
City-A,T1,2x,360.0,S6_Q10,cross_regime,M_stress,800,True,2,600.8,603.7,0.0,0.0,1.0,16,16000002048
City-A,T1,5x,900.0,S0a_RoutineOracle,routine,M_routine,800,True,2,934.6,934.6,0.0,0.0,1.0,16,16000002048
City-A,T1,5x,900.0,S0a_RoutineOracle,cross_regime,M_stress,800,True,2,934.6,444.8,455.2,0.5241,0.0,16,16000002048
City-A,T1,5x,900.0,S0b_StressOracle,routine,M_routine,800,True,3,997.7,1039.9,0.0,0.0,1.0,16,16000002048
City-A,T1,5x,900.0,S0b_StressOracle,cross_regime,M_stress,800,True,3,997.7,997.7,0.0,0.0,1.0,16,16000002048
City-A,T1,5x,900.0,S1_CapRR,routine,M_routine,800,True,2,1293.4,896.2,3.8,0.307,0.0,16,16000002048
City-A,T1,5x,900.0,S1_CapRR,cross_regime,M_stress,800,True,2,1293.4,603.7,296.3,0.5333,0.0,16,16000002048
City-A,T1,5x,900.0,S2_Platform,routine,M_routine,800,True,3,1202.1,1262.0,0.0,0.0,1.0,16,16000002048
City-A,T1,5x,900.0,S2_Platform,cross_regime,M_stress,800,True,3,1202.1,726.8,173.2,0.3954,0.0,16,16000002048
City-A,T1,5x,900.0,S3_Lin4,routine,M_routine,800,True,3,1246.7,1006.8,0.0,0.1924,1.0,16,16000002048
City-A,T1,5x,900.0,S3_Lin4,cross_regime,M_stress,800,True,3,1246.7,864.9,35.1,0.3062,0.0,16,16000002048
City-A,T1,5x,900.0,S4_GlobalCalib,routine,M_routine,800,True,3,1259.2,1244.6,0.0,0.0116,1.0,16,16000002048
City-A,T1,5x,900.0,S4_GlobalCalib,cross_regime,M_stress,800,True,3,1259.2,907.4,0.0,0.2794,1.0,16,16000002048
City-A,T1,5x,900.0,S5_CityCalib,routine,M_routine,800,True,3,1227.1,1244.6,0.0,0.0,1.0,16,16000002048
City-A,T1,5x,900.0,S5_CityCalib,cross_regime,M_stress,800,True,3,1227.1,907.4,0.0,0.2605,1.0,16,16000002048
City-A,T1,5x,900.0,S6_Q10,routine,M_routine,800,True,4,1148.3,1527.2,0.0,0.0,1.0,16,16000002048
City-A,T1,5x,900.0,S6_Q10,cross_regime,M_stress,800,True,4,1148.3,1156.4,0.0,0.0,1.0,16,16000002048
City-A,T1,10x,1800.0,S0a_RoutineOracle,routine,M_routine,800,True,5,2115.2,2115.2,0.0,0.0,1.0,16,16000002048
City-A,T1,10x,1800.0,S0a_RoutineOracle,cross_regime,M_stress,800,True,5,2115.2,1241.0,559.0,0.4133,0.0,16,16000002048
City-A,T1,10x,1800.0,S0b_StressOracle,routine,M_routine,800,True,7,2008.9,2071.6,0.0,0.0,1.0,16,16000002048
City-A,T1,10x,1800.0,S0b_StressOracle,cross_regime,M_stress,800,True,7,2008.9,2008.9,0.0,0.0,1.0,16,16000002048
City-A,T1,10x,1800.0,S1_CapRR,routine,M_routine,800,True,3,1889.7,1244.6,555.4,0.3414,0.0,16,16000002048
City-A,T1,10x,1800.0,S1_CapRR,cross_regime,M_stress,800,True,3,1889.7,907.4,892.6,0.5198,0.0,16,16000002048
City-A,T1,10x,1800.0,S2_Platform,routine,M_routine,800,True,5,1914.5,1970.4,0.0,0.0,1.0,16,16000002048
City-A,T1,10x,1800.0,S2_Platform,cross_regime,M_stress,800,True,5,1914.5,1129.1,670.9,0.4102,0.0,16,16000002048
City-A,T1,10x,1800.0,S3_Lin4,routine,M_routine,800,True,5,1965.0,1784.6,15.4,0.0918,0.0,16,16000002048
City-A,T1,10x,1800.0,S3_Lin4,cross_regime,M_stress,800,True,5,1965.0,1337.9,462.1,0.3191,0.0,16,16000002048
City-A,T1,10x,1800.0,S4_GlobalCalib,routine,M_routine,800,True,5,2024.1,1966.8,0.0,0.0283,1.0,16,16000002048
City-A,T1,10x,1800.0,S4_GlobalCalib,cross_regime,M_stress,800,True,5,2024.1,1377.3,422.7,0.3195,0.0,16,16000002048
City-A,T1,10x,1800.0,S5_CityCalib,routine,M_routine,800,True,5,1972.9,1966.8,0.0,0.0031,1.0,16,16000002048
City-A,T1,10x,1800.0,S5_CityCalib,cross_regime,M_stress,800,True,5,1972.9,1377.3,422.7,0.3019,0.0,16,16000002048
City-A,T1,10x,1800.0,S6_Q10,routine,M_routine,800,True,7,1899.0,2589.9,0.0,0.0,1.0,16,16000002048
City-A,T1,10x,1800.0,S6_Q10,cross_regime,M_stress,800,True,7,1899.0,1681.8,118.2,0.1143,0.0,16,16000002048
City-A,T2,1x,260.0,S0a_RoutineOracle,routine,M_routine,800,True,1,458.3,458.3,0.0,0.0,1.0,16,16000002048
City-A,T2,1x,260.0,S0a_RoutineOracle,cross_regime,M_stress,800,True,1,458.3,328.8,0.0,0.2825,1.0,16,16000002048
City-A,T2,1x,260.0,S0b_StressOracle,routine,M_routine,800,True,1,328.8,458.3,0.0,0.0,1.0,16,16000002048
City-A,T2,1x,260.0,S0b_StressOracle,cross_regime,M_stress,800,True,1,328.8,328.8,0.0,0.0,1.0,16,16000002048
City-A,T2,1x,260.0,S1_CapRR,routine,M_routine,800,True,1,678.2,365.8,0.0,0.4606,1.0,16,16000002048
City-A,T2,1x,260.0,S1_CapRR,cross_regime,M_stress,800,True,1,678.2,192.4,67.6,0.7162,0.0,16,16000002048
City-A,T2,1x,260.0,S2_Platform,routine,M_routine,800,True,1,441.1,365.8,0.0,0.1707,1.0,16,16000002048
City-A,T2,1x,260.0,S2_Platform,cross_regime,M_stress,800,True,1,441.1,192.4,67.6,0.5637,0.0,16,16000002048
City-A,T2,1x,260.0,S3_Lin4,routine,M_routine,800,True,1,474.5,365.8,0.0,0.2291,1.0,16,16000002048
City-A,T2,1x,260.0,S3_Lin4,cross_regime,M_stress,800,True,1,474.5,192.4,67.6,0.5945,0.0,16,16000002048
City-A,T2,1x,260.0,S4_GlobalCalib,routine,M_routine,800,True,1,445.8,365.8,0.0,0.1795,1.0,16,16000002048
City-A,T2,1x,260.0,S4_GlobalCalib,cross_regime,M_stress,800,True,1,445.8,192.4,67.6,0.5684,0.0,16,16000002048
City-A,T2,1x,260.0,S5_CityCalib,routine,M_routine,800,True,1,440.2,365.8,0.0,0.1689,1.0,16,16000002048
City-A,T2,1x,260.0,S5_CityCalib,cross_regime,M_stress,800,True,1,440.2,192.4,67.6,0.5628,0.0,16,16000002048
City-A,T2,1x,260.0,S6_Q10,routine,M_routine,800,True,1,313.8,365.8,0.0,0.0,1.0,16,16000002048
City-A,T2,1x,260.0,S6_Q10,cross_regime,M_stress,800,True,1,313.8,192.4,67.6,0.3867,0.0,16,16000002048
City-A,T2,2x,520.0,S0a_RoutineOracle,routine,M_routine,800,True,2,895.2,895.2,0.0,0.0,1.0,16,16000002048
City-A,T2,2x,520.0,S0a_RoutineOracle,cross_regime,M_stress,800,True,2,895.2,498.7,21.3,0.443,0.0,16,16000002048
City-A,T2,2x,520.0,S0b_StressOracle,routine,M_routine,800,True,2,638.8,843.8,0.0,0.0,1.0,16,16000002048
City-A,T2,2x,520.0,S0b_StressOracle,cross_regime,M_stress,800,True,2,638.8,638.8,0.0,0.0,1.0,16,16000002048
City-A,T2,2x,520.0,S1_CapRR,routine,M_routine,800,True,1,678.2,365.8,154.2,0.4606,0.0,16,16000002048
City-A,T2,2x,520.0,S1_CapRR,cross_regime,M_stress,800,True,1,678.2,192.4,327.6,0.7162,0.0,16,16000002048
City-A,T2,2x,520.0,S2_Platform,routine,M_routine,800,True,2,849.9,612.6,0.0,0.2793,1.0,16,16000002048
City-A,T2,2x,520.0,S2_Platform,cross_regime,M_stress,800,True,2,849.9,463.4,56.6,0.4547,0.0,16,16000002048
City-A,T2,2x,520.0,S3_Lin4,routine,M_routine,800,True,2,848.5,824.1,0.0,0.0287,1.0,16,16000002048
City-A,T2,2x,520.0,S3_Lin4,cross_regime,M_stress,800,True,2,848.5,521.3,0.0,0.3857,1.0,16,16000002048
City-A,T2,2x,520.0,S4_GlobalCalib,routine,M_routine,800,True,2,850.5,612.6,0.0,0.2797,1.0,16,16000002048
City-A,T2,2x,520.0,S4_GlobalCalib,cross_regime,M_stress,800,True,2,850.5,463.4,56.6,0.4551,0.0,16,16000002048
City-A,T2,2x,520.0,S5_CityCalib,routine,M_routine,800,True,2,839.8,612.6,0.0,0.2706,1.0,16,16000002048
City-A,T2,2x,520.0,S5_CityCalib,cross_regime,M_stress,800,True,2,839.8,463.4,56.6,0.4482,0.0,16,16000002048
City-A,T2,2x,520.0,S6_Q10,routine,M_routine,800,True,2,598.4,612.6,0.0,0.0,1.0,16,16000002048
City-A,T2,2x,520.0,S6_Q10,cross_regime,M_stress,800,True,2,598.4,463.4,56.6,0.2255,0.0,16,16000002048
City-A,T2,5x,1300.0,S0a_RoutineOracle,routine,M_routine,800,True,3,1303.3,1303.3,0.0,0.0,1.0,16,16000002048
City-A,T2,5x,1300.0,S0a_RoutineOracle,cross_regime,M_stress,800,True,3,1303.3,729.0,571.0,0.4406,0.0,16,16000002048
City-A,T2,5x,1300.0,S0b_StressOracle,routine,M_routine,800,True,5,1484.6,1737.2,0.0,0.0,1.0,16,16000002048
City-A,T2,5x,1300.0,S0b_StressOracle,cross_regime,M_stress,800,True,5,1484.6,1484.6,0.0,0.0,1.0,16,16000002048
City-A,T2,5x,1300.0,S1_CapRR,routine,M_routine,800,True,3,1889.7,1070.9,229.1,0.4333,0.0,16,16000002048
City-A,T2,5x,1300.0,S1_CapRR,cross_regime,M_stress,800,True,3,1889.7,792.2,507.8,0.5808,0.0,16,16000002048
City-A,T2,5x,1300.0,S2_Platform,routine,M_routine,800,True,4,1596.5,1376.9,0.0,0.1375,1.0,16,16000002048
City-A,T2,5x,1300.0,S2_Platform,cross_regime,M_stress,800,True,4,1596.5,940.1,359.9,0.4112,0.0,16,16000002048
City-A,T2,5x,1300.0,S3_Lin4,routine,M_routine,800,True,4,1567.4,1327.5,0.0,0.1531,1.0,16,16000002048
City-A,T2,5x,1300.0,S3_Lin4,cross_regime,M_stress,800,True,4,1567.4,1032.2,267.8,0.3414,0.0,16,16000002048
City-A,T2,5x,1300.0,S4_GlobalCalib,routine,M_routine,800,True,4,1626.0,1402.4,0.0,0.1375,1.0,16,16000002048
City-A,T2,5x,1300.0,S4_GlobalCalib,cross_regime,M_stress,800,True,4,1626.0,1035.8,264.2,0.363,0.0,16,16000002048
City-A,T2,5x,1300.0,S5_CityCalib,routine,M_routine,800,True,4,1605.9,1402.4,0.0,0.1267,1.0,16,16000002048
City-A,T2,5x,1300.0,S5_CityCalib,cross_regime,M_stress,800,True,4,1605.9,1035.8,264.2,0.355,0.0,16,16000002048
City-A,T2,5x,1300.0,S6_Q10,routine,M_routine,800,True,5,1405.2,1729.8,0.0,0.0,1.0,16,16000002048
City-A,T2,5x,1300.0,S6_Q10,cross_regime,M_stress,800,True,5,1405.2,1342.6,0.0,0.0446,1.0,16,16000002048
City-A,T2,10x,2600.0,S0a_RoutineOracle,routine,M_routine,800,True,7,2796.2,2796.2,0.0,0.0,1.0,16,16000002048
City-A,T2,10x,2600.0,S0a_RoutineOracle,cross_regime,M_stress,800,True,7,2796.2,1508.2,1091.8,0.4606,0.0,16,16000002048
City-A,T2,10x,2600.0,S0b_StressOracle,routine,M_routine,800,True,10,2711.8,3289.3,0.0,0.0,1.0,16,16000002048
City-A,T2,10x,2600.0,S0b_StressOracle,cross_regime,M_stress,800,True,10,2711.8,2711.8,0.0,0.0,1.0,16,16000002048
City-A,T2,10x,2600.0,S1_CapRR,routine,M_routine,800,True,5,3037.3,1729.8,870.2,0.4305,0.0,16,16000002048
City-A,T2,10x,2600.0,S1_CapRR,cross_regime,M_stress,800,True,5,3037.3,1342.6,1257.4,0.558,0.0,16,16000002048
City-A,T2,10x,2600.0,S2_Platform,routine,M_routine,800,True,7,2630.1,2614.7,0.0,0.0059,1.0,16,16000002048
City-A,T2,10x,2600.0,S2_Platform,cross_regime,M_stress,800,True,7,2630.1,1628.6,971.4,0.3808,0.0,16,16000002048
City-A,T2,10x,2600.0,S3_Lin4,routine,M_routine,800,True,8,2902.9,2614.9,0.0,0.0992,1.0,16,16000002048
City-A,T2,10x,2600.0,S3_Lin4,cross_regime,M_stress,800,True,8,2902.9,2053.7,546.3,0.2926,0.0,16,16000002048
City-A,T2,10x,2600.0,S4_GlobalCalib,routine,M_routine,800,True,7,2689.7,2423.4,176.6,0.099,0.0,16,16000002048
City-A,T2,10x,2600.0,S4_GlobalCalib,cross_regime,M_stress,800,True,7,2689.7,1752.4,847.6,0.3485,0.0,16,16000002048
City-A,T2,10x,2600.0,S5_CityCalib,routine,M_routine,800,True,7,2657.2,2423.4,176.6,0.088,0.0,16,16000002048
City-A,T2,10x,2600.0,S5_CityCalib,cross_regime,M_stress,800,True,7,2657.2,1752.4,847.6,0.3405,0.0,16,16000002048
City-A,T2,10x,2600.0,S6_Q10,routine,M_routine,800,True,11,2831.5,3818.3,0.0,0.0,1.0,16,16000002048
City-A,T2,10x,2600.0,S6_Q10,cross_regime,M_stress,800,True,11,2831.5,2780.8,0.0,0.0179,1.0,16,16000002048
City-A,T3,1x,200.0,S0a_RoutineOracle,routine,M_routine,800,True,1,387.2,387.2,0.0,0.0,1.0,16,16000002048
City-A,T3,1x,200.0,S0a_RoutineOracle,cross_regime,M_stress,800,True,1,387.2,233.5,0.0,0.3968,1.0,16,16000002048
City-A,T3,1x,200.0,S0b_StressOracle,routine,M_routine,800,True,1,273.1,262.0,0.0,0.0404,1.0,16,16000002048
City-A,T3,1x,200.0,S0b_StressOracle,cross_regime,M_stress,800,True,1,273.1,273.1,0.0,0.0,1.0,16,16000002048
City-A,T3,1x,200.0,S1_CapRR,routine,M_routine,800,True,1,596.8,262.0,0.0,0.5609,1.0,16,16000002048
City-A,T3,1x,200.0,S1_CapRR,cross_regime,M_stress,800,True,1,596.8,273.1,0.0,0.5424,1.0,16,16000002048
City-A,T3,1x,200.0,S2_Platform,routine,M_routine,800,True,1,470.7,262.0,0.0,0.4433,1.0,16,16000002048
City-A,T3,1x,200.0,S2_Platform,cross_regime,M_stress,800,True,1,470.7,273.1,0.0,0.4198,1.0,16,16000002048
City-A,T3,1x,200.0,S3_Lin4,routine,M_routine,800,True,1,473.9,262.0,0.0,0.4471,1.0,16,16000002048
City-A,T3,1x,200.0,S3_Lin4,cross_regime,M_stress,800,True,1,473.9,273.1,0.0,0.4238,1.0,16,16000002048
City-A,T3,1x,200.0,S4_GlobalCalib,routine,M_routine,800,True,1,389.9,262.0,0.0,0.328,1.0,16,16000002048
City-A,T3,1x,200.0,S4_GlobalCalib,cross_regime,M_stress,800,True,1,389.9,273.1,0.0,0.2997,1.0,16,16000002048
City-A,T3,1x,200.0,S5_CityCalib,routine,M_routine,800,True,1,383.9,262.0,0.0,0.3175,1.0,16,16000002048
City-A,T3,1x,200.0,S5_CityCalib,cross_regime,M_stress,800,True,1,383.9,273.1,0.0,0.2888,1.0,16,16000002048
City-A,T3,1x,200.0,S6_Q10,routine,M_routine,800,True,1,275.0,262.0,0.0,0.0473,1.0,16,16000002048
City-A,T3,1x,200.0,S6_Q10,cross_regime,M_stress,800,True,1,275.0,273.1,0.0,0.0072,1.0,16,16000002048
City-A,T3,2x,400.0,S0a_RoutineOracle,routine,M_routine,800,True,2,757.4,757.4,0.0,0.0,1.0,16,16000002048
City-A,T3,2x,400.0,S0a_RoutineOracle,cross_regime,M_stress,800,True,2,757.4,398.8,1.2,0.4735,0.0,16,16000002048
City-A,T3,2x,400.0,S0b_StressOracle,routine,M_routine,800,True,2,512.6,607.3,0.0,0.0,1.0,16,16000002048
City-A,T3,2x,400.0,S0b_StressOracle,cross_regime,M_stress,800,True,2,512.6,512.6,0.0,0.0,1.0,16,16000002048
City-A,T3,2x,400.0,S1_CapRR,routine,M_routine,800,True,1,596.8,262.0,138.0,0.5609,0.0,16,16000002048
City-A,T3,2x,400.0,S1_CapRR,cross_regime,M_stress,800,True,1,596.8,273.1,126.9,0.5424,0.0,16,16000002048
City-A,T3,2x,400.0,S2_Platform,routine,M_routine,800,True,1,470.7,262.0,138.0,0.4433,0.0,16,16000002048
City-A,T3,2x,400.0,S2_Platform,cross_regime,M_stress,800,True,1,470.7,273.1,126.9,0.4198,0.0,16,16000002048
City-A,T3,2x,400.0,S3_Lin4,routine,M_routine,800,True,1,473.9,262.0,138.0,0.4471,0.0,16,16000002048
City-A,T3,2x,400.0,S3_Lin4,cross_regime,M_stress,800,True,1,473.9,273.1,126.9,0.4238,0.0,16,16000002048
City-A,T3,2x,400.0,S4_GlobalCalib,routine,M_routine,800,True,2,743.9,610.1,0.0,0.1799,1.0,16,16000002048
City-A,T3,2x,400.0,S4_GlobalCalib,cross_regime,M_stress,800,True,2,743.9,504.5,0.0,0.3218,1.0,16,16000002048
City-A,T3,2x,400.0,S5_CityCalib,routine,M_routine,800,True,2,732.6,610.1,0.0,0.1672,1.0,16,16000002048
City-A,T3,2x,400.0,S5_CityCalib,cross_regime,M_stress,800,True,2,732.6,504.5,0.0,0.3113,1.0,16,16000002048
City-A,T3,2x,400.0,S6_Q10,routine,M_routine,800,True,2,524.5,610.1,0.0,0.0,1.0,16,16000002048
City-A,T3,2x,400.0,S6_Q10,cross_regime,M_stress,800,True,2,524.5,504.5,0.0,0.0381,1.0,16,16000002048
City-A,T3,5x,1000.0,S0a_RoutineOracle,routine,M_routine,800,True,3,1107.6,1107.6,0.0,0.0,1.0,16,16000002048
City-A,T3,5x,1000.0,S0a_RoutineOracle,cross_regime,M_stress,800,True,3,1107.6,540.3,459.7,0.5122,0.0,16,16000002048
City-A,T3,5x,1000.0,S0b_StressOracle,routine,M_routine,800,True,5,1211.0,1467.9,0.0,0.0,1.0,16,16000002048
City-A,T3,5x,1000.0,S0b_StressOracle,cross_regime,M_stress,800,True,5,1211.0,1211.0,0.0,0.0,1.0,16,16000002048
City-A,T3,5x,1000.0,S1_CapRR,routine,M_routine,800,True,2,1138.1,610.1,389.9,0.464,0.0,16,16000002048
City-A,T3,5x,1000.0,S1_CapRR,cross_regime,M_stress,800,True,2,1138.1,504.5,495.5,0.5567,0.0,16,16000002048
City-A,T3,5x,1000.0,S2_Platform,routine,M_routine,800,True,3,1264.8,735.5,264.5,0.4185,0.0,16,16000002048
City-A,T3,5x,1000.0,S2_Platform,cross_regime,M_stress,800,True,3,1264.8,737.9,262.1,0.4166,0.0,16,16000002048
City-A,T3,5x,1000.0,S3_Lin4,routine,M_routine,800,True,3,1204.9,844.2,155.8,0.2994,0.0,16,16000002048
City-A,T3,5x,1000.0,S3_Lin4,cross_regime,M_stress,800,True,3,1204.9,662.7,337.3,0.45,0.0,16,16000002048
City-A,T3,5x,1000.0,S4_GlobalCalib,routine,M_routine,800,True,3,1087.1,892.7,107.3,0.1788,0.0,16,16000002048
City-A,T3,5x,1000.0,S4_GlobalCalib,cross_regime,M_stress,800,True,3,1087.1,737.7,262.3,0.3214,0.0,16,16000002048
City-A,T3,5x,1000.0,S5_CityCalib,routine,M_routine,800,True,3,1070.7,892.7,107.3,0.1662,0.0,16,16000002048
City-A,T3,5x,1000.0,S5_CityCalib,cross_regime,M_stress,800,True,3,1070.7,737.7,262.3,0.311,0.0,16,16000002048
City-A,T3,5x,1000.0,S6_Q10,routine,M_routine,800,True,4,1002.5,1238.0,0.0,0.0,1.0,16,16000002048
City-A,T3,5x,1000.0,S6_Q10,cross_regime,M_stress,800,True,4,1002.5,977.2,22.8,0.0253,0.0,16,16000002048
City-A,T3,10x,2000.0,S0a_RoutineOracle,routine,M_routine,800,True,6,2127.2,2127.2,0.0,0.0,1.0,16,16000002048
City-A,T3,10x,2000.0,S0a_RoutineOracle,cross_regime,M_stress,800,True,6,2127.2,1157.2,842.8,0.456,0.0,16,16000002048
City-A,T3,10x,2000.0,S0b_StressOracle,routine,M_routine,800,True,9,2082.5,2547.7,0.0,0.0,1.0,16,16000002048
City-A,T3,10x,2000.0,S0b_StressOracle,cross_regime,M_stress,800,True,9,2082.5,2082.5,0.0,0.0,1.0,16,16000002048
City-A,T3,10x,2000.0,S1_CapRR,routine,M_routine,800,True,4,2175.3,1238.0,762.0,0.4309,0.0,16,16000002048
City-A,T3,10x,2000.0,S1_CapRR,cross_regime,M_stress,800,True,4,2175.3,977.2,1022.8,0.5508,0.0,16,16000002048
City-A,T3,10x,2000.0,S2_Platform,routine,M_routine,800,True,6,2357.9,1733.5,266.5,0.2648,0.0,16,16000002048
City-A,T3,10x,2000.0,S2_Platform,cross_regime,M_stress,800,True,6,2357.9,1343.2,656.8,0.4303,0.0,16,16000002048
City-A,T3,10x,2000.0,S3_Lin4,routine,M_routine,800,True,6,2223.2,1728.2,271.8,0.2226,0.0,16,16000002048
City-A,T3,10x,2000.0,S3_Lin4,cross_regime,M_stress,800,True,6,2223.2,1365.5,634.5,0.3858,0.0,16,16000002048
City-A,T3,10x,2000.0,S4_GlobalCalib,routine,M_routine,800,True,6,2052.7,1728.2,271.8,0.1581,0.0,16,16000002048
City-A,T3,10x,2000.0,S4_GlobalCalib,cross_regime,M_stress,800,True,6,2052.7,1365.5,634.5,0.3348,0.0,16,16000002048
City-A,T3,10x,2000.0,S5_CityCalib,routine,M_routine,800,True,6,2022.1,1728.2,271.8,0.1453,0.0,16,16000002048
City-A,T3,10x,2000.0,S5_CityCalib,cross_regime,M_stress,800,True,6,2022.1,1365.5,634.5,0.3247,0.0,16,16000002048
City-A,T3,10x,2000.0,S6_Q10,routine,M_routine,800,True,9,2073.8,2748.0,0.0,0.0,1.0,16,16000002048
City-A,T3,10x,2000.0,S6_Q10,cross_regime,M_stress,800,True,9,2073.8,1955.0,45.0,0.0573,0.0,16,16000002048
City-A,T4,1x,140.0,S0a_RoutineOracle,routine,M_routine,800,True,1,496.8,496.8,0.0,0.0,1.0,16,16000002048
City-A,T4,1x,140.0,S0a_RoutineOracle,cross_regime,M_stress,800,True,1,496.8,275.9,0.0,0.4448,1.0,16,16000002048
City-A,T4,1x,140.0,S0b_StressOracle,routine,M_routine,800,True,1,327.0,418.4,0.0,0.0,1.0,16,16000002048
City-A,T4,1x,140.0,S0b_StressOracle,cross_regime,M_stress,800,True,1,327.0,327.0,0.0,0.0,1.0,16,16000002048
City-A,T4,1x,140.0,S1_CapRR,routine,M_routine,800,True,1,678.2,418.4,0.0,0.383,1.0,16,16000002048
City-A,T4,1x,140.0,S1_CapRR,cross_regime,M_stress,800,True,1,678.2,327.0,0.0,0.5178,1.0,16,16000002048
City-A,T4,1x,140.0,S2_Platform,routine,M_routine,800,True,1,299.2,350.5,0.0,0.0,1.0,16,16000002048
City-A,T4,1x,140.0,S2_Platform,cross_regime,M_stress,800,True,1,299.2,222.3,0.0,0.2571,1.0,16,16000002048
City-A,T4,1x,140.0,S3_Lin4,routine,M_routine,800,True,1,478.2,418.4,0.0,0.1249,1.0,16,16000002048
City-A,T4,1x,140.0,S3_Lin4,cross_regime,M_stress,800,True,1,478.2,327.0,0.0,0.3161,1.0,16,16000002048
City-A,T4,1x,140.0,S4_GlobalCalib,routine,M_routine,800,True,1,442.5,418.4,0.0,0.0543,1.0,16,16000002048
City-A,T4,1x,140.0,S4_GlobalCalib,cross_regime,M_stress,800,True,1,442.5,327.0,0.0,0.2609,1.0,16,16000002048
City-A,T4,1x,140.0,S5_CityCalib,routine,M_routine,800,True,1,435.3,418.4,0.0,0.0388,1.0,16,16000002048
City-A,T4,1x,140.0,S5_CityCalib,cross_regime,M_stress,800,True,1,435.3,327.0,0.0,0.2488,1.0,16,16000002048
City-A,T4,1x,140.0,S6_Q10,routine,M_routine,800,True,1,313.1,418.4,0.0,0.0,1.0,16,16000002048
City-A,T4,1x,140.0,S6_Q10,cross_regime,M_stress,800,True,1,313.1,327.0,0.0,0.0,1.0,16,16000002048
City-A,T4,2x,280.0,S0a_RoutineOracle,routine,M_routine,800,True,1,496.8,496.8,0.0,0.0,1.0,16,16000002048
City-A,T4,2x,280.0,S0a_RoutineOracle,cross_regime,M_stress,800,True,1,496.8,275.9,4.1,0.4448,0.0,16,16000002048
City-A,T4,2x,280.0,S0b_StressOracle,routine,M_routine,800,True,1,327.0,418.4,0.0,0.0,1.0,16,16000002048
City-A,T4,2x,280.0,S0b_StressOracle,cross_regime,M_stress,800,True,1,327.0,327.0,0.0,0.0,1.0,16,16000002048
City-A,T4,2x,280.0,S1_CapRR,routine,M_routine,800,True,1,678.2,418.4,0.0,0.383,1.0,16,16000002048
City-A,T4,2x,280.0,S1_CapRR,cross_regime,M_stress,800,True,1,678.2,327.0,0.0,0.5178,1.0,16,16000002048
City-A,T4,2x,280.0,S2_Platform,routine,M_routine,800,True,1,299.2,350.5,0.0,0.0,1.0,16,16000002048
City-A,T4,2x,280.0,S2_Platform,cross_regime,M_stress,800,True,1,299.2,222.3,57.7,0.2571,0.0,16,16000002048
City-A,T4,2x,280.0,S3_Lin4,routine,M_routine,800,True,1,478.2,418.4,0.0,0.1249,1.0,16,16000002048
City-A,T4,2x,280.0,S3_Lin4,cross_regime,M_stress,800,True,1,478.2,327.0,0.0,0.3161,1.0,16,16000002048
City-A,T4,2x,280.0,S4_GlobalCalib,routine,M_routine,800,True,1,442.5,418.4,0.0,0.0543,1.0,16,16000002048
City-A,T4,2x,280.0,S4_GlobalCalib,cross_regime,M_stress,800,True,1,442.5,327.0,0.0,0.2609,1.0,16,16000002048
City-A,T4,2x,280.0,S5_CityCalib,routine,M_routine,800,True,1,435.3,418.4,0.0,0.0388,1.0,16,16000002048
City-A,T4,2x,280.0,S5_CityCalib,cross_regime,M_stress,800,True,1,435.3,327.0,0.0,0.2488,1.0,16,16000002048
City-A,T4,2x,280.0,S6_Q10,routine,M_routine,800,True,1,313.1,418.4,0.0,0.0,1.0,16,16000002048
City-A,T4,2x,280.0,S6_Q10,cross_regime,M_stress,800,True,1,313.1,327.0,0.0,0.0,1.0,16,16000002048
City-A,T4,5x,700.0,S0a_RoutineOracle,routine,M_routine,800,True,2,946.6,946.6,0.0,0.0,1.0,16,16000002048
City-A,T4,5x,700.0,S0a_RoutineOracle,cross_regime,M_stress,800,True,2,946.6,375.9,324.1,0.6029,0.0,16,16000002048
City-A,T4,5x,700.0,S0b_StressOracle,routine,M_routine,800,True,3,927.2,1027.5,0.0,0.0,1.0,16,16000002048
City-A,T4,5x,700.0,S0b_StressOracle,cross_regime,M_stress,800,True,3,927.2,927.2,0.0,0.0,1.0,16,16000002048
City-A,T4,5x,700.0,S1_CapRR,routine,M_routine,800,True,2,1293.4,768.9,0.0,0.4055,1.0,16,16000002048
City-A,T4,5x,700.0,S1_CapRR,cross_regime,M_stress,800,True,2,1293.4,549.3,150.7,0.5753,0.0,16,16000002048
City-A,T4,5x,700.0,S2_Platform,routine,M_routine,800,True,3,870.0,958.5,0.0,0.0,1.0,16,16000002048
City-A,T4,5x,700.0,S2_Platform,cross_regime,M_stress,800,True,3,870.0,539.2,160.8,0.3802,0.0,16,16000002048
City-A,T4,5x,700.0,S3_Lin4,routine,M_routine,800,True,2,855.5,915.3,0.0,0.0,1.0,16,16000002048
City-A,T4,5x,700.0,S3_Lin4,cross_regime,M_stress,800,True,2,855.5,602.9,97.1,0.2953,0.0,16,16000002048
City-A,T4,5x,700.0,S4_GlobalCalib,routine,M_routine,800,True,2,844.1,768.9,0.0,0.0891,1.0,16,16000002048
City-A,T4,5x,700.0,S4_GlobalCalib,cross_regime,M_stress,800,True,2,844.1,549.3,150.7,0.3493,0.0,16,16000002048
City-A,T4,5x,700.0,S5_CityCalib,routine,M_routine,800,True,2,830.7,768.9,0.0,0.0743,1.0,16,16000002048
City-A,T4,5x,700.0,S5_CityCalib,cross_regime,M_stress,800,True,2,830.7,549.3,150.7,0.3387,0.0,16,16000002048
City-A,T4,5x,700.0,S6_Q10,routine,M_routine,800,True,3,872.5,1265.8,0.0,0.0,1.0,16,16000002048
City-A,T4,5x,700.0,S6_Q10,cross_regime,M_stress,800,True,3,872.5,825.1,0.0,0.0543,1.0,16,16000002048
City-A,T4,10x,1400.0,S0a_RoutineOracle,routine,M_routine,800,True,4,1799.2,1799.2,0.0,0.0,1.0,16,16000002048
City-A,T4,10x,1400.0,S0a_RoutineOracle,cross_regime,M_stress,800,True,4,1799.2,864.1,535.9,0.5197,0.0,16,16000002048
City-A,T4,10x,1400.0,S0b_StressOracle,routine,M_routine,800,True,5,1458.7,1936.7,0.0,0.0,1.0,16,16000002048
City-A,T4,10x,1400.0,S0b_StressOracle,cross_regime,M_stress,800,True,5,1458.7,1458.7,0.0,0.0,1.0,16,16000002048
City-A,T4,10x,1400.0,S1_CapRR,routine,M_routine,800,True,3,1889.7,1265.8,134.2,0.3302,0.0,16,16000002048
City-A,T4,10x,1400.0,S1_CapRR,cross_regime,M_stress,800,True,3,1889.7,825.1,574.9,0.5633,0.0,16,16000002048
City-A,T4,10x,1400.0,S2_Platform,routine,M_routine,800,True,5,1424.2,1431.9,0.0,0.0,1.0,16,16000002048
City-A,T4,10x,1400.0,S2_Platform,cross_regime,M_stress,800,True,5,1424.2,993.0,407.0,0.3028,0.0,16,16000002048
City-A,T4,10x,1400.0,S3_Lin4,routine,M_routine,800,True,4,1581.3,1715.5,0.0,0.0,1.0,16,16000002048
City-A,T4,10x,1400.0,S3_Lin4,cross_regime,M_stress,800,True,4,1581.3,925.2,474.8,0.4149,0.0,16,16000002048
City-A,T4,10x,1400.0,S4_GlobalCalib,routine,M_routine,800,True,4,1613.9,1613.9,0.0,0.0,1.0,16,16000002048
City-A,T4,10x,1400.0,S4_GlobalCalib,cross_regime,M_stress,800,True,4,1613.9,1143.6,256.4,0.2914,0.0,16,16000002048
City-A,T4,10x,1400.0,S5_CityCalib,routine,M_routine,800,True,4,1588.5,1613.9,0.0,0.0,1.0,16,16000002048
City-A,T4,10x,1400.0,S5_CityCalib,cross_regime,M_stress,800,True,4,1588.5,1143.6,256.4,0.2801,0.0,16,16000002048
City-A,T4,10x,1400.0,S6_Q10,routine,M_routine,800,True,5,1402.5,1874.8,0.0,0.0,1.0,16,16000002048
City-A,T4,10x,1400.0,S6_Q10,cross_regime,M_stress,800,True,5,1402.5,1425.3,0.0,0.0,1.0,16,16000002048
City-A,T5,1x,160.0,S0a_RoutineOracle,routine,M_routine,800,True,1,412.8,412.8,0.0,0.0,1.0,16,16000002048
City-A,T5,1x,160.0,S0a_RoutineOracle,cross_regime,M_stress,800,True,1,412.8,177.3,0.0,0.5706,1.0,16,16000002048
City-A,T5,1x,160.0,S0b_StressOracle,routine,M_routine,800,True,1,298.8,340.0,0.0,0.0,1.0,16,16000002048
City-A,T5,1x,160.0,S0b_StressOracle,cross_regime,M_stress,800,True,1,298.8,298.8,0.0,0.0,1.0,16,16000002048
City-A,T5,1x,160.0,S1_CapRR,routine,M_routine,800,True,1,596.8,340.0,0.0,0.4302,1.0,16,16000002048
City-A,T5,1x,160.0,S1_CapRR,cross_regime,M_stress,800,True,1,596.8,298.8,0.0,0.4994,1.0,16,16000002048
City-A,T5,1x,160.0,S2_Platform,routine,M_routine,800,True,1,485.5,340.0,0.0,0.2996,1.0,16,16000002048
City-A,T5,1x,160.0,S2_Platform,cross_regime,M_stress,800,True,1,485.5,298.8,0.0,0.3846,1.0,16,16000002048
City-A,T5,1x,160.0,S3_Lin4,routine,M_routine,800,True,1,477.5,340.0,0.0,0.288,1.0,16,16000002048
City-A,T5,1x,160.0,S3_Lin4,cross_regime,M_stress,800,True,1,477.5,298.8,0.0,0.3744,1.0,16,16000002048
City-A,T5,1x,160.0,S4_GlobalCalib,routine,M_routine,800,True,1,391.7,340.0,0.0,0.132,1.0,16,16000002048
City-A,T5,1x,160.0,S4_GlobalCalib,cross_regime,M_stress,800,True,1,391.7,298.8,0.0,0.2373,1.0,16,16000002048
City-A,T5,1x,160.0,S5_CityCalib,routine,M_routine,800,True,1,387.8,340.0,0.0,0.1232,1.0,16,16000002048
City-A,T5,1x,160.0,S5_CityCalib,cross_regime,M_stress,800,True,1,387.8,298.8,0.0,0.2296,1.0,16,16000002048
City-A,T5,1x,160.0,S6_Q10,routine,M_routine,800,True,1,274.6,340.0,0.0,0.0,1.0,16,16000002048
City-A,T5,1x,160.0,S6_Q10,cross_regime,M_stress,800,True,1,274.6,298.8,0.0,0.0,1.0,16,16000002048
City-A,T5,2x,320.0,S0a_RoutineOracle,routine,M_routine,800,True,1,412.8,412.8,0.0,0.0,1.0,16,16000002048
City-A,T5,2x,320.0,S0a_RoutineOracle,cross_regime,M_stress,800,True,1,412.8,177.3,142.7,0.5706,0.0,16,16000002048
City-A,T5,2x,320.0,S0b_StressOracle,routine,M_routine,800,True,2,591.8,488.9,0.0,0.174,1.0,16,16000002048
City-A,T5,2x,320.0,S0b_StressOracle,cross_regime,M_stress,800,True,2,591.8,591.8,0.0,0.0,1.0,16,16000002048
City-A,T5,2x,320.0,S1_CapRR,routine,M_routine,800,True,1,596.8,340.0,0.0,0.4302,1.0,16,16000002048
City-A,T5,2x,320.0,S1_CapRR,cross_regime,M_stress,800,True,1,596.8,298.8,21.2,0.4994,0.0,16,16000002048
City-A,T5,2x,320.0,S2_Platform,routine,M_routine,800,True,1,485.5,340.0,0.0,0.2996,1.0,16,16000002048
City-A,T5,2x,320.0,S2_Platform,cross_regime,M_stress,800,True,1,485.5,298.8,21.2,0.3846,0.0,16,16000002048
City-A,T5,2x,320.0,S3_Lin4,routine,M_routine,800,True,1,477.5,340.0,0.0,0.288,1.0,16,16000002048
City-A,T5,2x,320.0,S3_Lin4,cross_regime,M_stress,800,True,1,477.5,298.8,21.2,0.3744,0.0,16,16000002048
City-A,T5,2x,320.0,S4_GlobalCalib,routine,M_routine,800,True,1,391.7,340.0,0.0,0.132,1.0,16,16000002048
City-A,T5,2x,320.0,S4_GlobalCalib,cross_regime,M_stress,800,True,1,391.7,298.8,21.2,0.2373,0.0,16,16000002048
City-A,T5,2x,320.0,S5_CityCalib,routine,M_routine,800,True,1,387.8,340.0,0.0,0.1232,1.0,16,16000002048
City-A,T5,2x,320.0,S5_CityCalib,cross_regime,M_stress,800,True,1,387.8,298.8,21.2,0.2296,0.0,16,16000002048
City-A,T5,2x,320.0,S6_Q10,routine,M_routine,800,True,2,523.7,752.9,0.0,0.0,1.0,16,16000002048
City-A,T5,2x,320.0,S6_Q10,cross_regime,M_stress,800,True,2,523.7,476.0,0.0,0.0911,1.0,16,16000002048
City-A,T5,5x,800.0,S0a_RoutineOracle,routine,M_routine,800,True,3,1133.8,1133.8,0.0,0.0,1.0,16,16000002048
City-A,T5,5x,800.0,S0a_RoutineOracle,cross_regime,M_stress,800,True,3,1133.8,577.0,223.0,0.4911,0.0,16,16000002048
City-A,T5,5x,800.0,S0b_StressOracle,routine,M_routine,800,True,3,814.1,847.3,0.0,0.0,1.0,16,16000002048
City-A,T5,5x,800.0,S0b_StressOracle,cross_regime,M_stress,800,True,3,814.1,814.1,0.0,0.0,1.0,16,16000002048
City-A,T5,5x,800.0,S1_CapRR,routine,M_routine,800,True,2,1138.1,752.9,47.1,0.3385,0.0,16,16000002048
City-A,T5,5x,800.0,S1_CapRR,cross_regime,M_stress,800,True,2,1138.1,476.0,324.0,0.5817,0.0,16,16000002048
City-A,T5,5x,800.0,S2_Platform,routine,M_routine,800,True,2,897.6,488.9,311.1,0.4553,0.0,16,16000002048
City-A,T5,5x,800.0,S2_Platform,cross_regime,M_stress,800,True,2,897.6,591.8,208.2,0.3406,0.0,16,16000002048
City-A,T5,5x,800.0,S3_Lin4,routine,M_routine,800,True,2,847.5,612.0,188.0,0.2778,0.0,16,16000002048
City-A,T5,5x,800.0,S3_Lin4,cross_regime,M_stress,800,True,2,847.5,491.4,308.6,0.4202,0.0,16,16000002048
City-A,T5,5x,800.0,S4_GlobalCalib,routine,M_routine,800,True,3,1091.9,1024.9,0.0,0.0614,1.0,16,16000002048
City-A,T5,5x,800.0,S4_GlobalCalib,cross_regime,M_stress,800,True,3,1091.9,668.6,131.4,0.3876,0.0,16,16000002048
City-A,T5,5x,800.0,S5_CityCalib,routine,M_routine,800,True,3,1081.3,1024.9,0.0,0.0522,1.0,16,16000002048
City-A,T5,5x,800.0,S5_CityCalib,cross_regime,M_stress,800,True,3,1081.3,668.6,131.4,0.3816,0.0,16,16000002048
City-A,T5,5x,800.0,S6_Q10,routine,M_routine,800,True,4,1001.0,1321.1,0.0,0.0,1.0,16,16000002048
City-A,T5,5x,800.0,S6_Q10,cross_regime,M_stress,800,True,4,1001.0,877.1,0.0,0.1238,1.0,16,16000002048
City-A,T5,10x,1600.0,S0a_RoutineOracle,routine,M_routine,800,True,5,1825.8,1825.8,0.0,0.0,1.0,16,16000002048
City-A,T5,10x,1600.0,S0a_RoutineOracle,cross_regime,M_stress,800,True,5,1825.8,987.4,612.6,0.4592,0.0,16,16000002048
City-A,T5,10x,1600.0,S0b_StressOracle,routine,M_routine,800,True,7,1666.1,1905.2,0.0,0.0,1.0,16,16000002048
City-A,T5,10x,1600.0,S0b_StressOracle,cross_regime,M_stress,800,True,7,1666.1,1666.1,0.0,0.0,1.0,16,16000002048
City-A,T5,10x,1600.0,S1_CapRR,routine,M_routine,800,True,3,1662.9,1024.9,575.1,0.3837,0.0,16,16000002048
City-A,T5,10x,1600.0,S1_CapRR,cross_regime,M_stress,800,True,3,1662.9,668.6,931.4,0.5979,0.0,16,16000002048
City-A,T5,10x,1600.0,S2_Platform,routine,M_routine,800,True,4,1696.8,1057.1,542.9,0.377,0.0,16,16000002048
City-A,T5,10x,1600.0,S2_Platform,cross_regime,M_stress,800,True,4,1696.8,992.9,607.1,0.4149,0.0,16,16000002048
City-A,T5,10x,1600.0,S3_Lin4,routine,M_routine,800,True,5,1897.5,1650.9,0.0,0.13,1.0,16,16000002048
City-A,T5,10x,1600.0,S3_Lin4,cross_regime,M_stress,800,True,5,1897.5,1095.5,504.5,0.4227,0.0,16,16000002048
City-A,T5,10x,1600.0,S4_GlobalCalib,routine,M_routine,800,True,5,1755.3,1469.9,130.1,0.1626,0.0,16,16000002048
City-A,T5,10x,1600.0,S4_GlobalCalib,cross_regime,M_stress,800,True,5,1755.3,1170.1,429.9,0.3334,0.0,16,16000002048
City-A,T5,10x,1600.0,S5_CityCalib,routine,M_routine,800,True,5,1738.6,1469.9,130.1,0.1545,0.0,16,16000002048
City-A,T5,10x,1600.0,S5_CityCalib,cross_regime,M_stress,800,True,5,1738.6,1170.1,429.9,0.327,0.0,16,16000002048
City-A,T5,10x,1600.0,S6_Q10,routine,M_routine,800,True,7,1655.4,1971.1,0.0,0.0,1.0,16,16000002048
City-A,T5,10x,1600.0,S6_Q10,cross_regime,M_stress,800,True,7,1655.4,1598.1,1.9,0.0346,0.0,16,16000002048
City-B,T1,1x,180.0,S0a_RoutineOracle,routine,M_routine,500,True,1,660.2,660.2,0.0,0.0,1.0,16,16000002048
City-B,T1,1x,180.0,S0a_RoutineOracle,cross_regime,M_stress,500,True,1,660.2,443.1,0.0,0.3288,1.0,16,16000002048
City-B,T1,1x,180.0,S0b_StressOracle,routine,M_routine,500,True,1,443.1,660.2,0.0,0.0,1.0,16,16000002048
City-B,T1,1x,180.0,S0b_StressOracle,cross_regime,M_stress,500,True,1,443.1,443.1,0.0,0.0,1.0,16,16000002048
City-B,T1,1x,180.0,S1_CapRR,routine,M_routine,500,True,1,846.0,660.2,0.0,0.2196,1.0,16,16000002048
City-B,T1,1x,180.0,S1_CapRR,cross_regime,M_stress,500,True,1,846.0,443.1,0.0,0.4762,1.0,16,16000002048
City-B,T1,1x,180.0,S2_Platform,routine,M_routine,500,True,1,561.1,411.5,0.0,0.2668,1.0,16,16000002048
City-B,T1,1x,180.0,S2_Platform,cross_regime,M_stress,500,True,1,561.1,412.3,0.0,0.2652,1.0,16,16000002048
City-B,T1,1x,180.0,S3_Lin4,routine,M_routine,500,True,1,462.6,650.9,0.0,0.0,1.0,16,16000002048
City-B,T1,1x,180.0,S3_Lin4,cross_regime,M_stress,500,True,1,462.6,370.2,0.0,0.1998,1.0,16,16000002048
City-B,T1,1x,180.0,S4_GlobalCalib,routine,M_routine,500,True,1,563.6,660.2,0.0,0.0,1.0,16,16000002048
City-B,T1,1x,180.0,S4_GlobalCalib,cross_regime,M_stress,500,True,1,563.6,443.1,0.0,0.2137,1.0,16,16000002048
City-B,T1,1x,180.0,S5_CityCalib,routine,M_routine,500,True,1,574.2,660.2,0.0,0.0,1.0,16,16000002048
City-B,T1,1x,180.0,S5_CityCalib,cross_regime,M_stress,500,True,1,574.2,443.1,0.0,0.2283,1.0,16,16000002048
City-B,T1,1x,180.0,S6_Q10,routine,M_routine,500,True,1,393.0,660.2,0.0,0.0,1.0,16,16000002048
City-B,T1,1x,180.0,S6_Q10,cross_regime,M_stress,500,True,1,393.0,443.1,0.0,0.0,1.0,16,16000002048
City-B,T1,2x,360.0,S0a_RoutineOracle,routine,M_routine,500,True,1,660.2,660.2,0.0,0.0,1.0,16,16000002048
City-B,T1,2x,360.0,S0a_RoutineOracle,cross_regime,M_stress,500,True,1,660.2,443.1,0.0,0.3288,1.0,16,16000002048
City-B,T1,2x,360.0,S0b_StressOracle,routine,M_routine,500,True,1,443.1,660.2,0.0,0.0,1.0,16,16000002048
City-B,T1,2x,360.0,S0b_StressOracle,cross_regime,M_stress,500,True,1,443.1,443.1,0.0,0.0,1.0,16,16000002048
City-B,T1,2x,360.0,S1_CapRR,routine,M_routine,500,True,1,846.0,660.2,0.0,0.2196,1.0,16,16000002048
City-B,T1,2x,360.0,S1_CapRR,cross_regime,M_stress,500,True,1,846.0,443.1,0.0,0.4762,1.0,16,16000002048
City-B,T1,2x,360.0,S2_Platform,routine,M_routine,500,True,1,561.1,411.5,0.0,0.2668,1.0,16,16000002048
City-B,T1,2x,360.0,S2_Platform,cross_regime,M_stress,500,True,1,561.1,412.3,0.0,0.2652,1.0,16,16000002048
City-B,T1,2x,360.0,S3_Lin4,routine,M_routine,500,True,1,462.6,650.9,0.0,0.0,1.0,16,16000002048
City-B,T1,2x,360.0,S3_Lin4,cross_regime,M_stress,500,True,1,462.6,370.2,0.0,0.1998,1.0,16,16000002048
City-B,T1,2x,360.0,S4_GlobalCalib,routine,M_routine,500,True,1,563.6,660.2,0.0,0.0,1.0,16,16000002048
City-B,T1,2x,360.0,S4_GlobalCalib,cross_regime,M_stress,500,True,1,563.6,443.1,0.0,0.2137,1.0,16,16000002048
City-B,T1,2x,360.0,S5_CityCalib,routine,M_routine,500,True,1,574.2,660.2,0.0,0.0,1.0,16,16000002048
City-B,T1,2x,360.0,S5_CityCalib,cross_regime,M_stress,500,True,1,574.2,443.1,0.0,0.2283,1.0,16,16000002048
City-B,T1,2x,360.0,S6_Q10,routine,M_routine,500,True,1,393.0,660.2,0.0,0.0,1.0,16,16000002048
City-B,T1,2x,360.0,S6_Q10,cross_regime,M_stress,500,True,1,393.0,443.1,0.0,0.0,1.0,16,16000002048
City-B,T1,5x,900.0,S0a_RoutineOracle,routine,M_routine,500,True,2,1311.1,1311.1,0.0,0.0,1.0,16,16000002048
City-B,T1,5x,900.0,S0a_RoutineOracle,cross_regime,M_stress,500,True,2,1311.1,813.3,86.7,0.3797,0.0,16,16000002048
City-B,T1,5x,900.0,S0b_StressOracle,routine,M_routine,500,True,3,1225.6,1722.6,0.0,0.0,1.0,16,16000002048
City-B,T1,5x,900.0,S0b_StressOracle,cross_regime,M_stress,500,True,3,1225.6,1225.6,0.0,0.0,1.0,16,16000002048
City-B,T1,5x,900.0,S1_CapRR,routine,M_routine,500,True,2,1688.0,969.5,0.0,0.4256,1.0,16,16000002048
City-B,T1,5x,900.0,S1_CapRR,cross_regime,M_stress,500,True,2,1688.0,636.7,263.3,0.6228,0.0,16,16000002048
City-B,T1,5x,900.0,S2_Platform,routine,M_routine,500,True,2,1112.3,1062.4,0.0,0.0449,1.0,16,16000002048
City-B,T1,5x,900.0,S2_Platform,cross_regime,M_stress,500,True,2,1112.3,782.5,117.5,0.2965,0.0,16,16000002048
City-B,T1,5x,900.0,S3_Lin4,routine,M_routine,500,True,2,918.8,1062.4,0.0,0.0,1.0,16,16000002048
City-B,T1,5x,900.0,S3_Lin4,cross_regime,M_stress,500,True,2,918.8,782.5,117.5,0.1484,0.0,16,16000002048
City-B,T1,5x,900.0,S4_GlobalCalib,routine,M_routine,500,True,2,1124.4,969.5,0.0,0.1378,1.0,16,16000002048
City-B,T1,5x,900.0,S4_GlobalCalib,cross_regime,M_stress,500,True,2,1124.4,636.7,263.3,0.4337,0.0,16,16000002048
City-B,T1,5x,900.0,S5_CityCalib,routine,M_routine,500,True,2,1145.7,969.5,0.0,0.1538,1.0,16,16000002048
City-B,T1,5x,900.0,S5_CityCalib,cross_regime,M_stress,500,True,2,1145.7,636.7,263.3,0.4443,0.0,16,16000002048
City-B,T1,5x,900.0,S6_Q10,routine,M_routine,500,True,3,1163.4,1620.5,0.0,0.0,1.0,16,16000002048
City-B,T1,5x,900.0,S6_Q10,cross_regime,M_stress,500,True,3,1163.4,1006.9,0.0,0.1345,1.0,16,16000002048
City-B,T1,10x,1800.0,S0a_RoutineOracle,routine,M_routine,500,True,3,1801.3,1801.3,0.0,0.0,1.0,16,16000002048
City-B,T1,10x,1800.0,S0a_RoutineOracle,cross_regime,M_stress,500,True,3,1801.3,1064.3,735.7,0.4092,0.0,16,16000002048
City-B,T1,10x,1800.0,S0b_StressOracle,routine,M_routine,500,True,5,1860.3,2501.9,0.0,0.0,1.0,16,16000002048
City-B,T1,10x,1800.0,S0b_StressOracle,cross_regime,M_stress,500,True,5,1860.3,1860.3,0.0,0.0,1.0,16,16000002048
City-B,T1,10x,1800.0,S1_CapRR,routine,M_routine,500,True,3,2504.5,1620.5,179.5,0.353,0.0,16,16000002048
City-B,T1,10x,1800.0,S1_CapRR,cross_regime,M_stress,500,True,3,2504.5,1006.9,793.1,0.598,0.0,16,16000002048
City-B,T1,10x,1800.0,S2_Platform,routine,M_routine,500,True,4,2163.2,2031.9,0.0,0.0607,1.0,16,16000002048
City-B,T1,10x,1800.0,S2_Platform,cross_regime,M_stress,500,True,4,2163.2,1419.2,380.8,0.3439,0.0,16,16000002048
City-B,T1,10x,1800.0,S3_Lin4,routine,M_routine,500,True,4,1823.8,2031.9,0.0,0.0,1.0,16,16000002048
City-B,T1,10x,1800.0,S3_Lin4,cross_regime,M_stress,500,True,4,1823.8,1419.2,380.8,0.2218,0.0,16,16000002048
City-B,T1,10x,1800.0,S4_GlobalCalib,routine,M_routine,500,True,4,2200.5,2031.9,0.0,0.0766,1.0,16,16000002048
City-B,T1,10x,1800.0,S4_GlobalCalib,cross_regime,M_stress,500,True,4,2200.5,1419.2,380.8,0.355,0.0,16,16000002048
City-B,T1,10x,1800.0,S5_CityCalib,routine,M_routine,500,True,4,2242.0,2031.9,0.0,0.0937,1.0,16,16000002048
City-B,T1,10x,1800.0,S5_CityCalib,cross_regime,M_stress,500,True,4,2242.0,1419.2,380.8,0.367,0.0,16,16000002048
City-B,T1,10x,1800.0,S6_Q10,routine,M_routine,500,True,5,1859.1,2489.3,0.0,0.0,1.0,16,16000002048
City-B,T1,10x,1800.0,S6_Q10,cross_regime,M_stress,500,True,5,1859.1,1764.2,35.8,0.051,0.0,16,16000002048
City-B,T2,1x,260.0,S0a_RoutineOracle,routine,M_routine,500,True,1,819.0,819.0,0.0,0.0,1.0,16,16000002048
City-B,T2,1x,260.0,S0a_RoutineOracle,cross_regime,M_stress,500,True,1,819.0,209.4,50.6,0.7444,0.0,16,16000002048
City-B,T2,1x,260.0,S0b_StressOracle,routine,M_routine,500,True,1,479.6,584.6,0.0,0.0,1.0,16,16000002048
City-B,T2,1x,260.0,S0b_StressOracle,cross_regime,M_stress,500,True,1,479.6,479.6,0.0,0.0,1.0,16,16000002048
City-B,T2,1x,260.0,S1_CapRR,routine,M_routine,500,True,1,846.0,819.0,0.0,0.0319,1.0,16,16000002048
City-B,T2,1x,260.0,S1_CapRR,cross_regime,M_stress,500,True,1,846.0,209.4,50.6,0.7525,0.0,16,16000002048
City-B,T2,1x,260.0,S2_Platform,routine,M_routine,500,True,1,557.0,546.5,0.0,0.0188,1.0,16,16000002048
City-B,T2,1x,260.0,S2_Platform,cross_regime,M_stress,500,True,1,557.0,454.9,0.0,0.1833,1.0,16,16000002048
City-B,T2,1x,260.0,S3_Lin4,routine,M_routine,500,True,1,456.1,584.6,0.0,0.0,1.0,16,16000002048
City-B,T2,1x,260.0,S3_Lin4,cross_regime,M_stress,500,True,1,456.1,479.6,0.0,0.0,1.0,16,16000002048
City-B,T2,1x,260.0,S4_GlobalCalib,routine,M_routine,500,True,1,555.6,819.0,0.0,0.0,1.0,16,16000002048
City-B,T2,1x,260.0,S4_GlobalCalib,cross_regime,M_stress,500,True,1,555.6,209.4,50.6,0.6231,0.0,16,16000002048
City-B,T2,1x,260.0,S5_CityCalib,routine,M_routine,500,True,1,559.0,819.0,0.0,0.0,1.0,16,16000002048
City-B,T2,1x,260.0,S5_CityCalib,cross_regime,M_stress,500,True,1,559.0,209.4,50.6,0.6254,0.0,16,16000002048
City-B,T2,1x,260.0,S6_Q10,routine,M_routine,500,True,1,391.4,819.0,0.0,0.0,1.0,16,16000002048
City-B,T2,1x,260.0,S6_Q10,cross_regime,M_stress,500,True,1,391.4,209.4,50.6,0.4651,0.0,16,16000002048
City-B,T2,2x,520.0,S0a_RoutineOracle,routine,M_routine,500,True,1,819.0,819.0,0.0,0.0,1.0,16,16000002048
City-B,T2,2x,520.0,S0a_RoutineOracle,cross_regime,M_stress,500,True,1,819.0,209.4,310.6,0.7444,0.0,16,16000002048
City-B,T2,2x,520.0,S0b_StressOracle,routine,M_routine,500,True,2,934.5,1131.2,0.0,0.0,1.0,16,16000002048
City-B,T2,2x,520.0,S0b_StressOracle,cross_regime,M_stress,500,True,2,934.5,934.5,0.0,0.0,1.0,16,16000002048
City-B,T2,2x,520.0,S1_CapRR,routine,M_routine,500,True,1,846.0,819.0,0.0,0.0319,1.0,16,16000002048
City-B,T2,2x,520.0,S1_CapRR,cross_regime,M_stress,500,True,1,846.0,209.4,310.6,0.7525,0.0,16,16000002048
City-B,T2,2x,520.0,S2_Platform,routine,M_routine,500,True,1,557.0,546.5,0.0,0.0188,1.0,16,16000002048
City-B,T2,2x,520.0,S2_Platform,cross_regime,M_stress,500,True,1,557.0,454.9,65.1,0.1833,0.0,16,16000002048
City-B,T2,2x,520.0,S3_Lin4,routine,M_routine,500,True,2,905.8,1131.2,0.0,0.0,1.0,16,16000002048
City-B,T2,2x,520.0,S3_Lin4,cross_regime,M_stress,500,True,2,905.8,934.5,0.0,0.0,1.0,16,16000002048
City-B,T2,2x,520.0,S4_GlobalCalib,routine,M_routine,500,True,1,555.6,819.0,0.0,0.0,1.0,16,16000002048
City-B,T2,2x,520.0,S4_GlobalCalib,cross_regime,M_stress,500,True,1,555.6,209.4,310.6,0.6231,0.0,16,16000002048
City-B,T2,2x,520.0,S5_CityCalib,routine,M_routine,500,True,1,559.0,819.0,0.0,0.0,1.0,16,16000002048
City-B,T2,2x,520.0,S5_CityCalib,cross_regime,M_stress,500,True,1,559.0,209.4,310.6,0.6254,0.0,16,16000002048
City-B,T2,2x,520.0,S6_Q10,routine,M_routine,500,True,2,780.9,1054.8,0.0,0.0,1.0,16,16000002048
City-B,T2,2x,520.0,S6_Q10,cross_regime,M_stress,500,True,2,780.9,472.3,47.7,0.3952,0.0,16,16000002048
City-B,T2,5x,1300.0,S0a_RoutineOracle,routine,M_routine,500,True,2,1403.7,1403.7,0.0,0.0,1.0,16,16000002048
City-B,T2,5x,1300.0,S0a_RoutineOracle,cross_regime,M_stress,500,True,2,1403.7,689.0,611.0,0.5092,0.0,16,16000002048
City-B,T2,5x,1300.0,S0b_StressOracle,routine,M_routine,500,True,4,1560.7,1955.6,0.0,0.0,1.0,16,16000002048
City-B,T2,5x,1300.0,S0b_StressOracle,cross_regime,M_stress,500,True,4,1560.7,1560.7,0.0,0.0,1.0,16,16000002048
City-B,T2,5x,1300.0,S1_CapRR,routine,M_routine,500,True,2,1688.0,1054.8,245.2,0.3751,0.0,16,16000002048
City-B,T2,5x,1300.0,S1_CapRR,cross_regime,M_stress,500,True,2,1688.0,472.3,827.7,0.7202,0.0,16,16000002048
City-B,T2,5x,1300.0,S2_Platform,routine,M_routine,500,True,3,1630.3,1367.0,0.0,0.1615,1.0,16,16000002048
City-B,T2,5x,1300.0,S2_Platform,cross_regime,M_stress,500,True,3,1630.3,1197.4,102.6,0.2655,0.0,16,16000002048
City-B,T2,5x,1300.0,S3_Lin4,routine,M_routine,500,True,3,1353.2,1950.2,0.0,0.0,1.0,16,16000002048
City-B,T2,5x,1300.0,S3_Lin4,cross_regime,M_stress,500,True,3,1353.2,1143.9,156.1,0.1547,0.0,16,16000002048
City-B,T2,5x,1300.0,S4_GlobalCalib,routine,M_routine,500,True,3,1644.9,1639.5,0.0,0.0033,1.0,16,16000002048
City-B,T2,5x,1300.0,S4_GlobalCalib,cross_regime,M_stress,500,True,3,1644.9,951.9,348.1,0.4213,0.0,16,16000002048
City-B,T2,5x,1300.0,S5_CityCalib,routine,M_routine,500,True,3,1654.8,1639.5,0.0,0.0093,1.0,16,16000002048
City-B,T2,5x,1300.0,S5_CityCalib,cross_regime,M_stress,500,True,3,1654.8,951.9,348.1,0.4248,0.0,16,16000002048
City-B,T2,5x,1300.0,S6_Q10,routine,M_routine,500,True,4,1528.3,2186.0,0.0,0.0,1.0,16,16000002048
City-B,T2,5x,1300.0,S6_Q10,cross_regime,M_stress,500,True,4,1528.3,1406.8,0.0,0.0795,1.0,16,16000002048
City-B,T2,10x,2600.0,S0a_RoutineOracle,routine,M_routine,500,True,5,2893.5,2893.5,0.0,0.0,1.0,16,16000002048
City-B,T2,10x,2600.0,S0a_RoutineOracle,cross_regime,M_stress,500,True,5,2893.5,1665.9,934.1,0.4242,0.0,16,16000002048
City-B,T2,10x,2600.0,S0b_StressOracle,routine,M_routine,500,True,8,2604.9,3324.4,0.0,0.0,1.0,16,16000002048
City-B,T2,10x,2600.0,S0b_StressOracle,cross_regime,M_stress,500,True,8,2604.9,2604.9,0.0,0.0,1.0,16,16000002048
City-B,T2,10x,2600.0,S1_CapRR,routine,M_routine,500,True,4,3303.2,2186.0,414.0,0.3382,0.0,16,16000002048
City-B,T2,10x,2600.0,S1_CapRR,cross_regime,M_stress,500,True,4,3303.2,1406.8,1193.2,0.5741,0.0,16,16000002048
City-B,T2,10x,2600.0,S2_Platform,routine,M_routine,500,True,6,2974.4,3048.2,0.0,0.0,1.0,16,16000002048
City-B,T2,10x,2600.0,S2_Platform,cross_regime,M_stress,500,True,6,2974.4,1946.2,653.8,0.3457,0.0,16,16000002048
City-B,T2,10x,2600.0,S3_Lin4,routine,M_routine,500,True,7,2906.0,3537.2,0.0,0.0,1.0,16,16000002048
City-B,T2,10x,2600.0,S3_Lin4,cross_regime,M_stress,500,True,7,2906.0,2216.2,383.8,0.2374,0.0,16,16000002048
City-B,T2,10x,2600.0,S4_GlobalCalib,routine,M_routine,500,True,5,2629.0,2593.9,6.1,0.0133,0.0,16,16000002048
City-B,T2,10x,2600.0,S4_GlobalCalib,cross_regime,M_stress,500,True,5,2629.0,1694.1,905.9,0.3556,0.0,16,16000002048
City-B,T2,10x,2600.0,S5_CityCalib,routine,M_routine,500,True,5,2644.9,2593.9,6.1,0.0193,0.0,16,16000002048
City-B,T2,10x,2600.0,S5_CityCalib,cross_regime,M_stress,500,True,5,2644.9,1694.1,905.9,0.3595,0.0,16,16000002048
City-B,T2,10x,2600.0,S6_Q10,routine,M_routine,500,True,8,2704.8,3838.9,0.0,0.0,1.0,16,16000002048
City-B,T2,10x,2600.0,S6_Q10,cross_regime,M_stress,500,True,8,2704.8,2470.7,129.3,0.0865,0.0,16,16000002048
City-B,T3,1x,200.0,S0a_RoutineOracle,routine,M_routine,500,True,1,636.9,636.9,0.0,0.0,1.0,16,16000002048
City-B,T3,1x,200.0,S0a_RoutineOracle,cross_regime,M_stress,500,True,1,636.9,413.2,0.0,0.3512,1.0,16,16000002048
City-B,T3,1x,200.0,S0b_StressOracle,routine,M_routine,500,True,1,413.2,636.9,0.0,0.0,1.0,16,16000002048
City-B,T3,1x,200.0,S0b_StressOracle,cross_regime,M_stress,500,True,1,413.2,413.2,0.0,0.0,1.0,16,16000002048
City-B,T3,1x,200.0,S1_CapRR,routine,M_routine,500,True,1,744.5,636.9,0.0,0.1446,1.0,16,16000002048
City-B,T3,1x,200.0,S1_CapRR,cross_regime,M_stress,500,True,1,744.5,413.2,0.0,0.445,1.0,16,16000002048
City-B,T3,1x,200.0,S2_Platform,routine,M_routine,500,True,1,543.2,408.2,0.0,0.2485,1.0,16,16000002048
City-B,T3,1x,200.0,S2_Platform,cross_regime,M_stress,500,True,1,543.2,385.3,0.0,0.2907,1.0,16,16000002048
City-B,T3,1x,200.0,S3_Lin4,routine,M_routine,500,True,1,448.0,489.9,0.0,0.0,1.0,16,16000002048
City-B,T3,1x,200.0,S3_Lin4,cross_regime,M_stress,500,True,1,448.0,349.9,0.0,0.219,1.0,16,16000002048
City-B,T3,1x,200.0,S4_GlobalCalib,routine,M_routine,500,True,1,485.8,636.9,0.0,0.0,1.0,16,16000002048
City-B,T3,1x,200.0,S4_GlobalCalib,cross_regime,M_stress,500,True,1,485.8,413.2,0.0,0.1494,1.0,16,16000002048
City-B,T3,1x,200.0,S5_CityCalib,routine,M_routine,500,True,1,485.9,636.9,0.0,0.0,1.0,16,16000002048
City-B,T3,1x,200.0,S5_CityCalib,cross_regime,M_stress,500,True,1,485.9,413.2,0.0,0.1496,1.0,16,16000002048
City-B,T3,1x,200.0,S6_Q10,routine,M_routine,500,True,1,343.1,636.9,0.0,0.0,1.0,16,16000002048
City-B,T3,1x,200.0,S6_Q10,cross_regime,M_stress,500,True,1,343.1,413.2,0.0,0.0,1.0,16,16000002048
City-B,T3,2x,400.0,S0a_RoutineOracle,routine,M_routine,500,True,1,636.9,636.9,0.0,0.0,1.0,16,16000002048
City-B,T3,2x,400.0,S0a_RoutineOracle,cross_regime,M_stress,500,True,1,636.9,413.2,0.0,0.3512,1.0,16,16000002048
City-B,T3,2x,400.0,S0b_StressOracle,routine,M_routine,500,True,1,413.2,636.9,0.0,0.0,1.0,16,16000002048
City-B,T3,2x,400.0,S0b_StressOracle,cross_regime,M_stress,500,True,1,413.2,413.2,0.0,0.0,1.0,16,16000002048
City-B,T3,2x,400.0,S1_CapRR,routine,M_routine,500,True,1,744.5,636.9,0.0,0.1446,1.0,16,16000002048
City-B,T3,2x,400.0,S1_CapRR,cross_regime,M_stress,500,True,1,744.5,413.2,0.0,0.445,1.0,16,16000002048
City-B,T3,2x,400.0,S2_Platform,routine,M_routine,500,True,1,543.2,408.2,0.0,0.2485,1.0,16,16000002048
City-B,T3,2x,400.0,S2_Platform,cross_regime,M_stress,500,True,1,543.2,385.3,14.7,0.2907,0.0,16,16000002048
City-B,T3,2x,400.0,S3_Lin4,routine,M_routine,500,True,1,448.0,489.9,0.0,0.0,1.0,16,16000002048
City-B,T3,2x,400.0,S3_Lin4,cross_regime,M_stress,500,True,1,448.0,349.9,50.1,0.219,0.0,16,16000002048
City-B,T3,2x,400.0,S4_GlobalCalib,routine,M_routine,500,True,1,485.8,636.9,0.0,0.0,1.0,16,16000002048
City-B,T3,2x,400.0,S4_GlobalCalib,cross_regime,M_stress,500,True,1,485.8,413.2,0.0,0.1494,1.0,16,16000002048
City-B,T3,2x,400.0,S5_CityCalib,routine,M_routine,500,True,1,485.9,636.9,0.0,0.0,1.0,16,16000002048
City-B,T3,2x,400.0,S5_CityCalib,cross_regime,M_stress,500,True,1,485.9,413.2,0.0,0.1496,1.0,16,16000002048
City-B,T3,2x,400.0,S6_Q10,routine,M_routine,500,True,2,684.6,1045.1,0.0,0.0,1.0,16,16000002048
City-B,T3,2x,400.0,S6_Q10,cross_regime,M_stress,500,True,2,684.6,798.4,0.0,0.0,1.0,16,16000002048
City-B,T3,5x,1000.0,S0a_RoutineOracle,routine,M_routine,500,True,2,1267.2,1267.2,0.0,0.0,1.0,16,16000002048
City-B,T3,5x,1000.0,S0a_RoutineOracle,cross_regime,M_stress,500,True,2,1267.2,682.0,318.0,0.4618,0.0,16,16000002048
City-B,T3,5x,1000.0,S0b_StressOracle,routine,M_routine,500,True,3,1148.3,1535.0,0.0,0.0,1.0,16,16000002048
City-B,T3,5x,1000.0,S0b_StressOracle,cross_regime,M_stress,500,True,3,1148.3,1148.3,0.0,0.0,1.0,16,16000002048
City-B,T3,5x,1000.0,S1_CapRR,routine,M_routine,500,True,2,1485.4,1045.1,0.0,0.2964,1.0,16,16000002048
City-B,T3,5x,1000.0,S1_CapRR,cross_regime,M_stress,500,True,2,1485.4,798.4,201.6,0.4625,0.0,16,16000002048
City-B,T3,5x,1000.0,S2_Platform,routine,M_routine,500,True,2,1048.0,898.1,101.9,0.143,0.0,16,16000002048
City-B,T3,5x,1000.0,S2_Platform,cross_regime,M_stress,500,True,2,1048.0,735.2,264.8,0.2985,0.0,16,16000002048
City-B,T3,5x,1000.0,S3_Lin4,routine,M_routine,500,True,3,1325.9,1757.1,0.0,0.0,1.0,16,16000002048
City-B,T3,5x,1000.0,S3_Lin4,cross_regime,M_stress,500,True,3,1325.9,1031.9,0.0,0.2218,1.0,16,16000002048
City-B,T3,5x,1000.0,S4_GlobalCalib,routine,M_routine,500,True,3,1438.1,1535.0,0.0,0.0,1.0,16,16000002048
City-B,T3,5x,1000.0,S4_GlobalCalib,cross_regime,M_stress,500,True,3,1438.1,1148.3,0.0,0.2015,1.0,16,16000002048
City-B,T3,5x,1000.0,S5_CityCalib,routine,M_routine,500,True,3,1438.4,1535.0,0.0,0.0,1.0,16,16000002048
City-B,T3,5x,1000.0,S5_CityCalib,cross_regime,M_stress,500,True,3,1438.4,1148.3,0.0,0.2017,1.0,16,16000002048
City-B,T3,5x,1000.0,S6_Q10,routine,M_routine,500,True,3,1015.7,1535.0,0.0,0.0,1.0,16,16000002048
City-B,T3,5x,1000.0,S6_Q10,cross_regime,M_stress,500,True,3,1015.7,1148.3,0.0,0.0,1.0,16,16000002048
City-B,T3,10x,2000.0,S0a_RoutineOracle,routine,M_routine,500,True,4,2181.1,2181.1,0.0,0.0,1.0,16,16000002048
City-B,T3,10x,2000.0,S0a_RoutineOracle,cross_regime,M_stress,500,True,4,2181.1,1283.4,716.6,0.4116,0.0,16,16000002048
City-B,T3,10x,2000.0,S0b_StressOracle,routine,M_routine,500,True,6,2026.2,2675.3,0.0,0.0,1.0,16,16000002048
City-B,T3,10x,2000.0,S0b_StressOracle,cross_regime,M_stress,500,True,6,2026.2,2026.2,0.0,0.0,1.0,16,16000002048
City-B,T3,10x,2000.0,S1_CapRR,routine,M_routine,500,True,3,2203.9,1535.0,465.0,0.3035,0.0,16,16000002048
City-B,T3,10x,2000.0,S1_CapRR,cross_regime,M_stress,500,True,3,2203.9,1148.3,851.7,0.479,0.0,16,16000002048
City-B,T3,10x,2000.0,S2_Platform,routine,M_routine,500,True,5,2307.7,2091.2,0.0,0.0938,1.0,16,16000002048
City-B,T3,10x,2000.0,S2_Platform,cross_regime,M_stress,500,True,5,2307.7,1564.5,435.5,0.322,0.0,16,16000002048
City-B,T3,10x,2000.0,S3_Lin4,routine,M_routine,500,True,5,2129.1,2562.7,0.0,0.0,1.0,16,16000002048
City-B,T3,10x,2000.0,S3_Lin4,cross_regime,M_stress,500,True,5,2129.1,1635.1,364.9,0.232,0.0,16,16000002048
City-B,T3,10x,2000.0,S4_GlobalCalib,routine,M_routine,500,True,5,2298.7,2355.2,0.0,0.0,1.0,16,16000002048
City-B,T3,10x,2000.0,S4_GlobalCalib,cross_regime,M_stress,500,True,5,2298.7,1734.7,265.3,0.2453,0.0,16,16000002048
City-B,T3,10x,2000.0,S5_CityCalib,routine,M_routine,500,True,5,2299.3,2355.2,0.0,0.0,1.0,16,16000002048
City-B,T3,10x,2000.0,S5_CityCalib,cross_regime,M_stress,500,True,5,2299.3,1734.7,265.3,0.2455,0.0,16,16000002048
City-B,T3,10x,2000.0,S6_Q10,routine,M_routine,500,True,7,2134.2,3036.2,0.0,0.0,1.0,16,16000002048
City-B,T3,10x,2000.0,S6_Q10,cross_regime,M_stress,500,True,7,2134.2,2156.2,0.0,0.0,1.0,16,16000002048
City-B,T4,1x,140.0,S0a_RoutineOracle,routine,M_routine,500,True,1,583.6,583.6,0.0,0.0,1.0,16,16000002048
City-B,T4,1x,140.0,S0a_RoutineOracle,cross_regime,M_stress,500,True,1,583.6,336.1,0.0,0.4241,1.0,16,16000002048
City-B,T4,1x,140.0,S0b_StressOracle,routine,M_routine,500,True,1,448.5,523.4,0.0,0.0,1.0,16,16000002048
City-B,T4,1x,140.0,S0b_StressOracle,cross_regime,M_stress,500,True,1,448.5,448.5,0.0,0.0,1.0,16,16000002048
City-B,T4,1x,140.0,S1_CapRR,routine,M_routine,500,True,1,846.0,583.6,0.0,0.3101,1.0,16,16000002048
City-B,T4,1x,140.0,S1_CapRR,cross_regime,M_stress,500,True,1,846.0,336.1,0.0,0.6027,1.0,16,16000002048
City-B,T4,1x,140.0,S2_Platform,routine,M_routine,500,True,1,480.1,583.6,0.0,0.0,1.0,16,16000002048
City-B,T4,1x,140.0,S2_Platform,cross_regime,M_stress,500,True,1,480.1,336.1,0.0,0.2998,1.0,16,16000002048
City-B,T4,1x,140.0,S3_Lin4,routine,M_routine,500,True,1,459.7,572.0,0.0,0.0,1.0,16,16000002048
City-B,T4,1x,140.0,S3_Lin4,cross_regime,M_stress,500,True,1,459.7,364.3,0.0,0.2075,1.0,16,16000002048
City-B,T4,1x,140.0,S4_GlobalCalib,routine,M_routine,500,True,1,551.3,583.6,0.0,0.0,1.0,16,16000002048
City-B,T4,1x,140.0,S4_GlobalCalib,cross_regime,M_stress,500,True,1,551.3,336.1,0.0,0.3903,1.0,16,16000002048
City-B,T4,1x,140.0,S5_CityCalib,routine,M_routine,500,True,1,553.1,583.6,0.0,0.0,1.0,16,16000002048
City-B,T4,1x,140.0,S5_CityCalib,cross_regime,M_stress,500,True,1,553.1,336.1,0.0,0.3922,1.0,16,16000002048
City-B,T4,1x,140.0,S6_Q10,routine,M_routine,500,True,1,390.6,583.6,0.0,0.0,1.0,16,16000002048
City-B,T4,1x,140.0,S6_Q10,cross_regime,M_stress,500,True,1,390.6,336.1,0.0,0.1395,1.0,16,16000002048
City-B,T4,2x,280.0,S0a_RoutineOracle,routine,M_routine,500,True,1,583.6,583.6,0.0,0.0,1.0,16,16000002048
City-B,T4,2x,280.0,S0a_RoutineOracle,cross_regime,M_stress,500,True,1,583.6,336.1,0.0,0.4241,1.0,16,16000002048
City-B,T4,2x,280.0,S0b_StressOracle,routine,M_routine,500,True,1,448.5,523.4,0.0,0.0,1.0,16,16000002048
City-B,T4,2x,280.0,S0b_StressOracle,cross_regime,M_stress,500,True,1,448.5,448.5,0.0,0.0,1.0,16,16000002048
City-B,T4,2x,280.0,S1_CapRR,routine,M_routine,500,True,1,846.0,583.6,0.0,0.3101,1.0,16,16000002048
City-B,T4,2x,280.0,S1_CapRR,cross_regime,M_stress,500,True,1,846.0,336.1,0.0,0.6027,1.0,16,16000002048
City-B,T4,2x,280.0,S2_Platform,routine,M_routine,500,True,1,480.1,583.6,0.0,0.0,1.0,16,16000002048
City-B,T4,2x,280.0,S2_Platform,cross_regime,M_stress,500,True,1,480.1,336.1,0.0,0.2998,1.0,16,16000002048
City-B,T4,2x,280.0,S3_Lin4,routine,M_routine,500,True,1,459.7,572.0,0.0,0.0,1.0,16,16000002048
City-B,T4,2x,280.0,S3_Lin4,cross_regime,M_stress,500,True,1,459.7,364.3,0.0,0.2075,1.0,16,16000002048
City-B,T4,2x,280.0,S4_GlobalCalib,routine,M_routine,500,True,1,551.3,583.6,0.0,0.0,1.0,16,16000002048
City-B,T4,2x,280.0,S4_GlobalCalib,cross_regime,M_stress,500,True,1,551.3,336.1,0.0,0.3903,1.0,16,16000002048
City-B,T4,2x,280.0,S5_CityCalib,routine,M_routine,500,True,1,553.1,583.6,0.0,0.0,1.0,16,16000002048
City-B,T4,2x,280.0,S5_CityCalib,cross_regime,M_stress,500,True,1,553.1,336.1,0.0,0.3922,1.0,16,16000002048
City-B,T4,2x,280.0,S6_Q10,routine,M_routine,500,True,1,390.6,583.6,0.0,0.0,1.0,16,16000002048
City-B,T4,2x,280.0,S6_Q10,cross_regime,M_stress,500,True,1,390.6,336.1,0.0,0.1395,1.0,16,16000002048
City-B,T4,5x,700.0,S0a_RoutineOracle,routine,M_routine,500,True,2,1155.6,1155.6,0.0,0.0,1.0,16,16000002048
City-B,T4,5x,700.0,S0a_RoutineOracle,cross_regime,M_stress,500,True,2,1155.6,700.5,0.0,0.3939,1.0,16,16000002048
City-B,T4,5x,700.0,S0b_StressOracle,routine,M_routine,500,True,2,864.4,1007.3,0.0,0.0,1.0,16,16000002048
City-B,T4,5x,700.0,S0b_StressOracle,cross_regime,M_stress,500,True,2,864.4,864.4,0.0,0.0,1.0,16,16000002048
City-B,T4,5x,700.0,S1_CapRR,routine,M_routine,500,True,1,846.0,583.6,116.4,0.3101,0.0,16,16000002048
City-B,T4,5x,700.0,S1_CapRR,cross_regime,M_stress,500,True,1,846.0,336.1,363.9,0.6027,0.0,16,16000002048
City-B,T4,5x,700.0,S2_Platform,routine,M_routine,500,True,2,912.9,1107.0,0.0,0.0,1.0,16,16000002048
City-B,T4,5x,700.0,S2_Platform,cross_regime,M_stress,500,True,2,912.9,784.7,0.0,0.1405,1.0,16,16000002048
City-B,T4,5x,700.0,S3_Lin4,routine,M_routine,500,True,2,913.2,1095.4,0.0,0.0,1.0,16,16000002048
City-B,T4,5x,700.0,S3_Lin4,cross_regime,M_stress,500,True,2,913.2,812.9,0.0,0.1099,1.0,16,16000002048
City-B,T4,5x,700.0,S4_GlobalCalib,routine,M_routine,500,True,2,1099.9,1122.3,0.0,0.0,1.0,16,16000002048
City-B,T4,5x,700.0,S4_GlobalCalib,cross_regime,M_stress,500,True,2,1099.9,746.7,0.0,0.3211,1.0,16,16000002048
City-B,T4,5x,700.0,S5_CityCalib,routine,M_routine,500,True,2,1103.5,1122.3,0.0,0.0,1.0,16,16000002048
City-B,T4,5x,700.0,S5_CityCalib,cross_regime,M_stress,500,True,2,1103.5,746.7,0.0,0.3233,1.0,16,16000002048
City-B,T4,5x,700.0,S6_Q10,routine,M_routine,500,True,2,779.4,1122.3,0.0,0.0,1.0,16,16000002048
City-B,T4,5x,700.0,S6_Q10,cross_regime,M_stress,500,True,2,779.4,746.7,0.0,0.0419,1.0,16,16000002048
City-B,T4,10x,1400.0,S0a_RoutineOracle,routine,M_routine,500,True,3,1694.3,1694.3,0.0,0.0,1.0,16,16000002048
City-B,T4,10x,1400.0,S0a_RoutineOracle,cross_regime,M_stress,500,True,3,1694.3,1111.1,288.9,0.3442,0.0,16,16000002048
City-B,T4,10x,1400.0,S0b_StressOracle,routine,M_routine,500,True,4,1639.3,2118.0,0.0,0.0,1.0,16,16000002048
City-B,T4,10x,1400.0,S0b_StressOracle,cross_regime,M_stress,500,True,4,1639.3,1639.3,0.0,0.0,1.0,16,16000002048
City-B,T4,10x,1400.0,S1_CapRR,routine,M_routine,500,True,2,1688.0,1122.3,277.7,0.3351,0.0,16,16000002048
City-B,T4,10x,1400.0,S1_CapRR,cross_regime,M_stress,500,True,2,1688.0,746.7,653.3,0.5576,0.0,16,16000002048
City-B,T4,10x,1400.0,S2_Platform,routine,M_routine,500,True,4,1693.5,2076.3,0.0,0.0,1.0,16,16000002048
City-B,T4,10x,1400.0,S2_Platform,cross_regime,M_stress,500,True,4,1693.5,1405.7,0.0,0.1699,1.0,16,16000002048
City-B,T4,10x,1400.0,S3_Lin4,routine,M_routine,500,True,4,1812.5,2217.7,0.0,0.0,1.0,16,16000002048
City-B,T4,10x,1400.0,S3_Lin4,cross_regime,M_stress,500,True,4,1812.5,1559.6,0.0,0.1395,1.0,16,16000002048
City-B,T4,10x,1400.0,S4_GlobalCalib,routine,M_routine,500,True,3,1632.1,1694.3,0.0,0.0,1.0,16,16000002048
City-B,T4,10x,1400.0,S4_GlobalCalib,cross_regime,M_stress,500,True,3,1632.1,1111.1,288.9,0.3192,0.0,16,16000002048
City-B,T4,10x,1400.0,S5_CityCalib,routine,M_routine,500,True,3,1637.4,1694.3,0.0,0.0,1.0,16,16000002048
City-B,T4,10x,1400.0,S5_CityCalib,cross_regime,M_stress,500,True,3,1637.4,1111.1,288.9,0.3214,0.0,16,16000002048
City-B,T4,10x,1400.0,S6_Q10,routine,M_routine,500,True,4,1525.2,2217.7,0.0,0.0,1.0,16,16000002048
City-B,T4,10x,1400.0,S6_Q10,cross_regime,M_stress,500,True,4,1525.2,1559.6,0.0,0.0,1.0,16,16000002048
City-B,T5,1x,160.0,S0a_RoutineOracle,routine,M_routine,500,True,1,593.5,593.5,0.0,0.0,1.0,16,16000002048
City-B,T5,1x,160.0,S0a_RoutineOracle,cross_regime,M_stress,500,True,1,593.5,139.8,20.2,0.7644,0.0,16,16000002048
City-B,T5,1x,160.0,S0b_StressOracle,routine,M_routine,500,True,1,405.3,484.8,0.0,0.0,1.0,16,16000002048
City-B,T5,1x,160.0,S0b_StressOracle,cross_regime,M_stress,500,True,1,405.3,405.3,0.0,0.0,1.0,16,16000002048
City-B,T5,1x,160.0,S1_CapRR,routine,M_routine,500,True,1,744.5,593.5,0.0,0.2028,1.0,16,16000002048
City-B,T5,1x,160.0,S1_CapRR,cross_regime,M_stress,500,True,1,744.5,139.8,20.2,0.8122,0.0,16,16000002048
City-B,T5,1x,160.0,S2_Platform,routine,M_routine,500,True,1,553.3,484.8,0.0,0.1238,1.0,16,16000002048
City-B,T5,1x,160.0,S2_Platform,cross_regime,M_stress,500,True,1,553.3,405.3,0.0,0.2676,1.0,16,16000002048
City-B,T5,1x,160.0,S3_Lin4,routine,M_routine,500,True,1,450.6,429.7,0.0,0.0465,1.0,16,16000002048
City-B,T5,1x,160.0,S3_Lin4,cross_regime,M_stress,500,True,1,450.6,325.7,0.0,0.2772,1.0,16,16000002048
City-B,T5,1x,160.0,S4_GlobalCalib,routine,M_routine,500,True,1,488.2,593.5,0.0,0.0,1.0,16,16000002048
City-B,T5,1x,160.0,S4_GlobalCalib,cross_regime,M_stress,500,True,1,488.2,139.8,20.2,0.7136,0.0,16,16000002048
City-B,T5,1x,160.0,S5_CityCalib,routine,M_routine,500,True,1,488.3,593.5,0.0,0.0,1.0,16,16000002048
City-B,T5,1x,160.0,S5_CityCalib,cross_regime,M_stress,500,True,1,488.3,139.8,20.2,0.7137,0.0,16,16000002048
City-B,T5,1x,160.0,S6_Q10,routine,M_routine,500,True,1,342.6,593.5,0.0,0.0,1.0,16,16000002048
City-B,T5,1x,160.0,S6_Q10,cross_regime,M_stress,500,True,1,342.6,139.8,20.2,0.5919,0.0,16,16000002048
City-B,T5,2x,320.0,S0a_RoutineOracle,routine,M_routine,500,True,1,593.5,593.5,0.0,0.0,1.0,16,16000002048
City-B,T5,2x,320.0,S0a_RoutineOracle,cross_regime,M_stress,500,True,1,593.5,139.8,180.2,0.7644,0.0,16,16000002048
City-B,T5,2x,320.0,S0b_StressOracle,routine,M_routine,500,True,1,405.3,484.8,0.0,0.0,1.0,16,16000002048
City-B,T5,2x,320.0,S0b_StressOracle,cross_regime,M_stress,500,True,1,405.3,405.3,0.0,0.0,1.0,16,16000002048
City-B,T5,2x,320.0,S1_CapRR,routine,M_routine,500,True,1,744.5,593.5,0.0,0.2028,1.0,16,16000002048
City-B,T5,2x,320.0,S1_CapRR,cross_regime,M_stress,500,True,1,744.5,139.8,180.2,0.8122,0.0,16,16000002048
City-B,T5,2x,320.0,S2_Platform,routine,M_routine,500,True,1,553.3,484.8,0.0,0.1238,1.0,16,16000002048
City-B,T5,2x,320.0,S2_Platform,cross_regime,M_stress,500,True,1,553.3,405.3,0.0,0.2676,1.0,16,16000002048
City-B,T5,2x,320.0,S3_Lin4,routine,M_routine,500,True,1,450.6,429.7,0.0,0.0465,1.0,16,16000002048
City-B,T5,2x,320.0,S3_Lin4,cross_regime,M_stress,500,True,1,450.6,325.7,0.0,0.2772,1.0,16,16000002048
City-B,T5,2x,320.0,S4_GlobalCalib,routine,M_routine,500,True,1,488.2,593.5,0.0,0.0,1.0,16,16000002048
City-B,T5,2x,320.0,S4_GlobalCalib,cross_regime,M_stress,500,True,1,488.2,139.8,180.2,0.7136,0.0,16,16000002048
City-B,T5,2x,320.0,S5_CityCalib,routine,M_routine,500,True,1,488.3,593.5,0.0,0.0,1.0,16,16000002048
City-B,T5,2x,320.0,S5_CityCalib,cross_regime,M_stress,500,True,1,488.3,139.8,180.2,0.7137,0.0,16,16000002048
City-B,T5,2x,320.0,S6_Q10,routine,M_routine,500,True,1,342.6,593.5,0.0,0.0,1.0,16,16000002048
City-B,T5,2x,320.0,S6_Q10,cross_regime,M_stress,500,True,1,342.6,139.8,180.2,0.5919,0.0,16,16000002048
City-B,T5,5x,800.0,S0a_RoutineOracle,routine,M_routine,500,True,2,1095.0,1095.0,0.0,0.0,1.0,16,16000002048
City-B,T5,5x,800.0,S0a_RoutineOracle,cross_regime,M_stress,500,True,2,1095.0,322.5,477.5,0.7055,0.0,16,16000002048
City-B,T5,5x,800.0,S0b_StressOracle,routine,M_routine,500,True,3,1070.9,1227.4,0.0,0.0,1.0,16,16000002048
City-B,T5,5x,800.0,S0b_StressOracle,cross_regime,M_stress,500,True,3,1070.9,1070.9,0.0,0.0,1.0,16,16000002048
City-B,T5,5x,800.0,S1_CapRR,routine,M_routine,500,True,2,1485.4,1078.3,0.0,0.2741,1.0,16,16000002048
City-B,T5,5x,800.0,S1_CapRR,cross_regime,M_stress,500,True,2,1485.4,545.1,254.9,0.633,0.0,16,16000002048
City-B,T5,5x,800.0,S2_Platform,routine,M_routine,500,True,2,1093.7,914.5,0.0,0.1639,1.0,16,16000002048
City-B,T5,5x,800.0,S2_Platform,cross_regime,M_stress,500,True,2,1093.7,731.0,69.0,0.3316,0.0,16,16000002048
City-B,T5,5x,800.0,S3_Lin4,routine,M_routine,500,True,2,895.2,931.1,0.0,0.0,1.0,16,16000002048
City-B,T5,5x,800.0,S3_Lin4,cross_regime,M_stress,500,True,2,895.2,508.4,291.6,0.4321,0.0,16,16000002048
City-B,T5,5x,800.0,S4_GlobalCalib,routine,M_routine,500,True,2,974.0,1078.3,0.0,0.0,1.0,16,16000002048
City-B,T5,5x,800.0,S4_GlobalCalib,cross_regime,M_stress,500,True,2,974.0,545.1,254.9,0.4404,0.0,16,16000002048
City-B,T5,5x,800.0,S5_CityCalib,routine,M_routine,500,True,2,974.2,1078.3,0.0,0.0,1.0,16,16000002048
City-B,T5,5x,800.0,S5_CityCalib,cross_regime,M_stress,500,True,2,974.2,545.1,254.9,0.4405,0.0,16,16000002048
City-B,T5,5x,800.0,S6_Q10,routine,M_routine,500,True,3,1014.2,1508.0,0.0,0.0,1.0,16,16000002048
City-B,T5,5x,800.0,S6_Q10,cross_regime,M_stress,500,True,3,1014.2,870.8,0.0,0.1414,1.0,16,16000002048
City-B,T5,10x,1600.0,S0a_RoutineOracle,routine,M_routine,500,True,4,2009.4,2009.4,0.0,0.0,1.0,16,16000002048
City-B,T5,10x,1600.0,S0a_RoutineOracle,cross_regime,M_stress,500,True,4,2009.4,1053.5,546.5,0.4757,0.0,16,16000002048
City-B,T5,10x,1600.0,S0b_StressOracle,routine,M_routine,500,True,5,1612.7,1823.1,0.0,0.0,1.0,16,16000002048
City-B,T5,10x,1600.0,S0b_StressOracle,cross_regime,M_stress,500,True,5,1612.7,1612.7,0.0,0.0,1.0,16,16000002048
City-B,T5,10x,1600.0,S1_CapRR,routine,M_routine,500,True,3,2203.9,1508.0,92.0,0.3158,0.0,16,16000002048
City-B,T5,10x,1600.0,S1_CapRR,cross_regime,M_stress,500,True,3,2203.9,870.8,729.2,0.6049,0.0,16,16000002048
City-B,T5,10x,1600.0,S2_Platform,routine,M_routine,500,True,4,2025.8,1694.4,0.0,0.1636,1.0,16,16000002048
City-B,T5,10x,1600.0,S2_Platform,cross_regime,M_stress,500,True,4,2025.8,1204.6,395.4,0.4054,0.0,16,16000002048
City-B,T5,10x,1600.0,S3_Lin4,routine,M_routine,500,True,4,1770.1,2009.4,0.0,0.0,1.0,16,16000002048
City-B,T5,10x,1600.0,S3_Lin4,cross_regime,M_stress,500,True,4,1770.1,1053.5,546.5,0.4049,0.0,16,16000002048
City-B,T5,10x,1600.0,S4_GlobalCalib,routine,M_routine,500,True,4,1906.2,2009.4,0.0,0.0,1.0,16,16000002048
City-B,T5,10x,1600.0,S4_GlobalCalib,cross_regime,M_stress,500,True,4,1906.2,1053.5,546.5,0.4473,0.0,16,16000002048
City-B,T5,10x,1600.0,S5_CityCalib,routine,M_routine,500,True,4,1906.7,2009.4,0.0,0.0,1.0,16,16000002048
City-B,T5,10x,1600.0,S5_CityCalib,cross_regime,M_stress,500,True,4,1906.7,1053.5,546.5,0.4475,0.0,16,16000002048
City-B,T5,10x,1600.0,S6_Q10,routine,M_routine,500,True,5,1620.6,2287.9,0.0,0.0,1.0,16,16000002048
City-B,T5,10x,1600.0,S6_Q10,cross_regime,M_stress,500,True,5,1620.6,1344.5,255.5,0.1704,0.0,16,16000002048
City-C,T1,1x,180.0,S0a_RoutineOracle,routine,M_routine,650,True,1,519.3,519.3,0.0,0.0,1.0,16,16000002048
City-C,T1,1x,180.0,S0a_RoutineOracle,cross_regime,M_stress,650,True,1,519.3,300.4,0.0,0.4215,1.0,16,16000002048
City-C,T1,1x,180.0,S0b_StressOracle,routine,M_routine,650,True,1,348.3,485.4,0.0,0.0,1.0,16,16000002048
City-C,T1,1x,180.0,S0b_StressOracle,cross_regime,M_stress,650,True,1,348.3,348.3,0.0,0.0,1.0,16,16000002048
City-C,T1,1x,180.0,S1_CapRR,routine,M_routine,650,True,1,737.0,485.4,0.0,0.3414,1.0,16,16000002048
City-C,T1,1x,180.0,S1_CapRR,cross_regime,M_stress,650,True,1,737.0,348.3,0.0,0.5274,1.0,16,16000002048
City-C,T1,1x,180.0,S2_Platform,routine,M_routine,650,True,1,460.9,485.4,0.0,0.0,1.0,16,16000002048
City-C,T1,1x,180.0,S2_Platform,cross_regime,M_stress,650,True,1,460.9,348.3,0.0,0.2443,1.0,16,16000002048
City-C,T1,1x,180.0,S3_Lin4,routine,M_routine,650,True,1,415.1,485.4,0.0,0.0,1.0,16,16000002048
City-C,T1,1x,180.0,S3_Lin4,cross_regime,M_stress,650,True,1,415.1,348.3,0.0,0.1609,1.0,16,16000002048
City-C,T1,1x,180.0,S4_GlobalCalib,routine,M_routine,650,True,1,491.0,485.4,0.0,0.0115,1.0,16,16000002048
City-C,T1,1x,180.0,S4_GlobalCalib,cross_regime,M_stress,650,True,1,491.0,348.3,0.0,0.2907,1.0,16,16000002048
City-C,T1,1x,180.0,S5_CityCalib,routine,M_routine,650,True,1,491.6,485.4,0.0,0.0127,1.0,16,16000002048
City-C,T1,1x,180.0,S5_CityCalib,cross_regime,M_stress,650,True,1,491.6,348.3,0.0,0.2916,1.0,16,16000002048
City-C,T1,1x,180.0,S6_Q10,routine,M_routine,650,True,1,342.4,485.4,0.0,0.0,1.0,16,16000002048
City-C,T1,1x,180.0,S6_Q10,cross_regime,M_stress,650,True,1,342.4,348.3,0.0,0.0,1.0,16,16000002048
City-C,T1,2x,360.0,S0a_RoutineOracle,routine,M_routine,650,True,1,519.3,519.3,0.0,0.0,1.0,16,16000002048
City-C,T1,2x,360.0,S0a_RoutineOracle,cross_regime,M_stress,650,True,1,519.3,300.4,59.6,0.4215,0.0,16,16000002048
City-C,T1,2x,360.0,S0b_StressOracle,routine,M_routine,650,True,2,648.9,917.5,0.0,0.0,1.0,16,16000002048
City-C,T1,2x,360.0,S0b_StressOracle,cross_regime,M_stress,650,True,2,648.9,648.9,0.0,0.0,1.0,16,16000002048
City-C,T1,2x,360.0,S1_CapRR,routine,M_routine,650,True,1,737.0,485.4,0.0,0.3414,1.0,16,16000002048
City-C,T1,2x,360.0,S1_CapRR,cross_regime,M_stress,650,True,1,737.0,348.3,11.7,0.5274,0.0,16,16000002048
City-C,T1,2x,360.0,S2_Platform,routine,M_routine,650,True,1,460.9,485.4,0.0,0.0,1.0,16,16000002048
City-C,T1,2x,360.0,S2_Platform,cross_regime,M_stress,650,True,1,460.9,348.3,11.7,0.2443,0.0,16,16000002048
City-C,T1,2x,360.0,S3_Lin4,routine,M_routine,650,True,1,415.1,485.4,0.0,0.0,1.0,16,16000002048
City-C,T1,2x,360.0,S3_Lin4,cross_regime,M_stress,650,True,1,415.1,348.3,11.7,0.1609,0.0,16,16000002048
City-C,T1,2x,360.0,S4_GlobalCalib,routine,M_routine,650,True,1,491.0,485.4,0.0,0.0115,1.0,16,16000002048
City-C,T1,2x,360.0,S4_GlobalCalib,cross_regime,M_stress,650,True,1,491.0,348.3,11.7,0.2907,0.0,16,16000002048
City-C,T1,2x,360.0,S5_CityCalib,routine,M_routine,650,True,1,491.6,485.4,0.0,0.0127,1.0,16,16000002048
City-C,T1,2x,360.0,S5_CityCalib,cross_regime,M_stress,650,True,1,491.6,348.3,11.7,0.2916,0.0,16,16000002048
City-C,T1,2x,360.0,S6_Q10,routine,M_routine,650,True,2,668.7,1004.7,0.0,0.0,1.0,16,16000002048
City-C,T1,2x,360.0,S6_Q10,cross_regime,M_stress,650,True,2,668.7,648.7,0.0,0.0299,1.0,16,16000002048
City-C,T1,5x,900.0,S0a_RoutineOracle,routine,M_routine,650,True,2,1016.5,1016.5,0.0,0.0,1.0,16,16000002048
City-C,T1,5x,900.0,S0a_RoutineOracle,cross_regime,M_stress,650,True,2,1016.5,470.6,429.4,0.537,0.0,16,16000002048
City-C,T1,5x,900.0,S0b_StressOracle,routine,M_routine,650,True,3,949.3,1436.8,0.0,0.0,1.0,16,16000002048
City-C,T1,5x,900.0,S0b_StressOracle,cross_regime,M_stress,650,True,3,949.3,949.3,0.0,0.0,1.0,16,16000002048
City-C,T1,5x,900.0,S1_CapRR,routine,M_routine,650,True,2,1439.5,1004.7,0.0,0.302,1.0,16,16000002048
City-C,T1,5x,900.0,S1_CapRR,cross_regime,M_stress,650,True,2,1439.5,648.7,251.3,0.5494,0.0,16,16000002048
City-C,T1,5x,900.0,S2_Platform,routine,M_routine,650,True,2,904.5,1004.7,0.0,0.0,1.0,16,16000002048
City-C,T1,5x,900.0,S2_Platform,cross_regime,M_stress,650,True,2,904.5,648.7,251.3,0.2828,0.0,16,16000002048
City-C,T1,5x,900.0,S3_Lin4,routine,M_routine,650,True,3,1200.6,1501.9,0.0,0.0,1.0,16,16000002048
City-C,T1,5x,900.0,S3_Lin4,cross_regime,M_stress,650,True,3,1200.6,818.9,81.1,0.3179,0.0,16,16000002048
City-C,T1,5x,900.0,S4_GlobalCalib,routine,M_routine,650,True,2,959.1,1004.7,0.0,0.0,1.0,16,16000002048
City-C,T1,5x,900.0,S4_GlobalCalib,cross_regime,M_stress,650,True,2,959.1,648.7,251.3,0.3236,0.0,16,16000002048
City-C,T1,5x,900.0,S5_CityCalib,routine,M_routine,650,True,2,960.3,1004.7,0.0,0.0,1.0,16,16000002048
City-C,T1,5x,900.0,S5_CityCalib,cross_regime,M_stress,650,True,2,960.3,648.7,251.3,0.3244,0.0,16,16000002048
City-C,T1,5x,900.0,S6_Q10,routine,M_routine,650,True,3,966.7,1501.9,0.0,0.0,1.0,16,16000002048
City-C,T1,5x,900.0,S6_Q10,cross_regime,M_stress,650,True,3,966.7,818.9,81.1,0.1529,0.0,16,16000002048
City-C,T1,10x,1800.0,S0a_RoutineOracle,routine,M_routine,650,True,4,1947.7,1947.7,0.0,0.0,1.0,16,16000002048
City-C,T1,10x,1800.0,S0a_RoutineOracle,cross_regime,M_stress,650,True,4,1947.7,1008.4,791.6,0.4823,0.0,16,16000002048
City-C,T1,10x,1800.0,S0b_StressOracle,routine,M_routine,650,True,6,1808.0,2237.3,0.0,0.0,1.0,16,16000002048
City-C,T1,10x,1800.0,S0b_StressOracle,cross_regime,M_stress,650,True,6,1808.0,1808.0,0.0,0.0,1.0,16,16000002048
City-C,T1,10x,1800.0,S1_CapRR,routine,M_routine,650,True,3,2081.1,1501.9,298.1,0.2783,0.0,16,16000002048
City-C,T1,10x,1800.0,S1_CapRR,cross_regime,M_stress,650,True,3,2081.1,818.9,981.1,0.6065,0.0,16,16000002048
City-C,T1,10x,1800.0,S2_Platform,routine,M_routine,650,True,5,2117.9,2160.2,0.0,0.0,1.0,16,16000002048
City-C,T1,10x,1800.0,S2_Platform,cross_regime,M_stress,650,True,5,2117.9,1286.8,513.2,0.3924,0.0,16,16000002048
City-C,T1,10x,1800.0,S3_Lin4,routine,M_routine,650,True,5,1949.6,2161.5,0.0,0.0,1.0,16,16000002048
City-C,T1,10x,1800.0,S3_Lin4,cross_regime,M_stress,650,True,5,1949.6,1115.9,684.1,0.4276,0.0,16,16000002048
City-C,T1,10x,1800.0,S4_GlobalCalib,routine,M_routine,650,True,5,2162.7,2248.8,0.0,0.0,1.0,16,16000002048
City-C,T1,10x,1800.0,S4_GlobalCalib,cross_regime,M_stress,650,True,5,2162.7,1281.8,518.2,0.4073,0.0,16,16000002048
City-C,T1,10x,1800.0,S5_CityCalib,routine,M_routine,650,True,5,2165.5,2248.8,0.0,0.0,1.0,16,16000002048
City-C,T1,10x,1800.0,S5_CityCalib,cross_regime,M_stress,650,True,5,2165.5,1281.8,518.2,0.4081,0.0,16,16000002048
City-C,T1,10x,1800.0,S6_Q10,routine,M_routine,650,True,7,2031.3,3043.2,0.0,0.0,1.0,16,16000002048
City-C,T1,10x,1800.0,S6_Q10,cross_regime,M_stress,650,True,7,2031.3,1749.3,50.7,0.1388,0.0,16,16000002048
City-C,T2,1x,260.0,S0a_RoutineOracle,routine,M_routine,650,True,1,666.4,666.4,0.0,0.0,1.0,16,16000002048
City-C,T2,1x,260.0,S0a_RoutineOracle,cross_regime,M_stress,650,True,1,666.4,372.6,0.0,0.4408,1.0,16,16000002048
City-C,T2,1x,260.0,S0b_StressOracle,routine,M_routine,650,True,1,372.6,666.4,0.0,0.0,1.0,16,16000002048
City-C,T2,1x,260.0,S0b_StressOracle,cross_regime,M_stress,650,True,1,372.6,372.6,0.0,0.0,1.0,16,16000002048
City-C,T2,1x,260.0,S1_CapRR,routine,M_routine,650,True,1,737.0,666.4,0.0,0.0959,1.0,16,16000002048
City-C,T2,1x,260.0,S1_CapRR,cross_regime,M_stress,650,True,1,737.0,372.6,0.0,0.4944,1.0,16,16000002048
City-C,T2,1x,260.0,S2_Platform,routine,M_routine,650,True,1,467.3,666.4,0.0,0.0,1.0,16,16000002048
City-C,T2,1x,260.0,S2_Platform,cross_regime,M_stress,650,True,1,467.3,372.6,0.0,0.2025,1.0,16,16000002048
City-C,T2,1x,260.0,S3_Lin4,routine,M_routine,650,True,1,415.5,666.4,0.0,0.0,1.0,16,16000002048
City-C,T2,1x,260.0,S3_Lin4,cross_regime,M_stress,650,True,1,415.5,372.6,0.0,0.1032,1.0,16,16000002048
City-C,T2,1x,260.0,S4_GlobalCalib,routine,M_routine,650,True,1,484.3,666.4,0.0,0.0,1.0,16,16000002048
City-C,T2,1x,260.0,S4_GlobalCalib,cross_regime,M_stress,650,True,1,484.3,372.6,0.0,0.2306,1.0,16,16000002048
City-C,T2,1x,260.0,S5_CityCalib,routine,M_routine,650,True,1,486.4,666.4,0.0,0.0,1.0,16,16000002048
City-C,T2,1x,260.0,S5_CityCalib,cross_regime,M_stress,650,True,1,486.4,372.6,0.0,0.2339,1.0,16,16000002048
City-C,T2,1x,260.0,S6_Q10,routine,M_routine,650,True,1,341.0,666.4,0.0,0.0,1.0,16,16000002048
City-C,T2,1x,260.0,S6_Q10,cross_regime,M_stress,650,True,1,341.0,372.6,0.0,0.0,1.0,16,16000002048
City-C,T2,2x,520.0,S0a_RoutineOracle,routine,M_routine,650,True,1,666.4,666.4,0.0,0.0,1.0,16,16000002048
City-C,T2,2x,520.0,S0a_RoutineOracle,cross_regime,M_stress,650,True,1,666.4,372.6,147.4,0.4408,0.0,16,16000002048
City-C,T2,2x,520.0,S0b_StressOracle,routine,M_routine,650,True,2,697.3,1008.0,0.0,0.0,1.0,16,16000002048
City-C,T2,2x,520.0,S0b_StressOracle,cross_regime,M_stress,650,True,2,697.3,697.3,0.0,0.0,1.0,16,16000002048
City-C,T2,2x,520.0,S1_CapRR,routine,M_routine,650,True,1,737.0,666.4,0.0,0.0959,1.0,16,16000002048
City-C,T2,2x,520.0,S1_CapRR,cross_regime,M_stress,650,True,1,737.0,372.6,147.4,0.4944,0.0,16,16000002048
City-C,T2,2x,520.0,S2_Platform,routine,M_routine,650,True,2,902.1,1198.6,0.0,0.0,1.0,16,16000002048
City-C,T2,2x,520.0,S2_Platform,cross_regime,M_stress,650,True,2,902.1,649.1,0.0,0.2805,1.0,16,16000002048
City-C,T2,2x,520.0,S3_Lin4,routine,M_routine,650,True,2,812.9,1198.6,0.0,0.0,1.0,16,16000002048
City-C,T2,2x,520.0,S3_Lin4,cross_regime,M_stress,650,True,2,812.9,649.1,0.0,0.2016,1.0,16,16000002048
City-C,T2,2x,520.0,S4_GlobalCalib,routine,M_routine,650,True,2,946.1,1198.6,0.0,0.0,1.0,16,16000002048
City-C,T2,2x,520.0,S4_GlobalCalib,cross_regime,M_stress,650,True,2,946.1,649.1,0.0,0.314,1.0,16,16000002048
City-C,T2,2x,520.0,S5_CityCalib,routine,M_routine,650,True,2,950.1,1198.6,0.0,0.0,1.0,16,16000002048
City-C,T2,2x,520.0,S5_CityCalib,cross_regime,M_stress,650,True,2,950.1,649.1,0.0,0.3169,1.0,16,16000002048
City-C,T2,2x,520.0,S6_Q10,routine,M_routine,650,True,2,666.0,1198.6,0.0,0.0,1.0,16,16000002048
City-C,T2,2x,520.0,S6_Q10,cross_regime,M_stress,650,True,2,666.0,649.1,0.0,0.0254,1.0,16,16000002048
City-C,T2,5x,1300.0,S0a_RoutineOracle,routine,M_routine,650,True,3,1709.5,1709.5,0.0,0.0,1.0,16,16000002048
City-C,T2,5x,1300.0,S0a_RoutineOracle,cross_regime,M_stress,650,True,3,1709.5,833.2,466.8,0.5126,0.0,16,16000002048
City-C,T2,5x,1300.0,S0b_StressOracle,routine,M_routine,650,True,5,1582.6,2114.3,0.0,0.0,1.0,16,16000002048
City-C,T2,5x,1300.0,S0b_StressOracle,cross_regime,M_stress,650,True,5,1582.6,1582.6,0.0,0.0,1.0,16,16000002048
City-C,T2,5x,1300.0,S1_CapRR,routine,M_routine,650,True,2,1439.5,1198.6,101.4,0.1674,0.0,16,16000002048
City-C,T2,5x,1300.0,S1_CapRR,cross_regime,M_stress,650,True,2,1439.5,649.1,650.9,0.5491,0.0,16,16000002048
City-C,T2,5x,1300.0,S2_Platform,routine,M_routine,650,True,3,1301.1,1498.4,0.0,0.0,1.0,16,16000002048
City-C,T2,5x,1300.0,S2_Platform,cross_regime,M_stress,650,True,3,1301.1,860.1,439.9,0.3389,0.0,16,16000002048
City-C,T2,5x,1300.0,S3_Lin4,routine,M_routine,650,True,4,1578.7,1899.6,0.0,0.0,1.0,16,16000002048
City-C,T2,5x,1300.0,S3_Lin4,cross_regime,M_stress,650,True,4,1578.7,1049.8,250.2,0.335,0.0,16,16000002048
City-C,T2,5x,1300.0,S4_GlobalCalib,routine,M_routine,650,True,3,1368.0,1498.4,0.0,0.0,1.0,16,16000002048
City-C,T2,5x,1300.0,S4_GlobalCalib,cross_regime,M_stress,650,True,3,1368.0,860.1,439.9,0.3712,0.0,16,16000002048
City-C,T2,5x,1300.0,S5_CityCalib,routine,M_routine,650,True,3,1373.7,1498.4,0.0,0.0,1.0,16,16000002048
City-C,T2,5x,1300.0,S5_CityCalib,cross_regime,M_stress,650,True,3,1373.7,860.1,439.9,0.3739,0.0,16,16000002048
City-C,T2,5x,1300.0,S6_Q10,routine,M_routine,650,True,5,1501.6,2353.2,0.0,0.0,1.0,16,16000002048
City-C,T2,5x,1300.0,S6_Q10,cross_regime,M_stress,650,True,5,1501.6,1418.1,0.0,0.0556,1.0,16,16000002048
City-C,T2,10x,2600.0,S0a_RoutineOracle,routine,M_routine,650,True,6,3002.7,3002.7,0.0,0.0,1.0,16,16000002048
City-C,T2,10x,2600.0,S0a_RoutineOracle,cross_regime,M_stress,650,True,6,3002.7,1546.1,1053.9,0.4851,0.0,16,16000002048
City-C,T2,10x,2600.0,S0b_StressOracle,routine,M_routine,650,True,9,2608.1,3726.3,0.0,0.0,1.0,16,16000002048
City-C,T2,10x,2600.0,S0b_StressOracle,cross_regime,M_stress,650,True,9,2608.1,2608.1,0.0,0.0,1.0,16,16000002048
City-C,T2,10x,2600.0,S1_CapRR,routine,M_routine,650,True,4,2666.6,1910.7,689.3,0.2835,0.0,16,16000002048
City-C,T2,10x,2600.0,S1_CapRR,cross_regime,M_stress,650,True,4,2666.6,1167.2,1432.8,0.5623,0.0,16,16000002048
City-C,T2,10x,2600.0,S2_Platform,routine,M_routine,650,True,7,2815.8,3212.3,0.0,0.0,1.0,16,16000002048
City-C,T2,10x,2600.0,S2_Platform,cross_regime,M_stress,650,True,7,2815.8,1680.0,920.0,0.4034,0.0,16,16000002048
City-C,T2,10x,2600.0,S3_Lin4,routine,M_routine,650,True,7,2652.5,2860.3,0.0,0.0,1.0,16,16000002048
City-C,T2,10x,2600.0,S3_Lin4,cross_regime,M_stress,650,True,7,2652.5,1579.1,1020.9,0.4047,0.0,16,16000002048
City-C,T2,10x,2600.0,S4_GlobalCalib,routine,M_routine,650,True,7,2876.0,2785.2,0.0,0.0316,1.0,16,16000002048
City-C,T2,10x,2600.0,S4_GlobalCalib,cross_regime,M_stress,650,True,7,2876.0,1902.0,698.0,0.3387,0.0,16,16000002048
City-C,T2,10x,2600.0,S5_CityCalib,routine,M_routine,650,True,7,2887.2,2785.2,0.0,0.0353,1.0,16,16000002048
City-C,T2,10x,2600.0,S5_CityCalib,cross_regime,M_stress,650,True,7,2887.2,1902.0,698.0,0.3412,0.0,16,16000002048
City-C,T2,10x,2600.0,S6_Q10,routine,M_routine,650,True,10,2777.7,4026.4,0.0,0.0,1.0,16,16000002048
City-C,T2,10x,2600.0,S6_Q10,cross_regime,M_stress,650,True,10,2777.7,2416.9,183.1,0.1299,0.0,16,16000002048
City-C,T3,1x,200.0,S0a_RoutineOracle,routine,M_routine,650,True,1,533.7,533.7,0.0,0.0,1.0,16,16000002048
City-C,T3,1x,200.0,S0a_RoutineOracle,cross_regime,M_stress,650,True,1,533.7,305.8,0.0,0.4271,1.0,16,16000002048
City-C,T3,1x,200.0,S0b_StressOracle,routine,M_routine,650,True,1,305.8,533.7,0.0,0.0,1.0,16,16000002048
City-C,T3,1x,200.0,S0b_StressOracle,cross_regime,M_stress,650,True,1,305.8,305.8,0.0,0.0,1.0,16,16000002048
City-C,T3,1x,200.0,S1_CapRR,routine,M_routine,650,True,1,648.6,533.7,0.0,0.1771,1.0,16,16000002048
City-C,T3,1x,200.0,S1_CapRR,cross_regime,M_stress,650,True,1,648.6,305.8,0.0,0.5286,1.0,16,16000002048
City-C,T3,1x,200.0,S2_Platform,routine,M_routine,650,True,1,456.8,533.7,0.0,0.0,1.0,16,16000002048
City-C,T3,1x,200.0,S2_Platform,cross_regime,M_stress,650,True,1,456.8,305.8,0.0,0.3306,1.0,16,16000002048
City-C,T3,1x,200.0,S3_Lin4,routine,M_routine,650,True,1,399.6,533.7,0.0,0.0,1.0,16,16000002048
City-C,T3,1x,200.0,S3_Lin4,cross_regime,M_stress,650,True,1,399.6,305.8,0.0,0.2349,1.0,16,16000002048
City-C,T3,1x,200.0,S4_GlobalCalib,routine,M_routine,650,True,1,423.6,533.7,0.0,0.0,1.0,16,16000002048
City-C,T3,1x,200.0,S4_GlobalCalib,cross_regime,M_stress,650,True,1,423.6,305.8,0.0,0.2781,1.0,16,16000002048
City-C,T3,1x,200.0,S5_CityCalib,routine,M_routine,650,True,1,429.8,533.7,0.0,0.0,1.0,16,16000002048
City-C,T3,1x,200.0,S5_CityCalib,cross_regime,M_stress,650,True,1,429.8,305.8,0.0,0.2887,1.0,16,16000002048
City-C,T3,1x,200.0,S6_Q10,routine,M_routine,650,True,1,298.9,533.7,0.0,0.0,1.0,16,16000002048
City-C,T3,1x,200.0,S6_Q10,cross_regime,M_stress,650,True,1,298.9,305.8,0.0,0.0,1.0,16,16000002048
City-C,T3,2x,400.0,S0a_RoutineOracle,routine,M_routine,650,True,1,533.7,533.7,0.0,0.0,1.0,16,16000002048
City-C,T3,2x,400.0,S0a_RoutineOracle,cross_regime,M_stress,650,True,1,533.7,305.8,94.2,0.4271,0.0,16,16000002048
City-C,T3,2x,400.0,S0b_StressOracle,routine,M_routine,650,True,2,598.2,995.4,0.0,0.0,1.0,16,16000002048
City-C,T3,2x,400.0,S0b_StressOracle,cross_regime,M_stress,650,True,2,598.2,598.2,0.0,0.0,1.0,16,16000002048
City-C,T3,2x,400.0,S1_CapRR,routine,M_routine,650,True,1,648.6,533.7,0.0,0.1771,1.0,16,16000002048
City-C,T3,2x,400.0,S1_CapRR,cross_regime,M_stress,650,True,1,648.6,305.8,94.2,0.5286,0.0,16,16000002048
City-C,T3,2x,400.0,S2_Platform,routine,M_routine,650,True,1,456.8,533.7,0.0,0.0,1.0,16,16000002048
City-C,T3,2x,400.0,S2_Platform,cross_regime,M_stress,650,True,1,456.8,305.8,94.2,0.3306,0.0,16,16000002048
City-C,T3,2x,400.0,S3_Lin4,routine,M_routine,650,True,2,780.0,995.4,0.0,0.0,1.0,16,16000002048
City-C,T3,2x,400.0,S3_Lin4,cross_regime,M_stress,650,True,2,780.0,598.2,0.0,0.2331,1.0,16,16000002048
City-C,T3,2x,400.0,S4_GlobalCalib,routine,M_routine,650,True,1,423.6,533.7,0.0,0.0,1.0,16,16000002048
City-C,T3,2x,400.0,S4_GlobalCalib,cross_regime,M_stress,650,True,1,423.6,305.8,94.2,0.2781,0.0,16,16000002048
City-C,T3,2x,400.0,S5_CityCalib,routine,M_routine,650,True,1,429.8,533.7,0.0,0.0,1.0,16,16000002048
City-C,T3,2x,400.0,S5_CityCalib,cross_regime,M_stress,650,True,1,429.8,305.8,94.2,0.2887,0.0,16,16000002048
City-C,T3,2x,400.0,S6_Q10,routine,M_routine,650,True,2,583.8,995.4,0.0,0.0,1.0,16,16000002048
City-C,T3,2x,400.0,S6_Q10,cross_regime,M_stress,650,True,2,583.8,598.2,0.0,0.0,1.0,16,16000002048
City-C,T3,5x,1000.0,S0a_RoutineOracle,routine,M_routine,650,True,3,1410.5,1410.5,0.0,0.0,1.0,16,16000002048
City-C,T3,5x,1000.0,S0a_RoutineOracle,cross_regime,M_stress,650,True,3,1410.5,845.7,154.3,0.4004,0.0,16,16000002048
City-C,T3,5x,1000.0,S0b_StressOracle,routine,M_routine,650,True,4,1155.5,1657.9,0.0,0.0,1.0,16,16000002048
City-C,T3,5x,1000.0,S0b_StressOracle,cross_regime,M_stress,650,True,4,1155.5,1155.5,0.0,0.0,1.0,16,16000002048
City-C,T3,5x,1000.0,S1_CapRR,routine,M_routine,650,True,2,1266.8,995.4,4.6,0.2142,0.0,16,16000002048
City-C,T3,5x,1000.0,S1_CapRR,cross_regime,M_stress,650,True,2,1266.8,598.2,401.8,0.5278,0.0,16,16000002048
City-C,T3,5x,1000.0,S2_Platform,routine,M_routine,650,True,3,1285.7,1123.0,0.0,0.1265,1.0,16,16000002048
City-C,T3,5x,1000.0,S2_Platform,cross_regime,M_stress,650,True,3,1285.7,834.5,165.5,0.3509,0.0,16,16000002048
City-C,T3,5x,1000.0,S3_Lin4,routine,M_routine,650,True,3,1155.1,1290.4,0.0,0.0,1.0,16,16000002048
City-C,T3,5x,1000.0,S3_Lin4,cross_regime,M_stress,650,True,3,1155.1,742.7,257.3,0.357,0.0,16,16000002048
City-C,T3,5x,1000.0,S4_GlobalCalib,routine,M_routine,650,True,3,1196.5,1290.4,0.0,0.0,1.0,16,16000002048
City-C,T3,5x,1000.0,S4_GlobalCalib,cross_regime,M_stress,650,True,3,1196.5,742.7,257.3,0.3792,0.0,16,16000002048
City-C,T3,5x,1000.0,S5_CityCalib,routine,M_routine,650,True,3,1213.8,1290.4,0.0,0.0,1.0,16,16000002048
City-C,T3,5x,1000.0,S5_CityCalib,cross_regime,M_stress,650,True,3,1213.8,742.7,257.3,0.3881,0.0,16,16000002048
City-C,T3,5x,1000.0,S6_Q10,routine,M_routine,650,True,4,1081.5,1648.3,0.0,0.0,1.0,16,16000002048
City-C,T3,5x,1000.0,S6_Q10,cross_regime,M_stress,650,True,4,1081.5,952.4,47.6,0.1194,0.0,16,16000002048
City-C,T3,10x,2000.0,S0a_RoutineOracle,routine,M_routine,650,True,5,2158.1,2158.1,0.0,0.0,1.0,16,16000002048
City-C,T3,10x,2000.0,S0a_RoutineOracle,cross_regime,M_stress,650,True,5,2158.1,1332.8,667.2,0.3824,0.0,16,16000002048
City-C,T3,10x,2000.0,S0b_StressOracle,routine,M_routine,650,True,8,2168.0,3032.8,0.0,0.0,1.0,16,16000002048
City-C,T3,10x,2000.0,S0b_StressOracle,cross_regime,M_stress,650,True,8,2168.0,2168.0,0.0,0.0,1.0,16,16000002048
City-C,T3,10x,2000.0,S1_CapRR,routine,M_routine,650,True,4,2346.7,1648.3,351.7,0.2976,0.0,16,16000002048
City-C,T3,10x,2000.0,S1_CapRR,cross_regime,M_stress,650,True,4,2346.7,952.4,1047.6,0.5942,0.0,16,16000002048
City-C,T3,10x,2000.0,S2_Platform,routine,M_routine,650,True,5,2048.1,1750.8,249.2,0.1451,0.0,16,16000002048
City-C,T3,10x,2000.0,S2_Platform,cross_regime,M_stress,650,True,5,2048.1,1215.2,784.8,0.4067,0.0,16,16000002048
City-C,T3,10x,2000.0,S3_Lin4,routine,M_routine,650,True,6,2227.6,2003.3,0.0,0.1007,1.0,16,16000002048
City-C,T3,10x,2000.0,S3_Lin4,cross_regime,M_stress,650,True,6,2227.6,1422.7,577.3,0.3613,0.0,16,16000002048
City-C,T3,10x,2000.0,S4_GlobalCalib,routine,M_routine,650,True,6,2193.9,2253.1,0.0,0.0,1.0,16,16000002048
City-C,T3,10x,2000.0,S4_GlobalCalib,cross_regime,M_stress,650,True,6,2193.9,1449.5,550.5,0.3393,0.0,16,16000002048
City-C,T3,10x,2000.0,S5_CityCalib,routine,M_routine,650,True,6,2224.8,2253.1,0.0,0.0,1.0,16,16000002048
City-C,T3,10x,2000.0,S5_CityCalib,cross_regime,M_stress,650,True,6,2224.8,1449.5,550.5,0.3485,0.0,16,16000002048
City-C,T3,10x,2000.0,S6_Q10,routine,M_routine,650,True,9,2216.6,3067.7,0.0,0.0,1.0,16,16000002048
City-C,T3,10x,2000.0,S6_Q10,cross_regime,M_stress,650,True,9,2216.6,2154.5,0.0,0.028,1.0,16,16000002048
City-C,T4,1x,140.0,S0a_RoutineOracle,routine,M_routine,650,True,1,604.3,604.3,0.0,0.0,1.0,16,16000002048
City-C,T4,1x,140.0,S0a_RoutineOracle,cross_regime,M_stress,650,True,1,604.3,264.7,0.0,0.562,1.0,16,16000002048
City-C,T4,1x,140.0,S0b_StressOracle,routine,M_routine,650,True,1,328.8,536.5,0.0,0.0,1.0,16,16000002048
City-C,T4,1x,140.0,S0b_StressOracle,cross_regime,M_stress,650,True,1,328.8,328.8,0.0,0.0,1.0,16,16000002048
City-C,T4,1x,140.0,S1_CapRR,routine,M_routine,650,True,1,737.0,536.5,0.0,0.2721,1.0,16,16000002048
City-C,T4,1x,140.0,S1_CapRR,cross_regime,M_stress,650,True,1,737.0,328.8,0.0,0.5539,1.0,16,16000002048
City-C,T4,1x,140.0,S2_Platform,routine,M_routine,650,True,1,377.7,322.6,0.0,0.1457,1.0,16,16000002048
City-C,T4,1x,140.0,S2_Platform,cross_regime,M_stress,650,True,1,377.7,198.5,0.0,0.4744,1.0,16,16000002048
City-C,T4,1x,140.0,S3_Lin4,routine,M_routine,650,True,1,413.2,536.5,0.0,0.0,1.0,16,16000002048
City-C,T4,1x,140.0,S3_Lin4,cross_regime,M_stress,650,True,1,413.2,328.8,0.0,0.2043,1.0,16,16000002048
City-C,T4,1x,140.0,S4_GlobalCalib,routine,M_routine,650,True,1,480.6,536.5,0.0,0.0,1.0,16,16000002048
City-C,T4,1x,140.0,S4_GlobalCalib,cross_regime,M_stress,650,True,1,480.6,328.8,0.0,0.316,1.0,16,16000002048
City-C,T4,1x,140.0,S5_CityCalib,routine,M_routine,650,True,1,486.4,536.5,0.0,0.0,1.0,16,16000002048
City-C,T4,1x,140.0,S5_CityCalib,cross_regime,M_stress,650,True,1,486.4,328.8,0.0,0.3241,1.0,16,16000002048
City-C,T4,1x,140.0,S6_Q10,routine,M_routine,650,True,1,340.3,536.5,0.0,0.0,1.0,16,16000002048
City-C,T4,1x,140.0,S6_Q10,cross_regime,M_stress,650,True,1,340.3,328.8,0.0,0.0339,1.0,16,16000002048
City-C,T4,2x,280.0,S0a_RoutineOracle,routine,M_routine,650,True,1,604.3,604.3,0.0,0.0,1.0,16,16000002048
City-C,T4,2x,280.0,S0a_RoutineOracle,cross_regime,M_stress,650,True,1,604.3,264.7,15.3,0.562,0.0,16,16000002048
City-C,T4,2x,280.0,S0b_StressOracle,routine,M_routine,650,True,1,328.8,536.5,0.0,0.0,1.0,16,16000002048
City-C,T4,2x,280.0,S0b_StressOracle,cross_regime,M_stress,650,True,1,328.8,328.8,0.0,0.0,1.0,16,16000002048
City-C,T4,2x,280.0,S1_CapRR,routine,M_routine,650,True,1,737.0,536.5,0.0,0.2721,1.0,16,16000002048
City-C,T4,2x,280.0,S1_CapRR,cross_regime,M_stress,650,True,1,737.0,328.8,0.0,0.5539,1.0,16,16000002048
City-C,T4,2x,280.0,S2_Platform,routine,M_routine,650,True,1,377.7,322.6,0.0,0.1457,1.0,16,16000002048
City-C,T4,2x,280.0,S2_Platform,cross_regime,M_stress,650,True,1,377.7,198.5,81.5,0.4744,0.0,16,16000002048
City-C,T4,2x,280.0,S3_Lin4,routine,M_routine,650,True,1,413.2,536.5,0.0,0.0,1.0,16,16000002048
City-C,T4,2x,280.0,S3_Lin4,cross_regime,M_stress,650,True,1,413.2,328.8,0.0,0.2043,1.0,16,16000002048
City-C,T4,2x,280.0,S4_GlobalCalib,routine,M_routine,650,True,1,480.6,536.5,0.0,0.0,1.0,16,16000002048
City-C,T4,2x,280.0,S4_GlobalCalib,cross_regime,M_stress,650,True,1,480.6,328.8,0.0,0.316,1.0,16,16000002048
City-C,T4,2x,280.0,S5_CityCalib,routine,M_routine,650,True,1,486.4,536.5,0.0,0.0,1.0,16,16000002048
City-C,T4,2x,280.0,S5_CityCalib,cross_regime,M_stress,650,True,1,486.4,328.8,0.0,0.3241,1.0,16,16000002048
City-C,T4,2x,280.0,S6_Q10,routine,M_routine,650,True,1,340.3,536.5,0.0,0.0,1.0,16,16000002048
City-C,T4,2x,280.0,S6_Q10,cross_regime,M_stress,650,True,1,340.3,328.8,0.0,0.0339,1.0,16,16000002048
City-C,T4,5x,700.0,S0a_RoutineOracle,routine,M_routine,650,True,2,1140.8,1140.8,0.0,0.0,1.0,16,16000002048
City-C,T4,5x,700.0,S0a_RoutineOracle,cross_regime,M_stress,650,True,2,1140.8,593.5,106.5,0.4798,0.0,16,16000002048
City-C,T4,5x,700.0,S0b_StressOracle,routine,M_routine,650,True,3,862.9,1434.6,0.0,0.0,1.0,16,16000002048
City-C,T4,5x,700.0,S0b_StressOracle,cross_regime,M_stress,650,True,3,862.9,862.9,0.0,0.0,1.0,16,16000002048
City-C,T4,5x,700.0,S1_CapRR,routine,M_routine,650,True,1,737.0,536.5,163.5,0.2721,0.0,16,16000002048
City-C,T4,5x,700.0,S1_CapRR,cross_regime,M_stress,650,True,1,737.0,328.8,371.2,0.5539,0.0,16,16000002048
City-C,T4,5x,700.0,S2_Platform,routine,M_routine,650,True,2,738.2,927.0,0.0,0.0,1.0,16,16000002048
City-C,T4,5x,700.0,S2_Platform,cross_regime,M_stress,650,True,2,738.2,463.2,236.8,0.3725,0.0,16,16000002048
City-C,T4,5x,700.0,S3_Lin4,routine,M_routine,650,True,2,807.6,1140.8,0.0,0.0,1.0,16,16000002048
City-C,T4,5x,700.0,S3_Lin4,cross_regime,M_stress,650,True,2,807.6,593.5,106.5,0.2651,0.0,16,16000002048
City-C,T4,5x,700.0,S4_GlobalCalib,routine,M_routine,650,True,2,938.9,1140.8,0.0,0.0,1.0,16,16000002048
City-C,T4,5x,700.0,S4_GlobalCalib,cross_regime,M_stress,650,True,2,938.9,593.5,106.5,0.3679,0.0,16,16000002048
City-C,T4,5x,700.0,S5_CityCalib,routine,M_routine,650,True,2,950.1,1140.8,0.0,0.0,1.0,16,16000002048
City-C,T4,5x,700.0,S5_CityCalib,cross_regime,M_stress,650,True,2,950.1,593.5,106.5,0.3754,0.0,16,16000002048
City-C,T4,5x,700.0,S6_Q10,routine,M_routine,650,True,3,960.9,1435.9,0.0,0.0,1.0,16,16000002048
City-C,T4,5x,700.0,S6_Q10,cross_regime,M_stress,650,True,3,960.9,787.9,0.0,0.18,1.0,16,16000002048
City-C,T4,10x,1400.0,S0a_RoutineOracle,routine,M_routine,650,True,3,1616.5,1616.5,0.0,0.0,1.0,16,16000002048
City-C,T4,10x,1400.0,S0a_RoutineOracle,cross_regime,M_stress,650,True,3,1616.5,817.2,582.8,0.4945,0.0,16,16000002048
City-C,T4,10x,1400.0,S0b_StressOracle,routine,M_routine,650,True,6,1616.9,2373.9,0.0,0.0,1.0,16,16000002048
City-C,T4,10x,1400.0,S0b_StressOracle,cross_regime,M_stress,650,True,6,1616.9,1616.9,0.0,0.0,1.0,16,16000002048
City-C,T4,10x,1400.0,S1_CapRR,routine,M_routine,650,True,2,1439.5,1140.8,259.2,0.2075,0.0,16,16000002048
City-C,T4,10x,1400.0,S1_CapRR,cross_regime,M_stress,650,True,2,1439.5,593.5,806.5,0.5877,0.0,16,16000002048
City-C,T4,10x,1400.0,S2_Platform,routine,M_routine,650,True,4,1425.4,1539.7,0.0,0.0,1.0,16,16000002048
City-C,T4,10x,1400.0,S2_Platform,cross_regime,M_stress,650,True,4,1425.4,885.9,514.1,0.3785,0.0,16,16000002048
City-C,T4,10x,1400.0,S3_Lin4,routine,M_routine,650,True,4,1570.1,1724.7,0.0,0.0,1.0,16,16000002048
City-C,T4,10x,1400.0,S3_Lin4,cross_regime,M_stress,650,True,4,1570.1,980.4,419.6,0.3756,0.0,16,16000002048
City-C,T4,10x,1400.0,S4_GlobalCalib,routine,M_routine,650,True,4,1740.0,1754.4,0.0,0.0,1.0,16,16000002048
City-C,T4,10x,1400.0,S4_GlobalCalib,cross_regime,M_stress,650,True,4,1740.0,1008.0,392.0,0.4207,0.0,16,16000002048
City-C,T4,10x,1400.0,S5_CityCalib,routine,M_routine,650,True,4,1760.3,1754.4,0.0,0.0034,1.0,16,16000002048
City-C,T4,10x,1400.0,S5_CityCalib,cross_regime,M_stress,650,True,4,1760.3,1008.0,392.0,0.4274,0.0,16,16000002048
City-C,T4,10x,1400.0,S6_Q10,routine,M_routine,650,True,5,1498.7,2146.1,0.0,0.0,1.0,16,16000002048
City-C,T4,10x,1400.0,S6_Q10,cross_regime,M_stress,650,True,5,1498.7,1209.6,190.4,0.1929,0.0,16,16000002048
City-C,T5,1x,160.0,S0a_RoutineOracle,routine,M_routine,650,True,1,464.9,464.9,0.0,0.0,1.0,16,16000002048
City-C,T5,1x,160.0,S0a_RoutineOracle,cross_regime,M_stress,650,True,1,464.9,359.8,0.0,0.226,1.0,16,16000002048
City-C,T5,1x,160.0,S0b_StressOracle,routine,M_routine,650,True,1,359.8,464.9,0.0,0.0,1.0,16,16000002048
City-C,T5,1x,160.0,S0b_StressOracle,cross_regime,M_stress,650,True,1,359.8,359.8,0.0,0.0,1.0,16,16000002048
City-C,T5,1x,160.0,S1_CapRR,routine,M_routine,650,True,1,648.6,464.9,0.0,0.2833,1.0,16,16000002048
City-C,T5,1x,160.0,S1_CapRR,cross_regime,M_stress,650,True,1,648.6,359.8,0.0,0.4452,1.0,16,16000002048
City-C,T5,1x,160.0,S2_Platform,routine,M_routine,650,True,1,451.5,464.9,0.0,0.0,1.0,16,16000002048
City-C,T5,1x,160.0,S2_Platform,cross_regime,M_stress,650,True,1,451.5,359.8,0.0,0.203,1.0,16,16000002048
City-C,T5,1x,160.0,S3_Lin4,routine,M_routine,650,True,1,402.2,464.9,0.0,0.0,1.0,16,16000002048
City-C,T5,1x,160.0,S3_Lin4,cross_regime,M_stress,650,True,1,402.2,359.8,0.0,0.1053,1.0,16,16000002048
City-C,T5,1x,160.0,S4_GlobalCalib,routine,M_routine,650,True,1,425.6,464.9,0.0,0.0,1.0,16,16000002048
City-C,T5,1x,160.0,S4_GlobalCalib,cross_regime,M_stress,650,True,1,425.6,359.8,0.0,0.1544,1.0,16,16000002048
City-C,T5,1x,160.0,S5_CityCalib,routine,M_routine,650,True,1,429.7,464.9,0.0,0.0,1.0,16,16000002048
City-C,T5,1x,160.0,S5_CityCalib,cross_regime,M_stress,650,True,1,429.7,359.8,0.0,0.1626,1.0,16,16000002048
City-C,T5,1x,160.0,S6_Q10,routine,M_routine,650,True,1,298.5,464.9,0.0,0.0,1.0,16,16000002048
City-C,T5,1x,160.0,S6_Q10,cross_regime,M_stress,650,True,1,298.5,359.8,0.0,0.0,1.0,16,16000002048
City-C,T5,2x,320.0,S0a_RoutineOracle,routine,M_routine,650,True,1,464.9,464.9,0.0,0.0,1.0,16,16000002048
City-C,T5,2x,320.0,S0a_RoutineOracle,cross_regime,M_stress,650,True,1,464.9,359.8,0.0,0.226,1.0,16,16000002048
City-C,T5,2x,320.0,S0b_StressOracle,routine,M_routine,650,True,1,359.8,464.9,0.0,0.0,1.0,16,16000002048
City-C,T5,2x,320.0,S0b_StressOracle,cross_regime,M_stress,650,True,1,359.8,359.8,0.0,0.0,1.0,16,16000002048
City-C,T5,2x,320.0,S1_CapRR,routine,M_routine,650,True,1,648.6,464.9,0.0,0.2833,1.0,16,16000002048
City-C,T5,2x,320.0,S1_CapRR,cross_regime,M_stress,650,True,1,648.6,359.8,0.0,0.4452,1.0,16,16000002048
City-C,T5,2x,320.0,S2_Platform,routine,M_routine,650,True,1,451.5,464.9,0.0,0.0,1.0,16,16000002048
City-C,T5,2x,320.0,S2_Platform,cross_regime,M_stress,650,True,1,451.5,359.8,0.0,0.203,1.0,16,16000002048
City-C,T5,2x,320.0,S3_Lin4,routine,M_routine,650,True,1,402.2,464.9,0.0,0.0,1.0,16,16000002048
City-C,T5,2x,320.0,S3_Lin4,cross_regime,M_stress,650,True,1,402.2,359.8,0.0,0.1053,1.0,16,16000002048
City-C,T5,2x,320.0,S4_GlobalCalib,routine,M_routine,650,True,1,425.6,464.9,0.0,0.0,1.0,16,16000002048
City-C,T5,2x,320.0,S4_GlobalCalib,cross_regime,M_stress,650,True,1,425.6,359.8,0.0,0.1544,1.0,16,16000002048
City-C,T5,2x,320.0,S5_CityCalib,routine,M_routine,650,True,1,429.7,464.9,0.0,0.0,1.0,16,16000002048
City-C,T5,2x,320.0,S5_CityCalib,cross_regime,M_stress,650,True,1,429.7,359.8,0.0,0.1626,1.0,16,16000002048
City-C,T5,2x,320.0,S6_Q10,routine,M_routine,650,True,2,583.0,869.0,0.0,0.0,1.0,16,16000002048
City-C,T5,2x,320.0,S6_Q10,cross_regime,M_stress,650,True,2,583.0,686.7,0.0,0.0,1.0,16,16000002048
City-C,T5,5x,800.0,S0a_RoutineOracle,routine,M_routine,650,True,2,887.7,887.7,0.0,0.0,1.0,16,16000002048
City-C,T5,5x,800.0,S0a_RoutineOracle,cross_regime,M_stress,650,True,2,887.7,669.1,130.9,0.2463,0.0,16,16000002048
City-C,T5,5x,800.0,S0b_StressOracle,routine,M_routine,650,True,3,1008.3,1213.8,0.0,0.0,1.0,16,16000002048
City-C,T5,5x,800.0,S0b_StressOracle,cross_regime,M_stress,650,True,3,1008.3,1008.3,0.0,0.0,1.0,16,16000002048
City-C,T5,5x,800.0,S1_CapRR,routine,M_routine,650,True,2,1266.8,869.0,0.0,0.3141,1.0,16,16000002048
City-C,T5,5x,800.0,S1_CapRR,cross_regime,M_stress,650,True,2,1266.8,686.7,113.3,0.4579,0.0,16,16000002048
City-C,T5,5x,800.0,S2_Platform,routine,M_routine,650,True,2,882.9,862.9,0.0,0.0226,1.0,16,16000002048
City-C,T5,5x,800.0,S2_Platform,cross_regime,M_stress,650,True,2,882.9,583.7,216.3,0.3388,0.0,16,16000002048
City-C,T5,5x,800.0,S3_Lin4,routine,M_routine,650,True,3,1163.2,1213.8,0.0,0.0,1.0,16,16000002048
City-C,T5,5x,800.0,S3_Lin4,cross_regime,M_stress,650,True,3,1163.2,1008.3,0.0,0.1331,1.0,16,16000002048
City-C,T5,5x,800.0,S4_GlobalCalib,routine,M_routine,650,True,2,831.3,869.0,0.0,0.0,1.0,16,16000002048
City-C,T5,5x,800.0,S4_GlobalCalib,cross_regime,M_stress,650,True,2,831.3,686.7,113.3,0.1739,0.0,16,16000002048
City-C,T5,5x,800.0,S5_CityCalib,routine,M_routine,650,True,2,839.2,869.0,0.0,0.0,1.0,16,16000002048
City-C,T5,5x,800.0,S5_CityCalib,cross_regime,M_stress,650,True,2,839.2,686.7,113.3,0.1817,0.0,16,16000002048
City-C,T5,5x,800.0,S6_Q10,routine,M_routine,650,True,3,842.8,1213.8,0.0,0.0,1.0,16,16000002048
City-C,T5,5x,800.0,S6_Q10,cross_regime,M_stress,650,True,3,842.8,1008.3,0.0,0.0,1.0,16,16000002048
City-C,T5,10x,1600.0,S0a_RoutineOracle,routine,M_routine,650,True,4,1689.9,1689.9,0.0,0.0,1.0,16,16000002048
City-C,T5,10x,1600.0,S0a_RoutineOracle,cross_regime,M_stress,650,True,4,1689.9,1219.9,380.1,0.2781,0.0,16,16000002048
City-C,T5,10x,1600.0,S0b_StressOracle,routine,M_routine,650,True,6,1822.7,2165.6,0.0,0.0,1.0,16,16000002048
City-C,T5,10x,1600.0,S0b_StressOracle,cross_regime,M_stress,650,True,6,1822.7,1822.7,0.0,0.0,1.0,16,16000002048
City-C,T5,10x,1600.0,S1_CapRR,routine,M_routine,650,True,3,1831.4,1213.8,386.2,0.3372,0.0,16,16000002048
City-C,T5,10x,1600.0,S1_CapRR,cross_regime,M_stress,650,True,3,1831.4,1008.3,591.7,0.4494,0.0,16,16000002048
City-C,T5,10x,1600.0,S2_Platform,routine,M_routine,650,True,4,1670.1,1304.2,295.8,0.2191,0.0,16,16000002048
City-C,T5,10x,1600.0,S2_Platform,cross_regime,M_stress,650,True,4,1670.1,1026.6,573.4,0.3853,0.0,16,16000002048
City-C,T5,10x,1600.0,S3_Lin4,routine,M_routine,650,True,5,1901.5,1674.4,0.0,0.1194,1.0,16,16000002048
City-C,T5,10x,1600.0,S3_Lin4,cross_regime,M_stress,650,True,5,1901.5,1462.6,137.4,0.2308,0.0,16,16000002048
City-C,T5,10x,1600.0,S4_GlobalCalib,routine,M_routine,650,True,5,1875.2,2034.7,0.0,0.0,1.0,16,16000002048
City-C,T5,10x,1600.0,S4_GlobalCalib,cross_regime,M_stress,650,True,5,1875.2,1541.4,58.6,0.178,0.0,16,16000002048
City-C,T5,10x,1600.0,S5_CityCalib,routine,M_routine,650,True,5,1892.3,2034.7,0.0,0.0,1.0,16,16000002048
City-C,T5,10x,1600.0,S5_CityCalib,cross_regime,M_stress,650,True,5,1892.3,1541.4,58.6,0.1854,0.0,16,16000002048
City-C,T5,10x,1600.0,S6_Q10,routine,M_routine,650,True,7,1770.8,2657.7,0.0,0.0,1.0,16,16000002048
City-C,T5,10x,1600.0,S6_Q10,cross_regime,M_stress,650,True,7,1770.8,1932.1,0.0,0.0,1.0,16,16000002048
