city,task_id,p_req_level,p_req,strategy,regime,eval_outcome,pool_size,pool_feasible,n_selected,p_commit,p_deliv,shortfall,ocr,success,seed_id,master_seed
City-A,T1,1x,180.0,S0a_RoutineOracle,routine,M_routine,800,True,1,525.0,525.0,0.0,0.0,1.0,28,28000002048
City-A,T1,1x,180.0,S0a_RoutineOracle,cross_regime,M_stress,800,True,1,525.0,205.1,0.0,0.6093,1.0,28,28000002048
City-A,T1,1x,180.0,S0b_StressOracle,routine,M_routine,800,True,1,352.4,318.9,0.0,0.0951,1.0,28,28000002048
City-A,T1,1x,180.0,S0b_StressOracle,cross_regime,M_stress,800,True,1,352.4,352.4,0.0,0.0,1.0,28,28000002048
City-A,T1,1x,180.0,S1_CapRR,routine,M_routine,800,True,1,678.2,318.9,0.0,0.5297,1.0,28,28000002048
City-A,T1,1x,180.0,S1_CapRR,cross_regime,M_stress,800,True,1,678.2,352.4,0.0,0.4803,1.0,28,28000002048
City-A,T1,1x,180.0,S2_Platform,routine,M_routine,800,True,1,421.1,318.9,0.0,0.2426,1.0,28,28000002048
City-A,T1,1x,180.0,S2_Platform,cross_regime,M_stress,800,True,1,421.1,352.4,0.0,0.163,1.0,28,28000002048
City-A,T1,1x,180.0,S3_Lin4,routine,M_routine,800,True,1,491.1,318.9,0.0,0.3506,1.0,28,28000002048
City-A,T1,1x,180.0,S3_Lin4,cross_regime,M_stress,800,True,1,491.1,352.4,0.0,0.2824,1.0,28,28000002048
City-A,T1,1x,180.0,S4_GlobalCalib,routine,M_routine,800,True,1,455.7,318.9,0.0,0.3001,1.0,28,28000002048
City-A,T1,1x,180.0,S4_GlobalCalib,cross_regime,M_stress,800,True,1,455.7,352.4,0.0,0.2266,1.0,28,28000002048
City-A,T1,1x,180.0,S5_CityCalib,routine,M_routine,800,True,1,441.8,318.9,0.0,0.2782,1.0,28,28000002048
City-A,T1,1x,180.0,S5_CityCalib,cross_regime,M_stress,800,True,1,441.8,352.4,0.0,0.2023,1.0,28,28000002048
City-A,T1,1x,180.0,S6_Q10,routine,M_routine,800,True,1,314.5,318.9,0.0,0.0,1.0,28,28000002048
City-A,T1,1x,180.0,S6_Q10,cross_regime,M_stress,800,True,1,314.5,352.4,0.0,0.0,1.0,28,28000002048
City-A,T1,2x,360.0,S0a_RoutineOracle,routine,M_routine,800,True,1,525.0,525.0,0.0,0.0,1.0,28,28000002048
City-A,T1,2x,360.0,S0a_RoutineOracle,cross_regime,M_stress,800,True,1,525.0,205.1,154.9,0.6093,0.0,28,28000002048
City-A,T1,2x,360.0,S0b_StressOracle,routine,M_routine,800,True,2,666.2,759.2,0.0,0.0,1.0,28,28000002048
City-A,T1,2x,360.0,S0b_StressOracle,cross_regime,M_stress,800,True,2,666.2,666.2,0.0,0.0,1.0,28,28000002048
City-A,T1,2x,360.0,S1_CapRR,routine,M_routine,800,True,1,678.2,318.9,41.1,0.5297,0.0,28,28000002048
City-A,T1,2x,360.0,S1_CapRR,cross_regime,M_stress,800,True,1,678.2,352.4,7.6,0.4803,0.0,28,28000002048
City-A,T1,2x,360.0,S2_Platform,routine,M_routine,800,True,1,421.1,318.9,41.1,0.2426,0.0,28,28000002048
City-A,T1,2x,360.0,S2_Platform,cross_regime,M_stress,800,True,1,421.1,352.4,7.6,0.163,0.0,28,28000002048
City-A,T1,2x,360.0,S3_Lin4,routine,M_routine,800,True,1,491.1,318.9,41.1,0.3506,0.0,28,28000002048
City-A,T1,2x,360.0,S3_Lin4,cross_regime,M_stress,800,True,1,491.1,352.4,7.6,0.2824,0.0,28,28000002048
City-A,T1,2x,360.0,S4_GlobalCalib,routine,M_routine,800,True,1,455.7,318.9,41.1,0.3001,0.0,28,28000002048
City-A,T1,2x,360.0,S4_GlobalCalib,cross_regime,M_stress,800,True,1,455.7,352.4,7.6,0.2266,0.0,28,28000002048
City-A,T1,2x,360.0,S5_CityCalib,routine,M_routine,800,True,1,441.8,318.9,41.1,0.2782,0.0,28,28000002048
City-A,T1,2x,360.0,S5_CityCalib,cross_regime,M_stress,800,True,1,441.8,352.4,7.6,0.2023,0.0,28,28000002048
City-A,T1,2x,360.0,S6_Q10,routine,M_routine,800,True,2,599.8,659.0,0.0,0.0,1.0,28,28000002048
City-A,T1,2x,360.0,S6_Q10,cross_regime,M_stress,800,True,2,599.8,646.7,0.0,0.0,1.0,28,28000002048
City-A,T1,5x,900.0,S0a_RoutineOracle,routine,M_routine,800,True,2,1002.7,1002.7,0.0,0.0,1.0,28,28000002048
City-A,T1,5x,900.0,S0a_RoutineOracle,cross_regime,M_stress,800,True,2,1002.7,433.2,466.8,0.568,0.0,28,28000002048
City-A,T1,5x,900.0,S0b_StressOracle,routine,M_routine,800,True,3,976.1,1219.4,0.0,0.0,1.0,28,28000002048
City-A,T1,5x,900.0,S0b_StressOracle,cross_regime,M_stress,800,True,3,976.1,976.1,0.0,0.0,1.0,28,28000002048
City-A,T1,5x,900.0,S1_CapRR,routine,M_routine,800,True,2,1293.4,659.0,241.0,0.4904,0.0,28,28000002048
City-A,T1,5x,900.0,S1_CapRR,cross_regime,M_stress,800,True,2,1293.4,646.7,253.3,0.4999,0.0,28,28000002048
City-A,T1,5x,900.0,S2_Platform,routine,M_routine,800,True,3,1202.1,889.8,10.2,0.2598,0.0,28,28000002048
City-A,T1,5x,900.0,S2_Platform,cross_regime,M_stress,800,True,3,1202.1,889.0,11.0,0.2605,0.0,28,28000002048
City-A,T1,5x,900.0,S3_Lin4,routine,M_routine,800,True,3,1258.3,1304.0,0.0,0.0,1.0,28,28000002048
City-A,T1,5x,900.0,S3_Lin4,cross_regime,M_stress,800,True,3,1258.3,867.4,32.6,0.3107,0.0,28,28000002048
City-A,T1,5x,900.0,S4_GlobalCalib,routine,M_routine,800,True,3,1269.6,1119.2,0.0,0.1184,1.0,28,28000002048
City-A,T1,5x,900.0,S4_GlobalCalib,cross_regime,M_stress,800,True,3,1269.6,956.6,0.0,0.2465,1.0,28,28000002048
City-A,T1,5x,900.0,S5_CityCalib,routine,M_routine,800,True,3,1231.7,1119.2,0.0,0.0914,1.0,28,28000002048
City-A,T1,5x,900.0,S5_CityCalib,cross_regime,M_stress,800,True,3,1231.7,956.6,0.0,0.2234,1.0,28,28000002048
City-A,T1,5x,900.0,S6_Q10,routine,M_routine,800,True,4,1146.5,1559.5,0.0,0.0,1.0,28,28000002048
City-A,T1,5x,900.0,S6_Q10,cross_regime,M_stress,800,True,4,1146.5,1270.4,0.0,0.0,1.0,28,28000002048
City-A,T1,10x,1800.0,S0a_RoutineOracle,routine,M_routine,800,True,4,1911.0,1911.0,0.0,0.0,1.0,28,28000002048
City-A,T1,10x,1800.0,S0a_RoutineOracle,cross_regime,M_stress,800,True,4,1911.0,1003.3,796.7,0.475,0.0,28,28000002048
City-A,T1,10x,1800.0,S0b_StressOracle,routine,M_routine,800,True,6,1828.0,2163.9,0.0,0.0,1.0,28,28000002048
City-A,T1,10x,1800.0,S0b_StressOracle,cross_regime,M_stress,800,True,6,1828.0,1828.0,0.0,0.0,1.0,28,28000002048
City-A,T1,10x,1800.0,S1_CapRR,routine,M_routine,800,True,3,1889.7,1119.2,680.8,0.4077,0.0,28,28000002048
City-A,T1,10x,1800.0,S1_CapRR,cross_regime,M_stress,800,True,3,1889.7,956.6,843.4,0.4938,0.0,28,28000002048
City-A,T1,10x,1800.0,S2_Platform,routine,M_routine,800,True,5,1914.5,1682.2,117.8,0.1214,0.0,28,28000002048
City-A,T1,10x,1800.0,S2_Platform,cross_regime,M_stress,800,True,5,1914.5,1387.8,412.2,0.2751,0.0,28,28000002048
City-A,T1,10x,1800.0,S3_Lin4,routine,M_routine,800,True,5,1982.3,2084.4,0.0,0.0,1.0,28,28000002048
City-A,T1,10x,1800.0,S3_Lin4,cross_regime,M_stress,800,True,5,1982.3,1475.5,324.5,0.2557,0.0,28,28000002048
City-A,T1,10x,1800.0,S4_GlobalCalib,routine,M_routine,800,True,5,2040.5,2007.6,0.0,0.0161,1.0,28,28000002048
City-A,T1,10x,1800.0,S4_GlobalCalib,cross_regime,M_stress,800,True,5,2040.5,1530.6,269.4,0.2499,0.0,28,28000002048
City-A,T1,10x,1800.0,S5_CityCalib,routine,M_routine,800,True,5,1980.3,2007.6,0.0,0.0,1.0,28,28000002048
City-A,T1,10x,1800.0,S5_CityCalib,cross_regime,M_stress,800,True,5,1980.3,1530.6,269.4,0.2271,0.0,28,28000002048
City-A,T1,10x,1800.0,S6_Q10,routine,M_routine,800,True,7,1895.9,2763.3,0.0,0.0,1.0,28,28000002048
City-A,T1,10x,1800.0,S6_Q10,cross_regime,M_stress,800,True,7,1895.9,1977.9,0.0,0.0,1.0,28,28000002048
City-A,T2,1x,260.0,S0a_RoutineOracle,routine,M_routine,800,True,1,494.6,494.6,0.0,0.0,1.0,28,28000002048
City-A,T2,1x,260.0,S0a_RoutineOracle,cross_regime,M_stress,800,True,1,494.6,80.7,179.3,0.8368,0.0,28,28000002048
City-A,T2,1x,260.0,S0b_StressOracle,routine,M_routine,800,True,1,348.4,321.8,0.0,0.0762,1.0,28,28000002048
City-A,T2,1x,260.0,S0b_StressOracle,cross_regime,M_stress,800,True,1,348.4,348.4,0.0,0.0,1.0,28,28000002048
City-A,T2,1x,260.0,S1_CapRR,routine,M_routine,800,True,1,678.2,350.1,0.0,0.4837,1.0,28,28000002048
City-A,T2,1x,260.0,S1_CapRR,cross_regime,M_stress,800,True,1,678.2,331.0,0.0,0.512,1.0,28,28000002048
City-A,T2,1x,260.0,S2_Platform,routine,M_routine,800,True,1,441.1,350.1,0.0,0.2063,1.0,28,28000002048
City-A,T2,1x,260.0,S2_Platform,cross_regime,M_stress,800,True,1,441.1,331.0,0.0,0.2497,1.0,28,28000002048
City-A,T2,1x,260.0,S3_Lin4,routine,M_routine,800,True,1,490.2,350.1,0.0,0.2857,1.0,28,28000002048
City-A,T2,1x,260.0,S3_Lin4,cross_regime,M_stress,800,True,1,490.2,331.0,0.0,0.3248,1.0,28,28000002048
City-A,T2,1x,260.0,S4_GlobalCalib,routine,M_routine,800,True,1,457.9,350.1,0.0,0.2353,1.0,28,28000002048
City-A,T2,1x,260.0,S4_GlobalCalib,cross_regime,M_stress,800,True,1,457.9,331.0,0.0,0.2771,1.0,28,28000002048
City-A,T2,1x,260.0,S5_CityCalib,routine,M_routine,800,True,1,446.1,350.1,0.0,0.2151,1.0,28,28000002048
City-A,T2,1x,260.0,S5_CityCalib,cross_regime,M_stress,800,True,1,446.1,331.0,0.0,0.258,1.0,28,28000002048
City-A,T2,1x,260.0,S6_Q10,routine,M_routine,800,True,1,314.7,350.1,0.0,0.0,1.0,28,28000002048
City-A,T2,1x,260.0,S6_Q10,cross_regime,M_stress,800,True,1,314.7,331.0,0.0,0.0,1.0,28,28000002048
City-A,T2,2x,520.0,S0a_RoutineOracle,routine,M_routine,800,True,2,950.5,950.5,0.0,0.0,1.0,28,28000002048
City-A,T2,2x,520.0,S0a_RoutineOracle,cross_regime,M_stress,800,True,2,950.5,412.8,107.2,0.5657,0.0,28,28000002048
City-A,T2,2x,520.0,S0b_StressOracle,routine,M_routine,800,True,2,680.4,777.7,0.0,0.0,1.0,28,28000002048
City-A,T2,2x,520.0,S0b_StressOracle,cross_regime,M_stress,800,True,2,680.4,680.4,0.0,0.0,1.0,28,28000002048
City-A,T2,2x,520.0,S1_CapRR,routine,M_routine,800,True,1,678.2,350.1,169.9,0.4837,0.0,28,28000002048
City-A,T2,2x,520.0,S1_CapRR,cross_regime,M_stress,800,True,1,678.2,331.0,189.0,0.512,0.0,28,28000002048
City-A,T2,2x,520.0,S2_Platform,routine,M_routine,800,True,2,849.9,671.9,0.0,0.2094,1.0,28,28000002048
City-A,T2,2x,520.0,S2_Platform,cross_regime,M_stress,800,True,2,849.9,679.3,0.0,0.2007,1.0,28,28000002048
City-A,T2,2x,520.0,S3_Lin4,routine,M_routine,800,True,2,875.4,667.2,0.0,0.2378,1.0,28,28000002048
City-A,T2,2x,520.0,S3_Lin4,cross_regime,M_stress,800,True,2,875.4,644.5,0.0,0.2638,1.0,28,28000002048
City-A,T2,2x,520.0,S4_GlobalCalib,routine,M_routine,800,True,2,873.1,671.9,0.0,0.2304,1.0,28,28000002048
City-A,T2,2x,520.0,S4_GlobalCalib,cross_regime,M_stress,800,True,2,873.1,679.3,0.0,0.2219,1.0,28,28000002048
City-A,T2,2x,520.0,S5_CityCalib,routine,M_routine,800,True,2,850.9,671.9,0.0,0.2104,1.0,28,28000002048
City-A,T2,2x,520.0,S5_CityCalib,cross_regime,M_stress,800,True,2,850.9,679.3,0.0,0.2017,1.0,28,28000002048
City-A,T2,2x,520.0,S6_Q10,routine,M_routine,800,True,2,600.1,671.9,0.0,0.0,1.0,28,28000002048
City-A,T2,2x,520.0,S6_Q10,cross_regime,M_stress,800,True,2,600.1,679.3,0.0,0.0,1.0,28,28000002048
City-A,T2,5x,1300.0,S0a_RoutineOracle,routine,M_routine,800,True,3,1357.3,1357.3,0.0,0.0,1.0,28,28000002048
City-A,T2,5x,1300.0,S0a_RoutineOracle,cross_regime,M_stress,800,True,3,1357.3,593.5,706.5,0.5628,0.0,28,28000002048
City-A,T2,5x,1300.0,S0b_StressOracle,routine,M_routine,800,True,4,1324.9,1444.9,0.0,0.0,1.0,28,28000002048
City-A,T2,5x,1300.0,S0b_StressOracle,cross_regime,M_stress,800,True,4,1324.9,1324.9,0.0,0.0,1.0,28,28000002048
City-A,T2,5x,1300.0,S1_CapRR,routine,M_routine,800,True,3,1889.7,989.0,311.0,0.4766,0.0,28,28000002048
City-A,T2,5x,1300.0,S1_CapRR,cross_regime,M_stress,800,True,3,1889.7,992.8,307.2,0.4746,0.0,28,28000002048
City-A,T2,5x,1300.0,S2_Platform,routine,M_routine,800,True,4,1596.5,1534.7,0.0,0.0387,1.0,28,28000002048
City-A,T2,5x,1300.0,S2_Platform,cross_regime,M_stress,800,True,4,1596.5,1192.1,107.9,0.2533,0.0,28,28000002048
City-A,T2,5x,1300.0,S3_Lin4,routine,M_routine,800,True,4,1615.7,1483.6,0.0,0.0818,1.0,28,28000002048
City-A,T2,5x,1300.0,S3_Lin4,cross_regime,M_stress,800,True,4,1615.7,1073.6,226.4,0.3355,0.0,28,28000002048
City-A,T2,5x,1300.0,S4_GlobalCalib,routine,M_routine,800,True,4,1668.5,1384.0,0.0,0.1706,1.0,28,28000002048
City-A,T2,5x,1300.0,S4_GlobalCalib,cross_regime,M_stress,800,True,4,1668.5,1196.1,103.9,0.2831,0.0,28,28000002048
City-A,T2,5x,1300.0,S5_CityCalib,routine,M_routine,800,True,4,1626.8,1384.0,0.0,0.1493,1.0,28,28000002048
City-A,T2,5x,1300.0,S5_CityCalib,cross_regime,M_stress,800,True,4,1626.8,1196.1,103.9,0.2648,0.0,28,28000002048
City-A,T2,5x,1300.0,S6_Q10,routine,M_routine,800,True,5,1409.3,1839.9,0.0,0.0,1.0,28,28000002048
City-A,T2,5x,1300.0,S6_Q10,cross_regime,M_stress,800,True,5,1409.3,1528.2,0.0,0.0,1.0,28,28000002048
City-A,T2,10x,2600.0,S0a_RoutineOracle,routine,M_routine,800,True,7,2915.2,2915.2,0.0,0.0,1.0,28,28000002048
City-A,T2,10x,2600.0,S0a_RoutineOracle,cross_regime,M_stress,800,True,7,2915.2,1262.9,1337.1,0.5668,0.0,28,28000002048
City-A,T2,10x,2600.0,S0b_StressOracle,routine,M_routine,800,True,10,2685.0,3069.0,0.0,0.0,1.0,28,28000002048
City-A,T2,10x,2600.0,S0b_StressOracle,cross_regime,M_stress,800,True,10,2685.0,2685.0,0.0,0.0,1.0,28,28000002048
City-A,T2,10x,2600.0,S1_CapRR,routine,M_routine,800,True,5,3037.3,1839.9,760.1,0.3942,0.0,28,28000002048
City-A,T2,10x,2600.0,S1_CapRR,cross_regime,M_stress,800,True,5,3037.3,1528.2,1071.8,0.4969,0.0,28,28000002048
City-A,T2,10x,2600.0,S2_Platform,routine,M_routine,800,True,7,2630.1,2601.5,0.0,0.0109,1.0,28,28000002048
City-A,T2,10x,2600.0,S2_Platform,cross_regime,M_stress,800,True,7,2630.1,1862.2,737.8,0.292,0.0,28,28000002048
City-A,T2,10x,2600.0,S3_Lin4,routine,M_routine,800,True,7,2674.0,2546.7,53.3,0.0476,0.0,28,28000002048
City-A,T2,10x,2600.0,S3_Lin4,cross_regime,M_stress,800,True,7,2674.0,1844.4,755.6,0.3102,0.0,28,28000002048
City-A,T2,10x,2600.0,S4_GlobalCalib,routine,M_routine,800,True,7,2758.7,2741.3,0.0,0.0063,1.0,28,28000002048
City-A,T2,10x,2600.0,S4_GlobalCalib,cross_regime,M_stress,800,True,7,2758.7,1789.6,810.4,0.3513,0.0,28,28000002048
City-A,T2,10x,2600.0,S5_CityCalib,routine,M_routine,800,True,7,2691.1,2741.3,0.0,0.0,1.0,28,28000002048
City-A,T2,10x,2600.0,S5_CityCalib,cross_regime,M_stress,800,True,7,2691.1,1789.6,810.4,0.335,0.0,28,28000002048
City-A,T2,10x,2600.0,S6_Q10,routine,M_routine,800,True,10,2607.5,3773.1,0.0,0.0,1.0,28,28000002048
City-A,T2,10x,2600.0,S6_Q10,cross_regime,M_stress,800,True,10,2607.5,2336.0,264.0,0.1041,0.0,28,28000002048
City-A,T3,1x,200.0,S0a_RoutineOracle,routine,M_routine,800,True,1,428.2,428.2,0.0,0.0,1.0,28,28000002048
City-A,T3,1x,200.0,S0a_RoutineOracle,cross_regime,M_stress,800,True,1,428.2,185.0,15.0,0.568,0.0,28,28000002048
City-A,T3,1x,200.0,S0b_StressOracle,routine,M_routine,800,True,1,288.8,370.0,0.0,0.0,1.0,28,28000002048
City-A,T3,1x,200.0,S0b_StressOracle,cross_regime,M_stress,800,True,1,288.8,288.8,0.0,0.0,1.0,28,28000002048
City-A,T3,1x,200.0,S1_CapRR,routine,M_routine,800,True,1,596.8,379.4,0.0,0.3643,1.0,28,28000002048
City-A,T3,1x,200.0,S1_CapRR,cross_regime,M_stress,800,True,1,596.8,215.2,0.0,0.6394,1.0,28,28000002048
City-A,T3,1x,200.0,S2_Platform,routine,M_routine,800,True,1,470.7,379.4,0.0,0.194,1.0,28,28000002048
City-A,T3,1x,200.0,S2_Platform,cross_regime,M_stress,800,True,1,470.7,215.2,0.0,0.5427,1.0,28,28000002048
City-A,T3,1x,200.0,S3_Lin4,routine,M_routine,800,True,1,487.6,379.4,0.0,0.222,1.0,28,28000002048
City-A,T3,1x,200.0,S3_Lin4,cross_regime,M_stress,800,True,1,487.6,215.2,0.0,0.5586,1.0,28,28000002048
City-A,T3,1x,200.0,S4_GlobalCalib,routine,M_routine,800,True,1,397.9,379.4,0.0,0.0467,1.0,28,28000002048
City-A,T3,1x,200.0,S4_GlobalCalib,cross_regime,M_stress,800,True,1,397.9,215.2,0.0,0.4592,1.0,28,28000002048
City-A,T3,1x,200.0,S5_CityCalib,routine,M_routine,800,True,1,389.6,379.4,0.0,0.0263,1.0,28,28000002048
City-A,T3,1x,200.0,S5_CityCalib,cross_regime,M_stress,800,True,1,389.6,215.2,0.0,0.4476,1.0,28,28000002048
City-A,T3,1x,200.0,S6_Q10,routine,M_routine,800,True,1,275.4,379.4,0.0,0.0,1.0,28,28000002048
City-A,T3,1x,200.0,S6_Q10,cross_regime,M_stress,800,True,1,275.4,215.2,0.0,0.2185,1.0,28,28000002048
City-A,T3,2x,400.0,S0a_RoutineOracle,routine,M_routine,800,True,1,428.2,428.2,0.0,0.0,1.0,28,28000002048
City-A,T3,2x,400.0,S0a_RoutineOracle,cross_regime,M_stress,800,True,1,428.2,185.0,215.0,0.568,0.0,28,28000002048
City-A,T3,2x,400.0,S0b_StressOracle,routine,M_routine,800,True,2,528.3,706.3,0.0,0.0,1.0,28,28000002048
City-A,T3,2x,400.0,S0b_StressOracle,cross_regime,M_stress,800,True,2,528.3,528.3,0.0,0.0,1.0,28,28000002048
City-A,T3,2x,400.0,S1_CapRR,routine,M_routine,800,True,1,596.8,379.4,20.6,0.3643,0.0,28,28000002048
City-A,T3,2x,400.0,S1_CapRR,cross_regime,M_stress,800,True,1,596.8,215.2,184.8,0.6394,0.0,28,28000002048
City-A,T3,2x,400.0,S2_Platform,routine,M_routine,800,True,1,470.7,379.4,20.6,0.194,0.0,28,28000002048
City-A,T3,2x,400.0,S2_Platform,cross_regime,M_stress,800,True,1,470.7,215.2,184.8,0.5427,0.0,28,28000002048
City-A,T3,2x,400.0,S3_Lin4,routine,M_routine,800,True,1,487.6,379.4,20.6,0.222,0.0,28,28000002048
City-A,T3,2x,400.0,S3_Lin4,cross_regime,M_stress,800,True,1,487.6,215.2,184.8,0.5586,0.0,28,28000002048
City-A,T3,2x,400.0,S4_GlobalCalib,routine,M_routine,800,True,2,758.9,749.4,0.0,0.0125,1.0,28,28000002048
City-A,T3,2x,400.0,S4_GlobalCalib,cross_regime,M_stress,800,True,2,758.9,504.0,0.0,0.3358,1.0,28,28000002048
City-A,T3,2x,400.0,S5_CityCalib,routine,M_routine,800,True,2,743.2,749.4,0.0,0.0,1.0,28,28000002048
City-A,T3,2x,400.0,S5_CityCalib,cross_regime,M_stress,800,True,2,743.2,504.0,0.0,0.3218,1.0,28,28000002048
City-A,T3,2x,400.0,S6_Q10,routine,M_routine,800,True,2,525.2,749.4,0.0,0.0,1.0,28,28000002048
City-A,T3,2x,400.0,S6_Q10,cross_regime,M_stress,800,True,2,525.2,504.0,0.0,0.0403,1.0,28,28000002048
City-A,T3,5x,1000.0,S0a_RoutineOracle,routine,M_routine,800,True,3,1203.6,1203.6,0.0,0.0,1.0,28,28000002048
City-A,T3,5x,1000.0,S0a_RoutineOracle,cross_regime,M_stress,800,True,3,1203.6,589.0,411.0,0.5106,0.0,28,28000002048
City-A,T3,5x,1000.0,S0b_StressOracle,routine,M_routine,800,True,5,1216.4,1541.8,0.0,0.0,1.0,28,28000002048
City-A,T3,5x,1000.0,S0b_StressOracle,cross_regime,M_stress,800,True,5,1216.4,1216.4,0.0,0.0,1.0,28,28000002048
City-A,T3,5x,1000.0,S1_CapRR,routine,M_routine,800,True,2,1138.1,749.4,250.6,0.3415,0.0,28,28000002048
City-A,T3,5x,1000.0,S1_CapRR,cross_regime,M_stress,800,True,2,1138.1,504.0,496.0,0.5572,0.0,28,28000002048
City-A,T3,5x,1000.0,S2_Platform,routine,M_routine,800,True,3,1264.8,862.6,137.4,0.318,0.0,28,28000002048
City-A,T3,5x,1000.0,S2_Platform,cross_regime,M_stress,800,True,3,1264.8,644.8,355.2,0.4902,0.0,28,28000002048
City-A,T3,5x,1000.0,S3_Lin4,routine,M_routine,800,True,3,1238.4,867.1,132.9,0.2998,0.0,28,28000002048
City-A,T3,5x,1000.0,S3_Lin4,cross_regime,M_stress,800,True,3,1238.4,678.0,322.0,0.4525,0.0,28,28000002048
City-A,T3,5x,1000.0,S4_GlobalCalib,routine,M_routine,800,True,3,1108.7,931.8,68.2,0.1596,0.0,28,28000002048
City-A,T3,5x,1000.0,S4_GlobalCalib,cross_regime,M_stress,800,True,3,1108.7,733.7,266.3,0.3382,0.0,28,28000002048
City-A,T3,5x,1000.0,S5_CityCalib,routine,M_routine,800,True,3,1086.1,931.8,68.2,0.1421,0.0,28,28000002048
City-A,T3,5x,1000.0,S5_CityCalib,cross_regime,M_stress,800,True,3,1086.1,733.7,266.3,0.3244,0.0,28,28000002048
City-A,T3,5x,1000.0,S6_Q10,routine,M_routine,800,True,4,1003.8,1359.9,0.0,0.0,1.0,28,28000002048
City-A,T3,5x,1000.0,S6_Q10,cross_regime,M_stress,800,True,4,1003.8,918.7,81.3,0.0848,0.0,28,28000002048
City-A,T3,10x,2000.0,S0a_RoutineOracle,routine,M_routine,800,True,6,2308.6,2308.6,0.0,0.0,1.0,28,28000002048
City-A,T3,10x,2000.0,S0a_RoutineOracle,cross_regime,M_stress,800,True,6,2308.6,1214.7,785.3,0.4738,0.0,28,28000002048
City-A,T3,10x,2000.0,S0b_StressOracle,routine,M_routine,800,True,9,2085.5,2890.1,0.0,0.0,1.0,28,28000002048
City-A,T3,10x,2000.0,S0b_StressOracle,cross_regime,M_stress,800,True,9,2085.5,2085.5,0.0,0.0,1.0,28,28000002048
City-A,T3,10x,2000.0,S1_CapRR,routine,M_routine,800,True,4,2175.3,1359.9,640.1,0.3748,0.0,28,28000002048
City-A,T3,10x,2000.0,S1_CapRR,cross_regime,M_stress,800,True,4,2175.3,918.7,1081.3,0.5777,0.0,28,28000002048
City-A,T3,10x,2000.0,S2_Platform,routine,M_routine,800,True,6,2357.9,2054.4,0.0,0.1287,1.0,28,28000002048
City-A,T3,10x,2000.0,S2_Platform,cross_regime,M_stress,800,True,6,2357.9,1300.1,699.9,0.4486,0.0,28,28000002048
City-A,T3,10x,2000.0,S3_Lin4,routine,M_routine,800,True,6,2277.2,1966.2,33.8,0.1366,0.0,28,28000002048
City-A,T3,10x,2000.0,S3_Lin4,cross_regime,M_stress,800,True,6,2277.2,1351.6,648.4,0.4065,0.0,28,28000002048
City-A,T3,10x,2000.0,S4_GlobalCalib,routine,M_routine,800,True,6,2092.4,1966.2,33.8,0.0603,0.0,28,28000002048
City-A,T3,10x,2000.0,S4_GlobalCalib,cross_regime,M_stress,800,True,6,2092.4,1351.6,648.4,0.354,0.0,28,28000002048
City-A,T3,10x,2000.0,S5_CityCalib,routine,M_routine,800,True,6,2050.7,1966.2,33.8,0.0412,0.0,28,28000002048
City-A,T3,10x,2000.0,S5_CityCalib,cross_regime,M_stress,800,True,6,2050.7,1351.6,648.4,0.3409,0.0,28,28000002048
City-A,T3,10x,2000.0,S6_Q10,routine,M_routine,800,True,9,2076.5,2817.7,0.0,0.0,1.0,28,28000002048
City-A,T3,10x,2000.0,S6_Q10,cross_regime,M_stress,800,True,9,2076.5,1844.4,155.6,0.1118,0.0,28,28000002048
City-A,T4,1x,140.0,S0a_RoutineOracle,routine,M_routine,800,True,1,541.7,541.7,0.0,0.0,1.0,28,28000002048
City-A,T4,1x,140.0,S0a_RoutineOracle,cross_regime,M_stress,800,True,1,541.7,363.6,0.0,0.3287,1.0,28,28000002048
City-A,T4,1x,140.0,S0b_StressOracle,routine,M_routine,800,True,1,363.6,541.7,0.0,0.0,1.0,28,28000002048
City-A,T4,1x,140.0,S0b_StressOracle,cross_regime,M_stress,800,True,1,363.6,363.6,0.0,0.0,1.0,28,28000002048
City-A,T4,1x,140.0,S1_CapRR,routine,M_routine,800,True,1,678.2,541.7,0.0,0.2013,1.0,28,28000002048
City-A,T4,1x,140.0,S1_CapRR,cross_regime,M_stress,800,True,1,678.2,363.6,0.0,0.4638,1.0,28,28000002048
City-A,T4,1x,140.0,S2_Platform,routine,M_routine,800,True,1,299.2,395.8,0.0,0.0,1.0,28,28000002048
City-A,T4,1x,140.0,S2_Platform,cross_regime,M_stress,800,True,1,299.2,229.3,0.0,0.2337,1.0,28,28000002048
City-A,T4,1x,140.0,S3_Lin4,routine,M_routine,800,True,1,489.5,541.7,0.0,0.0,1.0,28,28000002048
City-A,T4,1x,140.0,S3_Lin4,cross_regime,M_stress,800,True,1,489.5,363.6,0.0,0.2572,1.0,28,28000002048
City-A,T4,1x,140.0,S4_GlobalCalib,routine,M_routine,800,True,1,452.1,541.7,0.0,0.0,1.0,28,28000002048
City-A,T4,1x,140.0,S4_GlobalCalib,cross_regime,M_stress,800,True,1,452.1,363.6,0.0,0.1956,1.0,28,28000002048
City-A,T4,1x,140.0,S5_CityCalib,routine,M_routine,800,True,1,446.0,541.7,0.0,0.0,1.0,28,28000002048
City-A,T4,1x,140.0,S5_CityCalib,cross_regime,M_stress,800,True,1,446.0,363.6,0.0,0.1847,1.0,28,28000002048
City-A,T4,1x,140.0,S6_Q10,routine,M_routine,800,True,1,312.2,541.7,0.0,0.0,1.0,28,28000002048
City-A,T4,1x,140.0,S6_Q10,cross_regime,M_stress,800,True,1,312.2,363.6,0.0,0.0,1.0,28,28000002048
City-A,T4,2x,280.0,S0a_RoutineOracle,routine,M_routine,800,True,1,541.7,541.7,0.0,0.0,1.0,28,28000002048
City-A,T4,2x,280.0,S0a_RoutineOracle,cross_regime,M_stress,800,True,1,541.7,363.6,0.0,0.3287,1.0,28,28000002048
City-A,T4,2x,280.0,S0b_StressOracle,routine,M_routine,800,True,1,363.6,541.7,0.0,0.0,1.0,28,28000002048
City-A,T4,2x,280.0,S0b_StressOracle,cross_regime,M_stress,800,True,1,363.6,363.6,0.0,0.0,1.0,28,28000002048
City-A,T4,2x,280.0,S1_CapRR,routine,M_routine,800,True,1,678.2,541.7,0.0,0.2013,1.0,28,28000002048
City-A,T4,2x,280.0,S1_CapRR,cross_regime,M_stress,800,True,1,678.2,363.6,0.0,0.4638,1.0,28,28000002048
City-A,T4,2x,280.0,S2_Platform,routine,M_routine,800,True,1,299.2,395.8,0.0,0.0,1.0,28,28000002048
City-A,T4,2x,280.0,S2_Platform,cross_regime,M_stress,800,True,1,299.2,229.3,50.7,0.2337,0.0,28,28000002048
City-A,T4,2x,280.0,S3_Lin4,routine,M_routine,800,True,1,489.5,541.7,0.0,0.0,1.0,28,28000002048
City-A,T4,2x,280.0,S3_Lin4,cross_regime,M_stress,800,True,1,489.5,363.6,0.0,0.2572,1.0,28,28000002048
City-A,T4,2x,280.0,S4_GlobalCalib,routine,M_routine,800,True,1,452.1,541.7,0.0,0.0,1.0,28,28000002048
City-A,T4,2x,280.0,S4_GlobalCalib,cross_regime,M_stress,800,True,1,452.1,363.6,0.0,0.1956,1.0,28,28000002048
City-A,T4,2x,280.0,S5_CityCalib,routine,M_routine,800,True,1,446.0,541.7,0.0,0.0,1.0,28,28000002048
City-A,T4,2x,280.0,S5_CityCalib,cross_regime,M_stress,800,True,1,446.0,363.6,0.0,0.1847,1.0,28,28000002048
City-A,T4,2x,280.0,S6_Q10,routine,M_routine,800,True,1,312.2,541.7,0.0,0.0,1.0,28,28000002048
City-A,T4,2x,280.0,S6_Q10,cross_regime,M_stress,800,True,1,312.2,363.6,0.0,0.0,1.0,28,28000002048
City-A,T4,5x,700.0,S0a_RoutineOracle,routine,M_routine,800,True,2,1013.0,1013.0,0.0,0.0,1.0,28,28000002048
City-A,T4,5x,700.0,S0a_RoutineOracle,cross_regime,M_stress,800,True,2,1013.0,659.7,40.3,0.3487,0.0,28,28000002048
City-A,T4,5x,700.0,S0b_StressOracle,routine,M_routine,800,True,2,722.3,844.5,0.0,0.0,1.0,28,28000002048
City-A,T4,5x,700.0,S0b_StressOracle,cross_regime,M_stress,800,True,2,722.3,722.3,0.0,0.0,1.0,28,28000002048
City-A,T4,5x,700.0,S1_CapRR,routine,M_routine,800,True,2,1293.4,937.5,0.0,0.2752,1.0,28,28000002048
City-A,T4,5x,700.0,S1_CapRR,cross_regime,M_stress,800,True,2,1293.4,592.9,107.1,0.5415,0.0,28,28000002048
City-A,T4,5x,700.0,S2_Platform,routine,M_routine,800,True,3,870.0,950.9,0.0,0.0,1.0,28,28000002048
City-A,T4,5x,700.0,S2_Platform,cross_regime,M_stress,800,True,3,870.0,666.8,33.2,0.2336,0.0,28,28000002048
City-A,T4,5x,700.0,S3_Lin4,routine,M_routine,800,True,2,875.2,844.5,0.0,0.0351,1.0,28,28000002048
City-A,T4,5x,700.0,S3_Lin4,cross_regime,M_stress,800,True,2,875.2,722.3,0.0,0.1747,1.0,28,28000002048
City-A,T4,5x,700.0,S4_GlobalCalib,routine,M_routine,800,True,2,862.1,937.5,0.0,0.0,1.0,28,28000002048
City-A,T4,5x,700.0,S4_GlobalCalib,cross_regime,M_stress,800,True,2,862.1,592.9,107.1,0.3122,0.0,28,28000002048
City-A,T4,5x,700.0,S5_CityCalib,routine,M_routine,800,True,2,850.8,937.5,0.0,0.0,1.0,28,28000002048
City-A,T4,5x,700.0,S5_CityCalib,cross_regime,M_stress,800,True,2,850.8,592.9,107.1,0.3031,0.0,28,28000002048
City-A,T4,5x,700.0,S6_Q10,routine,M_routine,800,True,3,870.0,1240.3,0.0,0.0,1.0,28,28000002048
City-A,T4,5x,700.0,S6_Q10,cross_regime,M_stress,800,True,3,870.0,951.6,0.0,0.0,1.0,28,28000002048
City-A,T4,10x,1400.0,S0a_RoutineOracle,routine,M_routine,800,True,3,1451.5,1451.5,0.0,0.0,1.0,28,28000002048
City-A,T4,10x,1400.0,S0a_RoutineOracle,cross_regime,M_stress,800,True,3,1451.5,899.7,500.3,0.3801,0.0,28,28000002048
City-A,T4,10x,1400.0,S0b_StressOracle,routine,M_routine,800,True,5,1596.3,1816.2,0.0,0.0,1.0,28,28000002048
City-A,T4,10x,1400.0,S0b_StressOracle,cross_regime,M_stress,800,True,5,1596.3,1596.3,0.0,0.0,1.0,28,28000002048
City-A,T4,10x,1400.0,S1_CapRR,routine,M_routine,800,True,3,1889.7,1240.3,159.7,0.3437,0.0,28,28000002048
City-A,T4,10x,1400.0,S1_CapRR,cross_regime,M_stress,800,True,3,1889.7,951.6,448.4,0.4964,0.0,28,28000002048
City-A,T4,10x,1400.0,S2_Platform,routine,M_routine,800,True,5,1424.2,1451.1,0.0,0.0,1.0,28,28000002048
City-A,T4,10x,1400.0,S2_Platform,cross_regime,M_stress,800,True,5,1424.2,1115.7,284.3,0.2166,0.0,28,28000002048
City-A,T4,10x,1400.0,S3_Lin4,routine,M_routine,800,True,4,1616.6,1622.7,0.0,0.0,1.0,28,28000002048
City-A,T4,10x,1400.0,S3_Lin4,cross_regime,M_stress,800,True,4,1616.6,1124.4,275.6,0.3044,0.0,28,28000002048
City-A,T4,10x,1400.0,S4_GlobalCalib,routine,M_routine,800,True,4,1647.8,1711.6,0.0,0.0,1.0,28,28000002048
City-A,T4,10x,1400.0,S4_GlobalCalib,cross_regime,M_stress,800,True,4,1647.8,1247.7,152.3,0.2428,0.0,28,28000002048
City-A,T4,10x,1400.0,S5_CityCalib,routine,M_routine,800,True,4,1626.4,1711.6,0.0,0.0,1.0,28,28000002048
City-A,T4,10x,1400.0,S5_CityCalib,cross_regime,M_stress,800,True,4,1626.4,1247.7,152.3,0.2329,0.0,28,28000002048
City-A,T4,10x,1400.0,S6_Q10,routine,M_routine,800,True,6,1642.0,2484.9,0.0,0.0,1.0,28,28000002048
City-A,T4,10x,1400.0,S6_Q10,cross_regime,M_stress,800,True,6,1642.0,1640.1,0.0,0.0012,1.0,28,28000002048
City-A,T5,1x,160.0,S0a_RoutineOracle,routine,M_routine,800,True,1,505.5,505.5,0.0,0.0,1.0,28,28000002048
City-A,T5,1x,160.0,S0a_RoutineOracle,cross_regime,M_stress,800,True,1,505.5,286.3,0.0,0.4336,1.0,28,28000002048
City-A,T5,1x,160.0,S0b_StressOracle,routine,M_routine,800,True,1,286.3,505.5,0.0,0.0,1.0,28,28000002048
City-A,T5,1x,160.0,S0b_StressOracle,cross_regime,M_stress,800,True,1,286.3,286.3,0.0,0.0,1.0,28,28000002048
City-A,T5,1x,160.0,S1_CapRR,routine,M_routine,800,True,1,596.8,505.5,0.0,0.1529,1.0,28,28000002048
City-A,T5,1x,160.0,S1_CapRR,cross_regime,M_stress,800,True,1,596.8,286.3,0.0,0.5202,1.0,28,28000002048
City-A,T5,1x,160.0,S2_Platform,routine,M_routine,800,True,1,485.5,505.5,0.0,0.0,1.0,28,28000002048
City-A,T5,1x,160.0,S2_Platform,cross_regime,M_stress,800,True,1,485.5,286.3,0.0,0.4102,1.0,28,28000002048
City-A,T5,1x,160.0,S3_Lin4,routine,M_routine,800,True,1,489.4,505.5,0.0,0.0,1.0,28,28000002048
City-A,T5,1x,160.0,S3_Lin4,cross_regime,M_stress,800,True,1,489.4,286.3,0.0,0.4149,1.0,28,28000002048
City-A,T5,1x,160.0,S4_GlobalCalib,routine,M_routine,800,True,1,399.3,505.5,0.0,0.0,1.0,28,28000002048
City-A,T5,1x,160.0,S4_GlobalCalib,cross_regime,M_stress,800,True,1,399.3,286.3,0.0,0.2829,1.0,28,28000002048
City-A,T5,1x,160.0,S5_CityCalib,routine,M_routine,800,True,1,391.5,505.5,0.0,0.0,1.0,28,28000002048
City-A,T5,1x,160.0,S5_CityCalib,cross_regime,M_stress,800,True,1,391.5,286.3,0.0,0.2686,1.0,28,28000002048
City-A,T5,1x,160.0,S6_Q10,routine,M_routine,800,True,1,272.8,505.5,0.0,0.0,1.0,28,28000002048
City-A,T5,1x,160.0,S6_Q10,cross_regime,M_stress,800,True,1,272.8,286.3,0.0,0.0,1.0,28,28000002048
City-A,T5,2x,320.0,S0a_RoutineOracle,routine,M_routine,800,True,1,505.5,505.5,0.0,0.0,1.0,28,28000002048
City-A,T5,2x,320.0,S0a_RoutineOracle,cross_regime,M_stress,800,True,1,505.5,286.3,33.7,0.4336,0.0,28,28000002048
City-A,T5,2x,320.0,S0b_StressOracle,routine,M_routine,800,True,2,551.6,686.8,0.0,0.0,1.0,28,28000002048
City-A,T5,2x,320.0,S0b_StressOracle,cross_regime,M_stress,800,True,2,551.6,551.6,0.0,0.0,1.0,28,28000002048
City-A,T5,2x,320.0,S1_CapRR,routine,M_routine,800,True,1,596.8,505.5,0.0,0.1529,1.0,28,28000002048
City-A,T5,2x,320.0,S1_CapRR,cross_regime,M_stress,800,True,1,596.8,286.3,33.7,0.5202,0.0,28,28000002048
City-A,T5,2x,320.0,S2_Platform,routine,M_routine,800,True,1,485.5,505.5,0.0,0.0,1.0,28,28000002048
City-A,T5,2x,320.0,S2_Platform,cross_regime,M_stress,800,True,1,485.5,286.3,33.7,0.4102,0.0,28,28000002048
City-A,T5,2x,320.0,S3_Lin4,routine,M_routine,800,True,1,489.4,505.5,0.0,0.0,1.0,28,28000002048
City-A,T5,2x,320.0,S3_Lin4,cross_regime,M_stress,800,True,1,489.4,286.3,33.7,0.4149,0.0,28,28000002048
City-A,T5,2x,320.0,S4_GlobalCalib,routine,M_routine,800,True,1,399.3,505.5,0.0,0.0,1.0,28,28000002048
City-A,T5,2x,320.0,S4_GlobalCalib,cross_regime,M_stress,800,True,1,399.3,286.3,33.7,0.2829,0.0,28,28000002048
City-A,T5,2x,320.0,S5_CityCalib,routine,M_routine,800,True,1,391.5,505.5,0.0,0.0,1.0,28,28000002048
City-A,T5,2x,320.0,S5_CityCalib,cross_regime,M_stress,800,True,1,391.5,286.3,33.7,0.2686,0.0,28,28000002048
City-A,T5,2x,320.0,S6_Q10,routine,M_routine,800,True,2,520.2,909.6,0.0,0.0,1.0,28,28000002048
City-A,T5,2x,320.0,S6_Q10,cross_regime,M_stress,800,True,2,520.2,479.5,0.0,0.0783,1.0,28,28000002048
City-A,T5,5x,800.0,S0a_RoutineOracle,routine,M_routine,800,True,2,909.6,909.6,0.0,0.0,1.0,28,28000002048
City-A,T5,5x,800.0,S0a_RoutineOracle,cross_regime,M_stress,800,True,2,909.6,479.5,320.5,0.4728,0.0,28,28000002048
City-A,T5,5x,800.0,S0b_StressOracle,routine,M_routine,800,True,3,814.8,906.4,0.0,0.0,1.0,28,28000002048
City-A,T5,5x,800.0,S0b_StressOracle,cross_regime,M_stress,800,True,3,814.8,814.8,0.0,0.0,1.0,28,28000002048
City-A,T5,5x,800.0,S1_CapRR,routine,M_routine,800,True,2,1138.1,909.6,0.0,0.2008,1.0,28,28000002048
City-A,T5,5x,800.0,S1_CapRR,cross_regime,M_stress,800,True,2,1138.1,479.5,320.5,0.5787,0.0,28,28000002048
City-A,T5,5x,800.0,S2_Platform,routine,M_routine,800,True,2,897.6,725.2,74.8,0.1921,0.0,28,28000002048
City-A,T5,5x,800.0,S2_Platform,cross_regime,M_stress,800,True,2,897.6,549.6,250.4,0.3877,0.0,28,28000002048
City-A,T5,5x,800.0,S3_Lin4,routine,M_routine,800,True,2,867.7,736.5,63.5,0.1512,0.0,28,28000002048
City-A,T5,5x,800.0,S3_Lin4,cross_regime,M_stress,800,True,2,867.7,531.3,268.7,0.3877,0.0,28,28000002048
City-A,T5,5x,800.0,S4_GlobalCalib,routine,M_routine,800,True,3,1112.5,1140.6,0.0,0.0,1.0,28,28000002048
City-A,T5,5x,800.0,S4_GlobalCalib,cross_regime,M_stress,800,True,3,1112.5,724.4,75.6,0.3488,0.0,28,28000002048
City-A,T5,5x,800.0,S5_CityCalib,routine,M_routine,800,True,3,1091.3,1140.6,0.0,0.0,1.0,28,28000002048
City-A,T5,5x,800.0,S5_CityCalib,cross_regime,M_stress,800,True,3,1091.3,724.4,75.6,0.3361,0.0,28,28000002048
City-A,T5,5x,800.0,S6_Q10,routine,M_routine,800,True,4,994.3,1444.2,0.0,0.0,1.0,28,28000002048
City-A,T5,5x,800.0,S6_Q10,cross_regime,M_stress,800,True,4,994.3,969.2,0.0,0.0253,1.0,28,28000002048
City-A,T5,10x,1600.0,S0a_RoutineOracle,routine,M_routine,800,True,4,1617.6,1617.6,0.0,0.0,1.0,28,28000002048
City-A,T5,10x,1600.0,S0a_RoutineOracle,cross_regime,M_stress,800,True,4,1617.6,931.7,668.3,0.424,0.0,28,28000002048
City-A,T5,10x,1600.0,S0b_StressOracle,routine,M_routine,800,True,7,1794.4,2093.2,0.0,0.0,1.0,28,28000002048
City-A,T5,10x,1600.0,S0b_StressOracle,cross_regime,M_stress,800,True,7,1794.4,1794.4,0.0,0.0,1.0,28,28000002048
City-A,T5,10x,1600.0,S1_CapRR,routine,M_routine,800,True,3,1662.9,1140.6,459.4,0.3141,0.0,28,28000002048
City-A,T5,10x,1600.0,S1_CapRR,cross_regime,M_stress,800,True,3,1662.9,724.4,875.6,0.5643,0.0,28,28000002048
City-A,T5,10x,1600.0,S2_Platform,routine,M_routine,800,True,4,1696.8,1259.8,340.2,0.2576,0.0,28,28000002048
City-A,T5,10x,1600.0,S2_Platform,cross_regime,M_stress,800,True,4,1696.8,1039.2,560.8,0.3875,0.0,28,28000002048
City-A,T5,10x,1600.0,S3_Lin4,routine,M_routine,800,True,5,1939.4,1648.8,0.0,0.1499,1.0,28,28000002048
City-A,T5,10x,1600.0,S3_Lin4,cross_regime,M_stress,800,True,5,1939.4,1186.3,413.7,0.3883,0.0,28,28000002048
City-A,T5,10x,1600.0,S4_GlobalCalib,routine,M_routine,800,True,5,1788.0,1663.9,0.0,0.0694,1.0,28,28000002048
City-A,T5,10x,1600.0,S4_GlobalCalib,cross_regime,M_stress,800,True,5,1788.0,1232.4,367.6,0.3107,0.0,28,28000002048
City-A,T5,10x,1600.0,S5_CityCalib,routine,M_routine,800,True,5,1754.3,1663.9,0.0,0.0516,1.0,28,28000002048
City-A,T5,10x,1600.0,S5_CityCalib,cross_regime,M_stress,800,True,5,1754.3,1232.4,367.6,0.2975,0.0,28,28000002048
City-A,T5,10x,1600.0,S6_Q10,routine,M_routine,800,True,7,1644.2,2236.6,0.0,0.0,1.0,28,28000002048
City-A,T5,10x,1600.0,S6_Q10,cross_regime,M_stress,800,True,7,1644.2,1688.6,0.0,0.0,1.0,28,28000002048
City-B,T1,1x,180.0,S0a_RoutineOracle,routine,M_routine,500,True,1,659.5,659.5,0.0,0.0,1.0,28,28000002048
City-B,T1,1x,180.0,S0a_RoutineOracle,cross_regime,M_stress,500,True,1,659.5,382.5,0.0,0.4201,1.0,28,28000002048
City-B,T1,1x,180.0,S0b_StressOracle,routine,M_routine,500,True,1,382.5,659.5,0.0,0.0,1.0,28,28000002048
City-B,T1,1x,180.0,S0b_StressOracle,cross_regime,M_stress,500,True,1,382.5,382.5,0.0,0.0,1.0,28,28000002048
City-B,T1,1x,180.0,S1_CapRR,routine,M_routine,500,True,1,846.0,449.2,0.0,0.469,1.0,28,28000002048
City-B,T1,1x,180.0,S1_CapRR,cross_regime,M_stress,500,True,1,846.0,367.3,0.0,0.5658,1.0,28,28000002048
City-B,T1,1x,180.0,S2_Platform,routine,M_routine,500,True,1,561.1,571.0,0.0,0.0,1.0,28,28000002048
City-B,T1,1x,180.0,S2_Platform,cross_regime,M_stress,500,True,1,561.1,251.0,0.0,0.5527,1.0,28,28000002048
City-B,T1,1x,180.0,S3_Lin4,routine,M_routine,500,True,1,465.8,535.6,0.0,0.0,1.0,28,28000002048
City-B,T1,1x,180.0,S3_Lin4,cross_regime,M_stress,500,True,1,465.8,309.6,0.0,0.3354,1.0,28,28000002048
City-B,T1,1x,180.0,S4_GlobalCalib,routine,M_routine,500,True,1,568.6,449.2,0.0,0.21,1.0,28,28000002048
City-B,T1,1x,180.0,S4_GlobalCalib,cross_regime,M_stress,500,True,1,568.6,367.3,0.0,0.354,1.0,28,28000002048
City-B,T1,1x,180.0,S5_CityCalib,routine,M_routine,500,True,1,576.6,449.2,0.0,0.2209,1.0,28,28000002048
City-B,T1,1x,180.0,S5_CityCalib,cross_regime,M_stress,500,True,1,576.6,367.3,0.0,0.3629,1.0,28,28000002048
City-B,T1,1x,180.0,S6_Q10,routine,M_routine,500,True,1,392.4,449.2,0.0,0.0,1.0,28,28000002048
City-B,T1,1x,180.0,S6_Q10,cross_regime,M_stress,500,True,1,392.4,367.3,0.0,0.0639,1.0,28,28000002048
City-B,T1,2x,360.0,S0a_RoutineOracle,routine,M_routine,500,True,1,659.5,659.5,0.0,0.0,1.0,28,28000002048
City-B,T1,2x,360.0,S0a_RoutineOracle,cross_regime,M_stress,500,True,1,659.5,382.5,0.0,0.4201,1.0,28,28000002048
City-B,T1,2x,360.0,S0b_StressOracle,routine,M_routine,500,True,1,382.5,659.5,0.0,0.0,1.0,28,28000002048
City-B,T1,2x,360.0,S0b_StressOracle,cross_regime,M_stress,500,True,1,382.5,382.5,0.0,0.0,1.0,28,28000002048
City-B,T1,2x,360.0,S1_CapRR,routine,M_routine,500,True,1,846.0,449.2,0.0,0.469,1.0,28,28000002048
City-B,T1,2x,360.0,S1_CapRR,cross_regime,M_stress,500,True,1,846.0,367.3,0.0,0.5658,1.0,28,28000002048
City-B,T1,2x,360.0,S2_Platform,routine,M_routine,500,True,1,561.1,571.0,0.0,0.0,1.0,28,28000002048
City-B,T1,2x,360.0,S2_Platform,cross_regime,M_stress,500,True,1,561.1,251.0,109.0,0.5527,0.0,28,28000002048
City-B,T1,2x,360.0,S3_Lin4,routine,M_routine,500,True,1,465.8,535.6,0.0,0.0,1.0,28,28000002048
City-B,T1,2x,360.0,S3_Lin4,cross_regime,M_stress,500,True,1,465.8,309.6,50.4,0.3354,0.0,28,28000002048
City-B,T1,2x,360.0,S4_GlobalCalib,routine,M_routine,500,True,1,568.6,449.2,0.0,0.21,1.0,28,28000002048
City-B,T1,2x,360.0,S4_GlobalCalib,cross_regime,M_stress,500,True,1,568.6,367.3,0.0,0.354,1.0,28,28000002048
City-B,T1,2x,360.0,S5_CityCalib,routine,M_routine,500,True,1,576.6,449.2,0.0,0.2209,1.0,28,28000002048
City-B,T1,2x,360.0,S5_CityCalib,cross_regime,M_stress,500,True,1,576.6,367.3,0.0,0.3629,1.0,28,28000002048
City-B,T1,2x,360.0,S6_Q10,routine,M_routine,500,True,1,392.4,449.2,0.0,0.0,1.0,28,28000002048
City-B,T1,2x,360.0,S6_Q10,cross_regime,M_stress,500,True,1,392.4,367.3,0.0,0.0639,1.0,28,28000002048
City-B,T1,5x,900.0,S0a_RoutineOracle,routine,M_routine,500,True,2,1230.5,1230.5,0.0,0.0,1.0,28,28000002048
City-B,T1,5x,900.0,S0a_RoutineOracle,cross_regime,M_stress,500,True,2,1230.5,633.5,266.5,0.4852,0.0,28,28000002048
City-B,T1,5x,900.0,S0b_StressOracle,routine,M_routine,500,True,3,1074.0,1557.2,0.0,0.0,1.0,28,28000002048
City-B,T1,5x,900.0,S0b_StressOracle,cross_regime,M_stress,500,True,3,1074.0,1074.0,0.0,0.0,1.0,28,28000002048
City-B,T1,5x,900.0,S1_CapRR,routine,M_routine,500,True,2,1688.0,1108.7,0.0,0.3431,1.0,28,28000002048
City-B,T1,5x,900.0,S1_CapRR,cross_regime,M_stress,500,True,2,1688.0,749.8,150.2,0.5558,0.0,28,28000002048
City-B,T1,5x,900.0,S2_Platform,routine,M_routine,500,True,2,1112.3,1106.6,0.0,0.0052,1.0,28,28000002048
City-B,T1,5x,900.0,S2_Platform,cross_regime,M_stress,500,True,2,1112.3,560.6,339.4,0.496,0.0,28,28000002048
City-B,T1,5x,900.0,S3_Lin4,routine,M_routine,500,True,2,925.3,1106.6,0.0,0.0,1.0,28,28000002048
City-B,T1,5x,900.0,S3_Lin4,cross_regime,M_stress,500,True,2,925.3,560.6,339.4,0.3941,0.0,28,28000002048
City-B,T1,5x,900.0,S4_GlobalCalib,routine,M_routine,500,True,2,1134.5,1108.7,0.0,0.0227,1.0,28,28000002048
City-B,T1,5x,900.0,S4_GlobalCalib,cross_regime,M_stress,500,True,2,1134.5,749.8,150.2,0.3391,0.0,28,28000002048
City-B,T1,5x,900.0,S5_CityCalib,routine,M_routine,500,True,2,1150.3,1108.7,0.0,0.0362,1.0,28,28000002048
City-B,T1,5x,900.0,S5_CityCalib,cross_regime,M_stress,500,True,2,1150.3,749.8,150.2,0.3482,0.0,28,28000002048
City-B,T1,5x,900.0,S6_Q10,routine,M_routine,500,True,3,1161.6,1644.4,0.0,0.0,1.0,28,28000002048
City-B,T1,5x,900.0,S6_Q10,cross_regime,M_stress,500,True,3,1161.6,1059.4,0.0,0.088,1.0,28,28000002048
City-B,T1,10x,1800.0,S0a_RoutineOracle,routine,M_routine,500,True,4,2317.0,2317.0,0.0,0.0,1.0,28,28000002048
City-B,T1,10x,1800.0,S0a_RoutineOracle,cross_regime,M_stress,500,True,4,2317.0,1188.9,611.1,0.4869,0.0,28,28000002048
City-B,T1,10x,1800.0,S0b_StressOracle,routine,M_routine,500,True,6,1946.7,2874.8,0.0,0.0,1.0,28,28000002048
City-B,T1,10x,1800.0,S0b_StressOracle,cross_regime,M_stress,500,True,6,1946.7,1946.7,0.0,0.0,1.0,28,28000002048
City-B,T1,10x,1800.0,S1_CapRR,routine,M_routine,500,True,3,2504.5,1644.4,155.6,0.3434,0.0,28,28000002048
City-B,T1,10x,1800.0,S1_CapRR,cross_regime,M_stress,500,True,3,2504.5,1059.4,740.6,0.577,0.0,28,28000002048
City-B,T1,10x,1800.0,S2_Platform,routine,M_routine,500,True,4,2163.2,2215.3,0.0,0.0,1.0,28,28000002048
City-B,T1,10x,1800.0,S2_Platform,cross_regime,M_stress,500,True,4,2163.2,1310.4,489.6,0.3942,0.0,28,28000002048
City-B,T1,10x,1800.0,S3_Lin4,routine,M_routine,500,True,4,1836.1,2215.3,0.0,0.0,1.0,28,28000002048
City-B,T1,10x,1800.0,S3_Lin4,cross_regime,M_stress,500,True,4,1836.1,1310.4,489.6,0.2863,0.0,28,28000002048
City-B,T1,10x,1800.0,S4_GlobalCalib,routine,M_routine,500,True,4,2220.2,2215.3,0.0,0.0022,1.0,28,28000002048
City-B,T1,10x,1800.0,S4_GlobalCalib,cross_regime,M_stress,500,True,4,2220.2,1310.4,489.6,0.4098,0.0,28,28000002048
City-B,T1,10x,1800.0,S5_CityCalib,routine,M_routine,500,True,4,2250.9,2215.3,0.0,0.0158,1.0,28,28000002048
City-B,T1,10x,1800.0,S5_CityCalib,cross_regime,M_stress,500,True,4,2250.9,1310.4,489.6,0.4178,0.0,28,28000002048
City-B,T1,10x,1800.0,S6_Q10,routine,M_routine,500,True,5,1856.1,2663.8,0.0,0.0,1.0,28,28000002048
City-B,T1,10x,1800.0,S6_Q10,cross_regime,M_stress,500,True,5,1856.1,1634.7,165.3,0.1193,0.0,28,28000002048
City-B,T2,1x,260.0,S0a_RoutineOracle,routine,M_routine,500,True,1,666.2,666.2,0.0,0.0,1.0,28,28000002048
City-B,T2,1x,260.0,S0a_RoutineOracle,cross_regime,M_stress,500,True,1,666.2,309.0,0.0,0.5361,1.0,28,28000002048
City-B,T2,1x,260.0,S0b_StressOracle,routine,M_routine,500,True,1,504.9,443.8,0.0,0.1209,1.0,28,28000002048
City-B,T2,1x,260.0,S0b_StressOracle,cross_regime,M_stress,500,True,1,504.9,504.9,0.0,0.0,1.0,28,28000002048
City-B,T2,1x,260.0,S1_CapRR,routine,M_routine,500,True,1,846.0,443.8,0.0,0.4754,1.0,28,28000002048
City-B,T2,1x,260.0,S1_CapRR,cross_regime,M_stress,500,True,1,846.0,504.9,0.0,0.4032,1.0,28,28000002048
City-B,T2,1x,260.0,S2_Platform,routine,M_routine,500,True,1,557.0,577.8,0.0,0.0,1.0,28,28000002048
City-B,T2,1x,260.0,S2_Platform,cross_regime,M_stress,500,True,1,557.0,219.4,40.6,0.6062,0.0,28,28000002048
City-B,T2,1x,260.0,S3_Lin4,routine,M_routine,500,True,1,469.4,558.6,0.0,0.0,1.0,28,28000002048
City-B,T2,1x,260.0,S3_Lin4,cross_regime,M_stress,500,True,1,469.4,430.9,0.0,0.082,1.0,28,28000002048
City-B,T2,1x,260.0,S4_GlobalCalib,routine,M_routine,500,True,1,571.5,443.8,0.0,0.2234,1.0,28,28000002048
City-B,T2,1x,260.0,S4_GlobalCalib,cross_regime,M_stress,500,True,1,571.5,504.9,0.0,0.1165,1.0,28,28000002048
City-B,T2,1x,260.0,S5_CityCalib,routine,M_routine,500,True,1,581.0,443.8,0.0,0.236,1.0,28,28000002048
City-B,T2,1x,260.0,S5_CityCalib,cross_regime,M_stress,500,True,1,581.0,504.9,0.0,0.1309,1.0,28,28000002048
City-B,T2,1x,260.0,S6_Q10,routine,M_routine,500,True,1,392.5,443.8,0.0,0.0,1.0,28,28000002048
City-B,T2,1x,260.0,S6_Q10,cross_regime,M_stress,500,True,1,392.5,504.9,0.0,0.0,1.0,28,28000002048
City-B,T2,2x,520.0,S0a_RoutineOracle,routine,M_routine,500,True,1,666.2,666.2,0.0,0.0,1.0,28,28000002048
City-B,T2,2x,520.0,S0a_RoutineOracle,cross_regime,M_stress,500,True,1,666.2,309.0,211.0,0.5361,0.0,28,28000002048
City-B,T2,2x,520.0,S0b_StressOracle,routine,M_routine,500,True,2,935.8,1002.4,0.0,0.0,1.0,28,28000002048
City-B,T2,2x,520.0,S0b_StressOracle,cross_regime,M_stress,500,True,2,935.8,935.8,0.0,0.0,1.0,28,28000002048
City-B,T2,2x,520.0,S1_CapRR,routine,M_routine,500,True,1,846.0,443.8,76.2,0.4754,0.0,28,28000002048
City-B,T2,2x,520.0,S1_CapRR,cross_regime,M_stress,500,True,1,846.0,504.9,15.1,0.4032,0.0,28,28000002048
City-B,T2,2x,520.0,S2_Platform,routine,M_routine,500,True,1,557.0,577.8,0.0,0.0,1.0,28,28000002048
City-B,T2,2x,520.0,S2_Platform,cross_regime,M_stress,500,True,1,557.0,219.4,300.6,0.6062,0.0,28,28000002048
City-B,T2,2x,520.0,S3_Lin4,routine,M_routine,500,True,2,932.4,1136.4,0.0,0.0,1.0,28,28000002048
City-B,T2,2x,520.0,S3_Lin4,cross_regime,M_stress,500,True,2,932.4,650.2,0.0,0.3026,1.0,28,28000002048
City-B,T2,2x,520.0,S4_GlobalCalib,routine,M_routine,500,True,1,571.5,443.8,76.2,0.2234,0.0,28,28000002048
City-B,T2,2x,520.0,S4_GlobalCalib,cross_regime,M_stress,500,True,1,571.5,504.9,15.1,0.1165,0.0,28,28000002048
City-B,T2,2x,520.0,S5_CityCalib,routine,M_routine,500,True,1,581.0,443.8,76.2,0.236,0.0,28,28000002048
City-B,T2,2x,520.0,S5_CityCalib,cross_regime,M_stress,500,True,1,581.0,504.9,15.1,0.1309,0.0,28,28000002048
City-B,T2,2x,520.0,S6_Q10,routine,M_routine,500,True,2,783.2,814.6,0.0,0.0,1.0,28,28000002048
City-B,T2,2x,520.0,S6_Q10,cross_regime,M_stress,500,True,2,783.2,703.3,0.0,0.102,1.0,28,28000002048
City-B,T2,5x,1300.0,S0a_RoutineOracle,routine,M_routine,500,True,3,1802.6,1802.6,0.0,0.0,1.0,28,28000002048
City-B,T2,5x,1300.0,S0a_RoutineOracle,cross_regime,M_stress,500,True,3,1802.6,959.3,340.7,0.4678,0.0,28,28000002048
City-B,T2,5x,1300.0,S0b_StressOracle,routine,M_routine,500,True,4,1567.1,1997.0,0.0,0.0,1.0,28,28000002048
City-B,T2,5x,1300.0,S0b_StressOracle,cross_regime,M_stress,500,True,4,1567.1,1567.1,0.0,0.0,1.0,28,28000002048
City-B,T2,5x,1300.0,S1_CapRR,routine,M_routine,500,True,2,1688.0,814.6,485.4,0.5174,0.0,28,28000002048
City-B,T2,5x,1300.0,S1_CapRR,cross_regime,M_stress,500,True,2,1688.0,703.3,596.7,0.5833,0.0,28,28000002048
City-B,T2,5x,1300.0,S2_Platform,routine,M_routine,500,True,3,1630.3,1507.1,0.0,0.0756,1.0,28,28000002048
City-B,T2,5x,1300.0,S2_Platform,cross_regime,M_stress,500,True,3,1630.3,848.7,451.3,0.4795,0.0,28,28000002048
City-B,T2,5x,1300.0,S3_Lin4,routine,M_routine,500,True,3,1392.1,1580.2,0.0,0.0,1.0,28,28000002048
City-B,T2,5x,1300.0,S3_Lin4,cross_regime,M_stress,500,True,3,1392.1,1155.2,144.8,0.1702,0.0,28,28000002048
City-B,T2,5x,1300.0,S4_GlobalCalib,routine,M_routine,500,True,3,1691.8,1373.1,0.0,0.1883,1.0,28,28000002048
City-B,T2,5x,1300.0,S4_GlobalCalib,cross_regime,M_stress,500,True,3,1691.8,1134.2,165.8,0.3296,0.0,28,28000002048
City-B,T2,5x,1300.0,S5_CityCalib,routine,M_routine,500,True,3,1719.7,1373.1,0.0,0.2015,1.0,28,28000002048
City-B,T2,5x,1300.0,S5_CityCalib,cross_regime,M_stress,500,True,3,1719.7,1134.2,165.8,0.3405,0.0,28,28000002048
City-B,T2,5x,1300.0,S6_Q10,routine,M_routine,500,True,4,1532.7,1951.0,0.0,0.0,1.0,28,28000002048
City-B,T2,5x,1300.0,S6_Q10,cross_regime,M_stress,500,True,4,1532.7,1353.6,0.0,0.1169,1.0,28,28000002048
City-B,T2,10x,2600.0,S0a_RoutineOracle,routine,M_routine,500,True,5,2695.2,2695.2,0.0,0.0,1.0,28,28000002048
City-B,T2,10x,2600.0,S0a_RoutineOracle,cross_regime,M_stress,500,True,5,2695.2,1694.3,905.7,0.3714,0.0,28,28000002048
City-B,T2,10x,2600.0,S0b_StressOracle,routine,M_routine,500,True,8,2699.2,3516.0,0.0,0.0,1.0,28,28000002048
City-B,T2,10x,2600.0,S0b_StressOracle,cross_regime,M_stress,500,True,8,2699.2,2699.2,0.0,0.0,1.0,28,28000002048
City-B,T2,10x,2600.0,S1_CapRR,routine,M_routine,500,True,4,3303.2,1951.0,649.0,0.4094,0.0,28,28000002048
City-B,T2,10x,2600.0,S1_CapRR,cross_regime,M_stress,500,True,4,3303.2,1353.6,1246.4,0.5902,0.0,28,28000002048
City-B,T2,10x,2600.0,S2_Platform,routine,M_routine,500,True,6,2974.4,2970.8,0.0,0.0012,1.0,28,28000002048
City-B,T2,10x,2600.0,S2_Platform,cross_regime,M_stress,500,True,6,2974.4,1948.6,651.4,0.3449,0.0,28,28000002048
City-B,T2,10x,2600.0,S3_Lin4,routine,M_routine,500,True,6,2625.7,2970.8,0.0,0.0,1.0,28,28000002048
City-B,T2,10x,2600.0,S3_Lin4,cross_regime,M_stress,500,True,6,2625.7,1948.6,651.4,0.2579,0.0,28,28000002048
City-B,T2,10x,2600.0,S4_GlobalCalib,routine,M_routine,500,True,5,2703.1,2617.1,0.0,0.0318,1.0,28,28000002048
City-B,T2,10x,2600.0,S4_GlobalCalib,cross_regime,M_stress,500,True,5,2703.1,1662.6,937.4,0.3849,0.0,28,28000002048
City-B,T2,10x,2600.0,S5_CityCalib,routine,M_routine,500,True,5,2747.1,2617.1,0.0,0.0473,1.0,28,28000002048
City-B,T2,10x,2600.0,S5_CityCalib,cross_regime,M_stress,500,True,5,2747.1,1662.6,937.4,0.3948,0.0,28,28000002048
City-B,T2,10x,2600.0,S6_Q10,routine,M_routine,500,True,8,2712.6,3831.2,0.0,0.0,1.0,28,28000002048
City-B,T2,10x,2600.0,S6_Q10,cross_regime,M_stress,500,True,8,2712.6,2446.4,153.6,0.0981,0.0,28,28000002048
City-B,T3,1x,200.0,S0a_RoutineOracle,routine,M_routine,500,True,1,686.3,686.3,0.0,0.0,1.0,28,28000002048
City-B,T3,1x,200.0,S0a_RoutineOracle,cross_regime,M_stress,500,True,1,686.3,261.7,0.0,0.6187,1.0,28,28000002048
City-B,T3,1x,200.0,S0b_StressOracle,routine,M_routine,500,True,1,395.8,579.7,0.0,0.0,1.0,28,28000002048
City-B,T3,1x,200.0,S0b_StressOracle,cross_regime,M_stress,500,True,1,395.8,395.8,0.0,0.0,1.0,28,28000002048
City-B,T3,1x,200.0,S1_CapRR,routine,M_routine,500,True,1,744.5,686.3,0.0,0.0781,1.0,28,28000002048
City-B,T3,1x,200.0,S1_CapRR,cross_regime,M_stress,500,True,1,744.5,261.7,0.0,0.6485,1.0,28,28000002048
City-B,T3,1x,200.0,S2_Platform,routine,M_routine,500,True,1,543.2,579.7,0.0,0.0,1.0,28,28000002048
City-B,T3,1x,200.0,S2_Platform,cross_regime,M_stress,500,True,1,543.2,395.8,0.0,0.2714,1.0,28,28000002048
City-B,T3,1x,200.0,S3_Lin4,routine,M_routine,500,True,1,457.5,666.8,0.0,0.0,1.0,28,28000002048
City-B,T3,1x,200.0,S3_Lin4,cross_regime,M_stress,500,True,1,457.5,96.3,103.7,0.7896,0.0,28,28000002048
City-B,T3,1x,200.0,S4_GlobalCalib,routine,M_routine,500,True,1,496.5,686.3,0.0,0.0,1.0,28,28000002048
City-B,T3,1x,200.0,S4_GlobalCalib,cross_regime,M_stress,500,True,1,496.5,261.7,0.0,0.4729,1.0,28,28000002048
City-B,T3,1x,200.0,S5_CityCalib,routine,M_routine,500,True,1,501.0,686.3,0.0,0.0,1.0,28,28000002048
City-B,T3,1x,200.0,S5_CityCalib,cross_regime,M_stress,500,True,1,501.0,261.7,0.0,0.4776,1.0,28,28000002048
City-B,T3,1x,200.0,S6_Q10,routine,M_routine,500,True,1,343.6,686.3,0.0,0.0,1.0,28,28000002048
City-B,T3,1x,200.0,S6_Q10,cross_regime,M_stress,500,True,1,343.6,261.7,0.0,0.2382,1.0,28,28000002048
City-B,T3,2x,400.0,S0a_RoutineOracle,routine,M_routine,500,True,1,686.3,686.3,0.0,0.0,1.0,28,28000002048
City-B,T3,2x,400.0,S0a_RoutineOracle,cross_regime,M_stress,500,True,1,686.3,261.7,138.3,0.6187,0.0,28,28000002048
City-B,T3,2x,400.0,S0b_StressOracle,routine,M_routine,500,True,2,673.3,979.5,0.0,0.0,1.0,28,28000002048
City-B,T3,2x,400.0,S0b_StressOracle,cross_regime,M_stress,500,True,2,673.3,673.3,0.0,0.0,1.0,28,28000002048
City-B,T3,2x,400.0,S1_CapRR,routine,M_routine,500,True,1,744.5,686.3,0.0,0.0781,1.0,28,28000002048
City-B,T3,2x,400.0,S1_CapRR,cross_regime,M_stress,500,True,1,744.5,261.7,138.3,0.6485,0.0,28,28000002048
City-B,T3,2x,400.0,S2_Platform,routine,M_routine,500,True,1,543.2,579.7,0.0,0.0,1.0,28,28000002048
City-B,T3,2x,400.0,S2_Platform,cross_regime,M_stress,500,True,1,543.2,395.8,4.2,0.2714,0.0,28,28000002048
City-B,T3,2x,400.0,S3_Lin4,routine,M_routine,500,True,1,457.5,666.8,0.0,0.0,1.0,28,28000002048
City-B,T3,2x,400.0,S3_Lin4,cross_regime,M_stress,500,True,1,457.5,96.3,303.7,0.7896,0.0,28,28000002048
City-B,T3,2x,400.0,S4_GlobalCalib,routine,M_routine,500,True,1,496.5,686.3,0.0,0.0,1.0,28,28000002048
City-B,T3,2x,400.0,S4_GlobalCalib,cross_regime,M_stress,500,True,1,496.5,261.7,138.3,0.4729,0.0,28,28000002048
City-B,T3,2x,400.0,S5_CityCalib,routine,M_routine,500,True,1,501.0,686.3,0.0,0.0,1.0,28,28000002048
City-B,T3,2x,400.0,S5_CityCalib,cross_regime,M_stress,500,True,1,501.0,261.7,138.3,0.4776,0.0,28,28000002048
City-B,T3,2x,400.0,S6_Q10,routine,M_routine,500,True,2,685.5,1266.0,0.0,0.0,1.0,28,28000002048
City-B,T3,2x,400.0,S6_Q10,cross_regime,M_stress,500,True,2,685.5,657.5,0.0,0.0408,1.0,28,28000002048
City-B,T3,5x,1000.0,S0a_RoutineOracle,routine,M_routine,500,True,2,1353.1,1353.1,0.0,0.0,1.0,28,28000002048
City-B,T3,5x,1000.0,S0a_RoutineOracle,cross_regime,M_stress,500,True,2,1353.1,358.0,642.0,0.7354,0.0,28,28000002048
City-B,T3,5x,1000.0,S0b_StressOracle,routine,M_routine,500,True,4,1194.9,1896.4,0.0,0.0,1.0,28,28000002048
City-B,T3,5x,1000.0,S0b_StressOracle,cross_regime,M_stress,500,True,4,1194.9,1194.9,0.0,0.0,1.0,28,28000002048
City-B,T3,5x,1000.0,S1_CapRR,routine,M_routine,500,True,2,1485.4,1266.0,0.0,0.1477,1.0,28,28000002048
City-B,T3,5x,1000.0,S1_CapRR,cross_regime,M_stress,500,True,2,1485.4,657.5,342.5,0.5574,0.0,28,28000002048
City-B,T3,5x,1000.0,S2_Platform,routine,M_routine,500,True,2,1048.0,1246.5,0.0,0.0,1.0,28,28000002048
City-B,T3,5x,1000.0,S2_Platform,cross_regime,M_stress,500,True,2,1048.0,492.0,508.0,0.5305,0.0,28,28000002048
City-B,T3,5x,1000.0,S3_Lin4,routine,M_routine,500,True,3,1353.4,1547.1,0.0,0.0,1.0,28,28000002048
City-B,T3,5x,1000.0,S3_Lin4,cross_regime,M_stress,500,True,3,1353.4,564.3,435.7,0.583,0.0,28,28000002048
City-B,T3,5x,1000.0,S4_GlobalCalib,routine,M_routine,500,True,3,1469.9,1932.8,0.0,0.0,1.0,28,28000002048
City-B,T3,5x,1000.0,S4_GlobalCalib,cross_regime,M_stress,500,True,3,1469.9,753.7,246.3,0.4872,0.0,28,28000002048
City-B,T3,5x,1000.0,S5_CityCalib,routine,M_routine,500,True,3,1482.8,1932.8,0.0,0.0,1.0,28,28000002048
City-B,T3,5x,1000.0,S5_CityCalib,cross_regime,M_stress,500,True,3,1482.8,753.7,246.3,0.4917,0.0,28,28000002048
City-B,T3,5x,1000.0,S6_Q10,routine,M_routine,500,True,3,1017.0,1932.8,0.0,0.0,1.0,28,28000002048
City-B,T3,5x,1000.0,S6_Q10,cross_regime,M_stress,500,True,3,1017.0,753.7,246.3,0.2589,0.0,28,28000002048
City-B,T3,10x,2000.0,S0a_RoutineOracle,routine,M_routine,500,True,4,2369.1,2369.1,0.0,0.0,1.0,28,28000002048
City-B,T3,10x,2000.0,S0a_RoutineOracle,cross_regime,M_stress,500,True,4,2369.1,987.1,1012.9,0.5833,0.0,28,28000002048
City-B,T3,10x,2000.0,S0b_StressOracle,routine,M_routine,500,True,8,2151.9,3166.6,0.0,0.0,1.0,28,28000002048
City-B,T3,10x,2000.0,S0b_StressOracle,cross_regime,M_stress,500,True,8,2151.9,2151.9,0.0,0.0,1.0,28,28000002048
City-B,T3,10x,2000.0,S1_CapRR,routine,M_routine,500,True,3,2203.9,1932.8,67.2,0.123,0.0,28,28000002048
City-B,T3,10x,2000.0,S1_CapRR,cross_regime,M_stress,500,True,3,2203.9,753.7,1246.3,0.658,0.0,28,28000002048
City-B,T3,10x,2000.0,S2_Platform,routine,M_routine,500,True,5,2307.7,2210.5,0.0,0.0421,1.0,28,28000002048
City-B,T3,10x,2000.0,S2_Platform,cross_regime,M_stress,500,True,5,2307.7,1228.8,771.2,0.4675,0.0,28,28000002048
City-B,T3,10x,2000.0,S3_Lin4,routine,M_routine,500,True,5,2172.8,2450.9,0.0,0.0,1.0,28,28000002048
City-B,T3,10x,2000.0,S3_Lin4,cross_regime,M_stress,500,True,5,2172.8,1138.6,861.4,0.476,0.0,28,28000002048
City-B,T3,10x,2000.0,S4_GlobalCalib,routine,M_routine,500,True,5,2348.8,2526.5,0.0,0.0,1.0,28,28000002048
City-B,T3,10x,2000.0,S4_GlobalCalib,cross_regime,M_stress,500,True,5,2348.8,1237.6,762.4,0.4731,0.0,28,28000002048
City-B,T3,10x,2000.0,S5_CityCalib,routine,M_routine,500,True,5,2368.8,2526.5,0.0,0.0,1.0,28,28000002048
City-B,T3,10x,2000.0,S5_CityCalib,cross_regime,M_stress,500,True,5,2368.8,1237.6,762.4,0.4776,0.0,28,28000002048
City-B,T3,10x,2000.0,S6_Q10,routine,M_routine,500,True,7,2137.0,3287.1,0.0,0.0,1.0,28,28000002048
City-B,T3,10x,2000.0,S6_Q10,cross_regime,M_stress,500,True,7,2137.0,1649.5,350.5,0.2281,0.0,28,28000002048
City-B,T4,1x,140.0,S0a_RoutineOracle,routine,M_routine,500,True,1,768.1,768.1,0.0,0.0,1.0,28,28000002048
City-B,T4,1x,140.0,S0a_RoutineOracle,cross_regime,M_stress,500,True,1,768.1,294.4,0.0,0.6167,1.0,28,28000002048
City-B,T4,1x,140.0,S0b_StressOracle,routine,M_routine,500,True,1,427.1,634.6,0.0,0.0,1.0,28,28000002048
City-B,T4,1x,140.0,S0b_StressOracle,cross_regime,M_stress,500,True,1,427.1,427.1,0.0,0.0,1.0,28,28000002048
City-B,T4,1x,140.0,S1_CapRR,routine,M_routine,500,True,1,846.0,582.1,0.0,0.312,1.0,28,28000002048
City-B,T4,1x,140.0,S1_CapRR,cross_regime,M_stress,500,True,1,846.0,418.2,0.0,0.5056,1.0,28,28000002048
City-B,T4,1x,140.0,S2_Platform,routine,M_routine,500,True,1,480.1,582.1,0.0,0.0,1.0,28,28000002048
City-B,T4,1x,140.0,S2_Platform,cross_regime,M_stress,500,True,1,480.1,418.2,0.0,0.1288,1.0,28,28000002048
City-B,T4,1x,140.0,S3_Lin4,routine,M_routine,500,True,1,468.9,631.2,0.0,0.0,1.0,28,28000002048
City-B,T4,1x,140.0,S3_Lin4,cross_regime,M_stress,500,True,1,468.9,424.6,0.0,0.0945,1.0,28,28000002048
City-B,T4,1x,140.0,S4_GlobalCalib,routine,M_routine,500,True,1,564.0,582.1,0.0,0.0,1.0,28,28000002048
City-B,T4,1x,140.0,S4_GlobalCalib,cross_regime,M_stress,500,True,1,564.0,418.2,0.0,0.2584,1.0,28,28000002048
City-B,T4,1x,140.0,S5_CityCalib,routine,M_routine,500,True,1,567.3,582.1,0.0,0.0,1.0,28,28000002048
City-B,T4,1x,140.0,S5_CityCalib,cross_regime,M_stress,500,True,1,567.3,418.2,0.0,0.2628,1.0,28,28000002048
City-B,T4,1x,140.0,S6_Q10,routine,M_routine,500,True,1,389.5,582.1,0.0,0.0,1.0,28,28000002048
City-B,T4,1x,140.0,S6_Q10,cross_regime,M_stress,500,True,1,389.5,418.2,0.0,0.0,1.0,28,28000002048
City-B,T4,2x,280.0,S0a_RoutineOracle,routine,M_routine,500,True,1,768.1,768.1,0.0,0.0,1.0,28,28000002048
City-B,T4,2x,280.0,S0a_RoutineOracle,cross_regime,M_stress,500,True,1,768.1,294.4,0.0,0.6167,1.0,28,28000002048
City-B,T4,2x,280.0,S0b_StressOracle,routine,M_routine,500,True,1,427.1,634.6,0.0,0.0,1.0,28,28000002048
City-B,T4,2x,280.0,S0b_StressOracle,cross_regime,M_stress,500,True,1,427.1,427.1,0.0,0.0,1.0,28,28000002048
City-B,T4,2x,280.0,S1_CapRR,routine,M_routine,500,True,1,846.0,582.1,0.0,0.312,1.0,28,28000002048
City-B,T4,2x,280.0,S1_CapRR,cross_regime,M_stress,500,True,1,846.0,418.2,0.0,0.5056,1.0,28,28000002048
City-B,T4,2x,280.0,S2_Platform,routine,M_routine,500,True,1,480.1,582.1,0.0,0.0,1.0,28,28000002048
City-B,T4,2x,280.0,S2_Platform,cross_regime,M_stress,500,True,1,480.1,418.2,0.0,0.1288,1.0,28,28000002048
City-B,T4,2x,280.0,S3_Lin4,routine,M_routine,500,True,1,468.9,631.2,0.0,0.0,1.0,28,28000002048
City-B,T4,2x,280.0,S3_Lin4,cross_regime,M_stress,500,True,1,468.9,424.6,0.0,0.0945,1.0,28,28000002048
City-B,T4,2x,280.0,S4_GlobalCalib,routine,M_routine,500,True,1,564.0,582.1,0.0,0.0,1.0,28,28000002048
City-B,T4,2x,280.0,S4_GlobalCalib,cross_regime,M_stress,500,True,1,564.0,418.2,0.0,0.2584,1.0,28,28000002048
City-B,T4,2x,280.0,S5_CityCalib,routine,M_routine,500,True,1,567.3,582.1,0.0,0.0,1.0,28,28000002048
City-B,T4,2x,280.0,S5_CityCalib,cross_regime,M_stress,500,True,1,567.3,418.2,0.0,0.2628,1.0,28,28000002048
City-B,T4,2x,280.0,S6_Q10,routine,M_routine,500,True,1,389.5,582.1,0.0,0.0,1.0,28,28000002048
City-B,T4,2x,280.0,S6_Q10,cross_regime,M_stress,500,True,1,389.5,418.2,0.0,0.0,1.0,28,28000002048
City-B,T4,5x,700.0,S0a_RoutineOracle,routine,M_routine,500,True,1,768.1,768.1,0.0,0.0,1.0,28,28000002048
City-B,T4,5x,700.0,S0a_RoutineOracle,cross_regime,M_stress,500,True,1,768.1,294.4,405.6,0.6167,0.0,28,28000002048
City-B,T4,5x,700.0,S0b_StressOracle,routine,M_routine,500,True,2,851.7,1265.7,0.0,0.0,1.0,28,28000002048
City-B,T4,5x,700.0,S0b_StressOracle,cross_regime,M_stress,500,True,2,851.7,851.7,0.0,0.0,1.0,28,28000002048
City-B,T4,5x,700.0,S1_CapRR,routine,M_routine,500,True,1,846.0,582.1,117.9,0.312,0.0,28,28000002048
City-B,T4,5x,700.0,S1_CapRR,cross_regime,M_stress,500,True,1,846.0,418.2,281.8,0.5056,0.0,28,28000002048
City-B,T4,5x,700.0,S2_Platform,routine,M_routine,500,True,2,912.9,1202.9,0.0,0.0,1.0,28,28000002048
City-B,T4,5x,700.0,S2_Platform,cross_regime,M_stress,500,True,2,912.9,735.7,0.0,0.1942,1.0,28,28000002048
City-B,T4,5x,700.0,S3_Lin4,routine,M_routine,500,True,2,931.4,1252.0,0.0,0.0,1.0,28,28000002048
City-B,T4,5x,700.0,S3_Lin4,cross_regime,M_stress,500,True,2,931.4,742.0,0.0,0.2034,1.0,28,28000002048
City-B,T4,5x,700.0,S4_GlobalCalib,routine,M_routine,500,True,2,1125.2,1350.2,0.0,0.0,1.0,28,28000002048
City-B,T4,5x,700.0,S4_GlobalCalib,cross_regime,M_stress,500,True,2,1125.2,712.7,0.0,0.3666,1.0,28,28000002048
City-B,T4,5x,700.0,S5_CityCalib,routine,M_routine,500,True,2,1131.9,1350.2,0.0,0.0,1.0,28,28000002048
City-B,T4,5x,700.0,S5_CityCalib,cross_regime,M_stress,500,True,2,1131.9,712.7,0.0,0.3704,1.0,28,28000002048
City-B,T4,5x,700.0,S6_Q10,routine,M_routine,500,True,2,777.1,1350.2,0.0,0.0,1.0,28,28000002048
City-B,T4,5x,700.0,S6_Q10,cross_regime,M_stress,500,True,2,777.1,712.7,0.0,0.0829,1.0,28,28000002048
City-B,T4,10x,1400.0,S0a_RoutineOracle,routine,M_routine,500,True,2,1402.7,1402.7,0.0,0.0,1.0,28,28000002048
City-B,T4,10x,1400.0,S0a_RoutineOracle,cross_regime,M_stress,500,True,2,1402.7,721.5,678.5,0.4856,0.0,28,28000002048
City-B,T4,10x,1400.0,S0b_StressOracle,routine,M_routine,500,True,4,1587.3,2468.6,0.0,0.0,1.0,28,28000002048
City-B,T4,10x,1400.0,S0b_StressOracle,cross_regime,M_stress,500,True,4,1587.3,1587.3,0.0,0.0,1.0,28,28000002048
City-B,T4,10x,1400.0,S1_CapRR,routine,M_routine,500,True,2,1688.0,1350.2,49.8,0.2001,0.0,28,28000002048
City-B,T4,10x,1400.0,S1_CapRR,cross_regime,M_stress,500,True,2,1688.0,712.7,687.3,0.5778,0.0,28,28000002048
City-B,T4,10x,1400.0,S2_Platform,routine,M_routine,500,True,4,1693.5,2188.6,0.0,0.0,1.0,28,28000002048
City-B,T4,10x,1400.0,S2_Platform,cross_regime,M_stress,500,True,4,1693.5,1425.9,0.0,0.158,1.0,28,28000002048
City-B,T4,10x,1400.0,S3_Lin4,routine,M_routine,500,True,4,1847.9,2602.2,0.0,0.0,1.0,28,28000002048
City-B,T4,10x,1400.0,S3_Lin4,cross_regime,M_stress,500,True,4,1847.9,1454.7,0.0,0.2128,1.0,28,28000002048
City-B,T4,10x,1400.0,S4_GlobalCalib,routine,M_routine,500,True,3,1669.5,1981.3,0.0,0.0,1.0,28,28000002048
City-B,T4,10x,1400.0,S4_GlobalCalib,cross_regime,M_stress,500,True,3,1669.5,1137.2,262.8,0.3188,0.0,28,28000002048
City-B,T4,10x,1400.0,S5_CityCalib,routine,M_routine,500,True,3,1679.4,1981.3,0.0,0.0,1.0,28,28000002048
City-B,T4,10x,1400.0,S5_CityCalib,cross_regime,M_stress,500,True,3,1679.4,1137.2,262.8,0.3228,0.0,28,28000002048
City-B,T4,10x,1400.0,S6_Q10,routine,M_routine,500,True,4,1520.8,2602.2,0.0,0.0,1.0,28,28000002048
City-B,T4,10x,1400.0,S6_Q10,cross_regime,M_stress,500,True,4,1520.8,1454.7,0.0,0.0435,1.0,28,28000002048
City-B,T5,1x,160.0,S0a_RoutineOracle,routine,M_routine,500,True,1,674.2,674.2,0.0,0.0,1.0,28,28000002048
City-B,T5,1x,160.0,S0a_RoutineOracle,cross_regime,M_stress,500,True,1,674.2,323.7,0.0,0.5198,1.0,28,28000002048
City-B,T5,1x,160.0,S0b_StressOracle,routine,M_routine,500,True,1,466.4,634.3,0.0,0.0,1.0,28,28000002048
City-B,T5,1x,160.0,S0b_StressOracle,cross_regime,M_stress,500,True,1,466.4,466.4,0.0,0.0,1.0,28,28000002048
City-B,T5,1x,160.0,S1_CapRR,routine,M_routine,500,True,1,744.5,674.2,0.0,0.0944,1.0,28,28000002048
City-B,T5,1x,160.0,S1_CapRR,cross_regime,M_stress,500,True,1,744.5,323.7,0.0,0.5652,1.0,28,28000002048
City-B,T5,1x,160.0,S2_Platform,routine,M_routine,500,True,1,553.3,634.3,0.0,0.0,1.0,28,28000002048
City-B,T5,1x,160.0,S2_Platform,cross_regime,M_stress,500,True,1,553.3,466.4,0.0,0.1572,1.0,28,28000002048
City-B,T5,1x,160.0,S3_Lin4,routine,M_routine,500,True,1,459.7,581.6,0.0,0.0,1.0,28,28000002048
City-B,T5,1x,160.0,S3_Lin4,cross_regime,M_stress,500,True,1,459.7,327.4,0.0,0.2877,1.0,28,28000002048
City-B,T5,1x,160.0,S4_GlobalCalib,routine,M_routine,500,True,1,498.3,674.2,0.0,0.0,1.0,28,28000002048
City-B,T5,1x,160.0,S4_GlobalCalib,cross_regime,M_stress,500,True,1,498.3,323.7,0.0,0.3504,1.0,28,28000002048
City-B,T5,1x,160.0,S5_CityCalib,routine,M_routine,500,True,1,501.8,674.2,0.0,0.0,1.0,28,28000002048
City-B,T5,1x,160.0,S5_CityCalib,cross_regime,M_stress,500,True,1,501.8,323.7,0.0,0.3549,1.0,28,28000002048
City-B,T5,1x,160.0,S6_Q10,routine,M_routine,500,True,1,340.3,674.2,0.0,0.0,1.0,28,28000002048
City-B,T5,1x,160.0,S6_Q10,cross_regime,M_stress,500,True,1,340.3,323.7,0.0,0.0487,1.0,28,28000002048
City-B,T5,2x,320.0,S0a_RoutineOracle,routine,M_routine,500,True,1,674.2,674.2,0.0,0.0,1.0,28,28000002048
City-B,T5,2x,320.0,S0a_RoutineOracle,cross_regime,M_stress,500,True,1,674.2,323.7,0.0,0.5198,1.0,28,28000002048
City-B,T5,2x,320.0,S0b_StressOracle,routine,M_routine,500,True,1,466.4,634.3,0.0,0.0,1.0,28,28000002048
City-B,T5,2x,320.0,S0b_StressOracle,cross_regime,M_stress,500,True,1,466.4,466.4,0.0,0.0,1.0,28,28000002048
City-B,T5,2x,320.0,S1_CapRR,routine,M_routine,500,True,1,744.5,674.2,0.0,0.0944,1.0,28,28000002048
City-B,T5,2x,320.0,S1_CapRR,cross_regime,M_stress,500,True,1,744.5,323.7,0.0,0.5652,1.0,28,28000002048
City-B,T5,2x,320.0,S2_Platform,routine,M_routine,500,True,1,553.3,634.3,0.0,0.0,1.0,28,28000002048
City-B,T5,2x,320.0,S2_Platform,cross_regime,M_stress,500,True,1,553.3,466.4,0.0,0.1572,1.0,28,28000002048
City-B,T5,2x,320.0,S3_Lin4,routine,M_routine,500,True,1,459.7,581.6,0.0,0.0,1.0,28,28000002048
City-B,T5,2x,320.0,S3_Lin4,cross_regime,M_stress,500,True,1,459.7,327.4,0.0,0.2877,1.0,28,28000002048
City-B,T5,2x,320.0,S4_GlobalCalib,routine,M_routine,500,True,1,498.3,674.2,0.0,0.0,1.0,28,28000002048
City-B,T5,2x,320.0,S4_GlobalCalib,cross_regime,M_stress,500,True,1,498.3,323.7,0.0,0.3504,1.0,28,28000002048
City-B,T5,2x,320.0,S5_CityCalib,routine,M_routine,500,True,1,501.8,674.2,0.0,0.0,1.0,28,28000002048
City-B,T5,2x,320.0,S5_CityCalib,cross_regime,M_stress,500,True,1,501.8,323.7,0.0,0.3549,1.0,28,28000002048
City-B,T5,2x,320.0,S6_Q10,routine,M_routine,500,True,1,340.3,674.2,0.0,0.0,1.0,28,28000002048
City-B,T5,2x,320.0,S6_Q10,cross_regime,M_stress,500,True,1,340.3,323.7,0.0,0.0487,1.0,28,28000002048
City-B,T5,5x,800.0,S0a_RoutineOracle,routine,M_routine,500,True,2,1308.5,1308.5,0.0,0.0,1.0,28,28000002048
City-B,T5,5x,800.0,S0a_RoutineOracle,cross_regime,M_stress,500,True,2,1308.5,790.1,9.9,0.3962,0.0,28,28000002048
City-B,T5,5x,800.0,S0b_StressOracle,routine,M_routine,500,True,2,840.3,1135.9,0.0,0.0,1.0,28,28000002048
City-B,T5,5x,800.0,S0b_StressOracle,cross_regime,M_stress,500,True,2,840.3,840.3,0.0,0.0,1.0,28,28000002048
City-B,T5,5x,800.0,S1_CapRR,routine,M_routine,500,True,2,1485.4,1308.5,0.0,0.1191,1.0,28,28000002048
City-B,T5,5x,800.0,S1_CapRR,cross_regime,M_stress,500,True,2,1485.4,790.1,9.9,0.4681,0.0,28,28000002048
City-B,T5,5x,800.0,S2_Platform,routine,M_routine,500,True,2,1093.7,1215.9,0.0,0.0,1.0,28,28000002048
City-B,T5,5x,800.0,S2_Platform,cross_regime,M_stress,500,True,2,1093.7,793.8,6.2,0.2742,0.0,28,28000002048
City-B,T5,5x,800.0,S3_Lin4,routine,M_routine,500,True,2,913.2,1083.2,0.0,0.0,1.0,28,28000002048
City-B,T5,5x,800.0,S3_Lin4,cross_regime,M_stress,500,True,2,913.2,701.4,98.6,0.232,0.0,28,28000002048
City-B,T5,5x,800.0,S4_GlobalCalib,routine,M_routine,500,True,2,994.3,1308.5,0.0,0.0,1.0,28,28000002048
City-B,T5,5x,800.0,S4_GlobalCalib,cross_regime,M_stress,500,True,2,994.3,790.1,9.9,0.2054,0.0,28,28000002048
City-B,T5,5x,800.0,S5_CityCalib,routine,M_routine,500,True,2,1001.2,1308.5,0.0,0.0,1.0,28,28000002048
City-B,T5,5x,800.0,S5_CityCalib,cross_regime,M_stress,500,True,2,1001.2,790.1,9.9,0.2108,0.0,28,28000002048
City-B,T5,5x,800.0,S6_Q10,routine,M_routine,500,True,3,1007.4,1890.1,0.0,0.0,1.0,28,28000002048
City-B,T5,5x,800.0,S6_Q10,cross_regime,M_stress,500,True,3,1007.4,1117.5,0.0,0.0,1.0,28,28000002048
City-B,T5,10x,1600.0,S0a_RoutineOracle,routine,M_routine,500,True,3,1890.1,1890.1,0.0,0.0,1.0,28,28000002048
City-B,T5,10x,1600.0,S0a_RoutineOracle,cross_regime,M_stress,500,True,3,1890.1,1117.5,482.5,0.4087,0.0,28,28000002048
City-B,T5,10x,1600.0,S0b_StressOracle,routine,M_routine,500,True,5,1809.0,2818.5,0.0,0.0,1.0,28,28000002048
City-B,T5,10x,1600.0,S0b_StressOracle,cross_regime,M_stress,500,True,5,1809.0,1809.0,0.0,0.0,1.0,28,28000002048
City-B,T5,10x,1600.0,S1_CapRR,routine,M_routine,500,True,3,2203.9,1890.1,0.0,0.1424,1.0,28,28000002048
City-B,T5,10x,1600.0,S1_CapRR,cross_regime,M_stress,500,True,3,2203.9,1117.5,482.5,0.4929,0.0,28,28000002048
City-B,T5,10x,1600.0,S2_Platform,routine,M_routine,500,True,4,2025.8,2046.2,0.0,0.0,1.0,28,28000002048
City-B,T5,10x,1600.0,S2_Platform,cross_regime,M_stress,500,True,4,2025.8,1420.4,179.6,0.2988,0.0,28,28000002048
City-B,T5,10x,1600.0,S3_Lin4,routine,M_routine,500,True,4,1804.5,2391.7,0.0,0.0,1.0,28,28000002048
City-B,T5,10x,1600.0,S3_Lin4,cross_regime,M_stress,500,True,4,1804.5,1491.4,108.6,0.1735,0.0,28,28000002048
City-B,T5,10x,1600.0,S4_GlobalCalib,routine,M_routine,500,True,4,1945.7,2391.7,0.0,0.0,1.0,28,28000002048
City-B,T5,10x,1600.0,S4_GlobalCalib,cross_regime,M_stress,500,True,4,1945.7,1491.4,108.6,0.2335,0.0,28,28000002048
City-B,T5,10x,1600.0,S5_CityCalib,routine,M_routine,500,True,4,1958.9,2391.7,0.0,0.0,1.0,28,28000002048
City-B,T5,10x,1600.0,S5_CityCalib,cross_regime,M_stress,500,True,4,1958.9,1491.4,108.6,0.2387,0.0,28,28000002048
City-B,T5,10x,1600.0,S6_Q10,routine,M_routine,500,True,5,1609.8,2720.3,0.0,0.0,1.0,28,28000002048
City-B,T5,10x,1600.0,S6_Q10,cross_regime,M_stress,500,True,5,1609.8,1744.1,0.0,0.0,1.0,28,28000002048
City-C,T1,1x,180.0,S0a_RoutineOracle,routine,M_routine,650,True,1,576.4,576.4,0.0,0.0,1.0,28,28000002048
City-C,T1,1x,180.0,S0a_RoutineOracle,cross_regime,M_stress,650,True,1,576.4,360.0,0.0,0.3755,1.0,28,28000002048
City-C,T1,1x,180.0,S0b_StressOracle,routine,M_routine,650,True,1,360.0,576.4,0.0,0.0,1.0,28,28000002048
City-C,T1,1x,180.0,S0b_StressOracle,cross_regime,M_stress,650,True,1,360.0,360.0,0.0,0.0,1.0,28,28000002048
City-C,T1,1x,180.0,S1_CapRR,routine,M_routine,650,True,1,737.0,439.1,0.0,0.4043,1.0,28,28000002048
City-C,T1,1x,180.0,S1_CapRR,cross_regime,M_stress,650,True,1,737.0,302.9,0.0,0.589,1.0,28,28000002048
City-C,T1,1x,180.0,S2_Platform,routine,M_routine,650,True,1,460.9,439.1,0.0,0.0474,1.0,28,28000002048
City-C,T1,1x,180.0,S2_Platform,cross_regime,M_stress,650,True,1,460.9,302.9,0.0,0.3428,1.0,28,28000002048
City-C,T1,1x,180.0,S3_Lin4,routine,M_routine,650,True,1,417.6,439.1,0.0,0.0,1.0,28,28000002048
City-C,T1,1x,180.0,S3_Lin4,cross_regime,M_stress,650,True,1,417.6,302.9,0.0,0.2747,1.0,28,28000002048
City-C,T1,1x,180.0,S4_GlobalCalib,routine,M_routine,650,True,1,495.3,439.1,0.0,0.1136,1.0,28,28000002048
City-C,T1,1x,180.0,S4_GlobalCalib,cross_regime,M_stress,650,True,1,495.3,302.9,0.0,0.3884,1.0,28,28000002048
City-C,T1,1x,180.0,S5_CityCalib,routine,M_routine,650,True,1,503.0,439.1,0.0,0.1271,1.0,28,28000002048
City-C,T1,1x,180.0,S5_CityCalib,cross_regime,M_stress,650,True,1,503.0,302.9,0.0,0.3978,1.0,28,28000002048
City-C,T1,1x,180.0,S6_Q10,routine,M_routine,650,True,1,341.8,439.1,0.0,0.0,1.0,28,28000002048
City-C,T1,1x,180.0,S6_Q10,cross_regime,M_stress,650,True,1,341.8,302.9,0.0,0.1139,1.0,28,28000002048
City-C,T1,2x,360.0,S0a_RoutineOracle,routine,M_routine,650,True,1,576.4,576.4,0.0,0.0,1.0,28,28000002048
City-C,T1,2x,360.0,S0a_RoutineOracle,cross_regime,M_stress,650,True,1,576.4,360.0,0.0,0.3755,0.0,28,28000002048
City-C,T1,2x,360.0,S0b_StressOracle,routine,M_routine,650,True,2,662.9,1015.5,0.0,0.0,1.0,28,28000002048
City-C,T1,2x,360.0,S0b_StressOracle,cross_regime,M_stress,650,True,2,662.9,662.9,0.0,0.0,1.0,28,28000002048
City-C,T1,2x,360.0,S1_CapRR,routine,M_routine,650,True,1,737.0,439.1,0.0,0.4043,1.0,28,28000002048
City-C,T1,2x,360.0,S1_CapRR,cross_regime,M_stress,650,True,1,737.0,302.9,57.1,0.589,0.0,28,28000002048
City-C,T1,2x,360.0,S2_Platform,routine,M_routine,650,True,1,460.9,439.1,0.0,0.0474,1.0,28,28000002048
City-C,T1,2x,360.0,S2_Platform,cross_regime,M_stress,650,True,1,460.9,302.9,57.1,0.3428,0.0,28,28000002048
City-C,T1,2x,360.0,S3_Lin4,routine,M_routine,650,True,1,417.6,439.1,0.0,0.0,1.0,28,28000002048
City-C,T1,2x,360.0,S3_Lin4,cross_regime,M_stress,650,True,1,417.6,302.9,57.1,0.2747,0.0,28,28000002048
City-C,T1,2x,360.0,S4_GlobalCalib,routine,M_routine,650,True,1,495.3,439.1,0.0,0.1136,1.0,28,28000002048
City-C,T1,2x,360.0,S4_GlobalCalib,cross_regime,M_stress,650,True,1,495.3,302.9,57.1,0.3884,0.0,28,28000002048
City-C,T1,2x,360.0,S5_CityCalib,routine,M_routine,650,True,1,503.0,439.1,0.0,0.1271,1.0,28,28000002048
City-C,T1,2x,360.0,S5_CityCalib,cross_regime,M_stress,650,True,1,503.0,302.9,57.1,0.3978,0.0,28,28000002048
City-C,T1,2x,360.0,S6_Q10,routine,M_routine,650,True,2,667.6,1015.5,0.0,0.0,1.0,28,28000002048
City-C,T1,2x,360.0,S6_Q10,cross_regime,M_stress,650,True,2,667.6,662.9,0.0,0.0072,1.0,28,28000002048
City-C,T1,5x,900.0,S0a_RoutineOracle,routine,M_routine,650,True,2,1015.9,1015.9,0.0,0.0,1.0,28,28000002048
City-C,T1,5x,900.0,S0a_RoutineOracle,cross_regime,M_stress,650,True,2,1015.9,468.2,431.8,0.5391,0.0,28,28000002048
City-C,T1,5x,900.0,S0b_StressOracle,routine,M_routine,650,True,3,964.5,1386.2,0.0,0.0,1.0,28,28000002048
City-C,T1,5x,900.0,S0b_StressOracle,cross_regime,M_stress,650,True,3,964.5,964.5,0.0,0.0,1.0,28,28000002048
City-C,T1,5x,900.0,S1_CapRR,routine,M_routine,650,True,2,1439.5,1015.5,0.0,0.2946,1.0,28,28000002048
City-C,T1,5x,900.0,S1_CapRR,cross_regime,M_stress,650,True,2,1439.5,662.9,237.1,0.5395,0.0,28,28000002048
City-C,T1,5x,900.0,S2_Platform,routine,M_routine,650,True,2,904.5,1015.5,0.0,0.0,1.0,28,28000002048
City-C,T1,5x,900.0,S2_Platform,cross_regime,M_stress,650,True,2,904.5,662.9,237.1,0.2672,0.0,28,28000002048
City-C,T1,5x,900.0,S3_Lin4,routine,M_routine,650,True,3,1207.2,1386.2,0.0,0.0,1.0,28,28000002048
City-C,T1,5x,900.0,S3_Lin4,cross_regime,M_stress,650,True,3,1207.2,964.5,0.0,0.2011,1.0,28,28000002048
City-C,T1,5x,900.0,S4_GlobalCalib,routine,M_routine,650,True,2,967.3,1015.5,0.0,0.0,1.0,28,28000002048
City-C,T1,5x,900.0,S4_GlobalCalib,cross_regime,M_stress,650,True,2,967.3,662.9,237.1,0.3148,0.0,28,28000002048
City-C,T1,5x,900.0,S5_CityCalib,routine,M_routine,650,True,2,982.3,1015.5,0.0,0.0,1.0,28,28000002048
City-C,T1,5x,900.0,S5_CityCalib,cross_regime,M_stress,650,True,2,982.3,662.9,237.1,0.3252,0.0,28,28000002048
City-C,T1,5x,900.0,S6_Q10,routine,M_routine,650,True,3,965.2,1386.2,0.0,0.0,1.0,28,28000002048
City-C,T1,5x,900.0,S6_Q10,cross_regime,M_stress,650,True,3,965.2,964.5,0.0,0.0007,1.0,28,28000002048
City-C,T1,10x,1800.0,S0a_RoutineOracle,routine,M_routine,650,True,4,1893.5,1893.5,0.0,0.0,1.0,28,28000002048
City-C,T1,10x,1800.0,S0a_RoutineOracle,cross_regime,M_stress,650,True,4,1893.5,980.7,819.3,0.4821,0.0,28,28000002048
City-C,T1,10x,1800.0,S0b_StressOracle,routine,M_routine,650,True,7,2022.1,2712.4,0.0,0.0,1.0,28,28000002048
City-C,T1,10x,1800.0,S0b_StressOracle,cross_regime,M_stress,650,True,7,2022.1,2022.1,0.0,0.0,1.0,28,28000002048
City-C,T1,10x,1800.0,S1_CapRR,routine,M_routine,650,True,3,2081.1,1386.2,413.8,0.3339,0.0,28,28000002048
City-C,T1,10x,1800.0,S1_CapRR,cross_regime,M_stress,650,True,3,2081.1,964.5,835.5,0.5365,0.0,28,28000002048
City-C,T1,10x,1800.0,S2_Platform,routine,M_routine,650,True,5,2117.9,2137.8,0.0,0.0,1.0,28,28000002048
City-C,T1,10x,1800.0,S2_Platform,cross_regime,M_stress,650,True,5,2117.9,1116.8,683.2,0.4727,0.0,28,28000002048
City-C,T1,10x,1800.0,S3_Lin4,routine,M_routine,650,True,5,1961.5,2154.5,0.0,0.0,1.0,28,28000002048
City-C,T1,10x,1800.0,S3_Lin4,cross_regime,M_stress,650,True,5,1961.5,1286.6,513.4,0.344,0.0,28,28000002048
City-C,T1,10x,1800.0,S4_GlobalCalib,routine,M_routine,650,True,5,2180.7,2069.0,0.0,0.0512,1.0,28,28000002048
City-C,T1,10x,1800.0,S4_GlobalCalib,cross_regime,M_stress,650,True,5,2180.7,1310.1,489.9,0.3992,0.0,28,28000002048
City-C,T1,10x,1800.0,S5_CityCalib,routine,M_routine,650,True,4,1819.2,1669.8,130.2,0.0821,0.0,28,28000002048
City-C,T1,10x,1800.0,S5_CityCalib,cross_regime,M_stress,650,True,4,1819.2,1195.8,604.2,0.3427,0.0,28,28000002048
City-C,T1,10x,1800.0,S6_Q10,routine,M_routine,650,True,7,2028.1,2812.7,0.0,0.0,1.0,28,28000002048
City-C,T1,10x,1800.0,S6_Q10,cross_regime,M_stress,650,True,7,2028.1,1676.1,123.9,0.1736,0.0,28,28000002048
City-C,T2,1x,260.0,S0a_RoutineOracle,routine,M_routine,650,True,1,550.5,550.5,0.0,0.0,1.0,28,28000002048
City-C,T2,1x,260.0,S0a_RoutineOracle,cross_regime,M_stress,650,True,1,550.5,182.9,77.1,0.6677,0.0,28,28000002048
City-C,T2,1x,260.0,S0b_StressOracle,routine,M_routine,650,True,1,349.9,137.3,122.7,0.6077,0.0,28,28000002048
City-C,T2,1x,260.0,S0b_StressOracle,cross_regime,M_stress,650,True,1,349.9,349.9,0.0,0.0,1.0,28,28000002048
City-C,T2,1x,260.0,S1_CapRR,routine,M_routine,650,True,1,737.0,406.6,0.0,0.4483,1.0,28,28000002048
City-C,T2,1x,260.0,S1_CapRR,cross_regime,M_stress,650,True,1,737.0,275.6,0.0,0.6261,1.0,28,28000002048
City-C,T2,1x,260.0,S2_Platform,routine,M_routine,650,True,1,467.3,406.6,0.0,0.1298,1.0,28,28000002048
City-C,T2,1x,260.0,S2_Platform,cross_regime,M_stress,650,True,1,467.3,275.6,0.0,0.4102,1.0,28,28000002048
City-C,T2,1x,260.0,S3_Lin4,routine,M_routine,650,True,1,424.6,406.6,0.0,0.0423,1.0,28,28000002048
City-C,T2,1x,260.0,S3_Lin4,cross_regime,M_stress,650,True,1,424.6,275.6,0.0,0.3508,1.0,28,28000002048
City-C,T2,1x,260.0,S4_GlobalCalib,routine,M_routine,650,True,1,497.7,406.6,0.0,0.183,1.0,28,28000002048
City-C,T2,1x,260.0,S4_GlobalCalib,cross_regime,M_stress,650,True,1,497.7,275.6,0.0,0.4462,1.0,28,28000002048
City-C,T2,1x,260.0,S5_CityCalib,routine,M_routine,650,True,1,501.5,406.6,0.0,0.1893,1.0,28,28000002048
City-C,T2,1x,260.0,S5_CityCalib,cross_regime,M_stress,650,True,1,501.5,275.6,0.0,0.4505,1.0,28,28000002048
City-C,T2,1x,260.0,S6_Q10,routine,M_routine,650,True,1,342.0,406.6,0.0,0.0,1.0,28,28000002048
City-C,T2,1x,260.0,S6_Q10,cross_regime,M_stress,650,True,1,342.0,275.6,0.0,0.1941,1.0,28,28000002048
City-C,T2,2x,520.0,S0a_RoutineOracle,routine,M_routine,650,True,1,550.5,550.5,0.0,0.0,1.0,28,28000002048
City-C,T2,2x,520.0,S0a_RoutineOracle,cross_regime,M_stress,650,True,1,550.5,182.9,337.1,0.6677,0.0,28,28000002048
City-C,T2,2x,520.0,S0b_StressOracle,routine,M_routine,650,True,2,645.6,472.6,47.4,0.268,0.0,28,28000002048
City-C,T2,2x,520.0,S0b_StressOracle,cross_regime,M_stress,650,True,2,645.6,645.6,0.0,0.0,1.0,28,28000002048
City-C,T2,2x,520.0,S1_CapRR,routine,M_routine,650,True,1,737.0,406.6,113.4,0.4483,0.0,28,28000002048
City-C,T2,2x,520.0,S1_CapRR,cross_regime,M_stress,650,True,1,737.0,275.6,244.4,0.6261,0.0,28,28000002048
City-C,T2,2x,520.0,S2_Platform,routine,M_routine,650,True,2,902.1,957.2,0.0,0.0,1.0,28,28000002048
City-C,T2,2x,520.0,S2_Platform,cross_regime,M_stress,650,True,2,902.1,458.6,61.4,0.4916,0.0,28,28000002048
City-C,T2,2x,520.0,S3_Lin4,routine,M_routine,650,True,2,830.5,957.2,0.0,0.0,1.0,28,28000002048
City-C,T2,2x,520.0,S3_Lin4,cross_regime,M_stress,650,True,2,830.5,458.6,61.4,0.4478,0.0,28,28000002048
City-C,T2,2x,520.0,S4_GlobalCalib,routine,M_routine,650,True,2,972.0,957.2,0.0,0.0153,1.0,28,28000002048
City-C,T2,2x,520.0,S4_GlobalCalib,cross_regime,M_stress,650,True,2,972.0,458.6,61.4,0.5282,0.0,28,28000002048
City-C,T2,2x,520.0,S5_CityCalib,routine,M_routine,650,True,2,979.5,957.2,0.0,0.0228,1.0,28,28000002048
City-C,T2,2x,520.0,S5_CityCalib,cross_regime,M_stress,650,True,2,979.5,458.6,61.4,0.5318,0.0,28,28000002048
City-C,T2,2x,520.0,S6_Q10,routine,M_routine,650,True,2,667.9,957.2,0.0,0.0,1.0,28,28000002048
City-C,T2,2x,520.0,S6_Q10,cross_regime,M_stress,650,True,2,667.9,458.6,61.4,0.3135,0.0,28,28000002048
City-C,T2,5x,1300.0,S0a_RoutineOracle,routine,M_routine,650,True,3,1512.9,1512.9,0.0,0.0,1.0,28,28000002048
City-C,T2,5x,1300.0,S0a_RoutineOracle,cross_regime,M_stress,650,True,3,1512.9,603.0,697.0,0.6014,0.0,28,28000002048
City-C,T2,5x,1300.0,S0b_StressOracle,routine,M_routine,650,True,5,1483.6,1710.3,0.0,0.0,1.0,28,28000002048
City-C,T2,5x,1300.0,S0b_StressOracle,cross_regime,M_stress,650,True,5,1483.6,1483.6,0.0,0.0,1.0,28,28000002048
City-C,T2,5x,1300.0,S1_CapRR,routine,M_routine,650,True,2,1439.5,957.2,342.8,0.3351,0.0,28,28000002048
City-C,T2,5x,1300.0,S1_CapRR,cross_regime,M_stress,650,True,2,1439.5,458.6,841.4,0.6815,0.0,28,28000002048
City-C,T2,5x,1300.0,S2_Platform,routine,M_routine,650,True,3,1301.1,1094.4,205.6,0.1588,0.0,28,28000002048
City-C,T2,5x,1300.0,S2_Platform,cross_regime,M_stress,650,True,3,1301.1,808.4,491.6,0.3787,0.0,28,28000002048
City-C,T2,5x,1300.0,S3_Lin4,routine,M_routine,650,True,4,1614.9,1506.1,0.0,0.0674,1.0,28,28000002048
City-C,T2,5x,1300.0,S3_Lin4,cross_regime,M_stress,650,True,4,1614.9,1081.7,218.3,0.3302,0.0,28,28000002048
City-C,T2,5x,1300.0,S4_GlobalCalib,routine,M_routine,650,True,3,1405.1,1094.4,205.6,0.2211,0.0,28,28000002048
City-C,T2,5x,1300.0,S4_GlobalCalib,cross_regime,M_stress,650,True,3,1405.1,808.4,491.6,0.4247,0.0,28,28000002048
City-C,T2,5x,1300.0,S5_CityCalib,routine,M_routine,650,True,3,1415.8,1094.4,205.6,0.227,0.0,28,28000002048
City-C,T2,5x,1300.0,S5_CityCalib,cross_regime,M_stress,650,True,3,1415.8,808.4,491.6,0.429,0.0,28,28000002048
City-C,T2,5x,1300.0,S6_Q10,routine,M_routine,650,True,5,1506.0,1870.8,0.0,0.0,1.0,28,28000002048
City-C,T2,5x,1300.0,S6_Q10,cross_regime,M_stress,650,True,5,1506.0,1306.8,0.0,0.1322,1.0,28,28000002048
City-C,T2,10x,2600.0,S0a_RoutineOracle,routine,M_routine,650,True,6,2782.5,2782.5,0.0,0.0,1.0,28,28000002048
City-C,T2,10x,2600.0,S0a_RoutineOracle,cross_regime,M_stress,650,True,6,2782.5,1295.5,1304.5,0.5344,0.0,28,28000002048
City-C,T2,10x,2600.0,S0b_StressOracle,routine,M_routine,650,True,10,2731.7,3345.0,0.0,0.0,1.0,28,28000002048
City-C,T2,10x,2600.0,S0b_StressOracle,cross_regime,M_stress,650,True,10,2731.7,2731.7,0.0,0.0,1.0,28,28000002048
City-C,T2,10x,2600.0,S1_CapRR,routine,M_routine,650,True,4,2666.6,1513.8,1086.2,0.4323,0.0,28,28000002048
City-C,T2,10x,2600.0,S1_CapRR,cross_regime,M_stress,650,True,4,2666.6,1097.6,1502.4,0.5884,0.0,28,28000002048
City-C,T2,10x,2600.0,S2_Platform,routine,M_routine,650,True,7,2815.8,2566.2,33.8,0.0886,0.0,28,28000002048
City-C,T2,10x,2600.0,S2_Platform,cross_regime,M_stress,650,True,7,2815.8,1810.3,789.7,0.3571,0.0,28,28000002048
City-C,T2,10x,2600.0,S3_Lin4,routine,M_routine,650,True,7,2713.2,2714.2,0.0,0.0,1.0,28,28000002048
City-C,T2,10x,2600.0,S3_Lin4,cross_regime,M_stress,650,True,7,2713.2,1760.2,839.8,0.3512,0.0,28,28000002048
City-C,T2,10x,2600.0,S4_GlobalCalib,routine,M_routine,650,True,7,2951.6,2655.8,0.0,0.1002,1.0,28,28000002048
City-C,T2,10x,2600.0,S4_GlobalCalib,cross_regime,M_stress,650,True,7,2951.6,1737.1,862.9,0.4115,0.0,28,28000002048
City-C,T2,10x,2600.0,S5_CityCalib,routine,M_routine,650,True,7,2973.6,2655.8,0.0,0.1069,1.0,28,28000002048
City-C,T2,10x,2600.0,S5_CityCalib,cross_regime,M_stress,650,True,7,2973.6,1737.1,862.9,0.4158,0.0,28,28000002048
City-C,T2,10x,2600.0,S6_Q10,routine,M_routine,650,True,10,2785.7,3588.4,0.0,0.0,1.0,28,28000002048
City-C,T2,10x,2600.0,S6_Q10,cross_regime,M_stress,650,True,10,2785.7,2394.9,205.1,0.1403,0.0,28,28000002048
City-C,T3,1x,200.0,S0a_RoutineOracle,routine,M_routine,650,True,1,460.2,460.2,0.0,0.0,1.0,28,28000002048
City-C,T3,1x,200.0,S0a_RoutineOracle,cross_regime,M_stress,650,True,1,460.2,274.3,0.0,0.4039,1.0,28,28000002048
City-C,T3,1x,200.0,S0b_StressOracle,routine,M_routine,650,True,1,334.4,407.5,0.0,0.0,1.0,28,28000002048
City-C,T3,1x,200.0,S0b_StressOracle,cross_regime,M_stress,650,True,1,334.4,334.4,0.0,0.0,1.0,28,28000002048
City-C,T3,1x,200.0,S1_CapRR,routine,M_routine,650,True,1,648.6,446.1,0.0,0.3123,1.0,28,28000002048
City-C,T3,1x,200.0,S1_CapRR,cross_regime,M_stress,650,True,1,648.6,317.6,0.0,0.5103,1.0,28,28000002048
City-C,T3,1x,200.0,S2_Platform,routine,M_routine,650,True,1,456.8,446.1,0.0,0.0234,1.0,28,28000002048
City-C,T3,1x,200.0,S2_Platform,cross_regime,M_stress,650,True,1,456.8,317.6,0.0,0.3046,1.0,28,28000002048
City-C,T3,1x,200.0,S3_Lin4,routine,M_routine,650,True,1,407.4,446.1,0.0,0.0,1.0,28,28000002048
City-C,T3,1x,200.0,S3_Lin4,cross_regime,M_stress,650,True,1,407.4,317.6,0.0,0.2203,1.0,28,28000002048
City-C,T3,1x,200.0,S4_GlobalCalib,routine,M_routine,650,True,1,432.5,446.1,0.0,0.0,1.0,28,28000002048
City-C,T3,1x,200.0,S4_GlobalCalib,cross_regime,M_stress,650,True,1,432.5,317.6,0.0,0.2657,1.0,28,28000002048
City-C,T3,1x,200.0,S5_CityCalib,routine,M_routine,650,True,1,438.6,446.1,0.0,0.0,1.0,28,28000002048
City-C,T3,1x,200.0,S5_CityCalib,cross_regime,M_stress,650,True,1,438.6,317.6,0.0,0.2758,1.0,28,28000002048
City-C,T3,1x,200.0,S6_Q10,routine,M_routine,650,True,1,299.3,446.1,0.0,0.0,1.0,28,28000002048
City-C,T3,1x,200.0,S6_Q10,cross_regime,M_stress,650,True,1,299.3,317.6,0.0,0.0,1.0,28,28000002048
City-C,T3,2x,400.0,S0a_RoutineOracle,routine,M_routine,650,True,1,460.2,460.2,0.0,0.0,1.0,28,28000002048
City-C,T3,2x,400.0,S0a_RoutineOracle,cross_regime,M_stress,650,True,1,460.2,274.3,125.7,0.4039,0.0,28,28000002048
City-C,T3,2x,400.0,S0b_StressOracle,routine,M_routine,650,True,2,652.1,853.6,0.0,0.0,1.0,28,28000002048
City-C,T3,2x,400.0,S0b_StressOracle,cross_regime,M_stress,650,True,2,652.1,652.1,0.0,0.0,1.0,28,28000002048
City-C,T3,2x,400.0,S1_CapRR,routine,M_routine,650,True,1,648.6,446.1,0.0,0.3123,1.0,28,28000002048
City-C,T3,2x,400.0,S1_CapRR,cross_regime,M_stress,650,True,1,648.6,317.6,82.4,0.5103,0.0,28,28000002048
City-C,T3,2x,400.0,S2_Platform,routine,M_routine,650,True,1,456.8,446.1,0.0,0.0234,1.0,28,28000002048
City-C,T3,2x,400.0,S2_Platform,cross_regime,M_stress,650,True,1,456.8,317.6,82.4,0.3046,0.0,28,28000002048
City-C,T3,2x,400.0,S3_Lin4,routine,M_routine,650,True,1,407.4,446.1,0.0,0.0,1.0,28,28000002048
City-C,T3,2x,400.0,S3_Lin4,cross_regime,M_stress,650,True,1,407.4,317.6,82.4,0.2203,0.0,28,28000002048
City-C,T3,2x,400.0,S4_GlobalCalib,routine,M_routine,650,True,1,432.5,446.1,0.0,0.0,1.0,28,28000002048
City-C,T3,2x,400.0,S4_GlobalCalib,cross_regime,M_stress,650,True,1,432.5,317.6,82.4,0.2657,0.0,28,28000002048
City-C,T3,2x,400.0,S5_CityCalib,routine,M_routine,650,True,1,438.6,446.1,0.0,0.0,1.0,28,28000002048
City-C,T3,2x,400.0,S5_CityCalib,cross_regime,M_stress,650,True,1,438.6,317.6,82.4,0.2758,0.0,28,28000002048
City-C,T3,2x,400.0,S6_Q10,routine,M_routine,650,True,2,584.6,853.6,0.0,0.0,1.0,28,28000002048
City-C,T3,2x,400.0,S6_Q10,cross_regime,M_stress,650,True,2,584.6,652.1,0.0,0.0,1.0,28,28000002048
City-C,T3,5x,1000.0,S0a_RoutineOracle,routine,M_routine,650,True,3,1358.1,1358.1,0.0,0.0,1.0,28,28000002048
City-C,T3,5x,1000.0,S0a_RoutineOracle,cross_regime,M_stress,650,True,3,1358.1,732.0,268.0,0.461,0.0,28,28000002048
City-C,T3,5x,1000.0,S0b_StressOracle,routine,M_routine,650,True,4,1212.8,1733.9,0.0,0.0,1.0,28,28000002048
City-C,T3,5x,1000.0,S0b_StressOracle,cross_regime,M_stress,650,True,4,1212.8,1212.8,0.0,0.0,1.0,28,28000002048
City-C,T3,5x,1000.0,S1_CapRR,routine,M_routine,650,True,2,1266.8,853.6,146.4,0.3262,0.0,28,28000002048
City-C,T3,5x,1000.0,S1_CapRR,cross_regime,M_stress,650,True,2,1266.8,652.1,347.9,0.4853,0.0,28,28000002048
City-C,T3,5x,1000.0,S2_Platform,routine,M_routine,650,True,3,1285.7,1269.1,0.0,0.013,1.0,28,28000002048
City-C,T3,5x,1000.0,S2_Platform,cross_regime,M_stress,650,True,3,1285.7,622.9,377.1,0.5155,0.0,28,28000002048
City-C,T3,5x,1000.0,S3_Lin4,routine,M_routine,650,True,3,1181.0,1091.1,0.0,0.0761,1.0,28,28000002048
City-C,T3,5x,1000.0,S3_Lin4,cross_regime,M_stress,650,True,3,1181.0,875.8,124.2,0.2584,0.0,28,28000002048
City-C,T3,5x,1000.0,S4_GlobalCalib,routine,M_routine,650,True,3,1221.2,1091.1,0.0,0.1066,1.0,28,28000002048
City-C,T3,5x,1000.0,S4_GlobalCalib,cross_regime,M_stress,650,True,3,1221.2,875.8,124.2,0.2828,0.0,28,28000002048
City-C,T3,5x,1000.0,S5_CityCalib,routine,M_routine,650,True,3,1238.1,1091.1,0.0,0.1188,1.0,28,28000002048
City-C,T3,5x,1000.0,S5_CityCalib,cross_regime,M_stress,650,True,3,1238.1,875.8,124.2,0.2926,0.0,28,28000002048
City-C,T3,5x,1000.0,S6_Q10,routine,M_routine,650,True,4,1082.9,1551.3,0.0,0.0,1.0,28,28000002048
City-C,T3,5x,1000.0,S6_Q10,cross_regime,M_stress,650,True,4,1082.9,1150.1,0.0,0.0,1.0,28,28000002048
City-C,T3,10x,2000.0,S0a_RoutineOracle,routine,M_routine,650,True,5,2185.7,2185.7,0.0,0.0,1.0,28,28000002048
City-C,T3,10x,2000.0,S0a_RoutineOracle,cross_regime,M_stress,650,True,5,2185.7,1352.9,647.1,0.381,0.0,28,28000002048
City-C,T3,10x,2000.0,S0b_StressOracle,routine,M_routine,650,True,8,2147.8,2837.4,0.0,0.0,1.0,28,28000002048
City-C,T3,10x,2000.0,S0b_StressOracle,cross_regime,M_stress,650,True,8,2147.8,2147.8,0.0,0.0,1.0,28,28000002048
City-C,T3,10x,2000.0,S1_CapRR,routine,M_routine,650,True,4,2346.7,1551.3,448.7,0.339,0.0,28,28000002048
City-C,T3,10x,2000.0,S1_CapRR,cross_regime,M_stress,650,True,4,2346.7,1150.1,849.9,0.5099,0.0,28,28000002048
City-C,T3,10x,2000.0,S2_Platform,routine,M_routine,650,True,5,2048.1,1769.4,230.6,0.1361,0.0,28,28000002048
City-C,T3,10x,2000.0,S2_Platform,cross_regime,M_stress,650,True,5,2048.1,1097.1,902.9,0.4644,0.0,28,28000002048
City-C,T3,10x,2000.0,S3_Lin4,routine,M_routine,650,True,6,2277.6,2293.5,0.0,0.0,1.0,28,28000002048
City-C,T3,10x,2000.0,S3_Lin4,cross_regime,M_stress,650,True,6,2277.6,1406.4,593.6,0.3825,0.0,28,28000002048
City-C,T3,10x,2000.0,S4_GlobalCalib,routine,M_routine,650,True,6,2237.7,2296.3,0.0,0.0,1.0,28,28000002048
City-C,T3,10x,2000.0,S4_GlobalCalib,cross_regime,M_stress,650,True,6,2237.7,1524.3,475.7,0.3188,0.0,28,28000002048
City-C,T3,10x,2000.0,S5_CityCalib,routine,M_routine,650,True,6,2268.1,2296.3,0.0,0.0,1.0,28,28000002048
City-C,T3,10x,2000.0,S5_CityCalib,cross_regime,M_stress,650,True,6,2268.1,1524.3,475.7,0.328,0.0,28,28000002048
City-C,T3,10x,2000.0,S6_Q10,routine,M_routine,650,True,9,2219.5,3356.3,0.0,0.0,1.0,28,28000002048
City-C,T3,10x,2000.0,S6_Q10,cross_regime,M_stress,650,True,9,2219.5,2176.4,0.0,0.0194,1.0,28,28000002048
City-C,T4,1x,140.0,S0a_RoutineOracle,routine,M_routine,650,True,1,680.9,680.9,0.0,0.0,1.0,28,28000002048
City-C,T4,1x,140.0,S0a_RoutineOracle,cross_regime,M_stress,650,True,1,680.9,434.3,0.0,0.3622,1.0,28,28000002048
City-C,T4,1x,140.0,S0b_StressOracle,routine,M_routine,650,True,1,434.3,680.9,0.0,0.0,1.0,28,28000002048
City-C,T4,1x,140.0,S0b_StressOracle,cross_regime,M_stress,650,True,1,434.3,434.3,0.0,0.0,1.0,28,28000002048
City-C,T4,1x,140.0,S1_CapRR,routine,M_routine,650,True,1,737.0,680.9,0.0,0.0761,1.0,28,28000002048
City-C,T4,1x,140.0,S1_CapRR,cross_regime,M_stress,650,True,1,737.0,434.3,0.0,0.4107,1.0,28,28000002048
City-C,T4,1x,140.0,S2_Platform,routine,M_routine,650,True,1,377.7,324.2,0.0,0.1416,1.0,28,28000002048
City-C,T4,1x,140.0,S2_Platform,cross_regime,M_stress,650,True,1,377.7,319.7,0.0,0.1535,1.0,28,28000002048
City-C,T4,1x,140.0,S3_Lin4,routine,M_routine,650,True,1,420.9,680.9,0.0,0.0,1.0,28,28000002048
City-C,T4,1x,140.0,S3_Lin4,cross_regime,M_stress,650,True,1,420.9,434.3,0.0,0.0,1.0,28,28000002048
City-C,T4,1x,140.0,S4_GlobalCalib,routine,M_routine,650,True,1,491.3,680.9,0.0,0.0,1.0,28,28000002048
City-C,T4,1x,140.0,S4_GlobalCalib,cross_regime,M_stress,650,True,1,491.3,434.3,0.0,0.116,1.0,28,28000002048
City-C,T4,1x,140.0,S5_CityCalib,routine,M_routine,650,True,1,495.5,680.9,0.0,0.0,1.0,28,28000002048
City-C,T4,1x,140.0,S5_CityCalib,cross_regime,M_stress,650,True,1,495.5,434.3,0.0,0.1234,1.0,28,28000002048
City-C,T4,1x,140.0,S6_Q10,routine,M_routine,650,True,1,339.3,680.9,0.0,0.0,1.0,28,28000002048
City-C,T4,1x,140.0,S6_Q10,cross_regime,M_stress,650,True,1,339.3,434.3,0.0,0.0,1.0,28,28000002048
City-C,T4,2x,280.0,S0a_RoutineOracle,routine,M_routine,650,True,1,680.9,680.9,0.0,0.0,1.0,28,28000002048
City-C,T4,2x,280.0,S0a_RoutineOracle,cross_regime,M_stress,650,True,1,680.9,434.3,0.0,0.3622,1.0,28,28000002048
City-C,T4,2x,280.0,S0b_StressOracle,routine,M_routine,650,True,1,434.3,680.9,0.0,0.0,1.0,28,28000002048
City-C,T4,2x,280.0,S0b_StressOracle,cross_regime,M_stress,650,True,1,434.3,434.3,0.0,0.0,1.0,28,28000002048
City-C,T4,2x,280.0,S1_CapRR,routine,M_routine,650,True,1,737.0,680.9,0.0,0.0761,1.0,28,28000002048
City-C,T4,2x,280.0,S1_CapRR,cross_regime,M_stress,650,True,1,737.0,434.3,0.0,0.4107,1.0,28,28000002048
City-C,T4,2x,280.0,S2_Platform,routine,M_routine,650,True,1,377.7,324.2,0.0,0.1416,1.0,28,28000002048
City-C,T4,2x,280.0,S2_Platform,cross_regime,M_stress,650,True,1,377.7,319.7,0.0,0.1535,1.0,28,28000002048
City-C,T4,2x,280.0,S3_Lin4,routine,M_routine,650,True,1,420.9,680.9,0.0,0.0,1.0,28,28000002048
City-C,T4,2x,280.0,S3_Lin4,cross_regime,M_stress,650,True,1,420.9,434.3,0.0,0.0,1.0,28,28000002048
City-C,T4,2x,280.0,S4_GlobalCalib,routine,M_routine,650,True,1,491.3,680.9,0.0,0.0,1.0,28,28000002048
City-C,T4,2x,280.0,S4_GlobalCalib,cross_regime,M_stress,650,True,1,491.3,434.3,0.0,0.116,1.0,28,28000002048
City-C,T4,2x,280.0,S5_CityCalib,routine,M_routine,650,True,1,495.5,680.9,0.0,0.0,1.0,28,28000002048
City-C,T4,2x,280.0,S5_CityCalib,cross_regime,M_stress,650,True,1,495.5,434.3,0.0,0.1234,1.0,28,28000002048
City-C,T4,2x,280.0,S6_Q10,routine,M_routine,650,True,1,339.3,680.9,0.0,0.0,1.0,28,28000002048
City-C,T4,2x,280.0,S6_Q10,cross_regime,M_stress,650,True,1,339.3,434.3,0.0,0.0,1.0,28,28000002048
City-C,T4,5x,700.0,S0a_RoutineOracle,routine,M_routine,650,True,2,1264.2,1264.2,0.0,0.0,1.0,28,28000002048
City-C,T4,5x,700.0,S0a_RoutineOracle,cross_regime,M_stress,650,True,2,1264.2,589.1,110.9,0.534,0.0,28,28000002048
City-C,T4,5x,700.0,S0b_StressOracle,routine,M_routine,650,True,2,801.6,1205.6,0.0,0.0,1.0,28,28000002048
City-C,T4,5x,700.0,S0b_StressOracle,cross_regime,M_stress,650,True,2,801.6,801.6,0.0,0.0,1.0,28,28000002048
City-C,T4,5x,700.0,S1_CapRR,routine,M_routine,650,True,1,737.0,680.9,19.1,0.0761,0.0,28,28000002048
City-C,T4,5x,700.0,S1_CapRR,cross_regime,M_stress,650,True,1,737.0,434.3,265.7,0.4107,0.0,28,28000002048
City-C,T4,5x,700.0,S2_Platform,routine,M_routine,650,True,2,738.2,848.9,0.0,0.0,1.0,28,28000002048
City-C,T4,5x,700.0,S2_Platform,cross_regime,M_stress,650,True,2,738.2,687.0,13.0,0.0694,0.0,28,28000002048
City-C,T4,5x,700.0,S3_Lin4,routine,M_routine,650,True,2,823.7,1205.6,0.0,0.0,1.0,28,28000002048
City-C,T4,5x,700.0,S3_Lin4,cross_regime,M_stress,650,True,2,823.7,801.6,0.0,0.0268,1.0,28,28000002048
City-C,T4,5x,700.0,S4_GlobalCalib,routine,M_routine,650,True,2,959.6,1205.6,0.0,0.0,1.0,28,28000002048
City-C,T4,5x,700.0,S4_GlobalCalib,cross_regime,M_stress,650,True,2,959.6,801.6,0.0,0.1646,1.0,28,28000002048
City-C,T4,5x,700.0,S5_CityCalib,routine,M_routine,650,True,2,967.6,1205.6,0.0,0.0,1.0,28,28000002048
City-C,T4,5x,700.0,S5_CityCalib,cross_regime,M_stress,650,True,2,967.6,801.6,0.0,0.1716,1.0,28,28000002048
City-C,T4,5x,700.0,S6_Q10,routine,M_routine,650,True,3,958.1,1788.9,0.0,0.0,1.0,28,28000002048
City-C,T4,5x,700.0,S6_Q10,cross_regime,M_stress,650,True,3,958.1,956.3,0.0,0.0019,1.0,28,28000002048
City-C,T4,10x,1400.0,S0a_RoutineOracle,routine,M_routine,650,True,3,1788.9,1788.9,0.0,0.0,1.0,28,28000002048
City-C,T4,10x,1400.0,S0a_RoutineOracle,cross_regime,M_stress,650,True,3,1788.9,956.3,443.7,0.4654,0.0,28,28000002048
City-C,T4,10x,1400.0,S0b_StressOracle,routine,M_routine,650,True,4,1421.5,1897.0,0.0,0.0,1.0,28,28000002048
City-C,T4,10x,1400.0,S0b_StressOracle,cross_regime,M_stress,650,True,4,1421.5,1421.5,0.0,0.0,1.0,28,28000002048
City-C,T4,10x,1400.0,S1_CapRR,routine,M_routine,650,True,2,1439.5,1205.6,194.4,0.1625,0.0,28,28000002048
City-C,T4,10x,1400.0,S1_CapRR,cross_regime,M_stress,650,True,2,1439.5,801.6,598.4,0.4432,0.0,28,28000002048
City-C,T4,10x,1400.0,S2_Platform,routine,M_routine,650,True,4,1425.4,1402.3,0.0,0.0162,1.0,28,28000002048
City-C,T4,10x,1400.0,S2_Platform,cross_regime,M_stress,650,True,4,1425.4,1175.3,224.7,0.1755,0.0,28,28000002048
City-C,T4,10x,1400.0,S3_Lin4,routine,M_routine,650,True,4,1602.3,2211.6,0.0,0.0,1.0,28,28000002048
City-C,T4,10x,1400.0,S3_Lin4,cross_regime,M_stress,650,True,4,1602.3,1256.4,143.6,0.2158,0.0,28,28000002048
City-C,T4,10x,1400.0,S4_GlobalCalib,routine,M_routine,650,True,4,1777.6,1975.2,0.0,0.0,1.0,28,28000002048
City-C,T4,10x,1400.0,S4_GlobalCalib,cross_regime,M_stress,650,True,4,1777.6,1144.4,255.6,0.3562,0.0,28,28000002048
City-C,T4,10x,1400.0,S5_CityCalib,routine,M_routine,650,True,4,1792.2,1975.2,0.0,0.0,1.0,28,28000002048
City-C,T4,10x,1400.0,S5_CityCalib,cross_regime,M_stress,650,True,4,1792.2,1144.4,255.6,0.3615,0.0,28,28000002048
City-C,T4,10x,1400.0,S6_Q10,routine,M_routine,650,True,5,1494.3,2177.2,0.0,0.0,1.0,28,28000002048
City-C,T4,10x,1400.0,S6_Q10,cross_regime,M_stress,650,True,5,1494.3,1358.9,41.1,0.0906,0.0,28,28000002048
City-C,T5,1x,160.0,S0a_RoutineOracle,routine,M_routine,650,True,1,494.2,494.2,0.0,0.0,1.0,28,28000002048
City-C,T5,1x,160.0,S0a_RoutineOracle,cross_regime,M_stress,650,True,1,494.2,305.0,0.0,0.3828,1.0,28,28000002048
City-C,T5,1x,160.0,S0b_StressOracle,routine,M_routine,650,True,1,311.6,335.3,0.0,0.0,1.0,28,28000002048
City-C,T5,1x,160.0,S0b_StressOracle,cross_regime,M_stress,650,True,1,311.6,311.6,0.0,0.0,1.0,28,28000002048
City-C,T5,1x,160.0,S1_CapRR,routine,M_routine,650,True,1,648.6,494.2,0.0,0.2381,1.0,28,28000002048
City-C,T5,1x,160.0,S1_CapRR,cross_regime,M_stress,650,True,1,648.6,305.0,0.0,0.5297,1.0,28,28000002048
City-C,T5,1x,160.0,S2_Platform,routine,M_routine,650,True,1,451.5,494.2,0.0,0.0,1.0,28,28000002048
City-C,T5,1x,160.0,S2_Platform,cross_regime,M_stress,650,True,1,451.5,305.0,0.0,0.3244,1.0,28,28000002048
City-C,T5,1x,160.0,S3_Lin4,routine,M_routine,650,True,1,409.6,494.2,0.0,0.0,1.0,28,28000002048
City-C,T5,1x,160.0,S3_Lin4,cross_regime,M_stress,650,True,1,409.6,305.0,0.0,0.2554,1.0,28,28000002048
City-C,T5,1x,160.0,S4_GlobalCalib,routine,M_routine,650,True,1,434.1,494.2,0.0,0.0,1.0,28,28000002048
City-C,T5,1x,160.0,S4_GlobalCalib,cross_regime,M_stress,650,True,1,434.1,305.0,0.0,0.2973,1.0,28,28000002048
City-C,T5,1x,160.0,S5_CityCalib,routine,M_routine,650,True,1,439.8,494.2,0.0,0.0,1.0,28,28000002048
City-C,T5,1x,160.0,S5_CityCalib,cross_regime,M_stress,650,True,1,439.8,305.0,0.0,0.3065,1.0,28,28000002048
City-C,T5,1x,160.0,S6_Q10,routine,M_routine,650,True,1,296.5,494.2,0.0,0.0,1.0,28,28000002048
City-C,T5,1x,160.0,S6_Q10,cross_regime,M_stress,650,True,1,296.5,305.0,0.0,0.0,1.0,28,28000002048
City-C,T5,2x,320.0,S0a_RoutineOracle,routine,M_routine,650,True,1,494.2,494.2,0.0,0.0,1.0,28,28000002048
City-C,T5,2x,320.0,S0a_RoutineOracle,cross_regime,M_stress,650,True,1,494.2,305.0,15.0,0.3828,0.0,28,28000002048
City-C,T5,2x,320.0,S0b_StressOracle,routine,M_routine,650,True,2,616.6,829.5,0.0,0.0,1.0,28,28000002048
City-C,T5,2x,320.0,S0b_StressOracle,cross_regime,M_stress,650,True,2,616.6,616.6,0.0,0.0,1.0,28,28000002048
City-C,T5,2x,320.0,S1_CapRR,routine,M_routine,650,True,1,648.6,494.2,0.0,0.2381,1.0,28,28000002048
City-C,T5,2x,320.0,S1_CapRR,cross_regime,M_stress,650,True,1,648.6,305.0,15.0,0.5297,0.0,28,28000002048
City-C,T5,2x,320.0,S2_Platform,routine,M_routine,650,True,1,451.5,494.2,0.0,0.0,1.0,28,28000002048
City-C,T5,2x,320.0,S2_Platform,cross_regime,M_stress,650,True,1,451.5,305.0,15.0,0.3244,0.0,28,28000002048
City-C,T5,2x,320.0,S3_Lin4,routine,M_routine,650,True,1,409.6,494.2,0.0,0.0,1.0,28,28000002048
City-C,T5,2x,320.0,S3_Lin4,cross_regime,M_stress,650,True,1,409.6,305.0,15.0,0.2554,0.0,28,28000002048
City-C,T5,2x,320.0,S4_GlobalCalib,routine,M_routine,650,True,1,434.1,494.2,0.0,0.0,1.0,28,28000002048
City-C,T5,2x,320.0,S4_GlobalCalib,cross_regime,M_stress,650,True,1,434.1,305.0,15.0,0.2973,0.0,28,28000002048
City-C,T5,2x,320.0,S5_CityCalib,routine,M_routine,650,True,1,439.8,494.2,0.0,0.0,1.0,28,28000002048
City-C,T5,2x,320.0,S5_CityCalib,cross_regime,M_stress,650,True,1,439.8,305.0,15.0,0.3065,0.0,28,28000002048
City-C,T5,2x,320.0,S6_Q10,routine,M_routine,650,True,2,579.0,961.9,0.0,0.0,1.0,28,28000002048
City-C,T5,2x,320.0,S6_Q10,cross_regime,M_stress,650,True,2,579.0,540.2,0.0,0.0671,1.0,28,28000002048
City-C,T5,5x,800.0,S0a_RoutineOracle,routine,M_routine,650,True,2,961.9,961.9,0.0,0.0,1.0,28,28000002048
City-C,T5,5x,800.0,S0a_RoutineOracle,cross_regime,M_stress,650,True,2,961.9,540.2,259.8,0.4384,0.0,28,28000002048
City-C,T5,5x,800.0,S0b_StressOracle,routine,M_routine,650,True,3,906.6,1207.0,0.0,0.0,1.0,28,28000002048
City-C,T5,5x,800.0,S0b_StressOracle,cross_regime,M_stress,650,True,3,906.6,906.6,0.0,0.0,1.0,28,28000002048
City-C,T5,5x,800.0,S1_CapRR,routine,M_routine,650,True,2,1266.8,961.9,0.0,0.2407,1.0,28,28000002048
City-C,T5,5x,800.0,S1_CapRR,cross_regime,M_stress,650,True,2,1266.8,540.2,259.8,0.5736,0.0,28,28000002048
City-C,T5,5x,800.0,S2_Platform,routine,M_routine,650,True,2,882.9,769.0,31.0,0.129,0.0,28,28000002048
City-C,T5,5x,800.0,S2_Platform,cross_regime,M_stress,650,True,2,882.9,518.8,281.2,0.4124,0.0,28,28000002048
City-C,T5,5x,800.0,S3_Lin4,routine,M_routine,650,True,2,800.7,961.9,0.0,0.0,1.0,28,28000002048
City-C,T5,5x,800.0,S3_Lin4,cross_regime,M_stress,650,True,2,800.7,540.2,259.8,0.3254,0.0,28,28000002048
City-C,T5,5x,800.0,S4_GlobalCalib,routine,M_routine,650,True,2,847.8,961.9,0.0,0.0,1.0,28,28000002048
City-C,T5,5x,800.0,S4_GlobalCalib,cross_regime,M_stress,650,True,2,847.8,540.2,259.8,0.3628,0.0,28,28000002048
City-C,T5,5x,800.0,S5_CityCalib,routine,M_routine,650,True,2,858.9,961.9,0.0,0.0,1.0,28,28000002048
City-C,T5,5x,800.0,S5_CityCalib,cross_regime,M_stress,650,True,2,858.9,540.2,259.8,0.3711,0.0,28,28000002048
City-C,T5,5x,800.0,S6_Q10,routine,M_routine,650,True,3,837.1,1374.1,0.0,0.0,1.0,28,28000002048
City-C,T5,5x,800.0,S6_Q10,cross_regime,M_stress,650,True,3,837.1,746.0,54.0,0.1088,0.0,28,28000002048
City-C,T5,10x,1600.0,S0a_RoutineOracle,routine,M_routine,650,True,4,1751.7,1751.7,0.0,0.0,1.0,28,28000002048
City-C,T5,10x,1600.0,S0a_RoutineOracle,cross_regime,M_stress,650,True,4,1751.7,1036.0,564.0,0.4086,0.0,28,28000002048
City-C,T5,10x,1600.0,S0b_StressOracle,routine,M_routine,650,True,6,1634.5,2245.8,0.0,0.0,1.0,28,28000002048
City-C,T5,10x,1600.0,S0b_StressOracle,cross_regime,M_stress,650,True,6,1634.5,1634.5,0.0,0.0,1.0,28,28000002048
City-C,T5,10x,1600.0,S1_CapRR,routine,M_routine,650,True,3,1831.4,1374.1,225.9,0.2497,0.0,28,28000002048
City-C,T5,10x,1600.0,S1_CapRR,cross_regime,M_stress,650,True,3,1831.4,746.0,854.0,0.5926,0.0,28,28000002048
City-C,T5,10x,1600.0,S2_Platform,routine,M_routine,650,True,4,1670.1,1293.4,306.6,0.2255,0.0,28,28000002048
City-C,T5,10x,1600.0,S2_Platform,cross_regime,M_stress,650,True,4,1670.1,806.4,793.6,0.5171,0.0,28,28000002048
City-C,T5,10x,1600.0,S3_Lin4,routine,M_routine,650,True,5,1940.7,1924.4,0.0,0.0084,1.0,28,28000002048
City-C,T5,10x,1600.0,S3_Lin4,cross_regime,M_stress,650,True,5,1940.7,1192.0,408.0,0.3858,0.0,28,28000002048
City-C,T5,10x,1600.0,S4_GlobalCalib,routine,M_routine,650,True,5,1911.0,1984.2,0.0,0.0,1.0,28,28000002048
City-C,T5,10x,1600.0,S4_GlobalCalib,cross_regime,M_stress,650,True,5,1911.0,1271.4,328.6,0.3347,0.0,28,28000002048
City-C,T5,10x,1600.0,S5_CityCalib,routine,M_routine,650,True,5,1935.7,1984.2,0.0,0.0,1.0,28,28000002048
City-C,T5,10x,1600.0,S5_CityCalib,cross_regime,M_stress,650,True,5,1935.7,1271.4,328.6,0.3432,0.0,28,28000002048
City-C,T5,10x,1600.0,S6_Q10,routine,M_routine,650,True,7,1758.9,2683.6,0.0,0.0,1.0,28,28000002048
City-C,T5,10x,1600.0,S6_Q10,cross_regime,M_stress,650,True,7,1758.9,1611.1,0.0,0.0841,1.0,28,28000002048
