city,task_id,p_req_level,p_req,strategy,regime,eval_outcome,pool_size,pool_feasible,n_selected,p_commit,p_deliv,shortfall,ocr,success,config_name,seed_id,xi_mean,xi_std,xi_dist,xi_persistence
City-A,T1,1x,180.0,S0a_RoutineOracle,routine,M_routine,800,True,1,429.7,429.7,0.0,0.0,1.0,mean_0.58,2,0.58,0.15,beta,none
City-A,T1,1x,180.0,S0a_RoutineOracle,cross_regime,M_stress,800,True,1,429.7,245.2,0.0,0.4294,1.0,mean_0.58,2,0.58,0.15,beta,none
City-A,T1,1x,180.0,S0b_StressOracle,routine,M_routine,800,True,1,270.1,380.0,0.0,0.0,1.0,mean_0.58,2,0.58,0.15,beta,none
City-A,T1,1x,180.0,S0b_StressOracle,cross_regime,M_stress,800,True,1,270.1,270.1,0.0,0.0,1.0,mean_0.58,2,0.58,0.15,beta,none
City-A,T1,1x,180.0,S1_CapRR,routine,M_routine,800,True,1,678.2,380.0,0.0,0.4396,1.0,mean_0.58,2,0.58,0.15,beta,none
City-A,T1,1x,180.0,S1_CapRR,cross_regime,M_stress,800,True,1,678.2,270.1,0.0,0.6018,1.0,mean_0.58,2,0.58,0.15,beta,none
City-A,T1,1x,180.0,S2_Platform,routine,M_routine,800,True,1,421.1,380.0,0.0,0.0974,1.0,mean_0.58,2,0.58,0.15,beta,none
City-A,T1,1x,180.0,S2_Platform,cross_regime,M_stress,800,True,1,421.1,270.1,0.0,0.3586,1.0,mean_0.58,2,0.58,0.15,beta,none
City-A,T1,1x,180.0,S3_Lin4,routine,M_routine,800,True,1,423.5,380.0,0.0,0.1027,1.0,mean_0.58,2,0.58,0.15,beta,none
City-A,T1,1x,180.0,S3_Lin4,cross_regime,M_stress,800,True,1,423.5,270.1,0.0,0.3623,1.0,mean_0.58,2,0.58,0.15,beta,none
City-A,T1,1x,180.0,S4_GlobalCalib,routine,M_routine,800,True,1,392.4,380.0,0.0,0.0316,1.0,mean_0.58,2,0.58,0.15,beta,none
City-A,T1,1x,180.0,S4_GlobalCalib,cross_regime,M_stress,800,True,1,392.4,270.1,0.0,0.3118,1.0,mean_0.58,2,0.58,0.15,beta,none
City-A,T1,1x,180.0,S5_CityCalib,routine,M_routine,800,True,1,390.1,380.0,0.0,0.0257,1.0,mean_0.58,2,0.58,0.15,beta,none
City-A,T1,1x,180.0,S5_CityCalib,cross_regime,M_stress,800,True,1,390.1,270.1,0.0,0.3076,1.0,mean_0.58,2,0.58,0.15,beta,none
City-A,T1,1x,180.0,S6_Q10,routine,M_routine,800,True,1,253.5,380.0,0.0,0.0,1.0,mean_0.58,2,0.58,0.15,beta,none
City-A,T1,1x,180.0,S6_Q10,cross_regime,M_stress,800,True,1,253.5,270.1,0.0,0.0,1.0,mean_0.58,2,0.58,0.15,beta,none
City-A,T1,2x,360.0,S0a_RoutineOracle,routine,M_routine,800,True,1,429.7,429.7,0.0,0.0,1.0,mean_0.58,2,0.58,0.15,beta,none
City-A,T1,2x,360.0,S0a_RoutineOracle,cross_regime,M_stress,800,True,1,429.7,245.2,114.8,0.4294,0.0,mean_0.58,2,0.58,0.15,beta,none
City-A,T1,2x,360.0,S0b_StressOracle,routine,M_routine,800,True,2,536.9,778.5,0.0,0.0,1.0,mean_0.58,2,0.58,0.15,beta,none
City-A,T1,2x,360.0,S0b_StressOracle,cross_regime,M_stress,800,True,2,536.9,536.9,0.0,0.0,1.0,mean_0.58,2,0.58,0.15,beta,none
City-A,T1,2x,360.0,S1_CapRR,routine,M_routine,800,True,1,678.2,380.0,0.0,0.4396,1.0,mean_0.58,2,0.58,0.15,beta,none
City-A,T1,2x,360.0,S1_CapRR,cross_regime,M_stress,800,True,1,678.2,270.1,89.9,0.6018,0.0,mean_0.58,2,0.58,0.15,beta,none
City-A,T1,2x,360.0,S2_Platform,routine,M_routine,800,True,1,421.1,380.0,0.0,0.0974,1.0,mean_0.58,2,0.58,0.15,beta,none
City-A,T1,2x,360.0,S2_Platform,cross_regime,M_stress,800,True,1,421.1,270.1,89.9,0.3586,0.0,mean_0.58,2,0.58,0.15,beta,none
City-A,T1,2x,360.0,S3_Lin4,routine,M_routine,800,True,1,423.5,380.0,0.0,0.1027,1.0,mean_0.58,2,0.58,0.15,beta,none
City-A,T1,2x,360.0,S3_Lin4,cross_regime,M_stress,800,True,1,423.5,270.1,89.9,0.3623,0.0,mean_0.58,2,0.58,0.15,beta,none
City-A,T1,2x,360.0,S4_GlobalCalib,routine,M_routine,800,True,1,392.4,380.0,0.0,0.0316,1.0,mean_0.58,2,0.58,0.15,beta,none
City-A,T1,2x,360.0,S4_GlobalCalib,cross_regime,M_stress,800,True,1,392.4,270.1,89.9,0.3118,0.0,mean_0.58,2,0.58,0.15,beta,none
City-A,T1,2x,360.0,S5_CityCalib,routine,M_routine,800,True,1,390.1,380.0,0.0,0.0257,1.0,mean_0.58,2,0.58,0.15,beta,none
City-A,T1,2x,360.0,S5_CityCalib,cross_regime,M_stress,800,True,1,390.1,270.1,89.9,0.3076,0.0,mean_0.58,2,0.58,0.15,beta,none
City-A,T1,2x,360.0,S6_Q10,routine,M_routine,800,True,2,483.4,809.8,0.0,0.0,1.0,mean_0.58,2,0.58,0.15,beta,none
City-A,T1,2x,360.0,S6_Q10,cross_regime,M_stress,800,True,2,483.4,515.3,0.0,0.0,1.0,mean_0.58,2,0.58,0.15,beta,none
City-A,T1,5x,900.0,S0a_RoutineOracle,routine,M_routine,800,True,3,1255.3,1255.3,0.0,0.0,1.0,mean_0.58,2,0.58,0.15,beta,none
City-A,T1,5x,900.0,S0a_RoutineOracle,cross_regime,M_stress,800,True,3,1255.3,652.6,247.4,0.4801,0.0,mean_0.58,2,0.58,0.15,beta,none
City-A,T1,5x,900.0,S0b_StressOracle,routine,M_routine,800,True,4,1043.4,1505.0,0.0,0.0,1.0,mean_0.58,2,0.58,0.15,beta,none
City-A,T1,5x,900.0,S0b_StressOracle,cross_regime,M_stress,800,True,4,1043.4,1043.4,0.0,0.0,1.0,mean_0.58,2,0.58,0.15,beta,none
City-A,T1,5x,900.0,S1_CapRR,routine,M_routine,800,True,2,1293.4,809.8,90.2,0.3739,0.0,mean_0.58,2,0.58,0.15,beta,none
City-A,T1,5x,900.0,S1_CapRR,cross_regime,M_stress,800,True,2,1293.4,515.3,384.7,0.6016,0.0,mean_0.58,2,0.58,0.15,beta,none
City-A,T1,5x,900.0,S2_Platform,routine,M_routine,800,True,3,1202.1,1122.1,0.0,0.0665,1.0,mean_0.58,2,0.58,0.15,beta,none
City-A,T1,5x,900.0,S2_Platform,cross_regime,M_stress,800,True,3,1202.1,768.3,131.7,0.3609,0.0,mean_0.58,2,0.58,0.15,beta,none
City-A,T1,5x,900.0,S3_Lin4,routine,M_routine,800,True,3,1085.5,890.8,9.2,0.1793,0.0,mean_0.58,2,0.58,0.15,beta,none
City-A,T1,5x,900.0,S3_Lin4,cross_regime,M_stress,800,True,3,1085.5,728.2,171.8,0.3291,0.0,mean_0.58,2,0.58,0.15,beta,none
City-A,T1,5x,900.0,S4_GlobalCalib,routine,M_routine,800,True,3,1093.4,1051.4,0.0,0.0384,1.0,mean_0.58,2,0.58,0.15,beta,none
City-A,T1,5x,900.0,S4_GlobalCalib,cross_regime,M_stress,800,True,3,1093.4,752.1,147.9,0.3122,0.0,mean_0.58,2,0.58,0.15,beta,none
City-A,T1,5x,900.0,S5_CityCalib,routine,M_routine,800,True,3,1086.9,1051.4,0.0,0.0327,1.0,mean_0.58,2,0.58,0.15,beta,none
City-A,T1,5x,900.0,S5_CityCalib,cross_regime,M_stress,800,True,3,1086.9,752.1,147.9,0.3081,0.0,mean_0.58,2,0.58,0.15,beta,none
City-A,T1,5x,900.0,S6_Q10,routine,M_routine,800,True,4,923.9,1449.8,0.0,0.0,1.0,mean_0.58,2,0.58,0.15,beta,none
City-A,T1,5x,900.0,S6_Q10,cross_regime,M_stress,800,True,4,923.9,1018.9,0.0,0.0,1.0,mean_0.58,2,0.58,0.15,beta,none
City-A,T1,10x,1800.0,S0a_RoutineOracle,routine,M_routine,800,True,5,2046.2,2046.2,0.0,0.0,1.0,mean_0.58,2,0.58,0.15,beta,none
City-A,T1,10x,1800.0,S0a_RoutineOracle,cross_regime,M_stress,800,True,5,2046.2,1107.3,692.7,0.4589,0.0,mean_0.58,2,0.58,0.15,beta,none
City-A,T1,10x,1800.0,S0b_StressOracle,routine,M_routine,800,True,8,1978.0,2654.5,0.0,0.0,1.0,mean_0.58,2,0.58,0.15,beta,none
City-A,T1,10x,1800.0,S0b_StressOracle,cross_regime,M_stress,800,True,8,1978.0,1978.0,0.0,0.0,1.0,mean_0.58,2,0.58,0.15,beta,none
City-A,T1,10x,1800.0,S1_CapRR,routine,M_routine,800,True,3,1889.7,1051.4,748.6,0.4436,0.0,mean_0.58,2,0.58,0.15,beta,none
City-A,T1,10x,1800.0,S1_CapRR,cross_regime,M_stress,800,True,3,1889.7,752.1,1047.9,0.602,0.0,mean_0.58,2,0.58,0.15,beta,none
City-A,T1,10x,1800.0,S2_Platform,routine,M_routine,800,True,5,1914.5,1713.7,86.3,0.1049,0.0,mean_0.58,2,0.58,0.15,beta,none
City-A,T1,10x,1800.0,S2_Platform,cross_regime,M_stress,800,True,5,1914.5,1140.5,659.5,0.4043,0.0,mean_0.58,2,0.58,0.15,beta,none
City-A,T1,10x,1800.0,S3_Lin4,routine,M_routine,800,True,6,2016.2,2044.7,0.0,0.0,1.0,mean_0.58,2,0.58,0.15,beta,none
City-A,T1,10x,1800.0,S3_Lin4,cross_regime,M_stress,800,True,6,2016.2,1464.6,335.4,0.2736,0.0,mean_0.58,2,0.58,0.15,beta,none
City-A,T1,10x,1800.0,S4_GlobalCalib,routine,M_routine,800,True,6,2063.7,2044.7,0.0,0.0092,1.0,mean_0.58,2,0.58,0.15,beta,none
City-A,T1,10x,1800.0,S4_GlobalCalib,cross_regime,M_stress,800,True,6,2063.7,1464.6,335.4,0.2903,0.0,mean_0.58,2,0.58,0.15,beta,none
City-A,T1,10x,1800.0,S5_CityCalib,routine,M_routine,800,True,6,2051.6,2044.7,0.0,0.0034,1.0,mean_0.58,2,0.58,0.15,beta,none
City-A,T1,10x,1800.0,S5_CityCalib,cross_regime,M_stress,800,True,6,2051.6,1464.6,335.4,0.2861,0.0,mean_0.58,2,0.58,0.15,beta,none
City-A,T1,10x,1800.0,S6_Q10,routine,M_routine,800,True,9,1911.1,3046.1,0.0,0.0,1.0,mean_0.58,2,0.58,0.15,beta,none
City-A,T1,10x,1800.0,S6_Q10,cross_regime,M_stress,800,True,9,1911.1,2138.7,0.0,0.0,1.0,mean_0.58,2,0.58,0.15,beta,none
City-A,T2,1x,260.0,S0a_RoutineOracle,routine,M_routine,800,True,1,489.4,489.4,0.0,0.0,1.0,mean_0.58,2,0.58,0.15,beta,none
City-A,T2,1x,260.0,S0a_RoutineOracle,cross_regime,M_stress,800,True,1,489.4,172.1,87.9,0.6484,0.0,mean_0.58,2,0.58,0.15,beta,none
City-A,T2,1x,260.0,S0b_StressOracle,routine,M_routine,800,True,1,283.6,445.8,0.0,0.0,1.0,mean_0.58,2,0.58,0.15,beta,none
City-A,T2,1x,260.0,S0b_StressOracle,cross_regime,M_stress,800,True,1,283.6,283.6,0.0,0.0,1.0,mean_0.58,2,0.58,0.15,beta,none
City-A,T2,1x,260.0,S1_CapRR,routine,M_routine,800,True,1,678.2,445.8,0.0,0.3426,1.0,mean_0.58,2,0.58,0.15,beta,none
City-A,T2,1x,260.0,S1_CapRR,cross_regime,M_stress,800,True,1,678.2,283.6,0.0,0.5818,1.0,mean_0.58,2,0.58,0.15,beta,none
City-A,T2,1x,260.0,S2_Platform,routine,M_routine,800,True,1,441.1,445.8,0.0,0.0,1.0,mean_0.58,2,0.58,0.15,beta,none
City-A,T2,1x,260.0,S2_Platform,cross_regime,M_stress,800,True,1,441.1,283.6,0.0,0.3571,1.0,mean_0.58,2,0.58,0.15,beta,none
City-A,T2,1x,260.0,S3_Lin4,routine,M_routine,800,True,1,421.9,445.8,0.0,0.0,1.0,mean_0.58,2,0.58,0.15,beta,none
City-A,T2,1x,260.0,S3_Lin4,cross_regime,M_stress,800,True,1,421.9,283.6,0.0,0.3277,1.0,mean_0.58,2,0.58,0.15,beta,none
City-A,T2,1x,260.0,S4_GlobalCalib,routine,M_routine,800,True,1,389.6,445.8,0.0,0.0,1.0,mean_0.58,2,0.58,0.15,beta,none
City-A,T2,1x,260.0,S4_GlobalCalib,cross_regime,M_stress,800,True,1,389.6,283.6,0.0,0.2721,1.0,mean_0.58,2,0.58,0.15,beta,none
City-A,T2,1x,260.0,S5_CityCalib,routine,M_routine,800,True,1,393.3,445.8,0.0,0.0,1.0,mean_0.58,2,0.58,0.15,beta,none
City-A,T2,1x,260.0,S5_CityCalib,cross_regime,M_stress,800,True,1,393.3,283.6,0.0,0.2789,1.0,mean_0.58,2,0.58,0.15,beta,none
City-A,T2,1x,260.0,S6_Q10,routine,M_routine,800,True,2,483.6,935.3,0.0,0.0,1.0,mean_0.58,2,0.58,0.15,beta,none
City-A,T2,1x,260.0,S6_Q10,cross_regime,M_stress,800,True,2,483.6,455.7,0.0,0.0577,1.0,mean_0.58,2,0.58,0.15,beta,none
City-A,T2,2x,520.0,S0a_RoutineOracle,routine,M_routine,800,True,2,935.3,935.3,0.0,0.0,1.0,mean_0.58,2,0.58,0.15,beta,none
City-A,T2,2x,520.0,S0a_RoutineOracle,cross_regime,M_stress,800,True,2,935.3,455.7,64.3,0.5128,0.0,mean_0.58,2,0.58,0.15,beta,none
City-A,T2,2x,520.0,S0b_StressOracle,routine,M_routine,800,True,2,544.5,770.1,0.0,0.0,1.0,mean_0.58,2,0.58,0.15,beta,none
City-A,T2,2x,520.0,S0b_StressOracle,cross_regime,M_stress,800,True,2,544.5,544.5,0.0,0.0,1.0,mean_0.58,2,0.58,0.15,beta,none
City-A,T2,2x,520.0,S1_CapRR,routine,M_routine,800,True,1,678.2,445.8,74.2,0.3426,0.0,mean_0.58,2,0.58,0.15,beta,none
City-A,T2,2x,520.0,S1_CapRR,cross_regime,M_stress,800,True,1,678.2,283.6,236.4,0.5818,0.0,mean_0.58,2,0.58,0.15,beta,none
City-A,T2,2x,520.0,S2_Platform,routine,M_routine,800,True,2,849.9,935.3,0.0,0.0,1.0,mean_0.58,2,0.58,0.15,beta,none
City-A,T2,2x,520.0,S2_Platform,cross_regime,M_stress,800,True,2,849.9,455.7,64.3,0.4639,0.0,mean_0.58,2,0.58,0.15,beta,none
City-A,T2,2x,520.0,S3_Lin4,routine,M_routine,800,True,2,754.3,772.2,0.0,0.0,1.0,mean_0.58,2,0.58,0.15,beta,none
City-A,T2,2x,520.0,S3_Lin4,cross_regime,M_stress,800,True,2,754.3,521.1,0.0,0.3091,1.0,mean_0.58,2,0.58,0.15,beta,none
City-A,T2,2x,520.0,S4_GlobalCalib,routine,M_routine,800,True,2,743.1,935.3,0.0,0.0,1.0,mean_0.58,2,0.58,0.15,beta,none
City-A,T2,2x,520.0,S4_GlobalCalib,cross_regime,M_stress,800,True,2,743.1,455.7,64.3,0.3868,0.0,mean_0.58,2,0.58,0.15,beta,none
City-A,T2,2x,520.0,S5_CityCalib,routine,M_routine,800,True,2,750.0,935.3,0.0,0.0,1.0,mean_0.58,2,0.58,0.15,beta,none
City-A,T2,2x,520.0,S5_CityCalib,cross_regime,M_stress,800,True,2,750.0,455.7,64.3,0.3924,0.0,mean_0.58,2,0.58,0.15,beta,none
City-A,T2,2x,520.0,S6_Q10,routine,M_routine,800,True,3,706.5,1261.7,0.0,0.0,1.0,mean_0.58,2,0.58,0.15,beta,none
City-A,T2,2x,520.0,S6_Q10,cross_regime,M_stress,800,True,3,706.5,693.2,0.0,0.0189,1.0,mean_0.58,2,0.58,0.15,beta,none
City-A,T2,5x,1300.0,S0a_RoutineOracle,routine,M_routine,800,True,3,1353.6,1353.6,0.0,0.0,1.0,mean_0.58,2,0.58,0.15,beta,none
City-A,T2,5x,1300.0,S0a_RoutineOracle,cross_regime,M_stress,800,True,3,1353.6,663.1,636.9,0.5101,0.0,mean_0.58,2,0.58,0.15,beta,none
City-A,T2,5x,1300.0,S0b_StressOracle,routine,M_routine,800,True,6,1460.8,2128.7,0.0,0.0,1.0,mean_0.58,2,0.58,0.15,beta,none
City-A,T2,5x,1300.0,S0b_StressOracle,cross_regime,M_stress,800,True,6,1460.8,1460.8,0.0,0.0,1.0,mean_0.58,2,0.58,0.15,beta,none
City-A,T2,5x,1300.0,S1_CapRR,routine,M_routine,800,True,3,1889.7,1261.7,38.3,0.3323,0.0,mean_0.58,2,0.58,0.15,beta,none
City-A,T2,5x,1300.0,S1_CapRR,cross_regime,M_stress,800,True,3,1889.7,693.2,606.8,0.6332,0.0,mean_0.58,2,0.58,0.15,beta,none
City-A,T2,5x,1300.0,S2_Platform,routine,M_routine,800,True,4,1596.5,1677.8,0.0,0.0,1.0,mean_0.58,2,0.58,0.15,beta,none
City-A,T2,5x,1300.0,S2_Platform,cross_regime,M_stress,800,True,4,1596.5,924.0,376.0,0.4212,0.0,mean_0.58,2,0.58,0.15,beta,none
City-A,T2,5x,1300.0,S3_Lin4,routine,M_routine,800,True,4,1393.1,1534.9,0.0,0.0,1.0,mean_0.58,2,0.58,0.15,beta,none
City-A,T2,5x,1300.0,S3_Lin4,cross_regime,M_stress,800,True,4,1393.1,913.5,386.5,0.3442,0.0,mean_0.58,2,0.58,0.15,beta,none
City-A,T2,5x,1300.0,S4_GlobalCalib,routine,M_routine,800,True,4,1420.6,1612.8,0.0,0.0,1.0,mean_0.58,2,0.58,0.15,beta,none
City-A,T2,5x,1300.0,S4_GlobalCalib,cross_regime,M_stress,800,True,4,1420.6,920.3,379.7,0.3522,0.0,mean_0.58,2,0.58,0.15,beta,none
City-A,T2,5x,1300.0,S5_CityCalib,routine,M_routine,800,True,4,1433.4,1612.8,0.0,0.0,1.0,mean_0.58,2,0.58,0.15,beta,none
City-A,T2,5x,1300.0,S5_CityCalib,cross_regime,M_stress,800,True,4,1433.4,920.3,379.7,0.358,0.0,mean_0.58,2,0.58,0.15,beta,none
City-A,T2,5x,1300.0,S6_Q10,routine,M_routine,800,True,6,1333.5,2210.3,0.0,0.0,1.0,mean_0.58,2,0.58,0.15,beta,none
City-A,T2,5x,1300.0,S6_Q10,cross_regime,M_stress,800,True,6,1333.5,1401.5,0.0,0.0,1.0,mean_0.58,2,0.58,0.15,beta,none
City-A,T2,10x,2600.0,S0a_RoutineOracle,routine,M_routine,800,True,7,2835.2,2835.2,0.0,0.0,1.0,mean_0.58,2,0.58,0.15,beta,none
City-A,T2,10x,2600.0,S0a_RoutineOracle,cross_regime,M_stress,800,True,7,2835.2,1439.9,1160.1,0.4921,0.0,mean_0.58,2,0.58,0.15,beta,none
City-A,T2,10x,2600.0,S0b_StressOracle,routine,M_routine,800,True,12,2729.2,3689.7,0.0,0.0,1.0,mean_0.58,2,0.58,0.15,beta,none
City-A,T2,10x,2600.0,S0b_StressOracle,cross_regime,M_stress,800,True,12,2729.2,2729.2,0.0,0.0,1.0,mean_0.58,2,0.58,0.15,beta,none
City-A,T2,10x,2600.0,S1_CapRR,routine,M_routine,800,True,5,3037.3,1937.0,663.0,0.3623,0.0,mean_0.58,2,0.58,0.15,beta,none
City-A,T2,10x,2600.0,S1_CapRR,cross_regime,M_stress,800,True,5,3037.3,1181.1,1418.9,0.6111,0.0,mean_0.58,2,0.58,0.15,beta,none
City-A,T2,10x,2600.0,S2_Platform,routine,M_routine,800,True,7,2630.1,2523.9,76.1,0.0404,0.0,mean_0.58,2,0.58,0.15,beta,none
City-A,T2,10x,2600.0,S2_Platform,cross_regime,M_stress,800,True,7,2630.1,1568.4,1031.6,0.4037,0.0,mean_0.58,2,0.58,0.15,beta,none
City-A,T2,10x,2600.0,S3_Lin4,routine,M_routine,800,True,9,2847.6,3186.3,0.0,0.0,1.0,mean_0.58,2,0.58,0.15,beta,none
City-A,T2,10x,2600.0,S3_Lin4,cross_regime,M_stress,800,True,9,2847.6,1992.5,607.5,0.3003,0.0,mean_0.58,2,0.58,0.15,beta,none
City-A,T2,10x,2600.0,S4_GlobalCalib,routine,M_routine,800,True,8,2645.3,3036.4,0.0,0.0,1.0,mean_0.58,2,0.58,0.15,beta,none
City-A,T2,10x,2600.0,S4_GlobalCalib,cross_regime,M_stress,800,True,8,2645.3,1840.3,759.7,0.3043,0.0,mean_0.58,2,0.58,0.15,beta,none
City-A,T2,10x,2600.0,S5_CityCalib,routine,M_routine,800,True,8,2668.5,3036.4,0.0,0.0,1.0,mean_0.58,2,0.58,0.15,beta,none
City-A,T2,10x,2600.0,S5_CityCalib,cross_regime,M_stress,800,True,8,2668.5,1840.3,759.7,0.3104,0.0,mean_0.58,2,0.58,0.15,beta,none
City-A,T2,10x,2600.0,S6_Q10,routine,M_routine,800,True,13,2648.3,4354.3,0.0,0.0,1.0,mean_0.58,2,0.58,0.15,beta,none
City-A,T2,10x,2600.0,S6_Q10,cross_regime,M_stress,800,True,13,2648.3,2740.4,0.0,0.0,1.0,mean_0.58,2,0.58,0.15,beta,none
City-A,T3,1x,200.0,S0a_RoutineOracle,routine,M_routine,800,True,1,448.8,448.8,0.0,0.0,1.0,mean_0.58,2,0.58,0.15,beta,none
City-A,T3,1x,200.0,S0a_RoutineOracle,cross_regime,M_stress,800,True,1,448.8,234.8,0.0,0.4768,1.0,mean_0.58,2,0.58,0.15,beta,none
City-A,T3,1x,200.0,S0b_StressOracle,routine,M_routine,800,True,1,234.8,448.8,0.0,0.0,1.0,mean_0.58,2,0.58,0.15,beta,none
City-A,T3,1x,200.0,S0b_StressOracle,cross_regime,M_stress,800,True,1,234.8,234.8,0.0,0.0,1.0,mean_0.58,2,0.58,0.15,beta,none
City-A,T3,1x,200.0,S1_CapRR,routine,M_routine,800,True,1,596.8,315.7,0.0,0.471,1.0,mean_0.58,2,0.58,0.15,beta,none
City-A,T3,1x,200.0,S1_CapRR,cross_regime,M_stress,800,True,1,596.8,184.0,16.0,0.6916,0.0,mean_0.58,2,0.58,0.15,beta,none
City-A,T3,1x,200.0,S2_Platform,routine,M_routine,800,True,1,470.7,315.7,0.0,0.3293,1.0,mean_0.58,2,0.58,0.15,beta,none
City-A,T3,1x,200.0,S2_Platform,cross_regime,M_stress,800,True,1,470.7,184.0,16.0,0.609,0.0,mean_0.58,2,0.58,0.15,beta,none
City-A,T3,1x,200.0,S3_Lin4,routine,M_routine,800,True,1,421.2,315.7,0.0,0.2505,1.0,mean_0.58,2,0.58,0.15,beta,none
City-A,T3,1x,200.0,S3_Lin4,cross_regime,M_stress,800,True,1,421.2,184.0,16.0,0.5631,0.0,mean_0.58,2,0.58,0.15,beta,none
City-A,T3,1x,200.0,S4_GlobalCalib,routine,M_routine,800,True,1,346.1,315.7,0.0,0.088,1.0,mean_0.58,2,0.58,0.15,beta,none
City-A,T3,1x,200.0,S4_GlobalCalib,cross_regime,M_stress,800,True,1,346.1,184.0,16.0,0.4683,0.0,mean_0.58,2,0.58,0.15,beta,none
City-A,T3,1x,200.0,S5_CityCalib,routine,M_routine,800,True,1,346.2,315.7,0.0,0.0882,1.0,mean_0.58,2,0.58,0.15,beta,none
City-A,T3,1x,200.0,S5_CityCalib,cross_regime,M_stress,800,True,1,346.2,184.0,16.0,0.4684,0.0,mean_0.58,2,0.58,0.15,beta,none
City-A,T3,1x,200.0,S6_Q10,routine,M_routine,800,True,1,223.5,315.7,0.0,0.0,1.0,mean_0.58,2,0.58,0.15,beta,none
City-A,T3,1x,200.0,S6_Q10,cross_regime,M_stress,800,True,1,223.5,184.0,16.0,0.1764,0.0,mean_0.58,2,0.58,0.15,beta,none
City-A,T3,2x,400.0,S0a_RoutineOracle,routine,M_routine,800,True,1,448.8,448.8,0.0,0.0,1.0,mean_0.58,2,0.58,0.15,beta,none
City-A,T3,2x,400.0,S0a_RoutineOracle,cross_regime,M_stress,800,True,1,448.8,234.8,165.2,0.4768,0.0,mean_0.58,2,0.58,0.15,beta,none
City-A,T3,2x,400.0,S0b_StressOracle,routine,M_routine,800,True,2,458.5,826.6,0.0,0.0,1.0,mean_0.58,2,0.58,0.15,beta,none
City-A,T3,2x,400.0,S0b_StressOracle,cross_regime,M_stress,800,True,2,458.5,458.5,0.0,0.0,1.0,mean_0.58,2,0.58,0.15,beta,none
City-A,T3,2x,400.0,S1_CapRR,routine,M_routine,800,True,1,596.8,315.7,84.3,0.471,0.0,mean_0.58,2,0.58,0.15,beta,none
City-A,T3,2x,400.0,S1_CapRR,cross_regime,M_stress,800,True,1,596.8,184.0,216.0,0.6916,0.0,mean_0.58,2,0.58,0.15,beta,none
City-A,T3,2x,400.0,S2_Platform,routine,M_routine,800,True,1,470.7,315.7,84.3,0.3293,0.0,mean_0.58,2,0.58,0.15,beta,none
City-A,T3,2x,400.0,S2_Platform,cross_regime,M_stress,800,True,1,470.7,184.0,216.0,0.609,0.0,mean_0.58,2,0.58,0.15,beta,none
City-A,T3,2x,400.0,S3_Lin4,routine,M_routine,800,True,1,421.2,315.7,84.3,0.2505,0.0,mean_0.58,2,0.58,0.15,beta,none
City-A,T3,2x,400.0,S3_Lin4,cross_regime,M_stress,800,True,1,421.2,184.0,216.0,0.5631,0.0,mean_0.58,2,0.58,0.15,beta,none
City-A,T3,2x,400.0,S4_GlobalCalib,routine,M_routine,800,True,2,660.1,682.8,0.0,0.0,1.0,mean_0.58,2,0.58,0.15,beta,none
City-A,T3,2x,400.0,S4_GlobalCalib,cross_regime,M_stress,800,True,2,660.1,295.7,104.3,0.552,0.0,mean_0.58,2,0.58,0.15,beta,none
City-A,T3,2x,400.0,S5_CityCalib,routine,M_routine,800,True,2,660.2,682.8,0.0,0.0,1.0,mean_0.58,2,0.58,0.15,beta,none
City-A,T3,2x,400.0,S5_CityCalib,cross_regime,M_stress,800,True,2,660.2,295.7,104.3,0.5521,0.0,mean_0.58,2,0.58,0.15,beta,none
City-A,T3,2x,400.0,S6_Q10,routine,M_routine,800,True,2,426.1,682.8,0.0,0.0,1.0,mean_0.58,2,0.58,0.15,beta,none
City-A,T3,2x,400.0,S6_Q10,cross_regime,M_stress,800,True,2,426.1,295.7,104.3,0.3061,0.0,mean_0.58,2,0.58,0.15,beta,none
City-A,T3,5x,1000.0,S0a_RoutineOracle,routine,M_routine,800,True,3,1193.7,1193.7,0.0,0.0,1.0,mean_0.58,2,0.58,0.15,beta,none
City-A,T3,5x,1000.0,S0a_RoutineOracle,cross_regime,M_stress,800,True,3,1193.7,570.2,429.8,0.5224,0.0,mean_0.58,2,0.58,0.15,beta,none
City-A,T3,5x,1000.0,S0b_StressOracle,routine,M_routine,800,True,5,1053.3,1608.7,0.0,0.0,1.0,mean_0.58,2,0.58,0.15,beta,none
City-A,T3,5x,1000.0,S0b_StressOracle,cross_regime,M_stress,800,True,5,1053.3,1053.3,0.0,0.0,1.0,mean_0.58,2,0.58,0.15,beta,none
City-A,T3,5x,1000.0,S1_CapRR,routine,M_routine,800,True,2,1138.1,682.8,317.2,0.4001,0.0,mean_0.58,2,0.58,0.15,beta,none
City-A,T3,5x,1000.0,S1_CapRR,cross_regime,M_stress,800,True,2,1138.1,295.7,704.3,0.7402,0.0,mean_0.58,2,0.58,0.15,beta,none
City-A,T3,5x,1000.0,S2_Platform,routine,M_routine,800,True,3,1264.8,1112.4,0.0,0.1205,1.0,mean_0.58,2,0.58,0.15,beta,none
City-A,T3,5x,1000.0,S2_Platform,cross_regime,M_stress,800,True,3,1264.8,617.1,382.9,0.5121,0.0,mean_0.58,2,0.58,0.15,beta,none
City-A,T3,5x,1000.0,S3_Lin4,routine,M_routine,800,True,3,1069.2,1000.5,0.0,0.0642,1.0,mean_0.58,2,0.58,0.15,beta,none
City-A,T3,5x,1000.0,S3_Lin4,cross_regime,M_stress,800,True,3,1069.2,549.8,450.2,0.4858,0.0,mean_0.58,2,0.58,0.15,beta,none
City-A,T3,5x,1000.0,S4_GlobalCalib,routine,M_routine,800,True,4,1261.5,1307.2,0.0,0.0,1.0,mean_0.58,2,0.58,0.15,beta,none
City-A,T3,5x,1000.0,S4_GlobalCalib,cross_regime,M_stress,800,True,4,1261.5,629.5,370.5,0.5009,0.0,mean_0.58,2,0.58,0.15,beta,none
City-A,T3,5x,1000.0,S5_CityCalib,routine,M_routine,800,True,4,1261.7,1307.2,0.0,0.0,1.0,mean_0.58,2,0.58,0.15,beta,none
City-A,T3,5x,1000.0,S5_CityCalib,cross_regime,M_stress,800,True,4,1261.7,629.5,370.5,0.501,0.0,mean_0.58,2,0.58,0.15,beta,none
City-A,T3,5x,1000.0,S6_Q10,routine,M_routine,800,True,5,1000.7,1756.0,0.0,0.0,1.0,mean_0.58,2,0.58,0.15,beta,none
City-A,T3,5x,1000.0,S6_Q10,cross_regime,M_stress,800,True,5,1000.7,864.4,135.6,0.1363,0.0,mean_0.58,2,0.58,0.15,beta,none
City-A,T3,10x,2000.0,S0a_RoutineOracle,routine,M_routine,800,True,6,2231.3,2231.3,0.0,0.0,1.0,mean_0.58,2,0.58,0.15,beta,none
City-A,T3,10x,2000.0,S0a_RoutineOracle,cross_regime,M_stress,800,True,6,2231.3,1060.7,939.3,0.5246,0.0,mean_0.58,2,0.58,0.15,beta,none
City-A,T3,10x,2000.0,S0b_StressOracle,routine,M_routine,800,True,10,2008.1,2381.4,0.0,0.0,1.0,mean_0.58,2,0.58,0.15,beta,none
City-A,T3,10x,2000.0,S0b_StressOracle,cross_regime,M_stress,800,True,10,2008.1,2008.1,0.0,0.0,1.0,mean_0.58,2,0.58,0.15,beta,none
City-A,T3,10x,2000.0,S1_CapRR,routine,M_routine,800,True,4,2175.3,1307.2,692.8,0.3991,0.0,mean_0.58,2,0.58,0.15,beta,none
City-A,T3,10x,2000.0,S1_CapRR,cross_regime,M_stress,800,True,4,2175.3,629.5,1370.5,0.7106,0.0,mean_0.58,2,0.58,0.15,beta,none
City-A,T3,10x,2000.0,S2_Platform,routine,M_routine,800,True,6,2357.9,2133.9,0.0,0.095,1.0,mean_0.58,2,0.58,0.15,beta,none
City-A,T3,10x,2000.0,S2_Platform,cross_regime,M_stress,800,True,6,2357.9,1088.1,911.9,0.5385,0.0,mean_0.58,2,0.58,0.15,beta,none
City-A,T3,10x,2000.0,S3_Lin4,routine,M_routine,800,True,7,2259.8,2470.8,0.0,0.0,1.0,mean_0.58,2,0.58,0.15,beta,none
City-A,T3,10x,2000.0,S3_Lin4,cross_regime,M_stress,800,True,7,2259.8,1255.5,744.5,0.4444,0.0,mean_0.58,2,0.58,0.15,beta,none
City-A,T3,10x,2000.0,S4_GlobalCalib,routine,M_routine,800,True,7,2085.8,2224.9,0.0,0.0,1.0,mean_0.58,2,0.58,0.15,beta,none
City-A,T3,10x,2000.0,S4_GlobalCalib,cross_regime,M_stress,800,True,7,2085.8,1219.6,780.4,0.4153,0.0,mean_0.58,2,0.58,0.15,beta,none
City-A,T3,10x,2000.0,S5_CityCalib,routine,M_routine,800,True,7,2086.1,2224.9,0.0,0.0,1.0,mean_0.58,2,0.58,0.15,beta,none
City-A,T3,10x,2000.0,S5_CityCalib,cross_regime,M_stress,800,True,7,2086.1,1219.6,780.4,0.4154,0.0,mean_0.58,2,0.58,0.15,beta,none
City-A,T3,10x,2000.0,S6_Q10,routine,M_routine,800,True,11,2016.5,3064.6,0.0,0.0,1.0,mean_0.58,2,0.58,0.15,beta,none
City-A,T3,10x,2000.0,S6_Q10,cross_regime,M_stress,800,True,11,2016.5,1828.9,171.1,0.093,0.0,mean_0.58,2,0.58,0.15,beta,none
City-A,T4,1x,140.0,S0a_RoutineOracle,routine,M_routine,800,True,1,421.5,421.5,0.0,0.0,1.0,mean_0.58,2,0.58,0.15,beta,none
City-A,T4,1x,140.0,S0a_RoutineOracle,cross_regime,M_stress,800,True,1,421.5,215.2,0.0,0.4895,1.0,mean_0.58,2,0.58,0.15,beta,none
City-A,T4,1x,140.0,S0b_StressOracle,routine,M_routine,800,True,1,302.1,317.7,0.0,0.0,1.0,mean_0.58,2,0.58,0.15,beta,none
City-A,T4,1x,140.0,S0b_StressOracle,cross_regime,M_stress,800,True,1,302.1,302.1,0.0,0.0,1.0,mean_0.58,2,0.58,0.15,beta,none
City-A,T4,1x,140.0,S1_CapRR,routine,M_routine,800,True,1,678.2,376.7,0.0,0.4445,1.0,mean_0.58,2,0.58,0.15,beta,none
City-A,T4,1x,140.0,S1_CapRR,cross_regime,M_stress,800,True,1,678.2,273.9,0.0,0.5961,1.0,mean_0.58,2,0.58,0.15,beta,none
City-A,T4,1x,140.0,S2_Platform,routine,M_routine,800,True,1,299.2,153.6,0.0,0.4867,1.0,mean_0.58,2,0.58,0.15,beta,none
City-A,T4,1x,140.0,S2_Platform,cross_regime,M_stress,800,True,1,299.2,204.4,0.0,0.317,1.0,mean_0.58,2,0.58,0.15,beta,none
City-A,T4,1x,140.0,S3_Lin4,routine,M_routine,800,True,1,424.6,376.7,0.0,0.1128,1.0,mean_0.58,2,0.58,0.15,beta,none
City-A,T4,1x,140.0,S3_Lin4,cross_regime,M_stress,800,True,1,424.6,273.9,0.0,0.3549,1.0,mean_0.58,2,0.58,0.15,beta,none
City-A,T4,1x,140.0,S4_GlobalCalib,routine,M_routine,800,True,1,392.0,376.7,0.0,0.039,1.0,mean_0.58,2,0.58,0.15,beta,none
City-A,T4,1x,140.0,S4_GlobalCalib,cross_regime,M_stress,800,True,1,392.0,273.9,0.0,0.3013,1.0,mean_0.58,2,0.58,0.15,beta,none
City-A,T4,1x,140.0,S5_CityCalib,routine,M_routine,800,True,1,395.1,376.7,0.0,0.0464,1.0,mean_0.58,2,0.58,0.15,beta,none
City-A,T4,1x,140.0,S5_CityCalib,cross_regime,M_stress,800,True,1,395.1,273.9,0.0,0.3067,1.0,mean_0.58,2,0.58,0.15,beta,none
City-A,T4,1x,140.0,S6_Q10,routine,M_routine,800,True,1,253.6,376.7,0.0,0.0,1.0,mean_0.58,2,0.58,0.15,beta,none
City-A,T4,1x,140.0,S6_Q10,cross_regime,M_stress,800,True,1,253.6,273.9,0.0,0.0,1.0,mean_0.58,2,0.58,0.15,beta,none
City-A,T4,2x,280.0,S0a_RoutineOracle,routine,M_routine,800,True,1,421.5,421.5,0.0,0.0,1.0,mean_0.58,2,0.58,0.15,beta,none
City-A,T4,2x,280.0,S0a_RoutineOracle,cross_regime,M_stress,800,True,1,421.5,215.2,64.8,0.4895,0.0,mean_0.58,2,0.58,0.15,beta,none
City-A,T4,2x,280.0,S0b_StressOracle,routine,M_routine,800,True,1,302.1,317.7,0.0,0.0,1.0,mean_0.58,2,0.58,0.15,beta,none
City-A,T4,2x,280.0,S0b_StressOracle,cross_regime,M_stress,800,True,1,302.1,302.1,0.0,0.0,1.0,mean_0.58,2,0.58,0.15,beta,none
City-A,T4,2x,280.0,S1_CapRR,routine,M_routine,800,True,1,678.2,376.7,0.0,0.4445,1.0,mean_0.58,2,0.58,0.15,beta,none
City-A,T4,2x,280.0,S1_CapRR,cross_regime,M_stress,800,True,1,678.2,273.9,6.1,0.5961,0.0,mean_0.58,2,0.58,0.15,beta,none
City-A,T4,2x,280.0,S2_Platform,routine,M_routine,800,True,1,299.2,153.6,126.4,0.4867,0.0,mean_0.58,2,0.58,0.15,beta,none
City-A,T4,2x,280.0,S2_Platform,cross_regime,M_stress,800,True,1,299.2,204.4,75.6,0.317,0.0,mean_0.58,2,0.58,0.15,beta,none
City-A,T4,2x,280.0,S3_Lin4,routine,M_routine,800,True,1,424.6,376.7,0.0,0.1128,1.0,mean_0.58,2,0.58,0.15,beta,none
City-A,T4,2x,280.0,S3_Lin4,cross_regime,M_stress,800,True,1,424.6,273.9,6.1,0.3549,0.0,mean_0.58,2,0.58,0.15,beta,none
City-A,T4,2x,280.0,S4_GlobalCalib,routine,M_routine,800,True,1,392.0,376.7,0.0,0.039,1.0,mean_0.58,2,0.58,0.15,beta,none
City-A,T4,2x,280.0,S4_GlobalCalib,cross_regime,M_stress,800,True,1,392.0,273.9,6.1,0.3013,0.0,mean_0.58,2,0.58,0.15,beta,none
City-A,T4,2x,280.0,S5_CityCalib,routine,M_routine,800,True,1,395.1,376.7,0.0,0.0464,1.0,mean_0.58,2,0.58,0.15,beta,none
City-A,T4,2x,280.0,S5_CityCalib,cross_regime,M_stress,800,True,1,395.1,273.9,6.1,0.3067,0.0,mean_0.58,2,0.58,0.15,beta,none
City-A,T4,2x,280.0,S6_Q10,routine,M_routine,800,True,2,483.7,530.3,0.0,0.0,1.0,mean_0.58,2,0.58,0.15,beta,none
City-A,T4,2x,280.0,S6_Q10,cross_regime,M_stress,800,True,2,483.7,478.3,0.0,0.0111,1.0,mean_0.58,2,0.58,0.15,beta,none
City-A,T4,5x,700.0,S0a_RoutineOracle,routine,M_routine,800,True,2,836.2,836.2,0.0,0.0,1.0,mean_0.58,2,0.58,0.15,beta,none
City-A,T4,5x,700.0,S0a_RoutineOracle,cross_regime,M_stress,800,True,2,836.2,450.9,249.1,0.4608,0.0,mean_0.58,2,0.58,0.15,beta,none
City-A,T4,5x,700.0,S0b_StressOracle,routine,M_routine,800,True,3,822.7,1064.5,0.0,0.0,1.0,mean_0.58,2,0.58,0.15,beta,none
City-A,T4,5x,700.0,S0b_StressOracle,cross_regime,M_stress,800,True,3,822.7,822.7,0.0,0.0,1.0,mean_0.58,2,0.58,0.15,beta,none
City-A,T4,5x,700.0,S1_CapRR,routine,M_routine,800,True,2,1293.4,530.3,169.7,0.59,0.0,mean_0.58,2,0.58,0.15,beta,none
City-A,T4,5x,700.0,S1_CapRR,cross_regime,M_stress,800,True,2,1293.4,478.3,221.7,0.6302,0.0,mean_0.58,2,0.58,0.15,beta,none
City-A,T4,5x,700.0,S2_Platform,routine,M_routine,800,True,3,870.0,657.3,42.7,0.2445,0.0,mean_0.58,2,0.58,0.15,beta,none
City-A,T4,5x,700.0,S2_Platform,cross_regime,M_stress,800,True,3,870.0,633.7,66.3,0.2717,0.0,mean_0.58,2,0.58,0.15,beta,none
City-A,T4,5x,700.0,S3_Lin4,routine,M_routine,800,True,2,758.4,694.4,5.6,0.0844,0.0,mean_0.58,2,0.58,0.15,beta,none
City-A,T4,5x,700.0,S3_Lin4,cross_regime,M_stress,800,True,2,758.4,576.0,124.0,0.2405,0.0,mean_0.58,2,0.58,0.15,beta,none
City-A,T4,5x,700.0,S4_GlobalCalib,routine,M_routine,800,True,2,747.6,530.3,169.7,0.2907,0.0,mean_0.58,2,0.58,0.15,beta,none
City-A,T4,5x,700.0,S4_GlobalCalib,cross_regime,M_stress,800,True,2,747.6,478.3,221.7,0.3603,0.0,mean_0.58,2,0.58,0.15,beta,none
City-A,T4,5x,700.0,S5_CityCalib,routine,M_routine,800,True,2,753.3,530.3,169.7,0.296,0.0,mean_0.58,2,0.58,0.15,beta,none
City-A,T4,5x,700.0,S5_CityCalib,cross_regime,M_stress,800,True,2,753.3,478.3,221.7,0.3651,0.0,mean_0.58,2,0.58,0.15,beta,none
City-A,T4,5x,700.0,S6_Q10,routine,M_routine,800,True,3,706.7,848.0,0.0,0.0,1.0,mean_0.58,2,0.58,0.15,beta,none
City-A,T4,5x,700.0,S6_Q10,cross_regime,M_stress,800,True,3,706.7,780.4,0.0,0.0,1.0,mean_0.58,2,0.58,0.15,beta,none
City-A,T4,10x,1400.0,S0a_RoutineOracle,routine,M_routine,800,True,4,1602.9,1602.9,0.0,0.0,1.0,mean_0.58,2,0.58,0.15,beta,none
City-A,T4,10x,1400.0,S0a_RoutineOracle,cross_regime,M_stress,800,True,4,1602.9,888.9,511.1,0.4454,0.0,mean_0.58,2,0.58,0.15,beta,none
City-A,T4,10x,1400.0,S0b_StressOracle,routine,M_routine,800,True,6,1547.4,1875.9,0.0,0.0,1.0,mean_0.58,2,0.58,0.15,beta,none
City-A,T4,10x,1400.0,S0b_StressOracle,cross_regime,M_stress,800,True,6,1547.4,1547.4,0.0,0.0,1.0,mean_0.58,2,0.58,0.15,beta,none
City-A,T4,10x,1400.0,S1_CapRR,routine,M_routine,800,True,3,1889.7,848.0,552.0,0.5512,0.0,mean_0.58,2,0.58,0.15,beta,none
City-A,T4,10x,1400.0,S1_CapRR,cross_regime,M_stress,800,True,3,1889.7,780.4,619.6,0.587,0.0,mean_0.58,2,0.58,0.15,beta,none
City-A,T4,10x,1400.0,S2_Platform,routine,M_routine,800,True,5,1424.2,1221.4,178.6,0.1424,0.0,mean_0.58,2,0.58,0.15,beta,none
City-A,T4,10x,1400.0,S2_Platform,cross_regime,M_stress,800,True,5,1424.2,923.5,476.5,0.3516,0.0,mean_0.58,2,0.58,0.15,beta,none
City-A,T4,10x,1400.0,S3_Lin4,routine,M_routine,800,True,5,1709.3,1620.7,0.0,0.0518,1.0,mean_0.58,2,0.58,0.15,beta,none
City-A,T4,10x,1400.0,S3_Lin4,cross_regime,M_stress,800,True,5,1709.3,1252.8,147.2,0.2671,0.0,mean_0.58,2,0.58,0.15,beta,none
City-A,T4,10x,1400.0,S4_GlobalCalib,routine,M_routine,800,True,4,1428.9,1262.7,137.3,0.1163,0.0,mean_0.58,2,0.58,0.15,beta,none
City-A,T4,10x,1400.0,S4_GlobalCalib,cross_regime,M_stress,800,True,4,1428.9,1016.1,383.9,0.2889,0.0,mean_0.58,2,0.58,0.15,beta,none
City-A,T4,10x,1400.0,S5_CityCalib,routine,M_routine,800,True,4,1439.6,1262.7,137.3,0.1229,0.0,mean_0.58,2,0.58,0.15,beta,none
City-A,T4,10x,1400.0,S5_CityCalib,cross_regime,M_stress,800,True,4,1439.6,1016.1,383.9,0.2942,0.0,mean_0.58,2,0.58,0.15,beta,none
City-A,T4,10x,1400.0,S6_Q10,routine,M_routine,800,True,7,1528.7,2074.1,0.0,0.0,1.0,mean_0.58,2,0.58,0.15,beta,none
City-A,T4,10x,1400.0,S6_Q10,cross_regime,M_stress,800,True,7,1528.7,1740.8,0.0,0.0,1.0,mean_0.58,2,0.58,0.15,beta,none
City-A,T5,1x,160.0,S0a_RoutineOracle,routine,M_routine,800,True,1,462.6,462.6,0.0,0.0,1.0,mean_0.58,2,0.58,0.15,beta,none
City-A,T5,1x,160.0,S0a_RoutineOracle,cross_regime,M_stress,800,True,1,462.6,271.0,0.0,0.4141,1.0,mean_0.58,2,0.58,0.15,beta,none
City-A,T5,1x,160.0,S0b_StressOracle,routine,M_routine,800,True,1,271.0,462.6,0.0,0.0,1.0,mean_0.58,2,0.58,0.15,beta,none
City-A,T5,1x,160.0,S0b_StressOracle,cross_regime,M_stress,800,True,1,271.0,271.0,0.0,0.0,1.0,mean_0.58,2,0.58,0.15,beta,none
City-A,T5,1x,160.0,S1_CapRR,routine,M_routine,800,True,1,596.8,462.6,0.0,0.2249,1.0,mean_0.58,2,0.58,0.15,beta,none
City-A,T5,1x,160.0,S1_CapRR,cross_regime,M_stress,800,True,1,596.8,271.0,0.0,0.5458,1.0,mean_0.58,2,0.58,0.15,beta,none
City-A,T5,1x,160.0,S2_Platform,routine,M_routine,800,True,1,485.5,462.6,0.0,0.0472,1.0,mean_0.58,2,0.58,0.15,beta,none
City-A,T5,1x,160.0,S2_Platform,cross_regime,M_stress,800,True,1,485.5,271.0,0.0,0.4417,1.0,mean_0.58,2,0.58,0.15,beta,none
City-A,T5,1x,160.0,S3_Lin4,routine,M_routine,800,True,1,425.5,462.6,0.0,0.0,1.0,mean_0.58,2,0.58,0.15,beta,none
City-A,T5,1x,160.0,S3_Lin4,cross_regime,M_stress,800,True,1,425.5,271.0,0.0,0.3629,1.0,mean_0.58,2,0.58,0.15,beta,none
City-A,T5,1x,160.0,S4_GlobalCalib,routine,M_routine,800,True,1,348.4,462.6,0.0,0.0,1.0,mean_0.58,2,0.58,0.15,beta,none
City-A,T5,1x,160.0,S4_GlobalCalib,cross_regime,M_stress,800,True,1,348.4,271.0,0.0,0.2221,1.0,mean_0.58,2,0.58,0.15,beta,none
City-A,T5,1x,160.0,S5_CityCalib,routine,M_routine,800,True,1,346.3,462.6,0.0,0.0,1.0,mean_0.58,2,0.58,0.15,beta,none
City-A,T5,1x,160.0,S5_CityCalib,cross_regime,M_stress,800,True,1,346.3,271.0,0.0,0.2174,1.0,mean_0.58,2,0.58,0.15,beta,none
City-A,T5,1x,160.0,S6_Q10,routine,M_routine,800,True,1,222.9,462.6,0.0,0.0,1.0,mean_0.58,2,0.58,0.15,beta,none
City-A,T5,1x,160.0,S6_Q10,cross_regime,M_stress,800,True,1,222.9,271.0,0.0,0.0,1.0,mean_0.58,2,0.58,0.15,beta,none
City-A,T5,2x,320.0,S0a_RoutineOracle,routine,M_routine,800,True,1,462.6,462.6,0.0,0.0,1.0,mean_0.58,2,0.58,0.15,beta,none
City-A,T5,2x,320.0,S0a_RoutineOracle,cross_regime,M_stress,800,True,1,462.6,271.0,49.0,0.4141,0.0,mean_0.58,2,0.58,0.15,beta,none
City-A,T5,2x,320.0,S0b_StressOracle,routine,M_routine,800,True,2,534.0,754.2,0.0,0.0,1.0,mean_0.58,2,0.58,0.15,beta,none
City-A,T5,2x,320.0,S0b_StressOracle,cross_regime,M_stress,800,True,2,534.0,534.0,0.0,0.0,1.0,mean_0.58,2,0.58,0.15,beta,none
City-A,T5,2x,320.0,S1_CapRR,routine,M_routine,800,True,1,596.8,462.6,0.0,0.2249,1.0,mean_0.58,2,0.58,0.15,beta,none
City-A,T5,2x,320.0,S1_CapRR,cross_regime,M_stress,800,True,1,596.8,271.0,49.0,0.5458,0.0,mean_0.58,2,0.58,0.15,beta,none
City-A,T5,2x,320.0,S2_Platform,routine,M_routine,800,True,1,485.5,462.6,0.0,0.0472,1.0,mean_0.58,2,0.58,0.15,beta,none
City-A,T5,2x,320.0,S2_Platform,cross_regime,M_stress,800,True,1,485.5,271.0,49.0,0.4417,0.0,mean_0.58,2,0.58,0.15,beta,none
City-A,T5,2x,320.0,S3_Lin4,routine,M_routine,800,True,1,425.5,462.6,0.0,0.0,1.0,mean_0.58,2,0.58,0.15,beta,none
City-A,T5,2x,320.0,S3_Lin4,cross_regime,M_stress,800,True,1,425.5,271.0,49.0,0.3629,0.0,mean_0.58,2,0.58,0.15,beta,none
City-A,T5,2x,320.0,S4_GlobalCalib,routine,M_routine,800,True,1,348.4,462.6,0.0,0.0,1.0,mean_0.58,2,0.58,0.15,beta,none
City-A,T5,2x,320.0,S4_GlobalCalib,cross_regime,M_stress,800,True,1,348.4,271.0,49.0,0.2221,0.0,mean_0.58,2,0.58,0.15,beta,none
City-A,T5,2x,320.0,S5_CityCalib,routine,M_routine,800,True,1,346.3,462.6,0.0,0.0,1.0,mean_0.58,2,0.58,0.15,beta,none
City-A,T5,2x,320.0,S5_CityCalib,cross_regime,M_stress,800,True,1,346.3,271.0,49.0,0.2174,0.0,mean_0.58,2,0.58,0.15,beta,none
City-A,T5,2x,320.0,S6_Q10,routine,M_routine,800,True,2,425.1,727.1,0.0,0.0,1.0,mean_0.58,2,0.58,0.15,beta,none
City-A,T5,2x,320.0,S6_Q10,cross_regime,M_stress,800,True,2,425.1,406.3,0.0,0.0443,1.0,mean_0.58,2,0.58,0.15,beta,none
City-A,T5,5x,800.0,S0a_RoutineOracle,routine,M_routine,800,True,2,836.5,836.5,0.0,0.0,1.0,mean_0.58,2,0.58,0.15,beta,none
City-A,T5,5x,800.0,S0a_RoutineOracle,cross_regime,M_stress,800,True,2,836.5,458.9,341.1,0.4514,0.0,mean_0.58,2,0.58,0.15,beta,none
City-A,T5,5x,800.0,S0b_StressOracle,routine,M_routine,800,True,4,996.6,1188.2,0.0,0.0,1.0,mean_0.58,2,0.58,0.15,beta,none
City-A,T5,5x,800.0,S0b_StressOracle,cross_regime,M_stress,800,True,4,996.6,996.6,0.0,0.0,1.0,mean_0.58,2,0.58,0.15,beta,none
City-A,T5,5x,800.0,S1_CapRR,routine,M_routine,800,True,2,1138.1,727.1,72.9,0.3612,0.0,mean_0.58,2,0.58,0.15,beta,none
City-A,T5,5x,800.0,S1_CapRR,cross_regime,M_stress,800,True,2,1138.1,406.3,393.7,0.643,0.0,mean_0.58,2,0.58,0.15,beta,none
City-A,T5,5x,800.0,S2_Platform,routine,M_routine,800,True,2,897.6,754.2,45.8,0.1598,0.0,mean_0.58,2,0.58,0.15,beta,none
City-A,T5,5x,800.0,S2_Platform,cross_regime,M_stress,800,True,2,897.6,534.0,266.0,0.4051,0.0,mean_0.58,2,0.58,0.15,beta,none
City-A,T5,5x,800.0,S3_Lin4,routine,M_routine,800,True,3,1079.8,1039.6,0.0,0.0372,1.0,mean_0.58,2,0.58,0.15,beta,none
City-A,T5,5x,800.0,S3_Lin4,cross_regime,M_stress,800,True,3,1079.8,620.0,180.0,0.4258,0.0,mean_0.58,2,0.58,0.15,beta,none
City-A,T5,5x,800.0,S4_GlobalCalib,routine,M_routine,800,True,3,970.5,1048.6,0.0,0.0,1.0,mean_0.58,2,0.58,0.15,beta,none
City-A,T5,5x,800.0,S4_GlobalCalib,cross_regime,M_stress,800,True,3,970.5,588.6,211.4,0.3935,0.0,mean_0.58,2,0.58,0.15,beta,none
City-A,T5,5x,800.0,S5_CityCalib,routine,M_routine,800,True,3,964.9,1048.6,0.0,0.0,1.0,mean_0.58,2,0.58,0.15,beta,none
City-A,T5,5x,800.0,S5_CityCalib,cross_regime,M_stress,800,True,3,964.9,588.6,211.4,0.39,0.0,mean_0.58,2,0.58,0.15,beta,none
City-A,T5,5x,800.0,S6_Q10,routine,M_routine,800,True,4,812.5,1422.5,0.0,0.0,1.0,mean_0.58,2,0.58,0.15,beta,none
City-A,T5,5x,800.0,S6_Q10,cross_regime,M_stress,800,True,4,812.5,776.4,23.6,0.0444,0.0,mean_0.58,2,0.58,0.15,beta,none
City-A,T5,10x,1600.0,S0a_RoutineOracle,routine,M_routine,800,True,5,1839.4,1839.4,0.0,0.0,1.0,mean_0.58,2,0.58,0.15,beta,none
City-A,T5,10x,1600.0,S0a_RoutineOracle,cross_regime,M_stress,800,True,5,1839.4,1023.3,576.7,0.4437,0.0,mean_0.58,2,0.58,0.15,beta,none
City-A,T5,10x,1600.0,S0b_StressOracle,routine,M_routine,800,True,8,1786.1,2229.8,0.0,0.0,1.0,mean_0.58,2,0.58,0.15,beta,none
City-A,T5,10x,1600.0,S0b_StressOracle,cross_regime,M_stress,800,True,8,1786.1,1786.1,0.0,0.0,1.0,mean_0.58,2,0.58,0.15,beta,none
City-A,T5,10x,1600.0,S1_CapRR,routine,M_routine,800,True,3,1662.9,1048.6,551.4,0.3694,0.0,mean_0.58,2,0.58,0.15,beta,none
City-A,T5,10x,1600.0,S1_CapRR,cross_regime,M_stress,800,True,3,1662.9,588.6,1011.4,0.6461,0.0,mean_0.58,2,0.58,0.15,beta,none
City-A,T5,10x,1600.0,S2_Platform,routine,M_routine,800,True,4,1696.8,1449.6,150.4,0.1457,0.0,mean_0.58,2,0.58,0.15,beta,none
City-A,T5,10x,1600.0,S2_Platform,cross_regime,M_stress,800,True,4,1696.8,904.1,695.9,0.4671,0.0,mean_0.58,2,0.58,0.15,beta,none
City-A,T5,10x,1600.0,S3_Lin4,routine,M_routine,800,True,5,1684.7,1678.1,0.0,0.004,1.0,mean_0.58,2,0.58,0.15,beta,none
City-A,T5,10x,1600.0,S3_Lin4,cross_regime,M_stress,800,True,5,1684.7,943.1,656.9,0.4402,0.0,mean_0.58,2,0.58,0.15,beta,none
City-A,T5,10x,1600.0,S4_GlobalCalib,routine,M_routine,800,True,6,1831.1,1969.6,0.0,0.0,1.0,mean_0.58,2,0.58,0.15,beta,none
City-A,T5,10x,1600.0,S4_GlobalCalib,cross_regime,M_stress,800,True,6,1831.1,1206.1,393.9,0.3414,0.0,mean_0.58,2,0.58,0.15,beta,none
City-A,T5,10x,1600.0,S5_CityCalib,routine,M_routine,800,True,6,1820.9,1969.6,0.0,0.0,1.0,mean_0.58,2,0.58,0.15,beta,none
City-A,T5,10x,1600.0,S5_CityCalib,cross_regime,M_stress,800,True,6,1820.9,1206.1,393.9,0.3377,0.0,mean_0.58,2,0.58,0.15,beta,none
City-A,T5,10x,1600.0,S6_Q10,routine,M_routine,800,True,9,1680.7,2657.4,0.0,0.0,1.0,mean_0.58,2,0.58,0.15,beta,none
City-A,T5,10x,1600.0,S6_Q10,cross_regime,M_stress,800,True,9,1680.7,1820.2,0.0,0.0,1.0,mean_0.58,2,0.58,0.15,beta,none
City-B,T1,1x,180.0,S0a_RoutineOracle,routine,M_routine,500,True,1,498.4,498.4,0.0,0.0,1.0,mean_0.58,2,0.58,0.15,beta,none
City-B,T1,1x,180.0,S0a_RoutineOracle,cross_regime,M_stress,500,True,1,498.4,279.9,0.0,0.4385,1.0,mean_0.58,2,0.58,0.15,beta,none
City-B,T1,1x,180.0,S0b_StressOracle,routine,M_routine,500,True,1,409.0,497.8,0.0,0.0,1.0,mean_0.58,2,0.58,0.15,beta,none
City-B,T1,1x,180.0,S0b_StressOracle,cross_regime,M_stress,500,True,1,409.0,409.0,0.0,0.0,1.0,mean_0.58,2,0.58,0.15,beta,none
City-B,T1,1x,180.0,S1_CapRR,routine,M_routine,500,True,1,846.0,498.4,0.0,0.4109,1.0,mean_0.58,2,0.58,0.15,beta,none
City-B,T1,1x,180.0,S1_CapRR,cross_regime,M_stress,500,True,1,846.0,279.9,0.0,0.6692,1.0,mean_0.58,2,0.58,0.15,beta,none
City-B,T1,1x,180.0,S2_Platform,routine,M_routine,500,True,1,561.1,427.6,0.0,0.238,1.0,mean_0.58,2,0.58,0.15,beta,none
City-B,T1,1x,180.0,S2_Platform,cross_regime,M_stress,500,True,1,561.1,262.5,0.0,0.5322,1.0,mean_0.58,2,0.58,0.15,beta,none
City-B,T1,1x,180.0,S3_Lin4,routine,M_routine,500,True,1,404.5,454.7,0.0,0.0,1.0,mean_0.58,2,0.58,0.15,beta,none
City-B,T1,1x,180.0,S3_Lin4,cross_regime,M_stress,500,True,1,404.5,288.0,0.0,0.2881,1.0,mean_0.58,2,0.58,0.15,beta,none
City-B,T1,1x,180.0,S4_GlobalCalib,routine,M_routine,500,True,1,489.6,498.4,0.0,0.0,1.0,mean_0.58,2,0.58,0.15,beta,none
City-B,T1,1x,180.0,S4_GlobalCalib,cross_regime,M_stress,500,True,1,489.6,279.9,0.0,0.4284,1.0,mean_0.58,2,0.58,0.15,beta,none
City-B,T1,1x,180.0,S5_CityCalib,routine,M_routine,500,True,1,493.7,498.4,0.0,0.0,1.0,mean_0.58,2,0.58,0.15,beta,none
City-B,T1,1x,180.0,S5_CityCalib,cross_regime,M_stress,500,True,1,493.7,279.9,0.0,0.4331,1.0,mean_0.58,2,0.58,0.15,beta,none
City-B,T1,1x,180.0,S6_Q10,routine,M_routine,500,True,1,316.2,498.4,0.0,0.0,1.0,mean_0.58,2,0.58,0.15,beta,none
City-B,T1,1x,180.0,S6_Q10,cross_regime,M_stress,500,True,1,316.2,279.9,0.0,0.1149,1.0,mean_0.58,2,0.58,0.15,beta,none
City-B,T1,2x,360.0,S0a_RoutineOracle,routine,M_routine,500,True,1,498.4,498.4,0.0,0.0,1.0,mean_0.58,2,0.58,0.15,beta,none
City-B,T1,2x,360.0,S0a_RoutineOracle,cross_regime,M_stress,500,True,1,498.4,279.9,80.1,0.4385,0.0,mean_0.58,2,0.58,0.15,beta,none
City-B,T1,2x,360.0,S0b_StressOracle,routine,M_routine,500,True,1,409.0,497.8,0.0,0.0,1.0,mean_0.58,2,0.58,0.15,beta,none
City-B,T1,2x,360.0,S0b_StressOracle,cross_regime,M_stress,500,True,1,409.0,409.0,0.0,0.0,1.0,mean_0.58,2,0.58,0.15,beta,none
City-B,T1,2x,360.0,S1_CapRR,routine,M_routine,500,True,1,846.0,498.4,0.0,0.4109,1.0,mean_0.58,2,0.58,0.15,beta,none
City-B,T1,2x,360.0,S1_CapRR,cross_regime,M_stress,500,True,1,846.0,279.9,80.1,0.6692,0.0,mean_0.58,2,0.58,0.15,beta,none
City-B,T1,2x,360.0,S2_Platform,routine,M_routine,500,True,1,561.1,427.6,0.0,0.238,1.0,mean_0.58,2,0.58,0.15,beta,none
City-B,T1,2x,360.0,S2_Platform,cross_regime,M_stress,500,True,1,561.1,262.5,97.5,0.5322,0.0,mean_0.58,2,0.58,0.15,beta,none
City-B,T1,2x,360.0,S3_Lin4,routine,M_routine,500,True,1,404.5,454.7,0.0,0.0,1.0,mean_0.58,2,0.58,0.15,beta,none
City-B,T1,2x,360.0,S3_Lin4,cross_regime,M_stress,500,True,1,404.5,288.0,72.0,0.2881,0.0,mean_0.58,2,0.58,0.15,beta,none
City-B,T1,2x,360.0,S4_GlobalCalib,routine,M_routine,500,True,1,489.6,498.4,0.0,0.0,1.0,mean_0.58,2,0.58,0.15,beta,none
City-B,T1,2x,360.0,S4_GlobalCalib,cross_regime,M_stress,500,True,1,489.6,279.9,80.1,0.4284,0.0,mean_0.58,2,0.58,0.15,beta,none
City-B,T1,2x,360.0,S5_CityCalib,routine,M_routine,500,True,1,493.7,498.4,0.0,0.0,1.0,mean_0.58,2,0.58,0.15,beta,none
City-B,T1,2x,360.0,S5_CityCalib,cross_regime,M_stress,500,True,1,493.7,279.9,80.1,0.4331,0.0,mean_0.58,2,0.58,0.15,beta,none
City-B,T1,2x,360.0,S6_Q10,routine,M_routine,500,True,2,630.8,996.2,0.0,0.0,1.0,mean_0.58,2,0.58,0.15,beta,none
City-B,T1,2x,360.0,S6_Q10,cross_regime,M_stress,500,True,2,630.8,688.8,0.0,0.0,1.0,mean_0.58,2,0.58,0.15,beta,none
City-B,T1,5x,900.0,S0a_RoutineOracle,routine,M_routine,500,True,2,996.2,996.2,0.0,0.0,1.0,mean_0.58,2,0.58,0.15,beta,none
City-B,T1,5x,900.0,S0a_RoutineOracle,cross_regime,M_stress,500,True,2,996.2,688.8,211.2,0.3085,0.0,mean_0.58,2,0.58,0.15,beta,none
City-B,T1,5x,900.0,S0b_StressOracle,routine,M_routine,500,True,3,980.6,1264.4,0.0,0.0,1.0,mean_0.58,2,0.58,0.15,beta,none
City-B,T1,5x,900.0,S0b_StressOracle,cross_regime,M_stress,500,True,3,980.6,980.6,0.0,0.0,1.0,mean_0.58,2,0.58,0.15,beta,none
City-B,T1,5x,900.0,S1_CapRR,routine,M_routine,500,True,2,1688.0,996.2,0.0,0.4098,1.0,mean_0.58,2,0.58,0.15,beta,none
City-B,T1,5x,900.0,S1_CapRR,cross_regime,M_stress,500,True,2,1688.0,688.8,211.2,0.5919,0.0,mean_0.58,2,0.58,0.15,beta,none
City-B,T1,5x,900.0,S2_Platform,routine,M_routine,500,True,2,1112.3,882.3,17.7,0.2068,0.0,mean_0.58,2,0.58,0.15,beta,none
City-B,T1,5x,900.0,S2_Platform,cross_regime,M_stress,500,True,2,1112.3,550.5,349.5,0.5051,0.0,mean_0.58,2,0.58,0.15,beta,none
City-B,T1,5x,900.0,S3_Lin4,routine,M_routine,500,True,3,1199.6,1380.7,0.0,0.0,1.0,mean_0.58,2,0.58,0.15,beta,none
City-B,T1,5x,900.0,S3_Lin4,cross_regime,M_stress,500,True,3,1199.6,830.3,69.7,0.3079,0.0,mean_0.58,2,0.58,0.15,beta,none
City-B,T1,5x,900.0,S4_GlobalCalib,routine,M_routine,500,True,2,976.8,996.2,0.0,0.0,1.0,mean_0.58,2,0.58,0.15,beta,none
City-B,T1,5x,900.0,S4_GlobalCalib,cross_regime,M_stress,500,True,2,976.8,688.8,211.2,0.2948,0.0,mean_0.58,2,0.58,0.15,beta,none
City-B,T1,5x,900.0,S5_CityCalib,routine,M_routine,500,True,2,985.0,996.2,0.0,0.0,1.0,mean_0.58,2,0.58,0.15,beta,none
City-B,T1,5x,900.0,S5_CityCalib,cross_regime,M_stress,500,True,2,985.0,688.8,211.2,0.3007,0.0,mean_0.58,2,0.58,0.15,beta,none
City-B,T1,5x,900.0,S6_Q10,routine,M_routine,500,True,3,936.0,1450.9,0.0,0.0,1.0,mean_0.58,2,0.58,0.15,beta,none
City-B,T1,5x,900.0,S6_Q10,cross_regime,M_stress,500,True,3,936.0,976.8,0.0,0.0,1.0,mean_0.58,2,0.58,0.15,beta,none
City-B,T1,10x,1800.0,S0a_RoutineOracle,routine,M_routine,500,True,4,1878.5,1878.5,0.0,0.0,1.0,mean_0.58,2,0.58,0.15,beta,none
City-B,T1,10x,1800.0,S0a_RoutineOracle,cross_regime,M_stress,500,True,4,1878.5,1239.3,560.7,0.3403,0.0,mean_0.58,2,0.58,0.15,beta,none
City-B,T1,10x,1800.0,S0b_StressOracle,routine,M_routine,500,True,7,2054.3,2723.4,0.0,0.0,1.0,mean_0.58,2,0.58,0.15,beta,none
City-B,T1,10x,1800.0,S0b_StressOracle,cross_regime,M_stress,500,True,7,2054.3,2054.3,0.0,0.0,1.0,mean_0.58,2,0.58,0.15,beta,none
City-B,T1,10x,1800.0,S1_CapRR,routine,M_routine,500,True,3,2504.5,1450.9,349.1,0.4207,0.0,mean_0.58,2,0.58,0.15,beta,none
City-B,T1,10x,1800.0,S1_CapRR,cross_regime,M_stress,500,True,3,2504.5,976.8,823.2,0.61,0.0,mean_0.58,2,0.58,0.15,beta,none
City-B,T1,10x,1800.0,S2_Platform,routine,M_routine,500,True,4,2163.2,1878.5,0.0,0.1316,1.0,mean_0.58,2,0.58,0.15,beta,none
City-B,T1,10x,1800.0,S2_Platform,cross_regime,M_stress,500,True,4,2163.2,1239.3,560.7,0.4271,0.0,mean_0.58,2,0.58,0.15,beta,none
City-B,T1,10x,1800.0,S3_Lin4,routine,M_routine,500,True,5,1929.5,2190.4,0.0,0.0,1.0,mean_0.58,2,0.58,0.15,beta,none
City-B,T1,10x,1800.0,S3_Lin4,cross_regime,M_stress,500,True,5,1929.5,1522.9,277.1,0.2107,0.0,mean_0.58,2,0.58,0.15,beta,none
City-B,T1,10x,1800.0,S4_GlobalCalib,routine,M_routine,500,True,4,1911.6,1878.5,0.0,0.0173,1.0,mean_0.58,2,0.58,0.15,beta,none
City-B,T1,10x,1800.0,S4_GlobalCalib,cross_regime,M_stress,500,True,4,1911.6,1239.3,560.7,0.3517,0.0,mean_0.58,2,0.58,0.15,beta,none
City-B,T1,10x,1800.0,S5_CityCalib,routine,M_routine,500,True,4,1927.6,1878.5,0.0,0.0255,1.0,mean_0.58,2,0.58,0.15,beta,none
City-B,T1,10x,1800.0,S5_CityCalib,cross_regime,M_stress,500,True,4,1927.6,1239.3,560.7,0.3571,0.0,mean_0.58,2,0.58,0.15,beta,none
City-B,T1,10x,1800.0,S6_Q10,routine,M_routine,500,True,7,1966.7,2814.0,0.0,0.0,1.0,mean_0.58,2,0.58,0.15,beta,none
City-B,T1,10x,1800.0,S6_Q10,cross_regime,M_stress,500,True,7,1966.7,2049.5,0.0,0.0,1.0,mean_0.58,2,0.58,0.15,beta,none
City-B,T2,1x,260.0,S0a_RoutineOracle,routine,M_routine,500,True,1,593.1,593.1,0.0,0.0,1.0,mean_0.58,2,0.58,0.15,beta,none
City-B,T2,1x,260.0,S0a_RoutineOracle,cross_regime,M_stress,500,True,1,593.1,212.5,47.5,0.6418,0.0,mean_0.58,2,0.58,0.15,beta,none
City-B,T2,1x,260.0,S0b_StressOracle,routine,M_routine,500,True,1,362.6,584.6,0.0,0.0,1.0,mean_0.58,2,0.58,0.15,beta,none
City-B,T2,1x,260.0,S0b_StressOracle,cross_regime,M_stress,500,True,1,362.6,362.6,0.0,0.0,1.0,mean_0.58,2,0.58,0.15,beta,none
City-B,T2,1x,260.0,S1_CapRR,routine,M_routine,500,True,1,846.0,495.2,0.0,0.4147,1.0,mean_0.58,2,0.58,0.15,beta,none
City-B,T2,1x,260.0,S1_CapRR,cross_regime,M_stress,500,True,1,846.0,173.9,86.1,0.7944,0.0,mean_0.58,2,0.58,0.15,beta,none
City-B,T2,1x,260.0,S2_Platform,routine,M_routine,500,True,1,557.0,584.6,0.0,0.0,1.0,mean_0.58,2,0.58,0.15,beta,none
City-B,T2,1x,260.0,S2_Platform,cross_regime,M_stress,500,True,1,557.0,362.6,0.0,0.3491,1.0,mean_0.58,2,0.58,0.15,beta,none
City-B,T2,1x,260.0,S3_Lin4,routine,M_routine,500,True,1,402.7,593.1,0.0,0.0,1.0,mean_0.58,2,0.58,0.15,beta,none
City-B,T2,1x,260.0,S3_Lin4,cross_regime,M_stress,500,True,1,402.7,212.5,47.5,0.4725,0.0,mean_0.58,2,0.58,0.15,beta,none
City-B,T2,1x,260.0,S4_GlobalCalib,routine,M_routine,500,True,1,485.7,495.2,0.0,0.0,1.0,mean_0.58,2,0.58,0.15,beta,none
City-B,T2,1x,260.0,S4_GlobalCalib,cross_regime,M_stress,500,True,1,485.7,173.9,86.1,0.6419,0.0,mean_0.58,2,0.58,0.15,beta,none
City-B,T2,1x,260.0,S5_CityCalib,routine,M_routine,500,True,1,480.5,495.2,0.0,0.0,1.0,mean_0.58,2,0.58,0.15,beta,none
City-B,T2,1x,260.0,S5_CityCalib,cross_regime,M_stress,500,True,1,480.5,173.9,86.1,0.638,0.0,mean_0.58,2,0.58,0.15,beta,none
City-B,T2,1x,260.0,S6_Q10,routine,M_routine,500,True,1,316.3,495.2,0.0,0.0,1.0,mean_0.58,2,0.58,0.15,beta,none
City-B,T2,1x,260.0,S6_Q10,cross_regime,M_stress,500,True,1,316.3,173.9,86.1,0.4501,0.0,mean_0.58,2,0.58,0.15,beta,none
City-B,T2,2x,520.0,S0a_RoutineOracle,routine,M_routine,500,True,1,593.1,593.1,0.0,0.0,1.0,mean_0.58,2,0.58,0.15,beta,none
City-B,T2,2x,520.0,S0a_RoutineOracle,cross_regime,M_stress,500,True,1,593.1,212.5,307.5,0.6418,0.0,mean_0.58,2,0.58,0.15,beta,none
City-B,T2,2x,520.0,S0b_StressOracle,routine,M_routine,500,True,2,655.9,1009.0,0.0,0.0,1.0,mean_0.58,2,0.58,0.15,beta,none
City-B,T2,2x,520.0,S0b_StressOracle,cross_regime,M_stress,500,True,2,655.9,655.9,0.0,0.0,1.0,mean_0.58,2,0.58,0.15,beta,none
City-B,T2,2x,520.0,S1_CapRR,routine,M_routine,500,True,1,846.0,495.2,24.8,0.4147,0.0,mean_0.58,2,0.58,0.15,beta,none
City-B,T2,2x,520.0,S1_CapRR,cross_regime,M_stress,500,True,1,846.0,173.9,346.1,0.7944,0.0,mean_0.58,2,0.58,0.15,beta,none
City-B,T2,2x,520.0,S2_Platform,routine,M_routine,500,True,1,557.0,584.6,0.0,0.0,1.0,mean_0.58,2,0.58,0.15,beta,none
City-B,T2,2x,520.0,S2_Platform,cross_regime,M_stress,500,True,1,557.0,362.6,157.4,0.3491,0.0,mean_0.58,2,0.58,0.15,beta,none
City-B,T2,2x,520.0,S3_Lin4,routine,M_routine,500,True,2,800.1,1177.6,0.0,0.0,1.0,mean_0.58,2,0.58,0.15,beta,none
City-B,T2,2x,520.0,S3_Lin4,cross_regime,M_stress,500,True,2,800.1,575.0,0.0,0.2813,1.0,mean_0.58,2,0.58,0.15,beta,none
City-B,T2,2x,520.0,S4_GlobalCalib,routine,M_routine,500,True,2,969.1,1010.9,0.0,0.0,1.0,mean_0.58,2,0.58,0.15,beta,none
City-B,T2,2x,520.0,S4_GlobalCalib,cross_regime,M_stress,500,True,2,969.1,433.2,86.8,0.553,0.0,mean_0.58,2,0.58,0.15,beta,none
City-B,T2,2x,520.0,S5_CityCalib,routine,M_routine,500,True,2,958.7,1010.9,0.0,0.0,1.0,mean_0.58,2,0.58,0.15,beta,none
City-B,T2,2x,520.0,S5_CityCalib,cross_regime,M_stress,500,True,2,958.7,433.2,86.8,0.5481,0.0,mean_0.58,2,0.58,0.15,beta,none
City-B,T2,2x,520.0,S6_Q10,routine,M_routine,500,True,2,631.1,1010.9,0.0,0.0,1.0,mean_0.58,2,0.58,0.15,beta,none
City-B,T2,2x,520.0,S6_Q10,cross_regime,M_stress,500,True,2,631.1,433.2,86.8,0.3136,0.0,mean_0.58,2,0.58,0.15,beta,none
City-B,T2,5x,1300.0,S0a_RoutineOracle,routine,M_routine,500,True,3,1693.3,1693.3,0.0,0.0,1.0,mean_0.58,2,0.58,0.15,beta,none
City-B,T2,5x,1300.0,S0a_RoutineOracle,cross_regime,M_stress,500,True,3,1693.3,834.3,465.7,0.5073,0.0,mean_0.58,2,0.58,0.15,beta,none
City-B,T2,5x,1300.0,S0b_StressOracle,routine,M_routine,500,True,5,1474.8,1878.0,0.0,0.0,1.0,mean_0.58,2,0.58,0.15,beta,none
City-B,T2,5x,1300.0,S0b_StressOracle,cross_regime,M_stress,500,True,5,1474.8,1474.8,0.0,0.0,1.0,mean_0.58,2,0.58,0.15,beta,none
City-B,T2,5x,1300.0,S1_CapRR,routine,M_routine,500,True,2,1688.0,1010.9,289.1,0.4011,0.0,mean_0.58,2,0.58,0.15,beta,none
City-B,T2,5x,1300.0,S1_CapRR,cross_regime,M_stress,500,True,2,1688.0,433.2,866.8,0.7434,0.0,mean_0.58,2,0.58,0.15,beta,none
City-B,T2,5x,1300.0,S2_Platform,routine,M_routine,500,True,3,1630.3,1693.3,0.0,0.0,1.0,mean_0.58,2,0.58,0.15,beta,none
City-B,T2,5x,1300.0,S2_Platform,cross_regime,M_stress,500,True,3,1630.3,834.3,465.7,0.4883,0.0,mean_0.58,2,0.58,0.15,beta,none
City-B,T2,5x,1300.0,S3_Lin4,routine,M_routine,500,True,4,1586.8,2188.5,0.0,0.0,1.0,mean_0.58,2,0.58,0.15,beta,none
City-B,T2,5x,1300.0,S3_Lin4,cross_regime,M_stress,500,True,4,1586.8,1008.2,291.8,0.3646,0.0,mean_0.58,2,0.58,0.15,beta,none
City-B,T2,5x,1300.0,S4_GlobalCalib,routine,M_routine,500,True,3,1437.9,1603.9,0.0,0.0,1.0,mean_0.58,2,0.58,0.15,beta,none
City-B,T2,5x,1300.0,S4_GlobalCalib,cross_regime,M_stress,500,True,3,1437.9,645.7,654.3,0.551,0.0,mean_0.58,2,0.58,0.15,beta,none
City-B,T2,5x,1300.0,S5_CityCalib,routine,M_routine,500,True,3,1422.5,1603.9,0.0,0.0,1.0,mean_0.58,2,0.58,0.15,beta,none
City-B,T2,5x,1300.0,S5_CityCalib,cross_regime,M_stress,500,True,3,1422.5,645.7,654.3,0.5461,0.0,mean_0.58,2,0.58,0.15,beta,none
City-B,T2,5x,1300.0,S6_Q10,routine,M_routine,500,True,5,1496.4,2490.7,0.0,0.0,1.0,mean_0.58,2,0.58,0.15,beta,none
City-B,T2,5x,1300.0,S6_Q10,cross_regime,M_stress,500,True,5,1496.4,1247.0,53.0,0.1667,0.0,mean_0.58,2,0.58,0.15,beta,none
City-B,T2,10x,2600.0,S0a_RoutineOracle,routine,M_routine,500,True,5,2625.9,2625.9,0.0,0.0,1.0,mean_0.58,2,0.58,0.15,beta,none
City-B,T2,10x,2600.0,S0a_RoutineOracle,cross_regime,M_stress,500,True,5,2625.9,1165.6,1434.4,0.5561,0.0,mean_0.58,2,0.58,0.15,beta,none
City-B,T2,10x,2600.0,S0b_StressOracle,routine,M_routine,500,True,10,2690.4,3770.6,0.0,0.0,1.0,mean_0.58,2,0.58,0.15,beta,none
City-B,T2,10x,2600.0,S0b_StressOracle,cross_regime,M_stress,500,True,10,2690.4,2690.4,0.0,0.0,1.0,mean_0.58,2,0.58,0.15,beta,none
City-B,T2,10x,2600.0,S1_CapRR,routine,M_routine,500,True,4,3303.2,2188.5,411.5,0.3375,0.0,mean_0.58,2,0.58,0.15,beta,none
City-B,T2,10x,2600.0,S1_CapRR,cross_regime,M_stress,500,True,4,3303.2,1008.2,1591.8,0.6948,0.0,mean_0.58,2,0.58,0.15,beta,none
City-B,T2,10x,2600.0,S2_Platform,routine,M_routine,500,True,6,2974.4,2925.3,0.0,0.0165,1.0,mean_0.58,2,0.58,0.15,beta,none
City-B,T2,10x,2600.0,S2_Platform,cross_regime,M_stress,500,True,6,2974.4,1435.6,1164.4,0.5173,0.0,mean_0.58,2,0.58,0.15,beta,none
City-B,T2,10x,2600.0,S3_Lin4,routine,M_routine,500,True,8,2863.9,3589.8,0.0,0.0,1.0,mean_0.58,2,0.58,0.15,beta,none
City-B,T2,10x,2600.0,S3_Lin4,cross_regime,M_stress,500,True,8,2863.9,1871.2,728.8,0.3466,0.0,mean_0.58,2,0.58,0.15,beta,none
City-B,T2,10x,2600.0,S4_GlobalCalib,routine,M_routine,500,True,6,2667.8,2916.4,0.0,0.0,1.0,mean_0.58,2,0.58,0.15,beta,none
City-B,T2,10x,2600.0,S4_GlobalCalib,cross_regime,M_stress,500,True,6,2667.8,1461.6,1138.4,0.4521,0.0,mean_0.58,2,0.58,0.15,beta,none
City-B,T2,10x,2600.0,S5_CityCalib,routine,M_routine,500,True,6,2640.4,2916.4,0.0,0.0,1.0,mean_0.58,2,0.58,0.15,beta,none
City-B,T2,10x,2600.0,S5_CityCalib,cross_regime,M_stress,500,True,6,2640.4,1461.6,1138.4,0.4465,0.0,mean_0.58,2,0.58,0.15,beta,none
City-B,T2,10x,2600.0,S6_Q10,routine,M_routine,500,True,10,2606.4,4400.5,0.0,0.0,1.0,mean_0.58,2,0.58,0.15,beta,none
City-B,T2,10x,2600.0,S6_Q10,cross_regime,M_stress,500,True,10,2606.4,2258.6,341.4,0.1334,0.0,mean_0.58,2,0.58,0.15,beta,none
City-B,T3,1x,200.0,S0a_RoutineOracle,routine,M_routine,500,True,1,459.2,459.2,0.0,0.0,1.0,mean_0.58,2,0.58,0.15,beta,none
City-B,T3,1x,200.0,S0a_RoutineOracle,cross_regime,M_stress,500,True,1,459.2,108.9,91.1,0.7629,0.0,mean_0.58,2,0.58,0.15,beta,none
City-B,T3,1x,200.0,S0b_StressOracle,routine,M_routine,500,True,1,337.8,397.8,0.0,0.0,1.0,mean_0.58,2,0.58,0.15,beta,none
City-B,T3,1x,200.0,S0b_StressOracle,cross_regime,M_stress,500,True,1,337.8,337.8,0.0,0.0,1.0,mean_0.58,2,0.58,0.15,beta,none
City-B,T3,1x,200.0,S1_CapRR,routine,M_routine,500,True,1,744.5,459.2,0.0,0.3832,1.0,mean_0.58,2,0.58,0.15,beta,none
City-B,T3,1x,200.0,S1_CapRR,cross_regime,M_stress,500,True,1,744.5,108.9,91.1,0.8538,0.0,mean_0.58,2,0.58,0.15,beta,none
City-B,T3,1x,200.0,S2_Platform,routine,M_routine,500,True,1,543.2,420.9,0.0,0.2251,1.0,mean_0.58,2,0.58,0.15,beta,none
City-B,T3,1x,200.0,S2_Platform,cross_regime,M_stress,500,True,1,543.2,288.3,0.0,0.4692,1.0,mean_0.58,2,0.58,0.15,beta,none
City-B,T3,1x,200.0,S3_Lin4,routine,M_routine,500,True,1,396.5,397.8,0.0,0.0,1.0,mean_0.58,2,0.58,0.15,beta,none
City-B,T3,1x,200.0,S3_Lin4,cross_regime,M_stress,500,True,1,396.5,337.8,0.0,0.1481,1.0,mean_0.58,2,0.58,0.15,beta,none
City-B,T3,1x,200.0,S4_GlobalCalib,routine,M_routine,500,True,1,432.0,459.2,0.0,0.0,1.0,mean_0.58,2,0.58,0.15,beta,none
City-B,T3,1x,200.0,S4_GlobalCalib,cross_regime,M_stress,500,True,1,432.0,108.9,91.1,0.748,0.0,mean_0.58,2,0.58,0.15,beta,none
City-B,T3,1x,200.0,S5_CityCalib,routine,M_routine,500,True,1,430.1,459.2,0.0,0.0,1.0,mean_0.58,2,0.58,0.15,beta,none
City-B,T3,1x,200.0,S5_CityCalib,cross_regime,M_stress,500,True,1,430.1,108.9,91.1,0.7469,0.0,mean_0.58,2,0.58,0.15,beta,none
City-B,T3,1x,200.0,S6_Q10,routine,M_routine,500,True,1,278.8,459.2,0.0,0.0,1.0,mean_0.58,2,0.58,0.15,beta,none
City-B,T3,1x,200.0,S6_Q10,cross_regime,M_stress,500,True,1,278.8,108.9,91.1,0.6095,0.0,mean_0.58,2,0.58,0.15,beta,none
City-B,T3,2x,400.0,S0a_RoutineOracle,routine,M_routine,500,True,1,459.2,459.2,0.0,0.0,1.0,mean_0.58,2,0.58,0.15,beta,none
City-B,T3,2x,400.0,S0a_RoutineOracle,cross_regime,M_stress,500,True,1,459.2,108.9,291.1,0.7629,0.0,mean_0.58,2,0.58,0.15,beta,none
City-B,T3,2x,400.0,S0b_StressOracle,routine,M_routine,500,True,2,626.1,818.7,0.0,0.0,1.0,mean_0.58,2,0.58,0.15,beta,none
City-B,T3,2x,400.0,S0b_StressOracle,cross_regime,M_stress,500,True,2,626.1,626.1,0.0,0.0,1.0,mean_0.58,2,0.58,0.15,beta,none
City-B,T3,2x,400.0,S1_CapRR,routine,M_routine,500,True,1,744.5,459.2,0.0,0.3832,1.0,mean_0.58,2,0.58,0.15,beta,none
City-B,T3,2x,400.0,S1_CapRR,cross_regime,M_stress,500,True,1,744.5,108.9,291.1,0.8538,0.0,mean_0.58,2,0.58,0.15,beta,none
City-B,T3,2x,400.0,S2_Platform,routine,M_routine,500,True,1,543.2,420.9,0.0,0.2251,1.0,mean_0.58,2,0.58,0.15,beta,none
City-B,T3,2x,400.0,S2_Platform,cross_regime,M_stress,500,True,1,543.2,288.3,111.7,0.4692,0.0,mean_0.58,2,0.58,0.15,beta,none
City-B,T3,2x,400.0,S3_Lin4,routine,M_routine,500,True,2,787.7,817.4,0.0,0.0,1.0,mean_0.58,2,0.58,0.15,beta,none
City-B,T3,2x,400.0,S3_Lin4,cross_regime,M_stress,500,True,2,787.7,585.1,0.0,0.2572,1.0,mean_0.58,2,0.58,0.15,beta,none
City-B,T3,2x,400.0,S4_GlobalCalib,routine,M_routine,500,True,1,432.0,459.2,0.0,0.0,1.0,mean_0.58,2,0.58,0.15,beta,none
City-B,T3,2x,400.0,S4_GlobalCalib,cross_regime,M_stress,500,True,1,432.0,108.9,291.1,0.748,0.0,mean_0.58,2,0.58,0.15,beta,none
City-B,T3,2x,400.0,S5_CityCalib,routine,M_routine,500,True,1,430.1,459.2,0.0,0.0,1.0,mean_0.58,2,0.58,0.15,beta,none
City-B,T3,2x,400.0,S5_CityCalib,cross_regime,M_stress,500,True,1,430.1,108.9,291.1,0.7469,0.0,mean_0.58,2,0.58,0.15,beta,none
City-B,T3,2x,400.0,S6_Q10,routine,M_routine,500,True,2,556.2,880.1,0.0,0.0,1.0,mean_0.58,2,0.58,0.15,beta,none
City-B,T3,2x,400.0,S6_Q10,cross_regime,M_stress,500,True,2,556.2,397.2,2.8,0.2859,0.0,mean_0.58,2,0.58,0.15,beta,none
City-B,T3,5x,1000.0,S0a_RoutineOracle,routine,M_routine,500,True,3,1299.7,1299.7,0.0,0.0,1.0,mean_0.58,2,0.58,0.15,beta,none
City-B,T3,5x,1000.0,S0a_RoutineOracle,cross_regime,M_stress,500,True,3,1299.7,644.4,355.6,0.5042,0.0,mean_0.58,2,0.58,0.15,beta,none
City-B,T3,5x,1000.0,S0b_StressOracle,routine,M_routine,500,True,4,1197.5,1335.8,0.0,0.0,1.0,mean_0.58,2,0.58,0.15,beta,none
City-B,T3,5x,1000.0,S0b_StressOracle,cross_regime,M_stress,500,True,4,1197.5,1197.5,0.0,0.0,1.0,mean_0.58,2,0.58,0.15,beta,none
City-B,T3,5x,1000.0,S1_CapRR,routine,M_routine,500,True,2,1485.4,880.1,119.9,0.4075,0.0,mean_0.58,2,0.58,0.15,beta,none
City-B,T3,5x,1000.0,S1_CapRR,cross_regime,M_stress,500,True,2,1485.4,397.2,602.8,0.7326,0.0,mean_0.58,2,0.58,0.15,beta,none
City-B,T3,5x,1000.0,S2_Platform,routine,M_routine,500,True,2,1048.0,818.7,181.3,0.2188,0.0,mean_0.58,2,0.58,0.15,beta,none
City-B,T3,5x,1000.0,S2_Platform,cross_regime,M_stress,500,True,2,1048.0,626.1,373.9,0.4026,0.0,mean_0.58,2,0.58,0.15,beta,none
City-B,T3,5x,1000.0,S3_Lin4,routine,M_routine,500,True,3,1173.3,1276.6,0.0,0.0,1.0,mean_0.58,2,0.58,0.15,beta,none
City-B,T3,5x,1000.0,S3_Lin4,cross_regime,M_stress,500,True,3,1173.3,694.0,306.0,0.4085,0.0,mean_0.58,2,0.58,0.15,beta,none
City-B,T3,5x,1000.0,S4_GlobalCalib,routine,M_routine,500,True,3,1278.7,1277.9,0.0,0.0006,1.0,mean_0.58,2,0.58,0.15,beta,none
City-B,T3,5x,1000.0,S4_GlobalCalib,cross_regime,M_stress,500,True,3,1278.7,735.0,265.0,0.4252,0.0,mean_0.58,2,0.58,0.15,beta,none
City-B,T3,5x,1000.0,S5_CityCalib,routine,M_routine,500,True,3,1273.1,1277.9,0.0,0.0,1.0,mean_0.58,2,0.58,0.15,beta,none
City-B,T3,5x,1000.0,S5_CityCalib,cross_regime,M_stress,500,True,3,1273.1,735.0,265.0,0.4227,0.0,mean_0.58,2,0.58,0.15,beta,none
City-B,T3,5x,1000.0,S6_Q10,routine,M_routine,500,True,4,1088.4,1697.5,0.0,0.0,1.0,mean_0.58,2,0.58,0.15,beta,none
City-B,T3,5x,1000.0,S6_Q10,cross_regime,M_stress,500,True,4,1088.4,982.3,17.7,0.0975,0.0,mean_0.58,2,0.58,0.15,beta,none
City-B,T3,10x,2000.0,S0a_RoutineOracle,routine,M_routine,500,True,5,2094.5,2094.5,0.0,0.0,1.0,mean_0.58,2,0.58,0.15,beta,none
City-B,T3,10x,2000.0,S0a_RoutineOracle,cross_regime,M_stress,500,True,5,2094.5,1197.2,802.8,0.4284,0.0,mean_0.58,2,0.58,0.15,beta,none
City-B,T3,10x,2000.0,S0b_StressOracle,routine,M_routine,500,True,8,2185.2,2743.7,0.0,0.0,1.0,mean_0.58,2,0.58,0.15,beta,none
City-B,T3,10x,2000.0,S0b_StressOracle,cross_regime,M_stress,500,True,8,2185.2,2185.2,0.0,0.0,1.0,mean_0.58,2,0.58,0.15,beta,none
City-B,T3,10x,2000.0,S1_CapRR,routine,M_routine,500,True,3,2203.9,1277.9,722.1,0.4202,0.0,mean_0.58,2,0.58,0.15,beta,none
City-B,T3,10x,2000.0,S1_CapRR,cross_regime,M_stress,500,True,3,2203.9,735.0,1265.0,0.6665,0.0,mean_0.58,2,0.58,0.15,beta,none
City-B,T3,10x,2000.0,S2_Platform,routine,M_routine,500,True,5,2307.7,1844.7,155.3,0.2006,0.0,mean_0.58,2,0.58,0.15,beta,none
City-B,T3,10x,2000.0,S2_Platform,cross_regime,M_stress,500,True,5,2307.7,1257.1,742.9,0.4553,0.0,mean_0.58,2,0.58,0.15,beta,none
City-B,T3,10x,2000.0,S3_Lin4,routine,M_routine,500,True,6,2206.1,2266.5,0.0,0.0,1.0,mean_0.58,2,0.58,0.15,beta,none
City-B,T3,10x,2000.0,S3_Lin4,cross_regime,M_stress,500,True,6,2206.1,1403.6,596.4,0.3638,0.0,mean_0.58,2,0.58,0.15,beta,none
City-B,T3,10x,2000.0,S4_GlobalCalib,routine,M_routine,500,True,5,2043.2,2023.9,0.0,0.0095,1.0,mean_0.58,2,0.58,0.15,beta,none
City-B,T3,10x,2000.0,S4_GlobalCalib,cross_regime,M_stress,500,True,5,2043.2,1224.8,775.2,0.4006,0.0,mean_0.58,2,0.58,0.15,beta,none
City-B,T3,10x,2000.0,S5_CityCalib,routine,M_routine,500,True,5,2034.6,2023.9,0.0,0.0053,1.0,mean_0.58,2,0.58,0.15,beta,none
City-B,T3,10x,2000.0,S5_CityCalib,cross_regime,M_stress,500,True,5,2034.6,1224.8,775.2,0.398,0.0,mean_0.58,2,0.58,0.15,beta,none
City-B,T3,10x,2000.0,S6_Q10,routine,M_routine,500,True,9,2112.0,3233.3,0.0,0.0,1.0,mean_0.58,2,0.58,0.15,beta,none
City-B,T3,10x,2000.0,S6_Q10,cross_regime,M_stress,500,True,9,2112.0,2031.8,0.0,0.038,1.0,mean_0.58,2,0.58,0.15,beta,none
City-B,T4,1x,140.0,S0a_RoutineOracle,routine,M_routine,500,True,1,704.1,704.1,0.0,0.0,1.0,mean_0.58,2,0.58,0.15,beta,none
City-B,T4,1x,140.0,S0a_RoutineOracle,cross_regime,M_stress,500,True,1,704.1,281.9,0.0,0.5997,1.0,mean_0.58,2,0.58,0.15,beta,none
City-B,T4,1x,140.0,S0b_StressOracle,routine,M_routine,500,True,1,463.2,551.6,0.0,0.0,1.0,mean_0.58,2,0.58,0.15,beta,none
City-B,T4,1x,140.0,S0b_StressOracle,cross_regime,M_stress,500,True,1,463.2,463.2,0.0,0.0,1.0,mean_0.58,2,0.58,0.15,beta,none
City-B,T4,1x,140.0,S1_CapRR,routine,M_routine,500,True,1,846.0,653.4,0.0,0.2276,1.0,mean_0.58,2,0.58,0.15,beta,none
City-B,T4,1x,140.0,S1_CapRR,cross_regime,M_stress,500,True,1,846.0,238.2,0.0,0.7185,1.0,mean_0.58,2,0.58,0.15,beta,none
City-B,T4,1x,140.0,S2_Platform,routine,M_routine,500,True,1,480.1,653.4,0.0,0.0,1.0,mean_0.58,2,0.58,0.15,beta,none
City-B,T4,1x,140.0,S2_Platform,cross_regime,M_stress,500,True,1,480.1,238.2,0.0,0.5039,1.0,mean_0.58,2,0.58,0.15,beta,none
City-B,T4,1x,140.0,S3_Lin4,routine,M_routine,500,True,1,405.1,704.1,0.0,0.0,1.0,mean_0.58,2,0.58,0.15,beta,none
City-B,T4,1x,140.0,S3_Lin4,cross_regime,M_stress,500,True,1,405.1,281.9,0.0,0.3043,1.0,mean_0.58,2,0.58,0.15,beta,none
City-B,T4,1x,140.0,S4_GlobalCalib,routine,M_routine,500,True,1,489.1,653.4,0.0,0.0,1.0,mean_0.58,2,0.58,0.15,beta,none
City-B,T4,1x,140.0,S4_GlobalCalib,cross_regime,M_stress,500,True,1,489.1,238.2,0.0,0.5131,1.0,mean_0.58,2,0.58,0.15,beta,none
City-B,T4,1x,140.0,S5_CityCalib,routine,M_routine,500,True,1,481.6,653.4,0.0,0.0,1.0,mean_0.58,2,0.58,0.15,beta,none
City-B,T4,1x,140.0,S5_CityCalib,cross_regime,M_stress,500,True,1,481.6,238.2,0.0,0.5055,1.0,mean_0.58,2,0.58,0.15,beta,none
City-B,T4,1x,140.0,S6_Q10,routine,M_routine,500,True,1,316.4,653.4,0.0,0.0,1.0,mean_0.58,2,0.58,0.15,beta,none
City-B,T4,1x,140.0,S6_Q10,cross_regime,M_stress,500,True,1,316.4,238.2,0.0,0.2472,1.0,mean_0.58,2,0.58,0.15,beta,none
City-B,T4,2x,280.0,S0a_RoutineOracle,routine,M_routine,500,True,1,704.1,704.1,0.0,0.0,1.0,mean_0.58,2,0.58,0.15,beta,none
City-B,T4,2x,280.0,S0a_RoutineOracle,cross_regime,M_stress,500,True,1,704.1,281.9,0.0,0.5997,1.0,mean_0.58,2,0.58,0.15,beta,none
City-B,T4,2x,280.0,S0b_StressOracle,routine,M_routine,500,True,1,463.2,551.6,0.0,0.0,1.0,mean_0.58,2,0.58,0.15,beta,none
City-B,T4,2x,280.0,S0b_StressOracle,cross_regime,M_stress,500,True,1,463.2,463.2,0.0,0.0,1.0,mean_0.58,2,0.58,0.15,beta,none
City-B,T4,2x,280.0,S1_CapRR,routine,M_routine,500,True,1,846.0,653.4,0.0,0.2276,1.0,mean_0.58,2,0.58,0.15,beta,none
City-B,T4,2x,280.0,S1_CapRR,cross_regime,M_stress,500,True,1,846.0,238.2,41.8,0.7185,0.0,mean_0.58,2,0.58,0.15,beta,none
City-B,T4,2x,280.0,S2_Platform,routine,M_routine,500,True,1,480.1,653.4,0.0,0.0,1.0,mean_0.58,2,0.58,0.15,beta,none
City-B,T4,2x,280.0,S2_Platform,cross_regime,M_stress,500,True,1,480.1,238.2,41.8,0.5039,0.0,mean_0.58,2,0.58,0.15,beta,none
City-B,T4,2x,280.0,S3_Lin4,routine,M_routine,500,True,1,405.1,704.1,0.0,0.0,1.0,mean_0.58,2,0.58,0.15,beta,none
City-B,T4,2x,280.0,S3_Lin4,cross_regime,M_stress,500,True,1,405.1,281.9,0.0,0.3043,1.0,mean_0.58,2,0.58,0.15,beta,none
City-B,T4,2x,280.0,S4_GlobalCalib,routine,M_routine,500,True,1,489.1,653.4,0.0,0.0,1.0,mean_0.58,2,0.58,0.15,beta,none
City-B,T4,2x,280.0,S4_GlobalCalib,cross_regime,M_stress,500,True,1,489.1,238.2,41.8,0.5131,0.0,mean_0.58,2,0.58,0.15,beta,none
City-B,T4,2x,280.0,S5_CityCalib,routine,M_routine,500,True,1,481.6,653.4,0.0,0.0,1.0,mean_0.58,2,0.58,0.15,beta,none
City-B,T4,2x,280.0,S5_CityCalib,cross_regime,M_stress,500,True,1,481.6,238.2,41.8,0.5055,0.0,mean_0.58,2,0.58,0.15,beta,none
City-B,T4,2x,280.0,S6_Q10,routine,M_routine,500,True,1,316.4,653.4,0.0,0.0,1.0,mean_0.58,2,0.58,0.15,beta,none
City-B,T4,2x,280.0,S6_Q10,cross_regime,M_stress,500,True,1,316.4,238.2,41.8,0.2472,0.0,mean_0.58,2,0.58,0.15,beta,none
City-B,T4,5x,700.0,S0a_RoutineOracle,routine,M_routine,500,True,1,704.1,704.1,0.0,0.0,1.0,mean_0.58,2,0.58,0.15,beta,none
City-B,T4,5x,700.0,S0a_RoutineOracle,cross_regime,M_stress,500,True,1,704.1,281.9,418.1,0.5997,0.0,mean_0.58,2,0.58,0.15,beta,none
City-B,T4,5x,700.0,S0b_StressOracle,routine,M_routine,500,True,2,801.0,978.6,0.0,0.0,1.0,mean_0.58,2,0.58,0.15,beta,none
City-B,T4,5x,700.0,S0b_StressOracle,cross_regime,M_stress,500,True,2,801.0,801.0,0.0,0.0,1.0,mean_0.58,2,0.58,0.15,beta,none
City-B,T4,5x,700.0,S1_CapRR,routine,M_routine,500,True,1,846.0,653.4,46.6,0.2276,0.0,mean_0.58,2,0.58,0.15,beta,none
City-B,T4,5x,700.0,S1_CapRR,cross_regime,M_stress,500,True,1,846.0,238.2,461.8,0.7185,0.0,mean_0.58,2,0.58,0.15,beta,none
City-B,T4,5x,700.0,S2_Platform,routine,M_routine,500,True,2,912.9,1080.5,0.0,0.0,1.0,mean_0.58,2,0.58,0.15,beta,none
City-B,T4,5x,700.0,S2_Platform,cross_regime,M_stress,500,True,2,912.9,575.9,124.1,0.3692,0.0,mean_0.58,2,0.58,0.15,beta,none
City-B,T4,5x,700.0,S3_Lin4,routine,M_routine,500,True,2,804.9,1131.2,0.0,0.0,1.0,mean_0.58,2,0.58,0.15,beta,none
City-B,T4,5x,700.0,S3_Lin4,cross_regime,M_stress,500,True,2,804.9,619.6,80.4,0.2302,0.0,mean_0.58,2,0.58,0.15,beta,none
City-B,T4,5x,700.0,S4_GlobalCalib,routine,M_routine,500,True,2,975.8,1205.0,0.0,0.0,1.0,mean_0.58,2,0.58,0.15,beta,none
City-B,T4,5x,700.0,S4_GlobalCalib,cross_regime,M_stress,500,True,2,975.8,701.4,0.0,0.2813,1.0,mean_0.58,2,0.58,0.15,beta,none
City-B,T4,5x,700.0,S5_CityCalib,routine,M_routine,500,True,2,960.8,1205.0,0.0,0.0,1.0,mean_0.58,2,0.58,0.15,beta,none
City-B,T4,5x,700.0,S5_CityCalib,cross_regime,M_stress,500,True,2,960.8,701.4,0.0,0.27,1.0,mean_0.58,2,0.58,0.15,beta,none
City-B,T4,5x,700.0,S6_Q10,routine,M_routine,500,True,3,936.6,1909.1,0.0,0.0,1.0,mean_0.58,2,0.58,0.15,beta,none
City-B,T4,5x,700.0,S6_Q10,cross_regime,M_stress,500,True,3,936.6,983.2,0.0,0.0,1.0,mean_0.58,2,0.58,0.15,beta,none
City-B,T4,10x,1400.0,S0a_RoutineOracle,routine,M_routine,500,True,3,1909.1,1909.1,0.0,0.0,1.0,mean_0.58,2,0.58,0.15,beta,none
City-B,T4,10x,1400.0,S0a_RoutineOracle,cross_regime,M_stress,500,True,3,1909.1,983.2,416.8,0.485,0.0,mean_0.58,2,0.58,0.15,beta,none
City-B,T4,10x,1400.0,S0b_StressOracle,routine,M_routine,500,True,5,1645.5,2449.7,0.0,0.0,1.0,mean_0.58,2,0.58,0.15,beta,none
City-B,T4,10x,1400.0,S0b_StressOracle,cross_regime,M_stress,500,True,5,1645.5,1645.5,0.0,0.0,1.0,mean_0.58,2,0.58,0.15,beta,none
City-B,T4,10x,1400.0,S1_CapRR,routine,M_routine,500,True,2,1688.0,1205.0,195.0,0.2861,0.0,mean_0.58,2,0.58,0.15,beta,none
City-B,T4,10x,1400.0,S1_CapRR,cross_regime,M_stress,500,True,2,1688.0,701.4,698.6,0.5845,0.0,mean_0.58,2,0.58,0.15,beta,none
City-B,T4,10x,1400.0,S2_Platform,routine,M_routine,500,True,4,1693.5,2225.8,0.0,0.0,1.0,mean_0.58,2,0.58,0.15,beta,none
City-B,T4,10x,1400.0,S2_Platform,cross_regime,M_stress,500,True,4,1693.5,1141.3,258.7,0.3261,0.0,mean_0.58,2,0.58,0.15,beta,none
City-B,T4,10x,1400.0,S3_Lin4,routine,M_routine,500,True,4,1595.7,2336.2,0.0,0.0,1.0,mean_0.58,2,0.58,0.15,beta,none
City-B,T4,10x,1400.0,S3_Lin4,cross_regime,M_stress,500,True,4,1595.7,1321.0,79.0,0.1721,0.0,mean_0.58,2,0.58,0.15,beta,none
City-B,T4,10x,1400.0,S4_GlobalCalib,routine,M_routine,500,True,3,1447.9,1909.1,0.0,0.0,1.0,mean_0.58,2,0.58,0.15,beta,none
City-B,T4,10x,1400.0,S4_GlobalCalib,cross_regime,M_stress,500,True,3,1447.9,983.2,416.8,0.3209,0.0,mean_0.58,2,0.58,0.15,beta,none
City-B,T4,10x,1400.0,S5_CityCalib,routine,M_routine,500,True,3,1425.7,1909.1,0.0,0.0,1.0,mean_0.58,2,0.58,0.15,beta,none
City-B,T4,10x,1400.0,S5_CityCalib,cross_regime,M_stress,500,True,3,1425.7,983.2,416.8,0.3104,0.0,mean_0.58,2,0.58,0.15,beta,none
City-B,T4,10x,1400.0,S6_Q10,routine,M_routine,500,True,5,1496.6,2595.1,0.0,0.0,1.0,mean_0.58,2,0.58,0.15,beta,none
City-B,T4,10x,1400.0,S6_Q10,cross_regime,M_stress,500,True,5,1496.6,1517.2,0.0,0.0,1.0,mean_0.58,2,0.58,0.15,beta,none
City-B,T5,1x,160.0,S0a_RoutineOracle,routine,M_routine,500,True,1,408.0,408.0,0.0,0.0,1.0,mean_0.58,2,0.58,0.15,beta,none
City-B,T5,1x,160.0,S0a_RoutineOracle,cross_regime,M_stress,500,True,1,408.0,267.5,0.0,0.3444,1.0,mean_0.58,2,0.58,0.15,beta,none
City-B,T5,1x,160.0,S0b_StressOracle,routine,M_routine,500,True,1,364.4,287.4,0.0,0.2114,1.0,mean_0.58,2,0.58,0.15,beta,none
City-B,T5,1x,160.0,S0b_StressOracle,cross_regime,M_stress,500,True,1,364.4,364.4,0.0,0.0,1.0,mean_0.58,2,0.58,0.15,beta,none
City-B,T5,1x,160.0,S1_CapRR,routine,M_routine,500,True,1,744.5,241.8,0.0,0.6752,1.0,mean_0.58,2,0.58,0.15,beta,none
City-B,T5,1x,160.0,S1_CapRR,cross_regime,M_stress,500,True,1,744.5,247.7,0.0,0.6673,1.0,mean_0.58,2,0.58,0.15,beta,none
City-B,T5,1x,160.0,S2_Platform,routine,M_routine,500,True,1,553.3,339.6,0.0,0.3863,1.0,mean_0.58,2,0.58,0.15,beta,none
City-B,T5,1x,160.0,S2_Platform,cross_regime,M_stress,500,True,1,553.3,286.7,0.0,0.4818,1.0,mean_0.58,2,0.58,0.15,beta,none
City-B,T5,1x,160.0,S3_Lin4,routine,M_routine,500,True,1,399.5,408.0,0.0,0.0,1.0,mean_0.58,2,0.58,0.15,beta,none
City-B,T5,1x,160.0,S3_Lin4,cross_regime,M_stress,500,True,1,399.5,267.5,0.0,0.3305,1.0,mean_0.58,2,0.58,0.15,beta,none
City-B,T5,1x,160.0,S4_GlobalCalib,routine,M_routine,500,True,1,435.1,241.8,0.0,0.4441,1.0,mean_0.58,2,0.58,0.15,beta,none
City-B,T5,1x,160.0,S4_GlobalCalib,cross_regime,M_stress,500,True,1,435.1,247.7,0.0,0.4307,1.0,mean_0.58,2,0.58,0.15,beta,none
City-B,T5,1x,160.0,S5_CityCalib,routine,M_routine,500,True,1,437.7,241.8,0.0,0.4475,1.0,mean_0.58,2,0.58,0.15,beta,none
City-B,T5,1x,160.0,S5_CityCalib,cross_regime,M_stress,500,True,1,437.7,247.7,0.0,0.4342,1.0,mean_0.58,2,0.58,0.15,beta,none
City-B,T5,1x,160.0,S6_Q10,routine,M_routine,500,True,1,278.1,241.8,0.0,0.1303,1.0,mean_0.58,2,0.58,0.15,beta,none
City-B,T5,1x,160.0,S6_Q10,cross_regime,M_stress,500,True,1,278.1,247.7,0.0,0.1093,1.0,mean_0.58,2,0.58,0.15,beta,none
City-B,T5,2x,320.0,S0a_RoutineOracle,routine,M_routine,500,True,1,408.0,408.0,0.0,0.0,1.0,mean_0.58,2,0.58,0.15,beta,none
City-B,T5,2x,320.0,S0a_RoutineOracle,cross_regime,M_stress,500,True,1,408.0,267.5,52.5,0.3444,0.0,mean_0.58,2,0.58,0.15,beta,none
City-B,T5,2x,320.0,S0b_StressOracle,routine,M_routine,500,True,1,364.4,287.4,32.6,0.2114,0.0,mean_0.58,2,0.58,0.15,beta,none
City-B,T5,2x,320.0,S0b_StressOracle,cross_regime,M_stress,500,True,1,364.4,364.4,0.0,0.0,1.0,mean_0.58,2,0.58,0.15,beta,none
City-B,T5,2x,320.0,S1_CapRR,routine,M_routine,500,True,1,744.5,241.8,78.2,0.6752,0.0,mean_0.58,2,0.58,0.15,beta,none
City-B,T5,2x,320.0,S1_CapRR,cross_regime,M_stress,500,True,1,744.5,247.7,72.3,0.6673,0.0,mean_0.58,2,0.58,0.15,beta,none
City-B,T5,2x,320.0,S2_Platform,routine,M_routine,500,True,1,553.3,339.6,0.0,0.3863,1.0,mean_0.58,2,0.58,0.15,beta,none
City-B,T5,2x,320.0,S2_Platform,cross_regime,M_stress,500,True,1,553.3,286.7,33.3,0.4818,0.0,mean_0.58,2,0.58,0.15,beta,none
City-B,T5,2x,320.0,S3_Lin4,routine,M_routine,500,True,1,399.5,408.0,0.0,0.0,1.0,mean_0.58,2,0.58,0.15,beta,none
City-B,T5,2x,320.0,S3_Lin4,cross_regime,M_stress,500,True,1,399.5,267.5,52.5,0.3305,0.0,mean_0.58,2,0.58,0.15,beta,none
City-B,T5,2x,320.0,S4_GlobalCalib,routine,M_routine,500,True,1,435.1,241.8,78.2,0.4441,0.0,mean_0.58,2,0.58,0.15,beta,none
City-B,T5,2x,320.0,S4_GlobalCalib,cross_regime,M_stress,500,True,1,435.1,247.7,72.3,0.4307,0.0,mean_0.58,2,0.58,0.15,beta,none
City-B,T5,2x,320.0,S5_CityCalib,routine,M_routine,500,True,1,437.7,241.8,78.2,0.4475,0.0,mean_0.58,2,0.58,0.15,beta,none
City-B,T5,2x,320.0,S5_CityCalib,cross_regime,M_stress,500,True,1,437.7,247.7,72.3,0.4342,0.0,mean_0.58,2,0.58,0.15,beta,none
City-B,T5,2x,320.0,S6_Q10,routine,M_routine,500,True,2,554.8,581.4,0.0,0.0,1.0,mean_0.58,2,0.58,0.15,beta,none
City-B,T5,2x,320.0,S6_Q10,cross_regime,M_stress,500,True,2,554.8,534.4,0.0,0.0368,1.0,mean_0.58,2,0.58,0.15,beta,none
City-B,T5,5x,800.0,S0a_RoutineOracle,routine,M_routine,500,True,3,1120.0,1120.0,0.0,0.0,1.0,mean_0.58,2,0.58,0.15,beta,none
City-B,T5,5x,800.0,S0a_RoutineOracle,cross_regime,M_stress,500,True,3,1120.0,800.8,0.0,0.285,1.0,mean_0.58,2,0.58,0.15,beta,none
City-B,T5,5x,800.0,S0b_StressOracle,routine,M_routine,500,True,3,923.2,969.6,0.0,0.0,1.0,mean_0.58,2,0.58,0.15,beta,none
City-B,T5,5x,800.0,S0b_StressOracle,cross_regime,M_stress,500,True,3,923.2,923.2,0.0,0.0,1.0,mean_0.58,2,0.58,0.15,beta,none
City-B,T5,5x,800.0,S1_CapRR,routine,M_routine,500,True,2,1485.4,581.4,218.6,0.6086,0.0,mean_0.58,2,0.58,0.15,beta,none
City-B,T5,5x,800.0,S1_CapRR,cross_regime,M_stress,500,True,2,1485.4,534.4,265.6,0.6402,0.0,mean_0.58,2,0.58,0.15,beta,none
City-B,T5,5x,800.0,S2_Platform,routine,M_routine,500,True,2,1093.7,747.5,52.5,0.3165,0.0,mean_0.58,2,0.58,0.15,beta,none
City-B,T5,5x,800.0,S2_Platform,cross_regime,M_stress,500,True,2,1093.7,554.2,245.8,0.4933,0.0,mean_0.58,2,0.58,0.15,beta,none
City-B,T5,5x,800.0,S3_Lin4,routine,M_routine,500,True,3,1181.8,937.2,0.0,0.207,1.0,mean_0.58,2,0.58,0.15,beta,none
City-B,T5,5x,800.0,S3_Lin4,cross_regime,M_stress,500,True,3,1181.8,879.5,0.0,0.2558,1.0,mean_0.58,2,0.58,0.15,beta,none
City-B,T5,5x,800.0,S4_GlobalCalib,routine,M_routine,500,True,2,868.0,581.4,218.6,0.3302,0.0,mean_0.58,2,0.58,0.15,beta,none
City-B,T5,5x,800.0,S4_GlobalCalib,cross_regime,M_stress,500,True,2,868.0,534.4,265.6,0.3843,0.0,mean_0.58,2,0.58,0.15,beta,none
City-B,T5,5x,800.0,S5_CityCalib,routine,M_routine,500,True,2,873.3,581.4,218.6,0.3343,0.0,mean_0.58,2,0.58,0.15,beta,none
City-B,T5,5x,800.0,S5_CityCalib,cross_regime,M_stress,500,True,2,873.3,534.4,265.6,0.3881,0.0,mean_0.58,2,0.58,0.15,beta,none
City-B,T5,5x,800.0,S6_Q10,routine,M_routine,500,True,3,823.2,989.4,0.0,0.0,1.0,mean_0.58,2,0.58,0.15,beta,none
City-B,T5,5x,800.0,S6_Q10,cross_regime,M_stress,500,True,3,823.2,801.9,0.0,0.0259,1.0,mean_0.58,2,0.58,0.15,beta,none
City-B,T5,10x,1600.0,S0a_RoutineOracle,routine,M_routine,500,True,5,1797.9,1797.9,0.0,0.0,1.0,mean_0.58,2,0.58,0.15,beta,none
City-B,T5,10x,1600.0,S0a_RoutineOracle,cross_regime,M_stress,500,True,5,1797.9,1310.1,289.9,0.2713,0.0,mean_0.58,2,0.58,0.15,beta,none
City-B,T5,10x,1600.0,S0b_StressOracle,routine,M_routine,500,True,6,1699.6,1988.8,0.0,0.0,1.0,mean_0.58,2,0.58,0.15,beta,none
City-B,T5,10x,1600.0,S0b_StressOracle,cross_regime,M_stress,500,True,6,1699.6,1699.6,0.0,0.0,1.0,mean_0.58,2,0.58,0.15,beta,none
City-B,T5,10x,1600.0,S1_CapRR,routine,M_routine,500,True,3,2203.9,989.4,610.6,0.5511,0.0,mean_0.58,2,0.58,0.15,beta,none
City-B,T5,10x,1600.0,S1_CapRR,cross_regime,M_stress,500,True,3,2203.9,801.9,798.1,0.6362,0.0,mean_0.58,2,0.58,0.15,beta,none
City-B,T5,10x,1600.0,S2_Platform,routine,M_routine,500,True,4,2025.8,1404.3,195.7,0.3068,0.0,mean_0.58,2,0.58,0.15,beta,none
City-B,T5,10x,1600.0,S2_Platform,cross_regime,M_stress,500,True,4,2025.8,1179.9,420.1,0.4176,0.0,mean_0.58,2,0.58,0.15,beta,none
City-B,T5,10x,1600.0,S3_Lin4,routine,M_routine,500,True,5,1897.0,1619.4,0.0,0.1463,1.0,mean_0.58,2,0.58,0.15,beta,none
City-B,T5,10x,1600.0,S3_Lin4,cross_regime,M_stress,500,True,5,1897.0,1438.3,161.7,0.2418,0.0,mean_0.58,2,0.58,0.15,beta,none
City-B,T5,10x,1600.0,S4_GlobalCalib,routine,M_routine,500,True,4,1698.5,1276.8,323.2,0.2483,0.0,mean_0.58,2,0.58,0.15,beta,none
City-B,T5,10x,1600.0,S4_GlobalCalib,cross_regime,M_stress,500,True,4,1698.5,1166.3,433.7,0.3133,0.0,mean_0.58,2,0.58,0.15,beta,none
City-B,T5,10x,1600.0,S5_CityCalib,routine,M_routine,500,True,4,1708.9,1276.8,323.2,0.2529,0.0,mean_0.58,2,0.58,0.15,beta,none
City-B,T5,10x,1600.0,S5_CityCalib,cross_regime,M_stress,500,True,4,1708.9,1166.3,433.7,0.3175,0.0,mean_0.58,2,0.58,0.15,beta,none
City-B,T5,10x,1600.0,S6_Q10,routine,M_routine,500,True,7,1729.7,2327.1,0.0,0.0,1.0,mean_0.58,2,0.58,0.15,beta,none
City-B,T5,10x,1600.0,S6_Q10,cross_regime,M_stress,500,True,7,1729.7,1922.1,0.0,0.0,1.0,mean_0.58,2,0.58,0.15,beta,none
City-C,T1,1x,180.0,S0a_RoutineOracle,routine,M_routine,650,True,1,456.0,456.0,0.0,0.0,1.0,mean_0.58,2,0.58,0.15,beta,none
City-C,T1,1x,180.0,S0a_RoutineOracle,cross_regime,M_stress,650,True,1,456.0,240.4,0.0,0.473,1.0,mean_0.58,2,0.58,0.15,beta,none
City-C,T1,1x,180.0,S0b_StressOracle,routine,M_routine,650,True,1,275.9,281.9,0.0,0.0,1.0,mean_0.58,2,0.58,0.15,beta,none
City-C,T1,1x,180.0,S0b_StressOracle,cross_regime,M_stress,650,True,1,275.9,275.9,0.0,0.0,1.0,mean_0.58,2,0.58,0.15,beta,none
City-C,T1,1x,180.0,S1_CapRR,routine,M_routine,650,True,1,737.0,455.1,0.0,0.3826,1.0,mean_0.58,2,0.58,0.15,beta,none
City-C,T1,1x,180.0,S1_CapRR,cross_regime,M_stress,650,True,1,737.0,223.3,0.0,0.6971,1.0,mean_0.58,2,0.58,0.15,beta,none
City-C,T1,1x,180.0,S2_Platform,routine,M_routine,650,True,1,460.9,455.1,0.0,0.0126,1.0,mean_0.58,2,0.58,0.15,beta,none
City-C,T1,1x,180.0,S2_Platform,cross_regime,M_stress,650,True,1,460.9,223.3,0.0,0.5156,1.0,mean_0.58,2,0.58,0.15,beta,none
City-C,T1,1x,180.0,S3_Lin4,routine,M_routine,650,True,1,363.2,455.1,0.0,0.0,1.0,mean_0.58,2,0.58,0.15,beta,none
City-C,T1,1x,180.0,S3_Lin4,cross_regime,M_stress,650,True,1,363.2,223.3,0.0,0.3852,1.0,mean_0.58,2,0.58,0.15,beta,none
City-C,T1,1x,180.0,S4_GlobalCalib,routine,M_routine,650,True,1,426.5,455.1,0.0,0.0,1.0,mean_0.58,2,0.58,0.15,beta,none
City-C,T1,1x,180.0,S4_GlobalCalib,cross_regime,M_stress,650,True,1,426.5,223.3,0.0,0.4765,1.0,mean_0.58,2,0.58,0.15,beta,none
City-C,T1,1x,180.0,S5_CityCalib,routine,M_routine,650,True,1,423.8,455.1,0.0,0.0,1.0,mean_0.58,2,0.58,0.15,beta,none
City-C,T1,1x,180.0,S5_CityCalib,cross_regime,M_stress,650,True,1,423.8,223.3,0.0,0.4731,1.0,mean_0.58,2,0.58,0.15,beta,none
City-C,T1,1x,180.0,S6_Q10,routine,M_routine,650,True,1,275.5,455.1,0.0,0.0,1.0,mean_0.58,2,0.58,0.15,beta,none
City-C,T1,1x,180.0,S6_Q10,cross_regime,M_stress,650,True,1,275.5,223.3,0.0,0.1894,1.0,mean_0.58,2,0.58,0.15,beta,none
City-C,T1,2x,360.0,S0a_RoutineOracle,routine,M_routine,650,True,1,456.0,456.0,0.0,0.0,1.0,mean_0.58,2,0.58,0.15,beta,none
City-C,T1,2x,360.0,S0a_RoutineOracle,cross_regime,M_stress,650,True,1,456.0,240.4,119.6,0.473,0.0,mean_0.58,2,0.58,0.15,beta,none
City-C,T1,2x,360.0,S0b_StressOracle,routine,M_routine,650,True,2,550.7,685.3,0.0,0.0,1.0,mean_0.58,2,0.58,0.15,beta,none
City-C,T1,2x,360.0,S0b_StressOracle,cross_regime,M_stress,650,True,2,550.7,550.7,0.0,0.0,1.0,mean_0.58,2,0.58,0.15,beta,none
City-C,T1,2x,360.0,S1_CapRR,routine,M_routine,650,True,1,737.0,455.1,0.0,0.3826,1.0,mean_0.58,2,0.58,0.15,beta,none
City-C,T1,2x,360.0,S1_CapRR,cross_regime,M_stress,650,True,1,737.0,223.3,136.7,0.6971,0.0,mean_0.58,2,0.58,0.15,beta,none
City-C,T1,2x,360.0,S2_Platform,routine,M_routine,650,True,1,460.9,455.1,0.0,0.0126,1.0,mean_0.58,2,0.58,0.15,beta,none
City-C,T1,2x,360.0,S2_Platform,cross_regime,M_stress,650,True,1,460.9,223.3,136.7,0.5156,0.0,mean_0.58,2,0.58,0.15,beta,none
City-C,T1,2x,360.0,S3_Lin4,routine,M_routine,650,True,1,363.2,455.1,0.0,0.0,1.0,mean_0.58,2,0.58,0.15,beta,none
City-C,T1,2x,360.0,S3_Lin4,cross_regime,M_stress,650,True,1,363.2,223.3,136.7,0.3852,0.0,mean_0.58,2,0.58,0.15,beta,none
City-C,T1,2x,360.0,S4_GlobalCalib,routine,M_routine,650,True,1,426.5,455.1,0.0,0.0,1.0,mean_0.58,2,0.58,0.15,beta,none
City-C,T1,2x,360.0,S4_GlobalCalib,cross_regime,M_stress,650,True,1,426.5,223.3,136.7,0.4765,0.0,mean_0.58,2,0.58,0.15,beta,none
City-C,T1,2x,360.0,S5_CityCalib,routine,M_routine,650,True,1,423.8,455.1,0.0,0.0,1.0,mean_0.58,2,0.58,0.15,beta,none
City-C,T1,2x,360.0,S5_CityCalib,cross_regime,M_stress,650,True,1,423.8,223.3,136.7,0.4731,0.0,mean_0.58,2,0.58,0.15,beta,none
City-C,T1,2x,360.0,S6_Q10,routine,M_routine,650,True,2,538.0,908.3,0.0,0.0,1.0,mean_0.58,2,0.58,0.15,beta,none
City-C,T1,2x,360.0,S6_Q10,cross_regime,M_stress,650,True,2,538.0,459.6,0.0,0.1457,1.0,mean_0.58,2,0.58,0.15,beta,none
City-C,T1,5x,900.0,S0a_RoutineOracle,routine,M_routine,650,True,2,911.1,911.1,0.0,0.0,1.0,mean_0.58,2,0.58,0.15,beta,none
City-C,T1,5x,900.0,S0a_RoutineOracle,cross_regime,M_stress,650,True,2,911.1,463.6,436.4,0.4911,0.0,mean_0.58,2,0.58,0.15,beta,none
City-C,T1,5x,900.0,S0b_StressOracle,routine,M_routine,650,True,4,1059.9,1347.2,0.0,0.0,1.0,mean_0.58,2,0.58,0.15,beta,none
City-C,T1,5x,900.0,S0b_StressOracle,cross_regime,M_stress,650,True,4,1059.9,1059.9,0.0,0.0,1.0,mean_0.58,2,0.58,0.15,beta,none
City-C,T1,5x,900.0,S1_CapRR,routine,M_routine,650,True,2,1439.5,908.3,0.0,0.3691,1.0,mean_0.58,2,0.58,0.15,beta,none
City-C,T1,5x,900.0,S1_CapRR,cross_regime,M_stress,650,True,2,1439.5,459.6,440.4,0.6807,0.0,mean_0.58,2,0.58,0.15,beta,none
City-C,T1,5x,900.0,S2_Platform,routine,M_routine,650,True,2,904.5,908.3,0.0,0.0,1.0,mean_0.58,2,0.58,0.15,beta,none
City-C,T1,5x,900.0,S2_Platform,cross_regime,M_stress,650,True,2,904.5,459.6,440.4,0.4919,0.0,mean_0.58,2,0.58,0.15,beta,none
City-C,T1,5x,900.0,S3_Lin4,routine,M_routine,650,True,3,1052.4,1364.3,0.0,0.0,1.0,mean_0.58,2,0.58,0.15,beta,none
City-C,T1,5x,900.0,S3_Lin4,cross_regime,M_stress,650,True,3,1052.4,700.0,200.0,0.3348,0.0,mean_0.58,2,0.58,0.15,beta,none
City-C,T1,5x,900.0,S4_GlobalCalib,routine,M_routine,650,True,3,1204.3,1364.3,0.0,0.0,1.0,mean_0.58,2,0.58,0.15,beta,none
City-C,T1,5x,900.0,S4_GlobalCalib,cross_regime,M_stress,650,True,3,1204.3,700.0,200.0,0.4187,0.0,mean_0.58,2,0.58,0.15,beta,none
City-C,T1,5x,900.0,S5_CityCalib,routine,M_routine,650,True,3,1196.6,1364.3,0.0,0.0,1.0,mean_0.58,2,0.58,0.15,beta,none
City-C,T1,5x,900.0,S5_CityCalib,cross_regime,M_stress,650,True,3,1196.6,700.0,200.0,0.415,0.0,mean_0.58,2,0.58,0.15,beta,none
City-C,T1,5x,900.0,S6_Q10,routine,M_routine,650,True,4,996.6,1746.8,0.0,0.0,1.0,mean_0.58,2,0.58,0.15,beta,none
City-C,T1,5x,900.0,S6_Q10,cross_regime,M_stress,650,True,4,996.6,894.7,5.3,0.1022,0.0,mean_0.58,2,0.58,0.15,beta,none
City-C,T1,10x,1800.0,S0a_RoutineOracle,routine,M_routine,650,True,5,2154.1,2154.1,0.0,0.0,1.0,mean_0.58,2,0.58,0.15,beta,none
City-C,T1,10x,1800.0,S0a_RoutineOracle,cross_regime,M_stress,650,True,5,2154.1,1172.7,627.3,0.4556,0.0,mean_0.58,2,0.58,0.15,beta,none
City-C,T1,10x,1800.0,S0b_StressOracle,routine,M_routine,650,True,8,2012.9,2835.5,0.0,0.0,1.0,mean_0.58,2,0.58,0.15,beta,none
City-C,T1,10x,1800.0,S0b_StressOracle,cross_regime,M_stress,650,True,8,2012.9,2012.9,0.0,0.0,1.0,mean_0.58,2,0.58,0.15,beta,none
City-C,T1,10x,1800.0,S1_CapRR,routine,M_routine,650,True,3,2081.1,1364.3,435.7,0.3444,0.0,mean_0.58,2,0.58,0.15,beta,none
City-C,T1,10x,1800.0,S1_CapRR,cross_regime,M_stress,650,True,3,2081.1,700.0,1100.0,0.6636,0.0,mean_0.58,2,0.58,0.15,beta,none
City-C,T1,10x,1800.0,S2_Platform,routine,M_routine,650,True,5,2117.9,2025.5,0.0,0.0436,1.0,mean_0.58,2,0.58,0.15,beta,none
City-C,T1,10x,1800.0,S2_Platform,cross_regime,M_stress,650,True,5,2117.9,1086.3,713.7,0.4871,0.0,mean_0.58,2,0.58,0.15,beta,none
City-C,T1,10x,1800.0,S3_Lin4,routine,M_routine,650,True,6,2019.5,2361.6,0.0,0.0,1.0,mean_0.58,2,0.58,0.15,beta,none
City-C,T1,10x,1800.0,S3_Lin4,cross_regime,M_stress,650,True,6,2019.5,1276.6,523.4,0.3678,0.0,mean_0.58,2,0.58,0.15,beta,none
City-C,T1,10x,1800.0,S4_GlobalCalib,routine,M_routine,650,True,5,1878.1,2133.2,0.0,0.0,1.0,mean_0.58,2,0.58,0.15,beta,none
City-C,T1,10x,1800.0,S4_GlobalCalib,cross_regime,M_stress,650,True,5,1878.1,1092.7,707.3,0.4182,0.0,mean_0.58,2,0.58,0.15,beta,none
City-C,T1,10x,1800.0,S5_CityCalib,routine,M_routine,650,True,5,1866.3,2133.2,0.0,0.0,1.0,mean_0.58,2,0.58,0.15,beta,none
City-C,T1,10x,1800.0,S5_CityCalib,cross_regime,M_stress,650,True,5,1866.3,1092.7,707.3,0.4145,0.0,mean_0.58,2,0.58,0.15,beta,none
City-C,T1,10x,1800.0,S6_Q10,routine,M_routine,650,True,8,1839.2,2920.7,0.0,0.0,1.0,mean_0.58,2,0.58,0.15,beta,none
City-C,T1,10x,1800.0,S6_Q10,cross_regime,M_stress,650,True,8,1839.2,1692.7,107.3,0.0797,0.0,mean_0.58,2,0.58,0.15,beta,none
City-C,T2,1x,260.0,S0a_RoutineOracle,routine,M_routine,650,True,1,635.8,635.8,0.0,0.0,1.0,mean_0.58,2,0.58,0.15,beta,none
City-C,T2,1x,260.0,S0a_RoutineOracle,cross_regime,M_stress,650,True,1,635.8,331.6,0.0,0.4784,1.0,mean_0.58,2,0.58,0.15,beta,none
City-C,T2,1x,260.0,S0b_StressOracle,routine,M_routine,650,True,1,338.3,349.0,0.0,0.0,1.0,mean_0.58,2,0.58,0.15,beta,none
City-C,T2,1x,260.0,S0b_StressOracle,cross_regime,M_stress,650,True,1,338.3,338.3,0.0,0.0,1.0,mean_0.58,2,0.58,0.15,beta,none
City-C,T2,1x,260.0,S1_CapRR,routine,M_routine,650,True,1,737.0,635.8,0.0,0.1373,1.0,mean_0.58,2,0.58,0.15,beta,none
City-C,T2,1x,260.0,S1_CapRR,cross_regime,M_stress,650,True,1,737.0,331.6,0.0,0.5501,1.0,mean_0.58,2,0.58,0.15,beta,none
City-C,T2,1x,260.0,S2_Platform,routine,M_routine,650,True,1,467.3,635.8,0.0,0.0,1.0,mean_0.58,2,0.58,0.15,beta,none
City-C,T2,1x,260.0,S2_Platform,cross_regime,M_stress,650,True,1,467.3,331.6,0.0,0.2903,1.0,mean_0.58,2,0.58,0.15,beta,none
City-C,T2,1x,260.0,S3_Lin4,routine,M_routine,650,True,1,361.9,635.8,0.0,0.0,1.0,mean_0.58,2,0.58,0.15,beta,none
City-C,T2,1x,260.0,S3_Lin4,cross_regime,M_stress,650,True,1,361.9,331.6,0.0,0.0837,1.0,mean_0.58,2,0.58,0.15,beta,none
City-C,T2,1x,260.0,S4_GlobalCalib,routine,M_routine,650,True,1,423.3,635.8,0.0,0.0,1.0,mean_0.58,2,0.58,0.15,beta,none
City-C,T2,1x,260.0,S4_GlobalCalib,cross_regime,M_stress,650,True,1,423.3,331.6,0.0,0.2166,1.0,mean_0.58,2,0.58,0.15,beta,none
City-C,T2,1x,260.0,S5_CityCalib,routine,M_routine,650,True,1,423.5,635.8,0.0,0.0,1.0,mean_0.58,2,0.58,0.15,beta,none
City-C,T2,1x,260.0,S5_CityCalib,cross_regime,M_stress,650,True,1,423.5,331.6,0.0,0.2169,1.0,mean_0.58,2,0.58,0.15,beta,none
City-C,T2,1x,260.0,S6_Q10,routine,M_routine,650,True,1,275.6,635.8,0.0,0.0,1.0,mean_0.58,2,0.58,0.15,beta,none
City-C,T2,1x,260.0,S6_Q10,cross_regime,M_stress,650,True,1,275.6,331.6,0.0,0.0,1.0,mean_0.58,2,0.58,0.15,beta,none
City-C,T2,2x,520.0,S0a_RoutineOracle,routine,M_routine,650,True,1,635.8,635.8,0.0,0.0,1.0,mean_0.58,2,0.58,0.15,beta,none
City-C,T2,2x,520.0,S0a_RoutineOracle,cross_regime,M_stress,650,True,1,635.8,331.6,188.4,0.4784,0.0,mean_0.58,2,0.58,0.15,beta,none
City-C,T2,2x,520.0,S0b_StressOracle,routine,M_routine,650,True,2,669.9,984.8,0.0,0.0,1.0,mean_0.58,2,0.58,0.15,beta,none
City-C,T2,2x,520.0,S0b_StressOracle,cross_regime,M_stress,650,True,2,669.9,669.9,0.0,0.0,1.0,mean_0.58,2,0.58,0.15,beta,none
City-C,T2,2x,520.0,S1_CapRR,routine,M_routine,650,True,1,737.0,635.8,0.0,0.1373,1.0,mean_0.58,2,0.58,0.15,beta,none
City-C,T2,2x,520.0,S1_CapRR,cross_regime,M_stress,650,True,1,737.0,331.6,188.4,0.5501,0.0,mean_0.58,2,0.58,0.15,beta,none
City-C,T2,2x,520.0,S2_Platform,routine,M_routine,650,True,2,902.1,984.8,0.0,0.0,1.0,mean_0.58,2,0.58,0.15,beta,none
City-C,T2,2x,520.0,S2_Platform,cross_regime,M_stress,650,True,2,902.1,669.9,0.0,0.2573,1.0,mean_0.58,2,0.58,0.15,beta,none
City-C,T2,2x,520.0,S3_Lin4,routine,M_routine,650,True,2,709.2,984.8,0.0,0.0,1.0,mean_0.58,2,0.58,0.15,beta,none
City-C,T2,2x,520.0,S3_Lin4,cross_regime,M_stress,650,True,2,709.2,669.9,0.0,0.0553,1.0,mean_0.58,2,0.58,0.15,beta,none
City-C,T2,2x,520.0,S4_GlobalCalib,routine,M_routine,650,True,2,826.8,984.8,0.0,0.0,1.0,mean_0.58,2,0.58,0.15,beta,none
City-C,T2,2x,520.0,S4_GlobalCalib,cross_regime,M_stress,650,True,2,826.8,669.9,0.0,0.1898,1.0,mean_0.58,2,0.58,0.15,beta,none
City-C,T2,2x,520.0,S5_CityCalib,routine,M_routine,650,True,2,827.1,984.8,0.0,0.0,1.0,mean_0.58,2,0.58,0.15,beta,none
City-C,T2,2x,520.0,S5_CityCalib,cross_regime,M_stress,650,True,2,827.1,669.9,0.0,0.1901,1.0,mean_0.58,2,0.58,0.15,beta,none
City-C,T2,2x,520.0,S6_Q10,routine,M_routine,650,True,2,538.2,984.8,0.0,0.0,1.0,mean_0.58,2,0.58,0.15,beta,none
City-C,T2,2x,520.0,S6_Q10,cross_regime,M_stress,650,True,2,538.2,669.9,0.0,0.0,1.0,mean_0.58,2,0.58,0.15,beta,none
City-C,T2,5x,1300.0,S0a_RoutineOracle,routine,M_routine,650,True,3,1527.6,1527.6,0.0,0.0,1.0,mean_0.58,2,0.58,0.15,beta,none
City-C,T2,5x,1300.0,S0a_RoutineOracle,cross_regime,M_stress,650,True,3,1527.6,733.4,566.6,0.5199,0.0,mean_0.58,2,0.58,0.15,beta,none
City-C,T2,5x,1300.0,S0b_StressOracle,routine,M_routine,650,True,5,1462.3,1886.0,0.0,0.0,1.0,mean_0.58,2,0.58,0.15,beta,none
City-C,T2,5x,1300.0,S0b_StressOracle,cross_regime,M_stress,650,True,5,1462.3,1462.3,0.0,0.0,1.0,mean_0.58,2,0.58,0.15,beta,none
City-C,T2,5x,1300.0,S1_CapRR,routine,M_routine,650,True,2,1439.5,984.8,315.2,0.3159,0.0,mean_0.58,2,0.58,0.15,beta,none
City-C,T2,5x,1300.0,S1_CapRR,cross_regime,M_stress,650,True,2,1439.5,669.9,630.1,0.5346,0.0,mean_0.58,2,0.58,0.15,beta,none
City-C,T2,5x,1300.0,S2_Platform,routine,M_routine,650,True,3,1301.1,1299.7,0.3,0.0011,0.0,mean_0.58,2,0.58,0.15,beta,none
City-C,T2,5x,1300.0,S2_Platform,cross_regime,M_stress,650,True,3,1301.1,886.0,414.0,0.3191,0.0,mean_0.58,2,0.58,0.15,beta,none
City-C,T2,5x,1300.0,S3_Lin4,routine,M_routine,650,True,4,1380.2,1486.5,0.0,0.0,1.0,mean_0.58,2,0.58,0.15,beta,none
City-C,T2,5x,1300.0,S3_Lin4,cross_regime,M_stress,650,True,4,1380.2,971.6,328.4,0.296,0.0,mean_0.58,2,0.58,0.15,beta,none
City-C,T2,5x,1300.0,S4_GlobalCalib,routine,M_routine,650,True,4,1532.0,1654.5,0.0,0.0,1.0,mean_0.58,2,0.58,0.15,beta,none
City-C,T2,5x,1300.0,S4_GlobalCalib,cross_regime,M_stress,650,True,4,1532.0,1132.0,168.0,0.2611,0.0,mean_0.58,2,0.58,0.15,beta,none
City-C,T2,5x,1300.0,S5_CityCalib,routine,M_routine,650,True,4,1532.4,1654.5,0.0,0.0,1.0,mean_0.58,2,0.58,0.15,beta,none
City-C,T2,5x,1300.0,S5_CityCalib,cross_regime,M_stress,650,True,4,1532.4,1132.0,168.0,0.2613,0.0,mean_0.58,2,0.58,0.15,beta,none
City-C,T2,5x,1300.0,S6_Q10,routine,M_routine,650,True,6,1425.9,2247.8,0.0,0.0,1.0,mean_0.58,2,0.58,0.15,beta,none
City-C,T2,5x,1300.0,S6_Q10,cross_regime,M_stress,650,True,6,1425.9,1674.2,0.0,0.0,1.0,mean_0.58,2,0.58,0.15,beta,none
City-C,T2,10x,2600.0,S0a_RoutineOracle,routine,M_routine,650,True,6,2657.6,2657.6,0.0,0.0,1.0,mean_0.58,2,0.58,0.15,beta,none
City-C,T2,10x,2600.0,S0a_RoutineOracle,cross_regime,M_stress,650,True,6,2657.6,1316.1,1283.9,0.5048,0.0,mean_0.58,2,0.58,0.15,beta,none
City-C,T2,10x,2600.0,S0b_StressOracle,routine,M_routine,650,True,10,2640.5,3577.2,0.0,0.0,1.0,mean_0.58,2,0.58,0.15,beta,none
City-C,T2,10x,2600.0,S0b_StressOracle,cross_regime,M_stress,650,True,10,2640.5,2640.5,0.0,0.0,1.0,mean_0.58,2,0.58,0.15,beta,none
City-C,T2,10x,2600.0,S1_CapRR,routine,M_routine,650,True,4,2666.6,1654.5,945.5,0.3796,0.0,mean_0.58,2,0.58,0.15,beta,none
City-C,T2,10x,2600.0,S1_CapRR,cross_regime,M_stress,650,True,4,2666.6,1132.0,1468.0,0.5755,0.0,mean_0.58,2,0.58,0.15,beta,none
City-C,T2,10x,2600.0,S2_Platform,routine,M_routine,650,True,7,2815.8,2585.8,14.2,0.0817,0.0,mean_0.58,2,0.58,0.15,beta,none
City-C,T2,10x,2600.0,S2_Platform,cross_regime,M_stress,650,True,7,2815.8,1835.7,764.3,0.3481,0.0,mean_0.58,2,0.58,0.15,beta,none
City-C,T2,10x,2600.0,S3_Lin4,routine,M_routine,650,True,8,2620.5,2776.5,0.0,0.0,1.0,mean_0.58,2,0.58,0.15,beta,none
City-C,T2,10x,2600.0,S3_Lin4,cross_regime,M_stress,650,True,8,2620.5,1938.7,661.3,0.2602,0.0,mean_0.58,2,0.58,0.15,beta,none
City-C,T2,10x,2600.0,S4_GlobalCalib,routine,M_routine,650,True,8,2828.1,2973.5,0.0,0.0,1.0,mean_0.58,2,0.58,0.15,beta,none
City-C,T2,10x,2600.0,S4_GlobalCalib,cross_regime,M_stress,650,True,8,2828.1,2055.6,544.4,0.2731,0.0,mean_0.58,2,0.58,0.15,beta,none
City-C,T2,10x,2600.0,S5_CityCalib,routine,M_routine,650,True,8,2828.5,2973.5,0.0,0.0,1.0,mean_0.58,2,0.58,0.15,beta,none
City-C,T2,10x,2600.0,S5_CityCalib,cross_regime,M_stress,650,True,8,2828.5,2055.6,544.4,0.2732,0.0,mean_0.58,2,0.58,0.15,beta,none
City-C,T2,10x,2600.0,S6_Q10,routine,M_routine,650,True,12,2640.5,4311.9,0.0,0.0,1.0,mean_0.58,2,0.58,0.15,beta,none
City-C,T2,10x,2600.0,S6_Q10,cross_regime,M_stress,650,True,12,2640.5,2795.3,0.0,0.0,1.0,mean_0.58,2,0.58,0.15,beta,none
City-C,T3,1x,200.0,S0a_RoutineOracle,routine,M_routine,650,True,1,368.6,368.6,0.0,0.0,1.0,mean_0.58,2,0.58,0.15,beta,none
City-C,T3,1x,200.0,S0a_RoutineOracle,cross_regime,M_stress,650,True,1,368.6,318.4,0.0,0.1362,1.0,mean_0.58,2,0.58,0.15,beta,none
City-C,T3,1x,200.0,S0b_StressOracle,routine,M_routine,650,True,1,318.4,368.6,0.0,0.0,1.0,mean_0.58,2,0.58,0.15,beta,none
City-C,T3,1x,200.0,S0b_StressOracle,cross_regime,M_stress,650,True,1,318.4,318.4,0.0,0.0,1.0,mean_0.58,2,0.58,0.15,beta,none
City-C,T3,1x,200.0,S1_CapRR,routine,M_routine,650,True,1,648.6,368.6,0.0,0.4317,1.0,mean_0.58,2,0.58,0.15,beta,none
City-C,T3,1x,200.0,S1_CapRR,cross_regime,M_stress,650,True,1,648.6,318.4,0.0,0.5091,1.0,mean_0.58,2,0.58,0.15,beta,none
City-C,T3,1x,200.0,S2_Platform,routine,M_routine,650,True,1,456.8,368.6,0.0,0.193,1.0,mean_0.58,2,0.58,0.15,beta,none
City-C,T3,1x,200.0,S2_Platform,cross_regime,M_stress,650,True,1,456.8,318.4,0.0,0.3029,1.0,mean_0.58,2,0.58,0.15,beta,none
City-C,T3,1x,200.0,S3_Lin4,routine,M_routine,650,True,1,353.3,368.6,0.0,0.0,1.0,mean_0.58,2,0.58,0.15,beta,none
City-C,T3,1x,200.0,S3_Lin4,cross_regime,M_stress,650,True,1,353.3,318.4,0.0,0.0986,1.0,mean_0.58,2,0.58,0.15,beta,none
City-C,T3,1x,200.0,S4_GlobalCalib,routine,M_routine,650,True,1,376.3,368.6,0.0,0.0203,1.0,mean_0.58,2,0.58,0.15,beta,none
City-C,T3,1x,200.0,S4_GlobalCalib,cross_regime,M_stress,650,True,1,376.3,318.4,0.0,0.1537,1.0,mean_0.58,2,0.58,0.15,beta,none
City-C,T3,1x,200.0,S5_CityCalib,routine,M_routine,650,True,1,377.7,368.6,0.0,0.0239,1.0,mean_0.58,2,0.58,0.15,beta,none
City-C,T3,1x,200.0,S5_CityCalib,cross_regime,M_stress,650,True,1,377.7,318.4,0.0,0.1569,1.0,mean_0.58,2,0.58,0.15,beta,none
City-C,T3,1x,200.0,S6_Q10,routine,M_routine,650,True,1,242.9,368.6,0.0,0.0,1.0,mean_0.58,2,0.58,0.15,beta,none
City-C,T3,1x,200.0,S6_Q10,cross_regime,M_stress,650,True,1,242.9,318.4,0.0,0.0,1.0,mean_0.58,2,0.58,0.15,beta,none
City-C,T3,2x,400.0,S0a_RoutineOracle,routine,M_routine,650,True,2,729.5,729.5,0.0,0.0,1.0,mean_0.58,2,0.58,0.15,beta,none
City-C,T3,2x,400.0,S0a_RoutineOracle,cross_regime,M_stress,650,True,2,729.5,437.9,0.0,0.3997,1.0,mean_0.58,2,0.58,0.15,beta,none
City-C,T3,2x,400.0,S0b_StressOracle,routine,M_routine,650,True,2,598.8,675.0,0.0,0.0,1.0,mean_0.58,2,0.58,0.15,beta,none
City-C,T3,2x,400.0,S0b_StressOracle,cross_regime,M_stress,650,True,2,598.8,598.8,0.0,0.0,1.0,mean_0.58,2,0.58,0.15,beta,none
City-C,T3,2x,400.0,S1_CapRR,routine,M_routine,650,True,1,648.6,368.6,31.4,0.4317,0.0,mean_0.58,2,0.58,0.15,beta,none
City-C,T3,2x,400.0,S1_CapRR,cross_regime,M_stress,650,True,1,648.6,318.4,81.6,0.5091,0.0,mean_0.58,2,0.58,0.15,beta,none
City-C,T3,2x,400.0,S2_Platform,routine,M_routine,650,True,1,456.8,368.6,31.4,0.193,0.0,mean_0.58,2,0.58,0.15,beta,none
City-C,T3,2x,400.0,S2_Platform,cross_regime,M_stress,650,True,1,456.8,318.4,81.6,0.3029,0.0,mean_0.58,2,0.58,0.15,beta,none
City-C,T3,2x,400.0,S3_Lin4,routine,M_routine,650,True,2,690.2,675.0,0.0,0.0221,1.0,mean_0.58,2,0.58,0.15,beta,none
City-C,T3,2x,400.0,S3_Lin4,cross_regime,M_stress,650,True,2,690.2,598.8,0.0,0.1325,1.0,mean_0.58,2,0.58,0.15,beta,none
City-C,T3,2x,400.0,S4_GlobalCalib,routine,M_routine,650,True,2,734.8,675.0,0.0,0.0814,1.0,mean_0.58,2,0.58,0.15,beta,none
City-C,T3,2x,400.0,S4_GlobalCalib,cross_regime,M_stress,650,True,2,734.8,598.8,0.0,0.1852,1.0,mean_0.58,2,0.58,0.15,beta,none
City-C,T3,2x,400.0,S5_CityCalib,routine,M_routine,650,True,2,737.6,675.0,0.0,0.0848,1.0,mean_0.58,2,0.58,0.15,beta,none
City-C,T3,2x,400.0,S5_CityCalib,cross_regime,M_stress,650,True,2,737.6,598.8,0.0,0.1882,1.0,mean_0.58,2,0.58,0.15,beta,none
City-C,T3,2x,400.0,S6_Q10,routine,M_routine,650,True,2,474.3,675.0,0.0,0.0,1.0,mean_0.58,2,0.58,0.15,beta,none
City-C,T3,2x,400.0,S6_Q10,cross_regime,M_stress,650,True,2,474.3,598.8,0.0,0.0,1.0,mean_0.58,2,0.58,0.15,beta,none
City-C,T3,5x,1000.0,S0a_RoutineOracle,routine,M_routine,650,True,3,1068.5,1068.5,0.0,0.0,1.0,mean_0.58,2,0.58,0.15,beta,none
City-C,T3,5x,1000.0,S0a_RoutineOracle,cross_regime,M_stress,650,True,3,1068.5,603.1,396.9,0.4355,0.0,mean_0.58,2,0.58,0.15,beta,none
City-C,T3,5x,1000.0,S0b_StressOracle,routine,M_routine,650,True,4,1069.4,1258.3,0.0,0.0,1.0,mean_0.58,2,0.58,0.15,beta,none
City-C,T3,5x,1000.0,S0b_StressOracle,cross_regime,M_stress,650,True,4,1069.4,1069.4,0.0,0.0,1.0,mean_0.58,2,0.58,0.15,beta,none
City-C,T3,5x,1000.0,S1_CapRR,routine,M_routine,650,True,2,1266.8,675.0,325.0,0.4672,0.0,mean_0.58,2,0.58,0.15,beta,none
City-C,T3,5x,1000.0,S1_CapRR,cross_regime,M_stress,650,True,2,1266.8,598.8,401.2,0.5274,0.0,mean_0.58,2,0.58,0.15,beta,none
City-C,T3,5x,1000.0,S2_Platform,routine,M_routine,650,True,3,1285.7,879.1,120.9,0.3162,0.0,mean_0.58,2,0.58,0.15,beta,none
City-C,T3,5x,1000.0,S2_Platform,cross_regime,M_stress,650,True,3,1285.7,610.9,389.1,0.5249,0.0,mean_0.58,2,0.58,0.15,beta,none
City-C,T3,5x,1000.0,S3_Lin4,routine,M_routine,650,True,3,1022.7,995.6,4.4,0.0264,0.0,mean_0.58,2,0.58,0.15,beta,none
City-C,T3,5x,1000.0,S3_Lin4,cross_regime,M_stress,650,True,3,1022.7,811.9,188.1,0.2061,0.0,mean_0.58,2,0.58,0.15,beta,none
City-C,T3,5x,1000.0,S4_GlobalCalib,routine,M_routine,650,True,3,1062.3,995.6,4.4,0.0627,0.0,mean_0.58,2,0.58,0.15,beta,none
City-C,T3,5x,1000.0,S4_GlobalCalib,cross_regime,M_stress,650,True,3,1062.3,811.9,188.1,0.2357,0.0,mean_0.58,2,0.58,0.15,beta,none
City-C,T3,5x,1000.0,S5_CityCalib,routine,M_routine,650,True,3,1066.1,995.6,4.4,0.0661,0.0,mean_0.58,2,0.58,0.15,beta,none
City-C,T3,5x,1000.0,S5_CityCalib,cross_regime,M_stress,650,True,3,1066.1,811.9,188.1,0.2384,0.0,mean_0.58,2,0.58,0.15,beta,none
City-C,T3,5x,1000.0,S6_Q10,routine,M_routine,650,True,5,1069.5,1598.9,0.0,0.0,1.0,mean_0.58,2,0.58,0.15,beta,none
City-C,T3,5x,1000.0,S6_Q10,cross_regime,M_stress,650,True,5,1069.5,1203.8,0.0,0.0,1.0,mean_0.58,2,0.58,0.15,beta,none
City-C,T3,10x,2000.0,S0a_RoutineOracle,routine,M_routine,650,True,6,2040.1,2040.1,0.0,0.0,1.0,mean_0.58,2,0.58,0.15,beta,none
City-C,T3,10x,2000.0,S0a_RoutineOracle,cross_regime,M_stress,650,True,6,2040.1,1219.2,780.8,0.4024,0.0,mean_0.58,2,0.58,0.15,beta,none
City-C,T3,10x,2000.0,S0b_StressOracle,routine,M_routine,650,True,9,2088.2,2422.4,0.0,0.0,1.0,mean_0.58,2,0.58,0.15,beta,none
City-C,T3,10x,2000.0,S0b_StressOracle,cross_regime,M_stress,650,True,9,2088.2,2088.2,0.0,0.0,1.0,mean_0.58,2,0.58,0.15,beta,none
City-C,T3,10x,2000.0,S1_CapRR,routine,M_routine,650,True,4,2346.7,1328.8,671.2,0.4338,0.0,mean_0.58,2,0.58,0.15,beta,none
City-C,T3,10x,2000.0,S1_CapRR,cross_regime,M_stress,650,True,4,2346.7,1059.1,940.9,0.5487,0.0,mean_0.58,2,0.58,0.15,beta,none
City-C,T3,10x,2000.0,S2_Platform,routine,M_routine,650,True,5,2048.1,1409.6,590.4,0.3118,0.0,mean_0.58,2,0.58,0.15,beta,none
City-C,T3,10x,2000.0,S2_Platform,cross_regime,M_stress,650,True,5,2048.1,977.1,1022.9,0.5229,0.0,mean_0.58,2,0.58,0.15,beta,none
City-C,T3,10x,2000.0,S3_Lin4,routine,M_routine,650,True,7,2265.4,2082.0,0.0,0.081,1.0,mean_0.58,2,0.58,0.15,beta,none
City-C,T3,10x,2000.0,S3_Lin4,cross_regime,M_stress,650,True,7,2265.4,1395.4,604.6,0.384,0.0,mean_0.58,2,0.58,0.15,beta,none
City-C,T3,10x,2000.0,S4_GlobalCalib,routine,M_routine,650,True,7,2231.6,1963.9,36.1,0.1199,0.0,mean_0.58,2,0.58,0.15,beta,none
City-C,T3,10x,2000.0,S4_GlobalCalib,cross_regime,M_stress,650,True,7,2231.6,1588.0,412.0,0.2884,0.0,mean_0.58,2,0.58,0.15,beta,none
City-C,T3,10x,2000.0,S5_CityCalib,routine,M_routine,650,True,7,2239.1,1963.9,36.1,0.1229,0.0,mean_0.58,2,0.58,0.15,beta,none
City-C,T3,10x,2000.0,S5_CityCalib,cross_regime,M_stress,650,True,7,2239.1,1588.0,412.0,0.2908,0.0,mean_0.58,2,0.58,0.15,beta,none
City-C,T3,10x,2000.0,S6_Q10,routine,M_routine,650,True,11,2153.5,3117.0,0.0,0.0,1.0,mean_0.58,2,0.58,0.15,beta,none
City-C,T3,10x,2000.0,S6_Q10,cross_regime,M_stress,650,True,11,2153.5,2189.9,0.0,0.0,1.0,mean_0.58,2,0.58,0.15,beta,none
City-C,T4,1x,140.0,S0a_RoutineOracle,routine,M_routine,650,True,1,466.9,466.9,0.0,0.0,1.0,mean_0.58,2,0.58,0.15,beta,none
City-C,T4,1x,140.0,S0a_RoutineOracle,cross_regime,M_stress,650,True,1,466.9,106.7,33.3,0.7714,0.0,mean_0.58,2,0.58,0.15,beta,none
City-C,T4,1x,140.0,S0b_StressOracle,routine,M_routine,650,True,1,322.6,273.8,0.0,0.1514,1.0,mean_0.58,2,0.58,0.15,beta,none
City-C,T4,1x,140.0,S0b_StressOracle,cross_regime,M_stress,650,True,1,322.6,322.6,0.0,0.0,1.0,mean_0.58,2,0.58,0.15,beta,none
City-C,T4,1x,140.0,S1_CapRR,routine,M_routine,650,True,1,737.0,287.0,0.0,0.6106,1.0,mean_0.58,2,0.58,0.15,beta,none
City-C,T4,1x,140.0,S1_CapRR,cross_regime,M_stress,650,True,1,737.0,319.6,0.0,0.5664,1.0,mean_0.58,2,0.58,0.15,beta,none
City-C,T4,1x,140.0,S2_Platform,routine,M_routine,650,True,1,377.7,334.9,0.0,0.1132,1.0,mean_0.58,2,0.58,0.15,beta,none
City-C,T4,1x,140.0,S2_Platform,cross_regime,M_stress,650,True,1,377.7,204.8,0.0,0.4578,1.0,mean_0.58,2,0.58,0.15,beta,none
City-C,T4,1x,140.0,S3_Lin4,routine,M_routine,650,True,1,363.6,287.0,0.0,0.2107,1.0,mean_0.58,2,0.58,0.15,beta,none
City-C,T4,1x,140.0,S3_Lin4,cross_regime,M_stress,650,True,1,363.6,319.6,0.0,0.121,1.0,mean_0.58,2,0.58,0.15,beta,none
City-C,T4,1x,140.0,S4_GlobalCalib,routine,M_routine,650,True,1,426.1,287.0,0.0,0.3264,1.0,mean_0.58,2,0.58,0.15,beta,none
City-C,T4,1x,140.0,S4_GlobalCalib,cross_regime,M_stress,650,True,1,426.1,319.6,0.0,0.2499,1.0,mean_0.58,2,0.58,0.15,beta,none
City-C,T4,1x,140.0,S5_CityCalib,routine,M_routine,650,True,1,429.9,287.0,0.0,0.3324,1.0,mean_0.58,2,0.58,0.15,beta,none
City-C,T4,1x,140.0,S5_CityCalib,cross_regime,M_stress,650,True,1,429.9,319.6,0.0,0.2565,1.0,mean_0.58,2,0.58,0.15,beta,none
City-C,T4,1x,140.0,S6_Q10,routine,M_routine,650,True,1,275.6,287.0,0.0,0.0,1.0,mean_0.58,2,0.58,0.15,beta,none
City-C,T4,1x,140.0,S6_Q10,cross_regime,M_stress,650,True,1,275.6,319.6,0.0,0.0,1.0,mean_0.58,2,0.58,0.15,beta,none
City-C,T4,2x,280.0,S0a_RoutineOracle,routine,M_routine,650,True,1,466.9,466.9,0.0,0.0,1.0,mean_0.58,2,0.58,0.15,beta,none
City-C,T4,2x,280.0,S0a_RoutineOracle,cross_regime,M_stress,650,True,1,466.9,106.7,173.3,0.7714,0.0,mean_0.58,2,0.58,0.15,beta,none
City-C,T4,2x,280.0,S0b_StressOracle,routine,M_routine,650,True,1,322.6,273.8,6.2,0.1514,0.0,mean_0.58,2,0.58,0.15,beta,none
City-C,T4,2x,280.0,S0b_StressOracle,cross_regime,M_stress,650,True,1,322.6,322.6,0.0,0.0,1.0,mean_0.58,2,0.58,0.15,beta,none
City-C,T4,2x,280.0,S1_CapRR,routine,M_routine,650,True,1,737.0,287.0,0.0,0.6106,1.0,mean_0.58,2,0.58,0.15,beta,none
City-C,T4,2x,280.0,S1_CapRR,cross_regime,M_stress,650,True,1,737.0,319.6,0.0,0.5664,1.0,mean_0.58,2,0.58,0.15,beta,none
City-C,T4,2x,280.0,S2_Platform,routine,M_routine,650,True,1,377.7,334.9,0.0,0.1132,1.0,mean_0.58,2,0.58,0.15,beta,none
City-C,T4,2x,280.0,S2_Platform,cross_regime,M_stress,650,True,1,377.7,204.8,75.2,0.4578,0.0,mean_0.58,2,0.58,0.15,beta,none
City-C,T4,2x,280.0,S3_Lin4,routine,M_routine,650,True,1,363.6,287.0,0.0,0.2107,1.0,mean_0.58,2,0.58,0.15,beta,none
City-C,T4,2x,280.0,S3_Lin4,cross_regime,M_stress,650,True,1,363.6,319.6,0.0,0.121,1.0,mean_0.58,2,0.58,0.15,beta,none
City-C,T4,2x,280.0,S4_GlobalCalib,routine,M_routine,650,True,1,426.1,287.0,0.0,0.3264,1.0,mean_0.58,2,0.58,0.15,beta,none
City-C,T4,2x,280.0,S4_GlobalCalib,cross_regime,M_stress,650,True,1,426.1,319.6,0.0,0.2499,1.0,mean_0.58,2,0.58,0.15,beta,none
City-C,T4,2x,280.0,S5_CityCalib,routine,M_routine,650,True,1,429.9,287.0,0.0,0.3324,1.0,mean_0.58,2,0.58,0.15,beta,none
City-C,T4,2x,280.0,S5_CityCalib,cross_regime,M_stress,650,True,1,429.9,319.6,0.0,0.2565,1.0,mean_0.58,2,0.58,0.15,beta,none
City-C,T4,2x,280.0,S6_Q10,routine,M_routine,650,True,2,538.3,549.0,0.0,0.0,1.0,mean_0.58,2,0.58,0.15,beta,none
City-C,T4,2x,280.0,S6_Q10,cross_regime,M_stress,650,True,2,538.3,538.0,0.0,0.0006,1.0,mean_0.58,2,0.58,0.15,beta,none
City-C,T4,5x,700.0,S0a_RoutineOracle,routine,M_routine,650,True,2,932.4,932.4,0.0,0.0,1.0,mean_0.58,2,0.58,0.15,beta,none
City-C,T4,5x,700.0,S0a_RoutineOracle,cross_regime,M_stress,650,True,2,932.4,278.3,421.7,0.7016,0.0,mean_0.58,2,0.58,0.15,beta,none
City-C,T4,5x,700.0,S0b_StressOracle,routine,M_routine,650,True,3,903.7,892.8,0.0,0.012,1.0,mean_0.58,2,0.58,0.15,beta,none
City-C,T4,5x,700.0,S0b_StressOracle,cross_regime,M_stress,650,True,3,903.7,903.7,0.0,0.0,1.0,mean_0.58,2,0.58,0.15,beta,none
City-C,T4,5x,700.0,S1_CapRR,routine,M_routine,650,True,1,737.0,287.0,413.0,0.6106,0.0,mean_0.58,2,0.58,0.15,beta,none
City-C,T4,5x,700.0,S1_CapRR,cross_regime,M_stress,650,True,1,737.0,319.6,380.4,0.5664,0.0,mean_0.58,2,0.58,0.15,beta,none
City-C,T4,5x,700.0,S2_Platform,routine,M_routine,650,True,2,738.2,597.0,103.0,0.1914,0.0,mean_0.58,2,0.58,0.15,beta,none
City-C,T4,5x,700.0,S2_Platform,cross_regime,M_stress,650,True,2,738.2,423.2,276.8,0.4267,0.0,mean_0.58,2,0.58,0.15,beta,none
City-C,T4,5x,700.0,S3_Lin4,routine,M_routine,650,True,2,711.6,549.0,151.0,0.2285,0.0,mean_0.58,2,0.58,0.15,beta,none
City-C,T4,5x,700.0,S3_Lin4,cross_regime,M_stress,650,True,2,711.6,538.0,162.0,0.2439,0.0,mean_0.58,2,0.58,0.15,beta,none
City-C,T4,5x,700.0,S4_GlobalCalib,routine,M_routine,650,True,2,832.2,549.0,151.0,0.3402,0.0,mean_0.58,2,0.58,0.15,beta,none
City-C,T4,5x,700.0,S4_GlobalCalib,cross_regime,M_stress,650,True,2,832.2,538.0,162.0,0.3535,0.0,mean_0.58,2,0.58,0.15,beta,none
City-C,T4,5x,700.0,S5_CityCalib,routine,M_routine,650,True,2,839.5,549.0,151.0,0.346,0.0,mean_0.58,2,0.58,0.15,beta,none
City-C,T4,5x,700.0,S5_CityCalib,cross_regime,M_stress,650,True,2,839.5,538.0,162.0,0.3592,0.0,mean_0.58,2,0.58,0.15,beta,none
City-C,T4,5x,700.0,S6_Q10,routine,M_routine,650,True,3,778.2,903.4,0.0,0.0,1.0,mean_0.58,2,0.58,0.15,beta,none
City-C,T4,5x,700.0,S6_Q10,cross_regime,M_stress,650,True,3,778.2,798.0,0.0,0.0,1.0,mean_0.58,2,0.58,0.15,beta,none
City-C,T4,10x,1400.0,S0a_RoutineOracle,routine,M_routine,650,True,4,1774.4,1774.4,0.0,0.0,1.0,mean_0.58,2,0.58,0.15,beta,none
City-C,T4,10x,1400.0,S0a_RoutineOracle,cross_regime,M_stress,650,True,4,1774.4,569.1,830.9,0.6793,0.0,mean_0.58,2,0.58,0.15,beta,none
City-C,T4,10x,1400.0,S0b_StressOracle,routine,M_routine,650,True,6,1630.6,1552.1,0.0,0.0482,1.0,mean_0.58,2,0.58,0.15,beta,none
City-C,T4,10x,1400.0,S0b_StressOracle,cross_regime,M_stress,650,True,6,1630.6,1630.6,0.0,0.0,1.0,mean_0.58,2,0.58,0.15,beta,none
City-C,T4,10x,1400.0,S1_CapRR,routine,M_routine,650,True,2,1439.5,549.0,851.0,0.6186,0.0,mean_0.58,2,0.58,0.15,beta,none
City-C,T4,10x,1400.0,S1_CapRR,cross_regime,M_stress,650,True,2,1439.5,538.0,862.0,0.6263,0.0,mean_0.58,2,0.58,0.15,beta,none
City-C,T4,10x,1400.0,S2_Platform,routine,M_routine,650,True,4,1425.4,1290.8,109.2,0.0945,0.0,mean_0.58,2,0.58,0.15,beta,none
City-C,T4,10x,1400.0,S2_Platform,cross_regime,M_stress,650,True,4,1425.4,813.7,586.3,0.4292,0.0,mean_0.58,2,0.58,0.15,beta,none
City-C,T4,10x,1400.0,S3_Lin4,routine,M_routine,650,True,5,1714.5,1411.2,0.0,0.1769,1.0,mean_0.58,2,0.58,0.15,beta,none
City-C,T4,10x,1400.0,S3_Lin4,cross_regime,M_stress,650,True,5,1714.5,1120.3,279.7,0.3465,0.0,mean_0.58,2,0.58,0.15,beta,none
City-C,T4,10x,1400.0,S4_GlobalCalib,routine,M_routine,650,True,4,1541.5,1235.4,164.6,0.1985,0.0,mean_0.58,2,0.58,0.15,beta,none
City-C,T4,10x,1400.0,S4_GlobalCalib,cross_regime,M_stress,650,True,4,1541.5,1059.4,340.6,0.3127,0.0,mean_0.58,2,0.58,0.15,beta,none
City-C,T4,10x,1400.0,S5_CityCalib,routine,M_routine,650,True,4,1554.7,1235.4,164.6,0.2054,0.0,mean_0.58,2,0.58,0.15,beta,none
City-C,T4,10x,1400.0,S5_CityCalib,cross_regime,M_stress,650,True,4,1554.7,1059.4,340.6,0.3186,0.0,mean_0.58,2,0.58,0.15,beta,none
City-C,T4,10x,1400.0,S6_Q10,routine,M_routine,650,True,6,1426.2,2062.7,0.0,0.0,1.0,mean_0.58,2,0.58,0.15,beta,none
City-C,T4,10x,1400.0,S6_Q10,cross_regime,M_stress,650,True,6,1426.2,1360.0,40.0,0.0464,0.0,mean_0.58,2,0.58,0.15,beta,none
City-C,T5,1x,160.0,S0a_RoutineOracle,routine,M_routine,650,True,1,394.9,394.9,0.0,0.0,1.0,mean_0.58,2,0.58,0.15,beta,none
City-C,T5,1x,160.0,S0a_RoutineOracle,cross_regime,M_stress,650,True,1,394.9,249.0,0.0,0.3693,1.0,mean_0.58,2,0.58,0.15,beta,none
City-C,T5,1x,160.0,S0b_StressOracle,routine,M_routine,650,True,1,325.7,259.2,0.0,0.2042,1.0,mean_0.58,2,0.58,0.15,beta,none
City-C,T5,1x,160.0,S0b_StressOracle,cross_regime,M_stress,650,True,1,325.7,325.7,0.0,0.0,1.0,mean_0.58,2,0.58,0.15,beta,none
City-C,T5,1x,160.0,S1_CapRR,routine,M_routine,650,True,1,648.6,362.9,0.0,0.4406,1.0,mean_0.58,2,0.58,0.15,beta,none
City-C,T5,1x,160.0,S1_CapRR,cross_regime,M_stress,650,True,1,648.6,274.6,0.0,0.5766,1.0,mean_0.58,2,0.58,0.15,beta,none
City-C,T5,1x,160.0,S2_Platform,routine,M_routine,650,True,1,451.5,362.9,0.0,0.1963,1.0,mean_0.58,2,0.58,0.15,beta,none
City-C,T5,1x,160.0,S2_Platform,cross_regime,M_stress,650,True,1,451.5,274.6,0.0,0.3917,1.0,mean_0.58,2,0.58,0.15,beta,none
City-C,T5,1x,160.0,S3_Lin4,routine,M_routine,650,True,1,355.7,362.9,0.0,0.0,1.0,mean_0.58,2,0.58,0.15,beta,none
City-C,T5,1x,160.0,S3_Lin4,cross_regime,M_stress,650,True,1,355.7,274.6,0.0,0.228,1.0,mean_0.58,2,0.58,0.15,beta,none
City-C,T5,1x,160.0,S4_GlobalCalib,routine,M_routine,650,True,1,378.8,362.9,0.0,0.0422,1.0,mean_0.58,2,0.58,0.15,beta,none
City-C,T5,1x,160.0,S4_GlobalCalib,cross_regime,M_stress,650,True,1,378.8,274.6,0.0,0.275,1.0,mean_0.58,2,0.58,0.15,beta,none
City-C,T5,1x,160.0,S5_CityCalib,routine,M_routine,650,True,1,377.8,362.9,0.0,0.0396,1.0,mean_0.58,2,0.58,0.15,beta,none
City-C,T5,1x,160.0,S5_CityCalib,cross_regime,M_stress,650,True,1,377.8,274.6,0.0,0.2731,1.0,mean_0.58,2,0.58,0.15,beta,none
City-C,T5,1x,160.0,S6_Q10,routine,M_routine,650,True,1,242.3,362.9,0.0,0.0,1.0,mean_0.58,2,0.58,0.15,beta,none
City-C,T5,1x,160.0,S6_Q10,cross_regime,M_stress,650,True,1,242.3,274.6,0.0,0.0,1.0,mean_0.58,2,0.58,0.15,beta,none
City-C,T5,2x,320.0,S0a_RoutineOracle,routine,M_routine,650,True,1,394.9,394.9,0.0,0.0,1.0,mean_0.58,2,0.58,0.15,beta,none
City-C,T5,2x,320.0,S0a_RoutineOracle,cross_regime,M_stress,650,True,1,394.9,249.0,71.0,0.3693,0.0,mean_0.58,2,0.58,0.15,beta,none
City-C,T5,2x,320.0,S0b_StressOracle,routine,M_routine,650,True,1,325.7,259.2,60.8,0.2042,0.0,mean_0.58,2,0.58,0.15,beta,none
City-C,T5,2x,320.0,S0b_StressOracle,cross_regime,M_stress,650,True,1,325.7,325.7,0.0,0.0,1.0,mean_0.58,2,0.58,0.15,beta,none
City-C,T5,2x,320.0,S1_CapRR,routine,M_routine,650,True,1,648.6,362.9,0.0,0.4406,1.0,mean_0.58,2,0.58,0.15,beta,none
City-C,T5,2x,320.0,S1_CapRR,cross_regime,M_stress,650,True,1,648.6,274.6,45.4,0.5766,0.0,mean_0.58,2,0.58,0.15,beta,none
City-C,T5,2x,320.0,S2_Platform,routine,M_routine,650,True,1,451.5,362.9,0.0,0.1963,1.0,mean_0.58,2,0.58,0.15,beta,none
City-C,T5,2x,320.0,S2_Platform,cross_regime,M_stress,650,True,1,451.5,274.6,45.4,0.3917,0.0,mean_0.58,2,0.58,0.15,beta,none
City-C,T5,2x,320.0,S3_Lin4,routine,M_routine,650,True,1,355.7,362.9,0.0,0.0,1.0,mean_0.58,2,0.58,0.15,beta,none
City-C,T5,2x,320.0,S3_Lin4,cross_regime,M_stress,650,True,1,355.7,274.6,45.4,0.228,0.0,mean_0.58,2,0.58,0.15,beta,none
City-C,T5,2x,320.0,S4_GlobalCalib,routine,M_routine,650,True,1,378.8,362.9,0.0,0.0422,1.0,mean_0.58,2,0.58,0.15,beta,none
City-C,T5,2x,320.0,S4_GlobalCalib,cross_regime,M_stress,650,True,1,378.8,274.6,45.4,0.275,0.0,mean_0.58,2,0.58,0.15,beta,none
City-C,T5,2x,320.0,S5_CityCalib,routine,M_routine,650,True,1,377.8,362.9,0.0,0.0396,1.0,mean_0.58,2,0.58,0.15,beta,none
City-C,T5,2x,320.0,S5_CityCalib,cross_regime,M_stress,650,True,1,377.8,274.6,45.4,0.2731,0.0,mean_0.58,2,0.58,0.15,beta,none
City-C,T5,2x,320.0,S6_Q10,routine,M_routine,650,True,2,473.2,622.0,0.0,0.0,1.0,mean_0.58,2,0.58,0.15,beta,none
City-C,T5,2x,320.0,S6_Q10,cross_regime,M_stress,650,True,2,473.2,600.3,0.0,0.0,1.0,mean_0.58,2,0.58,0.15,beta,none
City-C,T5,5x,800.0,S0a_RoutineOracle,routine,M_routine,650,True,3,1102.0,1102.0,0.0,0.0,1.0,mean_0.58,2,0.58,0.15,beta,none
City-C,T5,5x,800.0,S0a_RoutineOracle,cross_regime,M_stress,650,True,3,1102.0,723.4,76.6,0.3436,0.0,mean_0.58,2,0.58,0.15,beta,none
City-C,T5,5x,800.0,S0b_StressOracle,routine,M_routine,650,True,3,849.4,1016.9,0.0,0.0,1.0,mean_0.58,2,0.58,0.15,beta,none
City-C,T5,5x,800.0,S0b_StressOracle,cross_regime,M_stress,650,True,3,849.4,849.4,0.0,0.0,1.0,mean_0.58,2,0.58,0.15,beta,none
City-C,T5,5x,800.0,S1_CapRR,routine,M_routine,650,True,2,1266.8,622.0,178.0,0.509,0.0,mean_0.58,2,0.58,0.15,beta,none
City-C,T5,5x,800.0,S1_CapRR,cross_regime,M_stress,650,True,2,1266.8,600.3,199.7,0.5261,0.0,mean_0.58,2,0.58,0.15,beta,none
City-C,T5,5x,800.0,S2_Platform,routine,M_routine,650,True,2,882.9,639.5,160.5,0.2757,0.0,mean_0.58,2,0.58,0.15,beta,none
City-C,T5,5x,800.0,S2_Platform,cross_regime,M_stress,650,True,2,882.9,492.8,307.2,0.4418,0.0,mean_0.58,2,0.58,0.15,beta,none
City-C,T5,5x,800.0,S3_Lin4,routine,M_routine,650,True,3,1031.2,729.0,71.0,0.293,0.0,mean_0.58,2,0.58,0.15,beta,none
City-C,T5,5x,800.0,S3_Lin4,cross_regime,M_stress,650,True,3,1031.2,781.0,19.0,0.2426,0.0,mean_0.58,2,0.58,0.15,beta,none
City-C,T5,5x,800.0,S4_GlobalCalib,routine,M_routine,650,True,3,1069.4,729.0,71.0,0.3183,0.0,mean_0.58,2,0.58,0.15,beta,none
City-C,T5,5x,800.0,S4_GlobalCalib,cross_regime,M_stress,650,True,3,1069.4,781.0,19.0,0.2697,0.0,mean_0.58,2,0.58,0.15,beta,none
City-C,T5,5x,800.0,S5_CityCalib,routine,M_routine,650,True,3,1066.4,729.0,71.0,0.3164,0.0,mean_0.58,2,0.58,0.15,beta,none
City-C,T5,5x,800.0,S5_CityCalib,cross_regime,M_stress,650,True,3,1066.4,781.0,19.0,0.2677,0.0,mean_0.58,2,0.58,0.15,beta,none
City-C,T5,5x,800.0,S6_Q10,routine,M_routine,650,True,4,876.5,1123.9,0.0,0.0,1.0,mean_0.58,2,0.58,0.15,beta,none
City-C,T5,5x,800.0,S6_Q10,cross_regime,M_stress,650,True,4,876.5,1030.0,0.0,0.0,1.0,mean_0.58,2,0.58,0.15,beta,none
City-C,T5,10x,1600.0,S0a_RoutineOracle,routine,M_routine,650,True,5,1753.7,1753.7,0.0,0.0,1.0,mean_0.58,2,0.58,0.15,beta,none
City-C,T5,10x,1600.0,S0a_RoutineOracle,cross_regime,M_stress,650,True,5,1753.7,1103.1,496.9,0.371,0.0,mean_0.58,2,0.58,0.15,beta,none
City-C,T5,10x,1600.0,S0b_StressOracle,routine,M_routine,650,True,7,1754.8,2108.2,0.0,0.0,1.0,mean_0.58,2,0.58,0.15,beta,none
City-C,T5,10x,1600.0,S0b_StressOracle,cross_regime,M_stress,650,True,7,1754.8,1754.8,0.0,0.0,1.0,mean_0.58,2,0.58,0.15,beta,none
City-C,T5,10x,1600.0,S1_CapRR,routine,M_routine,650,True,3,1831.4,729.0,871.0,0.6019,0.0,mean_0.58,2,0.58,0.15,beta,none
City-C,T5,10x,1600.0,S1_CapRR,cross_regime,M_stress,650,True,3,1831.4,781.0,819.0,0.5736,0.0,mean_0.58,2,0.58,0.15,beta,none
City-C,T5,10x,1600.0,S2_Platform,routine,M_routine,650,True,4,1670.1,1285.8,314.2,0.2301,0.0,mean_0.58,2,0.58,0.15,beta,none
City-C,T5,10x,1600.0,S2_Platform,cross_regime,M_stress,650,True,4,1670.1,829.1,770.9,0.5036,0.0,mean_0.58,2,0.58,0.15,beta,none
City-C,T5,10x,1600.0,S3_Lin4,routine,M_routine,650,True,5,1685.2,1317.6,282.4,0.2181,0.0,mean_0.58,2,0.58,0.15,beta,none
City-C,T5,10x,1600.0,S3_Lin4,cross_regime,M_stress,650,True,5,1685.2,994.7,605.3,0.4097,0.0,mean_0.58,2,0.58,0.15,beta,none
City-C,T5,10x,1600.0,S4_GlobalCalib,routine,M_routine,650,True,5,1667.3,1400.6,199.4,0.1599,0.0,mean_0.58,2,0.58,0.15,beta,none
City-C,T5,10x,1600.0,S4_GlobalCalib,cross_regime,M_stress,650,True,5,1667.3,1248.2,351.8,0.2513,0.0,mean_0.58,2,0.58,0.15,beta,none
City-C,T5,10x,1600.0,S5_CityCalib,routine,M_routine,650,True,5,1662.6,1400.6,199.4,0.1576,0.0,mean_0.58,2,0.58,0.15,beta,none
City-C,T5,10x,1600.0,S5_CityCalib,cross_regime,M_stress,650,True,5,1662.6,1248.2,351.8,0.2492,0.0,mean_0.58,2,0.58,0.15,beta,none
City-C,T5,10x,1600.0,S6_Q10,routine,M_routine,650,True,8,1617.7,2276.7,0.0,0.0,1.0,mean_0.58,2,0.58,0.15,beta,none
City-C,T5,10x,1600.0,S6_Q10,cross_regime,M_stress,650,True,8,1617.7,1632.1,0.0,0.0,1.0,mean_0.58,2,0.58,0.15,beta,none
