city,task_id,p_req_level,p_req,strategy,regime,eval_outcome,pool_size,pool_feasible,n_selected,p_commit,p_deliv,shortfall,ocr,success,config_name,seed_id,xi_mean,xi_std,xi_dist,xi_persistence
City-A,T1,1x,180.0,S0a_RoutineOracle,routine,M_routine,800,True,1,470.8,470.8,0.0,0.0,1.0,std_0.1,1,0.67,0.1,beta,none
City-A,T1,1x,180.0,S0a_RoutineOracle,cross_regime,M_stress,800,True,1,470.8,269.5,0.0,0.4275,1.0,std_0.1,1,0.67,0.1,beta,none
City-A,T1,1x,180.0,S0b_StressOracle,routine,M_routine,800,True,1,293.6,354.3,0.0,0.0,1.0,std_0.1,1,0.67,0.1,beta,none
City-A,T1,1x,180.0,S0b_StressOracle,cross_regime,M_stress,800,True,1,293.6,293.6,0.0,0.0,1.0,std_0.1,1,0.67,0.1,beta,none
City-A,T1,1x,180.0,S1_CapRR,routine,M_routine,800,True,1,678.2,301.4,0.0,0.5556,1.0,std_0.1,1,0.67,0.1,beta,none
City-A,T1,1x,180.0,S1_CapRR,cross_regime,M_stress,800,True,1,678.2,281.7,0.0,0.5846,1.0,std_0.1,1,0.67,0.1,beta,none
City-A,T1,1x,180.0,S2_Platform,routine,M_routine,800,True,1,421.1,301.4,0.0,0.2843,1.0,std_0.1,1,0.67,0.1,beta,none
City-A,T1,1x,180.0,S2_Platform,cross_regime,M_stress,800,True,1,421.1,281.7,0.0,0.331,1.0,std_0.1,1,0.67,0.1,beta,none
City-A,T1,1x,180.0,S3_Lin4,routine,M_routine,800,True,1,487.1,301.4,0.0,0.3813,1.0,std_0.1,1,0.67,0.1,beta,none
City-A,T1,1x,180.0,S3_Lin4,cross_regime,M_stress,800,True,1,487.1,281.7,0.0,0.4217,1.0,std_0.1,1,0.67,0.1,beta,none
City-A,T1,1x,180.0,S4_GlobalCalib,routine,M_routine,800,True,1,450.2,301.4,0.0,0.3306,1.0,std_0.1,1,0.67,0.1,beta,none
City-A,T1,1x,180.0,S4_GlobalCalib,cross_regime,M_stress,800,True,1,450.2,281.7,0.0,0.3742,1.0,std_0.1,1,0.67,0.1,beta,none
City-A,T1,1x,180.0,S5_CityCalib,routine,M_routine,800,True,1,451.6,301.4,0.0,0.3326,1.0,std_0.1,1,0.67,0.1,beta,none
City-A,T1,1x,180.0,S5_CityCalib,cross_regime,M_stress,800,True,1,451.6,281.7,0.0,0.3761,1.0,std_0.1,1,0.67,0.1,beta,none
City-A,T1,1x,180.0,S6_Q10,routine,M_routine,800,True,1,363.5,301.4,0.0,0.171,1.0,std_0.1,1,0.67,0.1,beta,none
City-A,T1,1x,180.0,S6_Q10,cross_regime,M_stress,800,True,1,363.5,281.7,0.0,0.2251,1.0,std_0.1,1,0.67,0.1,beta,none
City-A,T1,2x,360.0,S0a_RoutineOracle,routine,M_routine,800,True,1,470.8,470.8,0.0,0.0,1.0,std_0.1,1,0.67,0.1,beta,none
City-A,T1,2x,360.0,S0a_RoutineOracle,cross_regime,M_stress,800,True,1,470.8,269.5,90.5,0.4275,0.0,std_0.1,1,0.67,0.1,beta,none
City-A,T1,2x,360.0,S0b_StressOracle,routine,M_routine,800,True,2,580.6,787.2,0.0,0.0,1.0,std_0.1,1,0.67,0.1,beta,none
City-A,T1,2x,360.0,S0b_StressOracle,cross_regime,M_stress,800,True,2,580.6,580.6,0.0,0.0,1.0,std_0.1,1,0.67,0.1,beta,none
City-A,T1,2x,360.0,S1_CapRR,routine,M_routine,800,True,1,678.2,301.4,58.6,0.5556,0.0,std_0.1,1,0.67,0.1,beta,none
City-A,T1,2x,360.0,S1_CapRR,cross_regime,M_stress,800,True,1,678.2,281.7,78.3,0.5846,0.0,std_0.1,1,0.67,0.1,beta,none
City-A,T1,2x,360.0,S2_Platform,routine,M_routine,800,True,1,421.1,301.4,58.6,0.2843,0.0,std_0.1,1,0.67,0.1,beta,none
City-A,T1,2x,360.0,S2_Platform,cross_regime,M_stress,800,True,1,421.1,281.7,78.3,0.331,0.0,std_0.1,1,0.67,0.1,beta,none
City-A,T1,2x,360.0,S3_Lin4,routine,M_routine,800,True,1,487.1,301.4,58.6,0.3813,0.0,std_0.1,1,0.67,0.1,beta,none
City-A,T1,2x,360.0,S3_Lin4,cross_regime,M_stress,800,True,1,487.1,281.7,78.3,0.4217,0.0,std_0.1,1,0.67,0.1,beta,none
City-A,T1,2x,360.0,S4_GlobalCalib,routine,M_routine,800,True,1,450.2,301.4,58.6,0.3306,0.0,std_0.1,1,0.67,0.1,beta,none
City-A,T1,2x,360.0,S4_GlobalCalib,cross_regime,M_stress,800,True,1,450.2,281.7,78.3,0.3742,0.0,std_0.1,1,0.67,0.1,beta,none
City-A,T1,2x,360.0,S5_CityCalib,routine,M_routine,800,True,1,451.6,301.4,58.6,0.3326,0.0,std_0.1,1,0.67,0.1,beta,none
City-A,T1,2x,360.0,S5_CityCalib,cross_regime,M_stress,800,True,1,451.6,281.7,78.3,0.3761,0.0,std_0.1,1,0.67,0.1,beta,none
City-A,T1,2x,360.0,S6_Q10,routine,M_routine,800,True,1,363.5,301.4,58.6,0.171,0.0,std_0.1,1,0.67,0.1,beta,none
City-A,T1,2x,360.0,S6_Q10,cross_regime,M_stress,800,True,1,363.5,281.7,78.3,0.2251,0.0,std_0.1,1,0.67,0.1,beta,none
City-A,T1,5x,900.0,S0a_RoutineOracle,routine,M_routine,800,True,2,903.7,903.7,0.0,0.0,1.0,std_0.1,1,0.67,0.1,beta,none
City-A,T1,5x,900.0,S0a_RoutineOracle,cross_regime,M_stress,800,True,2,903.7,556.5,343.5,0.3842,0.0,std_0.1,1,0.67,0.1,beta,none
City-A,T1,5x,900.0,S0b_StressOracle,routine,M_routine,800,True,4,1139.3,1499.3,0.0,0.0,1.0,std_0.1,1,0.67,0.1,beta,none
City-A,T1,5x,900.0,S0b_StressOracle,cross_regime,M_stress,800,True,4,1139.3,1139.3,0.0,0.0,1.0,std_0.1,1,0.67,0.1,beta,none
City-A,T1,5x,900.0,S1_CapRR,routine,M_routine,800,True,2,1293.4,772.1,127.9,0.403,0.0,std_0.1,1,0.67,0.1,beta,none
City-A,T1,5x,900.0,S1_CapRR,cross_regime,M_stress,800,True,2,1293.4,551.2,348.8,0.5738,0.0,std_0.1,1,0.67,0.1,beta,none
City-A,T1,5x,900.0,S2_Platform,routine,M_routine,800,True,3,1202.1,1149.0,0.0,0.0442,1.0,std_0.1,1,0.67,0.1,beta,none
City-A,T1,5x,900.0,S2_Platform,cross_regime,M_stress,800,True,3,1202.1,774.4,125.6,0.3558,0.0,std_0.1,1,0.67,0.1,beta,none
City-A,T1,5x,900.0,S3_Lin4,routine,M_routine,800,True,3,1248.6,1134.7,0.0,0.0913,1.0,std_0.1,1,0.67,0.1,beta,none
City-A,T1,5x,900.0,S3_Lin4,cross_regime,M_stress,800,True,3,1248.6,726.1,173.9,0.4185,0.0,std_0.1,1,0.67,0.1,beta,none
City-A,T1,5x,900.0,S4_GlobalCalib,routine,M_routine,800,True,3,1254.7,1194.8,0.0,0.0477,1.0,std_0.1,1,0.67,0.1,beta,none
City-A,T1,5x,900.0,S4_GlobalCalib,cross_regime,M_stress,800,True,3,1254.7,718.6,181.4,0.4273,0.0,std_0.1,1,0.67,0.1,beta,none
City-A,T1,5x,900.0,S5_CityCalib,routine,M_routine,800,True,3,1258.3,1194.8,0.0,0.0505,1.0,std_0.1,1,0.67,0.1,beta,none
City-A,T1,5x,900.0,S5_CityCalib,cross_regime,M_stress,800,True,3,1258.3,718.6,181.4,0.429,0.0,std_0.1,1,0.67,0.1,beta,none
City-A,T1,5x,900.0,S6_Q10,routine,M_routine,800,True,3,1013.0,1194.8,0.0,0.0,1.0,std_0.1,1,0.67,0.1,beta,none
City-A,T1,5x,900.0,S6_Q10,cross_regime,M_stress,800,True,3,1013.0,718.6,181.4,0.2906,0.0,std_0.1,1,0.67,0.1,beta,none
City-A,T1,10x,1800.0,S0a_RoutineOracle,routine,M_routine,800,True,5,2143.7,2143.7,0.0,0.0,1.0,std_0.1,1,0.67,0.1,beta,none
City-A,T1,10x,1800.0,S0a_RoutineOracle,cross_regime,M_stress,800,True,5,2143.7,1260.3,539.7,0.4121,0.0,std_0.1,1,0.67,0.1,beta,none
City-A,T1,10x,1800.0,S0b_StressOracle,routine,M_routine,800,True,7,1922.7,2702.6,0.0,0.0,1.0,std_0.1,1,0.67,0.1,beta,none
City-A,T1,10x,1800.0,S0b_StressOracle,cross_regime,M_stress,800,True,7,1922.7,1922.7,0.0,0.0,1.0,std_0.1,1,0.67,0.1,beta,none
City-A,T1,10x,1800.0,S1_CapRR,routine,M_routine,800,True,3,1889.7,1194.8,605.2,0.3677,0.0,std_0.1,1,0.67,0.1,beta,none
City-A,T1,10x,1800.0,S1_CapRR,cross_regime,M_stress,800,True,3,1889.7,718.6,1081.4,0.6197,0.0,std_0.1,1,0.67,0.1,beta,none
City-A,T1,10x,1800.0,S2_Platform,routine,M_routine,800,True,5,1914.5,1910.0,0.0,0.0023,1.0,std_0.1,1,0.67,0.1,beta,none
City-A,T1,10x,1800.0,S2_Platform,cross_regime,M_stress,800,True,5,1914.5,1327.3,472.7,0.3067,0.0,std_0.1,1,0.67,0.1,beta,none
City-A,T1,10x,1800.0,S3_Lin4,routine,M_routine,800,True,5,1964.9,2038.4,0.0,0.0,1.0,std_0.1,1,0.67,0.1,beta,none
City-A,T1,10x,1800.0,S3_Lin4,cross_regime,M_stress,800,True,5,1964.9,1282.6,517.4,0.3472,0.0,std_0.1,1,0.67,0.1,beta,none
City-A,T1,10x,1800.0,S4_GlobalCalib,routine,M_routine,800,True,5,2016.9,1982.0,0.0,0.0173,1.0,std_0.1,1,0.67,0.1,beta,none
City-A,T1,10x,1800.0,S4_GlobalCalib,cross_regime,M_stress,800,True,5,2016.9,1299.2,500.8,0.3559,0.0,std_0.1,1,0.67,0.1,beta,none
City-A,T1,10x,1800.0,S5_CityCalib,routine,M_routine,800,True,5,2022.7,1982.0,0.0,0.0201,1.0,std_0.1,1,0.67,0.1,beta,none
City-A,T1,10x,1800.0,S5_CityCalib,cross_regime,M_stress,800,True,5,2022.7,1299.2,500.8,0.3577,0.0,std_0.1,1,0.67,0.1,beta,none
City-A,T1,10x,1800.0,S6_Q10,routine,M_routine,800,True,6,1911.9,2392.7,0.0,0.0,1.0,std_0.1,1,0.67,0.1,beta,none
City-A,T1,10x,1800.0,S6_Q10,cross_regime,M_stress,800,True,6,1911.9,1576.2,223.8,0.1756,0.0,std_0.1,1,0.67,0.1,beta,none
City-A,T2,1x,260.0,S0a_RoutineOracle,routine,M_routine,800,True,1,488.3,488.3,0.0,0.0,1.0,std_0.1,1,0.67,0.1,beta,none
City-A,T2,1x,260.0,S0a_RoutineOracle,cross_regime,M_stress,800,True,1,488.3,289.7,0.0,0.4068,1.0,std_0.1,1,0.67,0.1,beta,none
City-A,T2,1x,260.0,S0b_StressOracle,routine,M_routine,800,True,1,338.0,328.2,0.0,0.029,1.0,std_0.1,1,0.67,0.1,beta,none
City-A,T2,1x,260.0,S0b_StressOracle,cross_regime,M_stress,800,True,1,338.0,338.0,0.0,0.0,1.0,std_0.1,1,0.67,0.1,beta,none
City-A,T2,1x,260.0,S1_CapRR,routine,M_routine,800,True,1,678.2,488.3,0.0,0.2799,1.0,std_0.1,1,0.67,0.1,beta,none
City-A,T2,1x,260.0,S1_CapRR,cross_regime,M_stress,800,True,1,678.2,289.7,0.0,0.5728,1.0,std_0.1,1,0.67,0.1,beta,none
City-A,T2,1x,260.0,S2_Platform,routine,M_routine,800,True,1,441.1,488.3,0.0,0.0,1.0,std_0.1,1,0.67,0.1,beta,none
City-A,T2,1x,260.0,S2_Platform,cross_regime,M_stress,800,True,1,441.1,289.7,0.0,0.3433,1.0,std_0.1,1,0.67,0.1,beta,none
City-A,T2,1x,260.0,S3_Lin4,routine,M_routine,800,True,1,487.1,488.3,0.0,0.0,1.0,std_0.1,1,0.67,0.1,beta,none
City-A,T2,1x,260.0,S3_Lin4,cross_regime,M_stress,800,True,1,487.1,289.7,0.0,0.4053,1.0,std_0.1,1,0.67,0.1,beta,none
City-A,T2,1x,260.0,S4_GlobalCalib,routine,M_routine,800,True,1,452.8,488.3,0.0,0.0,1.0,std_0.1,1,0.67,0.1,beta,none
City-A,T2,1x,260.0,S4_GlobalCalib,cross_regime,M_stress,800,True,1,452.8,289.7,0.0,0.3603,1.0,std_0.1,1,0.67,0.1,beta,none
City-A,T2,1x,260.0,S5_CityCalib,routine,M_routine,800,True,1,450.8,488.3,0.0,0.0,1.0,std_0.1,1,0.67,0.1,beta,none
City-A,T2,1x,260.0,S5_CityCalib,cross_regime,M_stress,800,True,1,450.8,289.7,0.0,0.3574,1.0,std_0.1,1,0.67,0.1,beta,none
City-A,T2,1x,260.0,S6_Q10,routine,M_routine,800,True,1,364.5,488.3,0.0,0.0,1.0,std_0.1,1,0.67,0.1,beta,none
City-A,T2,1x,260.0,S6_Q10,cross_regime,M_stress,800,True,1,364.5,289.7,0.0,0.2052,1.0,std_0.1,1,0.67,0.1,beta,none
City-A,T2,2x,520.0,S0a_RoutineOracle,routine,M_routine,800,True,2,913.6,913.6,0.0,0.0,1.0,std_0.1,1,0.67,0.1,beta,none
City-A,T2,2x,520.0,S0a_RoutineOracle,cross_regime,M_stress,800,True,2,913.6,593.5,0.0,0.3503,1.0,std_0.1,1,0.67,0.1,beta,none
City-A,T2,2x,520.0,S0b_StressOracle,routine,M_routine,800,True,2,641.9,753.5,0.0,0.0,1.0,std_0.1,1,0.67,0.1,beta,none
City-A,T2,2x,520.0,S0b_StressOracle,cross_regime,M_stress,800,True,2,641.9,641.9,0.0,0.0,1.0,std_0.1,1,0.67,0.1,beta,none
City-A,T2,2x,520.0,S1_CapRR,routine,M_routine,800,True,1,678.2,488.3,31.7,0.2799,0.0,std_0.1,1,0.67,0.1,beta,none
City-A,T2,2x,520.0,S1_CapRR,cross_regime,M_stress,800,True,1,678.2,289.7,230.3,0.5728,0.0,std_0.1,1,0.67,0.1,beta,none
City-A,T2,2x,520.0,S2_Platform,routine,M_routine,800,True,2,849.9,816.6,0.0,0.0392,1.0,std_0.1,1,0.67,0.1,beta,none
City-A,T2,2x,520.0,S2_Platform,cross_regime,M_stress,800,True,2,849.9,627.7,0.0,0.2614,1.0,std_0.1,1,0.67,0.1,beta,none
City-A,T2,2x,520.0,S3_Lin4,routine,M_routine,800,True,2,870.6,868.7,0.0,0.0023,1.0,std_0.1,1,0.67,0.1,beta,none
City-A,T2,2x,520.0,S3_Lin4,cross_regime,M_stress,800,True,2,870.6,505.7,14.3,0.4191,0.0,std_0.1,1,0.67,0.1,beta,none
City-A,T2,2x,520.0,S4_GlobalCalib,routine,M_routine,800,True,2,863.6,816.6,0.0,0.0545,1.0,std_0.1,1,0.67,0.1,beta,none
City-A,T2,2x,520.0,S4_GlobalCalib,cross_regime,M_stress,800,True,2,863.6,627.7,0.0,0.2732,1.0,std_0.1,1,0.67,0.1,beta,none
City-A,T2,2x,520.0,S5_CityCalib,routine,M_routine,800,True,2,859.8,816.6,0.0,0.0503,1.0,std_0.1,1,0.67,0.1,beta,none
City-A,T2,2x,520.0,S5_CityCalib,cross_regime,M_stress,800,True,2,859.8,627.7,0.0,0.27,1.0,std_0.1,1,0.67,0.1,beta,none
City-A,T2,2x,520.0,S6_Q10,routine,M_routine,800,True,2,695.1,816.6,0.0,0.0,1.0,std_0.1,1,0.67,0.1,beta,none
City-A,T2,2x,520.0,S6_Q10,cross_regime,M_stress,800,True,2,695.1,627.7,0.0,0.097,1.0,std_0.1,1,0.67,0.1,beta,none
City-A,T2,5x,1300.0,S0a_RoutineOracle,routine,M_routine,800,True,3,1335.0,1335.0,0.0,0.0,1.0,std_0.1,1,0.67,0.1,beta,none
City-A,T2,5x,1300.0,S0a_RoutineOracle,cross_regime,M_stress,800,True,3,1335.0,784.1,515.9,0.4127,0.0,std_0.1,1,0.67,0.1,beta,none
City-A,T2,5x,1300.0,S0b_StressOracle,routine,M_routine,800,True,5,1462.2,1856.5,0.0,0.0,1.0,std_0.1,1,0.67,0.1,beta,none
City-A,T2,5x,1300.0,S0b_StressOracle,cross_regime,M_stress,800,True,5,1462.2,1462.2,0.0,0.0,1.0,std_0.1,1,0.67,0.1,beta,none
City-A,T2,5x,1300.0,S1_CapRR,routine,M_routine,800,True,3,1889.7,1196.9,103.1,0.3666,0.0,std_0.1,1,0.67,0.1,beta,none
City-A,T2,5x,1300.0,S1_CapRR,cross_regime,M_stress,800,True,3,1889.7,843.8,456.2,0.5535,0.0,std_0.1,1,0.67,0.1,beta,none
City-A,T2,5x,1300.0,S2_Platform,routine,M_routine,800,True,4,1596.5,1391.1,0.0,0.1287,1.0,std_0.1,1,0.67,0.1,beta,none
City-A,T2,5x,1300.0,S2_Platform,cross_regime,M_stress,800,True,4,1596.5,1090.9,209.1,0.3167,0.0,std_0.1,1,0.67,0.1,beta,none
City-A,T2,5x,1300.0,S3_Lin4,routine,M_routine,800,True,4,1607.6,1618.3,0.0,0.0,1.0,std_0.1,1,0.67,0.1,beta,none
City-A,T2,5x,1300.0,S3_Lin4,cross_regime,M_stress,800,True,4,1607.6,1034.3,265.7,0.3566,0.0,std_0.1,1,0.67,0.1,beta,none
City-A,T2,5x,1300.0,S4_GlobalCalib,routine,M_routine,800,True,4,1650.7,1622.1,0.0,0.0173,1.0,std_0.1,1,0.67,0.1,beta,none
City-A,T2,5x,1300.0,S4_GlobalCalib,cross_regime,M_stress,800,True,4,1650.7,1147.6,152.4,0.3048,0.0,std_0.1,1,0.67,0.1,beta,none
City-A,T2,5x,1300.0,S5_CityCalib,routine,M_routine,800,True,4,1643.6,1622.1,0.0,0.0131,1.0,std_0.1,1,0.67,0.1,beta,none
City-A,T2,5x,1300.0,S5_CityCalib,cross_regime,M_stress,800,True,4,1643.6,1147.6,152.4,0.3018,0.0,std_0.1,1,0.67,0.1,beta,none
City-A,T2,5x,1300.0,S6_Q10,routine,M_routine,800,True,4,1328.6,1622.1,0.0,0.0,1.0,std_0.1,1,0.67,0.1,beta,none
City-A,T2,5x,1300.0,S6_Q10,cross_regime,M_stress,800,True,4,1328.6,1147.6,152.4,0.1363,0.0,std_0.1,1,0.67,0.1,beta,none
City-A,T2,10x,2600.0,S0a_RoutineOracle,routine,M_routine,800,True,7,2821.5,2821.5,0.0,0.0,1.0,std_0.1,1,0.67,0.1,beta,none
City-A,T2,10x,2600.0,S0a_RoutineOracle,cross_regime,M_stress,800,True,7,2821.5,1625.8,974.2,0.4238,0.0,std_0.1,1,0.67,0.1,beta,none
City-A,T2,10x,2600.0,S0b_StressOracle,routine,M_routine,800,True,10,2613.6,3398.1,0.0,0.0,1.0,std_0.1,1,0.67,0.1,beta,none
City-A,T2,10x,2600.0,S0b_StressOracle,cross_regime,M_stress,800,True,10,2613.6,2613.6,0.0,0.0,1.0,std_0.1,1,0.67,0.1,beta,none
City-A,T2,10x,2600.0,S1_CapRR,routine,M_routine,800,True,5,3037.3,1977.0,623.0,0.3491,0.0,std_0.1,1,0.67,0.1,beta,none
City-A,T2,10x,2600.0,S1_CapRR,cross_regime,M_stress,800,True,5,3037.3,1417.1,1182.9,0.5334,0.0,std_0.1,1,0.67,0.1,beta,none
City-A,T2,10x,2600.0,S2_Platform,routine,M_routine,800,True,7,2630.1,2341.9,258.1,0.1096,0.0,std_0.1,1,0.67,0.1,beta,none
City-A,T2,10x,2600.0,S2_Platform,cross_regime,M_stress,800,True,7,2630.1,1747.0,853.0,0.3358,0.0,std_0.1,1,0.67,0.1,beta,none
City-A,T2,10x,2600.0,S3_Lin4,routine,M_routine,800,True,7,2659.5,2765.6,0.0,0.0,1.0,std_0.1,1,0.67,0.1,beta,none
City-A,T2,10x,2600.0,S3_Lin4,cross_regime,M_stress,800,True,7,2659.5,1769.1,830.9,0.3348,0.0,std_0.1,1,0.67,0.1,beta,none
City-A,T2,10x,2600.0,S4_GlobalCalib,routine,M_routine,800,True,7,2729.8,2618.0,0.0,0.0409,1.0,std_0.1,1,0.67,0.1,beta,none
City-A,T2,10x,2600.0,S4_GlobalCalib,cross_regime,M_stress,800,True,7,2729.8,1801.4,798.6,0.3401,0.0,std_0.1,1,0.67,0.1,beta,none
City-A,T2,10x,2600.0,S5_CityCalib,routine,M_routine,800,True,7,2718.4,2618.0,0.0,0.0369,1.0,std_0.1,1,0.67,0.1,beta,none
City-A,T2,10x,2600.0,S5_CityCalib,cross_regime,M_stress,800,True,7,2718.4,1801.4,798.6,0.3373,0.0,std_0.1,1,0.67,0.1,beta,none
City-A,T2,10x,2600.0,S6_Q10,routine,M_routine,800,True,9,2748.4,3255.4,0.0,0.0,1.0,std_0.1,1,0.67,0.1,beta,none
City-A,T2,10x,2600.0,S6_Q10,cross_regime,M_stress,800,True,9,2748.4,2319.6,280.4,0.156,0.0,std_0.1,1,0.67,0.1,beta,none
City-A,T3,1x,200.0,S0a_RoutineOracle,routine,M_routine,800,True,1,373.6,373.6,0.0,0.0,1.0,std_0.1,1,0.67,0.1,beta,none
City-A,T3,1x,200.0,S0a_RoutineOracle,cross_regime,M_stress,800,True,1,373.6,202.3,0.0,0.4585,1.0,std_0.1,1,0.67,0.1,beta,none
City-A,T3,1x,200.0,S0b_StressOracle,routine,M_routine,800,True,1,289.3,369.9,0.0,0.0,1.0,std_0.1,1,0.67,0.1,beta,none
City-A,T3,1x,200.0,S0b_StressOracle,cross_regime,M_stress,800,True,1,289.3,289.3,0.0,0.0,1.0,std_0.1,1,0.67,0.1,beta,none
City-A,T3,1x,200.0,S1_CapRR,routine,M_routine,800,True,1,596.8,369.9,0.0,0.3801,1.0,std_0.1,1,0.67,0.1,beta,none
City-A,T3,1x,200.0,S1_CapRR,cross_regime,M_stress,800,True,1,596.8,289.3,0.0,0.5152,1.0,std_0.1,1,0.67,0.1,beta,none
City-A,T3,1x,200.0,S2_Platform,routine,M_routine,800,True,1,470.7,369.9,0.0,0.214,1.0,std_0.1,1,0.67,0.1,beta,none
City-A,T3,1x,200.0,S2_Platform,cross_regime,M_stress,800,True,1,470.7,289.3,0.0,0.3853,1.0,std_0.1,1,0.67,0.1,beta,none
City-A,T3,1x,200.0,S3_Lin4,routine,M_routine,800,True,1,484.2,369.9,0.0,0.236,1.0,std_0.1,1,0.67,0.1,beta,none
City-A,T3,1x,200.0,S3_Lin4,cross_regime,M_stress,800,True,1,484.2,289.3,0.0,0.4025,1.0,std_0.1,1,0.67,0.1,beta,none
City-A,T3,1x,200.0,S4_GlobalCalib,routine,M_routine,800,True,1,396.1,369.9,0.0,0.0661,1.0,std_0.1,1,0.67,0.1,beta,none
City-A,T3,1x,200.0,S4_GlobalCalib,cross_regime,M_stress,800,True,1,396.1,289.3,0.0,0.2697,1.0,std_0.1,1,0.67,0.1,beta,none
City-A,T3,1x,200.0,S5_CityCalib,routine,M_routine,800,True,1,395.9,369.9,0.0,0.0657,1.0,std_0.1,1,0.67,0.1,beta,none
City-A,T3,1x,200.0,S5_CityCalib,cross_regime,M_stress,800,True,1,395.9,289.3,0.0,0.2693,1.0,std_0.1,1,0.67,0.1,beta,none
City-A,T3,1x,200.0,S6_Q10,routine,M_routine,800,True,1,319.6,369.9,0.0,0.0,1.0,std_0.1,1,0.67,0.1,beta,none
City-A,T3,1x,200.0,S6_Q10,cross_regime,M_stress,800,True,1,319.6,289.3,0.0,0.0947,1.0,std_0.1,1,0.67,0.1,beta,none
City-A,T3,2x,400.0,S0a_RoutineOracle,routine,M_routine,800,True,2,746.5,746.5,0.0,0.0,1.0,std_0.1,1,0.67,0.1,beta,none
City-A,T3,2x,400.0,S0a_RoutineOracle,cross_regime,M_stress,800,True,2,746.5,437.7,0.0,0.4137,1.0,std_0.1,1,0.67,0.1,beta,none
City-A,T3,2x,400.0,S0b_StressOracle,routine,M_routine,800,True,2,546.4,677.7,0.0,0.0,1.0,std_0.1,1,0.67,0.1,beta,none
City-A,T3,2x,400.0,S0b_StressOracle,cross_regime,M_stress,800,True,2,546.4,546.4,0.0,0.0,1.0,std_0.1,1,0.67,0.1,beta,none
City-A,T3,2x,400.0,S1_CapRR,routine,M_routine,800,True,1,596.8,369.9,30.1,0.3801,0.0,std_0.1,1,0.67,0.1,beta,none
City-A,T3,2x,400.0,S1_CapRR,cross_regime,M_stress,800,True,1,596.8,289.3,110.7,0.5152,0.0,std_0.1,1,0.67,0.1,beta,none
City-A,T3,2x,400.0,S2_Platform,routine,M_routine,800,True,1,470.7,369.9,30.1,0.214,0.0,std_0.1,1,0.67,0.1,beta,none
City-A,T3,2x,400.0,S2_Platform,cross_regime,M_stress,800,True,1,470.7,289.3,110.7,0.3853,0.0,std_0.1,1,0.67,0.1,beta,none
City-A,T3,2x,400.0,S3_Lin4,routine,M_routine,800,True,1,484.2,369.9,30.1,0.236,0.0,std_0.1,1,0.67,0.1,beta,none
City-A,T3,2x,400.0,S3_Lin4,cross_regime,M_stress,800,True,1,484.2,289.3,110.7,0.4025,0.0,std_0.1,1,0.67,0.1,beta,none
City-A,T3,2x,400.0,S4_GlobalCalib,routine,M_routine,800,True,2,755.5,743.6,0.0,0.0158,1.0,std_0.1,1,0.67,0.1,beta,none
City-A,T3,2x,400.0,S4_GlobalCalib,cross_regime,M_stress,800,True,2,755.5,491.6,0.0,0.3493,1.0,std_0.1,1,0.67,0.1,beta,none
City-A,T3,2x,400.0,S5_CityCalib,routine,M_routine,800,True,2,755.2,743.6,0.0,0.0154,1.0,std_0.1,1,0.67,0.1,beta,none
City-A,T3,2x,400.0,S5_CityCalib,cross_regime,M_stress,800,True,2,755.2,491.6,0.0,0.349,1.0,std_0.1,1,0.67,0.1,beta,none
City-A,T3,2x,400.0,S6_Q10,routine,M_routine,800,True,2,609.4,743.6,0.0,0.0,1.0,std_0.1,1,0.67,0.1,beta,none
City-A,T3,2x,400.0,S6_Q10,cross_regime,M_stress,800,True,2,609.4,491.6,0.0,0.1933,1.0,std_0.1,1,0.67,0.1,beta,none
City-A,T3,5x,1000.0,S0a_RoutineOracle,routine,M_routine,800,True,3,1116.4,1116.4,0.0,0.0,1.0,std_0.1,1,0.67,0.1,beta,none
City-A,T3,5x,1000.0,S0a_RoutineOracle,cross_regime,M_stress,800,True,3,1116.4,727.0,273.0,0.3488,0.0,std_0.1,1,0.67,0.1,beta,none
City-A,T3,5x,1000.0,S0b_StressOracle,routine,M_routine,800,True,4,1010.7,1322.0,0.0,0.0,1.0,std_0.1,1,0.67,0.1,beta,none
City-A,T3,5x,1000.0,S0b_StressOracle,cross_regime,M_stress,800,True,4,1010.7,1010.7,0.0,0.0,1.0,std_0.1,1,0.67,0.1,beta,none
City-A,T3,5x,1000.0,S1_CapRR,routine,M_routine,800,True,2,1138.1,743.6,256.4,0.3467,0.0,std_0.1,1,0.67,0.1,beta,none
City-A,T3,5x,1000.0,S1_CapRR,cross_regime,M_stress,800,True,2,1138.1,491.6,508.4,0.568,0.0,std_0.1,1,0.67,0.1,beta,none
City-A,T3,5x,1000.0,S2_Platform,routine,M_routine,800,True,3,1264.8,1043.7,0.0,0.1748,1.0,std_0.1,1,0.67,0.1,beta,none
City-A,T3,5x,1000.0,S2_Platform,cross_regime,M_stress,800,True,3,1264.8,739.2,260.8,0.4155,0.0,std_0.1,1,0.67,0.1,beta,none
City-A,T3,5x,1000.0,S3_Lin4,routine,M_routine,800,True,3,1230.1,1003.5,0.0,0.1842,1.0,std_0.1,1,0.67,0.1,beta,none
City-A,T3,5x,1000.0,S3_Lin4,cross_regime,M_stress,800,True,3,1230.1,707.0,293.0,0.4252,0.0,std_0.1,1,0.67,0.1,beta,none
City-A,T3,5x,1000.0,S4_GlobalCalib,routine,M_routine,800,True,3,1103.9,1044.5,0.0,0.0538,1.0,std_0.1,1,0.67,0.1,beta,none
City-A,T3,5x,1000.0,S4_GlobalCalib,cross_regime,M_stress,800,True,3,1103.9,706.1,293.9,0.3603,0.0,std_0.1,1,0.67,0.1,beta,none
City-A,T3,5x,1000.0,S5_CityCalib,routine,M_routine,800,True,3,1103.5,1044.5,0.0,0.0535,1.0,std_0.1,1,0.67,0.1,beta,none
City-A,T3,5x,1000.0,S5_CityCalib,cross_regime,M_stress,800,True,3,1103.5,706.1,293.9,0.3601,0.0,std_0.1,1,0.67,0.1,beta,none
City-A,T3,5x,1000.0,S6_Q10,routine,M_routine,800,True,4,1164.9,1352.2,0.0,0.0,1.0,std_0.1,1,0.67,0.1,beta,none
City-A,T3,5x,1000.0,S6_Q10,cross_regime,M_stress,800,True,4,1164.9,963.2,36.8,0.1731,0.0,std_0.1,1,0.67,0.1,beta,none
City-A,T3,10x,2000.0,S0a_RoutineOracle,routine,M_routine,800,True,6,2111.6,2111.6,0.0,0.0,1.0,std_0.1,1,0.67,0.1,beta,none
City-A,T3,10x,2000.0,S0a_RoutineOracle,cross_regime,M_stress,800,True,6,2111.6,1263.9,736.1,0.4014,0.0,std_0.1,1,0.67,0.1,beta,none
City-A,T3,10x,2000.0,S0b_StressOracle,routine,M_routine,800,True,9,2049.9,2866.6,0.0,0.0,1.0,std_0.1,1,0.67,0.1,beta,none
City-A,T3,10x,2000.0,S0b_StressOracle,cross_regime,M_stress,800,True,9,2049.9,2049.9,0.0,0.0,1.0,std_0.1,1,0.67,0.1,beta,none
City-A,T3,10x,2000.0,S1_CapRR,routine,M_routine,800,True,4,2175.3,1352.2,647.8,0.3784,0.0,std_0.1,1,0.67,0.1,beta,none
City-A,T3,10x,2000.0,S1_CapRR,cross_regime,M_stress,800,True,4,2175.3,963.2,1036.8,0.5572,0.0,std_0.1,1,0.67,0.1,beta,none
City-A,T3,10x,2000.0,S2_Platform,routine,M_routine,800,True,6,2357.9,1988.5,11.5,0.1567,0.0,std_0.1,1,0.67,0.1,beta,none
City-A,T3,10x,2000.0,S2_Platform,cross_regime,M_stress,800,True,6,2357.9,1349.5,650.5,0.4277,0.0,std_0.1,1,0.67,0.1,beta,none
City-A,T3,10x,2000.0,S3_Lin4,routine,M_routine,800,True,6,2262.1,2057.8,0.0,0.0903,1.0,std_0.1,1,0.67,0.1,beta,none
City-A,T3,10x,2000.0,S3_Lin4,cross_regime,M_stress,800,True,6,2262.1,1401.8,598.2,0.3803,0.0,std_0.1,1,0.67,0.1,beta,none
City-A,T3,10x,2000.0,S4_GlobalCalib,routine,M_routine,800,True,6,2083.7,2057.8,0.0,0.0124,1.0,std_0.1,1,0.67,0.1,beta,none
City-A,T3,10x,2000.0,S4_GlobalCalib,cross_regime,M_stress,800,True,6,2083.7,1401.8,598.2,0.3272,0.0,std_0.1,1,0.67,0.1,beta,none
City-A,T3,10x,2000.0,S5_CityCalib,routine,M_routine,800,True,6,2083.1,2057.8,0.0,0.0122,1.0,std_0.1,1,0.67,0.1,beta,none
City-A,T3,10x,2000.0,S5_CityCalib,cross_regime,M_stress,800,True,6,2083.1,1401.8,598.2,0.3271,0.0,std_0.1,1,0.67,0.1,beta,none
City-A,T3,10x,2000.0,S6_Q10,routine,M_routine,800,True,8,2168.5,2665.8,0.0,0.0,1.0,std_0.1,1,0.67,0.1,beta,none
City-A,T3,10x,2000.0,S6_Q10,cross_regime,M_stress,800,True,8,2168.5,1735.8,264.2,0.1996,0.0,std_0.1,1,0.67,0.1,beta,none
City-A,T4,1x,140.0,S0a_RoutineOracle,routine,M_routine,800,True,1,437.5,437.5,0.0,0.0,1.0,std_0.1,1,0.67,0.1,beta,none
City-A,T4,1x,140.0,S0a_RoutineOracle,cross_regime,M_stress,800,True,1,437.5,218.2,0.0,0.5012,1.0,std_0.1,1,0.67,0.1,beta,none
City-A,T4,1x,140.0,S0b_StressOracle,routine,M_routine,800,True,1,341.0,427.2,0.0,0.0,1.0,std_0.1,1,0.67,0.1,beta,none
City-A,T4,1x,140.0,S0b_StressOracle,cross_regime,M_stress,800,True,1,341.0,341.0,0.0,0.0,1.0,std_0.1,1,0.67,0.1,beta,none
City-A,T4,1x,140.0,S1_CapRR,routine,M_routine,800,True,1,678.2,397.6,0.0,0.4137,1.0,std_0.1,1,0.67,0.1,beta,none
City-A,T4,1x,140.0,S1_CapRR,cross_regime,M_stress,800,True,1,678.2,195.0,0.0,0.7125,1.0,std_0.1,1,0.67,0.1,beta,none
City-A,T4,1x,140.0,S2_Platform,routine,M_routine,800,True,1,299.2,427.2,0.0,0.0,1.0,std_0.1,1,0.67,0.1,beta,none
City-A,T4,1x,140.0,S2_Platform,cross_regime,M_stress,800,True,1,299.2,341.0,0.0,0.0,1.0,std_0.1,1,0.67,0.1,beta,none
City-A,T4,1x,140.0,S3_Lin4,routine,M_routine,800,True,1,486.5,397.6,0.0,0.1827,1.0,std_0.1,1,0.67,0.1,beta,none
City-A,T4,1x,140.0,S3_Lin4,cross_regime,M_stress,800,True,1,486.5,195.0,0.0,0.5992,1.0,std_0.1,1,0.67,0.1,beta,none
City-A,T4,1x,140.0,S4_GlobalCalib,routine,M_routine,800,True,1,450.1,397.6,0.0,0.1166,1.0,std_0.1,1,0.67,0.1,beta,none
City-A,T4,1x,140.0,S4_GlobalCalib,cross_regime,M_stress,800,True,1,450.1,195.0,0.0,0.5668,1.0,std_0.1,1,0.67,0.1,beta,none
City-A,T4,1x,140.0,S5_CityCalib,routine,M_routine,800,True,1,451.0,397.6,0.0,0.1185,1.0,std_0.1,1,0.67,0.1,beta,none
City-A,T4,1x,140.0,S5_CityCalib,cross_regime,M_stress,800,True,1,451.0,195.0,0.0,0.5677,1.0,std_0.1,1,0.67,0.1,beta,none
City-A,T4,1x,140.0,S6_Q10,routine,M_routine,800,True,1,362.6,397.6,0.0,0.0,1.0,std_0.1,1,0.67,0.1,beta,none
City-A,T4,1x,140.0,S6_Q10,cross_regime,M_stress,800,True,1,362.6,195.0,0.0,0.4622,1.0,std_0.1,1,0.67,0.1,beta,none
City-A,T4,2x,280.0,S0a_RoutineOracle,routine,M_routine,800,True,1,437.5,437.5,0.0,0.0,1.0,std_0.1,1,0.67,0.1,beta,none
City-A,T4,2x,280.0,S0a_RoutineOracle,cross_regime,M_stress,800,True,1,437.5,218.2,61.8,0.5012,0.0,std_0.1,1,0.67,0.1,beta,none
City-A,T4,2x,280.0,S0b_StressOracle,routine,M_routine,800,True,1,341.0,427.2,0.0,0.0,1.0,std_0.1,1,0.67,0.1,beta,none
City-A,T4,2x,280.0,S0b_StressOracle,cross_regime,M_stress,800,True,1,341.0,341.0,0.0,0.0,1.0,std_0.1,1,0.67,0.1,beta,none
City-A,T4,2x,280.0,S1_CapRR,routine,M_routine,800,True,1,678.2,397.6,0.0,0.4137,1.0,std_0.1,1,0.67,0.1,beta,none
City-A,T4,2x,280.0,S1_CapRR,cross_regime,M_stress,800,True,1,678.2,195.0,85.0,0.7125,0.0,std_0.1,1,0.67,0.1,beta,none
City-A,T4,2x,280.0,S2_Platform,routine,M_routine,800,True,1,299.2,427.2,0.0,0.0,1.0,std_0.1,1,0.67,0.1,beta,none
City-A,T4,2x,280.0,S2_Platform,cross_regime,M_stress,800,True,1,299.2,341.0,0.0,0.0,1.0,std_0.1,1,0.67,0.1,beta,none
City-A,T4,2x,280.0,S3_Lin4,routine,M_routine,800,True,1,486.5,397.6,0.0,0.1827,1.0,std_0.1,1,0.67,0.1,beta,none
City-A,T4,2x,280.0,S3_Lin4,cross_regime,M_stress,800,True,1,486.5,195.0,85.0,0.5992,0.0,std_0.1,1,0.67,0.1,beta,none
City-A,T4,2x,280.0,S4_GlobalCalib,routine,M_routine,800,True,1,450.1,397.6,0.0,0.1166,1.0,std_0.1,1,0.67,0.1,beta,none
City-A,T4,2x,280.0,S4_GlobalCalib,cross_regime,M_stress,800,True,1,450.1,195.0,85.0,0.5668,0.0,std_0.1,1,0.67,0.1,beta,none
City-A,T4,2x,280.0,S5_CityCalib,routine,M_routine,800,True,1,451.0,397.6,0.0,0.1185,1.0,std_0.1,1,0.67,0.1,beta,none
City-A,T4,2x,280.0,S5_CityCalib,cross_regime,M_stress,800,True,1,451.0,195.0,85.0,0.5677,0.0,std_0.1,1,0.67,0.1,beta,none
City-A,T4,2x,280.0,S6_Q10,routine,M_routine,800,True,1,362.6,397.6,0.0,0.0,1.0,std_0.1,1,0.67,0.1,beta,none
City-A,T4,2x,280.0,S6_Q10,cross_regime,M_stress,800,True,1,362.6,195.0,85.0,0.4622,0.0,std_0.1,1,0.67,0.1,beta,none
City-A,T4,5x,700.0,S0a_RoutineOracle,routine,M_routine,800,True,2,864.7,864.7,0.0,0.0,1.0,std_0.1,1,0.67,0.1,beta,none
City-A,T4,5x,700.0,S0a_RoutineOracle,cross_regime,M_stress,800,True,2,864.7,559.2,140.8,0.3533,0.0,std_0.1,1,0.67,0.1,beta,none
City-A,T4,5x,700.0,S0b_StressOracle,routine,M_routine,800,True,3,923.4,1179.1,0.0,0.0,1.0,std_0.1,1,0.67,0.1,beta,none
City-A,T4,5x,700.0,S0b_StressOracle,cross_regime,M_stress,800,True,3,923.4,923.4,0.0,0.0,1.0,std_0.1,1,0.67,0.1,beta,none
City-A,T4,5x,700.0,S1_CapRR,routine,M_routine,800,True,2,1293.4,824.8,0.0,0.3623,1.0,std_0.1,1,0.67,0.1,beta,none
City-A,T4,5x,700.0,S1_CapRR,cross_regime,M_stress,800,True,2,1293.4,535.9,164.1,0.5856,0.0,std_0.1,1,0.67,0.1,beta,none
City-A,T4,5x,700.0,S2_Platform,routine,M_routine,800,True,3,870.0,1076.2,0.0,0.0,1.0,std_0.1,1,0.67,0.1,beta,none
City-A,T4,5x,700.0,S2_Platform,cross_regime,M_stress,800,True,3,870.0,640.1,59.9,0.2643,0.0,std_0.1,1,0.67,0.1,beta,none
City-A,T4,5x,700.0,S3_Lin4,routine,M_routine,800,True,2,870.0,776.6,0.0,0.1074,1.0,std_0.1,1,0.67,0.1,beta,none
City-A,T4,5x,700.0,S3_Lin4,cross_regime,M_stress,800,True,2,870.0,411.7,288.3,0.5268,0.0,std_0.1,1,0.67,0.1,beta,none
City-A,T4,5x,700.0,S4_GlobalCalib,routine,M_routine,800,True,2,858.4,824.8,0.0,0.0392,1.0,std_0.1,1,0.67,0.1,beta,none
City-A,T4,5x,700.0,S4_GlobalCalib,cross_regime,M_stress,800,True,2,858.4,535.9,164.1,0.3757,0.0,std_0.1,1,0.67,0.1,beta,none
City-A,T4,5x,700.0,S5_CityCalib,routine,M_routine,800,True,2,860.2,824.8,0.0,0.0412,1.0,std_0.1,1,0.67,0.1,beta,none
City-A,T4,5x,700.0,S5_CityCalib,cross_regime,M_stress,800,True,2,860.2,535.9,164.1,0.377,0.0,std_0.1,1,0.67,0.1,beta,none
City-A,T4,5x,700.0,S6_Q10,routine,M_routine,800,True,3,1010.2,1203.9,0.0,0.0,1.0,std_0.1,1,0.67,0.1,beta,none
City-A,T4,5x,700.0,S6_Q10,cross_regime,M_stress,800,True,3,1010.2,752.7,0.0,0.2549,1.0,std_0.1,1,0.67,0.1,beta,none
City-A,T4,10x,1400.0,S0a_RoutineOracle,routine,M_routine,800,True,4,1676.4,1676.4,0.0,0.0,1.0,std_0.1,1,0.67,0.1,beta,none
City-A,T4,10x,1400.0,S0a_RoutineOracle,cross_regime,M_stress,800,True,4,1676.4,1052.8,347.2,0.372,0.0,std_0.1,1,0.67,0.1,beta,none
City-A,T4,10x,1400.0,S0b_StressOracle,routine,M_routine,800,True,5,1450.0,1886.5,0.0,0.0,1.0,std_0.1,1,0.67,0.1,beta,none
City-A,T4,10x,1400.0,S0b_StressOracle,cross_regime,M_stress,800,True,5,1450.0,1450.0,0.0,0.0,1.0,std_0.1,1,0.67,0.1,beta,none
City-A,T4,10x,1400.0,S1_CapRR,routine,M_routine,800,True,3,1889.7,1203.9,196.1,0.3629,0.0,std_0.1,1,0.67,0.1,beta,none
City-A,T4,10x,1400.0,S1_CapRR,cross_regime,M_stress,800,True,3,1889.7,752.7,647.3,0.6017,0.0,std_0.1,1,0.67,0.1,beta,none
City-A,T4,10x,1400.0,S2_Platform,routine,M_routine,800,True,5,1424.2,1604.2,0.0,0.0,1.0,std_0.1,1,0.67,0.1,beta,none
City-A,T4,10x,1400.0,S2_Platform,cross_regime,M_stress,800,True,5,1424.2,1091.9,308.1,0.2333,0.0,std_0.1,1,0.67,0.1,beta,none
City-A,T4,10x,1400.0,S3_Lin4,routine,M_routine,800,True,4,1607.4,1522.8,0.0,0.0526,1.0,std_0.1,1,0.67,0.1,beta,none
City-A,T4,10x,1400.0,S3_Lin4,cross_regime,M_stress,800,True,4,1607.4,929.1,470.9,0.422,0.0,std_0.1,1,0.67,0.1,beta,none
City-A,T4,10x,1400.0,S4_GlobalCalib,routine,M_routine,800,True,4,1640.9,1533.1,0.0,0.0657,1.0,std_0.1,1,0.67,0.1,beta,none
City-A,T4,10x,1400.0,S4_GlobalCalib,cross_regime,M_stress,800,True,4,1640.9,1019.5,380.5,0.3787,0.0,std_0.1,1,0.67,0.1,beta,none
City-A,T4,10x,1400.0,S5_CityCalib,routine,M_routine,800,True,4,1644.3,1533.1,0.0,0.0677,1.0,std_0.1,1,0.67,0.1,beta,none
City-A,T4,10x,1400.0,S5_CityCalib,cross_regime,M_stress,800,True,4,1644.3,1019.5,380.5,0.38,0.0,std_0.1,1,0.67,0.1,beta,none
City-A,T4,10x,1400.0,S6_Q10,routine,M_routine,800,True,5,1623.8,1947.1,0.0,0.0,1.0,std_0.1,1,0.67,0.1,beta,none
City-A,T4,10x,1400.0,S6_Q10,cross_regime,M_stress,800,True,5,1623.8,1318.1,81.9,0.1882,0.0,std_0.1,1,0.67,0.1,beta,none
City-A,T5,1x,160.0,S0a_RoutineOracle,routine,M_routine,800,True,1,418.3,418.3,0.0,0.0,1.0,std_0.1,1,0.67,0.1,beta,none
City-A,T5,1x,160.0,S0a_RoutineOracle,cross_regime,M_stress,800,True,1,418.3,258.2,0.0,0.3828,1.0,std_0.1,1,0.67,0.1,beta,none
City-A,T5,1x,160.0,S0b_StressOracle,routine,M_routine,800,True,1,330.3,410.1,0.0,0.0,1.0,std_0.1,1,0.67,0.1,beta,none
City-A,T5,1x,160.0,S0b_StressOracle,cross_regime,M_stress,800,True,1,330.3,330.3,0.0,0.0,1.0,std_0.1,1,0.67,0.1,beta,none
City-A,T5,1x,160.0,S1_CapRR,routine,M_routine,800,True,1,596.8,410.1,0.0,0.3129,1.0,std_0.1,1,0.67,0.1,beta,none
City-A,T5,1x,160.0,S1_CapRR,cross_regime,M_stress,800,True,1,596.8,330.3,0.0,0.4466,1.0,std_0.1,1,0.67,0.1,beta,none
City-A,T5,1x,160.0,S2_Platform,routine,M_routine,800,True,1,485.5,410.1,0.0,0.1554,1.0,std_0.1,1,0.67,0.1,beta,none
City-A,T5,1x,160.0,S2_Platform,cross_regime,M_stress,800,True,1,485.5,330.3,0.0,0.3197,1.0,std_0.1,1,0.67,0.1,beta,none
City-A,T5,1x,160.0,S3_Lin4,routine,M_routine,800,True,1,483.5,410.1,0.0,0.1519,1.0,std_0.1,1,0.67,0.1,beta,none
City-A,T5,1x,160.0,S3_Lin4,cross_regime,M_stress,800,True,1,483.5,330.3,0.0,0.3169,1.0,std_0.1,1,0.67,0.1,beta,none
City-A,T5,1x,160.0,S4_GlobalCalib,routine,M_routine,800,True,1,395.5,410.1,0.0,0.0,1.0,std_0.1,1,0.67,0.1,beta,none
City-A,T5,1x,160.0,S4_GlobalCalib,cross_regime,M_stress,800,True,1,395.5,330.3,0.0,0.1649,1.0,std_0.1,1,0.67,0.1,beta,none
City-A,T5,1x,160.0,S5_CityCalib,routine,M_routine,800,True,1,396.5,410.1,0.0,0.0,1.0,std_0.1,1,0.67,0.1,beta,none
City-A,T5,1x,160.0,S5_CityCalib,cross_regime,M_stress,800,True,1,396.5,330.3,0.0,0.1669,1.0,std_0.1,1,0.67,0.1,beta,none
City-A,T5,1x,160.0,S6_Q10,routine,M_routine,800,True,1,318.8,410.1,0.0,0.0,1.0,std_0.1,1,0.67,0.1,beta,none
City-A,T5,1x,160.0,S6_Q10,cross_regime,M_stress,800,True,1,318.8,330.3,0.0,0.0,1.0,std_0.1,1,0.67,0.1,beta,none
City-A,T5,2x,320.0,S0a_RoutineOracle,routine,M_routine,800,True,1,418.3,418.3,0.0,0.0,1.0,std_0.1,1,0.67,0.1,beta,none
City-A,T5,2x,320.0,S0a_RoutineOracle,cross_regime,M_stress,800,True,1,418.3,258.2,61.8,0.3828,0.0,std_0.1,1,0.67,0.1,beta,none
City-A,T5,2x,320.0,S0b_StressOracle,routine,M_routine,800,True,1,330.3,410.1,0.0,0.0,1.0,std_0.1,1,0.67,0.1,beta,none
City-A,T5,2x,320.0,S0b_StressOracle,cross_regime,M_stress,800,True,1,330.3,330.3,0.0,0.0,1.0,std_0.1,1,0.67,0.1,beta,none
City-A,T5,2x,320.0,S1_CapRR,routine,M_routine,800,True,1,596.8,410.1,0.0,0.3129,1.0,std_0.1,1,0.67,0.1,beta,none
City-A,T5,2x,320.0,S1_CapRR,cross_regime,M_stress,800,True,1,596.8,330.3,0.0,0.4466,1.0,std_0.1,1,0.67,0.1,beta,none
City-A,T5,2x,320.0,S2_Platform,routine,M_routine,800,True,1,485.5,410.1,0.0,0.1554,1.0,std_0.1,1,0.67,0.1,beta,none
City-A,T5,2x,320.0,S2_Platform,cross_regime,M_stress,800,True,1,485.5,330.3,0.0,0.3197,1.0,std_0.1,1,0.67,0.1,beta,none
City-A,T5,2x,320.0,S3_Lin4,routine,M_routine,800,True,1,483.5,410.1,0.0,0.1519,1.0,std_0.1,1,0.67,0.1,beta,none
City-A,T5,2x,320.0,S3_Lin4,cross_regime,M_stress,800,True,1,483.5,330.3,0.0,0.3169,1.0,std_0.1,1,0.67,0.1,beta,none
City-A,T5,2x,320.0,S4_GlobalCalib,routine,M_routine,800,True,1,395.5,410.1,0.0,0.0,1.0,std_0.1,1,0.67,0.1,beta,none
City-A,T5,2x,320.0,S4_GlobalCalib,cross_regime,M_stress,800,True,1,395.5,330.3,0.0,0.1649,1.0,std_0.1,1,0.67,0.1,beta,none
City-A,T5,2x,320.0,S5_CityCalib,routine,M_routine,800,True,1,396.5,410.1,0.0,0.0,1.0,std_0.1,1,0.67,0.1,beta,none
City-A,T5,2x,320.0,S5_CityCalib,cross_regime,M_stress,800,True,1,396.5,330.3,0.0,0.1669,1.0,std_0.1,1,0.67,0.1,beta,none
City-A,T5,2x,320.0,S6_Q10,routine,M_routine,800,True,2,608.0,741.1,0.0,0.0,1.0,std_0.1,1,0.67,0.1,beta,none
City-A,T5,2x,320.0,S6_Q10,cross_regime,M_stress,800,True,2,608.0,617.8,0.0,0.0,1.0,std_0.1,1,0.67,0.1,beta,none
City-A,T5,5x,800.0,S0a_RoutineOracle,routine,M_routine,800,True,2,828.4,828.4,0.0,0.0,1.0,std_0.1,1,0.67,0.1,beta,none
City-A,T5,5x,800.0,S0a_RoutineOracle,cross_regime,M_stress,800,True,2,828.4,588.5,211.5,0.2896,0.0,std_0.1,1,0.67,0.1,beta,none
City-A,T5,5x,800.0,S0b_StressOracle,routine,M_routine,800,True,3,875.9,1159.4,0.0,0.0,1.0,std_0.1,1,0.67,0.1,beta,none
City-A,T5,5x,800.0,S0b_StressOracle,cross_regime,M_stress,800,True,3,875.9,875.9,0.0,0.0,1.0,std_0.1,1,0.67,0.1,beta,none
City-A,T5,5x,800.0,S1_CapRR,routine,M_routine,800,True,2,1138.1,741.1,58.9,0.3489,0.0,std_0.1,1,0.67,0.1,beta,none
City-A,T5,5x,800.0,S1_CapRR,cross_regime,M_stress,800,True,2,1138.1,617.8,182.2,0.4572,0.0,std_0.1,1,0.67,0.1,beta,none
City-A,T5,5x,800.0,S2_Platform,routine,M_routine,800,True,2,897.6,719.8,80.2,0.198,0.0,std_0.1,1,0.67,0.1,beta,none
City-A,T5,5x,800.0,S2_Platform,cross_regime,M_stress,800,True,2,897.6,505.5,294.5,0.4368,0.0,std_0.1,1,0.67,0.1,beta,none
City-A,T5,5x,800.0,S3_Lin4,routine,M_routine,800,True,2,857.5,828.4,0.0,0.0339,1.0,std_0.1,1,0.67,0.1,beta,none
City-A,T5,5x,800.0,S3_Lin4,cross_regime,M_stress,800,True,2,857.5,588.5,211.5,0.3137,0.0,std_0.1,1,0.67,0.1,beta,none
City-A,T5,5x,800.0,S4_GlobalCalib,routine,M_routine,800,True,3,1102.1,1159.4,0.0,0.0,1.0,std_0.1,1,0.67,0.1,beta,none
City-A,T5,5x,800.0,S4_GlobalCalib,cross_regime,M_stress,800,True,3,1102.1,875.9,0.0,0.2053,1.0,std_0.1,1,0.67,0.1,beta,none
City-A,T5,5x,800.0,S5_CityCalib,routine,M_routine,800,True,3,1104.8,1159.4,0.0,0.0,1.0,std_0.1,1,0.67,0.1,beta,none
City-A,T5,5x,800.0,S5_CityCalib,cross_regime,M_stress,800,True,3,1104.8,875.9,0.0,0.2072,1.0,std_0.1,1,0.67,0.1,beta,none
City-A,T5,5x,800.0,S6_Q10,routine,M_routine,800,True,3,888.3,1159.4,0.0,0.0,1.0,std_0.1,1,0.67,0.1,beta,none
City-A,T5,5x,800.0,S6_Q10,cross_regime,M_stress,800,True,3,888.3,875.9,0.0,0.0139,1.0,std_0.1,1,0.67,0.1,beta,none
City-A,T5,10x,1600.0,S0a_RoutineOracle,routine,M_routine,800,True,5,1909.4,1909.4,0.0,0.0,1.0,std_0.1,1,0.67,0.1,beta,none
City-A,T5,10x,1600.0,S0a_RoutineOracle,cross_regime,M_stress,800,True,5,1909.4,1354.3,245.7,0.2907,0.0,std_0.1,1,0.67,0.1,beta,none
City-A,T5,10x,1600.0,S0b_StressOracle,routine,M_routine,800,True,7,1793.1,2466.1,0.0,0.0,1.0,std_0.1,1,0.67,0.1,beta,none
City-A,T5,10x,1600.0,S0b_StressOracle,cross_regime,M_stress,800,True,7,1793.1,1793.1,0.0,0.0,1.0,std_0.1,1,0.67,0.1,beta,none
City-A,T5,10x,1600.0,S1_CapRR,routine,M_routine,800,True,3,1662.9,1159.4,440.6,0.3028,0.0,std_0.1,1,0.67,0.1,beta,none
City-A,T5,10x,1600.0,S1_CapRR,cross_regime,M_stress,800,True,3,1662.9,875.9,724.1,0.4732,0.0,std_0.1,1,0.67,0.1,beta,none
City-A,T5,10x,1600.0,S2_Platform,routine,M_routine,800,True,4,1696.8,1528.7,71.3,0.0991,0.0,std_0.1,1,0.67,0.1,beta,none
City-A,T5,10x,1600.0,S2_Platform,cross_regime,M_stress,800,True,4,1696.8,1011.6,588.4,0.4038,0.0,std_0.1,1,0.67,0.1,beta,none
City-A,T5,10x,1600.0,S3_Lin4,routine,M_routine,800,True,5,1916.8,1824.8,0.0,0.048,1.0,std_0.1,1,0.67,0.1,beta,none
City-A,T5,10x,1600.0,S3_Lin4,cross_regime,M_stress,800,True,5,1916.8,1340.3,259.7,0.3008,0.0,std_0.1,1,0.67,0.1,beta,none
City-A,T5,10x,1600.0,S4_GlobalCalib,routine,M_routine,800,True,5,1771.7,1859.7,0.0,0.0,1.0,std_0.1,1,0.67,0.1,beta,none
City-A,T5,10x,1600.0,S4_GlobalCalib,cross_regime,M_stress,800,True,5,1771.7,1299.0,301.0,0.2668,0.0,std_0.1,1,0.67,0.1,beta,none
City-A,T5,10x,1600.0,S5_CityCalib,routine,M_routine,800,True,5,1776.0,1859.7,0.0,0.0,1.0,std_0.1,1,0.67,0.1,beta,none
City-A,T5,10x,1600.0,S5_CityCalib,cross_regime,M_stress,800,True,5,1776.0,1299.0,301.0,0.2685,0.0,std_0.1,1,0.67,0.1,beta,none
City-A,T5,10x,1600.0,S6_Q10,routine,M_routine,800,True,6,1676.5,2134.6,0.0,0.0,1.0,std_0.1,1,0.67,0.1,beta,none
City-A,T5,10x,1600.0,S6_Q10,cross_regime,M_stress,800,True,6,1676.5,1515.6,84.4,0.096,0.0,std_0.1,1,0.67,0.1,beta,none
City-B,T1,1x,180.0,S0a_RoutineOracle,routine,M_routine,500,True,1,653.9,653.9,0.0,0.0,1.0,std_0.1,1,0.67,0.1,beta,none
City-B,T1,1x,180.0,S0a_RoutineOracle,cross_regime,M_stress,500,True,1,653.9,380.9,0.0,0.4176,1.0,std_0.1,1,0.67,0.1,beta,none
City-B,T1,1x,180.0,S0b_StressOracle,routine,M_routine,500,True,1,399.8,637.2,0.0,0.0,1.0,std_0.1,1,0.67,0.1,beta,none
City-B,T1,1x,180.0,S0b_StressOracle,cross_regime,M_stress,500,True,1,399.8,399.8,0.0,0.0,1.0,std_0.1,1,0.67,0.1,beta,none
City-B,T1,1x,180.0,S1_CapRR,routine,M_routine,500,True,1,846.0,653.9,0.0,0.2271,1.0,std_0.1,1,0.67,0.1,beta,none
City-B,T1,1x,180.0,S1_CapRR,cross_regime,M_stress,500,True,1,846.0,380.9,0.0,0.5498,1.0,std_0.1,1,0.67,0.1,beta,none
City-B,T1,1x,180.0,S2_Platform,routine,M_routine,500,True,1,561.1,584.8,0.0,0.0,1.0,std_0.1,1,0.67,0.1,beta,none
City-B,T1,1x,180.0,S2_Platform,cross_regime,M_stress,500,True,1,561.1,393.7,0.0,0.2983,1.0,std_0.1,1,0.67,0.1,beta,none
City-B,T1,1x,180.0,S3_Lin4,routine,M_routine,500,True,1,463.4,361.3,0.0,0.2203,1.0,std_0.1,1,0.67,0.1,beta,none
City-B,T1,1x,180.0,S3_Lin4,cross_regime,M_stress,500,True,1,463.4,290.4,0.0,0.3732,1.0,std_0.1,1,0.67,0.1,beta,none
City-B,T1,1x,180.0,S4_GlobalCalib,routine,M_routine,500,True,1,561.4,653.9,0.0,0.0,1.0,std_0.1,1,0.67,0.1,beta,none
City-B,T1,1x,180.0,S4_GlobalCalib,cross_regime,M_stress,500,True,1,561.4,380.9,0.0,0.3216,1.0,std_0.1,1,0.67,0.1,beta,none
City-B,T1,1x,180.0,S5_CityCalib,routine,M_routine,500,True,1,557.3,653.9,0.0,0.0,1.0,std_0.1,1,0.67,0.1,beta,none
City-B,T1,1x,180.0,S5_CityCalib,cross_regime,M_stress,500,True,1,557.3,380.9,0.0,0.3166,1.0,std_0.1,1,0.67,0.1,beta,none
City-B,T1,1x,180.0,S6_Q10,routine,M_routine,500,True,1,453.5,653.9,0.0,0.0,1.0,std_0.1,1,0.67,0.1,beta,none
City-B,T1,1x,180.0,S6_Q10,cross_regime,M_stress,500,True,1,453.5,380.9,0.0,0.1602,1.0,std_0.1,1,0.67,0.1,beta,none
City-B,T1,2x,360.0,S0a_RoutineOracle,routine,M_routine,500,True,1,653.9,653.9,0.0,0.0,1.0,std_0.1,1,0.67,0.1,beta,none
City-B,T1,2x,360.0,S0a_RoutineOracle,cross_regime,M_stress,500,True,1,653.9,380.9,0.0,0.4176,1.0,std_0.1,1,0.67,0.1,beta,none
City-B,T1,2x,360.0,S0b_StressOracle,routine,M_routine,500,True,1,399.8,637.2,0.0,0.0,1.0,std_0.1,1,0.67,0.1,beta,none
City-B,T1,2x,360.0,S0b_StressOracle,cross_regime,M_stress,500,True,1,399.8,399.8,0.0,0.0,1.0,std_0.1,1,0.67,0.1,beta,none
City-B,T1,2x,360.0,S1_CapRR,routine,M_routine,500,True,1,846.0,653.9,0.0,0.2271,1.0,std_0.1,1,0.67,0.1,beta,none
City-B,T1,2x,360.0,S1_CapRR,cross_regime,M_stress,500,True,1,846.0,380.9,0.0,0.5498,1.0,std_0.1,1,0.67,0.1,beta,none
City-B,T1,2x,360.0,S2_Platform,routine,M_routine,500,True,1,561.1,584.8,0.0,0.0,1.0,std_0.1,1,0.67,0.1,beta,none
City-B,T1,2x,360.0,S2_Platform,cross_regime,M_stress,500,True,1,561.1,393.7,0.0,0.2983,1.0,std_0.1,1,0.67,0.1,beta,none
City-B,T1,2x,360.0,S3_Lin4,routine,M_routine,500,True,1,463.4,361.3,0.0,0.2203,1.0,std_0.1,1,0.67,0.1,beta,none
City-B,T1,2x,360.0,S3_Lin4,cross_regime,M_stress,500,True,1,463.4,290.4,69.6,0.3732,0.0,std_0.1,1,0.67,0.1,beta,none
City-B,T1,2x,360.0,S4_GlobalCalib,routine,M_routine,500,True,1,561.4,653.9,0.0,0.0,1.0,std_0.1,1,0.67,0.1,beta,none
City-B,T1,2x,360.0,S4_GlobalCalib,cross_regime,M_stress,500,True,1,561.4,380.9,0.0,0.3216,1.0,std_0.1,1,0.67,0.1,beta,none
City-B,T1,2x,360.0,S5_CityCalib,routine,M_routine,500,True,1,557.3,653.9,0.0,0.0,1.0,std_0.1,1,0.67,0.1,beta,none
City-B,T1,2x,360.0,S5_CityCalib,cross_regime,M_stress,500,True,1,557.3,380.9,0.0,0.3166,1.0,std_0.1,1,0.67,0.1,beta,none
City-B,T1,2x,360.0,S6_Q10,routine,M_routine,500,True,1,453.5,653.9,0.0,0.0,1.0,std_0.1,1,0.67,0.1,beta,none
City-B,T1,2x,360.0,S6_Q10,cross_regime,M_stress,500,True,1,453.5,380.9,0.0,0.1602,1.0,std_0.1,1,0.67,0.1,beta,none
City-B,T1,5x,900.0,S0a_RoutineOracle,routine,M_routine,500,True,2,1291.1,1291.1,0.0,0.0,1.0,std_0.1,1,0.67,0.1,beta,none
City-B,T1,5x,900.0,S0a_RoutineOracle,cross_regime,M_stress,500,True,2,1291.1,780.6,119.4,0.3954,0.0,std_0.1,1,0.67,0.1,beta,none
City-B,T1,5x,900.0,S0b_StressOracle,routine,M_routine,500,True,3,1174.4,1875.9,0.0,0.0,1.0,std_0.1,1,0.67,0.1,beta,none
City-B,T1,5x,900.0,S0b_StressOracle,cross_regime,M_stress,500,True,3,1174.4,1174.4,0.0,0.0,1.0,std_0.1,1,0.67,0.1,beta,none
City-B,T1,5x,900.0,S1_CapRR,routine,M_routine,500,True,2,1688.0,1291.1,0.0,0.2351,1.0,std_0.1,1,0.67,0.1,beta,none
City-B,T1,5x,900.0,S1_CapRR,cross_regime,M_stress,500,True,2,1688.0,780.6,119.4,0.5375,0.0,std_0.1,1,0.67,0.1,beta,none
City-B,T1,5x,900.0,S2_Platform,routine,M_routine,500,True,2,1112.3,946.1,0.0,0.1494,1.0,std_0.1,1,0.67,0.1,beta,none
City-B,T1,5x,900.0,S2_Platform,cross_regime,M_stress,500,True,2,1112.3,684.2,215.8,0.3849,0.0,std_0.1,1,0.67,0.1,beta,none
City-B,T1,5x,900.0,S3_Lin4,routine,M_routine,500,True,2,920.5,946.1,0.0,0.0,1.0,std_0.1,1,0.67,0.1,beta,none
City-B,T1,5x,900.0,S3_Lin4,cross_regime,M_stress,500,True,2,920.5,684.2,215.8,0.2568,0.0,std_0.1,1,0.67,0.1,beta,none
City-B,T1,5x,900.0,S4_GlobalCalib,routine,M_routine,500,True,2,1120.1,1291.1,0.0,0.0,1.0,std_0.1,1,0.67,0.1,beta,none
City-B,T1,5x,900.0,S4_GlobalCalib,cross_regime,M_stress,500,True,2,1120.1,780.6,119.4,0.303,0.0,std_0.1,1,0.67,0.1,beta,none
City-B,T1,5x,900.0,S5_CityCalib,routine,M_routine,500,True,2,1111.9,1291.1,0.0,0.0,1.0,std_0.1,1,0.67,0.1,beta,none
City-B,T1,5x,900.0,S5_CityCalib,cross_regime,M_stress,500,True,2,1111.9,780.6,119.4,0.2979,0.0,std_0.1,1,0.67,0.1,beta,none
City-B,T1,5x,900.0,S6_Q10,routine,M_routine,500,True,2,904.9,1291.1,0.0,0.0,1.0,std_0.1,1,0.67,0.1,beta,none
City-B,T1,5x,900.0,S6_Q10,cross_regime,M_stress,500,True,2,904.9,780.6,119.4,0.1373,0.0,std_0.1,1,0.67,0.1,beta,none
City-B,T1,10x,1800.0,S0a_RoutineOracle,routine,M_routine,500,True,3,1875.9,1875.9,0.0,0.0,1.0,std_0.1,1,0.67,0.1,beta,none
City-B,T1,10x,1800.0,S0a_RoutineOracle,cross_regime,M_stress,500,True,3,1875.9,1174.4,625.6,0.374,0.0,std_0.1,1,0.67,0.1,beta,none
City-B,T1,10x,1800.0,S0b_StressOracle,routine,M_routine,500,True,6,2039.4,3005.2,0.0,0.0,1.0,std_0.1,1,0.67,0.1,beta,none
City-B,T1,10x,1800.0,S0b_StressOracle,cross_regime,M_stress,500,True,6,2039.4,2039.4,0.0,0.0,1.0,std_0.1,1,0.67,0.1,beta,none
City-B,T1,10x,1800.0,S1_CapRR,routine,M_routine,500,True,3,2504.5,1652.4,147.6,0.3402,0.0,std_0.1,1,0.67,0.1,beta,none
City-B,T1,10x,1800.0,S1_CapRR,cross_regime,M_stress,500,True,3,2504.5,1071.1,728.9,0.5723,0.0,std_0.1,1,0.67,0.1,beta,none
City-B,T1,10x,1800.0,S2_Platform,routine,M_routine,500,True,4,2163.2,2237.2,0.0,0.0,1.0,std_0.1,1,0.67,0.1,beta,none
City-B,T1,10x,1800.0,S2_Platform,cross_regime,M_stress,500,True,4,2163.2,1464.8,335.2,0.3228,0.0,std_0.1,1,0.67,0.1,beta,none
City-B,T1,10x,1800.0,S3_Lin4,routine,M_routine,500,True,4,1825.8,2237.2,0.0,0.0,1.0,std_0.1,1,0.67,0.1,beta,none
City-B,T1,10x,1800.0,S3_Lin4,cross_regime,M_stress,500,True,4,1825.8,1464.8,335.2,0.1977,0.0,std_0.1,1,0.67,0.1,beta,none
City-B,T1,10x,1800.0,S4_GlobalCalib,routine,M_routine,500,True,4,2192.0,2237.2,0.0,0.0,1.0,std_0.1,1,0.67,0.1,beta,none
City-B,T1,10x,1800.0,S4_GlobalCalib,cross_regime,M_stress,500,True,4,2192.0,1464.8,335.2,0.3317,0.0,std_0.1,1,0.67,0.1,beta,none
City-B,T1,10x,1800.0,S5_CityCalib,routine,M_routine,500,True,4,2176.2,2237.2,0.0,0.0,1.0,std_0.1,1,0.67,0.1,beta,none
City-B,T1,10x,1800.0,S5_CityCalib,cross_regime,M_stress,500,True,4,2176.2,1464.8,335.2,0.3269,0.0,std_0.1,1,0.67,0.1,beta,none
City-B,T1,10x,1800.0,S6_Q10,routine,M_routine,500,True,5,2145.4,2616.2,0.0,0.0,1.0,std_0.1,1,0.67,0.1,beta,none
City-B,T1,10x,1800.0,S6_Q10,cross_regime,M_stress,500,True,5,2145.4,1751.1,48.9,0.1838,0.0,std_0.1,1,0.67,0.1,beta,none
City-B,T2,1x,260.0,S0a_RoutineOracle,routine,M_routine,500,True,1,630.6,630.6,0.0,0.0,1.0,std_0.1,1,0.67,0.1,beta,none
City-B,T2,1x,260.0,S0a_RoutineOracle,cross_regime,M_stress,500,True,1,630.6,243.7,16.3,0.6135,0.0,std_0.1,1,0.67,0.1,beta,none
City-B,T2,1x,260.0,S0b_StressOracle,routine,M_routine,500,True,1,339.2,474.2,0.0,0.0,1.0,std_0.1,1,0.67,0.1,beta,none
City-B,T2,1x,260.0,S0b_StressOracle,cross_regime,M_stress,500,True,1,339.2,339.2,0.0,0.0,1.0,std_0.1,1,0.67,0.1,beta,none
City-B,T2,1x,260.0,S1_CapRR,routine,M_routine,500,True,1,846.0,630.6,0.0,0.2547,1.0,std_0.1,1,0.67,0.1,beta,none
City-B,T2,1x,260.0,S1_CapRR,cross_regime,M_stress,500,True,1,846.0,243.7,16.3,0.7119,0.0,std_0.1,1,0.67,0.1,beta,none
City-B,T2,1x,260.0,S2_Platform,routine,M_routine,500,True,1,557.0,380.1,0.0,0.3175,1.0,std_0.1,1,0.67,0.1,beta,none
City-B,T2,1x,260.0,S2_Platform,cross_regime,M_stress,500,True,1,557.0,316.5,0.0,0.4318,1.0,std_0.1,1,0.67,0.1,beta,none
City-B,T2,1x,260.0,S3_Lin4,routine,M_routine,500,True,1,465.8,395.8,0.0,0.1504,1.0,std_0.1,1,0.67,0.1,beta,none
City-B,T2,1x,260.0,S3_Lin4,cross_regime,M_stress,500,True,1,465.8,304.9,0.0,0.3456,1.0,std_0.1,1,0.67,0.1,beta,none
City-B,T2,1x,260.0,S4_GlobalCalib,routine,M_routine,500,True,1,564.9,630.6,0.0,0.0,1.0,std_0.1,1,0.67,0.1,beta,none
City-B,T2,1x,260.0,S4_GlobalCalib,cross_regime,M_stress,500,True,1,564.9,243.7,16.3,0.5685,0.0,std_0.1,1,0.67,0.1,beta,none
City-B,T2,1x,260.0,S5_CityCalib,routine,M_routine,500,True,1,569.1,630.6,0.0,0.0,1.0,std_0.1,1,0.67,0.1,beta,none
City-B,T2,1x,260.0,S5_CityCalib,cross_regime,M_stress,500,True,1,569.1,243.7,16.3,0.5717,0.0,std_0.1,1,0.67,0.1,beta,none
City-B,T2,1x,260.0,S6_Q10,routine,M_routine,500,True,1,454.7,630.6,0.0,0.0,1.0,std_0.1,1,0.67,0.1,beta,none
City-B,T2,1x,260.0,S6_Q10,cross_regime,M_stress,500,True,1,454.7,243.7,16.3,0.464,0.0,std_0.1,1,0.67,0.1,beta,none
City-B,T2,2x,520.0,S0a_RoutineOracle,routine,M_routine,500,True,1,630.6,630.6,0.0,0.0,1.0,std_0.1,1,0.67,0.1,beta,none
City-B,T2,2x,520.0,S0a_RoutineOracle,cross_regime,M_stress,500,True,1,630.6,243.7,276.3,0.6135,0.0,std_0.1,1,0.67,0.1,beta,none
City-B,T2,2x,520.0,S0b_StressOracle,routine,M_routine,500,True,2,656.2,923.5,0.0,0.0,1.0,std_0.1,1,0.67,0.1,beta,none
City-B,T2,2x,520.0,S0b_StressOracle,cross_regime,M_stress,500,True,2,656.2,656.2,0.0,0.0,1.0,std_0.1,1,0.67,0.1,beta,none
City-B,T2,2x,520.0,S1_CapRR,routine,M_routine,500,True,1,846.0,630.6,0.0,0.2547,1.0,std_0.1,1,0.67,0.1,beta,none
City-B,T2,2x,520.0,S1_CapRR,cross_regime,M_stress,500,True,1,846.0,243.7,276.3,0.7119,0.0,std_0.1,1,0.67,0.1,beta,none
City-B,T2,2x,520.0,S2_Platform,routine,M_routine,500,True,1,557.0,380.1,139.9,0.3175,0.0,std_0.1,1,0.67,0.1,beta,none
City-B,T2,2x,520.0,S2_Platform,cross_regime,M_stress,500,True,1,557.0,316.5,203.5,0.4318,0.0,std_0.1,1,0.67,0.1,beta,none
City-B,T2,2x,520.0,S3_Lin4,routine,M_routine,500,True,2,925.4,775.9,0.0,0.1615,1.0,std_0.1,1,0.67,0.1,beta,none
City-B,T2,2x,520.0,S3_Lin4,cross_regime,M_stress,500,True,2,925.4,621.3,0.0,0.3286,1.0,std_0.1,1,0.67,0.1,beta,none
City-B,T2,2x,520.0,S4_GlobalCalib,routine,M_routine,500,True,1,564.9,630.6,0.0,0.0,1.0,std_0.1,1,0.67,0.1,beta,none
City-B,T2,2x,520.0,S4_GlobalCalib,cross_regime,M_stress,500,True,1,564.9,243.7,276.3,0.5685,0.0,std_0.1,1,0.67,0.1,beta,none
City-B,T2,2x,520.0,S5_CityCalib,routine,M_routine,500,True,1,569.1,630.6,0.0,0.0,1.0,std_0.1,1,0.67,0.1,beta,none
City-B,T2,2x,520.0,S5_CityCalib,cross_regime,M_stress,500,True,1,569.1,243.7,276.3,0.5717,0.0,std_0.1,1,0.67,0.1,beta,none
City-B,T2,2x,520.0,S6_Q10,routine,M_routine,500,True,2,907.2,1104.7,0.0,0.0,1.0,std_0.1,1,0.67,0.1,beta,none
City-B,T2,2x,520.0,S6_Q10,cross_regime,M_stress,500,True,2,907.2,583.0,0.0,0.3574,1.0,std_0.1,1,0.67,0.1,beta,none
City-B,T2,5x,1300.0,S0a_RoutineOracle,routine,M_routine,500,True,3,1554.1,1554.1,0.0,0.0,1.0,std_0.1,1,0.67,0.1,beta,none
City-B,T2,5x,1300.0,S0a_RoutineOracle,cross_regime,M_stress,500,True,3,1554.1,899.9,400.1,0.4209,0.0,std_0.1,1,0.67,0.1,beta,none
City-B,T2,5x,1300.0,S0b_StressOracle,routine,M_routine,500,True,5,1588.7,2097.3,0.0,0.0,1.0,std_0.1,1,0.67,0.1,beta,none
City-B,T2,5x,1300.0,S0b_StressOracle,cross_regime,M_stress,500,True,5,1588.7,1588.7,0.0,0.0,1.0,std_0.1,1,0.67,0.1,beta,none
City-B,T2,5x,1300.0,S1_CapRR,routine,M_routine,500,True,2,1688.0,1104.7,195.3,0.3455,0.0,std_0.1,1,0.67,0.1,beta,none
City-B,T2,5x,1300.0,S1_CapRR,cross_regime,M_stress,500,True,2,1688.0,583.0,717.0,0.6546,0.0,std_0.1,1,0.67,0.1,beta,none
City-B,T2,5x,1300.0,S2_Platform,routine,M_routine,500,True,3,1630.3,1250.1,49.9,0.2332,0.0,std_0.1,1,0.67,0.1,beta,none
City-B,T2,5x,1300.0,S2_Platform,cross_regime,M_stress,500,True,3,1630.3,960.6,339.4,0.4108,0.0,std_0.1,1,0.67,0.1,beta,none
City-B,T2,5x,1300.0,S3_Lin4,routine,M_routine,500,True,3,1381.6,1406.5,0.0,0.0,1.0,std_0.1,1,0.67,0.1,beta,none
City-B,T2,5x,1300.0,S3_Lin4,cross_regime,M_stress,500,True,3,1381.6,865.1,434.9,0.3738,0.0,std_0.1,1,0.67,0.1,beta,none
City-B,T2,5x,1300.0,S4_GlobalCalib,routine,M_routine,500,True,3,1672.3,1500.5,0.0,0.1027,1.0,std_0.1,1,0.67,0.1,beta,none
City-B,T2,5x,1300.0,S4_GlobalCalib,cross_regime,M_stress,500,True,3,1672.3,887.8,412.2,0.4691,0.0,std_0.1,1,0.67,0.1,beta,none
City-B,T2,5x,1300.0,S5_CityCalib,routine,M_routine,500,True,3,1684.6,1500.5,0.0,0.1093,1.0,std_0.1,1,0.67,0.1,beta,none
City-B,T2,5x,1300.0,S5_CityCalib,cross_regime,M_stress,500,True,3,1684.6,887.8,412.2,0.473,0.0,std_0.1,1,0.67,0.1,beta,none
City-B,T2,5x,1300.0,S6_Q10,routine,M_routine,500,True,3,1346.1,1500.5,0.0,0.0,1.0,std_0.1,1,0.67,0.1,beta,none
City-B,T2,5x,1300.0,S6_Q10,cross_regime,M_stress,500,True,3,1346.1,887.8,412.2,0.3404,0.0,std_0.1,1,0.67,0.1,beta,none
City-B,T2,10x,2600.0,S0a_RoutineOracle,routine,M_routine,500,True,6,2789.5,2789.5,0.0,0.0,1.0,std_0.1,1,0.67,0.1,beta,none
City-B,T2,10x,2600.0,S0a_RoutineOracle,cross_regime,M_stress,500,True,6,2789.5,1760.6,839.4,0.3688,0.0,std_0.1,1,0.67,0.1,beta,none
City-B,T2,10x,2600.0,S0b_StressOracle,routine,M_routine,500,True,9,2729.4,3354.5,0.0,0.0,1.0,std_0.1,1,0.67,0.1,beta,none
City-B,T2,10x,2600.0,S0b_StressOracle,cross_regime,M_stress,500,True,9,2729.4,2729.4,0.0,0.0,1.0,std_0.1,1,0.67,0.1,beta,none
City-B,T2,10x,2600.0,S1_CapRR,routine,M_routine,500,True,4,3303.2,1880.7,719.3,0.4307,0.0,std_0.1,1,0.67,0.1,beta,none
City-B,T2,10x,2600.0,S1_CapRR,cross_regime,M_stress,500,True,4,3303.2,1204.3,1395.7,0.6354,0.0,std_0.1,1,0.67,0.1,beta,none
City-B,T2,10x,2600.0,S2_Platform,routine,M_routine,500,True,6,2974.4,2746.2,0.0,0.0767,1.0,std_0.1,1,0.67,0.1,beta,none
City-B,T2,10x,2600.0,S2_Platform,cross_regime,M_stress,500,True,6,2974.4,1769.0,831.0,0.4052,0.0,std_0.1,1,0.67,0.1,beta,none
City-B,T2,10x,2600.0,S3_Lin4,routine,M_routine,500,True,6,2606.7,2746.2,0.0,0.0,1.0,std_0.1,1,0.67,0.1,beta,none
City-B,T2,10x,2600.0,S3_Lin4,cross_regime,M_stress,500,True,6,2606.7,1769.0,831.0,0.3214,0.0,std_0.1,1,0.67,0.1,beta,none
City-B,T2,10x,2600.0,S4_GlobalCalib,routine,M_routine,500,True,5,2672.3,2330.0,270.0,0.1281,0.0,std_0.1,1,0.67,0.1,beta,none
City-B,T2,10x,2600.0,S4_GlobalCalib,cross_regime,M_stress,500,True,5,2672.3,1521.2,1078.8,0.4307,0.0,std_0.1,1,0.67,0.1,beta,none
City-B,T2,10x,2600.0,S5_CityCalib,routine,M_routine,500,True,5,2691.8,2330.0,270.0,0.1344,0.0,std_0.1,1,0.67,0.1,beta,none
City-B,T2,10x,2600.0,S5_CityCalib,cross_regime,M_stress,500,True,5,2691.8,1521.2,1078.8,0.4349,0.0,std_0.1,1,0.67,0.1,beta,none
City-B,T2,10x,2600.0,S6_Q10,routine,M_routine,500,True,7,2828.4,3169.6,0.0,0.0,1.0,std_0.1,1,0.67,0.1,beta,none
City-B,T2,10x,2600.0,S6_Q10,cross_regime,M_stress,500,True,7,2828.4,2077.1,522.9,0.2656,0.0,std_0.1,1,0.67,0.1,beta,none
City-B,T3,1x,200.0,S0a_RoutineOracle,routine,M_routine,500,True,1,536.4,536.4,0.0,0.0,1.0,std_0.1,1,0.67,0.1,beta,none
City-B,T3,1x,200.0,S0a_RoutineOracle,cross_regime,M_stress,500,True,1,536.4,358.7,0.0,0.3314,1.0,std_0.1,1,0.67,0.1,beta,none
City-B,T3,1x,200.0,S0b_StressOracle,routine,M_routine,500,True,1,396.3,436.3,0.0,0.0,1.0,std_0.1,1,0.67,0.1,beta,none
City-B,T3,1x,200.0,S0b_StressOracle,cross_regime,M_stress,500,True,1,396.3,396.3,0.0,0.0,1.0,std_0.1,1,0.67,0.1,beta,none
City-B,T3,1x,200.0,S1_CapRR,routine,M_routine,500,True,1,744.5,475.2,0.0,0.3617,1.0,std_0.1,1,0.67,0.1,beta,none
City-B,T3,1x,200.0,S1_CapRR,cross_regime,M_stress,500,True,1,744.5,315.1,0.0,0.5767,1.0,std_0.1,1,0.67,0.1,beta,none
City-B,T3,1x,200.0,S2_Platform,routine,M_routine,500,True,1,543.2,436.3,0.0,0.1968,1.0,std_0.1,1,0.67,0.1,beta,none
City-B,T3,1x,200.0,S2_Platform,cross_regime,M_stress,500,True,1,543.2,396.3,0.0,0.2703,1.0,std_0.1,1,0.67,0.1,beta,none
City-B,T3,1x,200.0,S3_Lin4,routine,M_routine,500,True,1,454.4,536.4,0.0,0.0,1.0,std_0.1,1,0.67,0.1,beta,none
City-B,T3,1x,200.0,S3_Lin4,cross_regime,M_stress,500,True,1,454.4,358.7,0.0,0.2108,1.0,std_0.1,1,0.67,0.1,beta,none
City-B,T3,1x,200.0,S4_GlobalCalib,routine,M_routine,500,True,1,494.0,475.2,0.0,0.0381,1.0,std_0.1,1,0.67,0.1,beta,none
City-B,T3,1x,200.0,S4_GlobalCalib,cross_regime,M_stress,500,True,1,494.0,315.1,0.0,0.3621,1.0,std_0.1,1,0.67,0.1,beta,none
City-B,T3,1x,200.0,S5_CityCalib,routine,M_routine,500,True,1,493.8,475.2,0.0,0.0377,1.0,std_0.1,1,0.67,0.1,beta,none
City-B,T3,1x,200.0,S5_CityCalib,cross_regime,M_stress,500,True,1,493.8,315.1,0.0,0.3619,1.0,std_0.1,1,0.67,0.1,beta,none
City-B,T3,1x,200.0,S6_Q10,routine,M_routine,500,True,1,398.7,475.2,0.0,0.0,1.0,std_0.1,1,0.67,0.1,beta,none
City-B,T3,1x,200.0,S6_Q10,cross_regime,M_stress,500,True,1,398.7,315.1,0.0,0.2095,1.0,std_0.1,1,0.67,0.1,beta,none
City-B,T3,2x,400.0,S0a_RoutineOracle,routine,M_routine,500,True,1,536.4,536.4,0.0,0.0,1.0,std_0.1,1,0.67,0.1,beta,none
City-B,T3,2x,400.0,S0a_RoutineOracle,cross_regime,M_stress,500,True,1,536.4,358.7,41.3,0.3314,0.0,std_0.1,1,0.67,0.1,beta,none
City-B,T3,2x,400.0,S0b_StressOracle,routine,M_routine,500,True,2,755.0,972.7,0.0,0.0,1.0,std_0.1,1,0.67,0.1,beta,none
City-B,T3,2x,400.0,S0b_StressOracle,cross_regime,M_stress,500,True,2,755.0,755.0,0.0,0.0,1.0,std_0.1,1,0.67,0.1,beta,none
City-B,T3,2x,400.0,S1_CapRR,routine,M_routine,500,True,1,744.5,475.2,0.0,0.3617,1.0,std_0.1,1,0.67,0.1,beta,none
City-B,T3,2x,400.0,S1_CapRR,cross_regime,M_stress,500,True,1,744.5,315.1,84.9,0.5767,0.0,std_0.1,1,0.67,0.1,beta,none
City-B,T3,2x,400.0,S2_Platform,routine,M_routine,500,True,1,543.2,436.3,0.0,0.1968,1.0,std_0.1,1,0.67,0.1,beta,none
City-B,T3,2x,400.0,S2_Platform,cross_regime,M_stress,500,True,1,543.2,396.3,3.7,0.2703,0.0,std_0.1,1,0.67,0.1,beta,none
City-B,T3,2x,400.0,S3_Lin4,routine,M_routine,500,True,1,454.4,536.4,0.0,0.0,1.0,std_0.1,1,0.67,0.1,beta,none
City-B,T3,2x,400.0,S3_Lin4,cross_regime,M_stress,500,True,1,454.4,358.7,41.3,0.2108,0.0,std_0.1,1,0.67,0.1,beta,none
City-B,T3,2x,400.0,S4_GlobalCalib,routine,M_routine,500,True,1,494.0,475.2,0.0,0.0381,1.0,std_0.1,1,0.67,0.1,beta,none
City-B,T3,2x,400.0,S4_GlobalCalib,cross_regime,M_stress,500,True,1,494.0,315.1,84.9,0.3621,0.0,std_0.1,1,0.67,0.1,beta,none
City-B,T3,2x,400.0,S5_CityCalib,routine,M_routine,500,True,1,493.8,475.2,0.0,0.0377,1.0,std_0.1,1,0.67,0.1,beta,none
City-B,T3,2x,400.0,S5_CityCalib,cross_regime,M_stress,500,True,1,493.8,315.1,84.9,0.3619,0.0,std_0.1,1,0.67,0.1,beta,none
City-B,T3,2x,400.0,S6_Q10,routine,M_routine,500,True,2,795.4,911.5,0.0,0.0,1.0,std_0.1,1,0.67,0.1,beta,none
City-B,T3,2x,400.0,S6_Q10,cross_regime,M_stress,500,True,2,795.4,711.5,0.0,0.1055,1.0,std_0.1,1,0.67,0.1,beta,none
City-B,T3,5x,1000.0,S0a_RoutineOracle,routine,M_routine,500,True,2,1011.6,1011.6,0.0,0.0,1.0,std_0.1,1,0.67,0.1,beta,none
City-B,T3,5x,1000.0,S0a_RoutineOracle,cross_regime,M_stress,500,True,2,1011.6,673.8,326.2,0.334,0.0,std_0.1,1,0.67,0.1,beta,none
City-B,T3,5x,1000.0,S0b_StressOracle,routine,M_routine,500,True,3,1070.1,1447.9,0.0,0.0,1.0,std_0.1,1,0.67,0.1,beta,none
City-B,T3,5x,1000.0,S0b_StressOracle,cross_regime,M_stress,500,True,3,1070.1,1070.1,0.0,0.0,1.0,std_0.1,1,0.67,0.1,beta,none
City-B,T3,5x,1000.0,S1_CapRR,routine,M_routine,500,True,2,1485.4,911.5,88.5,0.3864,0.0,std_0.1,1,0.67,0.1,beta,none
City-B,T3,5x,1000.0,S1_CapRR,cross_regime,M_stress,500,True,2,1485.4,711.5,288.5,0.521,0.0,std_0.1,1,0.67,0.1,beta,none
City-B,T3,5x,1000.0,S2_Platform,routine,M_routine,500,True,2,1048.0,972.7,27.3,0.0718,0.0,std_0.1,1,0.67,0.1,beta,none
City-B,T3,5x,1000.0,S2_Platform,cross_regime,M_stress,500,True,2,1048.0,755.0,245.0,0.2796,0.0,std_0.1,1,0.67,0.1,beta,none
City-B,T3,5x,1000.0,S3_Lin4,routine,M_routine,500,True,3,1344.3,1463.7,0.0,0.0,1.0,std_0.1,1,0.67,0.1,beta,none
City-B,T3,5x,1000.0,S3_Lin4,cross_regime,M_stress,500,True,3,1344.3,907.9,92.1,0.3246,0.0,std_0.1,1,0.67,0.1,beta,none
City-B,T3,5x,1000.0,S4_GlobalCalib,routine,M_routine,500,True,3,1462.5,1447.9,0.0,0.01,1.0,std_0.1,1,0.67,0.1,beta,none
City-B,T3,5x,1000.0,S4_GlobalCalib,cross_regime,M_stress,500,True,3,1462.5,1070.1,0.0,0.2683,1.0,std_0.1,1,0.67,0.1,beta,none
City-B,T3,5x,1000.0,S5_CityCalib,routine,M_routine,500,True,3,1461.9,1447.9,0.0,0.0095,1.0,std_0.1,1,0.67,0.1,beta,none
City-B,T3,5x,1000.0,S5_CityCalib,cross_regime,M_stress,500,True,3,1461.9,1070.1,0.0,0.268,1.0,std_0.1,1,0.67,0.1,beta,none
City-B,T3,5x,1000.0,S6_Q10,routine,M_routine,500,True,3,1180.1,1447.9,0.0,0.0,1.0,std_0.1,1,0.67,0.1,beta,none
City-B,T3,5x,1000.0,S6_Q10,cross_regime,M_stress,500,True,3,1180.1,1070.1,0.0,0.0932,1.0,std_0.1,1,0.67,0.1,beta,none
City-B,T3,10x,2000.0,S0a_RoutineOracle,routine,M_routine,500,True,5,2318.3,2318.3,0.0,0.0,1.0,std_0.1,1,0.67,0.1,beta,none
City-B,T3,10x,2000.0,S0a_RoutineOracle,cross_regime,M_stress,500,True,5,2318.3,1550.4,449.6,0.3312,0.0,std_0.1,1,0.67,0.1,beta,none
City-B,T3,10x,2000.0,S0b_StressOracle,routine,M_routine,500,True,7,2084.2,2907.4,0.0,0.0,1.0,std_0.1,1,0.67,0.1,beta,none
City-B,T3,10x,2000.0,S0b_StressOracle,cross_regime,M_stress,500,True,7,2084.2,2084.2,0.0,0.0,1.0,std_0.1,1,0.67,0.1,beta,none
City-B,T3,10x,2000.0,S1_CapRR,routine,M_routine,500,True,3,2203.9,1447.9,552.1,0.343,0.0,std_0.1,1,0.67,0.1,beta,none
City-B,T3,10x,2000.0,S1_CapRR,cross_regime,M_stress,500,True,3,2203.9,1070.1,929.9,0.5144,0.0,std_0.1,1,0.67,0.1,beta,none
City-B,T3,10x,2000.0,S2_Platform,routine,M_routine,500,True,5,2307.7,2126.3,0.0,0.0786,1.0,std_0.1,1,0.67,0.1,beta,none
City-B,T3,10x,2000.0,S2_Platform,cross_regime,M_stress,500,True,5,2307.7,1443.8,556.2,0.3743,0.0,std_0.1,1,0.67,0.1,beta,none
City-B,T3,10x,2000.0,S3_Lin4,routine,M_routine,500,True,5,2158.3,2215.4,0.0,0.0,1.0,std_0.1,1,0.67,0.1,beta,none
City-B,T3,10x,2000.0,S3_Lin4,cross_regime,M_stress,500,True,5,2158.3,1563.2,436.8,0.2757,0.0,std_0.1,1,0.67,0.1,beta,none
City-B,T3,10x,2000.0,S4_GlobalCalib,routine,M_routine,500,True,5,2337.2,2278.9,0.0,0.0249,1.0,std_0.1,1,0.67,0.1,beta,none
City-B,T3,10x,2000.0,S4_GlobalCalib,cross_regime,M_stress,500,True,5,2337.2,1532.4,467.6,0.3443,0.0,std_0.1,1,0.67,0.1,beta,none
City-B,T3,10x,2000.0,S5_CityCalib,routine,M_routine,500,True,5,2336.0,2278.9,0.0,0.0245,1.0,std_0.1,1,0.67,0.1,beta,none
City-B,T3,10x,2000.0,S5_CityCalib,cross_regime,M_stress,500,True,5,2336.0,1532.4,467.6,0.344,0.0,std_0.1,1,0.67,0.1,beta,none
City-B,T3,10x,2000.0,S6_Q10,routine,M_routine,500,True,6,2189.1,2696.4,0.0,0.0,1.0,std_0.1,1,0.67,0.1,beta,none
City-B,T3,10x,2000.0,S6_Q10,cross_regime,M_stress,500,True,6,2189.1,1779.0,221.0,0.1873,0.0,std_0.1,1,0.67,0.1,beta,none
City-B,T4,1x,140.0,S0a_RoutineOracle,routine,M_routine,500,True,1,615.4,615.4,0.0,0.0,1.0,std_0.1,1,0.67,0.1,beta,none
City-B,T4,1x,140.0,S0a_RoutineOracle,cross_regime,M_stress,500,True,1,615.4,330.7,0.0,0.4626,1.0,std_0.1,1,0.67,0.1,beta,none
City-B,T4,1x,140.0,S0b_StressOracle,routine,M_routine,500,True,1,407.8,568.5,0.0,0.0,1.0,std_0.1,1,0.67,0.1,beta,none
City-B,T4,1x,140.0,S0b_StressOracle,cross_regime,M_stress,500,True,1,407.8,407.8,0.0,0.0,1.0,std_0.1,1,0.67,0.1,beta,none
City-B,T4,1x,140.0,S1_CapRR,routine,M_routine,500,True,1,846.0,615.4,0.0,0.2726,1.0,std_0.1,1,0.67,0.1,beta,none
City-B,T4,1x,140.0,S1_CapRR,cross_regime,M_stress,500,True,1,846.0,330.7,0.0,0.6091,1.0,std_0.1,1,0.67,0.1,beta,none
City-B,T4,1x,140.0,S2_Platform,routine,M_routine,500,True,1,480.1,615.4,0.0,0.0,1.0,std_0.1,1,0.67,0.1,beta,none
City-B,T4,1x,140.0,S2_Platform,cross_regime,M_stress,500,True,1,480.1,330.7,0.0,0.3111,1.0,std_0.1,1,0.67,0.1,beta,none
City-B,T4,1x,140.0,S3_Lin4,routine,M_routine,500,True,1,465.9,568.5,0.0,0.0,1.0,std_0.1,1,0.67,0.1,beta,none
City-B,T4,1x,140.0,S3_Lin4,cross_regime,M_stress,500,True,1,465.9,407.8,0.0,0.1249,1.0,std_0.1,1,0.67,0.1,beta,none
City-B,T4,1x,140.0,S4_GlobalCalib,routine,M_routine,500,True,1,561.3,615.4,0.0,0.0,1.0,std_0.1,1,0.67,0.1,beta,none
City-B,T4,1x,140.0,S4_GlobalCalib,cross_regime,M_stress,500,True,1,561.3,330.7,0.0,0.4108,1.0,std_0.1,1,0.67,0.1,beta,none
City-B,T4,1x,140.0,S5_CityCalib,routine,M_routine,500,True,1,562.1,615.4,0.0,0.0,1.0,std_0.1,1,0.67,0.1,beta,none
City-B,T4,1x,140.0,S5_CityCalib,cross_regime,M_stress,500,True,1,562.1,330.7,0.0,0.4116,1.0,std_0.1,1,0.67,0.1,beta,none
City-B,T4,1x,140.0,S6_Q10,routine,M_routine,500,True,1,452.3,615.4,0.0,0.0,1.0,std_0.1,1,0.67,0.1,beta,none
City-B,T4,1x,140.0,S6_Q10,cross_regime,M_stress,500,True,1,452.3,330.7,0.0,0.2688,1.0,std_0.1,1,0.67,0.1,beta,none
City-B,T4,2x,280.0,S0a_RoutineOracle,routine,M_routine,500,True,1,615.4,615.4,0.0,0.0,1.0,std_0.1,1,0.67,0.1,beta,none
City-B,T4,2x,280.0,S0a_RoutineOracle,cross_regime,M_stress,500,True,1,615.4,330.7,0.0,0.4626,1.0,std_0.1,1,0.67,0.1,beta,none
City-B,T4,2x,280.0,S0b_StressOracle,routine,M_routine,500,True,1,407.8,568.5,0.0,0.0,1.0,std_0.1,1,0.67,0.1,beta,none
City-B,T4,2x,280.0,S0b_StressOracle,cross_regime,M_stress,500,True,1,407.8,407.8,0.0,0.0,1.0,std_0.1,1,0.67,0.1,beta,none
City-B,T4,2x,280.0,S1_CapRR,routine,M_routine,500,True,1,846.0,615.4,0.0,0.2726,1.0,std_0.1,1,0.67,0.1,beta,none
City-B,T4,2x,280.0,S1_CapRR,cross_regime,M_stress,500,True,1,846.0,330.7,0.0,0.6091,1.0,std_0.1,1,0.67,0.1,beta,none
City-B,T4,2x,280.0,S2_Platform,routine,M_routine,500,True,1,480.1,615.4,0.0,0.0,1.0,std_0.1,1,0.67,0.1,beta,none
City-B,T4,2x,280.0,S2_Platform,cross_regime,M_stress,500,True,1,480.1,330.7,0.0,0.3111,1.0,std_0.1,1,0.67,0.1,beta,none
City-B,T4,2x,280.0,S3_Lin4,routine,M_routine,500,True,1,465.9,568.5,0.0,0.0,1.0,std_0.1,1,0.67,0.1,beta,none
City-B,T4,2x,280.0,S3_Lin4,cross_regime,M_stress,500,True,1,465.9,407.8,0.0,0.1249,1.0,std_0.1,1,0.67,0.1,beta,none
City-B,T4,2x,280.0,S4_GlobalCalib,routine,M_routine,500,True,1,561.3,615.4,0.0,0.0,1.0,std_0.1,1,0.67,0.1,beta,none
City-B,T4,2x,280.0,S4_GlobalCalib,cross_regime,M_stress,500,True,1,561.3,330.7,0.0,0.4108,1.0,std_0.1,1,0.67,0.1,beta,none
City-B,T4,2x,280.0,S5_CityCalib,routine,M_routine,500,True,1,562.1,615.4,0.0,0.0,1.0,std_0.1,1,0.67,0.1,beta,none
City-B,T4,2x,280.0,S5_CityCalib,cross_regime,M_stress,500,True,1,562.1,330.7,0.0,0.4116,1.0,std_0.1,1,0.67,0.1,beta,none
City-B,T4,2x,280.0,S6_Q10,routine,M_routine,500,True,1,452.3,615.4,0.0,0.0,1.0,std_0.1,1,0.67,0.1,beta,none
City-B,T4,2x,280.0,S6_Q10,cross_regime,M_stress,500,True,1,452.3,330.7,0.0,0.2688,1.0,std_0.1,1,0.67,0.1,beta,none
City-B,T4,5x,700.0,S0a_RoutineOracle,routine,M_routine,500,True,2,1215.6,1215.6,0.0,0.0,1.0,std_0.1,1,0.67,0.1,beta,none
City-B,T4,5x,700.0,S0a_RoutineOracle,cross_regime,M_stress,500,True,2,1215.6,720.9,0.0,0.4069,1.0,std_0.1,1,0.67,0.1,beta,none
City-B,T4,5x,700.0,S0b_StressOracle,routine,M_routine,500,True,2,798.0,1168.7,0.0,0.0,1.0,std_0.1,1,0.67,0.1,beta,none
City-B,T4,5x,700.0,S0b_StressOracle,cross_regime,M_stress,500,True,2,798.0,798.0,0.0,0.0,1.0,std_0.1,1,0.67,0.1,beta,none
City-B,T4,5x,700.0,S1_CapRR,routine,M_routine,500,True,1,846.0,615.4,84.6,0.2726,0.0,std_0.1,1,0.67,0.1,beta,none
City-B,T4,5x,700.0,S1_CapRR,cross_regime,M_stress,500,True,1,846.0,330.7,369.3,0.6091,0.0,std_0.1,1,0.67,0.1,beta,none
City-B,T4,5x,700.0,S2_Platform,routine,M_routine,500,True,2,912.9,1183.2,0.0,0.0,1.0,std_0.1,1,0.67,0.1,beta,none
City-B,T4,5x,700.0,S2_Platform,cross_regime,M_stress,500,True,2,912.9,676.5,23.5,0.259,0.0,std_0.1,1,0.67,0.1,beta,none
City-B,T4,5x,700.0,S3_Lin4,routine,M_routine,500,True,2,925.6,1136.3,0.0,0.0,1.0,std_0.1,1,0.67,0.1,beta,none
City-B,T4,5x,700.0,S3_Lin4,cross_regime,M_stress,500,True,2,925.6,753.5,0.0,0.1859,1.0,std_0.1,1,0.67,0.1,beta,none
City-B,T4,5x,700.0,S4_GlobalCalib,routine,M_routine,500,True,2,1119.9,1215.6,0.0,0.0,1.0,std_0.1,1,0.67,0.1,beta,none
City-B,T4,5x,700.0,S4_GlobalCalib,cross_regime,M_stress,500,True,2,1119.9,720.9,0.0,0.3562,1.0,std_0.1,1,0.67,0.1,beta,none
City-B,T4,5x,700.0,S5_CityCalib,routine,M_routine,500,True,2,1121.4,1215.6,0.0,0.0,1.0,std_0.1,1,0.67,0.1,beta,none
City-B,T4,5x,700.0,S5_CityCalib,cross_regime,M_stress,500,True,2,1121.4,720.9,0.0,0.3571,1.0,std_0.1,1,0.67,0.1,beta,none
City-B,T4,5x,700.0,S6_Q10,routine,M_routine,500,True,2,902.4,1215.6,0.0,0.0,1.0,std_0.1,1,0.67,0.1,beta,none
City-B,T4,5x,700.0,S6_Q10,cross_regime,M_stress,500,True,2,902.4,720.9,0.0,0.2011,1.0,std_0.1,1,0.67,0.1,beta,none
City-B,T4,10x,1400.0,S0a_RoutineOracle,routine,M_routine,500,True,3,1784.1,1784.1,0.0,0.0,1.0,std_0.1,1,0.67,0.1,beta,none
City-B,T4,10x,1400.0,S0a_RoutineOracle,cross_regime,M_stress,500,True,3,1784.1,1128.7,271.3,0.3674,0.0,std_0.1,1,0.67,0.1,beta,none
City-B,T4,10x,1400.0,S0b_StressOracle,routine,M_routine,500,True,4,1482.7,2275.4,0.0,0.0,1.0,std_0.1,1,0.67,0.1,beta,none
City-B,T4,10x,1400.0,S0b_StressOracle,cross_regime,M_stress,500,True,4,1482.7,1482.7,0.0,0.0,1.0,std_0.1,1,0.67,0.1,beta,none
City-B,T4,10x,1400.0,S1_CapRR,routine,M_routine,500,True,2,1688.0,1215.6,184.4,0.2799,0.0,std_0.1,1,0.67,0.1,beta,none
City-B,T4,10x,1400.0,S1_CapRR,cross_regime,M_stress,500,True,2,1688.0,720.9,679.1,0.5729,0.0,std_0.1,1,0.67,0.1,beta,none
City-B,T4,10x,1400.0,S2_Platform,routine,M_routine,500,True,4,1693.5,2065.6,0.0,0.0,1.0,std_0.1,1,0.67,0.1,beta,none
City-B,T4,10x,1400.0,S2_Platform,cross_regime,M_stress,500,True,4,1693.5,1316.9,83.1,0.2224,0.0,std_0.1,1,0.67,0.1,beta,none
City-B,T4,10x,1400.0,S3_Lin4,routine,M_routine,500,True,4,1836.6,2351.8,0.0,0.0,1.0,std_0.1,1,0.67,0.1,beta,none
City-B,T4,10x,1400.0,S3_Lin4,cross_regime,M_stress,500,True,4,1836.6,1474.5,0.0,0.1972,1.0,std_0.1,1,0.67,0.1,beta,none
City-B,T4,10x,1400.0,S4_GlobalCalib,routine,M_routine,500,True,3,1661.6,1784.1,0.0,0.0,1.0,std_0.1,1,0.67,0.1,beta,none
City-B,T4,10x,1400.0,S4_GlobalCalib,cross_regime,M_stress,500,True,3,1661.6,1128.7,271.3,0.3207,0.0,std_0.1,1,0.67,0.1,beta,none
City-B,T4,10x,1400.0,S5_CityCalib,routine,M_routine,500,True,3,1663.9,1784.1,0.0,0.0,1.0,std_0.1,1,0.67,0.1,beta,none
City-B,T4,10x,1400.0,S5_CityCalib,cross_regime,M_stress,500,True,3,1663.9,1128.7,271.3,0.3217,0.0,std_0.1,1,0.67,0.1,beta,none
City-B,T4,10x,1400.0,S6_Q10,routine,M_routine,500,True,4,1765.9,2351.8,0.0,0.0,1.0,std_0.1,1,0.67,0.1,beta,none
City-B,T4,10x,1400.0,S6_Q10,cross_regime,M_stress,500,True,4,1765.9,1474.5,0.0,0.1651,1.0,std_0.1,1,0.67,0.1,beta,none
City-B,T5,1x,160.0,S0a_RoutineOracle,routine,M_routine,500,True,1,615.0,615.0,0.0,0.0,1.0,std_0.1,1,0.67,0.1,beta,none
City-B,T5,1x,160.0,S0a_RoutineOracle,cross_regime,M_stress,500,True,1,615.0,321.8,0.0,0.4768,1.0,std_0.1,1,0.67,0.1,beta,none
City-B,T5,1x,160.0,S0b_StressOracle,routine,M_routine,500,True,1,351.0,593.8,0.0,0.0,1.0,std_0.1,1,0.67,0.1,beta,none
City-B,T5,1x,160.0,S0b_StressOracle,cross_regime,M_stress,500,True,1,351.0,351.0,0.0,0.0,1.0,std_0.1,1,0.67,0.1,beta,none
City-B,T5,1x,160.0,S1_CapRR,routine,M_routine,500,True,1,744.5,615.0,0.0,0.1739,1.0,std_0.1,1,0.67,0.1,beta,none
City-B,T5,1x,160.0,S1_CapRR,cross_regime,M_stress,500,True,1,744.5,321.8,0.0,0.5678,1.0,std_0.1,1,0.67,0.1,beta,none
City-B,T5,1x,160.0,S2_Platform,routine,M_routine,500,True,1,553.3,370.5,0.0,0.3303,1.0,std_0.1,1,0.67,0.1,beta,none
City-B,T5,1x,160.0,S2_Platform,cross_regime,M_stress,500,True,1,553.3,342.4,0.0,0.3812,1.0,std_0.1,1,0.67,0.1,beta,none
City-B,T5,1x,160.0,S3_Lin4,routine,M_routine,500,True,1,454.0,593.8,0.0,0.0,1.0,std_0.1,1,0.67,0.1,beta,none
City-B,T5,1x,160.0,S3_Lin4,cross_regime,M_stress,500,True,1,454.0,351.0,0.0,0.227,1.0,std_0.1,1,0.67,0.1,beta,none
City-B,T5,1x,160.0,S4_GlobalCalib,routine,M_routine,500,True,1,493.1,615.0,0.0,0.0,1.0,std_0.1,1,0.67,0.1,beta,none
City-B,T5,1x,160.0,S4_GlobalCalib,cross_regime,M_stress,500,True,1,493.1,321.8,0.0,0.3475,1.0,std_0.1,1,0.67,0.1,beta,none
City-B,T5,1x,160.0,S5_CityCalib,routine,M_routine,500,True,1,490.1,615.0,0.0,0.0,1.0,std_0.1,1,0.67,0.1,beta,none
City-B,T5,1x,160.0,S5_CityCalib,cross_regime,M_stress,500,True,1,490.1,321.8,0.0,0.3434,1.0,std_0.1,1,0.67,0.1,beta,none
City-B,T5,1x,160.0,S6_Q10,routine,M_routine,500,True,1,397.7,615.0,0.0,0.0,1.0,std_0.1,1,0.67,0.1,beta,none
City-B,T5,1x,160.0,S6_Q10,cross_regime,M_stress,500,True,1,397.7,321.8,0.0,0.1909,1.0,std_0.1,1,0.67,0.1,beta,none
City-B,T5,2x,320.0,S0a_RoutineOracle,routine,M_routine,500,True,1,615.0,615.0,0.0,0.0,1.0,std_0.1,1,0.67,0.1,beta,none
City-B,T5,2x,320.0,S0a_RoutineOracle,cross_regime,M_stress,500,True,1,615.0,321.8,0.0,0.4768,1.0,std_0.1,1,0.67,0.1,beta,none
City-B,T5,2x,320.0,S0b_StressOracle,routine,M_routine,500,True,1,351.0,593.8,0.0,0.0,1.0,std_0.1,1,0.67,0.1,beta,none
City-B,T5,2x,320.0,S0b_StressOracle,cross_regime,M_stress,500,True,1,351.0,351.0,0.0,0.0,1.0,std_0.1,1,0.67,0.1,beta,none
City-B,T5,2x,320.0,S1_CapRR,routine,M_routine,500,True,1,744.5,615.0,0.0,0.1739,1.0,std_0.1,1,0.67,0.1,beta,none
City-B,T5,2x,320.0,S1_CapRR,cross_regime,M_stress,500,True,1,744.5,321.8,0.0,0.5678,1.0,std_0.1,1,0.67,0.1,beta,none
City-B,T5,2x,320.0,S2_Platform,routine,M_routine,500,True,1,553.3,370.5,0.0,0.3303,1.0,std_0.1,1,0.67,0.1,beta,none
City-B,T5,2x,320.0,S2_Platform,cross_regime,M_stress,500,True,1,553.3,342.4,0.0,0.3812,1.0,std_0.1,1,0.67,0.1,beta,none
City-B,T5,2x,320.0,S3_Lin4,routine,M_routine,500,True,1,454.0,593.8,0.0,0.0,1.0,std_0.1,1,0.67,0.1,beta,none
City-B,T5,2x,320.0,S3_Lin4,cross_regime,M_stress,500,True,1,454.0,351.0,0.0,0.227,1.0,std_0.1,1,0.67,0.1,beta,none
City-B,T5,2x,320.0,S4_GlobalCalib,routine,M_routine,500,True,1,493.1,615.0,0.0,0.0,1.0,std_0.1,1,0.67,0.1,beta,none
City-B,T5,2x,320.0,S4_GlobalCalib,cross_regime,M_stress,500,True,1,493.1,321.8,0.0,0.3475,1.0,std_0.1,1,0.67,0.1,beta,none
City-B,T5,2x,320.0,S5_CityCalib,routine,M_routine,500,True,1,490.1,615.0,0.0,0.0,1.0,std_0.1,1,0.67,0.1,beta,none
City-B,T5,2x,320.0,S5_CityCalib,cross_regime,M_stress,500,True,1,490.1,321.8,0.0,0.3434,1.0,std_0.1,1,0.67,0.1,beta,none
City-B,T5,2x,320.0,S6_Q10,routine,M_routine,500,True,1,397.7,615.0,0.0,0.0,1.0,std_0.1,1,0.67,0.1,beta,none
City-B,T5,2x,320.0,S6_Q10,cross_regime,M_stress,500,True,1,397.7,321.8,0.0,0.1909,1.0,std_0.1,1,0.67,0.1,beta,none
City-B,T5,5x,800.0,S0a_RoutineOracle,routine,M_routine,500,True,2,1208.8,1208.8,0.0,0.0,1.0,std_0.1,1,0.67,0.1,beta,none
City-B,T5,5x,800.0,S0a_RoutineOracle,cross_regime,M_stress,500,True,2,1208.8,672.8,127.2,0.4434,0.0,std_0.1,1,0.67,0.1,beta,none
City-B,T5,5x,800.0,S0b_StressOracle,routine,M_routine,500,True,3,1015.2,1579.3,0.0,0.0,1.0,std_0.1,1,0.67,0.1,beta,none
City-B,T5,5x,800.0,S0b_StressOracle,cross_regime,M_stress,500,True,3,1015.2,1015.2,0.0,0.0,1.0,std_0.1,1,0.67,0.1,beta,none
City-B,T5,5x,800.0,S1_CapRR,routine,M_routine,500,True,2,1485.4,985.5,0.0,0.3365,1.0,std_0.1,1,0.67,0.1,beta,none
City-B,T5,5x,800.0,S1_CapRR,cross_regime,M_stress,500,True,2,1485.4,664.2,135.8,0.5529,0.0,std_0.1,1,0.67,0.1,beta,none
City-B,T5,5x,800.0,S2_Platform,routine,M_routine,500,True,2,1093.7,964.3,0.0,0.1183,1.0,std_0.1,1,0.67,0.1,beta,none
City-B,T5,5x,800.0,S2_Platform,cross_regime,M_stress,500,True,2,1093.7,693.4,106.6,0.366,0.0,std_0.1,1,0.67,0.1,beta,none
City-B,T5,5x,800.0,S3_Lin4,routine,M_routine,500,True,2,902.0,1110.6,0.0,0.0,1.0,std_0.1,1,0.67,0.1,beta,none
City-B,T5,5x,800.0,S3_Lin4,cross_regime,M_stress,500,True,2,902.0,625.8,174.2,0.3062,0.0,std_0.1,1,0.67,0.1,beta,none
City-B,T5,5x,800.0,S4_GlobalCalib,routine,M_routine,500,True,2,983.9,985.5,0.0,0.0,1.0,std_0.1,1,0.67,0.1,beta,none
City-B,T5,5x,800.0,S4_GlobalCalib,cross_regime,M_stress,500,True,2,983.9,664.2,135.8,0.325,0.0,std_0.1,1,0.67,0.1,beta,none
City-B,T5,5x,800.0,S5_CityCalib,routine,M_routine,500,True,2,977.8,985.5,0.0,0.0,1.0,std_0.1,1,0.67,0.1,beta,none
City-B,T5,5x,800.0,S5_CityCalib,cross_regime,M_stress,500,True,2,977.8,664.2,135.8,0.3208,0.0,std_0.1,1,0.67,0.1,beta,none
City-B,T5,5x,800.0,S6_Q10,routine,M_routine,500,True,3,1177.3,1579.3,0.0,0.0,1.0,std_0.1,1,0.67,0.1,beta,none
City-B,T5,5x,800.0,S6_Q10,cross_regime,M_stress,500,True,3,1177.3,1015.2,0.0,0.1377,1.0,std_0.1,1,0.67,0.1,beta,none
City-B,T5,10x,1600.0,S0a_RoutineOracle,routine,M_routine,500,True,3,1725.6,1725.6,0.0,0.0,1.0,std_0.1,1,0.67,0.1,beta,none
City-B,T5,10x,1600.0,S0a_RoutineOracle,cross_regime,M_stress,500,True,3,1725.6,947.6,652.4,0.4509,0.0,std_0.1,1,0.67,0.1,beta,none
City-B,T5,10x,1600.0,S0b_StressOracle,routine,M_routine,500,True,6,1870.0,2828.9,0.0,0.0,1.0,std_0.1,1,0.67,0.1,beta,none
City-B,T5,10x,1600.0,S0b_StressOracle,cross_regime,M_stress,500,True,6,1870.0,1870.0,0.0,0.0,1.0,std_0.1,1,0.67,0.1,beta,none
City-B,T5,10x,1600.0,S1_CapRR,routine,M_routine,500,True,3,2203.9,1579.3,20.7,0.2834,0.0,std_0.1,1,0.67,0.1,beta,none
City-B,T5,10x,1600.0,S1_CapRR,cross_regime,M_stress,500,True,3,2203.9,1015.2,584.8,0.5394,0.0,std_0.1,1,0.67,0.1,beta,none
City-B,T5,10x,1600.0,S2_Platform,routine,M_routine,500,True,4,2025.8,1945.5,0.0,0.0397,1.0,std_0.1,1,0.67,0.1,beta,none
City-B,T5,10x,1600.0,S2_Platform,cross_regime,M_stress,500,True,4,2025.8,1240.1,359.9,0.3879,0.0,std_0.1,1,0.67,0.1,beta,none
City-B,T5,10x,1600.0,S3_Lin4,routine,M_routine,500,True,4,1782.3,2096.2,0.0,0.0,1.0,std_0.1,1,0.67,0.1,beta,none
City-B,T5,10x,1600.0,S3_Lin4,cross_regime,M_stress,500,True,4,1782.3,1290.0,310.0,0.2762,0.0,std_0.1,1,0.67,0.1,beta,none
City-B,T5,10x,1600.0,S4_GlobalCalib,routine,M_routine,500,True,4,1925.5,2096.2,0.0,0.0,1.0,std_0.1,1,0.67,0.1,beta,none
City-B,T5,10x,1600.0,S4_GlobalCalib,cross_regime,M_stress,500,True,4,1925.5,1290.0,310.0,0.33,0.0,std_0.1,1,0.67,0.1,beta,none
City-B,T5,10x,1600.0,S5_CityCalib,routine,M_routine,500,True,4,1913.7,2096.2,0.0,0.0,1.0,std_0.1,1,0.67,0.1,beta,none
City-B,T5,10x,1600.0,S5_CityCalib,cross_regime,M_stress,500,True,4,1913.7,1290.0,310.0,0.3259,0.0,std_0.1,1,0.67,0.1,beta,none
City-B,T5,10x,1600.0,S6_Q10,routine,M_routine,500,True,5,1881.3,2560.5,0.0,0.0,1.0,std_0.1,1,0.67,0.1,beta,none
City-B,T5,10x,1600.0,S6_Q10,cross_regime,M_stress,500,True,5,1881.3,1561.9,38.1,0.1698,0.0,std_0.1,1,0.67,0.1,beta,none
City-C,T1,1x,180.0,S0a_RoutineOracle,routine,M_routine,650,True,1,525.2,525.2,0.0,0.0,1.0,std_0.1,1,0.67,0.1,beta,none
City-C,T1,1x,180.0,S0a_RoutineOracle,cross_regime,M_stress,650,True,1,525.2,285.0,0.0,0.4574,1.0,std_0.1,1,0.67,0.1,beta,none
City-C,T1,1x,180.0,S0b_StressOracle,routine,M_routine,650,True,1,359.1,430.5,0.0,0.0,1.0,std_0.1,1,0.67,0.1,beta,none
City-C,T1,1x,180.0,S0b_StressOracle,cross_regime,M_stress,650,True,1,359.1,359.1,0.0,0.0,1.0,std_0.1,1,0.67,0.1,beta,none
City-C,T1,1x,180.0,S1_CapRR,routine,M_routine,650,True,1,737.0,430.5,0.0,0.4159,1.0,std_0.1,1,0.67,0.1,beta,none
City-C,T1,1x,180.0,S1_CapRR,cross_regime,M_stress,650,True,1,737.0,359.1,0.0,0.5128,1.0,std_0.1,1,0.67,0.1,beta,none
City-C,T1,1x,180.0,S2_Platform,routine,M_routine,650,True,1,460.9,430.5,0.0,0.0659,1.0,std_0.1,1,0.67,0.1,beta,none
City-C,T1,1x,180.0,S2_Platform,cross_regime,M_stress,650,True,1,460.9,359.1,0.0,0.2209,1.0,std_0.1,1,0.67,0.1,beta,none
City-C,T1,1x,180.0,S3_Lin4,routine,M_routine,650,True,1,415.8,430.5,0.0,0.0,1.0,std_0.1,1,0.67,0.1,beta,none
City-C,T1,1x,180.0,S3_Lin4,cross_regime,M_stress,650,True,1,415.8,359.1,0.0,0.1365,1.0,std_0.1,1,0.67,0.1,beta,none
City-C,T1,1x,180.0,S4_GlobalCalib,routine,M_routine,650,True,1,489.2,430.5,0.0,0.12,1.0,std_0.1,1,0.67,0.1,beta,none
City-C,T1,1x,180.0,S4_GlobalCalib,cross_regime,M_stress,650,True,1,489.2,359.1,0.0,0.266,1.0,std_0.1,1,0.67,0.1,beta,none
City-C,T1,1x,180.0,S5_CityCalib,routine,M_routine,650,True,1,492.1,430.5,0.0,0.1251,1.0,std_0.1,1,0.67,0.1,beta,none
City-C,T1,1x,180.0,S5_CityCalib,cross_regime,M_stress,650,True,1,492.1,359.1,0.0,0.2703,1.0,std_0.1,1,0.67,0.1,beta,none
City-C,T1,1x,180.0,S6_Q10,routine,M_routine,650,True,1,395.1,430.5,0.0,0.0,1.0,std_0.1,1,0.67,0.1,beta,none
City-C,T1,1x,180.0,S6_Q10,cross_regime,M_stress,650,True,1,395.1,359.1,0.0,0.0912,1.0,std_0.1,1,0.67,0.1,beta,none
City-C,T1,2x,360.0,S0a_RoutineOracle,routine,M_routine,650,True,1,525.2,525.2,0.0,0.0,1.0,std_0.1,1,0.67,0.1,beta,none
City-C,T1,2x,360.0,S0a_RoutineOracle,cross_regime,M_stress,650,True,1,525.2,285.0,75.0,0.4574,0.0,std_0.1,1,0.67,0.1,beta,none
City-C,T1,2x,360.0,S0b_StressOracle,routine,M_routine,650,True,2,647.3,677.2,0.0,0.0,1.0,std_0.1,1,0.67,0.1,beta,none
City-C,T1,2x,360.0,S0b_StressOracle,cross_regime,M_stress,650,True,2,647.3,647.3,0.0,0.0,1.0,std_0.1,1,0.67,0.1,beta,none
City-C,T1,2x,360.0,S1_CapRR,routine,M_routine,650,True,1,737.0,430.5,0.0,0.4159,1.0,std_0.1,1,0.67,0.1,beta,none
City-C,T1,2x,360.0,S1_CapRR,cross_regime,M_stress,650,True,1,737.0,359.1,0.9,0.5128,0.0,std_0.1,1,0.67,0.1,beta,none
City-C,T1,2x,360.0,S2_Platform,routine,M_routine,650,True,1,460.9,430.5,0.0,0.0659,1.0,std_0.1,1,0.67,0.1,beta,none
City-C,T1,2x,360.0,S2_Platform,cross_regime,M_stress,650,True,1,460.9,359.1,0.9,0.2209,0.0,std_0.1,1,0.67,0.1,beta,none
City-C,T1,2x,360.0,S3_Lin4,routine,M_routine,650,True,1,415.8,430.5,0.0,0.0,1.0,std_0.1,1,0.67,0.1,beta,none
City-C,T1,2x,360.0,S3_Lin4,cross_regime,M_stress,650,True,1,415.8,359.1,0.9,0.1365,0.0,std_0.1,1,0.67,0.1,beta,none
City-C,T1,2x,360.0,S4_GlobalCalib,routine,M_routine,650,True,1,489.2,430.5,0.0,0.12,1.0,std_0.1,1,0.67,0.1,beta,none
City-C,T1,2x,360.0,S4_GlobalCalib,cross_regime,M_stress,650,True,1,489.2,359.1,0.9,0.266,0.0,std_0.1,1,0.67,0.1,beta,none
City-C,T1,2x,360.0,S5_CityCalib,routine,M_routine,650,True,1,492.1,430.5,0.0,0.1251,1.0,std_0.1,1,0.67,0.1,beta,none
City-C,T1,2x,360.0,S5_CityCalib,cross_regime,M_stress,650,True,1,492.1,359.1,0.9,0.2703,0.0,std_0.1,1,0.67,0.1,beta,none
City-C,T1,2x,360.0,S6_Q10,routine,M_routine,650,True,1,395.1,430.5,0.0,0.0,1.0,std_0.1,1,0.67,0.1,beta,none
City-C,T1,2x,360.0,S6_Q10,cross_regime,M_stress,650,True,1,395.1,359.1,0.9,0.0912,0.0,std_0.1,1,0.67,0.1,beta,none
City-C,T1,5x,900.0,S0a_RoutineOracle,routine,M_routine,650,True,2,963.2,963.2,0.0,0.0,1.0,std_0.1,1,0.67,0.1,beta,none
City-C,T1,5x,900.0,S0a_RoutineOracle,cross_regime,M_stress,650,True,2,963.2,507.1,392.9,0.4735,0.0,std_0.1,1,0.67,0.1,beta,none
City-C,T1,5x,900.0,S0b_StressOracle,routine,M_routine,650,True,3,932.3,1202.4,0.0,0.0,1.0,std_0.1,1,0.67,0.1,beta,none
City-C,T1,5x,900.0,S0b_StressOracle,cross_regime,M_stress,650,True,3,932.3,932.3,0.0,0.0,1.0,std_0.1,1,0.67,0.1,beta,none
City-C,T1,5x,900.0,S1_CapRR,routine,M_routine,650,True,2,1439.5,955.7,0.0,0.3361,1.0,std_0.1,1,0.67,0.1,beta,none
City-C,T1,5x,900.0,S1_CapRR,cross_regime,M_stress,650,True,2,1439.5,644.0,256.0,0.5526,0.0,std_0.1,1,0.67,0.1,beta,none
City-C,T1,5x,900.0,S2_Platform,routine,M_routine,650,True,2,904.5,955.7,0.0,0.0,1.0,std_0.1,1,0.67,0.1,beta,none
City-C,T1,5x,900.0,S2_Platform,cross_regime,M_stress,650,True,2,904.5,644.0,256.0,0.288,0.0,std_0.1,1,0.67,0.1,beta,none
City-C,T1,5x,900.0,S3_Lin4,routine,M_routine,650,True,3,1204.7,1393.7,0.0,0.0,1.0,std_0.1,1,0.67,0.1,beta,none
City-C,T1,5x,900.0,S3_Lin4,cross_regime,M_stress,650,True,3,1204.7,866.2,33.8,0.281,0.0,std_0.1,1,0.67,0.1,beta,none
City-C,T1,5x,900.0,S4_GlobalCalib,routine,M_routine,650,True,2,955.5,955.7,0.0,0.0,1.0,std_0.1,1,0.67,0.1,beta,none
City-C,T1,5x,900.0,S4_GlobalCalib,cross_regime,M_stress,650,True,2,955.5,644.0,256.0,0.326,0.0,std_0.1,1,0.67,0.1,beta,none
City-C,T1,5x,900.0,S5_CityCalib,routine,M_routine,650,True,2,961.1,955.7,0.0,0.0056,1.0,std_0.1,1,0.67,0.1,beta,none
City-C,T1,5x,900.0,S5_CityCalib,cross_regime,M_stress,650,True,2,961.1,644.0,256.0,0.3299,0.0,std_0.1,1,0.67,0.1,beta,none
City-C,T1,5x,900.0,S6_Q10,routine,M_routine,650,True,3,1115.6,1393.7,0.0,0.0,1.0,std_0.1,1,0.67,0.1,beta,none
City-C,T1,5x,900.0,S6_Q10,cross_regime,M_stress,650,True,3,1115.6,866.2,33.8,0.2236,0.0,std_0.1,1,0.67,0.1,beta,none
City-C,T1,10x,1800.0,S0a_RoutineOracle,routine,M_routine,650,True,4,1820.3,1820.3,0.0,0.0,1.0,std_0.1,1,0.67,0.1,beta,none
City-C,T1,10x,1800.0,S0a_RoutineOracle,cross_regime,M_stress,650,True,4,1820.3,1131.5,668.5,0.3784,0.0,std_0.1,1,0.67,0.1,beta,none
City-C,T1,10x,1800.0,S0b_StressOracle,routine,M_routine,650,True,7,1994.0,2744.0,0.0,0.0,1.0,std_0.1,1,0.67,0.1,beta,none
City-C,T1,10x,1800.0,S0b_StressOracle,cross_regime,M_stress,650,True,7,1994.0,1994.0,0.0,0.0,1.0,std_0.1,1,0.67,0.1,beta,none
City-C,T1,10x,1800.0,S1_CapRR,routine,M_routine,650,True,3,2081.1,1393.7,406.3,0.3303,0.0,std_0.1,1,0.67,0.1,beta,none
City-C,T1,10x,1800.0,S1_CapRR,cross_regime,M_stress,650,True,3,2081.1,866.2,933.8,0.5838,0.0,std_0.1,1,0.67,0.1,beta,none
City-C,T1,10x,1800.0,S2_Platform,routine,M_routine,650,True,5,2117.9,1874.3,0.0,0.115,1.0,std_0.1,1,0.67,0.1,beta,none
City-C,T1,10x,1800.0,S2_Platform,cross_regime,M_stress,650,True,5,2117.9,1380.6,419.4,0.3481,0.0,std_0.1,1,0.67,0.1,beta,none
City-C,T1,10x,1800.0,S3_Lin4,routine,M_routine,650,True,5,1958.9,2075.9,0.0,0.0,1.0,std_0.1,1,0.67,0.1,beta,none
City-C,T1,10x,1800.0,S3_Lin4,cross_regime,M_stress,650,True,5,1958.9,1375.1,424.9,0.298,0.0,std_0.1,1,0.67,0.1,beta,none
City-C,T1,10x,1800.0,S4_GlobalCalib,routine,M_routine,650,True,5,2154.9,2040.7,0.0,0.053,1.0,std_0.1,1,0.67,0.1,beta,none
City-C,T1,10x,1800.0,S4_GlobalCalib,cross_regime,M_stress,650,True,5,2154.9,1375.4,424.6,0.3617,0.0,std_0.1,1,0.67,0.1,beta,none
City-C,T1,10x,1800.0,S5_CityCalib,routine,M_routine,650,True,5,2167.1,2040.7,0.0,0.0583,1.0,std_0.1,1,0.67,0.1,beta,none
City-C,T1,10x,1800.0,S5_CityCalib,cross_regime,M_stress,650,True,5,2167.1,1375.4,424.6,0.3653,0.0,std_0.1,1,0.67,0.1,beta,none
City-C,T1,10x,1800.0,S6_Q10,routine,M_routine,650,True,6,2044.4,2467.3,0.0,0.0,1.0,std_0.1,1,0.67,0.1,beta,none
City-C,T1,10x,1800.0,S6_Q10,cross_regime,M_stress,650,True,6,2044.4,1640.7,159.3,0.1974,0.0,std_0.1,1,0.67,0.1,beta,none
City-C,T2,1x,260.0,S0a_RoutineOracle,routine,M_routine,650,True,1,541.9,541.9,0.0,0.0,1.0,std_0.1,1,0.67,0.1,beta,none
City-C,T2,1x,260.0,S0a_RoutineOracle,cross_regime,M_stress,650,True,1,541.9,250.0,10.0,0.5387,0.0,std_0.1,1,0.67,0.1,beta,none
City-C,T2,1x,260.0,S0b_StressOracle,routine,M_routine,650,True,1,348.8,369.1,0.0,0.0,1.0,std_0.1,1,0.67,0.1,beta,none
City-C,T2,1x,260.0,S0b_StressOracle,cross_regime,M_stress,650,True,1,348.8,348.8,0.0,0.0,1.0,std_0.1,1,0.67,0.1,beta,none
City-C,T2,1x,260.0,S1_CapRR,routine,M_routine,650,True,1,737.0,369.1,0.0,0.4992,1.0,std_0.1,1,0.67,0.1,beta,none
City-C,T2,1x,260.0,S1_CapRR,cross_regime,M_stress,650,True,1,737.0,348.8,0.0,0.5267,1.0,std_0.1,1,0.67,0.1,beta,none
City-C,T2,1x,260.0,S2_Platform,routine,M_routine,650,True,1,467.3,369.1,0.0,0.2102,1.0,std_0.1,1,0.67,0.1,beta,none
City-C,T2,1x,260.0,S2_Platform,cross_regime,M_stress,650,True,1,467.3,348.8,0.0,0.2535,1.0,std_0.1,1,0.67,0.1,beta,none
City-C,T2,1x,260.0,S3_Lin4,routine,M_routine,650,True,1,420.0,369.1,0.0,0.1213,1.0,std_0.1,1,0.67,0.1,beta,none
City-C,T2,1x,260.0,S3_Lin4,cross_regime,M_stress,650,True,1,420.0,348.8,0.0,0.1694,1.0,std_0.1,1,0.67,0.1,beta,none
City-C,T2,1x,260.0,S4_GlobalCalib,routine,M_routine,650,True,1,492.1,369.1,0.0,0.2501,1.0,std_0.1,1,0.67,0.1,beta,none
City-C,T2,1x,260.0,S4_GlobalCalib,cross_regime,M_stress,650,True,1,492.1,348.8,0.0,0.2912,1.0,std_0.1,1,0.67,0.1,beta,none
City-C,T2,1x,260.0,S5_CityCalib,routine,M_routine,650,True,1,490.3,369.1,0.0,0.2472,1.0,std_0.1,1,0.67,0.1,beta,none
City-C,T2,1x,260.0,S5_CityCalib,cross_regime,M_stress,650,True,1,490.3,348.8,0.0,0.2884,1.0,std_0.1,1,0.67,0.1,beta,none
City-C,T2,1x,260.0,S6_Q10,routine,M_routine,650,True,1,396.1,369.1,0.0,0.0683,1.0,std_0.1,1,0.67,0.1,beta,none
City-C,T2,1x,260.0,S6_Q10,cross_regime,M_stress,650,True,1,396.1,348.8,0.0,0.1194,1.0,std_0.1,1,0.67,0.1,beta,none
City-C,T2,2x,520.0,S0a_RoutineOracle,routine,M_routine,650,True,1,541.9,541.9,0.0,0.0,1.0,std_0.1,1,0.67,0.1,beta,none
City-C,T2,2x,520.0,S0a_RoutineOracle,cross_regime,M_stress,650,True,1,541.9,250.0,270.0,0.5387,0.0,std_0.1,1,0.67,0.1,beta,none
City-C,T2,2x,520.0,S0b_StressOracle,routine,M_routine,650,True,2,673.9,812.0,0.0,0.0,1.0,std_0.1,1,0.67,0.1,beta,none
City-C,T2,2x,520.0,S0b_StressOracle,cross_regime,M_stress,650,True,2,673.9,673.9,0.0,0.0,1.0,std_0.1,1,0.67,0.1,beta,none
City-C,T2,2x,520.0,S1_CapRR,routine,M_routine,650,True,1,737.0,369.1,150.9,0.4992,0.0,std_0.1,1,0.67,0.1,beta,none
City-C,T2,2x,520.0,S1_CapRR,cross_regime,M_stress,650,True,1,737.0,348.8,171.2,0.5267,0.0,std_0.1,1,0.67,0.1,beta,none
City-C,T2,2x,520.0,S2_Platform,routine,M_routine,650,True,2,902.1,812.0,0.0,0.0999,1.0,std_0.1,1,0.67,0.1,beta,none
City-C,T2,2x,520.0,S2_Platform,cross_regime,M_stress,650,True,2,902.1,673.9,0.0,0.253,1.0,std_0.1,1,0.67,0.1,beta,none
City-C,T2,2x,520.0,S3_Lin4,routine,M_routine,650,True,2,822.4,812.0,0.0,0.0127,1.0,std_0.1,1,0.67,0.1,beta,none
City-C,T2,2x,520.0,S3_Lin4,cross_regime,M_stress,650,True,2,822.4,673.9,0.0,0.1806,1.0,std_0.1,1,0.67,0.1,beta,none
City-C,T2,2x,520.0,S4_GlobalCalib,routine,M_routine,650,True,2,961.2,812.0,0.0,0.1553,1.0,std_0.1,1,0.67,0.1,beta,none
City-C,T2,2x,520.0,S4_GlobalCalib,cross_regime,M_stress,650,True,2,961.2,673.9,0.0,0.2989,1.0,std_0.1,1,0.67,0.1,beta,none
City-C,T2,2x,520.0,S5_CityCalib,routine,M_routine,650,True,2,957.5,812.0,0.0,0.152,1.0,std_0.1,1,0.67,0.1,beta,none
City-C,T2,2x,520.0,S5_CityCalib,cross_regime,M_stress,650,True,2,957.5,673.9,0.0,0.2962,1.0,std_0.1,1,0.67,0.1,beta,none
City-C,T2,2x,520.0,S6_Q10,routine,M_routine,650,True,2,773.7,812.0,0.0,0.0,1.0,std_0.1,1,0.67,0.1,beta,none
City-C,T2,2x,520.0,S6_Q10,cross_regime,M_stress,650,True,2,773.7,673.9,0.0,0.129,1.0,std_0.1,1,0.67,0.1,beta,none
City-C,T2,5x,1300.0,S0a_RoutineOracle,routine,M_routine,650,True,3,1458.5,1458.5,0.0,0.0,1.0,std_0.1,1,0.67,0.1,beta,none
City-C,T2,5x,1300.0,S0a_RoutineOracle,cross_regime,M_stress,650,True,3,1458.5,841.9,458.1,0.4228,0.0,std_0.1,1,0.67,0.1,beta,none
City-C,T2,5x,1300.0,S0b_StressOracle,routine,M_routine,650,True,5,1536.9,2073.5,0.0,0.0,1.0,std_0.1,1,0.67,0.1,beta,none
City-C,T2,5x,1300.0,S0b_StressOracle,cross_regime,M_stress,650,True,5,1536.9,1536.9,0.0,0.0,1.0,std_0.1,1,0.67,0.1,beta,none
City-C,T2,5x,1300.0,S1_CapRR,routine,M_routine,650,True,2,1439.5,812.0,488.0,0.436,0.0,std_0.1,1,0.67,0.1,beta,none
City-C,T2,5x,1300.0,S1_CapRR,cross_regime,M_stress,650,True,2,1439.5,673.9,626.1,0.5319,0.0,std_0.1,1,0.67,0.1,beta,none
City-C,T2,5x,1300.0,S2_Platform,routine,M_routine,650,True,3,1301.1,1353.8,0.0,0.0,1.0,std_0.1,1,0.67,0.1,beta,none
City-C,T2,5x,1300.0,S2_Platform,cross_regime,M_stress,650,True,3,1301.1,923.9,376.1,0.2899,0.0,std_0.1,1,0.67,0.1,beta,none
City-C,T2,5x,1300.0,S3_Lin4,routine,M_routine,650,True,4,1599.7,1654.9,0.0,0.0,1.0,std_0.1,1,0.67,0.1,beta,none
City-C,T2,5x,1300.0,S3_Lin4,cross_regime,M_stress,650,True,4,1599.7,1157.1,142.9,0.2766,0.0,std_0.1,1,0.67,0.1,beta,none
City-C,T2,5x,1300.0,S4_GlobalCalib,routine,M_routine,650,True,3,1389.6,1353.8,0.0,0.0258,1.0,std_0.1,1,0.67,0.1,beta,none
City-C,T2,5x,1300.0,S4_GlobalCalib,cross_regime,M_stress,650,True,3,1389.6,923.9,376.1,0.3352,0.0,std_0.1,1,0.67,0.1,beta,none
City-C,T2,5x,1300.0,S5_CityCalib,routine,M_routine,650,True,3,1384.3,1353.8,0.0,0.022,1.0,std_0.1,1,0.67,0.1,beta,none
City-C,T2,5x,1300.0,S5_CityCalib,cross_regime,M_stress,650,True,3,1384.3,923.9,376.1,0.3326,0.0,std_0.1,1,0.67,0.1,beta,none
City-C,T2,5x,1300.0,S6_Q10,routine,M_routine,650,True,4,1433.2,1743.5,0.0,0.0,1.0,std_0.1,1,0.67,0.1,beta,none
City-C,T2,5x,1300.0,S6_Q10,cross_regime,M_stress,650,True,4,1433.2,1233.9,66.1,0.1391,0.0,std_0.1,1,0.67,0.1,beta,none
City-C,T2,10x,2600.0,S0a_RoutineOracle,routine,M_routine,650,True,6,2701.3,2701.3,0.0,0.0,1.0,std_0.1,1,0.67,0.1,beta,none
City-C,T2,10x,2600.0,S0a_RoutineOracle,cross_regime,M_stress,650,True,6,2701.3,1614.5,985.5,0.4023,0.0,std_0.1,1,0.67,0.1,beta,none
City-C,T2,10x,2600.0,S0b_StressOracle,routine,M_routine,650,True,10,2791.3,3968.0,0.0,0.0,1.0,std_0.1,1,0.67,0.1,beta,none
City-C,T2,10x,2600.0,S0b_StressOracle,cross_regime,M_stress,650,True,10,2791.3,2791.3,0.0,0.0,1.0,std_0.1,1,0.67,0.1,beta,none
City-C,T2,10x,2600.0,S1_CapRR,routine,M_routine,650,True,4,2666.6,1743.5,856.5,0.3462,0.0,std_0.1,1,0.67,0.1,beta,none
City-C,T2,10x,2600.0,S1_CapRR,cross_regime,M_stress,650,True,4,2666.6,1233.9,1366.1,0.5373,0.0,std_0.1,1,0.67,0.1,beta,none
City-C,T2,10x,2600.0,S2_Platform,routine,M_routine,650,True,7,2815.8,2958.5,0.0,0.0,1.0,std_0.1,1,0.67,0.1,beta,none
City-C,T2,10x,2600.0,S2_Platform,cross_regime,M_stress,650,True,7,2815.8,1907.2,692.8,0.3227,0.0,std_0.1,1,0.67,0.1,beta,none
City-C,T2,10x,2600.0,S3_Lin4,routine,M_routine,650,True,7,2687.6,2779.1,0.0,0.0,1.0,std_0.1,1,0.67,0.1,beta,none
City-C,T2,10x,2600.0,S3_Lin4,cross_regime,M_stress,650,True,7,2687.6,1780.7,819.3,0.3374,0.0,std_0.1,1,0.67,0.1,beta,none
City-C,T2,10x,2600.0,S4_GlobalCalib,routine,M_routine,650,True,7,2920.0,2792.1,0.0,0.0438,1.0,std_0.1,1,0.67,0.1,beta,none
City-C,T2,10x,2600.0,S4_GlobalCalib,cross_regime,M_stress,650,True,7,2920.0,1876.8,723.2,0.3573,0.0,std_0.1,1,0.67,0.1,beta,none
City-C,T2,10x,2600.0,S5_CityCalib,routine,M_routine,650,True,7,2909.1,2792.1,0.0,0.0402,1.0,std_0.1,1,0.67,0.1,beta,none
City-C,T2,10x,2600.0,S5_CityCalib,cross_regime,M_stress,650,True,7,2909.1,1876.8,723.2,0.3549,0.0,std_0.1,1,0.67,0.1,beta,none
City-C,T2,10x,2600.0,S6_Q10,routine,M_routine,650,True,8,2645.0,3265.8,0.0,0.0,1.0,std_0.1,1,0.67,0.1,beta,none
City-C,T2,10x,2600.0,S6_Q10,cross_regime,M_stress,650,True,8,2645.0,2143.6,456.4,0.1896,0.0,std_0.1,1,0.67,0.1,beta,none
City-C,T3,1x,200.0,S0a_RoutineOracle,routine,M_routine,650,True,1,403.4,403.4,0.0,0.0,1.0,std_0.1,1,0.67,0.1,beta,none
City-C,T3,1x,200.0,S0a_RoutineOracle,cross_regime,M_stress,650,True,1,403.4,202.3,0.0,0.4985,1.0,std_0.1,1,0.67,0.1,beta,none
City-C,T3,1x,200.0,S0b_StressOracle,routine,M_routine,650,True,1,241.8,292.6,0.0,0.0,1.0,std_0.1,1,0.67,0.1,beta,none
City-C,T3,1x,200.0,S0b_StressOracle,cross_regime,M_stress,650,True,1,241.8,241.8,0.0,0.0,1.0,std_0.1,1,0.67,0.1,beta,none
City-C,T3,1x,200.0,S1_CapRR,routine,M_routine,650,True,1,648.6,403.4,0.0,0.378,1.0,std_0.1,1,0.67,0.1,beta,none
City-C,T3,1x,200.0,S1_CapRR,cross_regime,M_stress,650,True,1,648.6,202.3,0.0,0.6881,1.0,std_0.1,1,0.67,0.1,beta,none
City-C,T3,1x,200.0,S2_Platform,routine,M_routine,650,True,1,456.8,403.4,0.0,0.1167,1.0,std_0.1,1,0.67,0.1,beta,none
City-C,T3,1x,200.0,S2_Platform,cross_regime,M_stress,650,True,1,456.8,202.3,0.0,0.557,1.0,std_0.1,1,0.67,0.1,beta,none
City-C,T3,1x,200.0,S3_Lin4,routine,M_routine,650,True,1,404.8,403.4,0.0,0.0032,1.0,std_0.1,1,0.67,0.1,beta,none
City-C,T3,1x,200.0,S3_Lin4,cross_regime,M_stress,650,True,1,404.8,202.3,0.0,0.5001,1.0,std_0.1,1,0.67,0.1,beta,none
City-C,T3,1x,200.0,S4_GlobalCalib,routine,M_routine,650,True,1,430.5,403.4,0.0,0.0628,1.0,std_0.1,1,0.67,0.1,beta,none
City-C,T3,1x,200.0,S4_GlobalCalib,cross_regime,M_stress,650,True,1,430.5,202.3,0.0,0.53,1.0,std_0.1,1,0.67,0.1,beta,none
City-C,T3,1x,200.0,S5_CityCalib,routine,M_routine,650,True,1,431.7,403.4,0.0,0.0654,1.0,std_0.1,1,0.67,0.1,beta,none
City-C,T3,1x,200.0,S5_CityCalib,cross_regime,M_stress,650,True,1,431.7,202.3,0.0,0.5313,1.0,std_0.1,1,0.67,0.1,beta,none
City-C,T3,1x,200.0,S6_Q10,routine,M_routine,650,True,1,347.3,403.4,0.0,0.0,1.0,std_0.1,1,0.67,0.1,beta,none
City-C,T3,1x,200.0,S6_Q10,cross_regime,M_stress,650,True,1,347.3,202.3,0.0,0.4174,1.0,std_0.1,1,0.67,0.1,beta,none
City-C,T3,2x,400.0,S0a_RoutineOracle,routine,M_routine,650,True,1,403.4,403.4,0.0,0.0,1.0,std_0.1,1,0.67,0.1,beta,none
City-C,T3,2x,400.0,S0a_RoutineOracle,cross_regime,M_stress,650,True,1,403.4,202.3,197.7,0.4985,0.0,std_0.1,1,0.67,0.1,beta,none
City-C,T3,2x,400.0,S0b_StressOracle,routine,M_routine,650,True,2,475.1,695.2,0.0,0.0,1.0,std_0.1,1,0.67,0.1,beta,none
City-C,T3,2x,400.0,S0b_StressOracle,cross_regime,M_stress,650,True,2,475.1,475.1,0.0,0.0,1.0,std_0.1,1,0.67,0.1,beta,none
City-C,T3,2x,400.0,S1_CapRR,routine,M_routine,650,True,1,648.6,403.4,0.0,0.378,1.0,std_0.1,1,0.67,0.1,beta,none
City-C,T3,2x,400.0,S1_CapRR,cross_regime,M_stress,650,True,1,648.6,202.3,197.7,0.6881,0.0,std_0.1,1,0.67,0.1,beta,none
City-C,T3,2x,400.0,S2_Platform,routine,M_routine,650,True,1,456.8,403.4,0.0,0.1167,1.0,std_0.1,1,0.67,0.1,beta,none
City-C,T3,2x,400.0,S2_Platform,cross_regime,M_stress,650,True,1,456.8,202.3,197.7,0.557,0.0,std_0.1,1,0.67,0.1,beta,none
City-C,T3,2x,400.0,S3_Lin4,routine,M_routine,650,True,1,404.8,403.4,0.0,0.0032,1.0,std_0.1,1,0.67,0.1,beta,none
City-C,T3,2x,400.0,S3_Lin4,cross_regime,M_stress,650,True,1,404.8,202.3,197.7,0.5001,0.0,std_0.1,1,0.67,0.1,beta,none
City-C,T3,2x,400.0,S4_GlobalCalib,routine,M_routine,650,True,1,430.5,403.4,0.0,0.0628,1.0,std_0.1,1,0.67,0.1,beta,none
City-C,T3,2x,400.0,S4_GlobalCalib,cross_regime,M_stress,650,True,1,430.5,202.3,197.7,0.53,0.0,std_0.1,1,0.67,0.1,beta,none
City-C,T3,2x,400.0,S5_CityCalib,routine,M_routine,650,True,1,431.7,403.4,0.0,0.0654,1.0,std_0.1,1,0.67,0.1,beta,none
City-C,T3,2x,400.0,S5_CityCalib,cross_regime,M_stress,650,True,1,431.7,202.3,197.7,0.5313,0.0,std_0.1,1,0.67,0.1,beta,none
City-C,T3,2x,400.0,S6_Q10,routine,M_routine,650,True,2,678.4,719.6,0.0,0.0,1.0,std_0.1,1,0.67,0.1,beta,none
City-C,T3,2x,400.0,S6_Q10,cross_regime,M_stress,650,True,2,678.4,416.4,0.0,0.3862,1.0,std_0.1,1,0.67,0.1,beta,none
City-C,T3,5x,1000.0,S0a_RoutineOracle,routine,M_routine,650,True,3,1186.1,1186.1,0.0,0.0,1.0,std_0.1,1,0.67,0.1,beta,none
City-C,T3,5x,1000.0,S0a_RoutineOracle,cross_regime,M_stress,650,True,3,1186.1,639.5,360.5,0.4609,0.0,std_0.1,1,0.67,0.1,beta,none
City-C,T3,5x,1000.0,S0b_StressOracle,routine,M_routine,650,True,5,1158.8,1579.0,0.0,0.0,1.0,std_0.1,1,0.67,0.1,beta,none
City-C,T3,5x,1000.0,S0b_StressOracle,cross_regime,M_stress,650,True,5,1158.8,1158.8,0.0,0.0,1.0,std_0.1,1,0.67,0.1,beta,none
City-C,T3,5x,1000.0,S1_CapRR,routine,M_routine,650,True,2,1266.8,719.6,280.4,0.4319,0.0,std_0.1,1,0.67,0.1,beta,none
City-C,T3,5x,1000.0,S1_CapRR,cross_regime,M_stress,650,True,2,1266.8,416.4,583.6,0.6713,0.0,std_0.1,1,0.67,0.1,beta,none
City-C,T3,5x,1000.0,S2_Platform,routine,M_routine,650,True,3,1285.7,1010.7,0.0,0.2139,1.0,std_0.1,1,0.67,0.1,beta,none
City-C,T3,5x,1000.0,S2_Platform,cross_regime,M_stress,650,True,3,1285.7,616.2,383.8,0.5207,0.0,std_0.1,1,0.67,0.1,beta,none
City-C,T3,5x,1000.0,S3_Lin4,routine,M_routine,650,True,3,1173.7,1057.1,0.0,0.0993,1.0,std_0.1,1,0.67,0.1,beta,none
City-C,T3,5x,1000.0,S3_Lin4,cross_regime,M_stress,650,True,3,1173.7,636.4,363.6,0.4578,0.0,std_0.1,1,0.67,0.1,beta,none
City-C,T3,5x,1000.0,S4_GlobalCalib,routine,M_routine,650,True,3,1215.6,1057.1,0.0,0.1304,1.0,std_0.1,1,0.67,0.1,beta,none
City-C,T3,5x,1000.0,S4_GlobalCalib,cross_regime,M_stress,650,True,3,1215.6,636.4,363.6,0.4765,0.0,std_0.1,1,0.67,0.1,beta,none
City-C,T3,5x,1000.0,S5_CityCalib,routine,M_routine,650,True,3,1218.8,1057.1,0.0,0.1327,1.0,std_0.1,1,0.67,0.1,beta,none
City-C,T3,5x,1000.0,S5_CityCalib,cross_regime,M_stress,650,True,3,1218.8,636.4,363.6,0.4779,0.0,std_0.1,1,0.67,0.1,beta,none
City-C,T3,5x,1000.0,S6_Q10,routine,M_routine,650,True,4,1256.6,1459.7,0.0,0.0,1.0,std_0.1,1,0.67,0.1,beta,none
City-C,T3,5x,1000.0,S6_Q10,cross_regime,M_stress,650,True,4,1256.6,869.7,130.3,0.3079,0.0,std_0.1,1,0.67,0.1,beta,none
City-C,T3,10x,2000.0,S0a_RoutineOracle,routine,M_routine,650,True,6,2214.6,2214.6,0.0,0.0,1.0,std_0.1,1,0.67,0.1,beta,none
City-C,T3,10x,2000.0,S0a_RoutineOracle,cross_regime,M_stress,650,True,6,2214.6,1188.7,811.3,0.4633,0.0,std_0.1,1,0.67,0.1,beta,none
City-C,T3,10x,2000.0,S0b_StressOracle,routine,M_routine,650,True,9,2027.1,2780.5,0.0,0.0,1.0,std_0.1,1,0.67,0.1,beta,none
City-C,T3,10x,2000.0,S0b_StressOracle,cross_regime,M_stress,650,True,9,2027.1,2027.1,0.0,0.0,1.0,std_0.1,1,0.67,0.1,beta,none
City-C,T3,10x,2000.0,S1_CapRR,routine,M_routine,650,True,4,2346.7,1459.7,540.3,0.378,0.0,std_0.1,1,0.67,0.1,beta,none
City-C,T3,10x,2000.0,S1_CapRR,cross_regime,M_stress,650,True,4,2346.7,869.7,1130.3,0.6294,0.0,std_0.1,1,0.67,0.1,beta,none
City-C,T3,10x,2000.0,S2_Platform,routine,M_routine,650,True,5,2048.1,1640.8,359.2,0.1989,0.0,std_0.1,1,0.67,0.1,beta,none
City-C,T3,10x,2000.0,S2_Platform,cross_regime,M_stress,650,True,5,2048.1,1078.0,922.0,0.4737,0.0,std_0.1,1,0.67,0.1,beta,none
City-C,T3,10x,2000.0,S3_Lin4,routine,M_routine,650,True,6,2263.2,2044.5,0.0,0.0966,1.0,std_0.1,1,0.67,0.1,beta,none
City-C,T3,10x,2000.0,S3_Lin4,cross_regime,M_stress,650,True,6,2263.2,1254.1,745.9,0.4459,0.0,std_0.1,1,0.67,0.1,beta,none
City-C,T3,10x,2000.0,S4_GlobalCalib,routine,M_routine,650,True,6,2227.9,2028.2,0.0,0.0896,1.0,std_0.1,1,0.67,0.1,beta,none
City-C,T3,10x,2000.0,S4_GlobalCalib,cross_regime,M_stress,650,True,6,2227.9,1274.3,725.7,0.428,0.0,std_0.1,1,0.67,0.1,beta,none
City-C,T3,10x,2000.0,S5_CityCalib,routine,M_routine,650,True,6,2233.5,2028.2,0.0,0.0919,1.0,std_0.1,1,0.67,0.1,beta,none
City-C,T3,10x,2000.0,S5_CityCalib,cross_regime,M_stress,650,True,6,2233.5,1274.3,725.7,0.4295,0.0,std_0.1,1,0.67,0.1,beta,none
City-C,T3,10x,2000.0,S6_Q10,routine,M_routine,650,True,7,2060.6,2273.9,0.0,0.0,1.0,std_0.1,1,0.67,0.1,beta,none
City-C,T3,10x,2000.0,S6_Q10,cross_regime,M_stress,650,True,7,2060.6,1492.6,507.4,0.2756,0.0,std_0.1,1,0.67,0.1,beta,none
City-C,T4,1x,140.0,S0a_RoutineOracle,routine,M_routine,650,True,1,547.7,547.7,0.0,0.0,1.0,std_0.1,1,0.67,0.1,beta,none
City-C,T4,1x,140.0,S0a_RoutineOracle,cross_regime,M_stress,650,True,1,547.7,284.1,0.0,0.4813,1.0,std_0.1,1,0.67,0.1,beta,none
City-C,T4,1x,140.0,S0b_StressOracle,routine,M_routine,650,True,1,309.8,486.7,0.0,0.0,1.0,std_0.1,1,0.67,0.1,beta,none
City-C,T4,1x,140.0,S0b_StressOracle,cross_regime,M_stress,650,True,1,309.8,309.8,0.0,0.0,1.0,std_0.1,1,0.67,0.1,beta,none
City-C,T4,1x,140.0,S1_CapRR,routine,M_routine,650,True,1,737.0,481.3,0.0,0.347,1.0,std_0.1,1,0.67,0.1,beta,none
City-C,T4,1x,140.0,S1_CapRR,cross_regime,M_stress,650,True,1,737.0,289.8,0.0,0.6068,1.0,std_0.1,1,0.67,0.1,beta,none
City-C,T4,1x,140.0,S2_Platform,routine,M_routine,650,True,1,377.7,358.9,0.0,0.0498,1.0,std_0.1,1,0.67,0.1,beta,none
City-C,T4,1x,140.0,S2_Platform,cross_regime,M_stress,650,True,1,377.7,278.4,0.0,0.2628,1.0,std_0.1,1,0.67,0.1,beta,none
City-C,T4,1x,140.0,S3_Lin4,routine,M_routine,650,True,1,418.5,481.3,0.0,0.0,1.0,std_0.1,1,0.67,0.1,beta,none
City-C,T4,1x,140.0,S3_Lin4,cross_regime,M_stress,650,True,1,418.5,289.8,0.0,0.3076,1.0,std_0.1,1,0.67,0.1,beta,none
City-C,T4,1x,140.0,S4_GlobalCalib,routine,M_routine,650,True,1,489.1,481.3,0.0,0.0159,1.0,std_0.1,1,0.67,0.1,beta,none
City-C,T4,1x,140.0,S4_GlobalCalib,cross_regime,M_stress,650,True,1,489.1,289.8,0.0,0.4075,1.0,std_0.1,1,0.67,0.1,beta,none
City-C,T4,1x,140.0,S5_CityCalib,routine,M_routine,650,True,1,487.4,481.3,0.0,0.0125,1.0,std_0.1,1,0.67,0.1,beta,none
City-C,T4,1x,140.0,S5_CityCalib,cross_regime,M_stress,650,True,1,487.4,289.8,0.0,0.4055,1.0,std_0.1,1,0.67,0.1,beta,none
City-C,T4,1x,140.0,S6_Q10,routine,M_routine,650,True,1,394.0,481.3,0.0,0.0,1.0,std_0.1,1,0.67,0.1,beta,none
City-C,T4,1x,140.0,S6_Q10,cross_regime,M_stress,650,True,1,394.0,289.8,0.0,0.2646,1.0,std_0.1,1,0.67,0.1,beta,none
City-C,T4,2x,280.0,S0a_RoutineOracle,routine,M_routine,650,True,1,547.7,547.7,0.0,0.0,1.0,std_0.1,1,0.67,0.1,beta,none
City-C,T4,2x,280.0,S0a_RoutineOracle,cross_regime,M_stress,650,True,1,547.7,284.1,0.0,0.4813,1.0,std_0.1,1,0.67,0.1,beta,none
City-C,T4,2x,280.0,S0b_StressOracle,routine,M_routine,650,True,1,309.8,486.7,0.0,0.0,1.0,std_0.1,1,0.67,0.1,beta,none
City-C,T4,2x,280.0,S0b_StressOracle,cross_regime,M_stress,650,True,1,309.8,309.8,0.0,0.0,1.0,std_0.1,1,0.67,0.1,beta,none
City-C,T4,2x,280.0,S1_CapRR,routine,M_routine,650,True,1,737.0,481.3,0.0,0.347,1.0,std_0.1,1,0.67,0.1,beta,none
City-C,T4,2x,280.0,S1_CapRR,cross_regime,M_stress,650,True,1,737.0,289.8,0.0,0.6068,1.0,std_0.1,1,0.67,0.1,beta,none
City-C,T4,2x,280.0,S2_Platform,routine,M_routine,650,True,1,377.7,358.9,0.0,0.0498,1.0,std_0.1,1,0.67,0.1,beta,none
City-C,T4,2x,280.0,S2_Platform,cross_regime,M_stress,650,True,1,377.7,278.4,1.6,0.2628,0.0,std_0.1,1,0.67,0.1,beta,none
City-C,T4,2x,280.0,S3_Lin4,routine,M_routine,650,True,1,418.5,481.3,0.0,0.0,1.0,std_0.1,1,0.67,0.1,beta,none
City-C,T4,2x,280.0,S3_Lin4,cross_regime,M_stress,650,True,1,418.5,289.8,0.0,0.3076,1.0,std_0.1,1,0.67,0.1,beta,none
City-C,T4,2x,280.0,S4_GlobalCalib,routine,M_routine,650,True,1,489.1,481.3,0.0,0.0159,1.0,std_0.1,1,0.67,0.1,beta,none
City-C,T4,2x,280.0,S4_GlobalCalib,cross_regime,M_stress,650,True,1,489.1,289.8,0.0,0.4075,1.0,std_0.1,1,0.67,0.1,beta,none
City-C,T4,2x,280.0,S5_CityCalib,routine,M_routine,650,True,1,487.4,481.3,0.0,0.0125,1.0,std_0.1,1,0.67,0.1,beta,none
City-C,T4,2x,280.0,S5_CityCalib,cross_regime,M_stress,650,True,1,487.4,289.8,0.0,0.4055,1.0,std_0.1,1,0.67,0.1,beta,none
City-C,T4,2x,280.0,S6_Q10,routine,M_routine,650,True,1,394.0,481.3,0.0,0.0,1.0,std_0.1,1,0.67,0.1,beta,none
City-C,T4,2x,280.0,S6_Q10,cross_regime,M_stress,650,True,1,394.0,289.8,0.0,0.2646,1.0,std_0.1,1,0.67,0.1,beta,none
City-C,T4,5x,700.0,S0a_RoutineOracle,routine,M_routine,650,True,2,1034.4,1034.4,0.0,0.0,1.0,std_0.1,1,0.67,0.1,beta,none
City-C,T4,5x,700.0,S0a_RoutineOracle,cross_regime,M_stress,650,True,2,1034.4,593.9,106.1,0.4259,0.0,std_0.1,1,0.67,0.1,beta,none
City-C,T4,5x,700.0,S0b_StressOracle,routine,M_routine,650,True,3,893.4,1300.6,0.0,0.0,1.0,std_0.1,1,0.67,0.1,beta,none
City-C,T4,5x,700.0,S0b_StressOracle,cross_regime,M_stress,650,True,3,893.4,893.4,0.0,0.0,1.0,std_0.1,1,0.67,0.1,beta,none
City-C,T4,5x,700.0,S1_CapRR,routine,M_routine,650,True,1,737.0,481.3,218.7,0.347,0.0,std_0.1,1,0.67,0.1,beta,none
City-C,T4,5x,700.0,S1_CapRR,cross_regime,M_stress,650,True,1,737.0,289.8,410.2,0.6068,0.0,std_0.1,1,0.67,0.1,beta,none
City-C,T4,5x,700.0,S2_Platform,routine,M_routine,650,True,2,738.2,906.6,0.0,0.0,1.0,std_0.1,1,0.67,0.1,beta,none
City-C,T4,5x,700.0,S2_Platform,cross_regime,M_stress,650,True,2,738.2,562.5,137.5,0.238,0.0,std_0.1,1,0.67,0.1,beta,none
City-C,T4,5x,700.0,S3_Lin4,routine,M_routine,650,True,2,819.3,1029.0,0.0,0.0,1.0,std_0.1,1,0.67,0.1,beta,none
City-C,T4,5x,700.0,S3_Lin4,cross_regime,M_stress,650,True,2,819.3,573.9,126.1,0.2996,0.0,std_0.1,1,0.67,0.1,beta,none
City-C,T4,5x,700.0,S4_GlobalCalib,routine,M_routine,650,True,2,955.3,1029.0,0.0,0.0,1.0,std_0.1,1,0.67,0.1,beta,none
City-C,T4,5x,700.0,S4_GlobalCalib,cross_regime,M_stress,650,True,2,955.3,573.9,126.1,0.3993,0.0,std_0.1,1,0.67,0.1,beta,none
City-C,T4,5x,700.0,S5_CityCalib,routine,M_routine,650,True,2,952.0,1029.0,0.0,0.0,1.0,std_0.1,1,0.67,0.1,beta,none
City-C,T4,5x,700.0,S5_CityCalib,cross_regime,M_stress,650,True,2,952.0,573.9,126.1,0.3972,0.0,std_0.1,1,0.67,0.1,beta,none
City-C,T4,5x,700.0,S6_Q10,routine,M_routine,650,True,2,769.6,1029.0,0.0,0.0,1.0,std_0.1,1,0.67,0.1,beta,none
City-C,T4,5x,700.0,S6_Q10,cross_regime,M_stress,650,True,2,769.6,573.9,126.1,0.2543,0.0,std_0.1,1,0.67,0.1,beta,none
City-C,T4,10x,1400.0,S0a_RoutineOracle,routine,M_routine,650,True,3,1515.7,1515.7,0.0,0.0,1.0,std_0.1,1,0.67,0.1,beta,none
City-C,T4,10x,1400.0,S0a_RoutineOracle,cross_regime,M_stress,650,True,3,1515.7,883.7,516.3,0.417,0.0,std_0.1,1,0.67,0.1,beta,none
City-C,T4,10x,1400.0,S0b_StressOracle,routine,M_routine,650,True,5,1469.5,2020.9,0.0,0.0,1.0,std_0.1,1,0.67,0.1,beta,none
City-C,T4,10x,1400.0,S0b_StressOracle,cross_regime,M_stress,650,True,5,1469.5,1469.5,0.0,0.0,1.0,std_0.1,1,0.67,0.1,beta,none
City-C,T4,10x,1400.0,S1_CapRR,routine,M_routine,650,True,2,1439.5,1029.0,371.0,0.2852,0.0,std_0.1,1,0.67,0.1,beta,none
City-C,T4,10x,1400.0,S1_CapRR,cross_regime,M_stress,650,True,2,1439.5,573.9,826.1,0.6013,0.0,std_0.1,1,0.67,0.1,beta,none
City-C,T4,10x,1400.0,S2_Platform,routine,M_routine,650,True,4,1425.4,1646.8,0.0,0.0,1.0,std_0.1,1,0.67,0.1,beta,none
City-C,T4,10x,1400.0,S2_Platform,cross_regime,M_stress,650,True,4,1425.4,1027.6,372.4,0.2791,0.0,std_0.1,1,0.67,0.1,beta,none
City-C,T4,10x,1400.0,S3_Lin4,routine,M_routine,650,True,4,1593.4,1924.5,0.0,0.0,1.0,std_0.1,1,0.67,0.1,beta,none
City-C,T4,10x,1400.0,S3_Lin4,cross_regime,M_stress,650,True,4,1593.4,1173.4,226.6,0.2636,0.0,std_0.1,1,0.67,0.1,beta,none
City-C,T4,10x,1400.0,S4_GlobalCalib,routine,M_routine,650,True,4,1769.8,1827.1,0.0,0.0,1.0,std_0.1,1,0.67,0.1,beta,none
City-C,T4,10x,1400.0,S4_GlobalCalib,cross_regime,M_stress,650,True,4,1769.8,1170.0,230.0,0.3389,0.0,std_0.1,1,0.67,0.1,beta,none
City-C,T4,10x,1400.0,S5_CityCalib,routine,M_routine,650,True,4,1763.8,1827.1,0.0,0.0,1.0,std_0.1,1,0.67,0.1,beta,none
City-C,T4,10x,1400.0,S5_CityCalib,cross_regime,M_stress,650,True,4,1763.8,1170.0,230.0,0.3367,0.0,std_0.1,1,0.67,0.1,beta,none
City-C,T4,10x,1400.0,S6_Q10,routine,M_routine,650,True,4,1425.6,1827.1,0.0,0.0,1.0,std_0.1,1,0.67,0.1,beta,none
City-C,T4,10x,1400.0,S6_Q10,cross_regime,M_stress,650,True,4,1425.6,1170.0,230.0,0.1793,0.0,std_0.1,1,0.67,0.1,beta,none
City-C,T5,1x,160.0,S0a_RoutineOracle,routine,M_routine,650,True,1,510.3,510.3,0.0,0.0,1.0,std_0.1,1,0.67,0.1,beta,none
City-C,T5,1x,160.0,S0a_RoutineOracle,cross_regime,M_stress,650,True,1,510.3,278.3,0.0,0.4547,1.0,std_0.1,1,0.67,0.1,beta,none
City-C,T5,1x,160.0,S0b_StressOracle,routine,M_routine,650,True,1,278.3,510.3,0.0,0.0,1.0,std_0.1,1,0.67,0.1,beta,none
City-C,T5,1x,160.0,S0b_StressOracle,cross_regime,M_stress,650,True,1,278.3,278.3,0.0,0.0,1.0,std_0.1,1,0.67,0.1,beta,none
City-C,T5,1x,160.0,S1_CapRR,routine,M_routine,650,True,1,648.6,510.3,0.0,0.2133,1.0,std_0.1,1,0.67,0.1,beta,none
City-C,T5,1x,160.0,S1_CapRR,cross_regime,M_stress,650,True,1,648.6,278.3,0.0,0.571,1.0,std_0.1,1,0.67,0.1,beta,none
City-C,T5,1x,160.0,S2_Platform,routine,M_routine,650,True,1,451.5,510.3,0.0,0.0,1.0,std_0.1,1,0.67,0.1,beta,none
City-C,T5,1x,160.0,S2_Platform,cross_regime,M_stress,650,True,1,451.5,278.3,0.0,0.3836,1.0,std_0.1,1,0.67,0.1,beta,none
City-C,T5,1x,160.0,S3_Lin4,routine,M_routine,650,True,1,404.6,510.3,0.0,0.0,1.0,std_0.1,1,0.67,0.1,beta,none
City-C,T5,1x,160.0,S3_Lin4,cross_regime,M_stress,650,True,1,404.6,278.3,0.0,0.3122,1.0,std_0.1,1,0.67,0.1,beta,none
City-C,T5,1x,160.0,S4_GlobalCalib,routine,M_routine,650,True,1,429.7,510.3,0.0,0.0,1.0,std_0.1,1,0.67,0.1,beta,none
City-C,T5,1x,160.0,S4_GlobalCalib,cross_regime,M_stress,650,True,1,429.7,278.3,0.0,0.3524,1.0,std_0.1,1,0.67,0.1,beta,none
City-C,T5,1x,160.0,S5_CityCalib,routine,M_routine,650,True,1,432.3,510.3,0.0,0.0,1.0,std_0.1,1,0.67,0.1,beta,none
City-C,T5,1x,160.0,S5_CityCalib,cross_regime,M_stress,650,True,1,432.3,278.3,0.0,0.3562,1.0,std_0.1,1,0.67,0.1,beta,none
City-C,T5,1x,160.0,S6_Q10,routine,M_routine,650,True,1,346.5,510.3,0.0,0.0,1.0,std_0.1,1,0.67,0.1,beta,none
City-C,T5,1x,160.0,S6_Q10,cross_regime,M_stress,650,True,1,346.5,278.3,0.0,0.1968,1.0,std_0.1,1,0.67,0.1,beta,none
City-C,T5,2x,320.0,S0a_RoutineOracle,routine,M_routine,650,True,1,510.3,510.3,0.0,0.0,1.0,std_0.1,1,0.67,0.1,beta,none
City-C,T5,2x,320.0,S0a_RoutineOracle,cross_regime,M_stress,650,True,1,510.3,278.3,41.7,0.4547,0.0,std_0.1,1,0.67,0.1,beta,none
City-C,T5,2x,320.0,S0b_StressOracle,routine,M_routine,650,True,2,550.5,752.3,0.0,0.0,1.0,std_0.1,1,0.67,0.1,beta,none
City-C,T5,2x,320.0,S0b_StressOracle,cross_regime,M_stress,650,True,2,550.5,550.5,0.0,0.0,1.0,std_0.1,1,0.67,0.1,beta,none
City-C,T5,2x,320.0,S1_CapRR,routine,M_routine,650,True,1,648.6,510.3,0.0,0.2133,1.0,std_0.1,1,0.67,0.1,beta,none
City-C,T5,2x,320.0,S1_CapRR,cross_regime,M_stress,650,True,1,648.6,278.3,41.7,0.571,0.0,std_0.1,1,0.67,0.1,beta,none
City-C,T5,2x,320.0,S2_Platform,routine,M_routine,650,True,1,451.5,510.3,0.0,0.0,1.0,std_0.1,1,0.67,0.1,beta,none
City-C,T5,2x,320.0,S2_Platform,cross_regime,M_stress,650,True,1,451.5,278.3,41.7,0.3836,0.0,std_0.1,1,0.67,0.1,beta,none
City-C,T5,2x,320.0,S3_Lin4,routine,M_routine,650,True,1,404.6,510.3,0.0,0.0,1.0,std_0.1,1,0.67,0.1,beta,none
City-C,T5,2x,320.0,S3_Lin4,cross_regime,M_stress,650,True,1,404.6,278.3,41.7,0.3122,0.0,std_0.1,1,0.67,0.1,beta,none
City-C,T5,2x,320.0,S4_GlobalCalib,routine,M_routine,650,True,1,429.7,510.3,0.0,0.0,1.0,std_0.1,1,0.67,0.1,beta,none
City-C,T5,2x,320.0,S4_GlobalCalib,cross_regime,M_stress,650,True,1,429.7,278.3,41.7,0.3524,0.0,std_0.1,1,0.67,0.1,beta,none
City-C,T5,2x,320.0,S5_CityCalib,routine,M_routine,650,True,1,432.3,510.3,0.0,0.0,1.0,std_0.1,1,0.67,0.1,beta,none
City-C,T5,2x,320.0,S5_CityCalib,cross_regime,M_stress,650,True,1,432.3,278.3,41.7,0.3562,0.0,std_0.1,1,0.67,0.1,beta,none
City-C,T5,2x,320.0,S6_Q10,routine,M_routine,650,True,1,346.5,510.3,0.0,0.0,1.0,std_0.1,1,0.67,0.1,beta,none
City-C,T5,2x,320.0,S6_Q10,cross_regime,M_stress,650,True,1,346.5,278.3,41.7,0.1968,0.0,std_0.1,1,0.67,0.1,beta,none
City-C,T5,5x,800.0,S0a_RoutineOracle,routine,M_routine,650,True,2,960.5,960.5,0.0,0.0,1.0,std_0.1,1,0.67,0.1,beta,none
City-C,T5,5x,800.0,S0a_RoutineOracle,cross_regime,M_stress,650,True,2,960.5,505.9,294.1,0.4733,0.0,std_0.1,1,0.67,0.1,beta,none
City-C,T5,5x,800.0,S0b_StressOracle,routine,M_routine,650,True,3,811.1,1167.1,0.0,0.0,1.0,std_0.1,1,0.67,0.1,beta,none
City-C,T5,5x,800.0,S0b_StressOracle,cross_regime,M_stress,650,True,3,811.1,811.1,0.0,0.0,1.0,std_0.1,1,0.67,0.1,beta,none
City-C,T5,5x,800.0,S1_CapRR,routine,M_routine,650,True,2,1266.8,925.1,0.0,0.2698,1.0,std_0.1,1,0.67,0.1,beta,none
City-C,T5,5x,800.0,S1_CapRR,cross_regime,M_stress,650,True,2,1266.8,538.9,261.1,0.5746,0.0,std_0.1,1,0.67,0.1,beta,none
City-C,T5,5x,800.0,S2_Platform,routine,M_routine,650,True,2,882.9,839.0,0.0,0.0498,1.0,std_0.1,1,0.67,0.1,beta,none
City-C,T5,5x,800.0,S2_Platform,cross_regime,M_stress,650,True,2,882.9,514.2,285.8,0.4176,0.0,std_0.1,1,0.67,0.1,beta,none
City-C,T5,5x,800.0,S3_Lin4,routine,M_routine,650,True,3,1172.6,1375.3,0.0,0.0,1.0,std_0.1,1,0.67,0.1,beta,none
City-C,T5,5x,800.0,S3_Lin4,cross_regime,M_stress,650,True,3,1172.6,766.5,33.5,0.3463,0.0,std_0.1,1,0.67,0.1,beta,none
City-C,T5,5x,800.0,S4_GlobalCalib,routine,M_routine,650,True,2,839.4,925.1,0.0,0.0,1.0,std_0.1,1,0.67,0.1,beta,none
City-C,T5,5x,800.0,S4_GlobalCalib,cross_regime,M_stress,650,True,2,839.4,538.9,261.1,0.358,0.0,std_0.1,1,0.67,0.1,beta,none
City-C,T5,5x,800.0,S5_CityCalib,routine,M_routine,650,True,2,844.3,925.1,0.0,0.0,1.0,std_0.1,1,0.67,0.1,beta,none
City-C,T5,5x,800.0,S5_CityCalib,cross_regime,M_stress,650,True,2,844.3,538.9,261.1,0.3617,0.0,std_0.1,1,0.67,0.1,beta,none
City-C,T5,5x,800.0,S6_Q10,routine,M_routine,650,True,3,978.3,1375.3,0.0,0.0,1.0,std_0.1,1,0.67,0.1,beta,none
City-C,T5,5x,800.0,S6_Q10,cross_regime,M_stress,650,True,3,978.3,766.5,33.5,0.2165,0.0,std_0.1,1,0.67,0.1,beta,none
City-C,T5,10x,1600.0,S0a_RoutineOracle,routine,M_routine,650,True,4,1724.9,1724.9,0.0,0.0,1.0,std_0.1,1,0.67,0.1,beta,none
City-C,T5,10x,1600.0,S0a_RoutineOracle,cross_regime,M_stress,650,True,4,1724.9,989.0,611.0,0.4266,0.0,std_0.1,1,0.67,0.1,beta,none
City-C,T5,10x,1600.0,S0b_StressOracle,routine,M_routine,650,True,7,1736.3,2586.9,0.0,0.0,1.0,std_0.1,1,0.67,0.1,beta,none
City-C,T5,10x,1600.0,S0b_StressOracle,cross_regime,M_stress,650,True,7,1736.3,1736.3,0.0,0.0,1.0,std_0.1,1,0.67,0.1,beta,none
City-C,T5,10x,1600.0,S1_CapRR,routine,M_routine,650,True,3,1831.4,1375.3,224.7,0.249,0.0,std_0.1,1,0.67,0.1,beta,none
City-C,T5,10x,1600.0,S1_CapRR,cross_regime,M_stress,650,True,3,1831.4,766.5,833.5,0.5815,0.0,std_0.1,1,0.67,0.1,beta,none
City-C,T5,10x,1600.0,S2_Platform,routine,M_routine,650,True,4,1670.1,1415.7,184.3,0.1523,0.0,std_0.1,1,0.67,0.1,beta,none
City-C,T5,10x,1600.0,S2_Platform,cross_regime,M_stress,650,True,4,1670.1,945.3,654.7,0.434,0.0,std_0.1,1,0.67,0.1,beta,none
City-C,T5,10x,1600.0,S3_Lin4,routine,M_routine,650,True,5,1917.6,1968.9,0.0,0.0,1.0,std_0.1,1,0.67,0.1,beta,none
City-C,T5,10x,1600.0,S3_Lin4,cross_regime,M_stress,650,True,5,1917.6,1180.5,419.5,0.3844,0.0,std_0.1,1,0.67,0.1,beta,none
City-C,T5,10x,1600.0,S4_GlobalCalib,routine,M_routine,650,True,5,1893.0,1946.0,0.0,0.0,1.0,std_0.1,1,0.67,0.1,beta,none
City-C,T5,10x,1600.0,S4_GlobalCalib,cross_regime,M_stress,650,True,5,1893.0,1274.7,325.3,0.3267,0.0,std_0.1,1,0.67,0.1,beta,none
City-C,T5,10x,1600.0,S5_CityCalib,routine,M_routine,650,True,5,1903.6,1946.0,0.0,0.0,1.0,std_0.1,1,0.67,0.1,beta,none
City-C,T5,10x,1600.0,S5_CityCalib,cross_regime,M_stress,650,True,5,1903.6,1274.7,325.3,0.3304,0.0,std_0.1,1,0.67,0.1,beta,none
City-C,T5,10x,1600.0,S6_Q10,routine,M_routine,650,True,6,1792.8,2188.5,0.0,0.0,1.0,std_0.1,1,0.67,0.1,beta,none
City-C,T5,10x,1600.0,S6_Q10,cross_regime,M_stress,650,True,6,1792.8,1439.2,160.8,0.1972,0.0,std_0.1,1,0.67,0.1,beta,none
