city,task_id,p_req_level,p_req,strategy,regime,eval_outcome,pool_size,pool_feasible,n_selected,p_commit,p_deliv,shortfall,ocr,success,config_name,seed_id,xi_mean,xi_std,xi_dist,xi_persistence
City-A,T1,1x,180.0,S0a_RoutineOracle,routine,M_routine,800,True,1,541.1,541.1,0.0,0.0,1.0,persistence_full,6,0.67,0.15,beta,full
City-A,T1,1x,180.0,S0a_RoutineOracle,cross_regime,M_stress,800,True,1,541.1,250.0,0.0,0.5381,1.0,persistence_full,6,0.67,0.15,beta,full
City-A,T1,1x,180.0,S0b_StressOracle,routine,M_routine,800,True,1,357.2,436.9,0.0,0.0,1.0,persistence_full,6,0.67,0.15,beta,full
City-A,T1,1x,180.0,S0b_StressOracle,cross_regime,M_stress,800,True,1,357.2,357.2,0.0,0.0,1.0,persistence_full,6,0.67,0.15,beta,full
City-A,T1,1x,180.0,S1_CapRR,routine,M_routine,800,True,1,678.2,328.8,0.0,0.5152,1.0,persistence_full,6,0.67,0.15,beta,full
City-A,T1,1x,180.0,S1_CapRR,cross_regime,M_stress,800,True,1,678.2,270.7,0.0,0.6009,1.0,persistence_full,6,0.67,0.15,beta,full
City-A,T1,1x,180.0,S2_Platform,routine,M_routine,800,True,1,421.1,328.8,0.0,0.2193,1.0,persistence_full,6,0.67,0.15,beta,full
City-A,T1,1x,180.0,S2_Platform,cross_regime,M_stress,800,True,1,421.1,270.7,0.0,0.3572,1.0,persistence_full,6,0.67,0.15,beta,full
City-A,T1,1x,180.0,S3_Lin4,routine,M_routine,800,True,1,492.2,328.8,0.0,0.332,1.0,persistence_full,6,0.67,0.15,beta,full
City-A,T1,1x,180.0,S3_Lin4,cross_regime,M_stress,800,True,1,492.2,270.7,0.0,0.4501,1.0,persistence_full,6,0.67,0.15,beta,full
City-A,T1,1x,180.0,S4_GlobalCalib,routine,M_routine,800,True,1,457.8,328.8,0.0,0.2819,1.0,persistence_full,6,0.67,0.15,beta,full
City-A,T1,1x,180.0,S4_GlobalCalib,cross_regime,M_stress,800,True,1,457.8,270.7,0.0,0.4088,1.0,persistence_full,6,0.67,0.15,beta,full
City-A,T1,1x,180.0,S5_CityCalib,routine,M_routine,800,True,1,467.0,328.8,0.0,0.2961,1.0,persistence_full,6,0.67,0.15,beta,full
City-A,T1,1x,180.0,S5_CityCalib,cross_regime,M_stress,800,True,1,467.0,270.7,0.0,0.4204,1.0,persistence_full,6,0.67,0.15,beta,full
City-A,T1,1x,180.0,S6_Q10,routine,M_routine,800,True,1,324.2,328.8,0.0,0.0,1.0,persistence_full,6,0.67,0.15,beta,full
City-A,T1,1x,180.0,S6_Q10,cross_regime,M_stress,800,True,1,324.2,270.7,0.0,0.1652,1.0,persistence_full,6,0.67,0.15,beta,full
City-A,T1,2x,360.0,S0a_RoutineOracle,routine,M_routine,800,True,1,541.1,541.1,0.0,0.0,1.0,persistence_full,6,0.67,0.15,beta,full
City-A,T1,2x,360.0,S0a_RoutineOracle,cross_regime,M_stress,800,True,1,541.1,250.0,110.0,0.5381,0.0,persistence_full,6,0.67,0.15,beta,full
City-A,T1,2x,360.0,S0b_StressOracle,routine,M_routine,800,True,2,639.6,787.8,0.0,0.0,1.0,persistence_full,6,0.67,0.15,beta,full
City-A,T1,2x,360.0,S0b_StressOracle,cross_regime,M_stress,800,True,2,639.6,639.6,0.0,0.0,1.0,persistence_full,6,0.67,0.15,beta,full
City-A,T1,2x,360.0,S1_CapRR,routine,M_routine,800,True,1,678.2,328.8,31.2,0.5152,0.0,persistence_full,6,0.67,0.15,beta,full
City-A,T1,2x,360.0,S1_CapRR,cross_regime,M_stress,800,True,1,678.2,270.7,89.3,0.6009,0.0,persistence_full,6,0.67,0.15,beta,full
City-A,T1,2x,360.0,S2_Platform,routine,M_routine,800,True,1,421.1,328.8,31.2,0.2193,0.0,persistence_full,6,0.67,0.15,beta,full
City-A,T1,2x,360.0,S2_Platform,cross_regime,M_stress,800,True,1,421.1,270.7,89.3,0.3572,0.0,persistence_full,6,0.67,0.15,beta,full
City-A,T1,2x,360.0,S3_Lin4,routine,M_routine,800,True,1,492.2,328.8,31.2,0.332,0.0,persistence_full,6,0.67,0.15,beta,full
City-A,T1,2x,360.0,S3_Lin4,cross_regime,M_stress,800,True,1,492.2,270.7,89.3,0.4501,0.0,persistence_full,6,0.67,0.15,beta,full
City-A,T1,2x,360.0,S4_GlobalCalib,routine,M_routine,800,True,1,457.8,328.8,31.2,0.2819,0.0,persistence_full,6,0.67,0.15,beta,full
City-A,T1,2x,360.0,S4_GlobalCalib,cross_regime,M_stress,800,True,1,457.8,270.7,89.3,0.4088,0.0,persistence_full,6,0.67,0.15,beta,full
City-A,T1,2x,360.0,S5_CityCalib,routine,M_routine,800,True,1,467.0,328.8,31.2,0.2961,0.0,persistence_full,6,0.67,0.15,beta,full
City-A,T1,2x,360.0,S5_CityCalib,cross_regime,M_stress,800,True,1,467.0,270.7,89.3,0.4204,0.0,persistence_full,6,0.67,0.15,beta,full
City-A,T1,2x,360.0,S6_Q10,routine,M_routine,800,True,2,618.3,869.9,0.0,0.0,1.0,persistence_full,6,0.67,0.15,beta,full
City-A,T1,2x,360.0,S6_Q10,cross_regime,M_stress,800,True,2,618.3,520.6,0.0,0.158,1.0,persistence_full,6,0.67,0.15,beta,full
City-A,T1,5x,900.0,S0a_RoutineOracle,routine,M_routine,800,True,2,998.5,998.5,0.0,0.0,1.0,persistence_full,6,0.67,0.15,beta,full
City-A,T1,5x,900.0,S0a_RoutineOracle,cross_regime,M_stress,800,True,2,998.5,466.5,433.5,0.5328,0.0,persistence_full,6,0.67,0.15,beta,full
City-A,T1,5x,900.0,S0b_StressOracle,routine,M_routine,800,True,3,921.6,1243.5,0.0,0.0,1.0,persistence_full,6,0.67,0.15,beta,full
City-A,T1,5x,900.0,S0b_StressOracle,cross_regime,M_stress,800,True,3,921.6,921.6,0.0,0.0,1.0,persistence_full,6,0.67,0.15,beta,full
City-A,T1,5x,900.0,S1_CapRR,routine,M_routine,800,True,2,1293.4,869.9,30.1,0.3274,0.0,persistence_full,6,0.67,0.15,beta,full
City-A,T1,5x,900.0,S1_CapRR,cross_regime,M_stress,800,True,2,1293.4,520.6,379.4,0.5975,0.0,persistence_full,6,0.67,0.15,beta,full
City-A,T1,5x,900.0,S2_Platform,routine,M_routine,800,True,3,1202.1,1236.5,0.0,0.0,1.0,persistence_full,6,0.67,0.15,beta,full
City-A,T1,5x,900.0,S2_Platform,cross_regime,M_stress,800,True,3,1202.1,747.6,152.4,0.3781,0.0,persistence_full,6,0.67,0.15,beta,full
City-A,T1,5x,900.0,S3_Lin4,routine,M_routine,800,True,3,1259.5,1066.4,0.0,0.1533,1.0,persistence_full,6,0.67,0.15,beta,full
City-A,T1,5x,900.0,S3_Lin4,cross_regime,M_stress,800,True,3,1259.5,843.5,56.5,0.3303,0.0,persistence_full,6,0.67,0.15,beta,full
City-A,T1,5x,900.0,S4_GlobalCalib,routine,M_routine,800,True,3,1275.8,1306.7,0.0,0.0,1.0,persistence_full,6,0.67,0.15,beta,full
City-A,T1,5x,900.0,S4_GlobalCalib,cross_regime,M_stress,800,True,3,1275.8,877.9,22.1,0.3119,0.0,persistence_full,6,0.67,0.15,beta,full
City-A,T1,5x,900.0,S5_CityCalib,routine,M_routine,800,True,3,1300.7,1306.7,0.0,0.0,1.0,persistence_full,6,0.67,0.15,beta,full
City-A,T1,5x,900.0,S5_CityCalib,cross_regime,M_stress,800,True,3,1300.7,877.9,22.1,0.3251,0.0,persistence_full,6,0.67,0.15,beta,full
City-A,T1,5x,900.0,S6_Q10,routine,M_routine,800,True,3,903.4,1306.7,0.0,0.0,1.0,persistence_full,6,0.67,0.15,beta,full
City-A,T1,5x,900.0,S6_Q10,cross_regime,M_stress,800,True,3,903.4,877.9,22.1,0.0283,0.0,persistence_full,6,0.67,0.15,beta,full
City-A,T1,10x,1800.0,S0a_RoutineOracle,routine,M_routine,800,True,4,1904.8,1904.8,0.0,0.0,1.0,persistence_full,6,0.67,0.15,beta,full
City-A,T1,10x,1800.0,S0a_RoutineOracle,cross_regime,M_stress,800,True,4,1904.8,1011.7,788.3,0.4689,0.0,persistence_full,6,0.67,0.15,beta,full
City-A,T1,10x,1800.0,S0b_StressOracle,routine,M_routine,800,True,7,1979.1,2669.1,0.0,0.0,1.0,persistence_full,6,0.67,0.15,beta,full
City-A,T1,10x,1800.0,S0b_StressOracle,cross_regime,M_stress,800,True,7,1979.1,1979.1,0.0,0.0,1.0,persistence_full,6,0.67,0.15,beta,full
City-A,T1,10x,1800.0,S1_CapRR,routine,M_routine,800,True,3,1889.7,1306.7,493.3,0.3085,0.0,persistence_full,6,0.67,0.15,beta,full
City-A,T1,10x,1800.0,S1_CapRR,cross_regime,M_stress,800,True,3,1889.7,877.9,922.1,0.5354,0.0,persistence_full,6,0.67,0.15,beta,full
City-A,T1,10x,1800.0,S2_Platform,routine,M_routine,800,True,5,1914.5,2142.8,0.0,0.0,1.0,persistence_full,6,0.67,0.15,beta,full
City-A,T1,10x,1800.0,S2_Platform,cross_regime,M_stress,800,True,5,1914.5,1292.8,507.2,0.3247,0.0,persistence_full,6,0.67,0.15,beta,full
City-A,T1,10x,1800.0,S3_Lin4,routine,M_routine,800,True,5,1986.1,2045.9,0.0,0.0,1.0,persistence_full,6,0.67,0.15,beta,full
City-A,T1,10x,1800.0,S3_Lin4,cross_regime,M_stress,800,True,5,1986.1,1326.1,473.9,0.3323,0.0,persistence_full,6,0.67,0.15,beta,full
City-A,T1,10x,1800.0,S4_GlobalCalib,routine,M_routine,800,True,5,2050.7,2200.8,0.0,0.0,1.0,persistence_full,6,0.67,0.15,beta,full
City-A,T1,10x,1800.0,S4_GlobalCalib,cross_regime,M_stress,800,True,5,2050.7,1392.5,407.5,0.321,0.0,persistence_full,6,0.67,0.15,beta,full
City-A,T1,10x,1800.0,S5_CityCalib,routine,M_routine,800,True,5,2090.2,2200.8,0.0,0.0,1.0,persistence_full,6,0.67,0.15,beta,full
City-A,T1,10x,1800.0,S5_CityCalib,cross_regime,M_stress,800,True,5,2090.2,1392.5,407.5,0.3338,0.0,persistence_full,6,0.67,0.15,beta,full
City-A,T1,10x,1800.0,S6_Q10,routine,M_routine,800,True,7,1954.3,2868.2,0.0,0.0,1.0,persistence_full,6,0.67,0.15,beta,full
City-A,T1,10x,1800.0,S6_Q10,cross_regime,M_stress,800,True,7,1954.3,1835.1,0.0,0.061,1.0,persistence_full,6,0.67,0.15,beta,full
City-A,T2,1x,260.0,S0a_RoutineOracle,routine,M_routine,800,True,1,532.4,532.4,0.0,0.0,1.0,persistence_full,6,0.67,0.15,beta,full
City-A,T2,1x,260.0,S0a_RoutineOracle,cross_regime,M_stress,800,True,1,532.4,246.3,13.7,0.5374,0.0,persistence_full,6,0.67,0.15,beta,full
City-A,T2,1x,260.0,S0b_StressOracle,routine,M_routine,800,True,1,352.1,430.1,0.0,0.0,1.0,persistence_full,6,0.67,0.15,beta,full
City-A,T2,1x,260.0,S0b_StressOracle,cross_regime,M_stress,800,True,1,352.1,352.1,0.0,0.0,1.0,persistence_full,6,0.67,0.15,beta,full
City-A,T2,1x,260.0,S1_CapRR,routine,M_routine,800,True,1,678.2,322.5,0.0,0.5244,1.0,persistence_full,6,0.67,0.15,beta,full
City-A,T2,1x,260.0,S1_CapRR,cross_regime,M_stress,800,True,1,678.2,267.4,0.0,0.6057,1.0,persistence_full,6,0.67,0.15,beta,full
City-A,T2,1x,260.0,S2_Platform,routine,M_routine,800,True,1,441.1,322.5,0.0,0.2688,1.0,persistence_full,6,0.67,0.15,beta,full
City-A,T2,1x,260.0,S2_Platform,cross_regime,M_stress,800,True,1,441.1,267.4,0.0,0.3938,1.0,persistence_full,6,0.67,0.15,beta,full
City-A,T2,1x,260.0,S3_Lin4,routine,M_routine,800,True,1,489.6,322.5,0.0,0.3412,1.0,persistence_full,6,0.67,0.15,beta,full
City-A,T2,1x,260.0,S3_Lin4,cross_regime,M_stress,800,True,1,489.6,267.4,0.0,0.4538,1.0,persistence_full,6,0.67,0.15,beta,full
City-A,T2,1x,260.0,S4_GlobalCalib,routine,M_routine,800,True,1,457.7,322.5,0.0,0.2953,1.0,persistence_full,6,0.67,0.15,beta,full
City-A,T2,1x,260.0,S4_GlobalCalib,cross_regime,M_stress,800,True,1,457.7,267.4,0.0,0.4158,1.0,persistence_full,6,0.67,0.15,beta,full
City-A,T2,1x,260.0,S5_CityCalib,routine,M_routine,800,True,1,469.5,322.5,0.0,0.3129,1.0,persistence_full,6,0.67,0.15,beta,full
City-A,T2,1x,260.0,S5_CityCalib,cross_regime,M_stress,800,True,1,469.5,267.4,0.0,0.4304,1.0,persistence_full,6,0.67,0.15,beta,full
City-A,T2,1x,260.0,S6_Q10,routine,M_routine,800,True,1,324.2,322.5,0.0,0.0052,1.0,persistence_full,6,0.67,0.15,beta,full
City-A,T2,1x,260.0,S6_Q10,cross_regime,M_stress,800,True,1,324.2,267.4,0.0,0.1752,1.0,persistence_full,6,0.67,0.15,beta,full
City-A,T2,2x,520.0,S0a_RoutineOracle,routine,M_routine,800,True,1,532.4,532.4,0.0,0.0,1.0,persistence_full,6,0.67,0.15,beta,full
City-A,T2,2x,520.0,S0a_RoutineOracle,cross_regime,M_stress,800,True,1,532.4,246.3,273.7,0.5374,0.0,persistence_full,6,0.67,0.15,beta,full
City-A,T2,2x,520.0,S0b_StressOracle,routine,M_routine,800,True,2,630.4,862.5,0.0,0.0,1.0,persistence_full,6,0.67,0.15,beta,full
City-A,T2,2x,520.0,S0b_StressOracle,cross_regime,M_stress,800,True,2,630.4,630.4,0.0,0.0,1.0,persistence_full,6,0.67,0.15,beta,full
City-A,T2,2x,520.0,S1_CapRR,routine,M_routine,800,True,1,678.2,322.5,197.5,0.5244,0.0,persistence_full,6,0.67,0.15,beta,full
City-A,T2,2x,520.0,S1_CapRR,cross_regime,M_stress,800,True,1,678.2,267.4,252.6,0.6057,0.0,persistence_full,6,0.67,0.15,beta,full
City-A,T2,2x,520.0,S2_Platform,routine,M_routine,800,True,2,849.9,854.9,0.0,0.0,1.0,persistence_full,6,0.67,0.15,beta,full
City-A,T2,2x,520.0,S2_Platform,cross_regime,M_stress,800,True,2,849.9,513.7,6.3,0.3956,0.0,persistence_full,6,0.67,0.15,beta,full
City-A,T2,2x,520.0,S3_Lin4,routine,M_routine,800,True,2,874.0,752.7,0.0,0.1388,1.0,persistence_full,6,0.67,0.15,beta,full
City-A,T2,2x,520.0,S3_Lin4,cross_regime,M_stress,800,True,2,874.0,619.5,0.0,0.2911,1.0,persistence_full,6,0.67,0.15,beta,full
City-A,T2,2x,520.0,S4_GlobalCalib,routine,M_routine,800,True,2,873.0,854.9,0.0,0.0206,1.0,persistence_full,6,0.67,0.15,beta,full
City-A,T2,2x,520.0,S4_GlobalCalib,cross_regime,M_stress,800,True,2,873.0,513.7,6.3,0.4115,0.0,persistence_full,6,0.67,0.15,beta,full
City-A,T2,2x,520.0,S5_CityCalib,routine,M_routine,800,True,2,895.1,854.9,0.0,0.0448,1.0,persistence_full,6,0.67,0.15,beta,full
City-A,T2,2x,520.0,S5_CityCalib,cross_regime,M_stress,800,True,2,895.1,513.7,6.3,0.4261,0.0,persistence_full,6,0.67,0.15,beta,full
City-A,T2,2x,520.0,S6_Q10,routine,M_routine,800,True,2,618.3,854.9,0.0,0.0,1.0,persistence_full,6,0.67,0.15,beta,full
City-A,T2,2x,520.0,S6_Q10,cross_regime,M_stress,800,True,2,618.3,513.7,6.3,0.1692,0.0,persistence_full,6,0.67,0.15,beta,full
City-A,T2,5x,1300.0,S0a_RoutineOracle,routine,M_routine,800,True,3,1423.7,1423.7,0.0,0.0,1.0,persistence_full,6,0.67,0.15,beta,full
City-A,T2,5x,1300.0,S0a_RoutineOracle,cross_regime,M_stress,800,True,3,1423.7,718.8,581.2,0.4952,0.0,persistence_full,6,0.67,0.15,beta,full
City-A,T2,5x,1300.0,S0b_StressOracle,routine,M_routine,800,True,5,1436.6,1836.0,0.0,0.0,1.0,persistence_full,6,0.67,0.15,beta,full
City-A,T2,5x,1300.0,S0b_StressOracle,cross_regime,M_stress,800,True,5,1436.6,1436.6,0.0,0.0,1.0,persistence_full,6,0.67,0.15,beta,full
City-A,T2,5x,1300.0,S1_CapRR,routine,M_routine,800,True,3,1889.7,1285.1,14.9,0.3199,0.0,persistence_full,6,0.67,0.15,beta,full
City-A,T2,5x,1300.0,S1_CapRR,cross_regime,M_stress,800,True,3,1889.7,865.8,434.2,0.5418,0.0,persistence_full,6,0.67,0.15,beta,full
City-A,T2,5x,1300.0,S2_Platform,routine,M_routine,800,True,4,1596.5,1649.3,0.0,0.0,1.0,persistence_full,6,0.67,0.15,beta,full
City-A,T2,5x,1300.0,S2_Platform,cross_regime,M_stress,800,True,4,1596.5,1015.6,284.4,0.3638,0.0,persistence_full,6,0.67,0.15,beta,full
City-A,T2,5x,1300.0,S3_Lin4,routine,M_routine,800,True,4,1613.1,1581.0,0.0,0.0199,1.0,persistence_full,6,0.67,0.15,beta,full
City-A,T2,5x,1300.0,S3_Lin4,cross_regime,M_stress,800,True,4,1613.1,1078.0,222.0,0.3317,0.0,persistence_full,6,0.67,0.15,beta,full
City-A,T2,5x,1300.0,S4_GlobalCalib,routine,M_routine,800,True,4,1668.6,1717.3,0.0,0.0,1.0,persistence_full,6,0.67,0.15,beta,full
City-A,T2,5x,1300.0,S4_GlobalCalib,cross_regime,M_stress,800,True,4,1668.6,1095.0,205.0,0.3438,0.0,persistence_full,6,0.67,0.15,beta,full
City-A,T2,5x,1300.0,S5_CityCalib,routine,M_routine,800,True,3,1307.5,1285.1,14.9,0.0171,0.0,persistence_full,6,0.67,0.15,beta,full
City-A,T2,5x,1300.0,S5_CityCalib,cross_regime,M_stress,800,True,3,1307.5,865.8,434.2,0.3378,0.0,persistence_full,6,0.67,0.15,beta,full
City-A,T2,5x,1300.0,S6_Q10,routine,M_routine,800,True,5,1452.1,2149.7,0.0,0.0,1.0,persistence_full,6,0.67,0.15,beta,full
City-A,T2,5x,1300.0,S6_Q10,cross_regime,M_stress,800,True,5,1452.1,1373.3,0.0,0.0543,1.0,persistence_full,6,0.67,0.15,beta,full
City-A,T2,10x,2600.0,S0a_RoutineOracle,routine,M_routine,800,True,6,2718.5,2718.5,0.0,0.0,1.0,persistence_full,6,0.67,0.15,beta,full
City-A,T2,10x,2600.0,S0a_RoutineOracle,cross_regime,M_stress,800,True,6,2718.5,1578.3,1021.7,0.4194,0.0,persistence_full,6,0.67,0.15,beta,full
City-A,T2,10x,2600.0,S0b_StressOracle,routine,M_routine,800,True,10,2682.5,3839.5,0.0,0.0,1.0,persistence_full,6,0.67,0.15,beta,full
City-A,T2,10x,2600.0,S0b_StressOracle,cross_regime,M_stress,800,True,10,2682.5,2682.5,0.0,0.0,1.0,persistence_full,6,0.67,0.15,beta,full
City-A,T2,10x,2600.0,S1_CapRR,routine,M_routine,800,True,5,3037.3,2149.7,450.3,0.2922,0.0,persistence_full,6,0.67,0.15,beta,full
City-A,T2,10x,2600.0,S1_CapRR,cross_regime,M_stress,800,True,5,3037.3,1373.3,1226.7,0.5479,0.0,persistence_full,6,0.67,0.15,beta,full
City-A,T2,10x,2600.0,S2_Platform,routine,M_routine,800,True,7,2630.1,2829.6,0.0,0.0,1.0,persistence_full,6,0.67,0.15,beta,full
City-A,T2,10x,2600.0,S2_Platform,cross_regime,M_stress,800,True,7,2630.1,1889.0,711.0,0.2818,0.0,persistence_full,6,0.67,0.15,beta,full
City-A,T2,10x,2600.0,S3_Lin4,routine,M_routine,800,True,7,2677.1,2792.5,0.0,0.0,1.0,persistence_full,6,0.67,0.15,beta,full
City-A,T2,10x,2600.0,S3_Lin4,cross_regime,M_stress,800,True,7,2677.1,1825.6,774.4,0.3181,0.0,persistence_full,6,0.67,0.15,beta,full
City-A,T2,10x,2600.0,S4_GlobalCalib,routine,M_routine,800,True,7,2759.4,2807.5,0.0,0.0,1.0,persistence_full,6,0.67,0.15,beta,full
City-A,T2,10x,2600.0,S4_GlobalCalib,cross_regime,M_stress,800,True,7,2759.4,1809.0,791.0,0.3444,0.0,persistence_full,6,0.67,0.15,beta,full
City-A,T2,10x,2600.0,S5_CityCalib,routine,M_routine,800,True,7,2827.1,2807.5,0.0,0.0069,1.0,persistence_full,6,0.67,0.15,beta,full
City-A,T2,10x,2600.0,S5_CityCalib,cross_regime,M_stress,800,True,7,2827.1,1809.0,791.0,0.3601,0.0,persistence_full,6,0.67,0.15,beta,full
City-A,T2,10x,2600.0,S6_Q10,routine,M_routine,800,True,10,2686.7,3931.8,0.0,0.0,1.0,persistence_full,6,0.67,0.15,beta,full
City-A,T2,10x,2600.0,S6_Q10,cross_regime,M_stress,800,True,10,2686.7,2568.4,31.6,0.044,0.0,persistence_full,6,0.67,0.15,beta,full
City-A,T3,1x,200.0,S0a_RoutineOracle,routine,M_routine,800,True,1,476.3,476.3,0.0,0.0,1.0,persistence_full,6,0.67,0.15,beta,full
City-A,T3,1x,200.0,S0a_RoutineOracle,cross_regime,M_stress,800,True,1,476.3,220.9,0.0,0.5362,1.0,persistence_full,6,0.67,0.15,beta,full
City-A,T3,1x,200.0,S0b_StressOracle,routine,M_routine,800,True,1,315.5,383.9,0.0,0.0,1.0,persistence_full,6,0.67,0.15,beta,full
City-A,T3,1x,200.0,S0b_StressOracle,cross_regime,M_stress,800,True,1,315.5,315.5,0.0,0.0,1.0,persistence_full,6,0.67,0.15,beta,full
City-A,T3,1x,200.0,S1_CapRR,routine,M_routine,800,True,1,596.8,289.0,0.0,0.5158,1.0,persistence_full,6,0.67,0.15,beta,full
City-A,T3,1x,200.0,S1_CapRR,cross_regime,M_stress,800,True,1,596.8,238.3,0.0,0.6006,1.0,persistence_full,6,0.67,0.15,beta,full
City-A,T3,1x,200.0,S2_Platform,routine,M_routine,800,True,1,470.7,289.0,0.0,0.386,1.0,persistence_full,6,0.67,0.15,beta,full
City-A,T3,1x,200.0,S2_Platform,cross_regime,M_stress,800,True,1,470.7,238.3,0.0,0.4936,1.0,persistence_full,6,0.67,0.15,beta,full
City-A,T3,1x,200.0,S3_Lin4,routine,M_routine,800,True,1,488.8,289.0,0.0,0.4088,1.0,persistence_full,6,0.67,0.15,beta,full
City-A,T3,1x,200.0,S3_Lin4,cross_regime,M_stress,800,True,1,488.8,238.3,0.0,0.5124,1.0,persistence_full,6,0.67,0.15,beta,full
City-A,T3,1x,200.0,S4_GlobalCalib,routine,M_routine,800,True,1,401.7,289.0,0.0,0.2806,1.0,persistence_full,6,0.67,0.15,beta,full
City-A,T3,1x,200.0,S4_GlobalCalib,cross_regime,M_stress,800,True,1,401.7,238.3,0.0,0.4067,1.0,persistence_full,6,0.67,0.15,beta,full
City-A,T3,1x,200.0,S5_CityCalib,routine,M_routine,800,True,1,411.2,289.0,0.0,0.2972,1.0,persistence_full,6,0.67,0.15,beta,full
City-A,T3,1x,200.0,S5_CityCalib,cross_regime,M_stress,800,True,1,411.2,238.3,0.0,0.4204,1.0,persistence_full,6,0.67,0.15,beta,full
City-A,T3,1x,200.0,S6_Q10,routine,M_routine,800,True,1,284.9,289.0,0.0,0.0,1.0,persistence_full,6,0.67,0.15,beta,full
City-A,T3,1x,200.0,S6_Q10,cross_regime,M_stress,800,True,1,284.9,238.3,0.0,0.1633,1.0,persistence_full,6,0.67,0.15,beta,full
City-A,T3,2x,400.0,S0a_RoutineOracle,routine,M_routine,800,True,1,476.3,476.3,0.0,0.0,1.0,persistence_full,6,0.67,0.15,beta,full
City-A,T3,2x,400.0,S0a_RoutineOracle,cross_regime,M_stress,800,True,1,476.3,220.9,179.1,0.5362,0.0,persistence_full,6,0.67,0.15,beta,full
City-A,T3,2x,400.0,S0b_StressOracle,routine,M_routine,800,True,2,563.9,705.9,0.0,0.0,1.0,persistence_full,6,0.67,0.15,beta,full
City-A,T3,2x,400.0,S0b_StressOracle,cross_regime,M_stress,800,True,2,563.9,563.9,0.0,0.0,1.0,persistence_full,6,0.67,0.15,beta,full
City-A,T3,2x,400.0,S1_CapRR,routine,M_routine,800,True,1,596.8,289.0,111.0,0.5158,0.0,persistence_full,6,0.67,0.15,beta,full
City-A,T3,2x,400.0,S1_CapRR,cross_regime,M_stress,800,True,1,596.8,238.3,161.7,0.6006,0.0,persistence_full,6,0.67,0.15,beta,full
City-A,T3,2x,400.0,S2_Platform,routine,M_routine,800,True,1,470.7,289.0,111.0,0.386,0.0,persistence_full,6,0.67,0.15,beta,full
City-A,T3,2x,400.0,S2_Platform,cross_regime,M_stress,800,True,1,470.7,238.3,161.7,0.4936,0.0,persistence_full,6,0.67,0.15,beta,full
City-A,T3,2x,400.0,S3_Lin4,routine,M_routine,800,True,1,488.8,289.0,111.0,0.4088,0.0,persistence_full,6,0.67,0.15,beta,full
City-A,T3,2x,400.0,S3_Lin4,cross_regime,M_stress,800,True,1,488.8,238.3,161.7,0.5124,0.0,persistence_full,6,0.67,0.15,beta,full
City-A,T3,2x,400.0,S4_GlobalCalib,routine,M_routine,800,True,1,401.7,289.0,111.0,0.2806,0.0,persistence_full,6,0.67,0.15,beta,full
City-A,T3,2x,400.0,S4_GlobalCalib,cross_regime,M_stress,800,True,1,401.7,238.3,161.7,0.4067,0.0,persistence_full,6,0.67,0.15,beta,full
City-A,T3,2x,400.0,S5_CityCalib,routine,M_routine,800,True,1,411.2,289.0,111.0,0.2972,0.0,persistence_full,6,0.67,0.15,beta,full
City-A,T3,2x,400.0,S5_CityCalib,cross_regime,M_stress,800,True,1,411.2,238.3,161.7,0.4204,0.0,persistence_full,6,0.67,0.15,beta,full
City-A,T3,2x,400.0,S6_Q10,routine,M_routine,800,True,2,543.2,765.3,0.0,0.0,1.0,persistence_full,6,0.67,0.15,beta,full
City-A,T3,2x,400.0,S6_Q10,cross_regime,M_stress,800,True,2,543.2,459.3,0.0,0.1546,1.0,persistence_full,6,0.67,0.15,beta,full
City-A,T3,5x,1000.0,S0a_RoutineOracle,routine,M_routine,800,True,3,1275.4,1275.4,0.0,0.0,1.0,persistence_full,6,0.67,0.15,beta,full
City-A,T3,5x,1000.0,S0a_RoutineOracle,cross_regime,M_stress,800,True,3,1275.4,642.9,357.1,0.4959,0.0,persistence_full,6,0.67,0.15,beta,full
City-A,T3,5x,1000.0,S0b_StressOracle,routine,M_routine,800,True,4,1049.9,1303.6,0.0,0.0,1.0,persistence_full,6,0.67,0.15,beta,full
City-A,T3,5x,1000.0,S0b_StressOracle,cross_regime,M_stress,800,True,4,1049.9,1049.9,0.0,0.0,1.0,persistence_full,6,0.67,0.15,beta,full
City-A,T3,5x,1000.0,S1_CapRR,routine,M_routine,800,True,2,1138.1,765.3,234.7,0.3276,0.0,persistence_full,6,0.67,0.15,beta,full
City-A,T3,5x,1000.0,S1_CapRR,cross_regime,M_stress,800,True,2,1138.1,459.3,540.7,0.5965,0.0,persistence_full,6,0.67,0.15,beta,full
City-A,T3,5x,1000.0,S2_Platform,routine,M_routine,800,True,3,1264.8,994.8,5.2,0.2134,0.0,persistence_full,6,0.67,0.15,beta,full
City-A,T3,5x,1000.0,S2_Platform,cross_regime,M_stress,800,True,3,1264.8,802.2,197.8,0.3657,0.0,persistence_full,6,0.67,0.15,beta,full
City-A,T3,5x,1000.0,S3_Lin4,routine,M_routine,800,True,3,1239.8,936.3,63.7,0.2448,0.0,persistence_full,6,0.67,0.15,beta,full
City-A,T3,5x,1000.0,S3_Lin4,cross_regime,M_stress,800,True,3,1239.8,743.8,256.2,0.4001,0.0,persistence_full,6,0.67,0.15,beta,full
City-A,T3,5x,1000.0,S4_GlobalCalib,routine,M_routine,800,True,3,1119.3,1149.1,0.0,0.0,1.0,persistence_full,6,0.67,0.15,beta,full
City-A,T3,5x,1000.0,S4_GlobalCalib,cross_regime,M_stress,800,True,3,1119.3,774.8,225.2,0.3078,0.0,persistence_full,6,0.67,0.15,beta,full
City-A,T3,5x,1000.0,S5_CityCalib,routine,M_routine,800,True,3,1145.1,1149.1,0.0,0.0,1.0,persistence_full,6,0.67,0.15,beta,full
City-A,T3,5x,1000.0,S5_CityCalib,cross_regime,M_stress,800,True,3,1145.1,774.8,225.2,0.3234,0.0,persistence_full,6,0.67,0.15,beta,full
City-A,T3,5x,1000.0,S6_Q10,routine,M_routine,800,True,4,1038.3,1534.9,0.0,0.0,1.0,persistence_full,6,0.67,0.15,beta,full
City-A,T3,5x,1000.0,S6_Q10,cross_regime,M_stress,800,True,4,1038.3,979.4,20.6,0.0567,0.0,persistence_full,6,0.67,0.15,beta,full
City-A,T3,10x,2000.0,S0a_RoutineOracle,routine,M_routine,800,True,5,2045.1,2045.1,0.0,0.0,1.0,persistence_full,6,0.67,0.15,beta,full
City-A,T3,10x,2000.0,S0a_RoutineOracle,cross_regime,M_stress,800,True,5,2045.1,1163.1,836.9,0.4313,0.0,persistence_full,6,0.67,0.15,beta,full
City-A,T3,10x,2000.0,S0b_StressOracle,routine,M_routine,800,True,9,2182.7,3062.4,0.0,0.0,1.0,persistence_full,6,0.67,0.15,beta,full
City-A,T3,10x,2000.0,S0b_StressOracle,cross_regime,M_stress,800,True,9,2182.7,2182.7,0.0,0.0,1.0,persistence_full,6,0.67,0.15,beta,full
City-A,T3,10x,2000.0,S1_CapRR,routine,M_routine,800,True,4,2175.3,1534.9,465.1,0.2944,0.0,persistence_full,6,0.67,0.15,beta,full
City-A,T3,10x,2000.0,S1_CapRR,cross_regime,M_stress,800,True,4,2175.3,979.4,1020.6,0.5498,0.0,persistence_full,6,0.67,0.15,beta,full
City-A,T3,10x,2000.0,S2_Platform,routine,M_routine,800,True,6,2357.9,2167.4,0.0,0.0808,1.0,persistence_full,6,0.67,0.15,beta,full
City-A,T3,10x,2000.0,S2_Platform,cross_regime,M_stress,800,True,6,2357.9,1440.7,559.3,0.389,0.0,persistence_full,6,0.67,0.15,beta,full
City-A,T3,10x,2000.0,S3_Lin4,routine,M_routine,800,True,6,2288.3,2120.3,0.0,0.0734,1.0,persistence_full,6,0.67,0.15,beta,full
City-A,T3,10x,2000.0,S3_Lin4,cross_regime,M_stress,800,True,6,2288.3,1417.7,582.3,0.3805,0.0,persistence_full,6,0.67,0.15,beta,full
City-A,T3,10x,2000.0,S4_GlobalCalib,routine,M_routine,800,True,6,2112.8,2120.3,0.0,0.0,1.0,persistence_full,6,0.67,0.15,beta,full
City-A,T3,10x,2000.0,S4_GlobalCalib,cross_regime,M_stress,800,True,6,2112.8,1417.7,582.3,0.329,0.0,persistence_full,6,0.67,0.15,beta,full
City-A,T3,10x,2000.0,S5_CityCalib,routine,M_routine,800,True,6,2160.3,2120.3,0.0,0.0185,1.0,persistence_full,6,0.67,0.15,beta,full
City-A,T3,10x,2000.0,S5_CityCalib,cross_regime,M_stress,800,True,6,2160.3,1417.7,582.3,0.3437,0.0,persistence_full,6,0.67,0.15,beta,full
City-A,T3,10x,2000.0,S6_Q10,routine,M_routine,800,True,9,2147.8,3053.3,0.0,0.0,1.0,persistence_full,6,0.67,0.15,beta,full
City-A,T3,10x,2000.0,S6_Q10,cross_regime,M_stress,800,True,9,2147.8,2064.2,0.0,0.0389,1.0,persistence_full,6,0.67,0.15,beta,full
City-A,T4,1x,140.0,S0a_RoutineOracle,routine,M_routine,800,True,1,540.4,540.4,0.0,0.0,1.0,persistence_full,6,0.67,0.15,beta,full
City-A,T4,1x,140.0,S0a_RoutineOracle,cross_regime,M_stress,800,True,1,540.4,250.6,0.0,0.5363,1.0,persistence_full,6,0.67,0.15,beta,full
City-A,T4,1x,140.0,S0b_StressOracle,routine,M_routine,800,True,1,356.7,436.7,0.0,0.0,1.0,persistence_full,6,0.67,0.15,beta,full
City-A,T4,1x,140.0,S0b_StressOracle,cross_regime,M_stress,800,True,1,356.7,356.7,0.0,0.0,1.0,persistence_full,6,0.67,0.15,beta,full
City-A,T4,1x,140.0,S1_CapRR,routine,M_routine,800,True,1,678.2,328.3,0.0,0.516,1.0,persistence_full,6,0.67,0.15,beta,full
City-A,T4,1x,140.0,S1_CapRR,cross_regime,M_stress,800,True,1,678.2,270.7,0.0,0.6008,1.0,persistence_full,6,0.67,0.15,beta,full
City-A,T4,1x,140.0,S2_Platform,routine,M_routine,800,True,1,299.2,540.4,0.0,0.0,1.0,persistence_full,6,0.67,0.15,beta,full
City-A,T4,1x,140.0,S2_Platform,cross_regime,M_stress,800,True,1,299.2,250.6,0.0,0.1625,1.0,persistence_full,6,0.67,0.15,beta,full
City-A,T4,1x,140.0,S3_Lin4,routine,M_routine,800,True,1,491.0,328.3,0.0,0.3314,1.0,persistence_full,6,0.67,0.15,beta,full
City-A,T4,1x,140.0,S3_Lin4,cross_regime,M_stress,800,True,1,491.0,270.7,0.0,0.4487,1.0,persistence_full,6,0.67,0.15,beta,full
City-A,T4,1x,140.0,S4_GlobalCalib,routine,M_routine,800,True,1,455.8,328.3,0.0,0.2797,1.0,persistence_full,6,0.67,0.15,beta,full
City-A,T4,1x,140.0,S4_GlobalCalib,cross_regime,M_stress,800,True,1,455.8,270.7,0.0,0.406,1.0,persistence_full,6,0.67,0.15,beta,full
City-A,T4,1x,140.0,S5_CityCalib,routine,M_routine,800,True,1,466.7,328.3,0.0,0.2966,1.0,persistence_full,6,0.67,0.15,beta,full
City-A,T4,1x,140.0,S5_CityCalib,cross_regime,M_stress,800,True,1,466.7,270.7,0.0,0.4199,1.0,persistence_full,6,0.67,0.15,beta,full
City-A,T4,1x,140.0,S6_Q10,routine,M_routine,800,True,1,323.4,328.3,0.0,0.0,1.0,persistence_full,6,0.67,0.15,beta,full
City-A,T4,1x,140.0,S6_Q10,cross_regime,M_stress,800,True,1,323.4,270.7,0.0,0.163,1.0,persistence_full,6,0.67,0.15,beta,full
City-A,T4,2x,280.0,S0a_RoutineOracle,routine,M_routine,800,True,1,540.4,540.4,0.0,0.0,1.0,persistence_full,6,0.67,0.15,beta,full
City-A,T4,2x,280.0,S0a_RoutineOracle,cross_regime,M_stress,800,True,1,540.4,250.6,29.4,0.5363,0.0,persistence_full,6,0.67,0.15,beta,full
City-A,T4,2x,280.0,S0b_StressOracle,routine,M_routine,800,True,1,356.7,436.7,0.0,0.0,1.0,persistence_full,6,0.67,0.15,beta,full
City-A,T4,2x,280.0,S0b_StressOracle,cross_regime,M_stress,800,True,1,356.7,356.7,0.0,0.0,1.0,persistence_full,6,0.67,0.15,beta,full
City-A,T4,2x,280.0,S1_CapRR,routine,M_routine,800,True,1,678.2,328.3,0.0,0.516,1.0,persistence_full,6,0.67,0.15,beta,full
City-A,T4,2x,280.0,S1_CapRR,cross_regime,M_stress,800,True,1,678.2,270.7,9.3,0.6008,0.0,persistence_full,6,0.67,0.15,beta,full
City-A,T4,2x,280.0,S2_Platform,routine,M_routine,800,True,1,299.2,540.4,0.0,0.0,1.0,persistence_full,6,0.67,0.15,beta,full
City-A,T4,2x,280.0,S2_Platform,cross_regime,M_stress,800,True,1,299.2,250.6,29.4,0.1625,0.0,persistence_full,6,0.67,0.15,beta,full
City-A,T4,2x,280.0,S3_Lin4,routine,M_routine,800,True,1,491.0,328.3,0.0,0.3314,1.0,persistence_full,6,0.67,0.15,beta,full
City-A,T4,2x,280.0,S3_Lin4,cross_regime,M_stress,800,True,1,491.0,270.7,9.3,0.4487,0.0,persistence_full,6,0.67,0.15,beta,full
City-A,T4,2x,280.0,S4_GlobalCalib,routine,M_routine,800,True,1,455.8,328.3,0.0,0.2797,1.0,persistence_full,6,0.67,0.15,beta,full
City-A,T4,2x,280.0,S4_GlobalCalib,cross_regime,M_stress,800,True,1,455.8,270.7,9.3,0.406,0.0,persistence_full,6,0.67,0.15,beta,full
City-A,T4,2x,280.0,S5_CityCalib,routine,M_routine,800,True,1,466.7,328.3,0.0,0.2966,1.0,persistence_full,6,0.67,0.15,beta,full
City-A,T4,2x,280.0,S5_CityCalib,cross_regime,M_stress,800,True,1,466.7,270.7,9.3,0.4199,0.0,persistence_full,6,0.67,0.15,beta,full
City-A,T4,2x,280.0,S6_Q10,routine,M_routine,800,True,1,323.4,328.3,0.0,0.0,1.0,persistence_full,6,0.67,0.15,beta,full
City-A,T4,2x,280.0,S6_Q10,cross_regime,M_stress,800,True,1,323.4,270.7,9.3,0.163,0.0,persistence_full,6,0.67,0.15,beta,full
City-A,T4,5x,700.0,S0a_RoutineOracle,routine,M_routine,800,True,2,997.4,997.4,0.0,0.0,1.0,persistence_full,6,0.67,0.15,beta,full
City-A,T4,5x,700.0,S0a_RoutineOracle,cross_regime,M_stress,800,True,2,997.4,467.2,232.8,0.5316,0.0,persistence_full,6,0.67,0.15,beta,full
City-A,T4,5x,700.0,S0b_StressOracle,routine,M_routine,800,True,3,920.2,1242.7,0.0,0.0,1.0,persistence_full,6,0.67,0.15,beta,full
City-A,T4,5x,700.0,S0b_StressOracle,cross_regime,M_stress,800,True,3,920.2,920.2,0.0,0.0,1.0,persistence_full,6,0.67,0.15,beta,full
City-A,T4,5x,700.0,S1_CapRR,routine,M_routine,800,True,2,1293.4,868.7,0.0,0.3283,1.0,persistence_full,6,0.67,0.15,beta,full
City-A,T4,5x,700.0,S1_CapRR,cross_regime,M_stress,800,True,2,1293.4,521.3,178.7,0.5969,0.0,persistence_full,6,0.67,0.15,beta,full
City-A,T4,5x,700.0,S2_Platform,routine,M_routine,800,True,3,870.0,1177.2,0.0,0.0,1.0,persistence_full,6,0.67,0.15,beta,full
City-A,T4,5x,700.0,S2_Platform,cross_regime,M_stress,800,True,3,870.0,686.1,13.9,0.2114,0.0,persistence_full,6,0.67,0.15,beta,full
City-A,T4,5x,700.0,S3_Lin4,routine,M_routine,800,True,2,877.2,764.9,0.0,0.128,1.0,persistence_full,6,0.67,0.15,beta,full
City-A,T4,5x,700.0,S3_Lin4,cross_regime,M_stress,800,True,2,877.2,627.4,72.6,0.2848,0.0,persistence_full,6,0.67,0.15,beta,full
City-A,T4,5x,700.0,S4_GlobalCalib,routine,M_routine,800,True,2,869.2,868.7,0.0,0.0006,1.0,persistence_full,6,0.67,0.15,beta,full
City-A,T4,5x,700.0,S4_GlobalCalib,cross_regime,M_stress,800,True,2,869.2,521.3,178.7,0.4003,0.0,persistence_full,6,0.67,0.15,beta,full
City-A,T4,5x,700.0,S5_CityCalib,routine,M_routine,800,True,2,889.8,868.7,0.0,0.0237,1.0,persistence_full,6,0.67,0.15,beta,full
City-A,T4,5x,700.0,S5_CityCalib,cross_regime,M_stress,800,True,2,889.8,521.3,178.7,0.4141,0.0,persistence_full,6,0.67,0.15,beta,full
City-A,T4,5x,700.0,S6_Q10,routine,M_routine,800,True,3,901.2,1305.4,0.0,0.0,1.0,persistence_full,6,0.67,0.15,beta,full
City-A,T4,5x,700.0,S6_Q10,cross_regime,M_stress,800,True,3,901.2,878.0,0.0,0.0257,1.0,persistence_full,6,0.67,0.15,beta,full
City-A,T4,10x,1400.0,S0a_RoutineOracle,routine,M_routine,800,True,3,1452.8,1452.8,0.0,0.0,1.0,persistence_full,6,0.67,0.15,beta,full
City-A,T4,10x,1400.0,S0a_RoutineOracle,cross_regime,M_stress,800,True,3,1452.8,749.1,650.9,0.4844,0.0,persistence_full,6,0.67,0.15,beta,full
City-A,T4,10x,1400.0,S0b_StressOracle,routine,M_routine,800,True,5,1457.8,1900.3,0.0,0.0,1.0,persistence_full,6,0.67,0.15,beta,full
City-A,T4,10x,1400.0,S0b_StressOracle,cross_regime,M_stress,800,True,5,1457.8,1457.8,0.0,0.0,1.0,persistence_full,6,0.67,0.15,beta,full
City-A,T4,10x,1400.0,S1_CapRR,routine,M_routine,800,True,3,1889.7,1305.4,94.6,0.3092,0.0,persistence_full,6,0.67,0.15,beta,full
City-A,T4,10x,1400.0,S1_CapRR,cross_regime,M_stress,800,True,3,1889.7,878.0,522.0,0.5353,0.0,persistence_full,6,0.67,0.15,beta,full
City-A,T4,10x,1400.0,S2_Platform,routine,M_routine,800,True,5,1424.2,1804.9,0.0,0.0,1.0,persistence_full,6,0.67,0.15,beta,full
City-A,T4,10x,1400.0,S2_Platform,cross_regime,M_stress,800,True,5,1424.2,1054.5,345.5,0.2595,0.0,persistence_full,6,0.67,0.15,beta,full
City-A,T4,10x,1400.0,S3_Lin4,routine,M_routine,800,True,4,1620.2,1605.6,0.0,0.009,1.0,persistence_full,6,0.67,0.15,beta,full
City-A,T4,10x,1400.0,S3_Lin4,cross_regime,M_stress,800,True,4,1620.2,1094.3,305.7,0.3246,0.0,persistence_full,6,0.67,0.15,beta,full
City-A,T4,10x,1400.0,S4_GlobalCalib,routine,M_routine,800,True,4,1661.5,1744.3,0.0,0.0,1.0,persistence_full,6,0.67,0.15,beta,full
City-A,T4,10x,1400.0,S4_GlobalCalib,cross_regime,M_stress,800,True,4,1661.5,1111.3,288.7,0.3312,0.0,persistence_full,6,0.67,0.15,beta,full
City-A,T4,10x,1400.0,S5_CityCalib,routine,M_routine,800,True,4,1700.2,1744.3,0.0,0.0,1.0,persistence_full,6,0.67,0.15,beta,full
City-A,T4,10x,1400.0,S5_CityCalib,cross_regime,M_stress,800,True,4,1700.2,1111.3,288.7,0.3464,0.0,persistence_full,6,0.67,0.15,beta,full
City-A,T4,10x,1400.0,S6_Q10,routine,M_routine,800,True,5,1448.5,2199.7,0.0,0.0,1.0,persistence_full,6,0.67,0.15,beta,full
City-A,T4,10x,1400.0,S6_Q10,cross_regime,M_stress,800,True,5,1448.5,1393.2,6.8,0.0382,0.0,persistence_full,6,0.67,0.15,beta,full
City-A,T5,1x,160.0,S0a_RoutineOracle,routine,M_routine,800,True,1,476.6,476.6,0.0,0.0,1.0,persistence_full,6,0.67,0.15,beta,full
City-A,T5,1x,160.0,S0a_RoutineOracle,cross_regime,M_stress,800,True,1,476.6,219.6,0.0,0.5392,1.0,persistence_full,6,0.67,0.15,beta,full
City-A,T5,1x,160.0,S0b_StressOracle,routine,M_routine,800,True,1,314.9,384.4,0.0,0.0,1.0,persistence_full,6,0.67,0.15,beta,full
City-A,T5,1x,160.0,S0b_StressOracle,cross_regime,M_stress,800,True,1,314.9,314.9,0.0,0.0,1.0,persistence_full,6,0.67,0.15,beta,full
City-A,T5,1x,160.0,S1_CapRR,routine,M_routine,800,True,1,596.8,289.7,0.0,0.5146,1.0,persistence_full,6,0.67,0.15,beta,full
City-A,T5,1x,160.0,S1_CapRR,cross_regime,M_stress,800,True,1,596.8,236.5,0.0,0.6037,1.0,persistence_full,6,0.67,0.15,beta,full
City-A,T5,1x,160.0,S2_Platform,routine,M_routine,800,True,1,485.5,289.7,0.0,0.4033,1.0,persistence_full,6,0.67,0.15,beta,full
City-A,T5,1x,160.0,S2_Platform,cross_regime,M_stress,800,True,1,485.5,236.5,0.0,0.5129,1.0,persistence_full,6,0.67,0.15,beta,full
City-A,T5,1x,160.0,S3_Lin4,routine,M_routine,800,True,1,488.3,289.7,0.0,0.4067,1.0,persistence_full,6,0.67,0.15,beta,full
City-A,T5,1x,160.0,S3_Lin4,cross_regime,M_stress,800,True,1,488.3,236.5,0.0,0.5157,1.0,persistence_full,6,0.67,0.15,beta,full
City-A,T5,1x,160.0,S4_GlobalCalib,routine,M_routine,800,True,1,401.4,289.7,0.0,0.2783,1.0,persistence_full,6,0.67,0.15,beta,full
City-A,T5,1x,160.0,S4_GlobalCalib,cross_regime,M_stress,800,True,1,401.4,236.5,0.0,0.4109,1.0,persistence_full,6,0.67,0.15,beta,full
City-A,T5,1x,160.0,S5_CityCalib,routine,M_routine,800,True,1,410.6,289.7,0.0,0.2945,1.0,persistence_full,6,0.67,0.15,beta,full
City-A,T5,1x,160.0,S5_CityCalib,cross_regime,M_stress,800,True,1,410.6,236.5,0.0,0.4241,1.0,persistence_full,6,0.67,0.15,beta,full
City-A,T5,1x,160.0,S6_Q10,routine,M_routine,800,True,1,284.6,289.7,0.0,0.0,1.0,persistence_full,6,0.67,0.15,beta,full
City-A,T5,1x,160.0,S6_Q10,cross_regime,M_stress,800,True,1,284.6,236.5,0.0,0.1691,1.0,persistence_full,6,0.67,0.15,beta,full
City-A,T5,2x,320.0,S0a_RoutineOracle,routine,M_routine,800,True,1,476.6,476.6,0.0,0.0,1.0,persistence_full,6,0.67,0.15,beta,full
City-A,T5,2x,320.0,S0a_RoutineOracle,cross_regime,M_stress,800,True,1,476.6,219.6,100.4,0.5392,0.0,persistence_full,6,0.67,0.15,beta,full
City-A,T5,2x,320.0,S0b_StressOracle,routine,M_routine,800,True,2,563.6,692.6,0.0,0.0,1.0,persistence_full,6,0.67,0.15,beta,full
City-A,T5,2x,320.0,S0b_StressOracle,cross_regime,M_stress,800,True,2,563.6,563.6,0.0,0.0,1.0,persistence_full,6,0.67,0.15,beta,full
City-A,T5,2x,320.0,S1_CapRR,routine,M_routine,800,True,1,596.8,289.7,30.3,0.5146,0.0,persistence_full,6,0.67,0.15,beta,full
City-A,T5,2x,320.0,S1_CapRR,cross_regime,M_stress,800,True,1,596.8,236.5,83.5,0.6037,0.0,persistence_full,6,0.67,0.15,beta,full
City-A,T5,2x,320.0,S2_Platform,routine,M_routine,800,True,1,485.5,289.7,30.3,0.4033,0.0,persistence_full,6,0.67,0.15,beta,full
City-A,T5,2x,320.0,S2_Platform,cross_regime,M_stress,800,True,1,485.5,236.5,83.5,0.5129,0.0,persistence_full,6,0.67,0.15,beta,full
City-A,T5,2x,320.0,S3_Lin4,routine,M_routine,800,True,1,488.3,289.7,30.3,0.4067,0.0,persistence_full,6,0.67,0.15,beta,full
City-A,T5,2x,320.0,S3_Lin4,cross_regime,M_stress,800,True,1,488.3,236.5,83.5,0.5157,0.0,persistence_full,6,0.67,0.15,beta,full
City-A,T5,2x,320.0,S4_GlobalCalib,routine,M_routine,800,True,1,401.4,289.7,30.3,0.2783,0.0,persistence_full,6,0.67,0.15,beta,full
City-A,T5,2x,320.0,S4_GlobalCalib,cross_regime,M_stress,800,True,1,401.4,236.5,83.5,0.4109,0.0,persistence_full,6,0.67,0.15,beta,full
City-A,T5,2x,320.0,S5_CityCalib,routine,M_routine,800,True,1,410.6,289.7,30.3,0.2945,0.0,persistence_full,6,0.67,0.15,beta,full
City-A,T5,2x,320.0,S5_CityCalib,cross_regime,M_stress,800,True,1,410.6,236.5,83.5,0.4241,0.0,persistence_full,6,0.67,0.15,beta,full
City-A,T5,2x,320.0,S6_Q10,routine,M_routine,800,True,2,542.8,766.4,0.0,0.0,1.0,persistence_full,6,0.67,0.15,beta,full
City-A,T5,2x,320.0,S6_Q10,cross_regime,M_stress,800,True,2,542.8,456.1,0.0,0.1596,1.0,persistence_full,6,0.67,0.15,beta,full
City-A,T5,5x,800.0,S0a_RoutineOracle,routine,M_routine,800,True,2,879.5,879.5,0.0,0.0,1.0,persistence_full,6,0.67,0.15,beta,full
City-A,T5,5x,800.0,S0a_RoutineOracle,cross_regime,M_stress,800,True,2,879.5,409.7,390.3,0.5341,0.0,persistence_full,6,0.67,0.15,beta,full
City-A,T5,5x,800.0,S0b_StressOracle,routine,M_routine,800,True,3,811.6,1086.7,0.0,0.0,1.0,persistence_full,6,0.67,0.15,beta,full
City-A,T5,5x,800.0,S0b_StressOracle,cross_regime,M_stress,800,True,3,811.6,811.6,0.0,0.0,1.0,persistence_full,6,0.67,0.15,beta,full
City-A,T5,5x,800.0,S1_CapRR,routine,M_routine,800,True,2,1138.1,766.4,33.6,0.3266,0.0,persistence_full,6,0.67,0.15,beta,full
City-A,T5,5x,800.0,S1_CapRR,cross_regime,M_stress,800,True,2,1138.1,456.1,343.9,0.5992,0.0,persistence_full,6,0.67,0.15,beta,full
City-A,T5,5x,800.0,S2_Platform,routine,M_routine,800,True,2,897.6,683.8,116.2,0.2382,0.0,persistence_full,6,0.67,0.15,beta,full
City-A,T5,5x,800.0,S2_Platform,cross_regime,M_stress,800,True,2,897.6,484.5,315.5,0.4602,0.0,persistence_full,6,0.67,0.15,beta,full
City-A,T5,5x,800.0,S3_Lin4,routine,M_routine,800,True,2,865.3,674.1,125.9,0.221,0.0,persistence_full,6,0.67,0.15,beta,full
City-A,T5,5x,800.0,S3_Lin4,cross_regime,M_stress,800,True,2,865.3,551.4,248.6,0.3628,0.0,persistence_full,6,0.67,0.15,beta,full
City-A,T5,5x,800.0,S4_GlobalCalib,routine,M_routine,800,True,3,1118.6,1150.7,0.0,0.0,1.0,persistence_full,6,0.67,0.15,beta,full
City-A,T5,5x,800.0,S4_GlobalCalib,cross_regime,M_stress,800,True,3,1118.6,771.0,29.0,0.3107,0.0,persistence_full,6,0.67,0.15,beta,full
City-A,T5,5x,800.0,S5_CityCalib,routine,M_routine,800,True,3,1143.6,1150.7,0.0,0.0,1.0,persistence_full,6,0.67,0.15,beta,full
City-A,T5,5x,800.0,S5_CityCalib,cross_regime,M_stress,800,True,3,1143.6,771.0,29.0,0.3258,0.0,persistence_full,6,0.67,0.15,beta,full
City-A,T5,5x,800.0,S6_Q10,routine,M_routine,800,True,4,1037.4,1537.9,0.0,0.0,1.0,persistence_full,6,0.67,0.15,beta,full
City-A,T5,5x,800.0,S6_Q10,cross_regime,M_stress,800,True,4,1037.4,974.9,0.0,0.0603,1.0,persistence_full,6,0.67,0.15,beta,full
City-A,T5,10x,1600.0,S0a_RoutineOracle,routine,M_routine,800,True,4,1669.4,1669.4,0.0,0.0,1.0,persistence_full,6,0.67,0.15,beta,full
City-A,T5,10x,1600.0,S0a_RoutineOracle,cross_regime,M_stress,800,True,4,1669.4,888.2,711.8,0.4679,0.0,persistence_full,6,0.67,0.15,beta,full
City-A,T5,10x,1600.0,S0b_StressOracle,routine,M_routine,800,True,7,1741.4,2342.9,0.0,0.0,1.0,persistence_full,6,0.67,0.15,beta,full
City-A,T5,10x,1600.0,S0b_StressOracle,cross_regime,M_stress,800,True,7,1741.4,1741.4,0.0,0.0,1.0,persistence_full,6,0.67,0.15,beta,full
City-A,T5,10x,1600.0,S1_CapRR,routine,M_routine,800,True,3,1662.9,1150.7,449.3,0.308,0.0,persistence_full,6,0.67,0.15,beta,full
City-A,T5,10x,1600.0,S1_CapRR,cross_regime,M_stress,800,True,3,1662.9,771.0,829.0,0.5363,0.0,persistence_full,6,0.67,0.15,beta,full
City-A,T5,10x,1600.0,S2_Platform,routine,M_routine,800,True,4,1696.8,1455.4,144.6,0.1423,0.0,persistence_full,6,0.67,0.15,beta,full
City-A,T5,10x,1600.0,S2_Platform,cross_regime,M_stress,800,True,4,1696.8,1003.3,596.7,0.4087,0.0,persistence_full,6,0.67,0.15,beta,full
City-A,T5,10x,1600.0,S3_Lin4,routine,M_routine,800,True,5,1937.4,1801.8,0.0,0.07,1.0,persistence_full,6,0.67,0.15,beta,full
City-A,T5,10x,1600.0,S3_Lin4,cross_regime,M_stress,800,True,5,1937.4,1164.8,435.2,0.3988,0.0,persistence_full,6,0.67,0.15,beta,full
City-A,T5,10x,1600.0,S4_GlobalCalib,routine,M_routine,800,True,5,1798.1,1932.0,0.0,0.0,1.0,persistence_full,6,0.67,0.15,beta,full
City-A,T5,10x,1600.0,S4_GlobalCalib,cross_regime,M_stress,800,True,5,1798.1,1222.9,377.1,0.3199,0.0,persistence_full,6,0.67,0.15,beta,full
City-A,T5,10x,1600.0,S5_CityCalib,routine,M_routine,800,True,5,1837.6,1932.0,0.0,0.0,1.0,persistence_full,6,0.67,0.15,beta,full
City-A,T5,10x,1600.0,S5_CityCalib,cross_regime,M_stress,800,True,5,1837.6,1222.9,377.1,0.3345,0.0,persistence_full,6,0.67,0.15,beta,full
City-A,T5,10x,1600.0,S6_Q10,routine,M_routine,800,True,7,1715.5,2520.1,0.0,0.0,1.0,persistence_full,6,0.67,0.15,beta,full
City-A,T5,10x,1600.0,S6_Q10,cross_regime,M_stress,800,True,7,1715.5,1612.6,0.0,0.06,1.0,persistence_full,6,0.67,0.15,beta,full
City-B,T1,1x,180.0,S0a_RoutineOracle,routine,M_routine,500,True,1,714.4,714.4,0.0,0.0,1.0,persistence_full,6,0.67,0.15,beta,full
City-B,T1,1x,180.0,S0a_RoutineOracle,cross_regime,M_stress,500,True,1,714.4,339.5,0.0,0.5247,1.0,persistence_full,6,0.67,0.15,beta,full
City-B,T1,1x,180.0,S0b_StressOracle,routine,M_routine,500,True,1,474.4,565.9,0.0,0.0,1.0,persistence_full,6,0.67,0.15,beta,full
City-B,T1,1x,180.0,S0b_StressOracle,cross_regime,M_stress,500,True,1,474.4,474.4,0.0,0.0,1.0,persistence_full,6,0.67,0.15,beta,full
City-B,T1,1x,180.0,S1_CapRR,routine,M_routine,500,True,1,846.0,600.3,0.0,0.2905,1.0,persistence_full,6,0.67,0.15,beta,full
City-B,T1,1x,180.0,S1_CapRR,cross_regime,M_stress,500,True,1,846.0,338.2,0.0,0.6002,1.0,persistence_full,6,0.67,0.15,beta,full
City-B,T1,1x,180.0,S2_Platform,routine,M_routine,500,True,1,561.1,269.2,0.0,0.5202,1.0,persistence_full,6,0.67,0.15,beta,full
City-B,T1,1x,180.0,S2_Platform,cross_regime,M_stress,500,True,1,561.1,257.6,0.0,0.5409,1.0,persistence_full,6,0.67,0.15,beta,full
City-B,T1,1x,180.0,S3_Lin4,routine,M_routine,500,True,1,471.6,714.4,0.0,0.0,1.0,persistence_full,6,0.67,0.15,beta,full
City-B,T1,1x,180.0,S3_Lin4,cross_regime,M_stress,500,True,1,471.6,339.5,0.0,0.28,1.0,persistence_full,6,0.67,0.15,beta,full
City-B,T1,1x,180.0,S4_GlobalCalib,routine,M_routine,500,True,1,571.1,600.3,0.0,0.0,1.0,persistence_full,6,0.67,0.15,beta,full
City-B,T1,1x,180.0,S4_GlobalCalib,cross_regime,M_stress,500,True,1,571.1,338.2,0.0,0.4078,1.0,persistence_full,6,0.67,0.15,beta,full
City-B,T1,1x,180.0,S5_CityCalib,routine,M_routine,500,True,1,548.8,600.3,0.0,0.0,1.0,persistence_full,6,0.67,0.15,beta,full
City-B,T1,1x,180.0,S5_CityCalib,cross_regime,M_stress,500,True,1,548.8,338.2,0.0,0.3838,1.0,persistence_full,6,0.67,0.15,beta,full
City-B,T1,1x,180.0,S6_Q10,routine,M_routine,500,True,1,404.5,600.3,0.0,0.0,1.0,persistence_full,6,0.67,0.15,beta,full
City-B,T1,1x,180.0,S6_Q10,cross_regime,M_stress,500,True,1,404.5,338.2,0.0,0.1638,1.0,persistence_full,6,0.67,0.15,beta,full
City-B,T1,2x,360.0,S0a_RoutineOracle,routine,M_routine,500,True,1,714.4,714.4,0.0,0.0,1.0,persistence_full,6,0.67,0.15,beta,full
City-B,T1,2x,360.0,S0a_RoutineOracle,cross_regime,M_stress,500,True,1,714.4,339.5,20.5,0.5247,0.0,persistence_full,6,0.67,0.15,beta,full
City-B,T1,2x,360.0,S0b_StressOracle,routine,M_routine,500,True,1,474.4,565.9,0.0,0.0,1.0,persistence_full,6,0.67,0.15,beta,full
City-B,T1,2x,360.0,S0b_StressOracle,cross_regime,M_stress,500,True,1,474.4,474.4,0.0,0.0,1.0,persistence_full,6,0.67,0.15,beta,full
City-B,T1,2x,360.0,S1_CapRR,routine,M_routine,500,True,1,846.0,600.3,0.0,0.2905,1.0,persistence_full,6,0.67,0.15,beta,full
City-B,T1,2x,360.0,S1_CapRR,cross_regime,M_stress,500,True,1,846.0,338.2,21.8,0.6002,0.0,persistence_full,6,0.67,0.15,beta,full
City-B,T1,2x,360.0,S2_Platform,routine,M_routine,500,True,1,561.1,269.2,90.8,0.5202,0.0,persistence_full,6,0.67,0.15,beta,full
City-B,T1,2x,360.0,S2_Platform,cross_regime,M_stress,500,True,1,561.1,257.6,102.4,0.5409,0.0,persistence_full,6,0.67,0.15,beta,full
City-B,T1,2x,360.0,S3_Lin4,routine,M_routine,500,True,1,471.6,714.4,0.0,0.0,1.0,persistence_full,6,0.67,0.15,beta,full
City-B,T1,2x,360.0,S3_Lin4,cross_regime,M_stress,500,True,1,471.6,339.5,20.5,0.28,0.0,persistence_full,6,0.67,0.15,beta,full
City-B,T1,2x,360.0,S4_GlobalCalib,routine,M_routine,500,True,1,571.1,600.3,0.0,0.0,1.0,persistence_full,6,0.67,0.15,beta,full
City-B,T1,2x,360.0,S4_GlobalCalib,cross_regime,M_stress,500,True,1,571.1,338.2,21.8,0.4078,0.0,persistence_full,6,0.67,0.15,beta,full
City-B,T1,2x,360.0,S5_CityCalib,routine,M_routine,500,True,1,548.8,600.3,0.0,0.0,1.0,persistence_full,6,0.67,0.15,beta,full
City-B,T1,2x,360.0,S5_CityCalib,cross_regime,M_stress,500,True,1,548.8,338.2,21.8,0.3838,0.0,persistence_full,6,0.67,0.15,beta,full
City-B,T1,2x,360.0,S6_Q10,routine,M_routine,500,True,1,404.5,600.3,0.0,0.0,1.0,persistence_full,6,0.67,0.15,beta,full
City-B,T1,2x,360.0,S6_Q10,cross_regime,M_stress,500,True,1,404.5,338.2,21.8,0.1638,0.0,persistence_full,6,0.67,0.15,beta,full
City-B,T1,5x,900.0,S0a_RoutineOracle,routine,M_routine,500,True,2,1314.6,1314.6,0.0,0.0,1.0,persistence_full,6,0.67,0.15,beta,full
City-B,T1,5x,900.0,S0a_RoutineOracle,cross_regime,M_stress,500,True,2,1314.6,677.7,222.3,0.4845,0.0,persistence_full,6,0.67,0.15,beta,full
City-B,T1,5x,900.0,S0b_StressOracle,routine,M_routine,500,True,3,1152.2,1880.5,0.0,0.0,1.0,persistence_full,6,0.67,0.15,beta,full
City-B,T1,5x,900.0,S0b_StressOracle,cross_regime,M_stress,500,True,3,1152.2,1152.2,0.0,0.0,1.0,persistence_full,6,0.67,0.15,beta,full
City-B,T1,5x,900.0,S1_CapRR,routine,M_routine,500,True,2,1688.0,1166.2,0.0,0.3091,1.0,persistence_full,6,0.67,0.15,beta,full
City-B,T1,5x,900.0,S1_CapRR,cross_regime,M_stress,500,True,2,1688.0,812.6,87.4,0.5186,0.0,persistence_full,6,0.67,0.15,beta,full
City-B,T1,5x,900.0,S2_Platform,routine,M_routine,500,True,2,1112.3,983.6,0.0,0.1158,1.0,persistence_full,6,0.67,0.15,beta,full
City-B,T1,5x,900.0,S2_Platform,cross_regime,M_stress,500,True,2,1112.3,597.2,302.8,0.4631,0.0,persistence_full,6,0.67,0.15,beta,full
City-B,T1,5x,900.0,S3_Lin4,routine,M_routine,500,True,2,936.6,983.6,0.0,0.0,1.0,persistence_full,6,0.67,0.15,beta,full
City-B,T1,5x,900.0,S3_Lin4,cross_regime,M_stress,500,True,2,936.6,597.2,302.8,0.3624,0.0,persistence_full,6,0.67,0.15,beta,full
City-B,T1,5x,900.0,S4_GlobalCalib,routine,M_routine,500,True,2,1139.4,1166.2,0.0,0.0,1.0,persistence_full,6,0.67,0.15,beta,full
City-B,T1,5x,900.0,S4_GlobalCalib,cross_regime,M_stress,500,True,2,1139.4,812.6,87.4,0.2868,0.0,persistence_full,6,0.67,0.15,beta,full
City-B,T1,5x,900.0,S5_CityCalib,routine,M_routine,500,True,2,1095.1,1166.2,0.0,0.0,1.0,persistence_full,6,0.67,0.15,beta,full
City-B,T1,5x,900.0,S5_CityCalib,cross_regime,M_stress,500,True,2,1095.1,812.6,87.4,0.2579,0.0,persistence_full,6,0.67,0.15,beta,full
City-B,T1,5x,900.0,S6_Q10,routine,M_routine,500,True,3,1197.3,1880.5,0.0,0.0,1.0,persistence_full,6,0.67,0.15,beta,full
City-B,T1,5x,900.0,S6_Q10,cross_regime,M_stress,500,True,3,1197.3,1152.2,0.0,0.0377,1.0,persistence_full,6,0.67,0.15,beta,full
City-B,T1,10x,1800.0,S0a_RoutineOracle,routine,M_routine,500,True,3,1880.5,1880.5,0.0,0.0,1.0,persistence_full,6,0.67,0.15,beta,full
City-B,T1,10x,1800.0,S0a_RoutineOracle,cross_regime,M_stress,500,True,3,1880.5,1152.2,647.8,0.3873,0.0,persistence_full,6,0.67,0.15,beta,full
City-B,T1,10x,1800.0,S0b_StressOracle,routine,M_routine,500,True,6,2055.1,3137.1,0.0,0.0,1.0,persistence_full,6,0.67,0.15,beta,full
City-B,T1,10x,1800.0,S0b_StressOracle,cross_regime,M_stress,500,True,6,2055.1,2055.1,0.0,0.0,1.0,persistence_full,6,0.67,0.15,beta,full
City-B,T1,10x,1800.0,S1_CapRR,routine,M_routine,500,True,3,2504.5,1880.5,0.0,0.2491,1.0,persistence_full,6,0.67,0.15,beta,full
City-B,T1,10x,1800.0,S1_CapRR,cross_regime,M_stress,500,True,3,2504.5,1152.2,647.8,0.54,0.0,persistence_full,6,0.67,0.15,beta,full
City-B,T1,10x,1800.0,S2_Platform,routine,M_routine,500,True,4,2163.2,2149.7,0.0,0.0062,1.0,persistence_full,6,0.67,0.15,beta,full
City-B,T1,10x,1800.0,S2_Platform,cross_regime,M_stress,500,True,4,2163.2,1409.8,390.2,0.3483,0.0,persistence_full,6,0.67,0.15,beta,full
City-B,T1,10x,1800.0,S3_Lin4,routine,M_routine,500,True,4,1858.9,2149.7,0.0,0.0,1.0,persistence_full,6,0.67,0.15,beta,full
City-B,T1,10x,1800.0,S3_Lin4,cross_regime,M_stress,500,True,4,1858.9,1409.8,390.2,0.2416,0.0,persistence_full,6,0.67,0.15,beta,full
City-B,T1,10x,1800.0,S4_GlobalCalib,routine,M_routine,500,True,4,2229.7,2149.7,0.0,0.0359,1.0,persistence_full,6,0.67,0.15,beta,full
City-B,T1,10x,1800.0,S4_GlobalCalib,cross_regime,M_stress,500,True,4,2229.7,1409.8,390.2,0.3677,0.0,persistence_full,6,0.67,0.15,beta,full
City-B,T1,10x,1800.0,S5_CityCalib,routine,M_routine,500,True,4,2143.6,2149.7,0.0,0.0,1.0,persistence_full,6,0.67,0.15,beta,full
City-B,T1,10x,1800.0,S5_CityCalib,cross_regime,M_stress,500,True,4,2143.6,1409.8,390.2,0.3423,0.0,persistence_full,6,0.67,0.15,beta,full
City-B,T1,10x,1800.0,S6_Q10,routine,M_routine,500,True,5,1913.3,2625.8,0.0,0.0,1.0,persistence_full,6,0.67,0.15,beta,full
City-B,T1,10x,1800.0,S6_Q10,cross_regime,M_stress,500,True,5,1913.3,1745.2,54.8,0.0879,0.0,persistence_full,6,0.67,0.15,beta,full
City-B,T2,1x,260.0,S0a_RoutineOracle,routine,M_routine,501,True,1,704.0,704.0,0.0,0.0,1.0,persistence_full,6,0.67,0.15,beta,full
City-B,T2,1x,260.0,S0a_RoutineOracle,cross_regime,M_stress,501,True,1,704.0,338.2,0.0,0.5195,1.0,persistence_full,6,0.67,0.15,beta,full
City-B,T2,1x,260.0,S0b_StressOracle,routine,M_routine,501,True,1,473.2,561.3,0.0,0.0,1.0,persistence_full,6,0.67,0.15,beta,full
City-B,T2,1x,260.0,S0b_StressOracle,cross_regime,M_stress,501,True,1,473.2,473.2,0.0,0.0,1.0,persistence_full,6,0.67,0.15,beta,full
City-B,T2,1x,260.0,S1_CapRR,routine,M_routine,501,True,1,846.0,599.6,0.0,0.2913,1.0,persistence_full,6,0.67,0.15,beta,full
City-B,T2,1x,260.0,S1_CapRR,cross_regime,M_stress,501,True,1,846.0,339.3,0.0,0.599,1.0,persistence_full,6,0.67,0.15,beta,full
City-B,T2,1x,260.0,S2_Platform,routine,M_routine,501,True,1,557.0,269.9,0.0,0.5154,1.0,persistence_full,6,0.67,0.15,beta,full
City-B,T2,1x,260.0,S2_Platform,cross_regime,M_stress,501,True,1,557.0,256.7,3.3,0.5392,0.0,persistence_full,6,0.67,0.15,beta,full
City-B,T2,1x,260.0,S3_Lin4,routine,M_routine,501,True,1,471.4,704.0,0.0,0.0,1.0,persistence_full,6,0.67,0.15,beta,full
City-B,T2,1x,260.0,S3_Lin4,cross_regime,M_stress,501,True,1,471.4,338.2,0.0,0.2825,1.0,persistence_full,6,0.67,0.15,beta,full
City-B,T2,1x,260.0,S4_GlobalCalib,routine,M_routine,501,True,1,570.9,599.6,0.0,0.0,1.0,persistence_full,6,0.67,0.15,beta,full
City-B,T2,1x,260.0,S4_GlobalCalib,cross_regime,M_stress,501,True,1,570.9,339.3,0.0,0.4057,1.0,persistence_full,6,0.67,0.15,beta,full
City-B,T2,1x,260.0,S5_CityCalib,routine,M_routine,501,True,1,548.7,599.6,0.0,0.0,1.0,persistence_full,6,0.67,0.15,beta,full
City-B,T2,1x,260.0,S5_CityCalib,cross_regime,M_stress,501,True,1,548.7,339.3,0.0,0.3817,1.0,persistence_full,6,0.67,0.15,beta,full
City-B,T2,1x,260.0,S6_Q10,routine,M_routine,501,True,1,404.5,599.6,0.0,0.0,1.0,persistence_full,6,0.67,0.15,beta,full
City-B,T2,1x,260.0,S6_Q10,cross_regime,M_stress,501,True,1,404.5,339.3,0.0,0.1611,1.0,persistence_full,6,0.67,0.15,beta,full
City-B,T2,2x,520.0,S0a_RoutineOracle,routine,M_routine,501,True,1,704.0,704.0,0.0,0.0,1.0,persistence_full,6,0.67,0.15,beta,full
City-B,T2,2x,520.0,S0a_RoutineOracle,cross_regime,M_stress,501,True,1,704.0,338.2,181.8,0.5195,0.0,persistence_full,6,0.67,0.15,beta,full
City-B,T2,2x,520.0,S0b_StressOracle,routine,M_routine,501,True,2,812.5,1160.9,0.0,0.0,1.0,persistence_full,6,0.67,0.15,beta,full
City-B,T2,2x,520.0,S0b_StressOracle,cross_regime,M_stress,501,True,2,812.5,812.5,0.0,0.0,1.0,persistence_full,6,0.67,0.15,beta,full
City-B,T2,2x,520.0,S1_CapRR,routine,M_routine,501,True,1,846.0,599.6,0.0,0.2913,1.0,persistence_full,6,0.67,0.15,beta,full
City-B,T2,2x,520.0,S1_CapRR,cross_regime,M_stress,501,True,1,846.0,339.3,180.7,0.599,0.0,persistence_full,6,0.67,0.15,beta,full
City-B,T2,2x,520.0,S2_Platform,routine,M_routine,501,True,1,557.0,269.9,250.1,0.5154,0.0,persistence_full,6,0.67,0.15,beta,full
City-B,T2,2x,520.0,S2_Platform,cross_regime,M_stress,501,True,1,557.0,256.7,263.3,0.5392,0.0,persistence_full,6,0.67,0.15,beta,full
City-B,T2,2x,520.0,S3_Lin4,routine,M_routine,501,True,2,936.3,973.9,0.0,0.0,1.0,persistence_full,6,0.67,0.15,beta,full
City-B,T2,2x,520.0,S3_Lin4,cross_regime,M_stress,501,True,2,936.3,594.9,0.0,0.3646,1.0,persistence_full,6,0.67,0.15,beta,full
City-B,T2,2x,520.0,S4_GlobalCalib,routine,M_routine,501,True,1,570.9,599.6,0.0,0.0,1.0,persistence_full,6,0.67,0.15,beta,full
City-B,T2,2x,520.0,S4_GlobalCalib,cross_regime,M_stress,501,True,1,570.9,339.3,180.7,0.4057,0.0,persistence_full,6,0.67,0.15,beta,full
City-B,T2,2x,520.0,S5_CityCalib,routine,M_routine,501,True,1,548.7,599.6,0.0,0.0,1.0,persistence_full,6,0.67,0.15,beta,full
City-B,T2,2x,520.0,S5_CityCalib,cross_regime,M_stress,501,True,1,548.7,339.3,180.7,0.3817,0.0,persistence_full,6,0.67,0.15,beta,full
City-B,T2,2x,520.0,S6_Q10,routine,M_routine,501,True,2,807.0,1160.9,0.0,0.0,1.0,persistence_full,6,0.67,0.15,beta,full
City-B,T2,2x,520.0,S6_Q10,cross_regime,M_stress,501,True,2,807.0,812.5,0.0,0.0,1.0,persistence_full,6,0.67,0.15,beta,full
City-B,T2,5x,1300.0,S0a_RoutineOracle,routine,M_routine,501,True,2,1303.6,1303.6,0.0,0.0,1.0,persistence_full,6,0.67,0.15,beta,full
City-B,T2,5x,1300.0,S0a_RoutineOracle,cross_regime,M_stress,501,True,2,1303.6,677.5,622.5,0.4802,0.0,persistence_full,6,0.67,0.15,beta,full
City-B,T2,5x,1300.0,S0b_StressOracle,routine,M_routine,501,True,4,1486.1,2340.0,0.0,0.0,1.0,persistence_full,6,0.67,0.15,beta,full
City-B,T2,5x,1300.0,S0b_StressOracle,cross_regime,M_stress,501,True,4,1486.1,1486.1,0.0,0.0,1.0,persistence_full,6,0.67,0.15,beta,full
City-B,T2,5x,1300.0,S1_CapRR,routine,M_routine,501,True,2,1688.0,1160.9,139.1,0.3122,0.0,persistence_full,6,0.67,0.15,beta,full
City-B,T2,5x,1300.0,S1_CapRR,cross_regime,M_stress,501,True,2,1688.0,812.5,487.5,0.5187,0.0,persistence_full,6,0.67,0.15,beta,full
City-B,T2,5x,1300.0,S2_Platform,routine,M_routine,501,True,3,1630.3,1535.2,0.0,0.0583,1.0,persistence_full,6,0.67,0.15,beta,full
City-B,T2,5x,1300.0,S2_Platform,cross_regime,M_stress,501,True,3,1630.3,1068.1,231.9,0.3448,0.0,persistence_full,6,0.67,0.15,beta,full
City-B,T2,5x,1300.0,S3_Lin4,routine,M_routine,501,True,3,1398.3,1573.5,0.0,0.0,1.0,persistence_full,6,0.67,0.15,beta,full
City-B,T2,5x,1300.0,S3_Lin4,cross_regime,M_stress,501,True,3,1398.3,934.2,365.8,0.3319,0.0,persistence_full,6,0.67,0.15,beta,full
City-B,T2,5x,1300.0,S4_GlobalCalib,routine,M_routine,501,True,3,1690.1,1864.9,0.0,0.0,1.0,persistence_full,6,0.67,0.15,beta,full
City-B,T2,5x,1300.0,S4_GlobalCalib,cross_regime,M_stress,501,True,3,1690.1,1150.7,149.3,0.3191,0.0,persistence_full,6,0.67,0.15,beta,full
City-B,T2,5x,1300.0,S5_CityCalib,routine,M_routine,501,True,3,1624.6,1864.9,0.0,0.0,1.0,persistence_full,6,0.67,0.15,beta,full
City-B,T2,5x,1300.0,S5_CityCalib,cross_regime,M_stress,501,True,3,1624.6,1150.7,149.3,0.2917,0.0,persistence_full,6,0.67,0.15,beta,full
City-B,T2,5x,1300.0,S6_Q10,routine,M_routine,501,True,4,1579.2,2134.8,0.0,0.0,1.0,persistence_full,6,0.67,0.15,beta,full
City-B,T2,5x,1300.0,S6_Q10,cross_regime,M_stress,501,True,4,1579.2,1407.4,0.0,0.1088,1.0,persistence_full,6,0.67,0.15,beta,full
City-B,T2,10x,2600.0,S0a_RoutineOracle,routine,M_routine,501,True,5,2784.7,2784.7,0.0,0.0,1.0,persistence_full,6,0.67,0.15,beta,full
City-B,T2,10x,2600.0,S0a_RoutineOracle,cross_regime,M_stress,501,True,5,2784.7,1710.8,889.2,0.3856,0.0,persistence_full,6,0.67,0.15,beta,full
City-B,T2,10x,2600.0,S0b_StressOracle,routine,M_routine,501,True,8,2606.7,3790.5,0.0,0.0,1.0,persistence_full,6,0.67,0.15,beta,full
City-B,T2,10x,2600.0,S0b_StressOracle,cross_regime,M_stress,501,True,8,2606.7,2606.7,0.0,0.0,1.0,persistence_full,6,0.67,0.15,beta,full
City-B,T2,10x,2600.0,S1_CapRR,routine,M_routine,501,True,4,3303.2,2134.8,465.2,0.3537,0.0,persistence_full,6,0.67,0.15,beta,full
City-B,T2,10x,2600.0,S1_CapRR,cross_regime,M_stress,501,True,4,3303.2,1407.4,1192.6,0.5739,0.0,persistence_full,6,0.67,0.15,beta,full
City-B,T2,10x,2600.0,S2_Platform,routine,M_routine,501,True,6,2974.4,2998.7,0.0,0.0,1.0,persistence_full,6,0.67,0.15,beta,full
City-B,T2,10x,2600.0,S2_Platform,cross_regime,M_stress,501,True,6,2974.4,2024.7,575.3,0.3193,0.0,persistence_full,6,0.67,0.15,beta,full
City-B,T2,10x,2600.0,S3_Lin4,routine,M_routine,501,True,6,2638.2,2998.7,0.0,0.0,1.0,persistence_full,6,0.67,0.15,beta,full
City-B,T2,10x,2600.0,S3_Lin4,cross_regime,M_stress,501,True,6,2638.2,2024.7,575.3,0.2325,0.0,persistence_full,6,0.67,0.15,beta,full
City-B,T2,10x,2600.0,S4_GlobalCalib,routine,M_routine,501,True,5,2700.8,2609.9,0.0,0.0336,1.0,persistence_full,6,0.67,0.15,beta,full
City-B,T2,10x,2600.0,S4_GlobalCalib,cross_regime,M_stress,501,True,5,2700.8,1742.8,857.2,0.3547,0.0,persistence_full,6,0.67,0.15,beta,full
City-B,T2,10x,2600.0,S5_CityCalib,routine,M_routine,501,True,6,3016.5,2994.5,0.0,0.0073,1.0,persistence_full,6,0.67,0.15,beta,full
City-B,T2,10x,2600.0,S5_CityCalib,cross_regime,M_stress,501,True,6,3016.5,1950.2,649.8,0.3535,0.0,persistence_full,6,0.67,0.15,beta,full
City-B,T2,10x,2600.0,S6_Q10,routine,M_routine,501,True,8,2795.0,3828.1,0.0,0.0,1.0,persistence_full,6,0.67,0.15,beta,full
City-B,T2,10x,2600.0,S6_Q10,cross_regime,M_stress,501,True,8,2795.0,2456.9,143.1,0.121,0.0,persistence_full,6,0.67,0.15,beta,full
City-B,T3,1x,200.0,S0a_RoutineOracle,routine,M_routine,500,True,1,639.7,639.7,0.0,0.0,1.0,persistence_full,6,0.67,0.15,beta,full
City-B,T3,1x,200.0,S0a_RoutineOracle,cross_regime,M_stress,500,True,1,639.7,304.5,0.0,0.5239,1.0,persistence_full,6,0.67,0.15,beta,full
City-B,T3,1x,200.0,S0b_StressOracle,routine,M_routine,500,True,1,423.8,506.6,0.0,0.0,1.0,persistence_full,6,0.67,0.15,beta,full
City-B,T3,1x,200.0,S0b_StressOracle,cross_regime,M_stress,500,True,1,423.8,423.8,0.0,0.0,1.0,persistence_full,6,0.67,0.15,beta,full
City-B,T3,1x,200.0,S1_CapRR,routine,M_routine,500,True,1,744.5,537.4,0.0,0.2782,1.0,persistence_full,6,0.67,0.15,beta,full
City-B,T3,1x,200.0,S1_CapRR,cross_regime,M_stress,500,True,1,744.5,303.3,0.0,0.5925,1.0,persistence_full,6,0.67,0.15,beta,full
City-B,T3,1x,200.0,S2_Platform,routine,M_routine,500,True,1,543.2,506.6,0.0,0.0673,1.0,persistence_full,6,0.67,0.15,beta,full
City-B,T3,1x,200.0,S2_Platform,cross_regime,M_stress,500,True,1,543.2,423.8,0.0,0.2198,1.0,persistence_full,6,0.67,0.15,beta,full
City-B,T3,1x,200.0,S3_Lin4,routine,M_routine,500,True,1,462.8,639.7,0.0,0.0,1.0,persistence_full,6,0.67,0.15,beta,full
City-B,T3,1x,200.0,S3_Lin4,cross_regime,M_stress,500,True,1,462.8,304.5,0.0,0.342,1.0,persistence_full,6,0.67,0.15,beta,full
City-B,T3,1x,200.0,S4_GlobalCalib,routine,M_routine,500,True,1,501.0,537.4,0.0,0.0,1.0,persistence_full,6,0.67,0.15,beta,full
City-B,T3,1x,200.0,S4_GlobalCalib,cross_regime,M_stress,500,True,1,501.0,303.3,0.0,0.3945,1.0,persistence_full,6,0.67,0.15,beta,full
City-B,T3,1x,200.0,S5_CityCalib,routine,M_routine,500,True,1,481.6,537.4,0.0,0.0,1.0,persistence_full,6,0.67,0.15,beta,full
City-B,T3,1x,200.0,S5_CityCalib,cross_regime,M_stress,500,True,1,481.6,303.3,0.0,0.3702,1.0,persistence_full,6,0.67,0.15,beta,full
City-B,T3,1x,200.0,S6_Q10,routine,M_routine,500,True,1,355.4,537.4,0.0,0.0,1.0,persistence_full,6,0.67,0.15,beta,full
City-B,T3,1x,200.0,S6_Q10,cross_regime,M_stress,500,True,1,355.4,303.3,0.0,0.1464,1.0,persistence_full,6,0.67,0.15,beta,full
City-B,T3,2x,400.0,S0a_RoutineOracle,routine,M_routine,500,True,1,639.7,639.7,0.0,0.0,1.0,persistence_full,6,0.67,0.15,beta,full
City-B,T3,2x,400.0,S0a_RoutineOracle,cross_regime,M_stress,500,True,1,639.7,304.5,95.5,0.5239,0.0,persistence_full,6,0.67,0.15,beta,full
City-B,T3,2x,400.0,S0b_StressOracle,routine,M_routine,500,True,1,423.8,506.6,0.0,0.0,1.0,persistence_full,6,0.67,0.15,beta,full
City-B,T3,2x,400.0,S0b_StressOracle,cross_regime,M_stress,500,True,1,423.8,423.8,0.0,0.0,1.0,persistence_full,6,0.67,0.15,beta,full
City-B,T3,2x,400.0,S1_CapRR,routine,M_routine,500,True,1,744.5,537.4,0.0,0.2782,1.0,persistence_full,6,0.67,0.15,beta,full
City-B,T3,2x,400.0,S1_CapRR,cross_regime,M_stress,500,True,1,744.5,303.3,96.7,0.5925,0.0,persistence_full,6,0.67,0.15,beta,full
City-B,T3,2x,400.0,S2_Platform,routine,M_routine,500,True,1,543.2,506.6,0.0,0.0673,1.0,persistence_full,6,0.67,0.15,beta,full
City-B,T3,2x,400.0,S2_Platform,cross_regime,M_stress,500,True,1,543.2,423.8,0.0,0.2198,1.0,persistence_full,6,0.67,0.15,beta,full
City-B,T3,2x,400.0,S3_Lin4,routine,M_routine,500,True,1,462.8,639.7,0.0,0.0,1.0,persistence_full,6,0.67,0.15,beta,full
City-B,T3,2x,400.0,S3_Lin4,cross_regime,M_stress,500,True,1,462.8,304.5,95.5,0.342,0.0,persistence_full,6,0.67,0.15,beta,full
City-B,T3,2x,400.0,S4_GlobalCalib,routine,M_routine,500,True,1,501.0,537.4,0.0,0.0,1.0,persistence_full,6,0.67,0.15,beta,full
City-B,T3,2x,400.0,S4_GlobalCalib,cross_regime,M_stress,500,True,1,501.0,303.3,96.7,0.3945,0.0,persistence_full,6,0.67,0.15,beta,full
City-B,T3,2x,400.0,S5_CityCalib,routine,M_routine,500,True,1,481.6,537.4,0.0,0.0,1.0,persistence_full,6,0.67,0.15,beta,full
City-B,T3,2x,400.0,S5_CityCalib,cross_regime,M_stress,500,True,1,481.6,303.3,96.7,0.3702,0.0,persistence_full,6,0.67,0.15,beta,full
City-B,T3,2x,400.0,S6_Q10,routine,M_routine,500,True,2,709.0,1044.0,0.0,0.0,1.0,persistence_full,6,0.67,0.15,beta,full
City-B,T3,2x,400.0,S6_Q10,cross_regime,M_stress,500,True,2,709.0,727.1,0.0,0.0,1.0,persistence_full,6,0.67,0.15,beta,full
City-B,T3,5x,1000.0,S0a_RoutineOracle,routine,M_routine,500,True,2,1177.0,1177.0,0.0,0.0,1.0,persistence_full,6,0.67,0.15,beta,full
City-B,T3,5x,1000.0,S0a_RoutineOracle,cross_regime,M_stress,500,True,2,1177.0,607.9,392.1,0.4836,0.0,persistence_full,6,0.67,0.15,beta,full
City-B,T3,5x,1000.0,S0b_StressOracle,routine,M_routine,500,True,3,1031.6,1683.6,0.0,0.0,1.0,persistence_full,6,0.67,0.15,beta,full
City-B,T3,5x,1000.0,S0b_StressOracle,cross_regime,M_stress,500,True,3,1031.6,1031.6,0.0,0.0,1.0,persistence_full,6,0.67,0.15,beta,full
City-B,T3,5x,1000.0,S1_CapRR,routine,M_routine,500,True,2,1485.4,1044.0,0.0,0.2972,1.0,persistence_full,6,0.67,0.15,beta,full
City-B,T3,5x,1000.0,S1_CapRR,cross_regime,M_stress,500,True,2,1485.4,727.1,272.9,0.5105,0.0,persistence_full,6,0.67,0.15,beta,full
City-B,T3,5x,1000.0,S2_Platform,routine,M_routine,500,True,2,1048.0,1146.2,0.0,0.0,1.0,persistence_full,6,0.67,0.15,beta,full
City-B,T3,5x,1000.0,S2_Platform,cross_regime,M_stress,500,True,2,1048.0,728.3,271.7,0.3051,0.0,persistence_full,6,0.67,0.15,beta,full
City-B,T3,5x,1000.0,S3_Lin4,routine,M_routine,500,True,3,1369.3,1418.5,0.0,0.0,1.0,persistence_full,6,0.67,0.15,beta,full
City-B,T3,5x,1000.0,S3_Lin4,cross_regime,M_stress,500,True,3,1369.3,838.1,161.9,0.3879,0.0,persistence_full,6,0.67,0.15,beta,full
City-B,T3,5x,1000.0,S4_GlobalCalib,routine,M_routine,500,True,3,1483.1,1683.6,0.0,0.0,1.0,persistence_full,6,0.67,0.15,beta,full
City-B,T3,5x,1000.0,S4_GlobalCalib,cross_regime,M_stress,500,True,3,1483.1,1031.6,0.0,0.3044,1.0,persistence_full,6,0.67,0.15,beta,full
City-B,T3,5x,1000.0,S5_CityCalib,routine,M_routine,500,True,3,1426.0,1683.6,0.0,0.0,1.0,persistence_full,6,0.67,0.15,beta,full
City-B,T3,5x,1000.0,S5_CityCalib,cross_regime,M_stress,500,True,3,1426.0,1031.6,0.0,0.2765,1.0,persistence_full,6,0.67,0.15,beta,full
City-B,T3,5x,1000.0,S6_Q10,routine,M_routine,500,True,3,1052.0,1683.6,0.0,0.0,1.0,persistence_full,6,0.67,0.15,beta,full
City-B,T3,5x,1000.0,S6_Q10,cross_regime,M_stress,500,True,3,1052.0,1031.6,0.0,0.0193,1.0,persistence_full,6,0.67,0.15,beta,full
City-B,T3,10x,2000.0,S0a_RoutineOracle,routine,M_routine,500,True,4,2109.9,2109.9,0.0,0.0,1.0,persistence_full,6,0.67,0.15,beta,full
City-B,T3,10x,2000.0,S0a_RoutineOracle,cross_regime,M_stress,500,True,4,2109.9,1330.8,669.2,0.3693,0.0,persistence_full,6,0.67,0.15,beta,full
City-B,T3,10x,2000.0,S0b_StressOracle,routine,M_routine,500,True,7,2088.6,3134.1,0.0,0.0,1.0,persistence_full,6,0.67,0.15,beta,full
City-B,T3,10x,2000.0,S0b_StressOracle,cross_regime,M_stress,500,True,7,2088.6,2088.6,0.0,0.0,1.0,persistence_full,6,0.67,0.15,beta,full
City-B,T3,10x,2000.0,S1_CapRR,routine,M_routine,500,True,3,2203.9,1683.6,316.4,0.2361,0.0,persistence_full,6,0.67,0.15,beta,full
City-B,T3,10x,2000.0,S1_CapRR,cross_regime,M_stress,500,True,3,2203.9,1031.6,968.4,0.5319,0.0,persistence_full,6,0.67,0.15,beta,full
City-B,T3,10x,2000.0,S2_Platform,routine,M_routine,500,True,5,2307.7,2092.9,0.0,0.0931,1.0,persistence_full,6,0.67,0.15,beta,full
City-B,T3,10x,2000.0,S2_Platform,cross_regime,M_stress,500,True,5,2307.7,1505.6,494.4,0.3476,0.0,persistence_full,6,0.67,0.15,beta,full
City-B,T3,10x,2000.0,S3_Lin4,routine,M_routine,500,True,5,2198.3,2272.5,0.0,0.0,1.0,persistence_full,6,0.67,0.15,beta,full
City-B,T3,10x,2000.0,S3_Lin4,cross_regime,M_stress,500,True,5,2198.3,1515.6,484.4,0.3106,0.0,persistence_full,6,0.67,0.15,beta,full
City-B,T3,10x,2000.0,S4_GlobalCalib,routine,M_routine,500,True,5,2370.1,2351.4,0.0,0.0079,1.0,persistence_full,6,0.67,0.15,beta,full
City-B,T3,10x,2000.0,S4_GlobalCalib,cross_regime,M_stress,500,True,5,2370.1,1561.0,439.0,0.3414,0.0,persistence_full,6,0.67,0.15,beta,full
City-B,T3,10x,2000.0,S5_CityCalib,routine,M_routine,500,True,5,2280.2,2351.4,0.0,0.0,1.0,persistence_full,6,0.67,0.15,beta,full
City-B,T3,10x,2000.0,S5_CityCalib,cross_regime,M_stress,500,True,5,2280.2,1561.0,439.0,0.3154,0.0,persistence_full,6,0.67,0.15,beta,full
City-B,T3,10x,2000.0,S6_Q10,routine,M_routine,500,True,7,2210.4,3043.5,0.0,0.0,1.0,persistence_full,6,0.67,0.15,beta,full
City-B,T3,10x,2000.0,S6_Q10,cross_regime,M_stress,500,True,7,2210.4,2000.6,0.0,0.0949,1.0,persistence_full,6,0.67,0.15,beta,full
City-B,T4,1x,140.0,S0a_RoutineOracle,routine,M_routine,500,True,1,726.3,726.3,0.0,0.0,1.0,persistence_full,6,0.67,0.15,beta,full
City-B,T4,1x,140.0,S0a_RoutineOracle,cross_regime,M_stress,500,True,1,726.3,346.3,0.0,0.5232,1.0,persistence_full,6,0.67,0.15,beta,full
City-B,T4,1x,140.0,S0b_StressOracle,routine,M_routine,500,True,1,481.3,561.7,0.0,0.0,1.0,persistence_full,6,0.67,0.15,beta,full
City-B,T4,1x,140.0,S0b_StressOracle,cross_regime,M_stress,500,True,1,481.3,481.3,0.0,0.0,1.0,persistence_full,6,0.67,0.15,beta,full
City-B,T4,1x,140.0,S1_CapRR,routine,M_routine,500,True,1,846.0,610.2,0.0,0.2788,1.0,persistence_full,6,0.67,0.15,beta,full
City-B,T4,1x,140.0,S1_CapRR,cross_regime,M_stress,500,True,1,846.0,346.2,0.0,0.5908,1.0,persistence_full,6,0.67,0.15,beta,full
City-B,T4,1x,140.0,S2_Platform,routine,M_routine,500,True,1,480.1,610.2,0.0,0.0,1.0,persistence_full,6,0.67,0.15,beta,full
City-B,T4,1x,140.0,S2_Platform,cross_regime,M_stress,500,True,1,480.1,346.2,0.0,0.2789,1.0,persistence_full,6,0.67,0.15,beta,full
City-B,T4,1x,140.0,S3_Lin4,routine,M_routine,500,True,1,473.3,726.3,0.0,0.0,1.0,persistence_full,6,0.67,0.15,beta,full
City-B,T4,1x,140.0,S3_Lin4,cross_regime,M_stress,500,True,1,473.3,346.3,0.0,0.2683,1.0,persistence_full,6,0.67,0.15,beta,full
City-B,T4,1x,140.0,S4_GlobalCalib,routine,M_routine,500,True,1,568.4,610.2,0.0,0.0,1.0,persistence_full,6,0.67,0.15,beta,full
City-B,T4,1x,140.0,S4_GlobalCalib,cross_regime,M_stress,500,True,1,568.4,346.2,0.0,0.391,1.0,persistence_full,6,0.67,0.15,beta,full
City-B,T4,1x,140.0,S5_CityCalib,routine,M_routine,500,True,1,545.4,610.2,0.0,0.0,1.0,persistence_full,6,0.67,0.15,beta,full
City-B,T4,1x,140.0,S5_CityCalib,cross_regime,M_stress,500,True,1,545.4,346.2,0.0,0.3652,1.0,persistence_full,6,0.67,0.15,beta,full
City-B,T4,1x,140.0,S6_Q10,routine,M_routine,500,True,1,403.5,610.2,0.0,0.0,1.0,persistence_full,6,0.67,0.15,beta,full
City-B,T4,1x,140.0,S6_Q10,cross_regime,M_stress,500,True,1,403.5,346.2,0.0,0.142,1.0,persistence_full,6,0.67,0.15,beta,full
City-B,T4,2x,280.0,S0a_RoutineOracle,routine,M_routine,500,True,1,726.3,726.3,0.0,0.0,1.0,persistence_full,6,0.67,0.15,beta,full
City-B,T4,2x,280.0,S0a_RoutineOracle,cross_regime,M_stress,500,True,1,726.3,346.3,0.0,0.5232,1.0,persistence_full,6,0.67,0.15,beta,full
City-B,T4,2x,280.0,S0b_StressOracle,routine,M_routine,500,True,1,481.3,561.7,0.0,0.0,1.0,persistence_full,6,0.67,0.15,beta,full
City-B,T4,2x,280.0,S0b_StressOracle,cross_regime,M_stress,500,True,1,481.3,481.3,0.0,0.0,1.0,persistence_full,6,0.67,0.15,beta,full
City-B,T4,2x,280.0,S1_CapRR,routine,M_routine,500,True,1,846.0,610.2,0.0,0.2788,1.0,persistence_full,6,0.67,0.15,beta,full
City-B,T4,2x,280.0,S1_CapRR,cross_regime,M_stress,500,True,1,846.0,346.2,0.0,0.5908,1.0,persistence_full,6,0.67,0.15,beta,full
City-B,T4,2x,280.0,S2_Platform,routine,M_routine,500,True,1,480.1,610.2,0.0,0.0,1.0,persistence_full,6,0.67,0.15,beta,full
City-B,T4,2x,280.0,S2_Platform,cross_regime,M_stress,500,True,1,480.1,346.2,0.0,0.2789,1.0,persistence_full,6,0.67,0.15,beta,full
City-B,T4,2x,280.0,S3_Lin4,routine,M_routine,500,True,1,473.3,726.3,0.0,0.0,1.0,persistence_full,6,0.67,0.15,beta,full
City-B,T4,2x,280.0,S3_Lin4,cross_regime,M_stress,500,True,1,473.3,346.3,0.0,0.2683,1.0,persistence_full,6,0.67,0.15,beta,full
City-B,T4,2x,280.0,S4_GlobalCalib,routine,M_routine,500,True,1,568.4,610.2,0.0,0.0,1.0,persistence_full,6,0.67,0.15,beta,full
City-B,T4,2x,280.0,S4_GlobalCalib,cross_regime,M_stress,500,True,1,568.4,346.2,0.0,0.391,1.0,persistence_full,6,0.67,0.15,beta,full
City-B,T4,2x,280.0,S5_CityCalib,routine,M_routine,500,True,1,545.4,610.2,0.0,0.0,1.0,persistence_full,6,0.67,0.15,beta,full
City-B,T4,2x,280.0,S5_CityCalib,cross_regime,M_stress,500,True,1,545.4,346.2,0.0,0.3652,1.0,persistence_full,6,0.67,0.15,beta,full
City-B,T4,2x,280.0,S6_Q10,routine,M_routine,500,True,1,403.5,610.2,0.0,0.0,1.0,persistence_full,6,0.67,0.15,beta,full
City-B,T4,2x,280.0,S6_Q10,cross_regime,M_stress,500,True,1,403.5,346.2,0.0,0.142,1.0,persistence_full,6,0.67,0.15,beta,full
City-B,T4,5x,700.0,S0a_RoutineOracle,routine,M_routine,500,True,1,726.3,726.3,0.0,0.0,1.0,persistence_full,6,0.67,0.15,beta,full
City-B,T4,5x,700.0,S0a_RoutineOracle,cross_regime,M_stress,500,True,1,726.3,346.3,353.7,0.5232,0.0,persistence_full,6,0.67,0.15,beta,full
City-B,T4,5x,700.0,S0b_StressOracle,routine,M_routine,500,True,2,827.6,1288.0,0.0,0.0,1.0,persistence_full,6,0.67,0.15,beta,full
City-B,T4,5x,700.0,S0b_StressOracle,cross_regime,M_stress,500,True,2,827.6,827.6,0.0,0.0,1.0,persistence_full,6,0.67,0.15,beta,full
City-B,T4,5x,700.0,S1_CapRR,routine,M_routine,500,True,1,846.0,610.2,89.8,0.2788,0.0,persistence_full,6,0.67,0.15,beta,full
City-B,T4,5x,700.0,S1_CapRR,cross_regime,M_stress,500,True,1,846.0,346.2,353.8,0.5908,0.0,persistence_full,6,0.67,0.15,beta,full
City-B,T4,5x,700.0,S2_Platform,routine,M_routine,500,True,2,912.9,884.6,0.0,0.031,1.0,persistence_full,6,0.67,0.15,beta,full
City-B,T4,5x,700.0,S2_Platform,cross_regime,M_stress,500,True,2,912.9,606.9,93.1,0.3352,0.0,persistence_full,6,0.67,0.15,beta,full
City-B,T4,5x,700.0,S3_Lin4,routine,M_routine,500,True,2,940.0,1000.8,0.0,0.0,1.0,persistence_full,6,0.67,0.15,beta,full
City-B,T4,5x,700.0,S3_Lin4,cross_regime,M_stress,500,True,2,940.0,607.1,92.9,0.3542,0.0,persistence_full,6,0.67,0.15,beta,full
City-B,T4,5x,700.0,S4_GlobalCalib,routine,M_routine,500,True,2,1134.1,1171.9,0.0,0.0,1.0,persistence_full,6,0.67,0.15,beta,full
City-B,T4,5x,700.0,S4_GlobalCalib,cross_regime,M_stress,500,True,2,1134.1,827.5,0.0,0.2703,1.0,persistence_full,6,0.67,0.15,beta,full
City-B,T4,5x,700.0,S5_CityCalib,routine,M_routine,500,True,2,1088.1,1171.9,0.0,0.0,1.0,persistence_full,6,0.67,0.15,beta,full
City-B,T4,5x,700.0,S5_CityCalib,cross_regime,M_stress,500,True,2,1088.1,827.5,0.0,0.2395,1.0,persistence_full,6,0.67,0.15,beta,full
City-B,T4,5x,700.0,S6_Q10,routine,M_routine,500,True,2,805.0,1171.9,0.0,0.0,1.0,persistence_full,6,0.67,0.15,beta,full
City-B,T4,5x,700.0,S6_Q10,cross_regime,M_stress,500,True,2,805.0,827.5,0.0,0.0,1.0,persistence_full,6,0.67,0.15,beta,full
City-B,T4,10x,1400.0,S0a_RoutineOracle,routine,M_routine,500,True,3,1898.2,1898.2,0.0,0.0,1.0,persistence_full,6,0.67,0.15,beta,full
City-B,T4,10x,1400.0,S0a_RoutineOracle,cross_regime,M_stress,500,True,3,1898.2,1173.8,226.2,0.3816,0.0,persistence_full,6,0.67,0.15,beta,full
City-B,T4,10x,1400.0,S0b_StressOracle,routine,M_routine,500,True,4,1514.7,2380.8,0.0,0.0,1.0,persistence_full,6,0.67,0.15,beta,full
City-B,T4,10x,1400.0,S0b_StressOracle,cross_regime,M_stress,500,True,4,1514.7,1514.7,0.0,0.0,1.0,persistence_full,6,0.67,0.15,beta,full
City-B,T4,10x,1400.0,S1_CapRR,routine,M_routine,500,True,2,1688.0,1171.9,228.1,0.3058,0.0,persistence_full,6,0.67,0.15,beta,full
City-B,T4,10x,1400.0,S1_CapRR,cross_regime,M_stress,500,True,2,1688.0,827.5,572.5,0.5098,0.0,persistence_full,6,0.67,0.15,beta,full
City-B,T4,10x,1400.0,S2_Platform,routine,M_routine,500,True,4,1693.5,2004.0,0.0,0.0,1.0,persistence_full,6,0.67,0.15,beta,full
City-B,T4,10x,1400.0,S2_Platform,cross_regime,M_stress,500,True,4,1693.5,1240.2,159.8,0.2676,0.0,persistence_full,6,0.67,0.15,beta,full
City-B,T4,10x,1400.0,S3_Lin4,routine,M_routine,500,True,3,1403.9,1610.9,0.0,0.0,1.0,persistence_full,6,0.67,0.15,beta,full
City-B,T4,10x,1400.0,S3_Lin4,cross_regime,M_stress,500,True,3,1403.9,953.2,446.8,0.321,0.0,persistence_full,6,0.67,0.15,beta,full
City-B,T4,10x,1400.0,S4_GlobalCalib,routine,M_routine,500,True,3,1682.7,1898.2,0.0,0.0,1.0,persistence_full,6,0.67,0.15,beta,full
City-B,T4,10x,1400.0,S4_GlobalCalib,cross_regime,M_stress,500,True,3,1682.7,1173.8,226.2,0.3024,0.0,persistence_full,6,0.67,0.15,beta,full
City-B,T4,10x,1400.0,S5_CityCalib,routine,M_routine,500,True,3,1614.7,1898.2,0.0,0.0,1.0,persistence_full,6,0.67,0.15,beta,full
City-B,T4,10x,1400.0,S5_CityCalib,cross_regime,M_stress,500,True,3,1614.7,1173.8,226.2,0.2731,0.0,persistence_full,6,0.67,0.15,beta,full
City-B,T4,10x,1400.0,S6_Q10,routine,M_routine,500,True,4,1575.3,2172.6,0.0,0.0,1.0,persistence_full,6,0.67,0.15,beta,full
City-B,T4,10x,1400.0,S6_Q10,cross_regime,M_stress,500,True,4,1575.3,1434.6,0.0,0.0894,1.0,persistence_full,6,0.67,0.15,beta,full
City-B,T5,1x,160.0,S0a_RoutineOracle,routine,M_routine,500,True,1,635.3,635.3,0.0,0.0,1.0,persistence_full,6,0.67,0.15,beta,full
City-B,T5,1x,160.0,S0a_RoutineOracle,cross_regime,M_stress,500,True,1,635.3,304.0,0.0,0.5214,1.0,persistence_full,6,0.67,0.15,beta,full
City-B,T5,1x,160.0,S0b_StressOracle,routine,M_routine,500,True,1,424.1,505.8,0.0,0.0,1.0,persistence_full,6,0.67,0.15,beta,full
City-B,T5,1x,160.0,S0b_StressOracle,cross_regime,M_stress,500,True,1,424.1,424.1,0.0,0.0,1.0,persistence_full,6,0.67,0.15,beta,full
City-B,T5,1x,160.0,S1_CapRR,routine,M_routine,500,True,1,744.5,536.9,0.0,0.2788,1.0,persistence_full,6,0.67,0.15,beta,full
City-B,T5,1x,160.0,S1_CapRR,cross_regime,M_stress,500,True,1,744.5,302.9,0.0,0.5931,1.0,persistence_full,6,0.67,0.15,beta,full
City-B,T5,1x,160.0,S2_Platform,routine,M_routine,500,True,1,553.3,505.8,0.0,0.0859,1.0,persistence_full,6,0.67,0.15,beta,full
City-B,T5,1x,160.0,S2_Platform,cross_regime,M_stress,500,True,1,553.3,424.1,0.0,0.2334,1.0,persistence_full,6,0.67,0.15,beta,full
City-B,T5,1x,160.0,S3_Lin4,routine,M_routine,500,True,1,462.4,635.3,0.0,0.0,1.0,persistence_full,6,0.67,0.15,beta,full
City-B,T5,1x,160.0,S3_Lin4,cross_regime,M_stress,500,True,1,462.4,304.0,0.0,0.3425,1.0,persistence_full,6,0.67,0.15,beta,full
City-B,T5,1x,160.0,S4_GlobalCalib,routine,M_routine,500,True,1,500.7,536.9,0.0,0.0,1.0,persistence_full,6,0.67,0.15,beta,full
City-B,T5,1x,160.0,S4_GlobalCalib,cross_regime,M_stress,500,True,1,500.7,302.9,0.0,0.3949,1.0,persistence_full,6,0.67,0.15,beta,full
City-B,T5,1x,160.0,S5_CityCalib,routine,M_routine,500,True,1,481.5,536.9,0.0,0.0,1.0,persistence_full,6,0.67,0.15,beta,full
City-B,T5,1x,160.0,S5_CityCalib,cross_regime,M_stress,500,True,1,481.5,302.9,0.0,0.3708,1.0,persistence_full,6,0.67,0.15,beta,full
City-B,T5,1x,160.0,S6_Q10,routine,M_routine,500,True,1,355.0,536.9,0.0,0.0,1.0,persistence_full,6,0.67,0.15,beta,full
City-B,T5,1x,160.0,S6_Q10,cross_regime,M_stress,500,True,1,355.0,302.9,0.0,0.1468,1.0,persistence_full,6,0.67,0.15,beta,full
City-B,T5,2x,320.0,S0a_RoutineOracle,routine,M_routine,500,True,1,635.3,635.3,0.0,0.0,1.0,persistence_full,6,0.67,0.15,beta,full
City-B,T5,2x,320.0,S0a_RoutineOracle,cross_regime,M_stress,500,True,1,635.3,304.0,16.0,0.5214,0.0,persistence_full,6,0.67,0.15,beta,full
City-B,T5,2x,320.0,S0b_StressOracle,routine,M_routine,500,True,1,424.1,505.8,0.0,0.0,1.0,persistence_full,6,0.67,0.15,beta,full
City-B,T5,2x,320.0,S0b_StressOracle,cross_regime,M_stress,500,True,1,424.1,424.1,0.0,0.0,1.0,persistence_full,6,0.67,0.15,beta,full
City-B,T5,2x,320.0,S1_CapRR,routine,M_routine,500,True,1,744.5,536.9,0.0,0.2788,1.0,persistence_full,6,0.67,0.15,beta,full
City-B,T5,2x,320.0,S1_CapRR,cross_regime,M_stress,500,True,1,744.5,302.9,17.1,0.5931,0.0,persistence_full,6,0.67,0.15,beta,full
City-B,T5,2x,320.0,S2_Platform,routine,M_routine,500,True,1,553.3,505.8,0.0,0.0859,1.0,persistence_full,6,0.67,0.15,beta,full
City-B,T5,2x,320.0,S2_Platform,cross_regime,M_stress,500,True,1,553.3,424.1,0.0,0.2334,1.0,persistence_full,6,0.67,0.15,beta,full
City-B,T5,2x,320.0,S3_Lin4,routine,M_routine,500,True,1,462.4,635.3,0.0,0.0,1.0,persistence_full,6,0.67,0.15,beta,full
City-B,T5,2x,320.0,S3_Lin4,cross_regime,M_stress,500,True,1,462.4,304.0,16.0,0.3425,0.0,persistence_full,6,0.67,0.15,beta,full
City-B,T5,2x,320.0,S4_GlobalCalib,routine,M_routine,500,True,1,500.7,536.9,0.0,0.0,1.0,persistence_full,6,0.67,0.15,beta,full
City-B,T5,2x,320.0,S4_GlobalCalib,cross_regime,M_stress,500,True,1,500.7,302.9,17.1,0.3949,0.0,persistence_full,6,0.67,0.15,beta,full
City-B,T5,2x,320.0,S5_CityCalib,routine,M_routine,500,True,1,481.5,536.9,0.0,0.0,1.0,persistence_full,6,0.67,0.15,beta,full
City-B,T5,2x,320.0,S5_CityCalib,cross_regime,M_stress,500,True,1,481.5,302.9,17.1,0.3708,0.0,persistence_full,6,0.67,0.15,beta,full
City-B,T5,2x,320.0,S6_Q10,routine,M_routine,500,True,1,355.0,536.9,0.0,0.0,1.0,persistence_full,6,0.67,0.15,beta,full
City-B,T5,2x,320.0,S6_Q10,cross_regime,M_stress,500,True,1,355.0,302.9,17.1,0.1468,0.0,persistence_full,6,0.67,0.15,beta,full
City-B,T5,5x,800.0,S0a_RoutineOracle,routine,M_routine,500,True,2,1172.2,1172.2,0.0,0.0,1.0,persistence_full,6,0.67,0.15,beta,full
City-B,T5,5x,800.0,S0a_RoutineOracle,cross_regime,M_stress,500,True,2,1172.2,607.0,193.0,0.4822,0.0,persistence_full,6,0.67,0.15,beta,full
City-B,T5,5x,800.0,S0b_StressOracle,routine,M_routine,500,True,3,1031.1,1678.0,0.0,0.0,1.0,persistence_full,6,0.67,0.15,beta,full
City-B,T5,5x,800.0,S0b_StressOracle,cross_regime,M_stress,500,True,3,1031.1,1031.1,0.0,0.0,1.0,persistence_full,6,0.67,0.15,beta,full
City-B,T5,5x,800.0,S1_CapRR,routine,M_routine,500,True,2,1485.4,1042.7,0.0,0.298,1.0,persistence_full,6,0.67,0.15,beta,full
City-B,T5,5x,800.0,S1_CapRR,cross_regime,M_stress,500,True,2,1485.4,727.1,72.9,0.5105,0.0,persistence_full,6,0.67,0.15,beta,full
City-B,T5,5x,800.0,S2_Platform,routine,M_routine,500,True,2,1093.7,1141.1,0.0,0.0,1.0,persistence_full,6,0.67,0.15,beta,full
City-B,T5,5x,800.0,S2_Platform,cross_regime,M_stress,500,True,2,1093.7,728.2,71.8,0.3342,0.0,persistence_full,6,0.67,0.15,beta,full
City-B,T5,5x,800.0,S3_Lin4,routine,M_routine,500,True,2,918.4,875.2,0.0,0.047,1.0,persistence_full,6,0.67,0.15,beta,full
City-B,T5,5x,800.0,S3_Lin4,cross_regime,M_stress,500,True,2,918.4,533.8,266.2,0.4187,0.0,persistence_full,6,0.67,0.15,beta,full
City-B,T5,5x,800.0,S4_GlobalCalib,routine,M_routine,500,True,2,998.9,1042.7,0.0,0.0,1.0,persistence_full,6,0.67,0.15,beta,full
City-B,T5,5x,800.0,S4_GlobalCalib,cross_regime,M_stress,500,True,2,998.9,727.1,72.9,0.2721,0.0,persistence_full,6,0.67,0.15,beta,full
City-B,T5,5x,800.0,S5_CityCalib,routine,M_routine,500,True,2,960.7,1042.7,0.0,0.0,1.0,persistence_full,6,0.67,0.15,beta,full
City-B,T5,5x,800.0,S5_CityCalib,cross_regime,M_stress,500,True,2,960.7,727.1,72.9,0.2431,0.0,persistence_full,6,0.67,0.15,beta,full
City-B,T5,5x,800.0,S6_Q10,routine,M_routine,500,True,3,1051.0,1678.0,0.0,0.0,1.0,persistence_full,6,0.67,0.15,beta,full
City-B,T5,5x,800.0,S6_Q10,cross_regime,M_stress,500,True,3,1051.0,1031.1,0.0,0.019,1.0,persistence_full,6,0.67,0.15,beta,full
City-B,T5,10x,1600.0,S0a_RoutineOracle,routine,M_routine,500,True,3,1678.0,1678.0,0.0,0.0,1.0,persistence_full,6,0.67,0.15,beta,full
City-B,T5,10x,1600.0,S0a_RoutineOracle,cross_regime,M_stress,500,True,3,1678.0,1031.1,568.9,0.3855,0.0,persistence_full,6,0.67,0.15,beta,full
City-B,T5,10x,1600.0,S0b_StressOracle,routine,M_routine,500,True,6,1842.6,2801.7,0.0,0.0,1.0,persistence_full,6,0.67,0.15,beta,full
City-B,T5,10x,1600.0,S0b_StressOracle,cross_regime,M_stress,500,True,6,1842.6,1842.6,0.0,0.0,1.0,persistence_full,6,0.67,0.15,beta,full
City-B,T5,10x,1600.0,S1_CapRR,routine,M_routine,500,True,3,2203.9,1678.0,0.0,0.2386,1.0,persistence_full,6,0.67,0.15,beta,full
City-B,T5,10x,1600.0,S1_CapRR,cross_regime,M_stress,500,True,3,2203.9,1031.1,568.9,0.5321,0.0,persistence_full,6,0.67,0.15,beta,full
City-B,T5,10x,1600.0,S2_Platform,routine,M_routine,500,True,4,2025.8,1807.3,0.0,0.1079,1.0,persistence_full,6,0.67,0.15,beta,full
City-B,T5,10x,1600.0,S2_Platform,cross_regime,M_stress,500,True,4,2025.8,1258.6,341.4,0.3787,0.0,persistence_full,6,0.67,0.15,beta,full
City-B,T5,10x,1600.0,S3_Lin4,routine,M_routine,500,True,4,1816.1,1918.0,0.0,0.0,1.0,persistence_full,6,0.67,0.15,beta,full
City-B,T5,10x,1600.0,S3_Lin4,cross_regime,M_stress,500,True,4,1816.1,1260.9,339.1,0.3057,0.0,persistence_full,6,0.67,0.15,beta,full
City-B,T5,10x,1600.0,S4_GlobalCalib,routine,M_routine,500,True,4,1954.8,1918.0,0.0,0.0189,1.0,persistence_full,6,0.67,0.15,beta,full
City-B,T5,10x,1600.0,S4_GlobalCalib,cross_regime,M_stress,500,True,4,1954.8,1260.9,339.1,0.355,0.0,persistence_full,6,0.67,0.15,beta,full
City-B,T5,10x,1600.0,S5_CityCalib,routine,M_routine,500,True,4,1880.5,1918.0,0.0,0.0,1.0,persistence_full,6,0.67,0.15,beta,full
City-B,T5,10x,1600.0,S5_CityCalib,cross_regime,M_stress,500,True,4,1880.5,1260.9,339.1,0.3295,0.0,persistence_full,6,0.67,0.15,beta,full
City-B,T5,10x,1600.0,S6_Q10,routine,M_routine,500,True,5,1679.5,2344.2,0.0,0.0,1.0,persistence_full,6,0.67,0.15,beta,full
City-B,T5,10x,1600.0,S6_Q10,cross_regime,M_stress,500,True,5,1679.5,1561.6,38.4,0.0702,0.0,persistence_full,6,0.67,0.15,beta,full
City-C,T1,1x,180.0,S0a_RoutineOracle,routine,M_routine,650,True,1,530.4,530.4,0.0,0.0,1.0,persistence_full,6,0.67,0.15,beta,full
City-C,T1,1x,180.0,S0a_RoutineOracle,cross_regime,M_stress,650,True,1,530.4,227.2,0.0,0.5717,1.0,persistence_full,6,0.67,0.15,beta,full
City-C,T1,1x,180.0,S0b_StressOracle,routine,M_routine,650,True,1,368.3,445.8,0.0,0.0,1.0,persistence_full,6,0.67,0.15,beta,full
City-C,T1,1x,180.0,S0b_StressOracle,cross_regime,M_stress,650,True,1,368.3,368.3,0.0,0.0,1.0,persistence_full,6,0.67,0.15,beta,full
City-C,T1,1x,180.0,S1_CapRR,routine,M_routine,650,True,1,737.0,445.8,0.0,0.3952,1.0,persistence_full,6,0.67,0.15,beta,full
City-C,T1,1x,180.0,S1_CapRR,cross_regime,M_stress,650,True,1,737.0,368.3,0.0,0.5003,1.0,persistence_full,6,0.67,0.15,beta,full
City-C,T1,1x,180.0,S2_Platform,routine,M_routine,650,True,1,460.9,445.8,0.0,0.0328,1.0,persistence_full,6,0.67,0.15,beta,full
City-C,T1,1x,180.0,S2_Platform,cross_regime,M_stress,650,True,1,460.9,368.3,0.0,0.201,1.0,persistence_full,6,0.67,0.15,beta,full
City-C,T1,1x,180.0,S3_Lin4,routine,M_routine,650,True,1,423.5,445.8,0.0,0.0,1.0,persistence_full,6,0.67,0.15,beta,full
City-C,T1,1x,180.0,S3_Lin4,cross_regime,M_stress,650,True,1,423.5,368.3,0.0,0.1303,1.0,persistence_full,6,0.67,0.15,beta,full
City-C,T1,1x,180.0,S4_GlobalCalib,routine,M_routine,650,True,1,497.5,445.8,0.0,0.104,1.0,persistence_full,6,0.67,0.15,beta,full
City-C,T1,1x,180.0,S4_GlobalCalib,cross_regime,M_stress,650,True,1,497.5,368.3,0.0,0.2598,1.0,persistence_full,6,0.67,0.15,beta,full
City-C,T1,1x,180.0,S5_CityCalib,routine,M_routine,650,True,1,511.0,445.8,0.0,0.1276,1.0,persistence_full,6,0.67,0.15,beta,full
City-C,T1,1x,180.0,S5_CityCalib,cross_regime,M_stress,650,True,1,511.0,368.3,0.0,0.2793,1.0,persistence_full,6,0.67,0.15,beta,full
City-C,T1,1x,180.0,S6_Q10,routine,M_routine,650,True,1,352.4,445.8,0.0,0.0,1.0,persistence_full,6,0.67,0.15,beta,full
City-C,T1,1x,180.0,S6_Q10,cross_regime,M_stress,650,True,1,352.4,368.3,0.0,0.0,1.0,persistence_full,6,0.67,0.15,beta,full
City-C,T1,2x,360.0,S0a_RoutineOracle,routine,M_routine,650,True,1,530.4,530.4,0.0,0.0,1.0,persistence_full,6,0.67,0.15,beta,full
City-C,T1,2x,360.0,S0a_RoutineOracle,cross_regime,M_stress,650,True,1,530.4,227.2,132.8,0.5717,0.0,persistence_full,6,0.67,0.15,beta,full
City-C,T1,2x,360.0,S0b_StressOracle,routine,M_routine,650,True,1,368.3,445.8,0.0,0.0,1.0,persistence_full,6,0.67,0.15,beta,full
City-C,T1,2x,360.0,S0b_StressOracle,cross_regime,M_stress,650,True,1,368.3,368.3,0.0,0.0,1.0,persistence_full,6,0.67,0.15,beta,full
City-C,T1,2x,360.0,S1_CapRR,routine,M_routine,650,True,1,737.0,445.8,0.0,0.3952,1.0,persistence_full,6,0.67,0.15,beta,full
City-C,T1,2x,360.0,S1_CapRR,cross_regime,M_stress,650,True,1,737.0,368.3,0.0,0.5003,1.0,persistence_full,6,0.67,0.15,beta,full
City-C,T1,2x,360.0,S2_Platform,routine,M_routine,650,True,1,460.9,445.8,0.0,0.0328,1.0,persistence_full,6,0.67,0.15,beta,full
City-C,T1,2x,360.0,S2_Platform,cross_regime,M_stress,650,True,1,460.9,368.3,0.0,0.201,1.0,persistence_full,6,0.67,0.15,beta,full
City-C,T1,2x,360.0,S3_Lin4,routine,M_routine,650,True,1,423.5,445.8,0.0,0.0,1.0,persistence_full,6,0.67,0.15,beta,full
City-C,T1,2x,360.0,S3_Lin4,cross_regime,M_stress,650,True,1,423.5,368.3,0.0,0.1303,1.0,persistence_full,6,0.67,0.15,beta,full
City-C,T1,2x,360.0,S4_GlobalCalib,routine,M_routine,650,True,1,497.5,445.8,0.0,0.104,1.0,persistence_full,6,0.67,0.15,beta,full
City-C,T1,2x,360.0,S4_GlobalCalib,cross_regime,M_stress,650,True,1,497.5,368.3,0.0,0.2598,1.0,persistence_full,6,0.67,0.15,beta,full
City-C,T1,2x,360.0,S5_CityCalib,routine,M_routine,650,True,1,511.0,445.8,0.0,0.1276,1.0,persistence_full,6,0.67,0.15,beta,full
City-C,T1,2x,360.0,S5_CityCalib,cross_regime,M_stress,650,True,1,511.0,368.3,0.0,0.2793,1.0,persistence_full,6,0.67,0.15,beta,full
City-C,T1,2x,360.0,S6_Q10,routine,M_routine,650,True,2,688.2,976.2,0.0,0.0,1.0,persistence_full,6,0.67,0.15,beta,full
City-C,T1,2x,360.0,S6_Q10,cross_regime,M_stress,650,True,2,688.2,595.5,0.0,0.1347,1.0,persistence_full,6,0.67,0.15,beta,full
City-C,T1,5x,900.0,S0a_RoutineOracle,routine,M_routine,650,True,2,1047.2,1047.2,0.0,0.0,1.0,persistence_full,6,0.67,0.15,beta,full
City-C,T1,5x,900.0,S0a_RoutineOracle,cross_regime,M_stress,650,True,2,1047.2,442.8,457.2,0.5772,0.0,persistence_full,6,0.67,0.15,beta,full
City-C,T1,5x,900.0,S0b_StressOracle,routine,M_routine,650,True,3,989.0,1072.2,0.0,0.0,1.0,persistence_full,6,0.67,0.15,beta,full
City-C,T1,5x,900.0,S0b_StressOracle,cross_regime,M_stress,650,True,3,989.0,989.0,0.0,0.0,1.0,persistence_full,6,0.67,0.15,beta,full
City-C,T1,5x,900.0,S1_CapRR,routine,M_routine,650,True,2,1439.5,976.2,0.0,0.3219,1.0,persistence_full,6,0.67,0.15,beta,full
City-C,T1,5x,900.0,S1_CapRR,cross_regime,M_stress,650,True,2,1439.5,595.5,304.5,0.5863,0.0,persistence_full,6,0.67,0.15,beta,full
City-C,T1,5x,900.0,S2_Platform,routine,M_routine,650,True,2,904.5,976.2,0.0,0.0,1.0,persistence_full,6,0.67,0.15,beta,full
City-C,T1,5x,900.0,S2_Platform,cross_regime,M_stress,650,True,2,904.5,595.5,304.5,0.3417,0.0,persistence_full,6,0.67,0.15,beta,full
City-C,T1,5x,900.0,S3_Lin4,routine,M_routine,650,True,3,1219.3,1493.0,0.0,0.0,1.0,persistence_full,6,0.67,0.15,beta,full
City-C,T1,5x,900.0,S3_Lin4,cross_regime,M_stress,650,True,3,1219.3,811.1,88.9,0.3348,0.0,persistence_full,6,0.67,0.15,beta,full
City-C,T1,5x,900.0,S4_GlobalCalib,routine,M_routine,650,True,2,971.8,976.2,0.0,0.0,1.0,persistence_full,6,0.67,0.15,beta,full
City-C,T1,5x,900.0,S4_GlobalCalib,cross_regime,M_stress,650,True,2,971.8,595.5,304.5,0.3872,0.0,persistence_full,6,0.67,0.15,beta,full
City-C,T1,5x,900.0,S5_CityCalib,routine,M_routine,650,True,2,997.9,976.2,0.0,0.0217,1.0,persistence_full,6,0.67,0.15,beta,full
City-C,T1,5x,900.0,S5_CityCalib,cross_regime,M_stress,650,True,2,997.9,595.5,304.5,0.4032,0.0,persistence_full,6,0.67,0.15,beta,full
City-C,T1,5x,900.0,S6_Q10,routine,M_routine,650,True,3,994.9,1493.0,0.0,0.0,1.0,persistence_full,6,0.67,0.15,beta,full
City-C,T1,5x,900.0,S6_Q10,cross_regime,M_stress,650,True,3,994.9,811.1,88.9,0.1848,0.0,persistence_full,6,0.67,0.15,beta,full
City-C,T1,10x,1800.0,S0a_RoutineOracle,routine,M_routine,650,True,4,2041.2,2041.2,0.0,0.0,1.0,persistence_full,6,0.67,0.15,beta,full
City-C,T1,10x,1800.0,S0a_RoutineOracle,cross_regime,M_stress,650,True,4,2041.2,894.8,905.2,0.5616,0.0,persistence_full,6,0.67,0.15,beta,full
City-C,T1,10x,1800.0,S0b_StressOracle,routine,M_routine,650,True,7,2016.8,2545.8,0.0,0.0,1.0,persistence_full,6,0.67,0.15,beta,full
City-C,T1,10x,1800.0,S0b_StressOracle,cross_regime,M_stress,650,True,7,2016.8,2016.8,0.0,0.0,1.0,persistence_full,6,0.67,0.15,beta,full
City-C,T1,10x,1800.0,S1_CapRR,routine,M_routine,650,True,3,2081.1,1493.0,307.0,0.2826,0.0,persistence_full,6,0.67,0.15,beta,full
City-C,T1,10x,1800.0,S1_CapRR,cross_regime,M_stress,650,True,3,2081.1,811.1,988.9,0.6103,0.0,persistence_full,6,0.67,0.15,beta,full
City-C,T1,10x,1800.0,S2_Platform,routine,M_routine,650,True,5,2117.9,2227.8,0.0,0.0,1.0,persistence_full,6,0.67,0.15,beta,full
City-C,T1,10x,1800.0,S2_Platform,cross_regime,M_stress,650,True,5,2117.9,1389.7,410.3,0.3438,0.0,persistence_full,6,0.67,0.15,beta,full
City-C,T1,10x,1800.0,S3_Lin4,routine,M_routine,650,True,5,1984.8,2102.8,0.0,0.0,1.0,persistence_full,6,0.67,0.15,beta,full
City-C,T1,10x,1800.0,S3_Lin4,cross_regime,M_stress,650,True,5,1984.8,1352.8,447.2,0.3185,0.0,persistence_full,6,0.67,0.15,beta,full
City-C,T1,10x,1800.0,S4_GlobalCalib,routine,M_routine,650,True,4,1800.3,1877.7,0.0,0.0,1.0,persistence_full,6,0.67,0.15,beta,full
City-C,T1,10x,1800.0,S4_GlobalCalib,cross_regime,M_stress,650,True,4,1800.3,1086.4,713.6,0.3965,0.0,persistence_full,6,0.67,0.15,beta,full
City-C,T1,10x,1800.0,S5_CityCalib,routine,M_routine,650,True,4,1847.4,1877.7,0.0,0.0,1.0,persistence_full,6,0.67,0.15,beta,full
City-C,T1,10x,1800.0,S5_CityCalib,cross_regime,M_stress,650,True,4,1847.4,1086.4,713.6,0.4119,0.0,persistence_full,6,0.67,0.15,beta,full
City-C,T1,10x,1800.0,S6_Q10,routine,M_routine,650,True,6,1823.2,2871.7,0.0,0.0,1.0,persistence_full,6,0.67,0.15,beta,full
City-C,T1,10x,1800.0,S6_Q10,cross_regime,M_stress,650,True,6,1823.2,1538.4,261.6,0.1562,0.0,persistence_full,6,0.67,0.15,beta,full
City-C,T2,1x,260.0,S0a_RoutineOracle,routine,M_routine,650,True,1,540.5,540.5,0.0,0.0,1.0,persistence_full,6,0.67,0.15,beta,full
City-C,T2,1x,260.0,S0a_RoutineOracle,cross_regime,M_stress,650,True,1,540.5,232.2,27.8,0.5705,0.0,persistence_full,6,0.67,0.15,beta,full
City-C,T2,1x,260.0,S0b_StressOracle,routine,M_routine,650,True,1,375.2,453.1,0.0,0.0,1.0,persistence_full,6,0.67,0.15,beta,full
City-C,T2,1x,260.0,S0b_StressOracle,cross_regime,M_stress,650,True,1,375.2,375.2,0.0,0.0,1.0,persistence_full,6,0.67,0.15,beta,full
City-C,T2,1x,260.0,S1_CapRR,routine,M_routine,650,True,1,737.0,453.1,0.0,0.3852,1.0,persistence_full,6,0.67,0.15,beta,full
City-C,T2,1x,260.0,S1_CapRR,cross_regime,M_stress,650,True,1,737.0,375.2,0.0,0.491,1.0,persistence_full,6,0.67,0.15,beta,full
City-C,T2,1x,260.0,S2_Platform,routine,M_routine,650,True,1,467.3,453.1,0.0,0.0303,1.0,persistence_full,6,0.67,0.15,beta,full
City-C,T2,1x,260.0,S2_Platform,cross_regime,M_stress,650,True,1,467.3,375.2,0.0,0.1971,1.0,persistence_full,6,0.67,0.15,beta,full
City-C,T2,1x,260.0,S3_Lin4,routine,M_routine,650,True,1,426.4,453.1,0.0,0.0,1.0,persistence_full,6,0.67,0.15,beta,full
City-C,T2,1x,260.0,S3_Lin4,cross_regime,M_stress,650,True,1,426.4,375.2,0.0,0.1201,1.0,persistence_full,6,0.67,0.15,beta,full
City-C,T2,1x,260.0,S4_GlobalCalib,routine,M_routine,650,True,1,497.4,453.1,0.0,0.089,1.0,persistence_full,6,0.67,0.15,beta,full
City-C,T2,1x,260.0,S4_GlobalCalib,cross_regime,M_stress,650,True,1,497.4,375.2,0.0,0.2458,1.0,persistence_full,6,0.67,0.15,beta,full
City-C,T2,1x,260.0,S5_CityCalib,routine,M_routine,650,True,1,508.1,453.1,0.0,0.1082,1.0,persistence_full,6,0.67,0.15,beta,full
City-C,T2,1x,260.0,S5_CityCalib,cross_regime,M_stress,650,True,1,508.1,375.2,0.0,0.2616,1.0,persistence_full,6,0.67,0.15,beta,full
City-C,T2,1x,260.0,S6_Q10,routine,M_routine,650,True,1,352.4,453.1,0.0,0.0,1.0,persistence_full,6,0.67,0.15,beta,full
City-C,T2,1x,260.0,S6_Q10,cross_regime,M_stress,650,True,1,352.4,375.2,0.0,0.0,1.0,persistence_full,6,0.67,0.15,beta,full
City-C,T2,2x,520.0,S0a_RoutineOracle,routine,M_routine,650,True,1,540.5,540.5,0.0,0.0,1.0,persistence_full,6,0.67,0.15,beta,full
City-C,T2,2x,520.0,S0a_RoutineOracle,cross_regime,M_stress,650,True,1,540.5,232.2,287.8,0.5705,0.0,persistence_full,6,0.67,0.15,beta,full
City-C,T2,2x,520.0,S0b_StressOracle,routine,M_routine,650,True,2,697.6,704.6,0.0,0.0,1.0,persistence_full,6,0.67,0.15,beta,full
City-C,T2,2x,520.0,S0b_StressOracle,cross_regime,M_stress,650,True,2,697.6,697.6,0.0,0.0,1.0,persistence_full,6,0.67,0.15,beta,full
City-C,T2,2x,520.0,S1_CapRR,routine,M_routine,650,True,1,737.0,453.1,66.9,0.3852,0.0,persistence_full,6,0.67,0.15,beta,full
City-C,T2,2x,520.0,S1_CapRR,cross_regime,M_stress,650,True,1,737.0,375.2,144.8,0.491,0.0,persistence_full,6,0.67,0.15,beta,full
City-C,T2,2x,520.0,S2_Platform,routine,M_routine,650,True,2,902.1,993.6,0.0,0.0,1.0,persistence_full,6,0.67,0.15,beta,full
City-C,T2,2x,520.0,S2_Platform,cross_regime,M_stress,650,True,2,902.1,607.3,0.0,0.3267,1.0,persistence_full,6,0.67,0.15,beta,full
City-C,T2,2x,520.0,S3_Lin4,routine,M_routine,650,True,2,831.2,993.6,0.0,0.0,1.0,persistence_full,6,0.67,0.15,beta,full
City-C,T2,2x,520.0,S3_Lin4,cross_regime,M_stress,650,True,2,831.2,607.3,0.0,0.2693,1.0,persistence_full,6,0.67,0.15,beta,full
City-C,T2,2x,520.0,S4_GlobalCalib,routine,M_routine,650,True,2,971.5,993.6,0.0,0.0,1.0,persistence_full,6,0.67,0.15,beta,full
City-C,T2,2x,520.0,S4_GlobalCalib,cross_regime,M_stress,650,True,2,971.5,607.3,0.0,0.3749,1.0,persistence_full,6,0.67,0.15,beta,full
City-C,T2,2x,520.0,S5_CityCalib,routine,M_routine,650,True,2,992.2,993.6,0.0,0.0,1.0,persistence_full,6,0.67,0.15,beta,full
City-C,T2,2x,520.0,S5_CityCalib,cross_regime,M_stress,650,True,2,992.2,607.3,0.0,0.3879,1.0,persistence_full,6,0.67,0.15,beta,full
City-C,T2,2x,520.0,S6_Q10,routine,M_routine,650,True,2,688.2,993.6,0.0,0.0,1.0,persistence_full,6,0.67,0.15,beta,full
City-C,T2,2x,520.0,S6_Q10,cross_regime,M_stress,650,True,2,688.2,607.3,0.0,0.1175,1.0,persistence_full,6,0.67,0.15,beta,full
City-C,T2,5x,1300.0,S0a_RoutineOracle,routine,M_routine,650,True,3,1585.0,1585.0,0.0,0.0,1.0,persistence_full,6,0.67,0.15,beta,full
City-C,T2,5x,1300.0,S0a_RoutineOracle,cross_regime,M_stress,650,True,3,1585.0,697.2,602.8,0.5601,0.0,persistence_full,6,0.67,0.15,beta,full
City-C,T2,5x,1300.0,S0b_StressOracle,routine,M_routine,650,True,5,1570.5,1843.4,0.0,0.0,1.0,persistence_full,6,0.67,0.15,beta,full
City-C,T2,5x,1300.0,S0b_StressOracle,cross_regime,M_stress,650,True,5,1570.5,1570.5,0.0,0.0,1.0,persistence_full,6,0.67,0.15,beta,full
City-C,T2,5x,1300.0,S1_CapRR,routine,M_routine,650,True,2,1439.5,993.6,306.4,0.3098,0.0,persistence_full,6,0.67,0.15,beta,full
City-C,T2,5x,1300.0,S1_CapRR,cross_regime,M_stress,650,True,2,1439.5,607.3,692.7,0.5781,0.0,persistence_full,6,0.67,0.15,beta,full
City-C,T2,5x,1300.0,S2_Platform,routine,M_routine,650,True,3,1301.1,1519.7,0.0,0.0,1.0,persistence_full,6,0.67,0.15,beta,full
City-C,T2,5x,1300.0,S2_Platform,cross_regime,M_stress,650,True,3,1301.1,827.9,472.1,0.3637,0.0,persistence_full,6,0.67,0.15,beta,full
City-C,T2,5x,1300.0,S3_Lin4,routine,M_routine,650,True,4,1616.0,1753.1,0.0,0.0,1.0,persistence_full,6,0.67,0.15,beta,full
City-C,T2,5x,1300.0,S3_Lin4,cross_regime,M_stress,650,True,4,1616.0,1070.3,229.7,0.3377,0.0,persistence_full,6,0.67,0.15,beta,full
City-C,T2,5x,1300.0,S4_GlobalCalib,routine,M_routine,650,True,3,1404.6,1519.7,0.0,0.0,1.0,persistence_full,6,0.67,0.15,beta,full
City-C,T2,5x,1300.0,S4_GlobalCalib,cross_regime,M_stress,650,True,3,1404.6,827.9,472.1,0.4106,0.0,persistence_full,6,0.67,0.15,beta,full
City-C,T2,5x,1300.0,S5_CityCalib,routine,M_routine,650,True,3,1434.1,1519.7,0.0,0.0,1.0,persistence_full,6,0.67,0.15,beta,full
City-C,T2,5x,1300.0,S5_CityCalib,cross_regime,M_stress,650,True,3,1434.1,827.9,472.1,0.4227,0.0,persistence_full,6,0.67,0.15,beta,full
City-C,T2,5x,1300.0,S6_Q10,routine,M_routine,650,True,5,1551.7,2412.7,0.0,0.0,1.0,persistence_full,6,0.67,0.15,beta,full
City-C,T2,5x,1300.0,S6_Q10,cross_regime,M_stress,650,True,5,1551.7,1328.8,0.0,0.1437,1.0,persistence_full,6,0.67,0.15,beta,full
City-C,T2,10x,2600.0,S0a_RoutineOracle,routine,M_routine,650,True,6,2963.1,2963.1,0.0,0.0,1.0,persistence_full,6,0.67,0.15,beta,full
City-C,T2,10x,2600.0,S0a_RoutineOracle,cross_regime,M_stress,650,True,6,2963.1,1428.7,1171.3,0.5178,0.0,persistence_full,6,0.67,0.15,beta,full
City-C,T2,10x,2600.0,S0b_StressOracle,routine,M_routine,650,True,10,2746.2,3661.9,0.0,0.0,1.0,persistence_full,6,0.67,0.15,beta,full
City-C,T2,10x,2600.0,S0b_StressOracle,cross_regime,M_stress,650,True,10,2746.2,2746.2,0.0,0.0,1.0,persistence_full,6,0.67,0.15,beta,full
City-C,T2,10x,2600.0,S1_CapRR,routine,M_routine,650,True,4,2666.6,1914.8,685.2,0.2819,0.0,persistence_full,6,0.67,0.15,beta,full
City-C,T2,10x,2600.0,S1_CapRR,cross_regime,M_stress,650,True,4,2666.6,1109.0,1491.0,0.5841,0.0,persistence_full,6,0.67,0.15,beta,full
City-C,T2,10x,2600.0,S2_Platform,routine,M_routine,650,True,7,2815.8,3136.8,0.0,0.0,1.0,persistence_full,6,0.67,0.15,beta,full
City-C,T2,10x,2600.0,S2_Platform,cross_regime,M_stress,650,True,7,2815.8,1814.0,786.0,0.3558,0.0,persistence_full,6,0.67,0.15,beta,full
City-C,T2,10x,2600.0,S3_Lin4,routine,M_routine,650,True,7,2717.8,3033.7,0.0,0.0,1.0,persistence_full,6,0.67,0.15,beta,full
City-C,T2,10x,2600.0,S3_Lin4,cross_regime,M_stress,650,True,7,2717.8,1881.3,718.7,0.3078,0.0,persistence_full,6,0.67,0.15,beta,full
City-C,T2,10x,2600.0,S4_GlobalCalib,routine,M_routine,650,True,7,2951.6,3182.6,0.0,0.0,1.0,persistence_full,6,0.67,0.15,beta,full
City-C,T2,10x,2600.0,S4_GlobalCalib,cross_regime,M_stress,650,True,7,2951.6,1895.6,704.4,0.3578,0.0,persistence_full,6,0.67,0.15,beta,full
City-C,T2,10x,2600.0,S5_CityCalib,routine,M_routine,650,True,6,2626.3,2931.1,0.0,0.0,1.0,persistence_full,6,0.67,0.15,beta,full
City-C,T2,10x,2600.0,S5_CityCalib,cross_regime,M_stress,650,True,6,2626.3,1573.2,1026.8,0.401,0.0,persistence_full,6,0.67,0.15,beta,full
City-C,T2,10x,2600.0,S6_Q10,routine,M_routine,650,True,9,2612.9,3926.3,0.0,0.0,1.0,persistence_full,6,0.67,0.15,beta,full
City-C,T2,10x,2600.0,S6_Q10,cross_regime,M_stress,650,True,9,2612.9,2487.4,112.6,0.048,0.0,persistence_full,6,0.67,0.15,beta,full
City-C,T3,1x,200.0,S0a_RoutineOracle,routine,M_routine,650,True,1,476.0,476.0,0.0,0.0,1.0,persistence_full,6,0.67,0.15,beta,full
City-C,T3,1x,200.0,S0a_RoutineOracle,cross_regime,M_stress,650,True,1,476.0,203.8,0.0,0.5719,1.0,persistence_full,6,0.67,0.15,beta,full
City-C,T3,1x,200.0,S0b_StressOracle,routine,M_routine,650,True,1,330.5,399.6,0.0,0.0,1.0,persistence_full,6,0.67,0.15,beta,full
City-C,T3,1x,200.0,S0b_StressOracle,cross_regime,M_stress,650,True,1,330.5,330.5,0.0,0.0,1.0,persistence_full,6,0.67,0.15,beta,full
City-C,T3,1x,200.0,S1_CapRR,routine,M_routine,650,True,1,648.6,399.6,0.0,0.384,1.0,persistence_full,6,0.67,0.15,beta,full
City-C,T3,1x,200.0,S1_CapRR,cross_regime,M_stress,650,True,1,648.6,330.5,0.0,0.4904,1.0,persistence_full,6,0.67,0.15,beta,full
City-C,T3,1x,200.0,S2_Platform,routine,M_routine,650,True,1,456.8,399.6,0.0,0.1252,1.0,persistence_full,6,0.67,0.15,beta,full
City-C,T3,1x,200.0,S2_Platform,cross_regime,M_stress,650,True,1,456.8,330.5,0.0,0.2763,1.0,persistence_full,6,0.67,0.15,beta,full
City-C,T3,1x,200.0,S3_Lin4,routine,M_routine,650,True,1,412.6,399.6,0.0,0.0315,1.0,persistence_full,6,0.67,0.15,beta,full
City-C,T3,1x,200.0,S3_Lin4,cross_regime,M_stress,650,True,1,412.6,330.5,0.0,0.1988,1.0,persistence_full,6,0.67,0.15,beta,full
City-C,T3,1x,200.0,S4_GlobalCalib,routine,M_routine,650,True,1,436.5,399.6,0.0,0.0847,1.0,persistence_full,6,0.67,0.15,beta,full
City-C,T3,1x,200.0,S4_GlobalCalib,cross_regime,M_stress,650,True,1,436.5,330.5,0.0,0.2428,1.0,persistence_full,6,0.67,0.15,beta,full
City-C,T3,1x,200.0,S5_CityCalib,routine,M_routine,650,True,1,446.8,399.6,0.0,0.1058,1.0,persistence_full,6,0.67,0.15,beta,full
City-C,T3,1x,200.0,S5_CityCalib,cross_regime,M_stress,650,True,1,446.8,330.5,0.0,0.2603,1.0,persistence_full,6,0.67,0.15,beta,full
City-C,T3,1x,200.0,S6_Q10,routine,M_routine,650,True,1,309.6,399.6,0.0,0.0,1.0,persistence_full,6,0.67,0.15,beta,full
City-C,T3,1x,200.0,S6_Q10,cross_regime,M_stress,650,True,1,309.6,330.5,0.0,0.0,1.0,persistence_full,6,0.67,0.15,beta,full
City-C,T3,2x,400.0,S0a_RoutineOracle,routine,M_routine,650,True,1,476.0,476.0,0.0,0.0,1.0,persistence_full,6,0.67,0.15,beta,full
City-C,T3,2x,400.0,S0a_RoutineOracle,cross_regime,M_stress,650,True,1,476.0,203.8,196.2,0.5719,0.0,persistence_full,6,0.67,0.15,beta,full
City-C,T3,2x,400.0,S0b_StressOracle,routine,M_routine,650,True,2,613.7,620.5,0.0,0.0,1.0,persistence_full,6,0.67,0.15,beta,full
City-C,T3,2x,400.0,S0b_StressOracle,cross_regime,M_stress,650,True,2,613.7,613.7,0.0,0.0,1.0,persistence_full,6,0.67,0.15,beta,full
City-C,T3,2x,400.0,S1_CapRR,routine,M_routine,650,True,1,648.6,399.6,0.4,0.384,0.0,persistence_full,6,0.67,0.15,beta,full
City-C,T3,2x,400.0,S1_CapRR,cross_regime,M_stress,650,True,1,648.6,330.5,69.5,0.4904,0.0,persistence_full,6,0.67,0.15,beta,full
City-C,T3,2x,400.0,S2_Platform,routine,M_routine,650,True,1,456.8,399.6,0.4,0.1252,0.0,persistence_full,6,0.67,0.15,beta,full
City-C,T3,2x,400.0,S2_Platform,cross_regime,M_stress,650,True,1,456.8,330.5,69.5,0.2763,0.0,persistence_full,6,0.67,0.15,beta,full
City-C,T3,2x,400.0,S3_Lin4,routine,M_routine,650,True,1,412.6,399.6,0.4,0.0315,0.0,persistence_full,6,0.67,0.15,beta,full
City-C,T3,2x,400.0,S3_Lin4,cross_regime,M_stress,650,True,1,412.6,330.5,69.5,0.1988,0.0,persistence_full,6,0.67,0.15,beta,full
City-C,T3,2x,400.0,S4_GlobalCalib,routine,M_routine,650,True,1,436.5,399.6,0.4,0.0847,0.0,persistence_full,6,0.67,0.15,beta,full
City-C,T3,2x,400.0,S4_GlobalCalib,cross_regime,M_stress,650,True,1,436.5,330.5,69.5,0.2428,0.0,persistence_full,6,0.67,0.15,beta,full
City-C,T3,2x,400.0,S5_CityCalib,routine,M_routine,650,True,1,446.8,399.6,0.4,0.1058,0.0,persistence_full,6,0.67,0.15,beta,full
City-C,T3,2x,400.0,S5_CityCalib,cross_regime,M_stress,650,True,1,446.8,330.5,69.5,0.2603,0.0,persistence_full,6,0.67,0.15,beta,full
City-C,T3,2x,400.0,S6_Q10,routine,M_routine,650,True,2,604.7,875.6,0.0,0.0,1.0,persistence_full,6,0.67,0.15,beta,full
City-C,T3,2x,400.0,S6_Q10,cross_regime,M_stress,650,True,2,604.7,534.3,0.0,0.1163,1.0,persistence_full,6,0.67,0.15,beta,full
City-C,T3,5x,1000.0,S0a_RoutineOracle,routine,M_routine,650,True,3,1392.9,1392.9,0.0,0.0,1.0,persistence_full,6,0.67,0.15,beta,full
City-C,T3,5x,1000.0,S0a_RoutineOracle,cross_regime,M_stress,650,True,3,1392.9,611.3,388.7,0.5611,0.0,persistence_full,6,0.67,0.15,beta,full
City-C,T3,5x,1000.0,S0b_StressOracle,routine,M_routine,650,True,4,1135.8,1276.4,0.0,0.0,1.0,persistence_full,6,0.67,0.15,beta,full
City-C,T3,5x,1000.0,S0b_StressOracle,cross_regime,M_stress,650,True,4,1135.8,1135.8,0.0,0.0,1.0,persistence_full,6,0.67,0.15,beta,full
City-C,T3,5x,1000.0,S1_CapRR,routine,M_routine,650,True,2,1266.8,875.6,124.4,0.3088,0.0,persistence_full,6,0.67,0.15,beta,full
City-C,T3,5x,1000.0,S1_CapRR,cross_regime,M_stress,650,True,2,1266.8,534.3,465.7,0.5782,0.0,persistence_full,6,0.67,0.15,beta,full
City-C,T3,5x,1000.0,S2_Platform,routine,M_routine,650,True,3,1285.7,1044.3,0.0,0.1878,1.0,persistence_full,6,0.67,0.15,beta,full
City-C,T3,5x,1000.0,S2_Platform,cross_regime,M_stress,650,True,3,1285.7,736.0,264.0,0.4276,0.0,persistence_full,6,0.67,0.15,beta,full
City-C,T3,5x,1000.0,S3_Lin4,routine,M_routine,650,True,3,1188.4,1338.0,0.0,0.0,1.0,persistence_full,6,0.67,0.15,beta,full
City-C,T3,5x,1000.0,S3_Lin4,cross_regime,M_stress,650,True,3,1188.4,728.5,271.5,0.387,0.0,persistence_full,6,0.67,0.15,beta,full
City-C,T3,5x,1000.0,S4_GlobalCalib,routine,M_routine,650,True,3,1232.7,1338.0,0.0,0.0,1.0,persistence_full,6,0.67,0.15,beta,full
City-C,T3,5x,1000.0,S4_GlobalCalib,cross_regime,M_stress,650,True,3,1232.7,728.5,271.5,0.409,0.0,persistence_full,6,0.67,0.15,beta,full
City-C,T3,5x,1000.0,S5_CityCalib,routine,M_routine,650,True,3,1261.1,1338.0,0.0,0.0,1.0,persistence_full,6,0.67,0.15,beta,full
City-C,T3,5x,1000.0,S5_CityCalib,cross_regime,M_stress,650,True,3,1261.1,728.5,271.5,0.4223,0.0,persistence_full,6,0.67,0.15,beta,full
City-C,T3,5x,1000.0,S6_Q10,routine,M_routine,650,True,4,1120.1,1685.4,0.0,0.0,1.0,persistence_full,6,0.67,0.15,beta,full
City-C,T3,5x,1000.0,S6_Q10,cross_regime,M_stress,650,True,4,1120.1,974.8,25.2,0.1297,0.0,persistence_full,6,0.67,0.15,beta,full
City-C,T3,10x,2000.0,S0a_RoutineOracle,routine,M_routine,650,True,5,2231.3,2231.3,0.0,0.0,1.0,persistence_full,6,0.67,0.15,beta,full
City-C,T3,10x,2000.0,S0a_RoutineOracle,cross_regime,M_stress,650,True,5,2231.3,1133.5,866.5,0.492,0.0,persistence_full,6,0.67,0.15,beta,full
City-C,T3,10x,2000.0,S0b_StressOracle,routine,M_routine,650,True,8,2013.1,2760.3,0.0,0.0,1.0,persistence_full,6,0.67,0.15,beta,full
City-C,T3,10x,2000.0,S0b_StressOracle,cross_regime,M_stress,650,True,8,2013.1,2013.1,0.0,0.0,1.0,persistence_full,6,0.67,0.15,beta,full
City-C,T3,10x,2000.0,S1_CapRR,routine,M_routine,650,True,4,2346.7,1685.4,314.6,0.2818,0.0,persistence_full,6,0.67,0.15,beta,full
City-C,T3,10x,2000.0,S1_CapRR,cross_regime,M_stress,650,True,4,2346.7,974.8,1025.2,0.5846,0.0,persistence_full,6,0.67,0.15,beta,full
City-C,T3,10x,2000.0,S2_Platform,routine,M_routine,650,True,5,2048.1,1713.0,287.0,0.1636,0.0,persistence_full,6,0.67,0.15,beta,full
City-C,T3,10x,2000.0,S2_Platform,cross_regime,M_stress,650,True,5,2048.1,1098.4,901.6,0.4637,0.0,persistence_full,6,0.67,0.15,beta,full
City-C,T3,10x,2000.0,S3_Lin4,routine,M_routine,650,True,6,2296.5,2324.2,0.0,0.0,1.0,persistence_full,6,0.67,0.15,beta,full
City-C,T3,10x,2000.0,S3_Lin4,cross_regime,M_stress,650,True,6,2296.5,1406.8,593.2,0.3874,0.0,persistence_full,6,0.67,0.15,beta,full
City-C,T3,10x,2000.0,S4_GlobalCalib,routine,M_routine,650,True,6,2259.1,2578.7,0.0,0.0,1.0,persistence_full,6,0.67,0.15,beta,full
City-C,T3,10x,2000.0,S4_GlobalCalib,cross_regime,M_stress,650,True,6,2259.1,1379.8,620.2,0.3892,0.0,persistence_full,6,0.67,0.15,beta,full
City-C,T3,10x,2000.0,S5_CityCalib,routine,M_routine,650,True,6,2309.1,2578.7,0.0,0.0,1.0,persistence_full,6,0.67,0.15,beta,full
City-C,T3,10x,2000.0,S5_CityCalib,cross_regime,M_stress,650,True,6,2309.1,1379.8,620.2,0.4024,0.0,persistence_full,6,0.67,0.15,beta,full
City-C,T3,10x,2000.0,S6_Q10,routine,M_routine,650,True,8,2067.2,3141.1,0.0,0.0,1.0,persistence_full,6,0.67,0.15,beta,full
City-C,T3,10x,2000.0,S6_Q10,cross_regime,M_stress,650,True,8,2067.2,1935.8,64.2,0.0636,0.0,persistence_full,6,0.67,0.15,beta,full
City-C,T4,1x,140.0,S0a_RoutineOracle,routine,M_routine,650,True,1,540.9,540.9,0.0,0.0,1.0,persistence_full,6,0.67,0.15,beta,full
City-C,T4,1x,140.0,S0a_RoutineOracle,cross_regime,M_stress,650,True,1,540.9,230.7,0.0,0.5734,1.0,persistence_full,6,0.67,0.15,beta,full
City-C,T4,1x,140.0,S0b_StressOracle,routine,M_routine,650,True,1,375.5,452.1,0.0,0.0,1.0,persistence_full,6,0.67,0.15,beta,full
City-C,T4,1x,140.0,S0b_StressOracle,cross_regime,M_stress,650,True,1,375.5,375.5,0.0,0.0,1.0,persistence_full,6,0.67,0.15,beta,full
City-C,T4,1x,140.0,S1_CapRR,routine,M_routine,650,True,1,737.0,452.1,0.0,0.3866,1.0,persistence_full,6,0.67,0.15,beta,full
City-C,T4,1x,140.0,S1_CapRR,cross_regime,M_stress,650,True,1,737.0,375.5,0.0,0.4905,1.0,persistence_full,6,0.67,0.15,beta,full
City-C,T4,1x,140.0,S2_Platform,routine,M_routine,650,True,1,377.7,388.3,0.0,0.0,1.0,persistence_full,6,0.67,0.15,beta,full
City-C,T4,1x,140.0,S2_Platform,cross_regime,M_stress,650,True,1,377.7,309.4,0.0,0.1808,1.0,persistence_full,6,0.67,0.15,beta,full
City-C,T4,1x,140.0,S3_Lin4,routine,M_routine,650,True,1,425.3,452.1,0.0,0.0,1.0,persistence_full,6,0.67,0.15,beta,full
City-C,T4,1x,140.0,S3_Lin4,cross_regime,M_stress,650,True,1,425.3,375.5,0.0,0.1171,1.0,persistence_full,6,0.67,0.15,beta,full
City-C,T4,1x,140.0,S4_GlobalCalib,routine,M_routine,650,True,1,495.3,452.1,0.0,0.0871,1.0,persistence_full,6,0.67,0.15,beta,full
City-C,T4,1x,140.0,S4_GlobalCalib,cross_regime,M_stress,650,True,1,495.3,375.5,0.0,0.2418,1.0,persistence_full,6,0.67,0.15,beta,full
City-C,T4,1x,140.0,S5_CityCalib,routine,M_routine,650,True,1,508.0,452.1,0.0,0.11,1.0,persistence_full,6,0.67,0.15,beta,full
City-C,T4,1x,140.0,S5_CityCalib,cross_regime,M_stress,650,True,1,508.0,375.5,0.0,0.2608,1.0,persistence_full,6,0.67,0.15,beta,full
City-C,T4,1x,140.0,S6_Q10,routine,M_routine,650,True,1,351.5,452.1,0.0,0.0,1.0,persistence_full,6,0.67,0.15,beta,full
City-C,T4,1x,140.0,S6_Q10,cross_regime,M_stress,650,True,1,351.5,375.5,0.0,0.0,1.0,persistence_full,6,0.67,0.15,beta,full
City-C,T4,2x,280.0,S0a_RoutineOracle,routine,M_routine,650,True,1,540.9,540.9,0.0,0.0,1.0,persistence_full,6,0.67,0.15,beta,full
City-C,T4,2x,280.0,S0a_RoutineOracle,cross_regime,M_stress,650,True,1,540.9,230.7,49.3,0.5734,0.0,persistence_full,6,0.67,0.15,beta,full
City-C,T4,2x,280.0,S0b_StressOracle,routine,M_routine,650,True,1,375.5,452.1,0.0,0.0,1.0,persistence_full,6,0.67,0.15,beta,full
City-C,T4,2x,280.0,S0b_StressOracle,cross_regime,M_stress,650,True,1,375.5,375.5,0.0,0.0,1.0,persistence_full,6,0.67,0.15,beta,full
City-C,T4,2x,280.0,S1_CapRR,routine,M_routine,650,True,1,737.0,452.1,0.0,0.3866,1.0,persistence_full,6,0.67,0.15,beta,full
City-C,T4,2x,280.0,S1_CapRR,cross_regime,M_stress,650,True,1,737.0,375.5,0.0,0.4905,1.0,persistence_full,6,0.67,0.15,beta,full
City-C,T4,2x,280.0,S2_Platform,routine,M_routine,650,True,1,377.7,388.3,0.0,0.0,1.0,persistence_full,6,0.67,0.15,beta,full
City-C,T4,2x,280.0,S2_Platform,cross_regime,M_stress,650,True,1,377.7,309.4,0.0,0.1808,1.0,persistence_full,6,0.67,0.15,beta,full
City-C,T4,2x,280.0,S3_Lin4,routine,M_routine,650,True,1,425.3,452.1,0.0,0.0,1.0,persistence_full,6,0.67,0.15,beta,full
City-C,T4,2x,280.0,S3_Lin4,cross_regime,M_stress,650,True,1,425.3,375.5,0.0,0.1171,1.0,persistence_full,6,0.67,0.15,beta,full
City-C,T4,2x,280.0,S4_GlobalCalib,routine,M_routine,650,True,1,495.3,452.1,0.0,0.0871,1.0,persistence_full,6,0.67,0.15,beta,full
City-C,T4,2x,280.0,S4_GlobalCalib,cross_regime,M_stress,650,True,1,495.3,375.5,0.0,0.2418,1.0,persistence_full,6,0.67,0.15,beta,full
City-C,T4,2x,280.0,S5_CityCalib,routine,M_routine,650,True,1,508.0,452.1,0.0,0.11,1.0,persistence_full,6,0.67,0.15,beta,full
City-C,T4,2x,280.0,S5_CityCalib,cross_regime,M_stress,650,True,1,508.0,375.5,0.0,0.2608,1.0,persistence_full,6,0.67,0.15,beta,full
City-C,T4,2x,280.0,S6_Q10,routine,M_routine,650,True,1,351.5,452.1,0.0,0.0,1.0,persistence_full,6,0.67,0.15,beta,full
City-C,T4,2x,280.0,S6_Q10,cross_regime,M_stress,650,True,1,351.5,375.5,0.0,0.0,1.0,persistence_full,6,0.67,0.15,beta,full
City-C,T4,5x,700.0,S0a_RoutineOracle,routine,M_routine,650,True,2,1064.7,1064.7,0.0,0.0,1.0,persistence_full,6,0.67,0.15,beta,full
City-C,T4,5x,700.0,S0a_RoutineOracle,cross_regime,M_stress,650,True,2,1064.7,451.4,248.6,0.5761,0.0,persistence_full,6,0.67,0.15,beta,full
City-C,T4,5x,700.0,S0b_StressOracle,routine,M_routine,650,True,3,1006.8,1091.3,0.0,0.0,1.0,persistence_full,6,0.67,0.15,beta,full
City-C,T4,5x,700.0,S0b_StressOracle,cross_regime,M_stress,650,True,3,1006.8,1006.8,0.0,0.0,1.0,persistence_full,6,0.67,0.15,beta,full
City-C,T4,5x,700.0,S1_CapRR,routine,M_routine,650,True,1,737.0,452.1,247.9,0.3866,0.0,persistence_full,6,0.67,0.15,beta,full
City-C,T4,5x,700.0,S1_CapRR,cross_regime,M_stress,650,True,1,737.0,375.5,324.5,0.4905,0.0,persistence_full,6,0.67,0.15,beta,full
City-C,T4,5x,700.0,S2_Platform,routine,M_routine,650,True,2,738.2,929.1,0.0,0.0,1.0,persistence_full,6,0.67,0.15,beta,full
City-C,T4,5x,700.0,S2_Platform,cross_regime,M_stress,650,True,2,738.2,540.1,159.9,0.2684,0.0,persistence_full,6,0.67,0.15,beta,full
City-C,T4,5x,700.0,S3_Lin4,routine,M_routine,650,True,2,829.2,993.0,0.0,0.0,1.0,persistence_full,6,0.67,0.15,beta,full
City-C,T4,5x,700.0,S3_Lin4,cross_regime,M_stress,650,True,2,829.2,606.2,93.8,0.2689,0.0,persistence_full,6,0.67,0.15,beta,full
City-C,T4,5x,700.0,S4_GlobalCalib,routine,M_routine,650,True,2,967.4,993.0,0.0,0.0,1.0,persistence_full,6,0.67,0.15,beta,full
City-C,T4,5x,700.0,S4_GlobalCalib,cross_regime,M_stress,650,True,2,967.4,606.2,93.8,0.3733,0.0,persistence_full,6,0.67,0.15,beta,full
City-C,T4,5x,700.0,S5_CityCalib,routine,M_routine,650,True,2,992.1,993.0,0.0,0.0,1.0,persistence_full,6,0.67,0.15,beta,full
City-C,T4,5x,700.0,S5_CityCalib,cross_regime,M_stress,650,True,2,992.1,606.2,93.8,0.3889,0.0,persistence_full,6,0.67,0.15,beta,full
City-C,T4,5x,700.0,S6_Q10,routine,M_routine,650,True,3,992.5,1516.9,0.0,0.0,1.0,persistence_full,6,0.67,0.15,beta,full
City-C,T4,5x,700.0,S6_Q10,cross_regime,M_stress,650,True,3,992.5,826.9,0.0,0.1668,1.0,persistence_full,6,0.67,0.15,beta,full
City-C,T4,10x,1400.0,S0a_RoutineOracle,routine,M_routine,650,True,3,1581.0,1581.0,0.0,0.0,1.0,persistence_full,6,0.67,0.15,beta,full
City-C,T4,10x,1400.0,S0a_RoutineOracle,cross_regime,M_stress,650,True,3,1581.0,693.8,706.2,0.5612,0.0,persistence_full,6,0.67,0.15,beta,full
City-C,T4,10x,1400.0,S0b_StressOracle,routine,M_routine,650,True,5,1570.3,1844.7,0.0,0.0,1.0,persistence_full,6,0.67,0.15,beta,full
City-C,T4,10x,1400.0,S0b_StressOracle,cross_regime,M_stress,650,True,5,1570.3,1570.3,0.0,0.0,1.0,persistence_full,6,0.67,0.15,beta,full
City-C,T4,10x,1400.0,S1_CapRR,routine,M_routine,650,True,2,1439.5,993.0,407.0,0.3102,0.0,persistence_full,6,0.67,0.15,beta,full
City-C,T4,10x,1400.0,S1_CapRR,cross_regime,M_stress,650,True,2,1439.5,606.2,793.8,0.5789,0.0,persistence_full,6,0.67,0.15,beta,full
City-C,T4,10x,1400.0,S2_Platform,routine,M_routine,650,True,4,1425.4,1839.5,0.0,0.0,1.0,persistence_full,6,0.67,0.15,beta,full
City-C,T4,10x,1400.0,S2_Platform,cross_regime,M_stress,650,True,4,1425.4,1063.1,336.9,0.2542,0.0,persistence_full,6,0.67,0.15,beta,full
City-C,T4,10x,1400.0,S3_Lin4,routine,M_routine,650,True,4,1612.0,1747.7,0.0,0.0,1.0,persistence_full,6,0.67,0.15,beta,full
City-C,T4,10x,1400.0,S3_Lin4,cross_regime,M_stress,650,True,4,1612.0,1069.1,330.9,0.3368,0.0,persistence_full,6,0.67,0.15,beta,full
City-C,T4,10x,1400.0,S4_GlobalCalib,routine,M_routine,650,True,4,1792.1,1910.9,0.0,0.0,1.0,persistence_full,6,0.67,0.15,beta,full
City-C,T4,10x,1400.0,S4_GlobalCalib,cross_regime,M_stress,650,True,4,1792.1,1107.5,292.5,0.382,0.0,persistence_full,6,0.67,0.15,beta,full
City-C,T4,10x,1400.0,S5_CityCalib,routine,M_routine,650,True,3,1433.8,1516.9,0.0,0.0,1.0,persistence_full,6,0.67,0.15,beta,full
City-C,T4,10x,1400.0,S5_CityCalib,cross_regime,M_stress,650,True,3,1433.8,826.9,573.1,0.4233,0.0,persistence_full,6,0.67,0.15,beta,full
City-C,T4,10x,1400.0,S6_Q10,routine,M_routine,650,True,5,1547.9,2403.7,0.0,0.0,1.0,persistence_full,6,0.67,0.15,beta,full
City-C,T4,10x,1400.0,S6_Q10,cross_regime,M_stress,650,True,5,1547.9,1326.3,73.7,0.1431,0.0,persistence_full,6,0.67,0.15,beta,full
City-C,T5,1x,160.0,S0a_RoutineOracle,routine,M_routine,650,True,1,476.6,476.6,0.0,0.0,1.0,persistence_full,6,0.67,0.15,beta,full
City-C,T5,1x,160.0,S0a_RoutineOracle,cross_regime,M_stress,650,True,1,476.6,203.3,0.0,0.5735,1.0,persistence_full,6,0.67,0.15,beta,full
City-C,T5,1x,160.0,S0b_StressOracle,routine,M_routine,650,True,1,331.8,400.1,0.0,0.0,1.0,persistence_full,6,0.67,0.15,beta,full
City-C,T5,1x,160.0,S0b_StressOracle,cross_regime,M_stress,650,True,1,331.8,331.8,0.0,0.0,1.0,persistence_full,6,0.67,0.15,beta,full
City-C,T5,1x,160.0,S1_CapRR,routine,M_routine,650,True,1,648.6,400.1,0.0,0.3832,1.0,persistence_full,6,0.67,0.15,beta,full
City-C,T5,1x,160.0,S1_CapRR,cross_regime,M_stress,650,True,1,648.6,331.8,0.0,0.4885,1.0,persistence_full,6,0.67,0.15,beta,full
City-C,T5,1x,160.0,S2_Platform,routine,M_routine,650,True,1,451.5,400.1,0.0,0.1139,1.0,persistence_full,6,0.67,0.15,beta,full
City-C,T5,1x,160.0,S2_Platform,cross_regime,M_stress,650,True,1,451.5,331.8,0.0,0.2652,1.0,persistence_full,6,0.67,0.15,beta,full
City-C,T5,1x,160.0,S3_Lin4,routine,M_routine,650,True,1,412.5,400.1,0.0,0.0303,1.0,persistence_full,6,0.67,0.15,beta,full
City-C,T5,1x,160.0,S3_Lin4,cross_regime,M_stress,650,True,1,412.5,331.8,0.0,0.1958,1.0,persistence_full,6,0.67,0.15,beta,full
City-C,T5,1x,160.0,S4_GlobalCalib,routine,M_routine,650,True,1,436.2,400.1,0.0,0.083,1.0,persistence_full,6,0.67,0.15,beta,full
City-C,T5,1x,160.0,S4_GlobalCalib,cross_regime,M_stress,650,True,1,436.2,331.8,0.0,0.2395,1.0,persistence_full,6,0.67,0.15,beta,full
City-C,T5,1x,160.0,S5_CityCalib,routine,M_routine,650,True,1,446.6,400.1,0.0,0.1043,1.0,persistence_full,6,0.67,0.15,beta,full
City-C,T5,1x,160.0,S5_CityCalib,cross_regime,M_stress,650,True,1,446.6,331.8,0.0,0.2572,1.0,persistence_full,6,0.67,0.15,beta,full
City-C,T5,1x,160.0,S6_Q10,routine,M_routine,650,True,1,309.3,400.1,0.0,0.0,1.0,persistence_full,6,0.67,0.15,beta,full
City-C,T5,1x,160.0,S6_Q10,cross_regime,M_stress,650,True,1,309.3,331.8,0.0,0.0,1.0,persistence_full,6,0.67,0.15,beta,full
City-C,T5,2x,320.0,S0a_RoutineOracle,routine,M_routine,650,True,1,476.6,476.6,0.0,0.0,1.0,persistence_full,6,0.67,0.15,beta,full
City-C,T5,2x,320.0,S0a_RoutineOracle,cross_regime,M_stress,650,True,1,476.6,203.3,116.7,0.5735,0.0,persistence_full,6,0.67,0.15,beta,full
City-C,T5,2x,320.0,S0b_StressOracle,routine,M_routine,650,True,1,331.8,400.1,0.0,0.0,1.0,persistence_full,6,0.67,0.15,beta,full
City-C,T5,2x,320.0,S0b_StressOracle,cross_regime,M_stress,650,True,1,331.8,331.8,0.0,0.0,1.0,persistence_full,6,0.67,0.15,beta,full
City-C,T5,2x,320.0,S1_CapRR,routine,M_routine,650,True,1,648.6,400.1,0.0,0.3832,1.0,persistence_full,6,0.67,0.15,beta,full
City-C,T5,2x,320.0,S1_CapRR,cross_regime,M_stress,650,True,1,648.6,331.8,0.0,0.4885,1.0,persistence_full,6,0.67,0.15,beta,full
City-C,T5,2x,320.0,S2_Platform,routine,M_routine,650,True,1,451.5,400.1,0.0,0.1139,1.0,persistence_full,6,0.67,0.15,beta,full
City-C,T5,2x,320.0,S2_Platform,cross_regime,M_stress,650,True,1,451.5,331.8,0.0,0.2652,1.0,persistence_full,6,0.67,0.15,beta,full
City-C,T5,2x,320.0,S3_Lin4,routine,M_routine,650,True,1,412.5,400.1,0.0,0.0303,1.0,persistence_full,6,0.67,0.15,beta,full
City-C,T5,2x,320.0,S3_Lin4,cross_regime,M_stress,650,True,1,412.5,331.8,0.0,0.1958,1.0,persistence_full,6,0.67,0.15,beta,full
City-C,T5,2x,320.0,S4_GlobalCalib,routine,M_routine,650,True,1,436.2,400.1,0.0,0.083,1.0,persistence_full,6,0.67,0.15,beta,full
City-C,T5,2x,320.0,S4_GlobalCalib,cross_regime,M_stress,650,True,1,436.2,331.8,0.0,0.2395,1.0,persistence_full,6,0.67,0.15,beta,full
City-C,T5,2x,320.0,S5_CityCalib,routine,M_routine,650,True,1,446.6,400.1,0.0,0.1043,1.0,persistence_full,6,0.67,0.15,beta,full
City-C,T5,2x,320.0,S5_CityCalib,cross_regime,M_stress,650,True,1,446.6,331.8,0.0,0.2572,1.0,persistence_full,6,0.67,0.15,beta,full
City-C,T5,2x,320.0,S6_Q10,routine,M_routine,650,True,2,604.2,876.6,0.0,0.0,1.0,persistence_full,6,0.67,0.15,beta,full
City-C,T5,2x,320.0,S6_Q10,cross_regime,M_stress,650,True,2,604.2,535.0,0.0,0.1144,1.0,persistence_full,6,0.67,0.15,beta,full
City-C,T5,5x,800.0,S0a_RoutineOracle,routine,M_routine,650,True,2,941.0,941.0,0.0,0.0,1.0,persistence_full,6,0.67,0.15,beta,full
City-C,T5,5x,800.0,S0a_RoutineOracle,cross_regime,M_stress,650,True,2,941.0,396.9,403.1,0.5782,0.0,persistence_full,6,0.67,0.15,beta,full
City-C,T5,5x,800.0,S0b_StressOracle,routine,M_routine,650,True,3,888.5,963.2,0.0,0.0,1.0,persistence_full,6,0.67,0.15,beta,full
City-C,T5,5x,800.0,S0b_StressOracle,cross_regime,M_stress,650,True,3,888.5,888.5,0.0,0.0,1.0,persistence_full,6,0.67,0.15,beta,full
City-C,T5,5x,800.0,S1_CapRR,routine,M_routine,650,True,2,1266.8,876.6,0.0,0.308,1.0,persistence_full,6,0.67,0.15,beta,full
City-C,T5,5x,800.0,S1_CapRR,cross_regime,M_stress,650,True,2,1266.8,535.0,265.0,0.5777,0.0,persistence_full,6,0.67,0.15,beta,full
City-C,T5,5x,800.0,S2_Platform,routine,M_routine,650,True,2,882.9,836.5,0.0,0.0525,1.0,persistence_full,6,0.67,0.15,beta,full
City-C,T5,5x,800.0,S2_Platform,cross_regime,M_stress,650,True,2,882.9,524.1,275.9,0.4064,0.0,persistence_full,6,0.67,0.15,beta,full
City-C,T5,5x,800.0,S3_Lin4,routine,M_routine,650,True,2,802.9,876.6,0.0,0.0,1.0,persistence_full,6,0.67,0.15,beta,full
City-C,T5,5x,800.0,S3_Lin4,cross_regime,M_stress,650,True,2,802.9,535.0,265.0,0.3337,0.0,persistence_full,6,0.67,0.15,beta,full
City-C,T5,5x,800.0,S4_GlobalCalib,routine,M_routine,650,True,2,852.1,876.6,0.0,0.0,1.0,persistence_full,6,0.67,0.15,beta,full
City-C,T5,5x,800.0,S4_GlobalCalib,cross_regime,M_stress,650,True,2,852.1,535.0,265.0,0.3721,0.0,persistence_full,6,0.67,0.15,beta,full
City-C,T5,5x,800.0,S5_CityCalib,routine,M_routine,650,True,2,872.2,876.6,0.0,0.0,1.0,persistence_full,6,0.67,0.15,beta,full
City-C,T5,5x,800.0,S5_CityCalib,cross_regime,M_stress,650,True,2,872.2,535.0,265.0,0.3866,0.0,persistence_full,6,0.67,0.15,beta,full
City-C,T5,5x,800.0,S6_Q10,routine,M_routine,650,True,3,873.4,1341.0,0.0,0.0,1.0,persistence_full,6,0.67,0.15,beta,full
City-C,T5,5x,800.0,S6_Q10,cross_regime,M_stress,650,True,3,873.4,728.7,71.3,0.1657,0.0,persistence_full,6,0.67,0.15,beta,full
City-C,T5,10x,1600.0,S0a_RoutineOracle,routine,M_routine,650,True,4,1833.9,1833.9,0.0,0.0,1.0,persistence_full,6,0.67,0.15,beta,full
City-C,T5,10x,1600.0,S0a_RoutineOracle,cross_regime,M_stress,650,True,4,1833.9,803.0,797.0,0.5621,0.0,persistence_full,6,0.67,0.15,beta,full
City-C,T5,10x,1600.0,S0b_StressOracle,routine,M_routine,650,True,7,1812.1,2291.5,0.0,0.0,1.0,persistence_full,6,0.67,0.15,beta,full
City-C,T5,10x,1600.0,S0b_StressOracle,cross_regime,M_stress,650,True,7,1812.1,1812.1,0.0,0.0,1.0,persistence_full,6,0.67,0.15,beta,full
City-C,T5,10x,1600.0,S1_CapRR,routine,M_routine,650,True,3,1831.4,1341.0,259.0,0.2678,0.0,persistence_full,6,0.67,0.15,beta,full
City-C,T5,10x,1600.0,S1_CapRR,cross_regime,M_stress,650,True,3,1831.4,728.7,871.3,0.6021,0.0,persistence_full,6,0.67,0.15,beta,full
City-C,T5,10x,1600.0,S2_Platform,routine,M_routine,650,True,4,1670.1,1252.0,348.0,0.2503,0.0,persistence_full,6,0.67,0.15,beta,full
City-C,T5,10x,1600.0,S2_Platform,cross_regime,M_stress,650,True,4,1670.1,907.4,692.6,0.4567,0.0,persistence_full,6,0.67,0.15,beta,full
City-C,T5,10x,1600.0,S3_Lin4,routine,M_routine,650,True,5,1945.3,1890.0,0.0,0.0284,1.0,persistence_full,6,0.67,0.15,beta,full
City-C,T5,10x,1600.0,S3_Lin4,cross_regime,M_stress,650,True,5,1945.3,1214.9,385.1,0.3755,0.0,persistence_full,6,0.67,0.15,beta,full
City-C,T5,10x,1600.0,S4_GlobalCalib,routine,M_routine,650,True,5,1921.4,2126.0,0.0,0.0,1.0,persistence_full,6,0.67,0.15,beta,full
City-C,T5,10x,1600.0,S4_GlobalCalib,cross_regime,M_stress,650,True,5,1921.4,1168.3,431.7,0.392,0.0,persistence_full,6,0.67,0.15,beta,full
City-C,T5,10x,1600.0,S5_CityCalib,routine,M_routine,650,True,4,1614.6,1689.5,0.0,0.0,1.0,persistence_full,6,0.67,0.15,beta,full
City-C,T5,10x,1600.0,S5_CityCalib,cross_regime,M_stress,650,True,4,1614.6,976.0,624.0,0.3955,0.0,persistence_full,6,0.67,0.15,beta,full
City-C,T5,10x,1600.0,S6_Q10,routine,M_routine,650,True,6,1600.5,2582.4,0.0,0.0,1.0,persistence_full,6,0.67,0.15,beta,full
City-C,T5,10x,1600.0,S6_Q10,cross_regime,M_stress,650,True,6,1600.5,1382.1,217.9,0.1365,0.0,persistence_full,6,0.67,0.15,beta,full
