city,task_id,p_req_level,p_req,strategy,regime,eval_outcome,pool_size,pool_feasible,n_selected,p_commit,p_deliv,shortfall,ocr,success,config_name,seed_id,xi_mean,xi_std,xi_dist,xi_persistence
City-A,T1,1x,180.0,S0a_RoutineOracle,routine,M_routine,800,True,1,422.9,422.9,0.0,0.0,1.0,persistence_half,1,0.67,0.15,beta,half
City-A,T1,1x,180.0,S0a_RoutineOracle,cross_regime,M_stress,800,True,1,422.9,311.5,0.0,0.2633,1.0,persistence_half,1,0.67,0.15,beta,half
City-A,T1,1x,180.0,S0b_StressOracle,routine,M_routine,800,True,1,311.5,422.9,0.0,0.0,1.0,persistence_half,1,0.67,0.15,beta,half
City-A,T1,1x,180.0,S0b_StressOracle,cross_regime,M_stress,800,True,1,311.5,311.5,0.0,0.0,1.0,persistence_half,1,0.67,0.15,beta,half
City-A,T1,1x,180.0,S1_CapRR,routine,M_routine,800,True,1,678.2,422.9,0.0,0.3765,1.0,persistence_half,1,0.67,0.15,beta,half
City-A,T1,1x,180.0,S1_CapRR,cross_regime,M_stress,800,True,1,678.2,311.5,0.0,0.5407,1.0,persistence_half,1,0.67,0.15,beta,half
City-A,T1,1x,180.0,S2_Platform,routine,M_routine,800,True,1,421.1,422.9,0.0,0.0,1.0,persistence_half,1,0.67,0.15,beta,half
City-A,T1,1x,180.0,S2_Platform,cross_regime,M_stress,800,True,1,421.1,311.5,0.0,0.2602,1.0,persistence_half,1,0.67,0.15,beta,half
City-A,T1,1x,180.0,S3_Lin4,routine,M_routine,800,True,1,489.5,422.9,0.0,0.1361,1.0,persistence_half,1,0.67,0.15,beta,half
City-A,T1,1x,180.0,S3_Lin4,cross_regime,M_stress,800,True,1,489.5,311.5,0.0,0.3636,1.0,persistence_half,1,0.67,0.15,beta,half
City-A,T1,1x,180.0,S4_GlobalCalib,routine,M_routine,800,True,1,452.6,422.9,0.0,0.0656,1.0,persistence_half,1,0.67,0.15,beta,half
City-A,T1,1x,180.0,S4_GlobalCalib,cross_regime,M_stress,800,True,1,452.6,311.5,0.0,0.3117,1.0,persistence_half,1,0.67,0.15,beta,half
City-A,T1,1x,180.0,S5_CityCalib,routine,M_routine,800,True,1,450.8,422.9,0.0,0.0621,1.0,persistence_half,1,0.67,0.15,beta,half
City-A,T1,1x,180.0,S5_CityCalib,cross_regime,M_stress,800,True,1,450.8,311.5,0.0,0.3091,1.0,persistence_half,1,0.67,0.15,beta,half
City-A,T1,1x,180.0,S6_Q10,routine,M_routine,800,True,1,421.5,422.9,0.0,0.0,1.0,persistence_half,1,0.67,0.15,beta,half
City-A,T1,1x,180.0,S6_Q10,cross_regime,M_stress,800,True,1,421.5,311.5,0.0,0.2611,1.0,persistence_half,1,0.67,0.15,beta,half
City-A,T1,2x,360.0,S0a_RoutineOracle,routine,M_routine,800,True,1,422.9,422.9,0.0,0.0,1.0,persistence_half,1,0.67,0.15,beta,half
City-A,T1,2x,360.0,S0a_RoutineOracle,cross_regime,M_stress,800,True,1,422.9,311.5,48.5,0.2633,0.0,persistence_half,1,0.67,0.15,beta,half
City-A,T1,2x,360.0,S0b_StressOracle,routine,M_routine,800,True,2,613.1,799.0,0.0,0.0,1.0,persistence_half,1,0.67,0.15,beta,half
City-A,T1,2x,360.0,S0b_StressOracle,cross_regime,M_stress,800,True,2,613.1,613.1,0.0,0.0,1.0,persistence_half,1,0.67,0.15,beta,half
City-A,T1,2x,360.0,S1_CapRR,routine,M_routine,800,True,1,678.2,422.9,0.0,0.3765,1.0,persistence_half,1,0.67,0.15,beta,half
City-A,T1,2x,360.0,S1_CapRR,cross_regime,M_stress,800,True,1,678.2,311.5,48.5,0.5407,0.0,persistence_half,1,0.67,0.15,beta,half
City-A,T1,2x,360.0,S2_Platform,routine,M_routine,800,True,1,421.1,422.9,0.0,0.0,1.0,persistence_half,1,0.67,0.15,beta,half
City-A,T1,2x,360.0,S2_Platform,cross_regime,M_stress,800,True,1,421.1,311.5,48.5,0.2602,0.0,persistence_half,1,0.67,0.15,beta,half
City-A,T1,2x,360.0,S3_Lin4,routine,M_routine,800,True,1,489.5,422.9,0.0,0.1361,1.0,persistence_half,1,0.67,0.15,beta,half
City-A,T1,2x,360.0,S3_Lin4,cross_regime,M_stress,800,True,1,489.5,311.5,48.5,0.3636,0.0,persistence_half,1,0.67,0.15,beta,half
City-A,T1,2x,360.0,S4_GlobalCalib,routine,M_routine,800,True,1,452.6,422.9,0.0,0.0656,1.0,persistence_half,1,0.67,0.15,beta,half
City-A,T1,2x,360.0,S4_GlobalCalib,cross_regime,M_stress,800,True,1,452.6,311.5,48.5,0.3117,0.0,persistence_half,1,0.67,0.15,beta,half
City-A,T1,2x,360.0,S5_CityCalib,routine,M_routine,800,True,1,450.8,422.9,0.0,0.0621,1.0,persistence_half,1,0.67,0.15,beta,half
City-A,T1,2x,360.0,S5_CityCalib,cross_regime,M_stress,800,True,1,450.8,311.5,48.5,0.3091,0.0,persistence_half,1,0.67,0.15,beta,half
City-A,T1,2x,360.0,S6_Q10,routine,M_routine,800,True,1,421.5,422.9,0.0,0.0,1.0,persistence_half,1,0.67,0.15,beta,half
City-A,T1,2x,360.0,S6_Q10,cross_regime,M_stress,800,True,1,421.5,311.5,48.5,0.2611,0.0,persistence_half,1,0.67,0.15,beta,half
City-A,T1,5x,900.0,S0a_RoutineOracle,routine,M_routine,800,True,3,1223.7,1223.7,0.0,0.0,1.0,persistence_half,1,0.67,0.15,beta,half
City-A,T1,5x,900.0,S0a_RoutineOracle,cross_regime,M_stress,800,True,3,1223.7,826.0,74.0,0.325,0.0,persistence_half,1,0.67,0.15,beta,half
City-A,T1,5x,900.0,S0b_StressOracle,routine,M_routine,800,True,4,1136.7,1585.4,0.0,0.0,1.0,persistence_half,1,0.67,0.15,beta,half
City-A,T1,5x,900.0,S0b_StressOracle,cross_regime,M_stress,800,True,4,1136.7,1136.7,0.0,0.0,1.0,persistence_half,1,0.67,0.15,beta,half
City-A,T1,5x,900.0,S1_CapRR,routine,M_routine,800,True,2,1293.4,799.0,101.0,0.3823,0.0,persistence_half,1,0.67,0.15,beta,half
City-A,T1,5x,900.0,S1_CapRR,cross_regime,M_stress,800,True,2,1293.4,613.1,286.9,0.5259,0.0,persistence_half,1,0.67,0.15,beta,half
City-A,T1,5x,900.0,S2_Platform,routine,M_routine,800,True,3,1202.1,1119.1,0.0,0.069,1.0,persistence_half,1,0.67,0.15,beta,half
City-A,T1,5x,900.0,S2_Platform,cross_regime,M_stress,800,True,3,1202.1,831.8,68.2,0.308,0.0,persistence_half,1,0.67,0.15,beta,half
City-A,T1,5x,900.0,S3_Lin4,routine,M_routine,800,True,3,1254.4,1190.0,0.0,0.0514,1.0,persistence_half,1,0.67,0.15,beta,half
City-A,T1,5x,900.0,S3_Lin4,cross_regime,M_stress,800,True,3,1254.4,823.1,76.9,0.3438,0.0,persistence_half,1,0.67,0.15,beta,half
City-A,T1,5x,900.0,S4_GlobalCalib,routine,M_routine,800,True,3,1261.0,1207.3,0.0,0.0426,1.0,persistence_half,1,0.67,0.15,beta,half
City-A,T1,5x,900.0,S4_GlobalCalib,cross_regime,M_stress,800,True,3,1261.0,875.1,24.9,0.306,0.0,persistence_half,1,0.67,0.15,beta,half
City-A,T1,5x,900.0,S5_CityCalib,routine,M_routine,800,True,3,1256.3,1207.3,0.0,0.039,1.0,persistence_half,1,0.67,0.15,beta,half
City-A,T1,5x,900.0,S5_CityCalib,cross_regime,M_stress,800,True,3,1256.3,875.1,24.9,0.3034,0.0,persistence_half,1,0.67,0.15,beta,half
City-A,T1,5x,900.0,S6_Q10,routine,M_routine,800,True,3,1174.6,1207.3,0.0,0.0,1.0,persistence_half,1,0.67,0.15,beta,half
City-A,T1,5x,900.0,S6_Q10,cross_regime,M_stress,800,True,3,1174.6,875.1,24.9,0.255,0.0,persistence_half,1,0.67,0.15,beta,half
City-A,T1,10x,1800.0,S0a_RoutineOracle,routine,M_routine,800,True,5,1978.0,1978.0,0.0,0.0,1.0,persistence_half,1,0.67,0.15,beta,half
City-A,T1,10x,1800.0,S0a_RoutineOracle,cross_regime,M_stress,800,True,5,1978.0,1389.3,410.7,0.2976,0.0,persistence_half,1,0.67,0.15,beta,half
City-A,T1,10x,1800.0,S0b_StressOracle,routine,M_routine,800,True,7,1866.1,2639.1,0.0,0.0,1.0,persistence_half,1,0.67,0.15,beta,half
City-A,T1,10x,1800.0,S0b_StressOracle,cross_regime,M_stress,800,True,7,1866.1,1866.1,0.0,0.0,1.0,persistence_half,1,0.67,0.15,beta,half
City-A,T1,10x,1800.0,S1_CapRR,routine,M_routine,800,True,3,1889.7,1207.3,592.7,0.3611,0.0,persistence_half,1,0.67,0.15,beta,half
City-A,T1,10x,1800.0,S1_CapRR,cross_regime,M_stress,800,True,3,1889.7,875.1,924.9,0.5369,0.0,persistence_half,1,0.67,0.15,beta,half
City-A,T1,10x,1800.0,S2_Platform,routine,M_routine,800,True,5,1914.5,1851.0,0.0,0.0331,1.0,persistence_half,1,0.67,0.15,beta,half
City-A,T1,10x,1800.0,S2_Platform,cross_regime,M_stress,800,True,5,1914.5,1304.9,495.1,0.3184,0.0,persistence_half,1,0.67,0.15,beta,half
City-A,T1,10x,1800.0,S3_Lin4,routine,M_routine,800,True,5,1973.6,1958.7,0.0,0.0076,1.0,persistence_half,1,0.67,0.15,beta,half
City-A,T1,10x,1800.0,S3_Lin4,cross_regime,M_stress,800,True,5,1973.6,1377.3,422.7,0.3021,0.0,persistence_half,1,0.67,0.15,beta,half
City-A,T1,10x,1800.0,S4_GlobalCalib,routine,M_routine,800,True,5,2026.8,1978.0,0.0,0.0241,1.0,persistence_half,1,0.67,0.15,beta,half
City-A,T1,10x,1800.0,S4_GlobalCalib,cross_regime,M_stress,800,True,5,2026.8,1389.3,410.7,0.3145,0.0,persistence_half,1,0.67,0.15,beta,half
City-A,T1,10x,1800.0,S5_CityCalib,routine,M_routine,800,True,5,2019.3,1978.0,0.0,0.0205,1.0,persistence_half,1,0.67,0.15,beta,half
City-A,T1,10x,1800.0,S5_CityCalib,cross_regime,M_stress,800,True,5,2019.3,1389.3,410.7,0.312,0.0,persistence_half,1,0.67,0.15,beta,half
City-A,T1,10x,1800.0,S6_Q10,routine,M_routine,800,True,5,1888.0,1978.0,0.0,0.0,1.0,persistence_half,1,0.67,0.15,beta,half
City-A,T1,10x,1800.0,S6_Q10,cross_regime,M_stress,800,True,5,1888.0,1389.3,410.7,0.2642,0.0,persistence_half,1,0.67,0.15,beta,half
City-A,T2,1x,260.0,S0a_RoutineOracle,routine,M_routine,800,True,1,448.9,448.9,0.0,0.0,1.0,persistence_half,1,0.67,0.15,beta,half
City-A,T2,1x,260.0,S0a_RoutineOracle,cross_regime,M_stress,800,True,1,448.9,309.8,0.0,0.3099,1.0,persistence_half,1,0.67,0.15,beta,half
City-A,T2,1x,260.0,S0b_StressOracle,routine,M_routine,800,True,1,309.8,448.9,0.0,0.0,1.0,persistence_half,1,0.67,0.15,beta,half
City-A,T2,1x,260.0,S0b_StressOracle,cross_regime,M_stress,800,True,1,309.8,309.8,0.0,0.0,1.0,persistence_half,1,0.67,0.15,beta,half
City-A,T2,1x,260.0,S1_CapRR,routine,M_routine,800,True,1,678.2,448.9,0.0,0.338,1.0,persistence_half,1,0.67,0.15,beta,half
City-A,T2,1x,260.0,S1_CapRR,cross_regime,M_stress,800,True,1,678.2,309.8,0.0,0.5432,1.0,persistence_half,1,0.67,0.15,beta,half
City-A,T2,1x,260.0,S2_Platform,routine,M_routine,800,True,1,441.1,448.9,0.0,0.0,1.0,persistence_half,1,0.67,0.15,beta,half
City-A,T2,1x,260.0,S2_Platform,cross_regime,M_stress,800,True,1,441.1,309.8,0.0,0.2977,1.0,persistence_half,1,0.67,0.15,beta,half
City-A,T2,1x,260.0,S3_Lin4,routine,M_routine,800,True,1,487.6,448.9,0.0,0.0793,1.0,persistence_half,1,0.67,0.15,beta,half
City-A,T2,1x,260.0,S3_Lin4,cross_regime,M_stress,800,True,1,487.6,309.8,0.0,0.3646,1.0,persistence_half,1,0.67,0.15,beta,half
City-A,T2,1x,260.0,S4_GlobalCalib,routine,M_routine,800,True,1,452.5,448.9,0.0,0.008,1.0,persistence_half,1,0.67,0.15,beta,half
City-A,T2,1x,260.0,S4_GlobalCalib,cross_regime,M_stress,800,True,1,452.5,309.8,0.0,0.3154,1.0,persistence_half,1,0.67,0.15,beta,half
City-A,T2,1x,260.0,S5_CityCalib,routine,M_routine,800,True,1,453.1,448.9,0.0,0.0091,1.0,persistence_half,1,0.67,0.15,beta,half
City-A,T2,1x,260.0,S5_CityCalib,cross_regime,M_stress,800,True,1,453.1,309.8,0.0,0.3162,1.0,persistence_half,1,0.67,0.15,beta,half
City-A,T2,1x,260.0,S6_Q10,routine,M_routine,800,True,1,421.7,448.9,0.0,0.0,1.0,persistence_half,1,0.67,0.15,beta,half
City-A,T2,1x,260.0,S6_Q10,cross_regime,M_stress,800,True,1,421.7,309.8,0.0,0.2654,1.0,persistence_half,1,0.67,0.15,beta,half
City-A,T2,2x,520.0,S0a_RoutineOracle,routine,M_routine,800,True,2,842.3,842.3,0.0,0.0,1.0,persistence_half,1,0.67,0.15,beta,half
City-A,T2,2x,520.0,S0a_RoutineOracle,cross_regime,M_stress,800,True,2,842.3,576.8,0.0,0.3152,1.0,persistence_half,1,0.67,0.15,beta,half
City-A,T2,2x,520.0,S0b_StressOracle,routine,M_routine,800,True,2,603.3,833.6,0.0,0.0,1.0,persistence_half,1,0.67,0.15,beta,half
City-A,T2,2x,520.0,S0b_StressOracle,cross_regime,M_stress,800,True,2,603.3,603.3,0.0,0.0,1.0,persistence_half,1,0.67,0.15,beta,half
City-A,T2,2x,520.0,S1_CapRR,routine,M_routine,800,True,1,678.2,448.9,71.1,0.338,0.0,persistence_half,1,0.67,0.15,beta,half
City-A,T2,2x,520.0,S1_CapRR,cross_regime,M_stress,800,True,1,678.2,309.8,210.2,0.5432,0.0,persistence_half,1,0.67,0.15,beta,half
City-A,T2,2x,520.0,S2_Platform,routine,M_routine,800,True,2,849.9,833.6,0.0,0.0192,1.0,persistence_half,1,0.67,0.15,beta,half
City-A,T2,2x,520.0,S2_Platform,cross_regime,M_stress,800,True,2,849.9,603.3,0.0,0.2902,1.0,persistence_half,1,0.67,0.15,beta,half
City-A,T2,2x,520.0,S3_Lin4,routine,M_routine,800,True,2,871.2,842.3,0.0,0.0332,1.0,persistence_half,1,0.67,0.15,beta,half
City-A,T2,2x,520.0,S3_Lin4,cross_regime,M_stress,800,True,2,871.2,576.8,0.0,0.338,1.0,persistence_half,1,0.67,0.15,beta,half
City-A,T2,2x,520.0,S4_GlobalCalib,routine,M_routine,800,True,2,863.0,833.6,0.0,0.0341,1.0,persistence_half,1,0.67,0.15,beta,half
City-A,T2,2x,520.0,S4_GlobalCalib,cross_regime,M_stress,800,True,2,863.0,603.3,0.0,0.301,1.0,persistence_half,1,0.67,0.15,beta,half
City-A,T2,2x,520.0,S5_CityCalib,routine,M_routine,800,True,2,864.0,833.6,0.0,0.0352,1.0,persistence_half,1,0.67,0.15,beta,half
City-A,T2,2x,520.0,S5_CityCalib,cross_regime,M_stress,800,True,2,864.0,603.3,0.0,0.3018,1.0,persistence_half,1,0.67,0.15,beta,half
City-A,T2,2x,520.0,S6_Q10,routine,M_routine,800,True,2,804.3,833.6,0.0,0.0,1.0,persistence_half,1,0.67,0.15,beta,half
City-A,T2,2x,520.0,S6_Q10,cross_regime,M_stress,800,True,2,804.3,603.3,0.0,0.25,1.0,persistence_half,1,0.67,0.15,beta,half
City-A,T2,5x,1300.0,S0a_RoutineOracle,routine,M_routine,800,True,4,1613.3,1613.3,0.0,0.0,1.0,persistence_half,1,0.67,0.15,beta,half
City-A,T2,5x,1300.0,S0a_RoutineOracle,cross_regime,M_stress,800,True,4,1613.3,1101.7,198.3,0.3172,0.0,persistence_half,1,0.67,0.15,beta,half
City-A,T2,5x,1300.0,S0b_StressOracle,routine,M_routine,800,True,5,1348.7,1989.0,0.0,0.0,1.0,persistence_half,1,0.67,0.15,beta,half
City-A,T2,5x,1300.0,S0b_StressOracle,cross_regime,M_stress,800,True,5,1348.7,1348.7,0.0,0.0,1.0,persistence_half,1,0.67,0.15,beta,half
City-A,T2,5x,1300.0,S1_CapRR,routine,M_routine,800,True,3,1889.7,1227.0,73.0,0.3507,0.0,persistence_half,1,0.67,0.15,beta,half
City-A,T2,5x,1300.0,S1_CapRR,cross_regime,M_stress,800,True,3,1889.7,870.2,429.8,0.5395,0.0,persistence_half,1,0.67,0.15,beta,half
City-A,T2,5x,1300.0,S2_Platform,routine,M_routine,800,True,4,1596.5,1556.6,0.0,0.0249,1.0,persistence_half,1,0.67,0.15,beta,half
City-A,T2,5x,1300.0,S2_Platform,cross_regime,M_stress,800,True,4,1596.5,1075.8,224.2,0.3261,0.0,persistence_half,1,0.67,0.15,beta,half
City-A,T2,5x,1300.0,S3_Lin4,routine,M_routine,800,True,4,1608.3,1559.0,0.0,0.0306,1.0,persistence_half,1,0.67,0.15,beta,half
City-A,T2,5x,1300.0,S3_Lin4,cross_regime,M_stress,800,True,4,1608.3,1097.1,202.9,0.3178,0.0,persistence_half,1,0.67,0.15,beta,half
City-A,T2,5x,1300.0,S4_GlobalCalib,routine,M_routine,800,True,4,1649.5,1613.3,0.0,0.0219,1.0,persistence_half,1,0.67,0.15,beta,half
City-A,T2,5x,1300.0,S4_GlobalCalib,cross_regime,M_stress,800,True,4,1649.5,1101.7,198.3,0.3321,0.0,persistence_half,1,0.67,0.15,beta,half
City-A,T2,5x,1300.0,S5_CityCalib,routine,M_routine,800,True,4,1651.5,1613.3,0.0,0.0231,1.0,persistence_half,1,0.67,0.15,beta,half
City-A,T2,5x,1300.0,S5_CityCalib,cross_regime,M_stress,800,True,4,1651.5,1101.7,198.3,0.3329,0.0,persistence_half,1,0.67,0.15,beta,half
City-A,T2,5x,1300.0,S6_Q10,routine,M_routine,800,True,4,1537.3,1613.3,0.0,0.0,1.0,persistence_half,1,0.67,0.15,beta,half
City-A,T2,5x,1300.0,S6_Q10,cross_regime,M_stress,800,True,4,1537.3,1101.7,198.3,0.2834,0.0,persistence_half,1,0.67,0.15,beta,half
City-A,T2,10x,2600.0,S0a_RoutineOracle,routine,M_routine,800,True,7,2680.8,2680.8,0.0,0.0,1.0,persistence_half,1,0.67,0.15,beta,half
City-A,T2,10x,2600.0,S0a_RoutineOracle,cross_regime,M_stress,800,True,7,2680.8,1767.6,832.4,0.3407,0.0,persistence_half,1,0.67,0.15,beta,half
City-A,T2,10x,2600.0,S0b_StressOracle,routine,M_routine,800,True,11,2656.1,3940.6,0.0,0.0,1.0,persistence_half,1,0.67,0.15,beta,half
City-A,T2,10x,2600.0,S0b_StressOracle,cross_regime,M_stress,800,True,11,2656.1,2656.1,0.0,0.0,1.0,persistence_half,1,0.67,0.15,beta,half
City-A,T2,10x,2600.0,S1_CapRR,routine,M_routine,800,True,5,3037.3,1989.0,611.0,0.3451,0.0,persistence_half,1,0.67,0.15,beta,half
City-A,T2,10x,2600.0,S1_CapRR,cross_regime,M_stress,800,True,5,3037.3,1348.7,1251.3,0.5559,0.0,persistence_half,1,0.67,0.15,beta,half
City-A,T2,10x,2600.0,S2_Platform,routine,M_routine,800,True,7,2630.1,2600.1,0.0,0.0114,1.0,persistence_half,1,0.67,0.15,beta,half
City-A,T2,10x,2600.0,S2_Platform,cross_regime,M_stress,800,True,7,2630.1,1734.4,865.6,0.3406,0.0,persistence_half,1,0.67,0.15,beta,half
City-A,T2,10x,2600.0,S3_Lin4,routine,M_routine,800,True,7,2659.4,2642.6,0.0,0.0063,1.0,persistence_half,1,0.67,0.15,beta,half
City-A,T2,10x,2600.0,S3_Lin4,cross_regime,M_stress,800,True,7,2659.4,1783.2,816.8,0.3295,0.0,persistence_half,1,0.67,0.15,beta,half
City-A,T2,10x,2600.0,S4_GlobalCalib,routine,M_routine,800,True,7,2727.7,2668.4,0.0,0.0217,1.0,persistence_half,1,0.67,0.15,beta,half
City-A,T2,10x,2600.0,S4_GlobalCalib,cross_regime,M_stress,800,True,7,2727.7,1801.1,798.9,0.3397,0.0,persistence_half,1,0.67,0.15,beta,half
City-A,T2,10x,2600.0,S5_CityCalib,routine,M_routine,800,True,7,2731.1,2668.4,0.0,0.0229,1.0,persistence_half,1,0.67,0.15,beta,half
City-A,T2,10x,2600.0,S5_CityCalib,cross_regime,M_stress,800,True,7,2731.1,1801.1,798.9,0.3405,0.0,persistence_half,1,0.67,0.15,beta,half
City-A,T2,10x,2600.0,S6_Q10,routine,M_routine,800,True,8,2861.9,3008.9,0.0,0.0,1.0,persistence_half,1,0.67,0.15,beta,half
City-A,T2,10x,2600.0,S6_Q10,cross_regime,M_stress,800,True,8,2861.9,2027.4,572.6,0.2916,0.0,persistence_half,1,0.67,0.15,beta,half
City-A,T3,1x,200.0,S0a_RoutineOracle,routine,M_routine,800,True,1,397.2,397.2,0.0,0.0,1.0,persistence_half,1,0.67,0.15,beta,half
City-A,T3,1x,200.0,S0a_RoutineOracle,cross_regime,M_stress,800,True,1,397.2,259.2,0.0,0.3475,1.0,persistence_half,1,0.67,0.15,beta,half
City-A,T3,1x,200.0,S0b_StressOracle,routine,M_routine,800,True,1,259.2,397.2,0.0,0.0,1.0,persistence_half,1,0.67,0.15,beta,half
City-A,T3,1x,200.0,S0b_StressOracle,cross_regime,M_stress,800,True,1,259.2,259.2,0.0,0.0,1.0,persistence_half,1,0.67,0.15,beta,half
City-A,T3,1x,200.0,S1_CapRR,routine,M_routine,800,True,1,596.8,397.2,0.0,0.3344,1.0,persistence_half,1,0.67,0.15,beta,half
City-A,T3,1x,200.0,S1_CapRR,cross_regime,M_stress,800,True,1,596.8,259.2,0.0,0.5657,1.0,persistence_half,1,0.67,0.15,beta,half
City-A,T3,1x,200.0,S2_Platform,routine,M_routine,800,True,1,470.7,397.2,0.0,0.156,1.0,persistence_half,1,0.67,0.15,beta,half
City-A,T3,1x,200.0,S2_Platform,cross_regime,M_stress,800,True,1,470.7,259.2,0.0,0.4493,1.0,persistence_half,1,0.67,0.15,beta,half
City-A,T3,1x,200.0,S3_Lin4,routine,M_routine,800,True,1,485.7,397.2,0.0,0.1821,1.0,persistence_half,1,0.67,0.15,beta,half
City-A,T3,1x,200.0,S3_Lin4,cross_regime,M_stress,800,True,1,485.7,259.2,0.0,0.4664,1.0,persistence_half,1,0.67,0.15,beta,half
City-A,T3,1x,200.0,S4_GlobalCalib,routine,M_routine,800,True,1,396.9,397.2,0.0,0.0,1.0,persistence_half,1,0.67,0.15,beta,half
City-A,T3,1x,200.0,S4_GlobalCalib,cross_regime,M_stress,800,True,1,396.9,259.2,0.0,0.347,1.0,persistence_half,1,0.67,0.15,beta,half
City-A,T3,1x,200.0,S5_CityCalib,routine,M_routine,800,True,1,396.4,397.2,0.0,0.0,1.0,persistence_half,1,0.67,0.15,beta,half
City-A,T3,1x,200.0,S5_CityCalib,cross_regime,M_stress,800,True,1,396.4,259.2,0.0,0.3462,1.0,persistence_half,1,0.67,0.15,beta,half
City-A,T3,1x,200.0,S6_Q10,routine,M_routine,800,True,1,370.2,397.2,0.0,0.0,1.0,persistence_half,1,0.67,0.15,beta,half
City-A,T3,1x,200.0,S6_Q10,cross_regime,M_stress,800,True,1,370.2,259.2,0.0,0.2998,1.0,persistence_half,1,0.67,0.15,beta,half
City-A,T3,2x,400.0,S0a_RoutineOracle,routine,M_routine,800,True,2,755.2,755.2,0.0,0.0,1.0,persistence_half,1,0.67,0.15,beta,half
City-A,T3,2x,400.0,S0a_RoutineOracle,cross_regime,M_stress,800,True,2,755.2,504.1,0.0,0.3325,1.0,persistence_half,1,0.67,0.15,beta,half
City-A,T3,2x,400.0,S0b_StressOracle,routine,M_routine,800,True,2,504.1,755.2,0.0,0.0,1.0,persistence_half,1,0.67,0.15,beta,half
City-A,T3,2x,400.0,S0b_StressOracle,cross_regime,M_stress,800,True,2,504.1,504.1,0.0,0.0,1.0,persistence_half,1,0.67,0.15,beta,half
City-A,T3,2x,400.0,S1_CapRR,routine,M_routine,800,True,1,596.8,397.2,2.8,0.3344,0.0,persistence_half,1,0.67,0.15,beta,half
City-A,T3,2x,400.0,S1_CapRR,cross_regime,M_stress,800,True,1,596.8,259.2,140.8,0.5657,0.0,persistence_half,1,0.67,0.15,beta,half
City-A,T3,2x,400.0,S2_Platform,routine,M_routine,800,True,1,470.7,397.2,2.8,0.156,0.0,persistence_half,1,0.67,0.15,beta,half
City-A,T3,2x,400.0,S2_Platform,cross_regime,M_stress,800,True,1,470.7,259.2,140.8,0.4493,0.0,persistence_half,1,0.67,0.15,beta,half
City-A,T3,2x,400.0,S3_Lin4,routine,M_routine,800,True,1,485.7,397.2,2.8,0.1821,0.0,persistence_half,1,0.67,0.15,beta,half
City-A,T3,2x,400.0,S3_Lin4,cross_regime,M_stress,800,True,1,485.7,259.2,140.8,0.4664,0.0,persistence_half,1,0.67,0.15,beta,half
City-A,T3,2x,400.0,S4_GlobalCalib,routine,M_routine,800,True,2,756.9,755.2,0.0,0.0022,1.0,persistence_half,1,0.67,0.15,beta,half
City-A,T3,2x,400.0,S4_GlobalCalib,cross_regime,M_stress,800,True,2,756.9,504.1,0.0,0.3339,1.0,persistence_half,1,0.67,0.15,beta,half
City-A,T3,2x,400.0,S5_CityCalib,routine,M_routine,800,True,2,756.0,755.2,0.0,0.0011,1.0,persistence_half,1,0.67,0.15,beta,half
City-A,T3,2x,400.0,S5_CityCalib,cross_regime,M_stress,800,True,2,756.0,504.1,0.0,0.3332,1.0,persistence_half,1,0.67,0.15,beta,half
City-A,T3,2x,400.0,S6_Q10,routine,M_routine,800,True,2,705.9,755.2,0.0,0.0,1.0,persistence_half,1,0.67,0.15,beta,half
City-A,T3,2x,400.0,S6_Q10,cross_regime,M_stress,800,True,2,705.9,504.1,0.0,0.2858,1.0,persistence_half,1,0.67,0.15,beta,half
City-A,T3,5x,1000.0,S0a_RoutineOracle,routine,M_routine,800,True,3,1113.1,1113.1,0.0,0.0,1.0,persistence_half,1,0.67,0.15,beta,half
City-A,T3,5x,1000.0,S0a_RoutineOracle,cross_regime,M_stress,800,True,3,1113.1,728.0,272.0,0.346,0.0,persistence_half,1,0.67,0.15,beta,half
City-A,T3,5x,1000.0,S0b_StressOracle,routine,M_routine,800,True,5,1168.5,1761.0,0.0,0.0,1.0,persistence_half,1,0.67,0.15,beta,half
City-A,T3,5x,1000.0,S0b_StressOracle,cross_regime,M_stress,800,True,5,1168.5,1168.5,0.0,0.0,1.0,persistence_half,1,0.67,0.15,beta,half
City-A,T3,5x,1000.0,S1_CapRR,routine,M_routine,800,True,2,1138.1,755.2,244.8,0.3364,0.0,persistence_half,1,0.67,0.15,beta,half
City-A,T3,5x,1000.0,S1_CapRR,cross_regime,M_stress,800,True,2,1138.1,504.1,495.9,0.557,0.0,persistence_half,1,0.67,0.15,beta,half
City-A,T3,5x,1000.0,S2_Platform,routine,M_routine,800,True,3,1264.8,1082.9,0.0,0.1438,1.0,persistence_half,1,0.67,0.15,beta,half
City-A,T3,5x,1000.0,S2_Platform,cross_regime,M_stress,800,True,3,1264.8,704.3,295.7,0.4432,0.0,persistence_half,1,0.67,0.15,beta,half
City-A,T3,5x,1000.0,S3_Lin4,routine,M_routine,800,True,3,1233.7,1060.3,0.0,0.1405,1.0,persistence_half,1,0.67,0.15,beta,half
City-A,T3,5x,1000.0,S3_Lin4,cross_regime,M_stress,800,True,3,1233.7,690.3,309.7,0.4405,0.0,persistence_half,1,0.67,0.15,beta,half
City-A,T3,5x,1000.0,S4_GlobalCalib,routine,M_routine,800,True,3,1105.8,1113.1,0.0,0.0,1.0,persistence_half,1,0.67,0.15,beta,half
City-A,T3,5x,1000.0,S4_GlobalCalib,cross_regime,M_stress,800,True,3,1105.8,728.0,272.0,0.3417,0.0,persistence_half,1,0.67,0.15,beta,half
City-A,T3,5x,1000.0,S5_CityCalib,routine,M_routine,800,True,3,1104.6,1113.1,0.0,0.0,1.0,persistence_half,1,0.67,0.15,beta,half
City-A,T3,5x,1000.0,S5_CityCalib,cross_regime,M_stress,800,True,3,1104.6,728.0,272.0,0.3409,0.0,persistence_half,1,0.67,0.15,beta,half
City-A,T3,5x,1000.0,S6_Q10,routine,M_routine,800,True,3,1031.4,1113.1,0.0,0.0,1.0,persistence_half,1,0.67,0.15,beta,half
City-A,T3,5x,1000.0,S6_Q10,cross_regime,M_stress,800,True,3,1031.4,728.0,272.0,0.2941,0.0,persistence_half,1,0.67,0.15,beta,half
City-A,T3,10x,2000.0,S0a_RoutineOracle,routine,M_routine,800,True,6,2081.2,2081.2,0.0,0.0,1.0,persistence_half,1,0.67,0.15,beta,half
City-A,T3,10x,2000.0,S0a_RoutineOracle,cross_regime,M_stress,800,True,6,2081.2,1381.6,618.4,0.3361,0.0,persistence_half,1,0.67,0.15,beta,half
City-A,T3,10x,2000.0,S0b_StressOracle,routine,M_routine,800,True,10,2180.4,3303.8,0.0,0.0,1.0,persistence_half,1,0.67,0.15,beta,half
City-A,T3,10x,2000.0,S0b_StressOracle,cross_regime,M_stress,800,True,10,2180.4,2180.4,0.0,0.0,1.0,persistence_half,1,0.67,0.15,beta,half
City-A,T3,10x,2000.0,S1_CapRR,routine,M_routine,800,True,4,2175.3,1433.3,566.7,0.3411,0.0,persistence_half,1,0.67,0.15,beta,half
City-A,T3,10x,2000.0,S1_CapRR,cross_regime,M_stress,800,True,4,2175.3,947.3,1052.7,0.5645,0.0,persistence_half,1,0.67,0.15,beta,half
City-A,T3,10x,2000.0,S2_Platform,routine,M_routine,800,True,6,2357.9,2054.1,0.0,0.1288,1.0,persistence_half,1,0.67,0.15,beta,half
City-A,T3,10x,2000.0,S2_Platform,cross_regime,M_stress,800,True,6,2357.9,1369.2,630.8,0.4193,0.0,persistence_half,1,0.67,0.15,beta,half
City-A,T3,10x,2000.0,S3_Lin4,routine,M_routine,800,True,6,2268.1,2066.2,0.0,0.089,1.0,persistence_half,1,0.67,0.15,beta,half
City-A,T3,10x,2000.0,S3_Lin4,cross_regime,M_stress,800,True,6,2268.1,1375.7,624.3,0.3935,0.0,persistence_half,1,0.67,0.15,beta,half
City-A,T3,10x,2000.0,S4_GlobalCalib,routine,M_routine,800,True,6,2087.1,2066.2,0.0,0.01,1.0,persistence_half,1,0.67,0.15,beta,half
City-A,T3,10x,2000.0,S4_GlobalCalib,cross_regime,M_stress,800,True,6,2087.1,1375.7,624.3,0.3409,0.0,persistence_half,1,0.67,0.15,beta,half
City-A,T3,10x,2000.0,S5_CityCalib,routine,M_routine,800,True,6,2084.9,2066.2,0.0,0.009,1.0,persistence_half,1,0.67,0.15,beta,half
City-A,T3,10x,2000.0,S5_CityCalib,cross_regime,M_stress,800,True,6,2084.9,1375.7,624.3,0.3402,0.0,persistence_half,1,0.67,0.15,beta,half
City-A,T3,10x,2000.0,S6_Q10,routine,M_routine,800,True,7,2231.2,2375.3,0.0,0.0,1.0,persistence_half,1,0.67,0.15,beta,half
City-A,T3,10x,2000.0,S6_Q10,cross_regime,M_stress,800,True,7,2231.2,1573.6,426.4,0.2947,0.0,persistence_half,1,0.67,0.15,beta,half
City-A,T4,1x,140.0,S0a_RoutineOracle,routine,M_routine,800,True,1,440.4,440.4,0.0,0.0,1.0,persistence_half,1,0.67,0.15,beta,half
City-A,T4,1x,140.0,S0a_RoutineOracle,cross_regime,M_stress,800,True,1,440.4,304.5,0.0,0.3085,1.0,persistence_half,1,0.67,0.15,beta,half
City-A,T4,1x,140.0,S0b_StressOracle,routine,M_routine,800,True,1,304.5,440.4,0.0,0.0,1.0,persistence_half,1,0.67,0.15,beta,half
City-A,T4,1x,140.0,S0b_StressOracle,cross_regime,M_stress,800,True,1,304.5,304.5,0.0,0.0,1.0,persistence_half,1,0.67,0.15,beta,half
City-A,T4,1x,140.0,S1_CapRR,routine,M_routine,800,True,1,678.2,440.4,0.0,0.3507,1.0,persistence_half,1,0.67,0.15,beta,half
City-A,T4,1x,140.0,S1_CapRR,cross_regime,M_stress,800,True,1,678.2,304.5,0.0,0.551,1.0,persistence_half,1,0.67,0.15,beta,half
City-A,T4,1x,140.0,S2_Platform,routine,M_routine,800,True,1,299.2,409.6,0.0,0.0,1.0,persistence_half,1,0.67,0.15,beta,half
City-A,T4,1x,140.0,S2_Platform,cross_regime,M_stress,800,True,1,299.2,290.8,0.0,0.0282,1.0,persistence_half,1,0.67,0.15,beta,half
City-A,T4,1x,140.0,S3_Lin4,routine,M_routine,800,True,1,488.6,440.4,0.0,0.0987,1.0,persistence_half,1,0.67,0.15,beta,half
City-A,T4,1x,140.0,S3_Lin4,cross_regime,M_stress,800,True,1,488.6,304.5,0.0,0.3768,1.0,persistence_half,1,0.67,0.15,beta,half
City-A,T4,1x,140.0,S4_GlobalCalib,routine,M_routine,800,True,1,450.8,440.4,0.0,0.0232,1.0,persistence_half,1,0.67,0.15,beta,half
City-A,T4,1x,140.0,S4_GlobalCalib,cross_regime,M_stress,800,True,1,450.8,304.5,0.0,0.3246,1.0,persistence_half,1,0.67,0.15,beta,half
City-A,T4,1x,140.0,S5_CityCalib,routine,M_routine,800,True,1,450.6,440.4,0.0,0.0228,1.0,persistence_half,1,0.67,0.15,beta,half
City-A,T4,1x,140.0,S5_CityCalib,cross_regime,M_stress,800,True,1,450.6,304.5,0.0,0.3243,1.0,persistence_half,1,0.67,0.15,beta,half
City-A,T4,1x,140.0,S6_Q10,routine,M_routine,800,True,1,420.6,440.4,0.0,0.0,1.0,persistence_half,1,0.67,0.15,beta,half
City-A,T4,1x,140.0,S6_Q10,cross_regime,M_stress,800,True,1,420.6,304.5,0.0,0.2761,1.0,persistence_half,1,0.67,0.15,beta,half
City-A,T4,2x,280.0,S0a_RoutineOracle,routine,M_routine,800,True,1,440.4,440.4,0.0,0.0,1.0,persistence_half,1,0.67,0.15,beta,half
City-A,T4,2x,280.0,S0a_RoutineOracle,cross_regime,M_stress,800,True,1,440.4,304.5,0.0,0.3085,1.0,persistence_half,1,0.67,0.15,beta,half
City-A,T4,2x,280.0,S0b_StressOracle,routine,M_routine,800,True,1,304.5,440.4,0.0,0.0,1.0,persistence_half,1,0.67,0.15,beta,half
City-A,T4,2x,280.0,S0b_StressOracle,cross_regime,M_stress,800,True,1,304.5,304.5,0.0,0.0,1.0,persistence_half,1,0.67,0.15,beta,half
City-A,T4,2x,280.0,S1_CapRR,routine,M_routine,800,True,1,678.2,440.4,0.0,0.3507,1.0,persistence_half,1,0.67,0.15,beta,half
City-A,T4,2x,280.0,S1_CapRR,cross_regime,M_stress,800,True,1,678.2,304.5,0.0,0.551,1.0,persistence_half,1,0.67,0.15,beta,half
City-A,T4,2x,280.0,S2_Platform,routine,M_routine,800,True,1,299.2,409.6,0.0,0.0,1.0,persistence_half,1,0.67,0.15,beta,half
City-A,T4,2x,280.0,S2_Platform,cross_regime,M_stress,800,True,1,299.2,290.8,0.0,0.0282,1.0,persistence_half,1,0.67,0.15,beta,half
City-A,T4,2x,280.0,S3_Lin4,routine,M_routine,800,True,1,488.6,440.4,0.0,0.0987,1.0,persistence_half,1,0.67,0.15,beta,half
City-A,T4,2x,280.0,S3_Lin4,cross_regime,M_stress,800,True,1,488.6,304.5,0.0,0.3768,1.0,persistence_half,1,0.67,0.15,beta,half
City-A,T4,2x,280.0,S4_GlobalCalib,routine,M_routine,800,True,1,450.8,440.4,0.0,0.0232,1.0,persistence_half,1,0.67,0.15,beta,half
City-A,T4,2x,280.0,S4_GlobalCalib,cross_regime,M_stress,800,True,1,450.8,304.5,0.0,0.3246,1.0,persistence_half,1,0.67,0.15,beta,half
City-A,T4,2x,280.0,S5_CityCalib,routine,M_routine,800,True,1,450.6,440.4,0.0,0.0228,1.0,persistence_half,1,0.67,0.15,beta,half
City-A,T4,2x,280.0,S5_CityCalib,cross_regime,M_stress,800,True,1,450.6,304.5,0.0,0.3243,1.0,persistence_half,1,0.67,0.15,beta,half
City-A,T4,2x,280.0,S6_Q10,routine,M_routine,800,True,1,420.6,440.4,0.0,0.0,1.0,persistence_half,1,0.67,0.15,beta,half
City-A,T4,2x,280.0,S6_Q10,cross_regime,M_stress,800,True,1,420.6,304.5,0.0,0.2761,1.0,persistence_half,1,0.67,0.15,beta,half
City-A,T4,5x,700.0,S0a_RoutineOracle,routine,M_routine,800,True,2,849.9,849.9,0.0,0.0,1.0,persistence_half,1,0.67,0.15,beta,half
City-A,T4,5x,700.0,S0a_RoutineOracle,cross_regime,M_stress,800,True,2,849.9,595.3,104.7,0.2996,0.0,persistence_half,1,0.67,0.15,beta,half
City-A,T4,5x,700.0,S0b_StressOracle,routine,M_routine,800,True,3,866.4,1213.3,0.0,0.0,1.0,persistence_half,1,0.67,0.15,beta,half
City-A,T4,5x,700.0,S0b_StressOracle,cross_regime,M_stress,800,True,3,866.4,866.4,0.0,0.0,1.0,persistence_half,1,0.67,0.15,beta,half
City-A,T4,5x,700.0,S1_CapRR,routine,M_routine,800,True,2,1293.4,849.9,0.0,0.3429,1.0,persistence_half,1,0.67,0.15,beta,half
City-A,T4,5x,700.0,S1_CapRR,cross_regime,M_stress,800,True,2,1293.4,595.3,104.7,0.5398,0.0,persistence_half,1,0.67,0.15,beta,half
City-A,T4,5x,700.0,S2_Platform,routine,M_routine,800,True,3,870.0,1071.3,0.0,0.0,1.0,persistence_half,1,0.67,0.15,beta,half
City-A,T4,5x,700.0,S2_Platform,cross_regime,M_stress,800,True,3,870.0,697.4,2.6,0.1984,0.0,persistence_half,1,0.67,0.15,beta,half
City-A,T4,5x,700.0,S3_Lin4,routine,M_routine,800,True,2,873.5,837.2,0.0,0.0416,1.0,persistence_half,1,0.67,0.15,beta,half
City-A,T4,5x,700.0,S3_Lin4,cross_regime,M_stress,800,True,2,873.5,543.6,156.4,0.3777,0.0,persistence_half,1,0.67,0.15,beta,half
City-A,T4,5x,700.0,S4_GlobalCalib,routine,M_routine,800,True,2,859.8,849.9,0.0,0.0115,1.0,persistence_half,1,0.67,0.15,beta,half
City-A,T4,5x,700.0,S4_GlobalCalib,cross_regime,M_stress,800,True,2,859.8,595.3,104.7,0.3077,0.0,persistence_half,1,0.67,0.15,beta,half
City-A,T4,5x,700.0,S5_CityCalib,routine,M_routine,800,True,2,859.5,849.9,0.0,0.0111,1.0,persistence_half,1,0.67,0.15,beta,half
City-A,T4,5x,700.0,S5_CityCalib,cross_regime,M_stress,800,True,2,859.5,595.3,104.7,0.3074,0.0,persistence_half,1,0.67,0.15,beta,half
City-A,T4,5x,700.0,S6_Q10,routine,M_routine,800,True,2,802.2,849.9,0.0,0.0,1.0,persistence_half,1,0.67,0.15,beta,half
City-A,T4,5x,700.0,S6_Q10,cross_regime,M_stress,800,True,2,802.2,595.3,104.7,0.2579,0.0,persistence_half,1,0.67,0.15,beta,half
City-A,T4,10x,1400.0,S0a_RoutineOracle,routine,M_routine,800,True,4,1626.6,1626.6,0.0,0.0,1.0,persistence_half,1,0.67,0.15,beta,half
City-A,T4,10x,1400.0,S0a_RoutineOracle,cross_regime,M_stress,800,True,4,1626.6,1095.1,304.9,0.3268,0.0,persistence_half,1,0.67,0.15,beta,half
City-A,T4,10x,1400.0,S0b_StressOracle,routine,M_routine,800,True,6,1595.2,2317.0,0.0,0.0,1.0,persistence_half,1,0.67,0.15,beta,half
City-A,T4,10x,1400.0,S0b_StressOracle,cross_regime,M_stress,800,True,6,1595.2,1595.2,0.0,0.0,1.0,persistence_half,1,0.67,0.15,beta,half
City-A,T4,10x,1400.0,S1_CapRR,routine,M_routine,800,True,3,1889.7,1246.8,153.2,0.3402,0.0,persistence_half,1,0.67,0.15,beta,half
City-A,T4,10x,1400.0,S1_CapRR,cross_regime,M_stress,800,True,3,1889.7,834.4,565.6,0.5585,0.0,persistence_half,1,0.67,0.15,beta,half
City-A,T4,10x,1400.0,S2_Platform,routine,M_routine,800,True,5,1424.2,1654.7,0.0,0.0,1.0,persistence_half,1,0.67,0.15,beta,half
City-A,T4,10x,1400.0,S2_Platform,cross_regime,M_stress,800,True,5,1424.2,1050.2,349.8,0.2626,0.0,persistence_half,1,0.67,0.15,beta,half
City-A,T4,10x,1400.0,S3_Lin4,routine,M_routine,800,True,4,1613.3,1573.8,0.0,0.0245,1.0,persistence_half,1,0.67,0.15,beta,half
City-A,T4,10x,1400.0,S3_Lin4,cross_regime,M_stress,800,True,4,1613.3,1063.2,336.8,0.341,0.0,persistence_half,1,0.67,0.15,beta,half
City-A,T4,10x,1400.0,S4_GlobalCalib,routine,M_routine,800,True,4,1643.3,1626.6,0.0,0.0102,1.0,persistence_half,1,0.67,0.15,beta,half
City-A,T4,10x,1400.0,S4_GlobalCalib,cross_regime,M_stress,800,True,4,1643.3,1095.1,304.9,0.3336,0.0,persistence_half,1,0.67,0.15,beta,half
City-A,T4,10x,1400.0,S5_CityCalib,routine,M_routine,800,True,4,1642.7,1626.6,0.0,0.0098,1.0,persistence_half,1,0.67,0.15,beta,half
City-A,T4,10x,1400.0,S5_CityCalib,cross_regime,M_stress,800,True,4,1642.7,1095.1,304.9,0.3334,0.0,persistence_half,1,0.67,0.15,beta,half
City-A,T4,10x,1400.0,S6_Q10,routine,M_routine,800,True,4,1533.2,1626.6,0.0,0.0,1.0,persistence_half,1,0.67,0.15,beta,half
City-A,T4,10x,1400.0,S6_Q10,cross_regime,M_stress,800,True,4,1533.2,1095.1,304.9,0.2857,0.0,persistence_half,1,0.67,0.15,beta,half
City-A,T5,1x,160.0,S0a_RoutineOracle,routine,M_routine,800,True,1,398.2,398.2,0.0,0.0,1.0,persistence_half,1,0.67,0.15,beta,half
City-A,T5,1x,160.0,S0a_RoutineOracle,cross_regime,M_stress,800,True,1,398.2,258.7,0.0,0.3503,1.0,persistence_half,1,0.67,0.15,beta,half
City-A,T5,1x,160.0,S0b_StressOracle,routine,M_routine,800,True,1,258.7,398.2,0.0,0.0,1.0,persistence_half,1,0.67,0.15,beta,half
City-A,T5,1x,160.0,S0b_StressOracle,cross_regime,M_stress,800,True,1,258.7,258.7,0.0,0.0,1.0,persistence_half,1,0.67,0.15,beta,half
City-A,T5,1x,160.0,S1_CapRR,routine,M_routine,800,True,1,596.8,398.2,0.0,0.3328,1.0,persistence_half,1,0.67,0.15,beta,half
City-A,T5,1x,160.0,S1_CapRR,cross_regime,M_stress,800,True,1,596.8,258.7,0.0,0.5666,1.0,persistence_half,1,0.67,0.15,beta,half
City-A,T5,1x,160.0,S2_Platform,routine,M_routine,800,True,1,485.5,398.2,0.0,0.1799,1.0,persistence_half,1,0.67,0.15,beta,half
City-A,T5,1x,160.0,S2_Platform,cross_regime,M_stress,800,True,1,485.5,258.7,0.0,0.4672,1.0,persistence_half,1,0.67,0.15,beta,half
City-A,T5,1x,160.0,S3_Lin4,routine,M_routine,800,True,1,486.0,398.2,0.0,0.1807,1.0,persistence_half,1,0.67,0.15,beta,half
City-A,T5,1x,160.0,S3_Lin4,cross_regime,M_stress,800,True,1,486.0,258.7,0.0,0.4677,1.0,persistence_half,1,0.67,0.15,beta,half
City-A,T5,1x,160.0,S4_GlobalCalib,routine,M_routine,800,True,1,397.1,398.2,0.0,0.0,1.0,persistence_half,1,0.67,0.15,beta,half
City-A,T5,1x,160.0,S4_GlobalCalib,cross_regime,M_stress,800,True,1,397.1,258.7,0.0,0.3487,1.0,persistence_half,1,0.67,0.15,beta,half
City-A,T5,1x,160.0,S5_CityCalib,routine,M_routine,800,True,1,396.8,398.2,0.0,0.0,1.0,persistence_half,1,0.67,0.15,beta,half
City-A,T5,1x,160.0,S5_CityCalib,cross_regime,M_stress,800,True,1,396.8,258.7,0.0,0.3481,1.0,persistence_half,1,0.67,0.15,beta,half
City-A,T5,1x,160.0,S6_Q10,routine,M_routine,800,True,1,369.9,398.2,0.0,0.0,1.0,persistence_half,1,0.67,0.15,beta,half
City-A,T5,1x,160.0,S6_Q10,cross_regime,M_stress,800,True,1,369.9,258.7,0.0,0.3006,1.0,persistence_half,1,0.67,0.15,beta,half
City-A,T5,2x,320.0,S0a_RoutineOracle,routine,M_routine,800,True,1,398.2,398.2,0.0,0.0,1.0,persistence_half,1,0.67,0.15,beta,half
City-A,T5,2x,320.0,S0a_RoutineOracle,cross_regime,M_stress,800,True,1,398.2,258.7,61.3,0.3503,0.0,persistence_half,1,0.67,0.15,beta,half
City-A,T5,2x,320.0,S0b_StressOracle,routine,M_routine,800,True,2,516.0,744.4,0.0,0.0,1.0,persistence_half,1,0.67,0.15,beta,half
City-A,T5,2x,320.0,S0b_StressOracle,cross_regime,M_stress,800,True,2,516.0,516.0,0.0,0.0,1.0,persistence_half,1,0.67,0.15,beta,half
City-A,T5,2x,320.0,S1_CapRR,routine,M_routine,800,True,1,596.8,398.2,0.0,0.3328,1.0,persistence_half,1,0.67,0.15,beta,half
City-A,T5,2x,320.0,S1_CapRR,cross_regime,M_stress,800,True,1,596.8,258.7,61.3,0.5666,0.0,persistence_half,1,0.67,0.15,beta,half
City-A,T5,2x,320.0,S2_Platform,routine,M_routine,800,True,1,485.5,398.2,0.0,0.1799,1.0,persistence_half,1,0.67,0.15,beta,half
City-A,T5,2x,320.0,S2_Platform,cross_regime,M_stress,800,True,1,485.5,258.7,61.3,0.4672,0.0,persistence_half,1,0.67,0.15,beta,half
City-A,T5,2x,320.0,S3_Lin4,routine,M_routine,800,True,1,486.0,398.2,0.0,0.1807,1.0,persistence_half,1,0.67,0.15,beta,half
City-A,T5,2x,320.0,S3_Lin4,cross_regime,M_stress,800,True,1,486.0,258.7,61.3,0.4677,0.0,persistence_half,1,0.67,0.15,beta,half
City-A,T5,2x,320.0,S4_GlobalCalib,routine,M_routine,800,True,1,397.1,398.2,0.0,0.0,1.0,persistence_half,1,0.67,0.15,beta,half
City-A,T5,2x,320.0,S4_GlobalCalib,cross_regime,M_stress,800,True,1,397.1,258.7,61.3,0.3487,0.0,persistence_half,1,0.67,0.15,beta,half
City-A,T5,2x,320.0,S5_CityCalib,routine,M_routine,800,True,1,396.8,398.2,0.0,0.0,1.0,persistence_half,1,0.67,0.15,beta,half
City-A,T5,2x,320.0,S5_CityCalib,cross_regime,M_stress,800,True,1,396.8,258.7,61.3,0.3481,0.0,persistence_half,1,0.67,0.15,beta,half
City-A,T5,2x,320.0,S6_Q10,routine,M_routine,800,True,1,369.9,398.2,0.0,0.0,1.0,persistence_half,1,0.67,0.15,beta,half
City-A,T5,2x,320.0,S6_Q10,cross_regime,M_stress,800,True,1,369.9,258.7,61.3,0.3006,0.0,persistence_half,1,0.67,0.15,beta,half
City-A,T5,5x,800.0,S0a_RoutineOracle,routine,M_routine,800,True,3,1093.4,1093.4,0.0,0.0,1.0,persistence_half,1,0.67,0.15,beta,half
City-A,T5,5x,800.0,S0a_RoutineOracle,cross_regime,M_stress,800,True,3,1093.4,743.5,56.5,0.32,0.0,persistence_half,1,0.67,0.15,beta,half
City-A,T5,5x,800.0,S0b_StressOracle,routine,M_routine,800,True,4,959.6,1413.6,0.0,0.0,1.0,persistence_half,1,0.67,0.15,beta,half
City-A,T5,5x,800.0,S0b_StressOracle,cross_regime,M_stress,800,True,4,959.6,959.6,0.0,0.0,1.0,persistence_half,1,0.67,0.15,beta,half
City-A,T5,5x,800.0,S1_CapRR,routine,M_routine,800,True,2,1138.1,744.4,55.6,0.346,0.0,persistence_half,1,0.67,0.15,beta,half
City-A,T5,5x,800.0,S1_CapRR,cross_regime,M_stress,800,True,2,1138.1,516.0,284.0,0.5466,0.0,persistence_half,1,0.67,0.15,beta,half
City-A,T5,5x,800.0,S2_Platform,routine,M_routine,800,True,2,897.6,718.4,81.6,0.1997,0.0,persistence_half,1,0.67,0.15,beta,half
City-A,T5,5x,800.0,S2_Platform,cross_regime,M_stress,800,True,2,897.6,474.8,325.2,0.471,0.0,persistence_half,1,0.67,0.15,beta,half
City-A,T5,5x,800.0,S3_Lin4,routine,M_routine,800,True,2,861.8,747.2,52.8,0.1329,0.0,persistence_half,1,0.67,0.15,beta,half
City-A,T5,5x,800.0,S3_Lin4,cross_regime,M_stress,800,True,2,861.8,486.2,313.8,0.4359,0.0,persistence_half,1,0.67,0.15,beta,half
City-A,T5,5x,800.0,S4_GlobalCalib,routine,M_routine,800,True,3,1106.5,1093.4,0.0,0.0118,1.0,persistence_half,1,0.67,0.15,beta,half
City-A,T5,5x,800.0,S4_GlobalCalib,cross_regime,M_stress,800,True,3,1106.5,743.5,56.5,0.3281,0.0,persistence_half,1,0.67,0.15,beta,half
City-A,T5,5x,800.0,S5_CityCalib,routine,M_routine,800,True,3,1105.6,1093.4,0.0,0.011,1.0,persistence_half,1,0.67,0.15,beta,half
City-A,T5,5x,800.0,S5_CityCalib,cross_regime,M_stress,800,True,3,1105.6,743.5,56.5,0.3275,0.0,persistence_half,1,0.67,0.15,beta,half
City-A,T5,5x,800.0,S6_Q10,routine,M_routine,800,True,3,1030.6,1093.4,0.0,0.0,1.0,persistence_half,1,0.67,0.15,beta,half
City-A,T5,5x,800.0,S6_Q10,cross_regime,M_stress,800,True,3,1030.6,743.5,56.5,0.2785,0.0,persistence_half,1,0.67,0.15,beta,half
City-A,T5,10x,1600.0,S0a_RoutineOracle,routine,M_routine,800,True,5,1760.8,1760.8,0.0,0.0,1.0,persistence_half,1,0.67,0.15,beta,half
City-A,T5,10x,1600.0,S0a_RoutineOracle,cross_regime,M_stress,800,True,5,1760.8,1149.3,450.7,0.3473,0.0,persistence_half,1,0.67,0.15,beta,half
City-A,T5,10x,1600.0,S0b_StressOracle,routine,M_routine,800,True,8,1781.3,2641.3,0.0,0.0,1.0,persistence_half,1,0.67,0.15,beta,half
City-A,T5,10x,1600.0,S0b_StressOracle,cross_regime,M_stress,800,True,8,1781.3,1781.3,0.0,0.0,1.0,persistence_half,1,0.67,0.15,beta,half
City-A,T5,10x,1600.0,S1_CapRR,routine,M_routine,800,True,3,1662.9,1093.4,506.6,0.3424,0.0,persistence_half,1,0.67,0.15,beta,half
City-A,T5,10x,1600.0,S1_CapRR,cross_regime,M_stress,800,True,3,1662.9,743.5,856.5,0.5529,0.0,persistence_half,1,0.67,0.15,beta,half
City-A,T5,10x,1600.0,S2_Platform,routine,M_routine,800,True,4,1696.8,1411.9,188.1,0.1679,0.0,persistence_half,1,0.67,0.15,beta,half
City-A,T5,10x,1600.0,S2_Platform,cross_regime,M_stress,800,True,4,1696.8,909.7,690.3,0.4639,0.0,persistence_half,1,0.67,0.15,beta,half
City-A,T5,10x,1600.0,S3_Lin4,routine,M_routine,800,True,5,1925.9,1728.3,0.0,0.1026,1.0,persistence_half,1,0.67,0.15,beta,half
City-A,T5,10x,1600.0,S3_Lin4,cross_regime,M_stress,800,True,5,1925.9,1153.8,446.2,0.4009,0.0,persistence_half,1,0.67,0.15,beta,half
City-A,T5,10x,1600.0,S4_GlobalCalib,routine,M_routine,800,True,5,1778.5,1758.1,0.0,0.0115,1.0,persistence_half,1,0.67,0.15,beta,half
City-A,T5,10x,1600.0,S4_GlobalCalib,cross_regime,M_stress,800,True,5,1778.5,1167.0,433.0,0.3438,0.0,persistence_half,1,0.67,0.15,beta,half
City-A,T5,10x,1600.0,S5_CityCalib,routine,M_routine,800,True,5,1777.1,1758.1,0.0,0.0107,1.0,persistence_half,1,0.67,0.15,beta,half
City-A,T5,10x,1600.0,S5_CityCalib,cross_regime,M_stress,800,True,5,1777.1,1167.0,433.0,0.3433,0.0,persistence_half,1,0.67,0.15,beta,half
City-A,T5,10x,1600.0,S6_Q10,routine,M_routine,800,True,5,1656.5,1758.1,0.0,0.0,1.0,persistence_half,1,0.67,0.15,beta,half
City-A,T5,10x,1600.0,S6_Q10,cross_regime,M_stress,800,True,5,1656.5,1167.0,433.0,0.2955,0.0,persistence_half,1,0.67,0.15,beta,half
City-B,T1,1x,180.0,S0a_RoutineOracle,routine,M_routine,500,True,1,574.5,574.5,0.0,0.0,1.0,persistence_half,1,0.67,0.15,beta,half
City-B,T1,1x,180.0,S0a_RoutineOracle,cross_regime,M_stress,500,True,1,574.5,388.3,0.0,0.3241,1.0,persistence_half,1,0.67,0.15,beta,half
City-B,T1,1x,180.0,S0b_StressOracle,routine,M_routine,500,True,1,388.3,574.5,0.0,0.0,1.0,persistence_half,1,0.67,0.15,beta,half
City-B,T1,1x,180.0,S0b_StressOracle,cross_regime,M_stress,500,True,1,388.3,388.3,0.0,0.0,1.0,persistence_half,1,0.67,0.15,beta,half
City-B,T1,1x,180.0,S1_CapRR,routine,M_routine,500,True,1,846.0,547.3,0.0,0.3531,1.0,persistence_half,1,0.67,0.15,beta,half
City-B,T1,1x,180.0,S1_CapRR,cross_regime,M_stress,500,True,1,846.0,363.4,0.0,0.5704,1.0,persistence_half,1,0.67,0.15,beta,half
City-B,T1,1x,180.0,S2_Platform,routine,M_routine,500,True,1,561.1,473.6,0.0,0.1559,1.0,persistence_half,1,0.67,0.15,beta,half
City-B,T1,1x,180.0,S2_Platform,cross_regime,M_stress,500,True,1,561.1,306.9,0.0,0.4531,1.0,persistence_half,1,0.67,0.15,beta,half
City-B,T1,1x,180.0,S3_Lin4,routine,M_routine,500,True,1,465.0,549.7,0.0,0.0,1.0,persistence_half,1,0.67,0.15,beta,half
City-B,T1,1x,180.0,S3_Lin4,cross_regime,M_stress,500,True,1,465.0,348.0,0.0,0.2516,1.0,persistence_half,1,0.67,0.15,beta,half
City-B,T1,1x,180.0,S4_GlobalCalib,routine,M_routine,500,True,1,564.6,547.3,0.0,0.0306,1.0,persistence_half,1,0.67,0.15,beta,half
City-B,T1,1x,180.0,S4_GlobalCalib,cross_regime,M_stress,500,True,1,564.6,363.4,0.0,0.3563,1.0,persistence_half,1,0.67,0.15,beta,half
City-B,T1,1x,180.0,S5_CityCalib,routine,M_routine,500,True,1,565.3,547.3,0.0,0.0317,1.0,persistence_half,1,0.67,0.15,beta,half
City-B,T1,1x,180.0,S5_CityCalib,cross_regime,M_stress,500,True,1,565.3,363.4,0.0,0.3571,1.0,persistence_half,1,0.67,0.15,beta,half
City-B,T1,1x,180.0,S6_Q10,routine,M_routine,500,True,1,525.9,547.3,0.0,0.0,1.0,persistence_half,1,0.67,0.15,beta,half
City-B,T1,1x,180.0,S6_Q10,cross_regime,M_stress,500,True,1,525.9,363.4,0.0,0.3089,1.0,persistence_half,1,0.67,0.15,beta,half
City-B,T1,2x,360.0,S0a_RoutineOracle,routine,M_routine,500,True,1,574.5,574.5,0.0,0.0,1.0,persistence_half,1,0.67,0.15,beta,half
City-B,T1,2x,360.0,S0a_RoutineOracle,cross_regime,M_stress,500,True,1,574.5,388.3,0.0,0.3241,1.0,persistence_half,1,0.67,0.15,beta,half
City-B,T1,2x,360.0,S0b_StressOracle,routine,M_routine,500,True,1,388.3,574.5,0.0,0.0,1.0,persistence_half,1,0.67,0.15,beta,half
City-B,T1,2x,360.0,S0b_StressOracle,cross_regime,M_stress,500,True,1,388.3,388.3,0.0,0.0,1.0,persistence_half,1,0.67,0.15,beta,half
City-B,T1,2x,360.0,S1_CapRR,routine,M_routine,500,True,1,846.0,547.3,0.0,0.3531,1.0,persistence_half,1,0.67,0.15,beta,half
City-B,T1,2x,360.0,S1_CapRR,cross_regime,M_stress,500,True,1,846.0,363.4,0.0,0.5704,1.0,persistence_half,1,0.67,0.15,beta,half
City-B,T1,2x,360.0,S2_Platform,routine,M_routine,500,True,1,561.1,473.6,0.0,0.1559,1.0,persistence_half,1,0.67,0.15,beta,half
City-B,T1,2x,360.0,S2_Platform,cross_regime,M_stress,500,True,1,561.1,306.9,53.1,0.4531,0.0,persistence_half,1,0.67,0.15,beta,half
City-B,T1,2x,360.0,S3_Lin4,routine,M_routine,500,True,1,465.0,549.7,0.0,0.0,1.0,persistence_half,1,0.67,0.15,beta,half
City-B,T1,2x,360.0,S3_Lin4,cross_regime,M_stress,500,True,1,465.0,348.0,12.0,0.2516,0.0,persistence_half,1,0.67,0.15,beta,half
City-B,T1,2x,360.0,S4_GlobalCalib,routine,M_routine,500,True,1,564.6,547.3,0.0,0.0306,1.0,persistence_half,1,0.67,0.15,beta,half
City-B,T1,2x,360.0,S4_GlobalCalib,cross_regime,M_stress,500,True,1,564.6,363.4,0.0,0.3563,1.0,persistence_half,1,0.67,0.15,beta,half
City-B,T1,2x,360.0,S5_CityCalib,routine,M_routine,500,True,1,565.3,547.3,0.0,0.0317,1.0,persistence_half,1,0.67,0.15,beta,half
City-B,T1,2x,360.0,S5_CityCalib,cross_regime,M_stress,500,True,1,565.3,363.4,0.0,0.3571,1.0,persistence_half,1,0.67,0.15,beta,half
City-B,T1,2x,360.0,S6_Q10,routine,M_routine,500,True,1,525.9,547.3,0.0,0.0,1.0,persistence_half,1,0.67,0.15,beta,half
City-B,T1,2x,360.0,S6_Q10,cross_regime,M_stress,500,True,1,525.9,363.4,0.0,0.3089,1.0,persistence_half,1,0.67,0.15,beta,half
City-B,T1,5x,900.0,S0a_RoutineOracle,routine,M_routine,500,True,2,1124.2,1124.2,0.0,0.0,1.0,persistence_half,1,0.67,0.15,beta,half
City-B,T1,5x,900.0,S0a_RoutineOracle,cross_regime,M_stress,500,True,2,1124.2,736.3,163.7,0.345,0.0,persistence_half,1,0.67,0.15,beta,half
City-B,T1,5x,900.0,S0b_StressOracle,routine,M_routine,500,True,3,1099.7,1671.5,0.0,0.0,1.0,persistence_half,1,0.67,0.15,beta,half
City-B,T1,5x,900.0,S0b_StressOracle,cross_regime,M_stress,500,True,3,1099.7,1099.7,0.0,0.0,1.0,persistence_half,1,0.67,0.15,beta,half
City-B,T1,5x,900.0,S1_CapRR,routine,M_routine,500,True,2,1688.0,1121.8,0.0,0.3354,1.0,persistence_half,1,0.67,0.15,beta,half
City-B,T1,5x,900.0,S1_CapRR,cross_regime,M_stress,500,True,2,1688.0,751.7,148.3,0.5546,0.0,persistence_half,1,0.67,0.15,beta,half
City-B,T1,5x,900.0,S2_Platform,routine,M_routine,500,True,2,1112.3,1023.3,0.0,0.08,1.0,persistence_half,1,0.67,0.15,beta,half
City-B,T1,5x,900.0,S2_Platform,cross_regime,M_stress,500,True,2,1112.3,654.9,245.1,0.4112,0.0,persistence_half,1,0.67,0.15,beta,half
City-B,T1,5x,900.0,S3_Lin4,routine,M_routine,500,True,2,923.8,1023.3,0.0,0.0,1.0,persistence_half,1,0.67,0.15,beta,half
City-B,T1,5x,900.0,S3_Lin4,cross_regime,M_stress,500,True,2,923.8,654.9,245.1,0.291,0.0,persistence_half,1,0.67,0.15,beta,half
City-B,T1,5x,900.0,S4_GlobalCalib,routine,M_routine,500,True,2,1126.5,1121.8,0.0,0.0041,1.0,persistence_half,1,0.67,0.15,beta,half
City-B,T1,5x,900.0,S4_GlobalCalib,cross_regime,M_stress,500,True,2,1126.5,751.7,148.3,0.3327,0.0,persistence_half,1,0.67,0.15,beta,half
City-B,T1,5x,900.0,S5_CityCalib,routine,M_routine,500,True,2,1127.8,1121.8,0.0,0.0053,1.0,persistence_half,1,0.67,0.15,beta,half
City-B,T1,5x,900.0,S5_CityCalib,cross_regime,M_stress,500,True,2,1127.8,751.7,148.3,0.3334,0.0,persistence_half,1,0.67,0.15,beta,half
City-B,T1,5x,900.0,S6_Q10,routine,M_routine,500,True,2,1049.2,1121.8,0.0,0.0,1.0,persistence_half,1,0.67,0.15,beta,half
City-B,T1,5x,900.0,S6_Q10,cross_regime,M_stress,500,True,2,1049.2,751.7,148.3,0.2835,0.0,persistence_half,1,0.67,0.15,beta,half
City-B,T1,10x,1800.0,S0a_RoutineOracle,routine,M_routine,500,True,4,2145.2,2145.2,0.0,0.0,1.0,persistence_half,1,0.67,0.15,beta,half
City-B,T1,10x,1800.0,S0a_RoutineOracle,cross_regime,M_stress,500,True,4,2145.2,1406.6,393.4,0.3443,0.0,persistence_half,1,0.67,0.15,beta,half
City-B,T1,10x,1800.0,S0b_StressOracle,routine,M_routine,500,True,6,1996.2,3071.3,0.0,0.0,1.0,persistence_half,1,0.67,0.15,beta,half
City-B,T1,10x,1800.0,S0b_StressOracle,cross_regime,M_stress,500,True,6,1996.2,1996.2,0.0,0.0,1.0,persistence_half,1,0.67,0.15,beta,half
City-B,T1,10x,1800.0,S1_CapRR,routine,M_routine,500,True,3,2504.5,1671.5,128.5,0.3326,0.0,persistence_half,1,0.67,0.15,beta,half
City-B,T1,10x,1800.0,S1_CapRR,cross_regime,M_stress,500,True,3,2504.5,1099.7,700.3,0.5609,0.0,persistence_half,1,0.67,0.15,beta,half
City-B,T1,10x,1800.0,S2_Platform,routine,M_routine,500,True,4,2163.2,2145.2,0.0,0.0083,1.0,persistence_half,1,0.67,0.15,beta,half
City-B,T1,10x,1800.0,S2_Platform,cross_regime,M_stress,500,True,4,2163.2,1406.6,393.4,0.3497,0.0,persistence_half,1,0.67,0.15,beta,half
City-B,T1,10x,1800.0,S3_Lin4,routine,M_routine,500,True,4,1832.2,2145.2,0.0,0.0,1.0,persistence_half,1,0.67,0.15,beta,half
City-B,T1,10x,1800.0,S3_Lin4,cross_regime,M_stress,500,True,4,1832.2,1406.6,393.4,0.2323,0.0,persistence_half,1,0.67,0.15,beta,half
City-B,T1,10x,1800.0,S4_GlobalCalib,routine,M_routine,500,True,4,2204.5,2145.2,0.0,0.0269,1.0,persistence_half,1,0.67,0.15,beta,half
City-B,T1,10x,1800.0,S4_GlobalCalib,cross_regime,M_stress,500,True,4,2204.5,1406.6,393.4,0.3619,0.0,persistence_half,1,0.67,0.15,beta,half
City-B,T1,10x,1800.0,S5_CityCalib,routine,M_routine,500,True,4,2207.0,2145.2,0.0,0.028,1.0,persistence_half,1,0.67,0.15,beta,half
City-B,T1,10x,1800.0,S5_CityCalib,cross_regime,M_stress,500,True,4,2207.0,1406.6,393.4,0.3626,0.0,persistence_half,1,0.67,0.15,beta,half
City-B,T1,10x,1800.0,S6_Q10,routine,M_routine,500,True,4,2053.3,2145.2,0.0,0.0,1.0,persistence_half,1,0.67,0.15,beta,half
City-B,T1,10x,1800.0,S6_Q10,cross_regime,M_stress,500,True,4,2053.3,1406.6,393.4,0.3149,0.0,persistence_half,1,0.67,0.15,beta,half
City-B,T2,1x,260.0,S0a_RoutineOracle,routine,M_routine,500,True,1,584.9,584.9,0.0,0.0,1.0,persistence_half,1,0.67,0.15,beta,half
City-B,T2,1x,260.0,S0a_RoutineOracle,cross_regime,M_stress,500,True,1,584.9,356.0,0.0,0.3914,1.0,persistence_half,1,0.67,0.15,beta,half
City-B,T2,1x,260.0,S0b_StressOracle,routine,M_routine,500,True,1,357.8,514.9,0.0,0.0,1.0,persistence_half,1,0.67,0.15,beta,half
City-B,T2,1x,260.0,S0b_StressOracle,cross_regime,M_stress,500,True,1,357.8,357.8,0.0,0.0,1.0,persistence_half,1,0.67,0.15,beta,half
City-B,T2,1x,260.0,S1_CapRR,routine,M_routine,500,True,1,846.0,514.9,0.0,0.3913,1.0,persistence_half,1,0.67,0.15,beta,half
City-B,T2,1x,260.0,S1_CapRR,cross_regime,M_stress,500,True,1,846.0,357.8,0.0,0.5771,1.0,persistence_half,1,0.67,0.15,beta,half
City-B,T2,1x,260.0,S2_Platform,routine,M_routine,500,True,1,557.0,520.1,0.0,0.0664,1.0,persistence_half,1,0.67,0.15,beta,half
City-B,T2,1x,260.0,S2_Platform,cross_regime,M_stress,500,True,1,557.0,307.1,0.0,0.4487,1.0,persistence_half,1,0.67,0.15,beta,half
City-B,T2,1x,260.0,S3_Lin4,routine,M_routine,500,True,1,465.5,577.1,0.0,0.0,1.0,persistence_half,1,0.67,0.15,beta,half
City-B,T2,1x,260.0,S3_Lin4,cross_regime,M_stress,500,True,1,465.5,351.8,0.0,0.2442,1.0,persistence_half,1,0.67,0.15,beta,half
City-B,T2,1x,260.0,S4_GlobalCalib,routine,M_routine,500,True,1,564.6,514.9,0.0,0.0879,1.0,persistence_half,1,0.67,0.15,beta,half
City-B,T2,1x,260.0,S4_GlobalCalib,cross_regime,M_stress,500,True,1,564.6,357.8,0.0,0.3663,1.0,persistence_half,1,0.67,0.15,beta,half
City-B,T2,1x,260.0,S5_CityCalib,routine,M_routine,500,True,1,565.4,514.9,0.0,0.0893,1.0,persistence_half,1,0.67,0.15,beta,half
City-B,T2,1x,260.0,S5_CityCalib,cross_regime,M_stress,500,True,1,565.4,357.8,0.0,0.3672,1.0,persistence_half,1,0.67,0.15,beta,half
City-B,T2,1x,260.0,S6_Q10,routine,M_routine,500,True,1,526.1,514.9,0.0,0.0213,1.0,persistence_half,1,0.67,0.15,beta,half
City-B,T2,1x,260.0,S6_Q10,cross_regime,M_stress,500,True,1,526.1,357.8,0.0,0.3199,1.0,persistence_half,1,0.67,0.15,beta,half
City-B,T2,2x,520.0,S0a_RoutineOracle,routine,M_routine,500,True,1,584.9,584.9,0.0,0.0,1.0,persistence_half,1,0.67,0.15,beta,half
City-B,T2,2x,520.0,S0a_RoutineOracle,cross_regime,M_stress,500,True,1,584.9,356.0,164.0,0.3914,0.0,persistence_half,1,0.67,0.15,beta,half
City-B,T2,2x,520.0,S0b_StressOracle,routine,M_routine,500,True,2,713.7,1099.8,0.0,0.0,1.0,persistence_half,1,0.67,0.15,beta,half
City-B,T2,2x,520.0,S0b_StressOracle,cross_regime,M_stress,500,True,2,713.7,713.7,0.0,0.0,1.0,persistence_half,1,0.67,0.15,beta,half
City-B,T2,2x,520.0,S1_CapRR,routine,M_routine,500,True,1,846.0,514.9,5.1,0.3913,0.0,persistence_half,1,0.67,0.15,beta,half
City-B,T2,2x,520.0,S1_CapRR,cross_regime,M_stress,500,True,1,846.0,357.8,162.2,0.5771,0.0,persistence_half,1,0.67,0.15,beta,half
City-B,T2,2x,520.0,S2_Platform,routine,M_routine,500,True,1,557.0,520.1,0.0,0.0664,1.0,persistence_half,1,0.67,0.15,beta,half
City-B,T2,2x,520.0,S2_Platform,cross_regime,M_stress,500,True,1,557.0,307.1,212.9,0.4487,0.0,persistence_half,1,0.67,0.15,beta,half
City-B,T2,2x,520.0,S3_Lin4,routine,M_routine,500,True,2,924.8,1097.2,0.0,0.0,1.0,persistence_half,1,0.67,0.15,beta,half
City-B,T2,2x,520.0,S3_Lin4,cross_regime,M_stress,500,True,2,924.8,658.9,0.0,0.2875,1.0,persistence_half,1,0.67,0.15,beta,half
City-B,T2,2x,520.0,S4_GlobalCalib,routine,M_routine,500,True,1,564.6,514.9,5.1,0.0879,0.0,persistence_half,1,0.67,0.15,beta,half
City-B,T2,2x,520.0,S4_GlobalCalib,cross_regime,M_stress,500,True,1,564.6,357.8,162.2,0.3663,0.0,persistence_half,1,0.67,0.15,beta,half
City-B,T2,2x,520.0,S5_CityCalib,routine,M_routine,500,True,1,565.4,514.9,5.1,0.0893,0.0,persistence_half,1,0.67,0.15,beta,half
City-B,T2,2x,520.0,S5_CityCalib,cross_regime,M_stress,500,True,1,565.4,357.8,162.2,0.3672,0.0,persistence_half,1,0.67,0.15,beta,half
City-B,T2,2x,520.0,S6_Q10,routine,M_routine,500,True,1,526.1,514.9,5.1,0.0213,0.0,persistence_half,1,0.67,0.15,beta,half
City-B,T2,2x,520.0,S6_Q10,cross_regime,M_stress,500,True,1,526.1,357.8,162.2,0.3199,0.0,persistence_half,1,0.67,0.15,beta,half
City-B,T2,5x,1300.0,S0a_RoutineOracle,routine,M_routine,500,True,3,1682.1,1682.1,0.0,0.0,1.0,persistence_half,1,0.67,0.15,beta,half
City-B,T2,5x,1300.0,S0a_RoutineOracle,cross_regime,M_stress,500,True,3,1682.1,1014.9,285.1,0.3966,0.0,persistence_half,1,0.67,0.15,beta,half
City-B,T2,5x,1300.0,S0b_StressOracle,routine,M_routine,500,True,4,1372.7,2197.0,0.0,0.0,1.0,persistence_half,1,0.67,0.15,beta,half
City-B,T2,5x,1300.0,S0b_StressOracle,cross_regime,M_stress,500,True,4,1372.7,1372.7,0.0,0.0,1.0,persistence_half,1,0.67,0.15,beta,half
City-B,T2,5x,1300.0,S1_CapRR,routine,M_routine,500,True,2,1688.0,1099.8,200.2,0.3484,0.0,persistence_half,1,0.67,0.15,beta,half
City-B,T2,5x,1300.0,S1_CapRR,cross_regime,M_stress,500,True,2,1688.0,713.7,586.3,0.5772,0.0,persistence_half,1,0.67,0.15,beta,half
City-B,T2,5x,1300.0,S2_Platform,routine,M_routine,500,True,3,1630.3,1682.1,0.0,0.0,1.0,persistence_half,1,0.67,0.15,beta,half
City-B,T2,5x,1300.0,S2_Platform,cross_regime,M_stress,500,True,3,1630.3,1014.9,285.1,0.3775,0.0,persistence_half,1,0.67,0.15,beta,half
City-B,T2,5x,1300.0,S3_Lin4,routine,M_routine,500,True,3,1380.5,1612.1,0.0,0.0,1.0,persistence_half,1,0.67,0.15,beta,half
City-B,T2,5x,1300.0,S3_Lin4,cross_regime,M_stress,500,True,3,1380.5,1016.7,283.3,0.2635,0.0,persistence_half,1,0.67,0.15,beta,half
City-B,T2,5x,1300.0,S4_GlobalCalib,routine,M_routine,500,True,3,1671.3,1676.9,0.0,0.0,1.0,persistence_half,1,0.67,0.15,beta,half
City-B,T2,5x,1300.0,S4_GlobalCalib,cross_regime,M_stress,500,True,3,1671.3,1065.6,234.4,0.3624,0.0,persistence_half,1,0.67,0.15,beta,half
City-B,T2,5x,1300.0,S5_CityCalib,routine,M_routine,500,True,3,1673.8,1676.9,0.0,0.0,1.0,persistence_half,1,0.67,0.15,beta,half
City-B,T2,5x,1300.0,S5_CityCalib,cross_regime,M_stress,500,True,3,1673.8,1065.6,234.4,0.3634,0.0,persistence_half,1,0.67,0.15,beta,half
City-B,T2,5x,1300.0,S6_Q10,routine,M_routine,500,True,3,1557.5,1676.9,0.0,0.0,1.0,persistence_half,1,0.67,0.15,beta,half
City-B,T2,5x,1300.0,S6_Q10,cross_regime,M_stress,500,True,3,1557.5,1065.6,234.4,0.3158,0.0,persistence_half,1,0.67,0.15,beta,half
City-B,T2,10x,2600.0,S0a_RoutineOracle,routine,M_routine,500,True,5,2657.6,2657.6,0.0,0.0,1.0,persistence_half,1,0.67,0.15,beta,half
City-B,T2,10x,2600.0,S0a_RoutineOracle,cross_regime,M_stress,500,True,5,2657.6,1675.3,924.7,0.3696,0.0,persistence_half,1,0.67,0.15,beta,half
City-B,T2,10x,2600.0,S0b_StressOracle,routine,M_routine,500,True,9,2774.2,4248.5,0.0,0.0,1.0,persistence_half,1,0.67,0.15,beta,half
City-B,T2,10x,2600.0,S0b_StressOracle,cross_regime,M_stress,500,True,9,2774.2,2774.2,0.0,0.0,1.0,persistence_half,1,0.67,0.15,beta,half
City-B,T2,10x,2600.0,S1_CapRR,routine,M_routine,500,True,4,3303.2,2197.0,403.0,0.3349,0.0,persistence_half,1,0.67,0.15,beta,half
City-B,T2,10x,2600.0,S1_CapRR,cross_regime,M_stress,500,True,4,3303.2,1372.7,1227.3,0.5845,0.0,persistence_half,1,0.67,0.15,beta,half
City-B,T2,10x,2600.0,S2_Platform,routine,M_routine,500,True,6,2974.4,3061.8,0.0,0.0,1.0,persistence_half,1,0.67,0.15,beta,half
City-B,T2,10x,2600.0,S2_Platform,cross_regime,M_stress,500,True,6,2974.4,1933.2,666.8,0.35,0.0,persistence_half,1,0.67,0.15,beta,half
City-B,T2,10x,2600.0,S3_Lin4,routine,M_routine,500,True,6,2604.1,3061.8,0.0,0.0,1.0,persistence_half,1,0.67,0.15,beta,half
City-B,T2,10x,2600.0,S3_Lin4,cross_regime,M_stress,500,True,6,2604.1,1933.2,666.8,0.2576,0.0,persistence_half,1,0.67,0.15,beta,half
City-B,T2,10x,2600.0,S4_GlobalCalib,routine,M_routine,500,True,5,2670.6,2657.6,0.0,0.0049,1.0,persistence_half,1,0.67,0.15,beta,half
City-B,T2,10x,2600.0,S4_GlobalCalib,cross_regime,M_stress,500,True,5,2670.6,1675.3,924.7,0.3727,0.0,persistence_half,1,0.67,0.15,beta,half
City-B,T2,10x,2600.0,S5_CityCalib,routine,M_routine,500,True,5,2674.6,2657.6,0.0,0.0063,1.0,persistence_half,1,0.67,0.15,beta,half
City-B,T2,10x,2600.0,S5_CityCalib,cross_regime,M_stress,500,True,5,2674.6,1675.3,924.7,0.3736,0.0,persistence_half,1,0.67,0.15,beta,half
City-B,T2,10x,2600.0,S6_Q10,routine,M_routine,500,True,6,2889.0,3109.4,0.0,0.0,1.0,persistence_half,1,0.67,0.15,beta,half
City-B,T2,10x,2600.0,S6_Q10,cross_regime,M_stress,500,True,6,2889.0,1962.8,637.2,0.3206,0.0,persistence_half,1,0.67,0.15,beta,half
City-B,T3,1x,200.0,S0a_RoutineOracle,routine,M_routine,500,True,1,512.5,512.5,0.0,0.0,1.0,persistence_half,1,0.67,0.15,beta,half
City-B,T3,1x,200.0,S0a_RoutineOracle,cross_regime,M_stress,500,True,1,512.5,337.6,0.0,0.3414,1.0,persistence_half,1,0.67,0.15,beta,half
City-B,T3,1x,200.0,S0b_StressOracle,routine,M_routine,500,True,1,349.0,467.5,0.0,0.0,1.0,persistence_half,1,0.67,0.15,beta,half
City-B,T3,1x,200.0,S0b_StressOracle,cross_regime,M_stress,500,True,1,349.0,349.0,0.0,0.0,1.0,persistence_half,1,0.67,0.15,beta,half
City-B,T3,1x,200.0,S1_CapRR,routine,M_routine,500,True,1,744.5,467.5,0.0,0.3721,1.0,persistence_half,1,0.67,0.15,beta,half
City-B,T3,1x,200.0,S1_CapRR,cross_regime,M_stress,500,True,1,744.5,349.0,0.0,0.5313,1.0,persistence_half,1,0.67,0.15,beta,half
City-B,T3,1x,200.0,S2_Platform,routine,M_routine,500,True,1,543.2,512.5,0.0,0.0564,1.0,persistence_half,1,0.67,0.15,beta,half
City-B,T3,1x,200.0,S2_Platform,cross_regime,M_stress,500,True,1,543.2,337.6,0.0,0.3785,1.0,persistence_half,1,0.67,0.15,beta,half
City-B,T3,1x,200.0,S3_Lin4,routine,M_routine,500,True,1,455.5,500.2,0.0,0.0,1.0,persistence_half,1,0.67,0.15,beta,half
City-B,T3,1x,200.0,S3_Lin4,cross_regime,M_stress,500,True,1,455.5,312.9,0.0,0.3131,1.0,persistence_half,1,0.67,0.15,beta,half
City-B,T3,1x,200.0,S4_GlobalCalib,routine,M_routine,500,True,1,495.1,467.5,0.0,0.0558,1.0,persistence_half,1,0.67,0.15,beta,half
City-B,T3,1x,200.0,S4_GlobalCalib,cross_regime,M_stress,500,True,1,495.1,349.0,0.0,0.2952,1.0,persistence_half,1,0.67,0.15,beta,half
City-B,T3,1x,200.0,S5_CityCalib,routine,M_routine,500,True,1,495.6,467.5,0.0,0.0567,1.0,persistence_half,1,0.67,0.15,beta,half
City-B,T3,1x,200.0,S5_CityCalib,cross_regime,M_stress,500,True,1,495.6,349.0,0.0,0.2959,1.0,persistence_half,1,0.67,0.15,beta,half
City-B,T3,1x,200.0,S6_Q10,routine,M_routine,500,True,1,461.8,467.5,0.0,0.0,1.0,persistence_half,1,0.67,0.15,beta,half
City-B,T3,1x,200.0,S6_Q10,cross_regime,M_stress,500,True,1,461.8,349.0,0.0,0.2443,1.0,persistence_half,1,0.67,0.15,beta,half
City-B,T3,2x,400.0,S0a_RoutineOracle,routine,M_routine,500,True,1,512.5,512.5,0.0,0.0,1.0,persistence_half,1,0.67,0.15,beta,half
City-B,T3,2x,400.0,S0a_RoutineOracle,cross_regime,M_stress,500,True,1,512.5,337.6,62.4,0.3414,0.0,persistence_half,1,0.67,0.15,beta,half
City-B,T3,2x,400.0,S0b_StressOracle,routine,M_routine,500,True,2,686.5,980.0,0.0,0.0,1.0,persistence_half,1,0.67,0.15,beta,half
City-B,T3,2x,400.0,S0b_StressOracle,cross_regime,M_stress,500,True,2,686.5,686.5,0.0,0.0,1.0,persistence_half,1,0.67,0.15,beta,half
City-B,T3,2x,400.0,S1_CapRR,routine,M_routine,500,True,1,744.5,467.5,0.0,0.3721,1.0,persistence_half,1,0.67,0.15,beta,half
City-B,T3,2x,400.0,S1_CapRR,cross_regime,M_stress,500,True,1,744.5,349.0,51.0,0.5313,0.0,persistence_half,1,0.67,0.15,beta,half
City-B,T3,2x,400.0,S2_Platform,routine,M_routine,500,True,1,543.2,512.5,0.0,0.0564,1.0,persistence_half,1,0.67,0.15,beta,half
City-B,T3,2x,400.0,S2_Platform,cross_regime,M_stress,500,True,1,543.2,337.6,62.4,0.3785,0.0,persistence_half,1,0.67,0.15,beta,half
City-B,T3,2x,400.0,S3_Lin4,routine,M_routine,500,True,1,455.5,500.2,0.0,0.0,1.0,persistence_half,1,0.67,0.15,beta,half
City-B,T3,2x,400.0,S3_Lin4,cross_regime,M_stress,500,True,1,455.5,312.9,87.1,0.3131,0.0,persistence_half,1,0.67,0.15,beta,half
City-B,T3,2x,400.0,S4_GlobalCalib,routine,M_routine,500,True,1,495.1,467.5,0.0,0.0558,1.0,persistence_half,1,0.67,0.15,beta,half
City-B,T3,2x,400.0,S4_GlobalCalib,cross_regime,M_stress,500,True,1,495.1,349.0,51.0,0.2952,0.0,persistence_half,1,0.67,0.15,beta,half
City-B,T3,2x,400.0,S5_CityCalib,routine,M_routine,500,True,1,495.6,467.5,0.0,0.0567,1.0,persistence_half,1,0.67,0.15,beta,half
City-B,T3,2x,400.0,S5_CityCalib,cross_regime,M_stress,500,True,1,495.6,349.0,51.0,0.2959,0.0,persistence_half,1,0.67,0.15,beta,half
City-B,T3,2x,400.0,S6_Q10,routine,M_routine,500,True,1,461.8,467.5,0.0,0.0,1.0,persistence_half,1,0.67,0.15,beta,half
City-B,T3,2x,400.0,S6_Q10,cross_regime,M_stress,500,True,1,461.8,349.0,51.0,0.2443,0.0,persistence_half,1,0.67,0.15,beta,half
City-B,T3,5x,1000.0,S0a_RoutineOracle,routine,M_routine,500,True,2,1012.8,1012.8,0.0,0.0,1.0,persistence_half,1,0.67,0.15,beta,half
City-B,T3,5x,1000.0,S0a_RoutineOracle,cross_regime,M_stress,500,True,2,1012.8,650.4,349.6,0.3578,0.0,persistence_half,1,0.67,0.15,beta,half
City-B,T3,5x,1000.0,S0b_StressOracle,routine,M_routine,500,True,4,1280.0,1904.4,0.0,0.0,1.0,persistence_half,1,0.67,0.15,beta,half
City-B,T3,5x,1000.0,S0b_StressOracle,cross_regime,M_stress,500,True,4,1280.0,1280.0,0.0,0.0,1.0,persistence_half,1,0.67,0.15,beta,half
City-B,T3,5x,1000.0,S1_CapRR,routine,M_routine,500,True,2,1485.4,980.0,20.0,0.3402,0.0,persistence_half,1,0.67,0.15,beta,half
City-B,T3,5x,1000.0,S1_CapRR,cross_regime,M_stress,500,True,2,1485.4,686.5,313.5,0.5378,0.0,persistence_half,1,0.67,0.15,beta,half
City-B,T3,5x,1000.0,S2_Platform,routine,M_routine,500,True,2,1048.0,1012.8,0.0,0.0336,1.0,persistence_half,1,0.67,0.15,beta,half
City-B,T3,5x,1000.0,S2_Platform,cross_regime,M_stress,500,True,2,1048.0,650.4,349.6,0.3793,0.0,persistence_half,1,0.67,0.15,beta,half
City-B,T3,5x,1000.0,S3_Lin4,routine,M_routine,500,True,3,1347.5,1391.8,0.0,0.0,1.0,persistence_half,1,0.67,0.15,beta,half
City-B,T3,5x,1000.0,S3_Lin4,cross_regime,M_stress,500,True,3,1347.5,942.5,57.5,0.3006,0.0,persistence_half,1,0.67,0.15,beta,half
City-B,T3,5x,1000.0,S4_GlobalCalib,routine,M_routine,500,True,3,1465.7,1480.3,0.0,0.0,1.0,persistence_half,1,0.67,0.15,beta,half
City-B,T3,5x,1000.0,S4_GlobalCalib,cross_regime,M_stress,500,True,3,1465.7,999.4,0.6,0.3182,0.0,persistence_half,1,0.67,0.15,beta,half
City-B,T3,5x,1000.0,S5_CityCalib,routine,M_routine,500,True,3,1467.1,1480.3,0.0,0.0,1.0,persistence_half,1,0.67,0.15,beta,half
City-B,T3,5x,1000.0,S5_CityCalib,cross_regime,M_stress,500,True,3,1467.1,999.4,0.6,0.3188,0.0,persistence_half,1,0.67,0.15,beta,half
City-B,T3,5x,1000.0,S6_Q10,routine,M_routine,500,True,3,1366.9,1480.3,0.0,0.0,1.0,persistence_half,1,0.67,0.15,beta,half
City-B,T3,5x,1000.0,S6_Q10,cross_regime,M_stress,500,True,3,1366.9,999.4,0.6,0.2689,0.0,persistence_half,1,0.67,0.15,beta,half
City-B,T3,10x,2000.0,S0a_RoutineOracle,routine,M_routine,500,True,5,2321.7,2321.7,0.0,0.0,1.0,persistence_half,1,0.67,0.15,beta,half
City-B,T3,10x,2000.0,S0a_RoutineOracle,cross_regime,M_stress,500,True,5,2321.7,1554.4,445.6,0.3305,0.0,persistence_half,1,0.67,0.15,beta,half
City-B,T3,10x,2000.0,S0b_StressOracle,routine,M_routine,500,True,7,2035.9,3034.9,0.0,0.0,1.0,persistence_half,1,0.67,0.15,beta,half
City-B,T3,10x,2000.0,S0b_StressOracle,cross_regime,M_stress,500,True,7,2035.9,2035.9,0.0,0.0,1.0,persistence_half,1,0.67,0.15,beta,half
City-B,T3,10x,2000.0,S1_CapRR,routine,M_routine,500,True,3,2203.9,1480.3,519.7,0.3283,0.0,persistence_half,1,0.67,0.15,beta,half
City-B,T3,10x,2000.0,S1_CapRR,cross_regime,M_stress,500,True,3,2203.9,999.4,1000.6,0.5465,0.0,persistence_half,1,0.67,0.15,beta,half
City-B,T3,10x,2000.0,S2_Platform,routine,M_routine,500,True,5,2307.7,2189.3,0.0,0.0513,1.0,persistence_half,1,0.67,0.15,beta,half
City-B,T3,10x,2000.0,S2_Platform,cross_regime,M_stress,500,True,5,2307.7,1430.9,569.1,0.3799,0.0,persistence_half,1,0.67,0.15,beta,half
City-B,T3,10x,2000.0,S3_Lin4,routine,M_routine,500,True,5,2163.3,2302.3,0.0,0.0,1.0,persistence_half,1,0.67,0.15,beta,half
City-B,T3,10x,2000.0,S3_Lin4,cross_regime,M_stress,500,True,5,2163.3,1510.7,489.3,0.3017,0.0,persistence_half,1,0.67,0.15,beta,half
City-B,T3,10x,2000.0,S4_GlobalCalib,routine,M_routine,500,True,5,2342.2,2321.7,0.0,0.0088,1.0,persistence_half,1,0.67,0.15,beta,half
City-B,T3,10x,2000.0,S4_GlobalCalib,cross_regime,M_stress,500,True,5,2342.2,1554.4,445.6,0.3363,0.0,persistence_half,1,0.67,0.15,beta,half
City-B,T3,10x,2000.0,S5_CityCalib,routine,M_routine,500,True,5,2344.2,2321.7,0.0,0.0096,1.0,persistence_half,1,0.67,0.15,beta,half
City-B,T3,10x,2000.0,S5_CityCalib,cross_regime,M_stress,500,True,5,2344.2,1554.4,445.6,0.3369,0.0,persistence_half,1,0.67,0.15,beta,half
City-B,T3,10x,2000.0,S6_Q10,routine,M_routine,500,True,5,2184.4,2321.7,0.0,0.0,1.0,persistence_half,1,0.67,0.15,beta,half
City-B,T3,10x,2000.0,S6_Q10,cross_regime,M_stress,500,True,5,2184.4,1554.4,445.6,0.2884,0.0,persistence_half,1,0.67,0.15,beta,half
City-B,T4,1x,140.0,S0a_RoutineOracle,routine,M_routine,500,True,1,585.6,585.6,0.0,0.0,1.0,persistence_half,1,0.67,0.15,beta,half
City-B,T4,1x,140.0,S0a_RoutineOracle,cross_regime,M_stress,500,True,1,585.6,350.2,0.0,0.402,1.0,persistence_half,1,0.67,0.15,beta,half
City-B,T4,1x,140.0,S0b_StressOracle,routine,M_routine,500,True,1,364.6,580.2,0.0,0.0,1.0,persistence_half,1,0.67,0.15,beta,half
City-B,T4,1x,140.0,S0b_StressOracle,cross_regime,M_stress,500,True,1,364.6,364.6,0.0,0.0,1.0,persistence_half,1,0.67,0.15,beta,half
City-B,T4,1x,140.0,S1_CapRR,routine,M_routine,500,True,1,846.0,544.8,0.0,0.356,1.0,persistence_half,1,0.67,0.15,beta,half
City-B,T4,1x,140.0,S1_CapRR,cross_regime,M_stress,500,True,1,846.0,360.1,0.0,0.5744,1.0,persistence_half,1,0.67,0.15,beta,half
City-B,T4,1x,140.0,S2_Platform,routine,M_routine,500,True,1,480.1,544.8,0.0,0.0,1.0,persistence_half,1,0.67,0.15,beta,half
City-B,T4,1x,140.0,S2_Platform,cross_regime,M_stress,500,True,1,480.1,360.1,0.0,0.2499,1.0,persistence_half,1,0.67,0.15,beta,half
City-B,T4,1x,140.0,S3_Lin4,routine,M_routine,500,True,1,466.7,585.6,0.0,0.0,1.0,persistence_half,1,0.67,0.15,beta,half
City-B,T4,1x,140.0,S3_Lin4,cross_regime,M_stress,500,True,1,466.7,350.2,0.0,0.2498,1.0,persistence_half,1,0.67,0.15,beta,half
City-B,T4,1x,140.0,S4_GlobalCalib,routine,M_routine,500,True,1,562.4,544.8,0.0,0.0312,1.0,persistence_half,1,0.67,0.15,beta,half
City-B,T4,1x,140.0,S4_GlobalCalib,cross_regime,M_stress,500,True,1,562.4,360.1,0.0,0.3597,1.0,persistence_half,1,0.67,0.15,beta,half
City-B,T4,1x,140.0,S5_CityCalib,routine,M_routine,500,True,1,562.0,544.8,0.0,0.0304,1.0,persistence_half,1,0.67,0.15,beta,half
City-B,T4,1x,140.0,S5_CityCalib,cross_regime,M_stress,500,True,1,562.0,360.1,0.0,0.3592,1.0,persistence_half,1,0.67,0.15,beta,half
City-B,T4,1x,140.0,S6_Q10,routine,M_routine,500,True,1,524.7,544.8,0.0,0.0,1.0,persistence_half,1,0.67,0.15,beta,half
City-B,T4,1x,140.0,S6_Q10,cross_regime,M_stress,500,True,1,524.7,360.1,0.0,0.3138,1.0,persistence_half,1,0.67,0.15,beta,half
City-B,T4,2x,280.0,S0a_RoutineOracle,routine,M_routine,500,True,1,585.6,585.6,0.0,0.0,1.0,persistence_half,1,0.67,0.15,beta,half
City-B,T4,2x,280.0,S0a_RoutineOracle,cross_regime,M_stress,500,True,1,585.6,350.2,0.0,0.402,1.0,persistence_half,1,0.67,0.15,beta,half
City-B,T4,2x,280.0,S0b_StressOracle,routine,M_routine,500,True,1,364.6,580.2,0.0,0.0,1.0,persistence_half,1,0.67,0.15,beta,half
City-B,T4,2x,280.0,S0b_StressOracle,cross_regime,M_stress,500,True,1,364.6,364.6,0.0,0.0,1.0,persistence_half,1,0.67,0.15,beta,half
City-B,T4,2x,280.0,S1_CapRR,routine,M_routine,500,True,1,846.0,544.8,0.0,0.356,1.0,persistence_half,1,0.67,0.15,beta,half
City-B,T4,2x,280.0,S1_CapRR,cross_regime,M_stress,500,True,1,846.0,360.1,0.0,0.5744,1.0,persistence_half,1,0.67,0.15,beta,half
City-B,T4,2x,280.0,S2_Platform,routine,M_routine,500,True,1,480.1,544.8,0.0,0.0,1.0,persistence_half,1,0.67,0.15,beta,half
City-B,T4,2x,280.0,S2_Platform,cross_regime,M_stress,500,True,1,480.1,360.1,0.0,0.2499,1.0,persistence_half,1,0.67,0.15,beta,half
City-B,T4,2x,280.0,S3_Lin4,routine,M_routine,500,True,1,466.7,585.6,0.0,0.0,1.0,persistence_half,1,0.67,0.15,beta,half
City-B,T4,2x,280.0,S3_Lin4,cross_regime,M_stress,500,True,1,466.7,350.2,0.0,0.2498,1.0,persistence_half,1,0.67,0.15,beta,half
City-B,T4,2x,280.0,S4_GlobalCalib,routine,M_routine,500,True,1,562.4,544.8,0.0,0.0312,1.0,persistence_half,1,0.67,0.15,beta,half
City-B,T4,2x,280.0,S4_GlobalCalib,cross_regime,M_stress,500,True,1,562.4,360.1,0.0,0.3597,1.0,persistence_half,1,0.67,0.15,beta,half
City-B,T4,2x,280.0,S5_CityCalib,routine,M_routine,500,True,1,562.0,544.8,0.0,0.0304,1.0,persistence_half,1,0.67,0.15,beta,half
City-B,T4,2x,280.0,S5_CityCalib,cross_regime,M_stress,500,True,1,562.0,360.1,0.0,0.3592,1.0,persistence_half,1,0.67,0.15,beta,half
City-B,T4,2x,280.0,S6_Q10,routine,M_routine,500,True,1,524.7,544.8,0.0,0.0,1.0,persistence_half,1,0.67,0.15,beta,half
City-B,T4,2x,280.0,S6_Q10,cross_regime,M_stress,500,True,1,524.7,360.1,0.0,0.3138,1.0,persistence_half,1,0.67,0.15,beta,half
City-B,T4,5x,700.0,S0a_RoutineOracle,routine,M_routine,500,True,2,1165.7,1165.7,0.0,0.0,1.0,persistence_half,1,0.67,0.15,beta,half
City-B,T4,5x,700.0,S0a_RoutineOracle,cross_regime,M_stress,500,True,2,1165.7,714.8,0.0,0.3868,1.0,persistence_half,1,0.67,0.15,beta,half
City-B,T4,5x,700.0,S0b_StressOracle,routine,M_routine,500,True,2,724.7,1125.0,0.0,0.0,1.0,persistence_half,1,0.67,0.15,beta,half
City-B,T4,5x,700.0,S0b_StressOracle,cross_regime,M_stress,500,True,2,724.7,724.7,0.0,0.0,1.0,persistence_half,1,0.67,0.15,beta,half
City-B,T4,5x,700.0,S1_CapRR,routine,M_routine,500,True,1,846.0,544.8,155.2,0.356,0.0,persistence_half,1,0.67,0.15,beta,half
City-B,T4,5x,700.0,S1_CapRR,cross_regime,M_stress,500,True,1,846.0,360.1,339.9,0.5744,0.0,persistence_half,1,0.67,0.15,beta,half
City-B,T4,5x,700.0,S2_Platform,routine,M_routine,500,True,2,912.9,1045.8,0.0,0.0,1.0,persistence_half,1,0.67,0.15,beta,half
City-B,T4,5x,700.0,S2_Platform,cross_regime,M_stress,500,True,2,912.9,685.4,14.6,0.2492,0.0,persistence_half,1,0.67,0.15,beta,half
City-B,T4,5x,700.0,S3_Lin4,routine,M_routine,500,True,2,927.3,1086.5,0.0,0.0,1.0,persistence_half,1,0.67,0.15,beta,half
City-B,T4,5x,700.0,S3_Lin4,cross_regime,M_stress,500,True,2,927.3,675.5,24.5,0.2715,0.0,persistence_half,1,0.67,0.15,beta,half
City-B,T4,5x,700.0,S4_GlobalCalib,routine,M_routine,500,True,2,1122.1,1125.0,0.0,0.0,1.0,persistence_half,1,0.67,0.15,beta,half
City-B,T4,5x,700.0,S4_GlobalCalib,cross_regime,M_stress,500,True,2,1122.1,724.7,0.0,0.3541,1.0,persistence_half,1,0.67,0.15,beta,half
City-B,T4,5x,700.0,S5_CityCalib,routine,M_routine,500,True,2,1121.2,1125.0,0.0,0.0,1.0,persistence_half,1,0.67,0.15,beta,half
City-B,T4,5x,700.0,S5_CityCalib,cross_regime,M_stress,500,True,2,1121.2,724.7,0.0,0.3536,1.0,persistence_half,1,0.67,0.15,beta,half
City-B,T4,5x,700.0,S6_Q10,routine,M_routine,500,True,2,1046.9,1125.0,0.0,0.0,1.0,persistence_half,1,0.67,0.15,beta,half
City-B,T4,5x,700.0,S6_Q10,cross_regime,M_stress,500,True,2,1046.9,724.7,0.0,0.3078,1.0,persistence_half,1,0.67,0.15,beta,half
City-B,T4,10x,1400.0,S0a_RoutineOracle,routine,M_routine,500,True,3,1710.6,1710.6,0.0,0.0,1.0,persistence_half,1,0.67,0.15,beta,half
City-B,T4,10x,1400.0,S0a_RoutineOracle,cross_regime,M_stress,500,True,3,1710.6,1074.9,325.1,0.3716,0.0,persistence_half,1,0.67,0.15,beta,half
City-B,T4,10x,1400.0,S0b_StressOracle,routine,M_routine,500,True,4,1400.2,2211.5,0.0,0.0,1.0,persistence_half,1,0.67,0.15,beta,half
City-B,T4,10x,1400.0,S0b_StressOracle,cross_regime,M_stress,500,True,4,1400.2,1400.2,0.0,0.0,1.0,persistence_half,1,0.67,0.15,beta,half
City-B,T4,10x,1400.0,S1_CapRR,routine,M_routine,500,True,2,1688.0,1125.0,275.0,0.3335,0.0,persistence_half,1,0.67,0.15,beta,half
City-B,T4,10x,1400.0,S1_CapRR,cross_regime,M_stress,500,True,2,1688.0,724.7,675.3,0.5707,0.0,persistence_half,1,0.67,0.15,beta,half
City-B,T4,10x,1400.0,S2_Platform,routine,M_routine,500,True,4,1693.5,2069.1,0.0,0.0,1.0,persistence_half,1,0.67,0.15,beta,half
City-B,T4,10x,1400.0,S2_Platform,cross_regime,M_stress,500,True,4,1693.5,1297.5,102.5,0.2339,0.0,persistence_half,1,0.67,0.15,beta,half
City-B,T4,10x,1400.0,S3_Lin4,routine,M_routine,500,True,4,1839.1,2211.5,0.0,0.0,1.0,persistence_half,1,0.67,0.15,beta,half
City-B,T4,10x,1400.0,S3_Lin4,cross_regime,M_stress,500,True,4,1839.1,1400.2,0.0,0.2387,1.0,persistence_half,1,0.67,0.15,beta,half
City-B,T4,10x,1400.0,S4_GlobalCalib,routine,M_routine,500,True,3,1664.9,1710.6,0.0,0.0,1.0,persistence_half,1,0.67,0.15,beta,half
City-B,T4,10x,1400.0,S4_GlobalCalib,cross_regime,M_stress,500,True,3,1664.9,1074.9,325.1,0.3544,0.0,persistence_half,1,0.67,0.15,beta,half
City-B,T4,10x,1400.0,S5_CityCalib,routine,M_routine,500,True,3,1663.6,1710.6,0.0,0.0,1.0,persistence_half,1,0.67,0.15,beta,half
City-B,T4,10x,1400.0,S5_CityCalib,cross_regime,M_stress,500,True,3,1663.6,1074.9,325.1,0.3539,0.0,persistence_half,1,0.67,0.15,beta,half
City-B,T4,10x,1400.0,S6_Q10,routine,M_routine,500,True,3,1553.3,1710.6,0.0,0.0,1.0,persistence_half,1,0.67,0.15,beta,half
City-B,T4,10x,1400.0,S6_Q10,cross_regime,M_stress,500,True,3,1553.3,1074.9,325.1,0.308,0.0,persistence_half,1,0.67,0.15,beta,half
City-B,T5,1x,160.0,S0a_RoutineOracle,routine,M_routine,500,True,1,530.2,530.2,0.0,0.0,1.0,persistence_half,1,0.67,0.15,beta,half
City-B,T5,1x,160.0,S0a_RoutineOracle,cross_regime,M_stress,500,True,1,530.2,324.1,0.0,0.3887,1.0,persistence_half,1,0.67,0.15,beta,half
City-B,T5,1x,160.0,S0b_StressOracle,routine,M_routine,500,True,1,341.3,471.7,0.0,0.0,1.0,persistence_half,1,0.67,0.15,beta,half
City-B,T5,1x,160.0,S0b_StressOracle,cross_regime,M_stress,500,True,1,341.3,341.3,0.0,0.0,1.0,persistence_half,1,0.67,0.15,beta,half
City-B,T5,1x,160.0,S1_CapRR,routine,M_routine,500,True,1,744.5,471.7,0.0,0.3664,1.0,persistence_half,1,0.67,0.15,beta,half
City-B,T5,1x,160.0,S1_CapRR,cross_regime,M_stress,500,True,1,744.5,341.3,0.0,0.5416,1.0,persistence_half,1,0.67,0.15,beta,half
City-B,T5,1x,160.0,S2_Platform,routine,M_routine,500,True,1,553.3,530.2,0.0,0.0418,1.0,persistence_half,1,0.67,0.15,beta,half
City-B,T5,1x,160.0,S2_Platform,cross_regime,M_stress,500,True,1,553.3,324.1,0.0,0.4143,1.0,persistence_half,1,0.67,0.15,beta,half
City-B,T5,1x,160.0,S3_Lin4,routine,M_routine,500,True,1,456.0,523.6,0.0,0.0,1.0,persistence_half,1,0.67,0.15,beta,half
City-B,T5,1x,160.0,S3_Lin4,cross_regime,M_stress,500,True,1,456.0,282.9,0.0,0.3795,1.0,persistence_half,1,0.67,0.15,beta,half
City-B,T5,1x,160.0,S4_GlobalCalib,routine,M_routine,500,True,1,495.5,471.7,0.0,0.048,1.0,persistence_half,1,0.67,0.15,beta,half
City-B,T5,1x,160.0,S4_GlobalCalib,cross_regime,M_stress,500,True,1,495.5,341.3,0.0,0.3112,1.0,persistence_half,1,0.67,0.15,beta,half
City-B,T5,1x,160.0,S5_CityCalib,routine,M_routine,500,True,1,495.9,471.7,0.0,0.0488,1.0,persistence_half,1,0.67,0.15,beta,half
City-B,T5,1x,160.0,S5_CityCalib,cross_regime,M_stress,500,True,1,495.9,341.3,0.0,0.3118,1.0,persistence_half,1,0.67,0.15,beta,half
City-B,T5,1x,160.0,S6_Q10,routine,M_routine,500,True,1,461.4,471.7,0.0,0.0,1.0,persistence_half,1,0.67,0.15,beta,half
City-B,T5,1x,160.0,S6_Q10,cross_regime,M_stress,500,True,1,461.4,341.3,0.0,0.2604,1.0,persistence_half,1,0.67,0.15,beta,half
City-B,T5,2x,320.0,S0a_RoutineOracle,routine,M_routine,500,True,1,530.2,530.2,0.0,0.0,1.0,persistence_half,1,0.67,0.15,beta,half
City-B,T5,2x,320.0,S0a_RoutineOracle,cross_regime,M_stress,500,True,1,530.2,324.1,0.0,0.3887,1.0,persistence_half,1,0.67,0.15,beta,half
City-B,T5,2x,320.0,S0b_StressOracle,routine,M_routine,500,True,1,341.3,471.7,0.0,0.0,1.0,persistence_half,1,0.67,0.15,beta,half
City-B,T5,2x,320.0,S0b_StressOracle,cross_regime,M_stress,500,True,1,341.3,341.3,0.0,0.0,1.0,persistence_half,1,0.67,0.15,beta,half
City-B,T5,2x,320.0,S1_CapRR,routine,M_routine,500,True,1,744.5,471.7,0.0,0.3664,1.0,persistence_half,1,0.67,0.15,beta,half
City-B,T5,2x,320.0,S1_CapRR,cross_regime,M_stress,500,True,1,744.5,341.3,0.0,0.5416,1.0,persistence_half,1,0.67,0.15,beta,half
City-B,T5,2x,320.0,S2_Platform,routine,M_routine,500,True,1,553.3,530.2,0.0,0.0418,1.0,persistence_half,1,0.67,0.15,beta,half
City-B,T5,2x,320.0,S2_Platform,cross_regime,M_stress,500,True,1,553.3,324.1,0.0,0.4143,1.0,persistence_half,1,0.67,0.15,beta,half
City-B,T5,2x,320.0,S3_Lin4,routine,M_routine,500,True,1,456.0,523.6,0.0,0.0,1.0,persistence_half,1,0.67,0.15,beta,half
City-B,T5,2x,320.0,S3_Lin4,cross_regime,M_stress,500,True,1,456.0,282.9,37.1,0.3795,0.0,persistence_half,1,0.67,0.15,beta,half
City-B,T5,2x,320.0,S4_GlobalCalib,routine,M_routine,500,True,1,495.5,471.7,0.0,0.048,1.0,persistence_half,1,0.67,0.15,beta,half
City-B,T5,2x,320.0,S4_GlobalCalib,cross_regime,M_stress,500,True,1,495.5,341.3,0.0,0.3112,1.0,persistence_half,1,0.67,0.15,beta,half
City-B,T5,2x,320.0,S5_CityCalib,routine,M_routine,500,True,1,495.9,471.7,0.0,0.0488,1.0,persistence_half,1,0.67,0.15,beta,half
City-B,T5,2x,320.0,S5_CityCalib,cross_regime,M_stress,500,True,1,495.9,341.3,0.0,0.3118,1.0,persistence_half,1,0.67,0.15,beta,half
City-B,T5,2x,320.0,S6_Q10,routine,M_routine,500,True,1,461.4,471.7,0.0,0.0,1.0,persistence_half,1,0.67,0.15,beta,half
City-B,T5,2x,320.0,S6_Q10,cross_regime,M_stress,500,True,1,461.4,341.3,0.0,0.2604,1.0,persistence_half,1,0.67,0.15,beta,half
City-B,T5,5x,800.0,S0a_RoutineOracle,routine,M_routine,500,True,2,1053.8,1053.8,0.0,0.0,1.0,persistence_half,1,0.67,0.15,beta,half
City-B,T5,5x,800.0,S0a_RoutineOracle,cross_regime,M_stress,500,True,2,1053.8,607.0,193.0,0.424,0.0,persistence_half,1,0.67,0.15,beta,half
City-B,T5,5x,800.0,S0b_StressOracle,routine,M_routine,500,True,3,954.9,1440.4,0.0,0.0,1.0,persistence_half,1,0.67,0.15,beta,half
City-B,T5,5x,800.0,S0b_StressOracle,cross_regime,M_stress,500,True,3,954.9,954.9,0.0,0.0,1.0,persistence_half,1,0.67,0.15,beta,half
City-B,T5,5x,800.0,S1_CapRR,routine,M_routine,500,True,2,1485.4,1001.9,0.0,0.3255,1.0,persistence_half,1,0.67,0.15,beta,half
City-B,T5,5x,800.0,S1_CapRR,cross_regime,M_stress,500,True,2,1485.4,665.4,134.6,0.5521,0.0,persistence_half,1,0.67,0.15,beta,half
City-B,T5,5x,800.0,S2_Platform,routine,M_routine,500,True,2,1093.7,1053.8,0.0,0.0365,1.0,persistence_half,1,0.67,0.15,beta,half
City-B,T5,5x,800.0,S2_Platform,cross_regime,M_stress,500,True,2,1093.7,607.0,193.0,0.445,0.0,persistence_half,1,0.67,0.15,beta,half
City-B,T5,5x,800.0,S3_Lin4,routine,M_routine,500,True,2,905.8,962.1,0.0,0.0,1.0,persistence_half,1,0.67,0.15,beta,half
City-B,T5,5x,800.0,S3_Lin4,cross_regime,M_stress,500,True,2,905.8,572.5,227.5,0.368,0.0,persistence_half,1,0.67,0.15,beta,half
City-B,T5,5x,800.0,S4_GlobalCalib,routine,M_routine,500,True,2,988.6,1001.9,0.0,0.0,1.0,persistence_half,1,0.67,0.15,beta,half
City-B,T5,5x,800.0,S4_GlobalCalib,cross_regime,M_stress,500,True,2,988.6,665.4,134.6,0.327,0.0,persistence_half,1,0.67,0.15,beta,half
City-B,T5,5x,800.0,S5_CityCalib,routine,M_routine,500,True,2,989.5,1001.9,0.0,0.0,1.0,persistence_half,1,0.67,0.15,beta,half
City-B,T5,5x,800.0,S5_CityCalib,cross_regime,M_stress,500,True,2,989.5,665.4,134.6,0.3276,0.0,persistence_half,1,0.67,0.15,beta,half
City-B,T5,5x,800.0,S6_Q10,routine,M_routine,500,True,2,920.6,1001.9,0.0,0.0,1.0,persistence_half,1,0.67,0.15,beta,half
City-B,T5,5x,800.0,S6_Q10,cross_regime,M_stress,500,True,2,920.6,665.4,134.6,0.2772,0.0,persistence_half,1,0.67,0.15,beta,half
City-B,T5,10x,1600.0,S0a_RoutineOracle,routine,M_routine,500,True,4,1964.0,1964.0,0.0,0.0,1.0,persistence_half,1,0.67,0.15,beta,half
City-B,T5,10x,1600.0,S0a_RoutineOracle,cross_regime,M_stress,500,True,4,1964.0,1237.8,362.2,0.3697,0.0,persistence_half,1,0.67,0.15,beta,half
City-B,T5,10x,1600.0,S0b_StressOracle,routine,M_routine,500,True,6,1763.1,2729.6,0.0,0.0,1.0,persistence_half,1,0.67,0.15,beta,half
City-B,T5,10x,1600.0,S0b_StressOracle,cross_regime,M_stress,500,True,6,1763.1,1763.1,0.0,0.0,1.0,persistence_half,1,0.67,0.15,beta,half
City-B,T5,10x,1600.0,S1_CapRR,routine,M_routine,500,True,3,2203.9,1525.5,74.5,0.3078,0.0,persistence_half,1,0.67,0.15,beta,half
City-B,T5,10x,1600.0,S1_CapRR,cross_regime,M_stress,500,True,3,2203.9,948.3,651.7,0.5697,0.0,persistence_half,1,0.67,0.15,beta,half
City-B,T5,10x,1600.0,S2_Platform,routine,M_routine,500,True,4,2025.8,1873.3,0.0,0.0753,1.0,persistence_half,1,0.67,0.15,beta,half
City-B,T5,10x,1600.0,S2_Platform,cross_regime,M_stress,500,True,4,2025.8,1167.9,432.1,0.4235,0.0,persistence_half,1,0.67,0.15,beta,half
City-B,T5,10x,1600.0,S3_Lin4,routine,M_routine,500,True,4,1789.7,1964.0,0.0,0.0,1.0,persistence_half,1,0.67,0.15,beta,half
City-B,T5,10x,1600.0,S3_Lin4,cross_regime,M_stress,500,True,4,1789.7,1237.8,362.2,0.3084,0.0,persistence_half,1,0.67,0.15,beta,half
City-B,T5,10x,1600.0,S4_GlobalCalib,routine,M_routine,500,True,4,1934.6,1964.0,0.0,0.0,1.0,persistence_half,1,0.67,0.15,beta,half
City-B,T5,10x,1600.0,S4_GlobalCalib,cross_regime,M_stress,500,True,4,1934.6,1237.8,362.2,0.3602,0.0,persistence_half,1,0.67,0.15,beta,half
City-B,T5,10x,1600.0,S5_CityCalib,routine,M_routine,500,True,4,1936.2,1964.0,0.0,0.0,1.0,persistence_half,1,0.67,0.15,beta,half
City-B,T5,10x,1600.0,S5_CityCalib,cross_regime,M_stress,500,True,4,1936.2,1237.8,362.2,0.3607,0.0,persistence_half,1,0.67,0.15,beta,half
City-B,T5,10x,1600.0,S6_Q10,routine,M_routine,500,True,4,1801.5,1964.0,0.0,0.0,1.0,persistence_half,1,0.67,0.15,beta,half
City-B,T5,10x,1600.0,S6_Q10,cross_regime,M_stress,500,True,4,1801.5,1237.8,362.2,0.3129,0.0,persistence_half,1,0.67,0.15,beta,half
City-C,T1,1x,180.0,S0a_RoutineOracle,routine,M_routine,650,True,1,494.3,494.3,0.0,0.0,1.0,persistence_half,1,0.67,0.15,beta,half
City-C,T1,1x,180.0,S0a_RoutineOracle,cross_regime,M_stress,650,True,1,494.3,329.1,0.0,0.3342,1.0,persistence_half,1,0.67,0.15,beta,half
City-C,T1,1x,180.0,S0b_StressOracle,routine,M_routine,650,True,1,329.1,494.3,0.0,0.0,1.0,persistence_half,1,0.67,0.15,beta,half
City-C,T1,1x,180.0,S0b_StressOracle,cross_regime,M_stress,650,True,1,329.1,329.1,0.0,0.0,1.0,persistence_half,1,0.67,0.15,beta,half
City-C,T1,1x,180.0,S1_CapRR,routine,M_routine,650,True,1,737.0,494.3,0.0,0.3293,1.0,persistence_half,1,0.67,0.15,beta,half
City-C,T1,1x,180.0,S1_CapRR,cross_regime,M_stress,650,True,1,737.0,329.1,0.0,0.5534,1.0,persistence_half,1,0.67,0.15,beta,half
City-C,T1,1x,180.0,S2_Platform,routine,M_routine,650,True,1,460.9,494.3,0.0,0.0,1.0,persistence_half,1,0.67,0.15,beta,half
City-C,T1,1x,180.0,S2_Platform,cross_regime,M_stress,650,True,1,460.9,329.1,0.0,0.2859,1.0,persistence_half,1,0.67,0.15,beta,half
City-C,T1,1x,180.0,S3_Lin4,routine,M_routine,650,True,1,417.1,494.3,0.0,0.0,1.0,persistence_half,1,0.67,0.15,beta,half
City-C,T1,1x,180.0,S3_Lin4,cross_regime,M_stress,650,True,1,417.1,329.1,0.0,0.2109,1.0,persistence_half,1,0.67,0.15,beta,half
City-C,T1,1x,180.0,S4_GlobalCalib,routine,M_routine,650,True,1,491.9,494.3,0.0,0.0,1.0,persistence_half,1,0.67,0.15,beta,half
City-C,T1,1x,180.0,S4_GlobalCalib,cross_regime,M_stress,650,True,1,491.9,329.1,0.0,0.3308,1.0,persistence_half,1,0.67,0.15,beta,half
City-C,T1,1x,180.0,S5_CityCalib,routine,M_routine,650,True,1,493.3,494.3,0.0,0.0,1.0,persistence_half,1,0.67,0.15,beta,half
City-C,T1,1x,180.0,S5_CityCalib,cross_regime,M_stress,650,True,1,493.3,329.1,0.0,0.3327,1.0,persistence_half,1,0.67,0.15,beta,half
City-C,T1,1x,180.0,S6_Q10,routine,M_routine,650,True,1,458.1,494.3,0.0,0.0,1.0,persistence_half,1,0.67,0.15,beta,half
City-C,T1,1x,180.0,S6_Q10,cross_regime,M_stress,650,True,1,458.1,329.1,0.0,0.2816,1.0,persistence_half,1,0.67,0.15,beta,half
City-C,T1,2x,360.0,S0a_RoutineOracle,routine,M_routine,650,True,1,494.3,494.3,0.0,0.0,1.0,persistence_half,1,0.67,0.15,beta,half
City-C,T1,2x,360.0,S0a_RoutineOracle,cross_regime,M_stress,650,True,1,494.3,329.1,30.9,0.3342,0.0,persistence_half,1,0.67,0.15,beta,half
City-C,T1,2x,360.0,S0b_StressOracle,routine,M_routine,650,True,2,607.9,950.1,0.0,0.0,1.0,persistence_half,1,0.67,0.15,beta,half
City-C,T1,2x,360.0,S0b_StressOracle,cross_regime,M_stress,650,True,2,607.9,607.9,0.0,0.0,1.0,persistence_half,1,0.67,0.15,beta,half
City-C,T1,2x,360.0,S1_CapRR,routine,M_routine,650,True,1,737.0,494.3,0.0,0.3293,1.0,persistence_half,1,0.67,0.15,beta,half
City-C,T1,2x,360.0,S1_CapRR,cross_regime,M_stress,650,True,1,737.0,329.1,30.9,0.5534,0.0,persistence_half,1,0.67,0.15,beta,half
City-C,T1,2x,360.0,S2_Platform,routine,M_routine,650,True,1,460.9,494.3,0.0,0.0,1.0,persistence_half,1,0.67,0.15,beta,half
City-C,T1,2x,360.0,S2_Platform,cross_regime,M_stress,650,True,1,460.9,329.1,30.9,0.2859,0.0,persistence_half,1,0.67,0.15,beta,half
City-C,T1,2x,360.0,S3_Lin4,routine,M_routine,650,True,1,417.1,494.3,0.0,0.0,1.0,persistence_half,1,0.67,0.15,beta,half
City-C,T1,2x,360.0,S3_Lin4,cross_regime,M_stress,650,True,1,417.1,329.1,30.9,0.2109,0.0,persistence_half,1,0.67,0.15,beta,half
City-C,T1,2x,360.0,S4_GlobalCalib,routine,M_routine,650,True,1,491.9,494.3,0.0,0.0,1.0,persistence_half,1,0.67,0.15,beta,half
City-C,T1,2x,360.0,S4_GlobalCalib,cross_regime,M_stress,650,True,1,491.9,329.1,30.9,0.3308,0.0,persistence_half,1,0.67,0.15,beta,half
City-C,T1,2x,360.0,S5_CityCalib,routine,M_routine,650,True,1,493.3,494.3,0.0,0.0,1.0,persistence_half,1,0.67,0.15,beta,half
City-C,T1,2x,360.0,S5_CityCalib,cross_regime,M_stress,650,True,1,493.3,329.1,30.9,0.3327,0.0,persistence_half,1,0.67,0.15,beta,half
City-C,T1,2x,360.0,S6_Q10,routine,M_routine,650,True,1,458.1,494.3,0.0,0.0,1.0,persistence_half,1,0.67,0.15,beta,half
City-C,T1,2x,360.0,S6_Q10,cross_regime,M_stress,650,True,1,458.1,329.1,30.9,0.2816,0.0,persistence_half,1,0.67,0.15,beta,half
City-C,T1,5x,900.0,S0a_RoutineOracle,routine,M_routine,650,True,2,963.0,963.0,0.0,0.0,1.0,persistence_half,1,0.67,0.15,beta,half
City-C,T1,5x,900.0,S0a_RoutineOracle,cross_regime,M_stress,650,True,2,963.0,601.6,298.4,0.3752,0.0,persistence_half,1,0.67,0.15,beta,half
City-C,T1,5x,900.0,S0b_StressOracle,routine,M_routine,650,True,4,1152.0,1783.1,0.0,0.0,1.0,persistence_half,1,0.67,0.15,beta,half
City-C,T1,5x,900.0,S0b_StressOracle,cross_regime,M_stress,650,True,4,1152.0,1152.0,0.0,0.0,1.0,persistence_half,1,0.67,0.15,beta,half
City-C,T1,5x,900.0,S1_CapRR,routine,M_routine,650,True,2,1439.5,963.0,0.0,0.331,1.0,persistence_half,1,0.67,0.15,beta,half
City-C,T1,5x,900.0,S1_CapRR,cross_regime,M_stress,650,True,2,1439.5,601.6,298.4,0.5821,0.0,persistence_half,1,0.67,0.15,beta,half
City-C,T1,5x,900.0,S2_Platform,routine,M_routine,650,True,2,904.5,963.0,0.0,0.0,1.0,persistence_half,1,0.67,0.15,beta,half
City-C,T1,5x,900.0,S2_Platform,cross_regime,M_stress,650,True,2,904.5,601.6,298.4,0.3348,0.0,persistence_half,1,0.67,0.15,beta,half
City-C,T1,5x,900.0,S3_Lin4,routine,M_routine,650,True,3,1208.8,1418.8,0.0,0.0,1.0,persistence_half,1,0.67,0.15,beta,half
City-C,T1,5x,900.0,S3_Lin4,cross_regime,M_stress,650,True,3,1208.8,880.4,19.6,0.2717,0.0,persistence_half,1,0.67,0.15,beta,half
City-C,T1,5x,900.0,S4_GlobalCalib,routine,M_routine,650,True,2,960.7,963.0,0.0,0.0,1.0,persistence_half,1,0.67,0.15,beta,half
City-C,T1,5x,900.0,S4_GlobalCalib,cross_regime,M_stress,650,True,2,960.7,601.6,298.4,0.3737,0.0,persistence_half,1,0.67,0.15,beta,half
City-C,T1,5x,900.0,S5_CityCalib,routine,M_routine,650,True,2,963.4,963.0,0.0,0.0004,1.0,persistence_half,1,0.67,0.15,beta,half
City-C,T1,5x,900.0,S5_CityCalib,cross_regime,M_stress,650,True,2,963.4,601.6,298.4,0.3755,0.0,persistence_half,1,0.67,0.15,beta,half
City-C,T1,5x,900.0,S6_Q10,routine,M_routine,650,True,3,1293.6,1418.8,0.0,0.0,1.0,persistence_half,1,0.67,0.15,beta,half
City-C,T1,5x,900.0,S6_Q10,cross_regime,M_stress,650,True,3,1293.6,880.4,19.6,0.3194,0.0,persistence_half,1,0.67,0.15,beta,half
City-C,T1,10x,1800.0,S0a_RoutineOracle,routine,M_routine,650,True,4,1813.2,1813.2,0.0,0.0,1.0,persistence_half,1,0.67,0.15,beta,half
City-C,T1,10x,1800.0,S0a_RoutineOracle,cross_regime,M_stress,650,True,4,1813.2,1137.5,662.5,0.3726,0.0,persistence_half,1,0.67,0.15,beta,half
City-C,T1,10x,1800.0,S0b_StressOracle,routine,M_routine,650,True,7,1912.8,2898.7,0.0,0.0,1.0,persistence_half,1,0.67,0.15,beta,half
City-C,T1,10x,1800.0,S0b_StressOracle,cross_regime,M_stress,650,True,7,1912.8,1912.8,0.0,0.0,1.0,persistence_half,1,0.67,0.15,beta,half
City-C,T1,10x,1800.0,S1_CapRR,routine,M_routine,650,True,3,2081.1,1418.8,381.2,0.3183,0.0,persistence_half,1,0.67,0.15,beta,half
City-C,T1,10x,1800.0,S1_CapRR,cross_regime,M_stress,650,True,3,2081.1,880.4,919.6,0.5769,0.0,persistence_half,1,0.67,0.15,beta,half
City-C,T1,10x,1800.0,S2_Platform,routine,M_routine,650,True,5,2117.9,2048.6,0.0,0.0327,1.0,persistence_half,1,0.67,0.15,beta,half
City-C,T1,10x,1800.0,S2_Platform,cross_regime,M_stress,650,True,5,2117.9,1376.9,423.1,0.3499,0.0,persistence_half,1,0.67,0.15,beta,half
City-C,T1,10x,1800.0,S3_Lin4,routine,M_routine,650,True,5,1964.9,2113.0,0.0,0.0,1.0,persistence_half,1,0.67,0.15,beta,half
City-C,T1,10x,1800.0,S3_Lin4,cross_regime,M_stress,650,True,5,1964.9,1358.5,441.5,0.3086,0.0,persistence_half,1,0.67,0.15,beta,half
City-C,T1,10x,1800.0,S4_GlobalCalib,routine,M_routine,650,True,5,2165.9,2150.1,0.0,0.0073,1.0,persistence_half,1,0.67,0.15,beta,half
City-C,T1,10x,1800.0,S4_GlobalCalib,cross_regime,M_stress,650,True,5,2165.9,1412.4,387.6,0.3479,0.0,persistence_half,1,0.67,0.15,beta,half
City-C,T1,10x,1800.0,S5_CityCalib,routine,M_routine,650,True,5,2172.0,2150.1,0.0,0.0101,1.0,persistence_half,1,0.67,0.15,beta,half
City-C,T1,10x,1800.0,S5_CityCalib,cross_regime,M_stress,650,True,5,2172.0,1412.4,387.6,0.3497,0.0,persistence_half,1,0.67,0.15,beta,half
City-C,T1,10x,1800.0,S6_Q10,routine,M_routine,650,True,5,2017.5,2150.1,0.0,0.0,1.0,persistence_half,1,0.67,0.15,beta,half
City-C,T1,10x,1800.0,S6_Q10,cross_regime,M_stress,650,True,5,2017.5,1412.4,387.6,0.2999,0.0,persistence_half,1,0.67,0.15,beta,half
City-C,T2,1x,260.0,S0a_RoutineOracle,routine,M_routine,650,True,1,539.3,539.3,0.0,0.0,1.0,persistence_half,1,0.67,0.15,beta,half
City-C,T2,1x,260.0,S0a_RoutineOracle,cross_regime,M_stress,650,True,1,539.3,316.5,0.0,0.4132,1.0,persistence_half,1,0.67,0.15,beta,half
City-C,T2,1x,260.0,S0b_StressOracle,routine,M_routine,650,True,1,316.5,539.3,0.0,0.0,1.0,persistence_half,1,0.67,0.15,beta,half
City-C,T2,1x,260.0,S0b_StressOracle,cross_regime,M_stress,650,True,1,316.5,316.5,0.0,0.0,1.0,persistence_half,1,0.67,0.15,beta,half
City-C,T2,1x,260.0,S1_CapRR,routine,M_routine,650,True,1,737.0,539.3,0.0,0.2682,1.0,persistence_half,1,0.67,0.15,beta,half
City-C,T2,1x,260.0,S1_CapRR,cross_regime,M_stress,650,True,1,737.0,316.5,0.0,0.5706,1.0,persistence_half,1,0.67,0.15,beta,half
City-C,T2,1x,260.0,S2_Platform,routine,M_routine,650,True,1,467.3,539.3,0.0,0.0,1.0,persistence_half,1,0.67,0.15,beta,half
City-C,T2,1x,260.0,S2_Platform,cross_regime,M_stress,650,True,1,467.3,316.5,0.0,0.3227,1.0,persistence_half,1,0.67,0.15,beta,half
City-C,T2,1x,260.0,S3_Lin4,routine,M_routine,650,True,1,419.9,539.3,0.0,0.0,1.0,persistence_half,1,0.67,0.15,beta,half
City-C,T2,1x,260.0,S3_Lin4,cross_regime,M_stress,650,True,1,419.9,316.5,0.0,0.2464,1.0,persistence_half,1,0.67,0.15,beta,half
City-C,T2,1x,260.0,S4_GlobalCalib,routine,M_routine,650,True,1,491.8,539.3,0.0,0.0,1.0,persistence_half,1,0.67,0.15,beta,half
City-C,T2,1x,260.0,S4_GlobalCalib,cross_regime,M_stress,650,True,1,491.8,316.5,0.0,0.3565,1.0,persistence_half,1,0.67,0.15,beta,half
City-C,T2,1x,260.0,S5_CityCalib,routine,M_routine,650,True,1,490.5,539.3,0.0,0.0,1.0,persistence_half,1,0.67,0.15,beta,half
City-C,T2,1x,260.0,S5_CityCalib,cross_regime,M_stress,650,True,1,490.5,316.5,0.0,0.3548,1.0,persistence_half,1,0.67,0.15,beta,half
City-C,T2,1x,260.0,S6_Q10,routine,M_routine,650,True,1,458.3,539.3,0.0,0.0,1.0,persistence_half,1,0.67,0.15,beta,half
City-C,T2,1x,260.0,S6_Q10,cross_regime,M_stress,650,True,1,458.3,316.5,0.0,0.3095,1.0,persistence_half,1,0.67,0.15,beta,half
City-C,T2,2x,520.0,S0a_RoutineOracle,routine,M_routine,650,True,1,539.3,539.3,0.0,0.0,1.0,persistence_half,1,0.67,0.15,beta,half
City-C,T2,2x,520.0,S0a_RoutineOracle,cross_regime,M_stress,650,True,1,539.3,316.5,203.5,0.4132,0.0,persistence_half,1,0.67,0.15,beta,half
City-C,T2,2x,520.0,S0b_StressOracle,routine,M_routine,650,True,2,621.3,1002.0,0.0,0.0,1.0,persistence_half,1,0.67,0.15,beta,half
City-C,T2,2x,520.0,S0b_StressOracle,cross_regime,M_stress,650,True,2,621.3,621.3,0.0,0.0,1.0,persistence_half,1,0.67,0.15,beta,half
City-C,T2,2x,520.0,S1_CapRR,routine,M_routine,650,True,1,737.0,539.3,0.0,0.2682,1.0,persistence_half,1,0.67,0.15,beta,half
City-C,T2,2x,520.0,S1_CapRR,cross_regime,M_stress,650,True,1,737.0,316.5,203.5,0.5706,0.0,persistence_half,1,0.67,0.15,beta,half
City-C,T2,2x,520.0,S2_Platform,routine,M_routine,650,True,2,902.1,1038.7,0.0,0.0,1.0,persistence_half,1,0.67,0.15,beta,half
City-C,T2,2x,520.0,S2_Platform,cross_regime,M_stress,650,True,2,902.1,601.2,0.0,0.3335,1.0,persistence_half,1,0.67,0.15,beta,half
City-C,T2,2x,520.0,S3_Lin4,routine,M_routine,650,True,2,822.6,1038.7,0.0,0.0,1.0,persistence_half,1,0.67,0.15,beta,half
City-C,T2,2x,520.0,S3_Lin4,cross_regime,M_stress,650,True,2,822.6,601.2,0.0,0.2691,1.0,persistence_half,1,0.67,0.15,beta,half
City-C,T2,2x,520.0,S4_GlobalCalib,routine,M_routine,650,True,2,960.6,1038.7,0.0,0.0,1.0,persistence_half,1,0.67,0.15,beta,half
City-C,T2,2x,520.0,S4_GlobalCalib,cross_regime,M_stress,650,True,2,960.6,601.2,0.0,0.3741,1.0,persistence_half,1,0.67,0.15,beta,half
City-C,T2,2x,520.0,S5_CityCalib,routine,M_routine,650,True,2,958.1,1038.7,0.0,0.0,1.0,persistence_half,1,0.67,0.15,beta,half
City-C,T2,2x,520.0,S5_CityCalib,cross_regime,M_stress,650,True,2,958.1,601.2,0.0,0.3725,1.0,persistence_half,1,0.67,0.15,beta,half
City-C,T2,2x,520.0,S6_Q10,routine,M_routine,650,True,2,895.2,1038.7,0.0,0.0,1.0,persistence_half,1,0.67,0.15,beta,half
City-C,T2,2x,520.0,S6_Q10,cross_regime,M_stress,650,True,2,895.2,601.2,0.0,0.3284,1.0,persistence_half,1,0.67,0.15,beta,half
City-C,T2,5x,1300.0,S0a_RoutineOracle,routine,M_routine,650,True,3,1501.4,1501.4,0.0,0.0,1.0,persistence_half,1,0.67,0.15,beta,half
City-C,T2,5x,1300.0,S0a_RoutineOracle,cross_regime,M_stress,650,True,3,1501.4,906.0,394.0,0.3966,0.0,persistence_half,1,0.67,0.15,beta,half
City-C,T2,5x,1300.0,S0b_StressOracle,routine,M_routine,650,True,5,1443.1,2222.1,0.0,0.0,1.0,persistence_half,1,0.67,0.15,beta,half
City-C,T2,5x,1300.0,S0b_StressOracle,cross_regime,M_stress,650,True,5,1443.1,1443.1,0.0,0.0,1.0,persistence_half,1,0.67,0.15,beta,half
City-C,T2,5x,1300.0,S1_CapRR,routine,M_routine,650,True,2,1439.5,1038.7,261.3,0.2785,0.0,persistence_half,1,0.67,0.15,beta,half
City-C,T2,5x,1300.0,S1_CapRR,cross_regime,M_stress,650,True,2,1439.5,601.2,698.8,0.5824,0.0,persistence_half,1,0.67,0.15,beta,half
City-C,T2,5x,1300.0,S2_Platform,routine,M_routine,650,True,3,1301.1,1501.4,0.0,0.0,1.0,persistence_half,1,0.67,0.15,beta,half
City-C,T2,5x,1300.0,S2_Platform,cross_regime,M_stress,650,True,3,1301.1,906.0,394.0,0.3037,0.0,persistence_half,1,0.67,0.15,beta,half
City-C,T2,5x,1300.0,S3_Lin4,routine,M_routine,650,True,4,1600.6,1839.8,0.0,0.0,1.0,persistence_half,1,0.67,0.15,beta,half
City-C,T2,5x,1300.0,S3_Lin4,cross_regime,M_stress,650,True,4,1600.6,1143.5,156.5,0.2856,0.0,persistence_half,1,0.67,0.15,beta,half
City-C,T2,5x,1300.0,S4_GlobalCalib,routine,M_routine,650,True,3,1388.7,1501.4,0.0,0.0,1.0,persistence_half,1,0.67,0.15,beta,half
City-C,T2,5x,1300.0,S4_GlobalCalib,cross_regime,M_stress,650,True,3,1388.7,906.0,394.0,0.3476,0.0,persistence_half,1,0.67,0.15,beta,half
City-C,T2,5x,1300.0,S5_CityCalib,routine,M_routine,650,True,3,1385.1,1501.4,0.0,0.0,1.0,persistence_half,1,0.67,0.15,beta,half
City-C,T2,5x,1300.0,S5_CityCalib,cross_regime,M_stress,650,True,3,1385.1,906.0,394.0,0.3459,0.0,persistence_half,1,0.67,0.15,beta,half
City-C,T2,5x,1300.0,S6_Q10,routine,M_routine,650,True,4,1658.3,1869.0,0.0,0.0,1.0,persistence_half,1,0.67,0.15,beta,half
City-C,T2,5x,1300.0,S6_Q10,cross_regime,M_stress,650,True,4,1658.3,1169.6,130.4,0.2947,0.0,persistence_half,1,0.67,0.15,beta,half
City-C,T2,10x,2600.0,S0a_RoutineOracle,routine,M_routine,650,True,6,2653.8,2653.8,0.0,0.0,1.0,persistence_half,1,0.67,0.15,beta,half
City-C,T2,10x,2600.0,S0a_RoutineOracle,cross_regime,M_stress,650,True,6,2653.8,1645.0,955.0,0.3801,0.0,persistence_half,1,0.67,0.15,beta,half
City-C,T2,10x,2600.0,S0b_StressOracle,routine,M_routine,650,True,10,2704.5,4076.6,0.0,0.0,1.0,persistence_half,1,0.67,0.15,beta,half
City-C,T2,10x,2600.0,S0b_StressOracle,cross_regime,M_stress,650,True,10,2704.5,2704.5,0.0,0.0,1.0,persistence_half,1,0.67,0.15,beta,half
City-C,T2,10x,2600.0,S1_CapRR,routine,M_routine,650,True,4,2666.6,1869.0,731.0,0.2991,0.0,persistence_half,1,0.67,0.15,beta,half
City-C,T2,10x,2600.0,S1_CapRR,cross_regime,M_stress,650,True,4,2666.6,1169.6,1430.4,0.5614,0.0,persistence_half,1,0.67,0.15,beta,half
City-C,T2,10x,2600.0,S2_Platform,routine,M_routine,650,True,7,2815.8,2974.3,0.0,0.0,1.0,persistence_half,1,0.67,0.15,beta,half
City-C,T2,10x,2600.0,S2_Platform,cross_regime,M_stress,650,True,7,2815.8,1937.1,662.9,0.3121,0.0,persistence_half,1,0.67,0.15,beta,half
City-C,T2,10x,2600.0,S3_Lin4,routine,M_routine,650,True,7,2689.1,2981.1,0.0,0.0,1.0,persistence_half,1,0.67,0.15,beta,half
City-C,T2,10x,2600.0,S3_Lin4,cross_regime,M_stress,650,True,7,2689.1,1918.3,681.7,0.2866,0.0,persistence_half,1,0.67,0.15,beta,half
City-C,T2,10x,2600.0,S4_GlobalCalib,routine,M_routine,650,True,7,2917.8,2989.0,0.0,0.0,1.0,persistence_half,1,0.67,0.15,beta,half
City-C,T2,10x,2600.0,S4_GlobalCalib,cross_regime,M_stress,650,True,7,2917.8,1965.4,634.6,0.3264,0.0,persistence_half,1,0.67,0.15,beta,half
City-C,T2,10x,2600.0,S5_CityCalib,routine,M_routine,650,True,7,2910.3,2989.0,0.0,0.0,1.0,persistence_half,1,0.67,0.15,beta,half
City-C,T2,10x,2600.0,S5_CityCalib,cross_regime,M_stress,650,True,7,2910.3,1965.4,634.6,0.3247,0.0,persistence_half,1,0.67,0.15,beta,half
City-C,T2,10x,2600.0,S6_Q10,routine,M_routine,650,True,7,2719.4,2989.0,0.0,0.0,1.0,persistence_half,1,0.67,0.15,beta,half
City-C,T2,10x,2600.0,S6_Q10,cross_regime,M_stress,650,True,7,2719.4,1965.4,634.6,0.2772,0.0,persistence_half,1,0.67,0.15,beta,half
City-C,T3,1x,200.0,S0a_RoutineOracle,routine,M_routine,650,True,1,439.5,439.5,0.0,0.0,1.0,persistence_half,1,0.67,0.15,beta,half
City-C,T3,1x,200.0,S0a_RoutineOracle,cross_regime,M_stress,650,True,1,439.5,274.8,0.0,0.3748,1.0,persistence_half,1,0.67,0.15,beta,half
City-C,T3,1x,200.0,S0b_StressOracle,routine,M_routine,650,True,1,290.2,424.2,0.0,0.0,1.0,persistence_half,1,0.67,0.15,beta,half
City-C,T3,1x,200.0,S0b_StressOracle,cross_regime,M_stress,650,True,1,290.2,290.2,0.0,0.0,1.0,persistence_half,1,0.67,0.15,beta,half
City-C,T3,1x,200.0,S1_CapRR,routine,M_routine,650,True,1,648.6,424.2,0.0,0.346,1.0,persistence_half,1,0.67,0.15,beta,half
City-C,T3,1x,200.0,S1_CapRR,cross_regime,M_stress,650,True,1,648.6,290.2,0.0,0.5525,1.0,persistence_half,1,0.67,0.15,beta,half
City-C,T3,1x,200.0,S2_Platform,routine,M_routine,650,True,1,456.8,424.2,0.0,0.0712,1.0,persistence_half,1,0.67,0.15,beta,half
City-C,T3,1x,200.0,S2_Platform,cross_regime,M_stress,650,True,1,456.8,290.2,0.0,0.3646,1.0,persistence_half,1,0.67,0.15,beta,half
City-C,T3,1x,200.0,S3_Lin4,routine,M_routine,650,True,1,405.6,424.2,0.0,0.0,1.0,persistence_half,1,0.67,0.15,beta,half
City-C,T3,1x,200.0,S3_Lin4,cross_regime,M_stress,650,True,1,405.6,290.2,0.0,0.2845,1.0,persistence_half,1,0.67,0.15,beta,half
City-C,T3,1x,200.0,S4_GlobalCalib,routine,M_routine,650,True,1,431.4,424.2,0.0,0.0166,1.0,persistence_half,1,0.67,0.15,beta,half
City-C,T3,1x,200.0,S4_GlobalCalib,cross_regime,M_stress,650,True,1,431.4,290.2,0.0,0.3272,1.0,persistence_half,1,0.67,0.15,beta,half
City-C,T3,1x,200.0,S5_CityCalib,routine,M_routine,650,True,1,431.8,424.2,0.0,0.0176,1.0,persistence_half,1,0.67,0.15,beta,half
City-C,T3,1x,200.0,S5_CityCalib,cross_regime,M_stress,650,True,1,431.8,290.2,0.0,0.3279,1.0,persistence_half,1,0.67,0.15,beta,half
City-C,T3,1x,200.0,S6_Q10,routine,M_routine,650,True,1,402.3,424.2,0.0,0.0,1.0,persistence_half,1,0.67,0.15,beta,half
City-C,T3,1x,200.0,S6_Q10,cross_regime,M_stress,650,True,1,402.3,290.2,0.0,0.2786,1.0,persistence_half,1,0.67,0.15,beta,half
City-C,T3,2x,400.0,S0a_RoutineOracle,routine,M_routine,650,True,1,439.5,439.5,0.0,0.0,1.0,persistence_half,1,0.67,0.15,beta,half
City-C,T3,2x,400.0,S0a_RoutineOracle,cross_regime,M_stress,650,True,1,439.5,274.8,125.2,0.3748,0.0,persistence_half,1,0.67,0.15,beta,half
City-C,T3,2x,400.0,S0b_StressOracle,routine,M_routine,650,True,2,565.0,863.8,0.0,0.0,1.0,persistence_half,1,0.67,0.15,beta,half
City-C,T3,2x,400.0,S0b_StressOracle,cross_regime,M_stress,650,True,2,565.0,565.0,0.0,0.0,1.0,persistence_half,1,0.67,0.15,beta,half
City-C,T3,2x,400.0,S1_CapRR,routine,M_routine,650,True,1,648.6,424.2,0.0,0.346,1.0,persistence_half,1,0.67,0.15,beta,half
City-C,T3,2x,400.0,S1_CapRR,cross_regime,M_stress,650,True,1,648.6,290.2,109.8,0.5525,0.0,persistence_half,1,0.67,0.15,beta,half
City-C,T3,2x,400.0,S2_Platform,routine,M_routine,650,True,1,456.8,424.2,0.0,0.0712,1.0,persistence_half,1,0.67,0.15,beta,half
City-C,T3,2x,400.0,S2_Platform,cross_regime,M_stress,650,True,1,456.8,290.2,109.8,0.3646,0.0,persistence_half,1,0.67,0.15,beta,half
City-C,T3,2x,400.0,S3_Lin4,routine,M_routine,650,True,1,405.6,424.2,0.0,0.0,1.0,persistence_half,1,0.67,0.15,beta,half
City-C,T3,2x,400.0,S3_Lin4,cross_regime,M_stress,650,True,1,405.6,290.2,109.8,0.2845,0.0,persistence_half,1,0.67,0.15,beta,half
City-C,T3,2x,400.0,S4_GlobalCalib,routine,M_routine,650,True,1,431.4,424.2,0.0,0.0166,1.0,persistence_half,1,0.67,0.15,beta,half
City-C,T3,2x,400.0,S4_GlobalCalib,cross_regime,M_stress,650,True,1,431.4,290.2,109.8,0.3272,0.0,persistence_half,1,0.67,0.15,beta,half
City-C,T3,2x,400.0,S5_CityCalib,routine,M_routine,650,True,1,431.8,424.2,0.0,0.0176,1.0,persistence_half,1,0.67,0.15,beta,half
City-C,T3,2x,400.0,S5_CityCalib,cross_regime,M_stress,650,True,1,431.8,290.2,109.8,0.3279,0.0,persistence_half,1,0.67,0.15,beta,half
City-C,T3,2x,400.0,S6_Q10,routine,M_routine,650,True,1,402.3,424.2,0.0,0.0,1.0,persistence_half,1,0.67,0.15,beta,half
City-C,T3,2x,400.0,S6_Q10,cross_regime,M_stress,650,True,1,402.3,290.2,109.8,0.2786,0.0,persistence_half,1,0.67,0.15,beta,half
City-C,T3,5x,1000.0,S0a_RoutineOracle,routine,M_routine,650,True,3,1252.2,1252.2,0.0,0.0,1.0,persistence_half,1,0.67,0.15,beta,half
City-C,T3,5x,1000.0,S0a_RoutineOracle,cross_regime,M_stress,650,True,3,1252.2,815.6,184.4,0.3487,0.0,persistence_half,1,0.67,0.15,beta,half
City-C,T3,5x,1000.0,S0b_StressOracle,routine,M_routine,650,True,4,1056.8,1604.9,0.0,0.0,1.0,persistence_half,1,0.67,0.15,beta,half
City-C,T3,5x,1000.0,S0b_StressOracle,cross_regime,M_stress,650,True,4,1056.8,1056.8,0.0,0.0,1.0,persistence_half,1,0.67,0.15,beta,half
City-C,T3,5x,1000.0,S1_CapRR,routine,M_routine,650,True,2,1266.8,863.8,136.2,0.3182,0.0,persistence_half,1,0.67,0.15,beta,half
City-C,T3,5x,1000.0,S1_CapRR,cross_regime,M_stress,650,True,2,1266.8,565.0,435.0,0.554,0.0,persistence_half,1,0.67,0.15,beta,half
City-C,T3,5x,1000.0,S2_Platform,routine,M_routine,650,True,3,1285.7,1073.0,0.0,0.1655,1.0,persistence_half,1,0.67,0.15,beta,half
City-C,T3,5x,1000.0,S2_Platform,cross_regime,M_stress,650,True,3,1285.7,755.0,245.0,0.4128,0.0,persistence_half,1,0.67,0.15,beta,half
City-C,T3,5x,1000.0,S3_Lin4,routine,M_routine,650,True,3,1176.6,1252.2,0.0,0.0,1.0,persistence_half,1,0.67,0.15,beta,half
City-C,T3,5x,1000.0,S3_Lin4,cross_regime,M_stress,650,True,3,1176.6,815.6,184.4,0.3069,0.0,persistence_half,1,0.67,0.15,beta,half
City-C,T3,5x,1000.0,S4_GlobalCalib,routine,M_routine,650,True,3,1218.0,1252.2,0.0,0.0,1.0,persistence_half,1,0.67,0.15,beta,half
City-C,T3,5x,1000.0,S4_GlobalCalib,cross_regime,M_stress,650,True,3,1218.0,815.6,184.4,0.3304,0.0,persistence_half,1,0.67,0.15,beta,half
City-C,T3,5x,1000.0,S5_CityCalib,routine,M_routine,650,True,3,1219.2,1252.2,0.0,0.0,1.0,persistence_half,1,0.67,0.15,beta,half
City-C,T3,5x,1000.0,S5_CityCalib,cross_regime,M_stress,650,True,3,1219.2,815.6,184.4,0.3311,0.0,persistence_half,1,0.67,0.15,beta,half
City-C,T3,5x,1000.0,S6_Q10,routine,M_routine,650,True,3,1135.9,1252.2,0.0,0.0,1.0,persistence_half,1,0.67,0.15,beta,half
City-C,T3,5x,1000.0,S6_Q10,cross_regime,M_stress,650,True,3,1135.9,815.6,184.4,0.282,0.0,persistence_half,1,0.67,0.15,beta,half
City-C,T3,10x,2000.0,S0a_RoutineOracle,routine,M_routine,650,True,6,2282.9,2282.9,0.0,0.0,1.0,persistence_half,1,0.67,0.15,beta,half
City-C,T3,10x,2000.0,S0a_RoutineOracle,cross_regime,M_stress,650,True,6,2282.9,1507.5,492.5,0.3397,0.0,persistence_half,1,0.67,0.15,beta,half
City-C,T3,10x,2000.0,S0b_StressOracle,routine,M_routine,650,True,9,2153.9,3225.8,0.0,0.0,1.0,persistence_half,1,0.67,0.15,beta,half
City-C,T3,10x,2000.0,S0b_StressOracle,cross_regime,M_stress,650,True,9,2153.9,2153.9,0.0,0.0,1.0,persistence_half,1,0.67,0.15,beta,half
City-C,T3,10x,2000.0,S1_CapRR,routine,M_routine,650,True,4,2346.7,1593.2,406.8,0.3211,0.0,persistence_half,1,0.67,0.15,beta,half
City-C,T3,10x,2000.0,S1_CapRR,cross_regime,M_stress,650,True,4,2346.7,1043.0,957.0,0.5556,0.0,persistence_half,1,0.67,0.15,beta,half
City-C,T3,10x,2000.0,S2_Platform,routine,M_routine,650,True,5,2048.1,1782.2,217.8,0.1299,0.0,persistence_half,1,0.67,0.15,beta,half
City-C,T3,10x,2000.0,S2_Platform,cross_regime,M_stress,650,True,5,2048.1,1184.5,815.5,0.4217,0.0,persistence_half,1,0.67,0.15,beta,half
City-C,T3,10x,2000.0,S3_Lin4,routine,M_routine,650,True,6,2268.5,2215.9,0.0,0.0232,1.0,persistence_half,1,0.67,0.15,beta,half
City-C,T3,10x,2000.0,S3_Lin4,cross_regime,M_stress,650,True,6,2268.5,1482.6,517.4,0.3464,0.0,persistence_half,1,0.67,0.15,beta,half
City-C,T3,10x,2000.0,S4_GlobalCalib,routine,M_routine,650,True,6,2231.9,2282.9,0.0,0.0,1.0,persistence_half,1,0.67,0.15,beta,half
City-C,T3,10x,2000.0,S4_GlobalCalib,cross_regime,M_stress,650,True,6,2231.9,1507.5,492.5,0.3246,0.0,persistence_half,1,0.67,0.15,beta,half
City-C,T3,10x,2000.0,S5_CityCalib,routine,M_routine,650,True,6,2234.2,2282.9,0.0,0.0,1.0,persistence_half,1,0.67,0.15,beta,half
City-C,T3,10x,2000.0,S5_CityCalib,cross_regime,M_stress,650,True,6,2234.2,1507.5,492.5,0.3253,0.0,persistence_half,1,0.67,0.15,beta,half
City-C,T3,10x,2000.0,S6_Q10,routine,M_routine,650,True,6,2081.6,2282.9,0.0,0.0,1.0,persistence_half,1,0.67,0.15,beta,half
City-C,T3,10x,2000.0,S6_Q10,cross_regime,M_stress,650,True,6,2081.6,1507.5,492.5,0.2758,0.0,persistence_half,1,0.67,0.15,beta,half
City-C,T4,1x,140.0,S0a_RoutineOracle,routine,M_routine,650,True,1,514.0,514.0,0.0,0.0,1.0,persistence_half,1,0.67,0.15,beta,half
City-C,T4,1x,140.0,S0a_RoutineOracle,cross_regime,M_stress,650,True,1,514.0,323.0,0.0,0.3715,1.0,persistence_half,1,0.67,0.15,beta,half
City-C,T4,1x,140.0,S0b_StressOracle,routine,M_routine,650,True,1,323.0,514.0,0.0,0.0,1.0,persistence_half,1,0.67,0.15,beta,half
City-C,T4,1x,140.0,S0b_StressOracle,cross_regime,M_stress,650,True,1,323.0,323.0,0.0,0.0,1.0,persistence_half,1,0.67,0.15,beta,half
City-C,T4,1x,140.0,S1_CapRR,routine,M_routine,650,True,1,737.0,514.0,0.0,0.3026,1.0,persistence_half,1,0.67,0.15,beta,half
City-C,T4,1x,140.0,S1_CapRR,cross_regime,M_stress,650,True,1,737.0,323.0,0.0,0.5617,1.0,persistence_half,1,0.67,0.15,beta,half
City-C,T4,1x,140.0,S2_Platform,routine,M_routine,650,True,1,377.7,367.8,0.0,0.0262,1.0,persistence_half,1,0.67,0.15,beta,half
City-C,T4,1x,140.0,S2_Platform,cross_regime,M_stress,650,True,1,377.7,252.8,0.0,0.3307,1.0,persistence_half,1,0.67,0.15,beta,half
City-C,T4,1x,140.0,S3_Lin4,routine,M_routine,650,True,1,419.0,514.0,0.0,0.0,1.0,persistence_half,1,0.67,0.15,beta,half
City-C,T4,1x,140.0,S3_Lin4,cross_regime,M_stress,650,True,1,419.0,323.0,0.0,0.229,1.0,persistence_half,1,0.67,0.15,beta,half
City-C,T4,1x,140.0,S4_GlobalCalib,routine,M_routine,650,True,1,490.0,514.0,0.0,0.0,1.0,persistence_half,1,0.67,0.15,beta,half
City-C,T4,1x,140.0,S4_GlobalCalib,cross_regime,M_stress,650,True,1,490.0,323.0,0.0,0.3407,1.0,persistence_half,1,0.67,0.15,beta,half
City-C,T4,1x,140.0,S5_CityCalib,routine,M_routine,650,True,1,491.1,514.0,0.0,0.0,1.0,persistence_half,1,0.67,0.15,beta,half
City-C,T4,1x,140.0,S5_CityCalib,cross_regime,M_stress,650,True,1,491.1,323.0,0.0,0.3422,1.0,persistence_half,1,0.67,0.15,beta,half
City-C,T4,1x,140.0,S6_Q10,routine,M_routine,650,True,1,457.1,514.0,0.0,0.0,1.0,persistence_half,1,0.67,0.15,beta,half
City-C,T4,1x,140.0,S6_Q10,cross_regime,M_stress,650,True,1,457.1,323.0,0.0,0.2934,1.0,persistence_half,1,0.67,0.15,beta,half
City-C,T4,2x,280.0,S0a_RoutineOracle,routine,M_routine,650,True,1,514.0,514.0,0.0,0.0,1.0,persistence_half,1,0.67,0.15,beta,half
City-C,T4,2x,280.0,S0a_RoutineOracle,cross_regime,M_stress,650,True,1,514.0,323.0,0.0,0.3715,1.0,persistence_half,1,0.67,0.15,beta,half
City-C,T4,2x,280.0,S0b_StressOracle,routine,M_routine,650,True,1,323.0,514.0,0.0,0.0,1.0,persistence_half,1,0.67,0.15,beta,half
City-C,T4,2x,280.0,S0b_StressOracle,cross_regime,M_stress,650,True,1,323.0,323.0,0.0,0.0,1.0,persistence_half,1,0.67,0.15,beta,half
City-C,T4,2x,280.0,S1_CapRR,routine,M_routine,650,True,1,737.0,514.0,0.0,0.3026,1.0,persistence_half,1,0.67,0.15,beta,half
City-C,T4,2x,280.0,S1_CapRR,cross_regime,M_stress,650,True,1,737.0,323.0,0.0,0.5617,1.0,persistence_half,1,0.67,0.15,beta,half
City-C,T4,2x,280.0,S2_Platform,routine,M_routine,650,True,1,377.7,367.8,0.0,0.0262,1.0,persistence_half,1,0.67,0.15,beta,half
City-C,T4,2x,280.0,S2_Platform,cross_regime,M_stress,650,True,1,377.7,252.8,27.2,0.3307,0.0,persistence_half,1,0.67,0.15,beta,half
City-C,T4,2x,280.0,S3_Lin4,routine,M_routine,650,True,1,419.0,514.0,0.0,0.0,1.0,persistence_half,1,0.67,0.15,beta,half
City-C,T4,2x,280.0,S3_Lin4,cross_regime,M_stress,650,True,1,419.0,323.0,0.0,0.229,1.0,persistence_half,1,0.67,0.15,beta,half
City-C,T4,2x,280.0,S4_GlobalCalib,routine,M_routine,650,True,1,490.0,514.0,0.0,0.0,1.0,persistence_half,1,0.67,0.15,beta,half
City-C,T4,2x,280.0,S4_GlobalCalib,cross_regime,M_stress,650,True,1,490.0,323.0,0.0,0.3407,1.0,persistence_half,1,0.67,0.15,beta,half
City-C,T4,2x,280.0,S5_CityCalib,routine,M_routine,650,True,1,491.1,514.0,0.0,0.0,1.0,persistence_half,1,0.67,0.15,beta,half
City-C,T4,2x,280.0,S5_CityCalib,cross_regime,M_stress,650,True,1,491.1,323.0,0.0,0.3422,1.0,persistence_half,1,0.67,0.15,beta,half
City-C,T4,2x,280.0,S6_Q10,routine,M_routine,650,True,1,457.1,514.0,0.0,0.0,1.0,persistence_half,1,0.67,0.15,beta,half
City-C,T4,2x,280.0,S6_Q10,cross_regime,M_stress,650,True,1,457.1,323.0,0.0,0.2934,1.0,persistence_half,1,0.67,0.15,beta,half
City-C,T4,5x,700.0,S0a_RoutineOracle,routine,M_routine,650,True,2,977.4,977.4,0.0,0.0,1.0,persistence_half,1,0.67,0.15,beta,half
City-C,T4,5x,700.0,S0a_RoutineOracle,cross_regime,M_stress,650,True,2,977.4,621.9,78.1,0.3637,0.0,persistence_half,1,0.67,0.15,beta,half
City-C,T4,5x,700.0,S0b_StressOracle,routine,M_routine,650,True,3,894.2,1360.1,0.0,0.0,1.0,persistence_half,1,0.67,0.15,beta,half
City-C,T4,5x,700.0,S0b_StressOracle,cross_regime,M_stress,650,True,3,894.2,894.2,0.0,0.0,1.0,persistence_half,1,0.67,0.15,beta,half
City-C,T4,5x,700.0,S1_CapRR,routine,M_routine,650,True,1,737.0,514.0,186.0,0.3026,0.0,persistence_half,1,0.67,0.15,beta,half
City-C,T4,5x,700.0,S1_CapRR,cross_regime,M_stress,650,True,1,737.0,323.0,377.0,0.5617,0.0,persistence_half,1,0.67,0.15,beta,half
City-C,T4,5x,700.0,S2_Platform,routine,M_routine,650,True,2,738.2,831.2,0.0,0.0,1.0,persistence_half,1,0.67,0.15,beta,half
City-C,T4,5x,700.0,S2_Platform,cross_regime,M_stress,650,True,2,738.2,551.7,148.3,0.2527,0.0,persistence_half,1,0.67,0.15,beta,half
City-C,T4,5x,700.0,S3_Lin4,routine,M_routine,650,True,2,820.8,977.4,0.0,0.0,1.0,persistence_half,1,0.67,0.15,beta,half
City-C,T4,5x,700.0,S3_Lin4,cross_regime,M_stress,650,True,2,820.8,621.9,78.1,0.2423,0.0,persistence_half,1,0.67,0.15,beta,half
City-C,T4,5x,700.0,S4_GlobalCalib,routine,M_routine,650,True,2,956.9,977.4,0.0,0.0,1.0,persistence_half,1,0.67,0.15,beta,half
City-C,T4,5x,700.0,S4_GlobalCalib,cross_regime,M_stress,650,True,2,956.9,621.9,78.1,0.3501,0.0,persistence_half,1,0.67,0.15,beta,half
City-C,T4,5x,700.0,S5_CityCalib,routine,M_routine,650,True,2,959.1,977.4,0.0,0.0,1.0,persistence_half,1,0.67,0.15,beta,half
City-C,T4,5x,700.0,S5_CityCalib,cross_regime,M_stress,650,True,2,959.1,621.9,78.1,0.3516,0.0,persistence_half,1,0.67,0.15,beta,half
City-C,T4,5x,700.0,S6_Q10,routine,M_routine,650,True,2,892.8,977.4,0.0,0.0,1.0,persistence_half,1,0.67,0.15,beta,half
City-C,T4,5x,700.0,S6_Q10,cross_regime,M_stress,650,True,2,892.8,621.9,78.1,0.3034,0.0,persistence_half,1,0.67,0.15,beta,half
City-C,T4,10x,1400.0,S0a_RoutineOracle,routine,M_routine,650,True,3,1405.1,1405.1,0.0,0.0,1.0,persistence_half,1,0.67,0.15,beta,half
City-C,T4,10x,1400.0,S0a_RoutineOracle,cross_regime,M_stress,650,True,3,1405.1,892.6,507.4,0.3648,0.0,persistence_half,1,0.67,0.15,beta,half
City-C,T4,10x,1400.0,S0b_StressOracle,routine,M_routine,650,True,5,1425.2,2151.5,0.0,0.0,1.0,persistence_half,1,0.67,0.15,beta,half
City-C,T4,10x,1400.0,S0b_StressOracle,cross_regime,M_stress,650,True,5,1425.2,1425.2,0.0,0.0,1.0,persistence_half,1,0.67,0.15,beta,half
City-C,T4,10x,1400.0,S1_CapRR,routine,M_routine,650,True,2,1439.5,977.4,422.6,0.321,0.0,persistence_half,1,0.67,0.15,beta,half
City-C,T4,10x,1400.0,S1_CapRR,cross_regime,M_stress,650,True,2,1439.5,621.9,778.1,0.568,0.0,persistence_half,1,0.67,0.15,beta,half
City-C,T4,10x,1400.0,S2_Platform,routine,M_routine,650,True,4,1425.4,1577.6,0.0,0.0,1.0,persistence_half,1,0.67,0.15,beta,half
City-C,T4,10x,1400.0,S2_Platform,cross_regime,M_stress,650,True,4,1425.4,1084.3,315.7,0.2393,0.0,persistence_half,1,0.67,0.15,beta,half
City-C,T4,10x,1400.0,S3_Lin4,routine,M_routine,650,True,4,1597.2,1761.7,0.0,0.0,1.0,persistence_half,1,0.67,0.15,beta,half
City-C,T4,10x,1400.0,S3_Lin4,cross_regime,M_stress,650,True,4,1597.2,1140.2,259.8,0.2861,0.0,persistence_half,1,0.67,0.15,beta,half
City-C,T4,10x,1400.0,S4_GlobalCalib,routine,M_routine,650,True,4,1772.7,1787.7,0.0,0.0,1.0,persistence_half,1,0.67,0.15,beta,half
City-C,T4,10x,1400.0,S4_GlobalCalib,cross_regime,M_stress,650,True,4,1772.7,1164.9,235.1,0.3429,0.0,persistence_half,1,0.67,0.15,beta,half
City-C,T4,10x,1400.0,S5_CityCalib,routine,M_routine,650,True,4,1776.7,1787.7,0.0,0.0,1.0,persistence_half,1,0.67,0.15,beta,half
City-C,T4,10x,1400.0,S5_CityCalib,cross_regime,M_stress,650,True,4,1776.7,1164.9,235.1,0.3444,0.0,persistence_half,1,0.67,0.15,beta,half
City-C,T4,10x,1400.0,S6_Q10,routine,M_routine,650,True,4,1653.9,1787.7,0.0,0.0,1.0,persistence_half,1,0.67,0.15,beta,half
City-C,T4,10x,1400.0,S6_Q10,cross_regime,M_stress,650,True,4,1653.9,1164.9,235.1,0.2957,0.0,persistence_half,1,0.67,0.15,beta,half
City-C,T5,1x,160.0,S0a_RoutineOracle,routine,M_routine,650,True,1,449.5,449.5,0.0,0.0,1.0,persistence_half,1,0.67,0.15,beta,half
City-C,T5,1x,160.0,S0a_RoutineOracle,cross_regime,M_stress,650,True,1,449.5,289.8,0.0,0.3554,1.0,persistence_half,1,0.67,0.15,beta,half
City-C,T5,1x,160.0,S0b_StressOracle,routine,M_routine,650,True,1,289.8,449.5,0.0,0.0,1.0,persistence_half,1,0.67,0.15,beta,half
City-C,T5,1x,160.0,S0b_StressOracle,cross_regime,M_stress,650,True,1,289.8,289.8,0.0,0.0,1.0,persistence_half,1,0.67,0.15,beta,half
City-C,T5,1x,160.0,S1_CapRR,routine,M_routine,650,True,1,648.6,449.5,0.0,0.3069,1.0,persistence_half,1,0.67,0.15,beta,half
City-C,T5,1x,160.0,S1_CapRR,cross_regime,M_stress,650,True,1,648.6,289.8,0.0,0.5533,1.0,persistence_half,1,0.67,0.15,beta,half
City-C,T5,1x,160.0,S2_Platform,routine,M_routine,650,True,1,451.5,449.5,0.0,0.0043,1.0,persistence_half,1,0.67,0.15,beta,half
City-C,T5,1x,160.0,S2_Platform,cross_regime,M_stress,650,True,1,451.5,289.8,0.0,0.3582,1.0,persistence_half,1,0.67,0.15,beta,half
City-C,T5,1x,160.0,S3_Lin4,routine,M_routine,650,True,1,406.2,449.5,0.0,0.0,1.0,persistence_half,1,0.67,0.15,beta,half
City-C,T5,1x,160.0,S3_Lin4,cross_regime,M_stress,650,True,1,406.2,289.8,0.0,0.2867,1.0,persistence_half,1,0.67,0.15,beta,half
City-C,T5,1x,160.0,S4_GlobalCalib,routine,M_routine,650,True,1,431.7,449.5,0.0,0.0,1.0,persistence_half,1,0.67,0.15,beta,half
City-C,T5,1x,160.0,S4_GlobalCalib,cross_regime,M_stress,650,True,1,431.7,289.8,0.0,0.3287,1.0,persistence_half,1,0.67,0.15,beta,half
City-C,T5,1x,160.0,S5_CityCalib,routine,M_routine,650,True,1,432.0,449.5,0.0,0.0,1.0,persistence_half,1,0.67,0.15,beta,half
City-C,T5,1x,160.0,S5_CityCalib,cross_regime,M_stress,650,True,1,432.0,289.8,0.0,0.3293,1.0,persistence_half,1,0.67,0.15,beta,half
City-C,T5,1x,160.0,S6_Q10,routine,M_routine,650,True,1,402.0,449.5,0.0,0.0,1.0,persistence_half,1,0.67,0.15,beta,half
City-C,T5,1x,160.0,S6_Q10,cross_regime,M_stress,650,True,1,402.0,289.8,0.0,0.2792,1.0,persistence_half,1,0.67,0.15,beta,half
City-C,T5,2x,320.0,S0a_RoutineOracle,routine,M_routine,650,True,1,449.5,449.5,0.0,0.0,1.0,persistence_half,1,0.67,0.15,beta,half
City-C,T5,2x,320.0,S0a_RoutineOracle,cross_regime,M_stress,650,True,1,449.5,289.8,30.2,0.3554,0.0,persistence_half,1,0.67,0.15,beta,half
City-C,T5,2x,320.0,S0b_StressOracle,routine,M_routine,650,True,2,547.2,879.2,0.0,0.0,1.0,persistence_half,1,0.67,0.15,beta,half
City-C,T5,2x,320.0,S0b_StressOracle,cross_regime,M_stress,650,True,2,547.2,547.2,0.0,0.0,1.0,persistence_half,1,0.67,0.15,beta,half
City-C,T5,2x,320.0,S1_CapRR,routine,M_routine,650,True,1,648.6,449.5,0.0,0.3069,1.0,persistence_half,1,0.67,0.15,beta,half
City-C,T5,2x,320.0,S1_CapRR,cross_regime,M_stress,650,True,1,648.6,289.8,30.2,0.5533,0.0,persistence_half,1,0.67,0.15,beta,half
City-C,T5,2x,320.0,S2_Platform,routine,M_routine,650,True,1,451.5,449.5,0.0,0.0043,1.0,persistence_half,1,0.67,0.15,beta,half
City-C,T5,2x,320.0,S2_Platform,cross_regime,M_stress,650,True,1,451.5,289.8,30.2,0.3582,0.0,persistence_half,1,0.67,0.15,beta,half
City-C,T5,2x,320.0,S3_Lin4,routine,M_routine,650,True,1,406.2,449.5,0.0,0.0,1.0,persistence_half,1,0.67,0.15,beta,half
City-C,T5,2x,320.0,S3_Lin4,cross_regime,M_stress,650,True,1,406.2,289.8,30.2,0.2867,0.0,persistence_half,1,0.67,0.15,beta,half
City-C,T5,2x,320.0,S4_GlobalCalib,routine,M_routine,650,True,1,431.7,449.5,0.0,0.0,1.0,persistence_half,1,0.67,0.15,beta,half
City-C,T5,2x,320.0,S4_GlobalCalib,cross_regime,M_stress,650,True,1,431.7,289.8,30.2,0.3287,0.0,persistence_half,1,0.67,0.15,beta,half
City-C,T5,2x,320.0,S5_CityCalib,routine,M_routine,650,True,1,432.0,449.5,0.0,0.0,1.0,persistence_half,1,0.67,0.15,beta,half
City-C,T5,2x,320.0,S5_CityCalib,cross_regime,M_stress,650,True,1,432.0,289.8,30.2,0.3293,0.0,persistence_half,1,0.67,0.15,beta,half
City-C,T5,2x,320.0,S6_Q10,routine,M_routine,650,True,1,402.0,449.5,0.0,0.0,1.0,persistence_half,1,0.67,0.15,beta,half
City-C,T5,2x,320.0,S6_Q10,cross_regime,M_stress,650,True,1,402.0,289.8,30.2,0.2792,0.0,persistence_half,1,0.67,0.15,beta,half
City-C,T5,5x,800.0,S0a_RoutineOracle,routine,M_routine,650,True,2,879.2,879.2,0.0,0.0,1.0,persistence_half,1,0.67,0.15,beta,half
City-C,T5,5x,800.0,S0a_RoutineOracle,cross_regime,M_stress,650,True,2,879.2,547.2,252.8,0.3777,0.0,persistence_half,1,0.67,0.15,beta,half
City-C,T5,5x,800.0,S0b_StressOracle,routine,M_routine,650,True,4,1029.7,1601.3,0.0,0.0,1.0,persistence_half,1,0.67,0.15,beta,half
City-C,T5,5x,800.0,S0b_StressOracle,cross_regime,M_stress,650,True,4,1029.7,1029.7,0.0,0.0,1.0,persistence_half,1,0.67,0.15,beta,half
City-C,T5,5x,800.0,S1_CapRR,routine,M_routine,650,True,2,1266.8,879.2,0.0,0.306,1.0,persistence_half,1,0.67,0.15,beta,half
City-C,T5,5x,800.0,S1_CapRR,cross_regime,M_stress,650,True,2,1266.8,547.2,252.8,0.5681,0.0,persistence_half,1,0.67,0.15,beta,half
City-C,T5,5x,800.0,S2_Platform,routine,M_routine,650,True,2,882.9,792.9,7.1,0.102,0.0,persistence_half,1,0.67,0.15,beta,half
City-C,T5,5x,800.0,S2_Platform,cross_regime,M_stress,650,True,2,882.9,522.0,278.0,0.4088,0.0,persistence_half,1,0.67,0.15,beta,half
City-C,T5,5x,800.0,S3_Lin4,routine,M_routine,650,True,3,1178.0,1258.0,0.0,0.0,1.0,persistence_half,1,0.67,0.15,beta,half
City-C,T5,5x,800.0,S3_Lin4,cross_regime,M_stress,650,True,3,1178.0,797.4,2.6,0.3231,0.0,persistence_half,1,0.67,0.15,beta,half
City-C,T5,5x,800.0,S4_GlobalCalib,routine,M_routine,650,True,2,843.1,879.2,0.0,0.0,1.0,persistence_half,1,0.67,0.15,beta,half
City-C,T5,5x,800.0,S4_GlobalCalib,cross_regime,M_stress,650,True,2,843.1,547.2,252.8,0.351,0.0,persistence_half,1,0.67,0.15,beta,half
City-C,T5,5x,800.0,S5_CityCalib,routine,M_routine,650,True,2,843.7,879.2,0.0,0.0,1.0,persistence_half,1,0.67,0.15,beta,half
City-C,T5,5x,800.0,S5_CityCalib,cross_regime,M_stress,650,True,2,843.7,547.2,252.8,0.3515,0.0,persistence_half,1,0.67,0.15,beta,half
City-C,T5,5x,800.0,S6_Q10,routine,M_routine,650,True,3,1135.0,1258.0,0.0,0.0,1.0,persistence_half,1,0.67,0.15,beta,half
City-C,T5,5x,800.0,S6_Q10,cross_regime,M_stress,650,True,3,1135.0,797.4,2.6,0.2974,0.0,persistence_half,1,0.67,0.15,beta,half
City-C,T5,10x,1600.0,S0a_RoutineOracle,routine,M_routine,650,True,4,1616.4,1616.4,0.0,0.0,1.0,persistence_half,1,0.67,0.15,beta,half
City-C,T5,10x,1600.0,S0a_RoutineOracle,cross_regime,M_stress,650,True,4,1616.4,1009.4,590.6,0.3755,0.0,persistence_half,1,0.67,0.15,beta,half
City-C,T5,10x,1600.0,S0b_StressOracle,routine,M_routine,650,True,7,1689.2,2571.9,0.0,0.0,1.0,persistence_half,1,0.67,0.15,beta,half
City-C,T5,10x,1600.0,S0b_StressOracle,cross_regime,M_stress,650,True,7,1689.2,1689.2,0.0,0.0,1.0,persistence_half,1,0.67,0.15,beta,half
City-C,T5,10x,1600.0,S1_CapRR,routine,M_routine,650,True,3,1831.4,1258.0,342.0,0.3131,0.0,persistence_half,1,0.67,0.15,beta,half
City-C,T5,10x,1600.0,S1_CapRR,cross_regime,M_stress,650,True,3,1831.4,797.4,802.6,0.5646,0.0,persistence_half,1,0.67,0.15,beta,half
City-C,T5,10x,1600.0,S2_Platform,routine,M_routine,650,True,4,1670.1,1418.5,181.5,0.1506,0.0,persistence_half,1,0.67,0.15,beta,half
City-C,T5,10x,1600.0,S2_Platform,cross_regime,M_stress,650,True,4,1670.1,934.3,665.7,0.4406,0.0,persistence_half,1,0.67,0.15,beta,half
City-C,T5,10x,1600.0,S3_Lin4,routine,M_routine,650,True,5,1925.9,1918.7,0.0,0.0037,1.0,persistence_half,1,0.67,0.15,beta,half
City-C,T5,10x,1600.0,S3_Lin4,cross_regime,M_stress,650,True,5,1925.9,1204.0,396.0,0.3748,0.0,persistence_half,1,0.67,0.15,beta,half
City-C,T5,10x,1600.0,S4_GlobalCalib,routine,M_routine,650,True,5,1900.7,1935.8,0.0,0.0,1.0,persistence_half,1,0.67,0.15,beta,half
City-C,T5,10x,1600.0,S4_GlobalCalib,cross_regime,M_stress,650,True,5,1900.7,1250.6,349.4,0.3421,0.0,persistence_half,1,0.67,0.15,beta,half
City-C,T5,10x,1600.0,S5_CityCalib,routine,M_routine,650,True,5,1902.2,1935.8,0.0,0.0,1.0,persistence_half,1,0.67,0.15,beta,half
City-C,T5,10x,1600.0,S5_CityCalib,cross_regime,M_stress,650,True,5,1902.2,1250.6,349.4,0.3426,0.0,persistence_half,1,0.67,0.15,beta,half
City-C,T5,10x,1600.0,S6_Q10,routine,M_routine,650,True,5,1770.2,1935.8,0.0,0.0,1.0,persistence_half,1,0.67,0.15,beta,half
City-C,T5,10x,1600.0,S6_Q10,cross_regime,M_stress,650,True,5,1770.2,1250.6,349.4,0.2936,0.0,persistence_half,1,0.67,0.15,beta,half
