city,task_id,p_req_level,p_req,strategy,regime,eval_outcome,pool_size,pool_feasible,n_selected,p_commit,p_deliv,shortfall,ocr,success,config_name,seed_id,xi_mean,xi_std,xi_dist,xi_persistence
City-A,T1,1x,180.0,S0a_RoutineOracle,routine,M_routine,800,True,1,469.4,469.4,0.0,0.0,1.0,dist_truncnorm,9,0.67,0.15,truncnorm,none
City-A,T1,1x,180.0,S0a_RoutineOracle,cross_regime,M_stress,800,True,1,469.4,249.0,0.0,0.4695,1.0,dist_truncnorm,9,0.67,0.15,truncnorm,none
City-A,T1,1x,180.0,S0b_StressOracle,routine,M_routine,800,True,1,352.9,451.3,0.0,0.0,1.0,dist_truncnorm,9,0.67,0.15,truncnorm,none
City-A,T1,1x,180.0,S0b_StressOracle,cross_regime,M_stress,800,True,1,352.9,352.9,0.0,0.0,1.0,dist_truncnorm,9,0.67,0.15,truncnorm,none
City-A,T1,1x,180.0,S1_CapRR,routine,M_routine,800,True,1,678.2,456.0,0.0,0.3276,1.0,dist_truncnorm,9,0.67,0.15,truncnorm,none
City-A,T1,1x,180.0,S1_CapRR,cross_regime,M_stress,800,True,1,678.2,274.2,0.0,0.5956,1.0,dist_truncnorm,9,0.67,0.15,truncnorm,none
City-A,T1,1x,180.0,S2_Platform,routine,M_routine,800,True,1,421.1,456.0,0.0,0.0,1.0,dist_truncnorm,9,0.67,0.15,truncnorm,none
City-A,T1,1x,180.0,S2_Platform,cross_regime,M_stress,800,True,1,421.1,274.2,0.0,0.3487,1.0,dist_truncnorm,9,0.67,0.15,truncnorm,none
City-A,T1,1x,180.0,S3_Lin4,routine,M_routine,800,True,1,484.7,456.0,0.0,0.0592,1.0,dist_truncnorm,9,0.67,0.15,truncnorm,none
City-A,T1,1x,180.0,S3_Lin4,cross_regime,M_stress,800,True,1,484.7,274.2,0.0,0.4342,1.0,dist_truncnorm,9,0.67,0.15,truncnorm,none
City-A,T1,1x,180.0,S4_GlobalCalib,routine,M_routine,800,True,1,446.7,456.0,0.0,0.0,1.0,dist_truncnorm,9,0.67,0.15,truncnorm,none
City-A,T1,1x,180.0,S4_GlobalCalib,cross_regime,M_stress,800,True,1,446.7,274.2,0.0,0.386,1.0,dist_truncnorm,9,0.67,0.15,truncnorm,none
City-A,T1,1x,180.0,S5_CityCalib,routine,M_routine,800,True,1,446.5,456.0,0.0,0.0,1.0,dist_truncnorm,9,0.67,0.15,truncnorm,none
City-A,T1,1x,180.0,S5_CityCalib,cross_regime,M_stress,800,True,1,446.5,274.2,0.0,0.3858,1.0,dist_truncnorm,9,0.67,0.15,truncnorm,none
City-A,T1,1x,180.0,S6_Q10,routine,M_routine,800,True,1,322.2,456.0,0.0,0.0,1.0,dist_truncnorm,9,0.67,0.15,truncnorm,none
City-A,T1,1x,180.0,S6_Q10,cross_regime,M_stress,800,True,1,322.2,274.2,0.0,0.149,1.0,dist_truncnorm,9,0.67,0.15,truncnorm,none
City-A,T1,2x,360.0,S0a_RoutineOracle,routine,M_routine,800,True,1,469.4,469.4,0.0,0.0,1.0,dist_truncnorm,9,0.67,0.15,truncnorm,none
City-A,T1,2x,360.0,S0a_RoutineOracle,cross_regime,M_stress,800,True,1,469.4,249.0,111.0,0.4695,0.0,dist_truncnorm,9,0.67,0.15,truncnorm,none
City-A,T1,2x,360.0,S0b_StressOracle,routine,M_routine,800,True,2,627.1,907.3,0.0,0.0,1.0,dist_truncnorm,9,0.67,0.15,truncnorm,none
City-A,T1,2x,360.0,S0b_StressOracle,cross_regime,M_stress,800,True,2,627.1,627.1,0.0,0.0,1.0,dist_truncnorm,9,0.67,0.15,truncnorm,none
City-A,T1,2x,360.0,S1_CapRR,routine,M_routine,800,True,1,678.2,456.0,0.0,0.3276,1.0,dist_truncnorm,9,0.67,0.15,truncnorm,none
City-A,T1,2x,360.0,S1_CapRR,cross_regime,M_stress,800,True,1,678.2,274.2,85.8,0.5956,0.0,dist_truncnorm,9,0.67,0.15,truncnorm,none
City-A,T1,2x,360.0,S2_Platform,routine,M_routine,800,True,1,421.1,456.0,0.0,0.0,1.0,dist_truncnorm,9,0.67,0.15,truncnorm,none
City-A,T1,2x,360.0,S2_Platform,cross_regime,M_stress,800,True,1,421.1,274.2,85.8,0.3487,0.0,dist_truncnorm,9,0.67,0.15,truncnorm,none
City-A,T1,2x,360.0,S3_Lin4,routine,M_routine,800,True,1,484.7,456.0,0.0,0.0592,1.0,dist_truncnorm,9,0.67,0.15,truncnorm,none
City-A,T1,2x,360.0,S3_Lin4,cross_regime,M_stress,800,True,1,484.7,274.2,85.8,0.4342,0.0,dist_truncnorm,9,0.67,0.15,truncnorm,none
City-A,T1,2x,360.0,S4_GlobalCalib,routine,M_routine,800,True,1,446.7,456.0,0.0,0.0,1.0,dist_truncnorm,9,0.67,0.15,truncnorm,none
City-A,T1,2x,360.0,S4_GlobalCalib,cross_regime,M_stress,800,True,1,446.7,274.2,85.8,0.386,0.0,dist_truncnorm,9,0.67,0.15,truncnorm,none
City-A,T1,2x,360.0,S5_CityCalib,routine,M_routine,800,True,1,446.5,456.0,0.0,0.0,1.0,dist_truncnorm,9,0.67,0.15,truncnorm,none
City-A,T1,2x,360.0,S5_CityCalib,cross_regime,M_stress,800,True,1,446.5,274.2,85.8,0.3858,0.0,dist_truncnorm,9,0.67,0.15,truncnorm,none
City-A,T1,2x,360.0,S6_Q10,routine,M_routine,800,True,2,614.5,774.1,0.0,0.0,1.0,dist_truncnorm,9,0.67,0.15,truncnorm,none
City-A,T1,2x,360.0,S6_Q10,cross_regime,M_stress,800,True,2,614.5,480.9,0.0,0.2174,1.0,dist_truncnorm,9,0.67,0.15,truncnorm,none
City-A,T1,5x,900.0,S0a_RoutineOracle,routine,M_routine,800,True,2,925.4,925.4,0.0,0.0,1.0,dist_truncnorm,9,0.67,0.15,truncnorm,none
City-A,T1,5x,900.0,S0a_RoutineOracle,cross_regime,M_stress,800,True,2,925.4,523.3,376.7,0.4346,0.0,dist_truncnorm,9,0.67,0.15,truncnorm,none
City-A,T1,5x,900.0,S0b_StressOracle,routine,M_routine,800,True,4,1158.1,1518.3,0.0,0.0,1.0,dist_truncnorm,9,0.67,0.15,truncnorm,none
City-A,T1,5x,900.0,S0b_StressOracle,cross_regime,M_stress,800,True,4,1158.1,1158.1,0.0,0.0,1.0,dist_truncnorm,9,0.67,0.15,truncnorm,none
City-A,T1,5x,900.0,S1_CapRR,routine,M_routine,800,True,2,1293.4,774.1,125.9,0.4015,0.0,dist_truncnorm,9,0.67,0.15,truncnorm,none
City-A,T1,5x,900.0,S1_CapRR,cross_regime,M_stress,800,True,2,1293.4,480.9,419.1,0.6281,0.0,dist_truncnorm,9,0.67,0.15,truncnorm,none
City-A,T1,5x,900.0,S2_Platform,routine,M_routine,800,True,3,1202.1,1071.1,0.0,0.109,1.0,dist_truncnorm,9,0.67,0.15,truncnorm,none
City-A,T1,5x,900.0,S2_Platform,cross_regime,M_stress,800,True,3,1202.1,659.3,240.7,0.4515,0.0,dist_truncnorm,9,0.67,0.15,truncnorm,none
City-A,T1,5x,900.0,S3_Lin4,routine,M_routine,800,True,3,1242.2,1073.9,0.0,0.1355,1.0,dist_truncnorm,9,0.67,0.15,truncnorm,none
City-A,T1,5x,900.0,S3_Lin4,cross_regime,M_stress,800,True,3,1242.2,692.4,207.6,0.4426,0.0,dist_truncnorm,9,0.67,0.15,truncnorm,none
City-A,T1,5x,900.0,S4_GlobalCalib,routine,M_routine,800,True,3,1244.8,1048.9,0.0,0.1573,1.0,dist_truncnorm,9,0.67,0.15,truncnorm,none
City-A,T1,5x,900.0,S4_GlobalCalib,cross_regime,M_stress,800,True,3,1244.8,730.1,169.9,0.4135,0.0,dist_truncnorm,9,0.67,0.15,truncnorm,none
City-A,T1,5x,900.0,S5_CityCalib,routine,M_routine,800,True,3,1244.1,1048.9,0.0,0.1569,1.0,dist_truncnorm,9,0.67,0.15,truncnorm,none
City-A,T1,5x,900.0,S5_CityCalib,cross_regime,M_stress,800,True,3,1244.1,730.1,169.9,0.4131,0.0,dist_truncnorm,9,0.67,0.15,truncnorm,none
City-A,T1,5x,900.0,S6_Q10,routine,M_routine,800,True,4,1174.6,1500.2,0.0,0.0,1.0,dist_truncnorm,9,0.67,0.15,truncnorm,none
City-A,T1,5x,900.0,S6_Q10,cross_regime,M_stress,800,True,4,1174.6,1083.0,0.0,0.078,1.0,dist_truncnorm,9,0.67,0.15,truncnorm,none
City-A,T1,10x,1800.0,S0a_RoutineOracle,routine,M_routine,800,True,5,2204.9,2204.9,0.0,0.0,1.0,dist_truncnorm,9,0.67,0.15,truncnorm,none
City-A,T1,10x,1800.0,S0a_RoutineOracle,cross_regime,M_stress,800,True,5,2204.9,1324.3,475.7,0.3994,0.0,dist_truncnorm,9,0.67,0.15,truncnorm,none
City-A,T1,10x,1800.0,S0b_StressOracle,routine,M_routine,800,True,7,1925.9,2444.7,0.0,0.0,1.0,dist_truncnorm,9,0.67,0.15,truncnorm,none
City-A,T1,10x,1800.0,S0b_StressOracle,cross_regime,M_stress,800,True,7,1925.9,1925.9,0.0,0.0,1.0,dist_truncnorm,9,0.67,0.15,truncnorm,none
City-A,T1,10x,1800.0,S1_CapRR,routine,M_routine,800,True,3,1889.7,1048.9,751.1,0.4449,0.0,dist_truncnorm,9,0.67,0.15,truncnorm,none
City-A,T1,10x,1800.0,S1_CapRR,cross_regime,M_stress,800,True,3,1889.7,730.1,1069.9,0.6136,0.0,dist_truncnorm,9,0.67,0.15,truncnorm,none
City-A,T1,10x,1800.0,S2_Platform,routine,M_routine,800,True,5,1914.5,1804.2,0.0,0.0576,1.0,dist_truncnorm,9,0.67,0.15,truncnorm,none
City-A,T1,10x,1800.0,S2_Platform,cross_regime,M_stress,800,True,5,1914.5,1029.7,770.3,0.4621,0.0,dist_truncnorm,9,0.67,0.15,truncnorm,none
City-A,T1,10x,1800.0,S3_Lin4,routine,M_routine,800,True,5,1954.1,1843.3,0.0,0.0567,1.0,dist_truncnorm,9,0.67,0.15,truncnorm,none
City-A,T1,10x,1800.0,S3_Lin4,cross_regime,M_stress,800,True,5,1954.1,1252.0,548.0,0.3593,0.0,dist_truncnorm,9,0.67,0.15,truncnorm,none
City-A,T1,10x,1800.0,S4_GlobalCalib,routine,M_routine,800,True,5,2001.0,1888.0,0.0,0.0564,1.0,dist_truncnorm,9,0.67,0.15,truncnorm,none
City-A,T1,10x,1800.0,S4_GlobalCalib,cross_regime,M_stress,800,True,5,2001.0,1305.0,495.0,0.3478,0.0,dist_truncnorm,9,0.67,0.15,truncnorm,none
City-A,T1,10x,1800.0,S5_CityCalib,routine,M_routine,800,True,5,1999.6,1888.0,0.0,0.0558,1.0,dist_truncnorm,9,0.67,0.15,truncnorm,none
City-A,T1,10x,1800.0,S5_CityCalib,cross_regime,M_stress,800,True,5,1999.6,1305.0,495.0,0.3474,0.0,dist_truncnorm,9,0.67,0.15,truncnorm,none
City-A,T1,10x,1800.0,S6_Q10,routine,M_routine,800,True,7,1942.4,2528.1,0.0,0.0,1.0,dist_truncnorm,9,0.67,0.15,truncnorm,none
City-A,T1,10x,1800.0,S6_Q10,cross_regime,M_stress,800,True,7,1942.4,1652.4,147.6,0.1493,0.0,dist_truncnorm,9,0.67,0.15,truncnorm,none
City-A,T2,1x,260.0,S0a_RoutineOracle,routine,M_routine,800,True,1,463.8,463.8,0.0,0.0,1.0,dist_truncnorm,9,0.67,0.15,truncnorm,none
City-A,T2,1x,260.0,S0a_RoutineOracle,cross_regime,M_stress,800,True,1,463.8,372.4,0.0,0.197,1.0,dist_truncnorm,9,0.67,0.15,truncnorm,none
City-A,T2,1x,260.0,S0b_StressOracle,routine,M_routine,800,True,1,372.4,463.8,0.0,0.0,1.0,dist_truncnorm,9,0.67,0.15,truncnorm,none
City-A,T2,1x,260.0,S0b_StressOracle,cross_regime,M_stress,800,True,1,372.4,372.4,0.0,0.0,1.0,dist_truncnorm,9,0.67,0.15,truncnorm,none
City-A,T2,1x,260.0,S1_CapRR,routine,M_routine,800,True,1,678.2,408.7,0.0,0.3974,1.0,dist_truncnorm,9,0.67,0.15,truncnorm,none
City-A,T2,1x,260.0,S1_CapRR,cross_regime,M_stress,800,True,1,678.2,303.0,0.0,0.5533,1.0,dist_truncnorm,9,0.67,0.15,truncnorm,none
City-A,T2,1x,260.0,S2_Platform,routine,M_routine,800,True,1,441.1,408.7,0.0,0.0736,1.0,dist_truncnorm,9,0.67,0.15,truncnorm,none
City-A,T2,1x,260.0,S2_Platform,cross_regime,M_stress,800,True,1,441.1,303.0,0.0,0.3132,1.0,dist_truncnorm,9,0.67,0.15,truncnorm,none
City-A,T2,1x,260.0,S3_Lin4,routine,M_routine,800,True,1,491.7,408.7,0.0,0.1689,1.0,dist_truncnorm,9,0.67,0.15,truncnorm,none
City-A,T2,1x,260.0,S3_Lin4,cross_regime,M_stress,800,True,1,491.7,303.0,0.0,0.3838,1.0,dist_truncnorm,9,0.67,0.15,truncnorm,none
City-A,T2,1x,260.0,S4_GlobalCalib,routine,M_routine,800,True,1,455.5,408.7,0.0,0.1028,1.0,dist_truncnorm,9,0.67,0.15,truncnorm,none
City-A,T2,1x,260.0,S4_GlobalCalib,cross_regime,M_stress,800,True,1,455.5,303.0,0.0,0.3348,1.0,dist_truncnorm,9,0.67,0.15,truncnorm,none
City-A,T2,1x,260.0,S5_CityCalib,routine,M_routine,800,True,1,450.4,408.7,0.0,0.0927,1.0,dist_truncnorm,9,0.67,0.15,truncnorm,none
City-A,T2,1x,260.0,S5_CityCalib,cross_regime,M_stress,800,True,1,450.4,303.0,0.0,0.3273,1.0,dist_truncnorm,9,0.67,0.15,truncnorm,none
City-A,T2,1x,260.0,S6_Q10,routine,M_routine,800,True,1,323.5,408.7,0.0,0.0,1.0,dist_truncnorm,9,0.67,0.15,truncnorm,none
City-A,T2,1x,260.0,S6_Q10,cross_regime,M_stress,800,True,1,323.5,303.0,0.0,0.0635,1.0,dist_truncnorm,9,0.67,0.15,truncnorm,none
City-A,T2,2x,520.0,S0a_RoutineOracle,routine,M_routine,800,True,2,890.9,890.9,0.0,0.0,1.0,dist_truncnorm,9,0.67,0.15,truncnorm,none
City-A,T2,2x,520.0,S0a_RoutineOracle,cross_regime,M_stress,800,True,2,890.9,665.2,0.0,0.2534,1.0,dist_truncnorm,9,0.67,0.15,truncnorm,none
City-A,T2,2x,520.0,S0b_StressOracle,routine,M_routine,800,True,2,711.3,718.0,0.0,0.0,1.0,dist_truncnorm,9,0.67,0.15,truncnorm,none
City-A,T2,2x,520.0,S0b_StressOracle,cross_regime,M_stress,800,True,2,711.3,711.3,0.0,0.0,1.0,dist_truncnorm,9,0.67,0.15,truncnorm,none
City-A,T2,2x,520.0,S1_CapRR,routine,M_routine,800,True,1,678.2,408.7,111.3,0.3974,0.0,dist_truncnorm,9,0.67,0.15,truncnorm,none
City-A,T2,2x,520.0,S1_CapRR,cross_regime,M_stress,800,True,1,678.2,303.0,217.0,0.5533,0.0,dist_truncnorm,9,0.67,0.15,truncnorm,none
City-A,T2,2x,520.0,S2_Platform,routine,M_routine,800,True,2,849.9,872.4,0.0,0.0,1.0,dist_truncnorm,9,0.67,0.15,truncnorm,none
City-A,T2,2x,520.0,S2_Platform,cross_regime,M_stress,800,True,2,849.9,675.4,0.0,0.2054,1.0,dist_truncnorm,9,0.67,0.15,truncnorm,none
City-A,T2,2x,520.0,S3_Lin4,routine,M_routine,800,True,2,878.4,835.8,0.0,0.0485,1.0,dist_truncnorm,9,0.67,0.15,truncnorm,none
City-A,T2,2x,520.0,S3_Lin4,cross_regime,M_stress,800,True,2,878.4,595.8,0.0,0.3217,1.0,dist_truncnorm,9,0.67,0.15,truncnorm,none
City-A,T2,2x,520.0,S4_GlobalCalib,routine,M_routine,800,True,2,868.5,872.4,0.0,0.0,1.0,dist_truncnorm,9,0.67,0.15,truncnorm,none
City-A,T2,2x,520.0,S4_GlobalCalib,cross_regime,M_stress,800,True,2,868.5,675.4,0.0,0.2224,1.0,dist_truncnorm,9,0.67,0.15,truncnorm,none
City-A,T2,2x,520.0,S5_CityCalib,routine,M_routine,800,True,2,858.9,872.4,0.0,0.0,1.0,dist_truncnorm,9,0.67,0.15,truncnorm,none
City-A,T2,2x,520.0,S5_CityCalib,cross_regime,M_stress,800,True,2,858.9,675.4,0.0,0.2137,1.0,dist_truncnorm,9,0.67,0.15,truncnorm,none
City-A,T2,2x,520.0,S6_Q10,routine,M_routine,800,True,2,617.0,872.4,0.0,0.0,1.0,dist_truncnorm,9,0.67,0.15,truncnorm,none
City-A,T2,2x,520.0,S6_Q10,cross_regime,M_stress,800,True,2,617.0,675.4,0.0,0.0,1.0,dist_truncnorm,9,0.67,0.15,truncnorm,none
City-A,T2,5x,1300.0,S0a_RoutineOracle,routine,M_routine,800,True,4,1704.5,1704.5,0.0,0.0,1.0,dist_truncnorm,9,0.67,0.15,truncnorm,none
City-A,T2,5x,1300.0,S0a_RoutineOracle,cross_regime,M_stress,800,True,4,1704.5,1212.9,87.1,0.2884,0.0,dist_truncnorm,9,0.67,0.15,truncnorm,none
City-A,T2,5x,1300.0,S0b_StressOracle,routine,M_routine,800,True,4,1307.0,1553.8,0.0,0.0,1.0,dist_truncnorm,9,0.67,0.15,truncnorm,none
City-A,T2,5x,1300.0,S0b_StressOracle,cross_regime,M_stress,800,True,4,1307.0,1307.0,0.0,0.0,1.0,dist_truncnorm,9,0.67,0.15,truncnorm,none
City-A,T2,5x,1300.0,S1_CapRR,routine,M_routine,800,True,3,1889.7,1299.6,0.4,0.3123,0.0,dist_truncnorm,9,0.67,0.15,truncnorm,none
City-A,T2,5x,1300.0,S1_CapRR,cross_regime,M_stress,800,True,3,1889.7,968.2,331.8,0.4877,0.0,dist_truncnorm,9,0.67,0.15,truncnorm,none
City-A,T2,5x,1300.0,S2_Platform,routine,M_routine,800,True,4,1596.5,1567.6,0.0,0.0181,1.0,dist_truncnorm,9,0.67,0.15,truncnorm,none
City-A,T2,5x,1300.0,S2_Platform,cross_regime,M_stress,800,True,4,1596.5,1043.3,256.7,0.3465,0.0,dist_truncnorm,9,0.67,0.15,truncnorm,none
City-A,T2,5x,1300.0,S3_Lin4,routine,M_routine,800,True,4,1621.2,1553.8,0.0,0.0416,1.0,dist_truncnorm,9,0.67,0.15,truncnorm,none
City-A,T2,5x,1300.0,S3_Lin4,cross_regime,M_stress,800,True,4,1621.2,1307.0,0.0,0.1938,1.0,dist_truncnorm,9,0.67,0.15,truncnorm,none
City-A,T2,5x,1300.0,S4_GlobalCalib,routine,M_routine,800,True,4,1659.6,1509.3,0.0,0.0906,1.0,dist_truncnorm,9,0.67,0.15,truncnorm,none
City-A,T2,5x,1300.0,S4_GlobalCalib,cross_regime,M_stress,800,True,4,1659.6,1244.0,56.0,0.2504,0.0,dist_truncnorm,9,0.67,0.15,truncnorm,none
City-A,T2,5x,1300.0,S5_CityCalib,routine,M_routine,800,True,4,1641.5,1509.3,0.0,0.0805,1.0,dist_truncnorm,9,0.67,0.15,truncnorm,none
City-A,T2,5x,1300.0,S5_CityCalib,cross_regime,M_stress,800,True,4,1641.5,1244.0,56.0,0.2422,0.0,dist_truncnorm,9,0.67,0.15,truncnorm,none
City-A,T2,5x,1300.0,S6_Q10,routine,M_routine,800,True,5,1448.9,1886.4,0.0,0.0,1.0,dist_truncnorm,9,0.67,0.15,truncnorm,none
City-A,T2,5x,1300.0,S6_Q10,cross_regime,M_stress,800,True,5,1448.9,1438.5,0.0,0.0071,1.0,dist_truncnorm,9,0.67,0.15,truncnorm,none
City-A,T2,10x,2600.0,S0a_RoutineOracle,routine,M_routine,800,True,7,2860.3,2860.3,0.0,0.0,1.0,dist_truncnorm,9,0.67,0.15,truncnorm,none
City-A,T2,10x,2600.0,S0a_RoutineOracle,cross_regime,M_stress,800,True,7,2860.3,1734.2,865.8,0.3937,0.0,dist_truncnorm,9,0.67,0.15,truncnorm,none
City-A,T2,10x,2600.0,S0b_StressOracle,routine,M_routine,800,True,9,2625.8,3005.9,0.0,0.0,1.0,dist_truncnorm,9,0.67,0.15,truncnorm,none
City-A,T2,10x,2600.0,S0b_StressOracle,cross_regime,M_stress,800,True,9,2625.8,2625.8,0.0,0.0,1.0,dist_truncnorm,9,0.67,0.15,truncnorm,none
City-A,T2,10x,2600.0,S1_CapRR,routine,M_routine,800,True,5,3037.3,1886.4,713.6,0.3789,0.0,dist_truncnorm,9,0.67,0.15,truncnorm,none
City-A,T2,10x,2600.0,S1_CapRR,cross_regime,M_stress,800,True,5,3037.3,1438.5,1161.5,0.5264,0.0,dist_truncnorm,9,0.67,0.15,truncnorm,none
City-A,T2,10x,2600.0,S2_Platform,routine,M_routine,800,True,7,2630.1,2587.8,12.2,0.0161,0.0,dist_truncnorm,9,0.67,0.15,truncnorm,none
City-A,T2,10x,2600.0,S2_Platform,cross_regime,M_stress,800,True,7,2630.1,1699.1,900.9,0.354,0.0,dist_truncnorm,9,0.67,0.15,truncnorm,none
City-A,T2,10x,2600.0,S3_Lin4,routine,M_routine,800,True,7,2680.8,2403.8,196.2,0.1033,0.0,dist_truncnorm,9,0.67,0.15,truncnorm,none
City-A,T2,10x,2600.0,S3_Lin4,cross_regime,M_stress,800,True,7,2680.8,2010.3,589.7,0.2501,0.0,dist_truncnorm,9,0.67,0.15,truncnorm,none
City-A,T2,10x,2600.0,S4_GlobalCalib,routine,M_routine,800,True,7,2743.8,2458.8,141.2,0.1039,0.0,dist_truncnorm,9,0.67,0.15,truncnorm,none
City-A,T2,10x,2600.0,S4_GlobalCalib,cross_regime,M_stress,800,True,7,2743.8,1950.8,649.2,0.289,0.0,dist_truncnorm,9,0.67,0.15,truncnorm,none
City-A,T2,10x,2600.0,S5_CityCalib,routine,M_routine,800,True,7,2714.3,2458.8,141.2,0.0941,0.0,dist_truncnorm,9,0.67,0.15,truncnorm,none
City-A,T2,10x,2600.0,S5_CityCalib,cross_regime,M_stress,800,True,7,2714.3,1950.8,649.2,0.2813,0.0,dist_truncnorm,9,0.67,0.15,truncnorm,none
City-A,T2,10x,2600.0,S6_Q10,routine,M_routine,800,True,10,2680.7,3479.2,0.0,0.0,1.0,dist_truncnorm,9,0.67,0.15,truncnorm,none
City-A,T2,10x,2600.0,S6_Q10,cross_regime,M_stress,800,True,10,2680.7,2632.7,0.0,0.0179,1.0,dist_truncnorm,9,0.67,0.15,truncnorm,none
City-A,T3,1x,200.0,S0a_RoutineOracle,routine,M_routine,800,True,1,565.6,565.6,0.0,0.0,1.0,dist_truncnorm,9,0.67,0.15,truncnorm,none
City-A,T3,1x,200.0,S0a_RoutineOracle,cross_regime,M_stress,800,True,1,565.6,292.5,0.0,0.4829,1.0,dist_truncnorm,9,0.67,0.15,truncnorm,none
City-A,T3,1x,200.0,S0b_StressOracle,routine,M_routine,800,True,1,292.5,565.6,0.0,0.0,1.0,dist_truncnorm,9,0.67,0.15,truncnorm,none
City-A,T3,1x,200.0,S0b_StressOracle,cross_regime,M_stress,800,True,1,292.5,292.5,0.0,0.0,1.0,dist_truncnorm,9,0.67,0.15,truncnorm,none
City-A,T3,1x,200.0,S1_CapRR,routine,M_routine,800,True,1,596.8,565.6,0.0,0.0523,1.0,dist_truncnorm,9,0.67,0.15,truncnorm,none
City-A,T3,1x,200.0,S1_CapRR,cross_regime,M_stress,800,True,1,596.8,292.5,0.0,0.5099,1.0,dist_truncnorm,9,0.67,0.15,truncnorm,none
City-A,T3,1x,200.0,S2_Platform,routine,M_routine,800,True,1,470.7,565.6,0.0,0.0,1.0,dist_truncnorm,9,0.67,0.15,truncnorm,none
City-A,T3,1x,200.0,S2_Platform,cross_regime,M_stress,800,True,1,470.7,292.5,0.0,0.3786,1.0,dist_truncnorm,9,0.67,0.15,truncnorm,none
City-A,T3,1x,200.0,S3_Lin4,routine,M_routine,800,True,1,482.3,565.6,0.0,0.0,1.0,dist_truncnorm,9,0.67,0.15,truncnorm,none
City-A,T3,1x,200.0,S3_Lin4,cross_regime,M_stress,800,True,1,482.3,292.5,0.0,0.3935,1.0,dist_truncnorm,9,0.67,0.15,truncnorm,none
City-A,T3,1x,200.0,S4_GlobalCalib,routine,M_routine,800,True,1,394.3,565.6,0.0,0.0,1.0,dist_truncnorm,9,0.67,0.15,truncnorm,none
City-A,T3,1x,200.0,S4_GlobalCalib,cross_regime,M_stress,800,True,1,394.3,292.5,0.0,0.2582,1.0,dist_truncnorm,9,0.67,0.15,truncnorm,none
City-A,T3,1x,200.0,S5_CityCalib,routine,M_routine,800,True,1,394.0,565.6,0.0,0.0,1.0,dist_truncnorm,9,0.67,0.15,truncnorm,none
City-A,T3,1x,200.0,S5_CityCalib,cross_regime,M_stress,800,True,1,394.0,292.5,0.0,0.2577,1.0,dist_truncnorm,9,0.67,0.15,truncnorm,none
City-A,T3,1x,200.0,S6_Q10,routine,M_routine,800,True,1,284.3,565.6,0.0,0.0,1.0,dist_truncnorm,9,0.67,0.15,truncnorm,none
City-A,T3,1x,200.0,S6_Q10,cross_regime,M_stress,800,True,1,284.3,292.5,0.0,0.0,1.0,dist_truncnorm,9,0.67,0.15,truncnorm,none
City-A,T3,2x,400.0,S0a_RoutineOracle,routine,M_routine,800,True,1,565.6,565.6,0.0,0.0,1.0,dist_truncnorm,9,0.67,0.15,truncnorm,none
City-A,T3,2x,400.0,S0a_RoutineOracle,cross_regime,M_stress,800,True,1,565.6,292.5,107.5,0.4829,0.0,dist_truncnorm,9,0.67,0.15,truncnorm,none
City-A,T3,2x,400.0,S0b_StressOracle,routine,M_routine,800,True,2,569.1,956.4,0.0,0.0,1.0,dist_truncnorm,9,0.67,0.15,truncnorm,none
City-A,T3,2x,400.0,S0b_StressOracle,cross_regime,M_stress,800,True,2,569.1,569.1,0.0,0.0,1.0,dist_truncnorm,9,0.67,0.15,truncnorm,none
City-A,T3,2x,400.0,S1_CapRR,routine,M_routine,800,True,1,596.8,565.6,0.0,0.0523,1.0,dist_truncnorm,9,0.67,0.15,truncnorm,none
City-A,T3,2x,400.0,S1_CapRR,cross_regime,M_stress,800,True,1,596.8,292.5,107.5,0.5099,0.0,dist_truncnorm,9,0.67,0.15,truncnorm,none
City-A,T3,2x,400.0,S2_Platform,routine,M_routine,800,True,1,470.7,565.6,0.0,0.0,1.0,dist_truncnorm,9,0.67,0.15,truncnorm,none
City-A,T3,2x,400.0,S2_Platform,cross_regime,M_stress,800,True,1,470.7,292.5,107.5,0.3786,0.0,dist_truncnorm,9,0.67,0.15,truncnorm,none
City-A,T3,2x,400.0,S3_Lin4,routine,M_routine,800,True,1,482.3,565.6,0.0,0.0,1.0,dist_truncnorm,9,0.67,0.15,truncnorm,none
City-A,T3,2x,400.0,S3_Lin4,cross_regime,M_stress,800,True,1,482.3,292.5,107.5,0.3935,0.0,dist_truncnorm,9,0.67,0.15,truncnorm,none
City-A,T3,2x,400.0,S4_GlobalCalib,routine,M_routine,800,True,2,752.0,858.2,0.0,0.0,1.0,dist_truncnorm,9,0.67,0.15,truncnorm,none
City-A,T3,2x,400.0,S4_GlobalCalib,cross_regime,M_stress,800,True,2,752.0,495.6,0.0,0.3409,1.0,dist_truncnorm,9,0.67,0.15,truncnorm,none
City-A,T3,2x,400.0,S5_CityCalib,routine,M_routine,800,True,2,751.3,858.2,0.0,0.0,1.0,dist_truncnorm,9,0.67,0.15,truncnorm,none
City-A,T3,2x,400.0,S5_CityCalib,cross_regime,M_stress,800,True,2,751.3,495.6,0.0,0.3403,1.0,dist_truncnorm,9,0.67,0.15,truncnorm,none
City-A,T3,2x,400.0,S6_Q10,routine,M_routine,800,True,2,542.1,858.2,0.0,0.0,1.0,dist_truncnorm,9,0.67,0.15,truncnorm,none
City-A,T3,2x,400.0,S6_Q10,cross_regime,M_stress,800,True,2,542.1,495.6,0.0,0.0857,1.0,dist_truncnorm,9,0.67,0.15,truncnorm,none
City-A,T3,5x,1000.0,S0a_RoutineOracle,routine,M_routine,800,True,3,1319.8,1319.8,0.0,0.0,1.0,dist_truncnorm,9,0.67,0.15,truncnorm,none
City-A,T3,5x,1000.0,S0a_RoutineOracle,cross_regime,M_stress,800,True,3,1319.8,719.7,280.3,0.4547,0.0,dist_truncnorm,9,0.67,0.15,truncnorm,none
City-A,T3,5x,1000.0,S0b_StressOracle,routine,M_routine,800,True,4,1086.0,1460.5,0.0,0.0,1.0,dist_truncnorm,9,0.67,0.15,truncnorm,none
City-A,T3,5x,1000.0,S0b_StressOracle,cross_regime,M_stress,800,True,4,1086.0,1086.0,0.0,0.0,1.0,dist_truncnorm,9,0.67,0.15,truncnorm,none
City-A,T3,5x,1000.0,S1_CapRR,routine,M_routine,800,True,2,1138.1,858.2,141.8,0.2459,0.0,dist_truncnorm,9,0.67,0.15,truncnorm,none
City-A,T3,5x,1000.0,S1_CapRR,cross_regime,M_stress,800,True,2,1138.1,495.6,504.4,0.5645,0.0,dist_truncnorm,9,0.67,0.15,truncnorm,none
City-A,T3,5x,1000.0,S2_Platform,routine,M_routine,800,True,3,1264.8,1182.0,0.0,0.0655,1.0,dist_truncnorm,9,0.67,0.15,truncnorm,none
City-A,T3,5x,1000.0,S2_Platform,cross_regime,M_stress,800,True,3,1264.8,810.5,189.5,0.3591,0.0,dist_truncnorm,9,0.67,0.15,truncnorm,none
City-A,T3,5x,1000.0,S3_Lin4,routine,M_routine,800,True,3,1225.1,1242.7,0.0,0.0,1.0,dist_truncnorm,9,0.67,0.15,truncnorm,none
City-A,T3,5x,1000.0,S3_Lin4,cross_regime,M_stress,800,True,3,1225.1,827.6,172.4,0.3245,0.0,dist_truncnorm,9,0.67,0.15,truncnorm,none
City-A,T3,5x,1000.0,S4_GlobalCalib,routine,M_routine,800,True,3,1098.7,1249.0,0.0,0.0,1.0,dist_truncnorm,9,0.67,0.15,truncnorm,none
City-A,T3,5x,1000.0,S4_GlobalCalib,cross_regime,M_stress,800,True,3,1098.7,772.3,227.7,0.2971,0.0,dist_truncnorm,9,0.67,0.15,truncnorm,none
City-A,T3,5x,1000.0,S5_CityCalib,routine,M_routine,800,True,3,1097.7,1249.0,0.0,0.0,1.0,dist_truncnorm,9,0.67,0.15,truncnorm,none
City-A,T3,5x,1000.0,S5_CityCalib,cross_regime,M_stress,800,True,3,1097.7,772.3,227.7,0.2965,0.0,dist_truncnorm,9,0.67,0.15,truncnorm,none
City-A,T3,5x,1000.0,S6_Q10,routine,M_routine,800,True,4,1036.1,1566.7,0.0,0.0,1.0,dist_truncnorm,9,0.67,0.15,truncnorm,none
City-A,T3,5x,1000.0,S6_Q10,cross_regime,M_stress,800,True,4,1036.1,1014.2,0.0,0.0211,1.0,dist_truncnorm,9,0.67,0.15,truncnorm,none
City-A,T3,10x,2000.0,S0a_RoutineOracle,routine,M_routine,800,True,6,2274.9,2274.9,0.0,0.0,1.0,dist_truncnorm,9,0.67,0.15,truncnorm,none
City-A,T3,10x,2000.0,S0a_RoutineOracle,cross_regime,M_stress,800,True,6,2274.9,1301.3,698.7,0.428,0.0,dist_truncnorm,9,0.67,0.15,truncnorm,none
City-A,T3,10x,2000.0,S0b_StressOracle,routine,M_routine,800,True,8,2028.8,2334.5,0.0,0.0,1.0,dist_truncnorm,9,0.67,0.15,truncnorm,none
City-A,T3,10x,2000.0,S0b_StressOracle,cross_regime,M_stress,800,True,8,2028.8,2028.8,0.0,0.0,1.0,dist_truncnorm,9,0.67,0.15,truncnorm,none
City-A,T3,10x,2000.0,S1_CapRR,routine,M_routine,800,True,4,2175.3,1566.7,433.3,0.2798,0.0,dist_truncnorm,9,0.67,0.15,truncnorm,none
City-A,T3,10x,2000.0,S1_CapRR,cross_regime,M_stress,800,True,4,2175.3,1014.2,985.8,0.5338,0.0,dist_truncnorm,9,0.67,0.15,truncnorm,none
City-A,T3,10x,2000.0,S2_Platform,routine,M_routine,800,True,6,2357.9,2044.3,0.0,0.133,1.0,dist_truncnorm,9,0.67,0.15,truncnorm,none
City-A,T3,10x,2000.0,S2_Platform,cross_regime,M_stress,800,True,6,2357.9,1370.7,629.3,0.4187,0.0,dist_truncnorm,9,0.67,0.15,truncnorm,none
City-A,T3,10x,2000.0,S3_Lin4,routine,M_routine,800,True,6,2252.7,2078.6,0.0,0.0773,1.0,dist_truncnorm,9,0.67,0.15,truncnorm,none
City-A,T3,10x,2000.0,S3_Lin4,cross_regime,M_stress,800,True,6,2252.7,1514.1,485.9,0.3279,0.0,dist_truncnorm,9,0.67,0.15,truncnorm,none
City-A,T3,10x,2000.0,S4_GlobalCalib,routine,M_routine,800,True,6,2073.6,2078.6,0.0,0.0,1.0,dist_truncnorm,9,0.67,0.15,truncnorm,none
City-A,T3,10x,2000.0,S4_GlobalCalib,cross_regime,M_stress,800,True,6,2073.6,1514.1,485.9,0.2698,0.0,dist_truncnorm,9,0.67,0.15,truncnorm,none
City-A,T3,10x,2000.0,S5_CityCalib,routine,M_routine,800,True,6,2071.4,2078.6,0.0,0.0,1.0,dist_truncnorm,9,0.67,0.15,truncnorm,none
City-A,T3,10x,2000.0,S5_CityCalib,cross_regime,M_stress,800,True,6,2071.4,1514.1,485.9,0.269,0.0,dist_truncnorm,9,0.67,0.15,truncnorm,none
City-A,T3,10x,2000.0,S6_Q10,routine,M_routine,800,True,9,2143.2,2759.1,0.0,0.0,1.0,dist_truncnorm,9,0.67,0.15,truncnorm,none
City-A,T3,10x,2000.0,S6_Q10,cross_regime,M_stress,800,True,9,2143.2,2100.8,0.0,0.0198,1.0,dist_truncnorm,9,0.67,0.15,truncnorm,none
City-A,T4,1x,140.0,S0a_RoutineOracle,routine,M_routine,800,True,1,491.6,491.6,0.0,0.0,1.0,dist_truncnorm,9,0.67,0.15,truncnorm,none
City-A,T4,1x,140.0,S0a_RoutineOracle,cross_regime,M_stress,800,True,1,491.6,240.8,0.0,0.5102,1.0,dist_truncnorm,9,0.67,0.15,truncnorm,none
City-A,T4,1x,140.0,S0b_StressOracle,routine,M_routine,800,True,1,346.5,333.8,0.0,0.0366,1.0,dist_truncnorm,9,0.67,0.15,truncnorm,none
City-A,T4,1x,140.0,S0b_StressOracle,cross_regime,M_stress,800,True,1,346.5,346.5,0.0,0.0,1.0,dist_truncnorm,9,0.67,0.15,truncnorm,none
City-A,T4,1x,140.0,S1_CapRR,routine,M_routine,800,True,1,678.2,333.8,0.0,0.5078,1.0,dist_truncnorm,9,0.67,0.15,truncnorm,none
City-A,T4,1x,140.0,S1_CapRR,cross_regime,M_stress,800,True,1,678.2,346.5,0.0,0.4891,1.0,dist_truncnorm,9,0.67,0.15,truncnorm,none
City-A,T4,1x,140.0,S2_Platform,routine,M_routine,800,True,1,299.2,449.0,0.0,0.0,1.0,dist_truncnorm,9,0.67,0.15,truncnorm,none
City-A,T4,1x,140.0,S2_Platform,cross_regime,M_stress,800,True,1,299.2,283.0,0.0,0.0543,1.0,dist_truncnorm,9,0.67,0.15,truncnorm,none
City-A,T4,1x,140.0,S3_Lin4,routine,M_routine,800,True,1,482.9,333.8,0.0,0.3087,1.0,dist_truncnorm,9,0.67,0.15,truncnorm,none
City-A,T4,1x,140.0,S3_Lin4,cross_regime,M_stress,800,True,1,482.9,346.5,0.0,0.2824,1.0,dist_truncnorm,9,0.67,0.15,truncnorm,none
City-A,T4,1x,140.0,S4_GlobalCalib,routine,M_routine,800,True,1,445.5,333.8,0.0,0.2508,1.0,dist_truncnorm,9,0.67,0.15,truncnorm,none
City-A,T4,1x,140.0,S4_GlobalCalib,cross_regime,M_stress,800,True,1,445.5,346.5,0.0,0.2223,1.0,dist_truncnorm,9,0.67,0.15,truncnorm,none
City-A,T4,1x,140.0,S5_CityCalib,routine,M_routine,800,True,1,441.7,333.8,0.0,0.2444,1.0,dist_truncnorm,9,0.67,0.15,truncnorm,none
City-A,T4,1x,140.0,S5_CityCalib,cross_regime,M_stress,800,True,1,441.7,346.5,0.0,0.2156,1.0,dist_truncnorm,9,0.67,0.15,truncnorm,none
City-A,T4,1x,140.0,S6_Q10,routine,M_routine,800,True,1,320.6,333.8,0.0,0.0,1.0,dist_truncnorm,9,0.67,0.15,truncnorm,none
City-A,T4,1x,140.0,S6_Q10,cross_regime,M_stress,800,True,1,320.6,346.5,0.0,0.0,1.0,dist_truncnorm,9,0.67,0.15,truncnorm,none
City-A,T4,2x,280.0,S0a_RoutineOracle,routine,M_routine,800,True,1,491.6,491.6,0.0,0.0,1.0,dist_truncnorm,9,0.67,0.15,truncnorm,none
City-A,T4,2x,280.0,S0a_RoutineOracle,cross_regime,M_stress,800,True,1,491.6,240.8,39.2,0.5102,0.0,dist_truncnorm,9,0.67,0.15,truncnorm,none
City-A,T4,2x,280.0,S0b_StressOracle,routine,M_routine,800,True,1,346.5,333.8,0.0,0.0366,1.0,dist_truncnorm,9,0.67,0.15,truncnorm,none
City-A,T4,2x,280.0,S0b_StressOracle,cross_regime,M_stress,800,True,1,346.5,346.5,0.0,0.0,1.0,dist_truncnorm,9,0.67,0.15,truncnorm,none
City-A,T4,2x,280.0,S1_CapRR,routine,M_routine,800,True,1,678.2,333.8,0.0,0.5078,1.0,dist_truncnorm,9,0.67,0.15,truncnorm,none
City-A,T4,2x,280.0,S1_CapRR,cross_regime,M_stress,800,True,1,678.2,346.5,0.0,0.4891,1.0,dist_truncnorm,9,0.67,0.15,truncnorm,none
City-A,T4,2x,280.0,S2_Platform,routine,M_routine,800,True,1,299.2,449.0,0.0,0.0,1.0,dist_truncnorm,9,0.67,0.15,truncnorm,none
City-A,T4,2x,280.0,S2_Platform,cross_regime,M_stress,800,True,1,299.2,283.0,0.0,0.0543,1.0,dist_truncnorm,9,0.67,0.15,truncnorm,none
City-A,T4,2x,280.0,S3_Lin4,routine,M_routine,800,True,1,482.9,333.8,0.0,0.3087,1.0,dist_truncnorm,9,0.67,0.15,truncnorm,none
City-A,T4,2x,280.0,S3_Lin4,cross_regime,M_stress,800,True,1,482.9,346.5,0.0,0.2824,1.0,dist_truncnorm,9,0.67,0.15,truncnorm,none
City-A,T4,2x,280.0,S4_GlobalCalib,routine,M_routine,800,True,1,445.5,333.8,0.0,0.2508,1.0,dist_truncnorm,9,0.67,0.15,truncnorm,none
City-A,T4,2x,280.0,S4_GlobalCalib,cross_regime,M_stress,800,True,1,445.5,346.5,0.0,0.2223,1.0,dist_truncnorm,9,0.67,0.15,truncnorm,none
City-A,T4,2x,280.0,S5_CityCalib,routine,M_routine,800,True,1,441.7,333.8,0.0,0.2444,1.0,dist_truncnorm,9,0.67,0.15,truncnorm,none
City-A,T4,2x,280.0,S5_CityCalib,cross_regime,M_stress,800,True,1,441.7,346.5,0.0,0.2156,1.0,dist_truncnorm,9,0.67,0.15,truncnorm,none
City-A,T4,2x,280.0,S6_Q10,routine,M_routine,800,True,1,320.6,333.8,0.0,0.0,1.0,dist_truncnorm,9,0.67,0.15,truncnorm,none
City-A,T4,2x,280.0,S6_Q10,cross_regime,M_stress,800,True,1,320.6,346.5,0.0,0.0,1.0,dist_truncnorm,9,0.67,0.15,truncnorm,none
City-A,T4,5x,700.0,S0a_RoutineOracle,routine,M_routine,800,True,2,940.6,940.6,0.0,0.0,1.0,dist_truncnorm,9,0.67,0.15,truncnorm,none
City-A,T4,5x,700.0,S0a_RoutineOracle,cross_regime,M_stress,800,True,2,940.6,523.7,176.3,0.4432,0.0,dist_truncnorm,9,0.67,0.15,truncnorm,none
City-A,T4,5x,700.0,S0b_StressOracle,routine,M_routine,800,True,3,901.9,1039.2,0.0,0.0,1.0,dist_truncnorm,9,0.67,0.15,truncnorm,none
City-A,T4,5x,700.0,S0b_StressOracle,cross_regime,M_stress,800,True,3,901.9,901.9,0.0,0.0,1.0,dist_truncnorm,9,0.67,0.15,truncnorm,none
City-A,T4,5x,700.0,S1_CapRR,routine,M_routine,800,True,2,1293.4,782.8,0.0,0.3948,1.0,dist_truncnorm,9,0.67,0.15,truncnorm,none
City-A,T4,5x,700.0,S1_CapRR,cross_regime,M_stress,800,True,2,1293.4,629.5,70.5,0.5133,0.0,dist_truncnorm,9,0.67,0.15,truncnorm,none
City-A,T4,5x,700.0,S2_Platform,routine,M_routine,800,True,3,870.0,1146.7,0.0,0.0,1.0,dist_truncnorm,9,0.67,0.15,truncnorm,none
City-A,T4,5x,700.0,S2_Platform,cross_regime,M_stress,800,True,3,870.0,738.1,0.0,0.1516,1.0,dist_truncnorm,9,0.67,0.15,truncnorm,none
City-A,T4,5x,700.0,S3_Lin4,routine,M_routine,800,True,2,863.0,825.4,0.0,0.0435,1.0,dist_truncnorm,9,0.67,0.15,truncnorm,none
City-A,T4,5x,700.0,S3_Lin4,cross_regime,M_stress,800,True,2,863.0,587.3,112.7,0.3195,0.0,dist_truncnorm,9,0.67,0.15,truncnorm,none
City-A,T4,5x,700.0,S4_GlobalCalib,routine,M_routine,800,True,2,849.8,782.8,0.0,0.0788,1.0,dist_truncnorm,9,0.67,0.15,truncnorm,none
City-A,T4,5x,700.0,S4_GlobalCalib,cross_regime,M_stress,800,True,2,849.8,629.5,70.5,0.2593,0.0,dist_truncnorm,9,0.67,0.15,truncnorm,none
City-A,T4,5x,700.0,S5_CityCalib,routine,M_routine,800,True,2,842.5,782.8,0.0,0.0709,1.0,dist_truncnorm,9,0.67,0.15,truncnorm,none
City-A,T4,5x,700.0,S5_CityCalib,cross_regime,M_stress,800,True,2,842.5,629.5,70.5,0.2529,0.0,dist_truncnorm,9,0.67,0.15,truncnorm,none
City-A,T4,5x,700.0,S6_Q10,routine,M_routine,800,True,3,893.5,1274.4,0.0,0.0,1.0,dist_truncnorm,9,0.67,0.15,truncnorm,none
City-A,T4,5x,700.0,S6_Q10,cross_regime,M_stress,800,True,3,893.5,870.2,0.0,0.026,1.0,dist_truncnorm,9,0.67,0.15,truncnorm,none
City-A,T4,10x,1400.0,S0a_RoutineOracle,routine,M_routine,800,True,4,1773.7,1773.7,0.0,0.0,1.0,dist_truncnorm,9,0.67,0.15,truncnorm,none
City-A,T4,10x,1400.0,S0a_RoutineOracle,cross_regime,M_stress,800,True,4,1773.7,1061.4,338.6,0.4016,0.0,dist_truncnorm,9,0.67,0.15,truncnorm,none
City-A,T4,10x,1400.0,S0b_StressOracle,routine,M_routine,800,True,5,1439.5,1872.3,0.0,0.0,1.0,dist_truncnorm,9,0.67,0.15,truncnorm,none
City-A,T4,10x,1400.0,S0b_StressOracle,cross_regime,M_stress,800,True,5,1439.5,1439.5,0.0,0.0,1.0,dist_truncnorm,9,0.67,0.15,truncnorm,none
City-A,T4,10x,1400.0,S1_CapRR,routine,M_routine,800,True,3,1889.7,1274.4,125.6,0.3256,0.0,dist_truncnorm,9,0.67,0.15,truncnorm,none
City-A,T4,10x,1400.0,S1_CapRR,cross_regime,M_stress,800,True,3,1889.7,870.2,529.8,0.5395,0.0,dist_truncnorm,9,0.67,0.15,truncnorm,none
City-A,T4,10x,1400.0,S2_Platform,routine,M_routine,800,True,5,1424.2,1594.8,0.0,0.0,1.0,dist_truncnorm,9,0.67,0.15,truncnorm,none
City-A,T4,10x,1400.0,S2_Platform,cross_regime,M_stress,800,True,5,1424.2,1100.0,300.0,0.2276,0.0,dist_truncnorm,9,0.67,0.15,truncnorm,none
City-A,T4,10x,1400.0,S3_Lin4,routine,M_routine,800,True,4,1593.5,1530.8,0.0,0.0393,1.0,dist_truncnorm,9,0.67,0.15,truncnorm,none
City-A,T4,10x,1400.0,S3_Lin4,cross_regime,M_stress,800,True,4,1593.5,1142.7,257.3,0.2829,0.0,dist_truncnorm,9,0.67,0.15,truncnorm,none
City-A,T4,10x,1400.0,S4_GlobalCalib,routine,M_routine,800,True,4,1624.3,1614.9,0.0,0.0058,1.0,dist_truncnorm,9,0.67,0.15,truncnorm,none
City-A,T4,10x,1400.0,S4_GlobalCalib,cross_regime,M_stress,800,True,4,1624.3,1112.3,287.7,0.3152,0.0,dist_truncnorm,9,0.67,0.15,truncnorm,none
City-A,T4,10x,1400.0,S5_CityCalib,routine,M_routine,800,True,4,1610.5,1614.9,0.0,0.0,1.0,dist_truncnorm,9,0.67,0.15,truncnorm,none
City-A,T4,10x,1400.0,S5_CityCalib,cross_regime,M_stress,800,True,4,1610.5,1112.3,287.7,0.3094,0.0,dist_truncnorm,9,0.67,0.15,truncnorm,none
City-A,T4,10x,1400.0,S6_Q10,routine,M_routine,800,True,5,1436.1,1957.0,0.0,0.0,1.0,dist_truncnorm,9,0.67,0.15,truncnorm,none
City-A,T4,10x,1400.0,S6_Q10,cross_regime,M_stress,800,True,5,1436.1,1297.2,102.8,0.0967,0.0,dist_truncnorm,9,0.67,0.15,truncnorm,none
City-A,T5,1x,160.0,S0a_RoutineOracle,routine,M_routine,800,True,1,424.0,424.0,0.0,0.0,1.0,dist_truncnorm,9,0.67,0.15,truncnorm,none
City-A,T5,1x,160.0,S0a_RoutineOracle,cross_regime,M_stress,800,True,1,424.0,182.8,0.0,0.5689,1.0,dist_truncnorm,9,0.67,0.15,truncnorm,none
City-A,T5,1x,160.0,S0b_StressOracle,routine,M_routine,800,True,1,321.3,390.9,0.0,0.0,1.0,dist_truncnorm,9,0.67,0.15,truncnorm,none
City-A,T5,1x,160.0,S0b_StressOracle,cross_regime,M_stress,800,True,1,321.3,321.3,0.0,0.0,1.0,dist_truncnorm,9,0.67,0.15,truncnorm,none
City-A,T5,1x,160.0,S1_CapRR,routine,M_routine,800,True,1,596.8,424.0,0.0,0.2896,1.0,dist_truncnorm,9,0.67,0.15,truncnorm,none
City-A,T5,1x,160.0,S1_CapRR,cross_regime,M_stress,800,True,1,596.8,182.8,0.0,0.6937,1.0,dist_truncnorm,9,0.67,0.15,truncnorm,none
City-A,T5,1x,160.0,S2_Platform,routine,M_routine,800,True,1,485.5,424.0,0.0,0.1267,1.0,dist_truncnorm,9,0.67,0.15,truncnorm,none
City-A,T5,1x,160.0,S2_Platform,cross_regime,M_stress,800,True,1,485.5,182.8,0.0,0.6235,1.0,dist_truncnorm,9,0.67,0.15,truncnorm,none
City-A,T5,1x,160.0,S3_Lin4,routine,M_routine,800,True,1,481.8,424.0,0.0,0.1201,1.0,dist_truncnorm,9,0.67,0.15,truncnorm,none
City-A,T5,1x,160.0,S3_Lin4,cross_regime,M_stress,800,True,1,481.8,182.8,0.0,0.6207,1.0,dist_truncnorm,9,0.67,0.15,truncnorm,none
City-A,T5,1x,160.0,S4_GlobalCalib,routine,M_routine,800,True,1,394.7,424.0,0.0,0.0,1.0,dist_truncnorm,9,0.67,0.15,truncnorm,none
City-A,T5,1x,160.0,S4_GlobalCalib,cross_regime,M_stress,800,True,1,394.7,182.8,0.0,0.5369,1.0,dist_truncnorm,9,0.67,0.15,truncnorm,none
City-A,T5,1x,160.0,S5_CityCalib,routine,M_routine,800,True,1,394.0,424.0,0.0,0.0,1.0,dist_truncnorm,9,0.67,0.15,truncnorm,none
City-A,T5,1x,160.0,S5_CityCalib,cross_regime,M_stress,800,True,1,394.0,182.8,0.0,0.5361,1.0,dist_truncnorm,9,0.67,0.15,truncnorm,none
City-A,T5,1x,160.0,S6_Q10,routine,M_routine,800,True,1,285.0,424.0,0.0,0.0,1.0,dist_truncnorm,9,0.67,0.15,truncnorm,none
City-A,T5,1x,160.0,S6_Q10,cross_regime,M_stress,800,True,1,285.0,182.8,0.0,0.3586,1.0,dist_truncnorm,9,0.67,0.15,truncnorm,none
City-A,T5,2x,320.0,S0a_RoutineOracle,routine,M_routine,800,True,1,424.0,424.0,0.0,0.0,1.0,dist_truncnorm,9,0.67,0.15,truncnorm,none
City-A,T5,2x,320.0,S0a_RoutineOracle,cross_regime,M_stress,800,True,1,424.0,182.8,137.2,0.5689,0.0,dist_truncnorm,9,0.67,0.15,truncnorm,none
City-A,T5,2x,320.0,S0b_StressOracle,routine,M_routine,800,True,1,321.3,390.9,0.0,0.0,1.0,dist_truncnorm,9,0.67,0.15,truncnorm,none
City-A,T5,2x,320.0,S0b_StressOracle,cross_regime,M_stress,800,True,1,321.3,321.3,0.0,0.0,1.0,dist_truncnorm,9,0.67,0.15,truncnorm,none
City-A,T5,2x,320.0,S1_CapRR,routine,M_routine,800,True,1,596.8,424.0,0.0,0.2896,1.0,dist_truncnorm,9,0.67,0.15,truncnorm,none
City-A,T5,2x,320.0,S1_CapRR,cross_regime,M_stress,800,True,1,596.8,182.8,137.2,0.6937,0.0,dist_truncnorm,9,0.67,0.15,truncnorm,none
City-A,T5,2x,320.0,S2_Platform,routine,M_routine,800,True,1,485.5,424.0,0.0,0.1267,1.0,dist_truncnorm,9,0.67,0.15,truncnorm,none
City-A,T5,2x,320.0,S2_Platform,cross_regime,M_stress,800,True,1,485.5,182.8,137.2,0.6235,0.0,dist_truncnorm,9,0.67,0.15,truncnorm,none
City-A,T5,2x,320.0,S3_Lin4,routine,M_routine,800,True,1,481.8,424.0,0.0,0.1201,1.0,dist_truncnorm,9,0.67,0.15,truncnorm,none
City-A,T5,2x,320.0,S3_Lin4,cross_regime,M_stress,800,True,1,481.8,182.8,137.2,0.6207,0.0,dist_truncnorm,9,0.67,0.15,truncnorm,none
City-A,T5,2x,320.0,S4_GlobalCalib,routine,M_routine,800,True,1,394.7,424.0,0.0,0.0,1.0,dist_truncnorm,9,0.67,0.15,truncnorm,none
City-A,T5,2x,320.0,S4_GlobalCalib,cross_regime,M_stress,800,True,1,394.7,182.8,137.2,0.5369,0.0,dist_truncnorm,9,0.67,0.15,truncnorm,none
City-A,T5,2x,320.0,S5_CityCalib,routine,M_routine,800,True,1,394.0,424.0,0.0,0.0,1.0,dist_truncnorm,9,0.67,0.15,truncnorm,none
City-A,T5,2x,320.0,S5_CityCalib,cross_regime,M_stress,800,True,1,394.0,182.8,137.2,0.5361,0.0,dist_truncnorm,9,0.67,0.15,truncnorm,none
City-A,T5,2x,320.0,S6_Q10,routine,M_routine,800,True,2,543.5,759.7,0.0,0.0,1.0,dist_truncnorm,9,0.67,0.15,truncnorm,none
City-A,T5,2x,320.0,S6_Q10,cross_regime,M_stress,800,True,2,543.5,450.3,0.0,0.1715,1.0,dist_truncnorm,9,0.67,0.15,truncnorm,none
City-A,T5,5x,800.0,S0a_RoutineOracle,routine,M_routine,800,True,2,836.9,836.9,0.0,0.0,1.0,dist_truncnorm,9,0.67,0.15,truncnorm,none
City-A,T5,5x,800.0,S0a_RoutineOracle,cross_regime,M_stress,800,True,2,836.9,443.4,356.6,0.4702,0.0,dist_truncnorm,9,0.67,0.15,truncnorm,none
City-A,T5,5x,800.0,S0b_StressOracle,routine,M_routine,800,True,3,874.1,1134.0,0.0,0.0,1.0,dist_truncnorm,9,0.67,0.15,truncnorm,none
City-A,T5,5x,800.0,S0b_StressOracle,cross_regime,M_stress,800,True,3,874.1,874.1,0.0,0.0,1.0,dist_truncnorm,9,0.67,0.15,truncnorm,none
City-A,T5,5x,800.0,S1_CapRR,routine,M_routine,800,True,2,1138.1,759.7,40.3,0.3325,0.0,dist_truncnorm,9,0.67,0.15,truncnorm,none
City-A,T5,5x,800.0,S1_CapRR,cross_regime,M_stress,800,True,2,1138.1,450.3,349.7,0.6044,0.0,dist_truncnorm,9,0.67,0.15,truncnorm,none
City-A,T5,5x,800.0,S2_Platform,routine,M_routine,800,True,2,897.6,814.9,0.0,0.0921,1.0,dist_truncnorm,9,0.67,0.15,truncnorm,none
City-A,T5,5x,800.0,S2_Platform,cross_regime,M_stress,800,True,2,897.6,504.0,296.0,0.4385,0.0,dist_truncnorm,9,0.67,0.15,truncnorm,none
City-A,T5,5x,800.0,S3_Lin4,routine,M_routine,800,True,2,854.6,831.4,0.0,0.0271,1.0,dist_truncnorm,9,0.67,0.15,truncnorm,none
City-A,T5,5x,800.0,S3_Lin4,cross_regime,M_stress,800,True,2,854.6,468.2,331.8,0.4522,0.0,dist_truncnorm,9,0.67,0.15,truncnorm,none
City-A,T5,5x,800.0,S4_GlobalCalib,routine,M_routine,800,True,3,1099.5,1167.1,0.0,0.0,1.0,dist_truncnorm,9,0.67,0.15,truncnorm,none
City-A,T5,5x,800.0,S4_GlobalCalib,cross_regime,M_stress,800,True,3,1099.5,735.7,64.3,0.3309,0.0,dist_truncnorm,9,0.67,0.15,truncnorm,none
City-A,T5,5x,800.0,S5_CityCalib,routine,M_routine,800,True,3,1097.5,1167.1,0.0,0.0,1.0,dist_truncnorm,9,0.67,0.15,truncnorm,none
City-A,T5,5x,800.0,S5_CityCalib,cross_regime,M_stress,800,True,3,1097.5,735.7,64.3,0.3297,0.0,dist_truncnorm,9,0.67,0.15,truncnorm,none
City-A,T5,5x,800.0,S6_Q10,routine,M_routine,800,True,4,1038.8,1580.0,0.0,0.0,1.0,dist_truncnorm,9,0.67,0.15,truncnorm,none
City-A,T5,5x,800.0,S6_Q10,cross_regime,M_stress,800,True,4,1038.8,996.3,0.0,0.0409,1.0,dist_truncnorm,9,0.67,0.15,truncnorm,none
City-A,T5,10x,1600.0,S0a_RoutineOracle,routine,M_routine,800,True,4,1635.2,1635.2,0.0,0.0,1.0,dist_truncnorm,9,0.67,0.15,truncnorm,none
City-A,T5,10x,1600.0,S0a_RoutineOracle,cross_regime,M_stress,800,True,4,1635.2,1050.1,549.9,0.3578,0.0,dist_truncnorm,9,0.67,0.15,truncnorm,none
City-A,T5,10x,1600.0,S0b_StressOracle,routine,M_routine,800,True,6,1611.5,2155.8,0.0,0.0,1.0,dist_truncnorm,9,0.67,0.15,truncnorm,none
City-A,T5,10x,1600.0,S0b_StressOracle,cross_regime,M_stress,800,True,6,1611.5,1611.5,0.0,0.0,1.0,dist_truncnorm,9,0.67,0.15,truncnorm,none
City-A,T5,10x,1600.0,S1_CapRR,routine,M_routine,800,True,3,1662.9,1167.1,432.9,0.2981,0.0,dist_truncnorm,9,0.67,0.15,truncnorm,none
City-A,T5,10x,1600.0,S1_CapRR,cross_regime,M_stress,800,True,3,1662.9,735.7,864.3,0.5576,0.0,dist_truncnorm,9,0.67,0.15,truncnorm,none
City-A,T5,10x,1600.0,S2_Platform,routine,M_routine,800,True,4,1696.8,1635.2,0.0,0.0363,1.0,dist_truncnorm,9,0.67,0.15,truncnorm,none
City-A,T5,10x,1600.0,S2_Platform,cross_regime,M_stress,800,True,4,1696.8,1050.1,549.9,0.3812,0.0,dist_truncnorm,9,0.67,0.15,truncnorm,none
City-A,T5,10x,1600.0,S3_Lin4,routine,M_routine,800,True,5,1910.3,1834.1,0.0,0.0399,1.0,dist_truncnorm,9,0.67,0.15,truncnorm,none
City-A,T5,10x,1600.0,S3_Lin4,cross_regime,M_stress,800,True,5,1910.3,1181.1,418.9,0.3817,0.0,dist_truncnorm,9,0.67,0.15,truncnorm,none
City-A,T5,10x,1600.0,S4_GlobalCalib,routine,M_routine,800,True,5,1767.2,1970.9,0.0,0.0,1.0,dist_truncnorm,9,0.67,0.15,truncnorm,none
City-A,T5,10x,1600.0,S4_GlobalCalib,cross_regime,M_stress,800,True,5,1767.2,1317.6,282.4,0.2545,0.0,dist_truncnorm,9,0.67,0.15,truncnorm,none
City-A,T5,10x,1600.0,S5_CityCalib,routine,M_routine,800,True,5,1763.8,1970.9,0.0,0.0,1.0,dist_truncnorm,9,0.67,0.15,truncnorm,none
City-A,T5,10x,1600.0,S5_CityCalib,cross_regime,M_stress,800,True,5,1763.8,1317.6,282.4,0.253,0.0,dist_truncnorm,9,0.67,0.15,truncnorm,none
City-A,T5,10x,1600.0,S6_Q10,routine,M_routine,800,True,7,1717.7,2392.5,0.0,0.0,1.0,dist_truncnorm,9,0.67,0.15,truncnorm,none
City-A,T5,10x,1600.0,S6_Q10,cross_regime,M_stress,800,True,7,1717.7,1718.7,0.0,0.0,1.0,dist_truncnorm,9,0.67,0.15,truncnorm,none
City-B,T1,1x,180.0,S0a_RoutineOracle,routine,M_routine,500,True,1,681.5,681.5,0.0,0.0,1.0,dist_truncnorm,9,0.67,0.15,truncnorm,none
City-B,T1,1x,180.0,S0a_RoutineOracle,cross_regime,M_stress,500,True,1,681.5,276.8,0.0,0.5938,1.0,dist_truncnorm,9,0.67,0.15,truncnorm,none
City-B,T1,1x,180.0,S0b_StressOracle,routine,M_routine,500,True,1,447.6,600.4,0.0,0.0,1.0,dist_truncnorm,9,0.67,0.15,truncnorm,none
City-B,T1,1x,180.0,S0b_StressOracle,cross_regime,M_stress,500,True,1,447.6,447.6,0.0,0.0,1.0,dist_truncnorm,9,0.67,0.15,truncnorm,none
City-B,T1,1x,180.0,S1_CapRR,routine,M_routine,500,True,1,846.0,681.5,0.0,0.1945,1.0,dist_truncnorm,9,0.67,0.15,truncnorm,none
City-B,T1,1x,180.0,S1_CapRR,cross_regime,M_stress,500,True,1,846.0,276.8,0.0,0.6728,1.0,dist_truncnorm,9,0.67,0.15,truncnorm,none
City-B,T1,1x,180.0,S2_Platform,routine,M_routine,500,True,1,561.1,513.4,0.0,0.0851,1.0,dist_truncnorm,9,0.67,0.15,truncnorm,none
City-B,T1,1x,180.0,S2_Platform,cross_regime,M_stress,500,True,1,561.1,445.6,0.0,0.2059,1.0,dist_truncnorm,9,0.67,0.15,truncnorm,none
City-B,T1,1x,180.0,S3_Lin4,routine,M_routine,500,True,1,457.9,600.4,0.0,0.0,1.0,dist_truncnorm,9,0.67,0.15,truncnorm,none
City-B,T1,1x,180.0,S3_Lin4,cross_regime,M_stress,500,True,1,457.9,447.6,0.0,0.0224,1.0,dist_truncnorm,9,0.67,0.15,truncnorm,none
City-B,T1,1x,180.0,S4_GlobalCalib,routine,M_routine,500,True,1,557.0,681.5,0.0,0.0,1.0,dist_truncnorm,9,0.67,0.15,truncnorm,none
City-B,T1,1x,180.0,S4_GlobalCalib,cross_regime,M_stress,500,True,1,557.0,276.8,0.0,0.5031,1.0,dist_truncnorm,9,0.67,0.15,truncnorm,none
City-B,T1,1x,180.0,S5_CityCalib,routine,M_routine,500,True,1,557.1,681.5,0.0,0.0,1.0,dist_truncnorm,9,0.67,0.15,truncnorm,none
City-B,T1,1x,180.0,S5_CityCalib,cross_regime,M_stress,500,True,1,557.1,276.8,0.0,0.5031,1.0,dist_truncnorm,9,0.67,0.15,truncnorm,none
City-B,T1,1x,180.0,S6_Q10,routine,M_routine,500,True,1,402.0,681.5,0.0,0.0,1.0,dist_truncnorm,9,0.67,0.15,truncnorm,none
City-B,T1,1x,180.0,S6_Q10,cross_regime,M_stress,500,True,1,402.0,276.8,0.0,0.3114,1.0,dist_truncnorm,9,0.67,0.15,truncnorm,none
City-B,T1,2x,360.0,S0a_RoutineOracle,routine,M_routine,500,True,1,681.5,681.5,0.0,0.0,1.0,dist_truncnorm,9,0.67,0.15,truncnorm,none
City-B,T1,2x,360.0,S0a_RoutineOracle,cross_regime,M_stress,500,True,1,681.5,276.8,83.2,0.5938,0.0,dist_truncnorm,9,0.67,0.15,truncnorm,none
City-B,T1,2x,360.0,S0b_StressOracle,routine,M_routine,500,True,1,447.6,600.4,0.0,0.0,1.0,dist_truncnorm,9,0.67,0.15,truncnorm,none
City-B,T1,2x,360.0,S0b_StressOracle,cross_regime,M_stress,500,True,1,447.6,447.6,0.0,0.0,1.0,dist_truncnorm,9,0.67,0.15,truncnorm,none
City-B,T1,2x,360.0,S1_CapRR,routine,M_routine,500,True,1,846.0,681.5,0.0,0.1945,1.0,dist_truncnorm,9,0.67,0.15,truncnorm,none
City-B,T1,2x,360.0,S1_CapRR,cross_regime,M_stress,500,True,1,846.0,276.8,83.2,0.6728,0.0,dist_truncnorm,9,0.67,0.15,truncnorm,none
City-B,T1,2x,360.0,S2_Platform,routine,M_routine,500,True,1,561.1,513.4,0.0,0.0851,1.0,dist_truncnorm,9,0.67,0.15,truncnorm,none
City-B,T1,2x,360.0,S2_Platform,cross_regime,M_stress,500,True,1,561.1,445.6,0.0,0.2059,1.0,dist_truncnorm,9,0.67,0.15,truncnorm,none
City-B,T1,2x,360.0,S3_Lin4,routine,M_routine,500,True,1,457.9,600.4,0.0,0.0,1.0,dist_truncnorm,9,0.67,0.15,truncnorm,none
City-B,T1,2x,360.0,S3_Lin4,cross_regime,M_stress,500,True,1,457.9,447.6,0.0,0.0224,1.0,dist_truncnorm,9,0.67,0.15,truncnorm,none
City-B,T1,2x,360.0,S4_GlobalCalib,routine,M_routine,500,True,1,557.0,681.5,0.0,0.0,1.0,dist_truncnorm,9,0.67,0.15,truncnorm,none
City-B,T1,2x,360.0,S4_GlobalCalib,cross_regime,M_stress,500,True,1,557.0,276.8,83.2,0.5031,0.0,dist_truncnorm,9,0.67,0.15,truncnorm,none
City-B,T1,2x,360.0,S5_CityCalib,routine,M_routine,500,True,1,557.1,681.5,0.0,0.0,1.0,dist_truncnorm,9,0.67,0.15,truncnorm,none
City-B,T1,2x,360.0,S5_CityCalib,cross_regime,M_stress,500,True,1,557.1,276.8,83.2,0.5031,0.0,dist_truncnorm,9,0.67,0.15,truncnorm,none
City-B,T1,2x,360.0,S6_Q10,routine,M_routine,500,True,1,402.0,681.5,0.0,0.0,1.0,dist_truncnorm,9,0.67,0.15,truncnorm,none
City-B,T1,2x,360.0,S6_Q10,cross_regime,M_stress,500,True,1,402.0,276.8,83.2,0.3114,0.0,dist_truncnorm,9,0.67,0.15,truncnorm,none
City-B,T1,5x,900.0,S0a_RoutineOracle,routine,M_routine,500,True,2,1281.8,1281.8,0.0,0.0,1.0,dist_truncnorm,9,0.67,0.15,truncnorm,none
City-B,T1,5x,900.0,S0a_RoutineOracle,cross_regime,M_stress,500,True,2,1281.8,724.4,175.6,0.4348,0.0,dist_truncnorm,9,0.67,0.15,truncnorm,none
City-B,T1,5x,900.0,S0b_StressOracle,routine,M_routine,500,True,3,1274.5,1565.2,0.0,0.0,1.0,dist_truncnorm,9,0.67,0.15,truncnorm,none
City-B,T1,5x,900.0,S0b_StressOracle,cross_regime,M_stress,500,True,3,1274.5,1274.5,0.0,0.0,1.0,dist_truncnorm,9,0.67,0.15,truncnorm,none
City-B,T1,5x,900.0,S1_CapRR,routine,M_routine,500,True,2,1688.0,1193.7,0.0,0.2928,1.0,dist_truncnorm,9,0.67,0.15,truncnorm,none
City-B,T1,5x,900.0,S1_CapRR,cross_regime,M_stress,500,True,2,1688.0,652.6,247.4,0.6134,0.0,dist_truncnorm,9,0.67,0.15,truncnorm,none
City-B,T1,5x,900.0,S2_Platform,routine,M_routine,500,True,2,1112.3,1113.8,0.0,0.0,1.0,dist_truncnorm,9,0.67,0.15,truncnorm,none
City-B,T1,5x,900.0,S2_Platform,cross_regime,M_stress,500,True,2,1112.3,893.2,6.8,0.197,0.0,dist_truncnorm,9,0.67,0.15,truncnorm,none
City-B,T1,5x,900.0,S3_Lin4,routine,M_routine,500,True,2,909.6,1113.8,0.0,0.0,1.0,dist_truncnorm,9,0.67,0.15,truncnorm,none
City-B,T1,5x,900.0,S3_Lin4,cross_regime,M_stress,500,True,2,909.6,893.2,6.8,0.018,0.0,dist_truncnorm,9,0.67,0.15,truncnorm,none
City-B,T1,5x,900.0,S4_GlobalCalib,routine,M_routine,500,True,2,1111.4,1193.7,0.0,0.0,1.0,dist_truncnorm,9,0.67,0.15,truncnorm,none
City-B,T1,5x,900.0,S4_GlobalCalib,cross_regime,M_stress,500,True,2,1111.4,652.6,247.4,0.4128,0.0,dist_truncnorm,9,0.67,0.15,truncnorm,none
City-B,T1,5x,900.0,S5_CityCalib,routine,M_routine,500,True,2,1111.5,1193.7,0.0,0.0,1.0,dist_truncnorm,9,0.67,0.15,truncnorm,none
City-B,T1,5x,900.0,S5_CityCalib,cross_regime,M_stress,500,True,2,1111.5,652.6,247.4,0.4129,0.0,dist_truncnorm,9,0.67,0.15,truncnorm,none
City-B,T1,5x,900.0,S6_Q10,routine,M_routine,500,True,3,1190.0,1794.0,0.0,0.0,1.0,dist_truncnorm,9,0.67,0.15,truncnorm,none
City-B,T1,5x,900.0,S6_Q10,cross_regime,M_stress,500,True,3,1190.0,1100.2,0.0,0.0755,1.0,dist_truncnorm,9,0.67,0.15,truncnorm,none
City-B,T1,10x,1800.0,S0a_RoutineOracle,routine,M_routine,500,True,4,2307.5,2307.5,0.0,0.0,1.0,dist_truncnorm,9,0.67,0.15,truncnorm,none
City-B,T1,10x,1800.0,S0a_RoutineOracle,cross_regime,M_stress,500,True,4,2307.5,1545.8,254.2,0.3301,0.0,dist_truncnorm,9,0.67,0.15,truncnorm,none
City-B,T1,10x,1800.0,S0b_StressOracle,routine,M_routine,500,True,5,1964.2,2574.0,0.0,0.0,1.0,dist_truncnorm,9,0.67,0.15,truncnorm,none
City-B,T1,10x,1800.0,S0b_StressOracle,cross_regime,M_stress,500,True,5,1964.2,1964.2,0.0,0.0,1.0,dist_truncnorm,9,0.67,0.15,truncnorm,none
City-B,T1,10x,1800.0,S1_CapRR,routine,M_routine,500,True,3,2504.5,1794.0,6.0,0.2837,0.0,dist_truncnorm,9,0.67,0.15,truncnorm,none
City-B,T1,10x,1800.0,S1_CapRR,cross_regime,M_stress,500,True,3,2504.5,1100.2,699.8,0.5607,0.0,dist_truncnorm,9,0.67,0.15,truncnorm,none
City-B,T1,10x,1800.0,S2_Platform,routine,M_routine,500,True,4,2163.2,2307.5,0.0,0.0,1.0,dist_truncnorm,9,0.67,0.15,truncnorm,none
City-B,T1,10x,1800.0,S2_Platform,cross_regime,M_stress,500,True,4,2163.2,1545.8,254.2,0.2854,0.0,dist_truncnorm,9,0.67,0.15,truncnorm,none
City-B,T1,10x,1800.0,S3_Lin4,routine,M_routine,500,True,4,1803.7,2307.5,0.0,0.0,1.0,dist_truncnorm,9,0.67,0.15,truncnorm,none
City-B,T1,10x,1800.0,S3_Lin4,cross_regime,M_stress,500,True,4,1803.7,1545.8,254.2,0.143,0.0,dist_truncnorm,9,0.67,0.15,truncnorm,none
City-B,T1,10x,1800.0,S4_GlobalCalib,routine,M_routine,500,True,4,2175.0,2307.5,0.0,0.0,1.0,dist_truncnorm,9,0.67,0.15,truncnorm,none
City-B,T1,10x,1800.0,S4_GlobalCalib,cross_regime,M_stress,500,True,4,2175.0,1545.8,254.2,0.2893,0.0,dist_truncnorm,9,0.67,0.15,truncnorm,none
City-B,T1,10x,1800.0,S5_CityCalib,routine,M_routine,500,True,4,2175.2,2307.5,0.0,0.0,1.0,dist_truncnorm,9,0.67,0.15,truncnorm,none
City-B,T1,10x,1800.0,S5_CityCalib,cross_regime,M_stress,500,True,4,2175.2,1545.8,254.2,0.2893,0.0,dist_truncnorm,9,0.67,0.15,truncnorm,none
City-B,T1,10x,1800.0,S6_Q10,routine,M_routine,500,True,5,1901.6,2758.9,0.0,0.0,1.0,dist_truncnorm,9,0.67,0.15,truncnorm,none
City-B,T1,10x,1800.0,S6_Q10,cross_regime,M_stress,500,True,5,1901.6,1927.1,0.0,0.0,1.0,dist_truncnorm,9,0.67,0.15,truncnorm,none
City-B,T2,1x,260.0,S0a_RoutineOracle,routine,M_routine,500,True,1,533.6,533.6,0.0,0.0,1.0,dist_truncnorm,9,0.67,0.15,truncnorm,none
City-B,T2,1x,260.0,S0a_RoutineOracle,cross_regime,M_stress,500,True,1,533.6,331.4,0.0,0.3789,1.0,dist_truncnorm,9,0.67,0.15,truncnorm,none
City-B,T2,1x,260.0,S0b_StressOracle,routine,M_routine,500,True,1,469.9,340.4,0.0,0.2757,1.0,dist_truncnorm,9,0.67,0.15,truncnorm,none
City-B,T2,1x,260.0,S0b_StressOracle,cross_regime,M_stress,500,True,1,469.9,469.9,0.0,0.0,1.0,dist_truncnorm,9,0.67,0.15,truncnorm,none
City-B,T2,1x,260.0,S1_CapRR,routine,M_routine,500,True,1,846.0,390.2,0.0,0.5388,1.0,dist_truncnorm,9,0.67,0.15,truncnorm,none
City-B,T2,1x,260.0,S1_CapRR,cross_regime,M_stress,500,True,1,846.0,369.6,0.0,0.5631,1.0,dist_truncnorm,9,0.67,0.15,truncnorm,none
City-B,T2,1x,260.0,S2_Platform,routine,M_routine,500,True,1,557.0,533.6,0.0,0.0421,1.0,dist_truncnorm,9,0.67,0.15,truncnorm,none
City-B,T2,1x,260.0,S2_Platform,cross_regime,M_stress,500,True,1,557.0,331.4,0.0,0.405,1.0,dist_truncnorm,9,0.67,0.15,truncnorm,none
City-B,T2,1x,260.0,S3_Lin4,routine,M_routine,500,True,1,469.3,474.6,0.0,0.0,1.0,dist_truncnorm,9,0.67,0.15,truncnorm,none
City-B,T2,1x,260.0,S3_Lin4,cross_regime,M_stress,500,True,1,469.3,397.1,0.0,0.1538,1.0,dist_truncnorm,9,0.67,0.15,truncnorm,none
City-B,T2,1x,260.0,S4_GlobalCalib,routine,M_routine,500,True,1,568.7,390.2,0.0,0.3138,1.0,dist_truncnorm,9,0.67,0.15,truncnorm,none
City-B,T2,1x,260.0,S4_GlobalCalib,cross_regime,M_stress,500,True,1,568.7,369.6,0.0,0.35,1.0,dist_truncnorm,9,0.67,0.15,truncnorm,none
City-B,T2,1x,260.0,S5_CityCalib,routine,M_routine,500,True,1,574.3,390.2,0.0,0.3206,1.0,dist_truncnorm,9,0.67,0.15,truncnorm,none
City-B,T2,1x,260.0,S5_CityCalib,cross_regime,M_stress,500,True,1,574.3,369.6,0.0,0.3564,1.0,dist_truncnorm,9,0.67,0.15,truncnorm,none
City-B,T2,1x,260.0,S6_Q10,routine,M_routine,500,True,1,403.6,390.2,0.0,0.0331,1.0,dist_truncnorm,9,0.67,0.15,truncnorm,none
City-B,T2,1x,260.0,S6_Q10,cross_regime,M_stress,500,True,1,403.6,369.6,0.0,0.0841,1.0,dist_truncnorm,9,0.67,0.15,truncnorm,none
City-B,T2,2x,520.0,S0a_RoutineOracle,routine,M_routine,500,True,1,533.6,533.6,0.0,0.0,1.0,dist_truncnorm,9,0.67,0.15,truncnorm,none
City-B,T2,2x,520.0,S0a_RoutineOracle,cross_regime,M_stress,500,True,1,533.6,331.4,188.6,0.3789,0.0,dist_truncnorm,9,0.67,0.15,truncnorm,none
City-B,T2,2x,520.0,S0b_StressOracle,routine,M_routine,500,True,2,867.0,815.0,0.0,0.06,1.0,dist_truncnorm,9,0.67,0.15,truncnorm,none
City-B,T2,2x,520.0,S0b_StressOracle,cross_regime,M_stress,500,True,2,867.0,867.0,0.0,0.0,1.0,dist_truncnorm,9,0.67,0.15,truncnorm,none
City-B,T2,2x,520.0,S1_CapRR,routine,M_routine,500,True,1,846.0,390.2,129.8,0.5388,0.0,dist_truncnorm,9,0.67,0.15,truncnorm,none
City-B,T2,2x,520.0,S1_CapRR,cross_regime,M_stress,500,True,1,846.0,369.6,150.4,0.5631,0.0,dist_truncnorm,9,0.67,0.15,truncnorm,none
City-B,T2,2x,520.0,S2_Platform,routine,M_routine,500,True,1,557.0,533.6,0.0,0.0421,1.0,dist_truncnorm,9,0.67,0.15,truncnorm,none
City-B,T2,2x,520.0,S2_Platform,cross_regime,M_stress,500,True,1,557.0,331.4,188.6,0.405,0.0,dist_truncnorm,9,0.67,0.15,truncnorm,none
City-B,T2,2x,520.0,S3_Lin4,routine,M_routine,500,True,2,932.3,1008.2,0.0,0.0,1.0,dist_truncnorm,9,0.67,0.15,truncnorm,none
City-B,T2,2x,520.0,S3_Lin4,cross_regime,M_stress,500,True,2,932.3,728.5,0.0,0.2186,1.0,dist_truncnorm,9,0.67,0.15,truncnorm,none
City-B,T2,2x,520.0,S4_GlobalCalib,routine,M_routine,500,True,1,568.7,390.2,129.8,0.3138,0.0,dist_truncnorm,9,0.67,0.15,truncnorm,none
City-B,T2,2x,520.0,S4_GlobalCalib,cross_regime,M_stress,500,True,1,568.7,369.6,150.4,0.35,0.0,dist_truncnorm,9,0.67,0.15,truncnorm,none
City-B,T2,2x,520.0,S5_CityCalib,routine,M_routine,500,True,1,574.3,390.2,129.8,0.3206,0.0,dist_truncnorm,9,0.67,0.15,truncnorm,none
City-B,T2,2x,520.0,S5_CityCalib,cross_regime,M_stress,500,True,1,574.3,369.6,150.4,0.3564,0.0,dist_truncnorm,9,0.67,0.15,truncnorm,none
City-B,T2,2x,520.0,S6_Q10,routine,M_routine,500,True,2,805.2,730.6,0.0,0.0927,1.0,dist_truncnorm,9,0.67,0.15,truncnorm,none
City-B,T2,2x,520.0,S6_Q10,cross_regime,M_stress,500,True,2,805.2,839.5,0.0,0.0,1.0,dist_truncnorm,9,0.67,0.15,truncnorm,none
City-B,T2,5x,1300.0,S0a_RoutineOracle,routine,M_routine,500,True,3,1495.4,1495.4,0.0,0.0,1.0,dist_truncnorm,9,0.67,0.15,truncnorm,none
City-B,T2,5x,1300.0,S0a_RoutineOracle,cross_regime,M_stress,500,True,3,1495.4,793.8,506.2,0.4691,0.0,dist_truncnorm,9,0.67,0.15,truncnorm,none
City-B,T2,5x,1300.0,S0b_StressOracle,routine,M_routine,500,True,4,1568.0,1738.8,0.0,0.0,1.0,dist_truncnorm,9,0.67,0.15,truncnorm,none
City-B,T2,5x,1300.0,S0b_StressOracle,cross_regime,M_stress,500,True,4,1568.0,1568.0,0.0,0.0,1.0,dist_truncnorm,9,0.67,0.15,truncnorm,none
City-B,T2,5x,1300.0,S1_CapRR,routine,M_routine,500,True,2,1688.0,730.6,569.4,0.5672,0.0,dist_truncnorm,9,0.67,0.15,truncnorm,none
City-B,T2,5x,1300.0,S1_CapRR,cross_regime,M_stress,500,True,2,1688.0,839.5,460.5,0.5026,0.0,dist_truncnorm,9,0.67,0.15,truncnorm,none
City-B,T2,5x,1300.0,S2_Platform,routine,M_routine,500,True,3,1630.3,1348.6,0.0,0.1728,1.0,dist_truncnorm,9,0.67,0.15,truncnorm,none
City-B,T2,5x,1300.0,S2_Platform,cross_regime,M_stress,500,True,3,1630.3,1198.4,101.6,0.2649,0.0,dist_truncnorm,9,0.67,0.15,truncnorm,none
City-B,T2,5x,1300.0,S3_Lin4,routine,M_routine,500,True,3,1391.4,1398.4,0.0,0.0,1.0,dist_truncnorm,9,0.67,0.15,truncnorm,none
City-B,T2,5x,1300.0,S3_Lin4,cross_regime,M_stress,500,True,3,1391.4,1098.1,201.9,0.2108,0.0,dist_truncnorm,9,0.67,0.15,truncnorm,none
City-B,T2,5x,1300.0,S4_GlobalCalib,routine,M_routine,500,True,3,1683.3,1205.2,94.8,0.284,0.0,dist_truncnorm,9,0.67,0.15,truncnorm,none
City-B,T2,5x,1300.0,S4_GlobalCalib,cross_regime,M_stress,500,True,3,1683.3,1236.6,63.4,0.2654,0.0,dist_truncnorm,9,0.67,0.15,truncnorm,none
City-B,T2,5x,1300.0,S5_CityCalib,routine,M_routine,500,True,3,1700.0,1205.2,94.8,0.2911,0.0,dist_truncnorm,9,0.67,0.15,truncnorm,none
City-B,T2,5x,1300.0,S5_CityCalib,cross_regime,M_stress,500,True,3,1700.0,1236.6,63.4,0.2726,0.0,dist_truncnorm,9,0.67,0.15,truncnorm,none
City-B,T2,5x,1300.0,S6_Q10,routine,M_routine,500,True,4,1575.7,1738.8,0.0,0.0,1.0,dist_truncnorm,9,0.67,0.15,truncnorm,none
City-B,T2,5x,1300.0,S6_Q10,cross_regime,M_stress,500,True,4,1575.7,1568.0,0.0,0.0049,1.0,dist_truncnorm,9,0.67,0.15,truncnorm,none
City-B,T2,10x,2600.0,S0a_RoutineOracle,routine,M_routine,500,True,6,2813.4,2813.4,0.0,0.0,1.0,dist_truncnorm,9,0.67,0.15,truncnorm,none
City-B,T2,10x,2600.0,S0a_RoutineOracle,cross_regime,M_stress,500,True,6,2813.4,1807.6,792.4,0.3575,0.0,dist_truncnorm,9,0.67,0.15,truncnorm,none
City-B,T2,10x,2600.0,S0b_StressOracle,routine,M_routine,500,True,8,2764.5,2827.8,0.0,0.0,1.0,dist_truncnorm,9,0.67,0.15,truncnorm,none
City-B,T2,10x,2600.0,S0b_StressOracle,cross_regime,M_stress,500,True,8,2764.5,2764.5,0.0,0.0,1.0,dist_truncnorm,9,0.67,0.15,truncnorm,none
City-B,T2,10x,2600.0,S1_CapRR,routine,M_routine,500,True,4,3303.2,1738.8,861.2,0.4736,0.0,dist_truncnorm,9,0.67,0.15,truncnorm,none
City-B,T2,10x,2600.0,S1_CapRR,cross_regime,M_stress,500,True,4,3303.2,1568.0,1032.0,0.5253,0.0,dist_truncnorm,9,0.67,0.15,truncnorm,none
City-B,T2,10x,2600.0,S2_Platform,routine,M_routine,500,True,6,2974.4,2562.9,37.1,0.1383,0.0,dist_truncnorm,9,0.67,0.15,truncnorm,none
City-B,T2,10x,2600.0,S2_Platform,cross_regime,M_stress,500,True,6,2974.4,2088.4,511.6,0.2979,0.0,dist_truncnorm,9,0.67,0.15,truncnorm,none
City-B,T2,10x,2600.0,S3_Lin4,routine,M_routine,500,True,6,2624.7,2562.9,37.1,0.0236,0.0,dist_truncnorm,9,0.67,0.15,truncnorm,none
City-B,T2,10x,2600.0,S3_Lin4,cross_regime,M_stress,500,True,6,2624.7,2088.4,511.6,0.2043,0.0,dist_truncnorm,9,0.67,0.15,truncnorm,none
City-B,T2,10x,2600.0,S4_GlobalCalib,routine,M_routine,500,True,5,2689.5,2081.7,518.3,0.226,0.0,dist_truncnorm,9,0.67,0.15,truncnorm,none
City-B,T2,10x,2600.0,S4_GlobalCalib,cross_regime,M_stress,500,True,5,2689.5,1876.9,723.1,0.3022,0.0,dist_truncnorm,9,0.67,0.15,truncnorm,none
City-B,T2,10x,2600.0,S5_CityCalib,routine,M_routine,500,True,5,2715.8,2081.7,518.3,0.2335,0.0,dist_truncnorm,9,0.67,0.15,truncnorm,none
City-B,T2,10x,2600.0,S5_CityCalib,cross_regime,M_stress,500,True,5,2715.8,1876.9,723.1,0.3089,0.0,dist_truncnorm,9,0.67,0.15,truncnorm,none
City-B,T2,10x,2600.0,S6_Q10,routine,M_routine,500,True,8,2788.7,3250.3,0.0,0.0,1.0,dist_truncnorm,9,0.67,0.15,truncnorm,none
City-B,T2,10x,2600.0,S6_Q10,cross_regime,M_stress,500,True,8,2788.7,2647.2,0.0,0.0507,1.0,dist_truncnorm,9,0.67,0.15,truncnorm,none
City-B,T3,1x,200.0,S0a_RoutineOracle,routine,M_routine,500,True,1,601.5,601.5,0.0,0.0,1.0,dist_truncnorm,9,0.67,0.15,truncnorm,none
City-B,T3,1x,200.0,S0a_RoutineOracle,cross_regime,M_stress,500,True,1,601.5,213.6,0.0,0.6449,1.0,dist_truncnorm,9,0.67,0.15,truncnorm,none
City-B,T3,1x,200.0,S0b_StressOracle,routine,M_routine,500,True,1,383.0,540.6,0.0,0.0,1.0,dist_truncnorm,9,0.67,0.15,truncnorm,none
City-B,T3,1x,200.0,S0b_StressOracle,cross_regime,M_stress,500,True,1,383.0,383.0,0.0,0.0,1.0,dist_truncnorm,9,0.67,0.15,truncnorm,none
City-B,T3,1x,200.0,S1_CapRR,routine,M_routine,500,True,1,744.5,540.6,0.0,0.2739,1.0,dist_truncnorm,9,0.67,0.15,truncnorm,none
City-B,T3,1x,200.0,S1_CapRR,cross_regime,M_stress,500,True,1,744.5,383.0,0.0,0.4856,1.0,dist_truncnorm,9,0.67,0.15,truncnorm,none
City-B,T3,1x,200.0,S2_Platform,routine,M_routine,500,True,1,543.2,580.5,0.0,0.0,1.0,dist_truncnorm,9,0.67,0.15,truncnorm,none
City-B,T3,1x,200.0,S2_Platform,cross_regime,M_stress,500,True,1,543.2,284.1,0.0,0.4769,1.0,dist_truncnorm,9,0.67,0.15,truncnorm,none
City-B,T3,1x,200.0,S3_Lin4,routine,M_routine,500,True,1,452.4,587.4,0.0,0.0,1.0,dist_truncnorm,9,0.67,0.15,truncnorm,none
City-B,T3,1x,200.0,S3_Lin4,cross_regime,M_stress,500,True,1,452.4,342.2,0.0,0.2438,1.0,dist_truncnorm,9,0.67,0.15,truncnorm,none
City-B,T3,1x,200.0,S4_GlobalCalib,routine,M_routine,500,True,1,491.9,540.6,0.0,0.0,1.0,dist_truncnorm,9,0.67,0.15,truncnorm,none
City-B,T3,1x,200.0,S4_GlobalCalib,cross_regime,M_stress,500,True,1,491.9,383.0,0.0,0.2214,1.0,dist_truncnorm,9,0.67,0.15,truncnorm,none
City-B,T3,1x,200.0,S5_CityCalib,routine,M_routine,500,True,1,491.5,540.6,0.0,0.0,1.0,dist_truncnorm,9,0.67,0.15,truncnorm,none
City-B,T3,1x,200.0,S5_CityCalib,cross_regime,M_stress,500,True,1,491.5,383.0,0.0,0.2209,1.0,dist_truncnorm,9,0.67,0.15,truncnorm,none
City-B,T3,1x,200.0,S6_Q10,routine,M_routine,500,True,1,354.6,540.6,0.0,0.0,1.0,dist_truncnorm,9,0.67,0.15,truncnorm,none
City-B,T3,1x,200.0,S6_Q10,cross_regime,M_stress,500,True,1,354.6,383.0,0.0,0.0,1.0,dist_truncnorm,9,0.67,0.15,truncnorm,none
City-B,T3,2x,400.0,S0a_RoutineOracle,routine,M_routine,500,True,1,601.5,601.5,0.0,0.0,1.0,dist_truncnorm,9,0.67,0.15,truncnorm,none
City-B,T3,2x,400.0,S0a_RoutineOracle,cross_regime,M_stress,500,True,1,601.5,213.6,186.4,0.6449,0.0,dist_truncnorm,9,0.67,0.15,truncnorm,none
City-B,T3,2x,400.0,S0b_StressOracle,routine,M_routine,500,True,2,725.1,1128.0,0.0,0.0,1.0,dist_truncnorm,9,0.67,0.15,truncnorm,none
City-B,T3,2x,400.0,S0b_StressOracle,cross_regime,M_stress,500,True,2,725.1,725.1,0.0,0.0,1.0,dist_truncnorm,9,0.67,0.15,truncnorm,none
City-B,T3,2x,400.0,S1_CapRR,routine,M_routine,500,True,1,744.5,540.6,0.0,0.2739,1.0,dist_truncnorm,9,0.67,0.15,truncnorm,none
City-B,T3,2x,400.0,S1_CapRR,cross_regime,M_stress,500,True,1,744.5,383.0,17.0,0.4856,0.0,dist_truncnorm,9,0.67,0.15,truncnorm,none
City-B,T3,2x,400.0,S2_Platform,routine,M_routine,500,True,1,543.2,580.5,0.0,0.0,1.0,dist_truncnorm,9,0.67,0.15,truncnorm,none
City-B,T3,2x,400.0,S2_Platform,cross_regime,M_stress,500,True,1,543.2,284.1,115.9,0.4769,0.0,dist_truncnorm,9,0.67,0.15,truncnorm,none
City-B,T3,2x,400.0,S3_Lin4,routine,M_routine,500,True,1,452.4,587.4,0.0,0.0,1.0,dist_truncnorm,9,0.67,0.15,truncnorm,none
City-B,T3,2x,400.0,S3_Lin4,cross_regime,M_stress,500,True,1,452.4,342.2,57.8,0.2438,0.0,dist_truncnorm,9,0.67,0.15,truncnorm,none
City-B,T3,2x,400.0,S4_GlobalCalib,routine,M_routine,500,True,1,491.9,540.6,0.0,0.0,1.0,dist_truncnorm,9,0.67,0.15,truncnorm,none
City-B,T3,2x,400.0,S4_GlobalCalib,cross_regime,M_stress,500,True,1,491.9,383.0,17.0,0.2214,0.0,dist_truncnorm,9,0.67,0.15,truncnorm,none
City-B,T3,2x,400.0,S5_CityCalib,routine,M_routine,500,True,1,491.5,540.6,0.0,0.0,1.0,dist_truncnorm,9,0.67,0.15,truncnorm,none
City-B,T3,2x,400.0,S5_CityCalib,cross_regime,M_stress,500,True,1,491.5,383.0,17.0,0.2209,0.0,dist_truncnorm,9,0.67,0.15,truncnorm,none
City-B,T3,2x,400.0,S6_Q10,routine,M_routine,500,True,2,707.5,1121.0,0.0,0.0,1.0,dist_truncnorm,9,0.67,0.15,truncnorm,none
City-B,T3,2x,400.0,S6_Q10,cross_regime,M_stress,500,True,2,707.5,667.1,0.0,0.0571,1.0,dist_truncnorm,9,0.67,0.15,truncnorm,none
City-B,T3,5x,1000.0,S0a_RoutineOracle,routine,M_routine,500,True,2,1188.9,1188.9,0.0,0.0,1.0,dist_truncnorm,9,0.67,0.15,truncnorm,none
City-B,T3,5x,1000.0,S0a_RoutineOracle,cross_regime,M_stress,500,True,2,1188.9,555.7,444.3,0.5326,0.0,dist_truncnorm,9,0.67,0.15,truncnorm,none
City-B,T3,5x,1000.0,S0b_StressOracle,routine,M_routine,500,True,3,1009.3,1708.5,0.0,0.0,1.0,dist_truncnorm,9,0.67,0.15,truncnorm,none
City-B,T3,5x,1000.0,S0b_StressOracle,cross_regime,M_stress,500,True,3,1009.3,1009.3,0.0,0.0,1.0,dist_truncnorm,9,0.67,0.15,truncnorm,none
City-B,T3,5x,1000.0,S1_CapRR,routine,M_routine,500,True,2,1485.4,1121.0,0.0,0.2453,1.0,dist_truncnorm,9,0.67,0.15,truncnorm,none
City-B,T3,5x,1000.0,S1_CapRR,cross_regime,M_stress,500,True,2,1485.4,667.1,332.9,0.5509,0.0,dist_truncnorm,9,0.67,0.15,truncnorm,none
City-B,T3,5x,1000.0,S2_Platform,routine,M_routine,500,True,2,1048.0,1167.9,0.0,0.0,1.0,dist_truncnorm,9,0.67,0.15,truncnorm,none
City-B,T3,5x,1000.0,S2_Platform,cross_regime,M_stress,500,True,2,1048.0,626.3,373.7,0.4024,0.0,dist_truncnorm,9,0.67,0.15,truncnorm,none
City-B,T3,5x,1000.0,S3_Lin4,routine,M_routine,500,True,3,1338.4,1729.5,0.0,0.0,1.0,dist_truncnorm,9,0.67,0.15,truncnorm,none
City-B,T3,5x,1000.0,S3_Lin4,cross_regime,M_stress,500,True,3,1338.4,938.7,61.3,0.2987,0.0,dist_truncnorm,9,0.67,0.15,truncnorm,none
City-B,T3,5x,1000.0,S4_GlobalCalib,routine,M_routine,500,True,3,1456.1,1708.5,0.0,0.0,1.0,dist_truncnorm,9,0.67,0.15,truncnorm,none
City-B,T3,5x,1000.0,S4_GlobalCalib,cross_regime,M_stress,500,True,3,1456.1,1009.3,0.0,0.3069,1.0,dist_truncnorm,9,0.67,0.15,truncnorm,none
City-B,T3,5x,1000.0,S5_CityCalib,routine,M_routine,500,True,3,1455.1,1708.5,0.0,0.0,1.0,dist_truncnorm,9,0.67,0.15,truncnorm,none
City-B,T3,5x,1000.0,S5_CityCalib,cross_regime,M_stress,500,True,3,1455.1,1009.3,0.0,0.3064,1.0,dist_truncnorm,9,0.67,0.15,truncnorm,none
City-B,T3,5x,1000.0,S6_Q10,routine,M_routine,500,True,3,1049.7,1708.5,0.0,0.0,1.0,dist_truncnorm,9,0.67,0.15,truncnorm,none
City-B,T3,5x,1000.0,S6_Q10,cross_regime,M_stress,500,True,3,1049.7,1009.3,0.0,0.0385,1.0,dist_truncnorm,9,0.67,0.15,truncnorm,none
City-B,T3,10x,2000.0,S0a_RoutineOracle,routine,M_routine,500,True,4,2309.9,2309.9,0.0,0.0,1.0,dist_truncnorm,9,0.67,0.15,truncnorm,none
City-B,T3,10x,2000.0,S0a_RoutineOracle,cross_regime,M_stress,500,True,4,2309.9,1222.8,777.2,0.4706,0.0,dist_truncnorm,9,0.67,0.15,truncnorm,none
City-B,T3,10x,2000.0,S0b_StressOracle,routine,M_routine,500,True,7,2038.9,3200.3,0.0,0.0,1.0,dist_truncnorm,9,0.67,0.15,truncnorm,none
City-B,T3,10x,2000.0,S0b_StressOracle,cross_regime,M_stress,500,True,7,2038.9,2038.9,0.0,0.0,1.0,dist_truncnorm,9,0.67,0.15,truncnorm,none
City-B,T3,10x,2000.0,S1_CapRR,routine,M_routine,500,True,3,2203.9,1708.5,291.5,0.2248,0.0,dist_truncnorm,9,0.67,0.15,truncnorm,none
City-B,T3,10x,2000.0,S1_CapRR,cross_regime,M_stress,500,True,3,2203.9,1009.3,990.7,0.5421,0.0,dist_truncnorm,9,0.67,0.15,truncnorm,none
City-B,T3,10x,2000.0,S2_Platform,routine,M_routine,500,True,5,2307.7,2634.6,0.0,0.0,1.0,dist_truncnorm,9,0.67,0.15,truncnorm,none
City-B,T3,10x,2000.0,S2_Platform,cross_regime,M_stress,500,True,5,2307.7,1298.5,701.5,0.4373,0.0,dist_truncnorm,9,0.67,0.15,truncnorm,none
City-B,T3,10x,2000.0,S3_Lin4,routine,M_routine,500,True,5,2148.8,2624.8,0.0,0.0,1.0,dist_truncnorm,9,0.67,0.15,truncnorm,none
City-B,T3,10x,2000.0,S3_Lin4,cross_regime,M_stress,500,True,5,2148.8,1371.5,628.5,0.3617,0.0,dist_truncnorm,9,0.67,0.15,truncnorm,none
City-B,T3,10x,2000.0,S4_GlobalCalib,routine,M_routine,500,True,5,2326.8,2708.9,0.0,0.0,1.0,dist_truncnorm,9,0.67,0.15,truncnorm,none
City-B,T3,10x,2000.0,S4_GlobalCalib,cross_regime,M_stress,500,True,5,2326.8,1434.4,565.6,0.3835,0.0,dist_truncnorm,9,0.67,0.15,truncnorm,none
City-B,T3,10x,2000.0,S5_CityCalib,routine,M_routine,500,True,5,2325.3,2708.9,0.0,0.0,1.0,dist_truncnorm,9,0.67,0.15,truncnorm,none
City-B,T3,10x,2000.0,S5_CityCalib,cross_regime,M_stress,500,True,5,2325.3,1434.4,565.6,0.3831,0.0,dist_truncnorm,9,0.67,0.15,truncnorm,none
City-B,T3,10x,2000.0,S6_Q10,routine,M_routine,500,True,7,2205.7,3459.2,0.0,0.0,1.0,dist_truncnorm,9,0.67,0.15,truncnorm,none
City-B,T3,10x,2000.0,S6_Q10,cross_regime,M_stress,500,True,7,2205.7,1847.0,153.0,0.1626,0.0,dist_truncnorm,9,0.67,0.15,truncnorm,none
City-B,T4,1x,140.0,S0a_RoutineOracle,routine,M_routine,500,True,1,725.6,725.6,0.0,0.0,1.0,dist_truncnorm,9,0.67,0.15,truncnorm,none
City-B,T4,1x,140.0,S0a_RoutineOracle,cross_regime,M_stress,500,True,1,725.6,320.6,0.0,0.5581,1.0,dist_truncnorm,9,0.67,0.15,truncnorm,none
City-B,T4,1x,140.0,S0b_StressOracle,routine,M_routine,500,True,1,408.5,492.4,0.0,0.0,1.0,dist_truncnorm,9,0.67,0.15,truncnorm,none
City-B,T4,1x,140.0,S0b_StressOracle,cross_regime,M_stress,500,True,1,408.5,408.5,0.0,0.0,1.0,dist_truncnorm,9,0.67,0.15,truncnorm,none
City-B,T4,1x,140.0,S1_CapRR,routine,M_routine,500,True,1,846.0,492.4,0.0,0.418,1.0,dist_truncnorm,9,0.67,0.15,truncnorm,none
City-B,T4,1x,140.0,S1_CapRR,cross_regime,M_stress,500,True,1,846.0,408.5,0.0,0.5171,1.0,dist_truncnorm,9,0.67,0.15,truncnorm,none
City-B,T4,1x,140.0,S2_Platform,routine,M_routine,500,True,1,480.1,492.4,0.0,0.0,1.0,dist_truncnorm,9,0.67,0.15,truncnorm,none
City-B,T4,1x,140.0,S2_Platform,cross_regime,M_stress,500,True,1,480.1,408.5,0.0,0.149,1.0,dist_truncnorm,9,0.67,0.15,truncnorm,none
City-B,T4,1x,140.0,S3_Lin4,routine,M_routine,500,True,1,461.6,581.9,0.0,0.0,1.0,dist_truncnorm,9,0.67,0.15,truncnorm,none
City-B,T4,1x,140.0,S3_Lin4,cross_regime,M_stress,500,True,1,461.6,376.1,0.0,0.1852,1.0,dist_truncnorm,9,0.67,0.15,truncnorm,none
City-B,T4,1x,140.0,S4_GlobalCalib,routine,M_routine,500,True,1,555.7,492.4,0.0,0.1138,1.0,dist_truncnorm,9,0.67,0.15,truncnorm,none
City-B,T4,1x,140.0,S4_GlobalCalib,cross_regime,M_stress,500,True,1,555.7,408.5,0.0,0.2648,1.0,dist_truncnorm,9,0.67,0.15,truncnorm,none
City-B,T4,1x,140.0,S5_CityCalib,routine,M_routine,500,True,1,560.4,492.4,0.0,0.1213,1.0,dist_truncnorm,9,0.67,0.15,truncnorm,none
City-B,T4,1x,140.0,S5_CityCalib,cross_regime,M_stress,500,True,1,560.4,408.5,0.0,0.271,1.0,dist_truncnorm,9,0.67,0.15,truncnorm,none
City-B,T4,1x,140.0,S6_Q10,routine,M_routine,500,True,1,400.0,492.4,0.0,0.0,1.0,dist_truncnorm,9,0.67,0.15,truncnorm,none
City-B,T4,1x,140.0,S6_Q10,cross_regime,M_stress,500,True,1,400.0,408.5,0.0,0.0,1.0,dist_truncnorm,9,0.67,0.15,truncnorm,none
City-B,T4,2x,280.0,S0a_RoutineOracle,routine,M_routine,500,True,1,725.6,725.6,0.0,0.0,1.0,dist_truncnorm,9,0.67,0.15,truncnorm,none
City-B,T4,2x,280.0,S0a_RoutineOracle,cross_regime,M_stress,500,True,1,725.6,320.6,0.0,0.5581,1.0,dist_truncnorm,9,0.67,0.15,truncnorm,none
City-B,T4,2x,280.0,S0b_StressOracle,routine,M_routine,500,True,1,408.5,492.4,0.0,0.0,1.0,dist_truncnorm,9,0.67,0.15,truncnorm,none
City-B,T4,2x,280.0,S0b_StressOracle,cross_regime,M_stress,500,True,1,408.5,408.5,0.0,0.0,1.0,dist_truncnorm,9,0.67,0.15,truncnorm,none
City-B,T4,2x,280.0,S1_CapRR,routine,M_routine,500,True,1,846.0,492.4,0.0,0.418,1.0,dist_truncnorm,9,0.67,0.15,truncnorm,none
City-B,T4,2x,280.0,S1_CapRR,cross_regime,M_stress,500,True,1,846.0,408.5,0.0,0.5171,1.0,dist_truncnorm,9,0.67,0.15,truncnorm,none
City-B,T4,2x,280.0,S2_Platform,routine,M_routine,500,True,1,480.1,492.4,0.0,0.0,1.0,dist_truncnorm,9,0.67,0.15,truncnorm,none
City-B,T4,2x,280.0,S2_Platform,cross_regime,M_stress,500,True,1,480.1,408.5,0.0,0.149,1.0,dist_truncnorm,9,0.67,0.15,truncnorm,none
City-B,T4,2x,280.0,S3_Lin4,routine,M_routine,500,True,1,461.6,581.9,0.0,0.0,1.0,dist_truncnorm,9,0.67,0.15,truncnorm,none
City-B,T4,2x,280.0,S3_Lin4,cross_regime,M_stress,500,True,1,461.6,376.1,0.0,0.1852,1.0,dist_truncnorm,9,0.67,0.15,truncnorm,none
City-B,T4,2x,280.0,S4_GlobalCalib,routine,M_routine,500,True,1,555.7,492.4,0.0,0.1138,1.0,dist_truncnorm,9,0.67,0.15,truncnorm,none
City-B,T4,2x,280.0,S4_GlobalCalib,cross_regime,M_stress,500,True,1,555.7,408.5,0.0,0.2648,1.0,dist_truncnorm,9,0.67,0.15,truncnorm,none
City-B,T4,2x,280.0,S5_CityCalib,routine,M_routine,500,True,1,560.4,492.4,0.0,0.1213,1.0,dist_truncnorm,9,0.67,0.15,truncnorm,none
City-B,T4,2x,280.0,S5_CityCalib,cross_regime,M_stress,500,True,1,560.4,408.5,0.0,0.271,1.0,dist_truncnorm,9,0.67,0.15,truncnorm,none
City-B,T4,2x,280.0,S6_Q10,routine,M_routine,500,True,1,400.0,492.4,0.0,0.0,1.0,dist_truncnorm,9,0.67,0.15,truncnorm,none
City-B,T4,2x,280.0,S6_Q10,cross_regime,M_stress,500,True,1,400.0,408.5,0.0,0.0,1.0,dist_truncnorm,9,0.67,0.15,truncnorm,none
City-B,T4,5x,700.0,S0a_RoutineOracle,routine,M_routine,500,True,1,725.6,725.6,0.0,0.0,1.0,dist_truncnorm,9,0.67,0.15,truncnorm,none
City-B,T4,5x,700.0,S0a_RoutineOracle,cross_regime,M_stress,500,True,1,725.6,320.6,379.4,0.5581,0.0,dist_truncnorm,9,0.67,0.15,truncnorm,none
City-B,T4,5x,700.0,S0b_StressOracle,routine,M_routine,500,True,2,812.2,1038.2,0.0,0.0,1.0,dist_truncnorm,9,0.67,0.15,truncnorm,none
City-B,T4,5x,700.0,S0b_StressOracle,cross_regime,M_stress,500,True,2,812.2,812.2,0.0,0.0,1.0,dist_truncnorm,9,0.67,0.15,truncnorm,none
City-B,T4,5x,700.0,S1_CapRR,routine,M_routine,500,True,1,846.0,492.4,207.6,0.418,0.0,dist_truncnorm,9,0.67,0.15,truncnorm,none
City-B,T4,5x,700.0,S1_CapRR,cross_regime,M_stress,500,True,1,846.0,408.5,291.5,0.5171,0.0,dist_truncnorm,9,0.67,0.15,truncnorm,none
City-B,T4,5x,700.0,S2_Platform,routine,M_routine,500,True,2,912.9,960.3,0.0,0.0,1.0,dist_truncnorm,9,0.67,0.15,truncnorm,none
City-B,T4,5x,700.0,S2_Platform,cross_regime,M_stress,500,True,2,912.9,713.4,0.0,0.2185,1.0,dist_truncnorm,9,0.67,0.15,truncnorm,none
City-B,T4,5x,700.0,S3_Lin4,routine,M_routine,500,True,2,916.9,1049.8,0.0,0.0,1.0,dist_truncnorm,9,0.67,0.15,truncnorm,none
City-B,T4,5x,700.0,S3_Lin4,cross_regime,M_stress,500,True,2,916.9,681.0,19.0,0.2573,0.0,dist_truncnorm,9,0.67,0.15,truncnorm,none
City-B,T4,5x,700.0,S4_GlobalCalib,routine,M_routine,500,True,2,1108.6,1218.0,0.0,0.0,1.0,dist_truncnorm,9,0.67,0.15,truncnorm,none
City-B,T4,5x,700.0,S4_GlobalCalib,cross_regime,M_stress,500,True,2,1108.6,729.1,0.0,0.3423,1.0,dist_truncnorm,9,0.67,0.15,truncnorm,none
City-B,T4,5x,700.0,S5_CityCalib,routine,M_routine,500,True,2,1118.0,1218.0,0.0,0.0,1.0,dist_truncnorm,9,0.67,0.15,truncnorm,none
City-B,T4,5x,700.0,S5_CityCalib,cross_regime,M_stress,500,True,2,1118.0,729.1,0.0,0.3478,1.0,dist_truncnorm,9,0.67,0.15,truncnorm,none
City-B,T4,5x,700.0,S6_Q10,routine,M_routine,500,True,2,798.1,1218.0,0.0,0.0,1.0,dist_truncnorm,9,0.67,0.15,truncnorm,none
City-B,T4,5x,700.0,S6_Q10,cross_regime,M_stress,500,True,2,798.1,729.1,0.0,0.0864,1.0,dist_truncnorm,9,0.67,0.15,truncnorm,none
City-B,T4,10x,1400.0,S0a_RoutineOracle,routine,M_routine,500,True,3,1853.3,1853.3,0.0,0.0,1.0,dist_truncnorm,9,0.67,0.15,truncnorm,none
City-B,T4,10x,1400.0,S0a_RoutineOracle,cross_regime,M_stress,500,True,3,1853.3,1100.4,299.6,0.4063,0.0,dist_truncnorm,9,0.67,0.15,truncnorm,none
City-B,T4,10x,1400.0,S0b_StressOracle,routine,M_routine,500,True,4,1534.4,1992.7,0.0,0.0,1.0,dist_truncnorm,9,0.67,0.15,truncnorm,none
City-B,T4,10x,1400.0,S0b_StressOracle,cross_regime,M_stress,500,True,4,1534.4,1534.4,0.0,0.0,1.0,dist_truncnorm,9,0.67,0.15,truncnorm,none
City-B,T4,10x,1400.0,S1_CapRR,routine,M_routine,500,True,2,1688.0,1218.0,182.0,0.2784,0.0,dist_truncnorm,9,0.67,0.15,truncnorm,none
City-B,T4,10x,1400.0,S1_CapRR,cross_regime,M_stress,500,True,2,1688.0,729.1,670.9,0.568,0.0,dist_truncnorm,9,0.67,0.15,truncnorm,none
City-B,T4,10x,1400.0,S2_Platform,routine,M_routine,500,True,4,1693.5,1946.3,0.0,0.0,1.0,dist_truncnorm,9,0.67,0.15,truncnorm,none
City-B,T4,10x,1400.0,S2_Platform,cross_regime,M_stress,500,True,4,1693.5,1383.2,16.8,0.1832,0.0,dist_truncnorm,9,0.67,0.15,truncnorm,none
City-B,T4,10x,1400.0,S3_Lin4,routine,M_routine,500,True,4,1818.4,2267.8,0.0,0.0,1.0,dist_truncnorm,9,0.67,0.15,truncnorm,none
City-B,T4,10x,1400.0,S3_Lin4,cross_regime,M_stress,500,True,4,1818.4,1410.1,0.0,0.2245,1.0,dist_truncnorm,9,0.67,0.15,truncnorm,none
City-B,T4,10x,1400.0,S4_GlobalCalib,routine,M_routine,500,True,3,1645.0,1799.9,0.0,0.0,1.0,dist_truncnorm,9,0.67,0.15,truncnorm,none
City-B,T4,10x,1400.0,S4_GlobalCalib,cross_regime,M_stress,500,True,3,1645.0,1105.2,294.8,0.3281,0.0,dist_truncnorm,9,0.67,0.15,truncnorm,none
City-B,T4,10x,1400.0,S5_CityCalib,routine,M_routine,500,True,3,1658.9,1799.9,0.0,0.0,1.0,dist_truncnorm,9,0.67,0.15,truncnorm,none
City-B,T4,10x,1400.0,S5_CityCalib,cross_regime,M_stress,500,True,3,1658.9,1105.2,294.8,0.3337,0.0,dist_truncnorm,9,0.67,0.15,truncnorm,none
City-B,T4,10x,1400.0,S6_Q10,routine,M_routine,500,True,4,1561.8,2267.8,0.0,0.0,1.0,dist_truncnorm,9,0.67,0.15,truncnorm,none
City-B,T4,10x,1400.0,S6_Q10,cross_regime,M_stress,500,True,4,1561.8,1410.1,0.0,0.0971,1.0,dist_truncnorm,9,0.67,0.15,truncnorm,none
City-B,T5,1x,160.0,S0a_RoutineOracle,routine,M_routine,500,True,1,478.0,478.0,0.0,0.0,1.0,dist_truncnorm,9,0.67,0.15,truncnorm,none
City-B,T5,1x,160.0,S0a_RoutineOracle,cross_regime,M_stress,500,True,1,478.0,257.7,0.0,0.4609,1.0,dist_truncnorm,9,0.67,0.15,truncnorm,none
City-B,T5,1x,160.0,S0b_StressOracle,routine,M_routine,500,True,1,359.1,433.3,0.0,0.0,1.0,dist_truncnorm,9,0.67,0.15,truncnorm,none
City-B,T5,1x,160.0,S0b_StressOracle,cross_regime,M_stress,500,True,1,359.1,359.1,0.0,0.0,1.0,dist_truncnorm,9,0.67,0.15,truncnorm,none
City-B,T5,1x,160.0,S1_CapRR,routine,M_routine,500,True,1,744.5,427.8,0.0,0.4253,1.0,dist_truncnorm,9,0.67,0.15,truncnorm,none
City-B,T5,1x,160.0,S1_CapRR,cross_regime,M_stress,500,True,1,744.5,301.8,0.0,0.5946,1.0,dist_truncnorm,9,0.67,0.15,truncnorm,none
City-B,T5,1x,160.0,S2_Platform,routine,M_routine,500,True,1,553.3,433.3,0.0,0.2169,1.0,dist_truncnorm,9,0.67,0.15,truncnorm,none
City-B,T5,1x,160.0,S2_Platform,cross_regime,M_stress,500,True,1,553.3,359.1,0.0,0.3509,1.0,dist_truncnorm,9,0.67,0.15,truncnorm,none
City-B,T5,1x,160.0,S3_Lin4,routine,M_routine,500,True,1,452.7,443.4,0.0,0.0205,1.0,dist_truncnorm,9,0.67,0.15,truncnorm,none
City-B,T5,1x,160.0,S3_Lin4,cross_regime,M_stress,500,True,1,452.7,292.0,0.0,0.355,1.0,dist_truncnorm,9,0.67,0.15,truncnorm,none
City-B,T5,1x,160.0,S4_GlobalCalib,routine,M_routine,500,True,1,492.4,427.8,0.0,0.1312,1.0,dist_truncnorm,9,0.67,0.15,truncnorm,none
City-B,T5,1x,160.0,S4_GlobalCalib,cross_regime,M_stress,500,True,1,492.4,301.8,0.0,0.3871,1.0,dist_truncnorm,9,0.67,0.15,truncnorm,none
City-B,T5,1x,160.0,S5_CityCalib,routine,M_routine,500,True,1,496.5,427.8,0.0,0.1383,1.0,dist_truncnorm,9,0.67,0.15,truncnorm,none
City-B,T5,1x,160.0,S5_CityCalib,cross_regime,M_stress,500,True,1,496.5,301.8,0.0,0.3921,1.0,dist_truncnorm,9,0.67,0.15,truncnorm,none
City-B,T5,1x,160.0,S6_Q10,routine,M_routine,500,True,1,355.5,427.8,0.0,0.0,1.0,dist_truncnorm,9,0.67,0.15,truncnorm,none
City-B,T5,1x,160.0,S6_Q10,cross_regime,M_stress,500,True,1,355.5,301.8,0.0,0.1511,1.0,dist_truncnorm,9,0.67,0.15,truncnorm,none
City-B,T5,2x,320.0,S0a_RoutineOracle,routine,M_routine,500,True,1,478.0,478.0,0.0,0.0,1.0,dist_truncnorm,9,0.67,0.15,truncnorm,none
City-B,T5,2x,320.0,S0a_RoutineOracle,cross_regime,M_stress,500,True,1,478.0,257.7,62.3,0.4609,0.0,dist_truncnorm,9,0.67,0.15,truncnorm,none
City-B,T5,2x,320.0,S0b_StressOracle,routine,M_routine,500,True,1,359.1,433.3,0.0,0.0,1.0,dist_truncnorm,9,0.67,0.15,truncnorm,none
City-B,T5,2x,320.0,S0b_StressOracle,cross_regime,M_stress,500,True,1,359.1,359.1,0.0,0.0,1.0,dist_truncnorm,9,0.67,0.15,truncnorm,none
City-B,T5,2x,320.0,S1_CapRR,routine,M_routine,500,True,1,744.5,427.8,0.0,0.4253,1.0,dist_truncnorm,9,0.67,0.15,truncnorm,none
City-B,T5,2x,320.0,S1_CapRR,cross_regime,M_stress,500,True,1,744.5,301.8,18.2,0.5946,0.0,dist_truncnorm,9,0.67,0.15,truncnorm,none
City-B,T5,2x,320.0,S2_Platform,routine,M_routine,500,True,1,553.3,433.3,0.0,0.2169,1.0,dist_truncnorm,9,0.67,0.15,truncnorm,none
City-B,T5,2x,320.0,S2_Platform,cross_regime,M_stress,500,True,1,553.3,359.1,0.0,0.3509,1.0,dist_truncnorm,9,0.67,0.15,truncnorm,none
City-B,T5,2x,320.0,S3_Lin4,routine,M_routine,500,True,1,452.7,443.4,0.0,0.0205,1.0,dist_truncnorm,9,0.67,0.15,truncnorm,none
City-B,T5,2x,320.0,S3_Lin4,cross_regime,M_stress,500,True,1,452.7,292.0,28.0,0.355,0.0,dist_truncnorm,9,0.67,0.15,truncnorm,none
City-B,T5,2x,320.0,S4_GlobalCalib,routine,M_routine,500,True,1,492.4,427.8,0.0,0.1312,1.0,dist_truncnorm,9,0.67,0.15,truncnorm,none
City-B,T5,2x,320.0,S4_GlobalCalib,cross_regime,M_stress,500,True,1,492.4,301.8,18.2,0.3871,0.0,dist_truncnorm,9,0.67,0.15,truncnorm,none
City-B,T5,2x,320.0,S5_CityCalib,routine,M_routine,500,True,1,496.5,427.8,0.0,0.1383,1.0,dist_truncnorm,9,0.67,0.15,truncnorm,none
City-B,T5,2x,320.0,S5_CityCalib,cross_regime,M_stress,500,True,1,496.5,301.8,18.2,0.3921,0.0,dist_truncnorm,9,0.67,0.15,truncnorm,none
City-B,T5,2x,320.0,S6_Q10,routine,M_routine,500,True,1,355.5,427.8,0.0,0.0,1.0,dist_truncnorm,9,0.67,0.15,truncnorm,none
City-B,T5,2x,320.0,S6_Q10,cross_regime,M_stress,500,True,1,355.5,301.8,18.2,0.1511,0.0,dist_truncnorm,9,0.67,0.15,truncnorm,none
City-B,T5,5x,800.0,S0a_RoutineOracle,routine,M_routine,500,True,2,921.4,921.4,0.0,0.0,1.0,dist_truncnorm,9,0.67,0.15,truncnorm,none
City-B,T5,5x,800.0,S0a_RoutineOracle,cross_regime,M_stress,500,True,2,921.4,549.6,250.4,0.4035,0.0,dist_truncnorm,9,0.67,0.15,truncnorm,none
City-B,T5,5x,800.0,S0b_StressOracle,routine,M_routine,500,True,3,1010.7,1258.8,0.0,0.0,1.0,dist_truncnorm,9,0.67,0.15,truncnorm,none
City-B,T5,5x,800.0,S0b_StressOracle,cross_regime,M_stress,500,True,3,1010.7,1010.7,0.0,0.0,1.0,dist_truncnorm,9,0.67,0.15,truncnorm,none
City-B,T5,5x,800.0,S1_CapRR,routine,M_routine,500,True,2,1485.4,861.1,0.0,0.4203,1.0,dist_truncnorm,9,0.67,0.15,truncnorm,none
City-B,T5,5x,800.0,S1_CapRR,cross_regime,M_stress,500,True,2,1485.4,660.9,139.1,0.5551,0.0,dist_truncnorm,9,0.67,0.15,truncnorm,none
City-B,T5,5x,800.0,S2_Platform,routine,M_routine,500,True,2,1093.7,876.7,0.0,0.1984,1.0,dist_truncnorm,9,0.67,0.15,truncnorm,none
City-B,T5,5x,800.0,S2_Platform,cross_regime,M_stress,500,True,2,1093.7,651.1,148.9,0.4047,0.0,dist_truncnorm,9,0.67,0.15,truncnorm,none
City-B,T5,5x,800.0,S3_Lin4,routine,M_routine,500,True,2,899.2,841.1,0.0,0.0647,1.0,dist_truncnorm,9,0.67,0.15,truncnorm,none
City-B,T5,5x,800.0,S3_Lin4,cross_regime,M_stress,500,True,2,899.2,641.7,158.3,0.2864,0.0,dist_truncnorm,9,0.67,0.15,truncnorm,none
City-B,T5,5x,800.0,S4_GlobalCalib,routine,M_routine,500,True,2,982.5,861.1,0.0,0.1235,1.0,dist_truncnorm,9,0.67,0.15,truncnorm,none
City-B,T5,5x,800.0,S4_GlobalCalib,cross_regime,M_stress,500,True,2,982.5,660.9,139.1,0.3273,0.0,dist_truncnorm,9,0.67,0.15,truncnorm,none
City-B,T5,5x,800.0,S5_CityCalib,routine,M_routine,500,True,2,990.6,861.1,0.0,0.1307,1.0,dist_truncnorm,9,0.67,0.15,truncnorm,none
City-B,T5,5x,800.0,S5_CityCalib,cross_regime,M_stress,500,True,2,990.6,660.9,139.1,0.3328,0.0,dist_truncnorm,9,0.67,0.15,truncnorm,none
City-B,T5,5x,800.0,S6_Q10,routine,M_routine,500,True,3,1052.4,1304.5,0.0,0.0,1.0,dist_truncnorm,9,0.67,0.15,truncnorm,none
City-B,T5,5x,800.0,S6_Q10,cross_regime,M_stress,500,True,3,1052.4,952.9,0.0,0.0946,1.0,dist_truncnorm,9,0.67,0.15,truncnorm,none
City-B,T5,10x,1600.0,S0a_RoutineOracle,routine,M_routine,500,True,4,1782.5,1782.5,0.0,0.0,1.0,dist_truncnorm,9,0.67,0.15,truncnorm,none
City-B,T5,10x,1600.0,S0a_RoutineOracle,cross_regime,M_stress,500,True,4,1782.5,1210.6,389.4,0.3209,0.0,dist_truncnorm,9,0.67,0.15,truncnorm,none
City-B,T5,10x,1600.0,S0b_StressOracle,routine,M_routine,500,True,6,1827.9,2433.1,0.0,0.0,1.0,dist_truncnorm,9,0.67,0.15,truncnorm,none
City-B,T5,10x,1600.0,S0b_StressOracle,cross_regime,M_stress,500,True,6,1827.9,1827.9,0.0,0.0,1.0,dist_truncnorm,9,0.67,0.15,truncnorm,none
City-B,T5,10x,1600.0,S1_CapRR,routine,M_routine,500,True,3,2203.9,1304.5,295.5,0.4081,0.0,dist_truncnorm,9,0.67,0.15,truncnorm,none
City-B,T5,10x,1600.0,S1_CapRR,cross_regime,M_stress,500,True,3,2203.9,952.9,647.1,0.5676,0.0,dist_truncnorm,9,0.67,0.15,truncnorm,none
City-B,T5,10x,1600.0,S2_Platform,routine,M_routine,500,True,4,2025.8,1589.4,10.6,0.2154,0.0,dist_truncnorm,9,0.67,0.15,truncnorm,none
City-B,T5,10x,1600.0,S2_Platform,cross_regime,M_stress,500,True,4,2025.8,1227.3,372.7,0.3942,0.0,dist_truncnorm,9,0.67,0.15,truncnorm,none
City-B,T5,10x,1600.0,S3_Lin4,routine,M_routine,500,True,4,1777.3,1702.2,0.0,0.0422,1.0,dist_truncnorm,9,0.67,0.15,truncnorm,none
City-B,T5,10x,1600.0,S3_Lin4,cross_regime,M_stress,500,True,4,1777.3,1302.6,297.4,0.2671,0.0,dist_truncnorm,9,0.67,0.15,truncnorm,none
City-B,T5,10x,1600.0,S4_GlobalCalib,routine,M_routine,500,True,4,1922.6,1702.2,0.0,0.1146,1.0,dist_truncnorm,9,0.67,0.15,truncnorm,none
City-B,T5,10x,1600.0,S4_GlobalCalib,cross_regime,M_stress,500,True,4,1922.6,1302.6,297.4,0.3225,0.0,dist_truncnorm,9,0.67,0.15,truncnorm,none
City-B,T5,10x,1600.0,S5_CityCalib,routine,M_routine,500,True,4,1938.4,1702.2,0.0,0.1218,1.0,dist_truncnorm,9,0.67,0.15,truncnorm,none
City-B,T5,10x,1600.0,S5_CityCalib,cross_regime,M_stress,500,True,4,1938.4,1302.6,297.4,0.328,0.0,dist_truncnorm,9,0.67,0.15,truncnorm,none
City-B,T5,10x,1600.0,S6_Q10,routine,M_routine,500,True,5,1681.7,2017.2,0.0,0.0,1.0,dist_truncnorm,9,0.67,0.15,truncnorm,none
City-B,T5,10x,1600.0,S6_Q10,cross_regime,M_stress,500,True,5,1681.7,1529.1,70.9,0.0908,0.0,dist_truncnorm,9,0.67,0.15,truncnorm,none
City-C,T1,1x,180.0,S0a_RoutineOracle,routine,M_routine,650,True,1,604.8,604.8,0.0,0.0,1.0,dist_truncnorm,9,0.67,0.15,truncnorm,none
City-C,T1,1x,180.0,S0a_RoutineOracle,cross_regime,M_stress,650,True,1,604.8,313.4,0.0,0.4818,1.0,dist_truncnorm,9,0.67,0.15,truncnorm,none
City-C,T1,1x,180.0,S0b_StressOracle,routine,M_routine,650,True,1,367.3,378.7,0.0,0.0,1.0,dist_truncnorm,9,0.67,0.15,truncnorm,none
City-C,T1,1x,180.0,S0b_StressOracle,cross_regime,M_stress,650,True,1,367.3,367.3,0.0,0.0,1.0,dist_truncnorm,9,0.67,0.15,truncnorm,none
City-C,T1,1x,180.0,S1_CapRR,routine,M_routine,650,True,1,737.0,378.7,0.0,0.4862,1.0,dist_truncnorm,9,0.67,0.15,truncnorm,none
City-C,T1,1x,180.0,S1_CapRR,cross_regime,M_stress,650,True,1,737.0,367.3,0.0,0.5017,1.0,dist_truncnorm,9,0.67,0.15,truncnorm,none
City-C,T1,1x,180.0,S2_Platform,routine,M_routine,650,True,1,460.9,378.7,0.0,0.1783,1.0,dist_truncnorm,9,0.67,0.15,truncnorm,none
City-C,T1,1x,180.0,S2_Platform,cross_regime,M_stress,650,True,1,460.9,367.3,0.0,0.2031,1.0,dist_truncnorm,9,0.67,0.15,truncnorm,none
City-C,T1,1x,180.0,S3_Lin4,routine,M_routine,650,True,1,410.3,378.7,0.0,0.077,1.0,dist_truncnorm,9,0.67,0.15,truncnorm,none
City-C,T1,1x,180.0,S3_Lin4,cross_regime,M_stress,650,True,1,410.3,367.3,0.0,0.1049,1.0,dist_truncnorm,9,0.67,0.15,truncnorm,none
City-C,T1,1x,180.0,S4_GlobalCalib,routine,M_routine,650,True,1,485.4,378.7,0.0,0.2198,1.0,dist_truncnorm,9,0.67,0.15,truncnorm,none
City-C,T1,1x,180.0,S4_GlobalCalib,cross_regime,M_stress,650,True,1,485.4,367.3,0.0,0.2433,1.0,dist_truncnorm,9,0.67,0.15,truncnorm,none
City-C,T1,1x,180.0,S5_CityCalib,routine,M_routine,650,True,1,485.5,378.7,0.0,0.22,1.0,dist_truncnorm,9,0.67,0.15,truncnorm,none
City-C,T1,1x,180.0,S5_CityCalib,cross_regime,M_stress,650,True,1,485.5,367.3,0.0,0.2436,1.0,dist_truncnorm,9,0.67,0.15,truncnorm,none
City-C,T1,1x,180.0,S6_Q10,routine,M_routine,650,True,1,350.2,378.7,0.0,0.0,1.0,dist_truncnorm,9,0.67,0.15,truncnorm,none
City-C,T1,1x,180.0,S6_Q10,cross_regime,M_stress,650,True,1,350.2,367.3,0.0,0.0,1.0,dist_truncnorm,9,0.67,0.15,truncnorm,none
City-C,T1,2x,360.0,S0a_RoutineOracle,routine,M_routine,650,True,1,604.8,604.8,0.0,0.0,1.0,dist_truncnorm,9,0.67,0.15,truncnorm,none
City-C,T1,2x,360.0,S0a_RoutineOracle,cross_regime,M_stress,650,True,1,604.8,313.4,46.6,0.4818,0.0,dist_truncnorm,9,0.67,0.15,truncnorm,none
City-C,T1,2x,360.0,S0b_StressOracle,routine,M_routine,650,True,1,367.3,378.7,0.0,0.0,1.0,dist_truncnorm,9,0.67,0.15,truncnorm,none
City-C,T1,2x,360.0,S0b_StressOracle,cross_regime,M_stress,650,True,1,367.3,367.3,0.0,0.0,1.0,dist_truncnorm,9,0.67,0.15,truncnorm,none
City-C,T1,2x,360.0,S1_CapRR,routine,M_routine,650,True,1,737.0,378.7,0.0,0.4862,1.0,dist_truncnorm,9,0.67,0.15,truncnorm,none
City-C,T1,2x,360.0,S1_CapRR,cross_regime,M_stress,650,True,1,737.0,367.3,0.0,0.5017,1.0,dist_truncnorm,9,0.67,0.15,truncnorm,none
City-C,T1,2x,360.0,S2_Platform,routine,M_routine,650,True,1,460.9,378.7,0.0,0.1783,1.0,dist_truncnorm,9,0.67,0.15,truncnorm,none
City-C,T1,2x,360.0,S2_Platform,cross_regime,M_stress,650,True,1,460.9,367.3,0.0,0.2031,1.0,dist_truncnorm,9,0.67,0.15,truncnorm,none
City-C,T1,2x,360.0,S3_Lin4,routine,M_routine,650,True,1,410.3,378.7,0.0,0.077,1.0,dist_truncnorm,9,0.67,0.15,truncnorm,none
City-C,T1,2x,360.0,S3_Lin4,cross_regime,M_stress,650,True,1,410.3,367.3,0.0,0.1049,1.0,dist_truncnorm,9,0.67,0.15,truncnorm,none
City-C,T1,2x,360.0,S4_GlobalCalib,routine,M_routine,650,True,1,485.4,378.7,0.0,0.2198,1.0,dist_truncnorm,9,0.67,0.15,truncnorm,none
City-C,T1,2x,360.0,S4_GlobalCalib,cross_regime,M_stress,650,True,1,485.4,367.3,0.0,0.2433,1.0,dist_truncnorm,9,0.67,0.15,truncnorm,none
City-C,T1,2x,360.0,S5_CityCalib,routine,M_routine,650,True,1,485.5,378.7,0.0,0.22,1.0,dist_truncnorm,9,0.67,0.15,truncnorm,none
City-C,T1,2x,360.0,S5_CityCalib,cross_regime,M_stress,650,True,1,485.5,367.3,0.0,0.2436,1.0,dist_truncnorm,9,0.67,0.15,truncnorm,none
City-C,T1,2x,360.0,S6_Q10,routine,M_routine,650,True,2,684.0,983.6,0.0,0.0,1.0,dist_truncnorm,9,0.67,0.15,truncnorm,none
City-C,T1,2x,360.0,S6_Q10,cross_regime,M_stress,650,True,2,684.0,680.7,0.0,0.0048,1.0,dist_truncnorm,9,0.67,0.15,truncnorm,none
City-C,T1,5x,900.0,S0a_RoutineOracle,routine,M_routine,650,True,2,1102.9,1102.9,0.0,0.0,1.0,dist_truncnorm,9,0.67,0.15,truncnorm,none
City-C,T1,5x,900.0,S0a_RoutineOracle,cross_regime,M_stress,650,True,2,1102.9,529.5,370.5,0.5199,0.0,dist_truncnorm,9,0.67,0.15,truncnorm,none
City-C,T1,5x,900.0,S0b_StressOracle,routine,M_routine,650,True,3,992.9,1351.8,0.0,0.0,1.0,dist_truncnorm,9,0.67,0.15,truncnorm,none
City-C,T1,5x,900.0,S0b_StressOracle,cross_regime,M_stress,650,True,3,992.9,992.9,0.0,0.0,1.0,dist_truncnorm,9,0.67,0.15,truncnorm,none
City-C,T1,5x,900.0,S1_CapRR,routine,M_routine,650,True,2,1439.5,983.6,0.0,0.3168,1.0,dist_truncnorm,9,0.67,0.15,truncnorm,none
City-C,T1,5x,900.0,S1_CapRR,cross_regime,M_stress,650,True,2,1439.5,680.7,219.3,0.5271,0.0,dist_truncnorm,9,0.67,0.15,truncnorm,none
City-C,T1,5x,900.0,S2_Platform,routine,M_routine,650,True,2,904.5,983.6,0.0,0.0,1.0,dist_truncnorm,9,0.67,0.15,truncnorm,none
City-C,T1,5x,900.0,S2_Platform,cross_regime,M_stress,650,True,2,904.5,680.7,219.3,0.2474,0.0,dist_truncnorm,9,0.67,0.15,truncnorm,none
City-C,T1,5x,900.0,S3_Lin4,routine,M_routine,650,True,3,1188.8,1438.6,0.0,0.0,1.0,dist_truncnorm,9,0.67,0.15,truncnorm,none
City-C,T1,5x,900.0,S3_Lin4,cross_regime,M_stress,650,True,3,1188.8,933.5,0.0,0.2147,1.0,dist_truncnorm,9,0.67,0.15,truncnorm,none
City-C,T1,5x,900.0,S4_GlobalCalib,routine,M_routine,650,True,2,948.1,983.6,0.0,0.0,1.0,dist_truncnorm,9,0.67,0.15,truncnorm,none
City-C,T1,5x,900.0,S4_GlobalCalib,cross_regime,M_stress,650,True,2,948.1,680.7,219.3,0.282,0.0,dist_truncnorm,9,0.67,0.15,truncnorm,none
City-C,T1,5x,900.0,S5_CityCalib,routine,M_routine,650,True,2,948.4,983.6,0.0,0.0,1.0,dist_truncnorm,9,0.67,0.15,truncnorm,none
City-C,T1,5x,900.0,S5_CityCalib,cross_regime,M_stress,650,True,2,948.4,680.7,219.3,0.2823,0.0,dist_truncnorm,9,0.67,0.15,truncnorm,none
City-C,T1,5x,900.0,S6_Q10,routine,M_routine,650,True,3,988.8,1438.6,0.0,0.0,1.0,dist_truncnorm,9,0.67,0.15,truncnorm,none
City-C,T1,5x,900.0,S6_Q10,cross_regime,M_stress,650,True,3,988.8,933.5,0.0,0.0559,1.0,dist_truncnorm,9,0.67,0.15,truncnorm,none
City-C,T1,10x,1800.0,S0a_RoutineOracle,routine,M_routine,650,True,4,1993.4,1993.4,0.0,0.0,1.0,dist_truncnorm,9,0.67,0.15,truncnorm,none
City-C,T1,10x,1800.0,S0a_RoutineOracle,cross_regime,M_stress,650,True,4,1993.4,1050.5,749.5,0.473,0.0,dist_truncnorm,9,0.67,0.15,truncnorm,none
City-C,T1,10x,1800.0,S0b_StressOracle,routine,M_routine,650,True,6,1822.8,2538.6,0.0,0.0,1.0,dist_truncnorm,9,0.67,0.15,truncnorm,none
City-C,T1,10x,1800.0,S0b_StressOracle,cross_regime,M_stress,650,True,6,1822.8,1822.8,0.0,0.0,1.0,dist_truncnorm,9,0.67,0.15,truncnorm,none
City-C,T1,10x,1800.0,S1_CapRR,routine,M_routine,650,True,3,2081.1,1438.6,361.4,0.3087,0.0,dist_truncnorm,9,0.67,0.15,truncnorm,none
City-C,T1,10x,1800.0,S1_CapRR,cross_regime,M_stress,650,True,3,2081.1,933.5,866.5,0.5514,0.0,dist_truncnorm,9,0.67,0.15,truncnorm,none
City-C,T1,10x,1800.0,S2_Platform,routine,M_routine,650,True,5,2117.9,2092.3,0.0,0.0121,1.0,dist_truncnorm,9,0.67,0.15,truncnorm,none
City-C,T1,10x,1800.0,S2_Platform,cross_regime,M_stress,650,True,5,2117.9,1468.6,331.4,0.3066,0.0,dist_truncnorm,9,0.67,0.15,truncnorm,none
City-C,T1,10x,1800.0,S3_Lin4,routine,M_routine,650,True,5,1933.3,2281.2,0.0,0.0,1.0,dist_truncnorm,9,0.67,0.15,truncnorm,none
City-C,T1,10x,1800.0,S3_Lin4,cross_regime,M_stress,650,True,5,1933.3,1478.0,322.0,0.2355,0.0,dist_truncnorm,9,0.67,0.15,truncnorm,none
City-C,T1,10x,1800.0,S4_GlobalCalib,routine,M_routine,650,True,5,2138.0,2111.9,0.0,0.0122,1.0,dist_truncnorm,9,0.67,0.15,truncnorm,none
City-C,T1,10x,1800.0,S4_GlobalCalib,cross_regime,M_stress,650,True,5,2138.0,1453.2,346.8,0.3203,0.0,dist_truncnorm,9,0.67,0.15,truncnorm,none
City-C,T1,10x,1800.0,S5_CityCalib,routine,M_routine,650,True,5,2139.6,2111.9,0.0,0.013,1.0,dist_truncnorm,9,0.67,0.15,truncnorm,none
City-C,T1,10x,1800.0,S5_CityCalib,cross_regime,M_stress,650,True,5,2139.6,1453.2,346.8,0.3208,0.0,dist_truncnorm,9,0.67,0.15,truncnorm,none
City-C,T1,10x,1800.0,S6_Q10,routine,M_routine,650,True,6,1812.1,2609.9,0.0,0.0,1.0,dist_truncnorm,9,0.67,0.15,truncnorm,none
City-C,T1,10x,1800.0,S6_Q10,cross_regime,M_stress,650,True,6,1812.1,1669.2,130.8,0.0788,0.0,dist_truncnorm,9,0.67,0.15,truncnorm,none
City-C,T2,1x,260.0,S0a_RoutineOracle,routine,M_routine,650,True,1,421.5,421.5,0.0,0.0,1.0,dist_truncnorm,9,0.67,0.15,truncnorm,none
City-C,T2,1x,260.0,S0a_RoutineOracle,cross_regime,M_stress,650,True,1,421.5,199.2,60.8,0.5273,0.0,dist_truncnorm,9,0.67,0.15,truncnorm,none
City-C,T2,1x,260.0,S0b_StressOracle,routine,M_routine,650,True,1,334.9,326.7,0.0,0.0244,1.0,dist_truncnorm,9,0.67,0.15,truncnorm,none
City-C,T2,1x,260.0,S0b_StressOracle,cross_regime,M_stress,650,True,1,334.9,334.9,0.0,0.0,1.0,dist_truncnorm,9,0.67,0.15,truncnorm,none
City-C,T2,1x,260.0,S1_CapRR,routine,M_routine,650,True,1,737.0,326.7,0.0,0.5567,1.0,dist_truncnorm,9,0.67,0.15,truncnorm,none
City-C,T2,1x,260.0,S1_CapRR,cross_regime,M_stress,650,True,1,737.0,334.9,0.0,0.5456,1.0,dist_truncnorm,9,0.67,0.15,truncnorm,none
City-C,T2,1x,260.0,S2_Platform,routine,M_routine,650,True,1,467.3,326.7,0.0,0.3008,1.0,dist_truncnorm,9,0.67,0.15,truncnorm,none
City-C,T2,1x,260.0,S2_Platform,cross_regime,M_stress,650,True,1,467.3,334.9,0.0,0.2833,1.0,dist_truncnorm,9,0.67,0.15,truncnorm,none
City-C,T2,1x,260.0,S3_Lin4,routine,M_routine,650,True,1,421.6,326.7,0.0,0.225,1.0,dist_truncnorm,9,0.67,0.15,truncnorm,none
City-C,T2,1x,260.0,S3_Lin4,cross_regime,M_stress,650,True,1,421.6,334.9,0.0,0.2056,1.0,dist_truncnorm,9,0.67,0.15,truncnorm,none
City-C,T2,1x,260.0,S4_GlobalCalib,routine,M_routine,650,True,1,495.2,326.7,0.0,0.3402,1.0,dist_truncnorm,9,0.67,0.15,truncnorm,none
City-C,T2,1x,260.0,S4_GlobalCalib,cross_regime,M_stress,650,True,1,495.2,334.9,0.0,0.3236,1.0,dist_truncnorm,9,0.67,0.15,truncnorm,none
City-C,T2,1x,260.0,S5_CityCalib,routine,M_routine,650,True,1,494.8,326.7,0.0,0.3397,1.0,dist_truncnorm,9,0.67,0.15,truncnorm,none
City-C,T2,1x,260.0,S5_CityCalib,cross_regime,M_stress,650,True,1,494.8,334.9,0.0,0.3232,1.0,dist_truncnorm,9,0.67,0.15,truncnorm,none
City-C,T2,1x,260.0,S6_Q10,routine,M_routine,650,True,1,351.6,326.7,0.0,0.0707,1.0,dist_truncnorm,9,0.67,0.15,truncnorm,none
City-C,T2,1x,260.0,S6_Q10,cross_regime,M_stress,650,True,1,351.6,334.9,0.0,0.0474,1.0,dist_truncnorm,9,0.67,0.15,truncnorm,none
City-C,T2,2x,520.0,S0a_RoutineOracle,routine,M_routine,650,True,2,819.3,819.3,0.0,0.0,1.0,dist_truncnorm,9,0.67,0.15,truncnorm,none
City-C,T2,2x,520.0,S0a_RoutineOracle,cross_regime,M_stress,650,True,2,819.3,397.2,122.8,0.5152,0.0,dist_truncnorm,9,0.67,0.15,truncnorm,none
City-C,T2,2x,520.0,S0b_StressOracle,routine,M_routine,650,True,2,632.3,674.8,0.0,0.0,1.0,dist_truncnorm,9,0.67,0.15,truncnorm,none
City-C,T2,2x,520.0,S0b_StressOracle,cross_regime,M_stress,650,True,2,632.3,632.3,0.0,0.0,1.0,dist_truncnorm,9,0.67,0.15,truncnorm,none
City-C,T2,2x,520.0,S1_CapRR,routine,M_routine,650,True,1,737.0,326.7,193.3,0.5567,0.0,dist_truncnorm,9,0.67,0.15,truncnorm,none
City-C,T2,2x,520.0,S1_CapRR,cross_regime,M_stress,650,True,1,737.0,334.9,185.1,0.5456,0.0,dist_truncnorm,9,0.67,0.15,truncnorm,none
City-C,T2,2x,520.0,S2_Platform,routine,M_routine,650,True,2,902.1,669.1,0.0,0.2582,1.0,dist_truncnorm,9,0.67,0.15,truncnorm,none
City-C,T2,2x,520.0,S2_Platform,cross_regime,M_stress,650,True,2,902.1,500.3,19.7,0.4453,0.0,dist_truncnorm,9,0.67,0.15,truncnorm,none
City-C,T2,2x,520.0,S3_Lin4,routine,M_routine,650,True,2,825.6,669.1,0.0,0.1896,1.0,dist_truncnorm,9,0.67,0.15,truncnorm,none
City-C,T2,2x,520.0,S3_Lin4,cross_regime,M_stress,650,True,2,825.6,500.3,19.7,0.394,0.0,dist_truncnorm,9,0.67,0.15,truncnorm,none
City-C,T2,2x,520.0,S4_GlobalCalib,routine,M_routine,650,True,2,967.0,669.1,0.0,0.3081,1.0,dist_truncnorm,9,0.67,0.15,truncnorm,none
City-C,T2,2x,520.0,S4_GlobalCalib,cross_regime,M_stress,650,True,2,967.0,500.3,19.7,0.4826,0.0,dist_truncnorm,9,0.67,0.15,truncnorm,none
City-C,T2,2x,520.0,S5_CityCalib,routine,M_routine,650,True,2,966.4,669.1,0.0,0.3076,1.0,dist_truncnorm,9,0.67,0.15,truncnorm,none
City-C,T2,2x,520.0,S5_CityCalib,cross_regime,M_stress,650,True,2,966.4,500.3,19.7,0.4823,0.0,dist_truncnorm,9,0.67,0.15,truncnorm,none
City-C,T2,2x,520.0,S6_Q10,routine,M_routine,650,True,2,686.7,669.1,0.0,0.0256,1.0,dist_truncnorm,9,0.67,0.15,truncnorm,none
City-C,T2,2x,520.0,S6_Q10,cross_regime,M_stress,650,True,2,686.7,500.3,19.7,0.2714,0.0,dist_truncnorm,9,0.67,0.15,truncnorm,none
City-C,T2,5x,1300.0,S0a_RoutineOracle,routine,M_routine,650,True,4,1587.7,1587.7,0.0,0.0,1.0,dist_truncnorm,9,0.67,0.15,truncnorm,none
City-C,T2,5x,1300.0,S0a_RoutineOracle,cross_regime,M_stress,650,True,4,1587.7,855.6,444.4,0.4611,0.0,dist_truncnorm,9,0.67,0.15,truncnorm,none
City-C,T2,5x,1300.0,S0b_StressOracle,routine,M_routine,650,True,5,1497.0,1428.6,0.0,0.0457,1.0,dist_truncnorm,9,0.67,0.15,truncnorm,none
City-C,T2,5x,1300.0,S0b_StressOracle,cross_regime,M_stress,650,True,5,1497.0,1497.0,0.0,0.0,1.0,dist_truncnorm,9,0.67,0.15,truncnorm,none
City-C,T2,5x,1300.0,S1_CapRR,routine,M_routine,650,True,2,1439.5,669.1,630.9,0.5352,0.0,dist_truncnorm,9,0.67,0.15,truncnorm,none
City-C,T2,5x,1300.0,S1_CapRR,cross_regime,M_stress,650,True,2,1439.5,500.3,799.7,0.6524,0.0,dist_truncnorm,9,0.67,0.15,truncnorm,none
City-C,T2,5x,1300.0,S2_Platform,routine,M_routine,650,True,3,1301.1,1026.8,273.2,0.2108,0.0,dist_truncnorm,9,0.67,0.15,truncnorm,none
City-C,T2,5x,1300.0,S2_Platform,cross_regime,M_stress,650,True,3,1301.1,767.5,532.5,0.4101,0.0,dist_truncnorm,9,0.67,0.15,truncnorm,none
City-C,T2,5x,1300.0,S3_Lin4,routine,M_routine,650,True,4,1606.9,1401.3,0.0,0.128,1.0,dist_truncnorm,9,0.67,0.15,truncnorm,none
City-C,T2,5x,1300.0,S3_Lin4,cross_regime,M_stress,650,True,4,1606.9,995.2,304.8,0.3807,0.0,dist_truncnorm,9,0.67,0.15,truncnorm,none
City-C,T2,5x,1300.0,S4_GlobalCalib,routine,M_routine,650,True,3,1397.8,1026.8,273.2,0.2654,0.0,dist_truncnorm,9,0.67,0.15,truncnorm,none
City-C,T2,5x,1300.0,S4_GlobalCalib,cross_regime,M_stress,650,True,3,1397.8,767.5,532.5,0.4509,0.0,dist_truncnorm,9,0.67,0.15,truncnorm,none
City-C,T2,5x,1300.0,S5_CityCalib,routine,M_routine,650,True,3,1397.0,1026.8,273.2,0.265,0.0,dist_truncnorm,9,0.67,0.15,truncnorm,none
City-C,T2,5x,1300.0,S5_CityCalib,cross_regime,M_stress,650,True,3,1397.0,767.5,532.5,0.4506,0.0,dist_truncnorm,9,0.67,0.15,truncnorm,none
City-C,T2,5x,1300.0,S6_Q10,routine,M_routine,650,True,5,1548.3,1718.7,0.0,0.0,1.0,dist_truncnorm,9,0.67,0.15,truncnorm,none
City-C,T2,5x,1300.0,S6_Q10,cross_regime,M_stress,650,True,5,1548.3,1296.8,3.2,0.1624,0.0,dist_truncnorm,9,0.67,0.15,truncnorm,none
City-C,T2,10x,2600.0,S0a_RoutineOracle,routine,M_routine,650,True,7,2696.5,2696.5,0.0,0.0,1.0,dist_truncnorm,9,0.67,0.15,truncnorm,none
City-C,T2,10x,2600.0,S0a_RoutineOracle,cross_regime,M_stress,650,True,7,2696.5,1567.0,1033.0,0.4189,0.0,dist_truncnorm,9,0.67,0.15,truncnorm,none
City-C,T2,10x,2600.0,S0b_StressOracle,routine,M_routine,650,True,10,2766.5,3087.4,0.0,0.0,1.0,dist_truncnorm,9,0.67,0.15,truncnorm,none
City-C,T2,10x,2600.0,S0b_StressOracle,cross_regime,M_stress,650,True,10,2766.5,2766.5,0.0,0.0,1.0,dist_truncnorm,9,0.67,0.15,truncnorm,none
City-C,T2,10x,2600.0,S1_CapRR,routine,M_routine,650,True,4,2666.6,1332.7,1267.3,0.5002,0.0,dist_truncnorm,9,0.67,0.15,truncnorm,none
City-C,T2,10x,2600.0,S1_CapRR,cross_regime,M_stress,650,True,4,2666.6,1064.6,1535.4,0.6008,0.0,dist_truncnorm,9,0.67,0.15,truncnorm,none
City-C,T2,10x,2600.0,S2_Platform,routine,M_routine,650,True,7,2815.8,2166.6,433.4,0.2306,0.0,dist_truncnorm,9,0.67,0.15,truncnorm,none
City-C,T2,10x,2600.0,S2_Platform,cross_regime,M_stress,650,True,7,2815.8,1864.4,735.6,0.3379,0.0,dist_truncnorm,9,0.67,0.15,truncnorm,none
City-C,T2,10x,2600.0,S3_Lin4,routine,M_routine,650,True,7,2699.4,2311.4,288.6,0.1437,0.0,dist_truncnorm,9,0.67,0.15,truncnorm,none
City-C,T2,10x,2600.0,S3_Lin4,cross_regime,M_stress,650,True,7,2699.4,1660.0,940.0,0.3851,0.0,dist_truncnorm,9,0.67,0.15,truncnorm,none
City-C,T2,10x,2600.0,S4_GlobalCalib,routine,M_routine,650,True,7,2935.9,2413.8,186.2,0.1778,0.0,dist_truncnorm,9,0.67,0.15,truncnorm,none
City-C,T2,10x,2600.0,S4_GlobalCalib,cross_regime,M_stress,650,True,7,2935.9,1749.9,850.1,0.404,0.0,dist_truncnorm,9,0.67,0.15,truncnorm,none
City-C,T2,10x,2600.0,S5_CityCalib,routine,M_routine,650,True,7,2934.7,2413.8,186.2,0.1775,0.0,dist_truncnorm,9,0.67,0.15,truncnorm,none
City-C,T2,10x,2600.0,S5_CityCalib,cross_regime,M_stress,650,True,7,2934.7,1749.9,850.1,0.4037,0.0,dist_truncnorm,9,0.67,0.15,truncnorm,none
City-C,T2,10x,2600.0,S6_Q10,routine,M_routine,650,True,9,2607.1,2930.7,0.0,0.0,1.0,dist_truncnorm,9,0.67,0.15,truncnorm,none
City-C,T2,10x,2600.0,S6_Q10,cross_regime,M_stress,650,True,9,2607.1,2261.0,339.0,0.1327,0.0,dist_truncnorm,9,0.67,0.15,truncnorm,none
City-C,T3,1x,200.0,S0a_RoutineOracle,routine,M_routine,650,True,1,437.3,437.3,0.0,0.0,1.0,dist_truncnorm,9,0.67,0.15,truncnorm,none
City-C,T3,1x,200.0,S0a_RoutineOracle,cross_regime,M_stress,650,True,1,437.3,290.0,0.0,0.3368,1.0,dist_truncnorm,9,0.67,0.15,truncnorm,none
City-C,T3,1x,200.0,S0b_StressOracle,routine,M_routine,650,True,1,290.0,437.3,0.0,0.0,1.0,dist_truncnorm,9,0.67,0.15,truncnorm,none
City-C,T3,1x,200.0,S0b_StressOracle,cross_regime,M_stress,650,True,1,290.0,290.0,0.0,0.0,1.0,dist_truncnorm,9,0.67,0.15,truncnorm,none
City-C,T3,1x,200.0,S1_CapRR,routine,M_routine,650,True,1,648.6,437.3,0.0,0.3258,1.0,dist_truncnorm,9,0.67,0.15,truncnorm,none
City-C,T3,1x,200.0,S1_CapRR,cross_regime,M_stress,650,True,1,648.6,290.0,0.0,0.5529,1.0,dist_truncnorm,9,0.67,0.15,truncnorm,none
City-C,T3,1x,200.0,S2_Platform,routine,M_routine,650,True,1,456.8,437.3,0.0,0.0426,1.0,dist_truncnorm,9,0.67,0.15,truncnorm,none
City-C,T3,1x,200.0,S2_Platform,cross_regime,M_stress,650,True,1,456.8,290.0,0.0,0.3651,1.0,dist_truncnorm,9,0.67,0.15,truncnorm,none
City-C,T3,1x,200.0,S3_Lin4,routine,M_routine,650,True,1,402.9,437.3,0.0,0.0,1.0,dist_truncnorm,9,0.67,0.15,truncnorm,none
City-C,T3,1x,200.0,S3_Lin4,cross_regime,M_stress,650,True,1,402.9,290.0,0.0,0.2802,1.0,dist_truncnorm,9,0.67,0.15,truncnorm,none
City-C,T3,1x,200.0,S4_GlobalCalib,routine,M_routine,650,True,1,428.5,437.3,0.0,0.0,1.0,dist_truncnorm,9,0.67,0.15,truncnorm,none
City-C,T3,1x,200.0,S4_GlobalCalib,cross_regime,M_stress,650,True,1,428.5,290.0,0.0,0.3233,1.0,dist_truncnorm,9,0.67,0.15,truncnorm,none
City-C,T3,1x,200.0,S5_CityCalib,routine,M_routine,650,True,1,428.9,437.3,0.0,0.0,1.0,dist_truncnorm,9,0.67,0.15,truncnorm,none
City-C,T3,1x,200.0,S5_CityCalib,cross_regime,M_stress,650,True,1,428.9,290.0,0.0,0.3238,1.0,dist_truncnorm,9,0.67,0.15,truncnorm,none
City-C,T3,1x,200.0,S6_Q10,routine,M_routine,650,True,1,308.9,437.3,0.0,0.0,1.0,dist_truncnorm,9,0.67,0.15,truncnorm,none
City-C,T3,1x,200.0,S6_Q10,cross_regime,M_stress,650,True,1,308.9,290.0,0.0,0.0613,1.0,dist_truncnorm,9,0.67,0.15,truncnorm,none
City-C,T3,2x,400.0,S0a_RoutineOracle,routine,M_routine,650,True,1,437.3,437.3,0.0,0.0,1.0,dist_truncnorm,9,0.67,0.15,truncnorm,none
City-C,T3,2x,400.0,S0a_RoutineOracle,cross_regime,M_stress,650,True,1,437.3,290.0,110.0,0.3368,0.0,dist_truncnorm,9,0.67,0.15,truncnorm,none
City-C,T3,2x,400.0,S0b_StressOracle,routine,M_routine,650,True,2,547.5,685.5,0.0,0.0,1.0,dist_truncnorm,9,0.67,0.15,truncnorm,none
City-C,T3,2x,400.0,S0b_StressOracle,cross_regime,M_stress,650,True,2,547.5,547.5,0.0,0.0,1.0,dist_truncnorm,9,0.67,0.15,truncnorm,none
City-C,T3,2x,400.0,S1_CapRR,routine,M_routine,650,True,1,648.6,437.3,0.0,0.3258,1.0,dist_truncnorm,9,0.67,0.15,truncnorm,none
City-C,T3,2x,400.0,S1_CapRR,cross_regime,M_stress,650,True,1,648.6,290.0,110.0,0.5529,0.0,dist_truncnorm,9,0.67,0.15,truncnorm,none
City-C,T3,2x,400.0,S2_Platform,routine,M_routine,650,True,1,456.8,437.3,0.0,0.0426,1.0,dist_truncnorm,9,0.67,0.15,truncnorm,none
City-C,T3,2x,400.0,S2_Platform,cross_regime,M_stress,650,True,1,456.8,290.0,110.0,0.3651,0.0,dist_truncnorm,9,0.67,0.15,truncnorm,none
City-C,T3,2x,400.0,S3_Lin4,routine,M_routine,650,True,1,402.9,437.3,0.0,0.0,1.0,dist_truncnorm,9,0.67,0.15,truncnorm,none
City-C,T3,2x,400.0,S3_Lin4,cross_regime,M_stress,650,True,1,402.9,290.0,110.0,0.2802,0.0,dist_truncnorm,9,0.67,0.15,truncnorm,none
City-C,T3,2x,400.0,S4_GlobalCalib,routine,M_routine,650,True,1,428.5,437.3,0.0,0.0,1.0,dist_truncnorm,9,0.67,0.15,truncnorm,none
City-C,T3,2x,400.0,S4_GlobalCalib,cross_regime,M_stress,650,True,1,428.5,290.0,110.0,0.3233,0.0,dist_truncnorm,9,0.67,0.15,truncnorm,none
City-C,T3,2x,400.0,S5_CityCalib,routine,M_routine,650,True,1,428.9,437.3,0.0,0.0,1.0,dist_truncnorm,9,0.67,0.15,truncnorm,none
City-C,T3,2x,400.0,S5_CityCalib,cross_regime,M_stress,650,True,1,428.9,290.0,110.0,0.3238,0.0,dist_truncnorm,9,0.67,0.15,truncnorm,none
City-C,T3,2x,400.0,S6_Q10,routine,M_routine,650,True,2,603.4,863.0,0.0,0.0,1.0,dist_truncnorm,9,0.67,0.15,truncnorm,none
City-C,T3,2x,400.0,S6_Q10,cross_regime,M_stress,650,True,2,603.4,501.5,0.0,0.1688,1.0,dist_truncnorm,9,0.67,0.15,truncnorm,none
City-C,T3,5x,1000.0,S0a_RoutineOracle,routine,M_routine,650,True,3,1266.2,1266.2,0.0,0.0,1.0,dist_truncnorm,9,0.67,0.15,truncnorm,none
City-C,T3,5x,1000.0,S0a_RoutineOracle,cross_regime,M_stress,650,True,3,1266.2,706.3,293.7,0.4422,0.0,dist_truncnorm,9,0.67,0.15,truncnorm,none
City-C,T3,5x,1000.0,S0b_StressOracle,routine,M_routine,650,True,4,1008.4,1128.8,0.0,0.0,1.0,dist_truncnorm,9,0.67,0.15,truncnorm,none
City-C,T3,5x,1000.0,S0b_StressOracle,cross_regime,M_stress,650,True,4,1008.4,1008.4,0.0,0.0,1.0,dist_truncnorm,9,0.67,0.15,truncnorm,none
City-C,T3,5x,1000.0,S1_CapRR,routine,M_routine,650,True,2,1266.8,863.0,137.0,0.3188,0.0,dist_truncnorm,9,0.67,0.15,truncnorm,none
City-C,T3,5x,1000.0,S1_CapRR,cross_regime,M_stress,650,True,2,1266.8,501.5,498.5,0.6041,0.0,dist_truncnorm,9,0.67,0.15,truncnorm,none
City-C,T3,5x,1000.0,S2_Platform,routine,M_routine,650,True,3,1285.7,1032.3,0.0,0.1971,1.0,dist_truncnorm,9,0.67,0.15,truncnorm,none
City-C,T3,5x,1000.0,S2_Platform,cross_regime,M_stress,650,True,3,1285.7,664.0,336.0,0.4836,0.0,dist_truncnorm,9,0.67,0.15,truncnorm,none
City-C,T3,5x,1000.0,S3_Lin4,routine,M_routine,650,True,3,1168.7,1111.2,0.0,0.0492,1.0,dist_truncnorm,9,0.67,0.15,truncnorm,none
City-C,T3,5x,1000.0,S3_Lin4,cross_regime,M_stress,650,True,3,1168.7,759.0,241.0,0.3506,0.0,dist_truncnorm,9,0.67,0.15,truncnorm,none
City-C,T3,5x,1000.0,S4_GlobalCalib,routine,M_routine,650,True,3,1210.0,1111.2,0.0,0.0817,1.0,dist_truncnorm,9,0.67,0.15,truncnorm,none
City-C,T3,5x,1000.0,S4_GlobalCalib,cross_regime,M_stress,650,True,3,1210.0,759.0,241.0,0.3727,0.0,dist_truncnorm,9,0.67,0.15,truncnorm,none
City-C,T3,5x,1000.0,S5_CityCalib,routine,M_routine,650,True,3,1211.2,1111.2,0.0,0.0826,1.0,dist_truncnorm,9,0.67,0.15,truncnorm,none
City-C,T3,5x,1000.0,S5_CityCalib,cross_regime,M_stress,650,True,3,1211.2,759.0,241.0,0.3734,0.0,dist_truncnorm,9,0.67,0.15,truncnorm,none
City-C,T3,5x,1000.0,S6_Q10,routine,M_routine,650,True,4,1117.7,1433.9,0.0,0.0,1.0,dist_truncnorm,9,0.67,0.15,truncnorm,none
City-C,T3,5x,1000.0,S6_Q10,cross_regime,M_stress,650,True,4,1117.7,978.2,21.8,0.1248,0.0,dist_truncnorm,9,0.67,0.15,truncnorm,none
City-C,T3,10x,2000.0,S0a_RoutineOracle,routine,M_routine,650,True,6,2286.9,2286.9,0.0,0.0,1.0,dist_truncnorm,9,0.67,0.15,truncnorm,none
City-C,T3,10x,2000.0,S0a_RoutineOracle,cross_regime,M_stress,650,True,6,2286.9,1219.1,780.9,0.4669,0.0,dist_truncnorm,9,0.67,0.15,truncnorm,none
City-C,T3,10x,2000.0,S0b_StressOracle,routine,M_routine,650,True,9,2103.1,2659.9,0.0,0.0,1.0,dist_truncnorm,9,0.67,0.15,truncnorm,none
City-C,T3,10x,2000.0,S0b_StressOracle,cross_regime,M_stress,650,True,9,2103.1,2103.1,0.0,0.0,1.0,dist_truncnorm,9,0.67,0.15,truncnorm,none
City-C,T3,10x,2000.0,S1_CapRR,routine,M_routine,650,True,4,2346.7,1433.9,566.1,0.389,0.0,dist_truncnorm,9,0.67,0.15,truncnorm,none
City-C,T3,10x,2000.0,S1_CapRR,cross_regime,M_stress,650,True,4,2346.7,978.2,1021.8,0.5832,0.0,dist_truncnorm,9,0.67,0.15,truncnorm,none
City-C,T3,10x,2000.0,S2_Platform,routine,M_routine,650,True,5,2048.1,1591.2,408.8,0.2231,0.0,dist_truncnorm,9,0.67,0.15,truncnorm,none
City-C,T3,10x,2000.0,S2_Platform,cross_regime,M_stress,650,True,5,2048.1,1131.7,868.3,0.4475,0.0,dist_truncnorm,9,0.67,0.15,truncnorm,none
City-C,T3,10x,2000.0,S3_Lin4,routine,M_routine,650,True,6,2253.1,2031.8,0.0,0.0982,1.0,dist_truncnorm,9,0.67,0.15,truncnorm,none
City-C,T3,10x,2000.0,S3_Lin4,cross_regime,M_stress,650,True,6,2253.1,1357.8,642.2,0.3974,0.0,dist_truncnorm,9,0.67,0.15,truncnorm,none
City-C,T3,10x,2000.0,S4_GlobalCalib,routine,M_routine,650,True,6,2217.4,2154.2,0.0,0.0285,1.0,dist_truncnorm,9,0.67,0.15,truncnorm,none
City-C,T3,10x,2000.0,S4_GlobalCalib,cross_regime,M_stress,650,True,6,2217.4,1367.1,632.9,0.3835,0.0,dist_truncnorm,9,0.67,0.15,truncnorm,none
City-C,T3,10x,2000.0,S5_CityCalib,routine,M_routine,650,True,6,2220.3,2154.2,0.0,0.0298,1.0,dist_truncnorm,9,0.67,0.15,truncnorm,none
City-C,T3,10x,2000.0,S5_CityCalib,cross_regime,M_stress,650,True,6,2220.3,1367.1,632.9,0.3843,0.0,dist_truncnorm,9,0.67,0.15,truncnorm,none
City-C,T3,10x,2000.0,S6_Q10,routine,M_routine,650,True,8,2062.8,2661.1,0.0,0.0,1.0,dist_truncnorm,9,0.67,0.15,truncnorm,none
City-C,T3,10x,2000.0,S6_Q10,cross_regime,M_stress,650,True,8,2062.8,1781.9,218.1,0.1362,0.0,dist_truncnorm,9,0.67,0.15,truncnorm,none
City-C,T4,1x,140.0,S0a_RoutineOracle,routine,M_routine,650,True,1,549.1,549.1,0.0,0.0,1.0,dist_truncnorm,9,0.67,0.15,truncnorm,none
City-C,T4,1x,140.0,S0a_RoutineOracle,cross_regime,M_stress,650,True,1,549.1,321.3,0.0,0.4149,1.0,dist_truncnorm,9,0.67,0.15,truncnorm,none
City-C,T4,1x,140.0,S0b_StressOracle,routine,M_routine,650,True,1,321.3,549.1,0.0,0.0,1.0,dist_truncnorm,9,0.67,0.15,truncnorm,none
City-C,T4,1x,140.0,S0b_StressOracle,cross_regime,M_stress,650,True,1,321.3,321.3,0.0,0.0,1.0,dist_truncnorm,9,0.67,0.15,truncnorm,none
City-C,T4,1x,140.0,S1_CapRR,routine,M_routine,650,True,1,737.0,549.1,0.0,0.255,1.0,dist_truncnorm,9,0.67,0.15,truncnorm,none
City-C,T4,1x,140.0,S1_CapRR,cross_regime,M_stress,650,True,1,737.0,321.3,0.0,0.5641,1.0,dist_truncnorm,9,0.67,0.15,truncnorm,none
City-C,T4,1x,140.0,S2_Platform,routine,M_routine,650,True,1,377.7,288.4,0.0,0.2365,1.0,dist_truncnorm,9,0.67,0.15,truncnorm,none
City-C,T4,1x,140.0,S2_Platform,cross_regime,M_stress,650,True,1,377.7,246.6,0.0,0.347,1.0,dist_truncnorm,9,0.67,0.15,truncnorm,none
City-C,T4,1x,140.0,S3_Lin4,routine,M_routine,650,True,1,414.4,549.1,0.0,0.0,1.0,dist_truncnorm,9,0.67,0.15,truncnorm,none
City-C,T4,1x,140.0,S3_Lin4,cross_regime,M_stress,650,True,1,414.4,321.3,0.0,0.2247,1.0,dist_truncnorm,9,0.67,0.15,truncnorm,none
City-C,T4,1x,140.0,S4_GlobalCalib,routine,M_routine,650,True,1,484.2,549.1,0.0,0.0,1.0,dist_truncnorm,9,0.67,0.15,truncnorm,none
City-C,T4,1x,140.0,S4_GlobalCalib,cross_regime,M_stress,650,True,1,484.2,321.3,0.0,0.3365,1.0,dist_truncnorm,9,0.67,0.15,truncnorm,none
City-C,T4,1x,140.0,S5_CityCalib,routine,M_routine,650,True,1,482.4,549.1,0.0,0.0,1.0,dist_truncnorm,9,0.67,0.15,truncnorm,none
City-C,T4,1x,140.0,S5_CityCalib,cross_regime,M_stress,650,True,1,482.4,321.3,0.0,0.334,1.0,dist_truncnorm,9,0.67,0.15,truncnorm,none
City-C,T4,1x,140.0,S6_Q10,routine,M_routine,650,True,1,348.5,549.1,0.0,0.0,1.0,dist_truncnorm,9,0.67,0.15,truncnorm,none
City-C,T4,1x,140.0,S6_Q10,cross_regime,M_stress,650,True,1,348.5,321.3,0.0,0.0781,1.0,dist_truncnorm,9,0.67,0.15,truncnorm,none
City-C,T4,2x,280.0,S0a_RoutineOracle,routine,M_routine,650,True,1,549.1,549.1,0.0,0.0,1.0,dist_truncnorm,9,0.67,0.15,truncnorm,none
City-C,T4,2x,280.0,S0a_RoutineOracle,cross_regime,M_stress,650,True,1,549.1,321.3,0.0,0.4149,1.0,dist_truncnorm,9,0.67,0.15,truncnorm,none
City-C,T4,2x,280.0,S0b_StressOracle,routine,M_routine,650,True,1,321.3,549.1,0.0,0.0,1.0,dist_truncnorm,9,0.67,0.15,truncnorm,none
City-C,T4,2x,280.0,S0b_StressOracle,cross_regime,M_stress,650,True,1,321.3,321.3,0.0,0.0,1.0,dist_truncnorm,9,0.67,0.15,truncnorm,none
City-C,T4,2x,280.0,S1_CapRR,routine,M_routine,650,True,1,737.0,549.1,0.0,0.255,1.0,dist_truncnorm,9,0.67,0.15,truncnorm,none
City-C,T4,2x,280.0,S1_CapRR,cross_regime,M_stress,650,True,1,737.0,321.3,0.0,0.5641,1.0,dist_truncnorm,9,0.67,0.15,truncnorm,none
City-C,T4,2x,280.0,S2_Platform,routine,M_routine,650,True,1,377.7,288.4,0.0,0.2365,1.0,dist_truncnorm,9,0.67,0.15,truncnorm,none
City-C,T4,2x,280.0,S2_Platform,cross_regime,M_stress,650,True,1,377.7,246.6,33.4,0.347,0.0,dist_truncnorm,9,0.67,0.15,truncnorm,none
City-C,T4,2x,280.0,S3_Lin4,routine,M_routine,650,True,1,414.4,549.1,0.0,0.0,1.0,dist_truncnorm,9,0.67,0.15,truncnorm,none
City-C,T4,2x,280.0,S3_Lin4,cross_regime,M_stress,650,True,1,414.4,321.3,0.0,0.2247,1.0,dist_truncnorm,9,0.67,0.15,truncnorm,none
City-C,T4,2x,280.0,S4_GlobalCalib,routine,M_routine,650,True,1,484.2,549.1,0.0,0.0,1.0,dist_truncnorm,9,0.67,0.15,truncnorm,none
City-C,T4,2x,280.0,S4_GlobalCalib,cross_regime,M_stress,650,True,1,484.2,321.3,0.0,0.3365,1.0,dist_truncnorm,9,0.67,0.15,truncnorm,none
City-C,T4,2x,280.0,S5_CityCalib,routine,M_routine,650,True,1,482.4,549.1,0.0,0.0,1.0,dist_truncnorm,9,0.67,0.15,truncnorm,none
City-C,T4,2x,280.0,S5_CityCalib,cross_regime,M_stress,650,True,1,482.4,321.3,0.0,0.334,1.0,dist_truncnorm,9,0.67,0.15,truncnorm,none
City-C,T4,2x,280.0,S6_Q10,routine,M_routine,650,True,1,348.5,549.1,0.0,0.0,1.0,dist_truncnorm,9,0.67,0.15,truncnorm,none
City-C,T4,2x,280.0,S6_Q10,cross_regime,M_stress,650,True,1,348.5,321.3,0.0,0.0781,1.0,dist_truncnorm,9,0.67,0.15,truncnorm,none
City-C,T4,5x,700.0,S0a_RoutineOracle,routine,M_routine,650,True,2,1057.7,1057.7,0.0,0.0,1.0,dist_truncnorm,9,0.67,0.15,truncnorm,none
City-C,T4,5x,700.0,S0a_RoutineOracle,cross_regime,M_stress,650,True,2,1057.7,505.4,194.6,0.5222,0.0,dist_truncnorm,9,0.67,0.15,truncnorm,none
City-C,T4,5x,700.0,S0b_StressOracle,routine,M_routine,650,True,3,925.4,1217.6,0.0,0.0,1.0,dist_truncnorm,9,0.67,0.15,truncnorm,none
City-C,T4,5x,700.0,S0b_StressOracle,cross_regime,M_stress,650,True,3,925.4,925.4,0.0,0.0,1.0,dist_truncnorm,9,0.67,0.15,truncnorm,none
City-C,T4,5x,700.0,S1_CapRR,routine,M_routine,650,True,1,737.0,549.1,150.9,0.255,0.0,dist_truncnorm,9,0.67,0.15,truncnorm,none
City-C,T4,5x,700.0,S1_CapRR,cross_regime,M_stress,650,True,1,737.0,321.3,378.7,0.5641,0.0,dist_truncnorm,9,0.67,0.15,truncnorm,none
City-C,T4,5x,700.0,S2_Platform,routine,M_routine,650,True,2,738.2,779.1,0.0,0.0,1.0,dist_truncnorm,9,0.67,0.15,truncnorm,none
City-C,T4,5x,700.0,S2_Platform,cross_regime,M_stress,650,True,2,738.2,417.4,282.6,0.4346,0.0,dist_truncnorm,9,0.67,0.15,truncnorm,none
City-C,T4,5x,700.0,S3_Lin4,routine,M_routine,650,True,2,810.9,1039.8,0.0,0.0,1.0,dist_truncnorm,9,0.67,0.15,truncnorm,none
City-C,T4,5x,700.0,S3_Lin4,cross_regime,M_stress,650,True,2,810.9,492.1,207.9,0.3932,0.0,dist_truncnorm,9,0.67,0.15,truncnorm,none
City-C,T4,5x,700.0,S4_GlobalCalib,routine,M_routine,650,True,2,945.7,1039.8,0.0,0.0,1.0,dist_truncnorm,9,0.67,0.15,truncnorm,none
City-C,T4,5x,700.0,S4_GlobalCalib,cross_regime,M_stress,650,True,2,945.7,492.1,207.9,0.4797,0.0,dist_truncnorm,9,0.67,0.15,truncnorm,none
City-C,T4,5x,700.0,S5_CityCalib,routine,M_routine,650,True,2,942.2,1039.8,0.0,0.0,1.0,dist_truncnorm,9,0.67,0.15,truncnorm,none
City-C,T4,5x,700.0,S5_CityCalib,cross_regime,M_stress,650,True,2,942.2,492.1,207.9,0.4778,0.0,dist_truncnorm,9,0.67,0.15,truncnorm,none
City-C,T4,5x,700.0,S6_Q10,routine,M_routine,650,True,3,984.0,1391.7,0.0,0.0,1.0,dist_truncnorm,9,0.67,0.15,truncnorm,none
City-C,T4,5x,700.0,S6_Q10,cross_regime,M_stress,650,True,3,984.0,802.1,0.0,0.1848,1.0,dist_truncnorm,9,0.67,0.15,truncnorm,none
City-C,T4,10x,1400.0,S0a_RoutineOracle,routine,M_routine,650,True,3,1548.4,1548.4,0.0,0.0,1.0,dist_truncnorm,9,0.67,0.15,truncnorm,none
City-C,T4,10x,1400.0,S0a_RoutineOracle,cross_regime,M_stress,650,True,3,1548.4,676.2,723.8,0.5633,0.0,dist_truncnorm,9,0.67,0.15,truncnorm,none
City-C,T4,10x,1400.0,S0b_StressOracle,routine,M_routine,650,True,5,1470.7,1908.4,0.0,0.0,1.0,dist_truncnorm,9,0.67,0.15,truncnorm,none
City-C,T4,10x,1400.0,S0b_StressOracle,cross_regime,M_stress,650,True,5,1470.7,1470.7,0.0,0.0,1.0,dist_truncnorm,9,0.67,0.15,truncnorm,none
City-C,T4,10x,1400.0,S1_CapRR,routine,M_routine,650,True,2,1439.5,1039.8,360.2,0.2777,0.0,dist_truncnorm,9,0.67,0.15,truncnorm,none
City-C,T4,10x,1400.0,S1_CapRR,cross_regime,M_stress,650,True,2,1439.5,492.1,907.9,0.6582,0.0,dist_truncnorm,9,0.67,0.15,truncnorm,none
City-C,T4,10x,1400.0,S2_Platform,routine,M_routine,650,True,4,1425.4,1595.8,0.0,0.0,1.0,dist_truncnorm,9,0.67,0.15,truncnorm,none
City-C,T4,10x,1400.0,S2_Platform,cross_regime,M_stress,650,True,4,1425.4,921.1,478.9,0.3538,0.0,dist_truncnorm,9,0.67,0.15,truncnorm,none
City-C,T4,10x,1400.0,S3_Lin4,routine,M_routine,650,True,4,1578.5,1724.1,0.0,0.0,1.0,dist_truncnorm,9,0.67,0.15,truncnorm,none
City-C,T4,10x,1400.0,S3_Lin4,cross_regime,M_stress,650,True,4,1578.5,988.8,411.2,0.3736,0.0,dist_truncnorm,9,0.67,0.15,truncnorm,none
City-C,T4,10x,1400.0,S4_GlobalCalib,routine,M_routine,650,True,4,1752.0,1826.8,0.0,0.0,1.0,dist_truncnorm,9,0.67,0.15,truncnorm,none
City-C,T4,10x,1400.0,S4_GlobalCalib,cross_regime,M_stress,650,True,4,1752.0,1054.0,346.0,0.3984,0.0,dist_truncnorm,9,0.67,0.15,truncnorm,none
City-C,T4,10x,1400.0,S5_CityCalib,routine,M_routine,650,True,4,1745.9,1826.8,0.0,0.0,1.0,dist_truncnorm,9,0.67,0.15,truncnorm,none
City-C,T4,10x,1400.0,S5_CityCalib,cross_regime,M_stress,650,True,4,1745.9,1054.0,346.0,0.3963,0.0,dist_truncnorm,9,0.67,0.15,truncnorm,none
City-C,T4,10x,1400.0,S6_Q10,routine,M_routine,650,True,5,1534.6,2028.0,0.0,0.0,1.0,dist_truncnorm,9,0.67,0.15,truncnorm,none
City-C,T4,10x,1400.0,S6_Q10,cross_regime,M_stress,650,True,5,1534.6,1283.5,116.5,0.1636,0.0,dist_truncnorm,9,0.67,0.15,truncnorm,none
City-C,T5,1x,160.0,S0a_RoutineOracle,routine,M_routine,650,True,1,551.9,551.9,0.0,0.0,1.0,dist_truncnorm,9,0.67,0.15,truncnorm,none
City-C,T5,1x,160.0,S0a_RoutineOracle,cross_regime,M_stress,650,True,1,551.9,332.7,0.0,0.3971,1.0,dist_truncnorm,9,0.67,0.15,truncnorm,none
City-C,T5,1x,160.0,S0b_StressOracle,routine,M_routine,650,True,1,332.7,551.9,0.0,0.0,1.0,dist_truncnorm,9,0.67,0.15,truncnorm,none
City-C,T5,1x,160.0,S0b_StressOracle,cross_regime,M_stress,650,True,1,332.7,332.7,0.0,0.0,1.0,dist_truncnorm,9,0.67,0.15,truncnorm,none
City-C,T5,1x,160.0,S1_CapRR,routine,M_routine,650,True,1,648.6,551.9,0.0,0.1491,1.0,dist_truncnorm,9,0.67,0.15,truncnorm,none
City-C,T5,1x,160.0,S1_CapRR,cross_regime,M_stress,650,True,1,648.6,332.7,0.0,0.487,1.0,dist_truncnorm,9,0.67,0.15,truncnorm,none
City-C,T5,1x,160.0,S2_Platform,routine,M_routine,650,True,1,451.5,551.9,0.0,0.0,1.0,dist_truncnorm,9,0.67,0.15,truncnorm,none
City-C,T5,1x,160.0,S2_Platform,cross_regime,M_stress,650,True,1,451.5,332.7,0.0,0.263,1.0,dist_truncnorm,9,0.67,0.15,truncnorm,none
City-C,T5,1x,160.0,S3_Lin4,routine,M_routine,650,True,1,403.4,551.9,0.0,0.0,1.0,dist_truncnorm,9,0.67,0.15,truncnorm,none
City-C,T5,1x,160.0,S3_Lin4,cross_regime,M_stress,650,True,1,403.4,332.7,0.0,0.175,1.0,dist_truncnorm,9,0.67,0.15,truncnorm,none
City-C,T5,1x,160.0,S4_GlobalCalib,routine,M_routine,650,True,1,429.0,551.9,0.0,0.0,1.0,dist_truncnorm,9,0.67,0.15,truncnorm,none
City-C,T5,1x,160.0,S4_GlobalCalib,cross_regime,M_stress,650,True,1,429.0,332.7,0.0,0.2243,1.0,dist_truncnorm,9,0.67,0.15,truncnorm,none
City-C,T5,1x,160.0,S5_CityCalib,routine,M_routine,650,True,1,424.8,551.9,0.0,0.0,1.0,dist_truncnorm,9,0.67,0.15,truncnorm,none
City-C,T5,1x,160.0,S5_CityCalib,cross_regime,M_stress,650,True,1,424.8,332.7,0.0,0.2167,1.0,dist_truncnorm,9,0.67,0.15,truncnorm,none
City-C,T5,1x,160.0,S6_Q10,routine,M_routine,650,True,1,309.7,551.9,0.0,0.0,1.0,dist_truncnorm,9,0.67,0.15,truncnorm,none
City-C,T5,1x,160.0,S6_Q10,cross_regime,M_stress,650,True,1,309.7,332.7,0.0,0.0,1.0,dist_truncnorm,9,0.67,0.15,truncnorm,none
City-C,T5,2x,320.0,S0a_RoutineOracle,routine,M_routine,650,True,1,551.9,551.9,0.0,0.0,1.0,dist_truncnorm,9,0.67,0.15,truncnorm,none
City-C,T5,2x,320.0,S0a_RoutineOracle,cross_regime,M_stress,650,True,1,551.9,332.7,0.0,0.3971,1.0,dist_truncnorm,9,0.67,0.15,truncnorm,none
City-C,T5,2x,320.0,S0b_StressOracle,routine,M_routine,650,True,1,332.7,551.9,0.0,0.0,1.0,dist_truncnorm,9,0.67,0.15,truncnorm,none
City-C,T5,2x,320.0,S0b_StressOracle,cross_regime,M_stress,650,True,1,332.7,332.7,0.0,0.0,1.0,dist_truncnorm,9,0.67,0.15,truncnorm,none
City-C,T5,2x,320.0,S1_CapRR,routine,M_routine,650,True,1,648.6,551.9,0.0,0.1491,1.0,dist_truncnorm,9,0.67,0.15,truncnorm,none
City-C,T5,2x,320.0,S1_CapRR,cross_regime,M_stress,650,True,1,648.6,332.7,0.0,0.487,1.0,dist_truncnorm,9,0.67,0.15,truncnorm,none
City-C,T5,2x,320.0,S2_Platform,routine,M_routine,650,True,1,451.5,551.9,0.0,0.0,1.0,dist_truncnorm,9,0.67,0.15,truncnorm,none
City-C,T5,2x,320.0,S2_Platform,cross_regime,M_stress,650,True,1,451.5,332.7,0.0,0.263,1.0,dist_truncnorm,9,0.67,0.15,truncnorm,none
City-C,T5,2x,320.0,S3_Lin4,routine,M_routine,650,True,1,403.4,551.9,0.0,0.0,1.0,dist_truncnorm,9,0.67,0.15,truncnorm,none
City-C,T5,2x,320.0,S3_Lin4,cross_regime,M_stress,650,True,1,403.4,332.7,0.0,0.175,1.0,dist_truncnorm,9,0.67,0.15,truncnorm,none
City-C,T5,2x,320.0,S4_GlobalCalib,routine,M_routine,650,True,1,429.0,551.9,0.0,0.0,1.0,dist_truncnorm,9,0.67,0.15,truncnorm,none
City-C,T5,2x,320.0,S4_GlobalCalib,cross_regime,M_stress,650,True,1,429.0,332.7,0.0,0.2243,1.0,dist_truncnorm,9,0.67,0.15,truncnorm,none
City-C,T5,2x,320.0,S5_CityCalib,routine,M_routine,650,True,1,424.8,551.9,0.0,0.0,1.0,dist_truncnorm,9,0.67,0.15,truncnorm,none
City-C,T5,2x,320.0,S5_CityCalib,cross_regime,M_stress,650,True,1,424.8,332.7,0.0,0.2167,1.0,dist_truncnorm,9,0.67,0.15,truncnorm,none
City-C,T5,2x,320.0,S6_Q10,routine,M_routine,650,True,2,604.9,1031.7,0.0,0.0,1.0,dist_truncnorm,9,0.67,0.15,truncnorm,none
City-C,T5,2x,320.0,S6_Q10,cross_regime,M_stress,650,True,2,604.9,550.2,0.0,0.0905,1.0,dist_truncnorm,9,0.67,0.15,truncnorm,none
City-C,T5,5x,800.0,S0a_RoutineOracle,routine,M_routine,650,True,2,1063.4,1063.4,0.0,0.0,1.0,dist_truncnorm,9,0.67,0.15,truncnorm,none
City-C,T5,5x,800.0,S0a_RoutineOracle,cross_regime,M_stress,650,True,2,1063.4,642.6,157.4,0.3958,0.0,dist_truncnorm,9,0.67,0.15,truncnorm,none
City-C,T5,5x,800.0,S0b_StressOracle,routine,M_routine,650,True,3,901.3,1371.4,0.0,0.0,1.0,dist_truncnorm,9,0.67,0.15,truncnorm,none
City-C,T5,5x,800.0,S0b_StressOracle,cross_regime,M_stress,650,True,3,901.3,901.3,0.0,0.0,1.0,dist_truncnorm,9,0.67,0.15,truncnorm,none
City-C,T5,5x,800.0,S1_CapRR,routine,M_routine,650,True,2,1266.8,1031.7,0.0,0.1856,1.0,dist_truncnorm,9,0.67,0.15,truncnorm,none
City-C,T5,5x,800.0,S1_CapRR,cross_regime,M_stress,650,True,2,1266.8,550.2,249.8,0.5657,0.0,dist_truncnorm,9,0.67,0.15,truncnorm,none
City-C,T5,5x,800.0,S2_Platform,routine,M_routine,650,True,2,882.9,857.8,0.0,0.0285,1.0,dist_truncnorm,9,0.67,0.15,truncnorm,none
City-C,T5,5x,800.0,S2_Platform,cross_regime,M_stress,650,True,2,882.9,549.3,250.7,0.3779,0.0,dist_truncnorm,9,0.67,0.15,truncnorm,none
City-C,T5,5x,800.0,S3_Lin4,routine,M_routine,650,True,3,1169.5,1385.7,0.0,0.0,1.0,dist_truncnorm,9,0.67,0.15,truncnorm,none
City-C,T5,5x,800.0,S3_Lin4,cross_regime,M_stress,650,True,3,1169.5,770.3,29.7,0.3414,0.0,dist_truncnorm,9,0.67,0.15,truncnorm,none
City-C,T5,5x,800.0,S4_GlobalCalib,routine,M_routine,650,True,2,837.8,1031.7,0.0,0.0,1.0,dist_truncnorm,9,0.67,0.15,truncnorm,none
City-C,T5,5x,800.0,S4_GlobalCalib,cross_regime,M_stress,650,True,2,837.8,550.2,249.8,0.3433,0.0,dist_truncnorm,9,0.67,0.15,truncnorm,none
City-C,T5,5x,800.0,S5_CityCalib,routine,M_routine,650,True,2,829.8,1031.7,0.0,0.0,1.0,dist_truncnorm,9,0.67,0.15,truncnorm,none
City-C,T5,5x,800.0,S5_CityCalib,cross_regime,M_stress,650,True,2,829.8,550.2,249.8,0.337,0.0,dist_truncnorm,9,0.67,0.15,truncnorm,none
City-C,T5,5x,800.0,S6_Q10,routine,M_routine,650,True,3,874.5,1385.7,0.0,0.0,1.0,dist_truncnorm,9,0.67,0.15,truncnorm,none
City-C,T5,5x,800.0,S6_Q10,cross_regime,M_stress,650,True,3,874.5,770.3,29.7,0.1192,0.0,dist_truncnorm,9,0.67,0.15,truncnorm,none
City-C,T5,10x,1600.0,S0a_RoutineOracle,routine,M_routine,650,True,4,1967.7,1967.7,0.0,0.0,1.0,dist_truncnorm,9,0.67,0.15,truncnorm,none
City-C,T5,10x,1600.0,S0a_RoutineOracle,cross_regime,M_stress,650,True,4,1967.7,1020.1,579.9,0.4816,0.0,dist_truncnorm,9,0.67,0.15,truncnorm,none
City-C,T5,10x,1600.0,S0b_StressOracle,routine,M_routine,650,True,6,1640.7,2518.9,0.0,0.0,1.0,dist_truncnorm,9,0.67,0.15,truncnorm,none
City-C,T5,10x,1600.0,S0b_StressOracle,cross_regime,M_stress,650,True,6,1640.7,1640.7,0.0,0.0,1.0,dist_truncnorm,9,0.67,0.15,truncnorm,none
City-C,T5,10x,1600.0,S1_CapRR,routine,M_routine,650,True,3,1831.4,1385.7,214.3,0.2434,0.0,dist_truncnorm,9,0.67,0.15,truncnorm,none
City-C,T5,10x,1600.0,S1_CapRR,cross_regime,M_stress,650,True,3,1831.4,770.3,829.7,0.5794,0.0,dist_truncnorm,9,0.67,0.15,truncnorm,none
City-C,T5,10x,1600.0,S2_Platform,routine,M_routine,650,True,4,1670.1,1571.8,28.2,0.0588,0.0,dist_truncnorm,9,0.67,0.15,truncnorm,none
City-C,T5,10x,1600.0,S2_Platform,cross_regime,M_stress,650,True,4,1670.1,1012.9,587.1,0.3935,0.0,dist_truncnorm,9,0.67,0.15,truncnorm,none
City-C,T5,10x,1600.0,S3_Lin4,routine,M_routine,650,True,5,1910.9,2133.8,0.0,0.0,1.0,dist_truncnorm,9,0.67,0.15,truncnorm,none
City-C,T5,10x,1600.0,S3_Lin4,cross_regime,M_stress,650,True,5,1910.9,1252.8,347.2,0.3444,0.0,dist_truncnorm,9,0.67,0.15,truncnorm,none
City-C,T5,10x,1600.0,S4_GlobalCalib,routine,M_routine,650,True,5,1888.7,2203.1,0.0,0.0,1.0,dist_truncnorm,9,0.67,0.15,truncnorm,none
City-C,T5,10x,1600.0,S4_GlobalCalib,cross_regime,M_stress,650,True,5,1888.7,1296.6,303.4,0.3135,0.0,dist_truncnorm,9,0.67,0.15,truncnorm,none
City-C,T5,10x,1600.0,S5_CityCalib,routine,M_routine,650,True,5,1872.0,2203.1,0.0,0.0,1.0,dist_truncnorm,9,0.67,0.15,truncnorm,none
City-C,T5,10x,1600.0,S5_CityCalib,cross_regime,M_stress,650,True,5,1872.0,1296.6,303.4,0.3074,0.0,dist_truncnorm,9,0.67,0.15,truncnorm,none
City-C,T5,10x,1600.0,S6_Q10,routine,M_routine,650,True,6,1602.6,2602.5,0.0,0.0,1.0,dist_truncnorm,9,0.67,0.15,truncnorm,none
City-C,T5,10x,1600.0,S6_Q10,cross_regime,M_stress,650,True,6,1602.6,1553.5,46.5,0.0307,0.0,dist_truncnorm,9,0.67,0.15,truncnorm,none
