city,task_id,p_req_level,p_req,strategy,regime,eval_outcome,pool_size,pool_feasible,n_selected,p_commit,p_deliv,shortfall,ocr,success,config_name,seed_id,xi_mean,xi_std,xi_dist,xi_persistence
City-A,T1,1x,180.0,S0a_RoutineOracle,routine,M_routine,800,True,1,436.6,436.6,0.0,0.0,1.0,std_0.1,7,0.67,0.1,beta,none
City-A,T1,1x,180.0,S0a_RoutineOracle,cross_regime,M_stress,800,True,1,436.6,211.7,0.0,0.5152,1.0,std_0.1,7,0.67,0.1,beta,none
City-A,T1,1x,180.0,S0b_StressOracle,routine,M_routine,800,True,1,307.9,392.1,0.0,0.0,1.0,std_0.1,7,0.67,0.1,beta,none
City-A,T1,1x,180.0,S0b_StressOracle,cross_regime,M_stress,800,True,1,307.9,307.9,0.0,0.0,1.0,std_0.1,7,0.67,0.1,beta,none
City-A,T1,1x,180.0,S1_CapRR,routine,M_routine,800,True,1,678.2,392.1,0.0,0.4218,1.0,std_0.1,7,0.67,0.1,beta,none
City-A,T1,1x,180.0,S1_CapRR,cross_regime,M_stress,800,True,1,678.2,307.9,0.0,0.5459,1.0,std_0.1,7,0.67,0.1,beta,none
City-A,T1,1x,180.0,S2_Platform,routine,M_routine,800,True,1,421.1,392.1,0.0,0.0687,1.0,std_0.1,7,0.67,0.1,beta,none
City-A,T1,1x,180.0,S2_Platform,cross_regime,M_stress,800,True,1,421.1,307.9,0.0,0.2687,1.0,std_0.1,7,0.67,0.1,beta,none
City-A,T1,1x,180.0,S3_Lin4,routine,M_routine,800,True,1,488.5,392.1,0.0,0.1972,1.0,std_0.1,7,0.67,0.1,beta,none
City-A,T1,1x,180.0,S3_Lin4,cross_regime,M_stress,800,True,1,488.5,307.9,0.0,0.3696,1.0,std_0.1,7,0.67,0.1,beta,none
City-A,T1,1x,180.0,S4_GlobalCalib,routine,M_routine,800,True,1,452.4,392.1,0.0,0.1333,1.0,std_0.1,7,0.67,0.1,beta,none
City-A,T1,1x,180.0,S4_GlobalCalib,cross_regime,M_stress,800,True,1,452.4,307.9,0.0,0.3194,1.0,std_0.1,7,0.67,0.1,beta,none
City-A,T1,1x,180.0,S5_CityCalib,routine,M_routine,800,True,1,451.0,392.1,0.0,0.1305,1.0,std_0.1,7,0.67,0.1,beta,none
City-A,T1,1x,180.0,S5_CityCalib,cross_regime,M_stress,800,True,1,451.0,307.9,0.0,0.3172,1.0,std_0.1,7,0.67,0.1,beta,none
City-A,T1,1x,180.0,S6_Q10,routine,M_routine,800,True,1,364.2,392.1,0.0,0.0,1.0,std_0.1,7,0.67,0.1,beta,none
City-A,T1,1x,180.0,S6_Q10,cross_regime,M_stress,800,True,1,364.2,307.9,0.0,0.1544,1.0,std_0.1,7,0.67,0.1,beta,none
City-A,T1,2x,360.0,S0a_RoutineOracle,routine,M_routine,800,True,1,436.6,436.6,0.0,0.0,1.0,std_0.1,7,0.67,0.1,beta,none
City-A,T1,2x,360.0,S0a_RoutineOracle,cross_regime,M_stress,800,True,1,436.6,211.7,148.3,0.5152,0.0,std_0.1,7,0.67,0.1,beta,none
City-A,T1,2x,360.0,S0b_StressOracle,routine,M_routine,800,True,2,602.9,746.1,0.0,0.0,1.0,std_0.1,7,0.67,0.1,beta,none
City-A,T1,2x,360.0,S0b_StressOracle,cross_regime,M_stress,800,True,2,602.9,602.9,0.0,0.0,1.0,std_0.1,7,0.67,0.1,beta,none
City-A,T1,2x,360.0,S1_CapRR,routine,M_routine,800,True,1,678.2,392.1,0.0,0.4218,1.0,std_0.1,7,0.67,0.1,beta,none
City-A,T1,2x,360.0,S1_CapRR,cross_regime,M_stress,800,True,1,678.2,307.9,52.1,0.5459,0.0,std_0.1,7,0.67,0.1,beta,none
City-A,T1,2x,360.0,S2_Platform,routine,M_routine,800,True,1,421.1,392.1,0.0,0.0687,1.0,std_0.1,7,0.67,0.1,beta,none
City-A,T1,2x,360.0,S2_Platform,cross_regime,M_stress,800,True,1,421.1,307.9,52.1,0.2687,0.0,std_0.1,7,0.67,0.1,beta,none
City-A,T1,2x,360.0,S3_Lin4,routine,M_routine,800,True,1,488.5,392.1,0.0,0.1972,1.0,std_0.1,7,0.67,0.1,beta,none
City-A,T1,2x,360.0,S3_Lin4,cross_regime,M_stress,800,True,1,488.5,307.9,52.1,0.3696,0.0,std_0.1,7,0.67,0.1,beta,none
City-A,T1,2x,360.0,S4_GlobalCalib,routine,M_routine,800,True,1,452.4,392.1,0.0,0.1333,1.0,std_0.1,7,0.67,0.1,beta,none
City-A,T1,2x,360.0,S4_GlobalCalib,cross_regime,M_stress,800,True,1,452.4,307.9,52.1,0.3194,0.0,std_0.1,7,0.67,0.1,beta,none
City-A,T1,2x,360.0,S5_CityCalib,routine,M_routine,800,True,1,451.0,392.1,0.0,0.1305,1.0,std_0.1,7,0.67,0.1,beta,none
City-A,T1,2x,360.0,S5_CityCalib,cross_regime,M_stress,800,True,1,451.0,307.9,52.1,0.3172,0.0,std_0.1,7,0.67,0.1,beta,none
City-A,T1,2x,360.0,S6_Q10,routine,M_routine,800,True,1,364.2,392.1,0.0,0.0,1.0,std_0.1,7,0.67,0.1,beta,none
City-A,T1,2x,360.0,S6_Q10,cross_regime,M_stress,800,True,1,364.2,307.9,52.1,0.1544,0.0,std_0.1,7,0.67,0.1,beta,none
City-A,T1,5x,900.0,S0a_RoutineOracle,routine,M_routine,800,True,3,1204.1,1204.1,0.0,0.0,1.0,std_0.1,7,0.67,0.1,beta,none
City-A,T1,5x,900.0,S0a_RoutineOracle,cross_regime,M_stress,800,True,3,1204.1,753.3,146.7,0.3744,0.0,std_0.1,7,0.67,0.1,beta,none
City-A,T1,5x,900.0,S0b_StressOracle,routine,M_routine,800,True,4,1130.9,1413.9,0.0,0.0,1.0,std_0.1,7,0.67,0.1,beta,none
City-A,T1,5x,900.0,S0b_StressOracle,cross_regime,M_stress,800,True,4,1130.9,1130.9,0.0,0.0,1.0,std_0.1,7,0.67,0.1,beta,none
City-A,T1,5x,900.0,S1_CapRR,routine,M_routine,800,True,2,1293.4,637.4,262.6,0.5072,0.0,std_0.1,7,0.67,0.1,beta,none
City-A,T1,5x,900.0,S1_CapRR,cross_regime,M_stress,800,True,2,1293.4,512.9,387.1,0.6034,0.0,std_0.1,7,0.67,0.1,beta,none
City-A,T1,5x,900.0,S2_Platform,routine,M_routine,800,True,3,1202.1,917.4,0.0,0.2368,1.0,std_0.1,7,0.67,0.1,beta,none
City-A,T1,5x,900.0,S2_Platform,cross_regime,M_stress,800,True,3,1202.1,734.6,165.4,0.3889,0.0,std_0.1,7,0.67,0.1,beta,none
City-A,T1,5x,900.0,S3_Lin4,routine,M_routine,800,True,3,1251.9,1204.1,0.0,0.0382,1.0,std_0.1,7,0.67,0.1,beta,none
City-A,T1,5x,900.0,S3_Lin4,cross_regime,M_stress,800,True,3,1251.9,753.3,146.7,0.3983,0.0,std_0.1,7,0.67,0.1,beta,none
City-A,T1,5x,900.0,S4_GlobalCalib,routine,M_routine,800,True,3,1260.9,1012.7,0.0,0.1968,1.0,std_0.1,7,0.67,0.1,beta,none
City-A,T1,5x,900.0,S4_GlobalCalib,cross_regime,M_stress,800,True,3,1260.9,746.5,153.5,0.4079,0.0,std_0.1,7,0.67,0.1,beta,none
City-A,T1,5x,900.0,S5_CityCalib,routine,M_routine,800,True,3,1257.0,1012.7,0.0,0.1943,1.0,std_0.1,7,0.67,0.1,beta,none
City-A,T1,5x,900.0,S5_CityCalib,cross_regime,M_stress,800,True,3,1257.0,746.5,153.5,0.4061,0.0,std_0.1,7,0.67,0.1,beta,none
City-A,T1,5x,900.0,S6_Q10,routine,M_routine,800,True,3,1014.7,1012.7,0.0,0.0019,1.0,std_0.1,7,0.67,0.1,beta,none
City-A,T1,5x,900.0,S6_Q10,cross_regime,M_stress,800,True,3,1014.7,746.5,153.5,0.2643,0.0,std_0.1,7,0.67,0.1,beta,none
City-A,T1,10x,1800.0,S0a_RoutineOracle,routine,M_routine,800,True,5,1922.5,1922.5,0.0,0.0,1.0,std_0.1,7,0.67,0.1,beta,none
City-A,T1,10x,1800.0,S0a_RoutineOracle,cross_regime,M_stress,800,True,5,1922.5,1214.3,585.7,0.3684,0.0,std_0.1,7,0.67,0.1,beta,none
City-A,T1,10x,1800.0,S0b_StressOracle,routine,M_routine,800,True,7,1812.2,2257.5,0.0,0.0,1.0,std_0.1,7,0.67,0.1,beta,none
City-A,T1,10x,1800.0,S0b_StressOracle,cross_regime,M_stress,800,True,7,1812.2,1812.2,0.0,0.0,1.0,std_0.1,7,0.67,0.1,beta,none
City-A,T1,10x,1800.0,S1_CapRR,routine,M_routine,800,True,3,1889.7,1012.7,787.3,0.4641,0.0,std_0.1,7,0.67,0.1,beta,none
City-A,T1,10x,1800.0,S1_CapRR,cross_regime,M_stress,800,True,3,1889.7,746.5,1053.5,0.6049,0.0,std_0.1,7,0.67,0.1,beta,none
City-A,T1,10x,1800.0,S2_Platform,routine,M_routine,800,True,5,1914.5,1545.0,255.0,0.193,0.0,std_0.1,7,0.67,0.1,beta,none
City-A,T1,10x,1800.0,S2_Platform,cross_regime,M_stress,800,True,5,1914.5,1232.6,567.4,0.3562,0.0,std_0.1,7,0.67,0.1,beta,none
City-A,T1,10x,1800.0,S3_Lin4,routine,M_routine,800,True,5,1970.7,1741.8,58.2,0.1162,0.0,std_0.1,7,0.67,0.1,beta,none
City-A,T1,10x,1800.0,S3_Lin4,cross_regime,M_stress,800,True,5,1970.7,1252.7,547.3,0.3644,0.0,std_0.1,7,0.67,0.1,beta,none
City-A,T1,10x,1800.0,S4_GlobalCalib,routine,M_routine,800,True,5,2026.8,1659.2,140.8,0.1814,0.0,std_0.1,7,0.67,0.1,beta,none
City-A,T1,10x,1800.0,S4_GlobalCalib,cross_regime,M_stress,800,True,5,2026.8,1335.9,464.1,0.3409,0.0,std_0.1,7,0.67,0.1,beta,none
City-A,T1,10x,1800.0,S5_CityCalib,routine,M_routine,800,True,5,2020.7,1659.2,140.8,0.1789,0.0,std_0.1,7,0.67,0.1,beta,none
City-A,T1,10x,1800.0,S5_CityCalib,cross_regime,M_stress,800,True,5,2020.7,1335.9,464.1,0.3389,0.0,std_0.1,7,0.67,0.1,beta,none
City-A,T1,10x,1800.0,S6_Q10,routine,M_routine,800,True,6,1915.1,2095.8,0.0,0.0,1.0,std_0.1,7,0.67,0.1,beta,none
City-A,T1,10x,1800.0,S6_Q10,cross_regime,M_stress,800,True,6,1915.1,1547.6,252.4,0.1919,0.0,std_0.1,7,0.67,0.1,beta,none
City-A,T2,1x,260.0,S0a_RoutineOracle,routine,M_routine,800,True,1,465.2,465.2,0.0,0.0,1.0,std_0.1,7,0.67,0.1,beta,none
City-A,T2,1x,260.0,S0a_RoutineOracle,cross_regime,M_stress,800,True,1,465.2,259.5,0.5,0.4421,0.0,std_0.1,7,0.67,0.1,beta,none
City-A,T2,1x,260.0,S0b_StressOracle,routine,M_routine,800,True,1,276.9,363.6,0.0,0.0,1.0,std_0.1,7,0.67,0.1,beta,none
City-A,T2,1x,260.0,S0b_StressOracle,cross_regime,M_stress,800,True,1,276.9,276.9,0.0,0.0,1.0,std_0.1,7,0.67,0.1,beta,none
City-A,T2,1x,260.0,S1_CapRR,routine,M_routine,800,True,1,678.2,435.6,0.0,0.3576,1.0,std_0.1,7,0.67,0.1,beta,none
City-A,T2,1x,260.0,S1_CapRR,cross_regime,M_stress,800,True,1,678.2,271.2,0.0,0.6,1.0,std_0.1,7,0.67,0.1,beta,none
City-A,T2,1x,260.0,S2_Platform,routine,M_routine,800,True,1,441.1,435.6,0.0,0.0124,1.0,std_0.1,7,0.67,0.1,beta,none
City-A,T2,1x,260.0,S2_Platform,cross_regime,M_stress,800,True,1,441.1,271.2,0.0,0.3851,1.0,std_0.1,7,0.67,0.1,beta,none
City-A,T2,1x,260.0,S3_Lin4,routine,M_routine,800,True,1,485.6,435.6,0.0,0.1029,1.0,std_0.1,7,0.67,0.1,beta,none
City-A,T2,1x,260.0,S3_Lin4,cross_regime,M_stress,800,True,1,485.6,271.2,0.0,0.4414,1.0,std_0.1,7,0.67,0.1,beta,none
City-A,T2,1x,260.0,S4_GlobalCalib,routine,M_routine,800,True,1,450.0,435.6,0.0,0.032,1.0,std_0.1,7,0.67,0.1,beta,none
City-A,T2,1x,260.0,S4_GlobalCalib,cross_regime,M_stress,800,True,1,450.0,271.2,0.0,0.3973,1.0,std_0.1,7,0.67,0.1,beta,none
City-A,T2,1x,260.0,S5_CityCalib,routine,M_routine,800,True,1,450.2,435.6,0.0,0.0323,1.0,std_0.1,7,0.67,0.1,beta,none
City-A,T2,1x,260.0,S5_CityCalib,cross_regime,M_stress,800,True,1,450.2,271.2,0.0,0.3975,1.0,std_0.1,7,0.67,0.1,beta,none
City-A,T2,1x,260.0,S6_Q10,routine,M_routine,800,True,1,363.4,435.6,0.0,0.0,1.0,std_0.1,7,0.67,0.1,beta,none
City-A,T2,1x,260.0,S6_Q10,cross_regime,M_stress,800,True,1,363.4,271.2,0.0,0.2535,1.0,std_0.1,7,0.67,0.1,beta,none
City-A,T2,2x,520.0,S0a_RoutineOracle,routine,M_routine,800,True,2,905.6,905.6,0.0,0.0,1.0,std_0.1,7,0.67,0.1,beta,none
City-A,T2,2x,520.0,S0a_RoutineOracle,cross_regime,M_stress,800,True,2,905.6,516.1,3.9,0.4301,0.0,std_0.1,7,0.67,0.1,beta,none
City-A,T2,2x,520.0,S0b_StressOracle,routine,M_routine,800,True,2,548.2,799.3,0.0,0.0,1.0,std_0.1,7,0.67,0.1,beta,none
City-A,T2,2x,520.0,S0b_StressOracle,cross_regime,M_stress,800,True,2,548.2,548.2,0.0,0.0,1.0,std_0.1,7,0.67,0.1,beta,none
City-A,T2,2x,520.0,S1_CapRR,routine,M_routine,800,True,1,678.2,435.6,84.4,0.3576,0.0,std_0.1,7,0.67,0.1,beta,none
City-A,T2,2x,520.0,S1_CapRR,cross_regime,M_stress,800,True,1,678.2,271.2,248.8,0.6,0.0,std_0.1,7,0.67,0.1,beta,none
City-A,T2,2x,520.0,S2_Platform,routine,M_routine,800,True,2,849.9,876.1,0.0,0.0,1.0,std_0.1,7,0.67,0.1,beta,none
City-A,T2,2x,520.0,S2_Platform,cross_regime,M_stress,800,True,2,849.9,527.8,0.0,0.379,1.0,std_0.1,7,0.67,0.1,beta,none
City-A,T2,2x,520.0,S3_Lin4,routine,M_routine,800,True,2,867.5,825.9,0.0,0.048,1.0,std_0.1,7,0.67,0.1,beta,none
City-A,T2,2x,520.0,S3_Lin4,cross_regime,M_stress,800,True,2,867.5,500.7,19.3,0.4229,0.0,std_0.1,7,0.67,0.1,beta,none
City-A,T2,2x,520.0,S4_GlobalCalib,routine,M_routine,800,True,2,858.3,876.1,0.0,0.0,1.0,std_0.1,7,0.67,0.1,beta,none
City-A,T2,2x,520.0,S4_GlobalCalib,cross_regime,M_stress,800,True,2,858.3,527.8,0.0,0.3851,1.0,std_0.1,7,0.67,0.1,beta,none
City-A,T2,2x,520.0,S5_CityCalib,routine,M_routine,800,True,2,858.7,876.1,0.0,0.0,1.0,std_0.1,7,0.67,0.1,beta,none
City-A,T2,2x,520.0,S5_CityCalib,cross_regime,M_stress,800,True,2,858.7,527.8,0.0,0.3854,1.0,std_0.1,7,0.67,0.1,beta,none
City-A,T2,2x,520.0,S6_Q10,routine,M_routine,800,True,2,693.0,876.1,0.0,0.0,1.0,std_0.1,7,0.67,0.1,beta,none
City-A,T2,2x,520.0,S6_Q10,cross_regime,M_stress,800,True,2,693.0,527.8,0.0,0.2383,1.0,std_0.1,7,0.67,0.1,beta,none
City-A,T2,5x,1300.0,S0a_RoutineOracle,routine,M_routine,800,True,3,1341.2,1341.2,0.0,0.0,1.0,std_0.1,7,0.67,0.1,beta,none
City-A,T2,5x,1300.0,S0a_RoutineOracle,cross_regime,M_stress,800,True,3,1341.2,787.4,512.6,0.413,0.0,std_0.1,7,0.67,0.1,beta,none
City-A,T2,5x,1300.0,S0b_StressOracle,routine,M_routine,800,True,6,1528.7,2389.2,0.0,0.0,1.0,std_0.1,7,0.67,0.1,beta,none
City-A,T2,5x,1300.0,S0b_StressOracle,cross_regime,M_stress,800,True,6,1528.7,1528.7,0.0,0.0,1.0,std_0.1,7,0.67,0.1,beta,none
City-A,T2,5x,1300.0,S1_CapRR,routine,M_routine,800,True,3,1889.7,1266.3,33.7,0.3299,0.0,std_0.1,7,0.67,0.1,beta,none
City-A,T2,5x,1300.0,S1_CapRR,cross_regime,M_stress,800,True,3,1889.7,757.2,542.8,0.5993,0.0,std_0.1,7,0.67,0.1,beta,none
City-A,T2,5x,1300.0,S2_Platform,routine,M_routine,800,True,4,1596.5,1530.1,0.0,0.0416,1.0,std_0.1,7,0.67,0.1,beta,none
City-A,T2,5x,1300.0,S2_Platform,cross_regime,M_stress,800,True,4,1596.5,1017.7,282.3,0.3625,0.0,std_0.1,7,0.67,0.1,beta,none
City-A,T2,5x,1300.0,S3_Lin4,routine,M_routine,800,True,4,1601.2,1654.8,0.0,0.0,1.0,std_0.1,7,0.67,0.1,beta,none
City-A,T2,5x,1300.0,S3_Lin4,cross_regime,M_stress,800,True,4,1601.2,986.1,313.9,0.3841,0.0,std_0.1,7,0.67,0.1,beta,none
City-A,T2,5x,1300.0,S4_GlobalCalib,routine,M_routine,800,True,4,1640.8,1731.5,0.0,0.0,1.0,std_0.1,7,0.67,0.1,beta,none
City-A,T2,5x,1300.0,S4_GlobalCalib,cross_regime,M_stress,800,True,4,1640.8,1016.8,283.2,0.3803,0.0,std_0.1,7,0.67,0.1,beta,none
City-A,T2,5x,1300.0,S5_CityCalib,routine,M_routine,800,True,4,1641.7,1731.5,0.0,0.0,1.0,std_0.1,7,0.67,0.1,beta,none
City-A,T2,5x,1300.0,S5_CityCalib,cross_regime,M_stress,800,True,4,1641.7,1016.8,283.2,0.3807,0.0,std_0.1,7,0.67,0.1,beta,none
City-A,T2,5x,1300.0,S6_Q10,routine,M_routine,800,True,4,1324.5,1731.5,0.0,0.0,1.0,std_0.1,7,0.67,0.1,beta,none
City-A,T2,5x,1300.0,S6_Q10,cross_regime,M_stress,800,True,4,1324.5,1016.8,283.2,0.2323,0.0,std_0.1,7,0.67,0.1,beta,none
City-A,T2,10x,2600.0,S0a_RoutineOracle,routine,M_routine,800,True,7,2909.7,2909.7,0.0,0.0,1.0,std_0.1,7,0.67,0.1,beta,none
City-A,T2,10x,2600.0,S0a_RoutineOracle,cross_regime,M_stress,800,True,7,2909.7,1661.3,938.7,0.429,0.0,std_0.1,7,0.67,0.1,beta,none
City-A,T2,10x,2600.0,S0b_StressOracle,routine,M_routine,800,True,11,2634.9,4096.3,0.0,0.0,1.0,std_0.1,7,0.67,0.1,beta,none
City-A,T2,10x,2600.0,S0b_StressOracle,cross_regime,M_stress,800,True,11,2634.9,2634.9,0.0,0.0,1.0,std_0.1,7,0.67,0.1,beta,none
City-A,T2,10x,2600.0,S1_CapRR,routine,M_routine,800,True,5,3037.3,2095.2,504.8,0.3102,0.0,std_0.1,7,0.67,0.1,beta,none
City-A,T2,10x,2600.0,S1_CapRR,cross_regime,M_stress,800,True,5,3037.3,1293.7,1306.3,0.5741,0.0,std_0.1,7,0.67,0.1,beta,none
City-A,T2,10x,2600.0,S2_Platform,routine,M_routine,800,True,7,2630.1,2539.4,60.6,0.0345,0.0,std_0.1,7,0.67,0.1,beta,none
City-A,T2,10x,2600.0,S2_Platform,cross_regime,M_stress,800,True,7,2630.1,1660.0,940.0,0.3688,0.0,std_0.1,7,0.67,0.1,beta,none
City-A,T2,10x,2600.0,S3_Lin4,routine,M_routine,800,True,7,2648.2,2734.9,0.0,0.0,1.0,std_0.1,7,0.67,0.1,beta,none
City-A,T2,10x,2600.0,S3_Lin4,cross_regime,M_stress,800,True,7,2648.2,1705.7,894.3,0.3559,0.0,std_0.1,7,0.67,0.1,beta,none
City-A,T2,10x,2600.0,S4_GlobalCalib,routine,M_routine,800,True,7,2713.9,2774.0,0.0,0.0,1.0,std_0.1,7,0.67,0.1,beta,none
City-A,T2,10x,2600.0,S4_GlobalCalib,cross_regime,M_stress,800,True,7,2713.9,1735.6,864.4,0.3605,0.0,std_0.1,7,0.67,0.1,beta,none
City-A,T2,10x,2600.0,S5_CityCalib,routine,M_routine,800,True,7,2715.6,2774.0,0.0,0.0,1.0,std_0.1,7,0.67,0.1,beta,none
City-A,T2,10x,2600.0,S5_CityCalib,cross_regime,M_stress,800,True,7,2715.6,1735.6,864.4,0.3609,0.0,std_0.1,7,0.67,0.1,beta,none
City-A,T2,10x,2600.0,S6_Q10,routine,M_routine,800,True,9,2739.9,3532.3,0.0,0.0,1.0,std_0.1,7,0.67,0.1,beta,none
City-A,T2,10x,2600.0,S6_Q10,cross_regime,M_stress,800,True,9,2739.9,2181.2,418.8,0.2039,0.0,std_0.1,7,0.67,0.1,beta,none
City-A,T3,1x,200.0,S0a_RoutineOracle,routine,M_routine,800,True,1,388.2,388.2,0.0,0.0,1.0,std_0.1,7,0.67,0.1,beta,none
City-A,T3,1x,200.0,S0a_RoutineOracle,cross_regime,M_stress,800,True,1,388.2,179.0,21.0,0.5388,0.0,std_0.1,7,0.67,0.1,beta,none
City-A,T3,1x,200.0,S0b_StressOracle,routine,M_routine,800,True,1,265.4,307.9,0.0,0.0,1.0,std_0.1,7,0.67,0.1,beta,none
City-A,T3,1x,200.0,S0b_StressOracle,cross_regime,M_stress,800,True,1,265.4,265.4,0.0,0.0,1.0,std_0.1,7,0.67,0.1,beta,none
City-A,T3,1x,200.0,S1_CapRR,routine,M_routine,800,True,1,596.8,307.9,0.0,0.4841,1.0,std_0.1,7,0.67,0.1,beta,none
City-A,T3,1x,200.0,S1_CapRR,cross_regime,M_stress,800,True,1,596.8,265.4,0.0,0.5554,1.0,std_0.1,7,0.67,0.1,beta,none
City-A,T3,1x,200.0,S2_Platform,routine,M_routine,800,True,1,470.7,307.9,0.0,0.3459,1.0,std_0.1,7,0.67,0.1,beta,none
City-A,T3,1x,200.0,S2_Platform,cross_regime,M_stress,800,True,1,470.7,265.4,0.0,0.4362,1.0,std_0.1,7,0.67,0.1,beta,none
City-A,T3,1x,200.0,S3_Lin4,routine,M_routine,800,True,1,484.0,307.9,0.0,0.3639,1.0,std_0.1,7,0.67,0.1,beta,none
City-A,T3,1x,200.0,S3_Lin4,cross_regime,M_stress,800,True,1,484.0,265.4,0.0,0.4518,1.0,std_0.1,7,0.67,0.1,beta,none
City-A,T3,1x,200.0,S4_GlobalCalib,routine,M_routine,800,True,1,395.9,307.9,0.0,0.2223,1.0,std_0.1,7,0.67,0.1,beta,none
City-A,T3,1x,200.0,S4_GlobalCalib,cross_regime,M_stress,800,True,1,395.9,265.4,0.0,0.3297,1.0,std_0.1,7,0.67,0.1,beta,none
City-A,T3,1x,200.0,S5_CityCalib,routine,M_routine,800,True,1,395.3,307.9,0.0,0.2211,1.0,std_0.1,7,0.67,0.1,beta,none
City-A,T3,1x,200.0,S5_CityCalib,cross_regime,M_stress,800,True,1,395.3,265.4,0.0,0.3287,1.0,std_0.1,7,0.67,0.1,beta,none
City-A,T3,1x,200.0,S6_Q10,routine,M_routine,800,True,1,318.7,307.9,0.0,0.0339,1.0,std_0.1,7,0.67,0.1,beta,none
City-A,T3,1x,200.0,S6_Q10,cross_regime,M_stress,800,True,1,318.7,265.4,0.0,0.1673,1.0,std_0.1,7,0.67,0.1,beta,none
City-A,T3,2x,400.0,S0a_RoutineOracle,routine,M_routine,800,True,2,760.6,760.6,0.0,0.0,1.0,std_0.1,7,0.67,0.1,beta,none
City-A,T3,2x,400.0,S0a_RoutineOracle,cross_regime,M_stress,800,True,2,760.6,405.6,0.0,0.4667,1.0,std_0.1,7,0.67,0.1,beta,none
City-A,T3,2x,400.0,S0b_StressOracle,routine,M_routine,800,True,2,496.7,530.5,0.0,0.0,1.0,std_0.1,7,0.67,0.1,beta,none
City-A,T3,2x,400.0,S0b_StressOracle,cross_regime,M_stress,800,True,2,496.7,496.7,0.0,0.0,1.0,std_0.1,7,0.67,0.1,beta,none
City-A,T3,2x,400.0,S1_CapRR,routine,M_routine,800,True,1,596.8,307.9,92.1,0.4841,0.0,std_0.1,7,0.67,0.1,beta,none
City-A,T3,2x,400.0,S1_CapRR,cross_regime,M_stress,800,True,1,596.8,265.4,134.6,0.5554,0.0,std_0.1,7,0.67,0.1,beta,none
City-A,T3,2x,400.0,S2_Platform,routine,M_routine,800,True,1,470.7,307.9,92.1,0.3459,0.0,std_0.1,7,0.67,0.1,beta,none
City-A,T3,2x,400.0,S2_Platform,cross_regime,M_stress,800,True,1,470.7,265.4,134.6,0.4362,0.0,std_0.1,7,0.67,0.1,beta,none
City-A,T3,2x,400.0,S3_Lin4,routine,M_routine,800,True,1,484.0,307.9,92.1,0.3639,0.0,std_0.1,7,0.67,0.1,beta,none
City-A,T3,2x,400.0,S3_Lin4,cross_regime,M_stress,800,True,1,484.0,265.4,134.6,0.4518,0.0,std_0.1,7,0.67,0.1,beta,none
City-A,T3,2x,400.0,S4_GlobalCalib,routine,M_routine,800,True,2,755.1,659.4,0.0,0.1267,1.0,std_0.1,7,0.67,0.1,beta,none
City-A,T3,2x,400.0,S4_GlobalCalib,cross_regime,M_stress,800,True,2,755.1,422.1,0.0,0.441,1.0,std_0.1,7,0.67,0.1,beta,none
City-A,T3,2x,400.0,S5_CityCalib,routine,M_routine,800,True,2,754.0,659.4,0.0,0.1254,1.0,std_0.1,7,0.67,0.1,beta,none
City-A,T3,2x,400.0,S5_CityCalib,cross_regime,M_stress,800,True,2,754.0,422.1,0.0,0.4402,1.0,std_0.1,7,0.67,0.1,beta,none
City-A,T3,2x,400.0,S6_Q10,routine,M_routine,800,True,2,607.7,659.4,0.0,0.0,1.0,std_0.1,7,0.67,0.1,beta,none
City-A,T3,2x,400.0,S6_Q10,cross_regime,M_stress,800,True,2,607.7,422.1,0.0,0.3054,1.0,std_0.1,7,0.67,0.1,beta,none
City-A,T3,5x,1000.0,S0a_RoutineOracle,routine,M_routine,800,True,3,1113.8,1113.8,0.0,0.0,1.0,std_0.1,7,0.67,0.1,beta,none
City-A,T3,5x,1000.0,S0a_RoutineOracle,cross_regime,M_stress,800,True,3,1113.8,579.6,420.4,0.4797,0.0,std_0.1,7,0.67,0.1,beta,none
City-A,T3,5x,1000.0,S0b_StressOracle,routine,M_routine,800,True,5,1177.5,1516.8,0.0,0.0,1.0,std_0.1,7,0.67,0.1,beta,none
City-A,T3,5x,1000.0,S0b_StressOracle,cross_regime,M_stress,800,True,5,1177.5,1177.5,0.0,0.0,1.0,std_0.1,7,0.67,0.1,beta,none
City-A,T3,5x,1000.0,S1_CapRR,routine,M_routine,800,True,2,1138.1,659.4,340.6,0.4206,0.0,std_0.1,7,0.67,0.1,beta,none
City-A,T3,5x,1000.0,S1_CapRR,cross_regime,M_stress,800,True,2,1138.1,422.1,577.9,0.6291,0.0,std_0.1,7,0.67,0.1,beta,none
City-A,T3,5x,1000.0,S2_Platform,routine,M_routine,800,True,3,1264.8,1049.3,0.0,0.1704,1.0,std_0.1,7,0.67,0.1,beta,none
City-A,T3,5x,1000.0,S2_Platform,cross_regime,M_stress,800,True,3,1264.8,618.3,381.7,0.5111,0.0,std_0.1,7,0.67,0.1,beta,none
City-A,T3,5x,1000.0,S3_Lin4,routine,M_routine,800,True,3,1229.7,944.3,55.7,0.2321,0.0,std_0.1,7,0.67,0.1,beta,none
City-A,T3,5x,1000.0,S3_Lin4,cross_regime,M_stress,800,True,3,1229.7,626.6,373.4,0.4904,0.0,std_0.1,7,0.67,0.1,beta,none
City-A,T3,5x,1000.0,S4_GlobalCalib,routine,M_routine,800,True,3,1103.3,1012.6,0.0,0.0822,1.0,std_0.1,7,0.67,0.1,beta,none
City-A,T3,5x,1000.0,S4_GlobalCalib,cross_regime,M_stress,800,True,3,1103.3,596.1,403.9,0.4598,0.0,std_0.1,7,0.67,0.1,beta,none
City-A,T3,5x,1000.0,S5_CityCalib,routine,M_routine,800,True,3,1101.8,1012.6,0.0,0.0809,1.0,std_0.1,7,0.67,0.1,beta,none
City-A,T3,5x,1000.0,S5_CityCalib,cross_regime,M_stress,800,True,3,1101.8,596.1,403.9,0.459,0.0,std_0.1,7,0.67,0.1,beta,none
City-A,T3,5x,1000.0,S6_Q10,routine,M_routine,800,True,4,1161.6,1286.6,0.0,0.0,1.0,std_0.1,7,0.67,0.1,beta,none
City-A,T3,5x,1000.0,S6_Q10,cross_regime,M_stress,800,True,4,1161.6,778.7,221.3,0.3296,0.0,std_0.1,7,0.67,0.1,beta,none
City-A,T3,10x,2000.0,S0a_RoutineOracle,routine,M_routine,800,True,6,2124.2,2124.2,0.0,0.0,1.0,std_0.1,7,0.67,0.1,beta,none
City-A,T3,10x,2000.0,S0a_RoutineOracle,cross_regime,M_stress,800,True,6,2124.2,1174.9,825.1,0.4469,0.0,std_0.1,7,0.67,0.1,beta,none
City-A,T3,10x,2000.0,S0b_StressOracle,routine,M_routine,800,True,10,2163.1,2854.3,0.0,0.0,1.0,std_0.1,7,0.67,0.1,beta,none
City-A,T3,10x,2000.0,S0b_StressOracle,cross_regime,M_stress,800,True,10,2163.1,2163.1,0.0,0.0,1.0,std_0.1,7,0.67,0.1,beta,none
City-A,T3,10x,2000.0,S1_CapRR,routine,M_routine,800,True,4,2175.3,1286.6,713.4,0.4086,0.0,std_0.1,7,0.67,0.1,beta,none
City-A,T3,10x,2000.0,S1_CapRR,cross_regime,M_stress,800,True,4,2175.3,778.7,1221.3,0.642,0.0,std_0.1,7,0.67,0.1,beta,none
City-A,T3,10x,2000.0,S2_Platform,routine,M_routine,800,True,6,2357.9,1954.1,45.9,0.1712,0.0,std_0.1,7,0.67,0.1,beta,none
City-A,T3,10x,2000.0,S2_Platform,cross_regime,M_stress,800,True,6,2357.9,1115.7,884.3,0.5268,0.0,std_0.1,7,0.67,0.1,beta,none
City-A,T3,10x,2000.0,S3_Lin4,routine,M_routine,800,True,6,2262.8,1957.9,42.1,0.1347,0.0,std_0.1,7,0.67,0.1,beta,none
City-A,T3,10x,2000.0,S3_Lin4,cross_regime,M_stress,800,True,6,2262.8,1145.1,854.9,0.494,0.0,std_0.1,7,0.67,0.1,beta,none
City-A,T3,10x,2000.0,S4_GlobalCalib,routine,M_routine,800,True,6,2082.8,1957.9,42.1,0.0599,0.0,std_0.1,7,0.67,0.1,beta,none
City-A,T3,10x,2000.0,S4_GlobalCalib,cross_regime,M_stress,800,True,6,2082.8,1145.1,854.9,0.4502,0.0,std_0.1,7,0.67,0.1,beta,none
City-A,T3,10x,2000.0,S5_CityCalib,routine,M_routine,800,True,6,2080.1,1957.9,42.1,0.0587,0.0,std_0.1,7,0.67,0.1,beta,none
City-A,T3,10x,2000.0,S5_CityCalib,cross_regime,M_stress,800,True,6,2080.1,1145.1,854.9,0.4495,0.0,std_0.1,7,0.67,0.1,beta,none
City-A,T3,10x,2000.0,S6_Q10,routine,M_routine,800,True,8,2162.5,2661.8,0.0,0.0,1.0,std_0.1,7,0.67,0.1,beta,none
City-A,T3,10x,2000.0,S6_Q10,cross_regime,M_stress,800,True,8,2162.5,1600.4,399.6,0.2599,0.0,std_0.1,7,0.67,0.1,beta,none
City-A,T4,1x,140.0,S0a_RoutineOracle,routine,M_routine,800,True,1,457.0,457.0,0.0,0.0,1.0,std_0.1,7,0.67,0.1,beta,none
City-A,T4,1x,140.0,S0a_RoutineOracle,cross_regime,M_stress,800,True,1,457.0,236.7,0.0,0.4821,1.0,std_0.1,7,0.67,0.1,beta,none
City-A,T4,1x,140.0,S0b_StressOracle,routine,M_routine,800,True,1,277.8,297.5,0.0,0.0,1.0,std_0.1,7,0.67,0.1,beta,none
City-A,T4,1x,140.0,S0b_StressOracle,cross_regime,M_stress,800,True,1,277.8,277.8,0.0,0.0,1.0,std_0.1,7,0.67,0.1,beta,none
City-A,T4,1x,140.0,S1_CapRR,routine,M_routine,800,True,1,678.2,378.3,0.0,0.4422,1.0,std_0.1,7,0.67,0.1,beta,none
City-A,T4,1x,140.0,S1_CapRR,cross_regime,M_stress,800,True,1,678.2,216.3,0.0,0.6811,1.0,std_0.1,7,0.67,0.1,beta,none
City-A,T4,1x,140.0,S2_Platform,routine,M_routine,800,True,1,299.2,387.2,0.0,0.0,1.0,std_0.1,7,0.67,0.1,beta,none
City-A,T4,1x,140.0,S2_Platform,cross_regime,M_stress,800,True,1,299.2,275.9,0.0,0.078,1.0,std_0.1,7,0.67,0.1,beta,none
City-A,T4,1x,140.0,S3_Lin4,routine,M_routine,800,True,1,488.0,378.3,0.0,0.2248,1.0,std_0.1,7,0.67,0.1,beta,none
City-A,T4,1x,140.0,S3_Lin4,cross_regime,M_stress,800,True,1,488.0,216.3,0.0,0.5567,1.0,std_0.1,7,0.67,0.1,beta,none
City-A,T4,1x,140.0,S4_GlobalCalib,routine,M_routine,800,True,1,450.9,378.3,0.0,0.1611,1.0,std_0.1,7,0.67,0.1,beta,none
City-A,T4,1x,140.0,S4_GlobalCalib,cross_regime,M_stress,800,True,1,450.9,216.3,0.0,0.5203,1.0,std_0.1,7,0.67,0.1,beta,none
City-A,T4,1x,140.0,S5_CityCalib,routine,M_routine,800,True,1,449.9,378.3,0.0,0.1592,1.0,std_0.1,7,0.67,0.1,beta,none
City-A,T4,1x,140.0,S5_CityCalib,cross_regime,M_stress,800,True,1,449.9,216.3,0.0,0.5193,1.0,std_0.1,7,0.67,0.1,beta,none
City-A,T4,1x,140.0,S6_Q10,routine,M_routine,800,True,1,362.7,378.3,0.0,0.0,1.0,std_0.1,7,0.67,0.1,beta,none
City-A,T4,1x,140.0,S6_Q10,cross_regime,M_stress,800,True,1,362.7,216.3,0.0,0.4037,1.0,std_0.1,7,0.67,0.1,beta,none
City-A,T4,2x,280.0,S0a_RoutineOracle,routine,M_routine,800,True,1,457.0,457.0,0.0,0.0,1.0,std_0.1,7,0.67,0.1,beta,none
City-A,T4,2x,280.0,S0a_RoutineOracle,cross_regime,M_stress,800,True,1,457.0,236.7,43.3,0.4821,0.0,std_0.1,7,0.67,0.1,beta,none
City-A,T4,2x,280.0,S0b_StressOracle,routine,M_routine,800,True,2,553.6,684.7,0.0,0.0,1.0,std_0.1,7,0.67,0.1,beta,none
City-A,T4,2x,280.0,S0b_StressOracle,cross_regime,M_stress,800,True,2,553.6,553.6,0.0,0.0,1.0,std_0.1,7,0.67,0.1,beta,none
City-A,T4,2x,280.0,S1_CapRR,routine,M_routine,800,True,1,678.2,378.3,0.0,0.4422,1.0,std_0.1,7,0.67,0.1,beta,none
City-A,T4,2x,280.0,S1_CapRR,cross_regime,M_stress,800,True,1,678.2,216.3,63.7,0.6811,0.0,std_0.1,7,0.67,0.1,beta,none
City-A,T4,2x,280.0,S2_Platform,routine,M_routine,800,True,1,299.2,387.2,0.0,0.0,1.0,std_0.1,7,0.67,0.1,beta,none
City-A,T4,2x,280.0,S2_Platform,cross_regime,M_stress,800,True,1,299.2,275.9,4.1,0.078,0.0,std_0.1,7,0.67,0.1,beta,none
City-A,T4,2x,280.0,S3_Lin4,routine,M_routine,800,True,1,488.0,378.3,0.0,0.2248,1.0,std_0.1,7,0.67,0.1,beta,none
City-A,T4,2x,280.0,S3_Lin4,cross_regime,M_stress,800,True,1,488.0,216.3,63.7,0.5567,0.0,std_0.1,7,0.67,0.1,beta,none
City-A,T4,2x,280.0,S4_GlobalCalib,routine,M_routine,800,True,1,450.9,378.3,0.0,0.1611,1.0,std_0.1,7,0.67,0.1,beta,none
City-A,T4,2x,280.0,S4_GlobalCalib,cross_regime,M_stress,800,True,1,450.9,216.3,63.7,0.5203,0.0,std_0.1,7,0.67,0.1,beta,none
City-A,T4,2x,280.0,S5_CityCalib,routine,M_routine,800,True,1,449.9,378.3,0.0,0.1592,1.0,std_0.1,7,0.67,0.1,beta,none
City-A,T4,2x,280.0,S5_CityCalib,cross_regime,M_stress,800,True,1,449.9,216.3,63.7,0.5193,0.0,std_0.1,7,0.67,0.1,beta,none
City-A,T4,2x,280.0,S6_Q10,routine,M_routine,800,True,1,362.7,378.3,0.0,0.0,1.0,std_0.1,7,0.67,0.1,beta,none
City-A,T4,2x,280.0,S6_Q10,cross_regime,M_stress,800,True,1,362.7,216.3,63.7,0.4037,0.0,std_0.1,7,0.67,0.1,beta,none
City-A,T4,5x,700.0,S0a_RoutineOracle,routine,M_routine,800,True,2,844.2,844.2,0.0,0.0,1.0,std_0.1,7,0.67,0.1,beta,none
City-A,T4,5x,700.0,S0a_RoutineOracle,cross_regime,M_stress,800,True,2,844.2,512.6,187.4,0.3928,0.0,std_0.1,7,0.67,0.1,beta,none
City-A,T4,5x,700.0,S0b_StressOracle,routine,M_routine,800,True,3,818.3,1031.6,0.0,0.0,1.0,std_0.1,7,0.67,0.1,beta,none
City-A,T4,5x,700.0,S0b_StressOracle,cross_regime,M_stress,800,True,3,818.3,818.3,0.0,0.0,1.0,std_0.1,7,0.67,0.1,beta,none
City-A,T4,5x,700.0,S1_CapRR,routine,M_routine,800,True,2,1293.4,765.5,0.0,0.4082,1.0,std_0.1,7,0.67,0.1,beta,none
City-A,T4,5x,700.0,S1_CapRR,cross_regime,M_stress,800,True,2,1293.4,492.2,207.8,0.6195,0.0,std_0.1,7,0.67,0.1,beta,none
City-A,T4,5x,700.0,S2_Platform,routine,M_routine,800,True,3,870.0,968.5,0.0,0.0,1.0,std_0.1,7,0.67,0.1,beta,none
City-A,T4,5x,700.0,S2_Platform,cross_regime,M_stress,800,True,3,870.0,759.1,0.0,0.1275,1.0,std_0.1,7,0.67,0.1,beta,none
City-A,T4,5x,700.0,S3_Lin4,routine,M_routine,800,True,2,872.2,835.3,0.0,0.0423,1.0,std_0.1,7,0.67,0.1,beta,none
City-A,T4,5x,700.0,S3_Lin4,cross_regime,M_stress,800,True,2,872.2,453.0,247.0,0.4806,0.0,std_0.1,7,0.67,0.1,beta,none
City-A,T4,5x,700.0,S4_GlobalCalib,routine,M_routine,800,True,2,860.0,765.5,0.0,0.1099,1.0,std_0.1,7,0.67,0.1,beta,none
City-A,T4,5x,700.0,S4_GlobalCalib,cross_regime,M_stress,800,True,2,860.0,492.2,207.8,0.4277,0.0,std_0.1,7,0.67,0.1,beta,none
City-A,T4,5x,700.0,S5_CityCalib,routine,M_routine,800,True,2,858.2,765.5,0.0,0.1081,1.0,std_0.1,7,0.67,0.1,beta,none
City-A,T4,5x,700.0,S5_CityCalib,cross_regime,M_stress,800,True,2,858.2,492.2,207.8,0.4265,0.0,std_0.1,7,0.67,0.1,beta,none
City-A,T4,5x,700.0,S6_Q10,routine,M_routine,800,True,3,1010.7,1222.5,0.0,0.0,1.0,std_0.1,7,0.67,0.1,beta,none
City-A,T4,5x,700.0,S6_Q10,cross_regime,M_stress,800,True,3,1010.7,728.9,0.0,0.2789,1.0,std_0.1,7,0.67,0.1,beta,none
City-A,T4,10x,1400.0,S0a_RoutineOracle,routine,M_routine,800,True,4,1609.5,1609.5,0.0,0.0,1.0,std_0.1,7,0.67,0.1,beta,none
City-A,T4,10x,1400.0,S0a_RoutineOracle,cross_regime,M_stress,800,True,4,1609.5,923.2,476.8,0.4264,0.0,std_0.1,7,0.67,0.1,beta,none
City-A,T4,10x,1400.0,S0b_StressOracle,routine,M_routine,800,True,6,1555.3,2067.8,0.0,0.0,1.0,std_0.1,7,0.67,0.1,beta,none
City-A,T4,10x,1400.0,S0b_StressOracle,cross_regime,M_stress,800,True,6,1555.3,1555.3,0.0,0.0,1.0,std_0.1,7,0.67,0.1,beta,none
City-A,T4,10x,1400.0,S1_CapRR,routine,M_routine,800,True,3,1889.7,1222.5,177.5,0.3531,0.0,std_0.1,7,0.67,0.1,beta,none
City-A,T4,10x,1400.0,S1_CapRR,cross_regime,M_stress,800,True,3,1889.7,728.9,671.1,0.6143,0.0,std_0.1,7,0.67,0.1,beta,none
City-A,T4,10x,1400.0,S2_Platform,routine,M_routine,800,True,5,1424.2,1486.2,0.0,0.0,1.0,std_0.1,7,0.67,0.1,beta,none
City-A,T4,10x,1400.0,S2_Platform,cross_regime,M_stress,800,True,5,1424.2,1183.3,216.7,0.1692,0.0,std_0.1,7,0.67,0.1,beta,none
City-A,T4,10x,1400.0,S3_Lin4,routine,M_routine,800,True,4,1610.9,1609.5,0.0,0.0009,1.0,std_0.1,7,0.67,0.1,beta,none
City-A,T4,10x,1400.0,S3_Lin4,cross_regime,M_stress,800,True,4,1610.9,929.6,470.4,0.4229,0.0,std_0.1,7,0.67,0.1,beta,none
City-A,T4,10x,1400.0,S4_GlobalCalib,routine,M_routine,800,True,4,1643.8,1569.5,0.0,0.0452,1.0,std_0.1,7,0.67,0.1,beta,none
City-A,T4,10x,1400.0,S4_GlobalCalib,cross_regime,M_stress,800,True,4,1643.8,993.5,406.5,0.3956,0.0,std_0.1,7,0.67,0.1,beta,none
City-A,T4,10x,1400.0,S5_CityCalib,routine,M_routine,800,True,4,1640.6,1569.5,0.0,0.0434,1.0,std_0.1,7,0.67,0.1,beta,none
City-A,T4,10x,1400.0,S5_CityCalib,cross_regime,M_stress,800,True,4,1640.6,993.5,406.5,0.3944,0.0,std_0.1,7,0.67,0.1,beta,none
City-A,T4,10x,1400.0,S6_Q10,routine,M_routine,800,True,5,1624.5,1867.0,0.0,0.0,1.0,std_0.1,7,0.67,0.1,beta,none
City-A,T4,10x,1400.0,S6_Q10,cross_regime,M_stress,800,True,5,1624.5,1271.3,128.7,0.2174,0.0,std_0.1,7,0.67,0.1,beta,none
City-A,T5,1x,160.0,S0a_RoutineOracle,routine,M_routine,800,True,1,448.8,448.8,0.0,0.0,1.0,std_0.1,7,0.67,0.1,beta,none
City-A,T5,1x,160.0,S0a_RoutineOracle,cross_regime,M_stress,800,True,1,448.8,213.7,0.0,0.5238,1.0,std_0.1,7,0.67,0.1,beta,none
City-A,T5,1x,160.0,S0b_StressOracle,routine,M_routine,800,True,1,272.2,381.0,0.0,0.0,1.0,std_0.1,7,0.67,0.1,beta,none
City-A,T5,1x,160.0,S0b_StressOracle,cross_regime,M_stress,800,True,1,272.2,272.2,0.0,0.0,1.0,std_0.1,7,0.67,0.1,beta,none
City-A,T5,1x,160.0,S1_CapRR,routine,M_routine,800,True,1,596.8,381.0,0.0,0.3616,1.0,std_0.1,7,0.67,0.1,beta,none
City-A,T5,1x,160.0,S1_CapRR,cross_regime,M_stress,800,True,1,596.8,272.2,0.0,0.5438,1.0,std_0.1,7,0.67,0.1,beta,none
City-A,T5,1x,160.0,S2_Platform,routine,M_routine,800,True,1,485.5,381.0,0.0,0.2153,1.0,std_0.1,7,0.67,0.1,beta,none
City-A,T5,1x,160.0,S2_Platform,cross_regime,M_stress,800,True,1,485.5,272.2,0.0,0.4392,1.0,std_0.1,7,0.67,0.1,beta,none
City-A,T5,1x,160.0,S3_Lin4,routine,M_routine,800,True,1,485.4,381.0,0.0,0.2151,1.0,std_0.1,7,0.67,0.1,beta,none
City-A,T5,1x,160.0,S3_Lin4,cross_regime,M_stress,800,True,1,485.4,272.2,0.0,0.4392,1.0,std_0.1,7,0.67,0.1,beta,none
City-A,T5,1x,160.0,S4_GlobalCalib,routine,M_routine,800,True,1,396.5,381.0,0.0,0.0392,1.0,std_0.1,7,0.67,0.1,beta,none
City-A,T5,1x,160.0,S4_GlobalCalib,cross_regime,M_stress,800,True,1,396.5,272.2,0.0,0.3134,1.0,std_0.1,7,0.67,0.1,beta,none
City-A,T5,1x,160.0,S5_CityCalib,routine,M_routine,800,True,1,393.7,381.0,0.0,0.0322,1.0,std_0.1,7,0.67,0.1,beta,none
City-A,T5,1x,160.0,S5_CityCalib,cross_regime,M_stress,800,True,1,393.7,272.2,0.0,0.3084,1.0,std_0.1,7,0.67,0.1,beta,none
City-A,T5,1x,160.0,S6_Q10,routine,M_routine,800,True,1,318.4,381.0,0.0,0.0,1.0,std_0.1,7,0.67,0.1,beta,none
City-A,T5,1x,160.0,S6_Q10,cross_regime,M_stress,800,True,1,318.4,272.2,0.0,0.1449,1.0,std_0.1,7,0.67,0.1,beta,none
City-A,T5,2x,320.0,S0a_RoutineOracle,routine,M_routine,800,True,1,448.8,448.8,0.0,0.0,1.0,std_0.1,7,0.67,0.1,beta,none
City-A,T5,2x,320.0,S0a_RoutineOracle,cross_regime,M_stress,800,True,1,448.8,213.7,106.3,0.5238,0.0,std_0.1,7,0.67,0.1,beta,none
City-A,T5,2x,320.0,S0b_StressOracle,routine,M_routine,800,True,2,540.9,829.3,0.0,0.0,1.0,std_0.1,7,0.67,0.1,beta,none
City-A,T5,2x,320.0,S0b_StressOracle,cross_regime,M_stress,800,True,2,540.9,540.9,0.0,0.0,1.0,std_0.1,7,0.67,0.1,beta,none
City-A,T5,2x,320.0,S1_CapRR,routine,M_routine,800,True,1,596.8,381.0,0.0,0.3616,1.0,std_0.1,7,0.67,0.1,beta,none
City-A,T5,2x,320.0,S1_CapRR,cross_regime,M_stress,800,True,1,596.8,272.2,47.8,0.5438,0.0,std_0.1,7,0.67,0.1,beta,none
City-A,T5,2x,320.0,S2_Platform,routine,M_routine,800,True,1,485.5,381.0,0.0,0.2153,1.0,std_0.1,7,0.67,0.1,beta,none
City-A,T5,2x,320.0,S2_Platform,cross_regime,M_stress,800,True,1,485.5,272.2,47.8,0.4392,0.0,std_0.1,7,0.67,0.1,beta,none
City-A,T5,2x,320.0,S3_Lin4,routine,M_routine,800,True,1,485.4,381.0,0.0,0.2151,1.0,std_0.1,7,0.67,0.1,beta,none
City-A,T5,2x,320.0,S3_Lin4,cross_regime,M_stress,800,True,1,485.4,272.2,47.8,0.4392,0.0,std_0.1,7,0.67,0.1,beta,none
City-A,T5,2x,320.0,S4_GlobalCalib,routine,M_routine,800,True,1,396.5,381.0,0.0,0.0392,1.0,std_0.1,7,0.67,0.1,beta,none
City-A,T5,2x,320.0,S4_GlobalCalib,cross_regime,M_stress,800,True,1,396.5,272.2,47.8,0.3134,0.0,std_0.1,7,0.67,0.1,beta,none
City-A,T5,2x,320.0,S5_CityCalib,routine,M_routine,800,True,1,393.7,381.0,0.0,0.0322,1.0,std_0.1,7,0.67,0.1,beta,none
City-A,T5,2x,320.0,S5_CityCalib,cross_regime,M_stress,800,True,1,393.7,272.2,47.8,0.3084,0.0,std_0.1,7,0.67,0.1,beta,none
City-A,T5,2x,320.0,S6_Q10,routine,M_routine,800,True,2,607.2,829.8,0.0,0.0,1.0,std_0.1,7,0.67,0.1,beta,none
City-A,T5,2x,320.0,S6_Q10,cross_regime,M_stress,800,True,2,607.2,486.0,0.0,0.1996,1.0,std_0.1,7,0.67,0.1,beta,none
City-A,T5,5x,800.0,S0a_RoutineOracle,routine,M_routine,800,True,2,897.1,897.1,0.0,0.0,1.0,std_0.1,7,0.67,0.1,beta,none
City-A,T5,5x,800.0,S0a_RoutineOracle,cross_regime,M_stress,800,True,2,897.1,482.4,317.6,0.4623,0.0,std_0.1,7,0.67,0.1,beta,none
City-A,T5,5x,800.0,S0b_StressOracle,routine,M_routine,800,True,4,977.8,1481.0,0.0,0.0,1.0,std_0.1,7,0.67,0.1,beta,none
City-A,T5,5x,800.0,S0b_StressOracle,cross_regime,M_stress,800,True,4,977.8,977.8,0.0,0.0,1.0,std_0.1,7,0.67,0.1,beta,none
City-A,T5,5x,800.0,S1_CapRR,routine,M_routine,800,True,2,1138.1,829.8,0.0,0.2709,1.0,std_0.1,7,0.67,0.1,beta,none
City-A,T5,5x,800.0,S1_CapRR,cross_regime,M_stress,800,True,2,1138.1,486.0,314.0,0.573,0.0,std_0.1,7,0.67,0.1,beta,none
City-A,T5,5x,800.0,S2_Platform,routine,M_routine,800,True,2,897.6,683.5,116.5,0.2385,0.0,std_0.1,7,0.67,0.1,beta,none
City-A,T5,5x,800.0,S2_Platform,cross_regime,M_stress,800,True,2,897.6,485.1,314.9,0.4595,0.0,std_0.1,7,0.67,0.1,beta,none
City-A,T5,5x,800.0,S3_Lin4,routine,M_routine,800,True,2,860.8,829.3,0.0,0.0366,1.0,std_0.1,7,0.67,0.1,beta,none
City-A,T5,5x,800.0,S3_Lin4,cross_regime,M_stress,800,True,2,860.8,540.9,259.1,0.3716,0.0,std_0.1,7,0.67,0.1,beta,none
City-A,T5,5x,800.0,S4_GlobalCalib,routine,M_routine,800,True,3,1105.1,1278.1,0.0,0.0,1.0,std_0.1,7,0.67,0.1,beta,none
City-A,T5,5x,800.0,S4_GlobalCalib,cross_regime,M_stress,800,True,3,1105.1,754.7,45.3,0.3171,0.0,std_0.1,7,0.67,0.1,beta,none
City-A,T5,5x,800.0,S5_CityCalib,routine,M_routine,800,True,3,1097.5,1278.1,0.0,0.0,1.0,std_0.1,7,0.67,0.1,beta,none
City-A,T5,5x,800.0,S5_CityCalib,cross_regime,M_stress,800,True,3,1097.5,754.7,45.3,0.3124,0.0,std_0.1,7,0.67,0.1,beta,none
City-A,T5,5x,800.0,S6_Q10,routine,M_routine,800,True,3,887.1,1278.1,0.0,0.0,1.0,std_0.1,7,0.67,0.1,beta,none
City-A,T5,5x,800.0,S6_Q10,cross_regime,M_stress,800,True,3,887.1,754.7,45.3,0.1493,0.0,std_0.1,7,0.67,0.1,beta,none
City-A,T5,10x,1600.0,S0a_RoutineOracle,routine,M_routine,800,True,4,1644.9,1644.9,0.0,0.0,1.0,std_0.1,7,0.67,0.1,beta,none
City-A,T5,10x,1600.0,S0a_RoutineOracle,cross_regime,M_stress,800,True,4,1644.9,975.4,624.6,0.407,0.0,std_0.1,7,0.67,0.1,beta,none
City-A,T5,10x,1600.0,S0b_StressOracle,routine,M_routine,800,True,7,1619.8,2543.1,0.0,0.0,1.0,std_0.1,7,0.67,0.1,beta,none
City-A,T5,10x,1600.0,S0b_StressOracle,cross_regime,M_stress,800,True,7,1619.8,1619.8,0.0,0.0,1.0,std_0.1,7,0.67,0.1,beta,none
City-A,T5,10x,1600.0,S1_CapRR,routine,M_routine,800,True,3,1662.9,1278.1,321.9,0.2314,0.0,std_0.1,7,0.67,0.1,beta,none
City-A,T5,10x,1600.0,S1_CapRR,cross_regime,M_stress,800,True,3,1662.9,754.7,845.3,0.5462,0.0,std_0.1,7,0.67,0.1,beta,none
City-A,T5,10x,1600.0,S2_Platform,routine,M_routine,800,True,4,1696.8,1498.6,101.4,0.1168,0.0,std_0.1,7,0.67,0.1,beta,none
City-A,T5,10x,1600.0,S2_Platform,cross_regime,M_stress,800,True,4,1696.8,974.5,625.5,0.4257,0.0,std_0.1,7,0.67,0.1,beta,none
City-A,T5,10x,1600.0,S3_Lin4,routine,M_routine,800,True,5,1924.5,1929.9,0.0,0.0,1.0,std_0.1,7,0.67,0.1,beta,none
City-A,T5,10x,1600.0,S3_Lin4,cross_regime,M_stress,800,True,5,1924.5,1191.6,408.4,0.3808,0.0,std_0.1,7,0.67,0.1,beta,none
City-A,T5,10x,1600.0,S4_GlobalCalib,routine,M_routine,800,True,5,1776.4,1947.5,0.0,0.0,1.0,std_0.1,7,0.67,0.1,beta,none
City-A,T5,10x,1600.0,S4_GlobalCalib,cross_regime,M_stress,800,True,5,1776.4,1188.2,411.8,0.3311,0.0,std_0.1,7,0.67,0.1,beta,none
City-A,T5,10x,1600.0,S5_CityCalib,routine,M_routine,800,True,5,1764.5,1947.5,0.0,0.0,1.0,std_0.1,7,0.67,0.1,beta,none
City-A,T5,10x,1600.0,S5_CityCalib,cross_regime,M_stress,800,True,5,1764.5,1188.2,411.8,0.3266,0.0,std_0.1,7,0.67,0.1,beta,none
City-A,T5,10x,1600.0,S6_Q10,routine,M_routine,800,True,6,1674.4,2232.4,0.0,0.0,1.0,std_0.1,7,0.67,0.1,beta,none
City-A,T5,10x,1600.0,S6_Q10,cross_regime,M_stress,800,True,6,1674.4,1404.4,195.6,0.1612,0.0,std_0.1,7,0.67,0.1,beta,none
City-B,T1,1x,180.0,S0a_RoutineOracle,routine,M_routine,500,True,1,643.9,643.9,0.0,0.0,1.0,std_0.1,7,0.67,0.1,beta,none
City-B,T1,1x,180.0,S0a_RoutineOracle,cross_regime,M_stress,500,True,1,643.9,398.3,0.0,0.3814,1.0,std_0.1,7,0.67,0.1,beta,none
City-B,T1,1x,180.0,S0b_StressOracle,routine,M_routine,500,True,1,398.3,643.9,0.0,0.0,1.0,std_0.1,7,0.67,0.1,beta,none
City-B,T1,1x,180.0,S0b_StressOracle,cross_regime,M_stress,500,True,1,398.3,398.3,0.0,0.0,1.0,std_0.1,7,0.67,0.1,beta,none
City-B,T1,1x,180.0,S1_CapRR,routine,M_routine,500,True,1,846.0,560.8,0.0,0.3372,1.0,std_0.1,7,0.67,0.1,beta,none
City-B,T1,1x,180.0,S1_CapRR,cross_regime,M_stress,500,True,1,846.0,389.4,0.0,0.5397,1.0,std_0.1,7,0.67,0.1,beta,none
City-B,T1,1x,180.0,S2_Platform,routine,M_routine,500,True,1,561.1,568.3,0.0,0.0,1.0,std_0.1,7,0.67,0.1,beta,none
City-B,T1,1x,180.0,S2_Platform,cross_regime,M_stress,500,True,1,561.1,383.6,0.0,0.3163,1.0,std_0.1,7,0.67,0.1,beta,none
City-B,T1,1x,180.0,S3_Lin4,routine,M_routine,500,True,1,465.8,643.9,0.0,0.0,1.0,std_0.1,7,0.67,0.1,beta,none
City-B,T1,1x,180.0,S3_Lin4,cross_regime,M_stress,500,True,1,465.8,398.3,0.0,0.1449,1.0,std_0.1,7,0.67,0.1,beta,none
City-B,T1,1x,180.0,S4_GlobalCalib,routine,M_routine,500,True,1,564.2,560.8,0.0,0.0061,1.0,std_0.1,7,0.67,0.1,beta,none
City-B,T1,1x,180.0,S4_GlobalCalib,cross_regime,M_stress,500,True,1,564.2,389.4,0.0,0.3098,1.0,std_0.1,7,0.67,0.1,beta,none
City-B,T1,1x,180.0,S5_CityCalib,routine,M_routine,500,True,1,562.1,560.8,0.0,0.0023,1.0,std_0.1,7,0.67,0.1,beta,none
City-B,T1,1x,180.0,S5_CityCalib,cross_regime,M_stress,500,True,1,562.1,389.4,0.0,0.3072,1.0,std_0.1,7,0.67,0.1,beta,none
City-B,T1,1x,180.0,S6_Q10,routine,M_routine,500,True,1,454.3,560.8,0.0,0.0,1.0,std_0.1,7,0.67,0.1,beta,none
City-B,T1,1x,180.0,S6_Q10,cross_regime,M_stress,500,True,1,454.3,389.4,0.0,0.1428,1.0,std_0.1,7,0.67,0.1,beta,none
City-B,T1,2x,360.0,S0a_RoutineOracle,routine,M_routine,500,True,1,643.9,643.9,0.0,0.0,1.0,std_0.1,7,0.67,0.1,beta,none
City-B,T1,2x,360.0,S0a_RoutineOracle,cross_regime,M_stress,500,True,1,643.9,398.3,0.0,0.3814,1.0,std_0.1,7,0.67,0.1,beta,none
City-B,T1,2x,360.0,S0b_StressOracle,routine,M_routine,500,True,1,398.3,643.9,0.0,0.0,1.0,std_0.1,7,0.67,0.1,beta,none
City-B,T1,2x,360.0,S0b_StressOracle,cross_regime,M_stress,500,True,1,398.3,398.3,0.0,0.0,1.0,std_0.1,7,0.67,0.1,beta,none
City-B,T1,2x,360.0,S1_CapRR,routine,M_routine,500,True,1,846.0,560.8,0.0,0.3372,1.0,std_0.1,7,0.67,0.1,beta,none
City-B,T1,2x,360.0,S1_CapRR,cross_regime,M_stress,500,True,1,846.0,389.4,0.0,0.5397,1.0,std_0.1,7,0.67,0.1,beta,none
City-B,T1,2x,360.0,S2_Platform,routine,M_routine,500,True,1,561.1,568.3,0.0,0.0,1.0,std_0.1,7,0.67,0.1,beta,none
City-B,T1,2x,360.0,S2_Platform,cross_regime,M_stress,500,True,1,561.1,383.6,0.0,0.3163,1.0,std_0.1,7,0.67,0.1,beta,none
City-B,T1,2x,360.0,S3_Lin4,routine,M_routine,500,True,1,465.8,643.9,0.0,0.0,1.0,std_0.1,7,0.67,0.1,beta,none
City-B,T1,2x,360.0,S3_Lin4,cross_regime,M_stress,500,True,1,465.8,398.3,0.0,0.1449,1.0,std_0.1,7,0.67,0.1,beta,none
City-B,T1,2x,360.0,S4_GlobalCalib,routine,M_routine,500,True,1,564.2,560.8,0.0,0.0061,1.0,std_0.1,7,0.67,0.1,beta,none
City-B,T1,2x,360.0,S4_GlobalCalib,cross_regime,M_stress,500,True,1,564.2,389.4,0.0,0.3098,1.0,std_0.1,7,0.67,0.1,beta,none
City-B,T1,2x,360.0,S5_CityCalib,routine,M_routine,500,True,1,562.1,560.8,0.0,0.0023,1.0,std_0.1,7,0.67,0.1,beta,none
City-B,T1,2x,360.0,S5_CityCalib,cross_regime,M_stress,500,True,1,562.1,389.4,0.0,0.3072,1.0,std_0.1,7,0.67,0.1,beta,none
City-B,T1,2x,360.0,S6_Q10,routine,M_routine,500,True,1,454.3,560.8,0.0,0.0,1.0,std_0.1,7,0.67,0.1,beta,none
City-B,T1,2x,360.0,S6_Q10,cross_regime,M_stress,500,True,1,454.3,389.4,0.0,0.1428,1.0,std_0.1,7,0.67,0.1,beta,none
City-B,T1,5x,900.0,S0a_RoutineOracle,routine,M_routine,500,True,2,1212.2,1212.2,0.0,0.0,1.0,std_0.1,7,0.67,0.1,beta,none
City-B,T1,5x,900.0,S0a_RoutineOracle,cross_regime,M_stress,500,True,2,1212.2,781.9,118.1,0.3549,0.0,std_0.1,7,0.67,0.1,beta,none
City-B,T1,5x,900.0,S0b_StressOracle,routine,M_routine,500,True,3,1171.3,1772.9,0.0,0.0,1.0,std_0.1,7,0.67,0.1,beta,none
City-B,T1,5x,900.0,S0b_StressOracle,cross_regime,M_stress,500,True,3,1171.3,1171.3,0.0,0.0,1.0,std_0.1,7,0.67,0.1,beta,none
City-B,T1,5x,900.0,S1_CapRR,routine,M_routine,500,True,2,1688.0,1127.4,0.0,0.3321,1.0,std_0.1,7,0.67,0.1,beta,none
City-B,T1,5x,900.0,S1_CapRR,cross_regime,M_stress,500,True,2,1688.0,666.2,233.8,0.6053,0.0,std_0.1,7,0.67,0.1,beta,none
City-B,T1,5x,900.0,S2_Platform,routine,M_routine,500,True,2,1112.3,1212.2,0.0,0.0,1.0,std_0.1,7,0.67,0.1,beta,none
City-B,T1,5x,900.0,S2_Platform,cross_regime,M_stress,500,True,2,1112.3,781.9,118.1,0.297,0.0,std_0.1,7,0.67,0.1,beta,none
City-B,T1,5x,900.0,S3_Lin4,routine,M_routine,500,True,2,925.3,1212.2,0.0,0.0,1.0,std_0.1,7,0.67,0.1,beta,none
City-B,T1,5x,900.0,S3_Lin4,cross_regime,M_stress,500,True,2,925.3,781.9,118.1,0.1549,0.0,std_0.1,7,0.67,0.1,beta,none
City-B,T1,5x,900.0,S4_GlobalCalib,routine,M_routine,500,True,2,1125.7,1127.4,0.0,0.0,1.0,std_0.1,7,0.67,0.1,beta,none
City-B,T1,5x,900.0,S4_GlobalCalib,cross_regime,M_stress,500,True,2,1125.7,666.2,233.8,0.4082,0.0,std_0.1,7,0.67,0.1,beta,none
City-B,T1,5x,900.0,S5_CityCalib,routine,M_routine,500,True,2,1121.4,1127.4,0.0,0.0,1.0,std_0.1,7,0.67,0.1,beta,none
City-B,T1,5x,900.0,S5_CityCalib,cross_regime,M_stress,500,True,2,1121.4,666.2,233.8,0.4059,0.0,std_0.1,7,0.67,0.1,beta,none
City-B,T1,5x,900.0,S6_Q10,routine,M_routine,500,True,2,906.4,1127.4,0.0,0.0,1.0,std_0.1,7,0.67,0.1,beta,none
City-B,T1,5x,900.0,S6_Q10,cross_regime,M_stress,500,True,2,906.4,666.2,233.8,0.265,0.0,std_0.1,7,0.67,0.1,beta,none
City-B,T1,10x,1800.0,S0a_RoutineOracle,routine,M_routine,500,True,4,2339.6,2339.6,0.0,0.0,1.0,std_0.1,7,0.67,0.1,beta,none
City-B,T1,10x,1800.0,S0a_RoutineOracle,cross_regime,M_stress,500,True,4,2339.6,1448.1,351.9,0.381,0.0,std_0.1,7,0.67,0.1,beta,none
City-B,T1,10x,1800.0,S0b_StressOracle,routine,M_routine,500,True,5,1856.3,2473.6,0.0,0.0,1.0,std_0.1,7,0.67,0.1,beta,none
City-B,T1,10x,1800.0,S0b_StressOracle,cross_regime,M_stress,500,True,5,1856.3,1856.3,0.0,0.0,1.0,std_0.1,7,0.67,0.1,beta,none
City-B,T1,10x,1800.0,S1_CapRR,routine,M_routine,500,True,3,2504.5,1771.3,28.7,0.2928,0.0,std_0.1,7,0.67,0.1,beta,none
City-B,T1,10x,1800.0,S1_CapRR,cross_regime,M_stress,500,True,3,2504.5,1064.5,735.5,0.575,0.0,std_0.1,7,0.67,0.1,beta,none
City-B,T1,10x,1800.0,S2_Platform,routine,M_routine,500,True,4,2163.2,2339.6,0.0,0.0,1.0,std_0.1,7,0.67,0.1,beta,none
City-B,T1,10x,1800.0,S2_Platform,cross_regime,M_stress,500,True,4,2163.2,1448.1,351.9,0.3305,0.0,std_0.1,7,0.67,0.1,beta,none
City-B,T1,10x,1800.0,S3_Lin4,routine,M_routine,500,True,4,1835.6,2339.6,0.0,0.0,1.0,std_0.1,7,0.67,0.1,beta,none
City-B,T1,10x,1800.0,S3_Lin4,cross_regime,M_stress,500,True,4,1835.6,1448.1,351.9,0.2111,0.0,std_0.1,7,0.67,0.1,beta,none
City-B,T1,10x,1800.0,S4_GlobalCalib,routine,M_routine,500,True,4,2203.0,2339.6,0.0,0.0,1.0,std_0.1,7,0.67,0.1,beta,none
City-B,T1,10x,1800.0,S4_GlobalCalib,cross_regime,M_stress,500,True,4,2203.0,1448.1,351.9,0.3427,0.0,std_0.1,7,0.67,0.1,beta,none
City-B,T1,10x,1800.0,S5_CityCalib,routine,M_routine,500,True,4,2194.7,2339.6,0.0,0.0,1.0,std_0.1,7,0.67,0.1,beta,none
City-B,T1,10x,1800.0,S5_CityCalib,cross_regime,M_stress,500,True,4,2194.7,1448.1,351.9,0.3402,0.0,std_0.1,7,0.67,0.1,beta,none
City-B,T1,10x,1800.0,S6_Q10,routine,M_routine,500,True,5,2149.0,2735.0,0.0,0.0,1.0,std_0.1,7,0.67,0.1,beta,none
City-B,T1,10x,1800.0,S6_Q10,cross_regime,M_stress,500,True,5,2149.0,1770.3,29.7,0.1762,0.0,std_0.1,7,0.67,0.1,beta,none
City-B,T2,1x,260.0,S0a_RoutineOracle,routine,M_routine,500,True,1,661.1,661.1,0.0,0.0,1.0,std_0.1,7,0.67,0.1,beta,none
City-B,T2,1x,260.0,S0a_RoutineOracle,cross_regime,M_stress,500,True,1,661.1,371.6,0.0,0.4378,1.0,std_0.1,7,0.67,0.1,beta,none
City-B,T2,1x,260.0,S0b_StressOracle,routine,M_routine,500,True,1,450.2,619.3,0.0,0.0,1.0,std_0.1,7,0.67,0.1,beta,none
City-B,T2,1x,260.0,S0b_StressOracle,cross_regime,M_stress,500,True,1,450.2,450.2,0.0,0.0,1.0,std_0.1,7,0.67,0.1,beta,none
City-B,T2,1x,260.0,S1_CapRR,routine,M_routine,500,True,1,846.0,661.1,0.0,0.2186,1.0,std_0.1,7,0.67,0.1,beta,none
City-B,T2,1x,260.0,S1_CapRR,cross_regime,M_stress,500,True,1,846.0,371.6,0.0,0.5607,1.0,std_0.1,7,0.67,0.1,beta,none
City-B,T2,1x,260.0,S2_Platform,routine,M_routine,500,True,1,557.0,509.4,0.0,0.0855,1.0,std_0.1,7,0.67,0.1,beta,none
City-B,T2,1x,260.0,S2_Platform,cross_regime,M_stress,500,True,1,557.0,285.0,0.0,0.4884,1.0,std_0.1,7,0.67,0.1,beta,none
City-B,T2,1x,260.0,S3_Lin4,routine,M_routine,500,True,1,463.2,619.3,0.0,0.0,1.0,std_0.1,7,0.67,0.1,beta,none
City-B,T2,1x,260.0,S3_Lin4,cross_regime,M_stress,500,True,1,463.2,450.2,0.0,0.0281,1.0,std_0.1,7,0.67,0.1,beta,none
City-B,T2,1x,260.0,S4_GlobalCalib,routine,M_routine,500,True,1,561.0,661.1,0.0,0.0,1.0,std_0.1,7,0.67,0.1,beta,none
City-B,T2,1x,260.0,S4_GlobalCalib,cross_regime,M_stress,500,True,1,561.0,371.6,0.0,0.3376,1.0,std_0.1,7,0.67,0.1,beta,none
City-B,T2,1x,260.0,S5_CityCalib,routine,M_routine,500,True,1,557.6,661.1,0.0,0.0,1.0,std_0.1,7,0.67,0.1,beta,none
City-B,T2,1x,260.0,S5_CityCalib,cross_regime,M_stress,500,True,1,557.6,371.6,0.0,0.3335,1.0,std_0.1,7,0.67,0.1,beta,none
City-B,T2,1x,260.0,S6_Q10,routine,M_routine,500,True,1,453.3,661.1,0.0,0.0,1.0,std_0.1,7,0.67,0.1,beta,none
City-B,T2,1x,260.0,S6_Q10,cross_regime,M_stress,500,True,1,453.3,371.6,0.0,0.1801,1.0,std_0.1,7,0.67,0.1,beta,none
City-B,T2,2x,520.0,S0a_RoutineOracle,routine,M_routine,500,True,1,661.1,661.1,0.0,0.0,1.0,std_0.1,7,0.67,0.1,beta,none
City-B,T2,2x,520.0,S0a_RoutineOracle,cross_regime,M_stress,500,True,1,661.1,371.6,148.4,0.4378,0.0,std_0.1,7,0.67,0.1,beta,none
City-B,T2,2x,520.0,S0b_StressOracle,routine,M_routine,500,True,2,821.8,1280.4,0.0,0.0,1.0,std_0.1,7,0.67,0.1,beta,none
City-B,T2,2x,520.0,S0b_StressOracle,cross_regime,M_stress,500,True,2,821.8,821.8,0.0,0.0,1.0,std_0.1,7,0.67,0.1,beta,none
City-B,T2,2x,520.0,S1_CapRR,routine,M_routine,500,True,1,846.0,661.1,0.0,0.2186,1.0,std_0.1,7,0.67,0.1,beta,none
City-B,T2,2x,520.0,S1_CapRR,cross_regime,M_stress,500,True,1,846.0,371.6,148.4,0.5607,0.0,std_0.1,7,0.67,0.1,beta,none
City-B,T2,2x,520.0,S2_Platform,routine,M_routine,500,True,1,557.0,509.4,10.6,0.0855,0.0,std_0.1,7,0.67,0.1,beta,none
City-B,T2,2x,520.0,S2_Platform,cross_regime,M_stress,500,True,1,557.0,285.0,235.0,0.4884,0.0,std_0.1,7,0.67,0.1,beta,none
City-B,T2,2x,520.0,S3_Lin4,routine,M_routine,500,True,2,920.2,1128.7,0.0,0.0,1.0,std_0.1,7,0.67,0.1,beta,none
City-B,T2,2x,520.0,S3_Lin4,cross_regime,M_stress,500,True,2,920.2,735.2,0.0,0.2011,1.0,std_0.1,7,0.67,0.1,beta,none
City-B,T2,2x,520.0,S4_GlobalCalib,routine,M_routine,500,True,1,561.0,661.1,0.0,0.0,1.0,std_0.1,7,0.67,0.1,beta,none
City-B,T2,2x,520.0,S4_GlobalCalib,cross_regime,M_stress,500,True,1,561.0,371.6,148.4,0.3376,0.0,std_0.1,7,0.67,0.1,beta,none
City-B,T2,2x,520.0,S5_CityCalib,routine,M_routine,500,True,1,557.6,661.1,0.0,0.0,1.0,std_0.1,7,0.67,0.1,beta,none
City-B,T2,2x,520.0,S5_CityCalib,cross_regime,M_stress,500,True,1,557.6,371.6,148.4,0.3335,0.0,std_0.1,7,0.67,0.1,beta,none
City-B,T2,2x,520.0,S6_Q10,routine,M_routine,500,True,2,904.4,1241.4,0.0,0.0,1.0,std_0.1,7,0.67,0.1,beta,none
City-B,T2,2x,520.0,S6_Q10,cross_regime,M_stress,500,True,2,904.4,662.8,0.0,0.2671,1.0,std_0.1,7,0.67,0.1,beta,none
City-B,T2,5x,1300.0,S0a_RoutineOracle,routine,M_routine,500,True,3,1860.6,1860.6,0.0,0.0,1.0,std_0.1,7,0.67,0.1,beta,none
City-B,T2,5x,1300.0,S0a_RoutineOracle,cross_regime,M_stress,500,True,3,1860.6,1113.0,187.0,0.4018,0.0,std_0.1,7,0.67,0.1,beta,none
City-B,T2,5x,1300.0,S0b_StressOracle,routine,M_routine,500,True,4,1445.2,2126.3,0.0,0.0,1.0,std_0.1,7,0.67,0.1,beta,none
City-B,T2,5x,1300.0,S0b_StressOracle,cross_regime,M_stress,500,True,4,1445.2,1445.2,0.0,0.0,1.0,std_0.1,7,0.67,0.1,beta,none
City-B,T2,5x,1300.0,S1_CapRR,routine,M_routine,500,True,2,1688.0,1241.4,58.6,0.2646,0.0,std_0.1,7,0.67,0.1,beta,none
City-B,T2,5x,1300.0,S1_CapRR,cross_regime,M_stress,500,True,2,1688.0,662.8,637.2,0.6073,0.0,std_0.1,7,0.67,0.1,beta,none
City-B,T2,5x,1300.0,S2_Platform,routine,M_routine,500,True,3,1630.3,1709.0,0.0,0.0,1.0,std_0.1,7,0.67,0.1,beta,none
City-B,T2,5x,1300.0,S2_Platform,cross_regime,M_stress,500,True,3,1630.3,1026.4,273.6,0.3704,0.0,std_0.1,7,0.67,0.1,beta,none
City-B,T2,5x,1300.0,S3_Lin4,routine,M_routine,500,True,3,1373.3,1789.8,0.0,0.0,1.0,std_0.1,7,0.67,0.1,beta,none
City-B,T2,5x,1300.0,S3_Lin4,cross_regime,M_stress,500,True,3,1373.3,1106.8,193.2,0.1941,0.0,std_0.1,7,0.67,0.1,beta,none
City-B,T2,5x,1300.0,S4_GlobalCalib,routine,M_routine,500,True,3,1660.9,1860.6,0.0,0.0,1.0,std_0.1,7,0.67,0.1,beta,none
City-B,T2,5x,1300.0,S4_GlobalCalib,cross_regime,M_stress,500,True,3,1660.9,1113.0,187.0,0.3299,0.0,std_0.1,7,0.67,0.1,beta,none
City-B,T2,5x,1300.0,S5_CityCalib,routine,M_routine,500,True,3,1650.8,1860.6,0.0,0.0,1.0,std_0.1,7,0.67,0.1,beta,none
City-B,T2,5x,1300.0,S5_CityCalib,cross_regime,M_stress,500,True,3,1650.8,1113.0,187.0,0.3258,0.0,std_0.1,7,0.67,0.1,beta,none
City-B,T2,5x,1300.0,S6_Q10,routine,M_routine,500,True,3,1341.9,1860.6,0.0,0.0,1.0,std_0.1,7,0.67,0.1,beta,none
City-B,T2,5x,1300.0,S6_Q10,cross_regime,M_stress,500,True,3,1341.9,1113.0,187.0,0.1706,0.0,std_0.1,7,0.67,0.1,beta,none
City-B,T2,10x,2600.0,S0a_RoutineOracle,routine,M_routine,500,True,5,2854.3,2854.3,0.0,0.0,1.0,std_0.1,7,0.67,0.1,beta,none
City-B,T2,10x,2600.0,S0a_RoutineOracle,cross_regime,M_stress,500,True,5,2854.3,1645.1,954.9,0.4237,0.0,std_0.1,7,0.67,0.1,beta,none
City-B,T2,10x,2600.0,S0b_StressOracle,routine,M_routine,500,True,9,2843.7,4366.5,0.0,0.0,1.0,std_0.1,7,0.67,0.1,beta,none
City-B,T2,10x,2600.0,S0b_StressOracle,cross_regime,M_stress,500,True,9,2843.7,2843.7,0.0,0.0,1.0,std_0.1,7,0.67,0.1,beta,none
City-B,T2,10x,2600.0,S1_CapRR,routine,M_routine,500,True,4,3303.2,2370.0,230.0,0.2825,0.0,std_0.1,7,0.67,0.1,beta,none
City-B,T2,10x,2600.0,S1_CapRR,cross_regime,M_stress,500,True,4,3303.2,1398.0,1202.0,0.5768,0.0,std_0.1,7,0.67,0.1,beta,none
City-B,T2,10x,2600.0,S2_Platform,routine,M_routine,500,True,6,2974.4,3090.3,0.0,0.0,1.0,std_0.1,7,0.67,0.1,beta,none
City-B,T2,10x,2600.0,S2_Platform,cross_regime,M_stress,500,True,6,2974.4,1951.2,648.8,0.344,0.0,std_0.1,7,0.67,0.1,beta,none
City-B,T2,10x,2600.0,S3_Lin4,routine,M_routine,500,True,7,2948.1,3464.1,0.0,0.0,1.0,std_0.1,7,0.67,0.1,beta,none
City-B,T2,10x,2600.0,S3_Lin4,cross_regime,M_stress,500,True,7,2948.1,2266.4,333.6,0.2312,0.0,std_0.1,7,0.67,0.1,beta,none
City-B,T2,10x,2600.0,S4_GlobalCalib,routine,M_routine,500,True,5,2654.4,2842.1,0.0,0.0,1.0,std_0.1,7,0.67,0.1,beta,none
City-B,T2,10x,2600.0,S4_GlobalCalib,cross_regime,M_stress,500,True,5,2654.4,1706.2,893.8,0.3572,0.0,std_0.1,7,0.67,0.1,beta,none
City-B,T2,10x,2600.0,S5_CityCalib,routine,M_routine,500,True,5,2638.2,2842.1,0.0,0.0,1.0,std_0.1,7,0.67,0.1,beta,none
City-B,T2,10x,2600.0,S5_CityCalib,cross_regime,M_stress,500,True,5,2638.2,1706.2,893.8,0.3533,0.0,std_0.1,7,0.67,0.1,beta,none
City-B,T2,10x,2600.0,S6_Q10,routine,M_routine,500,True,7,2819.6,3464.1,0.0,0.0,1.0,std_0.1,7,0.67,0.1,beta,none
City-B,T2,10x,2600.0,S6_Q10,cross_regime,M_stress,500,True,7,2819.6,2266.4,333.6,0.1962,0.0,std_0.1,7,0.67,0.1,beta,none
City-B,T3,1x,200.0,S0a_RoutineOracle,routine,M_routine,500,True,1,618.6,618.6,0.0,0.0,1.0,std_0.1,7,0.67,0.1,beta,none
City-B,T3,1x,200.0,S0a_RoutineOracle,cross_regime,M_stress,500,True,1,618.6,316.3,0.0,0.4887,1.0,std_0.1,7,0.67,0.1,beta,none
City-B,T3,1x,200.0,S0b_StressOracle,routine,M_routine,500,True,1,338.7,532.3,0.0,0.0,1.0,std_0.1,7,0.67,0.1,beta,none
City-B,T3,1x,200.0,S0b_StressOracle,cross_regime,M_stress,500,True,1,338.7,338.7,0.0,0.0,1.0,std_0.1,7,0.67,0.1,beta,none
City-B,T3,1x,200.0,S1_CapRR,routine,M_routine,500,True,1,744.5,532.3,0.0,0.285,1.0,std_0.1,7,0.67,0.1,beta,none
City-B,T3,1x,200.0,S1_CapRR,cross_regime,M_stress,500,True,1,744.5,338.7,0.0,0.545,1.0,std_0.1,7,0.67,0.1,beta,none
City-B,T3,1x,200.0,S2_Platform,routine,M_routine,500,True,1,543.2,478.1,0.0,0.1199,1.0,std_0.1,7,0.67,0.1,beta,none
City-B,T3,1x,200.0,S2_Platform,cross_regime,M_stress,500,True,1,543.2,274.1,0.0,0.4953,1.0,std_0.1,7,0.67,0.1,beta,none
City-B,T3,1x,200.0,S3_Lin4,routine,M_routine,500,True,1,454.8,618.6,0.0,0.0,1.0,std_0.1,7,0.67,0.1,beta,none
City-B,T3,1x,200.0,S3_Lin4,cross_regime,M_stress,500,True,1,454.8,316.3,0.0,0.3046,1.0,std_0.1,7,0.67,0.1,beta,none
City-B,T3,1x,200.0,S4_GlobalCalib,routine,M_routine,500,True,1,493.5,532.3,0.0,0.0,1.0,std_0.1,7,0.67,0.1,beta,none
City-B,T3,1x,200.0,S4_GlobalCalib,cross_regime,M_stress,500,True,1,493.5,338.7,0.0,0.3136,1.0,std_0.1,7,0.67,0.1,beta,none
City-B,T3,1x,200.0,S5_CityCalib,routine,M_routine,500,True,1,489.4,532.3,0.0,0.0,1.0,std_0.1,7,0.67,0.1,beta,none
City-B,T3,1x,200.0,S5_CityCalib,cross_regime,M_stress,500,True,1,489.4,338.7,0.0,0.3078,1.0,std_0.1,7,0.67,0.1,beta,none
City-B,T3,1x,200.0,S6_Q10,routine,M_routine,500,True,1,397.5,532.3,0.0,0.0,1.0,std_0.1,7,0.67,0.1,beta,none
City-B,T3,1x,200.0,S6_Q10,cross_regime,M_stress,500,True,1,397.5,338.7,0.0,0.1479,1.0,std_0.1,7,0.67,0.1,beta,none
City-B,T3,2x,400.0,S0a_RoutineOracle,routine,M_routine,500,True,1,618.6,618.6,0.0,0.0,1.0,std_0.1,7,0.67,0.1,beta,none
City-B,T3,2x,400.0,S0a_RoutineOracle,cross_regime,M_stress,500,True,1,618.6,316.3,83.7,0.4887,0.0,std_0.1,7,0.67,0.1,beta,none
City-B,T3,2x,400.0,S0b_StressOracle,routine,M_routine,500,True,2,655.0,1150.9,0.0,0.0,1.0,std_0.1,7,0.67,0.1,beta,none
City-B,T3,2x,400.0,S0b_StressOracle,cross_regime,M_stress,500,True,2,655.0,655.0,0.0,0.0,1.0,std_0.1,7,0.67,0.1,beta,none
City-B,T3,2x,400.0,S1_CapRR,routine,M_routine,500,True,1,744.5,532.3,0.0,0.285,1.0,std_0.1,7,0.67,0.1,beta,none
City-B,T3,2x,400.0,S1_CapRR,cross_regime,M_stress,500,True,1,744.5,338.7,61.3,0.545,0.0,std_0.1,7,0.67,0.1,beta,none
City-B,T3,2x,400.0,S2_Platform,routine,M_routine,500,True,1,543.2,478.1,0.0,0.1199,1.0,std_0.1,7,0.67,0.1,beta,none
City-B,T3,2x,400.0,S2_Platform,cross_regime,M_stress,500,True,1,543.2,274.1,125.9,0.4953,0.0,std_0.1,7,0.67,0.1,beta,none
City-B,T3,2x,400.0,S3_Lin4,routine,M_routine,500,True,1,454.8,618.6,0.0,0.0,1.0,std_0.1,7,0.67,0.1,beta,none
City-B,T3,2x,400.0,S3_Lin4,cross_regime,M_stress,500,True,1,454.8,316.3,83.7,0.3046,0.0,std_0.1,7,0.67,0.1,beta,none
City-B,T3,2x,400.0,S4_GlobalCalib,routine,M_routine,500,True,1,493.5,532.3,0.0,0.0,1.0,std_0.1,7,0.67,0.1,beta,none
City-B,T3,2x,400.0,S4_GlobalCalib,cross_regime,M_stress,500,True,1,493.5,338.7,61.3,0.3136,0.0,std_0.1,7,0.67,0.1,beta,none
City-B,T3,2x,400.0,S5_CityCalib,routine,M_routine,500,True,1,489.4,532.3,0.0,0.0,1.0,std_0.1,7,0.67,0.1,beta,none
City-B,T3,2x,400.0,S5_CityCalib,cross_regime,M_stress,500,True,1,489.4,338.7,61.3,0.3078,0.0,std_0.1,7,0.67,0.1,beta,none
City-B,T3,2x,400.0,S6_Q10,routine,M_routine,500,True,2,793.2,1010.3,0.0,0.0,1.0,std_0.1,7,0.67,0.1,beta,none
City-B,T3,2x,400.0,S6_Q10,cross_regime,M_stress,500,True,2,793.2,612.9,0.0,0.2273,1.0,std_0.1,7,0.67,0.1,beta,none
City-B,T3,5x,1000.0,S0a_RoutineOracle,routine,M_routine,500,True,2,1150.9,1150.9,0.0,0.0,1.0,std_0.1,7,0.67,0.1,beta,none
City-B,T3,5x,1000.0,S0a_RoutineOracle,cross_regime,M_stress,500,True,2,1150.9,655.0,345.0,0.4308,0.0,std_0.1,7,0.67,0.1,beta,none
City-B,T3,5x,1000.0,S0b_StressOracle,routine,M_routine,500,True,4,1215.5,2094.3,0.0,0.0,1.0,std_0.1,7,0.67,0.1,beta,none
City-B,T3,5x,1000.0,S0b_StressOracle,cross_regime,M_stress,500,True,4,1215.5,1215.5,0.0,0.0,1.0,std_0.1,7,0.67,0.1,beta,none
City-B,T3,5x,1000.0,S1_CapRR,routine,M_routine,500,True,2,1485.4,1010.3,0.0,0.3198,1.0,std_0.1,7,0.67,0.1,beta,none
City-B,T3,5x,1000.0,S1_CapRR,cross_regime,M_stress,500,True,2,1485.4,612.9,387.1,0.5874,0.0,std_0.1,7,0.67,0.1,beta,none
City-B,T3,5x,1000.0,S2_Platform,routine,M_routine,500,True,2,1048.0,1096.6,0.0,0.0,1.0,std_0.1,7,0.67,0.1,beta,none
City-B,T3,5x,1000.0,S2_Platform,cross_regime,M_stress,500,True,2,1048.0,590.4,409.6,0.4366,0.0,std_0.1,7,0.67,0.1,beta,none
City-B,T3,5x,1000.0,S3_Lin4,routine,M_routine,500,True,3,1345.5,1568.3,0.0,0.0,1.0,std_0.1,7,0.67,0.1,beta,none
City-B,T3,5x,1000.0,S3_Lin4,cross_regime,M_stress,500,True,3,1345.5,895.0,105.0,0.3348,0.0,std_0.1,7,0.67,0.1,beta,none
City-B,T3,5x,1000.0,S4_GlobalCalib,routine,M_routine,500,True,3,1461.0,1628.9,0.0,0.0,1.0,std_0.1,7,0.67,0.1,beta,none
City-B,T3,5x,1000.0,S4_GlobalCalib,cross_regime,M_stress,500,True,3,1461.0,929.2,70.8,0.364,0.0,std_0.1,7,0.67,0.1,beta,none
City-B,T3,5x,1000.0,S5_CityCalib,routine,M_routine,500,True,3,1448.8,1628.9,0.0,0.0,1.0,std_0.1,7,0.67,0.1,beta,none
City-B,T3,5x,1000.0,S5_CityCalib,cross_regime,M_stress,500,True,3,1448.8,929.2,70.8,0.3587,0.0,std_0.1,7,0.67,0.1,beta,none
City-B,T3,5x,1000.0,S6_Q10,routine,M_routine,500,True,3,1176.8,1628.9,0.0,0.0,1.0,std_0.1,7,0.67,0.1,beta,none
City-B,T3,5x,1000.0,S6_Q10,cross_regime,M_stress,500,True,3,1176.8,929.2,70.8,0.2105,0.0,std_0.1,7,0.67,0.1,beta,none
City-B,T3,10x,2000.0,S0a_RoutineOracle,routine,M_routine,500,True,4,2094.3,2094.3,0.0,0.0,1.0,std_0.1,7,0.67,0.1,beta,none
City-B,T3,10x,2000.0,S0a_RoutineOracle,cross_regime,M_stress,500,True,4,2094.3,1215.5,784.5,0.4196,0.0,std_0.1,7,0.67,0.1,beta,none
City-B,T3,10x,2000.0,S0b_StressOracle,routine,M_routine,500,True,8,2190.1,3413.2,0.0,0.0,1.0,std_0.1,7,0.67,0.1,beta,none
City-B,T3,10x,2000.0,S0b_StressOracle,cross_regime,M_stress,500,True,8,2190.1,2190.1,0.0,0.0,1.0,std_0.1,7,0.67,0.1,beta,none
City-B,T3,10x,2000.0,S1_CapRR,routine,M_routine,500,True,3,2203.9,1628.9,371.1,0.2609,0.0,std_0.1,7,0.67,0.1,beta,none
City-B,T3,10x,2000.0,S1_CapRR,cross_regime,M_stress,500,True,3,2203.9,929.2,1070.8,0.5784,0.0,std_0.1,7,0.67,0.1,beta,none
City-B,T3,10x,2000.0,S2_Platform,routine,M_routine,500,True,5,2307.7,2340.3,0.0,0.0,1.0,std_0.1,7,0.67,0.1,beta,none
City-B,T3,10x,2000.0,S2_Platform,cross_regime,M_stress,500,True,5,2307.7,1347.1,652.9,0.4163,0.0,std_0.1,7,0.67,0.1,beta,none
City-B,T3,10x,2000.0,S3_Lin4,routine,M_routine,500,True,5,2160.3,2370.0,0.0,0.0,1.0,std_0.1,7,0.67,0.1,beta,none
City-B,T3,10x,2000.0,S3_Lin4,cross_regime,M_stress,500,True,5,2160.3,1405.4,594.6,0.3494,0.0,std_0.1,7,0.67,0.1,beta,none
City-B,T3,10x,2000.0,S4_GlobalCalib,routine,M_routine,500,True,5,2335.0,2511.7,0.0,0.0,1.0,std_0.1,7,0.67,0.1,beta,none
City-B,T3,10x,2000.0,S4_GlobalCalib,cross_regime,M_stress,500,True,5,2335.0,1455.4,544.6,0.3767,0.0,std_0.1,7,0.67,0.1,beta,none
City-B,T3,10x,2000.0,S5_CityCalib,routine,M_routine,500,True,5,2315.6,2511.7,0.0,0.0,1.0,std_0.1,7,0.67,0.1,beta,none
City-B,T3,10x,2000.0,S5_CityCalib,cross_regime,M_stress,500,True,5,2315.6,1455.4,544.6,0.3715,0.0,std_0.1,7,0.67,0.1,beta,none
City-B,T3,10x,2000.0,S6_Q10,routine,M_routine,500,True,6,2183.0,2873.4,0.0,0.0,1.0,std_0.1,7,0.67,0.1,beta,none
City-B,T3,10x,2000.0,S6_Q10,cross_regime,M_stress,500,True,6,2183.0,1653.7,346.3,0.2424,0.0,std_0.1,7,0.67,0.1,beta,none
City-B,T4,1x,140.0,S0a_RoutineOracle,routine,M_routine,500,True,1,541.4,541.4,0.0,0.0,1.0,std_0.1,7,0.67,0.1,beta,none
City-B,T4,1x,140.0,S0a_RoutineOracle,cross_regime,M_stress,500,True,1,541.4,423.5,0.0,0.2178,1.0,std_0.1,7,0.67,0.1,beta,none
City-B,T4,1x,140.0,S0b_StressOracle,routine,M_routine,500,True,1,423.5,541.4,0.0,0.0,1.0,std_0.1,7,0.67,0.1,beta,none
City-B,T4,1x,140.0,S0b_StressOracle,cross_regime,M_stress,500,True,1,423.5,423.5,0.0,0.0,1.0,std_0.1,7,0.67,0.1,beta,none
City-B,T4,1x,140.0,S1_CapRR,routine,M_routine,500,True,1,846.0,385.2,0.0,0.5447,1.0,std_0.1,7,0.67,0.1,beta,none
City-B,T4,1x,140.0,S1_CapRR,cross_regime,M_stress,500,True,1,846.0,414.4,0.0,0.5102,1.0,std_0.1,7,0.67,0.1,beta,none
City-B,T4,1x,140.0,S2_Platform,routine,M_routine,500,True,1,480.1,385.2,0.0,0.1975,1.0,std_0.1,7,0.67,0.1,beta,none
City-B,T4,1x,140.0,S2_Platform,cross_regime,M_stress,500,True,1,480.1,414.4,0.0,0.1368,1.0,std_0.1,7,0.67,0.1,beta,none
City-B,T4,1x,140.0,S3_Lin4,routine,M_routine,500,True,1,467.0,468.4,0.0,0.0,1.0,std_0.1,7,0.67,0.1,beta,none
City-B,T4,1x,140.0,S3_Lin4,cross_regime,M_stress,500,True,1,467.0,390.9,0.0,0.1629,1.0,std_0.1,7,0.67,0.1,beta,none
City-B,T4,1x,140.0,S4_GlobalCalib,routine,M_routine,500,True,1,562.4,385.2,0.0,0.315,1.0,std_0.1,7,0.67,0.1,beta,none
City-B,T4,1x,140.0,S4_GlobalCalib,cross_regime,M_stress,500,True,1,562.4,414.4,0.0,0.2631,1.0,std_0.1,7,0.67,0.1,beta,none
City-B,T4,1x,140.0,S5_CityCalib,routine,M_routine,500,True,1,564.0,385.2,0.0,0.317,1.0,std_0.1,7,0.67,0.1,beta,none
City-B,T4,1x,140.0,S5_CityCalib,cross_regime,M_stress,500,True,1,564.0,414.4,0.0,0.2653,1.0,std_0.1,7,0.67,0.1,beta,none
City-B,T4,1x,140.0,S6_Q10,routine,M_routine,500,True,1,452.5,385.2,0.0,0.1487,1.0,std_0.1,7,0.67,0.1,beta,none
City-B,T4,1x,140.0,S6_Q10,cross_regime,M_stress,500,True,1,452.5,414.4,0.0,0.0843,1.0,std_0.1,7,0.67,0.1,beta,none
City-B,T4,2x,280.0,S0a_RoutineOracle,routine,M_routine,500,True,1,541.4,541.4,0.0,0.0,1.0,std_0.1,7,0.67,0.1,beta,none
City-B,T4,2x,280.0,S0a_RoutineOracle,cross_regime,M_stress,500,True,1,541.4,423.5,0.0,0.2178,1.0,std_0.1,7,0.67,0.1,beta,none
City-B,T4,2x,280.0,S0b_StressOracle,routine,M_routine,500,True,1,423.5,541.4,0.0,0.0,1.0,std_0.1,7,0.67,0.1,beta,none
City-B,T4,2x,280.0,S0b_StressOracle,cross_regime,M_stress,500,True,1,423.5,423.5,0.0,0.0,1.0,std_0.1,7,0.67,0.1,beta,none
City-B,T4,2x,280.0,S1_CapRR,routine,M_routine,500,True,1,846.0,385.2,0.0,0.5447,1.0,std_0.1,7,0.67,0.1,beta,none
City-B,T4,2x,280.0,S1_CapRR,cross_regime,M_stress,500,True,1,846.0,414.4,0.0,0.5102,1.0,std_0.1,7,0.67,0.1,beta,none
City-B,T4,2x,280.0,S2_Platform,routine,M_routine,500,True,1,480.1,385.2,0.0,0.1975,1.0,std_0.1,7,0.67,0.1,beta,none
City-B,T4,2x,280.0,S2_Platform,cross_regime,M_stress,500,True,1,480.1,414.4,0.0,0.1368,1.0,std_0.1,7,0.67,0.1,beta,none
City-B,T4,2x,280.0,S3_Lin4,routine,M_routine,500,True,1,467.0,468.4,0.0,0.0,1.0,std_0.1,7,0.67,0.1,beta,none
City-B,T4,2x,280.0,S3_Lin4,cross_regime,M_stress,500,True,1,467.0,390.9,0.0,0.1629,1.0,std_0.1,7,0.67,0.1,beta,none
City-B,T4,2x,280.0,S4_GlobalCalib,routine,M_routine,500,True,1,562.4,385.2,0.0,0.315,1.0,std_0.1,7,0.67,0.1,beta,none
City-B,T4,2x,280.0,S4_GlobalCalib,cross_regime,M_stress,500,True,1,562.4,414.4,0.0,0.2631,1.0,std_0.1,7,0.67,0.1,beta,none
City-B,T4,2x,280.0,S5_CityCalib,routine,M_routine,500,True,1,564.0,385.2,0.0,0.317,1.0,std_0.1,7,0.67,0.1,beta,none
City-B,T4,2x,280.0,S5_CityCalib,cross_regime,M_stress,500,True,1,564.0,414.4,0.0,0.2653,1.0,std_0.1,7,0.67,0.1,beta,none
City-B,T4,2x,280.0,S6_Q10,routine,M_routine,500,True,1,452.5,385.2,0.0,0.1487,1.0,std_0.1,7,0.67,0.1,beta,none
City-B,T4,2x,280.0,S6_Q10,cross_regime,M_stress,500,True,1,452.5,414.4,0.0,0.0843,1.0,std_0.1,7,0.67,0.1,beta,none
City-B,T4,5x,700.0,S0a_RoutineOracle,routine,M_routine,500,True,2,1009.8,1009.8,0.0,0.0,1.0,std_0.1,7,0.67,0.1,beta,none
City-B,T4,5x,700.0,S0a_RoutineOracle,cross_regime,M_stress,500,True,2,1009.8,814.4,0.0,0.1934,1.0,std_0.1,7,0.67,0.1,beta,none
City-B,T4,5x,700.0,S0b_StressOracle,routine,M_routine,500,True,2,837.9,926.6,0.0,0.0,1.0,std_0.1,7,0.67,0.1,beta,none
City-B,T4,5x,700.0,S0b_StressOracle,cross_regime,M_stress,500,True,2,837.9,837.9,0.0,0.0,1.0,std_0.1,7,0.67,0.1,beta,none
City-B,T4,5x,700.0,S1_CapRR,routine,M_routine,500,True,1,846.0,385.2,314.8,0.5447,0.0,std_0.1,7,0.67,0.1,beta,none
City-B,T4,5x,700.0,S1_CapRR,cross_regime,M_stress,500,True,1,846.0,414.4,285.6,0.5102,0.0,std_0.1,7,0.67,0.1,beta,none
City-B,T4,5x,700.0,S2_Platform,routine,M_routine,500,True,2,912.9,926.6,0.0,0.0,1.0,std_0.1,7,0.67,0.1,beta,none
City-B,T4,5x,700.0,S2_Platform,cross_regime,M_stress,500,True,2,912.9,837.9,0.0,0.0822,1.0,std_0.1,7,0.67,0.1,beta,none
City-B,T4,5x,700.0,S3_Lin4,routine,M_routine,500,True,2,927.7,1009.8,0.0,0.0,1.0,std_0.1,7,0.67,0.1,beta,none
City-B,T4,5x,700.0,S3_Lin4,cross_regime,M_stress,500,True,2,927.7,814.4,0.0,0.1221,1.0,std_0.1,7,0.67,0.1,beta,none
City-B,T4,5x,700.0,S4_GlobalCalib,routine,M_routine,500,True,2,1122.0,742.4,0.0,0.3383,1.0,std_0.1,7,0.67,0.1,beta,none
City-B,T4,5x,700.0,S4_GlobalCalib,cross_regime,M_stress,500,True,2,1122.0,724.6,0.0,0.3542,1.0,std_0.1,7,0.67,0.1,beta,none
City-B,T4,5x,700.0,S5_CityCalib,routine,M_routine,500,True,2,1125.4,742.4,0.0,0.3403,1.0,std_0.1,7,0.67,0.1,beta,none
City-B,T4,5x,700.0,S5_CityCalib,cross_regime,M_stress,500,True,2,1125.4,724.6,0.0,0.3561,1.0,std_0.1,7,0.67,0.1,beta,none
City-B,T4,5x,700.0,S6_Q10,routine,M_routine,500,True,2,902.8,742.4,0.0,0.1777,1.0,std_0.1,7,0.67,0.1,beta,none
City-B,T4,5x,700.0,S6_Q10,cross_regime,M_stress,500,True,2,902.8,724.6,0.0,0.1974,1.0,std_0.1,7,0.67,0.1,beta,none
City-B,T4,10x,1400.0,S0a_RoutineOracle,routine,M_routine,500,True,3,1471.6,1471.6,0.0,0.0,1.0,std_0.1,7,0.67,0.1,beta,none
City-B,T4,10x,1400.0,S0a_RoutineOracle,cross_regime,M_stress,500,True,3,1471.6,1051.5,348.5,0.2854,0.0,std_0.1,7,0.67,0.1,beta,none
City-B,T4,10x,1400.0,S0b_StressOracle,routine,M_routine,500,True,4,1606.9,1847.5,0.0,0.0,1.0,std_0.1,7,0.67,0.1,beta,none
City-B,T4,10x,1400.0,S0b_StressOracle,cross_regime,M_stress,500,True,4,1606.9,1606.9,0.0,0.0,1.0,std_0.1,7,0.67,0.1,beta,none
City-B,T4,10x,1400.0,S1_CapRR,routine,M_routine,500,True,2,1688.0,742.4,657.6,0.5602,0.0,std_0.1,7,0.67,0.1,beta,none
City-B,T4,10x,1400.0,S1_CapRR,cross_regime,M_stress,500,True,2,1688.0,724.6,675.4,0.5707,0.0,std_0.1,7,0.67,0.1,beta,none
City-B,T4,10x,1400.0,S2_Platform,routine,M_routine,500,True,4,1693.5,1793.3,0.0,0.0,1.0,std_0.1,7,0.67,0.1,beta,none
City-B,T4,10x,1400.0,S2_Platform,cross_regime,M_stress,500,True,4,1693.5,1531.0,0.0,0.0959,1.0,std_0.1,7,0.67,0.1,beta,none
City-B,T4,10x,1400.0,S3_Lin4,routine,M_routine,500,True,4,1840.2,1752.2,0.0,0.0478,1.0,std_0.1,7,0.67,0.1,beta,none
City-B,T4,10x,1400.0,S3_Lin4,cross_regime,M_stress,500,True,4,1840.2,1539.0,0.0,0.1637,1.0,std_0.1,7,0.67,0.1,beta,none
City-B,T4,10x,1400.0,S4_GlobalCalib,routine,M_routine,500,True,3,1664.8,1210.8,189.2,0.2727,0.0,std_0.1,7,0.67,0.1,beta,none
City-B,T4,10x,1400.0,S4_GlobalCalib,cross_regime,M_stress,500,True,3,1664.8,1115.6,284.4,0.3299,0.0,std_0.1,7,0.67,0.1,beta,none
City-B,T4,10x,1400.0,S5_CityCalib,routine,M_routine,500,True,3,1669.7,1210.8,189.2,0.2748,0.0,std_0.1,7,0.67,0.1,beta,none
City-B,T4,10x,1400.0,S5_CityCalib,cross_regime,M_stress,500,True,3,1669.7,1115.6,284.4,0.3319,0.0,std_0.1,7,0.67,0.1,beta,none
City-B,T4,10x,1400.0,S6_Q10,routine,M_routine,500,True,4,1766.8,1752.2,0.0,0.0083,1.0,std_0.1,7,0.67,0.1,beta,none
City-B,T4,10x,1400.0,S6_Q10,cross_regime,M_stress,500,True,4,1766.8,1539.0,0.0,0.1289,1.0,std_0.1,7,0.67,0.1,beta,none
City-B,T5,1x,160.0,S0a_RoutineOracle,routine,M_routine,500,True,1,589.0,589.0,0.0,0.0,1.0,std_0.1,7,0.67,0.1,beta,none
City-B,T5,1x,160.0,S0a_RoutineOracle,cross_regime,M_stress,500,True,1,589.0,201.2,0.0,0.6584,1.0,std_0.1,7,0.67,0.1,beta,none
City-B,T5,1x,160.0,S0b_StressOracle,routine,M_routine,500,True,1,372.3,521.5,0.0,0.0,1.0,std_0.1,7,0.67,0.1,beta,none
City-B,T5,1x,160.0,S0b_StressOracle,cross_regime,M_stress,500,True,1,372.3,372.3,0.0,0.0,1.0,std_0.1,7,0.67,0.1,beta,none
City-B,T5,1x,160.0,S1_CapRR,routine,M_routine,500,True,1,744.5,589.0,0.0,0.2089,1.0,std_0.1,7,0.67,0.1,beta,none
City-B,T5,1x,160.0,S1_CapRR,cross_regime,M_stress,500,True,1,744.5,201.2,0.0,0.7297,1.0,std_0.1,7,0.67,0.1,beta,none
City-B,T5,1x,160.0,S2_Platform,routine,M_routine,500,True,1,553.3,521.5,0.0,0.0575,1.0,std_0.1,7,0.67,0.1,beta,none
City-B,T5,1x,160.0,S2_Platform,cross_regime,M_stress,500,True,1,553.3,372.3,0.0,0.3272,1.0,std_0.1,7,0.67,0.1,beta,none
City-B,T5,1x,160.0,S3_Lin4,routine,M_routine,500,True,1,455.8,350.8,0.0,0.2303,1.0,std_0.1,7,0.67,0.1,beta,none
City-B,T5,1x,160.0,S3_Lin4,cross_regime,M_stress,500,True,1,455.8,333.2,0.0,0.2689,1.0,std_0.1,7,0.67,0.1,beta,none
City-B,T5,1x,160.0,S4_GlobalCalib,routine,M_routine,500,True,1,494.4,589.0,0.0,0.0,1.0,std_0.1,7,0.67,0.1,beta,none
City-B,T5,1x,160.0,S4_GlobalCalib,cross_regime,M_stress,500,True,1,494.4,201.2,0.0,0.593,1.0,std_0.1,7,0.67,0.1,beta,none
City-B,T5,1x,160.0,S5_CityCalib,routine,M_routine,500,True,1,493.8,589.0,0.0,0.0,1.0,std_0.1,7,0.67,0.1,beta,none
City-B,T5,1x,160.0,S5_CityCalib,cross_regime,M_stress,500,True,1,493.8,201.2,0.0,0.5925,1.0,std_0.1,7,0.67,0.1,beta,none
City-B,T5,1x,160.0,S6_Q10,routine,M_routine,500,True,1,397.2,589.0,0.0,0.0,1.0,std_0.1,7,0.67,0.1,beta,none
City-B,T5,1x,160.0,S6_Q10,cross_regime,M_stress,500,True,1,397.2,201.2,0.0,0.4934,1.0,std_0.1,7,0.67,0.1,beta,none
City-B,T5,2x,320.0,S0a_RoutineOracle,routine,M_routine,500,True,1,589.0,589.0,0.0,0.0,1.0,std_0.1,7,0.67,0.1,beta,none
City-B,T5,2x,320.0,S0a_RoutineOracle,cross_regime,M_stress,500,True,1,589.0,201.2,118.8,0.6584,0.0,std_0.1,7,0.67,0.1,beta,none
City-B,T5,2x,320.0,S0b_StressOracle,routine,M_routine,500,True,1,372.3,521.5,0.0,0.0,1.0,std_0.1,7,0.67,0.1,beta,none
City-B,T5,2x,320.0,S0b_StressOracle,cross_regime,M_stress,500,True,1,372.3,372.3,0.0,0.0,1.0,std_0.1,7,0.67,0.1,beta,none
City-B,T5,2x,320.0,S1_CapRR,routine,M_routine,500,True,1,744.5,589.0,0.0,0.2089,1.0,std_0.1,7,0.67,0.1,beta,none
City-B,T5,2x,320.0,S1_CapRR,cross_regime,M_stress,500,True,1,744.5,201.2,118.8,0.7297,0.0,std_0.1,7,0.67,0.1,beta,none
City-B,T5,2x,320.0,S2_Platform,routine,M_routine,500,True,1,553.3,521.5,0.0,0.0575,1.0,std_0.1,7,0.67,0.1,beta,none
City-B,T5,2x,320.0,S2_Platform,cross_regime,M_stress,500,True,1,553.3,372.3,0.0,0.3272,1.0,std_0.1,7,0.67,0.1,beta,none
City-B,T5,2x,320.0,S3_Lin4,routine,M_routine,500,True,1,455.8,350.8,0.0,0.2303,1.0,std_0.1,7,0.67,0.1,beta,none
City-B,T5,2x,320.0,S3_Lin4,cross_regime,M_stress,500,True,1,455.8,333.2,0.0,0.2689,1.0,std_0.1,7,0.67,0.1,beta,none
City-B,T5,2x,320.0,S4_GlobalCalib,routine,M_routine,500,True,1,494.4,589.0,0.0,0.0,1.0,std_0.1,7,0.67,0.1,beta,none
City-B,T5,2x,320.0,S4_GlobalCalib,cross_regime,M_stress,500,True,1,494.4,201.2,118.8,0.593,0.0,std_0.1,7,0.67,0.1,beta,none
City-B,T5,2x,320.0,S5_CityCalib,routine,M_routine,500,True,1,493.8,589.0,0.0,0.0,1.0,std_0.1,7,0.67,0.1,beta,none
City-B,T5,2x,320.0,S5_CityCalib,cross_regime,M_stress,500,True,1,493.8,201.2,118.8,0.5925,0.0,std_0.1,7,0.67,0.1,beta,none
City-B,T5,2x,320.0,S6_Q10,routine,M_routine,500,True,1,397.2,589.0,0.0,0.0,1.0,std_0.1,7,0.67,0.1,beta,none
City-B,T5,2x,320.0,S6_Q10,cross_regime,M_stress,500,True,1,397.2,201.2,118.8,0.4934,0.0,std_0.1,7,0.67,0.1,beta,none
City-B,T5,5x,800.0,S0a_RoutineOracle,routine,M_routine,500,True,2,1110.5,1110.5,0.0,0.0,1.0,std_0.1,7,0.67,0.1,beta,none
City-B,T5,5x,800.0,S0a_RoutineOracle,cross_regime,M_stress,500,True,2,1110.5,573.5,226.5,0.4836,0.0,std_0.1,7,0.67,0.1,beta,none
City-B,T5,5x,800.0,S0b_StressOracle,routine,M_routine,500,True,3,1062.7,1366.3,0.0,0.0,1.0,std_0.1,7,0.67,0.1,beta,none
City-B,T5,5x,800.0,S0b_StressOracle,cross_regime,M_stress,500,True,3,1062.7,1062.7,0.0,0.0,1.0,std_0.1,7,0.67,0.1,beta,none
City-B,T5,5x,800.0,S1_CapRR,routine,M_routine,500,True,2,1485.4,1110.5,0.0,0.2524,1.0,std_0.1,7,0.67,0.1,beta,none
City-B,T5,5x,800.0,S1_CapRR,cross_regime,M_stress,500,True,2,1485.4,573.5,226.5,0.6139,0.0,std_0.1,7,0.67,0.1,beta,none
City-B,T5,5x,800.0,S2_Platform,routine,M_routine,500,True,2,1093.7,872.3,0.0,0.2024,1.0,std_0.1,7,0.67,0.1,beta,none
City-B,T5,5x,800.0,S2_Platform,cross_regime,M_stress,500,True,2,1093.7,705.5,94.5,0.3549,0.0,std_0.1,7,0.67,0.1,beta,none
City-B,T5,5x,800.0,S3_Lin4,routine,M_routine,500,True,2,905.5,844.8,0.0,0.0671,1.0,std_0.1,7,0.67,0.1,beta,none
City-B,T5,5x,800.0,S3_Lin4,cross_regime,M_stress,500,True,2,905.5,690.4,109.6,0.2375,0.0,std_0.1,7,0.67,0.1,beta,none
City-B,T5,5x,800.0,S4_GlobalCalib,routine,M_routine,500,True,2,986.5,1110.5,0.0,0.0,1.0,std_0.1,7,0.67,0.1,beta,none
City-B,T5,5x,800.0,S4_GlobalCalib,cross_regime,M_stress,500,True,2,986.5,573.5,226.5,0.4187,0.0,std_0.1,7,0.67,0.1,beta,none
City-B,T5,5x,800.0,S5_CityCalib,routine,M_routine,500,True,2,985.1,1110.5,0.0,0.0,1.0,std_0.1,7,0.67,0.1,beta,none
City-B,T5,5x,800.0,S5_CityCalib,cross_regime,M_stress,500,True,2,985.1,573.5,226.5,0.4179,0.0,std_0.1,7,0.67,0.1,beta,none
City-B,T5,5x,800.0,S6_Q10,routine,M_routine,500,True,3,1175.8,1461.3,0.0,0.0,1.0,std_0.1,7,0.67,0.1,beta,none
City-B,T5,5x,800.0,S6_Q10,cross_regime,M_stress,500,True,3,1175.8,906.7,0.0,0.2289,1.0,std_0.1,7,0.67,0.1,beta,none
City-B,T5,10x,1600.0,S0a_RoutineOracle,routine,M_routine,500,True,3,1604.4,1604.4,0.0,0.0,1.0,std_0.1,7,0.67,0.1,beta,none
City-B,T5,10x,1600.0,S0a_RoutineOracle,cross_regime,M_stress,500,True,3,1604.4,930.7,669.3,0.4199,0.0,std_0.1,7,0.67,0.1,beta,none
City-B,T5,10x,1600.0,S0b_StressOracle,routine,M_routine,500,True,5,1683.4,2132.3,0.0,0.0,1.0,std_0.1,7,0.67,0.1,beta,none
City-B,T5,10x,1600.0,S0b_StressOracle,cross_regime,M_stress,500,True,5,1683.4,1683.4,0.0,0.0,1.0,std_0.1,7,0.67,0.1,beta,none
City-B,T5,10x,1600.0,S1_CapRR,routine,M_routine,500,True,3,2203.9,1461.3,138.7,0.337,0.0,std_0.1,7,0.67,0.1,beta,none
City-B,T5,10x,1600.0,S1_CapRR,cross_regime,M_stress,500,True,3,2203.9,906.7,693.3,0.5886,0.0,std_0.1,7,0.67,0.1,beta,none
City-B,T5,10x,1600.0,S2_Platform,routine,M_routine,500,True,4,2025.8,1812.0,0.0,0.1055,1.0,std_0.1,7,0.67,0.1,beta,none
City-B,T5,10x,1600.0,S2_Platform,cross_regime,M_stress,500,True,4,2025.8,1393.9,206.1,0.3119,0.0,std_0.1,7,0.67,0.1,beta,none
City-B,T5,10x,1600.0,S3_Lin4,routine,M_routine,500,True,4,1789.2,1955.2,0.0,0.0,1.0,std_0.1,7,0.67,0.1,beta,none
City-B,T5,10x,1600.0,S3_Lin4,cross_regime,M_stress,500,True,4,1789.2,1263.9,336.1,0.2936,0.0,std_0.1,7,0.67,0.1,beta,none
City-B,T5,10x,1600.0,S4_GlobalCalib,routine,M_routine,500,True,4,1930.5,1955.2,0.0,0.0,1.0,std_0.1,7,0.67,0.1,beta,none
City-B,T5,10x,1600.0,S4_GlobalCalib,cross_regime,M_stress,500,True,4,1930.5,1263.9,336.1,0.3453,0.0,std_0.1,7,0.67,0.1,beta,none
City-B,T5,10x,1600.0,S5_CityCalib,routine,M_routine,500,True,4,1927.8,1955.2,0.0,0.0,1.0,std_0.1,7,0.67,0.1,beta,none
City-B,T5,10x,1600.0,S5_CityCalib,cross_regime,M_stress,500,True,4,1927.8,1263.9,336.1,0.3444,0.0,std_0.1,7,0.67,0.1,beta,none
City-B,T5,10x,1600.0,S6_Q10,routine,M_routine,500,True,5,1878.9,2401.0,0.0,0.0,1.0,std_0.1,7,0.67,0.1,beta,none
City-B,T5,10x,1600.0,S6_Q10,cross_regime,M_stress,500,True,5,1878.9,1595.2,4.8,0.151,0.0,std_0.1,7,0.67,0.1,beta,none
City-C,T1,1x,180.0,S0a_RoutineOracle,routine,M_routine,650,True,1,456.6,456.6,0.0,0.0,1.0,std_0.1,7,0.67,0.1,beta,none
City-C,T1,1x,180.0,S0a_RoutineOracle,cross_regime,M_stress,650,True,1,456.6,428.2,0.0,0.0623,1.0,std_0.1,7,0.67,0.1,beta,none
City-C,T1,1x,180.0,S0b_StressOracle,routine,M_routine,650,True,1,428.2,456.6,0.0,0.0,1.0,std_0.1,7,0.67,0.1,beta,none
City-C,T1,1x,180.0,S0b_StressOracle,cross_regime,M_stress,650,True,1,428.2,428.2,0.0,0.0,1.0,std_0.1,7,0.67,0.1,beta,none
City-C,T1,1x,180.0,S1_CapRR,routine,M_routine,650,True,1,737.0,456.6,0.0,0.3804,1.0,std_0.1,7,0.67,0.1,beta,none
City-C,T1,1x,180.0,S1_CapRR,cross_regime,M_stress,650,True,1,737.0,428.2,0.0,0.419,1.0,std_0.1,7,0.67,0.1,beta,none
City-C,T1,1x,180.0,S2_Platform,routine,M_routine,650,True,1,460.9,456.6,0.0,0.0092,1.0,std_0.1,7,0.67,0.1,beta,none
City-C,T1,1x,180.0,S2_Platform,cross_regime,M_stress,650,True,1,460.9,428.2,0.0,0.0709,1.0,std_0.1,7,0.67,0.1,beta,none
City-C,T1,1x,180.0,S3_Lin4,routine,M_routine,650,True,1,418.1,456.6,0.0,0.0,1.0,std_0.1,7,0.67,0.1,beta,none
City-C,T1,1x,180.0,S3_Lin4,cross_regime,M_stress,650,True,1,418.1,428.2,0.0,0.0,1.0,std_0.1,7,0.67,0.1,beta,none
City-C,T1,1x,180.0,S4_GlobalCalib,routine,M_routine,650,True,1,491.6,456.6,0.0,0.0712,1.0,std_0.1,7,0.67,0.1,beta,none
City-C,T1,1x,180.0,S4_GlobalCalib,cross_regime,M_stress,650,True,1,491.6,428.2,0.0,0.129,1.0,std_0.1,7,0.67,0.1,beta,none
City-C,T1,1x,180.0,S5_CityCalib,routine,M_routine,650,True,1,496.3,456.6,0.0,0.08,1.0,std_0.1,7,0.67,0.1,beta,none
City-C,T1,1x,180.0,S5_CityCalib,cross_regime,M_stress,650,True,1,496.3,428.2,0.0,0.1372,1.0,std_0.1,7,0.67,0.1,beta,none
City-C,T1,1x,180.0,S6_Q10,routine,M_routine,650,True,1,395.8,456.6,0.0,0.0,1.0,std_0.1,7,0.67,0.1,beta,none
City-C,T1,1x,180.0,S6_Q10,cross_regime,M_stress,650,True,1,395.8,428.2,0.0,0.0,1.0,std_0.1,7,0.67,0.1,beta,none
City-C,T1,2x,360.0,S0a_RoutineOracle,routine,M_routine,650,True,1,456.6,456.6,0.0,0.0,1.0,std_0.1,7,0.67,0.1,beta,none
City-C,T1,2x,360.0,S0a_RoutineOracle,cross_regime,M_stress,650,True,1,456.6,428.2,0.0,0.0623,1.0,std_0.1,7,0.67,0.1,beta,none
City-C,T1,2x,360.0,S0b_StressOracle,routine,M_routine,650,True,1,428.2,456.6,0.0,0.0,1.0,std_0.1,7,0.67,0.1,beta,none
City-C,T1,2x,360.0,S0b_StressOracle,cross_regime,M_stress,650,True,1,428.2,428.2,0.0,0.0,1.0,std_0.1,7,0.67,0.1,beta,none
City-C,T1,2x,360.0,S1_CapRR,routine,M_routine,650,True,1,737.0,456.6,0.0,0.3804,1.0,std_0.1,7,0.67,0.1,beta,none
City-C,T1,2x,360.0,S1_CapRR,cross_regime,M_stress,650,True,1,737.0,428.2,0.0,0.419,1.0,std_0.1,7,0.67,0.1,beta,none
City-C,T1,2x,360.0,S2_Platform,routine,M_routine,650,True,1,460.9,456.6,0.0,0.0092,1.0,std_0.1,7,0.67,0.1,beta,none
City-C,T1,2x,360.0,S2_Platform,cross_regime,M_stress,650,True,1,460.9,428.2,0.0,0.0709,1.0,std_0.1,7,0.67,0.1,beta,none
City-C,T1,2x,360.0,S3_Lin4,routine,M_routine,650,True,1,418.1,456.6,0.0,0.0,1.0,std_0.1,7,0.67,0.1,beta,none
City-C,T1,2x,360.0,S3_Lin4,cross_regime,M_stress,650,True,1,418.1,428.2,0.0,0.0,1.0,std_0.1,7,0.67,0.1,beta,none
City-C,T1,2x,360.0,S4_GlobalCalib,routine,M_routine,650,True,1,491.6,456.6,0.0,0.0712,1.0,std_0.1,7,0.67,0.1,beta,none
City-C,T1,2x,360.0,S4_GlobalCalib,cross_regime,M_stress,650,True,1,491.6,428.2,0.0,0.129,1.0,std_0.1,7,0.67,0.1,beta,none
City-C,T1,2x,360.0,S5_CityCalib,routine,M_routine,650,True,1,496.3,456.6,0.0,0.08,1.0,std_0.1,7,0.67,0.1,beta,none
City-C,T1,2x,360.0,S5_CityCalib,cross_regime,M_stress,650,True,1,496.3,428.2,0.0,0.1372,1.0,std_0.1,7,0.67,0.1,beta,none
City-C,T1,2x,360.0,S6_Q10,routine,M_routine,650,True,1,395.8,456.6,0.0,0.0,1.0,std_0.1,7,0.67,0.1,beta,none
City-C,T1,2x,360.0,S6_Q10,cross_regime,M_stress,650,True,1,395.8,428.2,0.0,0.0,1.0,std_0.1,7,0.67,0.1,beta,none
City-C,T1,5x,900.0,S0a_RoutineOracle,routine,M_routine,650,True,3,1324.7,1324.7,0.0,0.0,1.0,std_0.1,7,0.67,0.1,beta,none
City-C,T1,5x,900.0,S0a_RoutineOracle,cross_regime,M_stress,650,True,3,1324.7,909.4,0.0,0.3135,1.0,std_0.1,7,0.67,0.1,beta,none
City-C,T1,5x,900.0,S0b_StressOracle,routine,M_routine,650,True,3,1059.9,1233.3,0.0,0.0,1.0,std_0.1,7,0.67,0.1,beta,none
City-C,T1,5x,900.0,S0b_StressOracle,cross_regime,M_stress,650,True,3,1059.9,1059.9,0.0,0.0,1.0,std_0.1,7,0.67,0.1,beta,none
City-C,T1,5x,900.0,S1_CapRR,routine,M_routine,650,True,2,1439.5,875.5,24.5,0.3918,0.0,std_0.1,7,0.67,0.1,beta,none
City-C,T1,5x,900.0,S1_CapRR,cross_regime,M_stress,650,True,2,1439.5,766.4,133.6,0.4676,0.0,std_0.1,7,0.67,0.1,beta,none
City-C,T1,5x,900.0,S2_Platform,routine,M_routine,650,True,2,904.5,875.5,24.5,0.0321,0.0,std_0.1,7,0.67,0.1,beta,none
City-C,T1,5x,900.0,S2_Platform,cross_regime,M_stress,650,True,2,904.5,766.4,133.6,0.1527,0.0,std_0.1,7,0.67,0.1,beta,none
City-C,T1,5x,900.0,S3_Lin4,routine,M_routine,650,True,3,1210.6,1257.9,0.0,0.0,1.0,std_0.1,7,0.67,0.1,beta,none
City-C,T1,5x,900.0,S3_Lin4,cross_regime,M_stress,650,True,3,1210.6,1000.8,0.0,0.1733,1.0,std_0.1,7,0.67,0.1,beta,none
City-C,T1,5x,900.0,S4_GlobalCalib,routine,M_routine,650,True,2,960.3,875.5,24.5,0.0883,0.0,std_0.1,7,0.67,0.1,beta,none
City-C,T1,5x,900.0,S4_GlobalCalib,cross_regime,M_stress,650,True,2,960.3,766.4,133.6,0.2019,0.0,std_0.1,7,0.67,0.1,beta,none
City-C,T1,5x,900.0,S5_CityCalib,routine,M_routine,650,True,2,969.4,875.5,24.5,0.0969,0.0,std_0.1,7,0.67,0.1,beta,none
City-C,T1,5x,900.0,S5_CityCalib,cross_regime,M_stress,650,True,2,969.4,766.4,133.6,0.2094,0.0,std_0.1,7,0.67,0.1,beta,none
City-C,T1,5x,900.0,S6_Q10,routine,M_routine,650,True,3,1117.5,1257.9,0.0,0.0,1.0,std_0.1,7,0.67,0.1,beta,none
City-C,T1,5x,900.0,S6_Q10,cross_regime,M_stress,650,True,3,1117.5,1000.8,0.0,0.1044,1.0,std_0.1,7,0.67,0.1,beta,none
City-C,T1,10x,1800.0,S0a_RoutineOracle,routine,M_routine,650,True,5,2169.2,2169.2,0.0,0.0,1.0,std_0.1,7,0.67,0.1,beta,none
City-C,T1,10x,1800.0,S0a_RoutineOracle,cross_regime,M_stress,650,True,5,2169.2,1485.4,314.6,0.3153,0.0,std_0.1,7,0.67,0.1,beta,none
City-C,T1,10x,1800.0,S0b_StressOracle,routine,M_routine,650,True,6,1878.4,2443.0,0.0,0.0,1.0,std_0.1,7,0.67,0.1,beta,none
City-C,T1,10x,1800.0,S0b_StressOracle,cross_regime,M_stress,650,True,6,1878.4,1878.4,0.0,0.0,1.0,std_0.1,7,0.67,0.1,beta,none
City-C,T1,10x,1800.0,S1_CapRR,routine,M_routine,650,True,3,2081.1,1257.9,542.1,0.3956,0.0,std_0.1,7,0.67,0.1,beta,none
City-C,T1,10x,1800.0,S1_CapRR,cross_regime,M_stress,650,True,3,2081.1,1000.8,799.2,0.5191,0.0,std_0.1,7,0.67,0.1,beta,none
City-C,T1,10x,1800.0,S2_Platform,routine,M_routine,650,True,5,2117.9,2072.6,0.0,0.0214,1.0,std_0.1,7,0.67,0.1,beta,none
City-C,T1,10x,1800.0,S2_Platform,cross_regime,M_stress,650,True,5,2117.9,1590.2,209.8,0.2492,0.0,std_0.1,7,0.67,0.1,beta,none
City-C,T1,10x,1800.0,S3_Lin4,routine,M_routine,650,True,5,1968.4,1970.4,0.0,0.0,1.0,std_0.1,7,0.67,0.1,beta,none
City-C,T1,10x,1800.0,S3_Lin4,cross_regime,M_stress,650,True,5,1968.4,1461.3,338.7,0.2576,0.0,std_0.1,7,0.67,0.1,beta,none
City-C,T1,10x,1800.0,S4_GlobalCalib,routine,M_routine,650,True,5,2165.5,2053.8,0.0,0.0516,1.0,std_0.1,7,0.67,0.1,beta,none
City-C,T1,10x,1800.0,S4_GlobalCalib,cross_regime,M_stress,650,True,5,2165.5,1576.8,223.2,0.2719,0.0,std_0.1,7,0.67,0.1,beta,none
City-C,T1,10x,1800.0,S5_CityCalib,routine,M_routine,650,True,5,2185.5,2053.8,0.0,0.0603,1.0,std_0.1,7,0.67,0.1,beta,none
City-C,T1,10x,1800.0,S5_CityCalib,cross_regime,M_stress,650,True,5,2185.5,1576.8,223.2,0.2785,0.0,std_0.1,7,0.67,0.1,beta,none
City-C,T1,10x,1800.0,S6_Q10,routine,M_routine,650,True,6,2047.8,2483.7,0.0,0.0,1.0,std_0.1,7,0.67,0.1,beta,none
City-C,T1,10x,1800.0,S6_Q10,cross_regime,M_stress,650,True,6,2047.8,1775.5,24.5,0.133,0.0,std_0.1,7,0.67,0.1,beta,none
City-C,T2,1x,260.0,S0a_RoutineOracle,routine,M_routine,650,True,1,532.4,532.4,0.0,0.0,1.0,std_0.1,7,0.67,0.1,beta,none
City-C,T2,1x,260.0,S0a_RoutineOracle,cross_regime,M_stress,650,True,1,532.4,362.0,0.0,0.3199,1.0,std_0.1,7,0.67,0.1,beta,none
City-C,T2,1x,260.0,S0b_StressOracle,routine,M_routine,650,True,1,362.0,532.4,0.0,0.0,1.0,std_0.1,7,0.67,0.1,beta,none
City-C,T2,1x,260.0,S0b_StressOracle,cross_regime,M_stress,650,True,1,362.0,362.0,0.0,0.0,1.0,std_0.1,7,0.67,0.1,beta,none
City-C,T2,1x,260.0,S1_CapRR,routine,M_routine,650,True,1,737.0,532.4,0.0,0.2777,1.0,std_0.1,7,0.67,0.1,beta,none
City-C,T2,1x,260.0,S1_CapRR,cross_regime,M_stress,650,True,1,737.0,362.0,0.0,0.5088,1.0,std_0.1,7,0.67,0.1,beta,none
City-C,T2,1x,260.0,S2_Platform,routine,M_routine,650,True,1,467.3,532.4,0.0,0.0,1.0,std_0.1,7,0.67,0.1,beta,none
City-C,T2,1x,260.0,S2_Platform,cross_regime,M_stress,650,True,1,467.3,362.0,0.0,0.2252,1.0,std_0.1,7,0.67,0.1,beta,none
City-C,T2,1x,260.0,S3_Lin4,routine,M_routine,650,True,1,418.4,532.4,0.0,0.0,1.0,std_0.1,7,0.67,0.1,beta,none
City-C,T2,1x,260.0,S3_Lin4,cross_regime,M_stress,650,True,1,418.4,362.0,0.0,0.1347,1.0,std_0.1,7,0.67,0.1,beta,none
City-C,T2,1x,260.0,S4_GlobalCalib,routine,M_routine,650,True,1,489.0,532.4,0.0,0.0,1.0,std_0.1,7,0.67,0.1,beta,none
City-C,T2,1x,260.0,S4_GlobalCalib,cross_regime,M_stress,650,True,1,489.0,362.0,0.0,0.2596,1.0,std_0.1,7,0.67,0.1,beta,none
City-C,T2,1x,260.0,S5_CityCalib,routine,M_routine,650,True,1,493.6,532.4,0.0,0.0,1.0,std_0.1,7,0.67,0.1,beta,none
City-C,T2,1x,260.0,S5_CityCalib,cross_regime,M_stress,650,True,1,493.6,362.0,0.0,0.2666,1.0,std_0.1,7,0.67,0.1,beta,none
City-C,T2,1x,260.0,S6_Q10,routine,M_routine,650,True,1,394.9,532.4,0.0,0.0,1.0,std_0.1,7,0.67,0.1,beta,none
City-C,T2,1x,260.0,S6_Q10,cross_regime,M_stress,650,True,1,394.9,362.0,0.0,0.0832,1.0,std_0.1,7,0.67,0.1,beta,none
City-C,T2,2x,520.0,S0a_RoutineOracle,routine,M_routine,650,True,1,532.4,532.4,0.0,0.0,1.0,std_0.1,7,0.67,0.1,beta,none
City-C,T2,2x,520.0,S0a_RoutineOracle,cross_regime,M_stress,650,True,1,532.4,362.0,158.0,0.3199,0.0,std_0.1,7,0.67,0.1,beta,none
City-C,T2,2x,520.0,S0b_StressOracle,routine,M_routine,650,True,2,700.8,932.0,0.0,0.0,1.0,std_0.1,7,0.67,0.1,beta,none
City-C,T2,2x,520.0,S0b_StressOracle,cross_regime,M_stress,650,True,2,700.8,700.8,0.0,0.0,1.0,std_0.1,7,0.67,0.1,beta,none
City-C,T2,2x,520.0,S1_CapRR,routine,M_routine,650,True,1,737.0,532.4,0.0,0.2777,1.0,std_0.1,7,0.67,0.1,beta,none
City-C,T2,2x,520.0,S1_CapRR,cross_regime,M_stress,650,True,1,737.0,362.0,158.0,0.5088,0.0,std_0.1,7,0.67,0.1,beta,none
City-C,T2,2x,520.0,S2_Platform,routine,M_routine,650,True,2,902.1,997.7,0.0,0.0,1.0,std_0.1,7,0.67,0.1,beta,none
City-C,T2,2x,520.0,S2_Platform,cross_regime,M_stress,650,True,2,902.1,698.3,0.0,0.2259,1.0,std_0.1,7,0.67,0.1,beta,none
City-C,T2,2x,520.0,S3_Lin4,routine,M_routine,650,True,2,819.4,997.7,0.0,0.0,1.0,std_0.1,7,0.67,0.1,beta,none
City-C,T2,2x,520.0,S3_Lin4,cross_regime,M_stress,650,True,2,819.4,698.3,0.0,0.1479,1.0,std_0.1,7,0.67,0.1,beta,none
City-C,T2,2x,520.0,S4_GlobalCalib,routine,M_routine,650,True,2,955.1,997.7,0.0,0.0,1.0,std_0.1,7,0.67,0.1,beta,none
City-C,T2,2x,520.0,S4_GlobalCalib,cross_regime,M_stress,650,True,2,955.1,698.3,0.0,0.2689,1.0,std_0.1,7,0.67,0.1,beta,none
City-C,T2,2x,520.0,S5_CityCalib,routine,M_routine,650,True,2,964.1,997.7,0.0,0.0,1.0,std_0.1,7,0.67,0.1,beta,none
City-C,T2,2x,520.0,S5_CityCalib,cross_regime,M_stress,650,True,2,964.1,698.3,0.0,0.2757,1.0,std_0.1,7,0.67,0.1,beta,none
City-C,T2,2x,520.0,S6_Q10,routine,M_routine,650,True,2,771.3,997.7,0.0,0.0,1.0,std_0.1,7,0.67,0.1,beta,none
City-C,T2,2x,520.0,S6_Q10,cross_regime,M_stress,650,True,2,771.3,698.3,0.0,0.0947,1.0,std_0.1,7,0.67,0.1,beta,none
City-C,T2,5x,1300.0,S0a_RoutineOracle,routine,M_routine,650,True,3,1433.7,1433.7,0.0,0.0,1.0,std_0.1,7,0.67,0.1,beta,none
City-C,T2,5x,1300.0,S0a_RoutineOracle,cross_regime,M_stress,650,True,3,1433.7,947.4,352.6,0.3392,0.0,std_0.1,7,0.67,0.1,beta,none
City-C,T2,5x,1300.0,S0b_StressOracle,routine,M_routine,650,True,4,1353.8,1808.2,0.0,0.0,1.0,std_0.1,7,0.67,0.1,beta,none
City-C,T2,5x,1300.0,S0b_StressOracle,cross_regime,M_stress,650,True,4,1353.8,1353.8,0.0,0.0,1.0,std_0.1,7,0.67,0.1,beta,none
City-C,T2,5x,1300.0,S1_CapRR,routine,M_routine,650,True,2,1439.5,997.7,302.3,0.307,0.0,std_0.1,7,0.67,0.1,beta,none
City-C,T2,5x,1300.0,S1_CapRR,cross_regime,M_stress,650,True,2,1439.5,698.3,601.7,0.5149,0.0,std_0.1,7,0.67,0.1,beta,none
City-C,T2,5x,1300.0,S2_Platform,routine,M_routine,650,True,3,1301.1,1397.3,0.0,0.0,1.0,std_0.1,7,0.67,0.1,beta,none
City-C,T2,5x,1300.0,S2_Platform,cross_regime,M_stress,650,True,3,1301.1,1037.0,263.0,0.203,0.0,std_0.1,7,0.67,0.1,beta,none
City-C,T2,5x,1300.0,S3_Lin4,routine,M_routine,650,True,4,1595.4,1756.4,0.0,0.0,1.0,std_0.1,7,0.67,0.1,beta,none
City-C,T2,5x,1300.0,S3_Lin4,cross_regime,M_stress,650,True,4,1595.4,1287.6,12.4,0.193,0.0,std_0.1,7,0.67,0.1,beta,none
City-C,T2,5x,1300.0,S4_GlobalCalib,routine,M_routine,650,True,3,1380.8,1397.3,0.0,0.0,1.0,std_0.1,7,0.67,0.1,beta,none
City-C,T2,5x,1300.0,S4_GlobalCalib,cross_regime,M_stress,650,True,3,1380.8,1037.0,263.0,0.249,0.0,std_0.1,7,0.67,0.1,beta,none
City-C,T2,5x,1300.0,S5_CityCalib,routine,M_routine,650,True,3,1393.7,1397.3,0.0,0.0,1.0,std_0.1,7,0.67,0.1,beta,none
City-C,T2,5x,1300.0,S5_CityCalib,cross_regime,M_stress,650,True,3,1393.7,1037.0,263.0,0.2559,0.0,std_0.1,7,0.67,0.1,beta,none
City-C,T2,5x,1300.0,S6_Q10,routine,M_routine,650,True,4,1428.8,1708.4,0.0,0.0,1.0,std_0.1,7,0.67,0.1,beta,none
City-C,T2,5x,1300.0,S6_Q10,cross_regime,M_stress,650,True,4,1428.8,1336.6,0.0,0.0645,1.0,std_0.1,7,0.67,0.1,beta,none
City-C,T2,10x,2600.0,S0a_RoutineOracle,routine,M_routine,650,True,6,2686.1,2686.1,0.0,0.0,1.0,std_0.1,7,0.67,0.1,beta,none
City-C,T2,10x,2600.0,S0a_RoutineOracle,cross_regime,M_stress,650,True,6,2686.1,1756.9,843.1,0.3459,0.0,std_0.1,7,0.67,0.1,beta,none
City-C,T2,10x,2600.0,S0b_StressOracle,routine,M_routine,650,True,9,2670.6,3674.9,0.0,0.0,1.0,std_0.1,7,0.67,0.1,beta,none
City-C,T2,10x,2600.0,S0b_StressOracle,cross_regime,M_stress,650,True,9,2670.6,2670.6,0.0,0.0,1.0,std_0.1,7,0.67,0.1,beta,none
City-C,T2,10x,2600.0,S1_CapRR,routine,M_routine,650,True,4,2666.6,1708.4,891.6,0.3593,0.0,std_0.1,7,0.67,0.1,beta,none
City-C,T2,10x,2600.0,S1_CapRR,cross_regime,M_stress,650,True,4,2666.6,1336.6,1263.4,0.4988,0.0,std_0.1,7,0.67,0.1,beta,none
City-C,T2,10x,2600.0,S2_Platform,routine,M_routine,650,True,7,2815.8,2879.8,0.0,0.0,1.0,std_0.1,7,0.67,0.1,beta,none
City-C,T2,10x,2600.0,S2_Platform,cross_regime,M_stress,650,True,7,2815.8,2170.9,429.1,0.229,0.0,std_0.1,7,0.67,0.1,beta,none
City-C,T2,10x,2600.0,S3_Lin4,routine,M_routine,650,True,7,2681.1,2896.9,0.0,0.0,1.0,std_0.1,7,0.67,0.1,beta,none
City-C,T2,10x,2600.0,S3_Lin4,cross_regime,M_stress,650,True,7,2681.1,2081.9,518.1,0.2235,0.0,std_0.1,7,0.67,0.1,beta,none
City-C,T2,10x,2600.0,S4_GlobalCalib,routine,M_routine,650,True,7,2902.4,2874.0,0.0,0.0098,1.0,std_0.1,7,0.67,0.1,beta,none
City-C,T2,10x,2600.0,S4_GlobalCalib,cross_regime,M_stress,650,True,7,2902.4,2063.2,536.8,0.2891,0.0,std_0.1,7,0.67,0.1,beta,none
City-C,T2,10x,2600.0,S5_CityCalib,routine,M_routine,650,True,7,2928.1,2874.0,0.0,0.0184,1.0,std_0.1,7,0.67,0.1,beta,none
City-C,T2,10x,2600.0,S5_CityCalib,cross_regime,M_stress,650,True,7,2928.1,2063.2,536.8,0.2954,0.0,std_0.1,7,0.67,0.1,beta,none
City-C,T2,10x,2600.0,S6_Q10,routine,M_routine,650,True,8,2636.8,3285.0,0.0,0.0,1.0,std_0.1,7,0.67,0.1,beta,none
City-C,T2,10x,2600.0,S6_Q10,cross_regime,M_stress,650,True,8,2636.8,2380.0,220.0,0.0974,0.0,std_0.1,7,0.67,0.1,beta,none
City-C,T3,1x,200.0,S0a_RoutineOracle,routine,M_routine,650,True,1,426.8,426.8,0.0,0.0,1.0,std_0.1,7,0.67,0.1,beta,none
City-C,T3,1x,200.0,S0a_RoutineOracle,cross_regime,M_stress,650,True,1,426.8,218.1,0.0,0.4889,1.0,std_0.1,7,0.67,0.1,beta,none
City-C,T3,1x,200.0,S0b_StressOracle,routine,M_routine,650,True,1,286.1,409.9,0.0,0.0,1.0,std_0.1,7,0.67,0.1,beta,none
City-C,T3,1x,200.0,S0b_StressOracle,cross_regime,M_stress,650,True,1,286.1,286.1,0.0,0.0,1.0,std_0.1,7,0.67,0.1,beta,none
City-C,T3,1x,200.0,S1_CapRR,routine,M_routine,650,True,1,648.6,426.8,0.0,0.3421,1.0,std_0.1,7,0.67,0.1,beta,none
City-C,T3,1x,200.0,S1_CapRR,cross_regime,M_stress,650,True,1,648.6,218.1,0.0,0.6638,1.0,std_0.1,7,0.67,0.1,beta,none
City-C,T3,1x,200.0,S2_Platform,routine,M_routine,650,True,1,456.8,426.8,0.0,0.0657,1.0,std_0.1,7,0.67,0.1,beta,none
City-C,T3,1x,200.0,S2_Platform,cross_regime,M_stress,650,True,1,456.8,218.1,0.0,0.5225,1.0,std_0.1,7,0.67,0.1,beta,none
City-C,T3,1x,200.0,S3_Lin4,routine,M_routine,650,True,1,405.2,426.8,0.0,0.0,1.0,std_0.1,7,0.67,0.1,beta,none
City-C,T3,1x,200.0,S3_Lin4,cross_regime,M_stress,650,True,1,405.2,218.1,0.0,0.4618,1.0,std_0.1,7,0.67,0.1,beta,none
City-C,T3,1x,200.0,S4_GlobalCalib,routine,M_routine,650,True,1,430.1,426.8,0.0,0.0079,1.0,std_0.1,7,0.67,0.1,beta,none
City-C,T3,1x,200.0,S4_GlobalCalib,cross_regime,M_stress,650,True,1,430.1,218.1,0.0,0.493,1.0,std_0.1,7,0.67,0.1,beta,none
City-C,T3,1x,200.0,S5_CityCalib,routine,M_routine,650,True,1,436.2,426.8,0.0,0.0216,1.0,std_0.1,7,0.67,0.1,beta,none
City-C,T3,1x,200.0,S5_CityCalib,cross_regime,M_stress,650,True,1,436.2,218.1,0.0,0.5,1.0,std_0.1,7,0.67,0.1,beta,none
City-C,T3,1x,200.0,S6_Q10,routine,M_routine,650,True,1,346.3,426.8,0.0,0.0,1.0,std_0.1,7,0.67,0.1,beta,none
City-C,T3,1x,200.0,S6_Q10,cross_regime,M_stress,650,True,1,346.3,218.1,0.0,0.3703,1.0,std_0.1,7,0.67,0.1,beta,none
City-C,T3,2x,400.0,S0a_RoutineOracle,routine,M_routine,650,True,1,426.8,426.8,0.0,0.0,1.0,std_0.1,7,0.67,0.1,beta,none
City-C,T3,2x,400.0,S0a_RoutineOracle,cross_regime,M_stress,650,True,1,426.8,218.1,181.9,0.4889,0.0,std_0.1,7,0.67,0.1,beta,none
City-C,T3,2x,400.0,S0b_StressOracle,routine,M_routine,650,True,2,561.9,703.5,0.0,0.0,1.0,std_0.1,7,0.67,0.1,beta,none
City-C,T3,2x,400.0,S0b_StressOracle,cross_regime,M_stress,650,True,2,561.9,561.9,0.0,0.0,1.0,std_0.1,7,0.67,0.1,beta,none
City-C,T3,2x,400.0,S1_CapRR,routine,M_routine,650,True,1,648.6,426.8,0.0,0.3421,1.0,std_0.1,7,0.67,0.1,beta,none
City-C,T3,2x,400.0,S1_CapRR,cross_regime,M_stress,650,True,1,648.6,218.1,181.9,0.6638,0.0,std_0.1,7,0.67,0.1,beta,none
City-C,T3,2x,400.0,S2_Platform,routine,M_routine,650,True,1,456.8,426.8,0.0,0.0657,1.0,std_0.1,7,0.67,0.1,beta,none
City-C,T3,2x,400.0,S2_Platform,cross_regime,M_stress,650,True,1,456.8,218.1,181.9,0.5225,0.0,std_0.1,7,0.67,0.1,beta,none
City-C,T3,2x,400.0,S3_Lin4,routine,M_routine,650,True,1,405.2,426.8,0.0,0.0,1.0,std_0.1,7,0.67,0.1,beta,none
City-C,T3,2x,400.0,S3_Lin4,cross_regime,M_stress,650,True,1,405.2,218.1,181.9,0.4618,0.0,std_0.1,7,0.67,0.1,beta,none
City-C,T3,2x,400.0,S4_GlobalCalib,routine,M_routine,650,True,1,430.1,426.8,0.0,0.0079,1.0,std_0.1,7,0.67,0.1,beta,none
City-C,T3,2x,400.0,S4_GlobalCalib,cross_regime,M_stress,650,True,1,430.1,218.1,181.9,0.493,0.0,std_0.1,7,0.67,0.1,beta,none
City-C,T3,2x,400.0,S5_CityCalib,routine,M_routine,650,True,1,436.2,426.8,0.0,0.0216,1.0,std_0.1,7,0.67,0.1,beta,none
City-C,T3,2x,400.0,S5_CityCalib,cross_regime,M_stress,650,True,1,436.2,218.1,181.9,0.5,0.0,std_0.1,7,0.67,0.1,beta,none
City-C,T3,2x,400.0,S6_Q10,routine,M_routine,650,True,2,676.5,836.7,0.0,0.0,1.0,std_0.1,7,0.67,0.1,beta,none
City-C,T3,2x,400.0,S6_Q10,cross_regime,M_stress,650,True,2,676.5,504.2,0.0,0.2547,1.0,std_0.1,7,0.67,0.1,beta,none
City-C,T3,5x,1000.0,S0a_RoutineOracle,routine,M_routine,650,True,3,1214.3,1214.3,0.0,0.0,1.0,std_0.1,7,0.67,0.1,beta,none
City-C,T3,5x,1000.0,S0a_RoutineOracle,cross_regime,M_stress,650,True,3,1214.3,734.9,265.1,0.3948,0.0,std_0.1,7,0.67,0.1,beta,none
City-C,T3,5x,1000.0,S0b_StressOracle,routine,M_routine,650,True,4,1084.7,1412.9,0.0,0.0,1.0,std_0.1,7,0.67,0.1,beta,none
City-C,T3,5x,1000.0,S0b_StressOracle,cross_regime,M_stress,650,True,4,1084.7,1084.7,0.0,0.0,1.0,std_0.1,7,0.67,0.1,beta,none
City-C,T3,5x,1000.0,S1_CapRR,routine,M_routine,650,True,2,1266.8,836.7,163.3,0.3395,0.0,std_0.1,7,0.67,0.1,beta,none
City-C,T3,5x,1000.0,S1_CapRR,cross_regime,M_stress,650,True,2,1266.8,504.2,495.8,0.602,0.0,std_0.1,7,0.67,0.1,beta,none
City-C,T3,5x,1000.0,S2_Platform,routine,M_routine,650,True,3,1285.7,1045.1,0.0,0.1872,1.0,std_0.1,7,0.67,0.1,beta,none
City-C,T3,5x,1000.0,S2_Platform,cross_regime,M_stress,650,True,3,1285.7,617.2,382.8,0.52,0.0,std_0.1,7,0.67,0.1,beta,none
City-C,T3,5x,1000.0,S3_Lin4,routine,M_routine,650,True,3,1174.1,1190.6,0.0,0.0,1.0,std_0.1,7,0.67,0.1,beta,none
City-C,T3,5x,1000.0,S3_Lin4,cross_regime,M_stress,650,True,3,1174.1,774.0,226.0,0.3407,0.0,std_0.1,7,0.67,0.1,beta,none
City-C,T3,5x,1000.0,S4_GlobalCalib,routine,M_routine,650,True,3,1214.8,1190.6,0.0,0.0199,1.0,std_0.1,7,0.67,0.1,beta,none
City-C,T3,5x,1000.0,S4_GlobalCalib,cross_regime,M_stress,650,True,3,1214.8,774.0,226.0,0.3628,0.0,std_0.1,7,0.67,0.1,beta,none
City-C,T3,5x,1000.0,S5_CityCalib,routine,M_routine,650,True,3,1231.4,1190.6,0.0,0.0331,1.0,std_0.1,7,0.67,0.1,beta,none
City-C,T3,5x,1000.0,S5_CityCalib,cross_regime,M_stress,650,True,3,1231.4,774.0,226.0,0.3714,0.0,std_0.1,7,0.67,0.1,beta,none
City-C,T3,5x,1000.0,S6_Q10,routine,M_routine,650,True,4,1253.1,1484.2,0.0,0.0,1.0,std_0.1,7,0.67,0.1,beta,none
City-C,T3,5x,1000.0,S6_Q10,cross_regime,M_stress,650,True,4,1253.1,1049.8,0.0,0.1622,1.0,std_0.1,7,0.67,0.1,beta,none
City-C,T3,10x,2000.0,S0a_RoutineOracle,routine,M_routine,650,True,6,2288.5,2288.5,0.0,0.0,1.0,std_0.1,7,0.67,0.1,beta,none
City-C,T3,10x,2000.0,S0a_RoutineOracle,cross_regime,M_stress,650,True,6,2288.5,1363.4,636.6,0.4043,0.0,std_0.1,7,0.67,0.1,beta,none
City-C,T3,10x,2000.0,S0b_StressOracle,routine,M_routine,650,True,9,2197.4,3002.5,0.0,0.0,1.0,std_0.1,7,0.67,0.1,beta,none
City-C,T3,10x,2000.0,S0b_StressOracle,cross_regime,M_stress,650,True,9,2197.4,2197.4,0.0,0.0,1.0,std_0.1,7,0.67,0.1,beta,none
City-C,T3,10x,2000.0,S1_CapRR,routine,M_routine,650,True,4,2346.7,1484.2,515.8,0.3676,0.0,std_0.1,7,0.67,0.1,beta,none
City-C,T3,10x,2000.0,S1_CapRR,cross_regime,M_stress,650,True,4,2346.7,1049.8,950.2,0.5526,0.0,std_0.1,7,0.67,0.1,beta,none
City-C,T3,10x,2000.0,S2_Platform,routine,M_routine,650,True,5,2048.1,1601.3,398.7,0.2182,0.0,std_0.1,7,0.67,0.1,beta,none
City-C,T3,10x,2000.0,S2_Platform,cross_regime,M_stress,650,True,5,2048.1,1102.3,897.7,0.4618,0.0,std_0.1,7,0.67,0.1,beta,none
City-C,T3,10x,2000.0,S3_Lin4,routine,M_routine,650,True,6,2264.6,2186.6,0.0,0.0344,1.0,std_0.1,7,0.67,0.1,beta,none
City-C,T3,10x,2000.0,S3_Lin4,cross_regime,M_stress,650,True,6,2264.6,1403.8,596.2,0.3801,0.0,std_0.1,7,0.67,0.1,beta,none
City-C,T3,10x,2000.0,S4_GlobalCalib,routine,M_routine,650,True,6,2226.7,2111.8,0.0,0.0516,1.0,std_0.1,7,0.67,0.1,beta,none
City-C,T3,10x,2000.0,S4_GlobalCalib,cross_regime,M_stress,650,True,6,2226.7,1538.0,462.0,0.3093,0.0,std_0.1,7,0.67,0.1,beta,none
City-C,T3,10x,2000.0,S5_CityCalib,routine,M_routine,650,True,6,2256.0,2111.8,0.0,0.0639,1.0,std_0.1,7,0.67,0.1,beta,none
City-C,T3,10x,2000.0,S5_CityCalib,cross_regime,M_stress,650,True,6,2256.0,1538.0,462.0,0.3183,0.0,std_0.1,7,0.67,0.1,beta,none
City-C,T3,10x,2000.0,S6_Q10,routine,M_routine,650,True,7,2054.9,2471.6,0.0,0.0,1.0,std_0.1,7,0.67,0.1,beta,none
City-C,T3,10x,2000.0,S6_Q10,cross_regime,M_stress,650,True,7,2054.9,1718.6,281.4,0.1636,0.0,std_0.1,7,0.67,0.1,beta,none
City-C,T4,1x,140.0,S0a_RoutineOracle,routine,M_routine,650,True,1,614.0,614.0,0.0,0.0,1.0,std_0.1,7,0.67,0.1,beta,none
City-C,T4,1x,140.0,S0a_RoutineOracle,cross_regime,M_stress,650,True,1,614.0,317.0,0.0,0.4838,1.0,std_0.1,7,0.67,0.1,beta,none
City-C,T4,1x,140.0,S0b_StressOracle,routine,M_routine,650,True,1,409.3,486.9,0.0,0.0,1.0,std_0.1,7,0.67,0.1,beta,none
City-C,T4,1x,140.0,S0b_StressOracle,cross_regime,M_stress,650,True,1,409.3,409.3,0.0,0.0,1.0,std_0.1,7,0.67,0.1,beta,none
City-C,T4,1x,140.0,S1_CapRR,routine,M_routine,650,True,1,737.0,486.9,0.0,0.3393,1.0,std_0.1,7,0.67,0.1,beta,none
City-C,T4,1x,140.0,S1_CapRR,cross_regime,M_stress,650,True,1,737.0,409.3,0.0,0.4447,1.0,std_0.1,7,0.67,0.1,beta,none
City-C,T4,1x,140.0,S2_Platform,routine,M_routine,650,True,1,377.7,364.3,0.0,0.0353,1.0,std_0.1,7,0.67,0.1,beta,none
City-C,T4,1x,140.0,S2_Platform,cross_regime,M_stress,650,True,1,377.7,193.0,0.0,0.4891,1.0,std_0.1,7,0.67,0.1,beta,none
City-C,T4,1x,140.0,S3_Lin4,routine,M_routine,650,True,1,419.3,486.9,0.0,0.0,1.0,std_0.1,7,0.67,0.1,beta,none
City-C,T4,1x,140.0,S3_Lin4,cross_regime,M_stress,650,True,1,419.3,409.3,0.0,0.024,1.0,std_0.1,7,0.67,0.1,beta,none
City-C,T4,1x,140.0,S4_GlobalCalib,routine,M_routine,650,True,1,490.0,486.9,0.0,0.0062,1.0,std_0.1,7,0.67,0.1,beta,none
City-C,T4,1x,140.0,S4_GlobalCalib,cross_regime,M_stress,650,True,1,490.0,409.3,0.0,0.1648,1.0,std_0.1,7,0.67,0.1,beta,none
City-C,T4,1x,140.0,S5_CityCalib,routine,M_routine,650,True,1,490.7,486.9,0.0,0.0077,1.0,std_0.1,7,0.67,0.1,beta,none
City-C,T4,1x,140.0,S5_CityCalib,cross_regime,M_stress,650,True,1,490.7,409.3,0.0,0.166,1.0,std_0.1,7,0.67,0.1,beta,none
City-C,T4,1x,140.0,S6_Q10,routine,M_routine,650,True,1,394.2,486.9,0.0,0.0,1.0,std_0.1,7,0.67,0.1,beta,none
City-C,T4,1x,140.0,S6_Q10,cross_regime,M_stress,650,True,1,394.2,409.3,0.0,0.0,1.0,std_0.1,7,0.67,0.1,beta,none
City-C,T4,2x,280.0,S0a_RoutineOracle,routine,M_routine,650,True,1,614.0,614.0,0.0,0.0,1.0,std_0.1,7,0.67,0.1,beta,none
City-C,T4,2x,280.0,S0a_RoutineOracle,cross_regime,M_stress,650,True,1,614.0,317.0,0.0,0.4838,1.0,std_0.1,7,0.67,0.1,beta,none
City-C,T4,2x,280.0,S0b_StressOracle,routine,M_routine,650,True,1,409.3,486.9,0.0,0.0,1.0,std_0.1,7,0.67,0.1,beta,none
City-C,T4,2x,280.0,S0b_StressOracle,cross_regime,M_stress,650,True,1,409.3,409.3,0.0,0.0,1.0,std_0.1,7,0.67,0.1,beta,none
City-C,T4,2x,280.0,S1_CapRR,routine,M_routine,650,True,1,737.0,486.9,0.0,0.3393,1.0,std_0.1,7,0.67,0.1,beta,none
City-C,T4,2x,280.0,S1_CapRR,cross_regime,M_stress,650,True,1,737.0,409.3,0.0,0.4447,1.0,std_0.1,7,0.67,0.1,beta,none
City-C,T4,2x,280.0,S2_Platform,routine,M_routine,650,True,1,377.7,364.3,0.0,0.0353,1.0,std_0.1,7,0.67,0.1,beta,none
City-C,T4,2x,280.0,S2_Platform,cross_regime,M_stress,650,True,1,377.7,193.0,87.0,0.4891,0.0,std_0.1,7,0.67,0.1,beta,none
City-C,T4,2x,280.0,S3_Lin4,routine,M_routine,650,True,1,419.3,486.9,0.0,0.0,1.0,std_0.1,7,0.67,0.1,beta,none
City-C,T4,2x,280.0,S3_Lin4,cross_regime,M_stress,650,True,1,419.3,409.3,0.0,0.024,1.0,std_0.1,7,0.67,0.1,beta,none
City-C,T4,2x,280.0,S4_GlobalCalib,routine,M_routine,650,True,1,490.0,486.9,0.0,0.0062,1.0,std_0.1,7,0.67,0.1,beta,none
City-C,T4,2x,280.0,S4_GlobalCalib,cross_regime,M_stress,650,True,1,490.0,409.3,0.0,0.1648,1.0,std_0.1,7,0.67,0.1,beta,none
City-C,T4,2x,280.0,S5_CityCalib,routine,M_routine,650,True,1,490.7,486.9,0.0,0.0077,1.0,std_0.1,7,0.67,0.1,beta,none
City-C,T4,2x,280.0,S5_CityCalib,cross_regime,M_stress,650,True,1,490.7,409.3,0.0,0.166,1.0,std_0.1,7,0.67,0.1,beta,none
City-C,T4,2x,280.0,S6_Q10,routine,M_routine,650,True,1,394.2,486.9,0.0,0.0,1.0,std_0.1,7,0.67,0.1,beta,none
City-C,T4,2x,280.0,S6_Q10,cross_regime,M_stress,650,True,1,394.2,409.3,0.0,0.0,1.0,std_0.1,7,0.67,0.1,beta,none
City-C,T4,5x,700.0,S0a_RoutineOracle,routine,M_routine,650,True,2,1113.5,1113.5,0.0,0.0,1.0,std_0.1,7,0.67,0.1,beta,none
City-C,T4,5x,700.0,S0a_RoutineOracle,cross_regime,M_stress,650,True,2,1113.5,475.6,224.4,0.5728,0.0,std_0.1,7,0.67,0.1,beta,none
City-C,T4,5x,700.0,S0b_StressOracle,routine,M_routine,650,True,2,726.3,1101.0,0.0,0.0,1.0,std_0.1,7,0.67,0.1,beta,none
City-C,T4,5x,700.0,S0b_StressOracle,cross_regime,M_stress,650,True,2,726.3,726.3,0.0,0.0,1.0,std_0.1,7,0.67,0.1,beta,none
City-C,T4,5x,700.0,S1_CapRR,routine,M_routine,650,True,1,737.0,486.9,213.1,0.3393,0.0,std_0.1,7,0.67,0.1,beta,none
City-C,T4,5x,700.0,S1_CapRR,cross_regime,M_stress,650,True,1,737.0,409.3,290.7,0.4447,0.0,std_0.1,7,0.67,0.1,beta,none
City-C,T4,5x,700.0,S2_Platform,routine,M_routine,650,True,2,738.2,978.4,0.0,0.0,1.0,std_0.1,7,0.67,0.1,beta,none
City-C,T4,5x,700.0,S2_Platform,cross_regime,M_stress,650,True,2,738.2,510.0,190.0,0.3092,0.0,std_0.1,7,0.67,0.1,beta,none
City-C,T4,5x,700.0,S3_Lin4,routine,M_routine,650,True,2,820.5,1101.0,0.0,0.0,1.0,std_0.1,7,0.67,0.1,beta,none
City-C,T4,5x,700.0,S3_Lin4,cross_regime,M_stress,650,True,2,820.5,726.3,0.0,0.1148,1.0,std_0.1,7,0.67,0.1,beta,none
City-C,T4,5x,700.0,S4_GlobalCalib,routine,M_routine,650,True,2,957.1,1101.0,0.0,0.0,1.0,std_0.1,7,0.67,0.1,beta,none
City-C,T4,5x,700.0,S4_GlobalCalib,cross_regime,M_stress,650,True,2,957.1,726.3,0.0,0.2412,1.0,std_0.1,7,0.67,0.1,beta,none
City-C,T4,5x,700.0,S5_CityCalib,routine,M_routine,650,True,2,958.5,1101.0,0.0,0.0,1.0,std_0.1,7,0.67,0.1,beta,none
City-C,T4,5x,700.0,S5_CityCalib,cross_regime,M_stress,650,True,2,958.5,726.3,0.0,0.2423,1.0,std_0.1,7,0.67,0.1,beta,none
City-C,T4,5x,700.0,S6_Q10,routine,M_routine,650,True,2,769.9,1101.0,0.0,0.0,1.0,std_0.1,7,0.67,0.1,beta,none
City-C,T4,5x,700.0,S6_Q10,cross_regime,M_stress,650,True,2,769.9,726.3,0.0,0.0568,1.0,std_0.1,7,0.67,0.1,beta,none
City-C,T4,10x,1400.0,S0a_RoutineOracle,routine,M_routine,650,True,3,1600.4,1600.4,0.0,0.0,1.0,std_0.1,7,0.67,0.1,beta,none
City-C,T4,10x,1400.0,S0a_RoutineOracle,cross_regime,M_stress,650,True,3,1600.4,884.9,515.1,0.4471,0.0,std_0.1,7,0.67,0.1,beta,none
City-C,T4,10x,1400.0,S0b_StressOracle,routine,M_routine,650,True,5,1584.3,2141.3,0.0,0.0,1.0,std_0.1,7,0.67,0.1,beta,none
City-C,T4,10x,1400.0,S0b_StressOracle,cross_regime,M_stress,650,True,5,1584.3,1584.3,0.0,0.0,1.0,std_0.1,7,0.67,0.1,beta,none
City-C,T4,10x,1400.0,S1_CapRR,routine,M_routine,650,True,2,1439.5,1101.0,299.0,0.2352,0.0,std_0.1,7,0.67,0.1,beta,none
City-C,T4,10x,1400.0,S1_CapRR,cross_regime,M_stress,650,True,2,1439.5,726.3,673.7,0.4955,0.0,std_0.1,7,0.67,0.1,beta,none
City-C,T4,10x,1400.0,S2_Platform,routine,M_routine,650,True,4,1425.4,1847.6,0.0,0.0,1.0,std_0.1,7,0.67,0.1,beta,none
City-C,T4,10x,1400.0,S2_Platform,cross_regime,M_stress,650,True,4,1425.4,973.4,426.6,0.3171,0.0,std_0.1,7,0.67,0.1,beta,none
City-C,T4,10x,1400.0,S3_Lin4,routine,M_routine,650,True,4,1596.5,1912.2,0.0,0.0,1.0,std_0.1,7,0.67,0.1,beta,none
City-C,T4,10x,1400.0,S3_Lin4,cross_regime,M_stress,650,True,4,1596.5,1199.2,200.8,0.2489,0.0,std_0.1,7,0.67,0.1,beta,none
City-C,T4,10x,1400.0,S4_GlobalCalib,routine,M_routine,650,True,4,1773.0,1923.3,0.0,0.0,1.0,std_0.1,7,0.67,0.1,beta,none
City-C,T4,10x,1400.0,S4_GlobalCalib,cross_regime,M_stress,650,True,4,1773.0,1278.0,122.0,0.2792,0.0,std_0.1,7,0.67,0.1,beta,none
City-C,T4,10x,1400.0,S5_CityCalib,routine,M_routine,650,True,4,1775.7,1923.3,0.0,0.0,1.0,std_0.1,7,0.67,0.1,beta,none
City-C,T4,10x,1400.0,S5_CityCalib,cross_regime,M_stress,650,True,4,1775.7,1278.0,122.0,0.2803,0.0,std_0.1,7,0.67,0.1,beta,none
City-C,T4,10x,1400.0,S6_Q10,routine,M_routine,650,True,4,1426.3,1923.3,0.0,0.0,1.0,std_0.1,7,0.67,0.1,beta,none
City-C,T4,10x,1400.0,S6_Q10,cross_regime,M_stress,650,True,4,1426.3,1278.0,122.0,0.104,0.0,std_0.1,7,0.67,0.1,beta,none
City-C,T5,1x,160.0,S0a_RoutineOracle,routine,M_routine,650,True,1,452.5,452.5,0.0,0.0,1.0,std_0.1,7,0.67,0.1,beta,none
City-C,T5,1x,160.0,S0a_RoutineOracle,cross_regime,M_stress,650,True,1,452.5,253.9,0.0,0.439,1.0,std_0.1,7,0.67,0.1,beta,none
City-C,T5,1x,160.0,S0b_StressOracle,routine,M_routine,650,True,1,306.7,405.2,0.0,0.0,1.0,std_0.1,7,0.67,0.1,beta,none
City-C,T5,1x,160.0,S0b_StressOracle,cross_regime,M_stress,650,True,1,306.7,306.7,0.0,0.0,1.0,std_0.1,7,0.67,0.1,beta,none
City-C,T5,1x,160.0,S1_CapRR,routine,M_routine,650,True,1,648.6,452.5,0.0,0.3023,1.0,std_0.1,7,0.67,0.1,beta,none
City-C,T5,1x,160.0,S1_CapRR,cross_regime,M_stress,650,True,1,648.6,253.9,0.0,0.6086,1.0,std_0.1,7,0.67,0.1,beta,none
City-C,T5,1x,160.0,S2_Platform,routine,M_routine,650,True,1,451.5,452.5,0.0,0.0,1.0,std_0.1,7,0.67,0.1,beta,none
City-C,T5,1x,160.0,S2_Platform,cross_regime,M_stress,650,True,1,451.5,253.9,0.0,0.4377,1.0,std_0.1,7,0.67,0.1,beta,none
City-C,T5,1x,160.0,S3_Lin4,routine,M_routine,650,True,1,406.2,452.5,0.0,0.0,1.0,std_0.1,7,0.67,0.1,beta,none
City-C,T5,1x,160.0,S3_Lin4,cross_regime,M_stress,650,True,1,406.2,253.9,0.0,0.375,1.0,std_0.1,7,0.67,0.1,beta,none
City-C,T5,1x,160.0,S4_GlobalCalib,routine,M_routine,650,True,1,430.9,452.5,0.0,0.0,1.0,std_0.1,7,0.67,0.1,beta,none
City-C,T5,1x,160.0,S4_GlobalCalib,cross_regime,M_stress,650,True,1,430.9,253.9,0.0,0.4108,1.0,std_0.1,7,0.67,0.1,beta,none
City-C,T5,1x,160.0,S5_CityCalib,routine,M_routine,650,True,1,436.2,452.5,0.0,0.0,1.0,std_0.1,7,0.67,0.1,beta,none
City-C,T5,1x,160.0,S5_CityCalib,cross_regime,M_stress,650,True,1,436.2,253.9,0.0,0.418,1.0,std_0.1,7,0.67,0.1,beta,none
City-C,T5,1x,160.0,S6_Q10,routine,M_routine,650,True,1,346.0,452.5,0.0,0.0,1.0,std_0.1,7,0.67,0.1,beta,none
City-C,T5,1x,160.0,S6_Q10,cross_regime,M_stress,650,True,1,346.0,253.9,0.0,0.2663,1.0,std_0.1,7,0.67,0.1,beta,none
City-C,T5,2x,320.0,S0a_RoutineOracle,routine,M_routine,650,True,1,452.5,452.5,0.0,0.0,1.0,std_0.1,7,0.67,0.1,beta,none
City-C,T5,2x,320.0,S0a_RoutineOracle,cross_regime,M_stress,650,True,1,452.5,253.9,66.1,0.439,0.0,std_0.1,7,0.67,0.1,beta,none
City-C,T5,2x,320.0,S0b_StressOracle,routine,M_routine,650,True,2,586.7,664.7,0.0,0.0,1.0,std_0.1,7,0.67,0.1,beta,none
City-C,T5,2x,320.0,S0b_StressOracle,cross_regime,M_stress,650,True,2,586.7,586.7,0.0,0.0,1.0,std_0.1,7,0.67,0.1,beta,none
City-C,T5,2x,320.0,S1_CapRR,routine,M_routine,650,True,1,648.6,452.5,0.0,0.3023,1.0,std_0.1,7,0.67,0.1,beta,none
City-C,T5,2x,320.0,S1_CapRR,cross_regime,M_stress,650,True,1,648.6,253.9,66.1,0.6086,0.0,std_0.1,7,0.67,0.1,beta,none
City-C,T5,2x,320.0,S2_Platform,routine,M_routine,650,True,1,451.5,452.5,0.0,0.0,1.0,std_0.1,7,0.67,0.1,beta,none
City-C,T5,2x,320.0,S2_Platform,cross_regime,M_stress,650,True,1,451.5,253.9,66.1,0.4377,0.0,std_0.1,7,0.67,0.1,beta,none
City-C,T5,2x,320.0,S3_Lin4,routine,M_routine,650,True,1,406.2,452.5,0.0,0.0,1.0,std_0.1,7,0.67,0.1,beta,none
City-C,T5,2x,320.0,S3_Lin4,cross_regime,M_stress,650,True,1,406.2,253.9,66.1,0.375,0.0,std_0.1,7,0.67,0.1,beta,none
City-C,T5,2x,320.0,S4_GlobalCalib,routine,M_routine,650,True,1,430.9,452.5,0.0,0.0,1.0,std_0.1,7,0.67,0.1,beta,none
City-C,T5,2x,320.0,S4_GlobalCalib,cross_regime,M_stress,650,True,1,430.9,253.9,66.1,0.4108,0.0,std_0.1,7,0.67,0.1,beta,none
City-C,T5,2x,320.0,S5_CityCalib,routine,M_routine,650,True,1,436.2,452.5,0.0,0.0,1.0,std_0.1,7,0.67,0.1,beta,none
City-C,T5,2x,320.0,S5_CityCalib,cross_regime,M_stress,650,True,1,436.2,253.9,66.1,0.418,0.0,std_0.1,7,0.67,0.1,beta,none
City-C,T5,2x,320.0,S6_Q10,routine,M_routine,650,True,1,346.0,452.5,0.0,0.0,1.0,std_0.1,7,0.67,0.1,beta,none
City-C,T5,2x,320.0,S6_Q10,cross_regime,M_stress,650,True,1,346.0,253.9,66.1,0.2663,0.0,std_0.1,7,0.67,0.1,beta,none
City-C,T5,5x,800.0,S0a_RoutineOracle,routine,M_routine,650,True,2,857.7,857.7,0.0,0.0,1.0,std_0.1,7,0.67,0.1,beta,none
City-C,T5,5x,800.0,S0a_RoutineOracle,cross_regime,M_stress,650,True,2,857.7,560.6,239.4,0.3464,0.0,std_0.1,7,0.67,0.1,beta,none
City-C,T5,5x,800.0,S0b_StressOracle,routine,M_routine,650,True,3,860.6,1029.9,0.0,0.0,1.0,std_0.1,7,0.67,0.1,beta,none
City-C,T5,5x,800.0,S0b_StressOracle,cross_regime,M_stress,650,True,3,860.6,860.6,0.0,0.0,1.0,std_0.1,7,0.67,0.1,beta,none
City-C,T5,5x,800.0,S1_CapRR,routine,M_routine,650,True,2,1266.8,817.7,0.0,0.3546,1.0,std_0.1,7,0.67,0.1,beta,none
City-C,T5,5x,800.0,S1_CapRR,cross_regime,M_stress,650,True,2,1266.8,527.8,272.2,0.5834,0.0,std_0.1,7,0.67,0.1,beta,none
City-C,T5,5x,800.0,S2_Platform,routine,M_routine,650,True,2,882.9,752.3,47.7,0.148,0.0,std_0.1,7,0.67,0.1,beta,none
City-C,T5,5x,800.0,S2_Platform,cross_regime,M_stress,650,True,2,882.9,429.1,370.9,0.514,0.0,std_0.1,7,0.67,0.1,beta,none
City-C,T5,5x,800.0,S3_Lin4,routine,M_routine,650,True,3,1177.1,1222.9,0.0,0.0,1.0,std_0.1,7,0.67,0.1,beta,none
City-C,T5,5x,800.0,S3_Lin4,cross_regime,M_stress,650,True,3,1177.1,834.5,0.0,0.2911,1.0,std_0.1,7,0.67,0.1,beta,none
City-C,T5,5x,800.0,S4_GlobalCalib,routine,M_routine,650,True,2,841.6,817.7,0.0,0.0285,1.0,std_0.1,7,0.67,0.1,beta,none
City-C,T5,5x,800.0,S4_GlobalCalib,cross_regime,M_stress,650,True,2,841.6,527.8,272.2,0.3729,0.0,std_0.1,7,0.67,0.1,beta,none
City-C,T5,5x,800.0,S5_CityCalib,routine,M_routine,650,True,2,851.9,817.7,0.0,0.0402,1.0,std_0.1,7,0.67,0.1,beta,none
City-C,T5,5x,800.0,S5_CityCalib,cross_regime,M_stress,650,True,2,851.9,527.8,272.2,0.3804,0.0,std_0.1,7,0.67,0.1,beta,none
City-C,T5,5x,800.0,S6_Q10,routine,M_routine,650,True,3,977.1,1222.9,0.0,0.0,1.0,std_0.1,7,0.67,0.1,beta,none
City-C,T5,5x,800.0,S6_Q10,cross_regime,M_stress,650,True,3,977.1,834.5,0.0,0.1459,1.0,std_0.1,7,0.67,0.1,beta,none
City-C,T5,10x,1600.0,S0a_RoutineOracle,routine,M_routine,650,True,4,1613.9,1613.9,0.0,0.0,1.0,std_0.1,7,0.67,0.1,beta,none
City-C,T5,10x,1600.0,S0a_RoutineOracle,cross_regime,M_stress,650,True,4,1613.9,969.2,630.8,0.3995,0.0,std_0.1,7,0.67,0.1,beta,none
City-C,T5,10x,1600.0,S0b_StressOracle,routine,M_routine,650,True,7,1819.7,2524.1,0.0,0.0,1.0,std_0.1,7,0.67,0.1,beta,none
City-C,T5,10x,1600.0,S0b_StressOracle,cross_regime,M_stress,650,True,7,1819.7,1819.7,0.0,0.0,1.0,std_0.1,7,0.67,0.1,beta,none
City-C,T5,10x,1600.0,S1_CapRR,routine,M_routine,650,True,3,1831.4,1222.9,377.1,0.3323,0.0,std_0.1,7,0.67,0.1,beta,none
City-C,T5,10x,1600.0,S1_CapRR,cross_regime,M_stress,650,True,3,1831.4,834.5,765.5,0.5443,0.0,std_0.1,7,0.67,0.1,beta,none
City-C,T5,10x,1600.0,S2_Platform,routine,M_routine,650,True,4,1670.1,1426.5,173.5,0.1458,0.0,std_0.1,7,0.67,0.1,beta,none
City-C,T5,10x,1600.0,S2_Platform,cross_regime,M_stress,650,True,4,1670.1,887.9,712.1,0.4683,0.0,std_0.1,7,0.67,0.1,beta,none
City-C,T5,10x,1600.0,S3_Lin4,routine,M_routine,650,True,5,1925.4,1895.5,0.0,0.0155,1.0,std_0.1,7,0.67,0.1,beta,none
City-C,T5,10x,1600.0,S3_Lin4,cross_regime,M_stress,650,True,5,1925.4,1269.2,330.8,0.3408,0.0,std_0.1,7,0.67,0.1,beta,none
City-C,T5,10x,1600.0,S4_GlobalCalib,routine,M_routine,650,True,5,1898.1,1906.8,0.0,0.0,1.0,std_0.1,7,0.67,0.1,beta,none
City-C,T5,10x,1600.0,S4_GlobalCalib,cross_regime,M_stress,650,True,5,1898.1,1231.7,368.3,0.3511,0.0,std_0.1,7,0.67,0.1,beta,none
City-C,T5,10x,1600.0,S5_CityCalib,routine,M_routine,650,True,5,1920.2,1906.8,0.0,0.007,1.0,std_0.1,7,0.67,0.1,beta,none
City-C,T5,10x,1600.0,S5_CityCalib,cross_regime,M_stress,650,True,5,1920.2,1231.7,368.3,0.3586,0.0,std_0.1,7,0.67,0.1,beta,none
City-C,T5,10x,1600.0,S6_Q10,routine,M_routine,650,True,6,1790.5,2247.1,0.0,0.0,1.0,std_0.1,7,0.67,0.1,beta,none
City-C,T5,10x,1600.0,S6_Q10,cross_regime,M_stress,650,True,6,1790.5,1448.6,151.4,0.191,0.0,std_0.1,7,0.67,0.1,beta,none
