city,task_id,p_req_level,p_req,strategy,regime,eval_outcome,pool_size,pool_feasible,n_selected,p_commit,p_deliv,shortfall,ocr,success,config_name,seed_id,xi_mean,xi_std,xi_dist,xi_persistence
City-A,T1,1x,180.0,S0a_RoutineOracle,routine,M_routine,800,True,1,551.1,551.1,0.0,0.0,1.0,dist_logitnorm,4,0.67,0.15,logitnorm,none
City-A,T1,1x,180.0,S0a_RoutineOracle,cross_regime,M_stress,800,True,1,551.1,243.1,0.0,0.5588,1.0,dist_logitnorm,4,0.67,0.15,logitnorm,none
City-A,T1,1x,180.0,S0b_StressOracle,routine,M_routine,800,True,1,299.4,508.6,0.0,0.0,1.0,dist_logitnorm,4,0.67,0.15,logitnorm,none
City-A,T1,1x,180.0,S0b_StressOracle,cross_regime,M_stress,800,True,1,299.4,299.4,0.0,0.0,1.0,dist_logitnorm,4,0.67,0.15,logitnorm,none
City-A,T1,1x,180.0,S1_CapRR,routine,M_routine,800,True,1,678.2,551.1,0.0,0.1874,1.0,dist_logitnorm,4,0.67,0.15,logitnorm,none
City-A,T1,1x,180.0,S1_CapRR,cross_regime,M_stress,800,True,1,678.2,243.1,0.0,0.6415,1.0,dist_logitnorm,4,0.67,0.15,logitnorm,none
City-A,T1,1x,180.0,S2_Platform,routine,M_routine,800,True,1,421.1,551.1,0.0,0.0,1.0,dist_logitnorm,4,0.67,0.15,logitnorm,none
City-A,T1,1x,180.0,S2_Platform,cross_regime,M_stress,800,True,1,421.1,243.1,0.0,0.4226,1.0,dist_logitnorm,4,0.67,0.15,logitnorm,none
City-A,T1,1x,180.0,S3_Lin4,routine,M_routine,800,True,1,488.6,551.1,0.0,0.0,1.0,dist_logitnorm,4,0.67,0.15,logitnorm,none
City-A,T1,1x,180.0,S3_Lin4,cross_regime,M_stress,800,True,1,488.6,243.1,0.0,0.5024,1.0,dist_logitnorm,4,0.67,0.15,logitnorm,none
City-A,T1,1x,180.0,S4_GlobalCalib,routine,M_routine,800,True,1,453.2,551.1,0.0,0.0,1.0,dist_logitnorm,4,0.67,0.15,logitnorm,none
City-A,T1,1x,180.0,S4_GlobalCalib,cross_regime,M_stress,800,True,1,453.2,243.1,0.0,0.4635,1.0,dist_logitnorm,4,0.67,0.15,logitnorm,none
City-A,T1,1x,180.0,S5_CityCalib,routine,M_routine,800,True,1,448.6,551.1,0.0,0.0,1.0,dist_logitnorm,4,0.67,0.15,logitnorm,none
City-A,T1,1x,180.0,S5_CityCalib,cross_regime,M_stress,800,True,1,448.6,243.1,0.0,0.458,1.0,dist_logitnorm,4,0.67,0.15,logitnorm,none
City-A,T1,1x,180.0,S6_Q10,routine,M_routine,800,True,1,310.4,551.1,0.0,0.0,1.0,dist_logitnorm,4,0.67,0.15,logitnorm,none
City-A,T1,1x,180.0,S6_Q10,cross_regime,M_stress,800,True,1,310.4,243.1,0.0,0.2166,1.0,dist_logitnorm,4,0.67,0.15,logitnorm,none
City-A,T1,2x,360.0,S0a_RoutineOracle,routine,M_routine,800,True,1,551.1,551.1,0.0,0.0,1.0,dist_logitnorm,4,0.67,0.15,logitnorm,none
City-A,T1,2x,360.0,S0a_RoutineOracle,cross_regime,M_stress,800,True,1,551.1,243.1,116.9,0.5588,0.0,dist_logitnorm,4,0.67,0.15,logitnorm,none
City-A,T1,2x,360.0,S0b_StressOracle,routine,M_routine,800,True,2,582.4,764.6,0.0,0.0,1.0,dist_logitnorm,4,0.67,0.15,logitnorm,none
City-A,T1,2x,360.0,S0b_StressOracle,cross_regime,M_stress,800,True,2,582.4,582.4,0.0,0.0,1.0,dist_logitnorm,4,0.67,0.15,logitnorm,none
City-A,T1,2x,360.0,S1_CapRR,routine,M_routine,800,True,1,678.2,551.1,0.0,0.1874,1.0,dist_logitnorm,4,0.67,0.15,logitnorm,none
City-A,T1,2x,360.0,S1_CapRR,cross_regime,M_stress,800,True,1,678.2,243.1,116.9,0.6415,0.0,dist_logitnorm,4,0.67,0.15,logitnorm,none
City-A,T1,2x,360.0,S2_Platform,routine,M_routine,800,True,1,421.1,551.1,0.0,0.0,1.0,dist_logitnorm,4,0.67,0.15,logitnorm,none
City-A,T1,2x,360.0,S2_Platform,cross_regime,M_stress,800,True,1,421.1,243.1,116.9,0.4226,0.0,dist_logitnorm,4,0.67,0.15,logitnorm,none
City-A,T1,2x,360.0,S3_Lin4,routine,M_routine,800,True,1,488.6,551.1,0.0,0.0,1.0,dist_logitnorm,4,0.67,0.15,logitnorm,none
City-A,T1,2x,360.0,S3_Lin4,cross_regime,M_stress,800,True,1,488.6,243.1,116.9,0.5024,0.0,dist_logitnorm,4,0.67,0.15,logitnorm,none
City-A,T1,2x,360.0,S4_GlobalCalib,routine,M_routine,800,True,1,453.2,551.1,0.0,0.0,1.0,dist_logitnorm,4,0.67,0.15,logitnorm,none
City-A,T1,2x,360.0,S4_GlobalCalib,cross_regime,M_stress,800,True,1,453.2,243.1,116.9,0.4635,0.0,dist_logitnorm,4,0.67,0.15,logitnorm,none
City-A,T1,2x,360.0,S5_CityCalib,routine,M_routine,800,True,1,448.6,551.1,0.0,0.0,1.0,dist_logitnorm,4,0.67,0.15,logitnorm,none
City-A,T1,2x,360.0,S5_CityCalib,cross_regime,M_stress,800,True,1,448.6,243.1,116.9,0.458,0.0,dist_logitnorm,4,0.67,0.15,logitnorm,none
City-A,T1,2x,360.0,S6_Q10,routine,M_routine,800,True,2,591.9,895.8,0.0,0.0,1.0,dist_logitnorm,4,0.67,0.15,logitnorm,none
City-A,T1,2x,360.0,S6_Q10,cross_regime,M_stress,800,True,2,591.9,525.1,0.0,0.1128,1.0,dist_logitnorm,4,0.67,0.15,logitnorm,none
City-A,T1,5x,900.0,S0a_RoutineOracle,routine,M_routine,800,True,2,1059.6,1059.6,0.0,0.0,1.0,dist_logitnorm,4,0.67,0.15,logitnorm,none
City-A,T1,5x,900.0,S0a_RoutineOracle,cross_regime,M_stress,800,True,2,1059.6,542.5,357.5,0.488,0.0,dist_logitnorm,4,0.67,0.15,logitnorm,none
City-A,T1,5x,900.0,S0b_StressOracle,routine,M_routine,800,True,4,1146.3,1523.6,0.0,0.0,1.0,dist_logitnorm,4,0.67,0.15,logitnorm,none
City-A,T1,5x,900.0,S0b_StressOracle,cross_regime,M_stress,800,True,4,1146.3,1146.3,0.0,0.0,1.0,dist_logitnorm,4,0.67,0.15,logitnorm,none
City-A,T1,5x,900.0,S1_CapRR,routine,M_routine,800,True,2,1293.4,895.8,4.2,0.3074,0.0,dist_logitnorm,4,0.67,0.15,logitnorm,none
City-A,T1,5x,900.0,S1_CapRR,cross_regime,M_stress,800,True,2,1293.4,525.1,374.9,0.594,0.0,dist_logitnorm,4,0.67,0.15,logitnorm,none
City-A,T1,5x,900.0,S2_Platform,routine,M_routine,800,True,3,1202.1,1284.4,0.0,0.0,1.0,dist_logitnorm,4,0.67,0.15,logitnorm,none
City-A,T1,5x,900.0,S2_Platform,cross_regime,M_stress,800,True,3,1202.1,691.0,209.0,0.4251,0.0,dist_logitnorm,4,0.67,0.15,logitnorm,none
City-A,T1,5x,900.0,S3_Lin4,routine,M_routine,800,True,3,1252.9,1426.4,0.0,0.0,1.0,dist_logitnorm,4,0.67,0.15,logitnorm,none
City-A,T1,5x,900.0,S3_Lin4,cross_regime,M_stress,800,True,3,1252.9,790.8,109.2,0.3688,0.0,dist_logitnorm,4,0.67,0.15,logitnorm,none
City-A,T1,5x,900.0,S4_GlobalCalib,routine,M_routine,800,True,3,1262.6,1404.3,0.0,0.0,1.0,dist_logitnorm,4,0.67,0.15,logitnorm,none
City-A,T1,5x,900.0,S4_GlobalCalib,cross_regime,M_stress,800,True,3,1262.6,824.5,75.5,0.347,0.0,dist_logitnorm,4,0.67,0.15,logitnorm,none
City-A,T1,5x,900.0,S5_CityCalib,routine,M_routine,800,True,3,1250.0,1404.3,0.0,0.0,1.0,dist_logitnorm,4,0.67,0.15,logitnorm,none
City-A,T1,5x,900.0,S5_CityCalib,cross_regime,M_stress,800,True,3,1250.0,824.5,75.5,0.3404,0.0,dist_logitnorm,4,0.67,0.15,logitnorm,none
City-A,T1,5x,900.0,S6_Q10,routine,M_routine,800,True,4,1131.3,1894.1,0.0,0.0,1.0,dist_logitnorm,4,0.67,0.15,logitnorm,none
City-A,T1,5x,900.0,S6_Q10,cross_regime,M_stress,800,True,4,1131.3,1097.6,0.0,0.0298,1.0,dist_logitnorm,4,0.67,0.15,logitnorm,none
City-A,T1,10x,1800.0,S0a_RoutineOracle,routine,M_routine,800,True,4,1963.6,1963.6,0.0,0.0,1.0,dist_logitnorm,4,0.67,0.15,logitnorm,none
City-A,T1,10x,1800.0,S0a_RoutineOracle,cross_regime,M_stress,800,True,4,1963.6,1097.5,702.5,0.4411,0.0,dist_logitnorm,4,0.67,0.15,logitnorm,none
City-A,T1,10x,1800.0,S0b_StressOracle,routine,M_routine,800,True,7,1959.7,2619.9,0.0,0.0,1.0,dist_logitnorm,4,0.67,0.15,logitnorm,none
City-A,T1,10x,1800.0,S0b_StressOracle,cross_regime,M_stress,800,True,7,1959.7,1959.7,0.0,0.0,1.0,dist_logitnorm,4,0.67,0.15,logitnorm,none
City-A,T1,10x,1800.0,S1_CapRR,routine,M_routine,800,True,3,1889.7,1404.3,395.7,0.2568,0.0,dist_logitnorm,4,0.67,0.15,logitnorm,none
City-A,T1,10x,1800.0,S1_CapRR,cross_regime,M_stress,800,True,3,1889.7,824.5,975.5,0.5637,0.0,dist_logitnorm,4,0.67,0.15,logitnorm,none
City-A,T1,10x,1800.0,S2_Platform,routine,M_routine,800,True,5,1914.5,2034.8,0.0,0.0,1.0,dist_logitnorm,4,0.67,0.15,logitnorm,none
City-A,T1,10x,1800.0,S2_Platform,cross_regime,M_stress,800,True,5,1914.5,1212.0,588.0,0.3669,0.0,dist_logitnorm,4,0.67,0.15,logitnorm,none
City-A,T1,10x,1800.0,S3_Lin4,routine,M_routine,800,True,5,1972.8,2260.9,0.0,0.0,1.0,dist_logitnorm,4,0.67,0.15,logitnorm,none
City-A,T1,10x,1800.0,S3_Lin4,cross_regime,M_stress,800,True,5,1972.8,1346.0,454.0,0.3177,0.0,dist_logitnorm,4,0.67,0.15,logitnorm,none
City-A,T1,10x,1800.0,S4_GlobalCalib,routine,M_routine,800,True,5,2029.4,2269.7,0.0,0.0,1.0,dist_logitnorm,4,0.67,0.15,logitnorm,none
City-A,T1,10x,1800.0,S4_GlobalCalib,cross_regime,M_stress,800,True,5,2029.4,1352.7,447.3,0.3335,0.0,dist_logitnorm,4,0.67,0.15,logitnorm,none
City-A,T1,10x,1800.0,S5_CityCalib,routine,M_routine,800,True,5,2009.2,2269.7,0.0,0.0,1.0,dist_logitnorm,4,0.67,0.15,logitnorm,none
City-A,T1,10x,1800.0,S5_CityCalib,cross_regime,M_stress,800,True,5,2009.2,1352.7,447.3,0.3267,0.0,dist_logitnorm,4,0.67,0.15,logitnorm,none
City-A,T1,10x,1800.0,S6_Q10,routine,M_routine,800,True,7,1870.8,3025.1,0.0,0.0,1.0,dist_logitnorm,4,0.67,0.15,logitnorm,none
City-A,T1,10x,1800.0,S6_Q10,cross_regime,M_stress,800,True,7,1870.8,1767.0,33.0,0.0555,0.0,dist_logitnorm,4,0.67,0.15,logitnorm,none
City-A,T2,1x,260.0,S0a_RoutineOracle,routine,M_routine,800,True,1,468.8,468.8,0.0,0.0,1.0,dist_logitnorm,4,0.67,0.15,logitnorm,none
City-A,T2,1x,260.0,S0a_RoutineOracle,cross_regime,M_stress,800,True,1,468.8,280.4,0.0,0.4019,1.0,dist_logitnorm,4,0.67,0.15,logitnorm,none
City-A,T2,1x,260.0,S0b_StressOracle,routine,M_routine,800,True,1,301.2,288.7,0.0,0.0413,1.0,dist_logitnorm,4,0.67,0.15,logitnorm,none
City-A,T2,1x,260.0,S0b_StressOracle,cross_regime,M_stress,800,True,1,301.2,301.2,0.0,0.0,1.0,dist_logitnorm,4,0.67,0.15,logitnorm,none
City-A,T2,1x,260.0,S1_CapRR,routine,M_routine,800,True,1,678.2,288.7,0.0,0.5743,1.0,dist_logitnorm,4,0.67,0.15,logitnorm,none
City-A,T2,1x,260.0,S1_CapRR,cross_regime,M_stress,800,True,1,678.2,301.2,0.0,0.5559,1.0,dist_logitnorm,4,0.67,0.15,logitnorm,none
City-A,T2,1x,260.0,S2_Platform,routine,M_routine,800,True,1,441.1,288.7,0.0,0.3455,1.0,dist_logitnorm,4,0.67,0.15,logitnorm,none
City-A,T2,1x,260.0,S2_Platform,cross_regime,M_stress,800,True,1,441.1,301.2,0.0,0.3173,1.0,dist_logitnorm,4,0.67,0.15,logitnorm,none
City-A,T2,1x,260.0,S3_Lin4,routine,M_routine,800,True,1,486.8,288.7,0.0,0.407,1.0,dist_logitnorm,4,0.67,0.15,logitnorm,none
City-A,T2,1x,260.0,S3_Lin4,cross_regime,M_stress,800,True,1,486.8,301.2,0.0,0.3814,1.0,dist_logitnorm,4,0.67,0.15,logitnorm,none
City-A,T2,1x,260.0,S4_GlobalCalib,routine,M_routine,800,True,1,454.1,288.7,0.0,0.3643,1.0,dist_logitnorm,4,0.67,0.15,logitnorm,none
City-A,T2,1x,260.0,S4_GlobalCalib,cross_regime,M_stress,800,True,1,454.1,301.2,0.0,0.3369,1.0,dist_logitnorm,4,0.67,0.15,logitnorm,none
City-A,T2,1x,260.0,S5_CityCalib,routine,M_routine,800,True,1,455.9,288.7,0.0,0.3668,1.0,dist_logitnorm,4,0.67,0.15,logitnorm,none
City-A,T2,1x,260.0,S5_CityCalib,cross_regime,M_stress,800,True,1,455.9,301.2,0.0,0.3395,1.0,dist_logitnorm,4,0.67,0.15,logitnorm,none
City-A,T2,1x,260.0,S6_Q10,routine,M_routine,800,True,1,310.7,288.7,0.0,0.0709,1.0,dist_logitnorm,4,0.67,0.15,logitnorm,none
City-A,T2,1x,260.0,S6_Q10,cross_regime,M_stress,800,True,1,310.7,301.2,0.0,0.0308,1.0,dist_logitnorm,4,0.67,0.15,logitnorm,none
City-A,T2,2x,520.0,S0a_RoutineOracle,routine,M_routine,800,True,2,913.2,913.2,0.0,0.0,1.0,dist_logitnorm,4,0.67,0.15,logitnorm,none
City-A,T2,2x,520.0,S0a_RoutineOracle,cross_regime,M_stress,800,True,2,913.2,550.2,0.0,0.3975,1.0,dist_logitnorm,4,0.67,0.15,logitnorm,none
City-A,T2,2x,520.0,S0b_StressOracle,routine,M_routine,800,True,2,597.2,639.4,0.0,0.0,1.0,dist_logitnorm,4,0.67,0.15,logitnorm,none
City-A,T2,2x,520.0,S0b_StressOracle,cross_regime,M_stress,800,True,2,597.2,597.2,0.0,0.0,1.0,dist_logitnorm,4,0.67,0.15,logitnorm,none
City-A,T2,2x,520.0,S1_CapRR,routine,M_routine,800,True,1,678.2,288.7,231.3,0.5743,0.0,dist_logitnorm,4,0.67,0.15,logitnorm,none
City-A,T2,2x,520.0,S1_CapRR,cross_regime,M_stress,800,True,1,678.2,301.2,218.8,0.5559,0.0,dist_logitnorm,4,0.67,0.15,logitnorm,none
City-A,T2,2x,520.0,S2_Platform,routine,M_routine,800,True,2,849.9,683.8,0.0,0.1954,1.0,dist_logitnorm,4,0.67,0.15,logitnorm,none
City-A,T2,2x,520.0,S2_Platform,cross_regime,M_stress,800,True,2,849.9,552.0,0.0,0.3505,1.0,dist_logitnorm,4,0.67,0.15,logitnorm,none
City-A,T2,2x,520.0,S3_Lin4,routine,M_routine,800,True,2,870.5,732.6,0.0,0.1584,1.0,dist_logitnorm,4,0.67,0.15,logitnorm,none
City-A,T2,2x,520.0,S3_Lin4,cross_regime,M_stress,800,True,2,870.5,414.3,105.7,0.5241,0.0,dist_logitnorm,4,0.67,0.15,logitnorm,none
City-A,T2,2x,520.0,S4_GlobalCalib,routine,M_routine,800,True,2,866.1,683.8,0.0,0.2104,1.0,dist_logitnorm,4,0.67,0.15,logitnorm,none
City-A,T2,2x,520.0,S4_GlobalCalib,cross_regime,M_stress,800,True,2,866.1,552.0,0.0,0.3627,1.0,dist_logitnorm,4,0.67,0.15,logitnorm,none
City-A,T2,2x,520.0,S5_CityCalib,routine,M_routine,800,True,2,869.5,683.8,0.0,0.2135,1.0,dist_logitnorm,4,0.67,0.15,logitnorm,none
City-A,T2,2x,520.0,S5_CityCalib,cross_regime,M_stress,800,True,2,869.5,552.0,0.0,0.3652,1.0,dist_logitnorm,4,0.67,0.15,logitnorm,none
City-A,T2,2x,520.0,S6_Q10,routine,M_routine,800,True,2,592.6,683.8,0.0,0.0,1.0,dist_logitnorm,4,0.67,0.15,logitnorm,none
City-A,T2,2x,520.0,S6_Q10,cross_regime,M_stress,800,True,2,592.6,552.0,0.0,0.0685,1.0,dist_logitnorm,4,0.67,0.15,logitnorm,none
City-A,T2,5x,1300.0,S0a_RoutineOracle,routine,M_routine,800,True,3,1357.2,1357.2,0.0,0.0,1.0,dist_logitnorm,4,0.67,0.15,logitnorm,none
City-A,T2,5x,1300.0,S0a_RoutineOracle,cross_regime,M_stress,800,True,3,1357.2,663.3,636.7,0.5113,0.0,dist_logitnorm,4,0.67,0.15,logitnorm,none
City-A,T2,5x,1300.0,S0b_StressOracle,routine,M_routine,800,True,5,1398.2,1947.8,0.0,0.0,1.0,dist_logitnorm,4,0.67,0.15,logitnorm,none
City-A,T2,5x,1300.0,S0b_StressOracle,cross_regime,M_stress,800,True,5,1398.2,1398.2,0.0,0.0,1.0,dist_logitnorm,4,0.67,0.15,logitnorm,none
City-A,T2,5x,1300.0,S1_CapRR,routine,M_routine,800,True,3,1889.7,1127.8,172.2,0.4032,0.0,dist_logitnorm,4,0.67,0.15,logitnorm,none
City-A,T2,5x,1300.0,S1_CapRR,cross_regime,M_stress,800,True,3,1889.7,665.1,634.9,0.648,0.0,dist_logitnorm,4,0.67,0.15,logitnorm,none
City-A,T2,5x,1300.0,S2_Platform,routine,M_routine,800,True,4,1596.5,1464.6,0.0,0.0826,1.0,dist_logitnorm,4,0.67,0.15,logitnorm,none
City-A,T2,5x,1300.0,S2_Platform,cross_regime,M_stress,800,True,4,1596.5,934.5,365.5,0.4147,0.0,dist_logitnorm,4,0.67,0.15,logitnorm,none
City-A,T2,5x,1300.0,S3_Lin4,routine,M_routine,800,True,4,1607.9,1478.5,0.0,0.0805,1.0,dist_logitnorm,4,0.67,0.15,logitnorm,none
City-A,T2,5x,1300.0,S3_Lin4,cross_regime,M_stress,800,True,4,1607.9,961.1,338.9,0.4022,0.0,dist_logitnorm,4,0.67,0.15,logitnorm,none
City-A,T2,5x,1300.0,S4_GlobalCalib,routine,M_routine,800,True,4,1655.2,1596.6,0.0,0.0354,1.0,dist_logitnorm,4,0.67,0.15,logitnorm,none
City-A,T2,5x,1300.0,S4_GlobalCalib,cross_regime,M_stress,800,True,4,1655.2,945.5,354.5,0.4288,0.0,dist_logitnorm,4,0.67,0.15,logitnorm,none
City-A,T2,5x,1300.0,S5_CityCalib,routine,M_routine,800,True,4,1661.8,1596.6,0.0,0.0392,1.0,dist_logitnorm,4,0.67,0.15,logitnorm,none
City-A,T2,5x,1300.0,S5_CityCalib,cross_regime,M_stress,800,True,4,1661.8,945.5,354.5,0.431,0.0,dist_logitnorm,4,0.67,0.15,logitnorm,none
City-A,T2,5x,1300.0,S6_Q10,routine,M_routine,800,True,5,1391.6,2041.0,0.0,0.0,1.0,dist_logitnorm,4,0.67,0.15,logitnorm,none
City-A,T2,5x,1300.0,S6_Q10,cross_regime,M_stress,800,True,5,1391.6,1215.3,84.7,0.1267,0.0,dist_logitnorm,4,0.67,0.15,logitnorm,none
City-A,T2,10x,2600.0,S0a_RoutineOracle,routine,M_routine,800,True,7,2993.2,2993.2,0.0,0.0,1.0,dist_logitnorm,4,0.67,0.15,logitnorm,none
City-A,T2,10x,2600.0,S0a_RoutineOracle,cross_regime,M_stress,800,True,7,2993.2,1430.5,1169.5,0.5221,0.0,dist_logitnorm,4,0.67,0.15,logitnorm,none
City-A,T2,10x,2600.0,S0b_StressOracle,routine,M_routine,800,True,10,2601.9,3349.6,0.0,0.0,1.0,dist_logitnorm,4,0.67,0.15,logitnorm,none
City-A,T2,10x,2600.0,S0b_StressOracle,cross_regime,M_stress,800,True,10,2601.9,2601.9,0.0,0.0,1.0,dist_logitnorm,4,0.67,0.15,logitnorm,none
City-A,T2,10x,2600.0,S1_CapRR,routine,M_routine,800,True,5,3037.3,2041.0,559.0,0.328,0.0,dist_logitnorm,4,0.67,0.15,logitnorm,none
City-A,T2,10x,2600.0,S1_CapRR,cross_regime,M_stress,800,True,5,3037.3,1215.3,1384.7,0.5999,0.0,dist_logitnorm,4,0.67,0.15,logitnorm,none
City-A,T2,10x,2600.0,S2_Platform,routine,M_routine,800,True,7,2630.1,2627.5,0.0,0.001,1.0,dist_logitnorm,4,0.67,0.15,logitnorm,none
City-A,T2,10x,2600.0,S2_Platform,cross_regime,M_stress,800,True,7,2630.1,1409.5,1190.5,0.4641,0.0,dist_logitnorm,4,0.67,0.15,logitnorm,none
City-A,T2,10x,2600.0,S3_Lin4,routine,M_routine,800,True,7,2657.8,2673.5,0.0,0.0,1.0,dist_logitnorm,4,0.67,0.15,logitnorm,none
City-A,T2,10x,2600.0,S3_Lin4,cross_regime,M_stress,800,True,7,2657.8,1747.8,852.2,0.3424,0.0,dist_logitnorm,4,0.67,0.15,logitnorm,none
City-A,T2,10x,2600.0,S4_GlobalCalib,routine,M_routine,800,True,7,2737.0,2728.1,0.0,0.0033,1.0,dist_logitnorm,4,0.67,0.15,logitnorm,none
City-A,T2,10x,2600.0,S4_GlobalCalib,cross_regime,M_stress,800,True,7,2737.0,1624.0,976.0,0.4066,0.0,dist_logitnorm,4,0.67,0.15,logitnorm,none
City-A,T2,10x,2600.0,S5_CityCalib,routine,M_routine,800,True,7,2747.8,2728.1,0.0,0.0072,1.0,dist_logitnorm,4,0.67,0.15,logitnorm,none
City-A,T2,10x,2600.0,S5_CityCalib,cross_regime,M_stress,800,True,7,2747.8,1624.0,976.0,0.409,0.0,dist_logitnorm,4,0.67,0.15,logitnorm,none
City-A,T2,10x,2600.0,S6_Q10,routine,M_routine,800,True,11,2804.1,4216.4,0.0,0.0,1.0,dist_logitnorm,4,0.67,0.15,logitnorm,none
City-A,T2,10x,2600.0,S6_Q10,cross_regime,M_stress,800,True,11,2804.1,2301.5,298.5,0.1792,0.0,dist_logitnorm,4,0.67,0.15,logitnorm,none
City-A,T3,1x,200.0,S0a_RoutineOracle,routine,M_routine,800,True,1,438.9,438.9,0.0,0.0,1.0,dist_logitnorm,4,0.67,0.15,logitnorm,none
City-A,T3,1x,200.0,S0a_RoutineOracle,cross_regime,M_stress,800,True,1,438.9,285.6,0.0,0.3493,1.0,dist_logitnorm,4,0.67,0.15,logitnorm,none
City-A,T3,1x,200.0,S0b_StressOracle,routine,M_routine,800,True,1,285.6,438.9,0.0,0.0,1.0,dist_logitnorm,4,0.67,0.15,logitnorm,none
City-A,T3,1x,200.0,S0b_StressOracle,cross_regime,M_stress,800,True,1,285.6,285.6,0.0,0.0,1.0,dist_logitnorm,4,0.67,0.15,logitnorm,none
City-A,T3,1x,200.0,S1_CapRR,routine,M_routine,800,True,1,596.8,438.9,0.0,0.2646,1.0,dist_logitnorm,4,0.67,0.15,logitnorm,none
City-A,T3,1x,200.0,S1_CapRR,cross_regime,M_stress,800,True,1,596.8,285.6,0.0,0.5215,1.0,dist_logitnorm,4,0.67,0.15,logitnorm,none
City-A,T3,1x,200.0,S2_Platform,routine,M_routine,800,True,1,470.7,438.9,0.0,0.0676,1.0,dist_logitnorm,4,0.67,0.15,logitnorm,none
City-A,T3,1x,200.0,S2_Platform,cross_regime,M_stress,800,True,1,470.7,285.6,0.0,0.3932,1.0,dist_logitnorm,4,0.67,0.15,logitnorm,none
City-A,T3,1x,200.0,S3_Lin4,routine,M_routine,800,True,1,484.0,438.9,0.0,0.0932,1.0,dist_logitnorm,4,0.67,0.15,logitnorm,none
City-A,T3,1x,200.0,S3_Lin4,cross_regime,M_stress,800,True,1,484.0,285.6,0.0,0.4099,1.0,dist_logitnorm,4,0.67,0.15,logitnorm,none
City-A,T3,1x,200.0,S4_GlobalCalib,routine,M_routine,800,True,1,396.7,438.9,0.0,0.0,1.0,dist_logitnorm,4,0.67,0.15,logitnorm,none
City-A,T3,1x,200.0,S4_GlobalCalib,cross_regime,M_stress,800,True,1,396.7,285.6,0.0,0.2801,1.0,dist_logitnorm,4,0.67,0.15,logitnorm,none
City-A,T3,1x,200.0,S5_CityCalib,routine,M_routine,800,True,1,400.6,438.9,0.0,0.0,1.0,dist_logitnorm,4,0.67,0.15,logitnorm,none
City-A,T3,1x,200.0,S5_CityCalib,cross_regime,M_stress,800,True,1,400.6,285.6,0.0,0.287,1.0,dist_logitnorm,4,0.67,0.15,logitnorm,none
City-A,T3,1x,200.0,S6_Q10,routine,M_routine,800,True,1,273.4,438.9,0.0,0.0,1.0,dist_logitnorm,4,0.67,0.15,logitnorm,none
City-A,T3,1x,200.0,S6_Q10,cross_regime,M_stress,800,True,1,273.4,285.6,0.0,0.0,1.0,dist_logitnorm,4,0.67,0.15,logitnorm,none
City-A,T3,2x,400.0,S0a_RoutineOracle,routine,M_routine,800,True,1,438.9,438.9,0.0,0.0,1.0,dist_logitnorm,4,0.67,0.15,logitnorm,none
City-A,T3,2x,400.0,S0a_RoutineOracle,cross_regime,M_stress,800,True,1,438.9,285.6,114.4,0.3493,0.0,dist_logitnorm,4,0.67,0.15,logitnorm,none
City-A,T3,2x,400.0,S0b_StressOracle,routine,M_routine,800,True,2,558.4,709.2,0.0,0.0,1.0,dist_logitnorm,4,0.67,0.15,logitnorm,none
City-A,T3,2x,400.0,S0b_StressOracle,cross_regime,M_stress,800,True,2,558.4,558.4,0.0,0.0,1.0,dist_logitnorm,4,0.67,0.15,logitnorm,none
City-A,T3,2x,400.0,S1_CapRR,routine,M_routine,800,True,1,596.8,438.9,0.0,0.2646,1.0,dist_logitnorm,4,0.67,0.15,logitnorm,none
City-A,T3,2x,400.0,S1_CapRR,cross_regime,M_stress,800,True,1,596.8,285.6,114.4,0.5215,0.0,dist_logitnorm,4,0.67,0.15,logitnorm,none
City-A,T3,2x,400.0,S2_Platform,routine,M_routine,800,True,1,470.7,438.9,0.0,0.0676,1.0,dist_logitnorm,4,0.67,0.15,logitnorm,none
City-A,T3,2x,400.0,S2_Platform,cross_regime,M_stress,800,True,1,470.7,285.6,114.4,0.3932,0.0,dist_logitnorm,4,0.67,0.15,logitnorm,none
City-A,T3,2x,400.0,S3_Lin4,routine,M_routine,800,True,1,484.0,438.9,0.0,0.0932,1.0,dist_logitnorm,4,0.67,0.15,logitnorm,none
City-A,T3,2x,400.0,S3_Lin4,cross_regime,M_stress,800,True,1,484.0,285.6,114.4,0.4099,0.0,dist_logitnorm,4,0.67,0.15,logitnorm,none
City-A,T3,2x,400.0,S4_GlobalCalib,routine,M_routine,800,True,2,756.6,830.3,0.0,0.0,1.0,dist_logitnorm,4,0.67,0.15,logitnorm,none
City-A,T3,2x,400.0,S4_GlobalCalib,cross_regime,M_stress,800,True,2,756.6,504.7,0.0,0.3329,1.0,dist_logitnorm,4,0.67,0.15,logitnorm,none
City-A,T3,2x,400.0,S5_CityCalib,routine,M_routine,800,True,1,400.6,438.9,0.0,0.0,1.0,dist_logitnorm,4,0.67,0.15,logitnorm,none
City-A,T3,2x,400.0,S5_CityCalib,cross_regime,M_stress,800,True,1,400.6,285.6,114.4,0.287,0.0,dist_logitnorm,4,0.67,0.15,logitnorm,none
City-A,T3,2x,400.0,S6_Q10,routine,M_routine,800,True,2,521.3,830.3,0.0,0.0,1.0,dist_logitnorm,4,0.67,0.15,logitnorm,none
City-A,T3,2x,400.0,S6_Q10,cross_regime,M_stress,800,True,2,521.3,504.7,0.0,0.0319,1.0,dist_logitnorm,4,0.67,0.15,logitnorm,none
City-A,T3,5x,1000.0,S0a_RoutineOracle,routine,M_routine,800,True,3,1251.9,1251.9,0.0,0.0,1.0,dist_logitnorm,4,0.67,0.15,logitnorm,none
City-A,T3,5x,1000.0,S0a_RoutineOracle,cross_regime,M_stress,800,True,3,1251.9,681.1,318.9,0.4559,0.0,dist_logitnorm,4,0.67,0.15,logitnorm,none
City-A,T3,5x,1000.0,S0b_StressOracle,routine,M_routine,800,True,4,1033.4,1104.8,0.0,0.0,1.0,dist_logitnorm,4,0.67,0.15,logitnorm,none
City-A,T3,5x,1000.0,S0b_StressOracle,cross_regime,M_stress,800,True,4,1033.4,1033.4,0.0,0.0,1.0,dist_logitnorm,4,0.67,0.15,logitnorm,none
City-A,T3,5x,1000.0,S1_CapRR,routine,M_routine,800,True,2,1138.1,830.3,169.7,0.2705,0.0,dist_logitnorm,4,0.67,0.15,logitnorm,none
City-A,T3,5x,1000.0,S1_CapRR,cross_regime,M_stress,800,True,2,1138.1,504.7,495.3,0.5565,0.0,dist_logitnorm,4,0.67,0.15,logitnorm,none
City-A,T3,5x,1000.0,S2_Platform,routine,M_routine,800,True,3,1264.8,1130.8,0.0,0.1059,1.0,dist_logitnorm,4,0.67,0.15,logitnorm,none
City-A,T3,5x,1000.0,S2_Platform,cross_regime,M_stress,800,True,3,1264.8,734.8,265.2,0.419,0.0,dist_logitnorm,4,0.67,0.15,logitnorm,none
City-A,T3,5x,1000.0,S3_Lin4,routine,M_routine,800,True,3,1230.2,1031.9,0.0,0.1612,1.0,dist_logitnorm,4,0.67,0.15,logitnorm,none
City-A,T3,5x,1000.0,S3_Lin4,cross_regime,M_stress,800,True,3,1230.2,684.6,315.4,0.4435,0.0,dist_logitnorm,4,0.67,0.15,logitnorm,none
City-A,T3,5x,1000.0,S4_GlobalCalib,routine,M_routine,800,True,3,1105.4,1251.9,0.0,0.0,1.0,dist_logitnorm,4,0.67,0.15,logitnorm,none
City-A,T3,5x,1000.0,S4_GlobalCalib,cross_regime,M_stress,800,True,3,1105.4,681.1,318.9,0.3838,0.0,dist_logitnorm,4,0.67,0.15,logitnorm,none
City-A,T3,5x,1000.0,S5_CityCalib,routine,M_routine,800,True,3,1115.8,1251.9,0.0,0.0,1.0,dist_logitnorm,4,0.67,0.15,logitnorm,none
City-A,T3,5x,1000.0,S5_CityCalib,cross_regime,M_stress,800,True,3,1115.8,681.1,318.9,0.3896,0.0,dist_logitnorm,4,0.67,0.15,logitnorm,none
City-A,T3,5x,1000.0,S6_Q10,routine,M_routine,800,True,5,1224.3,1859.4,0.0,0.0,1.0,dist_logitnorm,4,0.67,0.15,logitnorm,none
City-A,T3,5x,1000.0,S6_Q10,cross_regime,M_stress,800,True,5,1224.3,1153.3,0.0,0.058,1.0,dist_logitnorm,4,0.67,0.15,logitnorm,none
City-A,T3,10x,2000.0,S0a_RoutineOracle,routine,M_routine,800,True,5,2009.4,2009.4,0.0,0.0,1.0,dist_logitnorm,4,0.67,0.15,logitnorm,none
City-A,T3,10x,2000.0,S0a_RoutineOracle,cross_regime,M_stress,800,True,5,2009.4,1095.0,905.0,0.4551,0.0,dist_logitnorm,4,0.67,0.15,logitnorm,none
City-A,T3,10x,2000.0,S0b_StressOracle,routine,M_routine,800,True,9,2132.0,2543.6,0.0,0.0,1.0,dist_logitnorm,4,0.67,0.15,logitnorm,none
City-A,T3,10x,2000.0,S0b_StressOracle,cross_regime,M_stress,800,True,9,2132.0,2132.0,0.0,0.0,1.0,dist_logitnorm,4,0.67,0.15,logitnorm,none
City-A,T3,10x,2000.0,S1_CapRR,routine,M_routine,800,True,4,2175.3,1589.0,411.0,0.2695,0.0,dist_logitnorm,4,0.67,0.15,logitnorm,none
City-A,T3,10x,2000.0,S1_CapRR,cross_regime,M_stress,800,True,4,2175.3,880.5,1119.5,0.5952,0.0,dist_logitnorm,4,0.67,0.15,logitnorm,none
City-A,T3,10x,2000.0,S2_Platform,routine,M_routine,800,True,6,2357.9,2156.1,0.0,0.0856,1.0,dist_logitnorm,4,0.67,0.15,logitnorm,none
City-A,T3,10x,2000.0,S2_Platform,cross_regime,M_stress,800,True,6,2357.9,1317.5,682.5,0.4412,0.0,dist_logitnorm,4,0.67,0.15,logitnorm,none
City-A,T3,10x,2000.0,S3_Lin4,routine,M_routine,800,True,6,2264.0,2030.9,0.0,0.103,1.0,dist_logitnorm,4,0.67,0.15,logitnorm,none
City-A,T3,10x,2000.0,S3_Lin4,cross_regime,M_stress,800,True,6,2264.0,1375.9,624.1,0.3923,0.0,dist_logitnorm,4,0.67,0.15,logitnorm,none
City-A,T3,10x,2000.0,S4_GlobalCalib,routine,M_routine,800,True,6,2086.6,2030.9,0.0,0.0267,1.0,dist_logitnorm,4,0.67,0.15,logitnorm,none
City-A,T3,10x,2000.0,S4_GlobalCalib,cross_regime,M_stress,800,True,6,2086.6,1375.9,624.1,0.3406,0.0,dist_logitnorm,4,0.67,0.15,logitnorm,none
City-A,T3,10x,2000.0,S5_CityCalib,routine,M_routine,800,True,6,2105.5,2030.9,0.0,0.0354,1.0,dist_logitnorm,4,0.67,0.15,logitnorm,none
City-A,T3,10x,2000.0,S5_CityCalib,cross_regime,M_stress,800,True,6,2105.5,1375.9,624.1,0.3465,0.0,dist_logitnorm,4,0.67,0.15,logitnorm,none
City-A,T3,10x,2000.0,S6_Q10,routine,M_routine,800,True,9,2061.2,3094.5,0.0,0.0,1.0,dist_logitnorm,4,0.67,0.15,logitnorm,none
City-A,T3,10x,2000.0,S6_Q10,cross_regime,M_stress,800,True,9,2061.2,2027.3,0.0,0.0164,1.0,dist_logitnorm,4,0.67,0.15,logitnorm,none
City-A,T4,1x,140.0,S0a_RoutineOracle,routine,M_routine,800,True,1,564.6,564.6,0.0,0.0,1.0,dist_logitnorm,4,0.67,0.15,logitnorm,none
City-A,T4,1x,140.0,S0a_RoutineOracle,cross_regime,M_stress,800,True,1,564.6,273.5,0.0,0.5156,1.0,dist_logitnorm,4,0.67,0.15,logitnorm,none
City-A,T4,1x,140.0,S0b_StressOracle,routine,M_routine,800,True,1,302.0,480.0,0.0,0.0,1.0,dist_logitnorm,4,0.67,0.15,logitnorm,none
City-A,T4,1x,140.0,S0b_StressOracle,cross_regime,M_stress,800,True,1,302.0,302.0,0.0,0.0,1.0,dist_logitnorm,4,0.67,0.15,logitnorm,none
City-A,T4,1x,140.0,S1_CapRR,routine,M_routine,800,True,1,678.2,564.6,0.0,0.1674,1.0,dist_logitnorm,4,0.67,0.15,logitnorm,none
City-A,T4,1x,140.0,S1_CapRR,cross_regime,M_stress,800,True,1,678.2,273.5,0.0,0.5967,1.0,dist_logitnorm,4,0.67,0.15,logitnorm,none
City-A,T4,1x,140.0,S2_Platform,routine,M_routine,800,True,1,299.2,559.4,0.0,0.0,1.0,dist_logitnorm,4,0.67,0.15,logitnorm,none
City-A,T4,1x,140.0,S2_Platform,cross_regime,M_stress,800,True,1,299.2,263.6,0.0,0.1191,1.0,dist_logitnorm,4,0.67,0.15,logitnorm,none
City-A,T4,1x,140.0,S3_Lin4,routine,M_routine,800,True,1,488.1,564.6,0.0,0.0,1.0,dist_logitnorm,4,0.67,0.15,logitnorm,none
City-A,T4,1x,140.0,S3_Lin4,cross_regime,M_stress,800,True,1,488.1,273.5,0.0,0.4397,1.0,dist_logitnorm,4,0.67,0.15,logitnorm,none
City-A,T4,1x,140.0,S4_GlobalCalib,routine,M_routine,800,True,1,450.7,564.6,0.0,0.0,1.0,dist_logitnorm,4,0.67,0.15,logitnorm,none
City-A,T4,1x,140.0,S4_GlobalCalib,cross_regime,M_stress,800,True,1,450.7,273.5,0.0,0.3931,1.0,dist_logitnorm,4,0.67,0.15,logitnorm,none
City-A,T4,1x,140.0,S5_CityCalib,routine,M_routine,800,True,1,454.6,564.6,0.0,0.0,1.0,dist_logitnorm,4,0.67,0.15,logitnorm,none
City-A,T4,1x,140.0,S5_CityCalib,cross_regime,M_stress,800,True,1,454.6,273.5,0.0,0.3983,1.0,dist_logitnorm,4,0.67,0.15,logitnorm,none
City-A,T4,1x,140.0,S6_Q10,routine,M_routine,800,True,1,309.4,564.6,0.0,0.0,1.0,dist_logitnorm,4,0.67,0.15,logitnorm,none
City-A,T4,1x,140.0,S6_Q10,cross_regime,M_stress,800,True,1,309.4,273.5,0.0,0.1161,1.0,dist_logitnorm,4,0.67,0.15,logitnorm,none
City-A,T4,2x,280.0,S0a_RoutineOracle,routine,M_routine,800,True,1,564.6,564.6,0.0,0.0,1.0,dist_logitnorm,4,0.67,0.15,logitnorm,none
City-A,T4,2x,280.0,S0a_RoutineOracle,cross_regime,M_stress,800,True,1,564.6,273.5,6.5,0.5156,0.0,dist_logitnorm,4,0.67,0.15,logitnorm,none
City-A,T4,2x,280.0,S0b_StressOracle,routine,M_routine,800,True,1,302.0,480.0,0.0,0.0,1.0,dist_logitnorm,4,0.67,0.15,logitnorm,none
City-A,T4,2x,280.0,S0b_StressOracle,cross_regime,M_stress,800,True,1,302.0,302.0,0.0,0.0,1.0,dist_logitnorm,4,0.67,0.15,logitnorm,none
City-A,T4,2x,280.0,S1_CapRR,routine,M_routine,800,True,1,678.2,564.6,0.0,0.1674,1.0,dist_logitnorm,4,0.67,0.15,logitnorm,none
City-A,T4,2x,280.0,S1_CapRR,cross_regime,M_stress,800,True,1,678.2,273.5,6.5,0.5967,0.0,dist_logitnorm,4,0.67,0.15,logitnorm,none
City-A,T4,2x,280.0,S2_Platform,routine,M_routine,800,True,1,299.2,559.4,0.0,0.0,1.0,dist_logitnorm,4,0.67,0.15,logitnorm,none
City-A,T4,2x,280.0,S2_Platform,cross_regime,M_stress,800,True,1,299.2,263.6,16.4,0.1191,0.0,dist_logitnorm,4,0.67,0.15,logitnorm,none
City-A,T4,2x,280.0,S3_Lin4,routine,M_routine,800,True,1,488.1,564.6,0.0,0.0,1.0,dist_logitnorm,4,0.67,0.15,logitnorm,none
City-A,T4,2x,280.0,S3_Lin4,cross_regime,M_stress,800,True,1,488.1,273.5,6.5,0.4397,0.0,dist_logitnorm,4,0.67,0.15,logitnorm,none
City-A,T4,2x,280.0,S4_GlobalCalib,routine,M_routine,800,True,1,450.7,564.6,0.0,0.0,1.0,dist_logitnorm,4,0.67,0.15,logitnorm,none
City-A,T4,2x,280.0,S4_GlobalCalib,cross_regime,M_stress,800,True,1,450.7,273.5,6.5,0.3931,0.0,dist_logitnorm,4,0.67,0.15,logitnorm,none
City-A,T4,2x,280.0,S5_CityCalib,routine,M_routine,800,True,1,454.6,564.6,0.0,0.0,1.0,dist_logitnorm,4,0.67,0.15,logitnorm,none
City-A,T4,2x,280.0,S5_CityCalib,cross_regime,M_stress,800,True,1,454.6,273.5,6.5,0.3983,0.0,dist_logitnorm,4,0.67,0.15,logitnorm,none
City-A,T4,2x,280.0,S6_Q10,routine,M_routine,800,True,1,309.4,564.6,0.0,0.0,1.0,dist_logitnorm,4,0.67,0.15,logitnorm,none
City-A,T4,2x,280.0,S6_Q10,cross_regime,M_stress,800,True,1,309.4,273.5,6.5,0.1161,0.0,dist_logitnorm,4,0.67,0.15,logitnorm,none
City-A,T4,5x,700.0,S0a_RoutineOracle,routine,M_routine,800,True,2,1124.0,1124.0,0.0,0.0,1.0,dist_logitnorm,4,0.67,0.15,logitnorm,none
City-A,T4,5x,700.0,S0a_RoutineOracle,cross_regime,M_stress,800,True,2,1124.0,537.1,162.9,0.5222,0.0,dist_logitnorm,4,0.67,0.15,logitnorm,none
City-A,T4,5x,700.0,S0b_StressOracle,routine,M_routine,800,True,3,848.1,1451.0,0.0,0.0,1.0,dist_logitnorm,4,0.67,0.15,logitnorm,none
City-A,T4,5x,700.0,S0b_StressOracle,cross_regime,M_stress,800,True,3,848.1,848.1,0.0,0.0,1.0,dist_logitnorm,4,0.67,0.15,logitnorm,none
City-A,T4,5x,700.0,S1_CapRR,routine,M_routine,800,True,2,1293.4,1124.0,0.0,0.1309,1.0,dist_logitnorm,4,0.67,0.15,logitnorm,none
City-A,T4,5x,700.0,S1_CapRR,cross_regime,M_stress,800,True,2,1293.4,537.1,162.9,0.5847,0.0,dist_logitnorm,4,0.67,0.15,logitnorm,none
City-A,T4,5x,700.0,S2_Platform,routine,M_routine,800,True,3,870.0,1186.7,0.0,0.0,1.0,dist_logitnorm,4,0.67,0.15,logitnorm,none
City-A,T4,5x,700.0,S2_Platform,cross_regime,M_stress,800,True,3,870.0,639.1,60.9,0.2655,0.0,dist_logitnorm,4,0.67,0.15,logitnorm,none
City-A,T4,5x,700.0,S3_Lin4,routine,M_routine,800,True,2,873.5,1044.7,0.0,0.0,1.0,dist_logitnorm,4,0.67,0.15,logitnorm,none
City-A,T4,5x,700.0,S3_Lin4,cross_regime,M_stress,800,True,2,873.5,575.5,124.5,0.3411,0.0,dist_logitnorm,4,0.67,0.15,logitnorm,none
City-A,T4,5x,700.0,S4_GlobalCalib,routine,M_routine,800,True,2,859.6,1124.0,0.0,0.0,1.0,dist_logitnorm,4,0.67,0.15,logitnorm,none
City-A,T4,5x,700.0,S4_GlobalCalib,cross_regime,M_stress,800,True,2,859.6,537.1,162.9,0.3752,0.0,dist_logitnorm,4,0.67,0.15,logitnorm,none
City-A,T4,5x,700.0,S5_CityCalib,routine,M_routine,800,True,2,866.9,1124.0,0.0,0.0,1.0,dist_logitnorm,4,0.67,0.15,logitnorm,none
City-A,T4,5x,700.0,S5_CityCalib,cross_regime,M_stress,800,True,2,866.9,537.1,162.9,0.3804,0.0,dist_logitnorm,4,0.67,0.15,logitnorm,none
City-A,T4,5x,700.0,S6_Q10,routine,M_routine,800,True,3,862.2,1604.1,0.0,0.0,1.0,dist_logitnorm,4,0.67,0.15,logitnorm,none
City-A,T4,5x,700.0,S6_Q10,cross_regime,M_stress,800,True,3,862.2,839.1,0.0,0.0268,1.0,dist_logitnorm,4,0.67,0.15,logitnorm,none
City-A,T4,10x,1400.0,S0a_RoutineOracle,routine,M_routine,800,True,3,1604.1,1604.1,0.0,0.0,1.0,dist_logitnorm,4,0.67,0.15,logitnorm,none
City-A,T4,10x,1400.0,S0a_RoutineOracle,cross_regime,M_stress,800,True,3,1604.1,839.1,560.9,0.4769,0.0,dist_logitnorm,4,0.67,0.15,logitnorm,none
City-A,T4,10x,1400.0,S0b_StressOracle,routine,M_routine,800,True,6,1619.0,2592.1,0.0,0.0,1.0,dist_logitnorm,4,0.67,0.15,logitnorm,none
City-A,T4,10x,1400.0,S0b_StressOracle,cross_regime,M_stress,800,True,6,1619.0,1619.0,0.0,0.0,1.0,dist_logitnorm,4,0.67,0.15,logitnorm,none
City-A,T4,10x,1400.0,S1_CapRR,routine,M_routine,800,True,3,1889.7,1604.1,0.0,0.1511,1.0,dist_logitnorm,4,0.67,0.15,logitnorm,none
City-A,T4,10x,1400.0,S1_CapRR,cross_regime,M_stress,800,True,3,1889.7,839.1,560.9,0.556,0.0,dist_logitnorm,4,0.67,0.15,logitnorm,none
City-A,T4,10x,1400.0,S2_Platform,routine,M_routine,800,True,5,1424.2,1799.1,0.0,0.0,1.0,dist_logitnorm,4,0.67,0.15,logitnorm,none
City-A,T4,10x,1400.0,S2_Platform,cross_regime,M_stress,800,True,5,1424.2,1021.4,378.6,0.2828,0.0,dist_logitnorm,4,0.67,0.15,logitnorm,none
City-A,T4,10x,1400.0,S3_Lin4,routine,M_routine,800,True,4,1614.2,1975.8,0.0,0.0,1.0,dist_logitnorm,4,0.67,0.15,logitnorm,none
City-A,T4,10x,1400.0,S3_Lin4,cross_regime,M_stress,800,True,4,1614.2,1022.3,377.7,0.3667,0.0,dist_logitnorm,4,0.67,0.15,logitnorm,none
City-A,T4,10x,1400.0,S4_GlobalCalib,routine,M_routine,800,True,4,1643.0,1865.1,0.0,0.0,1.0,dist_logitnorm,4,0.67,0.15,logitnorm,none
City-A,T4,10x,1400.0,S4_GlobalCalib,cross_regime,M_stress,800,True,4,1643.0,1094.0,306.0,0.3341,0.0,dist_logitnorm,4,0.67,0.15,logitnorm,none
City-A,T4,10x,1400.0,S5_CityCalib,routine,M_routine,800,True,4,1656.8,1865.1,0.0,0.0,1.0,dist_logitnorm,4,0.67,0.15,logitnorm,none
City-A,T4,10x,1400.0,S5_CityCalib,cross_regime,M_stress,800,True,4,1656.8,1094.0,306.0,0.3397,0.0,dist_logitnorm,4,0.67,0.15,logitnorm,none
City-A,T4,10x,1400.0,S6_Q10,routine,M_routine,800,True,6,1627.3,2619.0,0.0,0.0,1.0,dist_logitnorm,4,0.67,0.15,logitnorm,none
City-A,T4,10x,1400.0,S6_Q10,cross_regime,M_stress,800,True,6,1627.3,1472.7,0.0,0.095,1.0,dist_logitnorm,4,0.67,0.15,logitnorm,none
City-A,T5,1x,160.0,S0a_RoutineOracle,routine,M_routine,800,True,1,529.2,529.2,0.0,0.0,1.0,dist_logitnorm,4,0.67,0.15,logitnorm,none
City-A,T5,1x,160.0,S0a_RoutineOracle,cross_regime,M_stress,800,True,1,529.2,288.5,0.0,0.4549,1.0,dist_logitnorm,4,0.67,0.15,logitnorm,none
City-A,T5,1x,160.0,S0b_StressOracle,routine,M_routine,800,True,1,288.5,529.2,0.0,0.0,1.0,dist_logitnorm,4,0.67,0.15,logitnorm,none
City-A,T5,1x,160.0,S0b_StressOracle,cross_regime,M_stress,800,True,1,288.5,288.5,0.0,0.0,1.0,dist_logitnorm,4,0.67,0.15,logitnorm,none
City-A,T5,1x,160.0,S1_CapRR,routine,M_routine,800,True,1,596.8,529.2,0.0,0.1133,1.0,dist_logitnorm,4,0.67,0.15,logitnorm,none
City-A,T5,1x,160.0,S1_CapRR,cross_regime,M_stress,800,True,1,596.8,288.5,0.0,0.5167,1.0,dist_logitnorm,4,0.67,0.15,logitnorm,none
City-A,T5,1x,160.0,S2_Platform,routine,M_routine,800,True,1,485.5,529.2,0.0,0.0,1.0,dist_logitnorm,4,0.67,0.15,logitnorm,none
City-A,T5,1x,160.0,S2_Platform,cross_regime,M_stress,800,True,1,485.5,288.5,0.0,0.4059,1.0,dist_logitnorm,4,0.67,0.15,logitnorm,none
City-A,T5,1x,160.0,S3_Lin4,routine,M_routine,800,True,1,487.5,529.2,0.0,0.0,1.0,dist_logitnorm,4,0.67,0.15,logitnorm,none
City-A,T5,1x,160.0,S3_Lin4,cross_regime,M_stress,800,True,1,487.5,288.5,0.0,0.4083,1.0,dist_logitnorm,4,0.67,0.15,logitnorm,none
City-A,T5,1x,160.0,S4_GlobalCalib,routine,M_routine,800,True,1,399.4,529.2,0.0,0.0,1.0,dist_logitnorm,4,0.67,0.15,logitnorm,none
City-A,T5,1x,160.0,S4_GlobalCalib,cross_regime,M_stress,800,True,1,399.4,288.5,0.0,0.2778,1.0,dist_logitnorm,4,0.67,0.15,logitnorm,none
City-A,T5,1x,160.0,S5_CityCalib,routine,M_routine,800,True,1,400.9,529.2,0.0,0.0,1.0,dist_logitnorm,4,0.67,0.15,logitnorm,none
City-A,T5,1x,160.0,S5_CityCalib,cross_regime,M_stress,800,True,1,400.9,288.5,0.0,0.2805,1.0,dist_logitnorm,4,0.67,0.15,logitnorm,none
City-A,T5,1x,160.0,S6_Q10,routine,M_routine,800,True,1,272.3,529.2,0.0,0.0,1.0,dist_logitnorm,4,0.67,0.15,logitnorm,none
City-A,T5,1x,160.0,S6_Q10,cross_regime,M_stress,800,True,1,272.3,288.5,0.0,0.0,1.0,dist_logitnorm,4,0.67,0.15,logitnorm,none
City-A,T5,2x,320.0,S0a_RoutineOracle,routine,M_routine,800,True,1,529.2,529.2,0.0,0.0,1.0,dist_logitnorm,4,0.67,0.15,logitnorm,none
City-A,T5,2x,320.0,S0a_RoutineOracle,cross_regime,M_stress,800,True,1,529.2,288.5,31.5,0.4549,0.0,dist_logitnorm,4,0.67,0.15,logitnorm,none
City-A,T5,2x,320.0,S0b_StressOracle,routine,M_routine,800,True,2,555.5,908.3,0.0,0.0,1.0,dist_logitnorm,4,0.67,0.15,logitnorm,none
City-A,T5,2x,320.0,S0b_StressOracle,cross_regime,M_stress,800,True,2,555.5,555.5,0.0,0.0,1.0,dist_logitnorm,4,0.67,0.15,logitnorm,none
City-A,T5,2x,320.0,S1_CapRR,routine,M_routine,800,True,1,596.8,529.2,0.0,0.1133,1.0,dist_logitnorm,4,0.67,0.15,logitnorm,none
City-A,T5,2x,320.0,S1_CapRR,cross_regime,M_stress,800,True,1,596.8,288.5,31.5,0.5167,0.0,dist_logitnorm,4,0.67,0.15,logitnorm,none
City-A,T5,2x,320.0,S2_Platform,routine,M_routine,800,True,1,485.5,529.2,0.0,0.0,1.0,dist_logitnorm,4,0.67,0.15,logitnorm,none
City-A,T5,2x,320.0,S2_Platform,cross_regime,M_stress,800,True,1,485.5,288.5,31.5,0.4059,0.0,dist_logitnorm,4,0.67,0.15,logitnorm,none
City-A,T5,2x,320.0,S3_Lin4,routine,M_routine,800,True,1,487.5,529.2,0.0,0.0,1.0,dist_logitnorm,4,0.67,0.15,logitnorm,none
City-A,T5,2x,320.0,S3_Lin4,cross_regime,M_stress,800,True,1,487.5,288.5,31.5,0.4083,0.0,dist_logitnorm,4,0.67,0.15,logitnorm,none
City-A,T5,2x,320.0,S4_GlobalCalib,routine,M_routine,800,True,1,399.4,529.2,0.0,0.0,1.0,dist_logitnorm,4,0.67,0.15,logitnorm,none
City-A,T5,2x,320.0,S4_GlobalCalib,cross_regime,M_stress,800,True,1,399.4,288.5,31.5,0.2778,0.0,dist_logitnorm,4,0.67,0.15,logitnorm,none
City-A,T5,2x,320.0,S5_CityCalib,routine,M_routine,800,True,1,400.9,529.2,0.0,0.0,1.0,dist_logitnorm,4,0.67,0.15,logitnorm,none
City-A,T5,2x,320.0,S5_CityCalib,cross_regime,M_stress,800,True,1,400.9,288.5,31.5,0.2805,0.0,dist_logitnorm,4,0.67,0.15,logitnorm,none
City-A,T5,2x,320.0,S6_Q10,routine,M_routine,800,True,2,519.2,845.3,0.0,0.0,1.0,dist_logitnorm,4,0.67,0.15,logitnorm,none
City-A,T5,2x,320.0,S6_Q10,cross_regime,M_stress,800,True,2,519.2,549.5,0.0,0.0,1.0,dist_logitnorm,4,0.67,0.15,logitnorm,none
City-A,T5,5x,800.0,S0a_RoutineOracle,routine,M_routine,800,True,2,942.1,942.1,0.0,0.0,1.0,dist_logitnorm,4,0.67,0.15,logitnorm,none
City-A,T5,5x,800.0,S0a_RoutineOracle,cross_regime,M_stress,800,True,2,942.1,500.0,300.0,0.4693,0.0,dist_logitnorm,4,0.67,0.15,logitnorm,none
City-A,T5,5x,800.0,S0b_StressOracle,routine,M_routine,800,True,3,816.6,1224.4,0.0,0.0,1.0,dist_logitnorm,4,0.67,0.15,logitnorm,none
City-A,T5,5x,800.0,S0b_StressOracle,cross_regime,M_stress,800,True,3,816.6,816.6,0.0,0.0,1.0,dist_logitnorm,4,0.67,0.15,logitnorm,none
City-A,T5,5x,800.0,S1_CapRR,routine,M_routine,800,True,2,1138.1,845.3,0.0,0.2573,1.0,dist_logitnorm,4,0.67,0.15,logitnorm,none
City-A,T5,5x,800.0,S1_CapRR,cross_regime,M_stress,800,True,2,1138.1,549.5,250.5,0.5172,0.0,dist_logitnorm,4,0.67,0.15,logitnorm,none
City-A,T5,5x,800.0,S2_Platform,routine,M_routine,800,True,2,897.6,942.1,0.0,0.0,1.0,dist_logitnorm,4,0.67,0.15,logitnorm,none
City-A,T5,5x,800.0,S2_Platform,cross_regime,M_stress,800,True,2,897.6,500.0,300.0,0.443,0.0,dist_logitnorm,4,0.67,0.15,logitnorm,none
City-A,T5,5x,800.0,S3_Lin4,routine,M_routine,800,True,2,864.9,797.7,2.3,0.0777,0.0,dist_logitnorm,4,0.67,0.15,logitnorm,none
City-A,T5,5x,800.0,S3_Lin4,cross_regime,M_stress,800,True,2,864.9,506.4,293.6,0.4145,0.0,dist_logitnorm,4,0.67,0.15,logitnorm,none
City-A,T5,5x,800.0,S4_GlobalCalib,routine,M_routine,800,True,3,1112.8,1113.8,0.0,0.0,1.0,dist_logitnorm,4,0.67,0.15,logitnorm,none
City-A,T5,5x,800.0,S4_GlobalCalib,cross_regime,M_stress,800,True,3,1112.8,767.5,32.5,0.3103,0.0,dist_logitnorm,4,0.67,0.15,logitnorm,none
City-A,T5,5x,800.0,S5_CityCalib,routine,M_routine,800,True,3,1116.9,1113.8,0.0,0.0027,1.0,dist_logitnorm,4,0.67,0.15,logitnorm,none
City-A,T5,5x,800.0,S5_CityCalib,cross_regime,M_stress,800,True,3,1116.9,767.5,32.5,0.3128,0.0,dist_logitnorm,4,0.67,0.15,logitnorm,none
City-A,T5,5x,800.0,S6_Q10,routine,M_routine,800,True,4,992.4,1492.9,0.0,0.0,1.0,dist_logitnorm,4,0.67,0.15,logitnorm,none
City-A,T5,5x,800.0,S6_Q10,cross_regime,M_stress,800,True,4,992.4,1034.5,0.0,0.0,1.0,dist_logitnorm,4,0.67,0.15,logitnorm,none
City-A,T5,10x,1600.0,S0a_RoutineOracle,routine,M_routine,800,True,4,1715.9,1715.9,0.0,0.0,1.0,dist_logitnorm,4,0.67,0.15,logitnorm,none
City-A,T5,10x,1600.0,S0a_RoutineOracle,cross_regime,M_stress,800,True,4,1715.9,1010.2,589.8,0.4113,0.0,dist_logitnorm,4,0.67,0.15,logitnorm,none
City-A,T5,10x,1600.0,S0b_StressOracle,routine,M_routine,800,True,7,1811.1,2274.0,0.0,0.0,1.0,dist_logitnorm,4,0.67,0.15,logitnorm,none
City-A,T5,10x,1600.0,S0b_StressOracle,cross_regime,M_stress,800,True,7,1811.1,1811.1,0.0,0.0,1.0,dist_logitnorm,4,0.67,0.15,logitnorm,none
City-A,T5,10x,1600.0,S1_CapRR,routine,M_routine,800,True,3,1662.9,1113.8,486.2,0.3302,0.0,dist_logitnorm,4,0.67,0.15,logitnorm,none
City-A,T5,10x,1600.0,S1_CapRR,cross_regime,M_stress,800,True,3,1662.9,767.5,832.5,0.5385,0.0,dist_logitnorm,4,0.67,0.15,logitnorm,none
City-A,T5,10x,1600.0,S2_Platform,routine,M_routine,800,True,4,1696.8,1589.7,10.3,0.0631,0.0,dist_logitnorm,4,0.67,0.15,logitnorm,none
City-A,T5,10x,1600.0,S2_Platform,cross_regime,M_stress,800,True,4,1696.8,985.0,615.0,0.4195,0.0,dist_logitnorm,4,0.67,0.15,logitnorm,none
City-A,T5,10x,1600.0,S3_Lin4,routine,M_routine,800,True,5,1934.1,1699.6,0.0,0.1213,1.0,dist_logitnorm,4,0.67,0.15,logitnorm,none
City-A,T5,10x,1600.0,S3_Lin4,cross_regime,M_stress,800,True,5,1934.1,1293.0,307.0,0.3315,0.0,dist_logitnorm,4,0.67,0.15,logitnorm,none
City-A,T5,10x,1600.0,S4_GlobalCalib,routine,M_routine,800,True,5,1788.5,1905.8,0.0,0.0,1.0,dist_logitnorm,4,0.67,0.15,logitnorm,none
City-A,T5,10x,1600.0,S4_GlobalCalib,cross_regime,M_stress,800,True,5,1788.5,1246.1,353.9,0.3033,0.0,dist_logitnorm,4,0.67,0.15,logitnorm,none
City-A,T5,10x,1600.0,S5_CityCalib,routine,M_routine,800,True,5,1795.1,1905.8,0.0,0.0,1.0,dist_logitnorm,4,0.67,0.15,logitnorm,none
City-A,T5,10x,1600.0,S5_CityCalib,cross_regime,M_stress,800,True,5,1795.1,1246.1,353.9,0.3058,0.0,dist_logitnorm,4,0.67,0.15,logitnorm,none
City-A,T5,10x,1600.0,S6_Q10,routine,M_routine,800,True,7,1641.1,2480.8,0.0,0.0,1.0,dist_logitnorm,4,0.67,0.15,logitnorm,none
City-A,T5,10x,1600.0,S6_Q10,cross_regime,M_stress,800,True,7,1641.1,1653.8,0.0,0.0,1.0,dist_logitnorm,4,0.67,0.15,logitnorm,none
City-B,T1,1x,180.0,S0a_RoutineOracle,routine,M_routine,500,True,1,585.2,585.2,0.0,0.0,1.0,dist_logitnorm,4,0.67,0.15,logitnorm,none
City-B,T1,1x,180.0,S0a_RoutineOracle,cross_regime,M_stress,500,True,1,585.2,350.2,0.0,0.4017,1.0,dist_logitnorm,4,0.67,0.15,logitnorm,none
City-B,T1,1x,180.0,S0b_StressOracle,routine,M_routine,500,True,1,484.5,533.0,0.0,0.0,1.0,dist_logitnorm,4,0.67,0.15,logitnorm,none
City-B,T1,1x,180.0,S0b_StressOracle,cross_regime,M_stress,500,True,1,484.5,484.5,0.0,0.0,1.0,dist_logitnorm,4,0.67,0.15,logitnorm,none
City-B,T1,1x,180.0,S1_CapRR,routine,M_routine,500,True,1,846.0,378.2,0.0,0.553,1.0,dist_logitnorm,4,0.67,0.15,logitnorm,none
City-B,T1,1x,180.0,S1_CapRR,cross_regime,M_stress,500,True,1,846.0,409.0,0.0,0.5166,1.0,dist_logitnorm,4,0.67,0.15,logitnorm,none
City-B,T1,1x,180.0,S2_Platform,routine,M_routine,500,True,1,561.1,408.2,0.0,0.2726,1.0,dist_logitnorm,4,0.67,0.15,logitnorm,none
City-B,T1,1x,180.0,S2_Platform,cross_regime,M_stress,500,True,1,561.1,183.0,0.0,0.6739,1.0,dist_logitnorm,4,0.67,0.15,logitnorm,none
City-B,T1,1x,180.0,S3_Lin4,routine,M_routine,500,True,1,464.4,533.0,0.0,0.0,1.0,dist_logitnorm,4,0.67,0.15,logitnorm,none
City-B,T1,1x,180.0,S3_Lin4,cross_regime,M_stress,500,True,1,464.4,484.5,0.0,0.0,1.0,dist_logitnorm,4,0.67,0.15,logitnorm,none
City-B,T1,1x,180.0,S4_GlobalCalib,routine,M_routine,500,True,1,565.4,378.2,0.0,0.3311,1.0,dist_logitnorm,4,0.67,0.15,logitnorm,none
City-B,T1,1x,180.0,S4_GlobalCalib,cross_regime,M_stress,500,True,1,565.4,409.0,0.0,0.2767,1.0,dist_logitnorm,4,0.67,0.15,logitnorm,none
City-B,T1,1x,180.0,S5_CityCalib,routine,M_routine,500,True,1,563.3,378.2,0.0,0.3285,1.0,dist_logitnorm,4,0.67,0.15,logitnorm,none
City-B,T1,1x,180.0,S5_CityCalib,cross_regime,M_stress,500,True,1,563.3,409.0,0.0,0.2739,1.0,dist_logitnorm,4,0.67,0.15,logitnorm,none
City-B,T1,1x,180.0,S6_Q10,routine,M_routine,500,True,1,387.2,378.2,0.0,0.0232,1.0,dist_logitnorm,4,0.67,0.15,logitnorm,none
City-B,T1,1x,180.0,S6_Q10,cross_regime,M_stress,500,True,1,387.2,409.0,0.0,0.0,1.0,dist_logitnorm,4,0.67,0.15,logitnorm,none
City-B,T1,2x,360.0,S0a_RoutineOracle,routine,M_routine,500,True,1,585.2,585.2,0.0,0.0,1.0,dist_logitnorm,4,0.67,0.15,logitnorm,none
City-B,T1,2x,360.0,S0a_RoutineOracle,cross_regime,M_stress,500,True,1,585.2,350.2,9.8,0.4017,0.0,dist_logitnorm,4,0.67,0.15,logitnorm,none
City-B,T1,2x,360.0,S0b_StressOracle,routine,M_routine,500,True,1,484.5,533.0,0.0,0.0,1.0,dist_logitnorm,4,0.67,0.15,logitnorm,none
City-B,T1,2x,360.0,S0b_StressOracle,cross_regime,M_stress,500,True,1,484.5,484.5,0.0,0.0,1.0,dist_logitnorm,4,0.67,0.15,logitnorm,none
City-B,T1,2x,360.0,S1_CapRR,routine,M_routine,500,True,1,846.0,378.2,0.0,0.553,1.0,dist_logitnorm,4,0.67,0.15,logitnorm,none
City-B,T1,2x,360.0,S1_CapRR,cross_regime,M_stress,500,True,1,846.0,409.0,0.0,0.5166,1.0,dist_logitnorm,4,0.67,0.15,logitnorm,none
City-B,T1,2x,360.0,S2_Platform,routine,M_routine,500,True,1,561.1,408.2,0.0,0.2726,1.0,dist_logitnorm,4,0.67,0.15,logitnorm,none
City-B,T1,2x,360.0,S2_Platform,cross_regime,M_stress,500,True,1,561.1,183.0,177.0,0.6739,0.0,dist_logitnorm,4,0.67,0.15,logitnorm,none
City-B,T1,2x,360.0,S3_Lin4,routine,M_routine,500,True,1,464.4,533.0,0.0,0.0,1.0,dist_logitnorm,4,0.67,0.15,logitnorm,none
City-B,T1,2x,360.0,S3_Lin4,cross_regime,M_stress,500,True,1,464.4,484.5,0.0,0.0,1.0,dist_logitnorm,4,0.67,0.15,logitnorm,none
City-B,T1,2x,360.0,S4_GlobalCalib,routine,M_routine,500,True,1,565.4,378.2,0.0,0.3311,1.0,dist_logitnorm,4,0.67,0.15,logitnorm,none
City-B,T1,2x,360.0,S4_GlobalCalib,cross_regime,M_stress,500,True,1,565.4,409.0,0.0,0.2767,1.0,dist_logitnorm,4,0.67,0.15,logitnorm,none
City-B,T1,2x,360.0,S5_CityCalib,routine,M_routine,500,True,1,563.3,378.2,0.0,0.3285,1.0,dist_logitnorm,4,0.67,0.15,logitnorm,none
City-B,T1,2x,360.0,S5_CityCalib,cross_regime,M_stress,500,True,1,563.3,409.0,0.0,0.2739,1.0,dist_logitnorm,4,0.67,0.15,logitnorm,none
City-B,T1,2x,360.0,S6_Q10,routine,M_routine,500,True,1,387.2,378.2,0.0,0.0232,1.0,dist_logitnorm,4,0.67,0.15,logitnorm,none
City-B,T1,2x,360.0,S6_Q10,cross_regime,M_stress,500,True,1,387.2,409.0,0.0,0.0,1.0,dist_logitnorm,4,0.67,0.15,logitnorm,none
City-B,T1,5x,900.0,S0a_RoutineOracle,routine,M_routine,500,True,2,1118.2,1118.2,0.0,0.0,1.0,dist_logitnorm,4,0.67,0.15,logitnorm,none
City-B,T1,5x,900.0,S0a_RoutineOracle,cross_regime,M_stress,500,True,2,1118.2,834.7,65.3,0.2536,0.0,dist_logitnorm,4,0.67,0.15,logitnorm,none
City-B,T1,5x,900.0,S0b_StressOracle,routine,M_routine,500,True,3,1243.6,1496.4,0.0,0.0,1.0,dist_logitnorm,4,0.67,0.15,logitnorm,none
City-B,T1,5x,900.0,S0b_StressOracle,cross_regime,M_stress,500,True,3,1243.6,1243.6,0.0,0.0,1.0,dist_logitnorm,4,0.67,0.15,logitnorm,none
City-B,T1,5x,900.0,S1_CapRR,routine,M_routine,500,True,2,1688.0,963.4,0.0,0.4292,1.0,dist_logitnorm,4,0.67,0.15,logitnorm,none
City-B,T1,5x,900.0,S1_CapRR,cross_regime,M_stress,500,True,2,1688.0,759.1,140.9,0.5503,0.0,dist_logitnorm,4,0.67,0.15,logitnorm,none
City-B,T1,5x,900.0,S2_Platform,routine,M_routine,500,True,2,1112.3,941.2,0.0,0.1539,1.0,dist_logitnorm,4,0.67,0.15,logitnorm,none
City-B,T1,5x,900.0,S2_Platform,cross_regime,M_stress,500,True,2,1112.3,667.5,232.5,0.3999,0.0,dist_logitnorm,4,0.67,0.15,logitnorm,none
City-B,T1,5x,900.0,S3_Lin4,routine,M_routine,500,True,2,922.4,941.2,0.0,0.0,1.0,dist_logitnorm,4,0.67,0.15,logitnorm,none
City-B,T1,5x,900.0,S3_Lin4,cross_regime,M_stress,500,True,2,922.4,667.5,232.5,0.2764,0.0,dist_logitnorm,4,0.67,0.15,logitnorm,none
City-B,T1,5x,900.0,S4_GlobalCalib,routine,M_routine,500,True,2,1128.1,963.4,0.0,0.146,1.0,dist_logitnorm,4,0.67,0.15,logitnorm,none
City-B,T1,5x,900.0,S4_GlobalCalib,cross_regime,M_stress,500,True,2,1128.1,759.1,140.9,0.3271,0.0,dist_logitnorm,4,0.67,0.15,logitnorm,none
City-B,T1,5x,900.0,S5_CityCalib,routine,M_routine,500,True,2,1123.8,963.4,0.0,0.1427,1.0,dist_logitnorm,4,0.67,0.15,logitnorm,none
City-B,T1,5x,900.0,S5_CityCalib,cross_regime,M_stress,500,True,2,1123.8,759.1,140.9,0.3245,0.0,dist_logitnorm,4,0.67,0.15,logitnorm,none
City-B,T1,5x,900.0,S6_Q10,routine,M_routine,500,True,3,1146.2,1496.4,0.0,0.0,1.0,dist_logitnorm,4,0.67,0.15,logitnorm,none
City-B,T1,5x,900.0,S6_Q10,cross_regime,M_stress,500,True,3,1146.2,1243.6,0.0,0.0,1.0,dist_logitnorm,4,0.67,0.15,logitnorm,none
City-B,T1,10x,1800.0,S0a_RoutineOracle,routine,M_routine,500,True,4,2093.2,2093.2,0.0,0.0,1.0,dist_logitnorm,4,0.67,0.15,logitnorm,none
City-B,T1,10x,1800.0,S0a_RoutineOracle,cross_regime,M_stress,500,True,4,2093.2,1371.9,428.1,0.3446,0.0,dist_logitnorm,4,0.67,0.15,logitnorm,none
City-B,T1,10x,1800.0,S0b_StressOracle,routine,M_routine,500,True,5,1928.3,2406.8,0.0,0.0,1.0,dist_logitnorm,4,0.67,0.15,logitnorm,none
City-B,T1,10x,1800.0,S0b_StressOracle,cross_regime,M_stress,500,True,5,1928.3,1928.3,0.0,0.0,1.0,dist_logitnorm,4,0.67,0.15,logitnorm,none
City-B,T1,10x,1800.0,S1_CapRR,routine,M_routine,500,True,3,2504.5,1496.4,303.6,0.4025,0.0,dist_logitnorm,4,0.67,0.15,logitnorm,none
City-B,T1,10x,1800.0,S1_CapRR,cross_regime,M_stress,500,True,3,2504.5,1243.6,556.4,0.5034,0.0,dist_logitnorm,4,0.67,0.15,logitnorm,none
City-B,T1,10x,1800.0,S2_Platform,routine,M_routine,500,True,4,2163.2,1904.6,0.0,0.1195,1.0,dist_logitnorm,4,0.67,0.15,logitnorm,none
City-B,T1,10x,1800.0,S2_Platform,cross_regime,M_stress,500,True,4,2163.2,1426.6,373.4,0.3405,0.0,dist_logitnorm,4,0.67,0.15,logitnorm,none
City-B,T1,10x,1800.0,S3_Lin4,routine,M_routine,500,True,4,1830.5,1904.6,0.0,0.0,1.0,dist_logitnorm,4,0.67,0.15,logitnorm,none
City-B,T1,10x,1800.0,S3_Lin4,cross_regime,M_stress,500,True,4,1830.5,1426.6,373.4,0.2206,0.0,dist_logitnorm,4,0.67,0.15,logitnorm,none
City-B,T1,10x,1800.0,S4_GlobalCalib,routine,M_routine,500,True,4,2207.6,1904.6,0.0,0.1373,1.0,dist_logitnorm,4,0.67,0.15,logitnorm,none
City-B,T1,10x,1800.0,S4_GlobalCalib,cross_regime,M_stress,500,True,4,2207.6,1426.6,373.4,0.3538,0.0,dist_logitnorm,4,0.67,0.15,logitnorm,none
City-B,T1,10x,1800.0,S5_CityCalib,routine,M_routine,500,True,4,2199.2,1904.6,0.0,0.134,1.0,dist_logitnorm,4,0.67,0.15,logitnorm,none
City-B,T1,10x,1800.0,S5_CityCalib,cross_regime,M_stress,500,True,4,2199.2,1426.6,373.4,0.3513,0.0,dist_logitnorm,4,0.67,0.15,logitnorm,none
City-B,T1,10x,1800.0,S6_Q10,routine,M_routine,500,True,5,1831.6,2313.5,0.0,0.0,1.0,dist_logitnorm,4,0.67,0.15,logitnorm,none
City-B,T1,10x,1800.0,S6_Q10,cross_regime,M_stress,500,True,5,1831.6,1771.6,28.4,0.0327,0.0,dist_logitnorm,4,0.67,0.15,logitnorm,none
City-B,T2,1x,260.0,S0a_RoutineOracle,routine,M_routine,501,True,1,688.5,688.5,0.0,0.0,1.0,dist_logitnorm,4,0.67,0.15,logitnorm,none
City-B,T2,1x,260.0,S0a_RoutineOracle,cross_regime,M_stress,501,True,1,688.5,330.0,0.0,0.5207,1.0,dist_logitnorm,4,0.67,0.15,logitnorm,none
City-B,T2,1x,260.0,S0b_StressOracle,routine,M_routine,501,True,1,481.9,608.9,0.0,0.0,1.0,dist_logitnorm,4,0.67,0.15,logitnorm,none
City-B,T2,1x,260.0,S0b_StressOracle,cross_regime,M_stress,501,True,1,481.9,481.9,0.0,0.0,1.0,dist_logitnorm,4,0.67,0.15,logitnorm,none
City-B,T2,1x,260.0,S1_CapRR,routine,M_routine,501,True,1,846.0,543.0,0.0,0.3581,1.0,dist_logitnorm,4,0.67,0.15,logitnorm,none
City-B,T2,1x,260.0,S1_CapRR,cross_regime,M_stress,501,True,1,846.0,414.0,0.0,0.5107,1.0,dist_logitnorm,4,0.67,0.15,logitnorm,none
City-B,T2,1x,260.0,S2_Platform,routine,M_routine,501,True,1,557.0,688.5,0.0,0.0,1.0,dist_logitnorm,4,0.67,0.15,logitnorm,none
City-B,T2,1x,260.0,S2_Platform,cross_regime,M_stress,501,True,1,557.0,330.0,0.0,0.4075,1.0,dist_logitnorm,4,0.67,0.15,logitnorm,none
City-B,T2,1x,260.0,S3_Lin4,routine,M_routine,501,True,1,466.0,641.5,0.0,0.0,1.0,dist_logitnorm,4,0.67,0.15,logitnorm,none
City-B,T2,1x,260.0,S3_Lin4,cross_regime,M_stress,501,True,1,466.0,219.6,40.4,0.5289,0.0,dist_logitnorm,4,0.67,0.15,logitnorm,none
City-B,T2,1x,260.0,S4_GlobalCalib,routine,M_routine,501,True,1,566.7,543.0,0.0,0.0417,1.0,dist_logitnorm,4,0.67,0.15,logitnorm,none
City-B,T2,1x,260.0,S4_GlobalCalib,cross_regime,M_stress,501,True,1,566.7,414.0,0.0,0.2695,1.0,dist_logitnorm,4,0.67,0.15,logitnorm,none
City-B,T2,1x,260.0,S5_CityCalib,routine,M_routine,501,True,1,562.9,543.0,0.0,0.0352,1.0,dist_logitnorm,4,0.67,0.15,logitnorm,none
City-B,T2,1x,260.0,S5_CityCalib,cross_regime,M_stress,501,True,1,562.9,414.0,0.0,0.2645,1.0,dist_logitnorm,4,0.67,0.15,logitnorm,none
City-B,T2,1x,260.0,S6_Q10,routine,M_routine,501,True,1,387.6,543.0,0.0,0.0,1.0,dist_logitnorm,4,0.67,0.15,logitnorm,none
City-B,T2,1x,260.0,S6_Q10,cross_regime,M_stress,501,True,1,387.6,414.0,0.0,0.0,1.0,dist_logitnorm,4,0.67,0.15,logitnorm,none
City-B,T2,2x,520.0,S0a_RoutineOracle,routine,M_routine,501,True,1,688.5,688.5,0.0,0.0,1.0,dist_logitnorm,4,0.67,0.15,logitnorm,none
City-B,T2,2x,520.0,S0a_RoutineOracle,cross_regime,M_stress,501,True,1,688.5,330.0,190.0,0.5207,0.0,dist_logitnorm,4,0.67,0.15,logitnorm,none
City-B,T2,2x,520.0,S0b_StressOracle,routine,M_routine,501,True,2,895.9,1151.9,0.0,0.0,1.0,dist_logitnorm,4,0.67,0.15,logitnorm,none
City-B,T2,2x,520.0,S0b_StressOracle,cross_regime,M_stress,501,True,2,895.9,895.9,0.0,0.0,1.0,dist_logitnorm,4,0.67,0.15,logitnorm,none
City-B,T2,2x,520.0,S1_CapRR,routine,M_routine,501,True,1,846.0,543.0,0.0,0.3581,1.0,dist_logitnorm,4,0.67,0.15,logitnorm,none
City-B,T2,2x,520.0,S1_CapRR,cross_regime,M_stress,501,True,1,846.0,414.0,106.0,0.5107,0.0,dist_logitnorm,4,0.67,0.15,logitnorm,none
City-B,T2,2x,520.0,S2_Platform,routine,M_routine,501,True,1,557.0,688.5,0.0,0.0,1.0,dist_logitnorm,4,0.67,0.15,logitnorm,none
City-B,T2,2x,520.0,S2_Platform,cross_regime,M_stress,501,True,1,557.0,330.0,190.0,0.4075,0.0,dist_logitnorm,4,0.67,0.15,logitnorm,none
City-B,T2,2x,520.0,S3_Lin4,routine,M_routine,501,True,2,925.7,1330.0,0.0,0.0,1.0,dist_logitnorm,4,0.67,0.15,logitnorm,none
City-B,T2,2x,520.0,S3_Lin4,cross_regime,M_stress,501,True,2,925.7,549.6,0.0,0.4063,1.0,dist_logitnorm,4,0.67,0.15,logitnorm,none
City-B,T2,2x,520.0,S4_GlobalCalib,routine,M_routine,501,True,1,566.7,543.0,0.0,0.0417,1.0,dist_logitnorm,4,0.67,0.15,logitnorm,none
City-B,T2,2x,520.0,S4_GlobalCalib,cross_regime,M_stress,501,True,1,566.7,414.0,106.0,0.2695,0.0,dist_logitnorm,4,0.67,0.15,logitnorm,none
City-B,T2,2x,520.0,S5_CityCalib,routine,M_routine,501,True,1,562.9,543.0,0.0,0.0352,1.0,dist_logitnorm,4,0.67,0.15,logitnorm,none
City-B,T2,2x,520.0,S5_CityCalib,cross_regime,M_stress,501,True,1,562.9,414.0,106.0,0.2645,0.0,dist_logitnorm,4,0.67,0.15,logitnorm,none
City-B,T2,2x,520.0,S6_Q10,routine,M_routine,501,True,2,773.4,1151.9,0.0,0.0,1.0,dist_logitnorm,4,0.67,0.15,logitnorm,none
City-B,T2,2x,520.0,S6_Q10,cross_regime,M_stress,501,True,2,773.4,895.9,0.0,0.0,1.0,dist_logitnorm,4,0.67,0.15,logitnorm,none
City-B,T2,5x,1300.0,S0a_RoutineOracle,routine,M_routine,501,True,2,1330.0,1330.0,0.0,0.0,1.0,dist_logitnorm,4,0.67,0.15,logitnorm,none
City-B,T2,5x,1300.0,S0a_RoutineOracle,cross_regime,M_stress,501,True,2,1330.0,549.6,750.4,0.5868,0.0,dist_logitnorm,4,0.67,0.15,logitnorm,none
City-B,T2,5x,1300.0,S0b_StressOracle,routine,M_routine,501,True,4,1583.8,2192.3,0.0,0.0,1.0,dist_logitnorm,4,0.67,0.15,logitnorm,none
City-B,T2,5x,1300.0,S0b_StressOracle,cross_regime,M_stress,501,True,4,1583.8,1583.8,0.0,0.0,1.0,dist_logitnorm,4,0.67,0.15,logitnorm,none
City-B,T2,5x,1300.0,S1_CapRR,routine,M_routine,501,True,2,1688.0,1151.9,148.1,0.3176,0.0,dist_logitnorm,4,0.67,0.15,logitnorm,none
City-B,T2,5x,1300.0,S1_CapRR,cross_regime,M_stress,501,True,2,1688.0,895.9,404.1,0.4692,0.0,dist_logitnorm,4,0.67,0.15,logitnorm,none
City-B,T2,5x,1300.0,S2_Platform,routine,M_routine,501,True,3,1630.3,1938.9,0.0,0.0,1.0,dist_logitnorm,4,0.67,0.15,logitnorm,none
City-B,T2,5x,1300.0,S2_Platform,cross_regime,M_stress,501,True,3,1630.3,1031.5,268.5,0.3673,0.0,dist_logitnorm,4,0.67,0.15,logitnorm,none
City-B,T2,5x,1300.0,S3_Lin4,routine,M_routine,501,True,3,1382.5,1873.0,0.0,0.0,1.0,dist_logitnorm,4,0.67,0.15,logitnorm,none
City-B,T2,5x,1300.0,S3_Lin4,cross_regime,M_stress,501,True,3,1382.5,963.5,336.5,0.303,0.0,dist_logitnorm,4,0.67,0.15,logitnorm,none
City-B,T2,5x,1300.0,S4_GlobalCalib,routine,M_routine,501,True,3,1677.6,1793.4,0.0,0.0,1.0,dist_logitnorm,4,0.67,0.15,logitnorm,none
City-B,T2,5x,1300.0,S4_GlobalCalib,cross_regime,M_stress,501,True,3,1677.6,1115.5,184.5,0.3351,0.0,dist_logitnorm,4,0.67,0.15,logitnorm,none
City-B,T2,5x,1300.0,S5_CityCalib,routine,M_routine,501,True,3,1666.3,1793.4,0.0,0.0,1.0,dist_logitnorm,4,0.67,0.15,logitnorm,none
City-B,T2,5x,1300.0,S5_CityCalib,cross_regime,M_stress,501,True,3,1666.3,1115.5,184.5,0.3306,0.0,dist_logitnorm,4,0.67,0.15,logitnorm,none
City-B,T2,5x,1300.0,S6_Q10,routine,M_routine,501,True,4,1513.5,2481.9,0.0,0.0,1.0,dist_logitnorm,4,0.67,0.15,logitnorm,none
City-B,T2,5x,1300.0,S6_Q10,cross_regime,M_stress,501,True,4,1513.5,1445.5,0.0,0.0449,1.0,dist_logitnorm,4,0.67,0.15,logitnorm,none
City-B,T2,10x,2600.0,S0a_RoutineOracle,routine,M_routine,501,True,5,2974.6,2974.6,0.0,0.0,1.0,dist_logitnorm,4,0.67,0.15,logitnorm,none
City-B,T2,10x,2600.0,S0a_RoutineOracle,cross_regime,M_stress,501,True,5,2974.6,1714.9,885.1,0.4235,0.0,dist_logitnorm,4,0.67,0.15,logitnorm,none
City-B,T2,10x,2600.0,S0b_StressOracle,routine,M_routine,501,True,8,2749.1,3408.1,0.0,0.0,1.0,dist_logitnorm,4,0.67,0.15,logitnorm,none
City-B,T2,10x,2600.0,S0b_StressOracle,cross_regime,M_stress,501,True,8,2749.1,2749.1,0.0,0.0,1.0,dist_logitnorm,4,0.67,0.15,logitnorm,none
City-B,T2,10x,2600.0,S1_CapRR,routine,M_routine,501,True,4,3303.2,2481.9,118.1,0.2486,0.0,dist_logitnorm,4,0.67,0.15,logitnorm,none
City-B,T2,10x,2600.0,S1_CapRR,cross_regime,M_stress,501,True,4,3303.2,1445.5,1154.5,0.5624,0.0,dist_logitnorm,4,0.67,0.15,logitnorm,none
City-B,T2,10x,2600.0,S2_Platform,routine,M_routine,501,True,6,2974.4,3197.0,0.0,0.0,1.0,dist_logitnorm,4,0.67,0.15,logitnorm,none
City-B,T2,10x,2600.0,S2_Platform,cross_regime,M_stress,501,True,6,2974.4,2078.2,521.8,0.3013,0.0,dist_logitnorm,4,0.67,0.15,logitnorm,none
City-B,T2,10x,2600.0,S3_Lin4,routine,M_routine,501,True,6,2608.3,3197.0,0.0,0.0,1.0,dist_logitnorm,4,0.67,0.15,logitnorm,none
City-B,T2,10x,2600.0,S3_Lin4,cross_regime,M_stress,501,True,6,2608.3,2078.2,521.8,0.2032,0.0,dist_logitnorm,4,0.67,0.15,logitnorm,none
City-B,T2,10x,2600.0,S4_GlobalCalib,routine,M_routine,501,True,5,2680.6,2833.7,0.0,0.0,1.0,dist_logitnorm,4,0.67,0.15,logitnorm,none
City-B,T2,10x,2600.0,S4_GlobalCalib,cross_regime,M_stress,501,True,5,2680.6,1803.3,796.7,0.3273,0.0,dist_logitnorm,4,0.67,0.15,logitnorm,none
City-B,T2,10x,2600.0,S5_CityCalib,routine,M_routine,501,True,5,2662.8,2833.7,0.0,0.0,1.0,dist_logitnorm,4,0.67,0.15,logitnorm,none
City-B,T2,10x,2600.0,S5_CityCalib,cross_regime,M_stress,501,True,5,2662.8,1803.3,796.7,0.3228,0.0,dist_logitnorm,4,0.67,0.15,logitnorm,none
City-B,T2,10x,2600.0,S6_Q10,routine,M_routine,501,True,8,2678.6,3804.4,0.0,0.0,1.0,dist_logitnorm,4,0.67,0.15,logitnorm,none
City-B,T2,10x,2600.0,S6_Q10,cross_regime,M_stress,501,True,8,2678.6,2623.9,0.0,0.0204,1.0,dist_logitnorm,4,0.67,0.15,logitnorm,none
City-B,T3,1x,200.0,S0a_RoutineOracle,routine,M_routine,500,True,1,607.5,607.5,0.0,0.0,1.0,dist_logitnorm,4,0.67,0.15,logitnorm,none
City-B,T3,1x,200.0,S0a_RoutineOracle,cross_regime,M_stress,500,True,1,607.5,320.5,0.0,0.4725,1.0,dist_logitnorm,4,0.67,0.15,logitnorm,none
City-B,T3,1x,200.0,S0b_StressOracle,routine,M_routine,500,True,1,376.5,591.2,0.0,0.0,1.0,dist_logitnorm,4,0.67,0.15,logitnorm,none
City-B,T3,1x,200.0,S0b_StressOracle,cross_regime,M_stress,500,True,1,376.5,376.5,0.0,0.0,1.0,dist_logitnorm,4,0.67,0.15,logitnorm,none
City-B,T3,1x,200.0,S1_CapRR,routine,M_routine,500,True,1,744.5,587.0,0.0,0.2115,1.0,dist_logitnorm,4,0.67,0.15,logitnorm,none
City-B,T3,1x,200.0,S1_CapRR,cross_regime,M_stress,500,True,1,744.5,352.2,0.0,0.5269,1.0,dist_logitnorm,4,0.67,0.15,logitnorm,none
City-B,T3,1x,200.0,S2_Platform,routine,M_routine,500,True,1,543.2,607.5,0.0,0.0,1.0,dist_logitnorm,4,0.67,0.15,logitnorm,none
City-B,T3,1x,200.0,S2_Platform,cross_regime,M_stress,500,True,1,543.2,320.5,0.0,0.41,1.0,dist_logitnorm,4,0.67,0.15,logitnorm,none
City-B,T3,1x,200.0,S3_Lin4,routine,M_routine,500,True,1,455.0,476.3,0.0,0.0,1.0,dist_logitnorm,4,0.67,0.15,logitnorm,none
City-B,T3,1x,200.0,S3_Lin4,cross_regime,M_stress,500,True,1,455.0,337.5,0.0,0.2583,1.0,dist_logitnorm,4,0.67,0.15,logitnorm,none
City-B,T3,1x,200.0,S4_GlobalCalib,routine,M_routine,500,True,1,494.7,587.0,0.0,0.0,1.0,dist_logitnorm,4,0.67,0.15,logitnorm,none
City-B,T3,1x,200.0,S4_GlobalCalib,cross_regime,M_stress,500,True,1,494.7,352.2,0.0,0.2881,1.0,dist_logitnorm,4,0.67,0.15,logitnorm,none
City-B,T3,1x,200.0,S5_CityCalib,routine,M_routine,500,True,1,485.3,587.0,0.0,0.0,1.0,dist_logitnorm,4,0.67,0.15,logitnorm,none
City-B,T3,1x,200.0,S5_CityCalib,cross_regime,M_stress,500,True,1,485.3,352.2,0.0,0.2743,1.0,dist_logitnorm,4,0.67,0.15,logitnorm,none
City-B,T3,1x,200.0,S6_Q10,routine,M_routine,500,True,1,341.0,587.0,0.0,0.0,1.0,dist_logitnorm,4,0.67,0.15,logitnorm,none
City-B,T3,1x,200.0,S6_Q10,cross_regime,M_stress,500,True,1,341.0,352.2,0.0,0.0,1.0,dist_logitnorm,4,0.67,0.15,logitnorm,none
City-B,T3,2x,400.0,S0a_RoutineOracle,routine,M_routine,500,True,1,607.5,607.5,0.0,0.0,1.0,dist_logitnorm,4,0.67,0.15,logitnorm,none
City-B,T3,2x,400.0,S0a_RoutineOracle,cross_regime,M_stress,500,True,1,607.5,320.5,79.5,0.4725,0.0,dist_logitnorm,4,0.67,0.15,logitnorm,none
City-B,T3,2x,400.0,S0b_StressOracle,routine,M_routine,500,True,2,728.7,1178.2,0.0,0.0,1.0,dist_logitnorm,4,0.67,0.15,logitnorm,none
City-B,T3,2x,400.0,S0b_StressOracle,cross_regime,M_stress,500,True,2,728.7,728.7,0.0,0.0,1.0,dist_logitnorm,4,0.67,0.15,logitnorm,none
City-B,T3,2x,400.0,S1_CapRR,routine,M_routine,500,True,1,744.5,587.0,0.0,0.2115,1.0,dist_logitnorm,4,0.67,0.15,logitnorm,none
City-B,T3,2x,400.0,S1_CapRR,cross_regime,M_stress,500,True,1,744.5,352.2,47.8,0.5269,0.0,dist_logitnorm,4,0.67,0.15,logitnorm,none
City-B,T3,2x,400.0,S2_Platform,routine,M_routine,500,True,1,543.2,607.5,0.0,0.0,1.0,dist_logitnorm,4,0.67,0.15,logitnorm,none
City-B,T3,2x,400.0,S2_Platform,cross_regime,M_stress,500,True,1,543.2,320.5,79.5,0.41,0.0,dist_logitnorm,4,0.67,0.15,logitnorm,none
City-B,T3,2x,400.0,S3_Lin4,routine,M_routine,500,True,1,455.0,476.3,0.0,0.0,1.0,dist_logitnorm,4,0.67,0.15,logitnorm,none
City-B,T3,2x,400.0,S3_Lin4,cross_regime,M_stress,500,True,1,455.0,337.5,62.5,0.2583,0.0,dist_logitnorm,4,0.67,0.15,logitnorm,none
City-B,T3,2x,400.0,S4_GlobalCalib,routine,M_routine,500,True,1,494.7,587.0,0.0,0.0,1.0,dist_logitnorm,4,0.67,0.15,logitnorm,none
City-B,T3,2x,400.0,S4_GlobalCalib,cross_regime,M_stress,500,True,1,494.7,352.2,47.8,0.2881,0.0,dist_logitnorm,4,0.67,0.15,logitnorm,none
City-B,T3,2x,400.0,S5_CityCalib,routine,M_routine,500,True,1,485.3,587.0,0.0,0.0,1.0,dist_logitnorm,4,0.67,0.15,logitnorm,none
City-B,T3,2x,400.0,S5_CityCalib,cross_regime,M_stress,500,True,1,485.3,352.2,47.8,0.2743,0.0,dist_logitnorm,4,0.67,0.15,logitnorm,none
City-B,T3,2x,400.0,S6_Q10,routine,M_routine,500,True,2,680.4,1194.5,0.0,0.0,1.0,dist_logitnorm,4,0.67,0.15,logitnorm,none
City-B,T3,2x,400.0,S6_Q10,cross_regime,M_stress,500,True,2,680.4,672.6,0.0,0.0114,1.0,dist_logitnorm,4,0.67,0.15,logitnorm,none
City-B,T3,5x,1000.0,S0a_RoutineOracle,routine,M_routine,500,True,2,1198.7,1198.7,0.0,0.0,1.0,dist_logitnorm,4,0.67,0.15,logitnorm,none
City-B,T3,5x,1000.0,S0a_RoutineOracle,cross_regime,M_stress,500,True,2,1198.7,696.9,303.1,0.4186,0.0,dist_logitnorm,4,0.67,0.15,logitnorm,none
City-B,T3,5x,1000.0,S0b_StressOracle,routine,M_routine,500,True,3,1066.1,1654.5,0.0,0.0,1.0,dist_logitnorm,4,0.67,0.15,logitnorm,none
City-B,T3,5x,1000.0,S0b_StressOracle,cross_regime,M_stress,500,True,3,1066.1,1066.1,0.0,0.0,1.0,dist_logitnorm,4,0.67,0.15,logitnorm,none
City-B,T3,5x,1000.0,S1_CapRR,routine,M_routine,500,True,2,1485.4,1194.5,0.0,0.1958,1.0,dist_logitnorm,4,0.67,0.15,logitnorm,none
City-B,T3,5x,1000.0,S1_CapRR,cross_regime,M_stress,500,True,2,1485.4,672.6,327.4,0.5472,0.0,dist_logitnorm,4,0.67,0.15,logitnorm,none
City-B,T3,5x,1000.0,S2_Platform,routine,M_routine,500,True,2,1048.0,1083.8,0.0,0.0,1.0,dist_logitnorm,4,0.67,0.15,logitnorm,none
City-B,T3,5x,1000.0,S2_Platform,cross_regime,M_stress,500,True,2,1048.0,657.9,342.1,0.3722,0.0,dist_logitnorm,4,0.67,0.15,logitnorm,none
City-B,T3,5x,1000.0,S3_Lin4,routine,M_routine,500,True,3,1346.3,1654.5,0.0,0.0,1.0,dist_logitnorm,4,0.67,0.15,logitnorm,none
City-B,T3,5x,1000.0,S3_Lin4,cross_regime,M_stress,500,True,3,1346.3,1066.1,0.0,0.2081,1.0,dist_logitnorm,4,0.67,0.15,logitnorm,none
City-B,T3,5x,1000.0,S4_GlobalCalib,routine,M_routine,500,True,3,1464.5,1670.8,0.0,0.0,1.0,dist_logitnorm,4,0.67,0.15,logitnorm,none
City-B,T3,5x,1000.0,S4_GlobalCalib,cross_regime,M_stress,500,True,3,1464.5,1010.1,0.0,0.3103,1.0,dist_logitnorm,4,0.67,0.15,logitnorm,none
City-B,T3,5x,1000.0,S5_CityCalib,routine,M_routine,500,True,3,1436.9,1670.8,0.0,0.0,1.0,dist_logitnorm,4,0.67,0.15,logitnorm,none
City-B,T3,5x,1000.0,S5_CityCalib,cross_regime,M_stress,500,True,3,1436.9,1010.1,0.0,0.297,1.0,dist_logitnorm,4,0.67,0.15,logitnorm,none
City-B,T3,5x,1000.0,S6_Q10,routine,M_routine,500,True,3,1009.5,1670.8,0.0,0.0,1.0,dist_logitnorm,4,0.67,0.15,logitnorm,none
City-B,T3,5x,1000.0,S6_Q10,cross_regime,M_stress,500,True,3,1009.5,1010.1,0.0,0.0,1.0,dist_logitnorm,4,0.67,0.15,logitnorm,none
City-B,T3,10x,2000.0,S0a_RoutineOracle,routine,M_routine,500,True,4,2262.0,2262.0,0.0,0.0,1.0,dist_logitnorm,4,0.67,0.15,logitnorm,none
City-B,T3,10x,2000.0,S0a_RoutineOracle,cross_regime,M_stress,500,True,4,2262.0,1386.6,613.4,0.387,0.0,dist_logitnorm,4,0.67,0.15,logitnorm,none
City-B,T3,10x,2000.0,S0b_StressOracle,routine,M_routine,500,True,7,2249.9,3197.2,0.0,0.0,1.0,dist_logitnorm,4,0.67,0.15,logitnorm,none
City-B,T3,10x,2000.0,S0b_StressOracle,cross_regime,M_stress,500,True,7,2249.9,2249.9,0.0,0.0,1.0,dist_logitnorm,4,0.67,0.15,logitnorm,none
City-B,T3,10x,2000.0,S1_CapRR,routine,M_routine,500,True,3,2203.9,1670.8,329.2,0.2419,0.0,dist_logitnorm,4,0.67,0.15,logitnorm,none
City-B,T3,10x,2000.0,S1_CapRR,cross_regime,M_stress,500,True,3,2203.9,1010.1,989.9,0.5417,0.0,dist_logitnorm,4,0.67,0.15,logitnorm,none
City-B,T3,10x,2000.0,S2_Platform,routine,M_routine,500,True,5,2307.7,2551.2,0.0,0.0,1.0,dist_logitnorm,4,0.67,0.15,logitnorm,none
City-B,T3,10x,2000.0,S2_Platform,cross_regime,M_stress,500,True,5,2307.7,1385.5,614.5,0.3996,0.0,dist_logitnorm,4,0.67,0.15,logitnorm,none
City-B,T3,10x,2000.0,S3_Lin4,routine,M_routine,500,True,5,2161.4,2631.2,0.0,0.0,1.0,dist_logitnorm,4,0.67,0.15,logitnorm,none
City-B,T3,10x,2000.0,S3_Lin4,cross_regime,M_stress,500,True,5,2161.4,1684.9,315.1,0.2204,0.0,dist_logitnorm,4,0.67,0.15,logitnorm,none
City-B,T3,10x,2000.0,S4_GlobalCalib,routine,M_routine,500,True,5,2340.4,2708.9,0.0,0.0,1.0,dist_logitnorm,4,0.67,0.15,logitnorm,none
City-B,T3,10x,2000.0,S4_GlobalCalib,cross_regime,M_stress,500,True,5,2340.4,1629.8,370.2,0.3037,0.0,dist_logitnorm,4,0.67,0.15,logitnorm,none
City-B,T3,10x,2000.0,S5_CityCalib,routine,M_routine,500,True,5,2296.7,2708.9,0.0,0.0,1.0,dist_logitnorm,4,0.67,0.15,logitnorm,none
City-B,T3,10x,2000.0,S5_CityCalib,cross_regime,M_stress,500,True,5,2296.7,1629.8,370.2,0.2904,0.0,dist_logitnorm,4,0.67,0.15,logitnorm,none
City-B,T3,10x,2000.0,S6_Q10,routine,M_routine,500,True,7,2121.2,3230.1,0.0,0.0,1.0,dist_logitnorm,4,0.67,0.15,logitnorm,none
City-B,T3,10x,2000.0,S6_Q10,cross_regime,M_stress,500,True,7,2121.2,2203.7,0.0,0.0,1.0,dist_logitnorm,4,0.67,0.15,logitnorm,none
City-B,T4,1x,140.0,S0a_RoutineOracle,routine,M_routine,500,True,1,556.2,556.2,0.0,0.0,1.0,dist_logitnorm,4,0.67,0.15,logitnorm,none
City-B,T4,1x,140.0,S0a_RoutineOracle,cross_regime,M_stress,500,True,1,556.2,335.4,0.0,0.397,1.0,dist_logitnorm,4,0.67,0.15,logitnorm,none
City-B,T4,1x,140.0,S0b_StressOracle,routine,M_routine,500,True,1,483.7,485.9,0.0,0.0,1.0,dist_logitnorm,4,0.67,0.15,logitnorm,none
City-B,T4,1x,140.0,S0b_StressOracle,cross_regime,M_stress,500,True,1,483.7,483.7,0.0,0.0,1.0,dist_logitnorm,4,0.67,0.15,logitnorm,none
City-B,T4,1x,140.0,S1_CapRR,routine,M_routine,500,True,1,846.0,485.9,0.0,0.4257,1.0,dist_logitnorm,4,0.67,0.15,logitnorm,none
City-B,T4,1x,140.0,S1_CapRR,cross_regime,M_stress,500,True,1,846.0,483.7,0.0,0.4283,1.0,dist_logitnorm,4,0.67,0.15,logitnorm,none
City-B,T4,1x,140.0,S2_Platform,routine,M_routine,500,True,1,480.1,485.9,0.0,0.0,1.0,dist_logitnorm,4,0.67,0.15,logitnorm,none
City-B,T4,1x,140.0,S2_Platform,cross_regime,M_stress,500,True,1,480.1,483.7,0.0,0.0,1.0,dist_logitnorm,4,0.67,0.15,logitnorm,none
City-B,T4,1x,140.0,S3_Lin4,routine,M_routine,500,True,1,466.7,515.8,0.0,0.0,1.0,dist_logitnorm,4,0.67,0.15,logitnorm,none
City-B,T4,1x,140.0,S3_Lin4,cross_regime,M_stress,500,True,1,466.7,349.4,0.0,0.2515,1.0,dist_logitnorm,4,0.67,0.15,logitnorm,none
City-B,T4,1x,140.0,S4_GlobalCalib,routine,M_routine,500,True,1,562.2,485.9,0.0,0.1357,1.0,dist_logitnorm,4,0.67,0.15,logitnorm,none
City-B,T4,1x,140.0,S4_GlobalCalib,cross_regime,M_stress,500,True,1,562.2,483.7,0.0,0.1396,1.0,dist_logitnorm,4,0.67,0.15,logitnorm,none
City-B,T4,1x,140.0,S5_CityCalib,routine,M_routine,500,True,1,555.8,485.9,0.0,0.1259,1.0,dist_logitnorm,4,0.67,0.15,logitnorm,none
City-B,T4,1x,140.0,S5_CityCalib,cross_regime,M_stress,500,True,1,555.8,483.7,0.0,0.1298,1.0,dist_logitnorm,4,0.67,0.15,logitnorm,none
City-B,T4,1x,140.0,S6_Q10,routine,M_routine,500,True,1,386.0,485.9,0.0,0.0,1.0,dist_logitnorm,4,0.67,0.15,logitnorm,none
City-B,T4,1x,140.0,S6_Q10,cross_regime,M_stress,500,True,1,386.0,483.7,0.0,0.0,1.0,dist_logitnorm,4,0.67,0.15,logitnorm,none
City-B,T4,2x,280.0,S0a_RoutineOracle,routine,M_routine,500,True,1,556.2,556.2,0.0,0.0,1.0,dist_logitnorm,4,0.67,0.15,logitnorm,none
City-B,T4,2x,280.0,S0a_RoutineOracle,cross_regime,M_stress,500,True,1,556.2,335.4,0.0,0.397,1.0,dist_logitnorm,4,0.67,0.15,logitnorm,none
City-B,T4,2x,280.0,S0b_StressOracle,routine,M_routine,500,True,1,483.7,485.9,0.0,0.0,1.0,dist_logitnorm,4,0.67,0.15,logitnorm,none
City-B,T4,2x,280.0,S0b_StressOracle,cross_regime,M_stress,500,True,1,483.7,483.7,0.0,0.0,1.0,dist_logitnorm,4,0.67,0.15,logitnorm,none
City-B,T4,2x,280.0,S1_CapRR,routine,M_routine,500,True,1,846.0,485.9,0.0,0.4257,1.0,dist_logitnorm,4,0.67,0.15,logitnorm,none
City-B,T4,2x,280.0,S1_CapRR,cross_regime,M_stress,500,True,1,846.0,483.7,0.0,0.4283,1.0,dist_logitnorm,4,0.67,0.15,logitnorm,none
City-B,T4,2x,280.0,S2_Platform,routine,M_routine,500,True,1,480.1,485.9,0.0,0.0,1.0,dist_logitnorm,4,0.67,0.15,logitnorm,none
City-B,T4,2x,280.0,S2_Platform,cross_regime,M_stress,500,True,1,480.1,483.7,0.0,0.0,1.0,dist_logitnorm,4,0.67,0.15,logitnorm,none
City-B,T4,2x,280.0,S3_Lin4,routine,M_routine,500,True,1,466.7,515.8,0.0,0.0,1.0,dist_logitnorm,4,0.67,0.15,logitnorm,none
City-B,T4,2x,280.0,S3_Lin4,cross_regime,M_stress,500,True,1,466.7,349.4,0.0,0.2515,1.0,dist_logitnorm,4,0.67,0.15,logitnorm,none
City-B,T4,2x,280.0,S4_GlobalCalib,routine,M_routine,500,True,1,562.2,485.9,0.0,0.1357,1.0,dist_logitnorm,4,0.67,0.15,logitnorm,none
City-B,T4,2x,280.0,S4_GlobalCalib,cross_regime,M_stress,500,True,1,562.2,483.7,0.0,0.1396,1.0,dist_logitnorm,4,0.67,0.15,logitnorm,none
City-B,T4,2x,280.0,S5_CityCalib,routine,M_routine,500,True,1,555.8,485.9,0.0,0.1259,1.0,dist_logitnorm,4,0.67,0.15,logitnorm,none
City-B,T4,2x,280.0,S5_CityCalib,cross_regime,M_stress,500,True,1,555.8,483.7,0.0,0.1298,1.0,dist_logitnorm,4,0.67,0.15,logitnorm,none
City-B,T4,2x,280.0,S6_Q10,routine,M_routine,500,True,1,386.0,485.9,0.0,0.0,1.0,dist_logitnorm,4,0.67,0.15,logitnorm,none
City-B,T4,2x,280.0,S6_Q10,cross_regime,M_stress,500,True,1,386.0,483.7,0.0,0.0,1.0,dist_logitnorm,4,0.67,0.15,logitnorm,none
City-B,T4,5x,700.0,S0a_RoutineOracle,routine,M_routine,500,True,2,1100.6,1100.6,0.0,0.0,1.0,dist_logitnorm,4,0.67,0.15,logitnorm,none
City-B,T4,5x,700.0,S0a_RoutineOracle,cross_regime,M_stress,500,True,2,1100.6,594.5,105.5,0.4599,0.0,dist_logitnorm,4,0.67,0.15,logitnorm,none
City-B,T4,5x,700.0,S0b_StressOracle,routine,M_routine,500,True,2,833.0,1001.7,0.0,0.0,1.0,dist_logitnorm,4,0.67,0.15,logitnorm,none
City-B,T4,5x,700.0,S0b_StressOracle,cross_regime,M_stress,500,True,2,833.0,833.0,0.0,0.0,1.0,dist_logitnorm,4,0.67,0.15,logitnorm,none
City-B,T4,5x,700.0,S1_CapRR,routine,M_routine,500,True,1,846.0,485.9,214.1,0.4257,0.0,dist_logitnorm,4,0.67,0.15,logitnorm,none
City-B,T4,5x,700.0,S1_CapRR,cross_regime,M_stress,500,True,1,846.0,483.7,216.3,0.4283,0.0,dist_logitnorm,4,0.67,0.15,logitnorm,none
City-B,T4,5x,700.0,S2_Platform,routine,M_routine,500,True,2,912.9,915.1,0.0,0.0,1.0,dist_logitnorm,4,0.67,0.15,logitnorm,none
City-B,T4,5x,700.0,S2_Platform,cross_regime,M_stress,500,True,2,912.9,760.3,0.0,0.1672,1.0,dist_logitnorm,4,0.67,0.15,logitnorm,none
City-B,T4,5x,700.0,S3_Lin4,routine,M_routine,500,True,2,927.3,945.0,0.0,0.0,1.0,dist_logitnorm,4,0.67,0.15,logitnorm,none
City-B,T4,5x,700.0,S3_Lin4,cross_regime,M_stress,500,True,2,927.3,626.0,74.0,0.325,0.0,dist_logitnorm,4,0.67,0.15,logitnorm,none
City-B,T4,5x,700.0,S4_GlobalCalib,routine,M_routine,500,True,2,1121.6,1042.1,0.0,0.0709,1.0,dist_logitnorm,4,0.67,0.15,logitnorm,none
City-B,T4,5x,700.0,S4_GlobalCalib,cross_regime,M_stress,500,True,2,1121.6,819.1,0.0,0.2697,1.0,dist_logitnorm,4,0.67,0.15,logitnorm,none
City-B,T4,5x,700.0,S5_CityCalib,routine,M_routine,500,True,2,1109.0,1042.1,0.0,0.0604,1.0,dist_logitnorm,4,0.67,0.15,logitnorm,none
City-B,T4,5x,700.0,S5_CityCalib,cross_regime,M_stress,500,True,2,1109.0,819.1,0.0,0.2614,1.0,dist_logitnorm,4,0.67,0.15,logitnorm,none
City-B,T4,5x,700.0,S6_Q10,routine,M_routine,500,True,2,770.2,1042.1,0.0,0.0,1.0,dist_logitnorm,4,0.67,0.15,logitnorm,none
City-B,T4,5x,700.0,S6_Q10,cross_regime,M_stress,500,True,2,770.2,819.1,0.0,0.0,1.0,dist_logitnorm,4,0.67,0.15,logitnorm,none
City-B,T4,10x,1400.0,S0a_RoutineOracle,routine,M_routine,500,True,3,1633.1,1633.1,0.0,0.0,1.0,dist_logitnorm,4,0.67,0.15,logitnorm,none
City-B,T4,10x,1400.0,S0a_RoutineOracle,cross_regime,M_stress,500,True,3,1633.1,934.7,465.3,0.4277,0.0,dist_logitnorm,4,0.67,0.15,logitnorm,none
City-B,T4,10x,1400.0,S0b_StressOracle,routine,M_routine,500,True,4,1508.6,2090.3,0.0,0.0,1.0,dist_logitnorm,4,0.67,0.15,logitnorm,none
City-B,T4,10x,1400.0,S0b_StressOracle,cross_regime,M_stress,500,True,4,1508.6,1508.6,0.0,0.0,1.0,dist_logitnorm,4,0.67,0.15,logitnorm,none
City-B,T4,10x,1400.0,S1_CapRR,routine,M_routine,500,True,2,1688.0,1042.1,357.9,0.3826,0.0,dist_logitnorm,4,0.67,0.15,logitnorm,none
City-B,T4,10x,1400.0,S1_CapRR,cross_regime,M_stress,500,True,2,1688.0,819.1,580.9,0.5147,0.0,dist_logitnorm,4,0.67,0.15,logitnorm,none
City-B,T4,10x,1400.0,S2_Platform,routine,M_routine,500,True,4,1693.5,1963.4,0.0,0.0,1.0,dist_logitnorm,4,0.67,0.15,logitnorm,none
City-B,T4,10x,1400.0,S2_Platform,cross_regime,M_stress,500,True,4,1693.5,1449.9,0.0,0.1439,1.0,dist_logitnorm,4,0.67,0.15,logitnorm,none
City-B,T4,10x,1400.0,S3_Lin4,routine,M_routine,500,True,4,1839.9,1987.1,0.0,0.0,1.0,dist_logitnorm,4,0.67,0.15,logitnorm,none
City-B,T4,10x,1400.0,S3_Lin4,cross_regime,M_stress,500,True,4,1839.9,1445.1,0.0,0.2146,1.0,dist_logitnorm,4,0.67,0.15,logitnorm,none
City-B,T4,10x,1400.0,S4_GlobalCalib,routine,M_routine,500,True,3,1664.2,1557.9,0.0,0.0639,1.0,dist_logitnorm,4,0.67,0.15,logitnorm,none
City-B,T4,10x,1400.0,S4_GlobalCalib,cross_regime,M_stress,500,True,3,1664.2,1168.4,231.6,0.2979,0.0,dist_logitnorm,4,0.67,0.15,logitnorm,none
City-B,T4,10x,1400.0,S5_CityCalib,routine,M_routine,500,True,3,1645.6,1557.9,0.0,0.0533,1.0,dist_logitnorm,4,0.67,0.15,logitnorm,none
City-B,T4,10x,1400.0,S5_CityCalib,cross_regime,M_stress,500,True,3,1645.6,1168.4,231.6,0.2899,0.0,dist_logitnorm,4,0.67,0.15,logitnorm,none
City-B,T4,10x,1400.0,S6_Q10,routine,M_routine,500,True,4,1507.2,1987.1,0.0,0.0,1.0,dist_logitnorm,4,0.67,0.15,logitnorm,none
City-B,T4,10x,1400.0,S6_Q10,cross_regime,M_stress,500,True,4,1507.2,1445.1,0.0,0.0412,1.0,dist_logitnorm,4,0.67,0.15,logitnorm,none
City-B,T5,1x,160.0,S0a_RoutineOracle,routine,M_routine,500,True,1,629.2,629.2,0.0,0.0,1.0,dist_logitnorm,4,0.67,0.15,logitnorm,none
City-B,T5,1x,160.0,S0a_RoutineOracle,cross_regime,M_stress,500,True,1,629.2,205.4,0.0,0.6736,1.0,dist_logitnorm,4,0.67,0.15,logitnorm,none
City-B,T5,1x,160.0,S0b_StressOracle,routine,M_routine,500,True,1,413.1,241.1,0.0,0.4163,1.0,dist_logitnorm,4,0.67,0.15,logitnorm,none
City-B,T5,1x,160.0,S0b_StressOracle,cross_regime,M_stress,500,True,1,413.1,413.1,0.0,0.0,1.0,dist_logitnorm,4,0.67,0.15,logitnorm,none
City-B,T5,1x,160.0,S1_CapRR,routine,M_routine,500,True,1,744.5,501.3,0.0,0.3266,1.0,dist_logitnorm,4,0.67,0.15,logitnorm,none
City-B,T5,1x,160.0,S1_CapRR,cross_regime,M_stress,500,True,1,744.5,356.2,0.0,0.5216,1.0,dist_logitnorm,4,0.67,0.15,logitnorm,none
City-B,T5,1x,160.0,S2_Platform,routine,M_routine,500,True,1,553.3,541.2,0.0,0.0219,1.0,dist_logitnorm,4,0.67,0.15,logitnorm,none
City-B,T5,1x,160.0,S2_Platform,cross_regime,M_stress,500,True,1,553.3,319.9,0.0,0.4218,1.0,dist_logitnorm,4,0.67,0.15,logitnorm,none
City-B,T5,1x,160.0,S3_Lin4,routine,M_routine,500,True,1,458.5,241.1,0.0,0.4741,1.0,dist_logitnorm,4,0.67,0.15,logitnorm,none
City-B,T5,1x,160.0,S3_Lin4,cross_regime,M_stress,500,True,1,458.5,413.1,0.0,0.0991,1.0,dist_logitnorm,4,0.67,0.15,logitnorm,none
City-B,T5,1x,160.0,S4_GlobalCalib,routine,M_routine,500,True,1,498.4,501.3,0.0,0.0,1.0,dist_logitnorm,4,0.67,0.15,logitnorm,none
City-B,T5,1x,160.0,S4_GlobalCalib,cross_regime,M_stress,500,True,1,498.4,356.2,0.0,0.2854,1.0,dist_logitnorm,4,0.67,0.15,logitnorm,none
City-B,T5,1x,160.0,S5_CityCalib,routine,M_routine,500,True,1,491.6,501.3,0.0,0.0,1.0,dist_logitnorm,4,0.67,0.15,logitnorm,none
City-B,T5,1x,160.0,S5_CityCalib,cross_regime,M_stress,500,True,1,491.6,356.2,0.0,0.2755,1.0,dist_logitnorm,4,0.67,0.15,logitnorm,none
City-B,T5,1x,160.0,S6_Q10,routine,M_routine,500,True,1,339.7,501.3,0.0,0.0,1.0,dist_logitnorm,4,0.67,0.15,logitnorm,none
City-B,T5,1x,160.0,S6_Q10,cross_regime,M_stress,500,True,1,339.7,356.2,0.0,0.0,1.0,dist_logitnorm,4,0.67,0.15,logitnorm,none
City-B,T5,2x,320.0,S0a_RoutineOracle,routine,M_routine,500,True,1,629.2,629.2,0.0,0.0,1.0,dist_logitnorm,4,0.67,0.15,logitnorm,none
City-B,T5,2x,320.0,S0a_RoutineOracle,cross_regime,M_stress,500,True,1,629.2,205.4,114.6,0.6736,0.0,dist_logitnorm,4,0.67,0.15,logitnorm,none
City-B,T5,2x,320.0,S0b_StressOracle,routine,M_routine,500,True,1,413.1,241.1,78.9,0.4163,0.0,dist_logitnorm,4,0.67,0.15,logitnorm,none
City-B,T5,2x,320.0,S0b_StressOracle,cross_regime,M_stress,500,True,1,413.1,413.1,0.0,0.0,1.0,dist_logitnorm,4,0.67,0.15,logitnorm,none
City-B,T5,2x,320.0,S1_CapRR,routine,M_routine,500,True,1,744.5,501.3,0.0,0.3266,1.0,dist_logitnorm,4,0.67,0.15,logitnorm,none
City-B,T5,2x,320.0,S1_CapRR,cross_regime,M_stress,500,True,1,744.5,356.2,0.0,0.5216,1.0,dist_logitnorm,4,0.67,0.15,logitnorm,none
City-B,T5,2x,320.0,S2_Platform,routine,M_routine,500,True,1,553.3,541.2,0.0,0.0219,1.0,dist_logitnorm,4,0.67,0.15,logitnorm,none
City-B,T5,2x,320.0,S2_Platform,cross_regime,M_stress,500,True,1,553.3,319.9,0.1,0.4218,0.0,dist_logitnorm,4,0.67,0.15,logitnorm,none
City-B,T5,2x,320.0,S3_Lin4,routine,M_routine,500,True,1,458.5,241.1,78.9,0.4741,0.0,dist_logitnorm,4,0.67,0.15,logitnorm,none
City-B,T5,2x,320.0,S3_Lin4,cross_regime,M_stress,500,True,1,458.5,413.1,0.0,0.0991,1.0,dist_logitnorm,4,0.67,0.15,logitnorm,none
City-B,T5,2x,320.0,S4_GlobalCalib,routine,M_routine,500,True,1,498.4,501.3,0.0,0.0,1.0,dist_logitnorm,4,0.67,0.15,logitnorm,none
City-B,T5,2x,320.0,S4_GlobalCalib,cross_regime,M_stress,500,True,1,498.4,356.2,0.0,0.2854,1.0,dist_logitnorm,4,0.67,0.15,logitnorm,none
City-B,T5,2x,320.0,S5_CityCalib,routine,M_routine,500,True,1,491.6,501.3,0.0,0.0,1.0,dist_logitnorm,4,0.67,0.15,logitnorm,none
City-B,T5,2x,320.0,S5_CityCalib,cross_regime,M_stress,500,True,1,491.6,356.2,0.0,0.2755,1.0,dist_logitnorm,4,0.67,0.15,logitnorm,none
City-B,T5,2x,320.0,S6_Q10,routine,M_routine,500,True,1,339.7,501.3,0.0,0.0,1.0,dist_logitnorm,4,0.67,0.15,logitnorm,none
City-B,T5,2x,320.0,S6_Q10,cross_regime,M_stress,500,True,1,339.7,356.2,0.0,0.0,1.0,dist_logitnorm,4,0.67,0.15,logitnorm,none
City-B,T5,5x,800.0,S0a_RoutineOracle,routine,M_routine,500,True,2,1170.4,1170.4,0.0,0.0,1.0,dist_logitnorm,4,0.67,0.15,logitnorm,none
City-B,T5,5x,800.0,S0a_RoutineOracle,cross_regime,M_stress,500,True,2,1170.4,525.3,274.7,0.5512,0.0,dist_logitnorm,4,0.67,0.15,logitnorm,none
City-B,T5,5x,800.0,S0b_StressOracle,routine,M_routine,500,True,3,1089.2,1283.7,0.0,0.0,1.0,dist_logitnorm,4,0.67,0.15,logitnorm,none
City-B,T5,5x,800.0,S0b_StressOracle,cross_regime,M_stress,500,True,3,1089.2,1089.2,0.0,0.0,1.0,dist_logitnorm,4,0.67,0.15,logitnorm,none
City-B,T5,5x,800.0,S1_CapRR,routine,M_routine,500,True,2,1485.4,1042.5,0.0,0.2981,1.0,dist_logitnorm,4,0.67,0.15,logitnorm,none
City-B,T5,5x,800.0,S1_CapRR,cross_regime,M_stress,500,True,2,1485.4,676.1,123.9,0.5448,0.0,dist_logitnorm,4,0.67,0.15,logitnorm,none
City-B,T5,5x,800.0,S2_Platform,routine,M_routine,500,True,2,1093.7,782.3,17.7,0.2847,0.0,dist_logitnorm,4,0.67,0.15,logitnorm,none
City-B,T5,5x,800.0,S2_Platform,cross_regime,M_stress,500,True,2,1093.7,733.0,67.0,0.3298,0.0,dist_logitnorm,4,0.67,0.15,logitnorm,none
City-B,T5,5x,800.0,S3_Lin4,routine,M_routine,500,True,2,910.8,870.3,0.0,0.0444,1.0,dist_logitnorm,4,0.67,0.15,logitnorm,none
City-B,T5,5x,800.0,S3_Lin4,cross_regime,M_stress,500,True,2,910.8,618.5,181.5,0.321,0.0,dist_logitnorm,4,0.67,0.15,logitnorm,none
City-B,T5,5x,800.0,S4_GlobalCalib,routine,M_routine,500,True,2,994.5,1042.5,0.0,0.0,1.0,dist_logitnorm,4,0.67,0.15,logitnorm,none
City-B,T5,5x,800.0,S4_GlobalCalib,cross_regime,M_stress,500,True,2,994.5,676.1,123.9,0.3201,0.0,dist_logitnorm,4,0.67,0.15,logitnorm,none
City-B,T5,5x,800.0,S5_CityCalib,routine,M_routine,500,True,2,980.8,1042.5,0.0,0.0,1.0,dist_logitnorm,4,0.67,0.15,logitnorm,none
City-B,T5,5x,800.0,S5_CityCalib,cross_regime,M_stress,500,True,2,980.8,676.1,123.9,0.3107,0.0,dist_logitnorm,4,0.67,0.15,logitnorm,none
City-B,T5,5x,800.0,S6_Q10,routine,M_routine,500,True,3,1005.5,1283.7,0.0,0.0,1.0,dist_logitnorm,4,0.67,0.15,logitnorm,none
City-B,T5,5x,800.0,S6_Q10,cross_regime,M_stress,500,True,3,1005.5,1089.2,0.0,0.0,1.0,dist_logitnorm,4,0.67,0.15,logitnorm,none
City-B,T5,10x,1600.0,S0a_RoutineOracle,routine,M_routine,500,True,3,1671.8,1671.8,0.0,0.0,1.0,dist_logitnorm,4,0.67,0.15,logitnorm,none
City-B,T5,10x,1600.0,S0a_RoutineOracle,cross_regime,M_stress,500,True,3,1671.8,881.5,718.5,0.4727,0.0,dist_logitnorm,4,0.67,0.15,logitnorm,none
City-B,T5,10x,1600.0,S0b_StressOracle,routine,M_routine,500,True,5,1683.4,1882.4,0.0,0.0,1.0,dist_logitnorm,4,0.67,0.15,logitnorm,none
City-B,T5,10x,1600.0,S0b_StressOracle,cross_regime,M_stress,500,True,5,1683.4,1683.4,0.0,0.0,1.0,dist_logitnorm,4,0.67,0.15,logitnorm,none
City-B,T5,10x,1600.0,S1_CapRR,routine,M_routine,500,True,3,2203.9,1283.7,316.3,0.4176,0.0,dist_logitnorm,4,0.67,0.15,logitnorm,none
City-B,T5,10x,1600.0,S1_CapRR,cross_regime,M_stress,500,True,3,2203.9,1089.2,510.8,0.5058,0.0,dist_logitnorm,4,0.67,0.15,logitnorm,none
City-B,T5,10x,1600.0,S2_Platform,routine,M_routine,500,True,4,2025.8,1739.3,0.0,0.1414,1.0,dist_logitnorm,4,0.67,0.15,logitnorm,none
City-B,T5,10x,1600.0,S2_Platform,cross_regime,M_stress,500,True,4,2025.8,1256.0,344.0,0.38,0.0,dist_logitnorm,4,0.67,0.15,logitnorm,none
City-B,T5,10x,1600.0,S3_Lin4,routine,M_routine,500,True,4,1800.6,1912.9,0.0,0.0,1.0,dist_logitnorm,4,0.67,0.15,logitnorm,none
City-B,T5,10x,1600.0,S3_Lin4,cross_regime,M_stress,500,True,4,1800.6,1294.6,305.4,0.281,0.0,dist_logitnorm,4,0.67,0.15,logitnorm,none
City-B,T5,10x,1600.0,S4_GlobalCalib,routine,M_routine,500,True,4,1946.0,1912.9,0.0,0.017,1.0,dist_logitnorm,4,0.67,0.15,logitnorm,none
City-B,T5,10x,1600.0,S4_GlobalCalib,cross_regime,M_stress,500,True,4,1946.0,1294.6,305.4,0.3348,0.0,dist_logitnorm,4,0.67,0.15,logitnorm,none
City-B,T5,10x,1600.0,S5_CityCalib,routine,M_routine,500,True,4,1919.5,1912.9,0.0,0.0035,1.0,dist_logitnorm,4,0.67,0.15,logitnorm,none
City-B,T5,10x,1600.0,S5_CityCalib,cross_regime,M_stress,500,True,4,1919.5,1294.6,305.4,0.3256,0.0,dist_logitnorm,4,0.67,0.15,logitnorm,none
City-B,T5,10x,1600.0,S6_Q10,routine,M_routine,500,True,5,1606.7,2240.7,0.0,0.0,1.0,dist_logitnorm,4,0.67,0.15,logitnorm,none
City-B,T5,10x,1600.0,S6_Q10,cross_regime,M_stress,500,True,5,1606.7,1612.2,0.0,0.0,1.0,dist_logitnorm,4,0.67,0.15,logitnorm,none
City-C,T1,1x,180.0,S0a_RoutineOracle,routine,M_routine,650,True,1,677.3,677.3,0.0,0.0,1.0,dist_logitnorm,4,0.67,0.15,logitnorm,none
City-C,T1,1x,180.0,S0a_RoutineOracle,cross_regime,M_stress,650,True,1,677.3,331.3,0.0,0.5109,1.0,dist_logitnorm,4,0.67,0.15,logitnorm,none
City-C,T1,1x,180.0,S0b_StressOracle,routine,M_routine,650,True,1,331.3,677.3,0.0,0.0,1.0,dist_logitnorm,4,0.67,0.15,logitnorm,none
City-C,T1,1x,180.0,S0b_StressOracle,cross_regime,M_stress,650,True,1,331.3,331.3,0.0,0.0,1.0,dist_logitnorm,4,0.67,0.15,logitnorm,none
City-C,T1,1x,180.0,S1_CapRR,routine,M_routine,650,True,1,737.0,677.3,0.0,0.0811,1.0,dist_logitnorm,4,0.67,0.15,logitnorm,none
City-C,T1,1x,180.0,S1_CapRR,cross_regime,M_stress,650,True,1,737.0,331.3,0.0,0.5506,1.0,dist_logitnorm,4,0.67,0.15,logitnorm,none
City-C,T1,1x,180.0,S2_Platform,routine,M_routine,650,True,1,460.9,677.3,0.0,0.0,1.0,dist_logitnorm,4,0.67,0.15,logitnorm,none
City-C,T1,1x,180.0,S2_Platform,cross_regime,M_stress,650,True,1,460.9,331.3,0.0,0.2813,1.0,dist_logitnorm,4,0.67,0.15,logitnorm,none
City-C,T1,1x,180.0,S3_Lin4,routine,M_routine,650,True,1,416.6,677.3,0.0,0.0,1.0,dist_logitnorm,4,0.67,0.15,logitnorm,none
City-C,T1,1x,180.0,S3_Lin4,cross_regime,M_stress,650,True,1,416.6,331.3,0.0,0.2049,1.0,dist_logitnorm,4,0.67,0.15,logitnorm,none
City-C,T1,1x,180.0,S4_GlobalCalib,routine,M_routine,650,True,1,492.5,677.3,0.0,0.0,1.0,dist_logitnorm,4,0.67,0.15,logitnorm,none
City-C,T1,1x,180.0,S4_GlobalCalib,cross_regime,M_stress,650,True,1,492.5,331.3,0.0,0.3275,1.0,dist_logitnorm,4,0.67,0.15,logitnorm,none
City-C,T1,1x,180.0,S5_CityCalib,routine,M_routine,650,True,1,500.5,677.3,0.0,0.0,1.0,dist_logitnorm,4,0.67,0.15,logitnorm,none
City-C,T1,1x,180.0,S5_CityCalib,cross_regime,M_stress,650,True,1,500.5,331.3,0.0,0.3382,1.0,dist_logitnorm,4,0.67,0.15,logitnorm,none
City-C,T1,1x,180.0,S6_Q10,routine,M_routine,650,True,1,337.3,677.3,0.0,0.0,1.0,dist_logitnorm,4,0.67,0.15,logitnorm,none
City-C,T1,1x,180.0,S6_Q10,cross_regime,M_stress,650,True,1,337.3,331.3,0.0,0.0179,1.0,dist_logitnorm,4,0.67,0.15,logitnorm,none
City-C,T1,2x,360.0,S0a_RoutineOracle,routine,M_routine,650,True,1,677.3,677.3,0.0,0.0,1.0,dist_logitnorm,4,0.67,0.15,logitnorm,none
City-C,T1,2x,360.0,S0a_RoutineOracle,cross_regime,M_stress,650,True,1,677.3,331.3,28.7,0.5109,0.0,dist_logitnorm,4,0.67,0.15,logitnorm,none
City-C,T1,2x,360.0,S0b_StressOracle,routine,M_routine,650,True,2,636.3,1109.5,0.0,0.0,1.0,dist_logitnorm,4,0.67,0.15,logitnorm,none
City-C,T1,2x,360.0,S0b_StressOracle,cross_regime,M_stress,650,True,2,636.3,636.3,0.0,0.0,1.0,dist_logitnorm,4,0.67,0.15,logitnorm,none
City-C,T1,2x,360.0,S1_CapRR,routine,M_routine,650,True,1,737.0,677.3,0.0,0.0811,1.0,dist_logitnorm,4,0.67,0.15,logitnorm,none
City-C,T1,2x,360.0,S1_CapRR,cross_regime,M_stress,650,True,1,737.0,331.3,28.7,0.5506,0.0,dist_logitnorm,4,0.67,0.15,logitnorm,none
City-C,T1,2x,360.0,S2_Platform,routine,M_routine,650,True,1,460.9,677.3,0.0,0.0,1.0,dist_logitnorm,4,0.67,0.15,logitnorm,none
City-C,T1,2x,360.0,S2_Platform,cross_regime,M_stress,650,True,1,460.9,331.3,28.7,0.2813,0.0,dist_logitnorm,4,0.67,0.15,logitnorm,none
City-C,T1,2x,360.0,S3_Lin4,routine,M_routine,650,True,1,416.6,677.3,0.0,0.0,1.0,dist_logitnorm,4,0.67,0.15,logitnorm,none
City-C,T1,2x,360.0,S3_Lin4,cross_regime,M_stress,650,True,1,416.6,331.3,28.7,0.2049,0.0,dist_logitnorm,4,0.67,0.15,logitnorm,none
City-C,T1,2x,360.0,S4_GlobalCalib,routine,M_routine,650,True,1,492.5,677.3,0.0,0.0,1.0,dist_logitnorm,4,0.67,0.15,logitnorm,none
City-C,T1,2x,360.0,S4_GlobalCalib,cross_regime,M_stress,650,True,1,492.5,331.3,28.7,0.3275,0.0,dist_logitnorm,4,0.67,0.15,logitnorm,none
City-C,T1,2x,360.0,S5_CityCalib,routine,M_routine,650,True,1,500.5,677.3,0.0,0.0,1.0,dist_logitnorm,4,0.67,0.15,logitnorm,none
City-C,T1,2x,360.0,S5_CityCalib,cross_regime,M_stress,650,True,1,500.5,331.3,28.7,0.3382,0.0,dist_logitnorm,4,0.67,0.15,logitnorm,none
City-C,T1,2x,360.0,S6_Q10,routine,M_routine,650,True,2,658.8,1109.5,0.0,0.0,1.0,dist_logitnorm,4,0.67,0.15,logitnorm,none
City-C,T1,2x,360.0,S6_Q10,cross_regime,M_stress,650,True,2,658.8,636.3,0.0,0.0342,1.0,dist_logitnorm,4,0.67,0.15,logitnorm,none
City-C,T1,5x,900.0,S0a_RoutineOracle,routine,M_routine,650,True,2,1146.2,1146.2,0.0,0.0,1.0,dist_logitnorm,4,0.67,0.15,logitnorm,none
City-C,T1,5x,900.0,S0a_RoutineOracle,cross_regime,M_stress,650,True,2,1146.2,576.4,323.6,0.4972,0.0,dist_logitnorm,4,0.67,0.15,logitnorm,none
City-C,T1,5x,900.0,S0b_StressOracle,routine,M_routine,650,True,3,914.0,1413.0,0.0,0.0,1.0,dist_logitnorm,4,0.67,0.15,logitnorm,none
City-C,T1,5x,900.0,S0b_StressOracle,cross_regime,M_stress,650,True,3,914.0,914.0,0.0,0.0,1.0,dist_logitnorm,4,0.67,0.15,logitnorm,none
City-C,T1,5x,900.0,S1_CapRR,routine,M_routine,650,True,2,1439.5,1109.5,0.0,0.2293,1.0,dist_logitnorm,4,0.67,0.15,logitnorm,none
City-C,T1,5x,900.0,S1_CapRR,cross_regime,M_stress,650,True,2,1439.5,636.3,263.7,0.558,0.0,dist_logitnorm,4,0.67,0.15,logitnorm,none
City-C,T1,5x,900.0,S2_Platform,routine,M_routine,650,True,2,904.5,1109.5,0.0,0.0,1.0,dist_logitnorm,4,0.67,0.15,logitnorm,none
City-C,T1,5x,900.0,S2_Platform,cross_regime,M_stress,650,True,2,904.5,636.3,263.7,0.2965,0.0,dist_logitnorm,4,0.67,0.15,logitnorm,none
City-C,T1,5x,900.0,S3_Lin4,routine,M_routine,650,True,3,1207.4,1565.8,0.0,0.0,1.0,dist_logitnorm,4,0.67,0.15,logitnorm,none
City-C,T1,5x,900.0,S3_Lin4,cross_regime,M_stress,650,True,3,1207.4,899.9,0.1,0.2547,0.0,dist_logitnorm,4,0.67,0.15,logitnorm,none
City-C,T1,5x,900.0,S4_GlobalCalib,routine,M_routine,650,True,2,962.0,1109.5,0.0,0.0,1.0,dist_logitnorm,4,0.67,0.15,logitnorm,none
City-C,T1,5x,900.0,S4_GlobalCalib,cross_regime,M_stress,650,True,2,962.0,636.3,263.7,0.3386,0.0,dist_logitnorm,4,0.67,0.15,logitnorm,none
City-C,T1,5x,900.0,S5_CityCalib,routine,M_routine,650,True,2,977.5,1109.5,0.0,0.0,1.0,dist_logitnorm,4,0.67,0.15,logitnorm,none
City-C,T1,5x,900.0,S5_CityCalib,cross_regime,M_stress,650,True,2,977.5,636.3,263.7,0.3491,0.0,dist_logitnorm,4,0.67,0.15,logitnorm,none
City-C,T1,5x,900.0,S6_Q10,routine,M_routine,650,True,3,952.4,1565.8,0.0,0.0,1.0,dist_logitnorm,4,0.67,0.15,logitnorm,none
City-C,T1,5x,900.0,S6_Q10,cross_regime,M_stress,650,True,3,952.4,899.9,0.1,0.0552,0.0,dist_logitnorm,4,0.67,0.15,logitnorm,none
City-C,T1,10x,1800.0,S0a_RoutineOracle,routine,M_routine,650,True,4,2040.4,2040.4,0.0,0.0,1.0,dist_logitnorm,4,0.67,0.15,logitnorm,none
City-C,T1,10x,1800.0,S0a_RoutineOracle,cross_regime,M_stress,650,True,4,2040.4,1098.7,701.3,0.4615,0.0,dist_logitnorm,4,0.67,0.15,logitnorm,none
City-C,T1,10x,1800.0,S0b_StressOracle,routine,M_routine,650,True,7,1961.0,2921.1,0.0,0.0,1.0,dist_logitnorm,4,0.67,0.15,logitnorm,none
City-C,T1,10x,1800.0,S0b_StressOracle,cross_regime,M_stress,650,True,7,1961.0,1961.0,0.0,0.0,1.0,dist_logitnorm,4,0.67,0.15,logitnorm,none
City-C,T1,10x,1800.0,S1_CapRR,routine,M_routine,650,True,3,2081.1,1565.8,234.2,0.2476,0.0,dist_logitnorm,4,0.67,0.15,logitnorm,none
City-C,T1,10x,1800.0,S1_CapRR,cross_regime,M_stress,650,True,3,2081.1,899.9,900.1,0.5676,0.0,dist_logitnorm,4,0.67,0.15,logitnorm,none
City-C,T1,10x,1800.0,S2_Platform,routine,M_routine,650,True,5,2117.9,2132.5,0.0,0.0,1.0,dist_logitnorm,4,0.67,0.15,logitnorm,none
City-C,T1,10x,1800.0,S2_Platform,cross_regime,M_stress,650,True,5,2117.9,1056.5,743.5,0.5011,0.0,dist_logitnorm,4,0.67,0.15,logitnorm,none
City-C,T1,10x,1800.0,S3_Lin4,routine,M_routine,650,True,5,1960.3,2223.0,0.0,0.0,1.0,dist_logitnorm,4,0.67,0.15,logitnorm,none
City-C,T1,10x,1800.0,S3_Lin4,cross_regime,M_stress,650,True,5,1960.3,1419.7,380.3,0.2758,0.0,dist_logitnorm,4,0.67,0.15,logitnorm,none
City-C,T1,10x,1800.0,S4_GlobalCalib,routine,M_routine,650,True,5,2168.8,2226.6,0.0,0.0,1.0,dist_logitnorm,4,0.67,0.15,logitnorm,none
City-C,T1,10x,1800.0,S4_GlobalCalib,cross_regime,M_stress,650,True,5,2168.8,1068.1,731.9,0.5075,0.0,dist_logitnorm,4,0.67,0.15,logitnorm,none
City-C,T1,10x,1800.0,S5_CityCalib,routine,M_routine,650,True,4,1810.2,1940.6,0.0,0.0,1.0,dist_logitnorm,4,0.67,0.15,logitnorm,none
City-C,T1,10x,1800.0,S5_CityCalib,cross_regime,M_stress,650,True,4,1810.2,982.3,817.7,0.4574,0.0,dist_logitnorm,4,0.67,0.15,logitnorm,none
City-C,T1,10x,1800.0,S6_Q10,routine,M_routine,650,True,7,2001.2,3133.4,0.0,0.0,1.0,dist_logitnorm,4,0.67,0.15,logitnorm,none
City-C,T1,10x,1800.0,S6_Q10,cross_regime,M_stress,650,True,7,2001.2,1572.0,228.0,0.2145,0.0,dist_logitnorm,4,0.67,0.15,logitnorm,none
City-C,T2,1x,260.0,S0a_RoutineOracle,routine,M_routine,650,True,1,635.1,635.1,0.0,0.0,1.0,dist_logitnorm,4,0.67,0.15,logitnorm,none
City-C,T2,1x,260.0,S0a_RoutineOracle,cross_regime,M_stress,650,True,1,635.1,296.3,0.0,0.5335,1.0,dist_logitnorm,4,0.67,0.15,logitnorm,none
City-C,T2,1x,260.0,S0b_StressOracle,routine,M_routine,650,True,1,348.7,599.0,0.0,0.0,1.0,dist_logitnorm,4,0.67,0.15,logitnorm,none
City-C,T2,1x,260.0,S0b_StressOracle,cross_regime,M_stress,650,True,1,348.7,348.7,0.0,0.0,1.0,dist_logitnorm,4,0.67,0.15,logitnorm,none
City-C,T2,1x,260.0,S1_CapRR,routine,M_routine,650,True,1,737.0,635.1,0.0,0.1383,1.0,dist_logitnorm,4,0.67,0.15,logitnorm,none
City-C,T2,1x,260.0,S1_CapRR,cross_regime,M_stress,650,True,1,737.0,296.3,0.0,0.598,1.0,dist_logitnorm,4,0.67,0.15,logitnorm,none
City-C,T2,1x,260.0,S2_Platform,routine,M_routine,650,True,1,467.3,635.1,0.0,0.0,1.0,dist_logitnorm,4,0.67,0.15,logitnorm,none
City-C,T2,1x,260.0,S2_Platform,cross_regime,M_stress,650,True,1,467.3,296.3,0.0,0.3659,1.0,dist_logitnorm,4,0.67,0.15,logitnorm,none
City-C,T2,1x,260.0,S3_Lin4,routine,M_routine,650,True,1,421.5,635.1,0.0,0.0,1.0,dist_logitnorm,4,0.67,0.15,logitnorm,none
City-C,T2,1x,260.0,S3_Lin4,cross_regime,M_stress,650,True,1,421.5,296.3,0.0,0.2971,1.0,dist_logitnorm,4,0.67,0.15,logitnorm,none
City-C,T2,1x,260.0,S4_GlobalCalib,routine,M_routine,650,True,1,493.6,635.1,0.0,0.0,1.0,dist_logitnorm,4,0.67,0.15,logitnorm,none
City-C,T2,1x,260.0,S4_GlobalCalib,cross_regime,M_stress,650,True,1,493.6,296.3,0.0,0.3998,1.0,dist_logitnorm,4,0.67,0.15,logitnorm,none
City-C,T2,1x,260.0,S5_CityCalib,routine,M_routine,650,True,1,496.0,635.1,0.0,0.0,1.0,dist_logitnorm,4,0.67,0.15,logitnorm,none
City-C,T2,1x,260.0,S5_CityCalib,cross_regime,M_stress,650,True,1,496.0,296.3,0.0,0.4026,1.0,dist_logitnorm,4,0.67,0.15,logitnorm,none
City-C,T2,1x,260.0,S6_Q10,routine,M_routine,650,True,1,337.7,635.1,0.0,0.0,1.0,dist_logitnorm,4,0.67,0.15,logitnorm,none
City-C,T2,1x,260.0,S6_Q10,cross_regime,M_stress,650,True,1,337.7,296.3,0.0,0.1226,1.0,dist_logitnorm,4,0.67,0.15,logitnorm,none
City-C,T2,2x,520.0,S0a_RoutineOracle,routine,M_routine,650,True,1,635.1,635.1,0.0,0.0,1.0,dist_logitnorm,4,0.67,0.15,logitnorm,none
City-C,T2,2x,520.0,S0a_RoutineOracle,cross_regime,M_stress,650,True,1,635.1,296.3,223.7,0.5335,0.0,dist_logitnorm,4,0.67,0.15,logitnorm,none
City-C,T2,2x,520.0,S0b_StressOracle,routine,M_routine,650,True,2,690.4,1007.1,0.0,0.0,1.0,dist_logitnorm,4,0.67,0.15,logitnorm,none
City-C,T2,2x,520.0,S0b_StressOracle,cross_regime,M_stress,650,True,2,690.4,690.4,0.0,0.0,1.0,dist_logitnorm,4,0.67,0.15,logitnorm,none
City-C,T2,2x,520.0,S1_CapRR,routine,M_routine,650,True,1,737.0,635.1,0.0,0.1383,1.0,dist_logitnorm,4,0.67,0.15,logitnorm,none
City-C,T2,2x,520.0,S1_CapRR,cross_regime,M_stress,650,True,1,737.0,296.3,223.7,0.598,0.0,dist_logitnorm,4,0.67,0.15,logitnorm,none
City-C,T2,2x,520.0,S2_Platform,routine,M_routine,650,True,2,902.1,1234.1,0.0,0.0,1.0,dist_logitnorm,4,0.67,0.15,logitnorm,none
City-C,T2,2x,520.0,S2_Platform,cross_regime,M_stress,650,True,2,902.1,645.0,0.0,0.285,1.0,dist_logitnorm,4,0.67,0.15,logitnorm,none
City-C,T2,2x,520.0,S3_Lin4,routine,M_routine,650,True,2,826.3,1234.1,0.0,0.0,1.0,dist_logitnorm,4,0.67,0.15,logitnorm,none
City-C,T2,2x,520.0,S3_Lin4,cross_regime,M_stress,650,True,2,826.3,645.0,0.0,0.2194,1.0,dist_logitnorm,4,0.67,0.15,logitnorm,none
City-C,T2,2x,520.0,S4_GlobalCalib,routine,M_routine,650,True,2,964.1,1234.1,0.0,0.0,1.0,dist_logitnorm,4,0.67,0.15,logitnorm,none
City-C,T2,2x,520.0,S4_GlobalCalib,cross_regime,M_stress,650,True,2,964.1,645.0,0.0,0.331,1.0,dist_logitnorm,4,0.67,0.15,logitnorm,none
City-C,T2,2x,520.0,S5_CityCalib,routine,M_routine,650,True,2,968.6,1234.1,0.0,0.0,1.0,dist_logitnorm,4,0.67,0.15,logitnorm,none
City-C,T2,2x,520.0,S5_CityCalib,cross_regime,M_stress,650,True,2,968.6,645.0,0.0,0.3341,1.0,dist_logitnorm,4,0.67,0.15,logitnorm,none
City-C,T2,2x,520.0,S6_Q10,routine,M_routine,650,True,2,659.6,1234.1,0.0,0.0,1.0,dist_logitnorm,4,0.67,0.15,logitnorm,none
City-C,T2,2x,520.0,S6_Q10,cross_regime,M_stress,650,True,2,659.6,645.0,0.0,0.0221,1.0,dist_logitnorm,4,0.67,0.15,logitnorm,none
City-C,T2,5x,1300.0,S0a_RoutineOracle,routine,M_routine,650,True,3,1728.8,1728.8,0.0,0.0,1.0,dist_logitnorm,4,0.67,0.15,logitnorm,none
City-C,T2,5x,1300.0,S0a_RoutineOracle,cross_regime,M_stress,650,True,3,1728.8,867.2,432.8,0.4984,0.0,dist_logitnorm,4,0.67,0.15,logitnorm,none
City-C,T2,5x,1300.0,S0b_StressOracle,routine,M_routine,650,True,4,1340.9,1634.9,0.0,0.0,1.0,dist_logitnorm,4,0.67,0.15,logitnorm,none
City-C,T2,5x,1300.0,S0b_StressOracle,cross_regime,M_stress,650,True,4,1340.9,1340.9,0.0,0.0,1.0,dist_logitnorm,4,0.67,0.15,logitnorm,none
City-C,T2,5x,1300.0,S1_CapRR,routine,M_routine,650,True,2,1439.5,1234.1,65.9,0.1427,0.0,dist_logitnorm,4,0.67,0.15,logitnorm,none
City-C,T2,5x,1300.0,S1_CapRR,cross_regime,M_stress,650,True,2,1439.5,645.0,655.0,0.5519,0.0,dist_logitnorm,4,0.67,0.15,logitnorm,none
City-C,T2,5x,1300.0,S2_Platform,routine,M_routine,650,True,3,1301.1,1642.2,0.0,0.0,1.0,dist_logitnorm,4,0.67,0.15,logitnorm,none
City-C,T2,5x,1300.0,S2_Platform,cross_regime,M_stress,650,True,3,1301.1,986.7,313.3,0.2417,0.0,dist_logitnorm,4,0.67,0.15,logitnorm,none
City-C,T2,5x,1300.0,S3_Lin4,routine,M_routine,650,True,4,1605.3,1940.0,0.0,0.0,1.0,dist_logitnorm,4,0.67,0.15,logitnorm,none
City-C,T2,5x,1300.0,S3_Lin4,cross_regime,M_stress,650,True,4,1605.3,1281.7,18.3,0.2016,0.0,dist_logitnorm,4,0.67,0.15,logitnorm,none
City-C,T2,5x,1300.0,S4_GlobalCalib,routine,M_routine,650,True,3,1393.7,1642.2,0.0,0.0,1.0,dist_logitnorm,4,0.67,0.15,logitnorm,none
City-C,T2,5x,1300.0,S4_GlobalCalib,cross_regime,M_stress,650,True,3,1393.7,986.7,313.3,0.292,0.0,dist_logitnorm,4,0.67,0.15,logitnorm,none
City-C,T2,5x,1300.0,S5_CityCalib,routine,M_routine,650,True,3,1400.1,1642.2,0.0,0.0,1.0,dist_logitnorm,4,0.67,0.15,logitnorm,none
City-C,T2,5x,1300.0,S5_CityCalib,cross_regime,M_stress,650,True,3,1400.1,986.7,313.3,0.2953,0.0,dist_logitnorm,4,0.67,0.15,logitnorm,none
City-C,T2,5x,1300.0,S6_Q10,routine,M_routine,650,True,5,1487.1,2227.9,0.0,0.0,1.0,dist_logitnorm,4,0.67,0.15,logitnorm,none
City-C,T2,5x,1300.0,S6_Q10,cross_regime,M_stress,650,True,5,1487.1,1479.5,0.0,0.0051,1.0,dist_logitnorm,4,0.67,0.15,logitnorm,none
City-C,T2,10x,2600.0,S0a_RoutineOracle,routine,M_routine,650,True,6,2875.0,2875.0,0.0,0.0,1.0,dist_logitnorm,4,0.67,0.15,logitnorm,none
City-C,T2,10x,2600.0,S0a_RoutineOracle,cross_regime,M_stress,650,True,6,2875.0,1541.6,1058.4,0.4638,0.0,dist_logitnorm,4,0.67,0.15,logitnorm,none
City-C,T2,10x,2600.0,S0b_StressOracle,routine,M_routine,650,True,9,2814.3,3531.7,0.0,0.0,1.0,dist_logitnorm,4,0.67,0.15,logitnorm,none
City-C,T2,10x,2600.0,S0b_StressOracle,cross_regime,M_stress,650,True,9,2814.3,2814.3,0.0,0.0,1.0,dist_logitnorm,4,0.67,0.15,logitnorm,none
City-C,T2,10x,2600.0,S1_CapRR,routine,M_routine,650,True,4,2666.6,1963.1,636.9,0.2638,0.0,dist_logitnorm,4,0.67,0.15,logitnorm,none
City-C,T2,10x,2600.0,S1_CapRR,cross_regime,M_stress,650,True,4,2666.6,1269.7,1330.3,0.5239,0.0,dist_logitnorm,4,0.67,0.15,logitnorm,none
City-C,T2,10x,2600.0,S2_Platform,routine,M_routine,650,True,7,2815.8,2870.8,0.0,0.0,1.0,dist_logitnorm,4,0.67,0.15,logitnorm,none
City-C,T2,10x,2600.0,S2_Platform,cross_regime,M_stress,650,True,7,2815.8,2078.6,521.4,0.2618,0.0,dist_logitnorm,4,0.67,0.15,logitnorm,none
City-C,T2,10x,2600.0,S3_Lin4,routine,M_routine,650,True,7,2696.0,3043.4,0.0,0.0,1.0,dist_logitnorm,4,0.67,0.15,logitnorm,none
City-C,T2,10x,2600.0,S3_Lin4,cross_regime,M_stress,650,True,7,2696.0,1997.7,602.3,0.259,0.0,dist_logitnorm,4,0.67,0.15,logitnorm,none
City-C,T2,10x,2600.0,S4_GlobalCalib,routine,M_routine,650,True,7,2928.0,3051.1,0.0,0.0,1.0,dist_logitnorm,4,0.67,0.15,logitnorm,none
City-C,T2,10x,2600.0,S4_GlobalCalib,cross_regime,M_stress,650,True,7,2928.0,1960.3,639.7,0.3305,0.0,dist_logitnorm,4,0.67,0.15,logitnorm,none
City-C,T2,10x,2600.0,S5_CityCalib,routine,M_routine,650,True,7,2940.7,3051.1,0.0,0.0,1.0,dist_logitnorm,4,0.67,0.15,logitnorm,none
City-C,T2,10x,2600.0,S5_CityCalib,cross_regime,M_stress,650,True,7,2940.7,1960.3,639.7,0.3334,0.0,dist_logitnorm,4,0.67,0.15,logitnorm,none
City-C,T2,10x,2600.0,S6_Q10,routine,M_routine,650,True,10,2750.8,4035.7,0.0,0.0,1.0,dist_logitnorm,4,0.67,0.15,logitnorm,none
City-C,T2,10x,2600.0,S6_Q10,cross_regime,M_stress,650,True,10,2750.8,2888.6,0.0,0.0,1.0,dist_logitnorm,4,0.67,0.15,logitnorm,none
City-C,T3,1x,200.0,S0a_RoutineOracle,routine,M_routine,650,True,1,556.9,556.9,0.0,0.0,1.0,dist_logitnorm,4,0.67,0.15,logitnorm,none
City-C,T3,1x,200.0,S0a_RoutineOracle,cross_regime,M_stress,650,True,1,556.9,233.6,0.0,0.5804,1.0,dist_logitnorm,4,0.67,0.15,logitnorm,none
City-C,T3,1x,200.0,S0b_StressOracle,routine,M_routine,650,True,1,301.5,480.8,0.0,0.0,1.0,dist_logitnorm,4,0.67,0.15,logitnorm,none
City-C,T3,1x,200.0,S0b_StressOracle,cross_regime,M_stress,650,True,1,301.5,301.5,0.0,0.0,1.0,dist_logitnorm,4,0.67,0.15,logitnorm,none
City-C,T3,1x,200.0,S1_CapRR,routine,M_routine,650,True,1,648.6,556.9,0.0,0.1415,1.0,dist_logitnorm,4,0.67,0.15,logitnorm,none
City-C,T3,1x,200.0,S1_CapRR,cross_regime,M_stress,650,True,1,648.6,233.6,0.0,0.6398,1.0,dist_logitnorm,4,0.67,0.15,logitnorm,none
City-C,T3,1x,200.0,S2_Platform,routine,M_routine,650,True,1,456.8,556.9,0.0,0.0,1.0,dist_logitnorm,4,0.67,0.15,logitnorm,none
City-C,T3,1x,200.0,S2_Platform,cross_regime,M_stress,650,True,1,456.8,233.6,0.0,0.4885,1.0,dist_logitnorm,4,0.67,0.15,logitnorm,none
City-C,T3,1x,200.0,S3_Lin4,routine,M_routine,650,True,1,405.4,556.9,0.0,0.0,1.0,dist_logitnorm,4,0.67,0.15,logitnorm,none
City-C,T3,1x,200.0,S3_Lin4,cross_regime,M_stress,650,True,1,405.4,233.6,0.0,0.4236,1.0,dist_logitnorm,4,0.67,0.15,logitnorm,none
City-C,T3,1x,200.0,S4_GlobalCalib,routine,M_routine,650,True,1,431.1,556.9,0.0,0.0,1.0,dist_logitnorm,4,0.67,0.15,logitnorm,none
City-C,T3,1x,200.0,S4_GlobalCalib,cross_regime,M_stress,650,True,1,431.1,233.6,0.0,0.458,1.0,dist_logitnorm,4,0.67,0.15,logitnorm,none
City-C,T3,1x,200.0,S5_CityCalib,routine,M_routine,650,True,1,437.1,556.9,0.0,0.0,1.0,dist_logitnorm,4,0.67,0.15,logitnorm,none
City-C,T3,1x,200.0,S5_CityCalib,cross_regime,M_stress,650,True,1,437.1,233.6,0.0,0.4655,1.0,dist_logitnorm,4,0.67,0.15,logitnorm,none
City-C,T3,1x,200.0,S6_Q10,routine,M_routine,650,True,1,297.1,556.9,0.0,0.0,1.0,dist_logitnorm,4,0.67,0.15,logitnorm,none
City-C,T3,1x,200.0,S6_Q10,cross_regime,M_stress,650,True,1,297.1,233.6,0.0,0.2136,1.0,dist_logitnorm,4,0.67,0.15,logitnorm,none
City-C,T3,2x,400.0,S0a_RoutineOracle,routine,M_routine,650,True,1,556.9,556.9,0.0,0.0,1.0,dist_logitnorm,4,0.67,0.15,logitnorm,none
City-C,T3,2x,400.0,S0a_RoutineOracle,cross_regime,M_stress,650,True,1,556.9,233.6,166.4,0.5804,0.0,dist_logitnorm,4,0.67,0.15,logitnorm,none
City-C,T3,2x,400.0,S0b_StressOracle,routine,M_routine,650,True,2,599.2,747.6,0.0,0.0,1.0,dist_logitnorm,4,0.67,0.15,logitnorm,none
City-C,T3,2x,400.0,S0b_StressOracle,cross_regime,M_stress,650,True,2,599.2,599.2,0.0,0.0,1.0,dist_logitnorm,4,0.67,0.15,logitnorm,none
City-C,T3,2x,400.0,S1_CapRR,routine,M_routine,650,True,1,648.6,556.9,0.0,0.1415,1.0,dist_logitnorm,4,0.67,0.15,logitnorm,none
City-C,T3,2x,400.0,S1_CapRR,cross_regime,M_stress,650,True,1,648.6,233.6,166.4,0.6398,0.0,dist_logitnorm,4,0.67,0.15,logitnorm,none
City-C,T3,2x,400.0,S2_Platform,routine,M_routine,650,True,1,456.8,556.9,0.0,0.0,1.0,dist_logitnorm,4,0.67,0.15,logitnorm,none
City-C,T3,2x,400.0,S2_Platform,cross_regime,M_stress,650,True,1,456.8,233.6,166.4,0.4885,0.0,dist_logitnorm,4,0.67,0.15,logitnorm,none
City-C,T3,2x,400.0,S3_Lin4,routine,M_routine,650,True,1,405.4,556.9,0.0,0.0,1.0,dist_logitnorm,4,0.67,0.15,logitnorm,none
City-C,T3,2x,400.0,S3_Lin4,cross_regime,M_stress,650,True,1,405.4,233.6,166.4,0.4236,0.0,dist_logitnorm,4,0.67,0.15,logitnorm,none
City-C,T3,2x,400.0,S4_GlobalCalib,routine,M_routine,650,True,1,431.1,556.9,0.0,0.0,1.0,dist_logitnorm,4,0.67,0.15,logitnorm,none
City-C,T3,2x,400.0,S4_GlobalCalib,cross_regime,M_stress,650,True,1,431.1,233.6,166.4,0.458,0.0,dist_logitnorm,4,0.67,0.15,logitnorm,none
City-C,T3,2x,400.0,S5_CityCalib,routine,M_routine,650,True,1,437.1,556.9,0.0,0.0,1.0,dist_logitnorm,4,0.67,0.15,logitnorm,none
City-C,T3,2x,400.0,S5_CityCalib,cross_regime,M_stress,650,True,1,437.1,233.6,166.4,0.4655,0.0,dist_logitnorm,4,0.67,0.15,logitnorm,none
City-C,T3,2x,400.0,S6_Q10,routine,M_routine,650,True,2,580.3,1037.7,0.0,0.0,1.0,dist_logitnorm,4,0.67,0.15,logitnorm,none
City-C,T3,2x,400.0,S6_Q10,cross_regime,M_stress,650,True,2,580.3,535.2,0.0,0.0778,1.0,dist_logitnorm,4,0.67,0.15,logitnorm,none
City-C,T3,5x,1000.0,S0a_RoutineOracle,routine,M_routine,650,True,2,1037.7,1037.7,0.0,0.0,1.0,dist_logitnorm,4,0.67,0.15,logitnorm,none
City-C,T3,5x,1000.0,S0a_RoutineOracle,cross_regime,M_stress,650,True,2,1037.7,535.2,464.8,0.4843,0.0,dist_logitnorm,4,0.67,0.15,logitnorm,none
City-C,T3,5x,1000.0,S0b_StressOracle,routine,M_routine,650,True,4,1097.8,1392.1,0.0,0.0,1.0,dist_logitnorm,4,0.67,0.15,logitnorm,none
City-C,T3,5x,1000.0,S0b_StressOracle,cross_regime,M_stress,650,True,4,1097.8,1097.8,0.0,0.0,1.0,dist_logitnorm,4,0.67,0.15,logitnorm,none
City-C,T3,5x,1000.0,S1_CapRR,routine,M_routine,650,True,2,1266.8,1037.7,0.0,0.1809,1.0,dist_logitnorm,4,0.67,0.15,logitnorm,none
City-C,T3,5x,1000.0,S1_CapRR,cross_regime,M_stress,650,True,2,1266.8,535.2,464.8,0.5776,0.0,dist_logitnorm,4,0.67,0.15,logitnorm,none
City-C,T3,5x,1000.0,S2_Platform,routine,M_routine,650,True,3,1285.7,1290.0,0.0,0.0,1.0,dist_logitnorm,4,0.67,0.15,logitnorm,none
City-C,T3,5x,1000.0,S2_Platform,cross_regime,M_stress,650,True,3,1285.7,709.5,290.5,0.4481,0.0,dist_logitnorm,4,0.67,0.15,logitnorm,none
City-C,T3,5x,1000.0,S3_Lin4,routine,M_routine,650,True,3,1175.9,1506.3,0.0,0.0,1.0,dist_logitnorm,4,0.67,0.15,logitnorm,none
City-C,T3,5x,1000.0,S3_Lin4,cross_regime,M_stress,650,True,3,1175.9,752.6,247.4,0.3599,0.0,dist_logitnorm,4,0.67,0.15,logitnorm,none
City-C,T3,5x,1000.0,S4_GlobalCalib,routine,M_routine,650,True,3,1217.3,1506.3,0.0,0.0,1.0,dist_logitnorm,4,0.67,0.15,logitnorm,none
City-C,T3,5x,1000.0,S4_GlobalCalib,cross_regime,M_stress,650,True,3,1217.3,752.6,247.4,0.3817,0.0,dist_logitnorm,4,0.67,0.15,logitnorm,none
City-C,T3,5x,1000.0,S5_CityCalib,routine,M_routine,650,True,3,1234.2,1506.3,0.0,0.0,1.0,dist_logitnorm,4,0.67,0.15,logitnorm,none
City-C,T3,5x,1000.0,S5_CityCalib,cross_regime,M_stress,650,True,3,1234.2,752.6,247.4,0.3902,0.0,dist_logitnorm,4,0.67,0.15,logitnorm,none
City-C,T3,5x,1000.0,S6_Q10,routine,M_routine,650,True,4,1074.9,1773.1,0.0,0.0,1.0,dist_logitnorm,4,0.67,0.15,logitnorm,none
City-C,T3,5x,1000.0,S6_Q10,cross_regime,M_stress,650,True,4,1074.9,1050.4,0.0,0.0229,1.0,dist_logitnorm,4,0.67,0.15,logitnorm,none
City-C,T3,10x,2000.0,S0a_RoutineOracle,routine,M_routine,650,True,5,2275.9,2275.9,0.0,0.0,1.0,dist_logitnorm,4,0.67,0.15,logitnorm,none
City-C,T3,10x,2000.0,S0a_RoutineOracle,cross_regime,M_stress,650,True,5,2275.9,1186.4,813.6,0.4787,0.0,dist_logitnorm,4,0.67,0.15,logitnorm,none
City-C,T3,10x,2000.0,S0b_StressOracle,routine,M_routine,650,True,8,2031.5,2978.1,0.0,0.0,1.0,dist_logitnorm,4,0.67,0.15,logitnorm,none
City-C,T3,10x,2000.0,S0b_StressOracle,cross_regime,M_stress,650,True,8,2031.5,2031.5,0.0,0.0,1.0,dist_logitnorm,4,0.67,0.15,logitnorm,none
City-C,T3,10x,2000.0,S1_CapRR,routine,M_routine,650,True,4,2346.7,1773.1,226.9,0.2444,0.0,dist_logitnorm,4,0.67,0.15,logitnorm,none
City-C,T3,10x,2000.0,S1_CapRR,cross_regime,M_stress,650,True,4,2346.7,1050.4,949.6,0.5524,0.0,dist_logitnorm,4,0.67,0.15,logitnorm,none
City-C,T3,10x,2000.0,S2_Platform,routine,M_routine,650,True,5,2048.1,2040.9,0.0,0.0035,1.0,dist_logitnorm,4,0.67,0.15,logitnorm,none
City-C,T3,10x,2000.0,S2_Platform,cross_regime,M_stress,650,True,5,2048.1,1082.2,917.8,0.4716,0.0,dist_logitnorm,4,0.67,0.15,logitnorm,none
City-C,T3,10x,2000.0,S3_Lin4,routine,M_routine,650,True,6,2264.6,2576.9,0.0,0.0,1.0,dist_logitnorm,4,0.67,0.15,logitnorm,none
City-C,T3,10x,2000.0,S3_Lin4,cross_regime,M_stress,650,True,6,2264.6,1318.1,681.9,0.4179,0.0,dist_logitnorm,4,0.67,0.15,logitnorm,none
City-C,T3,10x,2000.0,S4_GlobalCalib,routine,M_routine,650,True,6,2231.1,2522.1,0.0,0.0,1.0,dist_logitnorm,4,0.67,0.15,logitnorm,none
City-C,T3,10x,2000.0,S4_GlobalCalib,cross_regime,M_stress,650,True,6,2231.1,1539.3,460.7,0.3101,0.0,dist_logitnorm,4,0.67,0.15,logitnorm,none
City-C,T3,10x,2000.0,S5_CityCalib,routine,M_routine,650,True,6,2261.4,2522.1,0.0,0.0,1.0,dist_logitnorm,4,0.67,0.15,logitnorm,none
City-C,T3,10x,2000.0,S5_CityCalib,cross_regime,M_stress,650,True,6,2261.4,1539.3,460.7,0.3193,0.0,dist_logitnorm,4,0.67,0.15,logitnorm,none
City-C,T3,10x,2000.0,S6_Q10,routine,M_routine,650,True,9,2203.1,3312.7,0.0,0.0,1.0,dist_logitnorm,4,0.67,0.15,logitnorm,none
City-C,T3,10x,2000.0,S6_Q10,cross_regime,M_stress,650,True,9,2203.1,1936.9,63.1,0.1209,0.0,dist_logitnorm,4,0.67,0.15,logitnorm,none
City-C,T4,1x,140.0,S0a_RoutineOracle,routine,M_routine,650,True,1,663.1,663.1,0.0,0.0,1.0,dist_logitnorm,4,0.67,0.15,logitnorm,none
City-C,T4,1x,140.0,S0a_RoutineOracle,cross_regime,M_stress,650,True,1,663.1,274.3,0.0,0.5863,1.0,dist_logitnorm,4,0.67,0.15,logitnorm,none
City-C,T4,1x,140.0,S0b_StressOracle,routine,M_routine,650,True,1,393.0,545.6,0.0,0.0,1.0,dist_logitnorm,4,0.67,0.15,logitnorm,none
City-C,T4,1x,140.0,S0b_StressOracle,cross_regime,M_stress,650,True,1,393.0,393.0,0.0,0.0,1.0,dist_logitnorm,4,0.67,0.15,logitnorm,none
City-C,T4,1x,140.0,S1_CapRR,routine,M_routine,650,True,1,737.0,545.6,0.0,0.2598,1.0,dist_logitnorm,4,0.67,0.15,logitnorm,none
City-C,T4,1x,140.0,S1_CapRR,cross_regime,M_stress,650,True,1,737.0,393.0,0.0,0.4668,1.0,dist_logitnorm,4,0.67,0.15,logitnorm,none
City-C,T4,1x,140.0,S2_Platform,routine,M_routine,650,True,1,377.7,418.5,0.0,0.0,1.0,dist_logitnorm,4,0.67,0.15,logitnorm,none
City-C,T4,1x,140.0,S2_Platform,cross_regime,M_stress,650,True,1,377.7,227.0,0.0,0.399,1.0,dist_logitnorm,4,0.67,0.15,logitnorm,none
City-C,T4,1x,140.0,S3_Lin4,routine,M_routine,650,True,1,419.1,545.6,0.0,0.0,1.0,dist_logitnorm,4,0.67,0.15,logitnorm,none
City-C,T4,1x,140.0,S3_Lin4,cross_regime,M_stress,650,True,1,419.1,393.0,0.0,0.0624,1.0,dist_logitnorm,4,0.67,0.15,logitnorm,none
City-C,T4,1x,140.0,S4_GlobalCalib,routine,M_routine,650,True,1,489.8,545.6,0.0,0.0,1.0,dist_logitnorm,4,0.67,0.15,logitnorm,none
City-C,T4,1x,140.0,S4_GlobalCalib,cross_regime,M_stress,650,True,1,489.8,393.0,0.0,0.1977,1.0,dist_logitnorm,4,0.67,0.15,logitnorm,none
City-C,T4,1x,140.0,S5_CityCalib,routine,M_routine,650,True,1,493.1,545.6,0.0,0.0,1.0,dist_logitnorm,4,0.67,0.15,logitnorm,none
City-C,T4,1x,140.0,S5_CityCalib,cross_regime,M_stress,650,True,1,493.1,393.0,0.0,0.203,1.0,dist_logitnorm,4,0.67,0.15,logitnorm,none
City-C,T4,1x,140.0,S6_Q10,routine,M_routine,650,True,1,336.3,545.6,0.0,0.0,1.0,dist_logitnorm,4,0.67,0.15,logitnorm,none
City-C,T4,1x,140.0,S6_Q10,cross_regime,M_stress,650,True,1,336.3,393.0,0.0,0.0,1.0,dist_logitnorm,4,0.67,0.15,logitnorm,none
City-C,T4,2x,280.0,S0a_RoutineOracle,routine,M_routine,650,True,1,663.1,663.1,0.0,0.0,1.0,dist_logitnorm,4,0.67,0.15,logitnorm,none
City-C,T4,2x,280.0,S0a_RoutineOracle,cross_regime,M_stress,650,True,1,663.1,274.3,5.7,0.5863,0.0,dist_logitnorm,4,0.67,0.15,logitnorm,none
City-C,T4,2x,280.0,S0b_StressOracle,routine,M_routine,650,True,1,393.0,545.6,0.0,0.0,1.0,dist_logitnorm,4,0.67,0.15,logitnorm,none
City-C,T4,2x,280.0,S0b_StressOracle,cross_regime,M_stress,650,True,1,393.0,393.0,0.0,0.0,1.0,dist_logitnorm,4,0.67,0.15,logitnorm,none
City-C,T4,2x,280.0,S1_CapRR,routine,M_routine,650,True,1,737.0,545.6,0.0,0.2598,1.0,dist_logitnorm,4,0.67,0.15,logitnorm,none
City-C,T4,2x,280.0,S1_CapRR,cross_regime,M_stress,650,True,1,737.0,393.0,0.0,0.4668,1.0,dist_logitnorm,4,0.67,0.15,logitnorm,none
City-C,T4,2x,280.0,S2_Platform,routine,M_routine,650,True,1,377.7,418.5,0.0,0.0,1.0,dist_logitnorm,4,0.67,0.15,logitnorm,none
City-C,T4,2x,280.0,S2_Platform,cross_regime,M_stress,650,True,1,377.7,227.0,53.0,0.399,0.0,dist_logitnorm,4,0.67,0.15,logitnorm,none
City-C,T4,2x,280.0,S3_Lin4,routine,M_routine,650,True,1,419.1,545.6,0.0,0.0,1.0,dist_logitnorm,4,0.67,0.15,logitnorm,none
City-C,T4,2x,280.0,S3_Lin4,cross_regime,M_stress,650,True,1,419.1,393.0,0.0,0.0624,1.0,dist_logitnorm,4,0.67,0.15,logitnorm,none
City-C,T4,2x,280.0,S4_GlobalCalib,routine,M_routine,650,True,1,489.8,545.6,0.0,0.0,1.0,dist_logitnorm,4,0.67,0.15,logitnorm,none
City-C,T4,2x,280.0,S4_GlobalCalib,cross_regime,M_stress,650,True,1,489.8,393.0,0.0,0.1977,1.0,dist_logitnorm,4,0.67,0.15,logitnorm,none
City-C,T4,2x,280.0,S5_CityCalib,routine,M_routine,650,True,1,493.1,545.6,0.0,0.0,1.0,dist_logitnorm,4,0.67,0.15,logitnorm,none
City-C,T4,2x,280.0,S5_CityCalib,cross_regime,M_stress,650,True,1,493.1,393.0,0.0,0.203,1.0,dist_logitnorm,4,0.67,0.15,logitnorm,none
City-C,T4,2x,280.0,S6_Q10,routine,M_routine,650,True,1,336.3,545.6,0.0,0.0,1.0,dist_logitnorm,4,0.67,0.15,logitnorm,none
City-C,T4,2x,280.0,S6_Q10,cross_regime,M_stress,650,True,1,336.3,393.0,0.0,0.0,1.0,dist_logitnorm,4,0.67,0.15,logitnorm,none
City-C,T4,5x,700.0,S0a_RoutineOracle,routine,M_routine,650,True,2,1208.7,1208.7,0.0,0.0,1.0,dist_logitnorm,4,0.67,0.15,logitnorm,none
City-C,T4,5x,700.0,S0a_RoutineOracle,cross_regime,M_stress,650,True,2,1208.7,667.3,32.7,0.4479,0.0,dist_logitnorm,4,0.67,0.15,logitnorm,none
City-C,T4,5x,700.0,S0b_StressOracle,routine,M_routine,650,True,2,717.8,946.5,0.0,0.0,1.0,dist_logitnorm,4,0.67,0.15,logitnorm,none
City-C,T4,5x,700.0,S0b_StressOracle,cross_regime,M_stress,650,True,2,717.8,717.8,0.0,0.0,1.0,dist_logitnorm,4,0.67,0.15,logitnorm,none
City-C,T4,5x,700.0,S1_CapRR,routine,M_routine,650,True,1,737.0,545.6,154.4,0.2598,0.0,dist_logitnorm,4,0.67,0.15,logitnorm,none
City-C,T4,5x,700.0,S1_CapRR,cross_regime,M_stress,650,True,1,737.0,393.0,307.0,0.4668,0.0,dist_logitnorm,4,0.67,0.15,logitnorm,none
City-C,T4,5x,700.0,S2_Platform,routine,M_routine,650,True,2,738.2,1081.6,0.0,0.0,1.0,dist_logitnorm,4,0.67,0.15,logitnorm,none
City-C,T4,5x,700.0,S2_Platform,cross_regime,M_stress,650,True,2,738.2,501.3,198.7,0.3209,0.0,dist_logitnorm,4,0.67,0.15,logitnorm,none
City-C,T4,5x,700.0,S3_Lin4,routine,M_routine,650,True,2,821.9,1208.7,0.0,0.0,1.0,dist_logitnorm,4,0.67,0.15,logitnorm,none
City-C,T4,5x,700.0,S3_Lin4,cross_regime,M_stress,650,True,2,821.9,667.3,32.7,0.1881,0.0,dist_logitnorm,4,0.67,0.15,logitnorm,none
City-C,T4,5x,700.0,S4_GlobalCalib,routine,M_routine,650,True,2,956.7,1208.7,0.0,0.0,1.0,dist_logitnorm,4,0.67,0.15,logitnorm,none
City-C,T4,5x,700.0,S4_GlobalCalib,cross_regime,M_stress,650,True,2,956.7,667.3,32.7,0.3025,0.0,dist_logitnorm,4,0.67,0.15,logitnorm,none
City-C,T4,5x,700.0,S5_CityCalib,routine,M_routine,650,True,2,963.0,1208.7,0.0,0.0,1.0,dist_logitnorm,4,0.67,0.15,logitnorm,none
City-C,T4,5x,700.0,S5_CityCalib,cross_regime,M_stress,650,True,2,963.0,667.3,32.7,0.307,0.0,dist_logitnorm,4,0.67,0.15,logitnorm,none
City-C,T4,5x,700.0,S6_Q10,routine,M_routine,650,True,3,949.5,1609.6,0.0,0.0,1.0,dist_logitnorm,4,0.67,0.15,logitnorm,none
City-C,T4,5x,700.0,S6_Q10,cross_regime,M_stress,650,True,3,949.5,992.1,0.0,0.0,1.0,dist_logitnorm,4,0.67,0.15,logitnorm,none
City-C,T4,10x,1400.0,S0a_RoutineOracle,routine,M_routine,650,True,3,1703.5,1703.5,0.0,0.0,1.0,dist_logitnorm,4,0.67,0.15,logitnorm,none
City-C,T4,10x,1400.0,S0a_RoutineOracle,cross_regime,M_stress,650,True,3,1703.5,885.3,514.7,0.4803,0.0,dist_logitnorm,4,0.67,0.15,logitnorm,none
City-C,T4,10x,1400.0,S0b_StressOracle,routine,M_routine,650,True,5,1640.9,1903.0,0.0,0.0,1.0,dist_logitnorm,4,0.67,0.15,logitnorm,none
City-C,T4,10x,1400.0,S0b_StressOracle,cross_regime,M_stress,650,True,5,1640.9,1640.9,0.0,0.0,1.0,dist_logitnorm,4,0.67,0.15,logitnorm,none
City-C,T4,10x,1400.0,S1_CapRR,routine,M_routine,650,True,2,1439.5,1208.7,191.3,0.1604,0.0,dist_logitnorm,4,0.67,0.15,logitnorm,none
City-C,T4,10x,1400.0,S1_CapRR,cross_regime,M_stress,650,True,2,1439.5,667.3,732.7,0.5364,0.0,dist_logitnorm,4,0.67,0.15,logitnorm,none
City-C,T4,10x,1400.0,S2_Platform,routine,M_routine,650,True,4,1425.4,1710.6,0.0,0.0,1.0,dist_logitnorm,4,0.67,0.15,logitnorm,none
City-C,T4,10x,1400.0,S2_Platform,cross_regime,M_stress,650,True,4,1425.4,1017.2,382.8,0.2864,0.0,dist_logitnorm,4,0.67,0.15,logitnorm,none
City-C,T4,10x,1400.0,S3_Lin4,routine,M_routine,650,True,4,1598.0,1949.2,0.0,0.0,1.0,dist_logitnorm,4,0.67,0.15,logitnorm,none
City-C,T4,10x,1400.0,S3_Lin4,cross_regime,M_stress,650,True,4,1598.0,1265.3,134.7,0.2082,0.0,dist_logitnorm,4,0.67,0.15,logitnorm,none
City-C,T4,10x,1400.0,S4_GlobalCalib,routine,M_routine,650,True,4,1772.2,2024.8,0.0,0.0,1.0,dist_logitnorm,4,0.67,0.15,logitnorm,none
City-C,T4,10x,1400.0,S4_GlobalCalib,cross_regime,M_stress,650,True,4,1772.2,1196.5,203.5,0.3249,0.0,dist_logitnorm,4,0.67,0.15,logitnorm,none
City-C,T4,10x,1400.0,S5_CityCalib,routine,M_routine,650,True,4,1783.6,2024.8,0.0,0.0,1.0,dist_logitnorm,4,0.67,0.15,logitnorm,none
City-C,T4,10x,1400.0,S5_CityCalib,cross_regime,M_stress,650,True,4,1783.6,1196.5,203.5,0.3292,0.0,dist_logitnorm,4,0.67,0.15,logitnorm,none
City-C,T4,10x,1400.0,S6_Q10,routine,M_routine,650,True,5,1480.9,2483.0,0.0,0.0,1.0,dist_logitnorm,4,0.67,0.15,logitnorm,none
City-C,T4,10x,1400.0,S6_Q10,cross_regime,M_stress,650,True,5,1480.9,1516.6,0.0,0.0,1.0,dist_logitnorm,4,0.67,0.15,logitnorm,none
City-C,T5,1x,160.0,S0a_RoutineOracle,routine,M_routine,650,True,1,497.9,497.9,0.0,0.0,1.0,dist_logitnorm,4,0.67,0.15,logitnorm,none
City-C,T5,1x,160.0,S0a_RoutineOracle,cross_regime,M_stress,650,True,1,497.9,282.8,0.0,0.432,1.0,dist_logitnorm,4,0.67,0.15,logitnorm,none
City-C,T5,1x,160.0,S0b_StressOracle,routine,M_routine,650,True,1,310.6,463.5,0.0,0.0,1.0,dist_logitnorm,4,0.67,0.15,logitnorm,none
City-C,T5,1x,160.0,S0b_StressOracle,cross_regime,M_stress,650,True,1,310.6,310.6,0.0,0.0,1.0,dist_logitnorm,4,0.67,0.15,logitnorm,none
City-C,T5,1x,160.0,S1_CapRR,routine,M_routine,650,True,1,648.6,497.9,0.0,0.2323,1.0,dist_logitnorm,4,0.67,0.15,logitnorm,none
City-C,T5,1x,160.0,S1_CapRR,cross_regime,M_stress,650,True,1,648.6,282.8,0.0,0.564,1.0,dist_logitnorm,4,0.67,0.15,logitnorm,none
City-C,T5,1x,160.0,S2_Platform,routine,M_routine,650,True,1,451.5,497.9,0.0,0.0,1.0,dist_logitnorm,4,0.67,0.15,logitnorm,none
City-C,T5,1x,160.0,S2_Platform,cross_regime,M_stress,650,True,1,451.5,282.8,0.0,0.3736,1.0,dist_logitnorm,4,0.67,0.15,logitnorm,none
City-C,T5,1x,160.0,S3_Lin4,routine,M_routine,650,True,1,408.7,497.9,0.0,0.0,1.0,dist_logitnorm,4,0.67,0.15,logitnorm,none
City-C,T5,1x,160.0,S3_Lin4,cross_regime,M_stress,650,True,1,408.7,282.8,0.0,0.3081,1.0,dist_logitnorm,4,0.67,0.15,logitnorm,none
City-C,T5,1x,160.0,S4_GlobalCalib,routine,M_routine,650,True,1,434.2,497.9,0.0,0.0,1.0,dist_logitnorm,4,0.67,0.15,logitnorm,none
City-C,T5,1x,160.0,S4_GlobalCalib,cross_regime,M_stress,650,True,1,434.2,282.8,0.0,0.3486,1.0,dist_logitnorm,4,0.67,0.15,logitnorm,none
City-C,T5,1x,160.0,S5_CityCalib,routine,M_routine,650,True,1,440.4,497.9,0.0,0.0,1.0,dist_logitnorm,4,0.67,0.15,logitnorm,none
City-C,T5,1x,160.0,S5_CityCalib,cross_regime,M_stress,650,True,1,440.4,282.8,0.0,0.3578,1.0,dist_logitnorm,4,0.67,0.15,logitnorm,none
City-C,T5,1x,160.0,S6_Q10,routine,M_routine,650,True,1,295.9,497.9,0.0,0.0,1.0,dist_logitnorm,4,0.67,0.15,logitnorm,none
City-C,T5,1x,160.0,S6_Q10,cross_regime,M_stress,650,True,1,295.9,282.8,0.0,0.0443,1.0,dist_logitnorm,4,0.67,0.15,logitnorm,none
City-C,T5,2x,320.0,S0a_RoutineOracle,routine,M_routine,650,True,1,497.9,497.9,0.0,0.0,1.0,dist_logitnorm,4,0.67,0.15,logitnorm,none
City-C,T5,2x,320.0,S0a_RoutineOracle,cross_regime,M_stress,650,True,1,497.9,282.8,37.2,0.432,0.0,dist_logitnorm,4,0.67,0.15,logitnorm,none
City-C,T5,2x,320.0,S0b_StressOracle,routine,M_routine,650,True,2,602.5,707.5,0.0,0.0,1.0,dist_logitnorm,4,0.67,0.15,logitnorm,none
City-C,T5,2x,320.0,S0b_StressOracle,cross_regime,M_stress,650,True,2,602.5,602.5,0.0,0.0,1.0,dist_logitnorm,4,0.67,0.15,logitnorm,none
City-C,T5,2x,320.0,S1_CapRR,routine,M_routine,650,True,1,648.6,497.9,0.0,0.2323,1.0,dist_logitnorm,4,0.67,0.15,logitnorm,none
City-C,T5,2x,320.0,S1_CapRR,cross_regime,M_stress,650,True,1,648.6,282.8,37.2,0.564,0.0,dist_logitnorm,4,0.67,0.15,logitnorm,none
City-C,T5,2x,320.0,S2_Platform,routine,M_routine,650,True,1,451.5,497.9,0.0,0.0,1.0,dist_logitnorm,4,0.67,0.15,logitnorm,none
City-C,T5,2x,320.0,S2_Platform,cross_regime,M_stress,650,True,1,451.5,282.8,37.2,0.3736,0.0,dist_logitnorm,4,0.67,0.15,logitnorm,none
City-C,T5,2x,320.0,S3_Lin4,routine,M_routine,650,True,1,408.7,497.9,0.0,0.0,1.0,dist_logitnorm,4,0.67,0.15,logitnorm,none
City-C,T5,2x,320.0,S3_Lin4,cross_regime,M_stress,650,True,1,408.7,282.8,37.2,0.3081,0.0,dist_logitnorm,4,0.67,0.15,logitnorm,none
City-C,T5,2x,320.0,S4_GlobalCalib,routine,M_routine,650,True,1,434.2,497.9,0.0,0.0,1.0,dist_logitnorm,4,0.67,0.15,logitnorm,none
City-C,T5,2x,320.0,S4_GlobalCalib,cross_regime,M_stress,650,True,1,434.2,282.8,37.2,0.3486,0.0,dist_logitnorm,4,0.67,0.15,logitnorm,none
City-C,T5,2x,320.0,S5_CityCalib,routine,M_routine,650,True,1,440.4,497.9,0.0,0.0,1.0,dist_logitnorm,4,0.67,0.15,logitnorm,none
City-C,T5,2x,320.0,S5_CityCalib,cross_regime,M_stress,650,True,1,440.4,282.8,37.2,0.3578,0.0,dist_logitnorm,4,0.67,0.15,logitnorm,none
City-C,T5,2x,320.0,S6_Q10,routine,M_routine,650,True,2,578.0,961.4,0.0,0.0,1.0,dist_logitnorm,4,0.67,0.15,logitnorm,none
City-C,T5,2x,320.0,S6_Q10,cross_regime,M_stress,650,True,2,578.0,593.4,0.0,0.0,1.0,dist_logitnorm,4,0.67,0.15,logitnorm,none
City-C,T5,5x,800.0,S0a_RoutineOracle,routine,M_routine,650,True,2,961.4,961.4,0.0,0.0,1.0,dist_logitnorm,4,0.67,0.15,logitnorm,none
City-C,T5,5x,800.0,S0a_RoutineOracle,cross_regime,M_stress,650,True,2,961.4,593.4,206.6,0.3828,0.0,dist_logitnorm,4,0.67,0.15,logitnorm,none
City-C,T5,5x,800.0,S0b_StressOracle,routine,M_routine,650,True,3,885.3,1205.4,0.0,0.0,1.0,dist_logitnorm,4,0.67,0.15,logitnorm,none
City-C,T5,5x,800.0,S0b_StressOracle,cross_regime,M_stress,650,True,3,885.3,885.3,0.0,0.0,1.0,dist_logitnorm,4,0.67,0.15,logitnorm,none
City-C,T5,5x,800.0,S1_CapRR,routine,M_routine,650,True,2,1266.8,961.4,0.0,0.2411,1.0,dist_logitnorm,4,0.67,0.15,logitnorm,none
City-C,T5,5x,800.0,S1_CapRR,cross_regime,M_stress,650,True,2,1266.8,593.4,206.6,0.5316,0.0,dist_logitnorm,4,0.67,0.15,logitnorm,none
City-C,T5,5x,800.0,S2_Platform,routine,M_routine,650,True,2,882.9,761.8,38.2,0.1372,0.0,dist_logitnorm,4,0.67,0.15,logitnorm,none
City-C,T5,5x,800.0,S2_Platform,cross_regime,M_stress,650,True,2,882.9,503.9,296.1,0.4293,0.0,dist_logitnorm,4,0.67,0.15,logitnorm,none
City-C,T5,5x,800.0,S3_Lin4,routine,M_routine,650,True,3,1185.0,1355.5,0.0,0.0,1.0,dist_logitnorm,4,0.67,0.15,logitnorm,none
City-C,T5,5x,800.0,S3_Lin4,cross_regime,M_stress,650,True,3,1185.0,812.7,0.0,0.3142,1.0,dist_logitnorm,4,0.67,0.15,logitnorm,none
City-C,T5,5x,800.0,S4_GlobalCalib,routine,M_routine,650,True,2,848.0,961.4,0.0,0.0,1.0,dist_logitnorm,4,0.67,0.15,logitnorm,none
City-C,T5,5x,800.0,S4_GlobalCalib,cross_regime,M_stress,650,True,2,848.0,593.4,206.6,0.3002,0.0,dist_logitnorm,4,0.67,0.15,logitnorm,none
City-C,T5,5x,800.0,S5_CityCalib,routine,M_routine,650,True,2,860.0,961.4,0.0,0.0,1.0,dist_logitnorm,4,0.67,0.15,logitnorm,none
City-C,T5,5x,800.0,S5_CityCalib,cross_regime,M_stress,650,True,2,860.0,593.4,206.6,0.3099,0.0,dist_logitnorm,4,0.67,0.15,logitnorm,none
City-C,T5,5x,800.0,S6_Q10,routine,M_routine,650,True,3,835.5,1355.5,0.0,0.0,1.0,dist_logitnorm,4,0.67,0.15,logitnorm,none
City-C,T5,5x,800.0,S6_Q10,cross_regime,M_stress,650,True,3,835.5,812.7,0.0,0.0273,1.0,dist_logitnorm,4,0.67,0.15,logitnorm,none
City-C,T5,10x,1600.0,S0a_RoutineOracle,routine,M_routine,650,True,4,1818.3,1818.3,0.0,0.0,1.0,dist_logitnorm,4,0.67,0.15,logitnorm,none
City-C,T5,10x,1600.0,S0a_RoutineOracle,cross_regime,M_stress,650,True,4,1818.3,982.2,617.8,0.4598,0.0,dist_logitnorm,4,0.67,0.15,logitnorm,none
City-C,T5,10x,1600.0,S0b_StressOracle,routine,M_routine,650,True,7,1814.7,2599.6,0.0,0.0,1.0,dist_logitnorm,4,0.67,0.15,logitnorm,none
City-C,T5,10x,1600.0,S0b_StressOracle,cross_regime,M_stress,650,True,7,1814.7,1814.7,0.0,0.0,1.0,dist_logitnorm,4,0.67,0.15,logitnorm,none
City-C,T5,10x,1600.0,S1_CapRR,routine,M_routine,650,True,3,1831.4,1355.5,244.5,0.2599,0.0,dist_logitnorm,4,0.67,0.15,logitnorm,none
City-C,T5,10x,1600.0,S1_CapRR,cross_regime,M_stress,650,True,3,1831.4,812.7,787.3,0.5563,0.0,dist_logitnorm,4,0.67,0.15,logitnorm,none
City-C,T5,10x,1600.0,S2_Platform,routine,M_routine,650,True,4,1670.1,1331.3,268.7,0.2028,0.0,dist_logitnorm,4,0.67,0.15,logitnorm,none
City-C,T5,10x,1600.0,S2_Platform,cross_regime,M_stress,650,True,4,1670.1,907.5,692.5,0.4566,0.0,dist_logitnorm,4,0.67,0.15,logitnorm,none
City-C,T5,10x,1600.0,S3_Lin4,routine,M_routine,650,True,5,1935.2,1860.4,0.0,0.0386,1.0,dist_logitnorm,4,0.67,0.15,logitnorm,none
City-C,T5,10x,1600.0,S3_Lin4,cross_regime,M_stress,650,True,5,1935.2,1193.8,406.2,0.3831,0.0,dist_logitnorm,4,0.67,0.15,logitnorm,none
City-C,T5,10x,1600.0,S4_GlobalCalib,routine,M_routine,650,True,5,1911.6,2082.2,0.0,0.0,1.0,dist_logitnorm,4,0.67,0.15,logitnorm,none
City-C,T5,10x,1600.0,S4_GlobalCalib,cross_regime,M_stress,650,True,5,1911.6,1203.3,396.7,0.3705,0.0,dist_logitnorm,4,0.67,0.15,logitnorm,none
City-C,T5,10x,1600.0,S5_CityCalib,routine,M_routine,650,True,5,1937.4,2082.2,0.0,0.0,1.0,dist_logitnorm,4,0.67,0.15,logitnorm,none
City-C,T5,10x,1600.0,S5_CityCalib,cross_regime,M_stress,650,True,5,1937.4,1203.3,396.7,0.3789,0.0,dist_logitnorm,4,0.67,0.15,logitnorm,none
City-C,T5,10x,1600.0,S6_Q10,routine,M_routine,650,True,7,1755.6,2678.7,0.0,0.0,1.0,dist_logitnorm,4,0.67,0.15,logitnorm,none
City-C,T5,10x,1600.0,S6_Q10,cross_regime,M_stress,650,True,7,1755.6,1730.1,0.0,0.0145,1.0,dist_logitnorm,4,0.67,0.15,logitnorm,none
