city,task_id,p_req_level,p_req,strategy,regime,eval_outcome,pool_size,pool_feasible,n_selected,p_commit,p_deliv,shortfall,ocr,success,config_name,seed_id,xi_mean,xi_std,xi_dist,xi_persistence
City-A,T1,1x,180.0,S0a_RoutineOracle,routine,M_routine,800,True,1,549.5,549.5,0.0,0.0,1.0,mean_0.75,6,0.75,0.15,beta,none
City-A,T1,1x,180.0,S0a_RoutineOracle,cross_regime,M_stress,800,True,1,549.5,275.9,0.0,0.4979,1.0,mean_0.75,6,0.75,0.15,beta,none
City-A,T1,1x,180.0,S0b_StressOracle,routine,M_routine,800,True,1,379.3,418.1,0.0,0.0,1.0,mean_0.75,6,0.75,0.15,beta,none
City-A,T1,1x,180.0,S0b_StressOracle,cross_regime,M_stress,800,True,1,379.3,379.3,0.0,0.0,1.0,mean_0.75,6,0.75,0.15,beta,none
City-A,T1,1x,180.0,S1_CapRR,routine,M_routine,800,True,1,678.2,314.0,0.0,0.537,1.0,mean_0.75,6,0.75,0.15,beta,none
City-A,T1,1x,180.0,S1_CapRR,cross_regime,M_stress,800,True,1,678.2,310.2,0.0,0.5426,1.0,mean_0.75,6,0.75,0.15,beta,none
City-A,T1,1x,180.0,S2_Platform,routine,M_routine,800,True,1,421.1,314.0,0.0,0.2544,1.0,mean_0.75,6,0.75,0.15,beta,none
City-A,T1,1x,180.0,S2_Platform,cross_regime,M_stress,800,True,1,421.1,310.2,0.0,0.2634,1.0,mean_0.75,6,0.75,0.15,beta,none
City-A,T1,1x,180.0,S3_Lin4,routine,M_routine,800,True,1,555.3,314.0,0.0,0.4346,1.0,mean_0.75,6,0.75,0.15,beta,none
City-A,T1,1x,180.0,S3_Lin4,cross_regime,M_stress,800,True,1,555.3,310.2,0.0,0.4414,1.0,mean_0.75,6,0.75,0.15,beta,none
City-A,T1,1x,180.0,S4_GlobalCalib,routine,M_routine,800,True,1,512.6,314.0,0.0,0.3875,1.0,mean_0.75,6,0.75,0.15,beta,none
City-A,T1,1x,180.0,S4_GlobalCalib,cross_regime,M_stress,800,True,1,512.6,310.2,0.0,0.3948,1.0,mean_0.75,6,0.75,0.15,beta,none
City-A,T1,1x,180.0,S5_CityCalib,routine,M_routine,800,True,1,509.6,314.0,0.0,0.3839,1.0,mean_0.75,6,0.75,0.15,beta,none
City-A,T1,1x,180.0,S5_CityCalib,cross_regime,M_stress,800,True,1,509.6,310.2,0.0,0.3913,1.0,mean_0.75,6,0.75,0.15,beta,none
City-A,T1,1x,180.0,S6_Q10,routine,M_routine,800,True,1,365.4,314.0,0.0,0.1408,1.0,mean_0.75,6,0.75,0.15,beta,none
City-A,T1,1x,180.0,S6_Q10,cross_regime,M_stress,800,True,1,365.4,310.2,0.0,0.1512,1.0,mean_0.75,6,0.75,0.15,beta,none
City-A,T1,2x,360.0,S0a_RoutineOracle,routine,M_routine,800,True,1,549.5,549.5,0.0,0.0,1.0,mean_0.75,6,0.75,0.15,beta,none
City-A,T1,2x,360.0,S0a_RoutineOracle,cross_regime,M_stress,800,True,1,549.5,275.9,84.1,0.4979,0.0,mean_0.75,6,0.75,0.15,beta,none
City-A,T1,2x,360.0,S0b_StressOracle,routine,M_routine,800,True,1,379.3,418.1,0.0,0.0,1.0,mean_0.75,6,0.75,0.15,beta,none
City-A,T1,2x,360.0,S0b_StressOracle,cross_regime,M_stress,800,True,1,379.3,379.3,0.0,0.0,1.0,mean_0.75,6,0.75,0.15,beta,none
City-A,T1,2x,360.0,S1_CapRR,routine,M_routine,800,True,1,678.2,314.0,46.0,0.537,0.0,mean_0.75,6,0.75,0.15,beta,none
City-A,T1,2x,360.0,S1_CapRR,cross_regime,M_stress,800,True,1,678.2,310.2,49.8,0.5426,0.0,mean_0.75,6,0.75,0.15,beta,none
City-A,T1,2x,360.0,S2_Platform,routine,M_routine,800,True,1,421.1,314.0,46.0,0.2544,0.0,mean_0.75,6,0.75,0.15,beta,none
City-A,T1,2x,360.0,S2_Platform,cross_regime,M_stress,800,True,1,421.1,310.2,49.8,0.2634,0.0,mean_0.75,6,0.75,0.15,beta,none
City-A,T1,2x,360.0,S3_Lin4,routine,M_routine,800,True,1,555.3,314.0,46.0,0.4346,0.0,mean_0.75,6,0.75,0.15,beta,none
City-A,T1,2x,360.0,S3_Lin4,cross_regime,M_stress,800,True,1,555.3,310.2,49.8,0.4414,0.0,mean_0.75,6,0.75,0.15,beta,none
City-A,T1,2x,360.0,S4_GlobalCalib,routine,M_routine,800,True,1,512.6,314.0,46.0,0.3875,0.0,mean_0.75,6,0.75,0.15,beta,none
City-A,T1,2x,360.0,S4_GlobalCalib,cross_regime,M_stress,800,True,1,512.6,310.2,49.8,0.3948,0.0,mean_0.75,6,0.75,0.15,beta,none
City-A,T1,2x,360.0,S5_CityCalib,routine,M_routine,800,True,1,509.6,314.0,46.0,0.3839,0.0,mean_0.75,6,0.75,0.15,beta,none
City-A,T1,2x,360.0,S5_CityCalib,cross_regime,M_stress,800,True,1,509.6,310.2,49.8,0.3913,0.0,mean_0.75,6,0.75,0.15,beta,none
City-A,T1,2x,360.0,S6_Q10,routine,M_routine,800,True,1,365.4,314.0,46.0,0.1408,0.0,mean_0.75,6,0.75,0.15,beta,none
City-A,T1,2x,360.0,S6_Q10,cross_regime,M_stress,800,True,1,365.4,310.2,49.8,0.1512,0.0,mean_0.75,6,0.75,0.15,beta,none
City-A,T1,5x,900.0,S0a_RoutineOracle,routine,M_routine,800,True,2,1057.5,1057.5,0.0,0.0,1.0,mean_0.75,6,0.75,0.15,beta,none
City-A,T1,5x,900.0,S0a_RoutineOracle,cross_regime,M_stress,800,True,2,1057.5,525.9,374.1,0.5027,0.0,mean_0.75,6,0.75,0.15,beta,none
City-A,T1,5x,900.0,S0b_StressOracle,routine,M_routine,800,True,3,995.5,1230.3,0.0,0.0,1.0,mean_0.75,6,0.75,0.15,beta,none
City-A,T1,5x,900.0,S0b_StressOracle,cross_regime,M_stress,800,True,3,995.5,995.5,0.0,0.0,1.0,mean_0.75,6,0.75,0.15,beta,none
City-A,T1,5x,900.0,S1_CapRR,routine,M_routine,800,True,2,1293.4,863.5,36.5,0.3324,0.0,mean_0.75,6,0.75,0.15,beta,none
City-A,T1,5x,900.0,S1_CapRR,cross_regime,M_stress,800,True,2,1293.4,586.1,313.9,0.5468,0.0,mean_0.75,6,0.75,0.15,beta,none
City-A,T1,5x,900.0,S2_Platform,routine,M_routine,800,True,3,1202.1,1297.8,0.0,0.0,1.0,mean_0.75,6,0.75,0.15,beta,none
City-A,T1,5x,900.0,S2_Platform,cross_regime,M_stress,800,True,3,1202.1,838.9,61.1,0.3021,0.0,mean_0.75,6,0.75,0.15,beta,none
City-A,T1,5x,900.0,S3_Lin4,routine,M_routine,800,True,2,992.0,732.1,167.9,0.262,0.0,mean_0.75,6,0.75,0.15,beta,none
City-A,T1,5x,900.0,S3_Lin4,cross_regime,M_stress,800,True,2,992.0,689.5,210.5,0.305,0.0,mean_0.75,6,0.75,0.15,beta,none
City-A,T1,5x,900.0,S4_GlobalCalib,routine,M_routine,800,True,2,977.4,863.5,36.5,0.1165,0.0,mean_0.75,6,0.75,0.15,beta,none
City-A,T1,5x,900.0,S4_GlobalCalib,cross_regime,M_stress,800,True,2,977.4,586.1,313.9,0.4003,0.0,mean_0.75,6,0.75,0.15,beta,none
City-A,T1,5x,900.0,S5_CityCalib,routine,M_routine,800,True,2,971.8,863.5,36.5,0.1114,0.0,mean_0.75,6,0.75,0.15,beta,none
City-A,T1,5x,900.0,S5_CityCalib,cross_regime,M_stress,800,True,2,971.8,586.1,313.9,0.3969,0.0,mean_0.75,6,0.75,0.15,beta,none
City-A,T1,5x,900.0,S6_Q10,routine,M_routine,800,True,3,1018.2,1281.6,0.0,0.0,1.0,mean_0.75,6,0.75,0.15,beta,none
City-A,T1,5x,900.0,S6_Q10,cross_regime,M_stress,800,True,3,1018.2,965.4,0.0,0.0518,1.0,mean_0.75,6,0.75,0.15,beta,none
City-A,T1,10x,1800.0,S0a_RoutineOracle,routine,M_routine,800,True,4,2049.2,2049.2,0.0,0.0,1.0,mean_0.75,6,0.75,0.15,beta,none
City-A,T1,10x,1800.0,S0a_RoutineOracle,cross_regime,M_stress,800,True,4,2049.2,989.0,811.0,0.5174,0.0,mean_0.75,6,0.75,0.15,beta,none
City-A,T1,10x,1800.0,S0b_StressOracle,routine,M_routine,800,True,6,1876.8,2387.9,0.0,0.0,1.0,mean_0.75,6,0.75,0.15,beta,none
City-A,T1,10x,1800.0,S0b_StressOracle,cross_regime,M_stress,800,True,6,1876.8,1876.8,0.0,0.0,1.0,mean_0.75,6,0.75,0.15,beta,none
City-A,T1,10x,1800.0,S1_CapRR,routine,M_routine,800,True,3,1889.7,1281.6,518.4,0.3218,0.0,mean_0.75,6,0.75,0.15,beta,none
City-A,T1,10x,1800.0,S1_CapRR,cross_regime,M_stress,800,True,3,1889.7,965.4,834.6,0.4891,0.0,mean_0.75,6,0.75,0.15,beta,none
City-A,T1,10x,1800.0,S2_Platform,routine,M_routine,800,True,5,1914.5,2280.3,0.0,0.0,1.0,mean_0.75,6,0.75,0.15,beta,none
City-A,T1,10x,1800.0,S2_Platform,cross_regime,M_stress,800,True,5,1914.5,1437.9,362.1,0.2489,0.0,mean_0.75,6,0.75,0.15,beta,none
City-A,T1,10x,1800.0,S3_Lin4,routine,M_routine,800,True,4,1831.1,1789.5,10.5,0.0227,0.0,mean_0.75,6,0.75,0.15,beta,none
City-A,T1,10x,1800.0,S3_Lin4,cross_regime,M_stress,800,True,4,1831.1,1215.4,584.6,0.3363,0.0,mean_0.75,6,0.75,0.15,beta,none
City-A,T1,10x,1800.0,S4_GlobalCalib,routine,M_routine,800,True,4,1867.9,1765.1,34.9,0.055,0.0,mean_0.75,6,0.75,0.15,beta,none
City-A,T1,10x,1800.0,S4_GlobalCalib,cross_regime,M_stress,800,True,4,1867.9,1227.8,572.2,0.3427,0.0,mean_0.75,6,0.75,0.15,beta,none
City-A,T1,10x,1800.0,S5_CityCalib,routine,M_routine,800,True,4,1857.3,1765.1,34.9,0.0496,0.0,mean_0.75,6,0.75,0.15,beta,none
City-A,T1,10x,1800.0,S5_CityCalib,cross_regime,M_stress,800,True,4,1857.3,1227.8,572.2,0.3389,0.0,mean_0.75,6,0.75,0.15,beta,none
City-A,T1,10x,1800.0,S6_Q10,routine,M_routine,800,True,6,1921.7,2771.3,0.0,0.0,1.0,mean_0.75,6,0.75,0.15,beta,none
City-A,T1,10x,1800.0,S6_Q10,cross_regime,M_stress,800,True,6,1921.7,1783.7,16.3,0.0718,0.0,mean_0.75,6,0.75,0.15,beta,none
City-A,T2,1x,260.0,S0a_RoutineOracle,routine,M_routine,800,True,1,578.6,578.6,0.0,0.0,1.0,mean_0.75,6,0.75,0.15,beta,none
City-A,T2,1x,260.0,S0a_RoutineOracle,cross_regime,M_stress,800,True,1,578.6,281.1,0.0,0.5142,1.0,mean_0.75,6,0.75,0.15,beta,none
City-A,T2,1x,260.0,S0b_StressOracle,routine,M_routine,800,True,1,362.8,332.8,0.0,0.0828,1.0,mean_0.75,6,0.75,0.15,beta,none
City-A,T2,1x,260.0,S0b_StressOracle,cross_regime,M_stress,800,True,1,362.8,362.8,0.0,0.0,1.0,mean_0.75,6,0.75,0.15,beta,none
City-A,T2,1x,260.0,S1_CapRR,routine,M_routine,800,True,1,678.2,436.0,0.0,0.3571,1.0,mean_0.75,6,0.75,0.15,beta,none
City-A,T2,1x,260.0,S1_CapRR,cross_regime,M_stress,800,True,1,678.2,338.7,0.0,0.5006,1.0,mean_0.75,6,0.75,0.15,beta,none
City-A,T2,1x,260.0,S2_Platform,routine,M_routine,800,True,1,441.1,436.0,0.0,0.0116,1.0,mean_0.75,6,0.75,0.15,beta,none
City-A,T2,1x,260.0,S2_Platform,cross_regime,M_stress,800,True,1,441.1,338.7,0.0,0.2321,1.0,mean_0.75,6,0.75,0.15,beta,none
City-A,T2,1x,260.0,S3_Lin4,routine,M_routine,800,True,1,555.0,436.0,0.0,0.2145,1.0,mean_0.75,6,0.75,0.15,beta,none
City-A,T2,1x,260.0,S3_Lin4,cross_regime,M_stress,800,True,1,555.0,338.7,0.0,0.3898,1.0,mean_0.75,6,0.75,0.15,beta,none
City-A,T2,1x,260.0,S4_GlobalCalib,routine,M_routine,800,True,1,515.3,436.0,0.0,0.1539,1.0,mean_0.75,6,0.75,0.15,beta,none
City-A,T2,1x,260.0,S4_GlobalCalib,cross_regime,M_stress,800,True,1,515.3,338.7,0.0,0.3427,1.0,mean_0.75,6,0.75,0.15,beta,none
City-A,T2,1x,260.0,S5_CityCalib,routine,M_routine,800,True,1,519.0,436.0,0.0,0.16,1.0,mean_0.75,6,0.75,0.15,beta,none
City-A,T2,1x,260.0,S5_CityCalib,cross_regime,M_stress,800,True,1,519.0,338.7,0.0,0.3474,1.0,mean_0.75,6,0.75,0.15,beta,none
City-A,T2,1x,260.0,S6_Q10,routine,M_routine,800,True,1,367.6,436.0,0.0,0.0,1.0,mean_0.75,6,0.75,0.15,beta,none
City-A,T2,1x,260.0,S6_Q10,cross_regime,M_stress,800,True,1,367.6,338.7,0.0,0.0785,1.0,mean_0.75,6,0.75,0.15,beta,none
City-A,T2,2x,520.0,S0a_RoutineOracle,routine,M_routine,800,True,1,578.6,578.6,0.0,0.0,1.0,mean_0.75,6,0.75,0.15,beta,none
City-A,T2,2x,520.0,S0a_RoutineOracle,cross_regime,M_stress,800,True,1,578.6,281.1,238.9,0.5142,0.0,mean_0.75,6,0.75,0.15,beta,none
City-A,T2,2x,520.0,S0b_StressOracle,routine,M_routine,800,True,2,710.4,481.8,38.2,0.3218,0.0,mean_0.75,6,0.75,0.15,beta,none
City-A,T2,2x,520.0,S0b_StressOracle,cross_regime,M_stress,800,True,2,710.4,710.4,0.0,0.0,1.0,mean_0.75,6,0.75,0.15,beta,none
City-A,T2,2x,520.0,S1_CapRR,routine,M_routine,800,True,1,678.2,436.0,84.0,0.3571,0.0,mean_0.75,6,0.75,0.15,beta,none
City-A,T2,2x,520.0,S1_CapRR,cross_regime,M_stress,800,True,1,678.2,338.7,181.3,0.5006,0.0,mean_0.75,6,0.75,0.15,beta,none
City-A,T2,2x,520.0,S2_Platform,routine,M_routine,800,True,2,849.9,1014.6,0.0,0.0,1.0,mean_0.75,6,0.75,0.15,beta,none
City-A,T2,2x,520.0,S2_Platform,cross_regime,M_stress,800,True,2,849.9,619.8,0.0,0.2707,1.0,mean_0.75,6,0.75,0.15,beta,none
City-A,T2,2x,520.0,S3_Lin4,routine,M_routine,800,True,1,555.0,436.0,84.0,0.2145,0.0,mean_0.75,6,0.75,0.15,beta,none
City-A,T2,2x,520.0,S3_Lin4,cross_regime,M_stress,800,True,1,555.0,338.7,181.3,0.3898,0.0,mean_0.75,6,0.75,0.15,beta,none
City-A,T2,2x,520.0,S4_GlobalCalib,routine,M_routine,800,True,2,982.5,1014.6,0.0,0.0,1.0,mean_0.75,6,0.75,0.15,beta,none
City-A,T2,2x,520.0,S4_GlobalCalib,cross_regime,M_stress,800,True,2,982.5,619.8,0.0,0.3692,1.0,mean_0.75,6,0.75,0.15,beta,none
City-A,T2,2x,520.0,S5_CityCalib,routine,M_routine,800,True,2,989.6,1014.6,0.0,0.0,1.0,mean_0.75,6,0.75,0.15,beta,none
City-A,T2,2x,520.0,S5_CityCalib,cross_regime,M_stress,800,True,2,989.6,619.8,0.0,0.3737,1.0,mean_0.75,6,0.75,0.15,beta,none
City-A,T2,2x,520.0,S6_Q10,routine,M_routine,800,True,2,701.0,1014.6,0.0,0.0,1.0,mean_0.75,6,0.75,0.15,beta,none
City-A,T2,2x,520.0,S6_Q10,cross_regime,M_stress,800,True,2,701.0,619.8,0.0,0.1158,1.0,mean_0.75,6,0.75,0.15,beta,none
City-A,T2,5x,1300.0,S0a_RoutineOracle,routine,M_routine,800,True,3,1581.6,1581.6,0.0,0.0,1.0,mean_0.75,6,0.75,0.15,beta,none
City-A,T2,5x,1300.0,S0a_RoutineOracle,cross_regime,M_stress,800,True,3,1581.6,827.1,472.9,0.4771,0.0,mean_0.75,6,0.75,0.15,beta,none
City-A,T2,5x,1300.0,S0b_StressOracle,routine,M_routine,800,True,4,1381.9,1470.7,0.0,0.0,1.0,mean_0.75,6,0.75,0.15,beta,none
City-A,T2,5x,1300.0,S0b_StressOracle,cross_regime,M_stress,800,True,4,1381.9,1381.9,0.0,0.0,1.0,mean_0.75,6,0.75,0.15,beta,none
City-A,T2,5x,1300.0,S1_CapRR,routine,M_routine,800,True,3,1889.7,1567.5,0.0,0.1705,1.0,mean_0.75,6,0.75,0.15,beta,none
City-A,T2,5x,1300.0,S1_CapRR,cross_regime,M_stress,800,True,3,1889.7,952.6,347.4,0.4959,0.0,mean_0.75,6,0.75,0.15,beta,none
City-A,T2,5x,1300.0,S2_Platform,routine,M_routine,800,True,4,1596.5,1480.4,0.0,0.0727,1.0,mean_0.75,6,0.75,0.15,beta,none
City-A,T2,5x,1300.0,S2_Platform,cross_regime,M_stress,800,True,4,1596.5,1124.4,175.6,0.2957,0.0,mean_0.75,6,0.75,0.15,beta,none
City-A,T2,5x,1300.0,S3_Lin4,routine,M_routine,800,True,3,1419.9,1297.7,2.3,0.086,0.0,mean_0.75,6,0.75,0.15,beta,none
City-A,T2,5x,1300.0,S3_Lin4,cross_regime,M_stress,800,True,3,1419.9,881.5,418.5,0.3792,0.0,mean_0.75,6,0.75,0.15,beta,none
City-A,T2,5x,1300.0,S4_GlobalCalib,routine,M_routine,800,True,3,1435.4,1567.5,0.0,0.0,1.0,mean_0.75,6,0.75,0.15,beta,none
City-A,T2,5x,1300.0,S4_GlobalCalib,cross_regime,M_stress,800,True,3,1435.4,952.6,347.4,0.3364,0.0,mean_0.75,6,0.75,0.15,beta,none
City-A,T2,5x,1300.0,S5_CityCalib,routine,M_routine,800,True,3,1445.6,1567.5,0.0,0.0,1.0,mean_0.75,6,0.75,0.15,beta,none
City-A,T2,5x,1300.0,S5_CityCalib,cross_regime,M_stress,800,True,3,1445.6,952.6,347.4,0.341,0.0,mean_0.75,6,0.75,0.15,beta,none
City-A,T2,5x,1300.0,S6_Q10,routine,M_routine,800,True,4,1339.8,1900.3,0.0,0.0,1.0,mean_0.75,6,0.75,0.15,beta,none
City-A,T2,5x,1300.0,S6_Q10,cross_regime,M_stress,800,True,4,1339.8,1315.4,0.0,0.0182,1.0,mean_0.75,6,0.75,0.15,beta,none
City-A,T2,10x,2600.0,S0a_RoutineOracle,routine,M_routine,800,True,6,2819.7,2819.7,0.0,0.0,1.0,mean_0.75,6,0.75,0.15,beta,none
City-A,T2,10x,2600.0,S0a_RoutineOracle,cross_regime,M_stress,800,True,6,2819.7,1593.1,1006.9,0.435,0.0,mean_0.75,6,0.75,0.15,beta,none
City-A,T2,10x,2600.0,S0b_StressOracle,routine,M_routine,800,True,9,2792.1,3257.4,0.0,0.0,1.0,mean_0.75,6,0.75,0.15,beta,none
City-A,T2,10x,2600.0,S0b_StressOracle,cross_regime,M_stress,800,True,9,2792.1,2792.1,0.0,0.0,1.0,mean_0.75,6,0.75,0.15,beta,none
City-A,T2,10x,2600.0,S1_CapRR,routine,M_routine,800,True,5,3037.3,2049.3,550.7,0.3253,0.0,mean_0.75,6,0.75,0.15,beta,none
City-A,T2,10x,2600.0,S1_CapRR,cross_regime,M_stress,800,True,5,3037.3,1663.0,937.0,0.4525,0.0,mean_0.75,6,0.75,0.15,beta,none
City-A,T2,10x,2600.0,S2_Platform,routine,M_routine,800,True,7,2630.1,2545.7,54.3,0.0321,0.0,mean_0.75,6,0.75,0.15,beta,none
City-A,T2,10x,2600.0,S2_Platform,cross_regime,M_stress,800,True,7,2630.1,1915.2,684.8,0.2718,0.0,mean_0.75,6,0.75,0.15,beta,none
City-A,T2,10x,2600.0,S3_Lin4,routine,M_routine,800,True,6,2635.3,2358.1,241.9,0.1052,0.0,mean_0.75,6,0.75,0.15,beta,none
City-A,T2,10x,2600.0,S3_Lin4,cross_regime,M_stress,800,True,6,2635.3,1873.0,727.0,0.2892,0.0,mean_0.75,6,0.75,0.15,beta,none
City-A,T2,10x,2600.0,S4_GlobalCalib,routine,M_routine,800,True,6,2708.4,2358.1,241.9,0.1294,0.0,mean_0.75,6,0.75,0.15,beta,none
City-A,T2,10x,2600.0,S4_GlobalCalib,cross_regime,M_stress,800,True,6,2708.4,1873.0,727.0,0.3084,0.0,mean_0.75,6,0.75,0.15,beta,none
City-A,T2,10x,2600.0,S5_CityCalib,routine,M_routine,800,True,6,2727.3,2358.1,241.9,0.1354,0.0,mean_0.75,6,0.75,0.15,beta,none
City-A,T2,10x,2600.0,S5_CityCalib,cross_regime,M_stress,800,True,6,2727.3,1873.0,727.0,0.3132,0.0,mean_0.75,6,0.75,0.15,beta,none
City-A,T2,10x,2600.0,S6_Q10,routine,M_routine,800,True,9,2771.5,3448.0,0.0,0.0,1.0,mean_0.75,6,0.75,0.15,beta,none
City-A,T2,10x,2600.0,S6_Q10,cross_regime,M_stress,800,True,9,2771.5,2512.6,87.4,0.0934,0.0,mean_0.75,6,0.75,0.15,beta,none
City-A,T3,1x,200.0,S0a_RoutineOracle,routine,M_routine,800,True,1,578.3,578.3,0.0,0.0,1.0,mean_0.75,6,0.75,0.15,beta,none
City-A,T3,1x,200.0,S0a_RoutineOracle,cross_regime,M_stress,800,True,1,578.3,273.2,0.0,0.5275,1.0,mean_0.75,6,0.75,0.15,beta,none
City-A,T3,1x,200.0,S0b_StressOracle,routine,M_routine,800,True,1,321.2,431.4,0.0,0.0,1.0,mean_0.75,6,0.75,0.15,beta,none
City-A,T3,1x,200.0,S0b_StressOracle,cross_regime,M_stress,800,True,1,321.2,321.2,0.0,0.0,1.0,mean_0.75,6,0.75,0.15,beta,none
City-A,T3,1x,200.0,S1_CapRR,routine,M_routine,800,True,1,596.8,578.3,0.0,0.031,1.0,mean_0.75,6,0.75,0.15,beta,none
City-A,T3,1x,200.0,S1_CapRR,cross_regime,M_stress,800,True,1,596.8,273.2,0.0,0.5421,1.0,mean_0.75,6,0.75,0.15,beta,none
City-A,T3,1x,200.0,S2_Platform,routine,M_routine,800,True,1,470.7,578.3,0.0,0.0,1.0,mean_0.75,6,0.75,0.15,beta,none
City-A,T3,1x,200.0,S2_Platform,cross_regime,M_stress,800,True,1,470.7,273.2,0.0,0.4194,1.0,mean_0.75,6,0.75,0.15,beta,none
City-A,T3,1x,200.0,S3_Lin4,routine,M_routine,800,True,1,553.7,578.3,0.0,0.0,1.0,mean_0.75,6,0.75,0.15,beta,none
City-A,T3,1x,200.0,S3_Lin4,cross_regime,M_stress,800,True,1,553.7,273.2,0.0,0.5065,1.0,mean_0.75,6,0.75,0.15,beta,none
City-A,T3,1x,200.0,S4_GlobalCalib,routine,M_routine,800,True,1,451.6,578.3,0.0,0.0,1.0,mean_0.75,6,0.75,0.15,beta,none
City-A,T3,1x,200.0,S4_GlobalCalib,cross_regime,M_stress,800,True,1,451.6,273.2,0.0,0.395,1.0,mean_0.75,6,0.75,0.15,beta,none
City-A,T3,1x,200.0,S5_CityCalib,routine,M_routine,800,True,1,449.2,578.3,0.0,0.0,1.0,mean_0.75,6,0.75,0.15,beta,none
City-A,T3,1x,200.0,S5_CityCalib,cross_regime,M_stress,800,True,1,449.2,273.2,0.0,0.3917,1.0,mean_0.75,6,0.75,0.15,beta,none
City-A,T3,1x,200.0,S6_Q10,routine,M_routine,800,True,1,320.0,578.3,0.0,0.0,1.0,mean_0.75,6,0.75,0.15,beta,none
City-A,T3,1x,200.0,S6_Q10,cross_regime,M_stress,800,True,1,320.0,273.2,0.0,0.1461,1.0,mean_0.75,6,0.75,0.15,beta,none
City-A,T3,2x,400.0,S0a_RoutineOracle,routine,M_routine,800,True,1,578.3,578.3,0.0,0.0,1.0,mean_0.75,6,0.75,0.15,beta,none
City-A,T3,2x,400.0,S0a_RoutineOracle,cross_regime,M_stress,800,True,1,578.3,273.2,126.8,0.5275,0.0,mean_0.75,6,0.75,0.15,beta,none
City-A,T3,2x,400.0,S0b_StressOracle,routine,M_routine,800,True,2,612.0,766.3,0.0,0.0,1.0,mean_0.75,6,0.75,0.15,beta,none
City-A,T3,2x,400.0,S0b_StressOracle,cross_regime,M_stress,800,True,2,612.0,612.0,0.0,0.0,1.0,mean_0.75,6,0.75,0.15,beta,none
City-A,T3,2x,400.0,S1_CapRR,routine,M_routine,800,True,1,596.8,578.3,0.0,0.031,1.0,mean_0.75,6,0.75,0.15,beta,none
City-A,T3,2x,400.0,S1_CapRR,cross_regime,M_stress,800,True,1,596.8,273.2,126.8,0.5421,0.0,mean_0.75,6,0.75,0.15,beta,none
City-A,T3,2x,400.0,S2_Platform,routine,M_routine,800,True,1,470.7,578.3,0.0,0.0,1.0,mean_0.75,6,0.75,0.15,beta,none
City-A,T3,2x,400.0,S2_Platform,cross_regime,M_stress,800,True,1,470.7,273.2,126.8,0.4194,0.0,mean_0.75,6,0.75,0.15,beta,none
City-A,T3,2x,400.0,S3_Lin4,routine,M_routine,800,True,1,553.7,578.3,0.0,0.0,1.0,mean_0.75,6,0.75,0.15,beta,none
City-A,T3,2x,400.0,S3_Lin4,cross_regime,M_stress,800,True,1,553.7,273.2,126.8,0.5065,0.0,mean_0.75,6,0.75,0.15,beta,none
City-A,T3,2x,400.0,S4_GlobalCalib,routine,M_routine,800,True,1,451.6,578.3,0.0,0.0,1.0,mean_0.75,6,0.75,0.15,beta,none
City-A,T3,2x,400.0,S4_GlobalCalib,cross_regime,M_stress,800,True,1,451.6,273.2,126.8,0.395,0.0,mean_0.75,6,0.75,0.15,beta,none
City-A,T3,2x,400.0,S5_CityCalib,routine,M_routine,800,True,1,449.2,578.3,0.0,0.0,1.0,mean_0.75,6,0.75,0.15,beta,none
City-A,T3,2x,400.0,S5_CityCalib,cross_regime,M_stress,800,True,1,449.2,273.2,126.8,0.3917,0.0,mean_0.75,6,0.75,0.15,beta,none
City-A,T3,2x,400.0,S6_Q10,routine,M_routine,800,True,2,610.3,913.2,0.0,0.0,1.0,mean_0.75,6,0.75,0.15,beta,none
City-A,T3,2x,400.0,S6_Q10,cross_regime,M_stress,800,True,2,610.3,564.1,0.0,0.0757,1.0,mean_0.75,6,0.75,0.15,beta,none
City-A,T3,5x,1000.0,S0a_RoutineOracle,routine,M_routine,800,True,2,1027.6,1027.6,0.0,0.0,1.0,mean_0.75,6,0.75,0.15,beta,none
City-A,T3,5x,1000.0,S0a_RoutineOracle,cross_regime,M_stress,800,True,2,1027.6,510.9,489.1,0.5028,0.0,mean_0.75,6,0.75,0.15,beta,none
City-A,T3,5x,1000.0,S0b_StressOracle,routine,M_routine,800,True,4,1168.7,1713.5,0.0,0.0,1.0,mean_0.75,6,0.75,0.15,beta,none
City-A,T3,5x,1000.0,S0b_StressOracle,cross_regime,M_stress,800,True,4,1168.7,1168.7,0.0,0.0,1.0,mean_0.75,6,0.75,0.15,beta,none
City-A,T3,5x,1000.0,S1_CapRR,routine,M_routine,800,True,2,1138.1,913.2,86.8,0.1976,0.0,mean_0.75,6,0.75,0.15,beta,none
City-A,T3,5x,1000.0,S1_CapRR,cross_regime,M_stress,800,True,2,1138.1,564.1,435.9,0.5044,0.0,mean_0.75,6,0.75,0.15,beta,none
City-A,T3,5x,1000.0,S2_Platform,routine,M_routine,800,True,3,1264.8,1379.6,0.0,0.0,1.0,mean_0.75,6,0.75,0.15,beta,none
City-A,T3,5x,1000.0,S2_Platform,cross_regime,M_stress,800,True,3,1264.8,858.8,141.2,0.321,0.0,mean_0.75,6,0.75,0.15,beta,none
City-A,T3,5x,1000.0,S3_Lin4,routine,M_routine,800,True,3,1404.5,1456.7,0.0,0.0,1.0,mean_0.75,6,0.75,0.15,beta,none
City-A,T3,5x,1000.0,S3_Lin4,cross_regime,M_stress,800,True,3,1404.5,823.2,176.8,0.4139,0.0,mean_0.75,6,0.75,0.15,beta,none
City-A,T3,5x,1000.0,S4_GlobalCalib,routine,M_routine,800,True,3,1257.9,1344.6,0.0,0.0,1.0,mean_0.75,6,0.75,0.15,beta,none
City-A,T3,5x,1000.0,S4_GlobalCalib,cross_regime,M_stress,800,True,3,1257.9,885.3,114.7,0.2962,0.0,mean_0.75,6,0.75,0.15,beta,none
City-A,T3,5x,1000.0,S5_CityCalib,routine,M_routine,800,True,3,1251.3,1344.6,0.0,0.0,1.0,mean_0.75,6,0.75,0.15,beta,none
City-A,T3,5x,1000.0,S5_CityCalib,cross_regime,M_stress,800,True,3,1251.3,885.3,114.7,0.2925,0.0,mean_0.75,6,0.75,0.15,beta,none
City-A,T3,5x,1000.0,S6_Q10,routine,M_routine,800,True,4,1166.5,1793.9,0.0,0.0,1.0,mean_0.75,6,0.75,0.15,beta,none
City-A,T3,5x,1000.0,S6_Q10,cross_regime,M_stress,800,True,4,1166.5,1122.9,0.0,0.0373,1.0,mean_0.75,6,0.75,0.15,beta,none
City-A,T3,10x,2000.0,S0a_RoutineOracle,routine,M_routine,800,True,5,2278.2,2278.2,0.0,0.0,1.0,mean_0.75,6,0.75,0.15,beta,none
City-A,T3,10x,2000.0,S0a_RoutineOracle,cross_regime,M_stress,800,True,5,2278.2,1286.3,713.7,0.4354,0.0,mean_0.75,6,0.75,0.15,beta,none
City-A,T3,10x,2000.0,S0b_StressOracle,routine,M_routine,800,True,8,2211.1,2887.4,0.0,0.0,1.0,mean_0.75,6,0.75,0.15,beta,none
City-A,T3,10x,2000.0,S0b_StressOracle,cross_regime,M_stress,800,True,8,2211.1,2211.1,0.0,0.0,1.0,mean_0.75,6,0.75,0.15,beta,none
City-A,T3,10x,2000.0,S1_CapRR,routine,M_routine,800,True,4,2175.3,1793.9,206.1,0.1753,0.0,mean_0.75,6,0.75,0.15,beta,none
City-A,T3,10x,2000.0,S1_CapRR,cross_regime,M_stress,800,True,4,2175.3,1122.9,877.1,0.4838,0.0,mean_0.75,6,0.75,0.15,beta,none
City-A,T3,10x,2000.0,S2_Platform,routine,M_routine,800,True,6,2357.9,2382.2,0.0,0.0,1.0,mean_0.75,6,0.75,0.15,beta,none
City-A,T3,10x,2000.0,S2_Platform,cross_regime,M_stress,800,True,6,2357.9,1627.3,372.7,0.3098,0.0,mean_0.75,6,0.75,0.15,beta,none
City-A,T3,10x,2000.0,S3_Lin4,routine,M_routine,800,True,5,2190.9,2240.8,0.0,0.0,1.0,mean_0.75,6,0.75,0.15,beta,none
City-A,T3,10x,2000.0,S3_Lin4,cross_regime,M_stress,800,True,5,2190.9,1351.7,648.3,0.383,0.0,mean_0.75,6,0.75,0.15,beta,none
City-A,T3,10x,2000.0,S4_GlobalCalib,routine,M_routine,800,True,5,2021.5,2163.8,0.0,0.0,1.0,mean_0.75,6,0.75,0.15,beta,none
City-A,T3,10x,2000.0,S4_GlobalCalib,cross_regime,M_stress,800,True,5,2021.5,1387.3,612.7,0.3137,0.0,mean_0.75,6,0.75,0.15,beta,none
City-A,T3,10x,2000.0,S5_CityCalib,routine,M_routine,800,True,5,2011.0,2163.8,0.0,0.0,1.0,mean_0.75,6,0.75,0.15,beta,none
City-A,T3,10x,2000.0,S5_CityCalib,cross_regime,M_stress,800,True,5,2011.0,1387.3,612.7,0.3101,0.0,mean_0.75,6,0.75,0.15,beta,none
City-A,T3,10x,2000.0,S6_Q10,routine,M_routine,800,True,8,2171.5,3299.0,0.0,0.0,1.0,mean_0.75,6,0.75,0.15,beta,none
City-A,T3,10x,2000.0,S6_Q10,cross_regime,M_stress,800,True,8,2171.5,2049.6,0.0,0.0561,1.0,mean_0.75,6,0.75,0.15,beta,none
City-A,T4,1x,140.0,S0a_RoutineOracle,routine,M_routine,800,True,1,555.7,555.7,0.0,0.0,1.0,mean_0.75,6,0.75,0.15,beta,none
City-A,T4,1x,140.0,S0a_RoutineOracle,cross_regime,M_stress,800,True,1,555.7,192.5,0.0,0.6535,1.0,mean_0.75,6,0.75,0.15,beta,none
City-A,T4,1x,140.0,S0b_StressOracle,routine,M_routine,800,True,1,422.0,528.6,0.0,0.0,1.0,mean_0.75,6,0.75,0.15,beta,none
City-A,T4,1x,140.0,S0b_StressOracle,cross_regime,M_stress,800,True,1,422.0,422.0,0.0,0.0,1.0,mean_0.75,6,0.75,0.15,beta,none
City-A,T4,1x,140.0,S1_CapRR,routine,M_routine,800,True,1,678.2,528.6,0.0,0.2205,1.0,mean_0.75,6,0.75,0.15,beta,none
City-A,T4,1x,140.0,S1_CapRR,cross_regime,M_stress,800,True,1,678.2,422.0,0.0,0.3777,1.0,mean_0.75,6,0.75,0.15,beta,none
City-A,T4,1x,140.0,S2_Platform,routine,M_routine,800,True,1,299.2,432.5,0.0,0.0,1.0,mean_0.75,6,0.75,0.15,beta,none
City-A,T4,1x,140.0,S2_Platform,cross_regime,M_stress,800,True,1,299.2,256.4,0.0,0.1433,1.0,mean_0.75,6,0.75,0.15,beta,none
City-A,T4,1x,140.0,S3_Lin4,routine,M_routine,800,True,1,553.5,528.6,0.0,0.045,1.0,mean_0.75,6,0.75,0.15,beta,none
City-A,T4,1x,140.0,S3_Lin4,cross_regime,M_stress,800,True,1,553.5,422.0,0.0,0.2375,1.0,mean_0.75,6,0.75,0.15,beta,none
City-A,T4,1x,140.0,S4_GlobalCalib,routine,M_routine,800,True,1,511.4,528.6,0.0,0.0,1.0,mean_0.75,6,0.75,0.15,beta,none
City-A,T4,1x,140.0,S4_GlobalCalib,cross_regime,M_stress,800,True,1,511.4,422.0,0.0,0.1748,1.0,mean_0.75,6,0.75,0.15,beta,none
City-A,T4,1x,140.0,S5_CityCalib,routine,M_routine,800,True,1,507.7,528.6,0.0,0.0,1.0,mean_0.75,6,0.75,0.15,beta,none
City-A,T4,1x,140.0,S5_CityCalib,cross_regime,M_stress,800,True,1,507.7,422.0,0.0,0.1687,1.0,mean_0.75,6,0.75,0.15,beta,none
City-A,T4,1x,140.0,S6_Q10,routine,M_routine,800,True,1,363.3,528.6,0.0,0.0,1.0,mean_0.75,6,0.75,0.15,beta,none
City-A,T4,1x,140.0,S6_Q10,cross_regime,M_stress,800,True,1,363.3,422.0,0.0,0.0,1.0,mean_0.75,6,0.75,0.15,beta,none
City-A,T4,2x,280.0,S0a_RoutineOracle,routine,M_routine,800,True,1,555.7,555.7,0.0,0.0,1.0,mean_0.75,6,0.75,0.15,beta,none
City-A,T4,2x,280.0,S0a_RoutineOracle,cross_regime,M_stress,800,True,1,555.7,192.5,87.5,0.6535,0.0,mean_0.75,6,0.75,0.15,beta,none
City-A,T4,2x,280.0,S0b_StressOracle,routine,M_routine,800,True,1,422.0,528.6,0.0,0.0,1.0,mean_0.75,6,0.75,0.15,beta,none
City-A,T4,2x,280.0,S0b_StressOracle,cross_regime,M_stress,800,True,1,422.0,422.0,0.0,0.0,1.0,mean_0.75,6,0.75,0.15,beta,none
City-A,T4,2x,280.0,S1_CapRR,routine,M_routine,800,True,1,678.2,528.6,0.0,0.2205,1.0,mean_0.75,6,0.75,0.15,beta,none
City-A,T4,2x,280.0,S1_CapRR,cross_regime,M_stress,800,True,1,678.2,422.0,0.0,0.3777,1.0,mean_0.75,6,0.75,0.15,beta,none
City-A,T4,2x,280.0,S2_Platform,routine,M_routine,800,True,1,299.2,432.5,0.0,0.0,1.0,mean_0.75,6,0.75,0.15,beta,none
City-A,T4,2x,280.0,S2_Platform,cross_regime,M_stress,800,True,1,299.2,256.4,23.6,0.1433,0.0,mean_0.75,6,0.75,0.15,beta,none
City-A,T4,2x,280.0,S3_Lin4,routine,M_routine,800,True,1,553.5,528.6,0.0,0.045,1.0,mean_0.75,6,0.75,0.15,beta,none
City-A,T4,2x,280.0,S3_Lin4,cross_regime,M_stress,800,True,1,553.5,422.0,0.0,0.2375,1.0,mean_0.75,6,0.75,0.15,beta,none
City-A,T4,2x,280.0,S4_GlobalCalib,routine,M_routine,800,True,1,511.4,528.6,0.0,0.0,1.0,mean_0.75,6,0.75,0.15,beta,none
City-A,T4,2x,280.0,S4_GlobalCalib,cross_regime,M_stress,800,True,1,511.4,422.0,0.0,0.1748,1.0,mean_0.75,6,0.75,0.15,beta,none
City-A,T4,2x,280.0,S5_CityCalib,routine,M_routine,800,True,1,507.7,528.6,0.0,0.0,1.0,mean_0.75,6,0.75,0.15,beta,none
City-A,T4,2x,280.0,S5_CityCalib,cross_regime,M_stress,800,True,1,507.7,422.0,0.0,0.1687,1.0,mean_0.75,6,0.75,0.15,beta,none
City-A,T4,2x,280.0,S6_Q10,routine,M_routine,800,True,1,363.3,528.6,0.0,0.0,1.0,mean_0.75,6,0.75,0.15,beta,none
City-A,T4,2x,280.0,S6_Q10,cross_regime,M_stress,800,True,1,363.3,422.0,0.0,0.0,1.0,mean_0.75,6,0.75,0.15,beta,none
City-A,T4,5x,700.0,S0a_RoutineOracle,routine,M_routine,800,True,2,1103.9,1103.9,0.0,0.0,1.0,mean_0.75,6,0.75,0.15,beta,none
City-A,T4,5x,700.0,S0a_RoutineOracle,cross_regime,M_stress,800,True,2,1103.9,398.1,301.9,0.6394,0.0,mean_0.75,6,0.75,0.15,beta,none
City-A,T4,5x,700.0,S0b_StressOracle,routine,M_routine,800,True,2,739.6,931.9,0.0,0.0,1.0,mean_0.75,6,0.75,0.15,beta,none
City-A,T4,5x,700.0,S0b_StressOracle,cross_regime,M_stress,800,True,2,739.6,739.6,0.0,0.0,1.0,mean_0.75,6,0.75,0.15,beta,none
City-A,T4,5x,700.0,S1_CapRR,routine,M_routine,800,True,2,1293.4,961.1,0.0,0.2569,1.0,mean_0.75,6,0.75,0.15,beta,none
City-A,T4,5x,700.0,S1_CapRR,cross_regime,M_stress,800,True,2,1293.4,678.4,21.6,0.4755,0.0,mean_0.75,6,0.75,0.15,beta,none
City-A,T4,5x,700.0,S2_Platform,routine,M_routine,800,True,3,870.0,1096.0,0.0,0.0,1.0,mean_0.75,6,0.75,0.15,beta,none
City-A,T4,5x,700.0,S2_Platform,cross_regime,M_stress,800,True,3,870.0,832.0,0.0,0.0438,1.0,mean_0.75,6,0.75,0.15,beta,none
City-A,T4,5x,700.0,S3_Lin4,routine,M_routine,800,True,2,988.8,1084.3,0.0,0.0,1.0,mean_0.75,6,0.75,0.15,beta,none
City-A,T4,5x,700.0,S3_Lin4,cross_regime,M_stress,800,True,2,988.8,614.6,85.4,0.3785,0.0,mean_0.75,6,0.75,0.15,beta,none
City-A,T4,5x,700.0,S4_GlobalCalib,routine,M_routine,800,True,2,975.2,961.1,0.0,0.0145,1.0,mean_0.75,6,0.75,0.15,beta,none
City-A,T4,5x,700.0,S4_GlobalCalib,cross_regime,M_stress,800,True,2,975.2,678.4,21.6,0.3044,0.0,mean_0.75,6,0.75,0.15,beta,none
City-A,T4,5x,700.0,S5_CityCalib,routine,M_routine,800,True,2,968.2,961.1,0.0,0.0073,1.0,mean_0.75,6,0.75,0.15,beta,none
City-A,T4,5x,700.0,S5_CityCalib,cross_regime,M_stress,800,True,2,968.2,678.4,21.6,0.2993,0.0,mean_0.75,6,0.75,0.15,beta,none
City-A,T4,5x,700.0,S6_Q10,routine,M_routine,800,True,3,1012.3,1516.8,0.0,0.0,1.0,mean_0.75,6,0.75,0.15,beta,none
City-A,T4,5x,700.0,S6_Q10,cross_regime,M_stress,800,True,3,1012.3,870.9,0.0,0.1397,1.0,mean_0.75,6,0.75,0.15,beta,none
City-A,T4,10x,1400.0,S0a_RoutineOracle,routine,M_routine,800,True,3,1632.6,1632.6,0.0,0.0,1.0,mean_0.75,6,0.75,0.15,beta,none
City-A,T4,10x,1400.0,S0a_RoutineOracle,cross_regime,M_stress,800,True,3,1632.6,820.1,579.9,0.4977,0.0,mean_0.75,6,0.75,0.15,beta,none
City-A,T4,10x,1400.0,S0b_StressOracle,routine,M_routine,800,True,5,1607.0,2170.6,0.0,0.0,1.0,mean_0.75,6,0.75,0.15,beta,none
City-A,T4,10x,1400.0,S0b_StressOracle,cross_regime,M_stress,800,True,5,1607.0,1607.0,0.0,0.0,1.0,mean_0.75,6,0.75,0.15,beta,none
City-A,T4,10x,1400.0,S1_CapRR,routine,M_routine,800,True,3,1889.7,1516.8,0.0,0.1973,1.0,mean_0.75,6,0.75,0.15,beta,none
City-A,T4,10x,1400.0,S1_CapRR,cross_regime,M_stress,800,True,3,1889.7,870.9,529.1,0.5391,0.0,mean_0.75,6,0.75,0.15,beta,none
City-A,T4,10x,1400.0,S2_Platform,routine,M_routine,800,True,5,1424.2,1632.4,0.0,0.0,1.0,mean_0.75,6,0.75,0.15,beta,none
City-A,T4,10x,1400.0,S2_Platform,cross_regime,M_stress,800,True,5,1424.2,1340.9,59.1,0.0584,0.0,mean_0.75,6,0.75,0.15,beta,none
City-A,T4,10x,1400.0,S3_Lin4,routine,M_routine,800,True,3,1417.2,1487.5,0.0,0.0,1.0,mean_0.75,6,0.75,0.15,beta,none
City-A,T4,10x,1400.0,S3_Lin4,cross_regime,M_stress,800,True,3,1417.2,932.1,467.9,0.3423,0.0,mean_0.75,6,0.75,0.15,beta,none
City-A,T4,10x,1400.0,S4_GlobalCalib,routine,M_routine,800,True,3,1424.7,1516.8,0.0,0.0,1.0,mean_0.75,6,0.75,0.15,beta,none
City-A,T4,10x,1400.0,S4_GlobalCalib,cross_regime,M_stress,800,True,3,1424.7,870.9,529.1,0.3887,0.0,mean_0.75,6,0.75,0.15,beta,none
City-A,T4,10x,1400.0,S5_CityCalib,routine,M_routine,800,True,3,1414.6,1516.8,0.0,0.0,1.0,mean_0.75,6,0.75,0.15,beta,none
City-A,T4,10x,1400.0,S5_CityCalib,cross_regime,M_stress,800,True,3,1414.6,870.9,529.1,0.3843,0.0,mean_0.75,6,0.75,0.15,beta,none
City-A,T4,10x,1400.0,S6_Q10,routine,M_routine,800,True,5,1627.1,2495.7,0.0,0.0,1.0,mean_0.75,6,0.75,0.15,beta,none
City-A,T4,10x,1400.0,S6_Q10,cross_regime,M_stress,800,True,5,1627.1,1335.1,64.9,0.1795,0.0,mean_0.75,6,0.75,0.15,beta,none
City-A,T5,1x,160.0,S0a_RoutineOracle,routine,M_routine,800,True,1,466.6,466.6,0.0,0.0,1.0,mean_0.75,6,0.75,0.15,beta,none
City-A,T5,1x,160.0,S0a_RoutineOracle,cross_regime,M_stress,800,True,1,466.6,242.3,0.0,0.4806,1.0,mean_0.75,6,0.75,0.15,beta,none
City-A,T5,1x,160.0,S0b_StressOracle,routine,M_routine,800,True,1,294.2,439.2,0.0,0.0,1.0,mean_0.75,6,0.75,0.15,beta,none
City-A,T5,1x,160.0,S0b_StressOracle,cross_regime,M_stress,800,True,1,294.2,294.2,0.0,0.0,1.0,mean_0.75,6,0.75,0.15,beta,none
City-A,T5,1x,160.0,S1_CapRR,routine,M_routine,800,True,1,596.8,435.6,0.0,0.2701,1.0,mean_0.75,6,0.75,0.15,beta,none
City-A,T5,1x,160.0,S1_CapRR,cross_regime,M_stress,800,True,1,596.8,175.8,0.0,0.7054,1.0,mean_0.75,6,0.75,0.15,beta,none
City-A,T5,1x,160.0,S2_Platform,routine,M_routine,800,True,1,485.5,435.6,0.0,0.1028,1.0,mean_0.75,6,0.75,0.15,beta,none
City-A,T5,1x,160.0,S2_Platform,cross_regime,M_stress,800,True,1,485.5,175.8,0.0,0.6378,1.0,mean_0.75,6,0.75,0.15,beta,none
City-A,T5,1x,160.0,S3_Lin4,routine,M_routine,800,True,1,548.1,435.6,0.0,0.2052,1.0,mean_0.75,6,0.75,0.15,beta,none
City-A,T5,1x,160.0,S3_Lin4,cross_regime,M_stress,800,True,1,548.1,175.8,0.0,0.6792,1.0,mean_0.75,6,0.75,0.15,beta,none
City-A,T5,1x,160.0,S4_GlobalCalib,routine,M_routine,800,True,1,448.6,435.6,0.0,0.029,1.0,mean_0.75,6,0.75,0.15,beta,none
City-A,T5,1x,160.0,S4_GlobalCalib,cross_regime,M_stress,800,True,1,448.6,175.8,0.0,0.608,1.0,mean_0.75,6,0.75,0.15,beta,none
City-A,T5,1x,160.0,S5_CityCalib,routine,M_routine,800,True,1,447.9,435.6,0.0,0.0274,1.0,mean_0.75,6,0.75,0.15,beta,none
City-A,T5,1x,160.0,S5_CityCalib,cross_regime,M_stress,800,True,1,447.9,175.8,0.0,0.6074,1.0,mean_0.75,6,0.75,0.15,beta,none
City-A,T5,1x,160.0,S6_Q10,routine,M_routine,800,True,1,320.1,435.6,0.0,0.0,1.0,mean_0.75,6,0.75,0.15,beta,none
City-A,T5,1x,160.0,S6_Q10,cross_regime,M_stress,800,True,1,320.1,175.8,0.0,0.4508,1.0,mean_0.75,6,0.75,0.15,beta,none
City-A,T5,2x,320.0,S0a_RoutineOracle,routine,M_routine,800,True,1,466.6,466.6,0.0,0.0,1.0,mean_0.75,6,0.75,0.15,beta,none
City-A,T5,2x,320.0,S0a_RoutineOracle,cross_regime,M_stress,800,True,1,466.6,242.3,77.7,0.4806,0.0,mean_0.75,6,0.75,0.15,beta,none
City-A,T5,2x,320.0,S0b_StressOracle,routine,M_routine,800,True,2,563.6,795.3,0.0,0.0,1.0,mean_0.75,6,0.75,0.15,beta,none
City-A,T5,2x,320.0,S0b_StressOracle,cross_regime,M_stress,800,True,2,563.6,563.6,0.0,0.0,1.0,mean_0.75,6,0.75,0.15,beta,none
City-A,T5,2x,320.0,S1_CapRR,routine,M_routine,800,True,1,596.8,435.6,0.0,0.2701,1.0,mean_0.75,6,0.75,0.15,beta,none
City-A,T5,2x,320.0,S1_CapRR,cross_regime,M_stress,800,True,1,596.8,175.8,144.2,0.7054,0.0,mean_0.75,6,0.75,0.15,beta,none
City-A,T5,2x,320.0,S2_Platform,routine,M_routine,800,True,1,485.5,435.6,0.0,0.1028,1.0,mean_0.75,6,0.75,0.15,beta,none
City-A,T5,2x,320.0,S2_Platform,cross_regime,M_stress,800,True,1,485.5,175.8,144.2,0.6378,0.0,mean_0.75,6,0.75,0.15,beta,none
City-A,T5,2x,320.0,S3_Lin4,routine,M_routine,800,True,1,548.1,435.6,0.0,0.2052,1.0,mean_0.75,6,0.75,0.15,beta,none
City-A,T5,2x,320.0,S3_Lin4,cross_regime,M_stress,800,True,1,548.1,175.8,144.2,0.6792,0.0,mean_0.75,6,0.75,0.15,beta,none
City-A,T5,2x,320.0,S4_GlobalCalib,routine,M_routine,800,True,1,448.6,435.6,0.0,0.029,1.0,mean_0.75,6,0.75,0.15,beta,none
City-A,T5,2x,320.0,S4_GlobalCalib,cross_regime,M_stress,800,True,1,448.6,175.8,144.2,0.608,0.0,mean_0.75,6,0.75,0.15,beta,none
City-A,T5,2x,320.0,S5_CityCalib,routine,M_routine,800,True,1,447.9,435.6,0.0,0.0274,1.0,mean_0.75,6,0.75,0.15,beta,none
City-A,T5,2x,320.0,S5_CityCalib,cross_regime,M_stress,800,True,1,447.9,175.8,144.2,0.6074,0.0,mean_0.75,6,0.75,0.15,beta,none
City-A,T5,2x,320.0,S6_Q10,routine,M_routine,800,True,1,320.1,435.6,0.0,0.0,1.0,mean_0.75,6,0.75,0.15,beta,none
City-A,T5,2x,320.0,S6_Q10,cross_regime,M_stress,800,True,1,320.1,175.8,144.2,0.4508,0.0,mean_0.75,6,0.75,0.15,beta,none
City-A,T5,5x,800.0,S0a_RoutineOracle,routine,M_routine,800,True,2,905.8,905.8,0.0,0.0,1.0,mean_0.75,6,0.75,0.15,beta,none
City-A,T5,5x,800.0,S0a_RoutineOracle,cross_regime,M_stress,800,True,2,905.8,536.5,263.5,0.4077,0.0,mean_0.75,6,0.75,0.15,beta,none
City-A,T5,5x,800.0,S0b_StressOracle,routine,M_routine,800,True,3,829.0,1124.0,0.0,0.0,1.0,mean_0.75,6,0.75,0.15,beta,none
City-A,T5,5x,800.0,S0b_StressOracle,cross_regime,M_stress,800,True,3,829.0,829.0,0.0,0.0,1.0,mean_0.75,6,0.75,0.15,beta,none
City-A,T5,5x,800.0,S1_CapRR,routine,M_routine,800,True,2,1138.1,809.2,0.0,0.289,1.0,mean_0.75,6,0.75,0.15,beta,none
City-A,T5,5x,800.0,S1_CapRR,cross_regime,M_stress,800,True,2,1138.1,400.3,399.7,0.6483,0.0,mean_0.75,6,0.75,0.15,beta,none
City-A,T5,5x,800.0,S2_Platform,routine,M_routine,800,True,2,897.6,874.8,0.0,0.0254,1.0,mean_0.75,6,0.75,0.15,beta,none
City-A,T5,5x,800.0,S2_Platform,cross_regime,M_stress,800,True,2,897.6,470.0,330.0,0.4763,0.0,mean_0.75,6,0.75,0.15,beta,none
City-A,T5,5x,800.0,S3_Lin4,routine,M_routine,800,True,2,971.1,791.7,8.3,0.1848,0.0,mean_0.75,6,0.75,0.15,beta,none
City-A,T5,5x,800.0,S3_Lin4,cross_regime,M_stress,800,True,2,971.1,445.2,354.8,0.5416,0.0,mean_0.75,6,0.75,0.15,beta,none
City-A,T5,5x,800.0,S4_GlobalCalib,routine,M_routine,800,True,2,855.4,809.2,0.0,0.054,1.0,mean_0.75,6,0.75,0.15,beta,none
City-A,T5,5x,800.0,S4_GlobalCalib,cross_regime,M_stress,800,True,2,855.4,400.3,399.7,0.532,0.0,mean_0.75,6,0.75,0.15,beta,none
City-A,T5,5x,800.0,S5_CityCalib,routine,M_routine,800,True,2,854.1,809.2,0.0,0.0525,1.0,mean_0.75,6,0.75,0.15,beta,none
City-A,T5,5x,800.0,S5_CityCalib,cross_regime,M_stress,800,True,2,854.1,400.3,399.7,0.5313,0.0,mean_0.75,6,0.75,0.15,beta,none
City-A,T5,5x,800.0,S6_Q10,routine,M_routine,800,True,3,892.0,1165.3,0.0,0.0,1.0,mean_0.75,6,0.75,0.15,beta,none
City-A,T5,5x,800.0,S6_Q10,cross_regime,M_stress,800,True,3,892.0,669.7,130.3,0.2493,0.0,mean_0.75,6,0.75,0.15,beta,none
City-A,T5,10x,1600.0,S0a_RoutineOracle,routine,M_routine,800,True,4,1773.5,1773.5,0.0,0.0,1.0,mean_0.75,6,0.75,0.15,beta,none
City-A,T5,10x,1600.0,S0a_RoutineOracle,cross_regime,M_stress,800,True,4,1773.5,951.0,649.0,0.4638,0.0,mean_0.75,6,0.75,0.15,beta,none
City-A,T5,10x,1600.0,S0b_StressOracle,routine,M_routine,800,True,7,1814.7,2672.9,0.0,0.0,1.0,mean_0.75,6,0.75,0.15,beta,none
City-A,T5,10x,1600.0,S0b_StressOracle,cross_regime,M_stress,800,True,7,1814.7,1814.7,0.0,0.0,1.0,mean_0.75,6,0.75,0.15,beta,none
City-A,T5,10x,1600.0,S1_CapRR,routine,M_routine,800,True,3,1662.9,1165.3,434.7,0.2992,0.0,mean_0.75,6,0.75,0.15,beta,none
City-A,T5,10x,1600.0,S1_CapRR,cross_regime,M_stress,800,True,3,1662.9,669.7,930.3,0.5973,0.0,mean_0.75,6,0.75,0.15,beta,none
City-A,T5,10x,1600.0,S2_Platform,routine,M_routine,800,True,4,1696.8,1697.5,0.0,0.0,1.0,mean_0.75,6,0.75,0.15,beta,none
City-A,T5,10x,1600.0,S2_Platform,cross_regime,M_stress,800,True,4,1696.8,981.7,618.3,0.4214,0.0,mean_0.75,6,0.75,0.15,beta,none
City-A,T5,10x,1600.0,S3_Lin4,routine,M_routine,800,True,4,1781.1,1597.4,2.6,0.1032,0.0,mean_0.75,6,0.75,0.15,beta,none
City-A,T5,10x,1600.0,S3_Lin4,cross_regime,M_stress,800,True,4,1781.1,908.3,691.7,0.49,0.0,mean_0.75,6,0.75,0.15,beta,none
City-A,T5,10x,1600.0,S4_GlobalCalib,routine,M_routine,800,True,4,1634.7,1631.9,0.0,0.0017,1.0,mean_0.75,6,0.75,0.15,beta,none
City-A,T5,10x,1600.0,S4_GlobalCalib,cross_regime,M_stress,800,True,4,1634.7,912.0,688.0,0.4421,0.0,mean_0.75,6,0.75,0.15,beta,none
City-A,T5,10x,1600.0,S5_CityCalib,routine,M_routine,800,True,4,1632.3,1631.9,0.0,0.0003,1.0,mean_0.75,6,0.75,0.15,beta,none
City-A,T5,10x,1600.0,S5_CityCalib,cross_regime,M_stress,800,True,4,1632.3,912.0,688.0,0.4413,0.0,mean_0.75,6,0.75,0.15,beta,none
City-A,T5,10x,1600.0,S6_Q10,routine,M_routine,800,True,6,1683.6,2503.2,0.0,0.0,1.0,mean_0.75,6,0.75,0.15,beta,none
City-A,T5,10x,1600.0,S6_Q10,cross_regime,M_stress,800,True,6,1683.6,1444.8,155.2,0.1418,0.0,mean_0.75,6,0.75,0.15,beta,none
City-B,T1,1x,180.0,S0a_RoutineOracle,routine,M_routine,500,True,1,755.3,755.3,0.0,0.0,1.0,mean_0.75,6,0.75,0.15,beta,none
City-B,T1,1x,180.0,S0a_RoutineOracle,cross_regime,M_stress,500,True,1,755.3,383.7,0.0,0.492,1.0,mean_0.75,6,0.75,0.15,beta,none
City-B,T1,1x,180.0,S0b_StressOracle,routine,M_routine,500,True,1,515.7,711.5,0.0,0.0,1.0,mean_0.75,6,0.75,0.15,beta,none
City-B,T1,1x,180.0,S0b_StressOracle,cross_regime,M_stress,500,True,1,515.7,515.7,0.0,0.0,1.0,mean_0.75,6,0.75,0.15,beta,none
City-B,T1,1x,180.0,S1_CapRR,routine,M_routine,500,True,1,846.0,732.4,0.0,0.1343,1.0,mean_0.75,6,0.75,0.15,beta,none
City-B,T1,1x,180.0,S1_CapRR,cross_regime,M_stress,500,True,1,846.0,377.2,0.0,0.5541,1.0,mean_0.75,6,0.75,0.15,beta,none
City-B,T1,1x,180.0,S2_Platform,routine,M_routine,500,True,1,561.1,720.7,0.0,0.0,1.0,mean_0.75,6,0.75,0.15,beta,none
City-B,T1,1x,180.0,S2_Platform,cross_regime,M_stress,500,True,1,561.1,283.8,0.0,0.4943,1.0,mean_0.75,6,0.75,0.15,beta,none
City-B,T1,1x,180.0,S3_Lin4,routine,M_routine,500,True,1,526.7,755.3,0.0,0.0,1.0,mean_0.75,6,0.75,0.15,beta,none
City-B,T1,1x,180.0,S3_Lin4,cross_regime,M_stress,500,True,1,526.7,383.7,0.0,0.2715,1.0,mean_0.75,6,0.75,0.15,beta,none
City-B,T1,1x,180.0,S4_GlobalCalib,routine,M_routine,500,True,1,639.8,732.4,0.0,0.0,1.0,mean_0.75,6,0.75,0.15,beta,none
City-B,T1,1x,180.0,S4_GlobalCalib,cross_regime,M_stress,500,True,1,639.8,377.2,0.0,0.4104,1.0,mean_0.75,6,0.75,0.15,beta,none
City-B,T1,1x,180.0,S5_CityCalib,routine,M_routine,500,True,1,642.6,732.4,0.0,0.0,1.0,mean_0.75,6,0.75,0.15,beta,none
City-B,T1,1x,180.0,S5_CityCalib,cross_regime,M_stress,500,True,1,642.6,377.2,0.0,0.413,1.0,mean_0.75,6,0.75,0.15,beta,none
City-B,T1,1x,180.0,S6_Q10,routine,M_routine,500,True,1,455.9,732.4,0.0,0.0,1.0,mean_0.75,6,0.75,0.15,beta,none
City-B,T1,1x,180.0,S6_Q10,cross_regime,M_stress,500,True,1,455.9,377.2,0.0,0.1725,1.0,mean_0.75,6,0.75,0.15,beta,none
City-B,T1,2x,360.0,S0a_RoutineOracle,routine,M_routine,500,True,1,755.3,755.3,0.0,0.0,1.0,mean_0.75,6,0.75,0.15,beta,none
City-B,T1,2x,360.0,S0a_RoutineOracle,cross_regime,M_stress,500,True,1,755.3,383.7,0.0,0.492,1.0,mean_0.75,6,0.75,0.15,beta,none
City-B,T1,2x,360.0,S0b_StressOracle,routine,M_routine,500,True,1,515.7,711.5,0.0,0.0,1.0,mean_0.75,6,0.75,0.15,beta,none
City-B,T1,2x,360.0,S0b_StressOracle,cross_regime,M_stress,500,True,1,515.7,515.7,0.0,0.0,1.0,mean_0.75,6,0.75,0.15,beta,none
City-B,T1,2x,360.0,S1_CapRR,routine,M_routine,500,True,1,846.0,732.4,0.0,0.1343,1.0,mean_0.75,6,0.75,0.15,beta,none
City-B,T1,2x,360.0,S1_CapRR,cross_regime,M_stress,500,True,1,846.0,377.2,0.0,0.5541,1.0,mean_0.75,6,0.75,0.15,beta,none
City-B,T1,2x,360.0,S2_Platform,routine,M_routine,500,True,1,561.1,720.7,0.0,0.0,1.0,mean_0.75,6,0.75,0.15,beta,none
City-B,T1,2x,360.0,S2_Platform,cross_regime,M_stress,500,True,1,561.1,283.8,76.2,0.4943,0.0,mean_0.75,6,0.75,0.15,beta,none
City-B,T1,2x,360.0,S3_Lin4,routine,M_routine,500,True,1,526.7,755.3,0.0,0.0,1.0,mean_0.75,6,0.75,0.15,beta,none
City-B,T1,2x,360.0,S3_Lin4,cross_regime,M_stress,500,True,1,526.7,383.7,0.0,0.2715,1.0,mean_0.75,6,0.75,0.15,beta,none
City-B,T1,2x,360.0,S4_GlobalCalib,routine,M_routine,500,True,1,639.8,732.4,0.0,0.0,1.0,mean_0.75,6,0.75,0.15,beta,none
City-B,T1,2x,360.0,S4_GlobalCalib,cross_regime,M_stress,500,True,1,639.8,377.2,0.0,0.4104,1.0,mean_0.75,6,0.75,0.15,beta,none
City-B,T1,2x,360.0,S5_CityCalib,routine,M_routine,500,True,1,642.6,732.4,0.0,0.0,1.0,mean_0.75,6,0.75,0.15,beta,none
City-B,T1,2x,360.0,S5_CityCalib,cross_regime,M_stress,500,True,1,642.6,377.2,0.0,0.413,1.0,mean_0.75,6,0.75,0.15,beta,none
City-B,T1,2x,360.0,S6_Q10,routine,M_routine,500,True,1,455.9,732.4,0.0,0.0,1.0,mean_0.75,6,0.75,0.15,beta,none
City-B,T1,2x,360.0,S6_Q10,cross_regime,M_stress,500,True,1,455.9,377.2,0.0,0.1725,1.0,mean_0.75,6,0.75,0.15,beta,none
City-B,T1,5x,900.0,S0a_RoutineOracle,routine,M_routine,500,True,2,1487.7,1487.7,0.0,0.0,1.0,mean_0.75,6,0.75,0.15,beta,none
City-B,T1,5x,900.0,S0a_RoutineOracle,cross_regime,M_stress,500,True,2,1487.7,760.9,139.1,0.4885,0.0,mean_0.75,6,0.75,0.15,beta,none
City-B,T1,5x,900.0,S0b_StressOracle,routine,M_routine,500,True,3,1276.7,2199.2,0.0,0.0,1.0,mean_0.75,6,0.75,0.15,beta,none
City-B,T1,5x,900.0,S0b_StressOracle,cross_regime,M_stress,500,True,3,1276.7,1276.7,0.0,0.0,1.0,mean_0.75,6,0.75,0.15,beta,none
City-B,T1,5x,900.0,S1_CapRR,routine,M_routine,500,True,2,1688.0,1443.9,0.0,0.1446,1.0,mean_0.75,6,0.75,0.15,beta,none
City-B,T1,5x,900.0,S1_CapRR,cross_regime,M_stress,500,True,2,1688.0,893.0,7.0,0.471,0.0,mean_0.75,6,0.75,0.15,beta,none
City-B,T1,5x,900.0,S2_Platform,routine,M_routine,500,True,2,1112.3,1476.0,0.0,0.0,1.0,mean_0.75,6,0.75,0.15,beta,none
City-B,T1,5x,900.0,S2_Platform,cross_regime,M_stress,500,True,2,1112.3,667.5,232.5,0.3999,0.0,mean_0.75,6,0.75,0.15,beta,none
City-B,T1,5x,900.0,S3_Lin4,routine,M_routine,500,True,2,1046.2,1476.0,0.0,0.0,1.0,mean_0.75,6,0.75,0.15,beta,none
City-B,T1,5x,900.0,S3_Lin4,cross_regime,M_stress,500,True,2,1046.2,667.5,232.5,0.362,0.0,mean_0.75,6,0.75,0.15,beta,none
City-B,T1,5x,900.0,S4_GlobalCalib,routine,M_routine,500,True,2,1276.5,1443.9,0.0,0.0,1.0,mean_0.75,6,0.75,0.15,beta,none
City-B,T1,5x,900.0,S4_GlobalCalib,cross_regime,M_stress,500,True,2,1276.5,893.0,7.0,0.3004,0.0,mean_0.75,6,0.75,0.15,beta,none
City-B,T1,5x,900.0,S5_CityCalib,routine,M_routine,500,True,2,1282.1,1443.9,0.0,0.0,1.0,mean_0.75,6,0.75,0.15,beta,none
City-B,T1,5x,900.0,S5_CityCalib,cross_regime,M_stress,500,True,2,1282.1,893.0,7.0,0.3035,0.0,mean_0.75,6,0.75,0.15,beta,none
City-B,T1,5x,900.0,S6_Q10,routine,M_routine,500,True,2,909.5,1443.9,0.0,0.0,1.0,mean_0.75,6,0.75,0.15,beta,none
City-B,T1,5x,900.0,S6_Q10,cross_regime,M_stress,500,True,2,909.5,893.0,7.0,0.0182,0.0,mean_0.75,6,0.75,0.15,beta,none
City-B,T1,10x,1800.0,S0a_RoutineOracle,routine,M_routine,500,True,3,2208.3,2208.3,0.0,0.0,1.0,mean_0.75,6,0.75,0.15,beta,none
City-B,T1,10x,1800.0,S0a_RoutineOracle,cross_regime,M_stress,500,True,3,2208.3,1044.7,755.3,0.5269,0.0,mean_0.75,6,0.75,0.15,beta,none
City-B,T1,10x,1800.0,S0b_StressOracle,routine,M_routine,500,True,5,1967.3,3342.2,0.0,0.0,1.0,mean_0.75,6,0.75,0.15,beta,none
City-B,T1,10x,1800.0,S0b_StressOracle,cross_regime,M_stress,500,True,5,1967.3,1967.3,0.0,0.0,1.0,mean_0.75,6,0.75,0.15,beta,none
City-B,T1,10x,1800.0,S1_CapRR,routine,M_routine,500,True,3,2504.5,2199.2,0.0,0.1219,1.0,mean_0.75,6,0.75,0.15,beta,none
City-B,T1,10x,1800.0,S1_CapRR,cross_regime,M_stress,500,True,3,2504.5,1276.7,523.3,0.4903,0.0,mean_0.75,6,0.75,0.15,beta,none
City-B,T1,10x,1800.0,S2_Platform,routine,M_routine,500,True,4,2163.2,2919.9,0.0,0.0,1.0,mean_0.75,6,0.75,0.15,beta,none
City-B,T1,10x,1800.0,S2_Platform,cross_regime,M_stress,500,True,4,2163.2,1560.4,239.6,0.2786,0.0,mean_0.75,6,0.75,0.15,beta,none
City-B,T1,10x,1800.0,S3_Lin4,routine,M_routine,500,True,4,2074.6,2919.9,0.0,0.0,1.0,mean_0.75,6,0.75,0.15,beta,none
City-B,T1,10x,1800.0,S3_Lin4,cross_regime,M_stress,500,True,4,2074.6,1560.4,239.6,0.2479,0.0,mean_0.75,6,0.75,0.15,beta,none
City-B,T1,10x,1800.0,S4_GlobalCalib,routine,M_routine,500,True,3,1893.9,2199.2,0.0,0.0,1.0,mean_0.75,6,0.75,0.15,beta,none
City-B,T1,10x,1800.0,S4_GlobalCalib,cross_regime,M_stress,500,True,3,1893.9,1276.7,523.3,0.3259,0.0,mean_0.75,6,0.75,0.15,beta,none
City-B,T1,10x,1800.0,S5_CityCalib,routine,M_routine,500,True,3,1902.2,2199.2,0.0,0.0,1.0,mean_0.75,6,0.75,0.15,beta,none
City-B,T1,10x,1800.0,S5_CityCalib,cross_regime,M_stress,500,True,3,1902.2,1276.7,523.3,0.3289,0.0,mean_0.75,6,0.75,0.15,beta,none
City-B,T1,10x,1800.0,S6_Q10,routine,M_routine,500,True,5,2156.4,3539.9,0.0,0.0,1.0,mean_0.75,6,0.75,0.15,beta,none
City-B,T1,10x,1800.0,S6_Q10,cross_regime,M_stress,500,True,5,2156.4,1935.6,0.0,0.1024,1.0,mean_0.75,6,0.75,0.15,beta,none
City-B,T2,1x,260.0,S0a_RoutineOracle,routine,M_routine,501,True,1,664.6,664.6,0.0,0.0,1.0,mean_0.75,6,0.75,0.15,beta,none
City-B,T2,1x,260.0,S0a_RoutineOracle,cross_regime,M_stress,501,True,1,664.6,405.6,0.0,0.3896,1.0,mean_0.75,6,0.75,0.15,beta,none
City-B,T2,1x,260.0,S0b_StressOracle,routine,M_routine,501,True,1,471.2,641.6,0.0,0.0,1.0,mean_0.75,6,0.75,0.15,beta,none
City-B,T2,1x,260.0,S0b_StressOracle,cross_regime,M_stress,501,True,1,471.2,471.2,0.0,0.0,1.0,mean_0.75,6,0.75,0.15,beta,none
City-B,T2,1x,260.0,S1_CapRR,routine,M_routine,501,True,1,846.0,664.6,0.0,0.2145,1.0,mean_0.75,6,0.75,0.15,beta,none
City-B,T2,1x,260.0,S1_CapRR,cross_regime,M_stress,501,True,1,846.0,405.6,0.0,0.5205,1.0,mean_0.75,6,0.75,0.15,beta,none
City-B,T2,1x,260.0,S2_Platform,routine,M_routine,501,True,1,557.0,641.6,0.0,0.0,1.0,mean_0.75,6,0.75,0.15,beta,none
City-B,T2,1x,260.0,S2_Platform,cross_regime,M_stress,501,True,1,557.0,471.2,0.0,0.1542,1.0,mean_0.75,6,0.75,0.15,beta,none
City-B,T2,1x,260.0,S3_Lin4,routine,M_routine,501,True,1,530.3,531.9,0.0,0.0,1.0,mean_0.75,6,0.75,0.15,beta,none
City-B,T2,1x,260.0,S3_Lin4,cross_regime,M_stress,501,True,1,530.3,391.3,0.0,0.2622,1.0,mean_0.75,6,0.75,0.15,beta,none
City-B,T2,1x,260.0,S4_GlobalCalib,routine,M_routine,501,True,1,643.3,664.6,0.0,0.0,1.0,mean_0.75,6,0.75,0.15,beta,none
City-B,T2,1x,260.0,S4_GlobalCalib,cross_regime,M_stress,501,True,1,643.3,405.6,0.0,0.3695,1.0,mean_0.75,6,0.75,0.15,beta,none
City-B,T2,1x,260.0,S5_CityCalib,routine,M_routine,501,True,1,645.7,664.6,0.0,0.0,1.0,mean_0.75,6,0.75,0.15,beta,none
City-B,T2,1x,260.0,S5_CityCalib,cross_regime,M_stress,501,True,1,645.7,405.6,0.0,0.3718,1.0,mean_0.75,6,0.75,0.15,beta,none
City-B,T2,1x,260.0,S6_Q10,routine,M_routine,501,True,1,458.5,664.6,0.0,0.0,1.0,mean_0.75,6,0.75,0.15,beta,none
City-B,T2,1x,260.0,S6_Q10,cross_regime,M_stress,501,True,1,458.5,405.6,0.0,0.1154,1.0,mean_0.75,6,0.75,0.15,beta,none
City-B,T2,2x,520.0,S0a_RoutineOracle,routine,M_routine,501,True,1,664.6,664.6,0.0,0.0,1.0,mean_0.75,6,0.75,0.15,beta,none
City-B,T2,2x,520.0,S0a_RoutineOracle,cross_regime,M_stress,501,True,1,664.6,405.6,114.4,0.3896,0.0,mean_0.75,6,0.75,0.15,beta,none
City-B,T2,2x,520.0,S0b_StressOracle,routine,M_routine,501,True,2,935.5,1237.9,0.0,0.0,1.0,mean_0.75,6,0.75,0.15,beta,none
City-B,T2,2x,520.0,S0b_StressOracle,cross_regime,M_stress,501,True,2,935.5,935.5,0.0,0.0,1.0,mean_0.75,6,0.75,0.15,beta,none
City-B,T2,2x,520.0,S1_CapRR,routine,M_routine,501,True,1,846.0,664.6,0.0,0.2145,1.0,mean_0.75,6,0.75,0.15,beta,none
City-B,T2,2x,520.0,S1_CapRR,cross_regime,M_stress,501,True,1,846.0,405.6,114.4,0.5205,0.0,mean_0.75,6,0.75,0.15,beta,none
City-B,T2,2x,520.0,S2_Platform,routine,M_routine,501,True,1,557.0,641.6,0.0,0.0,1.0,mean_0.75,6,0.75,0.15,beta,none
City-B,T2,2x,520.0,S2_Platform,cross_regime,M_stress,501,True,1,557.0,471.2,48.8,0.1542,0.0,mean_0.75,6,0.75,0.15,beta,none
City-B,T2,2x,520.0,S3_Lin4,routine,M_routine,501,True,1,530.3,531.9,0.0,0.0,1.0,mean_0.75,6,0.75,0.15,beta,none
City-B,T2,2x,520.0,S3_Lin4,cross_regime,M_stress,501,True,1,530.3,391.3,128.7,0.2622,0.0,mean_0.75,6,0.75,0.15,beta,none
City-B,T2,2x,520.0,S4_GlobalCalib,routine,M_routine,501,True,1,643.3,664.6,0.0,0.0,1.0,mean_0.75,6,0.75,0.15,beta,none
City-B,T2,2x,520.0,S4_GlobalCalib,cross_regime,M_stress,501,True,1,643.3,405.6,114.4,0.3695,0.0,mean_0.75,6,0.75,0.15,beta,none
City-B,T2,2x,520.0,S5_CityCalib,routine,M_routine,501,True,1,645.7,664.6,0.0,0.0,1.0,mean_0.75,6,0.75,0.15,beta,none
City-B,T2,2x,520.0,S5_CityCalib,cross_regime,M_stress,501,True,1,645.7,405.6,114.4,0.3718,0.0,mean_0.75,6,0.75,0.15,beta,none
City-B,T2,2x,520.0,S6_Q10,routine,M_routine,501,True,2,914.9,1260.8,0.0,0.0,1.0,mean_0.75,6,0.75,0.15,beta,none
City-B,T2,2x,520.0,S6_Q10,cross_regime,M_stress,501,True,2,914.9,870.0,0.0,0.049,1.0,mean_0.75,6,0.75,0.15,beta,none
City-B,T2,5x,1300.0,S0a_RoutineOracle,routine,M_routine,501,True,2,1306.1,1306.1,0.0,0.0,1.0,mean_0.75,6,0.75,0.15,beta,none
City-B,T2,5x,1300.0,S0a_RoutineOracle,cross_regime,M_stress,501,True,2,1306.1,876.8,423.2,0.3287,0.0,mean_0.75,6,0.75,0.15,beta,none
City-B,T2,5x,1300.0,S0b_StressOracle,routine,M_routine,501,True,3,1341.2,1902.4,0.0,0.0,1.0,mean_0.75,6,0.75,0.15,beta,none
City-B,T2,5x,1300.0,S0b_StressOracle,cross_regime,M_stress,501,True,3,1341.2,1341.2,0.0,0.0,1.0,mean_0.75,6,0.75,0.15,beta,none
City-B,T2,5x,1300.0,S1_CapRR,routine,M_routine,501,True,2,1688.0,1260.8,39.2,0.253,0.0,mean_0.75,6,0.75,0.15,beta,none
City-B,T2,5x,1300.0,S1_CapRR,cross_regime,M_stress,501,True,2,1688.0,870.0,430.0,0.4846,0.0,mean_0.75,6,0.75,0.15,beta,none
City-B,T2,5x,1300.0,S2_Platform,routine,M_routine,501,True,3,1630.3,1769.8,0.0,0.0,1.0,mean_0.75,6,0.75,0.15,beta,none
City-B,T2,5x,1300.0,S2_Platform,cross_regime,M_stress,501,True,3,1630.3,1326.8,0.0,0.1862,1.0,mean_0.75,6,0.75,0.15,beta,none
City-B,T2,5x,1300.0,S3_Lin4,routine,M_routine,501,True,3,1572.4,1838.0,0.0,0.0,1.0,mean_0.75,6,0.75,0.15,beta,none
City-B,T2,5x,1300.0,S3_Lin4,cross_regime,M_stress,501,True,3,1572.4,1268.1,31.9,0.1935,0.0,mean_0.75,6,0.75,0.15,beta,none
City-B,T2,5x,1300.0,S4_GlobalCalib,routine,M_routine,501,True,3,1904.4,1792.7,0.0,0.0587,1.0,mean_0.75,6,0.75,0.15,beta,none
City-B,T2,5x,1300.0,S4_GlobalCalib,cross_regime,M_stress,501,True,3,1904.4,1261.3,38.7,0.3377,0.0,mean_0.75,6,0.75,0.15,beta,none
City-B,T2,5x,1300.0,S5_CityCalib,routine,M_routine,501,True,3,1911.4,1792.7,0.0,0.0621,1.0,mean_0.75,6,0.75,0.15,beta,none
City-B,T2,5x,1300.0,S5_CityCalib,cross_regime,M_stress,501,True,3,1911.4,1261.3,38.7,0.3401,0.0,mean_0.75,6,0.75,0.15,beta,none
City-B,T2,5x,1300.0,S6_Q10,routine,M_routine,501,True,3,1357.4,1792.7,0.0,0.0,1.0,mean_0.75,6,0.75,0.15,beta,none
City-B,T2,5x,1300.0,S6_Q10,cross_regime,M_stress,501,True,3,1357.4,1261.3,38.7,0.0708,0.0,mean_0.75,6,0.75,0.15,beta,none
City-B,T2,10x,2600.0,S0a_RoutineOracle,routine,M_routine,501,True,5,3073.4,3073.4,0.0,0.0,1.0,mean_0.75,6,0.75,0.15,beta,none
City-B,T2,10x,2600.0,S0a_RoutineOracle,cross_regime,M_stress,501,True,5,3073.4,2123.8,476.2,0.309,0.0,mean_0.75,6,0.75,0.15,beta,none
City-B,T2,10x,2600.0,S0b_StressOracle,routine,M_routine,501,True,7,2773.6,4062.0,0.0,0.0,1.0,mean_0.75,6,0.75,0.15,beta,none
City-B,T2,10x,2600.0,S0b_StressOracle,cross_regime,M_stress,501,True,7,2773.6,2773.6,0.0,0.0,1.0,mean_0.75,6,0.75,0.15,beta,none
City-B,T2,10x,2600.0,S1_CapRR,routine,M_routine,501,True,4,3303.2,2434.3,165.7,0.2631,0.0,mean_0.75,6,0.75,0.15,beta,none
City-B,T2,10x,2600.0,S1_CapRR,cross_regime,M_stress,501,True,4,3303.2,1732.4,867.6,0.4755,0.0,mean_0.75,6,0.75,0.15,beta,none
City-B,T2,10x,2600.0,S2_Platform,routine,M_routine,501,True,6,2974.4,3600.7,0.0,0.0,1.0,mean_0.75,6,0.75,0.15,beta,none
City-B,T2,10x,2600.0,S2_Platform,cross_regime,M_stress,501,True,6,2974.4,2456.7,143.3,0.174,0.0,mean_0.75,6,0.75,0.15,beta,none
City-B,T2,10x,2600.0,S3_Lin4,routine,M_routine,501,True,6,2965.5,3600.7,0.0,0.0,1.0,mean_0.75,6,0.75,0.15,beta,none
City-B,T2,10x,2600.0,S3_Lin4,cross_regime,M_stress,501,True,6,2965.5,2456.7,143.3,0.1716,0.0,mean_0.75,6,0.75,0.15,beta,none
City-B,T2,10x,2600.0,S4_GlobalCalib,routine,M_routine,501,True,5,3042.8,3073.4,0.0,0.0,1.0,mean_0.75,6,0.75,0.15,beta,none
City-B,T2,10x,2600.0,S4_GlobalCalib,cross_regime,M_stress,501,True,5,3042.8,2123.8,476.2,0.302,0.0,mean_0.75,6,0.75,0.15,beta,none
City-B,T2,10x,2600.0,S5_CityCalib,routine,M_routine,501,True,5,3053.7,3073.4,0.0,0.0,1.0,mean_0.75,6,0.75,0.15,beta,none
City-B,T2,10x,2600.0,S5_CityCalib,cross_regime,M_stress,501,True,5,3053.7,2123.8,476.2,0.3045,0.0,mean_0.75,6,0.75,0.15,beta,none
City-B,T2,10x,2600.0,S6_Q10,routine,M_routine,501,True,7,2852.2,3880.7,0.0,0.0,1.0,mean_0.75,6,0.75,0.15,beta,none
City-B,T2,10x,2600.0,S6_Q10,cross_regime,M_stress,501,True,7,2852.2,2751.6,0.0,0.0353,1.0,mean_0.75,6,0.75,0.15,beta,none
City-B,T3,1x,200.0,S0a_RoutineOracle,routine,M_routine,500,True,1,648.2,648.2,0.0,0.0,1.0,mean_0.75,6,0.75,0.15,beta,none
City-B,T3,1x,200.0,S0a_RoutineOracle,cross_regime,M_stress,500,True,1,648.2,308.2,0.0,0.5245,1.0,mean_0.75,6,0.75,0.15,beta,none
City-B,T3,1x,200.0,S0b_StressOracle,routine,M_routine,500,True,1,415.6,625.5,0.0,0.0,1.0,mean_0.75,6,0.75,0.15,beta,none
City-B,T3,1x,200.0,S0b_StressOracle,cross_regime,M_stress,500,True,1,415.6,415.6,0.0,0.0,1.0,mean_0.75,6,0.75,0.15,beta,none
City-B,T3,1x,200.0,S1_CapRR,routine,M_routine,500,True,1,744.5,625.5,0.0,0.1598,1.0,mean_0.75,6,0.75,0.15,beta,none
City-B,T3,1x,200.0,S1_CapRR,cross_regime,M_stress,500,True,1,744.5,415.6,0.0,0.4418,1.0,mean_0.75,6,0.75,0.15,beta,none
City-B,T3,1x,200.0,S2_Platform,routine,M_routine,500,True,1,543.2,340.4,0.0,0.3732,1.0,mean_0.75,6,0.75,0.15,beta,none
City-B,T3,1x,200.0,S2_Platform,cross_regime,M_stress,500,True,1,543.2,393.0,0.0,0.2764,1.0,mean_0.75,6,0.75,0.15,beta,none
City-B,T3,1x,200.0,S3_Lin4,routine,M_routine,500,True,1,519.8,521.0,0.0,0.0,1.0,mean_0.75,6,0.75,0.15,beta,none
City-B,T3,1x,200.0,S3_Lin4,cross_regime,M_stress,500,True,1,519.8,394.5,0.0,0.2411,1.0,mean_0.75,6,0.75,0.15,beta,none
City-B,T3,1x,200.0,S4_GlobalCalib,routine,M_routine,500,True,1,563.9,625.5,0.0,0.0,1.0,mean_0.75,6,0.75,0.15,beta,none
City-B,T3,1x,200.0,S4_GlobalCalib,cross_regime,M_stress,500,True,1,563.9,415.6,0.0,0.2631,1.0,mean_0.75,6,0.75,0.15,beta,none
City-B,T3,1x,200.0,S5_CityCalib,routine,M_routine,500,True,1,567.7,625.5,0.0,0.0,1.0,mean_0.75,6,0.75,0.15,beta,none
City-B,T3,1x,200.0,S5_CityCalib,cross_regime,M_stress,500,True,1,567.7,415.6,0.0,0.268,1.0,mean_0.75,6,0.75,0.15,beta,none
City-B,T3,1x,200.0,S6_Q10,routine,M_routine,500,True,1,399.2,625.5,0.0,0.0,1.0,mean_0.75,6,0.75,0.15,beta,none
City-B,T3,1x,200.0,S6_Q10,cross_regime,M_stress,500,True,1,399.2,415.6,0.0,0.0,1.0,mean_0.75,6,0.75,0.15,beta,none
City-B,T3,2x,400.0,S0a_RoutineOracle,routine,M_routine,500,True,1,648.2,648.2,0.0,0.0,1.0,mean_0.75,6,0.75,0.15,beta,none
City-B,T3,2x,400.0,S0a_RoutineOracle,cross_regime,M_stress,500,True,1,648.2,308.2,91.8,0.5245,0.0,mean_0.75,6,0.75,0.15,beta,none
City-B,T3,2x,400.0,S0b_StressOracle,routine,M_routine,500,True,1,415.6,625.5,0.0,0.0,1.0,mean_0.75,6,0.75,0.15,beta,none
City-B,T3,2x,400.0,S0b_StressOracle,cross_regime,M_stress,500,True,1,415.6,415.6,0.0,0.0,1.0,mean_0.75,6,0.75,0.15,beta,none
City-B,T3,2x,400.0,S1_CapRR,routine,M_routine,500,True,1,744.5,625.5,0.0,0.1598,1.0,mean_0.75,6,0.75,0.15,beta,none
City-B,T3,2x,400.0,S1_CapRR,cross_regime,M_stress,500,True,1,744.5,415.6,0.0,0.4418,1.0,mean_0.75,6,0.75,0.15,beta,none
City-B,T3,2x,400.0,S2_Platform,routine,M_routine,500,True,1,543.2,340.4,59.6,0.3732,0.0,mean_0.75,6,0.75,0.15,beta,none
City-B,T3,2x,400.0,S2_Platform,cross_regime,M_stress,500,True,1,543.2,393.0,7.0,0.2764,0.0,mean_0.75,6,0.75,0.15,beta,none
City-B,T3,2x,400.0,S3_Lin4,routine,M_routine,500,True,1,519.8,521.0,0.0,0.0,1.0,mean_0.75,6,0.75,0.15,beta,none
City-B,T3,2x,400.0,S3_Lin4,cross_regime,M_stress,500,True,1,519.8,394.5,5.5,0.2411,0.0,mean_0.75,6,0.75,0.15,beta,none
City-B,T3,2x,400.0,S4_GlobalCalib,routine,M_routine,500,True,1,563.9,625.5,0.0,0.0,1.0,mean_0.75,6,0.75,0.15,beta,none
City-B,T3,2x,400.0,S4_GlobalCalib,cross_regime,M_stress,500,True,1,563.9,415.6,0.0,0.2631,1.0,mean_0.75,6,0.75,0.15,beta,none
City-B,T3,2x,400.0,S5_CityCalib,routine,M_routine,500,True,1,567.7,625.5,0.0,0.0,1.0,mean_0.75,6,0.75,0.15,beta,none
City-B,T3,2x,400.0,S5_CityCalib,cross_regime,M_stress,500,True,1,567.7,415.6,0.0,0.268,1.0,mean_0.75,6,0.75,0.15,beta,none
City-B,T3,2x,400.0,S6_Q10,routine,M_routine,500,True,2,796.5,965.9,0.0,0.0,1.0,mean_0.75,6,0.75,0.15,beta,none
City-B,T3,2x,400.0,S6_Q10,cross_regime,M_stress,500,True,2,796.5,808.6,0.0,0.0,1.0,mean_0.75,6,0.75,0.15,beta,none
City-B,T3,5x,1000.0,S0a_RoutineOracle,routine,M_routine,500,True,2,1273.7,1273.7,0.0,0.0,1.0,mean_0.75,6,0.75,0.15,beta,none
City-B,T3,5x,1000.0,S0a_RoutineOracle,cross_regime,M_stress,500,True,2,1273.7,723.8,276.2,0.4317,0.0,mean_0.75,6,0.75,0.15,beta,none
City-B,T3,5x,1000.0,S0b_StressOracle,routine,M_routine,500,True,3,1203.1,1486.9,0.0,0.0,1.0,mean_0.75,6,0.75,0.15,beta,none
City-B,T3,5x,1000.0,S0b_StressOracle,cross_regime,M_stress,500,True,3,1203.1,1203.1,0.0,0.0,1.0,mean_0.75,6,0.75,0.15,beta,none
City-B,T3,5x,1000.0,S1_CapRR,routine,M_routine,500,True,2,1485.4,965.9,34.1,0.3497,0.0,mean_0.75,6,0.75,0.15,beta,none
City-B,T3,5x,1000.0,S1_CapRR,cross_regime,M_stress,500,True,2,1485.4,808.6,191.4,0.4556,0.0,mean_0.75,6,0.75,0.15,beta,none
City-B,T3,5x,1000.0,S2_Platform,routine,M_routine,500,True,2,1048.0,861.4,138.6,0.178,0.0,mean_0.75,6,0.75,0.15,beta,none
City-B,T3,5x,1000.0,S2_Platform,cross_regime,M_stress,500,True,2,1048.0,787.5,212.5,0.2485,0.0,mean_0.75,6,0.75,0.15,beta,none
City-B,T3,5x,1000.0,S3_Lin4,routine,M_routine,500,True,2,1032.6,1169.2,0.0,0.0,1.0,mean_0.75,6,0.75,0.15,beta,none
City-B,T3,5x,1000.0,S3_Lin4,cross_regime,M_stress,500,True,2,1032.6,702.7,297.3,0.3195,0.0,mean_0.75,6,0.75,0.15,beta,none
City-B,T3,5x,1000.0,S4_GlobalCalib,routine,M_routine,500,True,2,1125.2,965.9,34.1,0.1415,0.0,mean_0.75,6,0.75,0.15,beta,none
City-B,T3,5x,1000.0,S4_GlobalCalib,cross_regime,M_stress,500,True,2,1125.2,808.6,191.4,0.2814,0.0,mean_0.75,6,0.75,0.15,beta,none
City-B,T3,5x,1000.0,S5_CityCalib,routine,M_routine,500,True,2,1132.6,965.9,34.1,0.1472,0.0,mean_0.75,6,0.75,0.15,beta,none
City-B,T3,5x,1000.0,S5_CityCalib,cross_regime,M_stress,500,True,2,1132.6,808.6,191.4,0.2861,0.0,mean_0.75,6,0.75,0.15,beta,none
City-B,T3,5x,1000.0,S6_Q10,routine,M_routine,500,True,3,1181.8,1486.9,0.0,0.0,1.0,mean_0.75,6,0.75,0.15,beta,none
City-B,T3,5x,1000.0,S6_Q10,cross_regime,M_stress,500,True,3,1181.8,1203.1,0.0,0.0,1.0,mean_0.75,6,0.75,0.15,beta,none
City-B,T3,10x,2000.0,S0a_RoutineOracle,routine,M_routine,500,True,4,2275.6,2275.6,0.0,0.0,1.0,mean_0.75,6,0.75,0.15,beta,none
City-B,T3,10x,2000.0,S0a_RoutineOracle,cross_regime,M_stress,500,True,4,2275.6,1495.6,504.4,0.3428,0.0,mean_0.75,6,0.75,0.15,beta,none
City-B,T3,10x,2000.0,S0b_StressOracle,routine,M_routine,500,True,6,2229.5,3012.5,0.0,0.0,1.0,mean_0.75,6,0.75,0.15,beta,none
City-B,T3,10x,2000.0,S0b_StressOracle,cross_regime,M_stress,500,True,6,2229.5,2229.5,0.0,0.0,1.0,mean_0.75,6,0.75,0.15,beta,none
City-B,T3,10x,2000.0,S1_CapRR,routine,M_routine,500,True,3,2203.9,1486.9,513.1,0.3253,0.0,mean_0.75,6,0.75,0.15,beta,none
City-B,T3,10x,2000.0,S1_CapRR,cross_regime,M_stress,500,True,3,2203.9,1203.1,796.9,0.4541,0.0,mean_0.75,6,0.75,0.15,beta,none
City-B,T3,10x,2000.0,S2_Platform,routine,M_routine,500,True,5,2307.7,2395.6,0.0,0.0,1.0,mean_0.75,6,0.75,0.15,beta,none
City-B,T3,10x,2000.0,S2_Platform,cross_regime,M_stress,500,True,5,2307.7,1698.8,301.2,0.2639,0.0,mean_0.75,6,0.75,0.15,beta,none
City-B,T3,10x,2000.0,S3_Lin4,routine,M_routine,500,True,4,2039.8,2135.1,0.0,0.0,1.0,mean_0.75,6,0.75,0.15,beta,none
City-B,T3,10x,2000.0,S3_Lin4,cross_regime,M_stress,500,True,4,2039.8,1511.3,488.7,0.2591,0.0,mean_0.75,6,0.75,0.15,beta,none
City-B,T3,10x,2000.0,S4_GlobalCalib,routine,M_routine,500,True,4,2201.7,2135.1,0.0,0.0302,1.0,mean_0.75,6,0.75,0.15,beta,none
City-B,T3,10x,2000.0,S4_GlobalCalib,cross_regime,M_stress,500,True,4,2201.7,1511.3,488.7,0.3136,0.0,mean_0.75,6,0.75,0.15,beta,none
City-B,T3,10x,2000.0,S5_CityCalib,routine,M_routine,500,True,4,2216.1,2135.1,0.0,0.0365,1.0,mean_0.75,6,0.75,0.15,beta,none
City-B,T3,10x,2000.0,S5_CityCalib,cross_regime,M_stress,500,True,4,2216.1,1511.3,488.7,0.318,0.0,mean_0.75,6,0.75,0.15,beta,none
City-B,T3,10x,2000.0,S6_Q10,routine,M_routine,500,True,6,2192.1,3012.5,0.0,0.0,1.0,mean_0.75,6,0.75,0.15,beta,none
City-B,T3,10x,2000.0,S6_Q10,cross_regime,M_stress,500,True,6,2192.1,2229.5,0.0,0.0,1.0,mean_0.75,6,0.75,0.15,beta,none
City-B,T4,1x,140.0,S0a_RoutineOracle,routine,M_routine,500,True,1,723.7,723.7,0.0,0.0,1.0,mean_0.75,6,0.75,0.15,beta,none
City-B,T4,1x,140.0,S0a_RoutineOracle,cross_regime,M_stress,500,True,1,723.7,283.9,0.0,0.6077,1.0,mean_0.75,6,0.75,0.15,beta,none
City-B,T4,1x,140.0,S0b_StressOracle,routine,M_routine,500,True,1,523.3,632.1,0.0,0.0,1.0,mean_0.75,6,0.75,0.15,beta,none
City-B,T4,1x,140.0,S0b_StressOracle,cross_regime,M_stress,500,True,1,523.3,523.3,0.0,0.0,1.0,mean_0.75,6,0.75,0.15,beta,none
City-B,T4,1x,140.0,S1_CapRR,routine,M_routine,500,True,1,846.0,632.1,0.0,0.2529,1.0,mean_0.75,6,0.75,0.15,beta,none
City-B,T4,1x,140.0,S1_CapRR,cross_regime,M_stress,500,True,1,846.0,523.3,0.0,0.3815,1.0,mean_0.75,6,0.75,0.15,beta,none
City-B,T4,1x,140.0,S2_Platform,routine,M_routine,500,True,1,480.1,632.1,0.0,0.0,1.0,mean_0.75,6,0.75,0.15,beta,none
City-B,T4,1x,140.0,S2_Platform,cross_regime,M_stress,500,True,1,480.1,523.3,0.0,0.0,1.0,mean_0.75,6,0.75,0.15,beta,none
City-B,T4,1x,140.0,S3_Lin4,routine,M_routine,500,True,1,529.5,593.1,0.0,0.0,1.0,mean_0.75,6,0.75,0.15,beta,none
City-B,T4,1x,140.0,S3_Lin4,cross_regime,M_stress,500,True,1,529.5,175.6,0.0,0.6684,1.0,mean_0.75,6,0.75,0.15,beta,none
City-B,T4,1x,140.0,S4_GlobalCalib,routine,M_routine,500,True,1,638.4,632.1,0.0,0.0099,1.0,mean_0.75,6,0.75,0.15,beta,none
City-B,T4,1x,140.0,S4_GlobalCalib,cross_regime,M_stress,500,True,1,638.4,523.3,0.0,0.1803,1.0,mean_0.75,6,0.75,0.15,beta,none
City-B,T4,1x,140.0,S5_CityCalib,routine,M_routine,500,True,1,641.5,632.1,0.0,0.0147,1.0,mean_0.75,6,0.75,0.15,beta,none
City-B,T4,1x,140.0,S5_CityCalib,cross_regime,M_stress,500,True,1,641.5,523.3,0.0,0.1843,1.0,mean_0.75,6,0.75,0.15,beta,none
City-B,T4,1x,140.0,S6_Q10,routine,M_routine,500,True,1,453.2,632.1,0.0,0.0,1.0,mean_0.75,6,0.75,0.15,beta,none
City-B,T4,1x,140.0,S6_Q10,cross_regime,M_stress,500,True,1,453.2,523.3,0.0,0.0,1.0,mean_0.75,6,0.75,0.15,beta,none
City-B,T4,2x,280.0,S0a_RoutineOracle,routine,M_routine,500,True,1,723.7,723.7,0.0,0.0,1.0,mean_0.75,6,0.75,0.15,beta,none
City-B,T4,2x,280.0,S0a_RoutineOracle,cross_regime,M_stress,500,True,1,723.7,283.9,0.0,0.6077,1.0,mean_0.75,6,0.75,0.15,beta,none
City-B,T4,2x,280.0,S0b_StressOracle,routine,M_routine,500,True,1,523.3,632.1,0.0,0.0,1.0,mean_0.75,6,0.75,0.15,beta,none
City-B,T4,2x,280.0,S0b_StressOracle,cross_regime,M_stress,500,True,1,523.3,523.3,0.0,0.0,1.0,mean_0.75,6,0.75,0.15,beta,none
City-B,T4,2x,280.0,S1_CapRR,routine,M_routine,500,True,1,846.0,632.1,0.0,0.2529,1.0,mean_0.75,6,0.75,0.15,beta,none
City-B,T4,2x,280.0,S1_CapRR,cross_regime,M_stress,500,True,1,846.0,523.3,0.0,0.3815,1.0,mean_0.75,6,0.75,0.15,beta,none
City-B,T4,2x,280.0,S2_Platform,routine,M_routine,500,True,1,480.1,632.1,0.0,0.0,1.0,mean_0.75,6,0.75,0.15,beta,none
City-B,T4,2x,280.0,S2_Platform,cross_regime,M_stress,500,True,1,480.1,523.3,0.0,0.0,1.0,mean_0.75,6,0.75,0.15,beta,none
City-B,T4,2x,280.0,S3_Lin4,routine,M_routine,500,True,1,529.5,593.1,0.0,0.0,1.0,mean_0.75,6,0.75,0.15,beta,none
City-B,T4,2x,280.0,S3_Lin4,cross_regime,M_stress,500,True,1,529.5,175.6,104.4,0.6684,0.0,mean_0.75,6,0.75,0.15,beta,none
City-B,T4,2x,280.0,S4_GlobalCalib,routine,M_routine,500,True,1,638.4,632.1,0.0,0.0099,1.0,mean_0.75,6,0.75,0.15,beta,none
City-B,T4,2x,280.0,S4_GlobalCalib,cross_regime,M_stress,500,True,1,638.4,523.3,0.0,0.1803,1.0,mean_0.75,6,0.75,0.15,beta,none
City-B,T4,2x,280.0,S5_CityCalib,routine,M_routine,500,True,1,641.5,632.1,0.0,0.0147,1.0,mean_0.75,6,0.75,0.15,beta,none
City-B,T4,2x,280.0,S5_CityCalib,cross_regime,M_stress,500,True,1,641.5,523.3,0.0,0.1843,1.0,mean_0.75,6,0.75,0.15,beta,none
City-B,T4,2x,280.0,S6_Q10,routine,M_routine,500,True,1,453.2,632.1,0.0,0.0,1.0,mean_0.75,6,0.75,0.15,beta,none
City-B,T4,2x,280.0,S6_Q10,cross_regime,M_stress,500,True,1,453.2,523.3,0.0,0.0,1.0,mean_0.75,6,0.75,0.15,beta,none
City-B,T4,5x,700.0,S0a_RoutineOracle,routine,M_routine,500,True,1,723.7,723.7,0.0,0.0,1.0,mean_0.75,6,0.75,0.15,beta,none
City-B,T4,5x,700.0,S0a_RoutineOracle,cross_regime,M_stress,500,True,1,723.7,283.9,416.1,0.6077,0.0,mean_0.75,6,0.75,0.15,beta,none
City-B,T4,5x,700.0,S0b_StressOracle,routine,M_routine,500,True,2,996.1,1248.6,0.0,0.0,1.0,mean_0.75,6,0.75,0.15,beta,none
City-B,T4,5x,700.0,S0b_StressOracle,cross_regime,M_stress,500,True,2,996.1,996.1,0.0,0.0,1.0,mean_0.75,6,0.75,0.15,beta,none
City-B,T4,5x,700.0,S1_CapRR,routine,M_routine,500,True,1,846.0,632.1,67.9,0.2529,0.0,mean_0.75,6,0.75,0.15,beta,none
City-B,T4,5x,700.0,S1_CapRR,cross_regime,M_stress,500,True,1,846.0,523.3,176.7,0.3815,0.0,mean_0.75,6,0.75,0.15,beta,none
City-B,T4,5x,700.0,S2_Platform,routine,M_routine,500,True,2,912.9,1355.7,0.0,0.0,1.0,mean_0.75,6,0.75,0.15,beta,none
City-B,T4,5x,700.0,S2_Platform,cross_regime,M_stress,500,True,2,912.9,807.2,0.0,0.1158,1.0,mean_0.75,6,0.75,0.15,beta,none
City-B,T4,5x,700.0,S3_Lin4,routine,M_routine,500,True,2,1051.9,1316.8,0.0,0.0,1.0,mean_0.75,6,0.75,0.15,beta,none
City-B,T4,5x,700.0,S3_Lin4,cross_regime,M_stress,500,True,2,1051.9,459.5,240.5,0.5632,0.0,mean_0.75,6,0.75,0.15,beta,none
City-B,T4,5x,700.0,S4_GlobalCalib,routine,M_routine,500,True,2,1273.7,1248.6,0.0,0.0197,1.0,mean_0.75,6,0.75,0.15,beta,none
City-B,T4,5x,700.0,S4_GlobalCalib,cross_regime,M_stress,500,True,2,1273.7,996.1,0.0,0.2179,1.0,mean_0.75,6,0.75,0.15,beta,none
City-B,T4,5x,700.0,S5_CityCalib,routine,M_routine,500,True,2,1279.9,1248.6,0.0,0.0244,1.0,mean_0.75,6,0.75,0.15,beta,none
City-B,T4,5x,700.0,S5_CityCalib,cross_regime,M_stress,500,True,2,1279.9,996.1,0.0,0.2217,1.0,mean_0.75,6,0.75,0.15,beta,none
City-B,T4,5x,700.0,S6_Q10,routine,M_routine,500,True,2,904.3,1248.6,0.0,0.0,1.0,mean_0.75,6,0.75,0.15,beta,none
City-B,T4,5x,700.0,S6_Q10,cross_regime,M_stress,500,True,2,904.3,996.1,0.0,0.0,1.0,mean_0.75,6,0.75,0.15,beta,none
City-B,T4,10x,1400.0,S0a_RoutineOracle,routine,M_routine,500,True,3,1972.3,1972.3,0.0,0.0,1.0,mean_0.75,6,0.75,0.15,beta,none
City-B,T4,10x,1400.0,S0a_RoutineOracle,cross_regime,M_stress,500,True,3,1972.3,1280.0,120.0,0.351,0.0,mean_0.75,6,0.75,0.15,beta,none
City-B,T4,10x,1400.0,S0b_StressOracle,routine,M_routine,500,True,4,1746.3,2149.0,0.0,0.0,1.0,mean_0.75,6,0.75,0.15,beta,none
City-B,T4,10x,1400.0,S0b_StressOracle,cross_regime,M_stress,500,True,4,1746.3,1746.3,0.0,0.0,1.0,mean_0.75,6,0.75,0.15,beta,none
City-B,T4,10x,1400.0,S1_CapRR,routine,M_routine,500,True,2,1688.0,1248.6,151.4,0.2603,0.0,mean_0.75,6,0.75,0.15,beta,none
City-B,T4,10x,1400.0,S1_CapRR,cross_regime,M_stress,500,True,2,1688.0,996.1,403.9,0.4099,0.0,mean_0.75,6,0.75,0.15,beta,none
City-B,T4,10x,1400.0,S2_Platform,routine,M_routine,500,True,4,1693.5,2312.6,0.0,0.0,1.0,mean_0.75,6,0.75,0.15,beta,none
City-B,T4,10x,1400.0,S2_Platform,cross_regime,M_stress,500,True,4,1693.5,1364.2,35.8,0.1945,0.0,mean_0.75,6,0.75,0.15,beta,none
City-B,T4,10x,1400.0,S3_Lin4,routine,M_routine,500,True,3,1570.2,1948.9,0.0,0.0,1.0,mean_0.75,6,0.75,0.15,beta,none
City-B,T4,10x,1400.0,S3_Lin4,cross_regime,M_stress,500,True,3,1570.2,982.8,417.2,0.3741,0.0,mean_0.75,6,0.75,0.15,beta,none
City-B,T4,10x,1400.0,S4_GlobalCalib,routine,M_routine,500,True,3,1889.8,1841.7,0.0,0.0254,1.0,mean_0.75,6,0.75,0.15,beta,none
City-B,T4,10x,1400.0,S4_GlobalCalib,cross_regime,M_stress,500,True,3,1889.8,1171.7,228.3,0.38,0.0,mean_0.75,6,0.75,0.15,beta,none
City-B,T4,10x,1400.0,S5_CityCalib,routine,M_routine,500,True,3,1898.9,1841.7,0.0,0.0301,1.0,mean_0.75,6,0.75,0.15,beta,none
City-B,T4,10x,1400.0,S5_CityCalib,cross_regime,M_stress,500,True,3,1898.9,1171.7,228.3,0.383,0.0,mean_0.75,6,0.75,0.15,beta,none
City-B,T4,10x,1400.0,S6_Q10,routine,M_routine,500,True,4,1769.6,2565.4,0.0,0.0,1.0,mean_0.75,6,0.75,0.15,beta,none
City-B,T4,10x,1400.0,S6_Q10,cross_regime,M_stress,500,True,4,1769.6,1455.6,0.0,0.1774,1.0,mean_0.75,6,0.75,0.15,beta,none
City-B,T5,1x,160.0,S0a_RoutineOracle,routine,M_routine,500,True,1,682.2,682.2,0.0,0.0,1.0,mean_0.75,6,0.75,0.15,beta,none
City-B,T5,1x,160.0,S0a_RoutineOracle,cross_regime,M_stress,500,True,1,682.2,436.6,0.0,0.36,1.0,mean_0.75,6,0.75,0.15,beta,none
City-B,T5,1x,160.0,S0b_StressOracle,routine,M_routine,500,True,1,436.6,682.2,0.0,0.0,1.0,mean_0.75,6,0.75,0.15,beta,none
City-B,T5,1x,160.0,S0b_StressOracle,cross_regime,M_stress,500,True,1,436.6,436.6,0.0,0.0,1.0,mean_0.75,6,0.75,0.15,beta,none
City-B,T5,1x,160.0,S1_CapRR,routine,M_routine,500,True,1,744.5,682.2,0.0,0.0836,1.0,mean_0.75,6,0.75,0.15,beta,none
City-B,T5,1x,160.0,S1_CapRR,cross_regime,M_stress,500,True,1,744.5,436.6,0.0,0.4135,1.0,mean_0.75,6,0.75,0.15,beta,none
City-B,T5,1x,160.0,S2_Platform,routine,M_routine,500,True,1,553.3,605.4,0.0,0.0,1.0,mean_0.75,6,0.75,0.15,beta,none
City-B,T5,1x,160.0,S2_Platform,cross_regime,M_stress,500,True,1,553.3,365.2,0.0,0.3399,1.0,mean_0.75,6,0.75,0.15,beta,none
City-B,T5,1x,160.0,S3_Lin4,routine,M_routine,500,True,1,515.4,594.8,0.0,0.0,1.0,mean_0.75,6,0.75,0.15,beta,none
City-B,T5,1x,160.0,S3_Lin4,cross_regime,M_stress,500,True,1,515.4,410.9,0.0,0.2028,1.0,mean_0.75,6,0.75,0.15,beta,none
City-B,T5,1x,160.0,S4_GlobalCalib,routine,M_routine,500,True,1,559.9,682.2,0.0,0.0,1.0,mean_0.75,6,0.75,0.15,beta,none
City-B,T5,1x,160.0,S4_GlobalCalib,cross_regime,M_stress,500,True,1,559.9,436.6,0.0,0.2202,1.0,mean_0.75,6,0.75,0.15,beta,none
City-B,T5,1x,160.0,S5_CityCalib,routine,M_routine,500,True,1,561.2,682.2,0.0,0.0,1.0,mean_0.75,6,0.75,0.15,beta,none
City-B,T5,1x,160.0,S5_CityCalib,cross_regime,M_stress,500,True,1,561.2,436.6,0.0,0.2219,1.0,mean_0.75,6,0.75,0.15,beta,none
City-B,T5,1x,160.0,S6_Q10,routine,M_routine,500,True,1,399.4,682.2,0.0,0.0,1.0,mean_0.75,6,0.75,0.15,beta,none
City-B,T5,1x,160.0,S6_Q10,cross_regime,M_stress,500,True,1,399.4,436.6,0.0,0.0,1.0,mean_0.75,6,0.75,0.15,beta,none
City-B,T5,2x,320.0,S0a_RoutineOracle,routine,M_routine,500,True,1,682.2,682.2,0.0,0.0,1.0,mean_0.75,6,0.75,0.15,beta,none
City-B,T5,2x,320.0,S0a_RoutineOracle,cross_regime,M_stress,500,True,1,682.2,436.6,0.0,0.36,1.0,mean_0.75,6,0.75,0.15,beta,none
City-B,T5,2x,320.0,S0b_StressOracle,routine,M_routine,500,True,1,436.6,682.2,0.0,0.0,1.0,mean_0.75,6,0.75,0.15,beta,none
City-B,T5,2x,320.0,S0b_StressOracle,cross_regime,M_stress,500,True,1,436.6,436.6,0.0,0.0,1.0,mean_0.75,6,0.75,0.15,beta,none
City-B,T5,2x,320.0,S1_CapRR,routine,M_routine,500,True,1,744.5,682.2,0.0,0.0836,1.0,mean_0.75,6,0.75,0.15,beta,none
City-B,T5,2x,320.0,S1_CapRR,cross_regime,M_stress,500,True,1,744.5,436.6,0.0,0.4135,1.0,mean_0.75,6,0.75,0.15,beta,none
City-B,T5,2x,320.0,S2_Platform,routine,M_routine,500,True,1,553.3,605.4,0.0,0.0,1.0,mean_0.75,6,0.75,0.15,beta,none
City-B,T5,2x,320.0,S2_Platform,cross_regime,M_stress,500,True,1,553.3,365.2,0.0,0.3399,1.0,mean_0.75,6,0.75,0.15,beta,none
City-B,T5,2x,320.0,S3_Lin4,routine,M_routine,500,True,1,515.4,594.8,0.0,0.0,1.0,mean_0.75,6,0.75,0.15,beta,none
City-B,T5,2x,320.0,S3_Lin4,cross_regime,M_stress,500,True,1,515.4,410.9,0.0,0.2028,1.0,mean_0.75,6,0.75,0.15,beta,none
City-B,T5,2x,320.0,S4_GlobalCalib,routine,M_routine,500,True,1,559.9,682.2,0.0,0.0,1.0,mean_0.75,6,0.75,0.15,beta,none
City-B,T5,2x,320.0,S4_GlobalCalib,cross_regime,M_stress,500,True,1,559.9,436.6,0.0,0.2202,1.0,mean_0.75,6,0.75,0.15,beta,none
City-B,T5,2x,320.0,S5_CityCalib,routine,M_routine,500,True,1,561.2,682.2,0.0,0.0,1.0,mean_0.75,6,0.75,0.15,beta,none
City-B,T5,2x,320.0,S5_CityCalib,cross_regime,M_stress,500,True,1,561.2,436.6,0.0,0.2219,1.0,mean_0.75,6,0.75,0.15,beta,none
City-B,T5,2x,320.0,S6_Q10,routine,M_routine,500,True,1,399.4,682.2,0.0,0.0,1.0,mean_0.75,6,0.75,0.15,beta,none
City-B,T5,2x,320.0,S6_Q10,cross_regime,M_stress,500,True,1,399.4,436.6,0.0,0.0,1.0,mean_0.75,6,0.75,0.15,beta,none
City-B,T5,5x,800.0,S0a_RoutineOracle,routine,M_routine,500,True,2,1294.4,1294.4,0.0,0.0,1.0,mean_0.75,6,0.75,0.15,beta,none
City-B,T5,5x,800.0,S0a_RoutineOracle,cross_regime,M_stress,500,True,2,1294.4,856.0,0.0,0.3387,1.0,mean_0.75,6,0.75,0.15,beta,none
City-B,T5,5x,800.0,S0b_StressOracle,routine,M_routine,500,True,2,856.0,1294.4,0.0,0.0,1.0,mean_0.75,6,0.75,0.15,beta,none
City-B,T5,5x,800.0,S0b_StressOracle,cross_regime,M_stress,500,True,2,856.0,856.0,0.0,0.0,1.0,mean_0.75,6,0.75,0.15,beta,none
City-B,T5,5x,800.0,S1_CapRR,routine,M_routine,500,True,2,1485.4,1287.6,0.0,0.1332,1.0,mean_0.75,6,0.75,0.15,beta,none
City-B,T5,5x,800.0,S1_CapRR,cross_regime,M_stress,500,True,2,1485.4,801.9,0.0,0.4602,1.0,mean_0.75,6,0.75,0.15,beta,none
City-B,T5,5x,800.0,S2_Platform,routine,M_routine,500,True,2,1093.7,1200.2,0.0,0.0,1.0,mean_0.75,6,0.75,0.15,beta,none
City-B,T5,5x,800.0,S2_Platform,cross_regime,M_stress,500,True,2,1093.7,776.1,23.9,0.2903,0.0,mean_0.75,6,0.75,0.15,beta,none
City-B,T5,5x,800.0,S3_Lin4,routine,M_routine,500,True,2,1023.9,1207.0,0.0,0.0,1.0,mean_0.75,6,0.75,0.15,beta,none
City-B,T5,5x,800.0,S3_Lin4,cross_regime,M_stress,500,True,2,1023.9,830.3,0.0,0.1891,1.0,mean_0.75,6,0.75,0.15,beta,none
City-B,T5,5x,800.0,S4_GlobalCalib,routine,M_routine,500,True,2,1117.1,1287.6,0.0,0.0,1.0,mean_0.75,6,0.75,0.15,beta,none
City-B,T5,5x,800.0,S4_GlobalCalib,cross_regime,M_stress,500,True,2,1117.1,801.9,0.0,0.2822,1.0,mean_0.75,6,0.75,0.15,beta,none
City-B,T5,5x,800.0,S5_CityCalib,routine,M_routine,500,True,2,1119.6,1287.6,0.0,0.0,1.0,mean_0.75,6,0.75,0.15,beta,none
City-B,T5,5x,800.0,S5_CityCalib,cross_regime,M_stress,500,True,2,1119.6,801.9,0.0,0.2838,1.0,mean_0.75,6,0.75,0.15,beta,none
City-B,T5,5x,800.0,S6_Q10,routine,M_routine,500,True,3,1182.3,1882.4,0.0,0.0,1.0,mean_0.75,6,0.75,0.15,beta,none
City-B,T5,5x,800.0,S6_Q10,cross_regime,M_stress,500,True,3,1182.3,1212.8,0.0,0.0,1.0,mean_0.75,6,0.75,0.15,beta,none
City-B,T5,10x,1600.0,S0a_RoutineOracle,routine,M_routine,500,True,3,1899.7,1899.7,0.0,0.0,1.0,mean_0.75,6,0.75,0.15,beta,none
City-B,T5,10x,1600.0,S0a_RoutineOracle,cross_regime,M_stress,500,True,3,1899.7,1221.3,378.7,0.3571,0.0,mean_0.75,6,0.75,0.15,beta,none
City-B,T5,10x,1600.0,S0b_StressOracle,routine,M_routine,500,True,4,1640.0,2335.0,0.0,0.0,1.0,mean_0.75,6,0.75,0.15,beta,none
City-B,T5,10x,1600.0,S0b_StressOracle,cross_regime,M_stress,500,True,4,1640.0,1640.0,0.0,0.0,1.0,mean_0.75,6,0.75,0.15,beta,none
City-B,T5,10x,1600.0,S1_CapRR,routine,M_routine,500,True,3,2203.9,1882.4,0.0,0.1459,1.0,mean_0.75,6,0.75,0.15,beta,none
City-B,T5,10x,1600.0,S1_CapRR,cross_regime,M_stress,500,True,3,2203.9,1212.8,387.2,0.4497,0.0,mean_0.75,6,0.75,0.15,beta,none
City-B,T5,10x,1600.0,S2_Platform,routine,M_routine,500,True,4,2025.8,2258.1,0.0,0.0,1.0,mean_0.75,6,0.75,0.15,beta,none
City-B,T5,10x,1600.0,S2_Platform,cross_regime,M_stress,500,True,4,2025.8,1568.6,31.4,0.2257,0.0,mean_0.75,6,0.75,0.15,beta,none
City-B,T5,10x,1600.0,S3_Lin4,routine,M_routine,500,True,4,2023.1,2494.6,0.0,0.0,1.0,mean_0.75,6,0.75,0.15,beta,none
City-B,T5,10x,1600.0,S3_Lin4,cross_regime,M_stress,500,True,4,2023.1,1632.2,0.0,0.1933,1.0,mean_0.75,6,0.75,0.15,beta,none
City-B,T5,10x,1600.0,S4_GlobalCalib,routine,M_routine,500,True,3,1657.5,1882.4,0.0,0.0,1.0,mean_0.75,6,0.75,0.15,beta,none
City-B,T5,10x,1600.0,S4_GlobalCalib,cross_regime,M_stress,500,True,3,1657.5,1212.8,387.2,0.2683,0.0,mean_0.75,6,0.75,0.15,beta,none
City-B,T5,10x,1600.0,S5_CityCalib,routine,M_routine,500,True,3,1661.1,1882.4,0.0,0.0,1.0,mean_0.75,6,0.75,0.15,beta,none
City-B,T5,10x,1600.0,S5_CityCalib,cross_regime,M_stress,500,True,3,1661.1,1212.8,387.2,0.2699,0.0,mean_0.75,6,0.75,0.15,beta,none
City-B,T5,10x,1600.0,S6_Q10,routine,M_routine,500,True,5,1889.2,2940.4,0.0,0.0,1.0,mean_0.75,6,0.75,0.15,beta,none
City-B,T5,10x,1600.0,S6_Q10,cross_regime,M_stress,500,True,5,1889.2,2005.2,0.0,0.0,1.0,mean_0.75,6,0.75,0.15,beta,none
City-C,T1,1x,180.0,S0a_RoutineOracle,routine,M_routine,650,True,1,675.4,675.4,0.0,0.0,1.0,mean_0.75,6,0.75,0.15,beta,none
City-C,T1,1x,180.0,S0a_RoutineOracle,cross_regime,M_stress,650,True,1,675.4,423.7,0.0,0.3727,1.0,mean_0.75,6,0.75,0.15,beta,none
City-C,T1,1x,180.0,S0b_StressOracle,routine,M_routine,650,True,1,423.7,675.4,0.0,0.0,1.0,mean_0.75,6,0.75,0.15,beta,none
City-C,T1,1x,180.0,S0b_StressOracle,cross_regime,M_stress,650,True,1,423.7,423.7,0.0,0.0,1.0,mean_0.75,6,0.75,0.15,beta,none
City-C,T1,1x,180.0,S1_CapRR,routine,M_routine,650,True,1,737.0,675.4,0.0,0.0837,1.0,mean_0.75,6,0.75,0.15,beta,none
City-C,T1,1x,180.0,S1_CapRR,cross_regime,M_stress,650,True,1,737.0,423.7,0.0,0.4252,1.0,mean_0.75,6,0.75,0.15,beta,none
City-C,T1,1x,180.0,S2_Platform,routine,M_routine,650,True,1,460.9,675.4,0.0,0.0,1.0,mean_0.75,6,0.75,0.15,beta,none
City-C,T1,1x,180.0,S2_Platform,cross_regime,M_stress,650,True,1,460.9,423.7,0.0,0.0808,1.0,mean_0.75,6,0.75,0.15,beta,none
City-C,T1,1x,180.0,S3_Lin4,routine,M_routine,650,True,1,472.0,675.4,0.0,0.0,1.0,mean_0.75,6,0.75,0.15,beta,none
City-C,T1,1x,180.0,S3_Lin4,cross_regime,M_stress,650,True,1,472.0,423.7,0.0,0.1025,1.0,mean_0.75,6,0.75,0.15,beta,none
City-C,T1,1x,180.0,S4_GlobalCalib,routine,M_routine,650,True,1,557.2,675.4,0.0,0.0,1.0,mean_0.75,6,0.75,0.15,beta,none
City-C,T1,1x,180.0,S4_GlobalCalib,cross_regime,M_stress,650,True,1,557.2,423.7,0.0,0.2396,1.0,mean_0.75,6,0.75,0.15,beta,none
City-C,T1,1x,180.0,S5_CityCalib,routine,M_routine,650,True,1,557.7,675.4,0.0,0.0,1.0,mean_0.75,6,0.75,0.15,beta,none
City-C,T1,1x,180.0,S5_CityCalib,cross_regime,M_stress,650,True,1,557.7,423.7,0.0,0.2403,1.0,mean_0.75,6,0.75,0.15,beta,none
City-C,T1,1x,180.0,S6_Q10,routine,M_routine,650,True,1,397.1,675.4,0.0,0.0,1.0,mean_0.75,6,0.75,0.15,beta,none
City-C,T1,1x,180.0,S6_Q10,cross_regime,M_stress,650,True,1,397.1,423.7,0.0,0.0,1.0,mean_0.75,6,0.75,0.15,beta,none
City-C,T1,2x,360.0,S0a_RoutineOracle,routine,M_routine,650,True,1,675.4,675.4,0.0,0.0,1.0,mean_0.75,6,0.75,0.15,beta,none
City-C,T1,2x,360.0,S0a_RoutineOracle,cross_regime,M_stress,650,True,1,675.4,423.7,0.0,0.3727,1.0,mean_0.75,6,0.75,0.15,beta,none
City-C,T1,2x,360.0,S0b_StressOracle,routine,M_routine,650,True,1,423.7,675.4,0.0,0.0,1.0,mean_0.75,6,0.75,0.15,beta,none
City-C,T1,2x,360.0,S0b_StressOracle,cross_regime,M_stress,650,True,1,423.7,423.7,0.0,0.0,1.0,mean_0.75,6,0.75,0.15,beta,none
City-C,T1,2x,360.0,S1_CapRR,routine,M_routine,650,True,1,737.0,675.4,0.0,0.0837,1.0,mean_0.75,6,0.75,0.15,beta,none
City-C,T1,2x,360.0,S1_CapRR,cross_regime,M_stress,650,True,1,737.0,423.7,0.0,0.4252,1.0,mean_0.75,6,0.75,0.15,beta,none
City-C,T1,2x,360.0,S2_Platform,routine,M_routine,650,True,1,460.9,675.4,0.0,0.0,1.0,mean_0.75,6,0.75,0.15,beta,none
City-C,T1,2x,360.0,S2_Platform,cross_regime,M_stress,650,True,1,460.9,423.7,0.0,0.0808,1.0,mean_0.75,6,0.75,0.15,beta,none
City-C,T1,2x,360.0,S3_Lin4,routine,M_routine,650,True,1,472.0,675.4,0.0,0.0,1.0,mean_0.75,6,0.75,0.15,beta,none
City-C,T1,2x,360.0,S3_Lin4,cross_regime,M_stress,650,True,1,472.0,423.7,0.0,0.1025,1.0,mean_0.75,6,0.75,0.15,beta,none
City-C,T1,2x,360.0,S4_GlobalCalib,routine,M_routine,650,True,1,557.2,675.4,0.0,0.0,1.0,mean_0.75,6,0.75,0.15,beta,none
City-C,T1,2x,360.0,S4_GlobalCalib,cross_regime,M_stress,650,True,1,557.2,423.7,0.0,0.2396,1.0,mean_0.75,6,0.75,0.15,beta,none
City-C,T1,2x,360.0,S5_CityCalib,routine,M_routine,650,True,1,557.7,675.4,0.0,0.0,1.0,mean_0.75,6,0.75,0.15,beta,none
City-C,T1,2x,360.0,S5_CityCalib,cross_regime,M_stress,650,True,1,557.7,423.7,0.0,0.2403,1.0,mean_0.75,6,0.75,0.15,beta,none
City-C,T1,2x,360.0,S6_Q10,routine,M_routine,650,True,1,397.1,675.4,0.0,0.0,1.0,mean_0.75,6,0.75,0.15,beta,none
City-C,T1,2x,360.0,S6_Q10,cross_regime,M_stress,650,True,1,397.1,423.7,0.0,0.0,1.0,mean_0.75,6,0.75,0.15,beta,none
City-C,T1,5x,900.0,S0a_RoutineOracle,routine,M_routine,650,True,2,1276.3,1276.3,0.0,0.0,1.0,mean_0.75,6,0.75,0.15,beta,none
City-C,T1,5x,900.0,S0a_RoutineOracle,cross_regime,M_stress,650,True,2,1276.3,674.9,225.1,0.4712,0.0,mean_0.75,6,0.75,0.15,beta,none
City-C,T1,5x,900.0,S0b_StressOracle,routine,M_routine,650,True,3,1088.1,1352.3,0.0,0.0,1.0,mean_0.75,6,0.75,0.15,beta,none
City-C,T1,5x,900.0,S0b_StressOracle,cross_regime,M_stress,650,True,3,1088.1,1088.1,0.0,0.0,1.0,mean_0.75,6,0.75,0.15,beta,none
City-C,T1,5x,900.0,S1_CapRR,routine,M_routine,650,True,2,1439.5,1143.3,0.0,0.2058,1.0,mean_0.75,6,0.75,0.15,beta,none
City-C,T1,5x,900.0,S1_CapRR,cross_regime,M_stress,650,True,2,1439.5,682.7,217.3,0.5258,0.0,mean_0.75,6,0.75,0.15,beta,none
City-C,T1,5x,900.0,S2_Platform,routine,M_routine,650,True,2,904.5,1143.3,0.0,0.0,1.0,mean_0.75,6,0.75,0.15,beta,none
City-C,T1,5x,900.0,S2_Platform,cross_regime,M_stress,650,True,2,904.5,682.7,217.3,0.2452,0.0,mean_0.75,6,0.75,0.15,beta,none
City-C,T1,5x,900.0,S3_Lin4,routine,M_routine,650,True,2,923.5,1143.3,0.0,0.0,1.0,mean_0.75,6,0.75,0.15,beta,none
City-C,T1,5x,900.0,S3_Lin4,cross_regime,M_stress,650,True,2,923.5,682.7,217.3,0.2608,0.0,mean_0.75,6,0.75,0.15,beta,none
City-C,T1,5x,900.0,S4_GlobalCalib,routine,M_routine,650,True,2,1088.2,1143.3,0.0,0.0,1.0,mean_0.75,6,0.75,0.15,beta,none
City-C,T1,5x,900.0,S4_GlobalCalib,cross_regime,M_stress,650,True,2,1088.2,682.7,217.3,0.3726,0.0,mean_0.75,6,0.75,0.15,beta,none
City-C,T1,5x,900.0,S5_CityCalib,routine,M_routine,650,True,2,1089.1,1143.3,0.0,0.0,1.0,mean_0.75,6,0.75,0.15,beta,none
City-C,T1,5x,900.0,S5_CityCalib,cross_regime,M_stress,650,True,2,1089.1,682.7,217.3,0.3732,0.0,mean_0.75,6,0.75,0.15,beta,none
City-C,T1,5x,900.0,S6_Q10,routine,M_routine,650,True,3,1121.3,1744.2,0.0,0.0,1.0,mean_0.75,6,0.75,0.15,beta,none
City-C,T1,5x,900.0,S6_Q10,cross_regime,M_stress,650,True,3,1121.3,934.0,0.0,0.1671,1.0,mean_0.75,6,0.75,0.15,beta,none
City-C,T1,10x,1800.0,S0a_RoutineOracle,routine,M_routine,650,True,4,2266.1,2266.1,0.0,0.0,1.0,mean_0.75,6,0.75,0.15,beta,none
City-C,T1,10x,1800.0,S0a_RoutineOracle,cross_regime,M_stress,650,True,4,2266.1,1176.7,623.3,0.4808,0.0,mean_0.75,6,0.75,0.15,beta,none
City-C,T1,10x,1800.0,S0b_StressOracle,routine,M_routine,650,True,6,1966.5,2745.9,0.0,0.0,1.0,mean_0.75,6,0.75,0.15,beta,none
City-C,T1,10x,1800.0,S0b_StressOracle,cross_regime,M_stress,650,True,6,1966.5,1966.5,0.0,0.0,1.0,mean_0.75,6,0.75,0.15,beta,none
City-C,T1,10x,1800.0,S1_CapRR,routine,M_routine,650,True,3,2081.1,1744.2,55.8,0.1619,0.0,mean_0.75,6,0.75,0.15,beta,none
City-C,T1,10x,1800.0,S1_CapRR,cross_regime,M_stress,650,True,3,2081.1,934.0,866.0,0.5512,0.0,mean_0.75,6,0.75,0.15,beta,none
City-C,T1,10x,1800.0,S2_Platform,routine,M_routine,650,True,5,2117.9,2385.6,0.0,0.0,1.0,mean_0.75,6,0.75,0.15,beta,none
City-C,T1,10x,1800.0,S2_Platform,cross_regime,M_stress,650,True,5,2117.9,1559.5,240.5,0.2636,0.0,mean_0.75,6,0.75,0.15,beta,none
City-C,T1,10x,1800.0,S3_Lin4,routine,M_routine,650,True,5,2222.4,2505.3,0.0,0.0,1.0,mean_0.75,6,0.75,0.15,beta,none
City-C,T1,10x,1800.0,S3_Lin4,cross_regime,M_stress,650,True,5,2222.4,1530.0,270.0,0.3116,0.0,mean_0.75,6,0.75,0.15,beta,none
City-C,T1,10x,1800.0,S4_GlobalCalib,routine,M_routine,650,True,4,2015.4,2235.9,0.0,0.0,1.0,mean_0.75,6,0.75,0.15,beta,none
City-C,T1,10x,1800.0,S4_GlobalCalib,cross_regime,M_stress,650,True,4,2015.4,1240.1,559.9,0.3847,0.0,mean_0.75,6,0.75,0.15,beta,none
City-C,T1,10x,1800.0,S5_CityCalib,routine,M_routine,650,True,4,2017.2,2235.9,0.0,0.0,1.0,mean_0.75,6,0.75,0.15,beta,none
City-C,T1,10x,1800.0,S5_CityCalib,cross_regime,M_stress,650,True,4,2017.2,1240.1,559.9,0.3852,0.0,mean_0.75,6,0.75,0.15,beta,none
City-C,T1,10x,1800.0,S6_Q10,routine,M_routine,650,True,6,2054.9,3094.0,0.0,0.0,1.0,mean_0.75,6,0.75,0.15,beta,none
City-C,T1,10x,1800.0,S6_Q10,cross_regime,M_stress,650,True,6,2054.9,1756.0,44.0,0.1455,0.0,mean_0.75,6,0.75,0.15,beta,none
City-C,T2,1x,260.0,S0a_RoutineOracle,routine,M_routine,650,True,1,687.1,687.1,0.0,0.0,1.0,mean_0.75,6,0.75,0.15,beta,none
City-C,T2,1x,260.0,S0a_RoutineOracle,cross_regime,M_stress,650,True,1,687.1,442.1,0.0,0.3566,1.0,mean_0.75,6,0.75,0.15,beta,none
City-C,T2,1x,260.0,S0b_StressOracle,routine,M_routine,650,True,1,442.1,687.1,0.0,0.0,1.0,mean_0.75,6,0.75,0.15,beta,none
City-C,T2,1x,260.0,S0b_StressOracle,cross_regime,M_stress,650,True,1,442.1,442.1,0.0,0.0,1.0,mean_0.75,6,0.75,0.15,beta,none
City-C,T2,1x,260.0,S1_CapRR,routine,M_routine,650,True,1,737.0,590.1,0.0,0.1994,1.0,mean_0.75,6,0.75,0.15,beta,none
City-C,T2,1x,260.0,S1_CapRR,cross_regime,M_stress,650,True,1,737.0,395.9,0.0,0.4629,1.0,mean_0.75,6,0.75,0.15,beta,none
City-C,T2,1x,260.0,S2_Platform,routine,M_routine,650,True,1,467.3,590.1,0.0,0.0,1.0,mean_0.75,6,0.75,0.15,beta,none
City-C,T2,1x,260.0,S2_Platform,cross_regime,M_stress,650,True,1,467.3,395.9,0.0,0.1528,1.0,mean_0.75,6,0.75,0.15,beta,none
City-C,T2,1x,260.0,S3_Lin4,routine,M_routine,650,True,1,477.8,590.1,0.0,0.0,1.0,mean_0.75,6,0.75,0.15,beta,none
City-C,T2,1x,260.0,S3_Lin4,cross_regime,M_stress,650,True,1,477.8,395.9,0.0,0.1715,1.0,mean_0.75,6,0.75,0.15,beta,none
City-C,T2,1x,260.0,S4_GlobalCalib,routine,M_routine,650,True,1,560.2,590.1,0.0,0.0,1.0,mean_0.75,6,0.75,0.15,beta,none
City-C,T2,1x,260.0,S4_GlobalCalib,cross_regime,M_stress,650,True,1,560.2,395.9,0.0,0.2933,1.0,mean_0.75,6,0.75,0.15,beta,none
City-C,T2,1x,260.0,S5_CityCalib,routine,M_routine,650,True,1,553.7,590.1,0.0,0.0,1.0,mean_0.75,6,0.75,0.15,beta,none
City-C,T2,1x,260.0,S5_CityCalib,cross_regime,M_stress,650,True,1,553.7,395.9,0.0,0.285,1.0,mean_0.75,6,0.75,0.15,beta,none
City-C,T2,1x,260.0,S6_Q10,routine,M_routine,650,True,1,399.5,590.1,0.0,0.0,1.0,mean_0.75,6,0.75,0.15,beta,none
City-C,T2,1x,260.0,S6_Q10,cross_regime,M_stress,650,True,1,399.5,395.9,0.0,0.009,1.0,mean_0.75,6,0.75,0.15,beta,none
City-C,T2,2x,520.0,S0a_RoutineOracle,routine,M_routine,650,True,1,687.1,687.1,0.0,0.0,1.0,mean_0.75,6,0.75,0.15,beta,none
City-C,T2,2x,520.0,S0a_RoutineOracle,cross_regime,M_stress,650,True,1,687.1,442.1,77.9,0.3566,0.0,mean_0.75,6,0.75,0.15,beta,none
City-C,T2,2x,520.0,S0b_StressOracle,routine,M_routine,650,True,2,838.0,1277.1,0.0,0.0,1.0,mean_0.75,6,0.75,0.15,beta,none
City-C,T2,2x,520.0,S0b_StressOracle,cross_regime,M_stress,650,True,2,838.0,838.0,0.0,0.0,1.0,mean_0.75,6,0.75,0.15,beta,none
City-C,T2,2x,520.0,S1_CapRR,routine,M_routine,650,True,1,737.0,590.1,0.0,0.1994,1.0,mean_0.75,6,0.75,0.15,beta,none
City-C,T2,2x,520.0,S1_CapRR,cross_regime,M_stress,650,True,1,737.0,395.9,124.1,0.4629,0.0,mean_0.75,6,0.75,0.15,beta,none
City-C,T2,2x,520.0,S2_Platform,routine,M_routine,650,True,2,902.1,1277.1,0.0,0.0,1.0,mean_0.75,6,0.75,0.15,beta,none
City-C,T2,2x,520.0,S2_Platform,cross_regime,M_stress,650,True,2,902.1,838.0,0.0,0.0711,1.0,mean_0.75,6,0.75,0.15,beta,none
City-C,T2,2x,520.0,S3_Lin4,routine,M_routine,650,True,2,934.8,1277.1,0.0,0.0,1.0,mean_0.75,6,0.75,0.15,beta,none
City-C,T2,2x,520.0,S3_Lin4,cross_regime,M_stress,650,True,2,934.8,838.0,0.0,0.1036,1.0,mean_0.75,6,0.75,0.15,beta,none
City-C,T2,2x,520.0,S4_GlobalCalib,routine,M_routine,650,True,1,560.2,590.1,0.0,0.0,1.0,mean_0.75,6,0.75,0.15,beta,none
City-C,T2,2x,520.0,S4_GlobalCalib,cross_regime,M_stress,650,True,1,560.2,395.9,124.1,0.2933,0.0,mean_0.75,6,0.75,0.15,beta,none
City-C,T2,2x,520.0,S5_CityCalib,routine,M_routine,650,True,1,553.7,590.1,0.0,0.0,1.0,mean_0.75,6,0.75,0.15,beta,none
City-C,T2,2x,520.0,S5_CityCalib,cross_regime,M_stress,650,True,1,553.7,395.9,124.1,0.285,0.0,mean_0.75,6,0.75,0.15,beta,none
City-C,T2,2x,520.0,S6_Q10,routine,M_routine,650,True,2,780.2,1277.1,0.0,0.0,1.0,mean_0.75,6,0.75,0.15,beta,none
City-C,T2,2x,520.0,S6_Q10,cross_regime,M_stress,650,True,2,780.2,838.0,0.0,0.0,1.0,mean_0.75,6,0.75,0.15,beta,none
City-C,T2,5x,1300.0,S0a_RoutineOracle,routine,M_routine,650,True,3,1858.4,1858.4,0.0,0.0,1.0,mean_0.75,6,0.75,0.15,beta,none
City-C,T2,5x,1300.0,S0a_RoutineOracle,cross_regime,M_stress,650,True,3,1858.4,1166.7,133.3,0.3722,0.0,mean_0.75,6,0.75,0.15,beta,none
City-C,T2,5x,1300.0,S0b_StressOracle,routine,M_routine,650,True,4,1503.8,2277.3,0.0,0.0,1.0,mean_0.75,6,0.75,0.15,beta,none
City-C,T2,5x,1300.0,S0b_StressOracle,cross_regime,M_stress,650,True,4,1503.8,1503.8,0.0,0.0,1.0,mean_0.75,6,0.75,0.15,beta,none
City-C,T2,5x,1300.0,S1_CapRR,routine,M_routine,650,True,2,1439.5,1277.1,22.9,0.1128,0.0,mean_0.75,6,0.75,0.15,beta,none
City-C,T2,5x,1300.0,S1_CapRR,cross_regime,M_stress,650,True,2,1439.5,838.0,462.0,0.4179,0.0,mean_0.75,6,0.75,0.15,beta,none
City-C,T2,5x,1300.0,S2_Platform,routine,M_routine,650,True,3,1301.1,1858.4,0.0,0.0,1.0,mean_0.75,6,0.75,0.15,beta,none
City-C,T2,5x,1300.0,S2_Platform,cross_regime,M_stress,650,True,3,1301.1,1166.7,133.3,0.1033,0.0,mean_0.75,6,0.75,0.15,beta,none
City-C,T2,5x,1300.0,S3_Lin4,routine,M_routine,650,True,3,1383.0,1858.4,0.0,0.0,1.0,mean_0.75,6,0.75,0.15,beta,none
City-C,T2,5x,1300.0,S3_Lin4,cross_regime,M_stress,650,True,3,1383.0,1166.7,133.3,0.1564,0.0,mean_0.75,6,0.75,0.15,beta,none
City-C,T2,5x,1300.0,S4_GlobalCalib,routine,M_routine,650,True,3,1581.4,1858.4,0.0,0.0,1.0,mean_0.75,6,0.75,0.15,beta,none
City-C,T2,5x,1300.0,S4_GlobalCalib,cross_regime,M_stress,650,True,3,1581.4,1166.7,133.3,0.2623,0.0,mean_0.75,6,0.75,0.15,beta,none
City-C,T2,5x,1300.0,S5_CityCalib,routine,M_routine,650,True,3,1563.4,1858.4,0.0,0.0,1.0,mean_0.75,6,0.75,0.15,beta,none
City-C,T2,5x,1300.0,S5_CityCalib,cross_regime,M_stress,650,True,3,1563.4,1166.7,133.3,0.2538,0.0,mean_0.75,6,0.75,0.15,beta,none
City-C,T2,5x,1300.0,S6_Q10,routine,M_routine,650,True,4,1445.3,2256.7,0.0,0.0,1.0,mean_0.75,6,0.75,0.15,beta,none
City-C,T2,5x,1300.0,S6_Q10,cross_regime,M_stress,650,True,4,1445.3,1491.5,0.0,0.0,1.0,mean_0.75,6,0.75,0.15,beta,none
City-C,T2,10x,2600.0,S0a_RoutineOracle,routine,M_routine,650,True,5,2893.0,2893.0,0.0,0.0,1.0,mean_0.75,6,0.75,0.15,beta,none
City-C,T2,10x,2600.0,S0a_RoutineOracle,cross_regime,M_stress,650,True,5,2893.0,1777.1,822.9,0.3857,0.0,mean_0.75,6,0.75,0.15,beta,none
City-C,T2,10x,2600.0,S0b_StressOracle,routine,M_routine,650,True,8,2775.8,4036.8,0.0,0.0,1.0,mean_0.75,6,0.75,0.15,beta,none
City-C,T2,10x,2600.0,S0b_StressOracle,cross_regime,M_stress,650,True,8,2775.8,2775.8,0.0,0.0,1.0,mean_0.75,6,0.75,0.15,beta,none
City-C,T2,10x,2600.0,S1_CapRR,routine,M_routine,650,True,4,2666.6,2256.7,343.3,0.1537,0.0,mean_0.75,6,0.75,0.15,beta,none
City-C,T2,10x,2600.0,S1_CapRR,cross_regime,M_stress,650,True,4,2666.6,1491.5,1108.5,0.4407,0.0,mean_0.75,6,0.75,0.15,beta,none
City-C,T2,10x,2600.0,S2_Platform,routine,M_routine,650,True,7,2815.8,3444.3,0.0,0.0,1.0,mean_0.75,6,0.75,0.15,beta,none
City-C,T2,10x,2600.0,S2_Platform,cross_regime,M_stress,650,True,7,2815.8,2339.9,260.1,0.169,0.0,mean_0.75,6,0.75,0.15,beta,none
City-C,T2,10x,2600.0,S3_Lin4,routine,M_routine,650,True,6,2657.6,3080.5,0.0,0.0,1.0,mean_0.75,6,0.75,0.15,beta,none
City-C,T2,10x,2600.0,S3_Lin4,cross_regime,M_stress,650,True,6,2657.6,1959.5,640.5,0.2627,0.0,mean_0.75,6,0.75,0.15,beta,none
City-C,T2,10x,2600.0,S4_GlobalCalib,routine,M_routine,650,True,6,2897.0,3083.4,0.0,0.0,1.0,mean_0.75,6,0.75,0.15,beta,none
City-C,T2,10x,2600.0,S4_GlobalCalib,cross_regime,M_stress,650,True,6,2897.0,2119.7,480.3,0.2683,0.0,mean_0.75,6,0.75,0.15,beta,none
City-C,T2,10x,2600.0,S5_CityCalib,routine,M_routine,650,True,6,2865.1,3083.4,0.0,0.0,1.0,mean_0.75,6,0.75,0.15,beta,none
City-C,T2,10x,2600.0,S5_CityCalib,cross_regime,M_stress,650,True,6,2865.1,2119.7,480.3,0.2602,0.0,mean_0.75,6,0.75,0.15,beta,none
City-C,T2,10x,2600.0,S6_Q10,routine,M_routine,650,True,8,2667.3,3825.5,0.0,0.0,1.0,mean_0.75,6,0.75,0.15,beta,none
City-C,T2,10x,2600.0,S6_Q10,cross_regime,M_stress,650,True,8,2667.3,2599.1,0.9,0.0256,0.0,mean_0.75,6,0.75,0.15,beta,none
City-C,T3,1x,200.0,S0a_RoutineOracle,routine,M_routine,650,True,1,553.0,553.0,0.0,0.0,1.0,mean_0.75,6,0.75,0.15,beta,none
City-C,T3,1x,200.0,S0a_RoutineOracle,cross_regime,M_stress,650,True,1,553.0,304.4,0.0,0.4495,1.0,mean_0.75,6,0.75,0.15,beta,none
City-C,T3,1x,200.0,S0b_StressOracle,routine,M_routine,650,True,1,339.8,506.8,0.0,0.0,1.0,mean_0.75,6,0.75,0.15,beta,none
City-C,T3,1x,200.0,S0b_StressOracle,cross_regime,M_stress,650,True,1,339.8,339.8,0.0,0.0,1.0,mean_0.75,6,0.75,0.15,beta,none
City-C,T3,1x,200.0,S1_CapRR,routine,M_routine,650,True,1,648.6,506.8,0.0,0.2187,1.0,mean_0.75,6,0.75,0.15,beta,none
City-C,T3,1x,200.0,S1_CapRR,cross_regime,M_stress,650,True,1,648.6,339.8,0.0,0.4761,1.0,mean_0.75,6,0.75,0.15,beta,none
City-C,T3,1x,200.0,S2_Platform,routine,M_routine,650,True,1,456.8,506.8,0.0,0.0,1.0,mean_0.75,6,0.75,0.15,beta,none
City-C,T3,1x,200.0,S2_Platform,cross_regime,M_stress,650,True,1,456.8,339.8,0.0,0.256,1.0,mean_0.75,6,0.75,0.15,beta,none
City-C,T3,1x,200.0,S3_Lin4,routine,M_routine,650,True,1,462.6,506.8,0.0,0.0,1.0,mean_0.75,6,0.75,0.15,beta,none
City-C,T3,1x,200.0,S3_Lin4,cross_regime,M_stress,650,True,1,462.6,339.8,0.0,0.2654,1.0,mean_0.75,6,0.75,0.15,beta,none
City-C,T3,1x,200.0,S4_GlobalCalib,routine,M_routine,650,True,1,491.0,506.8,0.0,0.0,1.0,mean_0.75,6,0.75,0.15,beta,none
City-C,T3,1x,200.0,S4_GlobalCalib,cross_regime,M_stress,650,True,1,491.0,339.8,0.0,0.3079,1.0,mean_0.75,6,0.75,0.15,beta,none
City-C,T3,1x,200.0,S5_CityCalib,routine,M_routine,650,True,1,490.0,506.8,0.0,0.0,1.0,mean_0.75,6,0.75,0.15,beta,none
City-C,T3,1x,200.0,S5_CityCalib,cross_regime,M_stress,650,True,1,490.0,339.8,0.0,0.3064,1.0,mean_0.75,6,0.75,0.15,beta,none
City-C,T3,1x,200.0,S6_Q10,routine,M_routine,650,True,1,347.8,506.8,0.0,0.0,1.0,mean_0.75,6,0.75,0.15,beta,none
City-C,T3,1x,200.0,S6_Q10,cross_regime,M_stress,650,True,1,347.8,339.8,0.0,0.0229,1.0,mean_0.75,6,0.75,0.15,beta,none
City-C,T3,2x,400.0,S0a_RoutineOracle,routine,M_routine,650,True,1,553.0,553.0,0.0,0.0,1.0,mean_0.75,6,0.75,0.15,beta,none
City-C,T3,2x,400.0,S0a_RoutineOracle,cross_regime,M_stress,650,True,1,553.0,304.4,95.6,0.4495,0.0,mean_0.75,6,0.75,0.15,beta,none
City-C,T3,2x,400.0,S0b_StressOracle,routine,M_routine,650,True,2,648.6,945.9,0.0,0.0,1.0,mean_0.75,6,0.75,0.15,beta,none
City-C,T3,2x,400.0,S0b_StressOracle,cross_regime,M_stress,650,True,2,648.6,648.6,0.0,0.0,1.0,mean_0.75,6,0.75,0.15,beta,none
City-C,T3,2x,400.0,S1_CapRR,routine,M_routine,650,True,1,648.6,506.8,0.0,0.2187,1.0,mean_0.75,6,0.75,0.15,beta,none
City-C,T3,2x,400.0,S1_CapRR,cross_regime,M_stress,650,True,1,648.6,339.8,60.2,0.4761,0.0,mean_0.75,6,0.75,0.15,beta,none
City-C,T3,2x,400.0,S2_Platform,routine,M_routine,650,True,1,456.8,506.8,0.0,0.0,1.0,mean_0.75,6,0.75,0.15,beta,none
City-C,T3,2x,400.0,S2_Platform,cross_regime,M_stress,650,True,1,456.8,339.8,60.2,0.256,0.0,mean_0.75,6,0.75,0.15,beta,none
City-C,T3,2x,400.0,S3_Lin4,routine,M_routine,650,True,1,462.6,506.8,0.0,0.0,1.0,mean_0.75,6,0.75,0.15,beta,none
City-C,T3,2x,400.0,S3_Lin4,cross_regime,M_stress,650,True,1,462.6,339.8,60.2,0.2654,0.0,mean_0.75,6,0.75,0.15,beta,none
City-C,T3,2x,400.0,S4_GlobalCalib,routine,M_routine,650,True,1,491.0,506.8,0.0,0.0,1.0,mean_0.75,6,0.75,0.15,beta,none
City-C,T3,2x,400.0,S4_GlobalCalib,cross_regime,M_stress,650,True,1,491.0,339.8,60.2,0.3079,0.0,mean_0.75,6,0.75,0.15,beta,none
City-C,T3,2x,400.0,S5_CityCalib,routine,M_routine,650,True,1,490.0,506.8,0.0,0.0,1.0,mean_0.75,6,0.75,0.15,beta,none
City-C,T3,2x,400.0,S5_CityCalib,cross_regime,M_stress,650,True,1,490.0,339.8,60.2,0.3064,0.0,mean_0.75,6,0.75,0.15,beta,none
City-C,T3,2x,400.0,S6_Q10,routine,M_routine,650,True,2,679.3,945.9,0.0,0.0,1.0,mean_0.75,6,0.75,0.15,beta,none
City-C,T3,2x,400.0,S6_Q10,cross_regime,M_stress,650,True,2,679.3,648.6,0.0,0.0451,1.0,mean_0.75,6,0.75,0.15,beta,none
City-C,T3,5x,1000.0,S0a_RoutineOracle,routine,M_routine,650,True,2,1059.7,1059.7,0.0,0.0,1.0,mean_0.75,6,0.75,0.15,beta,none
City-C,T3,5x,1000.0,S0a_RoutineOracle,cross_regime,M_stress,650,True,2,1059.7,644.3,355.7,0.392,0.0,mean_0.75,6,0.75,0.15,beta,none
City-C,T3,5x,1000.0,S0b_StressOracle,routine,M_routine,650,True,4,1258.9,1923.8,0.0,0.0,1.0,mean_0.75,6,0.75,0.15,beta,none
City-C,T3,5x,1000.0,S0b_StressOracle,cross_regime,M_stress,650,True,4,1258.9,1258.9,0.0,0.0,1.0,mean_0.75,6,0.75,0.15,beta,none
City-C,T3,5x,1000.0,S1_CapRR,routine,M_routine,650,True,2,1266.8,945.9,54.1,0.2534,0.0,mean_0.75,6,0.75,0.15,beta,none
City-C,T3,5x,1000.0,S1_CapRR,cross_regime,M_stress,650,True,2,1266.8,648.6,351.4,0.488,0.0,mean_0.75,6,0.75,0.15,beta,none
City-C,T3,5x,1000.0,S2_Platform,routine,M_routine,650,True,3,1285.7,1223.8,0.0,0.0482,1.0,mean_0.75,6,0.75,0.15,beta,none
City-C,T3,5x,1000.0,S2_Platform,cross_regime,M_stress,650,True,3,1285.7,929.6,70.4,0.277,0.0,mean_0.75,6,0.75,0.15,beta,none
City-C,T3,5x,1000.0,S3_Lin4,routine,M_routine,650,True,3,1339.0,1498.8,0.0,0.0,1.0,mean_0.75,6,0.75,0.15,beta,none
City-C,T3,5x,1000.0,S3_Lin4,cross_regime,M_stress,650,True,3,1339.0,953.1,46.9,0.2882,0.0,mean_0.75,6,0.75,0.15,beta,none
City-C,T3,5x,1000.0,S4_GlobalCalib,routine,M_routine,650,True,3,1386.1,1498.8,0.0,0.0,1.0,mean_0.75,6,0.75,0.15,beta,none
City-C,T3,5x,1000.0,S4_GlobalCalib,cross_regime,M_stress,650,True,3,1386.1,953.1,46.9,0.3124,0.0,mean_0.75,6,0.75,0.15,beta,none
City-C,T3,5x,1000.0,S5_CityCalib,routine,M_routine,650,True,3,1383.3,1498.8,0.0,0.0,1.0,mean_0.75,6,0.75,0.15,beta,none
City-C,T3,5x,1000.0,S5_CityCalib,cross_regime,M_stress,650,True,3,1383.3,953.1,46.9,0.311,0.0,mean_0.75,6,0.75,0.15,beta,none
City-C,T3,5x,1000.0,S6_Q10,routine,M_routine,650,True,4,1258.4,1795.6,0.0,0.0,1.0,mean_0.75,6,0.75,0.15,beta,none
City-C,T3,5x,1000.0,S6_Q10,cross_regime,M_stress,650,True,4,1258.4,1231.6,0.0,0.0213,1.0,mean_0.75,6,0.75,0.15,beta,none
City-C,T3,10x,2000.0,S0a_RoutineOracle,routine,M_routine,650,True,5,2387.5,2387.5,0.0,0.0,1.0,mean_0.75,6,0.75,0.15,beta,none
City-C,T3,10x,2000.0,S0a_RoutineOracle,cross_regime,M_stress,650,True,5,2387.5,1559.4,440.6,0.3469,0.0,mean_0.75,6,0.75,0.15,beta,none
City-C,T3,10x,2000.0,S0b_StressOracle,routine,M_routine,650,True,7,2129.3,3011.6,0.0,0.0,1.0,mean_0.75,6,0.75,0.15,beta,none
City-C,T3,10x,2000.0,S0b_StressOracle,cross_regime,M_stress,650,True,7,2129.3,2129.3,0.0,0.0,1.0,mean_0.75,6,0.75,0.15,beta,none
City-C,T3,10x,2000.0,S1_CapRR,routine,M_routine,650,True,4,2346.7,1795.6,204.4,0.2348,0.0,mean_0.75,6,0.75,0.15,beta,none
City-C,T3,10x,2000.0,S1_CapRR,cross_regime,M_stress,650,True,4,2346.7,1231.6,768.4,0.4752,0.0,mean_0.75,6,0.75,0.15,beta,none
City-C,T3,10x,2000.0,S2_Platform,routine,M_routine,650,True,5,2048.1,2082.0,0.0,0.0,1.0,mean_0.75,6,0.75,0.15,beta,none
City-C,T3,10x,2000.0,S2_Platform,cross_regime,M_stress,650,True,5,2048.1,1425.5,574.5,0.304,0.0,mean_0.75,6,0.75,0.15,beta,none
City-C,T3,10x,2000.0,S3_Lin4,routine,M_routine,650,True,5,2191.5,2049.9,0.0,0.0647,1.0,mean_0.75,6,0.75,0.15,beta,none
City-C,T3,10x,2000.0,S3_Lin4,cross_regime,M_stress,650,True,5,2191.5,1467.1,532.9,0.3305,0.0,mean_0.75,6,0.75,0.15,beta,none
City-C,T3,10x,2000.0,S4_GlobalCalib,routine,M_routine,650,True,5,2161.1,2259.4,0.0,0.0,1.0,mean_0.75,6,0.75,0.15,beta,none
City-C,T3,10x,2000.0,S4_GlobalCalib,cross_regime,M_stress,650,True,5,2161.1,1532.1,467.9,0.291,0.0,mean_0.75,6,0.75,0.15,beta,none
City-C,T3,10x,2000.0,S5_CityCalib,routine,M_routine,650,True,5,2157.0,2259.4,0.0,0.0,1.0,mean_0.75,6,0.75,0.15,beta,none
City-C,T3,10x,2000.0,S5_CityCalib,cross_regime,M_stress,650,True,5,2157.0,1532.1,467.9,0.2897,0.0,mean_0.75,6,0.75,0.15,beta,none
City-C,T3,10x,2000.0,S6_Q10,routine,M_routine,650,True,7,2063.5,2878.0,0.0,0.0,1.0,mean_0.75,6,0.75,0.15,beta,none
City-C,T3,10x,2000.0,S6_Q10,cross_regime,M_stress,650,True,7,2063.5,1989.9,10.1,0.0357,0.0,mean_0.75,6,0.75,0.15,beta,none
City-C,T4,1x,140.0,S0a_RoutineOracle,routine,M_routine,650,True,1,584.8,584.8,0.0,0.0,1.0,mean_0.75,6,0.75,0.15,beta,none
City-C,T4,1x,140.0,S0a_RoutineOracle,cross_regime,M_stress,650,True,1,584.8,459.7,0.0,0.214,1.0,mean_0.75,6,0.75,0.15,beta,none
City-C,T4,1x,140.0,S0b_StressOracle,routine,M_routine,650,True,1,459.7,584.8,0.0,0.0,1.0,mean_0.75,6,0.75,0.15,beta,none
City-C,T4,1x,140.0,S0b_StressOracle,cross_regime,M_stress,650,True,1,459.7,459.7,0.0,0.0,1.0,mean_0.75,6,0.75,0.15,beta,none
City-C,T4,1x,140.0,S1_CapRR,routine,M_routine,650,True,1,737.0,584.8,0.0,0.2066,1.0,mean_0.75,6,0.75,0.15,beta,none
City-C,T4,1x,140.0,S1_CapRR,cross_regime,M_stress,650,True,1,737.0,459.7,0.0,0.3764,1.0,mean_0.75,6,0.75,0.15,beta,none
City-C,T4,1x,140.0,S2_Platform,routine,M_routine,650,True,1,377.7,442.6,0.0,0.0,1.0,mean_0.75,6,0.75,0.15,beta,none
City-C,T4,1x,140.0,S2_Platform,cross_regime,M_stress,650,True,1,377.7,319.5,0.0,0.154,1.0,mean_0.75,6,0.75,0.15,beta,none
City-C,T4,1x,140.0,S3_Lin4,routine,M_routine,650,True,1,475.2,584.8,0.0,0.0,1.0,mean_0.75,6,0.75,0.15,beta,none
City-C,T4,1x,140.0,S3_Lin4,cross_regime,M_stress,650,True,1,475.2,459.7,0.0,0.0327,1.0,mean_0.75,6,0.75,0.15,beta,none
City-C,T4,1x,140.0,S4_GlobalCalib,routine,M_routine,650,True,1,556.0,584.8,0.0,0.0,1.0,mean_0.75,6,0.75,0.15,beta,none
City-C,T4,1x,140.0,S4_GlobalCalib,cross_regime,M_stress,650,True,1,556.0,459.7,0.0,0.1732,1.0,mean_0.75,6,0.75,0.15,beta,none
City-C,T4,1x,140.0,S5_CityCalib,routine,M_routine,650,True,1,557.6,584.8,0.0,0.0,1.0,mean_0.75,6,0.75,0.15,beta,none
City-C,T4,1x,140.0,S5_CityCalib,cross_regime,M_stress,650,True,1,557.6,459.7,0.0,0.1757,1.0,mean_0.75,6,0.75,0.15,beta,none
City-C,T4,1x,140.0,S6_Q10,routine,M_routine,650,True,1,394.8,584.8,0.0,0.0,1.0,mean_0.75,6,0.75,0.15,beta,none
City-C,T4,1x,140.0,S6_Q10,cross_regime,M_stress,650,True,1,394.8,459.7,0.0,0.0,1.0,mean_0.75,6,0.75,0.15,beta,none
City-C,T4,2x,280.0,S0a_RoutineOracle,routine,M_routine,650,True,1,584.8,584.8,0.0,0.0,1.0,mean_0.75,6,0.75,0.15,beta,none
City-C,T4,2x,280.0,S0a_RoutineOracle,cross_regime,M_stress,650,True,1,584.8,459.7,0.0,0.214,1.0,mean_0.75,6,0.75,0.15,beta,none
City-C,T4,2x,280.0,S0b_StressOracle,routine,M_routine,650,True,1,459.7,584.8,0.0,0.0,1.0,mean_0.75,6,0.75,0.15,beta,none
City-C,T4,2x,280.0,S0b_StressOracle,cross_regime,M_stress,650,True,1,459.7,459.7,0.0,0.0,1.0,mean_0.75,6,0.75,0.15,beta,none
City-C,T4,2x,280.0,S1_CapRR,routine,M_routine,650,True,1,737.0,584.8,0.0,0.2066,1.0,mean_0.75,6,0.75,0.15,beta,none
City-C,T4,2x,280.0,S1_CapRR,cross_regime,M_stress,650,True,1,737.0,459.7,0.0,0.3764,1.0,mean_0.75,6,0.75,0.15,beta,none
City-C,T4,2x,280.0,S2_Platform,routine,M_routine,650,True,1,377.7,442.6,0.0,0.0,1.0,mean_0.75,6,0.75,0.15,beta,none
City-C,T4,2x,280.0,S2_Platform,cross_regime,M_stress,650,True,1,377.7,319.5,0.0,0.154,1.0,mean_0.75,6,0.75,0.15,beta,none
City-C,T4,2x,280.0,S3_Lin4,routine,M_routine,650,True,1,475.2,584.8,0.0,0.0,1.0,mean_0.75,6,0.75,0.15,beta,none
City-C,T4,2x,280.0,S3_Lin4,cross_regime,M_stress,650,True,1,475.2,459.7,0.0,0.0327,1.0,mean_0.75,6,0.75,0.15,beta,none
City-C,T4,2x,280.0,S4_GlobalCalib,routine,M_routine,650,True,1,556.0,584.8,0.0,0.0,1.0,mean_0.75,6,0.75,0.15,beta,none
City-C,T4,2x,280.0,S4_GlobalCalib,cross_regime,M_stress,650,True,1,556.0,459.7,0.0,0.1732,1.0,mean_0.75,6,0.75,0.15,beta,none
City-C,T4,2x,280.0,S5_CityCalib,routine,M_routine,650,True,1,557.6,584.8,0.0,0.0,1.0,mean_0.75,6,0.75,0.15,beta,none
City-C,T4,2x,280.0,S5_CityCalib,cross_regime,M_stress,650,True,1,557.6,459.7,0.0,0.1757,1.0,mean_0.75,6,0.75,0.15,beta,none
City-C,T4,2x,280.0,S6_Q10,routine,M_routine,650,True,1,394.8,584.8,0.0,0.0,1.0,mean_0.75,6,0.75,0.15,beta,none
City-C,T4,2x,280.0,S6_Q10,cross_regime,M_stress,650,True,1,394.8,459.7,0.0,0.0,1.0,mean_0.75,6,0.75,0.15,beta,none
City-C,T4,5x,700.0,S0a_RoutineOracle,routine,M_routine,650,True,2,1117.9,1117.9,0.0,0.0,1.0,mean_0.75,6,0.75,0.15,beta,none
City-C,T4,5x,700.0,S0a_RoutineOracle,cross_regime,M_stress,650,True,2,1117.9,742.6,0.0,0.3357,1.0,mean_0.75,6,0.75,0.15,beta,none
City-C,T4,5x,700.0,S0b_StressOracle,routine,M_routine,650,True,2,853.9,738.8,0.0,0.1349,1.0,mean_0.75,6,0.75,0.15,beta,none
City-C,T4,5x,700.0,S0b_StressOracle,cross_regime,M_stress,650,True,2,853.9,853.9,0.0,0.0,1.0,mean_0.75,6,0.75,0.15,beta,none
City-C,T4,5x,700.0,S1_CapRR,routine,M_routine,650,True,1,737.0,584.8,115.2,0.2066,0.0,mean_0.75,6,0.75,0.15,beta,none
City-C,T4,5x,700.0,S1_CapRR,cross_regime,M_stress,650,True,1,737.0,459.7,240.3,0.3764,0.0,mean_0.75,6,0.75,0.15,beta,none
City-C,T4,5x,700.0,S2_Platform,routine,M_routine,650,True,2,738.2,969.8,0.0,0.0,1.0,mean_0.75,6,0.75,0.15,beta,none
City-C,T4,5x,700.0,S2_Platform,cross_regime,M_stress,650,True,2,738.2,666.9,33.1,0.0966,0.0,mean_0.75,6,0.75,0.15,beta,none
City-C,T4,5x,700.0,S3_Lin4,routine,M_routine,650,True,2,929.5,1112.0,0.0,0.0,1.0,mean_0.75,6,0.75,0.15,beta,none
City-C,T4,5x,700.0,S3_Lin4,cross_regime,M_stress,650,True,2,929.5,807.0,0.0,0.1317,1.0,mean_0.75,6,0.75,0.15,beta,none
City-C,T4,5x,700.0,S4_GlobalCalib,routine,M_routine,650,True,2,1085.8,1112.0,0.0,0.0,1.0,mean_0.75,6,0.75,0.15,beta,none
City-C,T4,5x,700.0,S4_GlobalCalib,cross_regime,M_stress,650,True,2,1085.8,807.0,0.0,0.2567,1.0,mean_0.75,6,0.75,0.15,beta,none
City-C,T4,5x,700.0,S5_CityCalib,routine,M_routine,650,True,2,1089.1,1112.0,0.0,0.0,1.0,mean_0.75,6,0.75,0.15,beta,none
City-C,T4,5x,700.0,S5_CityCalib,cross_regime,M_stress,650,True,2,1089.1,807.0,0.0,0.2589,1.0,mean_0.75,6,0.75,0.15,beta,none
City-C,T4,5x,700.0,S6_Q10,routine,M_routine,650,True,2,771.2,1112.0,0.0,0.0,1.0,mean_0.75,6,0.75,0.15,beta,none
City-C,T4,5x,700.0,S6_Q10,cross_regime,M_stress,650,True,2,771.2,807.0,0.0,0.0,1.0,mean_0.75,6,0.75,0.15,beta,none
City-C,T4,10x,1400.0,S0a_RoutineOracle,routine,M_routine,650,True,3,1645.1,1645.1,0.0,0.0,1.0,mean_0.75,6,0.75,0.15,beta,none
City-C,T4,10x,1400.0,S0a_RoutineOracle,cross_regime,M_stress,650,True,3,1645.1,1090.0,310.0,0.3374,0.0,mean_0.75,6,0.75,0.15,beta,none
City-C,T4,10x,1400.0,S0b_StressOracle,routine,M_routine,650,True,4,1542.9,1521.0,0.0,0.0142,1.0,mean_0.75,6,0.75,0.15,beta,none
City-C,T4,10x,1400.0,S0b_StressOracle,cross_regime,M_stress,650,True,4,1542.9,1542.9,0.0,0.0,1.0,mean_0.75,6,0.75,0.15,beta,none
City-C,T4,10x,1400.0,S1_CapRR,routine,M_routine,650,True,2,1439.5,1112.0,288.0,0.2276,0.0,mean_0.75,6,0.75,0.15,beta,none
City-C,T4,10x,1400.0,S1_CapRR,cross_regime,M_stress,650,True,2,1439.5,807.0,593.0,0.4394,0.0,mean_0.75,6,0.75,0.15,beta,none
City-C,T4,10x,1400.0,S2_Platform,routine,M_routine,650,True,4,1425.4,1825.5,0.0,0.0,1.0,mean_0.75,6,0.75,0.15,beta,none
City-C,T4,10x,1400.0,S2_Platform,cross_regime,M_stress,650,True,4,1425.4,1287.3,112.7,0.0969,0.0,mean_0.75,6,0.75,0.15,beta,none
City-C,T4,10x,1400.0,S3_Lin4,routine,M_routine,650,True,4,1808.9,1779.7,0.0,0.0161,1.0,mean_0.75,6,0.75,0.15,beta,none
City-C,T4,10x,1400.0,S3_Lin4,cross_regime,M_stress,650,True,4,1808.9,1403.2,0.0,0.2243,1.0,mean_0.75,6,0.75,0.15,beta,none
City-C,T4,10x,1400.0,S4_GlobalCalib,routine,M_routine,650,True,3,1569.5,1266.0,134.0,0.1934,0.0,mean_0.75,6,0.75,0.15,beta,none
City-C,T4,10x,1400.0,S4_GlobalCalib,cross_regime,M_stress,650,True,3,1569.5,1201.3,198.7,0.2346,0.0,mean_0.75,6,0.75,0.15,beta,none
City-C,T4,10x,1400.0,S5_CityCalib,routine,M_routine,650,True,3,1574.2,1266.0,134.0,0.1958,0.0,mean_0.75,6,0.75,0.15,beta,none
City-C,T4,10x,1400.0,S5_CityCalib,cross_regime,M_stress,650,True,3,1574.2,1201.3,198.7,0.2369,0.0,mean_0.75,6,0.75,0.15,beta,none
City-C,T4,10x,1400.0,S6_Q10,routine,M_routine,650,True,4,1428.5,1799.0,0.0,0.0,1.0,mean_0.75,6,0.75,0.15,beta,none
City-C,T4,10x,1400.0,S6_Q10,cross_regime,M_stress,650,True,4,1428.5,1484.3,0.0,0.0,1.0,mean_0.75,6,0.75,0.15,beta,none
City-C,T5,1x,160.0,S0a_RoutineOracle,routine,M_routine,650,True,1,560.2,560.2,0.0,0.0,1.0,mean_0.75,6,0.75,0.15,beta,none
City-C,T5,1x,160.0,S0a_RoutineOracle,cross_regime,M_stress,650,True,1,560.2,356.1,0.0,0.3643,1.0,mean_0.75,6,0.75,0.15,beta,none
City-C,T5,1x,160.0,S0b_StressOracle,routine,M_routine,650,True,1,376.0,368.4,0.0,0.0202,1.0,mean_0.75,6,0.75,0.15,beta,none
City-C,T5,1x,160.0,S0b_StressOracle,cross_regime,M_stress,650,True,1,376.0,376.0,0.0,0.0,1.0,mean_0.75,6,0.75,0.15,beta,none
City-C,T5,1x,160.0,S1_CapRR,routine,M_routine,650,True,1,648.6,368.4,0.0,0.432,1.0,mean_0.75,6,0.75,0.15,beta,none
City-C,T5,1x,160.0,S1_CapRR,cross_regime,M_stress,650,True,1,648.6,376.0,0.0,0.4203,1.0,mean_0.75,6,0.75,0.15,beta,none
City-C,T5,1x,160.0,S2_Platform,routine,M_routine,650,True,1,451.5,368.4,0.0,0.184,1.0,mean_0.75,6,0.75,0.15,beta,none
City-C,T5,1x,160.0,S2_Platform,cross_regime,M_stress,650,True,1,451.5,376.0,0.0,0.1672,1.0,mean_0.75,6,0.75,0.15,beta,none
City-C,T5,1x,160.0,S3_Lin4,routine,M_routine,650,True,1,459.2,368.4,0.0,0.1977,1.0,mean_0.75,6,0.75,0.15,beta,none
City-C,T5,1x,160.0,S3_Lin4,cross_regime,M_stress,650,True,1,459.2,376.0,0.0,0.1812,1.0,mean_0.75,6,0.75,0.15,beta,none
City-C,T5,1x,160.0,S4_GlobalCalib,routine,M_routine,650,True,1,487.7,368.4,0.0,0.2445,1.0,mean_0.75,6,0.75,0.15,beta,none
City-C,T5,1x,160.0,S4_GlobalCalib,cross_regime,M_stress,650,True,1,487.7,376.0,0.0,0.229,1.0,mean_0.75,6,0.75,0.15,beta,none
City-C,T5,1x,160.0,S5_CityCalib,routine,M_routine,650,True,1,487.6,368.4,0.0,0.2445,1.0,mean_0.75,6,0.75,0.15,beta,none
City-C,T5,1x,160.0,S5_CityCalib,cross_regime,M_stress,650,True,1,487.6,376.0,0.0,0.229,1.0,mean_0.75,6,0.75,0.15,beta,none
City-C,T5,1x,160.0,S6_Q10,routine,M_routine,650,True,1,347.9,368.4,0.0,0.0,1.0,mean_0.75,6,0.75,0.15,beta,none
City-C,T5,1x,160.0,S6_Q10,cross_regime,M_stress,650,True,1,347.9,376.0,0.0,0.0,1.0,mean_0.75,6,0.75,0.15,beta,none
City-C,T5,2x,320.0,S0a_RoutineOracle,routine,M_routine,650,True,1,560.2,560.2,0.0,0.0,1.0,mean_0.75,6,0.75,0.15,beta,none
City-C,T5,2x,320.0,S0a_RoutineOracle,cross_regime,M_stress,650,True,1,560.2,356.1,0.0,0.3643,1.0,mean_0.75,6,0.75,0.15,beta,none
City-C,T5,2x,320.0,S0b_StressOracle,routine,M_routine,650,True,1,376.0,368.4,0.0,0.0202,1.0,mean_0.75,6,0.75,0.15,beta,none
City-C,T5,2x,320.0,S0b_StressOracle,cross_regime,M_stress,650,True,1,376.0,376.0,0.0,0.0,1.0,mean_0.75,6,0.75,0.15,beta,none
City-C,T5,2x,320.0,S1_CapRR,routine,M_routine,650,True,1,648.6,368.4,0.0,0.432,1.0,mean_0.75,6,0.75,0.15,beta,none
City-C,T5,2x,320.0,S1_CapRR,cross_regime,M_stress,650,True,1,648.6,376.0,0.0,0.4203,1.0,mean_0.75,6,0.75,0.15,beta,none
City-C,T5,2x,320.0,S2_Platform,routine,M_routine,650,True,1,451.5,368.4,0.0,0.184,1.0,mean_0.75,6,0.75,0.15,beta,none
City-C,T5,2x,320.0,S2_Platform,cross_regime,M_stress,650,True,1,451.5,376.0,0.0,0.1672,1.0,mean_0.75,6,0.75,0.15,beta,none
City-C,T5,2x,320.0,S3_Lin4,routine,M_routine,650,True,1,459.2,368.4,0.0,0.1977,1.0,mean_0.75,6,0.75,0.15,beta,none
City-C,T5,2x,320.0,S3_Lin4,cross_regime,M_stress,650,True,1,459.2,376.0,0.0,0.1812,1.0,mean_0.75,6,0.75,0.15,beta,none
City-C,T5,2x,320.0,S4_GlobalCalib,routine,M_routine,650,True,1,487.7,368.4,0.0,0.2445,1.0,mean_0.75,6,0.75,0.15,beta,none
City-C,T5,2x,320.0,S4_GlobalCalib,cross_regime,M_stress,650,True,1,487.7,376.0,0.0,0.229,1.0,mean_0.75,6,0.75,0.15,beta,none
City-C,T5,2x,320.0,S5_CityCalib,routine,M_routine,650,True,1,487.6,368.4,0.0,0.2445,1.0,mean_0.75,6,0.75,0.15,beta,none
City-C,T5,2x,320.0,S5_CityCalib,cross_regime,M_stress,650,True,1,487.6,376.0,0.0,0.229,1.0,mean_0.75,6,0.75,0.15,beta,none
City-C,T5,2x,320.0,S6_Q10,routine,M_routine,650,True,1,347.9,368.4,0.0,0.0,1.0,mean_0.75,6,0.75,0.15,beta,none
City-C,T5,2x,320.0,S6_Q10,cross_regime,M_stress,650,True,1,347.9,376.0,0.0,0.0,1.0,mean_0.75,6,0.75,0.15,beta,none
City-C,T5,5x,800.0,S0a_RoutineOracle,routine,M_routine,650,True,2,996.0,996.0,0.0,0.0,1.0,mean_0.75,6,0.75,0.15,beta,none
City-C,T5,5x,800.0,S0a_RoutineOracle,cross_regime,M_stress,650,True,2,996.0,642.6,157.4,0.3548,0.0,mean_0.75,6,0.75,0.15,beta,none
City-C,T5,5x,800.0,S0b_StressOracle,routine,M_routine,650,True,3,1053.6,1256.0,0.0,0.0,1.0,mean_0.75,6,0.75,0.15,beta,none
City-C,T5,5x,800.0,S0b_StressOracle,cross_regime,M_stress,650,True,3,1053.6,1053.6,0.0,0.0,1.0,mean_0.75,6,0.75,0.15,beta,none
City-C,T5,5x,800.0,S1_CapRR,routine,M_routine,650,True,2,1266.8,928.6,0.0,0.267,1.0,mean_0.75,6,0.75,0.15,beta,none
City-C,T5,5x,800.0,S1_CapRR,cross_regime,M_stress,650,True,2,1266.8,732.1,67.9,0.4221,0.0,mean_0.75,6,0.75,0.15,beta,none
City-C,T5,5x,800.0,S2_Platform,routine,M_routine,650,True,2,882.9,749.6,50.4,0.151,0.0,mean_0.75,6,0.75,0.15,beta,none
City-C,T5,5x,800.0,S2_Platform,cross_regime,M_stress,650,True,2,882.9,572.1,227.9,0.352,0.0,mean_0.75,6,0.75,0.15,beta,none
City-C,T5,5x,800.0,S3_Lin4,routine,M_routine,650,True,2,896.4,928.6,0.0,0.0,1.0,mean_0.75,6,0.75,0.15,beta,none
City-C,T5,5x,800.0,S3_Lin4,cross_regime,M_stress,650,True,2,896.4,732.1,67.9,0.1833,0.0,mean_0.75,6,0.75,0.15,beta,none
City-C,T5,5x,800.0,S4_GlobalCalib,routine,M_routine,650,True,2,952.4,928.6,0.0,0.025,1.0,mean_0.75,6,0.75,0.15,beta,none
City-C,T5,5x,800.0,S4_GlobalCalib,cross_regime,M_stress,650,True,2,952.4,732.1,67.9,0.2313,0.0,mean_0.75,6,0.75,0.15,beta,none
City-C,T5,5x,800.0,S5_CityCalib,routine,M_routine,650,True,2,952.4,928.6,0.0,0.025,1.0,mean_0.75,6,0.75,0.15,beta,none
City-C,T5,5x,800.0,S5_CityCalib,cross_regime,M_stress,650,True,2,952.4,732.1,67.9,0.2313,0.0,mean_0.75,6,0.75,0.15,beta,none
City-C,T5,5x,800.0,S6_Q10,routine,M_routine,650,True,3,982.4,1325.1,0.0,0.0,1.0,mean_0.75,6,0.75,0.15,beta,none
City-C,T5,5x,800.0,S6_Q10,cross_regime,M_stress,650,True,3,982.4,1043.1,0.0,0.0,1.0,mean_0.75,6,0.75,0.15,beta,none
City-C,T5,10x,1600.0,S0a_RoutineOracle,routine,M_routine,650,True,4,1839.0,1839.0,0.0,0.0,1.0,mean_0.75,6,0.75,0.15,beta,none
City-C,T5,10x,1600.0,S0a_RoutineOracle,cross_regime,M_stress,650,True,4,1839.0,1090.4,509.6,0.4071,0.0,mean_0.75,6,0.75,0.15,beta,none
City-C,T5,10x,1600.0,S0b_StressOracle,routine,M_routine,650,True,5,1651.2,2088.4,0.0,0.0,1.0,mean_0.75,6,0.75,0.15,beta,none
City-C,T5,10x,1600.0,S0b_StressOracle,cross_regime,M_stress,650,True,5,1651.2,1651.2,0.0,0.0,1.0,mean_0.75,6,0.75,0.15,beta,none
City-C,T5,10x,1600.0,S1_CapRR,routine,M_routine,650,True,3,1831.4,1325.1,274.9,0.2764,0.0,mean_0.75,6,0.75,0.15,beta,none
City-C,T5,10x,1600.0,S1_CapRR,cross_regime,M_stress,650,True,3,1831.4,1043.1,556.9,0.4304,0.0,mean_0.75,6,0.75,0.15,beta,none
City-C,T5,10x,1600.0,S2_Platform,routine,M_routine,650,True,4,1670.1,1407.0,193.0,0.1575,0.0,mean_0.75,6,0.75,0.15,beta,none
City-C,T5,10x,1600.0,S2_Platform,cross_regime,M_stress,650,True,4,1670.1,1025.6,574.4,0.3859,0.0,mean_0.75,6,0.75,0.15,beta,none
City-C,T5,10x,1600.0,S3_Lin4,routine,M_routine,650,True,4,1754.4,1648.6,0.0,0.0603,1.0,mean_0.75,6,0.75,0.15,beta,none
City-C,T5,10x,1600.0,S3_Lin4,cross_regime,M_stress,650,True,4,1754.4,1278.4,321.6,0.2713,0.0,mean_0.75,6,0.75,0.15,beta,none
City-C,T5,10x,1600.0,S4_GlobalCalib,routine,M_routine,650,True,4,1763.9,1652.6,0.0,0.0631,1.0,mean_0.75,6,0.75,0.15,beta,none
City-C,T5,10x,1600.0,S4_GlobalCalib,cross_regime,M_stress,650,True,4,1763.9,1364.6,235.4,0.2263,0.0,mean_0.75,6,0.75,0.15,beta,none
City-C,T5,10x,1600.0,S5_CityCalib,routine,M_routine,650,True,4,1763.9,1652.6,0.0,0.0631,1.0,mean_0.75,6,0.75,0.15,beta,none
City-C,T5,10x,1600.0,S5_CityCalib,cross_regime,M_stress,650,True,4,1763.9,1364.6,235.4,0.2264,0.0,mean_0.75,6,0.75,0.15,beta,none
City-C,T5,10x,1600.0,S6_Q10,routine,M_routine,650,True,6,1800.4,2469.6,0.0,0.0,1.0,mean_0.75,6,0.75,0.15,beta,none
City-C,T5,10x,1600.0,S6_Q10,cross_regime,M_stress,650,True,6,1800.4,1847.3,0.0,0.0,1.0,mean_0.75,6,0.75,0.15,beta,none
