city,task_id,p_req_level,p_req,strategy,regime,eval_outcome,pool_size,pool_feasible,n_selected,p_commit,p_deliv,shortfall,ocr,success,config_name,seed_id,xi_mean,xi_std,xi_dist,xi_persistence
City-A,T1,1x,180.0,S0a_RoutineOracle,routine,M_routine,800,True,1,438.8,438.8,0.0,0.0,1.0,std_0.05,5,0.67,0.05,beta,none
City-A,T1,1x,180.0,S0a_RoutineOracle,cross_regime,M_stress,800,True,1,438.8,261.4,0.0,0.4042,1.0,std_0.05,5,0.67,0.05,beta,none
City-A,T1,1x,180.0,S0b_StressOracle,routine,M_routine,800,True,1,261.4,438.8,0.0,0.0,1.0,std_0.05,5,0.67,0.05,beta,none
City-A,T1,1x,180.0,S0b_StressOracle,cross_regime,M_stress,800,True,1,261.4,261.4,0.0,0.0,1.0,std_0.05,5,0.67,0.05,beta,none
City-A,T1,1x,180.0,S1_CapRR,routine,M_routine,800,True,1,678.2,438.8,0.0,0.353,1.0,std_0.05,5,0.67,0.05,beta,none
City-A,T1,1x,180.0,S1_CapRR,cross_regime,M_stress,800,True,1,678.2,261.4,0.0,0.6145,1.0,std_0.05,5,0.67,0.05,beta,none
City-A,T1,1x,180.0,S2_Platform,routine,M_routine,800,True,1,421.1,438.8,0.0,0.0,1.0,std_0.05,5,0.67,0.05,beta,none
City-A,T1,1x,180.0,S2_Platform,cross_regime,M_stress,800,True,1,421.1,261.4,0.0,0.3792,1.0,std_0.05,5,0.67,0.05,beta,none
City-A,T1,1x,180.0,S3_Lin4,routine,M_routine,800,True,1,488.5,438.8,0.0,0.1017,1.0,std_0.05,5,0.67,0.05,beta,none
City-A,T1,1x,180.0,S3_Lin4,cross_regime,M_stress,800,True,1,488.5,261.4,0.0,0.4649,1.0,std_0.05,5,0.67,0.05,beta,none
City-A,T1,1x,180.0,S4_GlobalCalib,routine,M_routine,800,True,1,450.9,438.8,0.0,0.0269,1.0,std_0.05,5,0.67,0.05,beta,none
City-A,T1,1x,180.0,S4_GlobalCalib,cross_regime,M_stress,800,True,1,450.9,261.4,0.0,0.4203,1.0,std_0.05,5,0.67,0.05,beta,none
City-A,T1,1x,180.0,S5_CityCalib,routine,M_routine,800,True,1,451.3,438.8,0.0,0.0278,1.0,std_0.05,5,0.67,0.05,beta,none
City-A,T1,1x,180.0,S5_CityCalib,cross_regime,M_stress,800,True,1,451.3,261.4,0.0,0.4208,1.0,std_0.05,5,0.67,0.05,beta,none
City-A,T1,1x,180.0,S6_Q10,routine,M_routine,800,True,1,406.8,438.8,0.0,0.0,1.0,std_0.05,5,0.67,0.05,beta,none
City-A,T1,1x,180.0,S6_Q10,cross_regime,M_stress,800,True,1,406.8,261.4,0.0,0.3575,1.0,std_0.05,5,0.67,0.05,beta,none
City-A,T1,2x,360.0,S0a_RoutineOracle,routine,M_routine,800,True,1,438.8,438.8,0.0,0.0,1.0,std_0.05,5,0.67,0.05,beta,none
City-A,T1,2x,360.0,S0a_RoutineOracle,cross_regime,M_stress,800,True,1,438.8,261.4,98.6,0.4042,0.0,std_0.05,5,0.67,0.05,beta,none
City-A,T1,2x,360.0,S0b_StressOracle,routine,M_routine,800,True,2,517.4,772.1,0.0,0.0,1.0,std_0.05,5,0.67,0.05,beta,none
City-A,T1,2x,360.0,S0b_StressOracle,cross_regime,M_stress,800,True,2,517.4,517.4,0.0,0.0,1.0,std_0.05,5,0.67,0.05,beta,none
City-A,T1,2x,360.0,S1_CapRR,routine,M_routine,800,True,1,678.2,438.8,0.0,0.353,1.0,std_0.05,5,0.67,0.05,beta,none
City-A,T1,2x,360.0,S1_CapRR,cross_regime,M_stress,800,True,1,678.2,261.4,98.6,0.6145,0.0,std_0.05,5,0.67,0.05,beta,none
City-A,T1,2x,360.0,S2_Platform,routine,M_routine,800,True,1,421.1,438.8,0.0,0.0,1.0,std_0.05,5,0.67,0.05,beta,none
City-A,T1,2x,360.0,S2_Platform,cross_regime,M_stress,800,True,1,421.1,261.4,98.6,0.3792,0.0,std_0.05,5,0.67,0.05,beta,none
City-A,T1,2x,360.0,S3_Lin4,routine,M_routine,800,True,1,488.5,438.8,0.0,0.1017,1.0,std_0.05,5,0.67,0.05,beta,none
City-A,T1,2x,360.0,S3_Lin4,cross_regime,M_stress,800,True,1,488.5,261.4,98.6,0.4649,0.0,std_0.05,5,0.67,0.05,beta,none
City-A,T1,2x,360.0,S4_GlobalCalib,routine,M_routine,800,True,1,450.9,438.8,0.0,0.0269,1.0,std_0.05,5,0.67,0.05,beta,none
City-A,T1,2x,360.0,S4_GlobalCalib,cross_regime,M_stress,800,True,1,450.9,261.4,98.6,0.4203,0.0,std_0.05,5,0.67,0.05,beta,none
City-A,T1,2x,360.0,S5_CityCalib,routine,M_routine,800,True,1,451.3,438.8,0.0,0.0278,1.0,std_0.05,5,0.67,0.05,beta,none
City-A,T1,2x,360.0,S5_CityCalib,cross_regime,M_stress,800,True,1,451.3,261.4,98.6,0.4208,0.0,std_0.05,5,0.67,0.05,beta,none
City-A,T1,2x,360.0,S6_Q10,routine,M_routine,800,True,1,406.8,438.8,0.0,0.0,1.0,std_0.05,5,0.67,0.05,beta,none
City-A,T1,2x,360.0,S6_Q10,cross_regime,M_stress,800,True,1,406.8,261.4,98.6,0.3575,0.0,std_0.05,5,0.67,0.05,beta,none
City-A,T1,5x,900.0,S0a_RoutineOracle,routine,M_routine,800,True,3,1249.3,1249.3,0.0,0.0,1.0,std_0.05,5,0.67,0.05,beta,none
City-A,T1,5x,900.0,S0a_RoutineOracle,cross_regime,M_stress,800,True,3,1249.3,749.3,150.7,0.4002,0.0,std_0.05,5,0.67,0.05,beta,none
City-A,T1,5x,900.0,S0b_StressOracle,routine,M_routine,800,True,4,1026.6,1505.4,0.0,0.0,1.0,std_0.05,5,0.67,0.05,beta,none
City-A,T1,5x,900.0,S0b_StressOracle,cross_regime,M_stress,800,True,4,1026.6,1026.6,0.0,0.0,1.0,std_0.05,5,0.67,0.05,beta,none
City-A,T1,5x,900.0,S1_CapRR,routine,M_routine,800,True,2,1293.4,843.1,56.9,0.3481,0.0,std_0.05,5,0.67,0.05,beta,none
City-A,T1,5x,900.0,S1_CapRR,cross_regime,M_stress,800,True,2,1293.4,505.0,395.0,0.6095,0.0,std_0.05,5,0.67,0.05,beta,none
City-A,T1,5x,900.0,S2_Platform,routine,M_routine,800,True,3,1202.1,1193.5,0.0,0.0071,1.0,std_0.05,5,0.67,0.05,beta,none
City-A,T1,5x,900.0,S2_Platform,cross_regime,M_stress,800,True,3,1202.1,732.1,167.9,0.391,0.0,std_0.05,5,0.67,0.05,beta,none
City-A,T1,5x,900.0,S3_Lin4,routine,M_routine,800,True,3,1252.2,1177.4,0.0,0.0597,1.0,std_0.05,5,0.67,0.05,beta,none
City-A,T1,5x,900.0,S3_Lin4,cross_regime,M_stress,800,True,3,1252.2,747.8,152.2,0.4028,0.0,std_0.05,5,0.67,0.05,beta,none
City-A,T1,5x,900.0,S4_GlobalCalib,routine,M_routine,800,True,3,1256.6,1249.3,0.0,0.0058,1.0,std_0.05,5,0.67,0.05,beta,none
City-A,T1,5x,900.0,S4_GlobalCalib,cross_regime,M_stress,800,True,3,1256.6,749.3,150.7,0.4037,0.0,std_0.05,5,0.67,0.05,beta,none
City-A,T1,5x,900.0,S5_CityCalib,routine,M_routine,800,True,3,1257.7,1249.3,0.0,0.0067,1.0,std_0.05,5,0.67,0.05,beta,none
City-A,T1,5x,900.0,S5_CityCalib,cross_regime,M_stress,800,True,3,1257.7,749.3,150.7,0.4042,0.0,std_0.05,5,0.67,0.05,beta,none
City-A,T1,5x,900.0,S6_Q10,routine,M_routine,800,True,3,1133.6,1249.3,0.0,0.0,1.0,std_0.05,5,0.67,0.05,beta,none
City-A,T1,5x,900.0,S6_Q10,cross_regime,M_stress,800,True,3,1133.6,749.3,150.7,0.3391,0.0,std_0.05,5,0.67,0.05,beta,none
City-A,T1,10x,1800.0,S0a_RoutineOracle,routine,M_routine,800,True,5,1982.8,1982.8,0.0,0.0,1.0,std_0.05,5,0.67,0.05,beta,none
City-A,T1,10x,1800.0,S0a_RoutineOracle,cross_regime,M_stress,800,True,5,1982.8,1192.1,607.9,0.3988,0.0,std_0.05,5,0.67,0.05,beta,none
City-A,T1,10x,1800.0,S0b_StressOracle,routine,M_routine,800,True,8,1983.6,2998.8,0.0,0.0,1.0,std_0.05,5,0.67,0.05,beta,none
City-A,T1,10x,1800.0,S0b_StressOracle,cross_regime,M_stress,800,True,8,1983.6,1983.6,0.0,0.0,1.0,std_0.05,5,0.67,0.05,beta,none
City-A,T1,10x,1800.0,S1_CapRR,routine,M_routine,800,True,3,1889.7,1249.3,550.7,0.3389,0.0,std_0.05,5,0.67,0.05,beta,none
City-A,T1,10x,1800.0,S1_CapRR,cross_regime,M_stress,800,True,3,1889.7,749.3,1050.7,0.6035,0.0,std_0.05,5,0.67,0.05,beta,none
City-A,T1,10x,1800.0,S2_Platform,routine,M_routine,800,True,5,1914.5,1879.5,0.0,0.0183,1.0,std_0.05,5,0.67,0.05,beta,none
City-A,T1,10x,1800.0,S2_Platform,cross_regime,M_stress,800,True,5,1914.5,1176.6,623.4,0.3854,0.0,std_0.05,5,0.67,0.05,beta,none
City-A,T1,10x,1800.0,S3_Lin4,routine,M_routine,800,True,5,1969.6,1962.6,0.0,0.0035,1.0,std_0.05,5,0.67,0.05,beta,none
City-A,T1,10x,1800.0,S3_Lin4,cross_regime,M_stress,800,True,5,1969.6,1245.7,554.3,0.3675,0.0,std_0.05,5,0.67,0.05,beta,none
City-A,T1,10x,1800.0,S4_GlobalCalib,routine,M_routine,800,True,5,2019.9,1963.5,0.0,0.0279,1.0,std_0.05,5,0.67,0.05,beta,none
City-A,T1,10x,1800.0,S4_GlobalCalib,cross_regime,M_stress,800,True,5,2019.9,1259.6,540.4,0.3764,0.0,std_0.05,5,0.67,0.05,beta,none
City-A,T1,10x,1800.0,S5_CityCalib,routine,M_routine,800,True,5,2021.6,1963.5,0.0,0.0287,1.0,std_0.05,5,0.67,0.05,beta,none
City-A,T1,10x,1800.0,S5_CityCalib,cross_regime,M_stress,800,True,5,2021.6,1259.6,540.4,0.3769,0.0,std_0.05,5,0.67,0.05,beta,none
City-A,T1,10x,1800.0,S6_Q10,routine,M_routine,800,True,5,1822.1,1963.5,0.0,0.0,1.0,std_0.05,5,0.67,0.05,beta,none
City-A,T1,10x,1800.0,S6_Q10,cross_regime,M_stress,800,True,5,1822.1,1259.6,540.4,0.3087,0.0,std_0.05,5,0.67,0.05,beta,none
City-A,T2,1x,260.0,S0a_RoutineOracle,routine,M_routine,800,True,1,463.5,463.5,0.0,0.0,1.0,std_0.05,5,0.67,0.05,beta,none
City-A,T2,1x,260.0,S0a_RoutineOracle,cross_regime,M_stress,800,True,1,463.5,306.3,0.0,0.3392,1.0,std_0.05,5,0.67,0.05,beta,none
City-A,T2,1x,260.0,S0b_StressOracle,routine,M_routine,800,True,1,306.3,463.5,0.0,0.0,1.0,std_0.05,5,0.67,0.05,beta,none
City-A,T2,1x,260.0,S0b_StressOracle,cross_regime,M_stress,800,True,1,306.3,306.3,0.0,0.0,1.0,std_0.05,5,0.67,0.05,beta,none
City-A,T2,1x,260.0,S1_CapRR,routine,M_routine,800,True,1,678.2,463.5,0.0,0.3165,1.0,std_0.05,5,0.67,0.05,beta,none
City-A,T2,1x,260.0,S1_CapRR,cross_regime,M_stress,800,True,1,678.2,306.3,0.0,0.5483,1.0,std_0.05,5,0.67,0.05,beta,none
City-A,T2,1x,260.0,S2_Platform,routine,M_routine,800,True,1,441.1,463.5,0.0,0.0,1.0,std_0.05,5,0.67,0.05,beta,none
City-A,T2,1x,260.0,S2_Platform,cross_regime,M_stress,800,True,1,441.1,306.3,0.0,0.3056,1.0,std_0.05,5,0.67,0.05,beta,none
City-A,T2,1x,260.0,S3_Lin4,routine,M_routine,800,True,1,484.8,463.5,0.0,0.0439,1.0,std_0.05,5,0.67,0.05,beta,none
City-A,T2,1x,260.0,S3_Lin4,cross_regime,M_stress,800,True,1,484.8,306.3,0.0,0.3682,1.0,std_0.05,5,0.67,0.05,beta,none
City-A,T2,1x,260.0,S4_GlobalCalib,routine,M_routine,800,True,1,448.9,463.5,0.0,0.0,1.0,std_0.05,5,0.67,0.05,beta,none
City-A,T2,1x,260.0,S4_GlobalCalib,cross_regime,M_stress,800,True,1,448.9,306.3,0.0,0.3177,1.0,std_0.05,5,0.67,0.05,beta,none
City-A,T2,1x,260.0,S5_CityCalib,routine,M_routine,800,True,1,451.8,463.5,0.0,0.0,1.0,std_0.05,5,0.67,0.05,beta,none
City-A,T2,1x,260.0,S5_CityCalib,cross_regime,M_stress,800,True,1,451.8,306.3,0.0,0.322,1.0,std_0.05,5,0.67,0.05,beta,none
City-A,T2,1x,260.0,S6_Q10,routine,M_routine,800,True,1,406.8,463.5,0.0,0.0,1.0,std_0.05,5,0.67,0.05,beta,none
City-A,T2,1x,260.0,S6_Q10,cross_regime,M_stress,800,True,1,406.8,306.3,0.0,0.247,1.0,std_0.05,5,0.67,0.05,beta,none
City-A,T2,2x,520.0,S0a_RoutineOracle,routine,M_routine,800,True,2,899.8,899.8,0.0,0.0,1.0,std_0.05,5,0.67,0.05,beta,none
City-A,T2,2x,520.0,S0a_RoutineOracle,cross_regime,M_stress,800,True,2,899.8,561.3,0.0,0.3762,1.0,std_0.05,5,0.67,0.05,beta,none
City-A,T2,2x,520.0,S0b_StressOracle,routine,M_routine,800,True,2,584.5,859.7,0.0,0.0,1.0,std_0.05,5,0.67,0.05,beta,none
City-A,T2,2x,520.0,S0b_StressOracle,cross_regime,M_stress,800,True,2,584.5,584.5,0.0,0.0,1.0,std_0.05,5,0.67,0.05,beta,none
City-A,T2,2x,520.0,S1_CapRR,routine,M_routine,800,True,1,678.2,463.5,56.5,0.3165,0.0,std_0.05,5,0.67,0.05,beta,none
City-A,T2,2x,520.0,S1_CapRR,cross_regime,M_stress,800,True,1,678.2,306.3,213.7,0.5483,0.0,std_0.05,5,0.67,0.05,beta,none
City-A,T2,2x,520.0,S2_Platform,routine,M_routine,800,True,2,849.9,899.8,0.0,0.0,1.0,std_0.05,5,0.67,0.05,beta,none
City-A,T2,2x,520.0,S2_Platform,cross_regime,M_stress,800,True,2,849.9,561.3,0.0,0.3395,1.0,std_0.05,5,0.67,0.05,beta,none
City-A,T2,2x,520.0,S3_Lin4,routine,M_routine,800,True,2,866.5,859.7,0.0,0.0077,1.0,std_0.05,5,0.67,0.05,beta,none
City-A,T2,2x,520.0,S3_Lin4,cross_regime,M_stress,800,True,2,866.5,584.5,0.0,0.3254,1.0,std_0.05,5,0.67,0.05,beta,none
City-A,T2,2x,520.0,S4_GlobalCalib,routine,M_routine,800,True,2,856.2,899.8,0.0,0.0,1.0,std_0.05,5,0.67,0.05,beta,none
City-A,T2,2x,520.0,S4_GlobalCalib,cross_regime,M_stress,800,True,2,856.2,561.3,0.0,0.3444,1.0,std_0.05,5,0.67,0.05,beta,none
City-A,T2,2x,520.0,S5_CityCalib,routine,M_routine,800,True,2,861.7,899.8,0.0,0.0,1.0,std_0.05,5,0.67,0.05,beta,none
City-A,T2,2x,520.0,S5_CityCalib,cross_regime,M_stress,800,True,2,861.7,561.3,0.0,0.3486,1.0,std_0.05,5,0.67,0.05,beta,none
City-A,T2,2x,520.0,S6_Q10,routine,M_routine,800,True,2,775.8,899.8,0.0,0.0,1.0,std_0.05,5,0.67,0.05,beta,none
City-A,T2,2x,520.0,S6_Q10,cross_regime,M_stress,800,True,2,775.8,561.3,0.0,0.2765,1.0,std_0.05,5,0.67,0.05,beta,none
City-A,T2,5x,1300.0,S0a_RoutineOracle,routine,M_routine,800,True,3,1333.9,1333.9,0.0,0.0,1.0,std_0.05,5,0.67,0.05,beta,none
City-A,T2,5x,1300.0,S0a_RoutineOracle,cross_regime,M_stress,800,True,3,1333.9,796.1,503.9,0.4032,0.0,std_0.05,5,0.67,0.05,beta,none
City-A,T2,5x,1300.0,S0b_StressOracle,routine,M_routine,800,True,5,1327.5,1972.3,0.0,0.0,1.0,std_0.05,5,0.67,0.05,beta,none
City-A,T2,5x,1300.0,S0b_StressOracle,cross_regime,M_stress,800,True,5,1327.5,1327.5,0.0,0.0,1.0,std_0.05,5,0.67,0.05,beta,none
City-A,T2,5x,1300.0,S1_CapRR,routine,M_routine,800,True,3,1889.7,1296.0,4.0,0.3141,0.0,std_0.05,5,0.67,0.05,beta,none
City-A,T2,5x,1300.0,S1_CapRR,cross_regime,M_stress,800,True,3,1889.7,839.6,460.4,0.5557,0.0,std_0.05,5,0.67,0.05,beta,none
City-A,T2,5x,1300.0,S2_Platform,routine,M_routine,800,True,4,1596.5,1671.5,0.0,0.0,1.0,std_0.05,5,0.67,0.05,beta,none
City-A,T2,5x,1300.0,S2_Platform,cross_regime,M_stress,800,True,4,1596.5,1035.7,264.3,0.3513,0.0,std_0.05,5,0.67,0.05,beta,none
City-A,T2,5x,1300.0,S3_Lin4,routine,M_routine,800,True,4,1599.6,1682.4,0.0,0.0,1.0,std_0.05,5,0.67,0.05,beta,none
City-A,T2,5x,1300.0,S3_Lin4,cross_regime,M_stress,800,True,4,1599.6,1065.5,234.5,0.3339,0.0,std_0.05,5,0.67,0.05,beta,none
City-A,T2,5x,1300.0,S4_GlobalCalib,routine,M_routine,800,True,4,1636.8,1661.7,0.0,0.0,1.0,std_0.05,5,0.67,0.05,beta,none
City-A,T2,5x,1300.0,S4_GlobalCalib,cross_regime,M_stress,800,True,4,1636.8,1059.1,240.9,0.353,0.0,std_0.05,5,0.67,0.05,beta,none
City-A,T2,5x,1300.0,S5_CityCalib,routine,M_routine,800,True,4,1647.0,1661.7,0.0,0.0,1.0,std_0.05,5,0.67,0.05,beta,none
City-A,T2,5x,1300.0,S5_CityCalib,cross_regime,M_stress,800,True,4,1647.0,1059.1,240.9,0.357,0.0,std_0.05,5,0.67,0.05,beta,none
City-A,T2,5x,1300.0,S6_Q10,routine,M_routine,800,True,4,1482.8,1661.7,0.0,0.0,1.0,std_0.05,5,0.67,0.05,beta,none
City-A,T2,5x,1300.0,S6_Q10,cross_regime,M_stress,800,True,4,1482.8,1059.1,240.9,0.2858,0.0,std_0.05,5,0.67,0.05,beta,none
City-A,T2,10x,2600.0,S0a_RoutineOracle,routine,M_routine,800,True,7,2831.7,2831.7,0.0,0.0,1.0,std_0.05,5,0.67,0.05,beta,none
City-A,T2,10x,2600.0,S0a_RoutineOracle,cross_regime,M_stress,800,True,7,2831.7,1728.8,871.2,0.3895,0.0,std_0.05,5,0.67,0.05,beta,none
City-A,T2,10x,2600.0,S0b_StressOracle,routine,M_routine,800,True,11,2665.7,4099.6,0.0,0.0,1.0,std_0.05,5,0.67,0.05,beta,none
City-A,T2,10x,2600.0,S0b_StressOracle,cross_regime,M_stress,800,True,11,2665.7,2665.7,0.0,0.0,1.0,std_0.05,5,0.67,0.05,beta,none
City-A,T2,10x,2600.0,S1_CapRR,routine,M_routine,800,True,5,3037.3,2095.8,504.2,0.31,0.0,std_0.05,5,0.67,0.05,beta,none
City-A,T2,10x,2600.0,S1_CapRR,cross_regime,M_stress,800,True,5,3037.3,1293.9,1306.1,0.574,0.0,std_0.05,5,0.67,0.05,beta,none
City-A,T2,10x,2600.0,S2_Platform,routine,M_routine,800,True,7,2630.1,2698.2,0.0,0.0,1.0,std_0.05,5,0.67,0.05,beta,none
City-A,T2,10x,2600.0,S2_Platform,cross_regime,M_stress,800,True,7,2630.1,1713.9,886.1,0.3484,0.0,std_0.05,5,0.67,0.05,beta,none
City-A,T2,10x,2600.0,S3_Lin4,routine,M_routine,800,True,7,2643.9,2816.4,0.0,0.0,1.0,std_0.05,5,0.67,0.05,beta,none
City-A,T2,10x,2600.0,S3_Lin4,cross_regime,M_stress,800,True,7,2643.9,1687.3,912.7,0.3618,0.0,std_0.05,5,0.67,0.05,beta,none
City-A,T2,10x,2600.0,S4_GlobalCalib,routine,M_routine,800,True,7,2707.2,2819.8,0.0,0.0,1.0,std_0.05,5,0.67,0.05,beta,none
City-A,T2,10x,2600.0,S4_GlobalCalib,cross_regime,M_stress,800,True,7,2707.2,1759.3,840.7,0.3501,0.0,std_0.05,5,0.67,0.05,beta,none
City-A,T2,10x,2600.0,S5_CityCalib,routine,M_routine,800,True,7,2723.9,2819.8,0.0,0.0,1.0,std_0.05,5,0.67,0.05,beta,none
City-A,T2,10x,2600.0,S5_CityCalib,cross_regime,M_stress,800,True,7,2723.9,1759.3,840.7,0.3541,0.0,std_0.05,5,0.67,0.05,beta,none
City-A,T2,10x,2600.0,S6_Q10,routine,M_routine,800,True,8,2760.5,3144.2,0.0,0.0,1.0,std_0.05,5,0.67,0.05,beta,none
City-A,T2,10x,2600.0,S6_Q10,cross_regime,M_stress,800,True,8,2760.5,1989.0,611.0,0.2795,0.0,std_0.05,5,0.67,0.05,beta,none
City-A,T3,1x,200.0,S0a_RoutineOracle,routine,M_routine,800,True,1,368.6,368.6,0.0,0.0,1.0,std_0.05,5,0.67,0.05,beta,none
City-A,T3,1x,200.0,S0a_RoutineOracle,cross_regime,M_stress,800,True,1,368.6,302.7,0.0,0.1788,1.0,std_0.05,5,0.67,0.05,beta,none
City-A,T3,1x,200.0,S0b_StressOracle,routine,M_routine,800,True,1,302.7,368.6,0.0,0.0,1.0,std_0.05,5,0.67,0.05,beta,none
City-A,T3,1x,200.0,S0b_StressOracle,cross_regime,M_stress,800,True,1,302.7,302.7,0.0,0.0,1.0,std_0.05,5,0.67,0.05,beta,none
City-A,T3,1x,200.0,S1_CapRR,routine,M_routine,800,True,1,596.8,368.6,0.0,0.3824,1.0,std_0.05,5,0.67,0.05,beta,none
City-A,T3,1x,200.0,S1_CapRR,cross_regime,M_stress,800,True,1,596.8,302.7,0.0,0.4928,1.0,std_0.05,5,0.67,0.05,beta,none
City-A,T3,1x,200.0,S2_Platform,routine,M_routine,800,True,1,470.7,368.6,0.0,0.2169,1.0,std_0.05,5,0.67,0.05,beta,none
City-A,T3,1x,200.0,S2_Platform,cross_regime,M_stress,800,True,1,470.7,302.7,0.0,0.3569,1.0,std_0.05,5,0.67,0.05,beta,none
City-A,T3,1x,200.0,S3_Lin4,routine,M_routine,800,True,1,484.0,368.6,0.0,0.2385,1.0,std_0.05,5,0.67,0.05,beta,none
City-A,T3,1x,200.0,S3_Lin4,cross_regime,M_stress,800,True,1,484.0,302.7,0.0,0.3747,1.0,std_0.05,5,0.67,0.05,beta,none
City-A,T3,1x,200.0,S4_GlobalCalib,routine,M_routine,800,True,1,395.3,368.6,0.0,0.0675,1.0,std_0.05,5,0.67,0.05,beta,none
City-A,T3,1x,200.0,S4_GlobalCalib,cross_regime,M_stress,800,True,1,395.3,302.7,0.0,0.2343,1.0,std_0.05,5,0.67,0.05,beta,none
City-A,T3,1x,200.0,S5_CityCalib,routine,M_routine,800,True,1,397.5,368.6,0.0,0.0728,1.0,std_0.05,5,0.67,0.05,beta,none
City-A,T3,1x,200.0,S5_CityCalib,cross_regime,M_stress,800,True,1,397.5,302.7,0.0,0.2386,1.0,std_0.05,5,0.67,0.05,beta,none
City-A,T3,1x,200.0,S6_Q10,routine,M_routine,800,True,1,357.2,368.6,0.0,0.0,1.0,std_0.05,5,0.67,0.05,beta,none
City-A,T3,1x,200.0,S6_Q10,cross_regime,M_stress,800,True,1,357.2,302.7,0.0,0.1527,1.0,std_0.05,5,0.67,0.05,beta,none
City-A,T3,2x,400.0,S0a_RoutineOracle,routine,M_routine,800,True,2,711.4,711.4,0.0,0.0,1.0,std_0.05,5,0.67,0.05,beta,none
City-A,T3,2x,400.0,S0a_RoutineOracle,cross_regime,M_stress,800,True,2,711.4,508.6,0.0,0.285,1.0,std_0.05,5,0.67,0.05,beta,none
City-A,T3,2x,400.0,S0b_StressOracle,routine,M_routine,800,True,2,539.0,653.3,0.0,0.0,1.0,std_0.05,5,0.67,0.05,beta,none
City-A,T3,2x,400.0,S0b_StressOracle,cross_regime,M_stress,800,True,2,539.0,539.0,0.0,0.0,1.0,std_0.05,5,0.67,0.05,beta,none
City-A,T3,2x,400.0,S1_CapRR,routine,M_routine,800,True,1,596.8,368.6,31.4,0.3824,0.0,std_0.05,5,0.67,0.05,beta,none
City-A,T3,2x,400.0,S1_CapRR,cross_regime,M_stress,800,True,1,596.8,302.7,97.3,0.4928,0.0,std_0.05,5,0.67,0.05,beta,none
City-A,T3,2x,400.0,S2_Platform,routine,M_routine,800,True,1,470.7,368.6,31.4,0.2169,0.0,std_0.05,5,0.67,0.05,beta,none
City-A,T3,2x,400.0,S2_Platform,cross_regime,M_stress,800,True,1,470.7,302.7,97.3,0.3569,0.0,std_0.05,5,0.67,0.05,beta,none
City-A,T3,2x,400.0,S3_Lin4,routine,M_routine,800,True,1,484.0,368.6,31.4,0.2385,0.0,std_0.05,5,0.67,0.05,beta,none
City-A,T3,2x,400.0,S3_Lin4,cross_regime,M_stress,800,True,1,484.0,302.7,97.3,0.3747,0.0,std_0.05,5,0.67,0.05,beta,none
City-A,T3,2x,400.0,S4_GlobalCalib,routine,M_routine,800,True,2,753.9,653.3,0.0,0.1334,1.0,std_0.05,5,0.67,0.05,beta,none
City-A,T3,2x,400.0,S4_GlobalCalib,cross_regime,M_stress,800,True,2,753.9,539.0,0.0,0.285,1.0,std_0.05,5,0.67,0.05,beta,none
City-A,T3,2x,400.0,S5_CityCalib,routine,M_routine,800,True,2,758.1,653.3,0.0,0.1383,1.0,std_0.05,5,0.67,0.05,beta,none
City-A,T3,2x,400.0,S5_CityCalib,cross_regime,M_stress,800,True,2,758.1,539.0,0.0,0.289,1.0,std_0.05,5,0.67,0.05,beta,none
City-A,T3,2x,400.0,S6_Q10,routine,M_routine,800,True,2,681.2,653.3,0.0,0.041,1.0,std_0.05,5,0.67,0.05,beta,none
City-A,T3,2x,400.0,S6_Q10,cross_regime,M_stress,800,True,2,681.2,539.0,0.0,0.2088,1.0,std_0.05,5,0.67,0.05,beta,none
City-A,T3,5x,1000.0,S0a_RoutineOracle,routine,M_routine,800,True,3,1041.1,1041.1,0.0,0.0,1.0,std_0.05,5,0.67,0.05,beta,none
City-A,T3,5x,1000.0,S0a_RoutineOracle,cross_regime,M_stress,800,True,3,1041.1,700.5,299.5,0.3272,0.0,std_0.05,5,0.67,0.05,beta,none
City-A,T3,5x,1000.0,S0b_StressOracle,routine,M_routine,800,True,5,1200.4,1601.0,0.0,0.0,1.0,std_0.05,5,0.67,0.05,beta,none
City-A,T3,5x,1000.0,S0b_StressOracle,cross_regime,M_stress,800,True,5,1200.4,1200.4,0.0,0.0,1.0,std_0.05,5,0.67,0.05,beta,none
City-A,T3,5x,1000.0,S1_CapRR,routine,M_routine,800,True,2,1138.1,653.3,346.7,0.426,0.0,std_0.05,5,0.67,0.05,beta,none
City-A,T3,5x,1000.0,S1_CapRR,cross_regime,M_stress,800,True,2,1138.1,539.0,461.0,0.5264,0.0,std_0.05,5,0.67,0.05,beta,none
City-A,T3,5x,1000.0,S2_Platform,routine,M_routine,800,True,3,1264.8,1019.9,0.0,0.1936,1.0,std_0.05,5,0.67,0.05,beta,none
City-A,T3,5x,1000.0,S2_Platform,cross_regime,M_stress,800,True,3,1264.8,743.9,256.1,0.4118,0.0,std_0.05,5,0.67,0.05,beta,none
City-A,T3,5x,1000.0,S3_Lin4,routine,M_routine,800,True,3,1230.0,1020.4,0.0,0.1704,1.0,std_0.05,5,0.67,0.05,beta,none
City-A,T3,5x,1000.0,S3_Lin4,cross_regime,M_stress,800,True,3,1230.0,720.4,279.6,0.4143,0.0,std_0.05,5,0.67,0.05,beta,none
City-A,T3,5x,1000.0,S4_GlobalCalib,routine,M_routine,800,True,3,1101.5,975.4,24.6,0.1145,0.0,std_0.05,5,0.67,0.05,beta,none
City-A,T3,5x,1000.0,S4_GlobalCalib,cross_regime,M_stress,800,True,3,1101.5,764.9,235.1,0.3056,0.0,std_0.05,5,0.67,0.05,beta,none
City-A,T3,5x,1000.0,S5_CityCalib,routine,M_routine,800,True,3,1107.6,975.4,24.6,0.1194,0.0,std_0.05,5,0.67,0.05,beta,none
City-A,T3,5x,1000.0,S5_CityCalib,cross_regime,M_stress,800,True,3,1107.6,764.9,235.1,0.3095,0.0,std_0.05,5,0.67,0.05,beta,none
City-A,T3,5x,1000.0,S6_Q10,routine,M_routine,800,True,4,1302.0,1318.2,0.0,0.0,1.0,std_0.05,5,0.67,0.05,beta,none
City-A,T3,5x,1000.0,S6_Q10,cross_regime,M_stress,800,True,4,1302.0,970.8,29.2,0.2544,0.0,std_0.05,5,0.67,0.05,beta,none
City-A,T3,10x,2000.0,S0a_RoutineOracle,routine,M_routine,800,True,6,2012.0,2012.0,0.0,0.0,1.0,std_0.05,5,0.67,0.05,beta,none
City-A,T3,10x,2000.0,S0a_RoutineOracle,cross_regime,M_stress,800,True,6,2012.0,1340.5,659.5,0.3337,0.0,std_0.05,5,0.67,0.05,beta,none
City-A,T3,10x,2000.0,S0b_StressOracle,routine,M_routine,800,True,9,2020.7,2778.5,0.0,0.0,1.0,std_0.05,5,0.67,0.05,beta,none
City-A,T3,10x,2000.0,S0b_StressOracle,cross_regime,M_stress,800,True,9,2020.7,2020.7,0.0,0.0,1.0,std_0.05,5,0.67,0.05,beta,none
City-A,T3,10x,2000.0,S1_CapRR,routine,M_routine,800,True,4,2175.3,1318.2,681.8,0.394,0.0,std_0.05,5,0.67,0.05,beta,none
City-A,T3,10x,2000.0,S1_CapRR,cross_regime,M_stress,800,True,4,2175.3,970.8,1029.2,0.5537,0.0,std_0.05,5,0.67,0.05,beta,none
City-A,T3,10x,2000.0,S2_Platform,routine,M_routine,800,True,6,2357.9,1959.5,40.5,0.1689,0.0,std_0.05,5,0.67,0.05,beta,none
City-A,T3,10x,2000.0,S2_Platform,cross_regime,M_stress,800,True,6,2357.9,1383.4,616.6,0.4133,0.0,std_0.05,5,0.67,0.05,beta,none
City-A,T3,10x,2000.0,S3_Lin4,routine,M_routine,800,True,6,2261.2,1977.1,22.9,0.1256,0.0,std_0.05,5,0.67,0.05,beta,none
City-A,T3,10x,2000.0,S3_Lin4,cross_regime,M_stress,800,True,6,2261.2,1378.1,621.9,0.3906,0.0,std_0.05,5,0.67,0.05,beta,none
City-A,T3,10x,2000.0,S4_GlobalCalib,routine,M_routine,800,True,6,2079.3,1977.1,22.9,0.0492,0.0,std_0.05,5,0.67,0.05,beta,none
City-A,T3,10x,2000.0,S4_GlobalCalib,cross_regime,M_stress,800,True,6,2079.3,1378.1,621.9,0.3372,0.0,std_0.05,5,0.67,0.05,beta,none
City-A,T3,10x,2000.0,S5_CityCalib,routine,M_routine,800,True,6,2090.6,1977.1,22.9,0.0543,0.0,std_0.05,5,0.67,0.05,beta,none
City-A,T3,10x,2000.0,S5_CityCalib,cross_regime,M_stress,800,True,6,2090.6,1378.1,621.9,0.3408,0.0,std_0.05,5,0.67,0.05,beta,none
City-A,T3,10x,2000.0,S6_Q10,routine,M_routine,800,True,7,2153.1,2296.7,0.0,0.0,1.0,std_0.05,5,0.67,0.05,beta,none
City-A,T3,10x,2000.0,S6_Q10,cross_regime,M_stress,800,True,7,2153.1,1576.9,423.1,0.2676,0.0,std_0.05,5,0.67,0.05,beta,none
City-A,T4,1x,140.0,S0a_RoutineOracle,routine,M_routine,800,True,1,500.9,500.9,0.0,0.0,1.0,std_0.05,5,0.67,0.05,beta,none
City-A,T4,1x,140.0,S0a_RoutineOracle,cross_regime,M_stress,800,True,1,500.9,284.5,0.0,0.4321,1.0,std_0.05,5,0.67,0.05,beta,none
City-A,T4,1x,140.0,S0b_StressOracle,routine,M_routine,800,True,1,284.5,500.9,0.0,0.0,1.0,std_0.05,5,0.67,0.05,beta,none
City-A,T4,1x,140.0,S0b_StressOracle,cross_regime,M_stress,800,True,1,284.5,284.5,0.0,0.0,1.0,std_0.05,5,0.67,0.05,beta,none
City-A,T4,1x,140.0,S1_CapRR,routine,M_routine,800,True,1,678.2,500.9,0.0,0.2613,1.0,std_0.05,5,0.67,0.05,beta,none
City-A,T4,1x,140.0,S1_CapRR,cross_regime,M_stress,800,True,1,678.2,284.5,0.0,0.5805,1.0,std_0.05,5,0.67,0.05,beta,none
City-A,T4,1x,140.0,S2_Platform,routine,M_routine,800,True,1,299.2,409.0,0.0,0.0,1.0,std_0.05,5,0.67,0.05,beta,none
City-A,T4,1x,140.0,S2_Platform,cross_regime,M_stress,800,True,1,299.2,275.1,0.0,0.0805,1.0,std_0.05,5,0.67,0.05,beta,none
City-A,T4,1x,140.0,S3_Lin4,routine,M_routine,800,True,1,487.3,500.9,0.0,0.0,1.0,std_0.05,5,0.67,0.05,beta,none
City-A,T4,1x,140.0,S3_Lin4,cross_regime,M_stress,800,True,1,487.3,284.5,0.0,0.4161,1.0,std_0.05,5,0.67,0.05,beta,none
City-A,T4,1x,140.0,S4_GlobalCalib,routine,M_routine,800,True,1,448.7,500.9,0.0,0.0,1.0,std_0.05,5,0.67,0.05,beta,none
City-A,T4,1x,140.0,S4_GlobalCalib,cross_regime,M_stress,800,True,1,448.7,284.5,0.0,0.366,1.0,std_0.05,5,0.67,0.05,beta,none
City-A,T4,1x,140.0,S5_CityCalib,routine,M_routine,800,True,1,449.6,500.9,0.0,0.0,1.0,std_0.05,5,0.67,0.05,beta,none
City-A,T4,1x,140.0,S5_CityCalib,cross_regime,M_stress,800,True,1,449.6,284.5,0.0,0.3672,1.0,std_0.05,5,0.67,0.05,beta,none
City-A,T4,1x,140.0,S6_Q10,routine,M_routine,800,True,1,406.3,500.9,0.0,0.0,1.0,std_0.05,5,0.67,0.05,beta,none
City-A,T4,1x,140.0,S6_Q10,cross_regime,M_stress,800,True,1,406.3,284.5,0.0,0.2998,1.0,std_0.05,5,0.67,0.05,beta,none
City-A,T4,2x,280.0,S0a_RoutineOracle,routine,M_routine,800,True,1,500.9,500.9,0.0,0.0,1.0,std_0.05,5,0.67,0.05,beta,none
City-A,T4,2x,280.0,S0a_RoutineOracle,cross_regime,M_stress,800,True,1,500.9,284.5,0.0,0.4321,1.0,std_0.05,5,0.67,0.05,beta,none
City-A,T4,2x,280.0,S0b_StressOracle,routine,M_routine,800,True,1,284.5,500.9,0.0,0.0,1.0,std_0.05,5,0.67,0.05,beta,none
City-A,T4,2x,280.0,S0b_StressOracle,cross_regime,M_stress,800,True,1,284.5,284.5,0.0,0.0,1.0,std_0.05,5,0.67,0.05,beta,none
City-A,T4,2x,280.0,S1_CapRR,routine,M_routine,800,True,1,678.2,500.9,0.0,0.2613,1.0,std_0.05,5,0.67,0.05,beta,none
City-A,T4,2x,280.0,S1_CapRR,cross_regime,M_stress,800,True,1,678.2,284.5,0.0,0.5805,1.0,std_0.05,5,0.67,0.05,beta,none
City-A,T4,2x,280.0,S2_Platform,routine,M_routine,800,True,1,299.2,409.0,0.0,0.0,1.0,std_0.05,5,0.67,0.05,beta,none
City-A,T4,2x,280.0,S2_Platform,cross_regime,M_stress,800,True,1,299.2,275.1,4.9,0.0805,0.0,std_0.05,5,0.67,0.05,beta,none
City-A,T4,2x,280.0,S3_Lin4,routine,M_routine,800,True,1,487.3,500.9,0.0,0.0,1.0,std_0.05,5,0.67,0.05,beta,none
City-A,T4,2x,280.0,S3_Lin4,cross_regime,M_stress,800,True,1,487.3,284.5,0.0,0.4161,1.0,std_0.05,5,0.67,0.05,beta,none
City-A,T4,2x,280.0,S4_GlobalCalib,routine,M_routine,800,True,1,448.7,500.9,0.0,0.0,1.0,std_0.05,5,0.67,0.05,beta,none
City-A,T4,2x,280.0,S4_GlobalCalib,cross_regime,M_stress,800,True,1,448.7,284.5,0.0,0.366,1.0,std_0.05,5,0.67,0.05,beta,none
City-A,T4,2x,280.0,S5_CityCalib,routine,M_routine,800,True,1,449.6,500.9,0.0,0.0,1.0,std_0.05,5,0.67,0.05,beta,none
City-A,T4,2x,280.0,S5_CityCalib,cross_regime,M_stress,800,True,1,449.6,284.5,0.0,0.3672,1.0,std_0.05,5,0.67,0.05,beta,none
City-A,T4,2x,280.0,S6_Q10,routine,M_routine,800,True,1,406.3,500.9,0.0,0.0,1.0,std_0.05,5,0.67,0.05,beta,none
City-A,T4,2x,280.0,S6_Q10,cross_regime,M_stress,800,True,1,406.3,284.5,0.0,0.2998,1.0,std_0.05,5,0.67,0.05,beta,none
City-A,T4,5x,700.0,S0a_RoutineOracle,routine,M_routine,800,True,2,909.9,909.9,0.0,0.0,1.0,std_0.05,5,0.67,0.05,beta,none
City-A,T4,5x,700.0,S0a_RoutineOracle,cross_regime,M_stress,800,True,2,909.9,559.6,140.4,0.385,0.0,std_0.05,5,0.67,0.05,beta,none
City-A,T4,5x,700.0,S0b_StressOracle,routine,M_routine,800,True,3,830.8,1291.4,0.0,0.0,1.0,std_0.05,5,0.67,0.05,beta,none
City-A,T4,5x,700.0,S0b_StressOracle,cross_regime,M_stress,800,True,3,830.8,830.8,0.0,0.0,1.0,std_0.05,5,0.67,0.05,beta,none
City-A,T4,5x,700.0,S1_CapRR,routine,M_routine,800,True,2,1293.4,909.9,0.0,0.2964,1.0,std_0.05,5,0.67,0.05,beta,none
City-A,T4,5x,700.0,S1_CapRR,cross_regime,M_stress,800,True,2,1293.4,559.6,140.4,0.5673,0.0,std_0.05,5,0.67,0.05,beta,none
City-A,T4,5x,700.0,S2_Platform,routine,M_routine,800,True,3,870.0,1059.2,0.0,0.0,1.0,std_0.05,5,0.67,0.05,beta,none
City-A,T4,5x,700.0,S2_Platform,cross_regime,M_stress,800,True,3,870.0,707.1,0.0,0.1873,1.0,std_0.05,5,0.67,0.05,beta,none
City-A,T4,5x,700.0,S3_Lin4,routine,M_routine,800,True,2,871.2,864.2,0.0,0.0081,1.0,std_0.05,5,0.67,0.05,beta,none
City-A,T4,5x,700.0,S3_Lin4,cross_regime,M_stress,800,True,2,871.2,539.8,160.2,0.3804,0.0,std_0.05,5,0.67,0.05,beta,none
City-A,T4,5x,700.0,S4_GlobalCalib,routine,M_routine,800,True,2,855.9,909.9,0.0,0.0,1.0,std_0.05,5,0.67,0.05,beta,none
City-A,T4,5x,700.0,S4_GlobalCalib,cross_regime,M_stress,800,True,2,855.9,559.6,140.4,0.3462,0.0,std_0.05,5,0.67,0.05,beta,none
City-A,T4,5x,700.0,S5_CityCalib,routine,M_routine,800,True,2,857.5,909.9,0.0,0.0,1.0,std_0.05,5,0.67,0.05,beta,none
City-A,T4,5x,700.0,S5_CityCalib,cross_regime,M_stress,800,True,2,857.5,559.6,140.4,0.3474,0.0,std_0.05,5,0.67,0.05,beta,none
City-A,T4,5x,700.0,S6_Q10,routine,M_routine,800,True,2,774.9,909.9,0.0,0.0,1.0,std_0.05,5,0.67,0.05,beta,none
City-A,T4,5x,700.0,S6_Q10,cross_regime,M_stress,800,True,2,774.9,559.6,140.4,0.2778,0.0,std_0.05,5,0.67,0.05,beta,none
City-A,T4,10x,1400.0,S0a_RoutineOracle,routine,M_routine,800,True,4,1673.7,1673.7,0.0,0.0,1.0,std_0.05,5,0.67,0.05,beta,none
City-A,T4,10x,1400.0,S0a_RoutineOracle,cross_regime,M_stress,800,True,4,1673.7,1083.8,316.2,0.3524,0.0,std_0.05,5,0.67,0.05,beta,none
City-A,T4,10x,1400.0,S0b_StressOracle,routine,M_routine,800,True,6,1606.4,2376.1,0.0,0.0,1.0,std_0.05,5,0.67,0.05,beta,none
City-A,T4,10x,1400.0,S0b_StressOracle,cross_regime,M_stress,800,True,6,1606.4,1606.4,0.0,0.0,1.0,std_0.05,5,0.67,0.05,beta,none
City-A,T4,10x,1400.0,S1_CapRR,routine,M_routine,800,True,3,1889.7,1273.2,126.8,0.3262,0.0,std_0.05,5,0.67,0.05,beta,none
City-A,T4,10x,1400.0,S1_CapRR,cross_regime,M_stress,800,True,3,1889.7,814.9,585.1,0.5688,0.0,std_0.05,5,0.67,0.05,beta,none
City-A,T4,10x,1400.0,S2_Platform,routine,M_routine,800,True,5,1424.2,1674.1,0.0,0.0,1.0,std_0.05,5,0.67,0.05,beta,none
City-A,T4,10x,1400.0,S2_Platform,cross_regime,M_stress,800,True,5,1424.2,1089.2,310.8,0.2352,0.0,std_0.05,5,0.67,0.05,beta,none
City-A,T4,10x,1400.0,S3_Lin4,routine,M_routine,800,True,4,1609.0,1625.6,0.0,0.0,1.0,std_0.05,5,0.67,0.05,beta,none
City-A,T4,10x,1400.0,S3_Lin4,cross_regime,M_stress,800,True,4,1609.0,1039.0,361.0,0.3543,0.0,std_0.05,5,0.67,0.05,beta,none
City-A,T4,10x,1400.0,S4_GlobalCalib,routine,M_routine,800,True,4,1636.1,1612.3,0.0,0.0145,1.0,std_0.05,5,0.67,0.05,beta,none
City-A,T4,10x,1400.0,S4_GlobalCalib,cross_regime,M_stress,800,True,4,1636.1,1082.2,317.8,0.3385,0.0,std_0.05,5,0.67,0.05,beta,none
City-A,T4,10x,1400.0,S5_CityCalib,routine,M_routine,800,True,4,1639.1,1612.3,0.0,0.0164,1.0,std_0.05,5,0.67,0.05,beta,none
City-A,T4,10x,1400.0,S5_CityCalib,cross_regime,M_stress,800,True,4,1639.1,1082.2,317.8,0.3398,0.0,std_0.05,5,0.67,0.05,beta,none
City-A,T4,10x,1400.0,S6_Q10,routine,M_routine,800,True,4,1481.1,1612.3,0.0,0.0,1.0,std_0.05,5,0.67,0.05,beta,none
City-A,T4,10x,1400.0,S6_Q10,cross_regime,M_stress,800,True,4,1481.1,1082.2,317.8,0.2693,0.0,std_0.05,5,0.67,0.05,beta,none
City-A,T5,1x,160.0,S0a_RoutineOracle,routine,M_routine,800,True,1,398.3,398.3,0.0,0.0,1.0,std_0.05,5,0.67,0.05,beta,none
City-A,T5,1x,160.0,S0a_RoutineOracle,cross_regime,M_stress,800,True,1,398.3,320.5,0.0,0.1953,1.0,std_0.05,5,0.67,0.05,beta,none
City-A,T5,1x,160.0,S0b_StressOracle,routine,M_routine,800,True,1,320.5,398.3,0.0,0.0,1.0,std_0.05,5,0.67,0.05,beta,none
City-A,T5,1x,160.0,S0b_StressOracle,cross_regime,M_stress,800,True,1,320.5,320.5,0.0,0.0,1.0,std_0.05,5,0.67,0.05,beta,none
City-A,T5,1x,160.0,S1_CapRR,routine,M_routine,800,True,1,596.8,398.3,0.0,0.3327,1.0,std_0.05,5,0.67,0.05,beta,none
City-A,T5,1x,160.0,S1_CapRR,cross_regime,M_stress,800,True,1,596.8,320.5,0.0,0.463,1.0,std_0.05,5,0.67,0.05,beta,none
City-A,T5,1x,160.0,S2_Platform,routine,M_routine,800,True,1,485.5,398.3,0.0,0.1797,1.0,std_0.05,5,0.67,0.05,beta,none
City-A,T5,1x,160.0,S2_Platform,cross_regime,M_stress,800,True,1,485.5,320.5,0.0,0.3399,1.0,std_0.05,5,0.67,0.05,beta,none
City-A,T5,1x,160.0,S3_Lin4,routine,M_routine,800,True,1,483.1,398.3,0.0,0.1756,1.0,std_0.05,5,0.67,0.05,beta,none
City-A,T5,1x,160.0,S3_Lin4,cross_regime,M_stress,800,True,1,483.1,320.5,0.0,0.3367,1.0,std_0.05,5,0.67,0.05,beta,none
City-A,T5,1x,160.0,S4_GlobalCalib,routine,M_routine,800,True,1,394.3,398.3,0.0,0.0,1.0,std_0.05,5,0.67,0.05,beta,none
City-A,T5,1x,160.0,S4_GlobalCalib,cross_regime,M_stress,800,True,1,394.3,320.5,0.0,0.1873,1.0,std_0.05,5,0.67,0.05,beta,none
City-A,T5,1x,160.0,S5_CityCalib,routine,M_routine,800,True,1,397.1,398.3,0.0,0.0,1.0,std_0.05,5,0.67,0.05,beta,none
City-A,T5,1x,160.0,S5_CityCalib,cross_regime,M_stress,800,True,1,397.1,320.5,0.0,0.193,1.0,std_0.05,5,0.67,0.05,beta,none
City-A,T5,1x,160.0,S6_Q10,routine,M_routine,800,True,1,357.8,398.3,0.0,0.0,1.0,std_0.05,5,0.67,0.05,beta,none
City-A,T5,1x,160.0,S6_Q10,cross_regime,M_stress,800,True,1,357.8,320.5,0.0,0.1043,1.0,std_0.05,5,0.67,0.05,beta,none
City-A,T5,2x,320.0,S0a_RoutineOracle,routine,M_routine,800,True,1,398.3,398.3,0.0,0.0,1.0,std_0.05,5,0.67,0.05,beta,none
City-A,T5,2x,320.0,S0a_RoutineOracle,cross_regime,M_stress,800,True,1,398.3,320.5,0.0,0.1953,1.0,std_0.05,5,0.67,0.05,beta,none
City-A,T5,2x,320.0,S0b_StressOracle,routine,M_routine,800,True,1,320.5,398.3,0.0,0.0,1.0,std_0.05,5,0.67,0.05,beta,none
City-A,T5,2x,320.0,S0b_StressOracle,cross_regime,M_stress,800,True,1,320.5,320.5,0.0,0.0,1.0,std_0.05,5,0.67,0.05,beta,none
City-A,T5,2x,320.0,S1_CapRR,routine,M_routine,800,True,1,596.8,398.3,0.0,0.3327,1.0,std_0.05,5,0.67,0.05,beta,none
City-A,T5,2x,320.0,S1_CapRR,cross_regime,M_stress,800,True,1,596.8,320.5,0.0,0.463,1.0,std_0.05,5,0.67,0.05,beta,none
City-A,T5,2x,320.0,S2_Platform,routine,M_routine,800,True,1,485.5,398.3,0.0,0.1797,1.0,std_0.05,5,0.67,0.05,beta,none
City-A,T5,2x,320.0,S2_Platform,cross_regime,M_stress,800,True,1,485.5,320.5,0.0,0.3399,1.0,std_0.05,5,0.67,0.05,beta,none
City-A,T5,2x,320.0,S3_Lin4,routine,M_routine,800,True,1,483.1,398.3,0.0,0.1756,1.0,std_0.05,5,0.67,0.05,beta,none
City-A,T5,2x,320.0,S3_Lin4,cross_regime,M_stress,800,True,1,483.1,320.5,0.0,0.3367,1.0,std_0.05,5,0.67,0.05,beta,none
City-A,T5,2x,320.0,S4_GlobalCalib,routine,M_routine,800,True,1,394.3,398.3,0.0,0.0,1.0,std_0.05,5,0.67,0.05,beta,none
City-A,T5,2x,320.0,S4_GlobalCalib,cross_regime,M_stress,800,True,1,394.3,320.5,0.0,0.1873,1.0,std_0.05,5,0.67,0.05,beta,none
City-A,T5,2x,320.0,S5_CityCalib,routine,M_routine,800,True,1,397.1,398.3,0.0,0.0,1.0,std_0.05,5,0.67,0.05,beta,none
City-A,T5,2x,320.0,S5_CityCalib,cross_regime,M_stress,800,True,1,397.1,320.5,0.0,0.193,1.0,std_0.05,5,0.67,0.05,beta,none
City-A,T5,2x,320.0,S6_Q10,routine,M_routine,800,True,1,357.8,398.3,0.0,0.0,1.0,std_0.05,5,0.67,0.05,beta,none
City-A,T5,2x,320.0,S6_Q10,cross_regime,M_stress,800,True,1,357.8,320.5,0.0,0.1043,1.0,std_0.05,5,0.67,0.05,beta,none
City-A,T5,5x,800.0,S0a_RoutineOracle,routine,M_routine,800,True,3,1130.4,1130.4,0.0,0.0,1.0,std_0.05,5,0.67,0.05,beta,none
City-A,T5,5x,800.0,S0a_RoutineOracle,cross_regime,M_stress,800,True,3,1130.4,779.9,20.1,0.3101,0.0,std_0.05,5,0.67,0.05,beta,none
City-A,T5,5x,800.0,S0b_StressOracle,routine,M_routine,800,True,3,824.7,1090.2,0.0,0.0,1.0,std_0.05,5,0.67,0.05,beta,none
City-A,T5,5x,800.0,S0b_StressOracle,cross_regime,M_stress,800,True,3,824.7,824.7,0.0,0.0,1.0,std_0.05,5,0.67,0.05,beta,none
City-A,T5,5x,800.0,S1_CapRR,routine,M_routine,800,True,2,1138.1,740.3,59.7,0.3495,0.0,std_0.05,5,0.67,0.05,beta,none
City-A,T5,5x,800.0,S1_CapRR,cross_regime,M_stress,800,True,2,1138.1,573.6,226.4,0.496,0.0,std_0.05,5,0.67,0.05,beta,none
City-A,T5,5x,800.0,S2_Platform,routine,M_routine,800,True,2,897.6,780.5,19.5,0.1305,0.0,std_0.05,5,0.67,0.05,beta,none
City-A,T5,5x,800.0,S2_Platform,cross_regime,M_stress,800,True,2,897.6,528.9,271.1,0.4108,0.0,std_0.05,5,0.67,0.05,beta,none
City-A,T5,5x,800.0,S3_Lin4,routine,M_routine,800,True,2,857.1,748.2,51.8,0.1271,0.0,std_0.05,5,0.67,0.05,beta,none
City-A,T5,5x,800.0,S3_Lin4,cross_regime,M_stress,800,True,2,857.1,571.5,228.5,0.3332,0.0,std_0.05,5,0.67,0.05,beta,none
City-A,T5,5x,800.0,S4_GlobalCalib,routine,M_routine,800,True,3,1098.9,1090.2,0.0,0.0079,1.0,std_0.05,5,0.67,0.05,beta,none
City-A,T5,5x,800.0,S4_GlobalCalib,cross_regime,M_stress,800,True,3,1098.9,824.7,0.0,0.2496,1.0,std_0.05,5,0.67,0.05,beta,none
City-A,T5,5x,800.0,S5_CityCalib,routine,M_routine,800,True,3,1106.6,1090.2,0.0,0.0148,1.0,std_0.05,5,0.67,0.05,beta,none
City-A,T5,5x,800.0,S5_CityCalib,cross_regime,M_stress,800,True,3,1106.6,824.7,0.0,0.2548,1.0,std_0.05,5,0.67,0.05,beta,none
City-A,T5,5x,800.0,S6_Q10,routine,M_routine,800,True,3,996.8,1090.2,0.0,0.0,1.0,std_0.05,5,0.67,0.05,beta,none
City-A,T5,5x,800.0,S6_Q10,cross_regime,M_stress,800,True,3,996.8,824.7,0.0,0.1727,1.0,std_0.05,5,0.67,0.05,beta,none
City-A,T5,10x,1600.0,S0a_RoutineOracle,routine,M_routine,800,True,5,1807.2,1807.2,0.0,0.0,1.0,std_0.05,5,0.67,0.05,beta,none
City-A,T5,10x,1600.0,S0a_RoutineOracle,cross_regime,M_stress,800,True,5,1807.2,1251.9,348.1,0.3073,0.0,std_0.05,5,0.67,0.05,beta,none
City-A,T5,10x,1600.0,S0b_StressOracle,routine,M_routine,800,True,7,1707.2,2471.4,0.0,0.0,1.0,std_0.05,5,0.67,0.05,beta,none
City-A,T5,10x,1600.0,S0b_StressOracle,cross_regime,M_stress,800,True,7,1707.2,1707.2,0.0,0.0,1.0,std_0.05,5,0.67,0.05,beta,none
City-A,T5,10x,1600.0,S1_CapRR,routine,M_routine,800,True,3,1662.9,1090.2,509.8,0.3444,0.0,std_0.05,5,0.67,0.05,beta,none
City-A,T5,10x,1600.0,S1_CapRR,cross_regime,M_stress,800,True,3,1662.9,824.7,775.3,0.5041,0.0,std_0.05,5,0.67,0.05,beta,none
City-A,T5,10x,1600.0,S2_Platform,routine,M_routine,800,True,4,1696.8,1463.6,136.4,0.1374,0.0,std_0.05,5,0.67,0.05,beta,none
City-A,T5,10x,1600.0,S2_Platform,cross_regime,M_stress,800,True,4,1696.8,1023.1,576.9,0.397,0.0,std_0.05,5,0.67,0.05,beta,none
City-A,T5,10x,1600.0,S3_Lin4,routine,M_routine,800,True,5,1915.6,1754.4,0.0,0.0841,1.0,std_0.05,5,0.67,0.05,beta,none
City-A,T5,10x,1600.0,S3_Lin4,cross_regime,M_stress,800,True,5,1915.6,1280.0,320.0,0.3318,0.0,std_0.05,5,0.67,0.05,beta,none
City-A,T5,10x,1600.0,S4_GlobalCalib,routine,M_routine,800,True,5,1766.6,1805.7,0.0,0.0,1.0,std_0.05,5,0.67,0.05,beta,none
City-A,T5,10x,1600.0,S4_GlobalCalib,cross_regime,M_stress,800,True,5,1766.6,1276.3,323.7,0.2775,0.0,std_0.05,5,0.67,0.05,beta,none
City-A,T5,10x,1600.0,S5_CityCalib,routine,M_routine,800,True,5,1778.7,1805.7,0.0,0.0,1.0,std_0.05,5,0.67,0.05,beta,none
City-A,T5,10x,1600.0,S5_CityCalib,cross_regime,M_stress,800,True,5,1778.7,1276.3,323.7,0.2825,0.0,std_0.05,5,0.67,0.05,beta,none
City-A,T5,10x,1600.0,S6_Q10,routine,M_routine,800,True,5,1602.2,1805.7,0.0,0.0,1.0,std_0.05,5,0.67,0.05,beta,none
City-A,T5,10x,1600.0,S6_Q10,cross_regime,M_stress,800,True,5,1602.2,1276.3,323.7,0.2034,0.0,std_0.05,5,0.67,0.05,beta,none
City-B,T1,1x,180.0,S0a_RoutineOracle,routine,M_routine,500,True,1,579.6,579.6,0.0,0.0,1.0,std_0.05,5,0.67,0.05,beta,none
City-B,T1,1x,180.0,S0a_RoutineOracle,cross_regime,M_stress,500,True,1,579.6,366.2,0.0,0.3681,1.0,std_0.05,5,0.67,0.05,beta,none
City-B,T1,1x,180.0,S0b_StressOracle,routine,M_routine,500,True,1,366.2,579.6,0.0,0.0,1.0,std_0.05,5,0.67,0.05,beta,none
City-B,T1,1x,180.0,S0b_StressOracle,cross_regime,M_stress,500,True,1,366.2,366.2,0.0,0.0,1.0,std_0.05,5,0.67,0.05,beta,none
City-B,T1,1x,180.0,S1_CapRR,routine,M_routine,500,True,1,846.0,579.6,0.0,0.3149,1.0,std_0.05,5,0.67,0.05,beta,none
City-B,T1,1x,180.0,S1_CapRR,cross_regime,M_stress,500,True,1,846.0,366.2,0.0,0.5671,1.0,std_0.05,5,0.67,0.05,beta,none
City-B,T1,1x,180.0,S2_Platform,routine,M_routine,500,True,1,561.1,540.9,0.0,0.0361,1.0,std_0.05,5,0.67,0.05,beta,none
City-B,T1,1x,180.0,S2_Platform,cross_regime,M_stress,500,True,1,561.1,296.8,0.0,0.471,1.0,std_0.05,5,0.67,0.05,beta,none
City-B,T1,1x,180.0,S3_Lin4,routine,M_routine,500,True,1,464.4,550.5,0.0,0.0,1.0,std_0.05,5,0.67,0.05,beta,none
City-B,T1,1x,180.0,S3_Lin4,cross_regime,M_stress,500,True,1,464.4,341.9,0.0,0.2638,1.0,std_0.05,5,0.67,0.05,beta,none
City-B,T1,1x,180.0,S4_GlobalCalib,routine,M_routine,500,True,1,562.3,579.6,0.0,0.0,1.0,std_0.05,5,0.67,0.05,beta,none
City-B,T1,1x,180.0,S4_GlobalCalib,cross_regime,M_stress,500,True,1,562.3,366.2,0.0,0.3487,1.0,std_0.05,5,0.67,0.05,beta,none
City-B,T1,1x,180.0,S5_CityCalib,routine,M_routine,500,True,1,558.1,579.6,0.0,0.0,1.0,std_0.05,5,0.67,0.05,beta,none
City-B,T1,1x,180.0,S5_CityCalib,cross_regime,M_stress,500,True,1,558.1,366.2,0.0,0.3438,1.0,std_0.05,5,0.67,0.05,beta,none
City-B,T1,1x,180.0,S6_Q10,routine,M_routine,500,True,1,507.5,579.6,0.0,0.0,1.0,std_0.05,5,0.67,0.05,beta,none
City-B,T1,1x,180.0,S6_Q10,cross_regime,M_stress,500,True,1,507.5,366.2,0.0,0.2784,1.0,std_0.05,5,0.67,0.05,beta,none
City-B,T1,2x,360.0,S0a_RoutineOracle,routine,M_routine,500,True,1,579.6,579.6,0.0,0.0,1.0,std_0.05,5,0.67,0.05,beta,none
City-B,T1,2x,360.0,S0a_RoutineOracle,cross_regime,M_stress,500,True,1,579.6,366.2,0.0,0.3681,1.0,std_0.05,5,0.67,0.05,beta,none
City-B,T1,2x,360.0,S0b_StressOracle,routine,M_routine,500,True,1,366.2,579.6,0.0,0.0,1.0,std_0.05,5,0.67,0.05,beta,none
City-B,T1,2x,360.0,S0b_StressOracle,cross_regime,M_stress,500,True,1,366.2,366.2,0.0,0.0,1.0,std_0.05,5,0.67,0.05,beta,none
City-B,T1,2x,360.0,S1_CapRR,routine,M_routine,500,True,1,846.0,579.6,0.0,0.3149,1.0,std_0.05,5,0.67,0.05,beta,none
City-B,T1,2x,360.0,S1_CapRR,cross_regime,M_stress,500,True,1,846.0,366.2,0.0,0.5671,1.0,std_0.05,5,0.67,0.05,beta,none
City-B,T1,2x,360.0,S2_Platform,routine,M_routine,500,True,1,561.1,540.9,0.0,0.0361,1.0,std_0.05,5,0.67,0.05,beta,none
City-B,T1,2x,360.0,S2_Platform,cross_regime,M_stress,500,True,1,561.1,296.8,63.2,0.471,0.0,std_0.05,5,0.67,0.05,beta,none
City-B,T1,2x,360.0,S3_Lin4,routine,M_routine,500,True,1,464.4,550.5,0.0,0.0,1.0,std_0.05,5,0.67,0.05,beta,none
City-B,T1,2x,360.0,S3_Lin4,cross_regime,M_stress,500,True,1,464.4,341.9,18.1,0.2638,0.0,std_0.05,5,0.67,0.05,beta,none
City-B,T1,2x,360.0,S4_GlobalCalib,routine,M_routine,500,True,1,562.3,579.6,0.0,0.0,1.0,std_0.05,5,0.67,0.05,beta,none
City-B,T1,2x,360.0,S4_GlobalCalib,cross_regime,M_stress,500,True,1,562.3,366.2,0.0,0.3487,1.0,std_0.05,5,0.67,0.05,beta,none
City-B,T1,2x,360.0,S5_CityCalib,routine,M_routine,500,True,1,558.1,579.6,0.0,0.0,1.0,std_0.05,5,0.67,0.05,beta,none
City-B,T1,2x,360.0,S5_CityCalib,cross_regime,M_stress,500,True,1,558.1,366.2,0.0,0.3438,1.0,std_0.05,5,0.67,0.05,beta,none
City-B,T1,2x,360.0,S6_Q10,routine,M_routine,500,True,1,507.5,579.6,0.0,0.0,1.0,std_0.05,5,0.67,0.05,beta,none
City-B,T1,2x,360.0,S6_Q10,cross_regime,M_stress,500,True,1,507.5,366.2,0.0,0.2784,1.0,std_0.05,5,0.67,0.05,beta,none
City-B,T1,5x,900.0,S0a_RoutineOracle,routine,M_routine,500,True,2,1130.0,1130.0,0.0,0.0,1.0,std_0.05,5,0.67,0.05,beta,none
City-B,T1,5x,900.0,S0a_RoutineOracle,cross_regime,M_stress,500,True,2,1130.0,708.1,191.9,0.3734,0.0,std_0.05,5,0.67,0.05,beta,none
City-B,T1,5x,900.0,S0b_StressOracle,routine,M_routine,500,True,3,1071.6,1582.4,0.0,0.0,1.0,std_0.05,5,0.67,0.05,beta,none
City-B,T1,5x,900.0,S0b_StressOracle,cross_regime,M_stress,500,True,3,1071.6,1071.6,0.0,0.0,1.0,std_0.05,5,0.67,0.05,beta,none
City-B,T1,5x,900.0,S1_CapRR,routine,M_routine,500,True,2,1688.0,1031.9,0.0,0.3887,1.0,std_0.05,5,0.67,0.05,beta,none
City-B,T1,5x,900.0,S1_CapRR,cross_regime,M_stress,500,True,2,1688.0,729.7,170.3,0.5677,0.0,std_0.05,5,0.67,0.05,beta,none
City-B,T1,5x,900.0,S2_Platform,routine,M_routine,500,True,2,1112.3,1091.3,0.0,0.0189,1.0,std_0.05,5,0.67,0.05,beta,none
City-B,T1,5x,900.0,S2_Platform,cross_regime,M_stress,500,True,2,1112.3,638.7,261.3,0.4258,0.0,std_0.05,5,0.67,0.05,beta,none
City-B,T1,5x,900.0,S3_Lin4,routine,M_routine,500,True,2,922.7,1091.3,0.0,0.0,1.0,std_0.05,5,0.67,0.05,beta,none
City-B,T1,5x,900.0,S3_Lin4,cross_regime,M_stress,500,True,2,922.7,638.7,261.3,0.3077,0.0,std_0.05,5,0.67,0.05,beta,none
City-B,T1,5x,900.0,S4_GlobalCalib,routine,M_routine,500,True,2,1122.0,1031.9,0.0,0.0803,1.0,std_0.05,5,0.67,0.05,beta,none
City-B,T1,5x,900.0,S4_GlobalCalib,cross_regime,M_stress,500,True,2,1122.0,729.7,170.3,0.3497,0.0,std_0.05,5,0.67,0.05,beta,none
City-B,T1,5x,900.0,S5_CityCalib,routine,M_routine,500,True,2,1113.6,1031.9,0.0,0.0733,1.0,std_0.05,5,0.67,0.05,beta,none
City-B,T1,5x,900.0,S5_CityCalib,cross_regime,M_stress,500,True,2,1113.6,729.7,170.3,0.3447,0.0,std_0.05,5,0.67,0.05,beta,none
City-B,T1,5x,900.0,S6_Q10,routine,M_routine,500,True,2,1012.6,1031.9,0.0,0.0,1.0,std_0.05,5,0.67,0.05,beta,none
City-B,T1,5x,900.0,S6_Q10,cross_regime,M_stress,500,True,2,1012.6,729.7,170.3,0.2794,0.0,std_0.05,5,0.67,0.05,beta,none
City-B,T1,10x,1800.0,S0a_RoutineOracle,routine,M_routine,500,True,4,2123.2,2123.2,0.0,0.0,1.0,std_0.05,5,0.67,0.05,beta,none
City-B,T1,10x,1800.0,S0a_RoutineOracle,cross_regime,M_stress,500,True,4,2123.2,1368.4,431.6,0.3555,0.0,std_0.05,5,0.67,0.05,beta,none
City-B,T1,10x,1800.0,S0b_StressOracle,routine,M_routine,500,True,6,1970.0,2873.6,0.0,0.0,1.0,std_0.05,5,0.67,0.05,beta,none
City-B,T1,10x,1800.0,S0b_StressOracle,cross_regime,M_stress,500,True,6,1970.0,1970.0,0.0,0.0,1.0,std_0.05,5,0.67,0.05,beta,none
City-B,T1,10x,1800.0,S1_CapRR,routine,M_routine,500,True,3,2504.5,1582.4,217.6,0.3682,0.0,std_0.05,5,0.67,0.05,beta,none
City-B,T1,10x,1800.0,S1_CapRR,cross_regime,M_stress,500,True,3,2504.5,1071.6,728.4,0.5721,0.0,std_0.05,5,0.67,0.05,beta,none
City-B,T1,10x,1800.0,S2_Platform,routine,M_routine,500,True,4,2163.2,2123.2,0.0,0.0185,1.0,std_0.05,5,0.67,0.05,beta,none
City-B,T1,10x,1800.0,S2_Platform,cross_regime,M_stress,500,True,4,2163.2,1368.4,431.6,0.3674,0.0,std_0.05,5,0.67,0.05,beta,none
City-B,T1,10x,1800.0,S3_Lin4,routine,M_routine,500,True,4,1829.7,2123.2,0.0,0.0,1.0,std_0.05,5,0.67,0.05,beta,none
City-B,T1,10x,1800.0,S3_Lin4,cross_regime,M_stress,500,True,4,1829.7,1368.4,431.6,0.2521,0.0,std_0.05,5,0.67,0.05,beta,none
City-B,T1,10x,1800.0,S4_GlobalCalib,routine,M_routine,500,True,4,2195.7,2123.2,0.0,0.033,1.0,std_0.05,5,0.67,0.05,beta,none
City-B,T1,10x,1800.0,S4_GlobalCalib,cross_regime,M_stress,500,True,4,2195.7,1368.4,431.6,0.3768,0.0,std_0.05,5,0.67,0.05,beta,none
City-B,T1,10x,1800.0,S5_CityCalib,routine,M_routine,500,True,4,2179.3,2123.2,0.0,0.0257,1.0,std_0.05,5,0.67,0.05,beta,none
City-B,T1,10x,1800.0,S5_CityCalib,cross_regime,M_stress,500,True,4,2179.3,1368.4,431.6,0.3721,0.0,std_0.05,5,0.67,0.05,beta,none
City-B,T1,10x,1800.0,S6_Q10,routine,M_routine,500,True,4,1981.7,2123.2,0.0,0.0,1.0,std_0.05,5,0.67,0.05,beta,none
City-B,T1,10x,1800.0,S6_Q10,cross_regime,M_stress,500,True,4,1981.7,1368.4,431.6,0.3095,0.0,std_0.05,5,0.67,0.05,beta,none
City-B,T2,1x,260.0,S0a_RoutineOracle,routine,M_routine,500,True,1,596.5,596.5,0.0,0.0,1.0,std_0.05,5,0.67,0.05,beta,none
City-B,T2,1x,260.0,S0a_RoutineOracle,cross_regime,M_stress,500,True,1,596.5,299.8,0.0,0.4974,1.0,std_0.05,5,0.67,0.05,beta,none
City-B,T2,1x,260.0,S0b_StressOracle,routine,M_routine,500,True,1,378.8,500.8,0.0,0.0,1.0,std_0.05,5,0.67,0.05,beta,none
City-B,T2,1x,260.0,S0b_StressOracle,cross_regime,M_stress,500,True,1,378.8,378.8,0.0,0.0,1.0,std_0.05,5,0.67,0.05,beta,none
City-B,T2,1x,260.0,S1_CapRR,routine,M_routine,500,True,1,846.0,500.8,0.0,0.408,1.0,std_0.05,5,0.67,0.05,beta,none
City-B,T2,1x,260.0,S1_CapRR,cross_regime,M_stress,500,True,1,846.0,378.8,0.0,0.5523,1.0,std_0.05,5,0.67,0.05,beta,none
City-B,T2,1x,260.0,S2_Platform,routine,M_routine,500,True,1,557.0,460.6,0.0,0.1731,1.0,std_0.05,5,0.67,0.05,beta,none
City-B,T2,1x,260.0,S2_Platform,cross_regime,M_stress,500,True,1,557.0,323.2,0.0,0.4197,1.0,std_0.05,5,0.67,0.05,beta,none
City-B,T2,1x,260.0,S3_Lin4,routine,M_routine,500,True,1,462.1,596.5,0.0,0.0,1.0,std_0.05,5,0.67,0.05,beta,none
City-B,T2,1x,260.0,S3_Lin4,cross_regime,M_stress,500,True,1,462.1,299.8,0.0,0.3511,1.0,std_0.05,5,0.67,0.05,beta,none
City-B,T2,1x,260.0,S4_GlobalCalib,routine,M_routine,500,True,1,559.7,500.8,0.0,0.1052,1.0,std_0.05,5,0.67,0.05,beta,none
City-B,T2,1x,260.0,S4_GlobalCalib,cross_regime,M_stress,500,True,1,559.7,378.8,0.0,0.3232,1.0,std_0.05,5,0.67,0.05,beta,none
City-B,T2,1x,260.0,S5_CityCalib,routine,M_routine,500,True,1,557.4,500.8,0.0,0.1015,1.0,std_0.05,5,0.67,0.05,beta,none
City-B,T2,1x,260.0,S5_CityCalib,cross_regime,M_stress,500,True,1,557.4,378.8,0.0,0.3204,1.0,std_0.05,5,0.67,0.05,beta,none
City-B,T2,1x,260.0,S6_Q10,routine,M_routine,500,True,1,507.5,500.8,0.0,0.0131,1.0,std_0.05,5,0.67,0.05,beta,none
City-B,T2,1x,260.0,S6_Q10,cross_regime,M_stress,500,True,1,507.5,378.8,0.0,0.2535,1.0,std_0.05,5,0.67,0.05,beta,none
City-B,T2,2x,520.0,S0a_RoutineOracle,routine,M_routine,500,True,1,596.5,596.5,0.0,0.0,1.0,std_0.05,5,0.67,0.05,beta,none
City-B,T2,2x,520.0,S0a_RoutineOracle,cross_regime,M_stress,500,True,1,596.5,299.8,220.2,0.4974,0.0,std_0.05,5,0.67,0.05,beta,none
City-B,T2,2x,520.0,S0b_StressOracle,routine,M_routine,500,True,2,742.7,1032.0,0.0,0.0,1.0,std_0.05,5,0.67,0.05,beta,none
City-B,T2,2x,520.0,S0b_StressOracle,cross_regime,M_stress,500,True,2,742.7,742.7,0.0,0.0,1.0,std_0.05,5,0.67,0.05,beta,none
City-B,T2,2x,520.0,S1_CapRR,routine,M_routine,500,True,1,846.0,500.8,19.2,0.408,0.0,std_0.05,5,0.67,0.05,beta,none
City-B,T2,2x,520.0,S1_CapRR,cross_regime,M_stress,500,True,1,846.0,378.8,141.2,0.5523,0.0,std_0.05,5,0.67,0.05,beta,none
City-B,T2,2x,520.0,S2_Platform,routine,M_routine,500,True,1,557.0,460.6,59.4,0.1731,0.0,std_0.05,5,0.67,0.05,beta,none
City-B,T2,2x,520.0,S2_Platform,cross_regime,M_stress,500,True,1,557.0,323.2,196.8,0.4197,0.0,std_0.05,5,0.67,0.05,beta,none
City-B,T2,2x,520.0,S3_Lin4,routine,M_routine,500,True,2,918.0,1057.1,0.0,0.0,1.0,std_0.05,5,0.67,0.05,beta,none
City-B,T2,2x,520.0,S3_Lin4,cross_regime,M_stress,500,True,2,918.0,623.0,0.0,0.3213,1.0,std_0.05,5,0.67,0.05,beta,none
City-B,T2,2x,520.0,S4_GlobalCalib,routine,M_routine,500,True,1,559.7,500.8,19.2,0.1052,0.0,std_0.05,5,0.67,0.05,beta,none
City-B,T2,2x,520.0,S4_GlobalCalib,cross_regime,M_stress,500,True,1,559.7,378.8,141.2,0.3232,0.0,std_0.05,5,0.67,0.05,beta,none
City-B,T2,2x,520.0,S5_CityCalib,routine,M_routine,500,True,1,557.4,500.8,19.2,0.1015,0.0,std_0.05,5,0.67,0.05,beta,none
City-B,T2,2x,520.0,S5_CityCalib,cross_regime,M_stress,500,True,1,557.4,378.8,141.2,0.3204,0.0,std_0.05,5,0.67,0.05,beta,none
City-B,T2,2x,520.0,S6_Q10,routine,M_routine,500,True,2,1012.5,1032.0,0.0,0.0,1.0,std_0.05,5,0.67,0.05,beta,none
City-B,T2,2x,520.0,S6_Q10,cross_regime,M_stress,500,True,2,1012.5,742.7,0.0,0.2664,1.0,std_0.05,5,0.67,0.05,beta,none
City-B,T2,5x,1300.0,S0a_RoutineOracle,routine,M_routine,500,True,3,1628.5,1628.5,0.0,0.0,1.0,std_0.05,5,0.67,0.05,beta,none
City-B,T2,5x,1300.0,S0a_RoutineOracle,cross_regime,M_stress,500,True,3,1628.5,1042.6,257.4,0.3598,0.0,std_0.05,5,0.67,0.05,beta,none
City-B,T2,5x,1300.0,S0b_StressOracle,routine,M_routine,500,True,4,1365.8,2089.1,0.0,0.0,1.0,std_0.05,5,0.67,0.05,beta,none
City-B,T2,5x,1300.0,S0b_StressOracle,cross_regime,M_stress,500,True,4,1365.8,1365.8,0.0,0.0,1.0,std_0.05,5,0.67,0.05,beta,none
City-B,T2,5x,1300.0,S1_CapRR,routine,M_routine,500,True,2,1688.0,1032.0,268.0,0.3886,0.0,std_0.05,5,0.67,0.05,beta,none
City-B,T2,5x,1300.0,S1_CapRR,cross_regime,M_stress,500,True,2,1688.0,742.7,557.3,0.56,0.0,std_0.05,5,0.67,0.05,beta,none
City-B,T2,5x,1300.0,S2_Platform,routine,M_routine,500,True,3,1630.3,1588.3,0.0,0.0258,1.0,std_0.05,5,0.67,0.05,beta,none
City-B,T2,5x,1300.0,S2_Platform,cross_regime,M_stress,500,True,3,1630.3,987.0,313.0,0.3946,0.0,std_0.05,5,0.67,0.05,beta,none
City-B,T2,5x,1300.0,S3_Lin4,routine,M_routine,500,True,3,1370.1,1557.9,0.0,0.0,1.0,std_0.05,5,0.67,0.05,beta,none
City-B,T2,5x,1300.0,S3_Lin4,cross_regime,M_stress,500,True,3,1370.1,1001.8,298.2,0.2688,0.0,std_0.05,5,0.67,0.05,beta,none
City-B,T2,5x,1300.0,S4_GlobalCalib,routine,M_routine,500,True,3,1657.0,1628.5,0.0,0.0172,1.0,std_0.05,5,0.67,0.05,beta,none
City-B,T2,5x,1300.0,S4_GlobalCalib,cross_regime,M_stress,500,True,3,1657.0,1042.6,257.4,0.3708,0.0,std_0.05,5,0.67,0.05,beta,none
City-B,T2,5x,1300.0,S5_CityCalib,routine,M_routine,500,True,3,1650.1,1628.5,0.0,0.0131,1.0,std_0.05,5,0.67,0.05,beta,none
City-B,T2,5x,1300.0,S5_CityCalib,cross_regime,M_stress,500,True,3,1650.1,1042.6,257.4,0.3682,0.0,std_0.05,5,0.67,0.05,beta,none
City-B,T2,5x,1300.0,S6_Q10,routine,M_routine,500,True,3,1502.3,1628.5,0.0,0.0,1.0,std_0.05,5,0.67,0.05,beta,none
City-B,T2,5x,1300.0,S6_Q10,cross_regime,M_stress,500,True,3,1502.3,1042.6,257.4,0.306,0.0,std_0.05,5,0.67,0.05,beta,none
City-B,T2,10x,2600.0,S0a_RoutineOracle,routine,M_routine,500,True,6,2999.1,2999.1,0.0,0.0,1.0,std_0.05,5,0.67,0.05,beta,none
City-B,T2,10x,2600.0,S0a_RoutineOracle,cross_regime,M_stress,500,True,6,2999.1,1924.4,675.6,0.3584,0.0,std_0.05,5,0.67,0.05,beta,none
City-B,T2,10x,2600.0,S0b_StressOracle,routine,M_routine,500,True,9,2713.1,4092.3,0.0,0.0,1.0,std_0.05,5,0.67,0.05,beta,none
City-B,T2,10x,2600.0,S0b_StressOracle,cross_regime,M_stress,500,True,9,2713.1,2713.1,0.0,0.0,1.0,std_0.05,5,0.67,0.05,beta,none
City-B,T2,10x,2600.0,S1_CapRR,routine,M_routine,500,True,4,3303.2,2089.1,510.9,0.3676,0.0,std_0.05,5,0.67,0.05,beta,none
City-B,T2,10x,2600.0,S1_CapRR,cross_regime,M_stress,500,True,4,3303.2,1365.8,1234.2,0.5865,0.0,std_0.05,5,0.67,0.05,beta,none
City-B,T2,10x,2600.0,S2_Platform,routine,M_routine,500,True,6,2974.4,2972.5,0.0,0.0006,1.0,std_0.05,5,0.67,0.05,beta,none
City-B,T2,10x,2600.0,S2_Platform,cross_regime,M_stress,500,True,6,2974.4,1917.2,682.8,0.3554,0.0,std_0.05,5,0.67,0.05,beta,none
City-B,T2,10x,2600.0,S3_Lin4,routine,M_routine,500,True,7,2942.0,3415.3,0.0,0.0,1.0,std_0.05,5,0.67,0.05,beta,none
City-B,T2,10x,2600.0,S3_Lin4,cross_regime,M_stress,500,True,7,2942.0,2179.5,420.5,0.2592,0.0,std_0.05,5,0.67,0.05,beta,none
City-B,T2,10x,2600.0,S4_GlobalCalib,routine,M_routine,500,True,5,2648.0,2556.4,43.6,0.0346,0.0,std_0.05,5,0.67,0.05,beta,none
City-B,T2,10x,2600.0,S4_GlobalCalib,cross_regime,M_stress,500,True,5,2648.0,1662.0,938.0,0.3724,0.0,std_0.05,5,0.67,0.05,beta,none
City-B,T2,10x,2600.0,S5_CityCalib,routine,M_routine,500,True,5,2637.2,2556.4,43.6,0.0306,0.0,std_0.05,5,0.67,0.05,beta,none
City-B,T2,10x,2600.0,S5_CityCalib,cross_regime,M_stress,500,True,5,2637.2,1662.0,938.0,0.3698,0.0,std_0.05,5,0.67,0.05,beta,none
City-B,T2,10x,2600.0,S6_Q10,routine,M_routine,500,True,6,2786.6,2999.1,0.0,0.0,1.0,std_0.05,5,0.67,0.05,beta,none
City-B,T2,10x,2600.0,S6_Q10,cross_regime,M_stress,500,True,6,2786.6,1924.4,675.6,0.3094,0.0,std_0.05,5,0.67,0.05,beta,none
City-B,T3,1x,200.0,S0a_RoutineOracle,routine,M_routine,500,True,1,503.2,503.2,0.0,0.0,1.0,std_0.05,5,0.67,0.05,beta,none
City-B,T3,1x,200.0,S0a_RoutineOracle,cross_regime,M_stress,500,True,1,503.2,309.1,0.0,0.3857,1.0,std_0.05,5,0.67,0.05,beta,none
City-B,T3,1x,200.0,S0b_StressOracle,routine,M_routine,500,True,1,376.2,457.5,0.0,0.0,1.0,std_0.05,5,0.67,0.05,beta,none
City-B,T3,1x,200.0,S0b_StressOracle,cross_regime,M_stress,500,True,1,376.2,376.2,0.0,0.0,1.0,std_0.05,5,0.67,0.05,beta,none
City-B,T3,1x,200.0,S1_CapRR,routine,M_routine,500,True,1,744.5,503.2,0.0,0.3241,1.0,std_0.05,5,0.67,0.05,beta,none
City-B,T3,1x,200.0,S1_CapRR,cross_regime,M_stress,500,True,1,744.5,309.1,0.0,0.5848,1.0,std_0.05,5,0.67,0.05,beta,none
City-B,T3,1x,200.0,S2_Platform,routine,M_routine,500,True,1,543.2,457.5,0.0,0.1576,1.0,std_0.05,5,0.67,0.05,beta,none
City-B,T3,1x,200.0,S2_Platform,cross_regime,M_stress,500,True,1,543.2,376.2,0.0,0.3074,1.0,std_0.05,5,0.67,0.05,beta,none
City-B,T3,1x,200.0,S3_Lin4,routine,M_routine,500,True,1,453.8,480.6,0.0,0.0,1.0,std_0.05,5,0.67,0.05,beta,none
City-B,T3,1x,200.0,S3_Lin4,cross_regime,M_stress,500,True,1,453.8,315.5,0.0,0.3049,1.0,std_0.05,5,0.67,0.05,beta,none
City-B,T3,1x,200.0,S4_GlobalCalib,routine,M_routine,500,True,1,492.9,503.2,0.0,0.0,1.0,std_0.05,5,0.67,0.05,beta,none
City-B,T3,1x,200.0,S4_GlobalCalib,cross_regime,M_stress,500,True,1,492.9,309.1,0.0,0.3728,1.0,std_0.05,5,0.67,0.05,beta,none
City-B,T3,1x,200.0,S5_CityCalib,routine,M_routine,500,True,1,490.1,503.2,0.0,0.0,1.0,std_0.05,5,0.67,0.05,beta,none
City-B,T3,1x,200.0,S5_CityCalib,cross_regime,M_stress,500,True,1,490.1,309.1,0.0,0.3692,1.0,std_0.05,5,0.67,0.05,beta,none
City-B,T3,1x,200.0,S6_Q10,routine,M_routine,500,True,1,445.6,503.2,0.0,0.0,1.0,std_0.05,5,0.67,0.05,beta,none
City-B,T3,1x,200.0,S6_Q10,cross_regime,M_stress,500,True,1,445.6,309.1,0.0,0.3063,1.0,std_0.05,5,0.67,0.05,beta,none
City-B,T3,2x,400.0,S0a_RoutineOracle,routine,M_routine,500,True,1,503.2,503.2,0.0,0.0,1.0,std_0.05,5,0.67,0.05,beta,none
City-B,T3,2x,400.0,S0a_RoutineOracle,cross_regime,M_stress,500,True,1,503.2,309.1,90.9,0.3857,0.0,std_0.05,5,0.67,0.05,beta,none
City-B,T3,2x,400.0,S0b_StressOracle,routine,M_routine,500,True,2,701.7,910.0,0.0,0.0,1.0,std_0.05,5,0.67,0.05,beta,none
City-B,T3,2x,400.0,S0b_StressOracle,cross_regime,M_stress,500,True,2,701.7,701.7,0.0,0.0,1.0,std_0.05,5,0.67,0.05,beta,none
City-B,T3,2x,400.0,S1_CapRR,routine,M_routine,500,True,1,744.5,503.2,0.0,0.3241,1.0,std_0.05,5,0.67,0.05,beta,none
City-B,T3,2x,400.0,S1_CapRR,cross_regime,M_stress,500,True,1,744.5,309.1,90.9,0.5848,0.0,std_0.05,5,0.67,0.05,beta,none
City-B,T3,2x,400.0,S2_Platform,routine,M_routine,500,True,1,543.2,457.5,0.0,0.1576,1.0,std_0.05,5,0.67,0.05,beta,none
City-B,T3,2x,400.0,S2_Platform,cross_regime,M_stress,500,True,1,543.2,376.2,23.8,0.3074,0.0,std_0.05,5,0.67,0.05,beta,none
City-B,T3,2x,400.0,S3_Lin4,routine,M_routine,500,True,1,453.8,480.6,0.0,0.0,1.0,std_0.05,5,0.67,0.05,beta,none
City-B,T3,2x,400.0,S3_Lin4,cross_regime,M_stress,500,True,1,453.8,315.5,84.5,0.3049,0.0,std_0.05,5,0.67,0.05,beta,none
City-B,T3,2x,400.0,S4_GlobalCalib,routine,M_routine,500,True,1,492.9,503.2,0.0,0.0,1.0,std_0.05,5,0.67,0.05,beta,none
City-B,T3,2x,400.0,S4_GlobalCalib,cross_regime,M_stress,500,True,1,492.9,309.1,90.9,0.3728,0.0,std_0.05,5,0.67,0.05,beta,none
City-B,T3,2x,400.0,S5_CityCalib,routine,M_routine,500,True,1,490.1,503.2,0.0,0.0,1.0,std_0.05,5,0.67,0.05,beta,none
City-B,T3,2x,400.0,S5_CityCalib,cross_regime,M_stress,500,True,1,490.1,309.1,90.9,0.3692,0.0,std_0.05,5,0.67,0.05,beta,none
City-B,T3,2x,400.0,S6_Q10,routine,M_routine,500,True,1,445.6,503.2,0.0,0.0,1.0,std_0.05,5,0.67,0.05,beta,none
City-B,T3,2x,400.0,S6_Q10,cross_regime,M_stress,500,True,1,445.6,309.1,90.9,0.3063,0.0,std_0.05,5,0.67,0.05,beta,none
City-B,T3,5x,1000.0,S0a_RoutineOracle,routine,M_routine,500,True,3,1441.3,1441.3,0.0,0.0,1.0,std_0.05,5,0.67,0.05,beta,none
City-B,T3,5x,1000.0,S0a_RoutineOracle,cross_regime,M_stress,500,True,3,1441.3,1000.8,0.0,0.3056,1.0,std_0.05,5,0.67,0.05,beta,none
City-B,T3,5x,1000.0,S0b_StressOracle,routine,M_routine,500,True,3,1017.2,1390.5,0.0,0.0,1.0,std_0.05,5,0.67,0.05,beta,none
City-B,T3,5x,1000.0,S0b_StressOracle,cross_regime,M_stress,500,True,3,1017.2,1017.2,0.0,0.0,1.0,std_0.05,5,0.67,0.05,beta,none
City-B,T3,5x,1000.0,S1_CapRR,routine,M_routine,500,True,2,1485.4,960.8,39.2,0.3532,0.0,std_0.05,5,0.67,0.05,beta,none
City-B,T3,5x,1000.0,S1_CapRR,cross_regime,M_stress,500,True,2,1485.4,685.4,314.6,0.5386,0.0,std_0.05,5,0.67,0.05,beta,none
City-B,T3,5x,1000.0,S2_Platform,routine,M_routine,500,True,2,1048.0,938.1,61.9,0.1048,0.0,std_0.05,5,0.67,0.05,beta,none
City-B,T3,5x,1000.0,S2_Platform,cross_regime,M_stress,500,True,2,1048.0,691.7,308.3,0.34,0.0,std_0.05,5,0.67,0.05,beta,none
City-B,T3,5x,1000.0,S3_Lin4,routine,M_routine,500,True,3,1342.5,1436.2,0.0,0.0,1.0,std_0.05,5,0.67,0.05,beta,none
City-B,T3,5x,1000.0,S3_Lin4,cross_regime,M_stress,500,True,3,1342.5,950.1,49.9,0.2923,0.0,std_0.05,5,0.67,0.05,beta,none
City-B,T3,5x,1000.0,S4_GlobalCalib,routine,M_routine,500,True,3,1459.0,1441.3,0.0,0.0121,1.0,std_0.05,5,0.67,0.05,beta,none
City-B,T3,5x,1000.0,S4_GlobalCalib,cross_regime,M_stress,500,True,3,1459.0,1000.8,0.0,0.3141,1.0,std_0.05,5,0.67,0.05,beta,none
City-B,T3,5x,1000.0,S5_CityCalib,routine,M_routine,500,True,3,1450.9,1441.3,0.0,0.0066,1.0,std_0.05,5,0.67,0.05,beta,none
City-B,T3,5x,1000.0,S5_CityCalib,cross_regime,M_stress,500,True,3,1450.9,1000.8,0.0,0.3102,1.0,std_0.05,5,0.67,0.05,beta,none
City-B,T3,5x,1000.0,S6_Q10,routine,M_routine,500,True,3,1319.1,1441.3,0.0,0.0,1.0,std_0.05,5,0.67,0.05,beta,none
City-B,T3,5x,1000.0,S6_Q10,cross_regime,M_stress,500,True,3,1319.1,1000.8,0.0,0.2413,1.0,std_0.05,5,0.67,0.05,beta,none
City-B,T3,10x,2000.0,S0a_RoutineOracle,routine,M_routine,500,True,5,2297.0,2297.0,0.0,0.0,1.0,std_0.05,5,0.67,0.05,beta,none
City-B,T3,10x,2000.0,S0a_RoutineOracle,cross_regime,M_stress,500,True,5,2297.0,1602.7,397.3,0.3023,0.0,std_0.05,5,0.67,0.05,beta,none
City-B,T3,10x,2000.0,S0b_StressOracle,routine,M_routine,500,True,7,2103.4,3055.4,0.0,0.0,1.0,std_0.05,5,0.67,0.05,beta,none
City-B,T3,10x,2000.0,S0b_StressOracle,cross_regime,M_stress,500,True,7,2103.4,2103.4,0.0,0.0,1.0,std_0.05,5,0.67,0.05,beta,none
City-B,T3,10x,2000.0,S1_CapRR,routine,M_routine,500,True,3,2203.9,1441.3,558.7,0.346,0.0,std_0.05,5,0.67,0.05,beta,none
City-B,T3,10x,2000.0,S1_CapRR,cross_regime,M_stress,500,True,3,2203.9,1000.8,999.2,0.5459,0.0,std_0.05,5,0.67,0.05,beta,none
City-B,T3,10x,2000.0,S2_Platform,routine,M_routine,500,True,5,2307.7,2118.2,0.0,0.0821,1.0,std_0.05,5,0.67,0.05,beta,none
City-B,T3,10x,2000.0,S2_Platform,cross_regime,M_stress,500,True,5,2307.7,1486.8,513.2,0.3557,0.0,std_0.05,5,0.67,0.05,beta,none
City-B,T3,10x,2000.0,S3_Lin4,routine,M_routine,500,True,5,2155.4,2282.3,0.0,0.0,1.0,std_0.05,5,0.67,0.05,beta,none
City-B,T3,10x,2000.0,S3_Lin4,cross_regime,M_stress,500,True,5,2155.4,1567.6,432.4,0.2727,0.0,std_0.05,5,0.67,0.05,beta,none
City-B,T3,10x,2000.0,S4_GlobalCalib,routine,M_routine,500,True,5,2331.7,2297.0,0.0,0.0149,1.0,std_0.05,5,0.67,0.05,beta,none
City-B,T3,10x,2000.0,S4_GlobalCalib,cross_regime,M_stress,500,True,5,2331.7,1602.7,397.3,0.3126,0.0,std_0.05,5,0.67,0.05,beta,none
City-B,T3,10x,2000.0,S5_CityCalib,routine,M_routine,500,True,5,2318.8,2297.0,0.0,0.0094,1.0,std_0.05,5,0.67,0.05,beta,none
City-B,T3,10x,2000.0,S5_CityCalib,cross_regime,M_stress,500,True,5,2318.8,1602.7,397.3,0.3088,0.0,std_0.05,5,0.67,0.05,beta,none
City-B,T3,10x,2000.0,S6_Q10,routine,M_routine,500,True,5,2108.0,2297.0,0.0,0.0,1.0,std_0.05,5,0.67,0.05,beta,none
City-B,T3,10x,2000.0,S6_Q10,cross_regime,M_stress,500,True,5,2108.0,1602.7,397.3,0.2397,0.0,std_0.05,5,0.67,0.05,beta,none
City-B,T4,1x,140.0,S0a_RoutineOracle,routine,M_routine,500,True,1,607.4,607.4,0.0,0.0,1.0,std_0.05,5,0.67,0.05,beta,none
City-B,T4,1x,140.0,S0a_RoutineOracle,cross_regime,M_stress,500,True,1,607.4,326.0,0.0,0.4632,1.0,std_0.05,5,0.67,0.05,beta,none
City-B,T4,1x,140.0,S0b_StressOracle,routine,M_routine,500,True,1,393.3,545.7,0.0,0.0,1.0,std_0.05,5,0.67,0.05,beta,none
City-B,T4,1x,140.0,S0b_StressOracle,cross_regime,M_stress,500,True,1,393.3,393.3,0.0,0.0,1.0,std_0.05,5,0.67,0.05,beta,none
City-B,T4,1x,140.0,S1_CapRR,routine,M_routine,500,True,1,846.0,545.7,0.0,0.3549,1.0,std_0.05,5,0.67,0.05,beta,none
City-B,T4,1x,140.0,S1_CapRR,cross_regime,M_stress,500,True,1,846.0,393.3,0.0,0.5351,1.0,std_0.05,5,0.67,0.05,beta,none
City-B,T4,1x,140.0,S2_Platform,routine,M_routine,500,True,1,480.1,545.7,0.0,0.0,1.0,std_0.05,5,0.67,0.05,beta,none
City-B,T4,1x,140.0,S2_Platform,cross_regime,M_stress,500,True,1,480.1,393.3,0.0,0.1807,1.0,std_0.05,5,0.67,0.05,beta,none
City-B,T4,1x,140.0,S3_Lin4,routine,M_routine,500,True,1,464.7,607.4,0.0,0.0,1.0,std_0.05,5,0.67,0.05,beta,none
City-B,T4,1x,140.0,S3_Lin4,cross_regime,M_stress,500,True,1,464.7,326.0,0.0,0.2985,1.0,std_0.05,5,0.67,0.05,beta,none
City-B,T4,1x,140.0,S4_GlobalCalib,routine,M_routine,500,True,1,559.6,545.7,0.0,0.0247,1.0,std_0.05,5,0.67,0.05,beta,none
City-B,T4,1x,140.0,S4_GlobalCalib,cross_regime,M_stress,500,True,1,559.6,393.3,0.0,0.2971,1.0,std_0.05,5,0.67,0.05,beta,none
City-B,T4,1x,140.0,S5_CityCalib,routine,M_routine,500,True,1,556.5,545.7,0.0,0.0194,1.0,std_0.05,5,0.67,0.05,beta,none
City-B,T4,1x,140.0,S5_CityCalib,cross_regime,M_stress,500,True,1,556.5,393.3,0.0,0.2933,1.0,std_0.05,5,0.67,0.05,beta,none
City-B,T4,1x,140.0,S6_Q10,routine,M_routine,500,True,1,506.9,545.7,0.0,0.0,1.0,std_0.05,5,0.67,0.05,beta,none
City-B,T4,1x,140.0,S6_Q10,cross_regime,M_stress,500,True,1,506.9,393.3,0.0,0.2241,1.0,std_0.05,5,0.67,0.05,beta,none
City-B,T4,2x,280.0,S0a_RoutineOracle,routine,M_routine,500,True,1,607.4,607.4,0.0,0.0,1.0,std_0.05,5,0.67,0.05,beta,none
City-B,T4,2x,280.0,S0a_RoutineOracle,cross_regime,M_stress,500,True,1,607.4,326.0,0.0,0.4632,1.0,std_0.05,5,0.67,0.05,beta,none
City-B,T4,2x,280.0,S0b_StressOracle,routine,M_routine,500,True,1,393.3,545.7,0.0,0.0,1.0,std_0.05,5,0.67,0.05,beta,none
City-B,T4,2x,280.0,S0b_StressOracle,cross_regime,M_stress,500,True,1,393.3,393.3,0.0,0.0,1.0,std_0.05,5,0.67,0.05,beta,none
City-B,T4,2x,280.0,S1_CapRR,routine,M_routine,500,True,1,846.0,545.7,0.0,0.3549,1.0,std_0.05,5,0.67,0.05,beta,none
City-B,T4,2x,280.0,S1_CapRR,cross_regime,M_stress,500,True,1,846.0,393.3,0.0,0.5351,1.0,std_0.05,5,0.67,0.05,beta,none
City-B,T4,2x,280.0,S2_Platform,routine,M_routine,500,True,1,480.1,545.7,0.0,0.0,1.0,std_0.05,5,0.67,0.05,beta,none
City-B,T4,2x,280.0,S2_Platform,cross_regime,M_stress,500,True,1,480.1,393.3,0.0,0.1807,1.0,std_0.05,5,0.67,0.05,beta,none
City-B,T4,2x,280.0,S3_Lin4,routine,M_routine,500,True,1,464.7,607.4,0.0,0.0,1.0,std_0.05,5,0.67,0.05,beta,none
City-B,T4,2x,280.0,S3_Lin4,cross_regime,M_stress,500,True,1,464.7,326.0,0.0,0.2985,1.0,std_0.05,5,0.67,0.05,beta,none
City-B,T4,2x,280.0,S4_GlobalCalib,routine,M_routine,500,True,1,559.6,545.7,0.0,0.0247,1.0,std_0.05,5,0.67,0.05,beta,none
City-B,T4,2x,280.0,S4_GlobalCalib,cross_regime,M_stress,500,True,1,559.6,393.3,0.0,0.2971,1.0,std_0.05,5,0.67,0.05,beta,none
City-B,T4,2x,280.0,S5_CityCalib,routine,M_routine,500,True,1,556.5,545.7,0.0,0.0194,1.0,std_0.05,5,0.67,0.05,beta,none
City-B,T4,2x,280.0,S5_CityCalib,cross_regime,M_stress,500,True,1,556.5,393.3,0.0,0.2933,1.0,std_0.05,5,0.67,0.05,beta,none
City-B,T4,2x,280.0,S6_Q10,routine,M_routine,500,True,1,506.9,545.7,0.0,0.0,1.0,std_0.05,5,0.67,0.05,beta,none
City-B,T4,2x,280.0,S6_Q10,cross_regime,M_stress,500,True,1,506.9,393.3,0.0,0.2241,1.0,std_0.05,5,0.67,0.05,beta,none
City-B,T4,5x,700.0,S0a_RoutineOracle,routine,M_routine,500,True,2,1153.1,1153.1,0.0,0.0,1.0,std_0.05,5,0.67,0.05,beta,none
City-B,T4,5x,700.0,S0a_RoutineOracle,cross_regime,M_stress,500,True,2,1153.1,719.3,0.0,0.3762,1.0,std_0.05,5,0.67,0.05,beta,none
City-B,T4,5x,700.0,S0b_StressOracle,routine,M_routine,500,True,2,773.9,1048.1,0.0,0.0,1.0,std_0.05,5,0.67,0.05,beta,none
City-B,T4,5x,700.0,S0b_StressOracle,cross_regime,M_stress,500,True,2,773.9,773.9,0.0,0.0,1.0,std_0.05,5,0.67,0.05,beta,none
City-B,T4,5x,700.0,S1_CapRR,routine,M_routine,500,True,1,846.0,545.7,154.3,0.3549,0.0,std_0.05,5,0.67,0.05,beta,none
City-B,T4,5x,700.0,S1_CapRR,cross_regime,M_stress,500,True,1,846.0,393.3,306.7,0.5351,0.0,std_0.05,5,0.67,0.05,beta,none
City-B,T4,5x,700.0,S2_Platform,routine,M_routine,500,True,2,912.9,1048.1,0.0,0.0,1.0,std_0.05,5,0.67,0.05,beta,none
City-B,T4,5x,700.0,S2_Platform,cross_regime,M_stress,500,True,2,912.9,773.9,0.0,0.1523,1.0,std_0.05,5,0.67,0.05,beta,none
City-B,T4,5x,700.0,S3_Lin4,routine,M_routine,500,True,2,923.3,1109.7,0.0,0.0,1.0,std_0.05,5,0.67,0.05,beta,none
City-B,T4,5x,700.0,S3_Lin4,cross_regime,M_stress,500,True,2,923.3,706.6,0.0,0.2347,1.0,std_0.05,5,0.67,0.05,beta,none
City-B,T4,5x,700.0,S4_GlobalCalib,routine,M_routine,500,True,2,1116.5,1056.1,0.0,0.0541,1.0,std_0.05,5,0.67,0.05,beta,none
City-B,T4,5x,700.0,S4_GlobalCalib,cross_regime,M_stress,500,True,2,1116.5,764.8,0.0,0.315,1.0,std_0.05,5,0.67,0.05,beta,none
City-B,T4,5x,700.0,S5_CityCalib,routine,M_routine,500,True,2,1110.4,1056.1,0.0,0.0489,1.0,std_0.05,5,0.67,0.05,beta,none
City-B,T4,5x,700.0,S5_CityCalib,cross_regime,M_stress,500,True,2,1110.4,764.8,0.0,0.3113,1.0,std_0.05,5,0.67,0.05,beta,none
City-B,T4,5x,700.0,S6_Q10,routine,M_routine,500,True,2,1011.3,1056.1,0.0,0.0,1.0,std_0.05,5,0.67,0.05,beta,none
City-B,T4,5x,700.0,S6_Q10,cross_regime,M_stress,500,True,2,1011.3,764.8,0.0,0.2438,1.0,std_0.05,5,0.67,0.05,beta,none
City-B,T4,10x,1400.0,S0a_RoutineOracle,routine,M_routine,500,True,3,1663.4,1663.4,0.0,0.0,1.0,std_0.05,5,0.67,0.05,beta,none
City-B,T4,10x,1400.0,S0a_RoutineOracle,cross_regime,M_stress,500,True,3,1663.4,1090.8,309.2,0.3443,0.0,std_0.05,5,0.67,0.05,beta,none
City-B,T4,10x,1400.0,S0b_StressOracle,routine,M_routine,500,True,4,1471.3,2165.8,0.0,0.0,1.0,std_0.05,5,0.67,0.05,beta,none
City-B,T4,10x,1400.0,S0b_StressOracle,cross_regime,M_stress,500,True,4,1471.3,1471.3,0.0,0.0,1.0,std_0.05,5,0.67,0.05,beta,none
City-B,T4,10x,1400.0,S1_CapRR,routine,M_routine,500,True,2,1688.0,1056.1,343.9,0.3743,0.0,std_0.05,5,0.67,0.05,beta,none
City-B,T4,10x,1400.0,S1_CapRR,cross_regime,M_stress,500,True,2,1688.0,764.8,635.2,0.5469,0.0,std_0.05,5,0.67,0.05,beta,none
City-B,T4,10x,1400.0,S2_Platform,routine,M_routine,500,True,4,1693.5,2094.8,0.0,0.0,1.0,std_0.05,5,0.67,0.05,beta,none
City-B,T4,10x,1400.0,S2_Platform,cross_regime,M_stress,500,True,4,1693.5,1395.7,4.3,0.1758,0.0,std_0.05,5,0.67,0.05,beta,none
City-B,T4,10x,1400.0,S3_Lin4,routine,M_routine,500,True,4,1830.8,2165.8,0.0,0.0,1.0,std_0.05,5,0.67,0.05,beta,none
City-B,T4,10x,1400.0,S3_Lin4,cross_regime,M_stress,500,True,4,1830.8,1471.3,0.0,0.1963,1.0,std_0.05,5,0.67,0.05,beta,none
City-B,T4,10x,1400.0,S4_GlobalCalib,routine,M_routine,500,True,3,1656.6,1663.4,0.0,0.0,1.0,std_0.05,5,0.67,0.05,beta,none
City-B,T4,10x,1400.0,S4_GlobalCalib,cross_regime,M_stress,500,True,3,1656.6,1090.8,309.2,0.3415,0.0,std_0.05,5,0.67,0.05,beta,none
City-B,T4,10x,1400.0,S5_CityCalib,routine,M_routine,500,True,3,1647.5,1663.4,0.0,0.0,1.0,std_0.05,5,0.67,0.05,beta,none
City-B,T4,10x,1400.0,S5_CityCalib,cross_regime,M_stress,500,True,3,1647.5,1090.8,309.2,0.3379,0.0,std_0.05,5,0.67,0.05,beta,none
City-B,T4,10x,1400.0,S6_Q10,routine,M_routine,500,True,3,1500.5,1663.4,0.0,0.0,1.0,std_0.05,5,0.67,0.05,beta,none
City-B,T4,10x,1400.0,S6_Q10,cross_regime,M_stress,500,True,3,1500.5,1090.8,309.2,0.2731,0.0,std_0.05,5,0.67,0.05,beta,none
City-B,T5,1x,160.0,S0a_RoutineOracle,routine,M_routine,500,True,1,489.2,489.2,0.0,0.0,1.0,std_0.05,5,0.67,0.05,beta,none
City-B,T5,1x,160.0,S0a_RoutineOracle,cross_regime,M_stress,500,True,1,489.2,347.2,0.0,0.2902,1.0,std_0.05,5,0.67,0.05,beta,none
City-B,T5,1x,160.0,S0b_StressOracle,routine,M_routine,500,True,1,347.2,489.2,0.0,0.0,1.0,std_0.05,5,0.67,0.05,beta,none
City-B,T5,1x,160.0,S0b_StressOracle,cross_regime,M_stress,500,True,1,347.2,347.2,0.0,0.0,1.0,std_0.05,5,0.67,0.05,beta,none
City-B,T5,1x,160.0,S1_CapRR,routine,M_routine,500,True,1,744.5,489.2,0.0,0.3429,1.0,std_0.05,5,0.67,0.05,beta,none
City-B,T5,1x,160.0,S1_CapRR,cross_regime,M_stress,500,True,1,744.5,324.5,0.0,0.5642,1.0,std_0.05,5,0.67,0.05,beta,none
City-B,T5,1x,160.0,S2_Platform,routine,M_routine,500,True,1,553.3,464.1,0.0,0.1613,1.0,std_0.05,5,0.67,0.05,beta,none
City-B,T5,1x,160.0,S2_Platform,cross_regime,M_stress,500,True,1,553.3,294.7,0.0,0.4674,1.0,std_0.05,5,0.67,0.05,beta,none
City-B,T5,1x,160.0,S3_Lin4,routine,M_routine,500,True,1,452.8,464.6,0.0,0.0,1.0,std_0.05,5,0.67,0.05,beta,none
City-B,T5,1x,160.0,S3_Lin4,cross_regime,M_stress,500,True,1,452.8,344.3,0.0,0.2397,1.0,std_0.05,5,0.67,0.05,beta,none
City-B,T5,1x,160.0,S4_GlobalCalib,routine,M_routine,500,True,1,491.5,489.2,0.0,0.0047,1.0,std_0.05,5,0.67,0.05,beta,none
City-B,T5,1x,160.0,S4_GlobalCalib,cross_regime,M_stress,500,True,1,491.5,324.5,0.0,0.3399,1.0,std_0.05,5,0.67,0.05,beta,none
City-B,T5,1x,160.0,S5_CityCalib,routine,M_routine,500,True,1,488.6,489.2,0.0,0.0,1.0,std_0.05,5,0.67,0.05,beta,none
City-B,T5,1x,160.0,S5_CityCalib,cross_regime,M_stress,500,True,1,488.6,324.5,0.0,0.3359,1.0,std_0.05,5,0.67,0.05,beta,none
City-B,T5,1x,160.0,S6_Q10,routine,M_routine,500,True,1,446.3,489.2,0.0,0.0,1.0,std_0.05,5,0.67,0.05,beta,none
City-B,T5,1x,160.0,S6_Q10,cross_regime,M_stress,500,True,1,446.3,324.5,0.0,0.273,1.0,std_0.05,5,0.67,0.05,beta,none
City-B,T5,2x,320.0,S0a_RoutineOracle,routine,M_routine,500,True,1,489.2,489.2,0.0,0.0,1.0,std_0.05,5,0.67,0.05,beta,none
City-B,T5,2x,320.0,S0a_RoutineOracle,cross_regime,M_stress,500,True,1,489.2,347.2,0.0,0.2902,1.0,std_0.05,5,0.67,0.05,beta,none
City-B,T5,2x,320.0,S0b_StressOracle,routine,M_routine,500,True,1,347.2,489.2,0.0,0.0,1.0,std_0.05,5,0.67,0.05,beta,none
City-B,T5,2x,320.0,S0b_StressOracle,cross_regime,M_stress,500,True,1,347.2,347.2,0.0,0.0,1.0,std_0.05,5,0.67,0.05,beta,none
City-B,T5,2x,320.0,S1_CapRR,routine,M_routine,500,True,1,744.5,489.2,0.0,0.3429,1.0,std_0.05,5,0.67,0.05,beta,none
City-B,T5,2x,320.0,S1_CapRR,cross_regime,M_stress,500,True,1,744.5,324.5,0.0,0.5642,1.0,std_0.05,5,0.67,0.05,beta,none
City-B,T5,2x,320.0,S2_Platform,routine,M_routine,500,True,1,553.3,464.1,0.0,0.1613,1.0,std_0.05,5,0.67,0.05,beta,none
City-B,T5,2x,320.0,S2_Platform,cross_regime,M_stress,500,True,1,553.3,294.7,25.3,0.4674,0.0,std_0.05,5,0.67,0.05,beta,none
City-B,T5,2x,320.0,S3_Lin4,routine,M_routine,500,True,1,452.8,464.6,0.0,0.0,1.0,std_0.05,5,0.67,0.05,beta,none
City-B,T5,2x,320.0,S3_Lin4,cross_regime,M_stress,500,True,1,452.8,344.3,0.0,0.2397,1.0,std_0.05,5,0.67,0.05,beta,none
City-B,T5,2x,320.0,S4_GlobalCalib,routine,M_routine,500,True,1,491.5,489.2,0.0,0.0047,1.0,std_0.05,5,0.67,0.05,beta,none
City-B,T5,2x,320.0,S4_GlobalCalib,cross_regime,M_stress,500,True,1,491.5,324.5,0.0,0.3399,1.0,std_0.05,5,0.67,0.05,beta,none
City-B,T5,2x,320.0,S5_CityCalib,routine,M_routine,500,True,1,488.6,489.2,0.0,0.0,1.0,std_0.05,5,0.67,0.05,beta,none
City-B,T5,2x,320.0,S5_CityCalib,cross_regime,M_stress,500,True,1,488.6,324.5,0.0,0.3359,1.0,std_0.05,5,0.67,0.05,beta,none
City-B,T5,2x,320.0,S6_Q10,routine,M_routine,500,True,1,446.3,489.2,0.0,0.0,1.0,std_0.05,5,0.67,0.05,beta,none
City-B,T5,2x,320.0,S6_Q10,cross_regime,M_stress,500,True,1,446.3,324.5,0.0,0.273,1.0,std_0.05,5,0.67,0.05,beta,none
City-B,T5,5x,800.0,S0a_RoutineOracle,routine,M_routine,500,True,2,978.4,978.4,0.0,0.0,1.0,std_0.05,5,0.67,0.05,beta,none
City-B,T5,5x,800.0,S0a_RoutineOracle,cross_regime,M_stress,500,True,2,978.4,671.7,128.3,0.3135,0.0,std_0.05,5,0.67,0.05,beta,none
City-B,T5,5x,800.0,S0b_StressOracle,routine,M_routine,500,True,3,1016.0,1443.0,0.0,0.0,1.0,std_0.05,5,0.67,0.05,beta,none
City-B,T5,5x,800.0,S0b_StressOracle,cross_regime,M_stress,500,True,3,1016.0,1016.0,0.0,0.0,1.0,std_0.05,5,0.67,0.05,beta,none
City-B,T5,5x,800.0,S1_CapRR,routine,M_routine,500,True,2,1485.4,953.3,0.0,0.3583,1.0,std_0.05,5,0.67,0.05,beta,none
City-B,T5,5x,800.0,S1_CapRR,cross_regime,M_stress,500,True,2,1485.4,619.1,180.9,0.5832,0.0,std_0.05,5,0.67,0.05,beta,none
City-B,T5,5x,800.0,S2_Platform,routine,M_routine,500,True,2,1093.7,928.6,0.0,0.1509,1.0,std_0.05,5,0.67,0.05,beta,none
City-B,T5,5x,800.0,S2_Platform,cross_regime,M_stress,500,True,2,1093.7,638.9,161.1,0.4158,0.0,std_0.05,5,0.67,0.05,beta,none
City-B,T5,5x,800.0,S3_Lin4,routine,M_routine,500,True,2,899.5,953.8,0.0,0.0,1.0,std_0.05,5,0.67,0.05,beta,none
City-B,T5,5x,800.0,S3_Lin4,cross_regime,M_stress,500,True,2,899.5,691.5,108.5,0.2313,0.0,std_0.05,5,0.67,0.05,beta,none
City-B,T5,5x,800.0,S4_GlobalCalib,routine,M_routine,500,True,2,980.7,953.3,0.0,0.028,1.0,std_0.05,5,0.67,0.05,beta,none
City-B,T5,5x,800.0,S4_GlobalCalib,cross_regime,M_stress,500,True,2,980.7,619.1,180.9,0.3687,0.0,std_0.05,5,0.67,0.05,beta,none
City-B,T5,5x,800.0,S5_CityCalib,routine,M_routine,500,True,2,974.8,953.3,0.0,0.0221,1.0,std_0.05,5,0.67,0.05,beta,none
City-B,T5,5x,800.0,S5_CityCalib,cross_regime,M_stress,500,True,2,974.8,619.1,180.9,0.3648,0.0,std_0.05,5,0.67,0.05,beta,none
City-B,T5,5x,800.0,S6_Q10,routine,M_routine,500,True,2,890.5,953.3,0.0,0.0,1.0,std_0.05,5,0.67,0.05,beta,none
City-B,T5,5x,800.0,S6_Q10,cross_regime,M_stress,500,True,2,890.5,619.1,180.9,0.3047,0.0,std_0.05,5,0.67,0.05,beta,none
City-B,T5,10x,1600.0,S0a_RoutineOracle,routine,M_routine,500,True,4,1907.0,1907.0,0.0,0.0,1.0,std_0.05,5,0.67,0.05,beta,none
City-B,T5,10x,1600.0,S0a_RoutineOracle,cross_regime,M_stress,500,True,4,1907.0,1310.6,289.4,0.3127,0.0,std_0.05,5,0.67,0.05,beta,none
City-B,T5,10x,1600.0,S0b_StressOracle,routine,M_routine,500,True,6,1814.5,2751.2,0.0,0.0,1.0,std_0.05,5,0.67,0.05,beta,none
City-B,T5,10x,1600.0,S0b_StressOracle,cross_regime,M_stress,500,True,6,1814.5,1814.5,0.0,0.0,1.0,std_0.05,5,0.67,0.05,beta,none
City-B,T5,10x,1600.0,S1_CapRR,routine,M_routine,500,True,3,2203.9,1417.8,182.2,0.3567,0.0,std_0.05,5,0.67,0.05,beta,none
City-B,T5,10x,1600.0,S1_CapRR,cross_regime,M_stress,500,True,3,2203.9,963.4,636.6,0.5629,0.0,std_0.05,5,0.67,0.05,beta,none
City-B,T5,10x,1600.0,S2_Platform,routine,M_routine,500,True,4,2025.8,1840.4,0.0,0.0915,1.0,std_0.05,5,0.67,0.05,beta,none
City-B,T5,10x,1600.0,S2_Platform,cross_regime,M_stress,500,True,4,2025.8,1241.9,358.1,0.3869,0.0,std_0.05,5,0.67,0.05,beta,none
City-B,T5,10x,1600.0,S3_Lin4,routine,M_routine,500,True,4,1777.2,1907.0,0.0,0.0,1.0,std_0.05,5,0.67,0.05,beta,none
City-B,T5,10x,1600.0,S3_Lin4,cross_regime,M_stress,500,True,4,1777.2,1310.6,289.4,0.2625,0.0,std_0.05,5,0.67,0.05,beta,none
City-B,T5,10x,1600.0,S4_GlobalCalib,routine,M_routine,500,True,4,1919.3,1907.0,0.0,0.0064,1.0,std_0.05,5,0.67,0.05,beta,none
City-B,T5,10x,1600.0,S4_GlobalCalib,cross_regime,M_stress,500,True,4,1919.3,1310.6,289.4,0.3171,0.0,std_0.05,5,0.67,0.05,beta,none
City-B,T5,10x,1600.0,S5_CityCalib,routine,M_routine,500,True,4,1907.7,1907.0,0.0,0.0004,1.0,std_0.05,5,0.67,0.05,beta,none
City-B,T5,10x,1600.0,S5_CityCalib,cross_regime,M_stress,500,True,4,1907.7,1310.6,289.4,0.313,0.0,std_0.05,5,0.67,0.05,beta,none
City-B,T5,10x,1600.0,S6_Q10,routine,M_routine,500,True,4,1742.6,1907.0,0.0,0.0,1.0,std_0.05,5,0.67,0.05,beta,none
City-B,T5,10x,1600.0,S6_Q10,cross_regime,M_stress,500,True,4,1742.6,1310.6,289.4,0.2479,0.0,std_0.05,5,0.67,0.05,beta,none
City-C,T1,1x,180.0,S0a_RoutineOracle,routine,M_routine,650,True,1,511.5,511.5,0.0,0.0,1.0,std_0.05,5,0.67,0.05,beta,none
City-C,T1,1x,180.0,S0a_RoutineOracle,cross_regime,M_stress,650,True,1,511.5,281.6,0.0,0.4494,1.0,std_0.05,5,0.67,0.05,beta,none
City-C,T1,1x,180.0,S0b_StressOracle,routine,M_routine,650,True,1,291.2,411.7,0.0,0.0,1.0,std_0.05,5,0.67,0.05,beta,none
City-C,T1,1x,180.0,S0b_StressOracle,cross_regime,M_stress,650,True,1,291.2,291.2,0.0,0.0,1.0,std_0.05,5,0.67,0.05,beta,none
City-C,T1,1x,180.0,S1_CapRR,routine,M_routine,650,True,1,737.0,511.5,0.0,0.306,1.0,std_0.05,5,0.67,0.05,beta,none
City-C,T1,1x,180.0,S1_CapRR,cross_regime,M_stress,650,True,1,737.0,281.6,0.0,0.6179,1.0,std_0.05,5,0.67,0.05,beta,none
City-C,T1,1x,180.0,S2_Platform,routine,M_routine,650,True,1,460.9,511.5,0.0,0.0,1.0,std_0.05,5,0.67,0.05,beta,none
City-C,T1,1x,180.0,S2_Platform,cross_regime,M_stress,650,True,1,460.9,281.6,0.0,0.389,1.0,std_0.05,5,0.67,0.05,beta,none
City-C,T1,1x,180.0,S3_Lin4,routine,M_routine,650,True,1,416.7,511.5,0.0,0.0,1.0,std_0.05,5,0.67,0.05,beta,none
City-C,T1,1x,180.0,S3_Lin4,cross_regime,M_stress,650,True,1,416.7,281.6,0.0,0.3242,1.0,std_0.05,5,0.67,0.05,beta,none
City-C,T1,1x,180.0,S4_GlobalCalib,routine,M_routine,650,True,1,490.0,511.5,0.0,0.0,1.0,std_0.05,5,0.67,0.05,beta,none
City-C,T1,1x,180.0,S4_GlobalCalib,cross_regime,M_stress,650,True,1,490.0,281.6,0.0,0.4253,1.0,std_0.05,5,0.67,0.05,beta,none
City-C,T1,1x,180.0,S5_CityCalib,routine,M_routine,650,True,1,494.2,511.5,0.0,0.0,1.0,std_0.05,5,0.67,0.05,beta,none
City-C,T1,1x,180.0,S5_CityCalib,cross_regime,M_stress,650,True,1,494.2,281.6,0.0,0.4302,1.0,std_0.05,5,0.67,0.05,beta,none
City-C,T1,1x,180.0,S6_Q10,routine,M_routine,650,True,1,442.2,511.5,0.0,0.0,1.0,std_0.05,5,0.67,0.05,beta,none
City-C,T1,1x,180.0,S6_Q10,cross_regime,M_stress,650,True,1,442.2,281.6,0.0,0.3631,1.0,std_0.05,5,0.67,0.05,beta,none
City-C,T1,2x,360.0,S0a_RoutineOracle,routine,M_routine,650,True,1,511.5,511.5,0.0,0.0,1.0,std_0.05,5,0.67,0.05,beta,none
City-C,T1,2x,360.0,S0a_RoutineOracle,cross_regime,M_stress,650,True,1,511.5,281.6,78.4,0.4494,0.0,std_0.05,5,0.67,0.05,beta,none
City-C,T1,2x,360.0,S0b_StressOracle,routine,M_routine,650,True,2,580.6,859.7,0.0,0.0,1.0,std_0.05,5,0.67,0.05,beta,none
City-C,T1,2x,360.0,S0b_StressOracle,cross_regime,M_stress,650,True,2,580.6,580.6,0.0,0.0,1.0,std_0.05,5,0.67,0.05,beta,none
City-C,T1,2x,360.0,S1_CapRR,routine,M_routine,650,True,1,737.0,511.5,0.0,0.306,1.0,std_0.05,5,0.67,0.05,beta,none
City-C,T1,2x,360.0,S1_CapRR,cross_regime,M_stress,650,True,1,737.0,281.6,78.4,0.6179,0.0,std_0.05,5,0.67,0.05,beta,none
City-C,T1,2x,360.0,S2_Platform,routine,M_routine,650,True,1,460.9,511.5,0.0,0.0,1.0,std_0.05,5,0.67,0.05,beta,none
City-C,T1,2x,360.0,S2_Platform,cross_regime,M_stress,650,True,1,460.9,281.6,78.4,0.389,0.0,std_0.05,5,0.67,0.05,beta,none
City-C,T1,2x,360.0,S3_Lin4,routine,M_routine,650,True,1,416.7,511.5,0.0,0.0,1.0,std_0.05,5,0.67,0.05,beta,none
City-C,T1,2x,360.0,S3_Lin4,cross_regime,M_stress,650,True,1,416.7,281.6,78.4,0.3242,0.0,std_0.05,5,0.67,0.05,beta,none
City-C,T1,2x,360.0,S4_GlobalCalib,routine,M_routine,650,True,1,490.0,511.5,0.0,0.0,1.0,std_0.05,5,0.67,0.05,beta,none
City-C,T1,2x,360.0,S4_GlobalCalib,cross_regime,M_stress,650,True,1,490.0,281.6,78.4,0.4253,0.0,std_0.05,5,0.67,0.05,beta,none
City-C,T1,2x,360.0,S5_CityCalib,routine,M_routine,650,True,1,494.2,511.5,0.0,0.0,1.0,std_0.05,5,0.67,0.05,beta,none
City-C,T1,2x,360.0,S5_CityCalib,cross_regime,M_stress,650,True,1,494.2,281.6,78.4,0.4302,0.0,std_0.05,5,0.67,0.05,beta,none
City-C,T1,2x,360.0,S6_Q10,routine,M_routine,650,True,1,442.2,511.5,0.0,0.0,1.0,std_0.05,5,0.67,0.05,beta,none
City-C,T1,2x,360.0,S6_Q10,cross_regime,M_stress,650,True,1,442.2,281.6,78.4,0.3631,0.0,std_0.05,5,0.67,0.05,beta,none
City-C,T1,5x,900.0,S0a_RoutineOracle,routine,M_routine,650,True,2,959.5,959.5,0.0,0.0,1.0,std_0.05,5,0.67,0.05,beta,none
City-C,T1,5x,900.0,S0a_RoutineOracle,cross_regime,M_stress,650,True,2,959.5,571.0,329.0,0.4049,0.0,std_0.05,5,0.67,0.05,beta,none
City-C,T1,5x,900.0,S0b_StressOracle,routine,M_routine,650,True,4,1119.0,1720.7,0.0,0.0,1.0,std_0.05,5,0.67,0.05,beta,none
City-C,T1,5x,900.0,S0b_StressOracle,cross_regime,M_stress,650,True,4,1119.0,1119.0,0.0,0.0,1.0,std_0.05,5,0.67,0.05,beta,none
City-C,T1,5x,900.0,S1_CapRR,routine,M_routine,650,True,2,1439.5,959.5,0.0,0.3335,1.0,std_0.05,5,0.67,0.05,beta,none
City-C,T1,5x,900.0,S1_CapRR,cross_regime,M_stress,650,True,2,1439.5,571.0,329.0,0.6033,0.0,std_0.05,5,0.67,0.05,beta,none
City-C,T1,5x,900.0,S2_Platform,routine,M_routine,650,True,2,904.5,959.5,0.0,0.0,1.0,std_0.05,5,0.67,0.05,beta,none
City-C,T1,5x,900.0,S2_Platform,cross_regime,M_stress,650,True,2,904.5,571.0,329.0,0.3687,0.0,std_0.05,5,0.67,0.05,beta,none
City-C,T1,5x,900.0,S3_Lin4,routine,M_routine,650,True,3,1208.6,1371.2,0.0,0.0,1.0,std_0.05,5,0.67,0.05,beta,none
City-C,T1,5x,900.0,S3_Lin4,cross_regime,M_stress,650,True,3,1208.6,862.2,37.8,0.2866,0.0,std_0.05,5,0.67,0.05,beta,none
City-C,T1,5x,900.0,S4_GlobalCalib,routine,M_routine,650,True,2,957.1,959.5,0.0,0.0,1.0,std_0.05,5,0.67,0.05,beta,none
City-C,T1,5x,900.0,S4_GlobalCalib,cross_regime,M_stress,650,True,2,957.1,571.0,329.0,0.4034,0.0,std_0.05,5,0.67,0.05,beta,none
City-C,T1,5x,900.0,S5_CityCalib,routine,M_routine,650,True,2,965.3,959.5,0.0,0.006,1.0,std_0.05,5,0.67,0.05,beta,none
City-C,T1,5x,900.0,S5_CityCalib,cross_regime,M_stress,650,True,2,965.3,571.0,329.0,0.4085,0.0,std_0.05,5,0.67,0.05,beta,none
City-C,T1,5x,900.0,S6_Q10,routine,M_routine,650,True,3,1248.5,1371.2,0.0,0.0,1.0,std_0.05,5,0.67,0.05,beta,none
City-C,T1,5x,900.0,S6_Q10,cross_regime,M_stress,650,True,3,1248.5,862.2,37.8,0.3094,0.0,std_0.05,5,0.67,0.05,beta,none
City-C,T1,10x,1800.0,S0a_RoutineOracle,routine,M_routine,650,True,5,2134.0,2134.0,0.0,0.0,1.0,std_0.05,5,0.67,0.05,beta,none
City-C,T1,10x,1800.0,S0a_RoutineOracle,cross_regime,M_stress,650,True,5,2134.0,1299.2,500.8,0.3912,0.0,std_0.05,5,0.67,0.05,beta,none
City-C,T1,10x,1800.0,S0b_StressOracle,routine,M_routine,650,True,7,1880.8,2717.4,0.0,0.0,1.0,std_0.05,5,0.67,0.05,beta,none
City-C,T1,10x,1800.0,S0b_StressOracle,cross_regime,M_stress,650,True,7,1880.8,1880.8,0.0,0.0,1.0,std_0.05,5,0.67,0.05,beta,none
City-C,T1,10x,1800.0,S1_CapRR,routine,M_routine,650,True,3,2081.1,1371.2,428.8,0.3411,0.0,std_0.05,5,0.67,0.05,beta,none
City-C,T1,10x,1800.0,S1_CapRR,cross_regime,M_stress,650,True,3,2081.1,862.2,937.8,0.5857,0.0,std_0.05,5,0.67,0.05,beta,none
City-C,T1,10x,1800.0,S2_Platform,routine,M_routine,650,True,5,2117.9,2071.9,0.0,0.0217,1.0,std_0.05,5,0.67,0.05,beta,none
City-C,T1,10x,1800.0,S2_Platform,cross_regime,M_stress,650,True,5,2117.9,1264.7,535.3,0.4028,0.0,std_0.05,5,0.67,0.05,beta,none
City-C,T1,10x,1800.0,S3_Lin4,routine,M_routine,650,True,5,1964.9,2061.3,0.0,0.0,1.0,std_0.05,5,0.67,0.05,beta,none
City-C,T1,10x,1800.0,S3_Lin4,cross_regime,M_stress,650,True,5,1964.9,1302.2,497.8,0.3373,0.0,std_0.05,5,0.67,0.05,beta,none
City-C,T1,10x,1800.0,S4_GlobalCalib,routine,M_routine,650,True,5,2158.2,2100.5,0.0,0.0267,1.0,std_0.05,5,0.67,0.05,beta,none
City-C,T1,10x,1800.0,S4_GlobalCalib,cross_regime,M_stress,650,True,5,2158.2,1347.0,453.0,0.3759,0.0,std_0.05,5,0.67,0.05,beta,none
City-C,T1,10x,1800.0,S5_CityCalib,routine,M_routine,650,True,5,2176.4,2100.5,0.0,0.0348,1.0,std_0.05,5,0.67,0.05,beta,none
City-C,T1,10x,1800.0,S5_CityCalib,cross_regime,M_stress,650,True,5,2176.4,1347.0,453.0,0.3811,0.0,std_0.05,5,0.67,0.05,beta,none
City-C,T1,10x,1800.0,S6_Q10,routine,M_routine,650,True,5,1947.1,2100.5,0.0,0.0,1.0,std_0.05,5,0.67,0.05,beta,none
City-C,T1,10x,1800.0,S6_Q10,cross_regime,M_stress,650,True,5,1947.1,1347.0,453.0,0.3082,0.0,std_0.05,5,0.67,0.05,beta,none
City-C,T2,1x,260.0,S0a_RoutineOracle,routine,M_routine,650,True,1,531.7,531.7,0.0,0.0,1.0,std_0.05,5,0.67,0.05,beta,none
City-C,T2,1x,260.0,S0a_RoutineOracle,cross_regime,M_stress,650,True,1,531.7,337.6,0.0,0.365,1.0,std_0.05,5,0.67,0.05,beta,none
City-C,T2,1x,260.0,S0b_StressOracle,routine,M_routine,650,True,1,337.6,531.7,0.0,0.0,1.0,std_0.05,5,0.67,0.05,beta,none
City-C,T2,1x,260.0,S0b_StressOracle,cross_regime,M_stress,650,True,1,337.6,337.6,0.0,0.0,1.0,std_0.05,5,0.67,0.05,beta,none
City-C,T2,1x,260.0,S1_CapRR,routine,M_routine,650,True,1,737.0,531.7,0.0,0.2786,1.0,std_0.05,5,0.67,0.05,beta,none
City-C,T2,1x,260.0,S1_CapRR,cross_regime,M_stress,650,True,1,737.0,337.6,0.0,0.542,1.0,std_0.05,5,0.67,0.05,beta,none
City-C,T2,1x,260.0,S2_Platform,routine,M_routine,650,True,1,467.3,531.7,0.0,0.0,1.0,std_0.05,5,0.67,0.05,beta,none
City-C,T2,1x,260.0,S2_Platform,cross_regime,M_stress,650,True,1,467.3,337.6,0.0,0.2775,1.0,std_0.05,5,0.67,0.05,beta,none
City-C,T2,1x,260.0,S3_Lin4,routine,M_routine,650,True,1,417.0,531.7,0.0,0.0,1.0,std_0.05,5,0.67,0.05,beta,none
City-C,T2,1x,260.0,S3_Lin4,cross_regime,M_stress,650,True,1,417.0,337.6,0.0,0.1904,1.0,std_0.05,5,0.67,0.05,beta,none
City-C,T2,1x,260.0,S4_GlobalCalib,routine,M_routine,650,True,1,487.8,531.7,0.0,0.0,1.0,std_0.05,5,0.67,0.05,beta,none
City-C,T2,1x,260.0,S4_GlobalCalib,cross_regime,M_stress,650,True,1,487.8,337.6,0.0,0.3079,1.0,std_0.05,5,0.67,0.05,beta,none
City-C,T2,1x,260.0,S5_CityCalib,routine,M_routine,650,True,1,487.3,531.7,0.0,0.0,1.0,std_0.05,5,0.67,0.05,beta,none
City-C,T2,1x,260.0,S5_CityCalib,cross_regime,M_stress,650,True,1,487.3,337.6,0.0,0.3073,1.0,std_0.05,5,0.67,0.05,beta,none
City-C,T2,1x,260.0,S6_Q10,routine,M_routine,650,True,1,442.1,531.7,0.0,0.0,1.0,std_0.05,5,0.67,0.05,beta,none
City-C,T2,1x,260.0,S6_Q10,cross_regime,M_stress,650,True,1,442.1,337.6,0.0,0.2364,1.0,std_0.05,5,0.67,0.05,beta,none
City-C,T2,2x,520.0,S0a_RoutineOracle,routine,M_routine,650,True,1,531.7,531.7,0.0,0.0,1.0,std_0.05,5,0.67,0.05,beta,none
City-C,T2,2x,520.0,S0a_RoutineOracle,cross_regime,M_stress,650,True,1,531.7,337.6,182.4,0.365,0.0,std_0.05,5,0.67,0.05,beta,none
City-C,T2,2x,520.0,S0b_StressOracle,routine,M_routine,650,True,2,640.4,1009.6,0.0,0.0,1.0,std_0.05,5,0.67,0.05,beta,none
City-C,T2,2x,520.0,S0b_StressOracle,cross_regime,M_stress,650,True,2,640.4,640.4,0.0,0.0,1.0,std_0.05,5,0.67,0.05,beta,none
City-C,T2,2x,520.0,S1_CapRR,routine,M_routine,650,True,1,737.0,531.7,0.0,0.2786,1.0,std_0.05,5,0.67,0.05,beta,none
City-C,T2,2x,520.0,S1_CapRR,cross_regime,M_stress,650,True,1,737.0,337.6,182.4,0.542,0.0,std_0.05,5,0.67,0.05,beta,none
City-C,T2,2x,520.0,S2_Platform,routine,M_routine,650,True,2,902.1,1009.6,0.0,0.0,1.0,std_0.05,5,0.67,0.05,beta,none
City-C,T2,2x,520.0,S2_Platform,cross_regime,M_stress,650,True,2,902.1,640.4,0.0,0.2901,1.0,std_0.05,5,0.67,0.05,beta,none
City-C,T2,2x,520.0,S3_Lin4,routine,M_routine,650,True,2,817.4,1009.6,0.0,0.0,1.0,std_0.05,5,0.67,0.05,beta,none
City-C,T2,2x,520.0,S3_Lin4,cross_regime,M_stress,650,True,2,817.4,640.4,0.0,0.2166,1.0,std_0.05,5,0.67,0.05,beta,none
City-C,T2,2x,520.0,S4_GlobalCalib,routine,M_routine,650,True,2,952.7,1009.6,0.0,0.0,1.0,std_0.05,5,0.67,0.05,beta,none
City-C,T2,2x,520.0,S4_GlobalCalib,cross_regime,M_stress,650,True,2,952.7,640.4,0.0,0.3279,1.0,std_0.05,5,0.67,0.05,beta,none
City-C,T2,2x,520.0,S5_CityCalib,routine,M_routine,650,True,2,951.9,1009.6,0.0,0.0,1.0,std_0.05,5,0.67,0.05,beta,none
City-C,T2,2x,520.0,S5_CityCalib,cross_regime,M_stress,650,True,2,951.9,640.4,0.0,0.3273,1.0,std_0.05,5,0.67,0.05,beta,none
City-C,T2,2x,520.0,S6_Q10,routine,M_routine,650,True,2,863.5,1009.6,0.0,0.0,1.0,std_0.05,5,0.67,0.05,beta,none
City-C,T2,2x,520.0,S6_Q10,cross_regime,M_stress,650,True,2,863.5,640.4,0.0,0.2584,1.0,std_0.05,5,0.67,0.05,beta,none
City-C,T2,5x,1300.0,S0a_RoutineOracle,routine,M_routine,650,True,3,1457.6,1457.6,0.0,0.0,1.0,std_0.05,5,0.67,0.05,beta,none
City-C,T2,5x,1300.0,S0a_RoutineOracle,cross_regime,M_stress,650,True,3,1457.6,937.1,362.9,0.3571,0.0,std_0.05,5,0.67,0.05,beta,none
City-C,T2,5x,1300.0,S0b_StressOracle,routine,M_routine,650,True,5,1490.1,2207.1,0.0,0.0,1.0,std_0.05,5,0.67,0.05,beta,none
City-C,T2,5x,1300.0,S0b_StressOracle,cross_regime,M_stress,650,True,5,1490.1,1490.1,0.0,0.0,1.0,std_0.05,5,0.67,0.05,beta,none
City-C,T2,5x,1300.0,S1_CapRR,routine,M_routine,650,True,2,1439.5,1009.6,290.4,0.2987,0.0,std_0.05,5,0.67,0.05,beta,none
City-C,T2,5x,1300.0,S1_CapRR,cross_regime,M_stress,650,True,2,1439.5,640.4,659.6,0.5552,0.0,std_0.05,5,0.67,0.05,beta,none
City-C,T2,5x,1300.0,S2_Platform,routine,M_routine,650,True,3,1301.1,1457.6,0.0,0.0,1.0,std_0.05,5,0.67,0.05,beta,none
City-C,T2,5x,1300.0,S2_Platform,cross_regime,M_stress,650,True,3,1301.1,937.1,362.9,0.2797,0.0,std_0.05,5,0.67,0.05,beta,none
City-C,T2,5x,1300.0,S3_Lin4,routine,M_routine,650,True,4,1591.3,1825.3,0.0,0.0,1.0,std_0.05,5,0.67,0.05,beta,none
City-C,T2,5x,1300.0,S3_Lin4,cross_regime,M_stress,650,True,4,1591.3,1145.9,154.1,0.2799,0.0,std_0.05,5,0.67,0.05,beta,none
City-C,T2,5x,1300.0,S4_GlobalCalib,routine,M_routine,650,True,3,1377.5,1457.6,0.0,0.0,1.0,std_0.05,5,0.67,0.05,beta,none
City-C,T2,5x,1300.0,S4_GlobalCalib,cross_regime,M_stress,650,True,3,1377.5,937.1,362.9,0.3197,0.0,std_0.05,5,0.67,0.05,beta,none
City-C,T2,5x,1300.0,S5_CityCalib,routine,M_routine,650,True,3,1376.2,1457.6,0.0,0.0,1.0,std_0.05,5,0.67,0.05,beta,none
City-C,T2,5x,1300.0,S5_CityCalib,cross_regime,M_stress,650,True,3,1376.2,937.1,362.9,0.3191,0.0,std_0.05,5,0.67,0.05,beta,none
City-C,T2,5x,1300.0,S6_Q10,routine,M_routine,650,True,4,1599.5,1865.9,0.0,0.0,1.0,std_0.05,5,0.67,0.05,beta,none
City-C,T2,5x,1300.0,S6_Q10,cross_regime,M_stress,650,True,4,1599.5,1204.5,95.5,0.247,0.0,std_0.05,5,0.67,0.05,beta,none
City-C,T2,10x,2600.0,S0a_RoutineOracle,routine,M_routine,650,True,6,2708.4,2708.4,0.0,0.0,1.0,std_0.05,5,0.67,0.05,beta,none
City-C,T2,10x,2600.0,S0a_RoutineOracle,cross_regime,M_stress,650,True,6,2708.4,1702.5,897.5,0.3714,0.0,std_0.05,5,0.67,0.05,beta,none
City-C,T2,10x,2600.0,S0b_StressOracle,routine,M_routine,650,True,10,2698.4,4121.4,0.0,0.0,1.0,std_0.05,5,0.67,0.05,beta,none
City-C,T2,10x,2600.0,S0b_StressOracle,cross_regime,M_stress,650,True,10,2698.4,2698.4,0.0,0.0,1.0,std_0.05,5,0.67,0.05,beta,none
City-C,T2,10x,2600.0,S1_CapRR,routine,M_routine,650,True,4,2666.6,1865.9,734.1,0.3003,0.0,std_0.05,5,0.67,0.05,beta,none
City-C,T2,10x,2600.0,S1_CapRR,cross_regime,M_stress,650,True,4,2666.6,1204.5,1395.5,0.5483,0.0,std_0.05,5,0.67,0.05,beta,none
City-C,T2,10x,2600.0,S2_Platform,routine,M_routine,650,True,7,2815.8,3033.7,0.0,0.0,1.0,std_0.05,5,0.67,0.05,beta,none
City-C,T2,10x,2600.0,S2_Platform,cross_regime,M_stress,650,True,7,2815.8,1910.8,689.2,0.3214,0.0,std_0.05,5,0.67,0.05,beta,none
City-C,T2,10x,2600.0,S3_Lin4,routine,M_routine,650,True,7,2673.7,2999.9,0.0,0.0,1.0,std_0.05,5,0.67,0.05,beta,none
City-C,T2,10x,2600.0,S3_Lin4,cross_regime,M_stress,650,True,7,2673.7,1878.6,721.4,0.2974,0.0,std_0.05,5,0.67,0.05,beta,none
City-C,T2,10x,2600.0,S4_GlobalCalib,routine,M_routine,650,True,7,2895.2,3026.1,0.0,0.0,1.0,std_0.05,5,0.67,0.05,beta,none
City-C,T2,10x,2600.0,S4_GlobalCalib,cross_regime,M_stress,650,True,7,2895.2,1952.7,647.3,0.3255,0.0,std_0.05,5,0.67,0.05,beta,none
City-C,T2,10x,2600.0,S5_CityCalib,routine,M_routine,650,True,7,2892.6,3026.1,0.0,0.0,1.0,std_0.05,5,0.67,0.05,beta,none
City-C,T2,10x,2600.0,S5_CityCalib,cross_regime,M_stress,650,True,7,2892.6,1952.7,647.3,0.3249,0.0,std_0.05,5,0.67,0.05,beta,none
City-C,T2,10x,2600.0,S6_Q10,routine,M_routine,650,True,7,2623.0,3026.1,0.0,0.0,1.0,std_0.05,5,0.67,0.05,beta,none
City-C,T2,10x,2600.0,S6_Q10,cross_regime,M_stress,650,True,7,2623.0,1952.7,647.3,0.2555,0.0,std_0.05,5,0.67,0.05,beta,none
City-C,T3,1x,200.0,S0a_RoutineOracle,routine,M_routine,650,True,1,458.2,458.2,0.0,0.0,1.0,std_0.05,5,0.67,0.05,beta,none
City-C,T3,1x,200.0,S0a_RoutineOracle,cross_regime,M_stress,650,True,1,458.2,243.3,0.0,0.469,1.0,std_0.05,5,0.67,0.05,beta,none
City-C,T3,1x,200.0,S0b_StressOracle,routine,M_routine,650,True,1,284.8,453.5,0.0,0.0,1.0,std_0.05,5,0.67,0.05,beta,none
City-C,T3,1x,200.0,S0b_StressOracle,cross_regime,M_stress,650,True,1,284.8,284.8,0.0,0.0,1.0,std_0.05,5,0.67,0.05,beta,none
City-C,T3,1x,200.0,S1_CapRR,routine,M_routine,650,True,1,648.6,453.5,0.0,0.3008,1.0,std_0.05,5,0.67,0.05,beta,none
City-C,T3,1x,200.0,S1_CapRR,cross_regime,M_stress,650,True,1,648.6,284.8,0.0,0.5609,1.0,std_0.05,5,0.67,0.05,beta,none
City-C,T3,1x,200.0,S2_Platform,routine,M_routine,650,True,1,456.8,453.5,0.0,0.0071,1.0,std_0.05,5,0.67,0.05,beta,none
City-C,T3,1x,200.0,S2_Platform,cross_regime,M_stress,650,True,1,456.8,284.8,0.0,0.3765,1.0,std_0.05,5,0.67,0.05,beta,none
City-C,T3,1x,200.0,S3_Lin4,routine,M_routine,650,True,1,404.2,453.5,0.0,0.0,1.0,std_0.05,5,0.67,0.05,beta,none
City-C,T3,1x,200.0,S3_Lin4,cross_regime,M_stress,650,True,1,404.2,284.8,0.0,0.2953,1.0,std_0.05,5,0.67,0.05,beta,none
City-C,T3,1x,200.0,S4_GlobalCalib,routine,M_routine,650,True,1,429.5,453.5,0.0,0.0,1.0,std_0.05,5,0.67,0.05,beta,none
City-C,T3,1x,200.0,S4_GlobalCalib,cross_regime,M_stress,650,True,1,429.5,284.8,0.0,0.3369,1.0,std_0.05,5,0.67,0.05,beta,none
City-C,T3,1x,200.0,S5_CityCalib,routine,M_routine,650,True,1,430.1,453.5,0.0,0.0,1.0,std_0.05,5,0.67,0.05,beta,none
City-C,T3,1x,200.0,S5_CityCalib,cross_regime,M_stress,650,True,1,430.1,284.8,0.0,0.3378,1.0,std_0.05,5,0.67,0.05,beta,none
City-C,T3,1x,200.0,S6_Q10,routine,M_routine,650,True,1,388.2,453.5,0.0,0.0,1.0,std_0.05,5,0.67,0.05,beta,none
City-C,T3,1x,200.0,S6_Q10,cross_regime,M_stress,650,True,1,388.2,284.8,0.0,0.2664,1.0,std_0.05,5,0.67,0.05,beta,none
City-C,T3,2x,400.0,S0a_RoutineOracle,routine,M_routine,650,True,1,458.2,458.2,0.0,0.0,1.0,std_0.05,5,0.67,0.05,beta,none
City-C,T3,2x,400.0,S0a_RoutineOracle,cross_regime,M_stress,650,True,1,458.2,243.3,156.7,0.469,0.0,std_0.05,5,0.67,0.05,beta,none
City-C,T3,2x,400.0,S0b_StressOracle,routine,M_routine,650,True,2,531.2,785.9,0.0,0.0,1.0,std_0.05,5,0.67,0.05,beta,none
City-C,T3,2x,400.0,S0b_StressOracle,cross_regime,M_stress,650,True,2,531.2,531.2,0.0,0.0,1.0,std_0.05,5,0.67,0.05,beta,none
City-C,T3,2x,400.0,S1_CapRR,routine,M_routine,650,True,1,648.6,453.5,0.0,0.3008,1.0,std_0.05,5,0.67,0.05,beta,none
City-C,T3,2x,400.0,S1_CapRR,cross_regime,M_stress,650,True,1,648.6,284.8,115.2,0.5609,0.0,std_0.05,5,0.67,0.05,beta,none
City-C,T3,2x,400.0,S2_Platform,routine,M_routine,650,True,1,456.8,453.5,0.0,0.0071,1.0,std_0.05,5,0.67,0.05,beta,none
City-C,T3,2x,400.0,S2_Platform,cross_regime,M_stress,650,True,1,456.8,284.8,115.2,0.3765,0.0,std_0.05,5,0.67,0.05,beta,none
City-C,T3,2x,400.0,S3_Lin4,routine,M_routine,650,True,1,404.2,453.5,0.0,0.0,1.0,std_0.05,5,0.67,0.05,beta,none
City-C,T3,2x,400.0,S3_Lin4,cross_regime,M_stress,650,True,1,404.2,284.8,115.2,0.2953,0.0,std_0.05,5,0.67,0.05,beta,none
City-C,T3,2x,400.0,S4_GlobalCalib,routine,M_routine,650,True,1,429.5,453.5,0.0,0.0,1.0,std_0.05,5,0.67,0.05,beta,none
City-C,T3,2x,400.0,S4_GlobalCalib,cross_regime,M_stress,650,True,1,429.5,284.8,115.2,0.3369,0.0,std_0.05,5,0.67,0.05,beta,none
City-C,T3,2x,400.0,S5_CityCalib,routine,M_routine,650,True,1,430.1,453.5,0.0,0.0,1.0,std_0.05,5,0.67,0.05,beta,none
City-C,T3,2x,400.0,S5_CityCalib,cross_regime,M_stress,650,True,1,430.1,284.8,115.2,0.3378,0.0,std_0.05,5,0.67,0.05,beta,none
City-C,T3,2x,400.0,S6_Q10,routine,M_routine,650,True,2,758.3,911.7,0.0,0.0,1.0,std_0.05,5,0.67,0.05,beta,none
City-C,T3,2x,400.0,S6_Q10,cross_regime,M_stress,650,True,2,758.3,528.1,0.0,0.3035,1.0,std_0.05,5,0.67,0.05,beta,none
City-C,T3,5x,1000.0,S0a_RoutineOracle,routine,M_routine,650,True,3,1334.8,1334.8,0.0,0.0,1.0,std_0.05,5,0.67,0.05,beta,none
City-C,T3,5x,1000.0,S0a_RoutineOracle,cross_regime,M_stress,650,True,3,1334.8,760.2,239.8,0.4305,0.0,std_0.05,5,0.67,0.05,beta,none
City-C,T3,5x,1000.0,S0b_StressOracle,routine,M_routine,650,True,4,1020.1,1547.2,0.0,0.0,1.0,std_0.05,5,0.67,0.05,beta,none
City-C,T3,5x,1000.0,S0b_StressOracle,cross_regime,M_stress,650,True,4,1020.1,1020.1,0.0,0.0,1.0,std_0.05,5,0.67,0.05,beta,none
City-C,T3,5x,1000.0,S1_CapRR,routine,M_routine,650,True,2,1266.8,911.7,88.3,0.2803,0.0,std_0.05,5,0.67,0.05,beta,none
City-C,T3,5x,1000.0,S1_CapRR,cross_regime,M_stress,650,True,2,1266.8,528.1,471.9,0.5831,0.0,std_0.05,5,0.67,0.05,beta,none
City-C,T3,5x,1000.0,S2_Platform,routine,M_routine,650,True,3,1285.7,1094.9,0.0,0.1484,1.0,std_0.05,5,0.67,0.05,beta,none
City-C,T3,5x,1000.0,S2_Platform,cross_regime,M_stress,650,True,3,1285.7,720.3,279.7,0.4397,0.0,std_0.05,5,0.67,0.05,beta,none
City-C,T3,5x,1000.0,S3_Lin4,routine,M_routine,650,True,3,1173.1,1334.8,0.0,0.0,1.0,std_0.05,5,0.67,0.05,beta,none
City-C,T3,5x,1000.0,S3_Lin4,cross_regime,M_stress,650,True,3,1173.1,760.2,239.8,0.352,0.0,std_0.05,5,0.67,0.05,beta,none
City-C,T3,5x,1000.0,S4_GlobalCalib,routine,M_routine,650,True,3,1212.9,1334.8,0.0,0.0,1.0,std_0.05,5,0.67,0.05,beta,none
City-C,T3,5x,1000.0,S4_GlobalCalib,cross_regime,M_stress,650,True,3,1212.9,760.2,239.8,0.3733,0.0,std_0.05,5,0.67,0.05,beta,none
City-C,T3,5x,1000.0,S5_CityCalib,routine,M_routine,650,True,3,1214.4,1334.8,0.0,0.0,1.0,std_0.05,5,0.67,0.05,beta,none
City-C,T3,5x,1000.0,S5_CityCalib,cross_regime,M_stress,650,True,3,1214.4,760.2,239.8,0.374,0.0,std_0.05,5,0.67,0.05,beta,none
City-C,T3,5x,1000.0,S6_Q10,routine,M_routine,650,True,3,1096.2,1334.8,0.0,0.0,1.0,std_0.05,5,0.67,0.05,beta,none
City-C,T3,5x,1000.0,S6_Q10,cross_regime,M_stress,650,True,3,1096.2,760.2,239.8,0.3065,0.0,std_0.05,5,0.67,0.05,beta,none
City-C,T3,10x,2000.0,S0a_RoutineOracle,routine,M_routine,650,True,5,2007.5,2007.5,0.0,0.0,1.0,std_0.05,5,0.67,0.05,beta,none
City-C,T3,10x,2000.0,S0a_RoutineOracle,cross_regime,M_stress,650,True,5,2007.5,1160.7,839.3,0.4218,0.0,std_0.05,5,0.67,0.05,beta,none
City-C,T3,10x,2000.0,S0b_StressOracle,routine,M_routine,650,True,9,2123.2,3193.7,0.0,0.0,1.0,std_0.05,5,0.67,0.05,beta,none
City-C,T3,10x,2000.0,S0b_StressOracle,cross_regime,M_stress,650,True,9,2123.2,2123.2,0.0,0.0,1.0,std_0.05,5,0.67,0.05,beta,none
City-C,T3,10x,2000.0,S1_CapRR,routine,M_routine,650,True,4,2346.7,1638.0,362.0,0.302,0.0,std_0.05,5,0.67,0.05,beta,none
City-C,T3,10x,2000.0,S1_CapRR,cross_regime,M_stress,650,True,4,2346.7,1005.8,994.2,0.5714,0.0,std_0.05,5,0.67,0.05,beta,none
City-C,T3,10x,2000.0,S2_Platform,routine,M_routine,650,True,5,2048.1,1815.0,185.0,0.1138,0.0,std_0.05,5,0.67,0.05,beta,none
City-C,T3,10x,2000.0,S2_Platform,cross_regime,M_stress,650,True,5,2048.1,1152.8,847.2,0.4371,0.0,std_0.05,5,0.67,0.05,beta,none
City-C,T3,10x,2000.0,S3_Lin4,routine,M_routine,650,True,6,2261.1,2289.7,0.0,0.0,1.0,std_0.05,5,0.67,0.05,beta,none
City-C,T3,10x,2000.0,S3_Lin4,cross_regime,M_stress,650,True,6,2261.1,1417.0,583.0,0.3733,0.0,std_0.05,5,0.67,0.05,beta,none
City-C,T3,10x,2000.0,S4_GlobalCalib,routine,M_routine,650,True,6,2223.1,2277.4,0.0,0.0,1.0,std_0.05,5,0.67,0.05,beta,none
City-C,T3,10x,2000.0,S4_GlobalCalib,cross_regime,M_stress,650,True,6,2223.1,1485.4,514.6,0.3319,0.0,std_0.05,5,0.67,0.05,beta,none
City-C,T3,10x,2000.0,S5_CityCalib,routine,M_routine,650,True,6,2225.8,2277.4,0.0,0.0,1.0,std_0.05,5,0.67,0.05,beta,none
City-C,T3,10x,2000.0,S5_CityCalib,cross_regime,M_stress,650,True,6,2225.8,1485.4,514.6,0.3326,0.0,std_0.05,5,0.67,0.05,beta,none
City-C,T3,10x,2000.0,S6_Q10,routine,M_routine,650,True,6,2008.8,2277.4,0.0,0.0,1.0,std_0.05,5,0.67,0.05,beta,none
City-C,T3,10x,2000.0,S6_Q10,cross_regime,M_stress,650,True,6,2008.8,1485.4,514.6,0.2606,0.0,std_0.05,5,0.67,0.05,beta,none
City-C,T4,1x,140.0,S0a_RoutineOracle,routine,M_routine,650,True,1,520.2,520.2,0.0,0.0,1.0,std_0.05,5,0.67,0.05,beta,none
City-C,T4,1x,140.0,S0a_RoutineOracle,cross_regime,M_stress,650,True,1,520.2,313.2,0.0,0.3979,1.0,std_0.05,5,0.67,0.05,beta,none
City-C,T4,1x,140.0,S0b_StressOracle,routine,M_routine,650,True,1,313.2,520.2,0.0,0.0,1.0,std_0.05,5,0.67,0.05,beta,none
City-C,T4,1x,140.0,S0b_StressOracle,cross_regime,M_stress,650,True,1,313.2,313.2,0.0,0.0,1.0,std_0.05,5,0.67,0.05,beta,none
City-C,T4,1x,140.0,S1_CapRR,routine,M_routine,650,True,1,737.0,460.8,0.0,0.3748,1.0,std_0.05,5,0.67,0.05,beta,none
City-C,T4,1x,140.0,S1_CapRR,cross_regime,M_stress,650,True,1,737.0,302.1,0.0,0.5901,1.0,std_0.05,5,0.67,0.05,beta,none
City-C,T4,1x,140.0,S2_Platform,routine,M_routine,650,True,1,377.7,365.3,0.0,0.0327,1.0,std_0.05,5,0.67,0.05,beta,none
City-C,T4,1x,140.0,S2_Platform,cross_regime,M_stress,650,True,1,377.7,239.0,0.0,0.3671,1.0,std_0.05,5,0.67,0.05,beta,none
City-C,T4,1x,140.0,S3_Lin4,routine,M_routine,650,True,1,417.1,460.8,0.0,0.0,1.0,std_0.05,5,0.67,0.05,beta,none
City-C,T4,1x,140.0,S3_Lin4,cross_regime,M_stress,650,True,1,417.1,302.1,0.0,0.2758,1.0,std_0.05,5,0.67,0.05,beta,none
City-C,T4,1x,140.0,S4_GlobalCalib,routine,M_routine,650,True,1,487.6,460.8,0.0,0.055,1.0,std_0.05,5,0.67,0.05,beta,none
City-C,T4,1x,140.0,S4_GlobalCalib,cross_regime,M_stress,650,True,1,487.6,302.1,0.0,0.3805,1.0,std_0.05,5,0.67,0.05,beta,none
City-C,T4,1x,140.0,S5_CityCalib,routine,M_routine,650,True,1,490.5,460.8,0.0,0.0605,1.0,std_0.05,5,0.67,0.05,beta,none
City-C,T4,1x,140.0,S5_CityCalib,cross_regime,M_stress,650,True,1,490.5,302.1,0.0,0.3841,1.0,std_0.05,5,0.67,0.05,beta,none
City-C,T4,1x,140.0,S6_Q10,routine,M_routine,650,True,1,441.6,460.8,0.0,0.0,1.0,std_0.05,5,0.67,0.05,beta,none
City-C,T4,1x,140.0,S6_Q10,cross_regime,M_stress,650,True,1,441.6,302.1,0.0,0.3159,1.0,std_0.05,5,0.67,0.05,beta,none
City-C,T4,2x,280.0,S0a_RoutineOracle,routine,M_routine,650,True,1,520.2,520.2,0.0,0.0,1.0,std_0.05,5,0.67,0.05,beta,none
City-C,T4,2x,280.0,S0a_RoutineOracle,cross_regime,M_stress,650,True,1,520.2,313.2,0.0,0.3979,1.0,std_0.05,5,0.67,0.05,beta,none
City-C,T4,2x,280.0,S0b_StressOracle,routine,M_routine,650,True,1,313.2,520.2,0.0,0.0,1.0,std_0.05,5,0.67,0.05,beta,none
City-C,T4,2x,280.0,S0b_StressOracle,cross_regime,M_stress,650,True,1,313.2,313.2,0.0,0.0,1.0,std_0.05,5,0.67,0.05,beta,none
City-C,T4,2x,280.0,S1_CapRR,routine,M_routine,650,True,1,737.0,460.8,0.0,0.3748,1.0,std_0.05,5,0.67,0.05,beta,none
City-C,T4,2x,280.0,S1_CapRR,cross_regime,M_stress,650,True,1,737.0,302.1,0.0,0.5901,1.0,std_0.05,5,0.67,0.05,beta,none
City-C,T4,2x,280.0,S2_Platform,routine,M_routine,650,True,1,377.7,365.3,0.0,0.0327,1.0,std_0.05,5,0.67,0.05,beta,none
City-C,T4,2x,280.0,S2_Platform,cross_regime,M_stress,650,True,1,377.7,239.0,41.0,0.3671,0.0,std_0.05,5,0.67,0.05,beta,none
City-C,T4,2x,280.0,S3_Lin4,routine,M_routine,650,True,1,417.1,460.8,0.0,0.0,1.0,std_0.05,5,0.67,0.05,beta,none
City-C,T4,2x,280.0,S3_Lin4,cross_regime,M_stress,650,True,1,417.1,302.1,0.0,0.2758,1.0,std_0.05,5,0.67,0.05,beta,none
City-C,T4,2x,280.0,S4_GlobalCalib,routine,M_routine,650,True,1,487.6,460.8,0.0,0.055,1.0,std_0.05,5,0.67,0.05,beta,none
City-C,T4,2x,280.0,S4_GlobalCalib,cross_regime,M_stress,650,True,1,487.6,302.1,0.0,0.3805,1.0,std_0.05,5,0.67,0.05,beta,none
City-C,T4,2x,280.0,S5_CityCalib,routine,M_routine,650,True,1,490.5,460.8,0.0,0.0605,1.0,std_0.05,5,0.67,0.05,beta,none
City-C,T4,2x,280.0,S5_CityCalib,cross_regime,M_stress,650,True,1,490.5,302.1,0.0,0.3841,1.0,std_0.05,5,0.67,0.05,beta,none
City-C,T4,2x,280.0,S6_Q10,routine,M_routine,650,True,1,441.6,460.8,0.0,0.0,1.0,std_0.05,5,0.67,0.05,beta,none
City-C,T4,2x,280.0,S6_Q10,cross_regime,M_stress,650,True,1,441.6,302.1,0.0,0.3159,1.0,std_0.05,5,0.67,0.05,beta,none
City-C,T4,5x,700.0,S0a_RoutineOracle,routine,M_routine,650,True,2,981.0,981.0,0.0,0.0,1.0,std_0.05,5,0.67,0.05,beta,none
City-C,T4,5x,700.0,S0a_RoutineOracle,cross_regime,M_stress,650,True,2,981.0,615.3,84.7,0.3728,0.0,std_0.05,5,0.67,0.05,beta,none
City-C,T4,5x,700.0,S0b_StressOracle,routine,M_routine,650,True,3,905.1,1403.1,0.0,0.0,1.0,std_0.05,5,0.67,0.05,beta,none
City-C,T4,5x,700.0,S0b_StressOracle,cross_regime,M_stress,650,True,3,905.1,905.1,0.0,0.0,1.0,std_0.05,5,0.67,0.05,beta,none
City-C,T4,5x,700.0,S1_CapRR,routine,M_routine,650,True,1,737.0,460.8,239.2,0.3748,0.0,std_0.05,5,0.67,0.05,beta,none
City-C,T4,5x,700.0,S1_CapRR,cross_regime,M_stress,650,True,1,737.0,302.1,397.9,0.5901,0.0,std_0.05,5,0.67,0.05,beta,none
City-C,T4,5x,700.0,S2_Platform,routine,M_routine,650,True,2,738.2,885.5,0.0,0.0,1.0,std_0.05,5,0.67,0.05,beta,none
City-C,T4,5x,700.0,S2_Platform,cross_regime,M_stress,650,True,2,738.2,552.2,147.8,0.2519,0.0,std_0.05,5,0.67,0.05,beta,none
City-C,T4,5x,700.0,S3_Lin4,routine,M_routine,650,True,2,817.6,981.0,0.0,0.0,1.0,std_0.05,5,0.67,0.05,beta,none
City-C,T4,5x,700.0,S3_Lin4,cross_regime,M_stress,650,True,2,817.6,615.3,84.7,0.2474,0.0,std_0.05,5,0.67,0.05,beta,none
City-C,T4,5x,700.0,S4_GlobalCalib,routine,M_routine,650,True,2,952.4,981.0,0.0,0.0,1.0,std_0.05,5,0.67,0.05,beta,none
City-C,T4,5x,700.0,S4_GlobalCalib,cross_regime,M_stress,650,True,2,952.4,615.3,84.7,0.354,0.0,std_0.05,5,0.67,0.05,beta,none
City-C,T4,5x,700.0,S5_CityCalib,routine,M_routine,650,True,2,957.9,981.0,0.0,0.0,1.0,std_0.05,5,0.67,0.05,beta,none
City-C,T4,5x,700.0,S5_CityCalib,cross_regime,M_stress,650,True,2,957.9,615.3,84.7,0.3577,0.0,std_0.05,5,0.67,0.05,beta,none
City-C,T4,5x,700.0,S6_Q10,routine,M_routine,650,True,2,862.5,981.0,0.0,0.0,1.0,std_0.05,5,0.67,0.05,beta,none
City-C,T4,5x,700.0,S6_Q10,cross_regime,M_stress,650,True,2,862.5,615.3,84.7,0.2866,0.0,std_0.05,5,0.67,0.05,beta,none
City-C,T4,10x,1400.0,S0a_RoutineOracle,routine,M_routine,650,True,3,1403.1,1403.1,0.0,0.0,1.0,std_0.05,5,0.67,0.05,beta,none
City-C,T4,10x,1400.0,S0a_RoutineOracle,cross_regime,M_stress,650,True,3,1403.1,905.1,494.9,0.3549,0.0,std_0.05,5,0.67,0.05,beta,none
City-C,T4,10x,1400.0,S0b_StressOracle,routine,M_routine,650,True,5,1455.1,2095.2,0.0,0.0,1.0,std_0.05,5,0.67,0.05,beta,none
City-C,T4,10x,1400.0,S0b_StressOracle,cross_regime,M_stress,650,True,5,1455.1,1455.1,0.0,0.0,1.0,std_0.05,5,0.67,0.05,beta,none
City-C,T4,10x,1400.0,S1_CapRR,routine,M_routine,650,True,2,1439.5,981.0,419.0,0.3186,0.0,std_0.05,5,0.67,0.05,beta,none
City-C,T4,10x,1400.0,S1_CapRR,cross_regime,M_stress,650,True,2,1439.5,615.3,784.7,0.5726,0.0,std_0.05,5,0.67,0.05,beta,none
City-C,T4,10x,1400.0,S2_Platform,routine,M_routine,650,True,4,1425.4,1546.7,0.0,0.0,1.0,std_0.05,5,0.67,0.05,beta,none
City-C,T4,10x,1400.0,S2_Platform,cross_regime,M_stress,650,True,4,1425.4,1098.6,301.4,0.2293,0.0,std_0.05,5,0.67,0.05,beta,none
City-C,T4,10x,1400.0,S3_Lin4,routine,M_routine,650,True,4,1591.7,1773.6,0.0,0.0,1.0,std_0.05,5,0.67,0.05,beta,none
City-C,T4,10x,1400.0,S3_Lin4,cross_regime,M_stress,650,True,4,1591.7,1140.1,259.9,0.2837,0.0,std_0.05,5,0.67,0.05,beta,none
City-C,T4,10x,1400.0,S4_GlobalCalib,routine,M_routine,650,True,4,1764.6,1762.1,0.0,0.0014,1.0,std_0.05,5,0.67,0.05,beta,none
City-C,T4,10x,1400.0,S4_GlobalCalib,cross_regime,M_stress,650,True,4,1764.6,1165.4,234.6,0.3396,0.0,std_0.05,5,0.67,0.05,beta,none
City-C,T4,10x,1400.0,S5_CityCalib,routine,M_routine,650,True,4,1774.6,1762.1,0.0,0.0071,1.0,std_0.05,5,0.67,0.05,beta,none
City-C,T4,10x,1400.0,S5_CityCalib,cross_regime,M_stress,650,True,4,1774.6,1165.4,234.6,0.3433,0.0,std_0.05,5,0.67,0.05,beta,none
City-C,T4,10x,1400.0,S6_Q10,routine,M_routine,650,True,4,1597.7,1762.1,0.0,0.0,1.0,std_0.05,5,0.67,0.05,beta,none
City-C,T4,10x,1400.0,S6_Q10,cross_regime,M_stress,650,True,4,1597.7,1165.4,234.6,0.2706,0.0,std_0.05,5,0.67,0.05,beta,none
City-C,T5,1x,160.0,S0a_RoutineOracle,routine,M_routine,650,True,1,471.4,471.4,0.0,0.0,1.0,std_0.05,5,0.67,0.05,beta,none
City-C,T5,1x,160.0,S0a_RoutineOracle,cross_regime,M_stress,650,True,1,471.4,265.3,0.0,0.4372,1.0,std_0.05,5,0.67,0.05,beta,none
City-C,T5,1x,160.0,S0b_StressOracle,routine,M_routine,650,True,1,284.3,410.9,0.0,0.0,1.0,std_0.05,5,0.67,0.05,beta,none
City-C,T5,1x,160.0,S0b_StressOracle,cross_regime,M_stress,650,True,1,284.3,284.3,0.0,0.0,1.0,std_0.05,5,0.67,0.05,beta,none
City-C,T5,1x,160.0,S1_CapRR,routine,M_routine,650,True,1,648.6,471.4,0.0,0.2733,1.0,std_0.05,5,0.67,0.05,beta,none
City-C,T5,1x,160.0,S1_CapRR,cross_regime,M_stress,650,True,1,648.6,265.3,0.0,0.591,1.0,std_0.05,5,0.67,0.05,beta,none
City-C,T5,1x,160.0,S2_Platform,routine,M_routine,650,True,1,451.5,471.4,0.0,0.0,1.0,std_0.05,5,0.67,0.05,beta,none
City-C,T5,1x,160.0,S2_Platform,cross_regime,M_stress,650,True,1,451.5,265.3,0.0,0.4125,1.0,std_0.05,5,0.67,0.05,beta,none
City-C,T5,1x,160.0,S3_Lin4,routine,M_routine,650,True,1,403.4,471.4,0.0,0.0,1.0,std_0.05,5,0.67,0.05,beta,none
City-C,T5,1x,160.0,S3_Lin4,cross_regime,M_stress,650,True,1,403.4,265.3,0.0,0.3425,1.0,std_0.05,5,0.67,0.05,beta,none
City-C,T5,1x,160.0,S4_GlobalCalib,routine,M_routine,650,True,1,428.4,471.4,0.0,0.0,1.0,std_0.05,5,0.67,0.05,beta,none
City-C,T5,1x,160.0,S4_GlobalCalib,cross_regime,M_stress,650,True,1,428.4,265.3,0.0,0.3808,1.0,std_0.05,5,0.67,0.05,beta,none
City-C,T5,1x,160.0,S5_CityCalib,routine,M_routine,650,True,1,428.7,471.4,0.0,0.0,1.0,std_0.05,5,0.67,0.05,beta,none
City-C,T5,1x,160.0,S5_CityCalib,cross_regime,M_stress,650,True,1,428.7,265.3,0.0,0.3812,1.0,std_0.05,5,0.67,0.05,beta,none
City-C,T5,1x,160.0,S6_Q10,routine,M_routine,650,True,1,388.8,471.4,0.0,0.0,1.0,std_0.05,5,0.67,0.05,beta,none
City-C,T5,1x,160.0,S6_Q10,cross_regime,M_stress,650,True,1,388.8,265.3,0.0,0.3178,1.0,std_0.05,5,0.67,0.05,beta,none
City-C,T5,2x,320.0,S0a_RoutineOracle,routine,M_routine,650,True,1,471.4,471.4,0.0,0.0,1.0,std_0.05,5,0.67,0.05,beta,none
City-C,T5,2x,320.0,S0a_RoutineOracle,cross_regime,M_stress,650,True,1,471.4,265.3,54.7,0.4372,0.0,std_0.05,5,0.67,0.05,beta,none
City-C,T5,2x,320.0,S0b_StressOracle,routine,M_routine,650,True,2,558.4,847.5,0.0,0.0,1.0,std_0.05,5,0.67,0.05,beta,none
City-C,T5,2x,320.0,S0b_StressOracle,cross_regime,M_stress,650,True,2,558.4,558.4,0.0,0.0,1.0,std_0.05,5,0.67,0.05,beta,none
City-C,T5,2x,320.0,S1_CapRR,routine,M_routine,650,True,1,648.6,471.4,0.0,0.2733,1.0,std_0.05,5,0.67,0.05,beta,none
City-C,T5,2x,320.0,S1_CapRR,cross_regime,M_stress,650,True,1,648.6,265.3,54.7,0.591,0.0,std_0.05,5,0.67,0.05,beta,none
City-C,T5,2x,320.0,S2_Platform,routine,M_routine,650,True,1,451.5,471.4,0.0,0.0,1.0,std_0.05,5,0.67,0.05,beta,none
City-C,T5,2x,320.0,S2_Platform,cross_regime,M_stress,650,True,1,451.5,265.3,54.7,0.4125,0.0,std_0.05,5,0.67,0.05,beta,none
City-C,T5,2x,320.0,S3_Lin4,routine,M_routine,650,True,1,403.4,471.4,0.0,0.0,1.0,std_0.05,5,0.67,0.05,beta,none
City-C,T5,2x,320.0,S3_Lin4,cross_regime,M_stress,650,True,1,403.4,265.3,54.7,0.3425,0.0,std_0.05,5,0.67,0.05,beta,none
City-C,T5,2x,320.0,S4_GlobalCalib,routine,M_routine,650,True,1,428.4,471.4,0.0,0.0,1.0,std_0.05,5,0.67,0.05,beta,none
City-C,T5,2x,320.0,S4_GlobalCalib,cross_regime,M_stress,650,True,1,428.4,265.3,54.7,0.3808,0.0,std_0.05,5,0.67,0.05,beta,none
City-C,T5,2x,320.0,S5_CityCalib,routine,M_routine,650,True,1,428.7,471.4,0.0,0.0,1.0,std_0.05,5,0.67,0.05,beta,none
City-C,T5,2x,320.0,S5_CityCalib,cross_regime,M_stress,650,True,1,428.7,265.3,54.7,0.3812,0.0,std_0.05,5,0.67,0.05,beta,none
City-C,T5,2x,320.0,S6_Q10,routine,M_routine,650,True,1,388.8,471.4,0.0,0.0,1.0,std_0.05,5,0.67,0.05,beta,none
City-C,T5,2x,320.0,S6_Q10,cross_regime,M_stress,650,True,1,388.8,265.3,54.7,0.3178,0.0,std_0.05,5,0.67,0.05,beta,none
City-C,T5,5x,800.0,S0a_RoutineOracle,routine,M_routine,650,True,2,908.0,908.0,0.0,0.0,1.0,std_0.05,5,0.67,0.05,beta,none
City-C,T5,5x,800.0,S0a_RoutineOracle,cross_regime,M_stress,650,True,2,908.0,539.4,260.6,0.406,0.0,std_0.05,5,0.67,0.05,beta,none
City-C,T5,5x,800.0,S0b_StressOracle,routine,M_routine,650,True,3,823.7,1318.9,0.0,0.0,1.0,std_0.05,5,0.67,0.05,beta,none
City-C,T5,5x,800.0,S0b_StressOracle,cross_regime,M_stress,650,True,3,823.7,823.7,0.0,0.0,1.0,std_0.05,5,0.67,0.05,beta,none
City-C,T5,5x,800.0,S1_CapRR,routine,M_routine,650,True,2,1266.8,882.2,0.0,0.3036,1.0,std_0.05,5,0.67,0.05,beta,none
City-C,T5,5x,800.0,S1_CapRR,cross_regime,M_stress,650,True,2,1266.8,549.6,250.4,0.5662,0.0,std_0.05,5,0.67,0.05,beta,none
City-C,T5,5x,800.0,S2_Platform,routine,M_routine,650,True,2,882.9,861.4,0.0,0.0244,1.0,std_0.05,5,0.67,0.05,beta,none
City-C,T5,5x,800.0,S2_Platform,cross_regime,M_stress,650,True,2,882.9,492.6,307.4,0.4421,0.0,std_0.05,5,0.67,0.05,beta,none
City-C,T5,5x,800.0,S3_Lin4,routine,M_routine,650,True,3,1171.2,1318.9,0.0,0.0,1.0,std_0.05,5,0.67,0.05,beta,none
City-C,T5,5x,800.0,S3_Lin4,cross_regime,M_stress,650,True,3,1171.2,823.7,0.0,0.2967,1.0,std_0.05,5,0.67,0.05,beta,none
City-C,T5,5x,800.0,S4_GlobalCalib,routine,M_routine,650,True,2,836.8,882.2,0.0,0.0,1.0,std_0.05,5,0.67,0.05,beta,none
City-C,T5,5x,800.0,S4_GlobalCalib,cross_regime,M_stress,650,True,2,836.8,549.6,250.4,0.3432,0.0,std_0.05,5,0.67,0.05,beta,none
City-C,T5,5x,800.0,S5_CityCalib,routine,M_routine,650,True,2,837.3,882.2,0.0,0.0,1.0,std_0.05,5,0.67,0.05,beta,none
City-C,T5,5x,800.0,S5_CityCalib,cross_regime,M_stress,650,True,2,837.3,549.6,250.4,0.3436,0.0,std_0.05,5,0.67,0.05,beta,none
City-C,T5,5x,800.0,S6_Q10,routine,M_routine,650,True,3,1097.9,1318.9,0.0,0.0,1.0,std_0.05,5,0.67,0.05,beta,none
City-C,T5,5x,800.0,S6_Q10,cross_regime,M_stress,650,True,3,1097.9,823.7,0.0,0.2498,1.0,std_0.05,5,0.67,0.05,beta,none
City-C,T5,10x,1600.0,S0a_RoutineOracle,routine,M_routine,650,True,4,1708.9,1708.9,0.0,0.0,1.0,std_0.05,5,0.67,0.05,beta,none
City-C,T5,10x,1600.0,S0a_RoutineOracle,cross_regime,M_stress,650,True,4,1708.9,1051.0,549.0,0.385,0.0,std_0.05,5,0.67,0.05,beta,none
City-C,T5,10x,1600.0,S0b_StressOracle,routine,M_routine,650,True,7,1771.5,2716.0,0.0,0.0,1.0,std_0.05,5,0.67,0.05,beta,none
City-C,T5,10x,1600.0,S0b_StressOracle,cross_regime,M_stress,650,True,7,1771.5,1771.5,0.0,0.0,1.0,std_0.05,5,0.67,0.05,beta,none
City-C,T5,10x,1600.0,S1_CapRR,routine,M_routine,650,True,3,1831.4,1318.9,281.1,0.2799,0.0,std_0.05,5,0.67,0.05,beta,none
City-C,T5,10x,1600.0,S1_CapRR,cross_regime,M_stress,650,True,3,1831.4,823.7,776.3,0.5502,0.0,std_0.05,5,0.67,0.05,beta,none
City-C,T5,10x,1600.0,S2_Platform,routine,M_routine,650,True,4,1670.1,1465.2,134.8,0.1226,0.0,std_0.05,5,0.67,0.05,beta,none
City-C,T5,10x,1600.0,S2_Platform,cross_regime,M_stress,650,True,4,1670.1,872.2,727.8,0.4778,0.0,std_0.05,5,0.67,0.05,beta,none
City-C,T5,10x,1600.0,S3_Lin4,routine,M_routine,650,True,5,1914.6,1918.9,0.0,0.0,1.0,std_0.05,5,0.67,0.05,beta,none
City-C,T5,10x,1600.0,S3_Lin4,cross_regime,M_stress,650,True,5,1914.6,1247.4,352.6,0.3485,0.0,std_0.05,5,0.67,0.05,beta,none
City-C,T5,10x,1600.0,S4_GlobalCalib,routine,M_routine,650,True,5,1887.4,2070.7,0.0,0.0,1.0,std_0.05,5,0.67,0.05,beta,none
City-C,T5,10x,1600.0,S4_GlobalCalib,cross_regime,M_stress,650,True,5,1887.4,1294.8,305.2,0.314,0.0,std_0.05,5,0.67,0.05,beta,none
City-C,T5,10x,1600.0,S5_CityCalib,routine,M_routine,650,True,5,1888.7,2070.7,0.0,0.0,1.0,std_0.05,5,0.67,0.05,beta,none
City-C,T5,10x,1600.0,S5_CityCalib,cross_regime,M_stress,650,True,5,1888.7,1294.8,305.2,0.3144,0.0,std_0.05,5,0.67,0.05,beta,none
City-C,T5,10x,1600.0,S6_Q10,routine,M_routine,650,True,5,1712.3,2070.7,0.0,0.0,1.0,std_0.05,5,0.67,0.05,beta,none
City-C,T5,10x,1600.0,S6_Q10,cross_regime,M_stress,650,True,5,1712.3,1294.8,305.2,0.2438,0.0,std_0.05,5,0.67,0.05,beta,none
