city,task_id,p_req_level,p_req,strategy,regime,eval_outcome,pool_size,pool_feasible,n_selected,p_commit,p_deliv,shortfall,ocr,success,config_name,seed_id,xi_mean,xi_std,xi_dist,xi_persistence
City-A,T1,1x,180.0,S0a_RoutineOracle,routine,M_routine,800,True,1,578.8,578.8,0.0,0.0,1.0,mean_0.75,9,0.75,0.15,beta,none
City-A,T1,1x,180.0,S0a_RoutineOracle,cross_regime,M_stress,800,True,1,578.8,312.9,0.0,0.4594,1.0,mean_0.75,9,0.75,0.15,beta,none
City-A,T1,1x,180.0,S0b_StressOracle,routine,M_routine,800,True,1,332.0,366.7,0.0,0.0,1.0,mean_0.75,9,0.75,0.15,beta,none
City-A,T1,1x,180.0,S0b_StressOracle,cross_regime,M_stress,800,True,1,332.0,332.0,0.0,0.0,1.0,mean_0.75,9,0.75,0.15,beta,none
City-A,T1,1x,180.0,S1_CapRR,routine,M_routine,800,True,1,678.2,507.8,0.0,0.2512,1.0,mean_0.75,9,0.75,0.15,beta,none
City-A,T1,1x,180.0,S1_CapRR,cross_regime,M_stress,800,True,1,678.2,151.9,28.1,0.776,0.0,mean_0.75,9,0.75,0.15,beta,none
City-A,T1,1x,180.0,S2_Platform,routine,M_routine,800,True,1,421.1,507.8,0.0,0.0,1.0,mean_0.75,9,0.75,0.15,beta,none
City-A,T1,1x,180.0,S2_Platform,cross_regime,M_stress,800,True,1,421.1,151.9,28.1,0.6392,0.0,mean_0.75,9,0.75,0.15,beta,none
City-A,T1,1x,180.0,S3_Lin4,routine,M_routine,800,True,1,545.9,507.8,0.0,0.0697,1.0,mean_0.75,9,0.75,0.15,beta,none
City-A,T1,1x,180.0,S3_Lin4,cross_regime,M_stress,800,True,1,545.9,151.9,28.1,0.7217,0.0,mean_0.75,9,0.75,0.15,beta,none
City-A,T1,1x,180.0,S4_GlobalCalib,routine,M_routine,800,True,1,504.7,507.8,0.0,0.0,1.0,mean_0.75,9,0.75,0.15,beta,none
City-A,T1,1x,180.0,S4_GlobalCalib,cross_regime,M_stress,800,True,1,504.7,151.9,28.1,0.699,0.0,mean_0.75,9,0.75,0.15,beta,none
City-A,T1,1x,180.0,S5_CityCalib,routine,M_routine,800,True,1,509.8,507.8,0.0,0.0039,1.0,mean_0.75,9,0.75,0.15,beta,none
City-A,T1,1x,180.0,S5_CityCalib,cross_regime,M_stress,800,True,1,509.8,151.9,28.1,0.702,0.0,mean_0.75,9,0.75,0.15,beta,none
City-A,T1,1x,180.0,S6_Q10,routine,M_routine,800,True,1,363.3,507.8,0.0,0.0,1.0,mean_0.75,9,0.75,0.15,beta,none
City-A,T1,1x,180.0,S6_Q10,cross_regime,M_stress,800,True,1,363.3,151.9,28.1,0.5818,0.0,mean_0.75,9,0.75,0.15,beta,none
City-A,T1,2x,360.0,S0a_RoutineOracle,routine,M_routine,800,True,1,578.8,578.8,0.0,0.0,1.0,mean_0.75,9,0.75,0.15,beta,none
City-A,T1,2x,360.0,S0a_RoutineOracle,cross_regime,M_stress,800,True,1,578.8,312.9,47.1,0.4594,0.0,mean_0.75,9,0.75,0.15,beta,none
City-A,T1,2x,360.0,S0b_StressOracle,routine,M_routine,800,True,2,656.1,705.0,0.0,0.0,1.0,mean_0.75,9,0.75,0.15,beta,none
City-A,T1,2x,360.0,S0b_StressOracle,cross_regime,M_stress,800,True,2,656.1,656.1,0.0,0.0,1.0,mean_0.75,9,0.75,0.15,beta,none
City-A,T1,2x,360.0,S1_CapRR,routine,M_routine,800,True,1,678.2,507.8,0.0,0.2512,1.0,mean_0.75,9,0.75,0.15,beta,none
City-A,T1,2x,360.0,S1_CapRR,cross_regime,M_stress,800,True,1,678.2,151.9,208.1,0.776,0.0,mean_0.75,9,0.75,0.15,beta,none
City-A,T1,2x,360.0,S2_Platform,routine,M_routine,800,True,1,421.1,507.8,0.0,0.0,1.0,mean_0.75,9,0.75,0.15,beta,none
City-A,T1,2x,360.0,S2_Platform,cross_regime,M_stress,800,True,1,421.1,151.9,208.1,0.6392,0.0,mean_0.75,9,0.75,0.15,beta,none
City-A,T1,2x,360.0,S3_Lin4,routine,M_routine,800,True,1,545.9,507.8,0.0,0.0697,1.0,mean_0.75,9,0.75,0.15,beta,none
City-A,T1,2x,360.0,S3_Lin4,cross_regime,M_stress,800,True,1,545.9,151.9,208.1,0.7217,0.0,mean_0.75,9,0.75,0.15,beta,none
City-A,T1,2x,360.0,S4_GlobalCalib,routine,M_routine,800,True,1,504.7,507.8,0.0,0.0,1.0,mean_0.75,9,0.75,0.15,beta,none
City-A,T1,2x,360.0,S4_GlobalCalib,cross_regime,M_stress,800,True,1,504.7,151.9,208.1,0.699,0.0,mean_0.75,9,0.75,0.15,beta,none
City-A,T1,2x,360.0,S5_CityCalib,routine,M_routine,800,True,1,509.8,507.8,0.0,0.0039,1.0,mean_0.75,9,0.75,0.15,beta,none
City-A,T1,2x,360.0,S5_CityCalib,cross_regime,M_stress,800,True,1,509.8,151.9,208.1,0.702,0.0,mean_0.75,9,0.75,0.15,beta,none
City-A,T1,2x,360.0,S6_Q10,routine,M_routine,800,True,1,363.3,507.8,0.0,0.0,1.0,mean_0.75,9,0.75,0.15,beta,none
City-A,T1,2x,360.0,S6_Q10,cross_regime,M_stress,800,True,1,363.3,151.9,208.1,0.5818,0.0,mean_0.75,9,0.75,0.15,beta,none
City-A,T1,5x,900.0,S0a_RoutineOracle,routine,M_routine,800,True,2,1086.6,1086.6,0.0,0.0,1.0,mean_0.75,9,0.75,0.15,beta,none
City-A,T1,5x,900.0,S0a_RoutineOracle,cross_regime,M_stress,800,True,2,1086.6,464.9,435.1,0.5722,0.0,mean_0.75,9,0.75,0.15,beta,none
City-A,T1,5x,900.0,S0b_StressOracle,routine,M_routine,800,True,3,969.0,1283.8,0.0,0.0,1.0,mean_0.75,9,0.75,0.15,beta,none
City-A,T1,5x,900.0,S0b_StressOracle,cross_regime,M_stress,800,True,3,969.0,969.0,0.0,0.0,1.0,mean_0.75,9,0.75,0.15,beta,none
City-A,T1,5x,900.0,S1_CapRR,routine,M_routine,800,True,2,1293.4,1086.6,0.0,0.1599,1.0,mean_0.75,9,0.75,0.15,beta,none
City-A,T1,5x,900.0,S1_CapRR,cross_regime,M_stress,800,True,2,1293.4,464.9,435.1,0.6406,0.0,mean_0.75,9,0.75,0.15,beta,none
City-A,T1,5x,900.0,S2_Platform,routine,M_routine,800,True,3,1202.1,1386.5,0.0,0.0,1.0,mean_0.75,9,0.75,0.15,beta,none
City-A,T1,5x,900.0,S2_Platform,cross_regime,M_stress,800,True,3,1202.1,673.4,226.6,0.4398,0.0,mean_0.75,9,0.75,0.15,beta,none
City-A,T1,5x,900.0,S3_Lin4,routine,M_routine,800,True,2,975.9,751.5,148.5,0.23,0.0,mean_0.75,9,0.75,0.15,beta,none
City-A,T1,5x,900.0,S3_Lin4,cross_regime,M_stress,800,True,2,975.9,374.0,526.0,0.6168,0.0,mean_0.75,9,0.75,0.15,beta,none
City-A,T1,5x,900.0,S4_GlobalCalib,routine,M_routine,800,True,2,962.5,1086.6,0.0,0.0,1.0,mean_0.75,9,0.75,0.15,beta,none
City-A,T1,5x,900.0,S4_GlobalCalib,cross_regime,M_stress,800,True,2,962.5,464.9,435.1,0.517,0.0,mean_0.75,9,0.75,0.15,beta,none
City-A,T1,5x,900.0,S5_CityCalib,routine,M_routine,800,True,2,972.1,1086.6,0.0,0.0,1.0,mean_0.75,9,0.75,0.15,beta,none
City-A,T1,5x,900.0,S5_CityCalib,cross_regime,M_stress,800,True,2,972.1,464.9,435.1,0.5218,0.0,mean_0.75,9,0.75,0.15,beta,none
City-A,T1,5x,900.0,S6_Q10,routine,M_routine,800,True,3,1012.3,1330.3,0.0,0.0,1.0,mean_0.75,9,0.75,0.15,beta,none
City-A,T1,5x,900.0,S6_Q10,cross_regime,M_stress,800,True,3,1012.3,686.9,213.1,0.3215,0.0,mean_0.75,9,0.75,0.15,beta,none
City-A,T1,10x,1800.0,S0a_RoutineOracle,routine,M_routine,800,True,4,1957.0,1957.0,0.0,0.0,1.0,mean_0.75,9,0.75,0.15,beta,none
City-A,T1,10x,1800.0,S0a_RoutineOracle,cross_regime,M_stress,800,True,4,1957.0,873.0,927.0,0.5539,0.0,mean_0.75,9,0.75,0.15,beta,none
City-A,T1,10x,1800.0,S0b_StressOracle,routine,M_routine,800,True,6,1807.6,2263.4,0.0,0.0,1.0,mean_0.75,9,0.75,0.15,beta,none
City-A,T1,10x,1800.0,S0b_StressOracle,cross_regime,M_stress,800,True,6,1807.6,1807.6,0.0,0.0,1.0,mean_0.75,9,0.75,0.15,beta,none
City-A,T1,10x,1800.0,S1_CapRR,routine,M_routine,800,True,3,1889.7,1330.3,469.7,0.296,0.0,mean_0.75,9,0.75,0.15,beta,none
City-A,T1,10x,1800.0,S1_CapRR,cross_regime,M_stress,800,True,3,1889.7,686.9,1113.1,0.6365,0.0,mean_0.75,9,0.75,0.15,beta,none
City-A,T1,10x,1800.0,S2_Platform,routine,M_routine,800,True,5,1914.5,2019.1,0.0,0.0,1.0,mean_0.75,9,0.75,0.15,beta,none
City-A,T1,10x,1800.0,S2_Platform,cross_regime,M_stress,800,True,5,1914.5,1179.6,620.4,0.3839,0.0,mean_0.75,9,0.75,0.15,beta,none
City-A,T1,10x,1800.0,S3_Lin4,routine,M_routine,800,True,4,1802.5,1668.6,131.4,0.0743,0.0,mean_0.75,9,0.75,0.15,beta,none
City-A,T1,10x,1800.0,S3_Lin4,cross_regime,M_stress,800,True,4,1802.5,1011.0,789.0,0.4391,0.0,mean_0.75,9,0.75,0.15,beta,none
City-A,T1,10x,1800.0,S4_GlobalCalib,routine,M_routine,800,True,4,1839.8,1697.0,103.0,0.0776,0.0,mean_0.75,9,0.75,0.15,beta,none
City-A,T1,10x,1800.0,S4_GlobalCalib,cross_regime,M_stress,800,True,4,1839.8,1018.9,781.1,0.4462,0.0,mean_0.75,9,0.75,0.15,beta,none
City-A,T1,10x,1800.0,S5_CityCalib,routine,M_routine,800,True,4,1857.9,1697.0,103.0,0.0866,0.0,mean_0.75,9,0.75,0.15,beta,none
City-A,T1,10x,1800.0,S5_CityCalib,cross_regime,M_stress,800,True,4,1857.9,1018.9,781.1,0.4516,0.0,mean_0.75,9,0.75,0.15,beta,none
City-A,T1,10x,1800.0,S6_Q10,routine,M_routine,800,True,6,1910.7,2310.2,0.0,0.0,1.0,mean_0.75,9,0.75,0.15,beta,none
City-A,T1,10x,1800.0,S6_Q10,cross_regime,M_stress,800,True,6,1910.7,1636.1,163.9,0.1437,0.0,mean_0.75,9,0.75,0.15,beta,none
City-A,T2,1x,260.0,S0a_RoutineOracle,routine,M_routine,800,True,1,567.3,567.3,0.0,0.0,1.0,mean_0.75,9,0.75,0.15,beta,none
City-A,T2,1x,260.0,S0a_RoutineOracle,cross_regime,M_stress,800,True,1,567.3,341.5,0.0,0.3981,1.0,mean_0.75,9,0.75,0.15,beta,none
City-A,T2,1x,260.0,S0b_StressOracle,routine,M_routine,800,True,1,398.7,451.3,0.0,0.0,1.0,mean_0.75,9,0.75,0.15,beta,none
City-A,T2,1x,260.0,S0b_StressOracle,cross_regime,M_stress,800,True,1,398.7,398.7,0.0,0.0,1.0,mean_0.75,9,0.75,0.15,beta,none
City-A,T2,1x,260.0,S1_CapRR,routine,M_routine,800,True,1,678.2,451.3,0.0,0.3346,1.0,mean_0.75,9,0.75,0.15,beta,none
City-A,T2,1x,260.0,S1_CapRR,cross_regime,M_stress,800,True,1,678.2,398.7,0.0,0.4121,1.0,mean_0.75,9,0.75,0.15,beta,none
City-A,T2,1x,260.0,S2_Platform,routine,M_routine,800,True,1,441.1,451.3,0.0,0.0,1.0,mean_0.75,9,0.75,0.15,beta,none
City-A,T2,1x,260.0,S2_Platform,cross_regime,M_stress,800,True,1,441.1,398.7,0.0,0.0961,1.0,mean_0.75,9,0.75,0.15,beta,none
City-A,T2,1x,260.0,S3_Lin4,routine,M_routine,800,True,1,543.5,451.3,0.0,0.1697,1.0,mean_0.75,9,0.75,0.15,beta,none
City-A,T2,1x,260.0,S3_Lin4,cross_regime,M_stress,800,True,1,543.5,398.7,0.0,0.2664,1.0,mean_0.75,9,0.75,0.15,beta,none
City-A,T2,1x,260.0,S4_GlobalCalib,routine,M_routine,800,True,1,504.2,451.3,0.0,0.105,1.0,mean_0.75,9,0.75,0.15,beta,none
City-A,T2,1x,260.0,S4_GlobalCalib,cross_regime,M_stress,800,True,1,504.2,398.7,0.0,0.2092,1.0,mean_0.75,9,0.75,0.15,beta,none
City-A,T2,1x,260.0,S5_CityCalib,routine,M_routine,800,True,1,507.3,451.3,0.0,0.1105,1.0,mean_0.75,9,0.75,0.15,beta,none
City-A,T2,1x,260.0,S5_CityCalib,cross_regime,M_stress,800,True,1,507.3,398.7,0.0,0.2141,1.0,mean_0.75,9,0.75,0.15,beta,none
City-A,T2,1x,260.0,S6_Q10,routine,M_routine,800,True,1,362.9,451.3,0.0,0.0,1.0,mean_0.75,9,0.75,0.15,beta,none
City-A,T2,1x,260.0,S6_Q10,cross_regime,M_stress,800,True,1,362.9,398.7,0.0,0.0,1.0,mean_0.75,9,0.75,0.15,beta,none
City-A,T2,2x,520.0,S0a_RoutineOracle,routine,M_routine,800,True,1,567.3,567.3,0.0,0.0,1.0,mean_0.75,9,0.75,0.15,beta,none
City-A,T2,2x,520.0,S0a_RoutineOracle,cross_regime,M_stress,800,True,1,567.3,341.5,178.5,0.3981,0.0,mean_0.75,9,0.75,0.15,beta,none
City-A,T2,2x,520.0,S0b_StressOracle,routine,M_routine,800,True,2,751.7,908.7,0.0,0.0,1.0,mean_0.75,9,0.75,0.15,beta,none
City-A,T2,2x,520.0,S0b_StressOracle,cross_regime,M_stress,800,True,2,751.7,751.7,0.0,0.0,1.0,mean_0.75,9,0.75,0.15,beta,none
City-A,T2,2x,520.0,S1_CapRR,routine,M_routine,800,True,1,678.2,451.3,68.7,0.3346,0.0,mean_0.75,9,0.75,0.15,beta,none
City-A,T2,2x,520.0,S1_CapRR,cross_regime,M_stress,800,True,1,678.2,398.7,121.3,0.4121,0.0,mean_0.75,9,0.75,0.15,beta,none
City-A,T2,2x,520.0,S2_Platform,routine,M_routine,800,True,2,849.9,1018.6,0.0,0.0,1.0,mean_0.75,9,0.75,0.15,beta,none
City-A,T2,2x,520.0,S2_Platform,cross_regime,M_stress,800,True,2,849.9,740.2,0.0,0.1291,1.0,mean_0.75,9,0.75,0.15,beta,none
City-A,T2,2x,520.0,S3_Lin4,routine,M_routine,800,True,1,543.5,451.3,68.7,0.1697,0.0,mean_0.75,9,0.75,0.15,beta,none
City-A,T2,2x,520.0,S3_Lin4,cross_regime,M_stress,800,True,1,543.5,398.7,121.3,0.2664,0.0,mean_0.75,9,0.75,0.15,beta,none
City-A,T2,2x,520.0,S4_GlobalCalib,routine,M_routine,800,True,2,961.7,1018.6,0.0,0.0,1.0,mean_0.75,9,0.75,0.15,beta,none
City-A,T2,2x,520.0,S4_GlobalCalib,cross_regime,M_stress,800,True,2,961.7,740.2,0.0,0.2304,1.0,mean_0.75,9,0.75,0.15,beta,none
City-A,T2,2x,520.0,S5_CityCalib,routine,M_routine,800,True,2,967.6,1018.6,0.0,0.0,1.0,mean_0.75,9,0.75,0.15,beta,none
City-A,T2,2x,520.0,S5_CityCalib,cross_regime,M_stress,800,True,2,967.6,740.2,0.0,0.235,1.0,mean_0.75,9,0.75,0.15,beta,none
City-A,T2,2x,520.0,S6_Q10,routine,M_routine,800,True,2,692.1,1018.6,0.0,0.0,1.0,mean_0.75,9,0.75,0.15,beta,none
City-A,T2,2x,520.0,S6_Q10,cross_regime,M_stress,800,True,2,692.1,740.2,0.0,0.0,1.0,mean_0.75,9,0.75,0.15,beta,none
City-A,T2,5x,1300.0,S0a_RoutineOracle,routine,M_routine,800,True,3,1587.0,1587.0,0.0,0.0,1.0,mean_0.75,9,0.75,0.15,beta,none
City-A,T2,5x,1300.0,S0a_RoutineOracle,cross_regime,M_stress,800,True,3,1587.0,955.9,344.1,0.3976,0.0,mean_0.75,9,0.75,0.15,beta,none
City-A,T2,5x,1300.0,S0b_StressOracle,routine,M_routine,800,True,4,1418.9,1715.9,0.0,0.0,1.0,mean_0.75,9,0.75,0.15,beta,none
City-A,T2,5x,1300.0,S0b_StressOracle,cross_regime,M_stress,800,True,4,1418.9,1418.9,0.0,0.0,1.0,mean_0.75,9,0.75,0.15,beta,none
City-A,T2,5x,1300.0,S1_CapRR,routine,M_routine,800,True,3,1889.7,1580.8,0.0,0.1635,1.0,mean_0.75,9,0.75,0.15,beta,none
City-A,T2,5x,1300.0,S1_CapRR,cross_regime,M_stress,800,True,3,1889.7,1001.6,298.4,0.47,0.0,mean_0.75,9,0.75,0.15,beta,none
City-A,T2,5x,1300.0,S2_Platform,routine,M_routine,800,True,4,1596.5,1656.8,0.0,0.0,1.0,mean_0.75,9,0.75,0.15,beta,none
City-A,T2,5x,1300.0,S2_Platform,cross_regime,M_stress,800,True,4,1596.5,1216.8,83.2,0.2378,0.0,mean_0.75,9,0.75,0.15,beta,none
City-A,T2,5x,1300.0,S3_Lin4,routine,M_routine,800,True,3,1392.4,1468.2,0.0,0.0,1.0,mean_0.75,9,0.75,0.15,beta,none
City-A,T2,5x,1300.0,S3_Lin4,cross_regime,M_stress,800,True,3,1392.4,872.4,427.6,0.3735,0.0,mean_0.75,9,0.75,0.15,beta,none
City-A,T2,5x,1300.0,S4_GlobalCalib,routine,M_routine,800,True,3,1405.2,1580.8,0.0,0.0,1.0,mean_0.75,9,0.75,0.15,beta,none
City-A,T2,5x,1300.0,S4_GlobalCalib,cross_regime,M_stress,800,True,3,1405.2,1001.6,298.4,0.2872,0.0,mean_0.75,9,0.75,0.15,beta,none
City-A,T2,5x,1300.0,S5_CityCalib,routine,M_routine,800,True,3,1413.7,1580.8,0.0,0.0,1.0,mean_0.75,9,0.75,0.15,beta,none
City-A,T2,5x,1300.0,S5_CityCalib,cross_regime,M_stress,800,True,3,1413.7,1001.6,298.4,0.2915,0.0,mean_0.75,9,0.75,0.15,beta,none
City-A,T2,5x,1300.0,S6_Q10,routine,M_routine,800,True,4,1322.8,2038.2,0.0,0.0,1.0,mean_0.75,9,0.75,0.15,beta,none
City-A,T2,5x,1300.0,S6_Q10,cross_regime,M_stress,800,True,4,1322.8,1354.6,0.0,0.0,1.0,mean_0.75,9,0.75,0.15,beta,none
City-A,T2,10x,2600.0,S0a_RoutineOracle,routine,M_routine,800,True,6,2941.5,2941.5,0.0,0.0,1.0,mean_0.75,9,0.75,0.15,beta,none
City-A,T2,10x,2600.0,S0a_RoutineOracle,cross_regime,M_stress,800,True,6,2941.5,1874.0,726.0,0.3629,0.0,mean_0.75,9,0.75,0.15,beta,none
City-A,T2,10x,2600.0,S0b_StressOracle,routine,M_routine,800,True,9,2833.2,3609.8,0.0,0.0,1.0,mean_0.75,9,0.75,0.15,beta,none
City-A,T2,10x,2600.0,S0b_StressOracle,cross_regime,M_stress,800,True,9,2833.2,2833.2,0.0,0.0,1.0,mean_0.75,9,0.75,0.15,beta,none
City-A,T2,10x,2600.0,S1_CapRR,routine,M_routine,800,True,5,3037.3,2278.1,321.9,0.25,0.0,mean_0.75,9,0.75,0.15,beta,none
City-A,T2,10x,2600.0,S1_CapRR,cross_regime,M_stress,800,True,5,3037.3,1680.4,919.6,0.4468,0.0,mean_0.75,9,0.75,0.15,beta,none
City-A,T2,10x,2600.0,S2_Platform,routine,M_routine,800,True,7,2630.1,2949.1,0.0,0.0,1.0,mean_0.75,9,0.75,0.15,beta,none
City-A,T2,10x,2600.0,S2_Platform,cross_regime,M_stress,800,True,7,2630.1,2011.3,588.7,0.2353,0.0,mean_0.75,9,0.75,0.15,beta,none
City-A,T2,10x,2600.0,S3_Lin4,routine,M_routine,800,True,7,2965.9,3034.3,0.0,0.0,1.0,mean_0.75,9,0.75,0.15,beta,none
City-A,T2,10x,2600.0,S3_Lin4,cross_regime,M_stress,800,True,7,2965.9,2096.6,503.4,0.2931,0.0,mean_0.75,9,0.75,0.15,beta,none
City-A,T2,10x,2600.0,S4_GlobalCalib,routine,M_routine,800,True,6,2652.5,2732.8,0.0,0.0,1.0,mean_0.75,9,0.75,0.15,beta,none
City-A,T2,10x,2600.0,S4_GlobalCalib,cross_regime,M_stress,800,True,6,2652.5,1892.6,707.4,0.2865,0.0,mean_0.75,9,0.75,0.15,beta,none
City-A,T2,10x,2600.0,S5_CityCalib,routine,M_routine,800,True,6,2668.4,2732.8,0.0,0.0,1.0,mean_0.75,9,0.75,0.15,beta,none
City-A,T2,10x,2600.0,S5_CityCalib,cross_regime,M_stress,800,True,6,2668.4,1892.6,707.4,0.2907,0.0,mean_0.75,9,0.75,0.15,beta,none
City-A,T2,10x,2600.0,S6_Q10,routine,M_routine,800,True,9,2736.3,3890.0,0.0,0.0,1.0,mean_0.75,9,0.75,0.15,beta,none
City-A,T2,10x,2600.0,S6_Q10,cross_regime,M_stress,800,True,9,2736.3,2624.3,0.0,0.0409,1.0,mean_0.75,9,0.75,0.15,beta,none
City-A,T3,1x,200.0,S0a_RoutineOracle,routine,M_routine,800,True,1,555.0,555.0,0.0,0.0,1.0,mean_0.75,9,0.75,0.15,beta,none
City-A,T3,1x,200.0,S0a_RoutineOracle,cross_regime,M_stress,800,True,1,555.0,153.7,46.3,0.7231,0.0,mean_0.75,9,0.75,0.15,beta,none
City-A,T3,1x,200.0,S0b_StressOracle,routine,M_routine,800,True,1,317.8,357.1,0.0,0.0,1.0,mean_0.75,9,0.75,0.15,beta,none
City-A,T3,1x,200.0,S0b_StressOracle,cross_regime,M_stress,800,True,1,317.8,317.8,0.0,0.0,1.0,mean_0.75,9,0.75,0.15,beta,none
City-A,T3,1x,200.0,S1_CapRR,routine,M_routine,800,True,1,596.8,555.0,0.0,0.0701,1.0,mean_0.75,9,0.75,0.15,beta,none
City-A,T3,1x,200.0,S1_CapRR,cross_regime,M_stress,800,True,1,596.8,153.7,46.3,0.7425,0.0,mean_0.75,9,0.75,0.15,beta,none
City-A,T3,1x,200.0,S2_Platform,routine,M_routine,800,True,1,470.7,555.0,0.0,0.0,1.0,mean_0.75,9,0.75,0.15,beta,none
City-A,T3,1x,200.0,S2_Platform,cross_regime,M_stress,800,True,1,470.7,153.7,46.3,0.6735,0.0,mean_0.75,9,0.75,0.15,beta,none
City-A,T3,1x,200.0,S3_Lin4,routine,M_routine,800,True,1,540.2,555.0,0.0,0.0,1.0,mean_0.75,9,0.75,0.15,beta,none
City-A,T3,1x,200.0,S3_Lin4,cross_regime,M_stress,800,True,1,540.2,153.7,46.3,0.7156,0.0,mean_0.75,9,0.75,0.15,beta,none
City-A,T3,1x,200.0,S4_GlobalCalib,routine,M_routine,800,True,1,442.3,555.0,0.0,0.0,1.0,mean_0.75,9,0.75,0.15,beta,none
City-A,T3,1x,200.0,S4_GlobalCalib,cross_regime,M_stress,800,True,1,442.3,153.7,46.3,0.6526,0.0,mean_0.75,9,0.75,0.15,beta,none
City-A,T3,1x,200.0,S5_CityCalib,routine,M_routine,800,True,1,446.7,555.0,0.0,0.0,1.0,mean_0.75,9,0.75,0.15,beta,none
City-A,T3,1x,200.0,S5_CityCalib,cross_regime,M_stress,800,True,1,446.7,153.7,46.3,0.656,0.0,mean_0.75,9,0.75,0.15,beta,none
City-A,T3,1x,200.0,S6_Q10,routine,M_routine,800,True,1,317.6,555.0,0.0,0.0,1.0,mean_0.75,9,0.75,0.15,beta,none
City-A,T3,1x,200.0,S6_Q10,cross_regime,M_stress,800,True,1,317.6,153.7,46.3,0.5161,0.0,mean_0.75,9,0.75,0.15,beta,none
City-A,T3,2x,400.0,S0a_RoutineOracle,routine,M_routine,800,True,1,555.0,555.0,0.0,0.0,1.0,mean_0.75,9,0.75,0.15,beta,none
City-A,T3,2x,400.0,S0a_RoutineOracle,cross_regime,M_stress,800,True,1,555.0,153.7,246.3,0.7231,0.0,mean_0.75,9,0.75,0.15,beta,none
City-A,T3,2x,400.0,S0b_StressOracle,routine,M_routine,800,True,2,608.3,672.4,0.0,0.0,1.0,mean_0.75,9,0.75,0.15,beta,none
City-A,T3,2x,400.0,S0b_StressOracle,cross_regime,M_stress,800,True,2,608.3,608.3,0.0,0.0,1.0,mean_0.75,9,0.75,0.15,beta,none
City-A,T3,2x,400.0,S1_CapRR,routine,M_routine,800,True,1,596.8,555.0,0.0,0.0701,1.0,mean_0.75,9,0.75,0.15,beta,none
City-A,T3,2x,400.0,S1_CapRR,cross_regime,M_stress,800,True,1,596.8,153.7,246.3,0.7425,0.0,mean_0.75,9,0.75,0.15,beta,none
City-A,T3,2x,400.0,S2_Platform,routine,M_routine,800,True,1,470.7,555.0,0.0,0.0,1.0,mean_0.75,9,0.75,0.15,beta,none
City-A,T3,2x,400.0,S2_Platform,cross_regime,M_stress,800,True,1,470.7,153.7,246.3,0.6735,0.0,mean_0.75,9,0.75,0.15,beta,none
City-A,T3,2x,400.0,S3_Lin4,routine,M_routine,800,True,1,540.2,555.0,0.0,0.0,1.0,mean_0.75,9,0.75,0.15,beta,none
City-A,T3,2x,400.0,S3_Lin4,cross_regime,M_stress,800,True,1,540.2,153.7,246.3,0.7156,0.0,mean_0.75,9,0.75,0.15,beta,none
City-A,T3,2x,400.0,S4_GlobalCalib,routine,M_routine,800,True,1,442.3,555.0,0.0,0.0,1.0,mean_0.75,9,0.75,0.15,beta,none
City-A,T3,2x,400.0,S4_GlobalCalib,cross_regime,M_stress,800,True,1,442.3,153.7,246.3,0.6526,0.0,mean_0.75,9,0.75,0.15,beta,none
City-A,T3,2x,400.0,S5_CityCalib,routine,M_routine,800,True,1,446.7,555.0,0.0,0.0,1.0,mean_0.75,9,0.75,0.15,beta,none
City-A,T3,2x,400.0,S5_CityCalib,cross_regime,M_stress,800,True,1,446.7,153.7,246.3,0.656,0.0,mean_0.75,9,0.75,0.15,beta,none
City-A,T3,2x,400.0,S6_Q10,routine,M_routine,800,True,2,605.6,1013.3,0.0,0.0,1.0,mean_0.75,9,0.75,0.15,beta,none
City-A,T3,2x,400.0,S6_Q10,cross_regime,M_stress,800,True,2,605.6,439.5,0.0,0.2743,1.0,mean_0.75,9,0.75,0.15,beta,none
City-A,T3,5x,1000.0,S0a_RoutineOracle,routine,M_routine,800,True,2,1024.0,1024.0,0.0,0.0,1.0,mean_0.75,9,0.75,0.15,beta,none
City-A,T3,5x,1000.0,S0a_RoutineOracle,cross_regime,M_stress,800,True,2,1024.0,389.8,610.2,0.6193,0.0,mean_0.75,9,0.75,0.15,beta,none
City-A,T3,5x,1000.0,S0b_StressOracle,routine,M_routine,800,True,4,1154.3,1356.7,0.0,0.0,1.0,mean_0.75,9,0.75,0.15,beta,none
City-A,T3,5x,1000.0,S0b_StressOracle,cross_regime,M_stress,800,True,4,1154.3,1154.3,0.0,0.0,1.0,mean_0.75,9,0.75,0.15,beta,none
City-A,T3,5x,1000.0,S1_CapRR,routine,M_routine,800,True,2,1138.1,1013.3,0.0,0.1097,1.0,mean_0.75,9,0.75,0.15,beta,none
City-A,T3,5x,1000.0,S1_CapRR,cross_regime,M_stress,800,True,2,1138.1,439.5,560.5,0.6139,0.0,mean_0.75,9,0.75,0.15,beta,none
City-A,T3,5x,1000.0,S2_Platform,routine,M_routine,800,True,3,1264.8,1452.8,0.0,0.0,1.0,mean_0.75,9,0.75,0.15,beta,none
City-A,T3,5x,1000.0,S2_Platform,cross_regime,M_stress,800,True,3,1264.8,619.3,380.7,0.5103,0.0,mean_0.75,9,0.75,0.15,beta,none
City-A,T3,5x,1000.0,S3_Lin4,routine,M_routine,800,True,3,1373.5,1333.0,0.0,0.0295,1.0,mean_0.75,9,0.75,0.15,beta,none
City-A,T3,5x,1000.0,S3_Lin4,cross_regime,M_stress,800,True,3,1373.5,606.3,393.7,0.5586,0.0,mean_0.75,9,0.75,0.15,beta,none
City-A,T3,5x,1000.0,S4_GlobalCalib,routine,M_routine,800,True,3,1232.7,1482.3,0.0,0.0,1.0,mean_0.75,9,0.75,0.15,beta,none
City-A,T3,5x,1000.0,S4_GlobalCalib,cross_regime,M_stress,800,True,3,1232.7,675.6,324.4,0.4519,0.0,mean_0.75,9,0.75,0.15,beta,none
City-A,T3,5x,1000.0,S5_CityCalib,routine,M_routine,800,True,3,1244.7,1482.3,0.0,0.0,1.0,mean_0.75,9,0.75,0.15,beta,none
City-A,T3,5x,1000.0,S5_CityCalib,cross_regime,M_stress,800,True,3,1244.7,675.6,324.4,0.4572,0.0,mean_0.75,9,0.75,0.15,beta,none
City-A,T3,5x,1000.0,S6_Q10,routine,M_routine,800,True,4,1157.5,1839.4,0.0,0.0,1.0,mean_0.75,9,0.75,0.15,beta,none
City-A,T3,5x,1000.0,S6_Q10,cross_regime,M_stress,800,True,4,1157.5,993.4,6.6,0.1418,0.0,mean_0.75,9,0.75,0.15,beta,none
City-A,T3,10x,2000.0,S0a_RoutineOracle,routine,M_routine,800,True,5,2271.5,2271.5,0.0,0.0,1.0,mean_0.75,9,0.75,0.15,beta,none
City-A,T3,10x,2000.0,S0a_RoutineOracle,cross_regime,M_stress,800,True,5,2271.5,1132.1,867.9,0.5016,0.0,mean_0.75,9,0.75,0.15,beta,none
City-A,T3,10x,2000.0,S0b_StressOracle,routine,M_routine,800,True,8,2160.1,2629.3,0.0,0.0,1.0,mean_0.75,9,0.75,0.15,beta,none
City-A,T3,10x,2000.0,S0b_StressOracle,cross_regime,M_stress,800,True,8,2160.1,2160.1,0.0,0.0,1.0,mean_0.75,9,0.75,0.15,beta,none
City-A,T3,10x,2000.0,S1_CapRR,routine,M_routine,800,True,4,2175.3,1839.4,160.6,0.1544,0.0,mean_0.75,9,0.75,0.15,beta,none
City-A,T3,10x,2000.0,S1_CapRR,cross_regime,M_stress,800,True,4,2175.3,993.4,1006.6,0.5433,0.0,mean_0.75,9,0.75,0.15,beta,none
City-A,T3,10x,2000.0,S2_Platform,routine,M_routine,800,True,6,2357.9,2625.0,0.0,0.0,1.0,mean_0.75,9,0.75,0.15,beta,none
City-A,T3,10x,2000.0,S2_Platform,cross_regime,M_stress,800,True,6,2357.9,1477.3,522.7,0.3735,0.0,mean_0.75,9,0.75,0.15,beta,none
City-A,T3,10x,2000.0,S3_Lin4,routine,M_routine,800,True,5,2143.3,2148.5,0.0,0.0,1.0,mean_0.75,9,0.75,0.15,beta,none
City-A,T3,10x,2000.0,S3_Lin4,cross_regime,M_stress,800,True,5,2143.3,1209.9,790.1,0.4355,0.0,mean_0.75,9,0.75,0.15,beta,none
City-A,T3,10x,2000.0,S4_GlobalCalib,routine,M_routine,800,True,6,2327.0,2577.3,0.0,0.0,1.0,mean_0.75,9,0.75,0.15,beta,none
City-A,T3,10x,2000.0,S4_GlobalCalib,cross_regime,M_stress,800,True,6,2327.0,1439.3,560.7,0.3815,0.0,mean_0.75,9,0.75,0.15,beta,none
City-A,T3,10x,2000.0,S5_CityCalib,routine,M_routine,800,True,5,2000.7,2268.2,0.0,0.0,1.0,mean_0.75,9,0.75,0.15,beta,none
City-A,T3,10x,2000.0,S5_CityCalib,cross_regime,M_stress,800,True,5,2000.7,1222.9,777.1,0.3888,0.0,mean_0.75,9,0.75,0.15,beta,none
City-A,T3,10x,2000.0,S6_Q10,routine,M_routine,800,True,8,2154.8,3040.4,0.0,0.0,1.0,mean_0.75,9,0.75,0.15,beta,none
City-A,T3,10x,2000.0,S6_Q10,cross_regime,M_stress,800,True,8,2154.8,1956.5,43.5,0.092,0.0,mean_0.75,9,0.75,0.15,beta,none
City-A,T4,1x,140.0,S0a_RoutineOracle,routine,M_routine,800,True,1,537.6,537.6,0.0,0.0,1.0,mean_0.75,9,0.75,0.15,beta,none
City-A,T4,1x,140.0,S0a_RoutineOracle,cross_regime,M_stress,800,True,1,537.6,299.2,0.0,0.4434,1.0,mean_0.75,9,0.75,0.15,beta,none
City-A,T4,1x,140.0,S0b_StressOracle,routine,M_routine,800,True,1,319.6,432.4,0.0,0.0,1.0,mean_0.75,9,0.75,0.15,beta,none
City-A,T4,1x,140.0,S0b_StressOracle,cross_regime,M_stress,800,True,1,319.6,319.6,0.0,0.0,1.0,mean_0.75,9,0.75,0.15,beta,none
City-A,T4,1x,140.0,S1_CapRR,routine,M_routine,800,True,1,678.2,537.6,0.0,0.2073,1.0,mean_0.75,9,0.75,0.15,beta,none
City-A,T4,1x,140.0,S1_CapRR,cross_regime,M_stress,800,True,1,678.2,299.2,0.0,0.5588,1.0,mean_0.75,9,0.75,0.15,beta,none
City-A,T4,1x,140.0,S2_Platform,routine,M_routine,800,True,1,299.2,445.3,0.0,0.0,1.0,mean_0.75,9,0.75,0.15,beta,none
City-A,T4,1x,140.0,S2_Platform,cross_regime,M_stress,800,True,1,299.2,218.4,0.0,0.2699,1.0,mean_0.75,9,0.75,0.15,beta,none
City-A,T4,1x,140.0,S3_Lin4,routine,M_routine,800,True,1,544.3,537.6,0.0,0.0123,1.0,mean_0.75,9,0.75,0.15,beta,none
City-A,T4,1x,140.0,S3_Lin4,cross_regime,M_stress,800,True,1,544.3,299.2,0.0,0.4503,1.0,mean_0.75,9,0.75,0.15,beta,none
City-A,T4,1x,140.0,S4_GlobalCalib,routine,M_routine,800,True,1,500.9,537.6,0.0,0.0,1.0,mean_0.75,9,0.75,0.15,beta,none
City-A,T4,1x,140.0,S4_GlobalCalib,cross_regime,M_stress,800,True,1,500.9,299.2,0.0,0.4027,1.0,mean_0.75,9,0.75,0.15,beta,none
City-A,T4,1x,140.0,S5_CityCalib,routine,M_routine,800,True,1,510.1,537.6,0.0,0.0,1.0,mean_0.75,9,0.75,0.15,beta,none
City-A,T4,1x,140.0,S5_CityCalib,cross_regime,M_stress,800,True,1,510.1,299.2,0.0,0.4134,1.0,mean_0.75,9,0.75,0.15,beta,none
City-A,T4,1x,140.0,S6_Q10,routine,M_routine,800,True,1,361.6,537.6,0.0,0.0,1.0,mean_0.75,9,0.75,0.15,beta,none
City-A,T4,1x,140.0,S6_Q10,cross_regime,M_stress,800,True,1,361.6,299.2,0.0,0.1726,1.0,mean_0.75,9,0.75,0.15,beta,none
City-A,T4,2x,280.0,S0a_RoutineOracle,routine,M_routine,800,True,1,537.6,537.6,0.0,0.0,1.0,mean_0.75,9,0.75,0.15,beta,none
City-A,T4,2x,280.0,S0a_RoutineOracle,cross_regime,M_stress,800,True,1,537.6,299.2,0.0,0.4434,1.0,mean_0.75,9,0.75,0.15,beta,none
City-A,T4,2x,280.0,S0b_StressOracle,routine,M_routine,800,True,1,319.6,432.4,0.0,0.0,1.0,mean_0.75,9,0.75,0.15,beta,none
City-A,T4,2x,280.0,S0b_StressOracle,cross_regime,M_stress,800,True,1,319.6,319.6,0.0,0.0,1.0,mean_0.75,9,0.75,0.15,beta,none
City-A,T4,2x,280.0,S1_CapRR,routine,M_routine,800,True,1,678.2,537.6,0.0,0.2073,1.0,mean_0.75,9,0.75,0.15,beta,none
City-A,T4,2x,280.0,S1_CapRR,cross_regime,M_stress,800,True,1,678.2,299.2,0.0,0.5588,1.0,mean_0.75,9,0.75,0.15,beta,none
City-A,T4,2x,280.0,S2_Platform,routine,M_routine,800,True,1,299.2,445.3,0.0,0.0,1.0,mean_0.75,9,0.75,0.15,beta,none
City-A,T4,2x,280.0,S2_Platform,cross_regime,M_stress,800,True,1,299.2,218.4,61.6,0.2699,0.0,mean_0.75,9,0.75,0.15,beta,none
City-A,T4,2x,280.0,S3_Lin4,routine,M_routine,800,True,1,544.3,537.6,0.0,0.0123,1.0,mean_0.75,9,0.75,0.15,beta,none
City-A,T4,2x,280.0,S3_Lin4,cross_regime,M_stress,800,True,1,544.3,299.2,0.0,0.4503,1.0,mean_0.75,9,0.75,0.15,beta,none
City-A,T4,2x,280.0,S4_GlobalCalib,routine,M_routine,800,True,1,500.9,537.6,0.0,0.0,1.0,mean_0.75,9,0.75,0.15,beta,none
City-A,T4,2x,280.0,S4_GlobalCalib,cross_regime,M_stress,800,True,1,500.9,299.2,0.0,0.4027,1.0,mean_0.75,9,0.75,0.15,beta,none
City-A,T4,2x,280.0,S5_CityCalib,routine,M_routine,800,True,1,510.1,537.6,0.0,0.0,1.0,mean_0.75,9,0.75,0.15,beta,none
City-A,T4,2x,280.0,S5_CityCalib,cross_regime,M_stress,800,True,1,510.1,299.2,0.0,0.4134,1.0,mean_0.75,9,0.75,0.15,beta,none
City-A,T4,2x,280.0,S6_Q10,routine,M_routine,800,True,1,361.6,537.6,0.0,0.0,1.0,mean_0.75,9,0.75,0.15,beta,none
City-A,T4,2x,280.0,S6_Q10,cross_regime,M_stress,800,True,1,361.6,299.2,0.0,0.1726,1.0,mean_0.75,9,0.75,0.15,beta,none
City-A,T4,5x,700.0,S0a_RoutineOracle,routine,M_routine,800,True,2,982.9,982.9,0.0,0.0,1.0,mean_0.75,9,0.75,0.15,beta,none
City-A,T4,5x,700.0,S0a_RoutineOracle,cross_regime,M_stress,800,True,2,982.9,517.7,182.3,0.4733,0.0,mean_0.75,9,0.75,0.15,beta,none
City-A,T4,5x,700.0,S0b_StressOracle,routine,M_routine,800,True,3,936.1,1202.3,0.0,0.0,1.0,mean_0.75,9,0.75,0.15,beta,none
City-A,T4,5x,700.0,S0b_StressOracle,cross_regime,M_stress,800,True,3,936.1,936.1,0.0,0.0,1.0,mean_0.75,9,0.75,0.15,beta,none
City-A,T4,5x,700.0,S1_CapRR,routine,M_routine,800,True,2,1293.4,982.9,0.0,0.2401,1.0,mean_0.75,9,0.75,0.15,beta,none
City-A,T4,5x,700.0,S1_CapRR,cross_regime,M_stress,800,True,2,1293.4,517.7,182.3,0.5998,0.0,mean_0.75,9,0.75,0.15,beta,none
City-A,T4,5x,700.0,S2_Platform,routine,M_routine,800,True,3,870.0,1170.6,0.0,0.0,1.0,mean_0.75,9,0.75,0.15,beta,none
City-A,T4,5x,700.0,S2_Platform,cross_regime,M_stress,800,True,3,870.0,719.8,0.0,0.1726,1.0,mean_0.75,9,0.75,0.15,beta,none
City-A,T4,5x,700.0,S3_Lin4,routine,M_routine,800,True,2,973.7,966.8,0.0,0.0071,1.0,mean_0.75,9,0.75,0.15,beta,none
City-A,T4,5x,700.0,S3_Lin4,cross_regime,M_stress,800,True,2,973.7,569.9,130.1,0.4148,0.0,mean_0.75,9,0.75,0.15,beta,none
City-A,T4,5x,700.0,S4_GlobalCalib,routine,M_routine,800,True,2,955.5,982.9,0.0,0.0,1.0,mean_0.75,9,0.75,0.15,beta,none
City-A,T4,5x,700.0,S4_GlobalCalib,cross_regime,M_stress,800,True,2,955.5,517.7,182.3,0.4582,0.0,mean_0.75,9,0.75,0.15,beta,none
City-A,T4,5x,700.0,S5_CityCalib,routine,M_routine,800,True,2,972.8,982.9,0.0,0.0,1.0,mean_0.75,9,0.75,0.15,beta,none
City-A,T4,5x,700.0,S5_CityCalib,cross_regime,M_stress,800,True,2,972.8,517.7,182.3,0.4679,0.0,mean_0.75,9,0.75,0.15,beta,none
City-A,T4,5x,700.0,S6_Q10,routine,M_routine,800,True,3,1007.6,1412.1,0.0,0.0,1.0,mean_0.75,9,0.75,0.15,beta,none
City-A,T4,5x,700.0,S6_Q10,cross_regime,M_stress,800,True,3,1007.6,788.3,0.0,0.2177,1.0,mean_0.75,9,0.75,0.15,beta,none
City-A,T4,10x,1400.0,S0a_RoutineOracle,routine,M_routine,800,True,3,1421.5,1421.5,0.0,0.0,1.0,mean_0.75,9,0.75,0.15,beta,none
City-A,T4,10x,1400.0,S0a_RoutineOracle,cross_regime,M_stress,800,True,3,1421.5,728.4,671.6,0.4876,0.0,mean_0.75,9,0.75,0.15,beta,none
City-A,T4,10x,1400.0,S0b_StressOracle,routine,M_routine,800,True,5,1521.8,2044.2,0.0,0.0,1.0,mean_0.75,9,0.75,0.15,beta,none
City-A,T4,10x,1400.0,S0b_StressOracle,cross_regime,M_stress,800,True,5,1521.8,1521.8,0.0,0.0,1.0,mean_0.75,9,0.75,0.15,beta,none
City-A,T4,10x,1400.0,S1_CapRR,routine,M_routine,800,True,3,1889.7,1412.1,0.0,0.2527,1.0,mean_0.75,9,0.75,0.15,beta,none
City-A,T4,10x,1400.0,S1_CapRR,cross_regime,M_stress,800,True,3,1889.7,788.3,611.7,0.5828,0.0,mean_0.75,9,0.75,0.15,beta,none
City-A,T4,10x,1400.0,S2_Platform,routine,M_routine,800,True,5,1424.2,1881.2,0.0,0.0,1.0,mean_0.75,9,0.75,0.15,beta,none
City-A,T4,10x,1400.0,S2_Platform,cross_regime,M_stress,800,True,5,1424.2,1237.7,162.3,0.1309,0.0,mean_0.75,9,0.75,0.15,beta,none
City-A,T4,10x,1400.0,S3_Lin4,routine,M_routine,800,True,4,1798.9,1716.3,0.0,0.0459,1.0,mean_0.75,9,0.75,0.15,beta,none
City-A,T4,10x,1400.0,S3_Lin4,cross_regime,M_stress,800,True,4,1798.9,1074.8,325.2,0.4025,0.0,mean_0.75,9,0.75,0.15,beta,none
City-A,T4,10x,1400.0,S4_GlobalCalib,routine,M_routine,800,True,4,1826.7,1542.4,0.0,0.1556,1.0,mean_0.75,9,0.75,0.15,beta,none
City-A,T4,10x,1400.0,S4_GlobalCalib,cross_regime,M_stress,800,True,4,1826.7,919.8,480.2,0.4965,0.0,mean_0.75,9,0.75,0.15,beta,none
City-A,T4,10x,1400.0,S5_CityCalib,routine,M_routine,800,True,3,1421.3,1412.1,0.0,0.0065,1.0,mean_0.75,9,0.75,0.15,beta,none
City-A,T4,10x,1400.0,S5_CityCalib,cross_regime,M_stress,800,True,3,1421.3,788.3,611.7,0.4453,0.0,mean_0.75,9,0.75,0.15,beta,none
City-A,T4,10x,1400.0,S6_Q10,routine,M_routine,800,True,5,1619.6,1913.3,0.0,0.0,1.0,mean_0.75,9,0.75,0.15,beta,none
City-A,T4,10x,1400.0,S6_Q10,cross_regime,M_stress,800,True,5,1619.6,1190.7,209.3,0.2649,0.0,mean_0.75,9,0.75,0.15,beta,none
City-A,T5,1x,160.0,S0a_RoutineOracle,routine,M_routine,800,True,1,476.6,476.6,0.0,0.0,1.0,mean_0.75,9,0.75,0.15,beta,none
City-A,T5,1x,160.0,S0a_RoutineOracle,cross_regime,M_stress,800,True,1,476.6,277.3,0.0,0.4182,1.0,mean_0.75,9,0.75,0.15,beta,none
City-A,T5,1x,160.0,S0b_StressOracle,routine,M_routine,800,True,1,277.3,476.6,0.0,0.0,1.0,mean_0.75,9,0.75,0.15,beta,none
City-A,T5,1x,160.0,S0b_StressOracle,cross_regime,M_stress,800,True,1,277.3,277.3,0.0,0.0,1.0,mean_0.75,9,0.75,0.15,beta,none
City-A,T5,1x,160.0,S1_CapRR,routine,M_routine,800,True,1,596.8,417.6,0.0,0.3003,1.0,mean_0.75,9,0.75,0.15,beta,none
City-A,T5,1x,160.0,S1_CapRR,cross_regime,M_stress,800,True,1,596.8,224.0,0.0,0.6247,1.0,mean_0.75,9,0.75,0.15,beta,none
City-A,T5,1x,160.0,S2_Platform,routine,M_routine,800,True,1,485.5,417.6,0.0,0.14,1.0,mean_0.75,9,0.75,0.15,beta,none
City-A,T5,1x,160.0,S2_Platform,cross_regime,M_stress,800,True,1,485.5,224.0,0.0,0.5386,1.0,mean_0.75,9,0.75,0.15,beta,none
City-A,T5,1x,160.0,S3_Lin4,routine,M_routine,800,True,1,541.6,417.6,0.0,0.229,1.0,mean_0.75,9,0.75,0.15,beta,none
City-A,T5,1x,160.0,S3_Lin4,cross_regime,M_stress,800,True,1,541.6,224.0,0.0,0.5864,1.0,mean_0.75,9,0.75,0.15,beta,none
City-A,T5,1x,160.0,S4_GlobalCalib,routine,M_routine,800,True,1,442.0,417.6,0.0,0.0552,1.0,mean_0.75,9,0.75,0.15,beta,none
City-A,T5,1x,160.0,S4_GlobalCalib,cross_regime,M_stress,800,True,1,442.0,224.0,0.0,0.4932,1.0,mean_0.75,9,0.75,0.15,beta,none
City-A,T5,1x,160.0,S5_CityCalib,routine,M_routine,800,True,1,446.2,417.6,0.0,0.0643,1.0,mean_0.75,9,0.75,0.15,beta,none
City-A,T5,1x,160.0,S5_CityCalib,cross_regime,M_stress,800,True,1,446.2,224.0,0.0,0.498,1.0,mean_0.75,9,0.75,0.15,beta,none
City-A,T5,1x,160.0,S6_Q10,routine,M_routine,800,True,1,319.0,417.6,0.0,0.0,1.0,mean_0.75,9,0.75,0.15,beta,none
City-A,T5,1x,160.0,S6_Q10,cross_regime,M_stress,800,True,1,319.0,224.0,0.0,0.2979,1.0,mean_0.75,9,0.75,0.15,beta,none
City-A,T5,2x,320.0,S0a_RoutineOracle,routine,M_routine,800,True,1,476.6,476.6,0.0,0.0,1.0,mean_0.75,9,0.75,0.15,beta,none
City-A,T5,2x,320.0,S0a_RoutineOracle,cross_regime,M_stress,800,True,1,476.6,277.3,42.7,0.4182,0.0,mean_0.75,9,0.75,0.15,beta,none
City-A,T5,2x,320.0,S0b_StressOracle,routine,M_routine,800,True,2,537.4,818.9,0.0,0.0,1.0,mean_0.75,9,0.75,0.15,beta,none
City-A,T5,2x,320.0,S0b_StressOracle,cross_regime,M_stress,800,True,2,537.4,537.4,0.0,0.0,1.0,mean_0.75,9,0.75,0.15,beta,none
City-A,T5,2x,320.0,S1_CapRR,routine,M_routine,800,True,1,596.8,417.6,0.0,0.3003,1.0,mean_0.75,9,0.75,0.15,beta,none
City-A,T5,2x,320.0,S1_CapRR,cross_regime,M_stress,800,True,1,596.8,224.0,96.0,0.6247,0.0,mean_0.75,9,0.75,0.15,beta,none
City-A,T5,2x,320.0,S2_Platform,routine,M_routine,800,True,1,485.5,417.6,0.0,0.14,1.0,mean_0.75,9,0.75,0.15,beta,none
City-A,T5,2x,320.0,S2_Platform,cross_regime,M_stress,800,True,1,485.5,224.0,96.0,0.5386,0.0,mean_0.75,9,0.75,0.15,beta,none
City-A,T5,2x,320.0,S3_Lin4,routine,M_routine,800,True,1,541.6,417.6,0.0,0.229,1.0,mean_0.75,9,0.75,0.15,beta,none
City-A,T5,2x,320.0,S3_Lin4,cross_regime,M_stress,800,True,1,541.6,224.0,96.0,0.5864,0.0,mean_0.75,9,0.75,0.15,beta,none
City-A,T5,2x,320.0,S4_GlobalCalib,routine,M_routine,800,True,1,442.0,417.6,0.0,0.0552,1.0,mean_0.75,9,0.75,0.15,beta,none
City-A,T5,2x,320.0,S4_GlobalCalib,cross_regime,M_stress,800,True,1,442.0,224.0,96.0,0.4932,0.0,mean_0.75,9,0.75,0.15,beta,none
City-A,T5,2x,320.0,S5_CityCalib,routine,M_routine,800,True,1,446.2,417.6,0.0,0.0643,1.0,mean_0.75,9,0.75,0.15,beta,none
City-A,T5,2x,320.0,S5_CityCalib,cross_regime,M_stress,800,True,1,446.2,224.0,96.0,0.498,0.0,mean_0.75,9,0.75,0.15,beta,none
City-A,T5,2x,320.0,S6_Q10,routine,M_routine,800,True,2,608.4,810.7,0.0,0.0,1.0,mean_0.75,9,0.75,0.15,beta,none
City-A,T5,2x,320.0,S6_Q10,cross_regime,M_stress,800,True,2,608.4,418.6,0.0,0.3119,1.0,mean_0.75,9,0.75,0.15,beta,none
City-A,T5,5x,800.0,S0a_RoutineOracle,routine,M_routine,800,True,2,926.2,926.2,0.0,0.0,1.0,mean_0.75,9,0.75,0.15,beta,none
City-A,T5,5x,800.0,S0a_RoutineOracle,cross_regime,M_stress,800,True,2,926.2,416.2,383.8,0.5506,0.0,mean_0.75,9,0.75,0.15,beta,none
City-A,T5,5x,800.0,S0b_StressOracle,routine,M_routine,800,True,4,1002.7,1636.7,0.0,0.0,1.0,mean_0.75,9,0.75,0.15,beta,none
City-A,T5,5x,800.0,S0b_StressOracle,cross_regime,M_stress,800,True,4,1002.7,1002.7,0.0,0.0,1.0,mean_0.75,9,0.75,0.15,beta,none
City-A,T5,5x,800.0,S1_CapRR,routine,M_routine,800,True,2,1138.1,810.7,0.0,0.2877,1.0,mean_0.75,9,0.75,0.15,beta,none
City-A,T5,5x,800.0,S1_CapRR,cross_regime,M_stress,800,True,2,1138.1,418.6,381.4,0.6322,0.0,mean_0.75,9,0.75,0.15,beta,none
City-A,T5,5x,800.0,S2_Platform,routine,M_routine,800,True,2,897.6,836.6,0.0,0.0679,1.0,mean_0.75,9,0.75,0.15,beta,none
City-A,T5,5x,800.0,S2_Platform,cross_regime,M_stress,800,True,2,897.6,458.7,341.3,0.489,0.0,mean_0.75,9,0.75,0.15,beta,none
City-A,T5,5x,800.0,S3_Lin4,routine,M_routine,800,True,2,960.7,894.2,0.0,0.0693,1.0,mean_0.75,9,0.75,0.15,beta,none
City-A,T5,5x,800.0,S3_Lin4,cross_regime,M_stress,800,True,2,960.7,501.3,298.7,0.4782,0.0,mean_0.75,9,0.75,0.15,beta,none
City-A,T5,5x,800.0,S4_GlobalCalib,routine,M_routine,800,True,2,843.0,810.7,0.0,0.0383,1.0,mean_0.75,9,0.75,0.15,beta,none
City-A,T5,5x,800.0,S4_GlobalCalib,cross_regime,M_stress,800,True,2,843.0,418.6,381.4,0.5034,0.0,mean_0.75,9,0.75,0.15,beta,none
City-A,T5,5x,800.0,S5_CityCalib,routine,M_routine,800,True,2,851.0,810.7,0.0,0.0474,1.0,mean_0.75,9,0.75,0.15,beta,none
City-A,T5,5x,800.0,S5_CityCalib,cross_regime,M_stress,800,True,2,851.0,418.6,381.4,0.5081,0.0,mean_0.75,9,0.75,0.15,beta,none
City-A,T5,5x,800.0,S6_Q10,routine,M_routine,800,True,3,888.9,1287.3,0.0,0.0,1.0,mean_0.75,9,0.75,0.15,beta,none
City-A,T5,5x,800.0,S6_Q10,cross_regime,M_stress,800,True,3,888.9,695.9,104.1,0.2171,0.0,mean_0.75,9,0.75,0.15,beta,none
City-A,T5,10x,1600.0,S0a_RoutineOracle,routine,M_routine,800,True,4,1793.1,1793.1,0.0,0.0,1.0,mean_0.75,9,0.75,0.15,beta,none
City-A,T5,10x,1600.0,S0a_RoutineOracle,cross_regime,M_stress,800,True,4,1793.1,718.1,881.9,0.5995,0.0,mean_0.75,9,0.75,0.15,beta,none
City-A,T5,10x,1600.0,S0b_StressOracle,routine,M_routine,800,True,7,1677.2,2728.1,0.0,0.0,1.0,mean_0.75,9,0.75,0.15,beta,none
City-A,T5,10x,1600.0,S0b_StressOracle,cross_regime,M_stress,800,True,7,1677.2,1677.2,0.0,0.0,1.0,mean_0.75,9,0.75,0.15,beta,none
City-A,T5,10x,1600.0,S1_CapRR,routine,M_routine,800,True,3,1662.9,1287.3,312.7,0.2258,0.0,mean_0.75,9,0.75,0.15,beta,none
City-A,T5,10x,1600.0,S1_CapRR,cross_regime,M_stress,800,True,3,1662.9,695.9,904.1,0.5815,0.0,mean_0.75,9,0.75,0.15,beta,none
City-A,T5,10x,1600.0,S2_Platform,routine,M_routine,800,True,4,1696.8,1734.7,0.0,0.0,1.0,mean_0.75,9,0.75,0.15,beta,none
City-A,T5,10x,1600.0,S2_Platform,cross_regime,M_stress,800,True,4,1696.8,943.9,656.1,0.4437,0.0,mean_0.75,9,0.75,0.15,beta,none
City-A,T5,10x,1600.0,S3_Lin4,routine,M_routine,800,True,4,1763.0,1736.9,0.0,0.0148,1.0,mean_0.75,9,0.75,0.15,beta,none
City-A,T5,10x,1600.0,S3_Lin4,cross_regime,M_stress,800,True,4,1763.0,834.9,765.1,0.5265,0.0,mean_0.75,9,0.75,0.15,beta,none
City-A,T5,10x,1600.0,S4_GlobalCalib,routine,M_routine,800,True,4,1611.5,1708.7,0.0,0.0,1.0,mean_0.75,9,0.75,0.15,beta,none
City-A,T5,10x,1600.0,S4_GlobalCalib,cross_regime,M_stress,800,True,4,1611.5,903.9,696.1,0.4391,0.0,mean_0.75,9,0.75,0.15,beta,none
City-A,T5,10x,1600.0,S5_CityCalib,routine,M_routine,800,True,4,1626.6,1708.7,0.0,0.0,1.0,mean_0.75,9,0.75,0.15,beta,none
City-A,T5,10x,1600.0,S5_CityCalib,cross_regime,M_stress,800,True,4,1626.6,903.9,696.1,0.4443,0.0,mean_0.75,9,0.75,0.15,beta,none
City-A,T5,10x,1600.0,S6_Q10,routine,M_routine,800,True,6,1677.7,2577.4,0.0,0.0,1.0,mean_0.75,9,0.75,0.15,beta,none
City-A,T5,10x,1600.0,S6_Q10,cross_regime,M_stress,800,True,6,1677.7,1277.5,322.5,0.2385,0.0,mean_0.75,9,0.75,0.15,beta,none
City-B,T1,1x,180.0,S0a_RoutineOracle,routine,M_routine,500,True,1,725.5,725.5,0.0,0.0,1.0,mean_0.75,9,0.75,0.15,beta,none
City-B,T1,1x,180.0,S0a_RoutineOracle,cross_regime,M_stress,500,True,1,725.5,431.8,0.0,0.4049,1.0,mean_0.75,9,0.75,0.15,beta,none
City-B,T1,1x,180.0,S0b_StressOracle,routine,M_routine,500,True,1,474.6,524.5,0.0,0.0,1.0,mean_0.75,9,0.75,0.15,beta,none
City-B,T1,1x,180.0,S0b_StressOracle,cross_regime,M_stress,500,True,1,474.6,474.6,0.0,0.0,1.0,mean_0.75,9,0.75,0.15,beta,none
City-B,T1,1x,180.0,S1_CapRR,routine,M_routine,500,True,1,846.0,524.5,0.0,0.38,1.0,mean_0.75,9,0.75,0.15,beta,none
City-B,T1,1x,180.0,S1_CapRR,cross_regime,M_stress,500,True,1,846.0,474.6,0.0,0.439,1.0,mean_0.75,9,0.75,0.15,beta,none
City-B,T1,1x,180.0,S2_Platform,routine,M_routine,500,True,1,561.1,664.7,0.0,0.0,1.0,mean_0.75,9,0.75,0.15,beta,none
City-B,T1,1x,180.0,S2_Platform,cross_regime,M_stress,500,True,1,561.1,272.8,0.0,0.5139,1.0,mean_0.75,9,0.75,0.15,beta,none
City-B,T1,1x,180.0,S3_Lin4,routine,M_routine,500,True,1,519.0,438.4,0.0,0.1552,1.0,mean_0.75,9,0.75,0.15,beta,none
City-B,T1,1x,180.0,S3_Lin4,cross_regime,M_stress,500,True,1,519.0,352.5,0.0,0.3207,1.0,mean_0.75,9,0.75,0.15,beta,none
City-B,T1,1x,180.0,S4_GlobalCalib,routine,M_routine,500,True,1,629.4,524.5,0.0,0.1666,1.0,mean_0.75,9,0.75,0.15,beta,none
City-B,T1,1x,180.0,S4_GlobalCalib,cross_regime,M_stress,500,True,1,629.4,474.6,0.0,0.2459,1.0,mean_0.75,9,0.75,0.15,beta,none
City-B,T1,1x,180.0,S5_CityCalib,routine,M_routine,500,True,1,633.1,524.5,0.0,0.1715,1.0,mean_0.75,9,0.75,0.15,beta,none
City-B,T1,1x,180.0,S5_CityCalib,cross_regime,M_stress,500,True,1,633.1,474.6,0.0,0.2503,1.0,mean_0.75,9,0.75,0.15,beta,none
City-B,T1,1x,180.0,S6_Q10,routine,M_routine,500,True,1,453.2,524.5,0.0,0.0,1.0,mean_0.75,9,0.75,0.15,beta,none
City-B,T1,1x,180.0,S6_Q10,cross_regime,M_stress,500,True,1,453.2,474.6,0.0,0.0,1.0,mean_0.75,9,0.75,0.15,beta,none
City-B,T1,2x,360.0,S0a_RoutineOracle,routine,M_routine,500,True,1,725.5,725.5,0.0,0.0,1.0,mean_0.75,9,0.75,0.15,beta,none
City-B,T1,2x,360.0,S0a_RoutineOracle,cross_regime,M_stress,500,True,1,725.5,431.8,0.0,0.4049,1.0,mean_0.75,9,0.75,0.15,beta,none
City-B,T1,2x,360.0,S0b_StressOracle,routine,M_routine,500,True,1,474.6,524.5,0.0,0.0,1.0,mean_0.75,9,0.75,0.15,beta,none
City-B,T1,2x,360.0,S0b_StressOracle,cross_regime,M_stress,500,True,1,474.6,474.6,0.0,0.0,1.0,mean_0.75,9,0.75,0.15,beta,none
City-B,T1,2x,360.0,S1_CapRR,routine,M_routine,500,True,1,846.0,524.5,0.0,0.38,1.0,mean_0.75,9,0.75,0.15,beta,none
City-B,T1,2x,360.0,S1_CapRR,cross_regime,M_stress,500,True,1,846.0,474.6,0.0,0.439,1.0,mean_0.75,9,0.75,0.15,beta,none
City-B,T1,2x,360.0,S2_Platform,routine,M_routine,500,True,1,561.1,664.7,0.0,0.0,1.0,mean_0.75,9,0.75,0.15,beta,none
City-B,T1,2x,360.0,S2_Platform,cross_regime,M_stress,500,True,1,561.1,272.8,87.2,0.5139,0.0,mean_0.75,9,0.75,0.15,beta,none
City-B,T1,2x,360.0,S3_Lin4,routine,M_routine,500,True,1,519.0,438.4,0.0,0.1552,1.0,mean_0.75,9,0.75,0.15,beta,none
City-B,T1,2x,360.0,S3_Lin4,cross_regime,M_stress,500,True,1,519.0,352.5,7.5,0.3207,0.0,mean_0.75,9,0.75,0.15,beta,none
City-B,T1,2x,360.0,S4_GlobalCalib,routine,M_routine,500,True,1,629.4,524.5,0.0,0.1666,1.0,mean_0.75,9,0.75,0.15,beta,none
City-B,T1,2x,360.0,S4_GlobalCalib,cross_regime,M_stress,500,True,1,629.4,474.6,0.0,0.2459,1.0,mean_0.75,9,0.75,0.15,beta,none
City-B,T1,2x,360.0,S5_CityCalib,routine,M_routine,500,True,1,633.1,524.5,0.0,0.1715,1.0,mean_0.75,9,0.75,0.15,beta,none
City-B,T1,2x,360.0,S5_CityCalib,cross_regime,M_stress,500,True,1,633.1,474.6,0.0,0.2503,1.0,mean_0.75,9,0.75,0.15,beta,none
City-B,T1,2x,360.0,S6_Q10,routine,M_routine,500,True,1,453.2,524.5,0.0,0.0,1.0,mean_0.75,9,0.75,0.15,beta,none
City-B,T1,2x,360.0,S6_Q10,cross_regime,M_stress,500,True,1,453.2,474.6,0.0,0.0,1.0,mean_0.75,9,0.75,0.15,beta,none
City-B,T1,5x,900.0,S0a_RoutineOracle,routine,M_routine,500,True,2,1390.2,1390.2,0.0,0.0,1.0,mean_0.75,9,0.75,0.15,beta,none
City-B,T1,5x,900.0,S0a_RoutineOracle,cross_regime,M_stress,500,True,2,1390.2,704.6,195.4,0.4932,0.0,mean_0.75,9,0.75,0.15,beta,none
City-B,T1,5x,900.0,S0b_StressOracle,routine,M_routine,500,True,2,906.4,1250.0,0.0,0.0,1.0,mean_0.75,9,0.75,0.15,beta,none
City-B,T1,5x,900.0,S0b_StressOracle,cross_regime,M_stress,500,True,2,906.4,906.4,0.0,0.0,1.0,mean_0.75,9,0.75,0.15,beta,none
City-B,T1,5x,900.0,S1_CapRR,routine,M_routine,500,True,2,1688.0,1250.0,0.0,0.2595,1.0,mean_0.75,9,0.75,0.15,beta,none
City-B,T1,5x,900.0,S1_CapRR,cross_regime,M_stress,500,True,2,1688.0,906.4,0.0,0.463,1.0,mean_0.75,9,0.75,0.15,beta,none
City-B,T1,5x,900.0,S2_Platform,routine,M_routine,500,True,2,1112.3,1103.1,0.0,0.0083,1.0,mean_0.75,9,0.75,0.15,beta,none
City-B,T1,5x,900.0,S2_Platform,cross_regime,M_stress,500,True,2,1112.3,625.3,274.7,0.4378,0.0,mean_0.75,9,0.75,0.15,beta,none
City-B,T1,5x,900.0,S3_Lin4,routine,M_routine,500,True,2,1031.0,1103.1,0.0,0.0,1.0,mean_0.75,9,0.75,0.15,beta,none
City-B,T1,5x,900.0,S3_Lin4,cross_regime,M_stress,500,True,2,1031.0,625.3,274.7,0.3935,0.0,mean_0.75,9,0.75,0.15,beta,none
City-B,T1,5x,900.0,S4_GlobalCalib,routine,M_routine,500,True,2,1255.7,1250.0,0.0,0.0046,1.0,mean_0.75,9,0.75,0.15,beta,none
City-B,T1,5x,900.0,S4_GlobalCalib,cross_regime,M_stress,500,True,2,1255.7,906.4,0.0,0.2782,1.0,mean_0.75,9,0.75,0.15,beta,none
City-B,T1,5x,900.0,S5_CityCalib,routine,M_routine,500,True,2,1263.1,1250.0,0.0,0.0104,1.0,mean_0.75,9,0.75,0.15,beta,none
City-B,T1,5x,900.0,S5_CityCalib,cross_regime,M_stress,500,True,2,1263.1,906.4,0.0,0.2824,1.0,mean_0.75,9,0.75,0.15,beta,none
City-B,T1,5x,900.0,S6_Q10,routine,M_routine,500,True,2,904.3,1250.0,0.0,0.0,1.0,mean_0.75,9,0.75,0.15,beta,none
City-B,T1,5x,900.0,S6_Q10,cross_regime,M_stress,500,True,2,904.3,906.4,0.0,0.0,1.0,mean_0.75,9,0.75,0.15,beta,none
City-B,T1,10x,1800.0,S0a_RoutineOracle,routine,M_routine,500,True,3,1914.7,1914.7,0.0,0.0,1.0,mean_0.75,9,0.75,0.15,beta,none
City-B,T1,10x,1800.0,S0a_RoutineOracle,cross_regime,M_stress,500,True,3,1914.7,1179.2,620.8,0.3841,0.0,mean_0.75,9,0.75,0.15,beta,none
City-B,T1,10x,1800.0,S0b_StressOracle,routine,M_routine,500,True,5,2039.2,2712.9,0.0,0.0,1.0,mean_0.75,9,0.75,0.15,beta,none
City-B,T1,10x,1800.0,S0b_StressOracle,cross_regime,M_stress,500,True,5,2039.2,2039.2,0.0,0.0,1.0,mean_0.75,9,0.75,0.15,beta,none
City-B,T1,10x,1800.0,S1_CapRR,routine,M_routine,500,True,3,2504.5,1688.4,111.6,0.3258,0.0,mean_0.75,9,0.75,0.15,beta,none
City-B,T1,10x,1800.0,S1_CapRR,cross_regime,M_stress,500,True,3,2504.5,1258.9,541.1,0.4973,0.0,mean_0.75,9,0.75,0.15,beta,none
City-B,T1,10x,1800.0,S2_Platform,routine,M_routine,500,True,4,2163.2,2353.1,0.0,0.0,1.0,mean_0.75,9,0.75,0.15,beta,none
City-B,T1,10x,1800.0,S2_Platform,cross_regime,M_stress,500,True,4,2163.2,1531.7,268.3,0.2919,0.0,mean_0.75,9,0.75,0.15,beta,none
City-B,T1,10x,1800.0,S3_Lin4,routine,M_routine,500,True,4,2044.8,2353.1,0.0,0.0,1.0,mean_0.75,9,0.75,0.15,beta,none
City-B,T1,10x,1800.0,S3_Lin4,cross_regime,M_stress,500,True,4,2044.8,1531.7,268.3,0.2509,0.0,mean_0.75,9,0.75,0.15,beta,none
City-B,T1,10x,1800.0,S4_GlobalCalib,routine,M_routine,500,True,3,1863.2,1688.4,111.6,0.0938,0.0,mean_0.75,9,0.75,0.15,beta,none
City-B,T1,10x,1800.0,S4_GlobalCalib,cross_regime,M_stress,500,True,3,1863.2,1258.9,541.1,0.3243,0.0,mean_0.75,9,0.75,0.15,beta,none
City-B,T1,10x,1800.0,S5_CityCalib,routine,M_routine,500,True,3,1874.1,1688.4,111.6,0.0991,0.0,mean_0.75,9,0.75,0.15,beta,none
City-B,T1,10x,1800.0,S5_CityCalib,cross_regime,M_stress,500,True,3,1874.1,1258.9,541.1,0.3282,0.0,mean_0.75,9,0.75,0.15,beta,none
City-B,T1,10x,1800.0,S6_Q10,routine,M_routine,500,True,5,2144.0,2876.5,0.0,0.0,1.0,mean_0.75,9,0.75,0.15,beta,none
City-B,T1,10x,1800.0,S6_Q10,cross_regime,M_stress,500,True,5,2144.0,1910.4,0.0,0.109,1.0,mean_0.75,9,0.75,0.15,beta,none
City-B,T2,1x,260.0,S0a_RoutineOracle,routine,M_routine,500,True,1,786.0,786.0,0.0,0.0,1.0,mean_0.75,9,0.75,0.15,beta,none
City-B,T2,1x,260.0,S0a_RoutineOracle,cross_regime,M_stress,500,True,1,786.0,446.0,0.0,0.4325,1.0,mean_0.75,9,0.75,0.15,beta,none
City-B,T2,1x,260.0,S0b_StressOracle,routine,M_routine,500,True,1,503.2,454.2,0.0,0.0975,1.0,mean_0.75,9,0.75,0.15,beta,none
City-B,T2,1x,260.0,S0b_StressOracle,cross_regime,M_stress,500,True,1,503.2,503.2,0.0,0.0,1.0,mean_0.75,9,0.75,0.15,beta,none
City-B,T2,1x,260.0,S1_CapRR,routine,M_routine,500,True,1,846.0,786.0,0.0,0.071,1.0,mean_0.75,9,0.75,0.15,beta,none
City-B,T2,1x,260.0,S1_CapRR,cross_regime,M_stress,500,True,1,846.0,446.0,0.0,0.4728,1.0,mean_0.75,9,0.75,0.15,beta,none
City-B,T2,1x,260.0,S2_Platform,routine,M_routine,500,True,1,557.0,531.1,0.0,0.0466,1.0,mean_0.75,9,0.75,0.15,beta,none
City-B,T2,1x,260.0,S2_Platform,cross_regime,M_stress,500,True,1,557.0,385.9,0.0,0.3072,1.0,mean_0.75,9,0.75,0.15,beta,none
City-B,T2,1x,260.0,S3_Lin4,routine,M_routine,500,True,1,518.7,454.2,0.0,0.1245,1.0,mean_0.75,9,0.75,0.15,beta,none
City-B,T2,1x,260.0,S3_Lin4,cross_regime,M_stress,500,True,1,518.7,503.2,0.0,0.0299,1.0,mean_0.75,9,0.75,0.15,beta,none
City-B,T2,1x,260.0,S4_GlobalCalib,routine,M_routine,500,True,1,628.7,786.0,0.0,0.0,1.0,mean_0.75,9,0.75,0.15,beta,none
City-B,T2,1x,260.0,S4_GlobalCalib,cross_regime,M_stress,500,True,1,628.7,446.0,0.0,0.2906,1.0,mean_0.75,9,0.75,0.15,beta,none
City-B,T2,1x,260.0,S5_CityCalib,routine,M_routine,500,True,1,626.7,786.0,0.0,0.0,1.0,mean_0.75,9,0.75,0.15,beta,none
City-B,T2,1x,260.0,S5_CityCalib,cross_regime,M_stress,500,True,1,626.7,446.0,0.0,0.2884,1.0,mean_0.75,9,0.75,0.15,beta,none
City-B,T2,1x,260.0,S6_Q10,routine,M_routine,500,True,1,452.7,786.0,0.0,0.0,1.0,mean_0.75,9,0.75,0.15,beta,none
City-B,T2,1x,260.0,S6_Q10,cross_regime,M_stress,500,True,1,452.7,446.0,0.0,0.0148,1.0,mean_0.75,9,0.75,0.15,beta,none
City-B,T2,2x,520.0,S0a_RoutineOracle,routine,M_routine,500,True,1,786.0,786.0,0.0,0.0,1.0,mean_0.75,9,0.75,0.15,beta,none
City-B,T2,2x,520.0,S0a_RoutineOracle,cross_regime,M_stress,500,True,1,786.0,446.0,74.0,0.4325,0.0,mean_0.75,9,0.75,0.15,beta,none
City-B,T2,2x,520.0,S0b_StressOracle,routine,M_routine,500,True,2,949.2,1240.1,0.0,0.0,1.0,mean_0.75,9,0.75,0.15,beta,none
City-B,T2,2x,520.0,S0b_StressOracle,cross_regime,M_stress,500,True,2,949.2,949.2,0.0,0.0,1.0,mean_0.75,9,0.75,0.15,beta,none
City-B,T2,2x,520.0,S1_CapRR,routine,M_routine,500,True,1,846.0,786.0,0.0,0.071,1.0,mean_0.75,9,0.75,0.15,beta,none
City-B,T2,2x,520.0,S1_CapRR,cross_regime,M_stress,500,True,1,846.0,446.0,74.0,0.4728,0.0,mean_0.75,9,0.75,0.15,beta,none
City-B,T2,2x,520.0,S2_Platform,routine,M_routine,500,True,1,557.0,531.1,0.0,0.0466,1.0,mean_0.75,9,0.75,0.15,beta,none
City-B,T2,2x,520.0,S2_Platform,cross_regime,M_stress,500,True,1,557.0,385.9,134.1,0.3072,0.0,mean_0.75,9,0.75,0.15,beta,none
City-B,T2,2x,520.0,S3_Lin4,routine,M_routine,500,True,2,1030.5,985.2,0.0,0.044,1.0,mean_0.75,9,0.75,0.15,beta,none
City-B,T2,2x,520.0,S3_Lin4,cross_regime,M_stress,500,True,2,1030.5,889.1,0.0,0.1372,1.0,mean_0.75,9,0.75,0.15,beta,none
City-B,T2,2x,520.0,S4_GlobalCalib,routine,M_routine,500,True,1,628.7,786.0,0.0,0.0,1.0,mean_0.75,9,0.75,0.15,beta,none
City-B,T2,2x,520.0,S4_GlobalCalib,cross_regime,M_stress,500,True,1,628.7,446.0,74.0,0.2906,0.0,mean_0.75,9,0.75,0.15,beta,none
City-B,T2,2x,520.0,S5_CityCalib,routine,M_routine,500,True,1,626.7,786.0,0.0,0.0,1.0,mean_0.75,9,0.75,0.15,beta,none
City-B,T2,2x,520.0,S5_CityCalib,cross_regime,M_stress,500,True,1,626.7,446.0,74.0,0.2884,0.0,mean_0.75,9,0.75,0.15,beta,none
City-B,T2,2x,520.0,S6_Q10,routine,M_routine,500,True,2,903.2,1073.9,0.0,0.0,1.0,mean_0.75,9,0.75,0.15,beta,none
City-B,T2,2x,520.0,S6_Q10,cross_regime,M_stress,500,True,2,903.2,845.4,0.0,0.0641,1.0,mean_0.75,9,0.75,0.15,beta,none
City-B,T2,5x,1300.0,S0a_RoutineOracle,routine,M_routine,500,True,2,1440.3,1440.3,0.0,0.0,1.0,mean_0.75,9,0.75,0.15,beta,none
City-B,T2,5x,1300.0,S0a_RoutineOracle,cross_regime,M_stress,500,True,2,1440.3,815.5,484.5,0.4338,0.0,mean_0.75,9,0.75,0.15,beta,none
City-B,T2,5x,1300.0,S0b_StressOracle,routine,M_routine,500,True,3,1348.6,1528.1,0.0,0.0,1.0,mean_0.75,9,0.75,0.15,beta,none
City-B,T2,5x,1300.0,S0b_StressOracle,cross_regime,M_stress,500,True,3,1348.6,1348.6,0.0,0.0,1.0,mean_0.75,9,0.75,0.15,beta,none
City-B,T2,5x,1300.0,S1_CapRR,routine,M_routine,500,True,2,1688.0,1073.9,226.1,0.3638,0.0,mean_0.75,9,0.75,0.15,beta,none
City-B,T2,5x,1300.0,S1_CapRR,cross_regime,M_stress,500,True,2,1688.0,845.4,454.6,0.4992,0.0,mean_0.75,9,0.75,0.15,beta,none
City-B,T2,5x,1300.0,S2_Platform,routine,M_routine,500,True,3,1630.3,1273.2,26.8,0.219,0.0,mean_0.75,9,0.75,0.15,beta,none
City-B,T2,5x,1300.0,S2_Platform,cross_regime,M_stress,500,True,3,1630.3,1288.5,11.5,0.2097,0.0,mean_0.75,9,0.75,0.15,beta,none
City-B,T2,5x,1300.0,S3_Lin4,routine,M_routine,500,True,3,1538.2,1771.2,0.0,0.0,1.0,mean_0.75,9,0.75,0.15,beta,none
City-B,T2,5x,1300.0,S3_Lin4,cross_regime,M_stress,500,True,3,1538.2,1335.1,0.0,0.132,1.0,mean_0.75,9,0.75,0.15,beta,none
City-B,T2,5x,1300.0,S4_GlobalCalib,routine,M_routine,500,True,3,1861.2,1528.1,0.0,0.179,1.0,mean_0.75,9,0.75,0.15,beta,none
City-B,T2,5x,1300.0,S4_GlobalCalib,cross_regime,M_stress,500,True,3,1861.2,1348.6,0.0,0.2754,1.0,mean_0.75,9,0.75,0.15,beta,none
City-B,T2,5x,1300.0,S5_CityCalib,routine,M_routine,500,True,3,1855.4,1528.1,0.0,0.1764,1.0,mean_0.75,9,0.75,0.15,beta,none
City-B,T2,5x,1300.0,S5_CityCalib,cross_regime,M_stress,500,True,3,1855.4,1348.6,0.0,0.2731,1.0,mean_0.75,9,0.75,0.15,beta,none
City-B,T2,5x,1300.0,S6_Q10,routine,M_routine,500,True,3,1340.2,1528.1,0.0,0.0,1.0,mean_0.75,9,0.75,0.15,beta,none
City-B,T2,5x,1300.0,S6_Q10,cross_regime,M_stress,500,True,3,1340.2,1348.6,0.0,0.0,1.0,mean_0.75,9,0.75,0.15,beta,none
City-B,T2,10x,2600.0,S0a_RoutineOracle,routine,M_routine,500,True,5,3011.7,3011.7,0.0,0.0,1.0,mean_0.75,9,0.75,0.15,beta,none
City-B,T2,10x,2600.0,S0a_RoutineOracle,cross_regime,M_stress,500,True,5,3011.7,1846.3,753.7,0.387,0.0,mean_0.75,9,0.75,0.15,beta,none
City-B,T2,10x,2600.0,S0b_StressOracle,routine,M_routine,500,True,7,2805.6,3714.9,0.0,0.0,1.0,mean_0.75,9,0.75,0.15,beta,none
City-B,T2,10x,2600.0,S0b_StressOracle,cross_regime,M_stress,500,True,7,2805.6,2805.6,0.0,0.0,1.0,mean_0.75,9,0.75,0.15,beta,none
City-B,T2,10x,2600.0,S1_CapRR,routine,M_routine,500,True,4,3303.2,2059.2,540.8,0.3766,0.0,mean_0.75,9,0.75,0.15,beta,none
City-B,T2,10x,2600.0,S1_CapRR,cross_regime,M_stress,500,True,4,3303.2,1734.5,865.5,0.4749,0.0,mean_0.75,9,0.75,0.15,beta,none
City-B,T2,10x,2600.0,S2_Platform,routine,M_routine,500,True,6,2974.4,3092.3,0.0,0.0,1.0,mean_0.75,9,0.75,0.15,beta,none
City-B,T2,10x,2600.0,S2_Platform,cross_regime,M_stress,500,True,6,2974.4,2344.0,256.0,0.2119,0.0,mean_0.75,9,0.75,0.15,beta,none
City-B,T2,10x,2600.0,S3_Lin4,routine,M_routine,500,True,6,2902.2,3092.3,0.0,0.0,1.0,mean_0.75,9,0.75,0.15,beta,none
City-B,T2,10x,2600.0,S3_Lin4,cross_regime,M_stress,500,True,6,2902.2,2344.0,256.0,0.1923,0.0,mean_0.75,9,0.75,0.15,beta,none
City-B,T2,10x,2600.0,S4_GlobalCalib,routine,M_routine,500,True,5,2974.3,2713.5,0.0,0.0877,1.0,mean_0.75,9,0.75,0.15,beta,none
City-B,T2,10x,2600.0,S4_GlobalCalib,cross_regime,M_stress,500,True,5,2974.3,2104.0,496.0,0.2926,0.0,mean_0.75,9,0.75,0.15,beta,none
City-B,T2,10x,2600.0,S5_CityCalib,routine,M_routine,500,True,5,2965.0,2713.5,0.0,0.0848,1.0,mean_0.75,9,0.75,0.15,beta,none
City-B,T2,10x,2600.0,S5_CityCalib,cross_regime,M_stress,500,True,5,2965.0,2104.0,496.0,0.2904,0.0,mean_0.75,9,0.75,0.15,beta,none
City-B,T2,10x,2600.0,S6_Q10,routine,M_routine,500,True,7,2815.9,3655.1,0.0,0.0,1.0,mean_0.75,9,0.75,0.15,beta,none
City-B,T2,10x,2600.0,S6_Q10,cross_regime,M_stress,500,True,7,2815.9,2709.6,0.0,0.0378,1.0,mean_0.75,9,0.75,0.15,beta,none
City-B,T3,1x,200.0,S0a_RoutineOracle,routine,M_routine,500,True,1,637.8,637.8,0.0,0.0,1.0,mean_0.75,9,0.75,0.15,beta,none
City-B,T3,1x,200.0,S0a_RoutineOracle,cross_regime,M_stress,500,True,1,637.8,429.5,0.0,0.3266,1.0,mean_0.75,9,0.75,0.15,beta,none
City-B,T3,1x,200.0,S0b_StressOracle,routine,M_routine,500,True,1,444.9,532.4,0.0,0.0,1.0,mean_0.75,9,0.75,0.15,beta,none
City-B,T3,1x,200.0,S0b_StressOracle,cross_regime,M_stress,500,True,1,444.9,444.9,0.0,0.0,1.0,mean_0.75,9,0.75,0.15,beta,none
City-B,T3,1x,200.0,S1_CapRR,routine,M_routine,500,True,1,744.5,532.4,0.0,0.2849,1.0,mean_0.75,9,0.75,0.15,beta,none
City-B,T3,1x,200.0,S1_CapRR,cross_regime,M_stress,500,True,1,744.5,444.9,0.0,0.4024,1.0,mean_0.75,9,0.75,0.15,beta,none
City-B,T3,1x,200.0,S2_Platform,routine,M_routine,500,True,1,543.2,377.0,0.0,0.3059,1.0,mean_0.75,9,0.75,0.15,beta,none
City-B,T3,1x,200.0,S2_Platform,cross_regime,M_stress,500,True,1,543.2,240.8,0.0,0.5567,1.0,mean_0.75,9,0.75,0.15,beta,none
City-B,T3,1x,200.0,S3_Lin4,routine,M_routine,500,True,1,506.5,506.0,0.0,0.001,1.0,mean_0.75,9,0.75,0.15,beta,none
City-B,T3,1x,200.0,S3_Lin4,cross_regime,M_stress,500,True,1,506.5,347.0,0.0,0.315,1.0,mean_0.75,9,0.75,0.15,beta,none
City-B,T3,1x,200.0,S4_GlobalCalib,routine,M_routine,500,True,1,551.5,532.4,0.0,0.0347,1.0,mean_0.75,9,0.75,0.15,beta,none
City-B,T3,1x,200.0,S4_GlobalCalib,cross_regime,M_stress,500,True,1,551.5,444.9,0.0,0.1932,1.0,mean_0.75,9,0.75,0.15,beta,none
City-B,T3,1x,200.0,S5_CityCalib,routine,M_routine,500,True,1,547.5,532.4,0.0,0.0277,1.0,mean_0.75,9,0.75,0.15,beta,none
City-B,T3,1x,200.0,S5_CityCalib,cross_regime,M_stress,500,True,1,547.5,444.9,0.0,0.1874,1.0,mean_0.75,9,0.75,0.15,beta,none
City-B,T3,1x,200.0,S6_Q10,routine,M_routine,500,True,1,396.1,532.4,0.0,0.0,1.0,mean_0.75,9,0.75,0.15,beta,none
City-B,T3,1x,200.0,S6_Q10,cross_regime,M_stress,500,True,1,396.1,444.9,0.0,0.0,1.0,mean_0.75,9,0.75,0.15,beta,none
City-B,T3,2x,400.0,S0a_RoutineOracle,routine,M_routine,500,True,1,637.8,637.8,0.0,0.0,1.0,mean_0.75,9,0.75,0.15,beta,none
City-B,T3,2x,400.0,S0a_RoutineOracle,cross_regime,M_stress,500,True,1,637.8,429.5,0.0,0.3266,1.0,mean_0.75,9,0.75,0.15,beta,none
City-B,T3,2x,400.0,S0b_StressOracle,routine,M_routine,500,True,1,444.9,532.4,0.0,0.0,1.0,mean_0.75,9,0.75,0.15,beta,none
City-B,T3,2x,400.0,S0b_StressOracle,cross_regime,M_stress,500,True,1,444.9,444.9,0.0,0.0,1.0,mean_0.75,9,0.75,0.15,beta,none
City-B,T3,2x,400.0,S1_CapRR,routine,M_routine,500,True,1,744.5,532.4,0.0,0.2849,1.0,mean_0.75,9,0.75,0.15,beta,none
City-B,T3,2x,400.0,S1_CapRR,cross_regime,M_stress,500,True,1,744.5,444.9,0.0,0.4024,1.0,mean_0.75,9,0.75,0.15,beta,none
City-B,T3,2x,400.0,S2_Platform,routine,M_routine,500,True,1,543.2,377.0,23.0,0.3059,0.0,mean_0.75,9,0.75,0.15,beta,none
City-B,T3,2x,400.0,S2_Platform,cross_regime,M_stress,500,True,1,543.2,240.8,159.2,0.5567,0.0,mean_0.75,9,0.75,0.15,beta,none
City-B,T3,2x,400.0,S3_Lin4,routine,M_routine,500,True,1,506.5,506.0,0.0,0.001,1.0,mean_0.75,9,0.75,0.15,beta,none
City-B,T3,2x,400.0,S3_Lin4,cross_regime,M_stress,500,True,1,506.5,347.0,53.0,0.315,0.0,mean_0.75,9,0.75,0.15,beta,none
City-B,T3,2x,400.0,S4_GlobalCalib,routine,M_routine,500,True,1,551.5,532.4,0.0,0.0347,1.0,mean_0.75,9,0.75,0.15,beta,none
City-B,T3,2x,400.0,S4_GlobalCalib,cross_regime,M_stress,500,True,1,551.5,444.9,0.0,0.1932,1.0,mean_0.75,9,0.75,0.15,beta,none
City-B,T3,2x,400.0,S5_CityCalib,routine,M_routine,500,True,1,547.5,532.4,0.0,0.0277,1.0,mean_0.75,9,0.75,0.15,beta,none
City-B,T3,2x,400.0,S5_CityCalib,cross_regime,M_stress,500,True,1,547.5,444.9,0.0,0.1874,1.0,mean_0.75,9,0.75,0.15,beta,none
City-B,T3,2x,400.0,S6_Q10,routine,M_routine,500,True,2,790.4,909.3,0.0,0.0,1.0,mean_0.75,9,0.75,0.15,beta,none
City-B,T3,2x,400.0,S6_Q10,cross_regime,M_stress,500,True,2,790.4,685.7,0.0,0.1325,1.0,mean_0.75,9,0.75,0.15,beta,none
City-B,T3,5x,1000.0,S0a_RoutineOracle,routine,M_routine,500,True,2,1170.1,1170.1,0.0,0.0,1.0,mean_0.75,9,0.75,0.15,beta,none
City-B,T3,5x,1000.0,S0a_RoutineOracle,cross_regime,M_stress,500,True,2,1170.1,874.4,125.6,0.2527,0.0,mean_0.75,9,0.75,0.15,beta,none
City-B,T3,5x,1000.0,S0b_StressOracle,routine,M_routine,500,True,3,1234.1,1700.8,0.0,0.0,1.0,mean_0.75,9,0.75,0.15,beta,none
City-B,T3,5x,1000.0,S0b_StressOracle,cross_regime,M_stress,500,True,3,1234.1,1234.1,0.0,0.0,1.0,mean_0.75,9,0.75,0.15,beta,none
City-B,T3,5x,1000.0,S1_CapRR,routine,M_routine,500,True,2,1485.4,909.3,90.7,0.3878,0.0,mean_0.75,9,0.75,0.15,beta,none
City-B,T3,5x,1000.0,S1_CapRR,cross_regime,M_stress,500,True,2,1485.4,685.7,314.3,0.5384,0.0,mean_0.75,9,0.75,0.15,beta,none
City-B,T3,5x,1000.0,S2_Platform,routine,M_routine,500,True,2,1048.0,883.0,117.0,0.1574,0.0,mean_0.75,9,0.75,0.15,beta,none
City-B,T3,5x,1000.0,S2_Platform,cross_regime,M_stress,500,True,2,1048.0,587.7,412.3,0.4392,0.0,mean_0.75,9,0.75,0.15,beta,none
City-B,T3,5x,1000.0,S3_Lin4,routine,M_routine,500,True,2,1006.4,1143.8,0.0,0.0,1.0,mean_0.75,9,0.75,0.15,beta,none
City-B,T3,5x,1000.0,S3_Lin4,cross_regime,M_stress,500,True,2,1006.4,776.5,223.5,0.2284,0.0,mean_0.75,9,0.75,0.15,beta,none
City-B,T3,5x,1000.0,S4_GlobalCalib,routine,M_routine,500,True,2,1100.3,909.3,90.7,0.1736,0.0,mean_0.75,9,0.75,0.15,beta,none
City-B,T3,5x,1000.0,S4_GlobalCalib,cross_regime,M_stress,500,True,2,1100.3,685.7,314.3,0.3768,0.0,mean_0.75,9,0.75,0.15,beta,none
City-B,T3,5x,1000.0,S5_CityCalib,routine,M_routine,500,True,2,1092.5,909.3,90.7,0.1676,0.0,mean_0.75,9,0.75,0.15,beta,none
City-B,T3,5x,1000.0,S5_CityCalib,cross_regime,M_stress,500,True,2,1092.5,685.7,314.3,0.3723,0.0,mean_0.75,9,0.75,0.15,beta,none
City-B,T3,5x,1000.0,S6_Q10,routine,M_routine,500,True,3,1172.7,1415.4,0.0,0.0,1.0,mean_0.75,9,0.75,0.15,beta,none
City-B,T3,5x,1000.0,S6_Q10,cross_regime,M_stress,500,True,3,1172.7,1032.7,0.0,0.1194,1.0,mean_0.75,9,0.75,0.15,beta,none
City-B,T3,10x,2000.0,S0a_RoutineOracle,routine,M_routine,500,True,4,2206.8,2206.8,0.0,0.0,1.0,mean_0.75,9,0.75,0.15,beta,none
City-B,T3,10x,2000.0,S0a_RoutineOracle,cross_regime,M_stress,500,True,4,2206.8,1581.1,418.9,0.2835,0.0,mean_0.75,9,0.75,0.15,beta,none
City-B,T3,10x,2000.0,S0b_StressOracle,routine,M_routine,500,True,6,2232.5,2951.5,0.0,0.0,1.0,mean_0.75,9,0.75,0.15,beta,none
City-B,T3,10x,2000.0,S0b_StressOracle,cross_regime,M_stress,500,True,6,2232.5,2232.5,0.0,0.0,1.0,mean_0.75,9,0.75,0.15,beta,none
City-B,T3,10x,2000.0,S1_CapRR,routine,M_routine,500,True,3,2203.9,1415.4,584.6,0.3578,0.0,mean_0.75,9,0.75,0.15,beta,none
City-B,T3,10x,2000.0,S1_CapRR,cross_regime,M_stress,500,True,3,2203.9,1032.7,967.3,0.5314,0.0,mean_0.75,9,0.75,0.15,beta,none
City-B,T3,10x,2000.0,S2_Platform,routine,M_routine,500,True,5,2307.7,2530.2,0.0,0.0,1.0,mean_0.75,9,0.75,0.15,beta,none
City-B,T3,10x,2000.0,S2_Platform,cross_regime,M_stress,500,True,5,2307.7,1644.0,356.0,0.2876,0.0,mean_0.75,9,0.75,0.15,beta,none
City-B,T3,10x,2000.0,S3_Lin4,routine,M_routine,500,True,5,2406.2,2499.9,0.0,0.0,1.0,mean_0.75,9,0.75,0.15,beta,none
City-B,T3,10x,2000.0,S3_Lin4,cross_regime,M_stress,500,True,5,2406.2,1749.4,250.6,0.2729,0.0,mean_0.75,9,0.75,0.15,beta,none
City-B,T3,10x,2000.0,S4_GlobalCalib,routine,M_routine,500,True,4,2153.3,2053.2,0.0,0.0465,1.0,mean_0.75,9,0.75,0.15,beta,none
City-B,T3,10x,2000.0,S4_GlobalCalib,cross_regime,M_stress,500,True,4,2153.3,1462.2,537.8,0.321,0.0,mean_0.75,9,0.75,0.15,beta,none
City-B,T3,10x,2000.0,S5_CityCalib,routine,M_routine,500,True,4,2137.9,2053.2,0.0,0.0396,1.0,mean_0.75,9,0.75,0.15,beta,none
City-B,T3,10x,2000.0,S5_CityCalib,cross_regime,M_stress,500,True,4,2137.9,1462.2,537.8,0.3161,0.0,mean_0.75,9,0.75,0.15,beta,none
City-B,T3,10x,2000.0,S6_Q10,routine,M_routine,500,True,6,2175.3,2942.6,0.0,0.0,1.0,mean_0.75,9,0.75,0.15,beta,none
City-B,T3,10x,2000.0,S6_Q10,cross_regime,M_stress,500,True,6,2175.3,2149.4,0.0,0.0119,1.0,mean_0.75,9,0.75,0.15,beta,none
City-B,T4,1x,140.0,S0a_RoutineOracle,routine,M_routine,500,True,1,757.8,757.8,0.0,0.0,1.0,mean_0.75,9,0.75,0.15,beta,none
City-B,T4,1x,140.0,S0a_RoutineOracle,cross_regime,M_stress,500,True,1,757.8,497.7,0.0,0.3432,1.0,mean_0.75,9,0.75,0.15,beta,none
City-B,T4,1x,140.0,S0b_StressOracle,routine,M_routine,500,True,1,522.2,709.7,0.0,0.0,1.0,mean_0.75,9,0.75,0.15,beta,none
City-B,T4,1x,140.0,S0b_StressOracle,cross_regime,M_stress,500,True,1,522.2,522.2,0.0,0.0,1.0,mean_0.75,9,0.75,0.15,beta,none
City-B,T4,1x,140.0,S1_CapRR,routine,M_routine,500,True,1,846.0,757.8,0.0,0.1043,1.0,mean_0.75,9,0.75,0.15,beta,none
City-B,T4,1x,140.0,S1_CapRR,cross_regime,M_stress,500,True,1,846.0,497.7,0.0,0.4117,1.0,mean_0.75,9,0.75,0.15,beta,none
City-B,T4,1x,140.0,S2_Platform,routine,M_routine,500,True,1,480.1,757.8,0.0,0.0,1.0,mean_0.75,9,0.75,0.15,beta,none
City-B,T4,1x,140.0,S2_Platform,cross_regime,M_stress,500,True,1,480.1,497.7,0.0,0.0,1.0,mean_0.75,9,0.75,0.15,beta,none
City-B,T4,1x,140.0,S3_Lin4,routine,M_routine,500,True,1,518.6,577.7,0.0,0.0,1.0,mean_0.75,9,0.75,0.15,beta,none
City-B,T4,1x,140.0,S3_Lin4,cross_regime,M_stress,500,True,1,518.6,422.3,0.0,0.1857,1.0,mean_0.75,9,0.75,0.15,beta,none
City-B,T4,1x,140.0,S4_GlobalCalib,routine,M_routine,500,True,1,624.3,757.8,0.0,0.0,1.0,mean_0.75,9,0.75,0.15,beta,none
City-B,T4,1x,140.0,S4_GlobalCalib,cross_regime,M_stress,500,True,1,624.3,497.7,0.0,0.2028,1.0,mean_0.75,9,0.75,0.15,beta,none
City-B,T4,1x,140.0,S5_CityCalib,routine,M_routine,500,True,1,615.3,757.8,0.0,0.0,1.0,mean_0.75,9,0.75,0.15,beta,none
City-B,T4,1x,140.0,S5_CityCalib,cross_regime,M_stress,500,True,1,615.3,497.7,0.0,0.1911,1.0,mean_0.75,9,0.75,0.15,beta,none
City-B,T4,1x,140.0,S6_Q10,routine,M_routine,500,True,1,451.1,757.8,0.0,0.0,1.0,mean_0.75,9,0.75,0.15,beta,none
City-B,T4,1x,140.0,S6_Q10,cross_regime,M_stress,500,True,1,451.1,497.7,0.0,0.0,1.0,mean_0.75,9,0.75,0.15,beta,none
City-B,T4,2x,280.0,S0a_RoutineOracle,routine,M_routine,500,True,1,757.8,757.8,0.0,0.0,1.0,mean_0.75,9,0.75,0.15,beta,none
City-B,T4,2x,280.0,S0a_RoutineOracle,cross_regime,M_stress,500,True,1,757.8,497.7,0.0,0.3432,1.0,mean_0.75,9,0.75,0.15,beta,none
City-B,T4,2x,280.0,S0b_StressOracle,routine,M_routine,500,True,1,522.2,709.7,0.0,0.0,1.0,mean_0.75,9,0.75,0.15,beta,none
City-B,T4,2x,280.0,S0b_StressOracle,cross_regime,M_stress,500,True,1,522.2,522.2,0.0,0.0,1.0,mean_0.75,9,0.75,0.15,beta,none
City-B,T4,2x,280.0,S1_CapRR,routine,M_routine,500,True,1,846.0,757.8,0.0,0.1043,1.0,mean_0.75,9,0.75,0.15,beta,none
City-B,T4,2x,280.0,S1_CapRR,cross_regime,M_stress,500,True,1,846.0,497.7,0.0,0.4117,1.0,mean_0.75,9,0.75,0.15,beta,none
City-B,T4,2x,280.0,S2_Platform,routine,M_routine,500,True,1,480.1,757.8,0.0,0.0,1.0,mean_0.75,9,0.75,0.15,beta,none
City-B,T4,2x,280.0,S2_Platform,cross_regime,M_stress,500,True,1,480.1,497.7,0.0,0.0,1.0,mean_0.75,9,0.75,0.15,beta,none
City-B,T4,2x,280.0,S3_Lin4,routine,M_routine,500,True,1,518.6,577.7,0.0,0.0,1.0,mean_0.75,9,0.75,0.15,beta,none
City-B,T4,2x,280.0,S3_Lin4,cross_regime,M_stress,500,True,1,518.6,422.3,0.0,0.1857,1.0,mean_0.75,9,0.75,0.15,beta,none
City-B,T4,2x,280.0,S4_GlobalCalib,routine,M_routine,500,True,1,624.3,757.8,0.0,0.0,1.0,mean_0.75,9,0.75,0.15,beta,none
City-B,T4,2x,280.0,S4_GlobalCalib,cross_regime,M_stress,500,True,1,624.3,497.7,0.0,0.2028,1.0,mean_0.75,9,0.75,0.15,beta,none
City-B,T4,2x,280.0,S5_CityCalib,routine,M_routine,500,True,1,615.3,757.8,0.0,0.0,1.0,mean_0.75,9,0.75,0.15,beta,none
City-B,T4,2x,280.0,S5_CityCalib,cross_regime,M_stress,500,True,1,615.3,497.7,0.0,0.1911,1.0,mean_0.75,9,0.75,0.15,beta,none
City-B,T4,2x,280.0,S6_Q10,routine,M_routine,500,True,1,451.1,757.8,0.0,0.0,1.0,mean_0.75,9,0.75,0.15,beta,none
City-B,T4,2x,280.0,S6_Q10,cross_regime,M_stress,500,True,1,451.1,497.7,0.0,0.0,1.0,mean_0.75,9,0.75,0.15,beta,none
City-B,T4,5x,700.0,S0a_RoutineOracle,routine,M_routine,500,True,1,757.8,757.8,0.0,0.0,1.0,mean_0.75,9,0.75,0.15,beta,none
City-B,T4,5x,700.0,S0a_RoutineOracle,cross_regime,M_stress,500,True,1,757.8,497.7,202.3,0.3432,0.0,mean_0.75,9,0.75,0.15,beta,none
City-B,T4,5x,700.0,S0b_StressOracle,routine,M_routine,500,True,2,1034.4,1351.8,0.0,0.0,1.0,mean_0.75,9,0.75,0.15,beta,none
City-B,T4,5x,700.0,S0b_StressOracle,cross_regime,M_stress,500,True,2,1034.4,1034.4,0.0,0.0,1.0,mean_0.75,9,0.75,0.15,beta,none
City-B,T4,5x,700.0,S1_CapRR,routine,M_routine,500,True,1,846.0,757.8,0.0,0.1043,1.0,mean_0.75,9,0.75,0.15,beta,none
City-B,T4,5x,700.0,S1_CapRR,cross_regime,M_stress,500,True,1,846.0,497.7,202.3,0.4117,0.0,mean_0.75,9,0.75,0.15,beta,none
City-B,T4,5x,700.0,S2_Platform,routine,M_routine,500,True,2,912.9,1400.0,0.0,0.0,1.0,mean_0.75,9,0.75,0.15,beta,none
City-B,T4,5x,700.0,S2_Platform,cross_regime,M_stress,500,True,2,912.9,1009.9,0.0,0.0,1.0,mean_0.75,9,0.75,0.15,beta,none
City-B,T4,5x,700.0,S3_Lin4,routine,M_routine,500,True,2,1030.4,1219.9,0.0,0.0,1.0,mean_0.75,9,0.75,0.15,beta,none
City-B,T4,5x,700.0,S3_Lin4,cross_regime,M_stress,500,True,2,1030.4,934.5,0.0,0.0931,1.0,mean_0.75,9,0.75,0.15,beta,none
City-B,T4,5x,700.0,S4_GlobalCalib,routine,M_routine,500,True,2,1245.7,1467.4,0.0,0.0,1.0,mean_0.75,9,0.75,0.15,beta,none
City-B,T4,5x,700.0,S4_GlobalCalib,cross_regime,M_stress,500,True,2,1245.7,1020.0,0.0,0.1812,1.0,mean_0.75,9,0.75,0.15,beta,none
City-B,T4,5x,700.0,S5_CityCalib,routine,M_routine,500,True,2,1227.8,1467.4,0.0,0.0,1.0,mean_0.75,9,0.75,0.15,beta,none
City-B,T4,5x,700.0,S5_CityCalib,cross_regime,M_stress,500,True,2,1227.8,1020.0,0.0,0.1693,1.0,mean_0.75,9,0.75,0.15,beta,none
City-B,T4,5x,700.0,S6_Q10,routine,M_routine,500,True,2,900.1,1467.4,0.0,0.0,1.0,mean_0.75,9,0.75,0.15,beta,none
City-B,T4,5x,700.0,S6_Q10,cross_regime,M_stress,500,True,2,900.1,1020.0,0.0,0.0,1.0,mean_0.75,9,0.75,0.15,beta,none
City-B,T4,10x,1400.0,S0a_RoutineOracle,routine,M_routine,500,True,2,1467.4,1467.4,0.0,0.0,1.0,mean_0.75,9,0.75,0.15,beta,none
City-B,T4,10x,1400.0,S0a_RoutineOracle,cross_regime,M_stress,500,True,2,1467.4,1020.0,380.0,0.3049,0.0,mean_0.75,9,0.75,0.15,beta,none
City-B,T4,10x,1400.0,S0b_StressOracle,routine,M_routine,500,True,3,1532.1,2109.6,0.0,0.0,1.0,mean_0.75,9,0.75,0.15,beta,none
City-B,T4,10x,1400.0,S0b_StressOracle,cross_regime,M_stress,500,True,3,1532.1,1532.1,0.0,0.0,1.0,mean_0.75,9,0.75,0.15,beta,none
City-B,T4,10x,1400.0,S1_CapRR,routine,M_routine,500,True,2,1688.0,1467.4,0.0,0.1306,1.0,mean_0.75,9,0.75,0.15,beta,none
City-B,T4,10x,1400.0,S1_CapRR,cross_regime,M_stress,500,True,2,1688.0,1020.0,380.0,0.3958,0.0,mean_0.75,9,0.75,0.15,beta,none
City-B,T4,10x,1400.0,S2_Platform,routine,M_routine,500,True,4,1693.5,2509.1,0.0,0.0,1.0,mean_0.75,9,0.75,0.15,beta,none
City-B,T4,10x,1400.0,S2_Platform,cross_regime,M_stress,500,True,4,1693.5,1751.9,0.0,0.0,1.0,mean_0.75,9,0.75,0.15,beta,none
City-B,T4,10x,1400.0,S3_Lin4,routine,M_routine,500,True,3,1537.9,1977.7,0.0,0.0,1.0,mean_0.75,9,0.75,0.15,beta,none
City-B,T4,10x,1400.0,S3_Lin4,cross_regime,M_stress,500,True,3,1537.9,1432.2,0.0,0.0687,1.0,mean_0.75,9,0.75,0.15,beta,none
City-B,T4,10x,1400.0,S4_GlobalCalib,routine,M_routine,500,True,3,1848.3,2045.2,0.0,0.0,1.0,mean_0.75,9,0.75,0.15,beta,none
City-B,T4,10x,1400.0,S4_GlobalCalib,cross_regime,M_stress,500,True,3,1848.3,1442.3,0.0,0.2197,1.0,mean_0.75,9,0.75,0.15,beta,none
City-B,T4,10x,1400.0,S5_CityCalib,routine,M_routine,500,True,3,1821.7,2045.2,0.0,0.0,1.0,mean_0.75,9,0.75,0.15,beta,none
City-B,T4,10x,1400.0,S5_CityCalib,cross_regime,M_stress,500,True,3,1821.7,1442.3,0.0,0.2083,1.0,mean_0.75,9,0.75,0.15,beta,none
City-B,T4,10x,1400.0,S6_Q10,routine,M_routine,500,True,4,1761.4,2687.3,0.0,0.0,1.0,mean_0.75,9,0.75,0.15,beta,none
City-B,T4,10x,1400.0,S6_Q10,cross_regime,M_stress,500,True,4,1761.4,1954.4,0.0,0.0,1.0,mean_0.75,9,0.75,0.15,beta,none
City-B,T5,1x,160.0,S0a_RoutineOracle,routine,M_routine,500,True,1,648.8,648.8,0.0,0.0,1.0,mean_0.75,9,0.75,0.15,beta,none
City-B,T5,1x,160.0,S0a_RoutineOracle,cross_regime,M_stress,500,True,1,648.8,313.1,0.0,0.5175,1.0,mean_0.75,9,0.75,0.15,beta,none
City-B,T5,1x,160.0,S0b_StressOracle,routine,M_routine,500,True,1,429.1,338.1,0.0,0.2119,1.0,mean_0.75,9,0.75,0.15,beta,none
City-B,T5,1x,160.0,S0b_StressOracle,cross_regime,M_stress,500,True,1,429.1,429.1,0.0,0.0,1.0,mean_0.75,9,0.75,0.15,beta,none
City-B,T5,1x,160.0,S1_CapRR,routine,M_routine,500,True,1,744.5,415.8,0.0,0.4415,1.0,mean_0.75,9,0.75,0.15,beta,none
City-B,T5,1x,160.0,S1_CapRR,cross_regime,M_stress,500,True,1,744.5,242.8,0.0,0.6739,1.0,mean_0.75,9,0.75,0.15,beta,none
City-B,T5,1x,160.0,S2_Platform,routine,M_routine,500,True,1,553.3,338.1,0.0,0.3889,1.0,mean_0.75,9,0.75,0.15,beta,none
City-B,T5,1x,160.0,S2_Platform,cross_regime,M_stress,500,True,1,553.3,429.1,0.0,0.2246,1.0,mean_0.75,9,0.75,0.15,beta,none
City-B,T5,1x,160.0,S3_Lin4,routine,M_routine,500,True,1,507.2,648.8,0.0,0.0,1.0,mean_0.75,9,0.75,0.15,beta,none
City-B,T5,1x,160.0,S3_Lin4,cross_regime,M_stress,500,True,1,507.2,313.1,0.0,0.3827,1.0,mean_0.75,9,0.75,0.15,beta,none
City-B,T5,1x,160.0,S4_GlobalCalib,routine,M_routine,500,True,1,551.0,415.8,0.0,0.2453,1.0,mean_0.75,9,0.75,0.15,beta,none
City-B,T5,1x,160.0,S4_GlobalCalib,cross_regime,M_stress,500,True,1,551.0,242.8,0.0,0.5593,1.0,mean_0.75,9,0.75,0.15,beta,none
City-B,T5,1x,160.0,S5_CityCalib,routine,M_routine,500,True,1,545.9,415.8,0.0,0.2383,1.0,mean_0.75,9,0.75,0.15,beta,none
City-B,T5,1x,160.0,S5_CityCalib,cross_regime,M_stress,500,True,1,545.9,242.8,0.0,0.5552,1.0,mean_0.75,9,0.75,0.15,beta,none
City-B,T5,1x,160.0,S6_Q10,routine,M_routine,500,True,1,398.0,415.8,0.0,0.0,1.0,mean_0.75,9,0.75,0.15,beta,none
City-B,T5,1x,160.0,S6_Q10,cross_regime,M_stress,500,True,1,398.0,242.8,0.0,0.3899,1.0,mean_0.75,9,0.75,0.15,beta,none
City-B,T5,2x,320.0,S0a_RoutineOracle,routine,M_routine,500,True,1,648.8,648.8,0.0,0.0,1.0,mean_0.75,9,0.75,0.15,beta,none
City-B,T5,2x,320.0,S0a_RoutineOracle,cross_regime,M_stress,500,True,1,648.8,313.1,6.9,0.5175,0.0,mean_0.75,9,0.75,0.15,beta,none
City-B,T5,2x,320.0,S0b_StressOracle,routine,M_routine,500,True,1,429.1,338.1,0.0,0.2119,1.0,mean_0.75,9,0.75,0.15,beta,none
City-B,T5,2x,320.0,S0b_StressOracle,cross_regime,M_stress,500,True,1,429.1,429.1,0.0,0.0,1.0,mean_0.75,9,0.75,0.15,beta,none
City-B,T5,2x,320.0,S1_CapRR,routine,M_routine,500,True,1,744.5,415.8,0.0,0.4415,1.0,mean_0.75,9,0.75,0.15,beta,none
City-B,T5,2x,320.0,S1_CapRR,cross_regime,M_stress,500,True,1,744.5,242.8,77.2,0.6739,0.0,mean_0.75,9,0.75,0.15,beta,none
City-B,T5,2x,320.0,S2_Platform,routine,M_routine,500,True,1,553.3,338.1,0.0,0.3889,1.0,mean_0.75,9,0.75,0.15,beta,none
City-B,T5,2x,320.0,S2_Platform,cross_regime,M_stress,500,True,1,553.3,429.1,0.0,0.2246,1.0,mean_0.75,9,0.75,0.15,beta,none
City-B,T5,2x,320.0,S3_Lin4,routine,M_routine,500,True,1,507.2,648.8,0.0,0.0,1.0,mean_0.75,9,0.75,0.15,beta,none
City-B,T5,2x,320.0,S3_Lin4,cross_regime,M_stress,500,True,1,507.2,313.1,6.9,0.3827,0.0,mean_0.75,9,0.75,0.15,beta,none
City-B,T5,2x,320.0,S4_GlobalCalib,routine,M_routine,500,True,1,551.0,415.8,0.0,0.2453,1.0,mean_0.75,9,0.75,0.15,beta,none
City-B,T5,2x,320.0,S4_GlobalCalib,cross_regime,M_stress,500,True,1,551.0,242.8,77.2,0.5593,0.0,mean_0.75,9,0.75,0.15,beta,none
City-B,T5,2x,320.0,S5_CityCalib,routine,M_routine,500,True,1,545.9,415.8,0.0,0.2383,1.0,mean_0.75,9,0.75,0.15,beta,none
City-B,T5,2x,320.0,S5_CityCalib,cross_regime,M_stress,500,True,1,545.9,242.8,77.2,0.5552,0.0,mean_0.75,9,0.75,0.15,beta,none
City-B,T5,2x,320.0,S6_Q10,routine,M_routine,500,True,1,398.0,415.8,0.0,0.0,1.0,mean_0.75,9,0.75,0.15,beta,none
City-B,T5,2x,320.0,S6_Q10,cross_regime,M_stress,500,True,1,398.0,242.8,77.2,0.3899,0.0,mean_0.75,9,0.75,0.15,beta,none
City-B,T5,5x,800.0,S0a_RoutineOracle,routine,M_routine,500,True,2,1201.4,1201.4,0.0,0.0,1.0,mean_0.75,9,0.75,0.15,beta,none
City-B,T5,5x,800.0,S0a_RoutineOracle,cross_regime,M_stress,500,True,2,1201.4,714.0,86.0,0.4057,0.0,mean_0.75,9,0.75,0.15,beta,none
City-B,T5,5x,800.0,S0b_StressOracle,routine,M_routine,500,True,2,829.9,890.7,0.0,0.0,1.0,mean_0.75,9,0.75,0.15,beta,none
City-B,T5,5x,800.0,S0b_StressOracle,cross_regime,M_stress,500,True,2,829.9,829.9,0.0,0.0,1.0,mean_0.75,9,0.75,0.15,beta,none
City-B,T5,5x,800.0,S1_CapRR,routine,M_routine,500,True,2,1485.4,753.9,46.1,0.4924,0.0,mean_0.75,9,0.75,0.15,beta,none
City-B,T5,5x,800.0,S1_CapRR,cross_regime,M_stress,500,True,2,1485.4,671.8,128.2,0.5477,0.0,mean_0.75,9,0.75,0.15,beta,none
City-B,T5,5x,800.0,S2_Platform,routine,M_routine,500,True,2,1093.7,987.0,0.0,0.0976,1.0,mean_0.75,9,0.75,0.15,beta,none
City-B,T5,5x,800.0,S2_Platform,cross_regime,M_stress,500,True,2,1093.7,742.1,57.9,0.3214,0.0,mean_0.75,9,0.75,0.15,beta,none
City-B,T5,5x,800.0,S3_Lin4,routine,M_routine,500,True,2,1007.7,1201.4,0.0,0.0,1.0,mean_0.75,9,0.75,0.15,beta,none
City-B,T5,5x,800.0,S3_Lin4,cross_regime,M_stress,500,True,2,1007.7,714.0,86.0,0.2915,0.0,mean_0.75,9,0.75,0.15,beta,none
City-B,T5,5x,800.0,S4_GlobalCalib,routine,M_routine,500,True,2,1099.3,753.9,46.1,0.3142,0.0,mean_0.75,9,0.75,0.15,beta,none
City-B,T5,5x,800.0,S4_GlobalCalib,cross_regime,M_stress,500,True,2,1099.3,671.8,128.2,0.3889,0.0,mean_0.75,9,0.75,0.15,beta,none
City-B,T5,5x,800.0,S5_CityCalib,routine,M_routine,500,True,2,1089.2,753.9,46.1,0.3078,0.0,mean_0.75,9,0.75,0.15,beta,none
City-B,T5,5x,800.0,S5_CityCalib,cross_regime,M_stress,500,True,2,1089.2,671.8,128.2,0.3832,0.0,mean_0.75,9,0.75,0.15,beta,none
City-B,T5,5x,800.0,S6_Q10,routine,M_routine,500,True,3,1178.2,1402.8,0.0,0.0,1.0,mean_0.75,9,0.75,0.15,beta,none
City-B,T5,5x,800.0,S6_Q10,cross_regime,M_stress,500,True,3,1178.2,984.9,0.0,0.164,1.0,mean_0.75,9,0.75,0.15,beta,none
City-B,T5,10x,1600.0,S0a_RoutineOracle,routine,M_routine,500,True,3,1678.2,1678.2,0.0,0.0,1.0,mean_0.75,9,0.75,0.15,beta,none
City-B,T5,10x,1600.0,S0a_RoutineOracle,cross_regime,M_stress,500,True,3,1678.2,1066.3,533.7,0.3647,0.0,mean_0.75,9,0.75,0.15,beta,none
City-B,T5,10x,1600.0,S0b_StressOracle,routine,M_routine,500,True,5,1796.9,2309.3,0.0,0.0,1.0,mean_0.75,9,0.75,0.15,beta,none
City-B,T5,10x,1600.0,S0b_StressOracle,cross_regime,M_stress,500,True,5,1796.9,1796.9,0.0,0.0,1.0,mean_0.75,9,0.75,0.15,beta,none
City-B,T5,10x,1600.0,S1_CapRR,routine,M_routine,500,True,3,2203.9,1402.8,197.2,0.3635,0.0,mean_0.75,9,0.75,0.15,beta,none
City-B,T5,10x,1600.0,S1_CapRR,cross_regime,M_stress,500,True,3,2203.9,984.9,615.1,0.5531,0.0,mean_0.75,9,0.75,0.15,beta,none
City-B,T5,10x,1600.0,S2_Platform,routine,M_routine,500,True,4,2025.8,2016.4,0.0,0.0047,1.0,mean_0.75,9,0.75,0.15,beta,none
City-B,T5,10x,1600.0,S2_Platform,cross_regime,M_stress,500,True,4,2025.8,1495.3,104.7,0.2619,0.0,mean_0.75,9,0.75,0.15,beta,none
City-B,T5,10x,1600.0,S3_Lin4,routine,M_routine,500,True,4,1990.6,1955.4,0.0,0.0177,1.0,mean_0.75,9,0.75,0.15,beta,none
City-B,T5,10x,1600.0,S3_Lin4,cross_regime,M_stress,500,True,4,1990.6,1385.8,214.2,0.3038,0.0,mean_0.75,9,0.75,0.15,beta,none
City-B,T5,10x,1600.0,S4_GlobalCalib,routine,M_routine,500,True,3,1631.1,1402.8,197.2,0.14,0.0,mean_0.75,9,0.75,0.15,beta,none
City-B,T5,10x,1600.0,S4_GlobalCalib,cross_regime,M_stress,500,True,3,1631.1,984.9,615.1,0.3962,0.0,mean_0.75,9,0.75,0.15,beta,none
City-B,T5,10x,1600.0,S5_CityCalib,routine,M_routine,500,True,3,1616.1,1402.8,197.2,0.132,0.0,mean_0.75,9,0.75,0.15,beta,none
City-B,T5,10x,1600.0,S5_CityCalib,cross_regime,M_stress,500,True,3,1616.1,984.9,615.1,0.3905,0.0,mean_0.75,9,0.75,0.15,beta,none
City-B,T5,10x,1600.0,S6_Q10,routine,M_routine,500,True,5,1882.7,2432.2,0.0,0.0,1.0,mean_0.75,9,0.75,0.15,beta,none
City-B,T5,10x,1600.0,S6_Q10,cross_regime,M_stress,500,True,5,1882.7,1738.1,0.0,0.0768,1.0,mean_0.75,9,0.75,0.15,beta,none
City-C,T1,1x,180.0,S0a_RoutineOracle,routine,M_routine,650,True,1,683.3,683.3,0.0,0.0,1.0,mean_0.75,9,0.75,0.15,beta,none
City-C,T1,1x,180.0,S0a_RoutineOracle,cross_regime,M_stress,650,True,1,683.3,409.4,0.0,0.4008,1.0,mean_0.75,9,0.75,0.15,beta,none
City-C,T1,1x,180.0,S0b_StressOracle,routine,M_routine,650,True,1,409.4,683.3,0.0,0.0,1.0,mean_0.75,9,0.75,0.15,beta,none
City-C,T1,1x,180.0,S0b_StressOracle,cross_regime,M_stress,650,True,1,409.4,409.4,0.0,0.0,1.0,mean_0.75,9,0.75,0.15,beta,none
City-C,T1,1x,180.0,S1_CapRR,routine,M_routine,650,True,1,737.0,615.3,0.0,0.1652,1.0,mean_0.75,9,0.75,0.15,beta,none
City-C,T1,1x,180.0,S1_CapRR,cross_regime,M_stress,650,True,1,737.0,328.3,0.0,0.5546,1.0,mean_0.75,9,0.75,0.15,beta,none
City-C,T1,1x,180.0,S2_Platform,routine,M_routine,650,True,1,460.9,615.3,0.0,0.0,1.0,mean_0.75,9,0.75,0.15,beta,none
City-C,T1,1x,180.0,S2_Platform,cross_regime,M_stress,650,True,1,460.9,328.3,0.0,0.2877,1.0,mean_0.75,9,0.75,0.15,beta,none
City-C,T1,1x,180.0,S3_Lin4,routine,M_routine,650,True,1,465.7,615.3,0.0,0.0,1.0,mean_0.75,9,0.75,0.15,beta,none
City-C,T1,1x,180.0,S3_Lin4,cross_regime,M_stress,650,True,1,465.7,328.3,0.0,0.295,1.0,mean_0.75,9,0.75,0.15,beta,none
City-C,T1,1x,180.0,S4_GlobalCalib,routine,M_routine,650,True,1,548.4,615.3,0.0,0.0,1.0,mean_0.75,9,0.75,0.15,beta,none
City-C,T1,1x,180.0,S4_GlobalCalib,cross_regime,M_stress,650,True,1,548.4,328.3,0.0,0.4013,1.0,mean_0.75,9,0.75,0.15,beta,none
City-C,T1,1x,180.0,S5_CityCalib,routine,M_routine,650,True,1,538.7,615.3,0.0,0.0,1.0,mean_0.75,9,0.75,0.15,beta,none
City-C,T1,1x,180.0,S5_CityCalib,cross_regime,M_stress,650,True,1,538.7,328.3,0.0,0.3906,1.0,mean_0.75,9,0.75,0.15,beta,none
City-C,T1,1x,180.0,S6_Q10,routine,M_routine,650,True,1,394.9,615.3,0.0,0.0,1.0,mean_0.75,9,0.75,0.15,beta,none
City-C,T1,1x,180.0,S6_Q10,cross_regime,M_stress,650,True,1,394.9,328.3,0.0,0.1685,1.0,mean_0.75,9,0.75,0.15,beta,none
City-C,T1,2x,360.0,S0a_RoutineOracle,routine,M_routine,650,True,1,683.3,683.3,0.0,0.0,1.0,mean_0.75,9,0.75,0.15,beta,none
City-C,T1,2x,360.0,S0a_RoutineOracle,cross_regime,M_stress,650,True,1,683.3,409.4,0.0,0.4008,1.0,mean_0.75,9,0.75,0.15,beta,none
City-C,T1,2x,360.0,S0b_StressOracle,routine,M_routine,650,True,1,409.4,683.3,0.0,0.0,1.0,mean_0.75,9,0.75,0.15,beta,none
City-C,T1,2x,360.0,S0b_StressOracle,cross_regime,M_stress,650,True,1,409.4,409.4,0.0,0.0,1.0,mean_0.75,9,0.75,0.15,beta,none
City-C,T1,2x,360.0,S1_CapRR,routine,M_routine,650,True,1,737.0,615.3,0.0,0.1652,1.0,mean_0.75,9,0.75,0.15,beta,none
City-C,T1,2x,360.0,S1_CapRR,cross_regime,M_stress,650,True,1,737.0,328.3,31.7,0.5546,0.0,mean_0.75,9,0.75,0.15,beta,none
City-C,T1,2x,360.0,S2_Platform,routine,M_routine,650,True,1,460.9,615.3,0.0,0.0,1.0,mean_0.75,9,0.75,0.15,beta,none
City-C,T1,2x,360.0,S2_Platform,cross_regime,M_stress,650,True,1,460.9,328.3,31.7,0.2877,0.0,mean_0.75,9,0.75,0.15,beta,none
City-C,T1,2x,360.0,S3_Lin4,routine,M_routine,650,True,1,465.7,615.3,0.0,0.0,1.0,mean_0.75,9,0.75,0.15,beta,none
City-C,T1,2x,360.0,S3_Lin4,cross_regime,M_stress,650,True,1,465.7,328.3,31.7,0.295,0.0,mean_0.75,9,0.75,0.15,beta,none
City-C,T1,2x,360.0,S4_GlobalCalib,routine,M_routine,650,True,1,548.4,615.3,0.0,0.0,1.0,mean_0.75,9,0.75,0.15,beta,none
City-C,T1,2x,360.0,S4_GlobalCalib,cross_regime,M_stress,650,True,1,548.4,328.3,31.7,0.4013,0.0,mean_0.75,9,0.75,0.15,beta,none
City-C,T1,2x,360.0,S5_CityCalib,routine,M_routine,650,True,1,538.7,615.3,0.0,0.0,1.0,mean_0.75,9,0.75,0.15,beta,none
City-C,T1,2x,360.0,S5_CityCalib,cross_regime,M_stress,650,True,1,538.7,328.3,31.7,0.3906,0.0,mean_0.75,9,0.75,0.15,beta,none
City-C,T1,2x,360.0,S6_Q10,routine,M_routine,650,True,1,394.9,615.3,0.0,0.0,1.0,mean_0.75,9,0.75,0.15,beta,none
City-C,T1,2x,360.0,S6_Q10,cross_regime,M_stress,650,True,1,394.9,328.3,31.7,0.1685,0.0,mean_0.75,9,0.75,0.15,beta,none
City-C,T1,5x,900.0,S0a_RoutineOracle,routine,M_routine,650,True,2,1298.5,1298.5,0.0,0.0,1.0,mean_0.75,9,0.75,0.15,beta,none
City-C,T1,5x,900.0,S0a_RoutineOracle,cross_regime,M_stress,650,True,2,1298.5,737.7,162.3,0.4319,0.0,mean_0.75,9,0.75,0.15,beta,none
City-C,T1,5x,900.0,S0b_StressOracle,routine,M_routine,650,True,3,1158.3,1715.1,0.0,0.0,1.0,mean_0.75,9,0.75,0.15,beta,none
City-C,T1,5x,900.0,S0b_StressOracle,cross_regime,M_stress,650,True,3,1158.3,1158.3,0.0,0.0,1.0,mean_0.75,9,0.75,0.15,beta,none
City-C,T1,5x,900.0,S1_CapRR,routine,M_routine,650,True,2,1439.5,1298.5,0.0,0.098,1.0,mean_0.75,9,0.75,0.15,beta,none
City-C,T1,5x,900.0,S1_CapRR,cross_regime,M_stress,650,True,2,1439.5,737.7,162.3,0.4875,0.0,mean_0.75,9,0.75,0.15,beta,none
City-C,T1,5x,900.0,S2_Platform,routine,M_routine,650,True,2,904.5,1298.5,0.0,0.0,1.0,mean_0.75,9,0.75,0.15,beta,none
City-C,T1,5x,900.0,S2_Platform,cross_regime,M_stress,650,True,2,904.5,737.7,162.3,0.1844,0.0,mean_0.75,9,0.75,0.15,beta,none
City-C,T1,5x,900.0,S3_Lin4,routine,M_routine,650,True,2,911.9,1298.5,0.0,0.0,1.0,mean_0.75,9,0.75,0.15,beta,none
City-C,T1,5x,900.0,S3_Lin4,cross_regime,M_stress,650,True,2,911.9,737.7,162.3,0.191,0.0,mean_0.75,9,0.75,0.15,beta,none
City-C,T1,5x,900.0,S4_GlobalCalib,routine,M_routine,650,True,2,1071.1,1298.5,0.0,0.0,1.0,mean_0.75,9,0.75,0.15,beta,none
City-C,T1,5x,900.0,S4_GlobalCalib,cross_regime,M_stress,650,True,2,1071.1,737.7,162.3,0.3113,0.0,mean_0.75,9,0.75,0.15,beta,none
City-C,T1,5x,900.0,S5_CityCalib,routine,M_routine,650,True,2,1052.4,1298.5,0.0,0.0,1.0,mean_0.75,9,0.75,0.15,beta,none
City-C,T1,5x,900.0,S5_CityCalib,cross_regime,M_stress,650,True,2,1052.4,737.7,162.3,0.299,0.0,mean_0.75,9,0.75,0.15,beta,none
City-C,T1,5x,900.0,S6_Q10,routine,M_routine,650,True,3,1114.9,1807.4,0.0,0.0,1.0,mean_0.75,9,0.75,0.15,beta,none
City-C,T1,5x,900.0,S6_Q10,cross_regime,M_stress,650,True,3,1114.9,1125.1,0.0,0.0,1.0,mean_0.75,9,0.75,0.15,beta,none
City-C,T1,10x,1800.0,S0a_RoutineOracle,routine,M_routine,650,True,3,1825.6,1825.6,0.0,0.0,1.0,mean_0.75,9,0.75,0.15,beta,none
City-C,T1,10x,1800.0,S0a_RoutineOracle,cross_regime,M_stress,650,True,3,1825.6,980.9,819.1,0.4627,0.0,mean_0.75,9,0.75,0.15,beta,none
City-C,T1,10x,1800.0,S0b_StressOracle,routine,M_routine,650,True,6,2033.7,3134.9,0.0,0.0,1.0,mean_0.75,9,0.75,0.15,beta,none
City-C,T1,10x,1800.0,S0b_StressOracle,cross_regime,M_stress,650,True,6,2033.7,2033.7,0.0,0.0,1.0,mean_0.75,9,0.75,0.15,beta,none
City-C,T1,10x,1800.0,S1_CapRR,routine,M_routine,650,True,3,2081.1,1807.4,0.0,0.1315,1.0,mean_0.75,9,0.75,0.15,beta,none
City-C,T1,10x,1800.0,S1_CapRR,cross_regime,M_stress,650,True,3,2081.1,1125.1,674.9,0.4593,0.0,mean_0.75,9,0.75,0.15,beta,none
City-C,T1,10x,1800.0,S2_Platform,routine,M_routine,650,True,5,2117.9,2835.9,0.0,0.0,1.0,mean_0.75,9,0.75,0.15,beta,none
City-C,T1,10x,1800.0,S2_Platform,cross_regime,M_stress,650,True,5,2117.9,1527.9,272.1,0.2786,0.0,mean_0.75,9,0.75,0.15,beta,none
City-C,T1,10x,1800.0,S3_Lin4,routine,M_routine,650,True,5,2194.2,2701.0,0.0,0.0,1.0,mean_0.75,9,0.75,0.15,beta,none
City-C,T1,10x,1800.0,S3_Lin4,cross_regime,M_stress,650,True,5,2194.2,1595.8,204.2,0.2727,0.0,mean_0.75,9,0.75,0.15,beta,none
City-C,T1,10x,1800.0,S4_GlobalCalib,routine,M_routine,650,True,4,1984.4,2294.8,0.0,0.0,1.0,mean_0.75,9,0.75,0.15,beta,none
City-C,T1,10x,1800.0,S4_GlobalCalib,cross_regime,M_stress,650,True,4,1984.4,1310.7,489.3,0.3395,0.0,mean_0.75,9,0.75,0.15,beta,none
City-C,T1,10x,1800.0,S5_CityCalib,routine,M_routine,650,True,4,1950.8,2294.8,0.0,0.0,1.0,mean_0.75,9,0.75,0.15,beta,none
City-C,T1,10x,1800.0,S5_CityCalib,cross_regime,M_stress,650,True,4,1950.8,1310.7,489.3,0.3282,0.0,mean_0.75,9,0.75,0.15,beta,none
City-C,T1,10x,1800.0,S6_Q10,routine,M_routine,650,True,6,2043.1,3315.1,0.0,0.0,1.0,mean_0.75,9,0.75,0.15,beta,none
City-C,T1,10x,1800.0,S6_Q10,cross_regime,M_stress,650,True,6,2043.1,1890.8,0.0,0.0745,1.0,mean_0.75,9,0.75,0.15,beta,none
City-C,T2,1x,260.0,S0a_RoutineOracle,routine,M_routine,650,True,1,622.9,622.9,0.0,0.0,1.0,mean_0.75,9,0.75,0.15,beta,none
City-C,T2,1x,260.0,S0a_RoutineOracle,cross_regime,M_stress,650,True,1,622.9,304.2,0.0,0.5116,1.0,mean_0.75,9,0.75,0.15,beta,none
City-C,T2,1x,260.0,S0b_StressOracle,routine,M_routine,650,True,1,436.1,504.1,0.0,0.0,1.0,mean_0.75,9,0.75,0.15,beta,none
City-C,T2,1x,260.0,S0b_StressOracle,cross_regime,M_stress,650,True,1,436.1,436.1,0.0,0.0,1.0,mean_0.75,9,0.75,0.15,beta,none
City-C,T2,1x,260.0,S1_CapRR,routine,M_routine,650,True,1,737.0,300.1,0.0,0.5929,1.0,mean_0.75,9,0.75,0.15,beta,none
City-C,T2,1x,260.0,S1_CapRR,cross_regime,M_stress,650,True,1,737.0,309.0,0.0,0.5808,1.0,mean_0.75,9,0.75,0.15,beta,none
City-C,T2,1x,260.0,S2_Platform,routine,M_routine,650,True,1,467.3,300.1,0.0,0.3578,1.0,mean_0.75,9,0.75,0.15,beta,none
City-C,T2,1x,260.0,S2_Platform,cross_regime,M_stress,650,True,1,467.3,309.0,0.0,0.3388,1.0,mean_0.75,9,0.75,0.15,beta,none
City-C,T2,1x,260.0,S3_Lin4,routine,M_routine,650,True,1,467.9,300.1,0.0,0.3587,1.0,mean_0.75,9,0.75,0.15,beta,none
City-C,T2,1x,260.0,S3_Lin4,cross_regime,M_stress,650,True,1,467.9,309.0,0.0,0.3397,1.0,mean_0.75,9,0.75,0.15,beta,none
City-C,T2,1x,260.0,S4_GlobalCalib,routine,M_routine,650,True,1,547.9,300.1,0.0,0.4523,1.0,mean_0.75,9,0.75,0.15,beta,none
City-C,T2,1x,260.0,S4_GlobalCalib,cross_regime,M_stress,650,True,1,547.9,309.0,0.0,0.4361,1.0,mean_0.75,9,0.75,0.15,beta,none
City-C,T2,1x,260.0,S5_CityCalib,routine,M_routine,650,True,1,547.3,300.1,0.0,0.4517,1.0,mean_0.75,9,0.75,0.15,beta,none
City-C,T2,1x,260.0,S5_CityCalib,cross_regime,M_stress,650,True,1,547.3,309.0,0.0,0.4355,1.0,mean_0.75,9,0.75,0.15,beta,none
City-C,T2,1x,260.0,S6_Q10,routine,M_routine,650,True,1,394.4,300.1,0.0,0.2391,1.0,mean_0.75,9,0.75,0.15,beta,none
City-C,T2,1x,260.0,S6_Q10,cross_regime,M_stress,650,True,1,394.4,309.0,0.0,0.2166,1.0,mean_0.75,9,0.75,0.15,beta,none
City-C,T2,2x,520.0,S0a_RoutineOracle,routine,M_routine,650,True,1,622.9,622.9,0.0,0.0,1.0,mean_0.75,9,0.75,0.15,beta,none
City-C,T2,2x,520.0,S0a_RoutineOracle,cross_regime,M_stress,650,True,1,622.9,304.2,215.8,0.5116,0.0,mean_0.75,9,0.75,0.15,beta,none
City-C,T2,2x,520.0,S0b_StressOracle,routine,M_routine,650,True,2,791.4,916.4,0.0,0.0,1.0,mean_0.75,9,0.75,0.15,beta,none
City-C,T2,2x,520.0,S0b_StressOracle,cross_regime,M_stress,650,True,2,791.4,791.4,0.0,0.0,1.0,mean_0.75,9,0.75,0.15,beta,none
City-C,T2,2x,520.0,S1_CapRR,routine,M_routine,650,True,1,737.0,300.1,219.9,0.5929,0.0,mean_0.75,9,0.75,0.15,beta,none
City-C,T2,2x,520.0,S1_CapRR,cross_regime,M_stress,650,True,1,737.0,309.0,211.0,0.5808,0.0,mean_0.75,9,0.75,0.15,beta,none
City-C,T2,2x,520.0,S2_Platform,routine,M_routine,650,True,2,902.1,804.2,0.0,0.1085,1.0,mean_0.75,9,0.75,0.15,beta,none
City-C,T2,2x,520.0,S2_Platform,cross_regime,M_stress,650,True,2,902.1,745.1,0.0,0.174,1.0,mean_0.75,9,0.75,0.15,beta,none
City-C,T2,2x,520.0,S3_Lin4,routine,M_routine,650,True,2,916.7,804.2,0.0,0.1228,1.0,mean_0.75,9,0.75,0.15,beta,none
City-C,T2,2x,520.0,S3_Lin4,cross_regime,M_stress,650,True,2,916.7,745.1,0.0,0.1873,1.0,mean_0.75,9,0.75,0.15,beta,none
City-C,T2,2x,520.0,S4_GlobalCalib,routine,M_routine,650,True,1,547.9,300.1,219.9,0.4523,0.0,mean_0.75,9,0.75,0.15,beta,none
City-C,T2,2x,520.0,S4_GlobalCalib,cross_regime,M_stress,650,True,1,547.9,309.0,211.0,0.4361,0.0,mean_0.75,9,0.75,0.15,beta,none
City-C,T2,2x,520.0,S5_CityCalib,routine,M_routine,650,True,1,547.3,300.1,219.9,0.4517,0.0,mean_0.75,9,0.75,0.15,beta,none
City-C,T2,2x,520.0,S5_CityCalib,cross_regime,M_stress,650,True,1,547.3,309.0,211.0,0.4355,0.0,mean_0.75,9,0.75,0.15,beta,none
City-C,T2,2x,520.0,S6_Q10,routine,M_routine,650,True,2,770.3,804.2,0.0,0.0,1.0,mean_0.75,9,0.75,0.15,beta,none
City-C,T2,2x,520.0,S6_Q10,cross_regime,M_stress,650,True,2,770.3,745.1,0.0,0.0328,1.0,mean_0.75,9,0.75,0.15,beta,none
City-C,T2,5x,1300.0,S0a_RoutineOracle,routine,M_routine,650,True,3,1657.4,1657.4,0.0,0.0,1.0,mean_0.75,9,0.75,0.15,beta,none
City-C,T2,5x,1300.0,S0a_RoutineOracle,cross_regime,M_stress,650,True,3,1657.4,983.7,316.3,0.4065,0.0,mean_0.75,9,0.75,0.15,beta,none
City-C,T2,5x,1300.0,S0b_StressOracle,routine,M_routine,650,True,4,1439.2,1709.6,0.0,0.0,1.0,mean_0.75,9,0.75,0.15,beta,none
City-C,T2,5x,1300.0,S0b_StressOracle,cross_regime,M_stress,650,True,4,1439.2,1439.2,0.0,0.0,1.0,mean_0.75,9,0.75,0.15,beta,none
City-C,T2,5x,1300.0,S1_CapRR,routine,M_routine,650,True,2,1439.5,804.2,495.8,0.4413,0.0,mean_0.75,9,0.75,0.15,beta,none
City-C,T2,5x,1300.0,S1_CapRR,cross_regime,M_stress,650,True,2,1439.5,745.1,554.9,0.4824,0.0,mean_0.75,9,0.75,0.15,beta,none
City-C,T2,5x,1300.0,S2_Platform,routine,M_routine,650,True,3,1301.1,1427.1,0.0,0.0,1.0,mean_0.75,9,0.75,0.15,beta,none
City-C,T2,5x,1300.0,S2_Platform,cross_regime,M_stress,650,True,3,1301.1,1049.3,250.7,0.1935,0.0,mean_0.75,9,0.75,0.15,beta,none
City-C,T2,5x,1300.0,S3_Lin4,routine,M_routine,650,True,3,1356.9,1427.1,0.0,0.0,1.0,mean_0.75,9,0.75,0.15,beta,none
City-C,T2,5x,1300.0,S3_Lin4,cross_regime,M_stress,650,True,3,1356.9,1049.3,250.7,0.2267,0.0,mean_0.75,9,0.75,0.15,beta,none
City-C,T2,5x,1300.0,S4_GlobalCalib,routine,M_routine,650,True,3,1547.1,1427.1,0.0,0.0776,1.0,mean_0.75,9,0.75,0.15,beta,none
City-C,T2,5x,1300.0,S4_GlobalCalib,cross_regime,M_stress,650,True,3,1547.1,1049.3,250.7,0.3218,0.0,mean_0.75,9,0.75,0.15,beta,none
City-C,T2,5x,1300.0,S5_CityCalib,routine,M_routine,650,True,3,1545.7,1427.1,0.0,0.0768,1.0,mean_0.75,9,0.75,0.15,beta,none
City-C,T2,5x,1300.0,S5_CityCalib,cross_regime,M_stress,650,True,3,1545.7,1049.3,250.7,0.3212,0.0,mean_0.75,9,0.75,0.15,beta,none
City-C,T2,5x,1300.0,S6_Q10,routine,M_routine,650,True,4,1426.9,1868.4,0.0,0.0,1.0,mean_0.75,9,0.75,0.15,beta,none
City-C,T2,5x,1300.0,S6_Q10,cross_regime,M_stress,650,True,4,1426.9,1355.1,0.0,0.0503,1.0,mean_0.75,9,0.75,0.15,beta,none
City-C,T2,10x,2600.0,S0a_RoutineOracle,routine,M_routine,650,True,5,2621.1,2621.1,0.0,0.0,1.0,mean_0.75,9,0.75,0.15,beta,none
City-C,T2,10x,2600.0,S0a_RoutineOracle,cross_regime,M_stress,650,True,5,2621.1,1541.6,1058.4,0.4118,0.0,mean_0.75,9,0.75,0.15,beta,none
City-C,T2,10x,2600.0,S0b_StressOracle,routine,M_routine,650,True,8,2675.7,3541.9,0.0,0.0,1.0,mean_0.75,9,0.75,0.15,beta,none
City-C,T2,10x,2600.0,S0b_StressOracle,cross_regime,M_stress,650,True,8,2675.7,2675.7,0.0,0.0,1.0,mean_0.75,9,0.75,0.15,beta,none
City-C,T2,10x,2600.0,S1_CapRR,routine,M_routine,650,True,4,2666.6,1868.4,731.6,0.2993,0.0,mean_0.75,9,0.75,0.15,beta,none
City-C,T2,10x,2600.0,S1_CapRR,cross_regime,M_stress,650,True,4,2666.6,1355.1,1244.9,0.4918,0.0,mean_0.75,9,0.75,0.15,beta,none
City-C,T2,10x,2600.0,S2_Platform,routine,M_routine,650,True,7,2815.8,3173.5,0.0,0.0,1.0,mean_0.75,9,0.75,0.15,beta,none
City-C,T2,10x,2600.0,S2_Platform,cross_regime,M_stress,650,True,7,2815.8,2226.0,374.0,0.2095,0.0,mean_0.75,9,0.75,0.15,beta,none
City-C,T2,10x,2600.0,S3_Lin4,routine,M_routine,650,True,6,2605.4,2763.4,0.0,0.0,1.0,mean_0.75,9,0.75,0.15,beta,none
City-C,T2,10x,2600.0,S3_Lin4,cross_regime,M_stress,650,True,6,2605.4,1973.7,626.3,0.2425,0.0,mean_0.75,9,0.75,0.15,beta,none
City-C,T2,10x,2600.0,S4_GlobalCalib,routine,M_routine,650,True,6,2835.8,2603.8,0.0,0.0818,1.0,mean_0.75,9,0.75,0.15,beta,none
City-C,T2,10x,2600.0,S4_GlobalCalib,cross_regime,M_stress,650,True,6,2835.8,1950.2,649.8,0.3123,0.0,mean_0.75,9,0.75,0.15,beta,none
City-C,T2,10x,2600.0,S5_CityCalib,routine,M_routine,650,True,6,2833.5,2603.8,0.0,0.0811,1.0,mean_0.75,9,0.75,0.15,beta,none
City-C,T2,10x,2600.0,S5_CityCalib,cross_regime,M_stress,650,True,6,2833.5,1950.2,649.8,0.3117,0.0,mean_0.75,9,0.75,0.15,beta,none
City-C,T2,10x,2600.0,S6_Q10,routine,M_routine,650,True,8,2633.4,3629.9,0.0,0.0,1.0,mean_0.75,9,0.75,0.15,beta,none
City-C,T2,10x,2600.0,S6_Q10,cross_regime,M_stress,650,True,8,2633.4,2434.0,166.0,0.0757,0.0,mean_0.75,9,0.75,0.15,beta,none
City-C,T3,1x,200.0,S0a_RoutineOracle,routine,M_routine,650,True,1,561.9,561.9,0.0,0.0,1.0,mean_0.75,9,0.75,0.15,beta,none
City-C,T3,1x,200.0,S0a_RoutineOracle,cross_regime,M_stress,650,True,1,561.9,411.0,0.0,0.2685,1.0,mean_0.75,9,0.75,0.15,beta,none
City-C,T3,1x,200.0,S0b_StressOracle,routine,M_routine,650,True,1,411.0,561.9,0.0,0.0,1.0,mean_0.75,9,0.75,0.15,beta,none
City-C,T3,1x,200.0,S0b_StressOracle,cross_regime,M_stress,650,True,1,411.0,411.0,0.0,0.0,1.0,mean_0.75,9,0.75,0.15,beta,none
City-C,T3,1x,200.0,S1_CapRR,routine,M_routine,650,True,1,648.6,561.9,0.0,0.1338,1.0,mean_0.75,9,0.75,0.15,beta,none
City-C,T3,1x,200.0,S1_CapRR,cross_regime,M_stress,650,True,1,648.6,411.0,0.0,0.3664,1.0,mean_0.75,9,0.75,0.15,beta,none
City-C,T3,1x,200.0,S2_Platform,routine,M_routine,650,True,1,456.8,561.9,0.0,0.0,1.0,mean_0.75,9,0.75,0.15,beta,none
City-C,T3,1x,200.0,S2_Platform,cross_regime,M_stress,650,True,1,456.8,411.0,0.0,0.1002,1.0,mean_0.75,9,0.75,0.15,beta,none
City-C,T3,1x,200.0,S3_Lin4,routine,M_routine,650,True,1,451.2,561.9,0.0,0.0,1.0,mean_0.75,9,0.75,0.15,beta,none
City-C,T3,1x,200.0,S3_Lin4,cross_regime,M_stress,650,True,1,451.2,411.0,0.0,0.0892,1.0,mean_0.75,9,0.75,0.15,beta,none
City-C,T3,1x,200.0,S4_GlobalCalib,routine,M_routine,650,True,1,480.6,561.9,0.0,0.0,1.0,mean_0.75,9,0.75,0.15,beta,none
City-C,T3,1x,200.0,S4_GlobalCalib,cross_regime,M_stress,650,True,1,480.6,411.0,0.0,0.1449,1.0,mean_0.75,9,0.75,0.15,beta,none
City-C,T3,1x,200.0,S5_CityCalib,routine,M_routine,650,True,1,481.3,561.9,0.0,0.0,1.0,mean_0.75,9,0.75,0.15,beta,none
City-C,T3,1x,200.0,S5_CityCalib,cross_regime,M_stress,650,True,1,481.3,411.0,0.0,0.1461,1.0,mean_0.75,9,0.75,0.15,beta,none
City-C,T3,1x,200.0,S6_Q10,routine,M_routine,650,True,1,345.1,561.9,0.0,0.0,1.0,mean_0.75,9,0.75,0.15,beta,none
City-C,T3,1x,200.0,S6_Q10,cross_regime,M_stress,650,True,1,345.1,411.0,0.0,0.0,1.0,mean_0.75,9,0.75,0.15,beta,none
City-C,T3,2x,400.0,S0a_RoutineOracle,routine,M_routine,650,True,1,561.9,561.9,0.0,0.0,1.0,mean_0.75,9,0.75,0.15,beta,none
City-C,T3,2x,400.0,S0a_RoutineOracle,cross_regime,M_stress,650,True,1,561.9,411.0,0.0,0.2685,1.0,mean_0.75,9,0.75,0.15,beta,none
City-C,T3,2x,400.0,S0b_StressOracle,routine,M_routine,650,True,1,411.0,561.9,0.0,0.0,1.0,mean_0.75,9,0.75,0.15,beta,none
City-C,T3,2x,400.0,S0b_StressOracle,cross_regime,M_stress,650,True,1,411.0,411.0,0.0,0.0,1.0,mean_0.75,9,0.75,0.15,beta,none
City-C,T3,2x,400.0,S1_CapRR,routine,M_routine,650,True,1,648.6,561.9,0.0,0.1338,1.0,mean_0.75,9,0.75,0.15,beta,none
City-C,T3,2x,400.0,S1_CapRR,cross_regime,M_stress,650,True,1,648.6,411.0,0.0,0.3664,1.0,mean_0.75,9,0.75,0.15,beta,none
City-C,T3,2x,400.0,S2_Platform,routine,M_routine,650,True,1,456.8,561.9,0.0,0.0,1.0,mean_0.75,9,0.75,0.15,beta,none
City-C,T3,2x,400.0,S2_Platform,cross_regime,M_stress,650,True,1,456.8,411.0,0.0,0.1002,1.0,mean_0.75,9,0.75,0.15,beta,none
City-C,T3,2x,400.0,S3_Lin4,routine,M_routine,650,True,1,451.2,561.9,0.0,0.0,1.0,mean_0.75,9,0.75,0.15,beta,none
City-C,T3,2x,400.0,S3_Lin4,cross_regime,M_stress,650,True,1,451.2,411.0,0.0,0.0892,1.0,mean_0.75,9,0.75,0.15,beta,none
City-C,T3,2x,400.0,S4_GlobalCalib,routine,M_routine,650,True,1,480.6,561.9,0.0,0.0,1.0,mean_0.75,9,0.75,0.15,beta,none
City-C,T3,2x,400.0,S4_GlobalCalib,cross_regime,M_stress,650,True,1,480.6,411.0,0.0,0.1449,1.0,mean_0.75,9,0.75,0.15,beta,none
City-C,T3,2x,400.0,S5_CityCalib,routine,M_routine,650,True,1,481.3,561.9,0.0,0.0,1.0,mean_0.75,9,0.75,0.15,beta,none
City-C,T3,2x,400.0,S5_CityCalib,cross_regime,M_stress,650,True,1,481.3,411.0,0.0,0.1461,1.0,mean_0.75,9,0.75,0.15,beta,none
City-C,T3,2x,400.0,S6_Q10,routine,M_routine,650,True,2,674.1,1106.4,0.0,0.0,1.0,mean_0.75,9,0.75,0.15,beta,none
City-C,T3,2x,400.0,S6_Q10,cross_regime,M_stress,650,True,2,674.1,590.1,0.0,0.1246,1.0,mean_0.75,9,0.75,0.15,beta,none
City-C,T3,5x,1000.0,S0a_RoutineOracle,routine,M_routine,650,True,2,1106.4,1106.4,0.0,0.0,1.0,mean_0.75,9,0.75,0.15,beta,none
City-C,T3,5x,1000.0,S0a_RoutineOracle,cross_regime,M_stress,650,True,2,1106.4,590.1,409.9,0.4666,0.0,mean_0.75,9,0.75,0.15,beta,none
City-C,T3,5x,1000.0,S0b_StressOracle,routine,M_routine,650,True,3,1040.1,1341.9,0.0,0.0,1.0,mean_0.75,9,0.75,0.15,beta,none
City-C,T3,5x,1000.0,S0b_StressOracle,cross_regime,M_stress,650,True,3,1040.1,1040.1,0.0,0.0,1.0,mean_0.75,9,0.75,0.15,beta,none
City-C,T3,5x,1000.0,S1_CapRR,routine,M_routine,650,True,2,1266.8,1106.4,0.0,0.1266,1.0,mean_0.75,9,0.75,0.15,beta,none
City-C,T3,5x,1000.0,S1_CapRR,cross_regime,M_stress,650,True,2,1266.8,590.1,409.9,0.5342,0.0,mean_0.75,9,0.75,0.15,beta,none
City-C,T3,5x,1000.0,S2_Platform,routine,M_routine,650,True,3,1285.7,1324.9,0.0,0.0,1.0,mean_0.75,9,0.75,0.15,beta,none
City-C,T3,5x,1000.0,S2_Platform,cross_regime,M_stress,650,True,3,1285.7,786.9,213.1,0.388,0.0,mean_0.75,9,0.75,0.15,beta,none
City-C,T3,5x,1000.0,S3_Lin4,routine,M_routine,650,True,3,1310.6,1521.1,0.0,0.0,1.0,mean_0.75,9,0.75,0.15,beta,none
City-C,T3,5x,1000.0,S3_Lin4,cross_regime,M_stress,650,True,3,1310.6,918.9,81.1,0.2989,0.0,mean_0.75,9,0.75,0.15,beta,none
City-C,T3,5x,1000.0,S4_GlobalCalib,routine,M_routine,650,True,3,1357.3,1521.1,0.0,0.0,1.0,mean_0.75,9,0.75,0.15,beta,none
City-C,T3,5x,1000.0,S4_GlobalCalib,cross_regime,M_stress,650,True,3,1357.3,918.9,81.1,0.323,0.0,mean_0.75,9,0.75,0.15,beta,none
City-C,T3,5x,1000.0,S5_CityCalib,routine,M_routine,650,True,3,1359.2,1521.1,0.0,0.0,1.0,mean_0.75,9,0.75,0.15,beta,none
City-C,T3,5x,1000.0,S5_CityCalib,cross_regime,M_stress,650,True,3,1359.2,918.9,81.1,0.324,0.0,mean_0.75,9,0.75,0.15,beta,none
City-C,T3,5x,1000.0,S6_Q10,routine,M_routine,650,True,4,1248.7,1776.9,0.0,0.0,1.0,mean_0.75,9,0.75,0.15,beta,none
City-C,T3,5x,1000.0,S6_Q10,cross_regime,M_stress,650,True,4,1248.7,1091.5,0.0,0.1259,1.0,mean_0.75,9,0.75,0.15,beta,none
City-C,T3,10x,2000.0,S0a_RoutineOracle,routine,M_routine,650,True,5,2412.7,2412.7,0.0,0.0,1.0,mean_0.75,9,0.75,0.15,beta,none
City-C,T3,10x,2000.0,S0a_RoutineOracle,cross_regime,M_stress,650,True,5,2412.7,1389.1,610.9,0.4243,0.0,mean_0.75,9,0.75,0.15,beta,none
City-C,T3,10x,2000.0,S0b_StressOracle,routine,M_routine,650,True,7,2085.5,2722.7,0.0,0.0,1.0,mean_0.75,9,0.75,0.15,beta,none
City-C,T3,10x,2000.0,S0b_StressOracle,cross_regime,M_stress,650,True,7,2085.5,2085.5,0.0,0.0,1.0,mean_0.75,9,0.75,0.15,beta,none
City-C,T3,10x,2000.0,S1_CapRR,routine,M_routine,650,True,4,2346.7,1776.9,223.1,0.2428,0.0,mean_0.75,9,0.75,0.15,beta,none
City-C,T3,10x,2000.0,S1_CapRR,cross_regime,M_stress,650,True,4,2346.7,1091.5,908.5,0.5349,0.0,mean_0.75,9,0.75,0.15,beta,none
City-C,T3,10x,2000.0,S2_Platform,routine,M_routine,650,True,5,2048.1,2185.0,0.0,0.0,1.0,mean_0.75,9,0.75,0.15,beta,none
City-C,T3,10x,2000.0,S2_Platform,cross_regime,M_stress,650,True,5,2048.1,1377.7,622.3,0.3273,0.0,mean_0.75,9,0.75,0.15,beta,none
City-C,T3,10x,2000.0,S3_Lin4,routine,M_routine,650,True,5,2140.8,2332.7,0.0,0.0,1.0,mean_0.75,9,0.75,0.15,beta,none
City-C,T3,10x,2000.0,S3_Lin4,cross_regime,M_stress,650,True,5,2140.8,1427.3,572.7,0.3333,0.0,mean_0.75,9,0.75,0.15,beta,none
City-C,T3,10x,2000.0,S4_GlobalCalib,routine,M_routine,650,True,5,2117.2,2093.8,0.0,0.0111,1.0,mean_0.75,9,0.75,0.15,beta,none
City-C,T3,10x,2000.0,S4_GlobalCalib,cross_regime,M_stress,650,True,5,2117.2,1259.3,740.7,0.4052,0.0,mean_0.75,9,0.75,0.15,beta,none
City-C,T3,10x,2000.0,S5_CityCalib,routine,M_routine,650,True,5,2120.3,2093.8,0.0,0.0125,1.0,mean_0.75,9,0.75,0.15,beta,none
City-C,T3,10x,2000.0,S5_CityCalib,cross_regime,M_stress,650,True,5,2120.3,1259.3,740.7,0.4061,0.0,mean_0.75,9,0.75,0.15,beta,none
City-C,T3,10x,2000.0,S6_Q10,routine,M_routine,650,True,7,2047.6,2676.0,0.0,0.0,1.0,mean_0.75,9,0.75,0.15,beta,none
City-C,T3,10x,2000.0,S6_Q10,cross_regime,M_stress,650,True,7,2047.6,1708.7,291.3,0.1655,0.0,mean_0.75,9,0.75,0.15,beta,none
City-C,T4,1x,140.0,S0a_RoutineOracle,routine,M_routine,650,True,1,665.6,665.6,0.0,0.0,1.0,mean_0.75,9,0.75,0.15,beta,none
City-C,T4,1x,140.0,S0a_RoutineOracle,cross_regime,M_stress,650,True,1,665.6,397.0,0.0,0.4036,1.0,mean_0.75,9,0.75,0.15,beta,none
City-C,T4,1x,140.0,S0b_StressOracle,routine,M_routine,650,True,1,435.4,609.2,0.0,0.0,1.0,mean_0.75,9,0.75,0.15,beta,none
City-C,T4,1x,140.0,S0b_StressOracle,cross_regime,M_stress,650,True,1,435.4,435.4,0.0,0.0,1.0,mean_0.75,9,0.75,0.15,beta,none
City-C,T4,1x,140.0,S1_CapRR,routine,M_routine,650,True,1,737.0,665.6,0.0,0.097,1.0,mean_0.75,9,0.75,0.15,beta,none
City-C,T4,1x,140.0,S1_CapRR,cross_regime,M_stress,650,True,1,737.0,397.0,0.0,0.4614,1.0,mean_0.75,9,0.75,0.15,beta,none
City-C,T4,1x,140.0,S2_Platform,routine,M_routine,650,True,1,377.7,328.6,0.0,0.1299,1.0,mean_0.75,9,0.75,0.15,beta,none
City-C,T4,1x,140.0,S2_Platform,cross_regime,M_stress,650,True,1,377.7,334.4,0.0,0.1145,1.0,mean_0.75,9,0.75,0.15,beta,none
City-C,T4,1x,140.0,S3_Lin4,routine,M_routine,650,True,1,465.6,665.6,0.0,0.0,1.0,mean_0.75,9,0.75,0.15,beta,none
City-C,T4,1x,140.0,S3_Lin4,cross_regime,M_stress,650,True,1,465.6,397.0,0.0,0.1474,1.0,mean_0.75,9,0.75,0.15,beta,none
City-C,T4,1x,140.0,S4_GlobalCalib,routine,M_routine,650,True,1,544.2,665.6,0.0,0.0,1.0,mean_0.75,9,0.75,0.15,beta,none
City-C,T4,1x,140.0,S4_GlobalCalib,cross_regime,M_stress,650,True,1,544.2,397.0,0.0,0.2705,1.0,mean_0.75,9,0.75,0.15,beta,none
City-C,T4,1x,140.0,S5_CityCalib,routine,M_routine,650,True,1,545.2,665.6,0.0,0.0,1.0,mean_0.75,9,0.75,0.15,beta,none
City-C,T4,1x,140.0,S5_CityCalib,cross_regime,M_stress,650,True,1,545.2,397.0,0.0,0.2719,1.0,mean_0.75,9,0.75,0.15,beta,none
City-C,T4,1x,140.0,S6_Q10,routine,M_routine,650,True,1,393.0,665.6,0.0,0.0,1.0,mean_0.75,9,0.75,0.15,beta,none
City-C,T4,1x,140.0,S6_Q10,cross_regime,M_stress,650,True,1,393.0,397.0,0.0,0.0,1.0,mean_0.75,9,0.75,0.15,beta,none
City-C,T4,2x,280.0,S0a_RoutineOracle,routine,M_routine,650,True,1,665.6,665.6,0.0,0.0,1.0,mean_0.75,9,0.75,0.15,beta,none
City-C,T4,2x,280.0,S0a_RoutineOracle,cross_regime,M_stress,650,True,1,665.6,397.0,0.0,0.4036,1.0,mean_0.75,9,0.75,0.15,beta,none
City-C,T4,2x,280.0,S0b_StressOracle,routine,M_routine,650,True,1,435.4,609.2,0.0,0.0,1.0,mean_0.75,9,0.75,0.15,beta,none
City-C,T4,2x,280.0,S0b_StressOracle,cross_regime,M_stress,650,True,1,435.4,435.4,0.0,0.0,1.0,mean_0.75,9,0.75,0.15,beta,none
City-C,T4,2x,280.0,S1_CapRR,routine,M_routine,650,True,1,737.0,665.6,0.0,0.097,1.0,mean_0.75,9,0.75,0.15,beta,none
City-C,T4,2x,280.0,S1_CapRR,cross_regime,M_stress,650,True,1,737.0,397.0,0.0,0.4614,1.0,mean_0.75,9,0.75,0.15,beta,none
City-C,T4,2x,280.0,S2_Platform,routine,M_routine,650,True,1,377.7,328.6,0.0,0.1299,1.0,mean_0.75,9,0.75,0.15,beta,none
City-C,T4,2x,280.0,S2_Platform,cross_regime,M_stress,650,True,1,377.7,334.4,0.0,0.1145,1.0,mean_0.75,9,0.75,0.15,beta,none
City-C,T4,2x,280.0,S3_Lin4,routine,M_routine,650,True,1,465.6,665.6,0.0,0.0,1.0,mean_0.75,9,0.75,0.15,beta,none
City-C,T4,2x,280.0,S3_Lin4,cross_regime,M_stress,650,True,1,465.6,397.0,0.0,0.1474,1.0,mean_0.75,9,0.75,0.15,beta,none
City-C,T4,2x,280.0,S4_GlobalCalib,routine,M_routine,650,True,1,544.2,665.6,0.0,0.0,1.0,mean_0.75,9,0.75,0.15,beta,none
City-C,T4,2x,280.0,S4_GlobalCalib,cross_regime,M_stress,650,True,1,544.2,397.0,0.0,0.2705,1.0,mean_0.75,9,0.75,0.15,beta,none
City-C,T4,2x,280.0,S5_CityCalib,routine,M_routine,650,True,1,545.2,665.6,0.0,0.0,1.0,mean_0.75,9,0.75,0.15,beta,none
City-C,T4,2x,280.0,S5_CityCalib,cross_regime,M_stress,650,True,1,545.2,397.0,0.0,0.2719,1.0,mean_0.75,9,0.75,0.15,beta,none
City-C,T4,2x,280.0,S6_Q10,routine,M_routine,650,True,1,393.0,665.6,0.0,0.0,1.0,mean_0.75,9,0.75,0.15,beta,none
City-C,T4,2x,280.0,S6_Q10,cross_regime,M_stress,650,True,1,393.0,397.0,0.0,0.0,1.0,mean_0.75,9,0.75,0.15,beta,none
City-C,T4,5x,700.0,S0a_RoutineOracle,routine,M_routine,650,True,2,1274.8,1274.8,0.0,0.0,1.0,mean_0.75,9,0.75,0.15,beta,none
City-C,T4,5x,700.0,S0a_RoutineOracle,cross_regime,M_stress,650,True,2,1274.8,832.4,0.0,0.347,1.0,mean_0.75,9,0.75,0.15,beta,none
City-C,T4,5x,700.0,S0b_StressOracle,routine,M_routine,650,True,2,832.4,1274.8,0.0,0.0,1.0,mean_0.75,9,0.75,0.15,beta,none
City-C,T4,5x,700.0,S0b_StressOracle,cross_regime,M_stress,650,True,2,832.4,832.4,0.0,0.0,1.0,mean_0.75,9,0.75,0.15,beta,none
City-C,T4,5x,700.0,S1_CapRR,routine,M_routine,650,True,1,737.0,665.6,34.4,0.097,0.0,mean_0.75,9,0.75,0.15,beta,none
City-C,T4,5x,700.0,S1_CapRR,cross_regime,M_stress,650,True,1,737.0,397.0,303.0,0.4614,0.0,mean_0.75,9,0.75,0.15,beta,none
City-C,T4,5x,700.0,S2_Platform,routine,M_routine,650,True,2,738.2,937.8,0.0,0.0,1.0,mean_0.75,9,0.75,0.15,beta,none
City-C,T4,5x,700.0,S2_Platform,cross_regime,M_stress,650,True,2,738.2,769.9,0.0,0.0,1.0,mean_0.75,9,0.75,0.15,beta,none
City-C,T4,5x,700.0,S3_Lin4,routine,M_routine,650,True,2,913.4,1274.8,0.0,0.0,1.0,mean_0.75,9,0.75,0.15,beta,none
City-C,T4,5x,700.0,S3_Lin4,cross_regime,M_stress,650,True,2,913.4,832.4,0.0,0.0887,1.0,mean_0.75,9,0.75,0.15,beta,none
City-C,T4,5x,700.0,S4_GlobalCalib,routine,M_routine,650,True,2,1063.0,1274.8,0.0,0.0,1.0,mean_0.75,9,0.75,0.15,beta,none
City-C,T4,5x,700.0,S4_GlobalCalib,cross_regime,M_stress,650,True,2,1063.0,832.4,0.0,0.2169,1.0,mean_0.75,9,0.75,0.15,beta,none
City-C,T4,5x,700.0,S5_CityCalib,routine,M_routine,650,True,2,1065.1,1274.8,0.0,0.0,1.0,mean_0.75,9,0.75,0.15,beta,none
City-C,T4,5x,700.0,S5_CityCalib,cross_regime,M_stress,650,True,2,1065.1,832.4,0.0,0.2184,1.0,mean_0.75,9,0.75,0.15,beta,none
City-C,T4,5x,700.0,S6_Q10,routine,M_routine,650,True,2,767.6,1274.8,0.0,0.0,1.0,mean_0.75,9,0.75,0.15,beta,none
City-C,T4,5x,700.0,S6_Q10,cross_regime,M_stress,650,True,2,767.6,832.4,0.0,0.0,1.0,mean_0.75,9,0.75,0.15,beta,none
City-C,T4,10x,1400.0,S0a_RoutineOracle,routine,M_routine,650,True,3,1804.7,1804.7,0.0,0.0,1.0,mean_0.75,9,0.75,0.15,beta,none
City-C,T4,10x,1400.0,S0a_RoutineOracle,cross_regime,M_stress,650,True,3,1804.7,974.4,425.6,0.4601,0.0,mean_0.75,9,0.75,0.15,beta,none
City-C,T4,10x,1400.0,S0b_StressOracle,routine,M_routine,650,True,4,1509.8,2024.9,0.0,0.0,1.0,mean_0.75,9,0.75,0.15,beta,none
City-C,T4,10x,1400.0,S0b_StressOracle,cross_regime,M_stress,650,True,4,1509.8,1509.8,0.0,0.0,1.0,mean_0.75,9,0.75,0.15,beta,none
City-C,T4,10x,1400.0,S1_CapRR,routine,M_routine,650,True,2,1439.5,1274.8,125.2,0.1144,0.0,mean_0.75,9,0.75,0.15,beta,none
City-C,T4,10x,1400.0,S1_CapRR,cross_regime,M_stress,650,True,2,1439.5,832.4,567.6,0.4218,0.0,mean_0.75,9,0.75,0.15,beta,none
City-C,T4,10x,1400.0,S2_Platform,routine,M_routine,650,True,4,1425.4,1819.8,0.0,0.0,1.0,mean_0.75,9,0.75,0.15,beta,none
City-C,T4,10x,1400.0,S2_Platform,cross_regime,M_stress,650,True,4,1425.4,1246.8,153.2,0.1253,0.0,mean_0.75,9,0.75,0.15,beta,none
City-C,T4,10x,1400.0,S3_Lin4,routine,M_routine,650,True,4,1778.3,2251.0,0.0,0.0,1.0,mean_0.75,9,0.75,0.15,beta,none
City-C,T4,10x,1400.0,S3_Lin4,cross_regime,M_stress,650,True,4,1778.3,1279.1,120.9,0.2807,0.0,mean_0.75,9,0.75,0.15,beta,none
City-C,T4,10x,1400.0,S4_GlobalCalib,routine,M_routine,650,True,3,1537.0,1804.7,0.0,0.0,1.0,mean_0.75,9,0.75,0.15,beta,none
City-C,T4,10x,1400.0,S4_GlobalCalib,cross_regime,M_stress,650,True,3,1537.0,974.4,425.6,0.3661,0.0,mean_0.75,9,0.75,0.15,beta,none
City-C,T4,10x,1400.0,S5_CityCalib,routine,M_routine,650,True,3,1540.0,1804.7,0.0,0.0,1.0,mean_0.75,9,0.75,0.15,beta,none
City-C,T4,10x,1400.0,S5_CityCalib,cross_regime,M_stress,650,True,3,1540.0,974.4,425.6,0.3673,0.0,mean_0.75,9,0.75,0.15,beta,none
City-C,T4,10x,1400.0,S6_Q10,routine,M_routine,650,True,4,1422.0,2262.3,0.0,0.0,1.0,mean_0.75,9,0.75,0.15,beta,none
City-C,T4,10x,1400.0,S6_Q10,cross_regime,M_stress,650,True,4,1422.0,1158.0,242.0,0.1856,0.0,mean_0.75,9,0.75,0.15,beta,none
City-C,T5,1x,160.0,S0a_RoutineOracle,routine,M_routine,650,True,1,527.6,527.6,0.0,0.0,1.0,mean_0.75,9,0.75,0.15,beta,none
City-C,T5,1x,160.0,S0a_RoutineOracle,cross_regime,M_stress,650,True,1,527.6,274.8,0.0,0.4792,1.0,mean_0.75,9,0.75,0.15,beta,none
City-C,T5,1x,160.0,S0b_StressOracle,routine,M_routine,650,True,1,307.5,407.6,0.0,0.0,1.0,mean_0.75,9,0.75,0.15,beta,none
City-C,T5,1x,160.0,S0b_StressOracle,cross_regime,M_stress,650,True,1,307.5,307.5,0.0,0.0,1.0,mean_0.75,9,0.75,0.15,beta,none
City-C,T5,1x,160.0,S1_CapRR,routine,M_routine,650,True,1,648.6,527.6,0.0,0.1867,1.0,mean_0.75,9,0.75,0.15,beta,none
City-C,T5,1x,160.0,S1_CapRR,cross_regime,M_stress,650,True,1,648.6,274.8,0.0,0.5764,1.0,mean_0.75,9,0.75,0.15,beta,none
City-C,T5,1x,160.0,S2_Platform,routine,M_routine,650,True,1,451.5,527.6,0.0,0.0,1.0,mean_0.75,9,0.75,0.15,beta,none
City-C,T5,1x,160.0,S2_Platform,cross_regime,M_stress,650,True,1,451.5,274.8,0.0,0.3915,1.0,mean_0.75,9,0.75,0.15,beta,none
City-C,T5,1x,160.0,S3_Lin4,routine,M_routine,650,True,1,451.9,527.6,0.0,0.0,1.0,mean_0.75,9,0.75,0.15,beta,none
City-C,T5,1x,160.0,S3_Lin4,cross_regime,M_stress,650,True,1,451.9,274.8,0.0,0.3919,1.0,mean_0.75,9,0.75,0.15,beta,none
City-C,T5,1x,160.0,S4_GlobalCalib,routine,M_routine,650,True,1,480.2,527.6,0.0,0.0,1.0,mean_0.75,9,0.75,0.15,beta,none
City-C,T5,1x,160.0,S4_GlobalCalib,cross_regime,M_stress,650,True,1,480.2,274.8,0.0,0.4279,1.0,mean_0.75,9,0.75,0.15,beta,none
City-C,T5,1x,160.0,S5_CityCalib,routine,M_routine,650,True,1,482.1,527.6,0.0,0.0,1.0,mean_0.75,9,0.75,0.15,beta,none
City-C,T5,1x,160.0,S5_CityCalib,cross_regime,M_stress,650,True,1,482.1,274.8,0.0,0.4301,1.0,mean_0.75,9,0.75,0.15,beta,none
City-C,T5,1x,160.0,S6_Q10,routine,M_routine,650,True,1,346.7,527.6,0.0,0.0,1.0,mean_0.75,9,0.75,0.15,beta,none
City-C,T5,1x,160.0,S6_Q10,cross_regime,M_stress,650,True,1,346.7,274.8,0.0,0.2076,1.0,mean_0.75,9,0.75,0.15,beta,none
City-C,T5,2x,320.0,S0a_RoutineOracle,routine,M_routine,650,True,1,527.6,527.6,0.0,0.0,1.0,mean_0.75,9,0.75,0.15,beta,none
City-C,T5,2x,320.0,S0a_RoutineOracle,cross_regime,M_stress,650,True,1,527.6,274.8,45.2,0.4792,0.0,mean_0.75,9,0.75,0.15,beta,none
City-C,T5,2x,320.0,S0b_StressOracle,routine,M_routine,650,True,2,595.7,761.3,0.0,0.0,1.0,mean_0.75,9,0.75,0.15,beta,none
City-C,T5,2x,320.0,S0b_StressOracle,cross_regime,M_stress,650,True,2,595.7,595.7,0.0,0.0,1.0,mean_0.75,9,0.75,0.15,beta,none
City-C,T5,2x,320.0,S1_CapRR,routine,M_routine,650,True,1,648.6,527.6,0.0,0.1867,1.0,mean_0.75,9,0.75,0.15,beta,none
City-C,T5,2x,320.0,S1_CapRR,cross_regime,M_stress,650,True,1,648.6,274.8,45.2,0.5764,0.0,mean_0.75,9,0.75,0.15,beta,none
City-C,T5,2x,320.0,S2_Platform,routine,M_routine,650,True,1,451.5,527.6,0.0,0.0,1.0,mean_0.75,9,0.75,0.15,beta,none
City-C,T5,2x,320.0,S2_Platform,cross_regime,M_stress,650,True,1,451.5,274.8,45.2,0.3915,0.0,mean_0.75,9,0.75,0.15,beta,none
City-C,T5,2x,320.0,S3_Lin4,routine,M_routine,650,True,1,451.9,527.6,0.0,0.0,1.0,mean_0.75,9,0.75,0.15,beta,none
City-C,T5,2x,320.0,S3_Lin4,cross_regime,M_stress,650,True,1,451.9,274.8,45.2,0.3919,0.0,mean_0.75,9,0.75,0.15,beta,none
City-C,T5,2x,320.0,S4_GlobalCalib,routine,M_routine,650,True,1,480.2,527.6,0.0,0.0,1.0,mean_0.75,9,0.75,0.15,beta,none
City-C,T5,2x,320.0,S4_GlobalCalib,cross_regime,M_stress,650,True,1,480.2,274.8,45.2,0.4279,0.0,mean_0.75,9,0.75,0.15,beta,none
City-C,T5,2x,320.0,S5_CityCalib,routine,M_routine,650,True,1,482.1,527.6,0.0,0.0,1.0,mean_0.75,9,0.75,0.15,beta,none
City-C,T5,2x,320.0,S5_CityCalib,cross_regime,M_stress,650,True,1,482.1,274.8,45.2,0.4301,0.0,mean_0.75,9,0.75,0.15,beta,none
City-C,T5,2x,320.0,S6_Q10,routine,M_routine,650,True,1,346.7,527.6,0.0,0.0,1.0,mean_0.75,9,0.75,0.15,beta,none
City-C,T5,2x,320.0,S6_Q10,cross_regime,M_stress,650,True,1,346.7,274.8,45.2,0.2076,0.0,mean_0.75,9,0.75,0.15,beta,none
City-C,T5,5x,800.0,S0a_RoutineOracle,routine,M_routine,650,True,2,1019.0,1019.0,0.0,0.0,1.0,mean_0.75,9,0.75,0.15,beta,none
City-C,T5,5x,800.0,S0a_RoutineOracle,cross_regime,M_stress,650,True,2,1019.0,514.0,286.0,0.4956,0.0,mean_0.75,9,0.75,0.15,beta,none
City-C,T5,5x,800.0,S0b_StressOracle,routine,M_routine,650,True,3,870.4,1288.9,0.0,0.0,1.0,mean_0.75,9,0.75,0.15,beta,none
City-C,T5,5x,800.0,S0b_StressOracle,cross_regime,M_stress,650,True,3,870.4,870.4,0.0,0.0,1.0,mean_0.75,9,0.75,0.15,beta,none
City-C,T5,5x,800.0,S1_CapRR,routine,M_routine,650,True,2,1266.8,842.1,0.0,0.3353,1.0,mean_0.75,9,0.75,0.15,beta,none
City-C,T5,5x,800.0,S1_CapRR,cross_regime,M_stress,650,True,2,1266.8,530.6,269.4,0.5811,0.0,mean_0.75,9,0.75,0.15,beta,none
City-C,T5,5x,800.0,S2_Platform,routine,M_routine,650,True,2,882.9,968.8,0.0,0.0,1.0,mean_0.75,9,0.75,0.15,beta,none
City-C,T5,5x,800.0,S2_Platform,cross_regime,M_stress,650,True,2,882.9,502.7,297.3,0.4307,0.0,mean_0.75,9,0.75,0.15,beta,none
City-C,T5,5x,800.0,S3_Lin4,routine,M_routine,650,True,2,884.6,842.1,0.0,0.0481,1.0,mean_0.75,9,0.75,0.15,beta,none
City-C,T5,5x,800.0,S3_Lin4,cross_regime,M_stress,650,True,2,884.6,530.6,269.4,0.4002,0.0,mean_0.75,9,0.75,0.15,beta,none
City-C,T5,5x,800.0,S4_GlobalCalib,routine,M_routine,650,True,2,938.0,842.1,0.0,0.1022,1.0,mean_0.75,9,0.75,0.15,beta,none
City-C,T5,5x,800.0,S4_GlobalCalib,cross_regime,M_stress,650,True,2,938.0,530.6,269.4,0.4343,0.0,mean_0.75,9,0.75,0.15,beta,none
City-C,T5,5x,800.0,S5_CityCalib,routine,M_routine,650,True,2,941.6,842.1,0.0,0.1057,1.0,mean_0.75,9,0.75,0.15,beta,none
City-C,T5,5x,800.0,S5_CityCalib,cross_regime,M_stress,650,True,2,941.6,530.6,269.4,0.4365,0.0,mean_0.75,9,0.75,0.15,beta,none
City-C,T5,5x,800.0,S6_Q10,routine,M_routine,650,True,3,979.0,1333.6,0.0,0.0,1.0,mean_0.75,9,0.75,0.15,beta,none
City-C,T5,5x,800.0,S6_Q10,cross_regime,M_stress,650,True,3,979.0,769.9,30.1,0.2136,0.0,mean_0.75,9,0.75,0.15,beta,none
City-C,T5,10x,1600.0,S0a_RoutineOracle,routine,M_routine,650,True,4,1894.9,1894.9,0.0,0.0,1.0,mean_0.75,9,0.75,0.15,beta,none
City-C,T5,10x,1600.0,S0a_RoutineOracle,cross_regime,M_stress,650,True,4,1894.9,1016.2,583.8,0.4637,0.0,mean_0.75,9,0.75,0.15,beta,none
City-C,T5,10x,1600.0,S0b_StressOracle,routine,M_routine,650,True,6,1688.0,2252.5,0.0,0.0,1.0,mean_0.75,9,0.75,0.15,beta,none
City-C,T5,10x,1600.0,S0b_StressOracle,cross_regime,M_stress,650,True,6,1688.0,1688.0,0.0,0.0,1.0,mean_0.75,9,0.75,0.15,beta,none
City-C,T5,10x,1600.0,S1_CapRR,routine,M_routine,650,True,3,1831.4,1333.6,266.4,0.2718,0.0,mean_0.75,9,0.75,0.15,beta,none
City-C,T5,10x,1600.0,S1_CapRR,cross_regime,M_stress,650,True,3,1831.4,769.9,830.1,0.5796,0.0,mean_0.75,9,0.75,0.15,beta,none
City-C,T5,10x,1600.0,S2_Platform,routine,M_routine,650,True,4,1670.1,1662.2,0.0,0.0047,1.0,mean_0.75,9,0.75,0.15,beta,none
City-C,T5,10x,1600.0,S2_Platform,cross_regime,M_stress,650,True,4,1670.1,925.4,674.6,0.4459,0.0,mean_0.75,9,0.75,0.15,beta,none
City-C,T5,10x,1600.0,S3_Lin4,routine,M_routine,650,True,4,1732.1,1686.9,0.0,0.0261,1.0,mean_0.75,9,0.75,0.15,beta,none
City-C,T5,10x,1600.0,S3_Lin4,cross_regime,M_stress,650,True,4,1732.1,968.4,631.6,0.4409,0.0,mean_0.75,9,0.75,0.15,beta,none
City-C,T5,10x,1600.0,S4_GlobalCalib,routine,M_routine,650,True,4,1738.0,1741.2,0.0,0.0,1.0,mean_0.75,9,0.75,0.15,beta,none
City-C,T5,10x,1600.0,S4_GlobalCalib,cross_regime,M_stress,650,True,4,1738.0,934.8,665.2,0.4622,0.0,mean_0.75,9,0.75,0.15,beta,none
City-C,T5,10x,1600.0,S5_CityCalib,routine,M_routine,650,True,4,1744.8,1741.2,0.0,0.0021,1.0,mean_0.75,9,0.75,0.15,beta,none
City-C,T5,10x,1600.0,S5_CityCalib,cross_regime,M_stress,650,True,4,1744.8,934.8,665.2,0.4642,0.0,mean_0.75,9,0.75,0.15,beta,none
City-C,T5,10x,1600.0,S6_Q10,routine,M_routine,650,True,6,1794.1,2590.0,0.0,0.0,1.0,mean_0.75,9,0.75,0.15,beta,none
City-C,T5,10x,1600.0,S6_Q10,cross_regime,M_stress,650,True,6,1794.1,1470.2,129.8,0.1805,0.0,mean_0.75,9,0.75,0.15,beta,none
