city,task_id,p_req_level,p_req,strategy,regime,eval_outcome,pool_size,pool_feasible,n_selected,p_commit,p_deliv,shortfall,ocr,success,config_name,seed_id,xi_mean,xi_std,xi_dist,xi_persistence
City-A,T1,1x,180.0,S0a_RoutineOracle,routine,M_routine,800,True,1,628.6,628.6,0.0,0.0,1.0,dist_logitnorm,1,0.67,0.15,logitnorm,none
City-A,T1,1x,180.0,S0a_RoutineOracle,cross_regime,M_stress,800,True,1,628.6,348.9,0.0,0.445,1.0,dist_logitnorm,1,0.67,0.15,logitnorm,none
City-A,T1,1x,180.0,S0b_StressOracle,routine,M_routine,800,True,1,358.8,418.3,0.0,0.0,1.0,dist_logitnorm,1,0.67,0.15,logitnorm,none
City-A,T1,1x,180.0,S0b_StressOracle,cross_regime,M_stress,800,True,1,358.8,358.8,0.0,0.0,1.0,dist_logitnorm,1,0.67,0.15,logitnorm,none
City-A,T1,1x,180.0,S1_CapRR,routine,M_routine,800,True,1,678.2,628.6,0.0,0.073,1.0,dist_logitnorm,1,0.67,0.15,logitnorm,none
City-A,T1,1x,180.0,S1_CapRR,cross_regime,M_stress,800,True,1,678.2,348.9,0.0,0.4855,1.0,dist_logitnorm,1,0.67,0.15,logitnorm,none
City-A,T1,1x,180.0,S2_Platform,routine,M_routine,800,True,1,421.1,628.6,0.0,0.0,1.0,dist_logitnorm,1,0.67,0.15,logitnorm,none
City-A,T1,1x,180.0,S2_Platform,cross_regime,M_stress,800,True,1,421.1,348.9,0.0,0.1714,1.0,dist_logitnorm,1,0.67,0.15,logitnorm,none
City-A,T1,1x,180.0,S3_Lin4,routine,M_routine,800,True,1,485.0,628.6,0.0,0.0,1.0,dist_logitnorm,1,0.67,0.15,logitnorm,none
City-A,T1,1x,180.0,S3_Lin4,cross_regime,M_stress,800,True,1,485.0,348.9,0.0,0.2806,1.0,dist_logitnorm,1,0.67,0.15,logitnorm,none
City-A,T1,1x,180.0,S4_GlobalCalib,routine,M_routine,800,True,1,449.1,628.6,0.0,0.0,1.0,dist_logitnorm,1,0.67,0.15,logitnorm,none
City-A,T1,1x,180.0,S4_GlobalCalib,cross_regime,M_stress,800,True,1,449.1,348.9,0.0,0.2231,1.0,dist_logitnorm,1,0.67,0.15,logitnorm,none
City-A,T1,1x,180.0,S5_CityCalib,routine,M_routine,800,True,1,444.4,628.6,0.0,0.0,1.0,dist_logitnorm,1,0.67,0.15,logitnorm,none
City-A,T1,1x,180.0,S5_CityCalib,cross_regime,M_stress,800,True,1,444.4,348.9,0.0,0.2149,1.0,dist_logitnorm,1,0.67,0.15,logitnorm,none
City-A,T1,1x,180.0,S6_Q10,routine,M_routine,800,True,1,310.6,628.6,0.0,0.0,1.0,dist_logitnorm,1,0.67,0.15,logitnorm,none
City-A,T1,1x,180.0,S6_Q10,cross_regime,M_stress,800,True,1,310.6,348.9,0.0,0.0,1.0,dist_logitnorm,1,0.67,0.15,logitnorm,none
City-A,T1,2x,360.0,S0a_RoutineOracle,routine,M_routine,800,True,1,628.6,628.6,0.0,0.0,1.0,dist_logitnorm,1,0.67,0.15,logitnorm,none
City-A,T1,2x,360.0,S0a_RoutineOracle,cross_regime,M_stress,800,True,1,628.6,348.9,11.1,0.445,0.0,dist_logitnorm,1,0.67,0.15,logitnorm,none
City-A,T1,2x,360.0,S0b_StressOracle,routine,M_routine,800,True,2,707.7,1047.0,0.0,0.0,1.0,dist_logitnorm,1,0.67,0.15,logitnorm,none
City-A,T1,2x,360.0,S0b_StressOracle,cross_regime,M_stress,800,True,2,707.7,707.7,0.0,0.0,1.0,dist_logitnorm,1,0.67,0.15,logitnorm,none
City-A,T1,2x,360.0,S1_CapRR,routine,M_routine,800,True,1,678.2,628.6,0.0,0.073,1.0,dist_logitnorm,1,0.67,0.15,logitnorm,none
City-A,T1,2x,360.0,S1_CapRR,cross_regime,M_stress,800,True,1,678.2,348.9,11.1,0.4855,0.0,dist_logitnorm,1,0.67,0.15,logitnorm,none
City-A,T1,2x,360.0,S2_Platform,routine,M_routine,800,True,1,421.1,628.6,0.0,0.0,1.0,dist_logitnorm,1,0.67,0.15,logitnorm,none
City-A,T1,2x,360.0,S2_Platform,cross_regime,M_stress,800,True,1,421.1,348.9,11.1,0.1714,0.0,dist_logitnorm,1,0.67,0.15,logitnorm,none
City-A,T1,2x,360.0,S3_Lin4,routine,M_routine,800,True,1,485.0,628.6,0.0,0.0,1.0,dist_logitnorm,1,0.67,0.15,logitnorm,none
City-A,T1,2x,360.0,S3_Lin4,cross_regime,M_stress,800,True,1,485.0,348.9,11.1,0.2806,0.0,dist_logitnorm,1,0.67,0.15,logitnorm,none
City-A,T1,2x,360.0,S4_GlobalCalib,routine,M_routine,800,True,1,449.1,628.6,0.0,0.0,1.0,dist_logitnorm,1,0.67,0.15,logitnorm,none
City-A,T1,2x,360.0,S4_GlobalCalib,cross_regime,M_stress,800,True,1,449.1,348.9,11.1,0.2231,0.0,dist_logitnorm,1,0.67,0.15,logitnorm,none
City-A,T1,2x,360.0,S5_CityCalib,routine,M_routine,800,True,1,444.4,628.6,0.0,0.0,1.0,dist_logitnorm,1,0.67,0.15,logitnorm,none
City-A,T1,2x,360.0,S5_CityCalib,cross_regime,M_stress,800,True,1,444.4,348.9,11.1,0.2149,0.0,dist_logitnorm,1,0.67,0.15,logitnorm,none
City-A,T1,2x,360.0,S6_Q10,routine,M_routine,800,True,2,592.3,1047.0,0.0,0.0,1.0,dist_logitnorm,1,0.67,0.15,logitnorm,none
City-A,T1,2x,360.0,S6_Q10,cross_regime,M_stress,800,True,2,592.3,707.7,0.0,0.0,1.0,dist_logitnorm,1,0.67,0.15,logitnorm,none
City-A,T1,5x,900.0,S0a_RoutineOracle,routine,M_routine,800,True,2,1161.4,1161.4,0.0,0.0,1.0,dist_logitnorm,1,0.67,0.15,logitnorm,none
City-A,T1,5x,900.0,S0a_RoutineOracle,cross_regime,M_stress,800,True,2,1161.4,545.4,354.6,0.5304,0.0,dist_logitnorm,1,0.67,0.15,logitnorm,none
City-A,T1,5x,900.0,S0b_StressOracle,routine,M_routine,800,True,3,1011.9,1315.3,0.0,0.0,1.0,dist_logitnorm,1,0.67,0.15,logitnorm,none
City-A,T1,5x,900.0,S0b_StressOracle,cross_regime,M_stress,800,True,3,1011.9,1011.9,0.0,0.0,1.0,dist_logitnorm,1,0.67,0.15,logitnorm,none
City-A,T1,5x,900.0,S1_CapRR,routine,M_routine,800,True,2,1293.4,1047.0,0.0,0.1905,1.0,dist_logitnorm,1,0.67,0.15,logitnorm,none
City-A,T1,5x,900.0,S1_CapRR,cross_regime,M_stress,800,True,2,1293.4,707.7,192.3,0.4528,0.0,dist_logitnorm,1,0.67,0.15,logitnorm,none
City-A,T1,5x,900.0,S2_Platform,routine,M_routine,800,True,3,1202.1,1413.2,0.0,0.0,1.0,dist_logitnorm,1,0.67,0.15,logitnorm,none
City-A,T1,5x,900.0,S2_Platform,cross_regime,M_stress,800,True,3,1202.1,933.1,0.0,0.2238,1.0,dist_logitnorm,1,0.67,0.15,logitnorm,none
City-A,T1,5x,900.0,S3_Lin4,routine,M_routine,800,True,3,1244.0,1310.5,0.0,0.0,1.0,dist_logitnorm,1,0.67,0.15,logitnorm,none
City-A,T1,5x,900.0,S3_Lin4,cross_regime,M_stress,800,True,3,1244.0,824.0,76.0,0.3376,0.0,dist_logitnorm,1,0.67,0.15,logitnorm,none
City-A,T1,5x,900.0,S4_GlobalCalib,routine,M_routine,800,True,3,1251.8,1579.7,0.0,0.0,1.0,dist_logitnorm,1,0.67,0.15,logitnorm,none
City-A,T1,5x,900.0,S4_GlobalCalib,cross_regime,M_stress,800,True,3,1251.8,904.2,0.0,0.2777,1.0,dist_logitnorm,1,0.67,0.15,logitnorm,none
City-A,T1,5x,900.0,S5_CityCalib,routine,M_routine,800,True,3,1238.8,1579.7,0.0,0.0,1.0,dist_logitnorm,1,0.67,0.15,logitnorm,none
City-A,T1,5x,900.0,S5_CityCalib,cross_regime,M_stress,800,True,3,1238.8,904.2,0.0,0.2701,1.0,dist_logitnorm,1,0.67,0.15,logitnorm,none
City-A,T1,5x,900.0,S6_Q10,routine,M_routine,800,True,4,1132.1,1994.1,0.0,0.0,1.0,dist_logitnorm,1,0.67,0.15,logitnorm,none
City-A,T1,5x,900.0,S6_Q10,cross_regime,M_stress,800,True,4,1132.1,1134.9,0.0,0.0,1.0,dist_logitnorm,1,0.67,0.15,logitnorm,none
City-A,T1,10x,1800.0,S0a_RoutineOracle,routine,M_routine,800,True,4,1995.1,1995.1,0.0,0.0,1.0,dist_logitnorm,1,0.67,0.15,logitnorm,none
City-A,T1,10x,1800.0,S0a_RoutineOracle,cross_regime,M_stress,800,True,4,1995.1,957.4,842.6,0.5202,0.0,dist_logitnorm,1,0.67,0.15,logitnorm,none
City-A,T1,10x,1800.0,S0b_StressOracle,routine,M_routine,800,True,6,1818.6,2065.9,0.0,0.0,1.0,dist_logitnorm,1,0.67,0.15,logitnorm,none
City-A,T1,10x,1800.0,S0b_StressOracle,cross_regime,M_stress,800,True,6,1818.6,1818.6,0.0,0.0,1.0,dist_logitnorm,1,0.67,0.15,logitnorm,none
City-A,T1,10x,1800.0,S1_CapRR,routine,M_routine,800,True,3,1889.7,1579.7,220.3,0.164,0.0,dist_logitnorm,1,0.67,0.15,logitnorm,none
City-A,T1,10x,1800.0,S1_CapRR,cross_regime,M_stress,800,True,3,1889.7,904.2,895.8,0.5215,0.0,dist_logitnorm,1,0.67,0.15,logitnorm,none
City-A,T1,10x,1800.0,S2_Platform,routine,M_routine,800,True,5,1914.5,1975.6,0.0,0.0,1.0,dist_logitnorm,1,0.67,0.15,logitnorm,none
City-A,T1,10x,1800.0,S2_Platform,cross_regime,M_stress,800,True,5,1914.5,1393.4,406.6,0.2722,0.0,dist_logitnorm,1,0.67,0.15,logitnorm,none
City-A,T1,10x,1800.0,S3_Lin4,routine,M_routine,800,True,5,1958.5,2143.2,0.0,0.0,1.0,dist_logitnorm,1,0.67,0.15,logitnorm,none
City-A,T1,10x,1800.0,S3_Lin4,cross_regime,M_stress,800,True,5,1958.5,1413.5,386.5,0.2783,0.0,dist_logitnorm,1,0.67,0.15,logitnorm,none
City-A,T1,10x,1800.0,S4_GlobalCalib,routine,M_routine,800,True,5,2012.2,2262.4,0.0,0.0,1.0,dist_logitnorm,1,0.67,0.15,logitnorm,none
City-A,T1,10x,1800.0,S4_GlobalCalib,cross_regime,M_stress,800,True,5,2012.2,1439.2,360.8,0.2848,0.0,dist_logitnorm,1,0.67,0.15,logitnorm,none
City-A,T1,10x,1800.0,S5_CityCalib,routine,M_routine,800,True,5,1991.6,2262.4,0.0,0.0,1.0,dist_logitnorm,1,0.67,0.15,logitnorm,none
City-A,T1,10x,1800.0,S5_CityCalib,cross_regime,M_stress,800,True,5,1991.6,1439.2,360.8,0.2774,0.0,dist_logitnorm,1,0.67,0.15,logitnorm,none
City-A,T1,10x,1800.0,S6_Q10,routine,M_routine,800,True,7,1872.1,2777.8,0.0,0.0,1.0,dist_logitnorm,1,0.67,0.15,logitnorm,none
City-A,T1,10x,1800.0,S6_Q10,cross_regime,M_stress,800,True,7,1872.1,1943.1,0.0,0.0,1.0,dist_logitnorm,1,0.67,0.15,logitnorm,none
City-A,T2,1x,260.0,S0a_RoutineOracle,routine,M_routine,800,True,1,471.0,471.0,0.0,0.0,1.0,dist_logitnorm,1,0.67,0.15,logitnorm,none
City-A,T2,1x,260.0,S0a_RoutineOracle,cross_regime,M_stress,800,True,1,471.0,266.7,0.0,0.4339,1.0,dist_logitnorm,1,0.67,0.15,logitnorm,none
City-A,T2,1x,260.0,S0b_StressOracle,routine,M_routine,800,True,1,355.9,385.0,0.0,0.0,1.0,dist_logitnorm,1,0.67,0.15,logitnorm,none
City-A,T2,1x,260.0,S0b_StressOracle,cross_regime,M_stress,800,True,1,355.9,355.9,0.0,0.0,1.0,dist_logitnorm,1,0.67,0.15,logitnorm,none
City-A,T2,1x,260.0,S1_CapRR,routine,M_routine,800,True,1,678.2,468.6,0.0,0.309,1.0,dist_logitnorm,1,0.67,0.15,logitnorm,none
City-A,T2,1x,260.0,S1_CapRR,cross_regime,M_stress,800,True,1,678.2,338.5,0.0,0.5009,1.0,dist_logitnorm,1,0.67,0.15,logitnorm,none
City-A,T2,1x,260.0,S2_Platform,routine,M_routine,800,True,1,441.1,468.6,0.0,0.0,1.0,dist_logitnorm,1,0.67,0.15,logitnorm,none
City-A,T2,1x,260.0,S2_Platform,cross_regime,M_stress,800,True,1,441.1,338.5,0.0,0.2327,1.0,dist_logitnorm,1,0.67,0.15,logitnorm,none
City-A,T2,1x,260.0,S3_Lin4,routine,M_routine,800,True,1,487.7,468.6,0.0,0.0391,1.0,dist_logitnorm,1,0.67,0.15,logitnorm,none
City-A,T2,1x,260.0,S3_Lin4,cross_regime,M_stress,800,True,1,487.7,338.5,0.0,0.3059,1.0,dist_logitnorm,1,0.67,0.15,logitnorm,none
City-A,T2,1x,260.0,S4_GlobalCalib,routine,M_routine,800,True,1,452.8,468.6,0.0,0.0,1.0,dist_logitnorm,1,0.67,0.15,logitnorm,none
City-A,T2,1x,260.0,S4_GlobalCalib,cross_regime,M_stress,800,True,1,452.8,338.5,0.0,0.2525,1.0,dist_logitnorm,1,0.67,0.15,logitnorm,none
City-A,T2,1x,260.0,S5_CityCalib,routine,M_routine,800,True,1,450.7,468.6,0.0,0.0,1.0,dist_logitnorm,1,0.67,0.15,logitnorm,none
City-A,T2,1x,260.0,S5_CityCalib,cross_regime,M_stress,800,True,1,450.7,338.5,0.0,0.2491,1.0,dist_logitnorm,1,0.67,0.15,logitnorm,none
City-A,T2,1x,260.0,S6_Q10,routine,M_routine,800,True,1,310.6,468.6,0.0,0.0,1.0,dist_logitnorm,1,0.67,0.15,logitnorm,none
City-A,T2,1x,260.0,S6_Q10,cross_regime,M_stress,800,True,1,310.6,338.5,0.0,0.0,1.0,dist_logitnorm,1,0.67,0.15,logitnorm,none
City-A,T2,2x,520.0,S0a_RoutineOracle,routine,M_routine,800,True,2,939.6,939.6,0.0,0.0,1.0,dist_logitnorm,1,0.67,0.15,logitnorm,none
City-A,T2,2x,520.0,S0a_RoutineOracle,cross_regime,M_stress,800,True,2,939.6,605.1,0.0,0.356,1.0,dist_logitnorm,1,0.67,0.15,logitnorm,none
City-A,T2,2x,520.0,S0b_StressOracle,routine,M_routine,800,True,2,694.4,853.6,0.0,0.0,1.0,dist_logitnorm,1,0.67,0.15,logitnorm,none
City-A,T2,2x,520.0,S0b_StressOracle,cross_regime,M_stress,800,True,2,694.4,694.4,0.0,0.0,1.0,dist_logitnorm,1,0.67,0.15,logitnorm,none
City-A,T2,2x,520.0,S1_CapRR,routine,M_routine,800,True,1,678.2,468.6,51.4,0.309,0.0,dist_logitnorm,1,0.67,0.15,logitnorm,none
City-A,T2,2x,520.0,S1_CapRR,cross_regime,M_stress,800,True,1,678.2,338.5,181.5,0.5009,0.0,dist_logitnorm,1,0.67,0.15,logitnorm,none
City-A,T2,2x,520.0,S2_Platform,routine,M_routine,800,True,2,849.9,853.6,0.0,0.0,1.0,dist_logitnorm,1,0.67,0.15,logitnorm,none
City-A,T2,2x,520.0,S2_Platform,cross_regime,M_stress,800,True,2,849.9,694.4,0.0,0.183,1.0,dist_logitnorm,1,0.67,0.15,logitnorm,none
City-A,T2,2x,520.0,S3_Lin4,routine,M_routine,800,True,2,871.4,803.9,0.0,0.0776,1.0,dist_logitnorm,1,0.67,0.15,logitnorm,none
City-A,T2,2x,520.0,S3_Lin4,cross_regime,M_stress,800,True,2,871.4,659.9,0.0,0.2427,1.0,dist_logitnorm,1,0.67,0.15,logitnorm,none
City-A,T2,2x,520.0,S4_GlobalCalib,routine,M_routine,800,True,2,863.5,853.6,0.0,0.0114,1.0,dist_logitnorm,1,0.67,0.15,logitnorm,none
City-A,T2,2x,520.0,S4_GlobalCalib,cross_regime,M_stress,800,True,2,863.5,694.4,0.0,0.1958,1.0,dist_logitnorm,1,0.67,0.15,logitnorm,none
City-A,T2,2x,520.0,S5_CityCalib,routine,M_routine,800,True,2,859.6,853.6,0.0,0.0069,1.0,dist_logitnorm,1,0.67,0.15,logitnorm,none
City-A,T2,2x,520.0,S5_CityCalib,cross_regime,M_stress,800,True,2,859.6,694.4,0.0,0.1921,1.0,dist_logitnorm,1,0.67,0.15,logitnorm,none
City-A,T2,2x,520.0,S6_Q10,routine,M_routine,800,True,2,592.4,853.6,0.0,0.0,1.0,dist_logitnorm,1,0.67,0.15,logitnorm,none
City-A,T2,2x,520.0,S6_Q10,cross_regime,M_stress,800,True,2,592.4,694.4,0.0,0.0,1.0,dist_logitnorm,1,0.67,0.15,logitnorm,none
City-A,T2,5x,1300.0,S0a_RoutineOracle,routine,M_routine,800,True,3,1348.3,1348.3,0.0,0.0,1.0,dist_logitnorm,1,0.67,0.15,logitnorm,none
City-A,T2,5x,1300.0,S0a_RoutineOracle,cross_regime,M_stress,800,True,3,1348.3,889.9,410.1,0.34,0.0,dist_logitnorm,1,0.67,0.15,logitnorm,none
City-A,T2,5x,1300.0,S0b_StressOracle,routine,M_routine,800,True,4,1311.4,1461.2,0.0,0.0,1.0,dist_logitnorm,1,0.67,0.15,logitnorm,none
City-A,T2,5x,1300.0,S0b_StressOracle,cross_regime,M_stress,800,True,4,1311.4,1311.4,0.0,0.0,1.0,dist_logitnorm,1,0.67,0.15,logitnorm,none
City-A,T2,5x,1300.0,S1_CapRR,routine,M_routine,800,True,3,1889.7,1188.9,111.1,0.3708,0.0,dist_logitnorm,1,0.67,0.15,logitnorm,none
City-A,T2,5x,1300.0,S1_CapRR,cross_regime,M_stress,800,True,3,1889.7,1015.9,284.1,0.4624,0.0,dist_logitnorm,1,0.67,0.15,logitnorm,none
City-A,T2,5x,1300.0,S2_Platform,routine,M_routine,800,True,4,1596.5,1519.2,0.0,0.0484,1.0,dist_logitnorm,1,0.67,0.15,logitnorm,none
City-A,T2,5x,1300.0,S2_Platform,cross_regime,M_stress,800,True,4,1596.5,1142.5,157.5,0.2844,0.0,dist_logitnorm,1,0.67,0.15,logitnorm,none
City-A,T2,5x,1300.0,S3_Lin4,routine,M_routine,800,True,4,1608.9,1461.2,0.0,0.0918,1.0,dist_logitnorm,1,0.67,0.15,logitnorm,none
City-A,T2,5x,1300.0,S3_Lin4,cross_regime,M_stress,800,True,4,1608.9,1311.4,0.0,0.1849,1.0,dist_logitnorm,1,0.67,0.15,logitnorm,none
City-A,T2,5x,1300.0,S4_GlobalCalib,routine,M_routine,800,True,4,1650.4,1659.9,0.0,0.0,1.0,dist_logitnorm,1,0.67,0.15,logitnorm,none
City-A,T2,5x,1300.0,S4_GlobalCalib,cross_regime,M_stress,800,True,4,1650.4,1282.5,17.5,0.2229,0.0,dist_logitnorm,1,0.67,0.15,logitnorm,none
City-A,T2,5x,1300.0,S5_CityCalib,routine,M_routine,800,True,4,1642.9,1659.9,0.0,0.0,1.0,dist_logitnorm,1,0.67,0.15,logitnorm,none
City-A,T2,5x,1300.0,S5_CityCalib,cross_regime,M_stress,800,True,4,1642.9,1282.5,17.5,0.2193,0.0,dist_logitnorm,1,0.67,0.15,logitnorm,none
City-A,T2,5x,1300.0,S6_Q10,routine,M_routine,800,True,5,1391.3,2068.6,0.0,0.0,1.0,dist_logitnorm,1,0.67,0.15,logitnorm,none
City-A,T2,5x,1300.0,S6_Q10,cross_regime,M_stress,800,True,5,1391.3,1567.3,0.0,0.0,1.0,dist_logitnorm,1,0.67,0.15,logitnorm,none
City-A,T2,10x,2600.0,S0a_RoutineOracle,routine,M_routine,800,True,7,2877.2,2877.2,0.0,0.0,1.0,dist_logitnorm,1,0.67,0.15,logitnorm,none
City-A,T2,10x,2600.0,S0a_RoutineOracle,cross_regime,M_stress,800,True,7,2877.2,1745.0,855.0,0.3935,0.0,dist_logitnorm,1,0.67,0.15,logitnorm,none
City-A,T2,10x,2600.0,S0b_StressOracle,routine,M_routine,800,True,9,2621.3,2969.7,0.0,0.0,1.0,dist_logitnorm,1,0.67,0.15,logitnorm,none
City-A,T2,10x,2600.0,S0b_StressOracle,cross_regime,M_stress,800,True,9,2621.3,2621.3,0.0,0.0,1.0,dist_logitnorm,1,0.67,0.15,logitnorm,none
City-A,T2,10x,2600.0,S1_CapRR,routine,M_routine,800,True,5,3037.3,2068.6,531.4,0.3189,0.0,dist_logitnorm,1,0.67,0.15,logitnorm,none
City-A,T2,10x,2600.0,S1_CapRR,cross_regime,M_stress,800,True,5,3037.3,1567.3,1032.7,0.484,0.0,dist_logitnorm,1,0.67,0.15,logitnorm,none
City-A,T2,10x,2600.0,S2_Platform,routine,M_routine,800,True,7,2630.1,2562.8,37.2,0.0256,0.0,dist_logitnorm,1,0.67,0.15,logitnorm,none
City-A,T2,10x,2600.0,S2_Platform,cross_regime,M_stress,800,True,7,2630.1,1763.8,836.2,0.3294,0.0,dist_logitnorm,1,0.67,0.15,logitnorm,none
City-A,T2,10x,2600.0,S3_Lin4,routine,M_routine,800,True,7,2661.6,2487.5,112.5,0.0654,0.0,dist_logitnorm,1,0.67,0.15,logitnorm,none
City-A,T2,10x,2600.0,S3_Lin4,cross_regime,M_stress,800,True,7,2661.6,2126.8,473.2,0.2009,0.0,dist_logitnorm,1,0.67,0.15,logitnorm,none
City-A,T2,10x,2600.0,S4_GlobalCalib,routine,M_routine,800,True,7,2729.0,2597.8,2.2,0.0481,0.0,dist_logitnorm,1,0.67,0.15,logitnorm,none
City-A,T2,10x,2600.0,S4_GlobalCalib,cross_regime,M_stress,800,True,7,2729.0,2026.2,573.8,0.2576,0.0,dist_logitnorm,1,0.67,0.15,logitnorm,none
City-A,T2,10x,2600.0,S5_CityCalib,routine,M_routine,800,True,7,2716.7,2597.8,2.2,0.0438,0.0,dist_logitnorm,1,0.67,0.15,logitnorm,none
City-A,T2,10x,2600.0,S5_CityCalib,cross_regime,M_stress,800,True,7,2716.7,2026.2,573.8,0.2542,0.0,dist_logitnorm,1,0.67,0.15,logitnorm,none
City-A,T2,10x,2600.0,S6_Q10,routine,M_routine,800,True,11,2803.5,3908.3,0.0,0.0,1.0,dist_logitnorm,1,0.67,0.15,logitnorm,none
City-A,T2,10x,2600.0,S6_Q10,cross_regime,M_stress,800,True,11,2803.5,2898.1,0.0,0.0,1.0,dist_logitnorm,1,0.67,0.15,logitnorm,none
City-A,T3,1x,200.0,S0a_RoutineOracle,routine,M_routine,800,True,1,426.3,426.3,0.0,0.0,1.0,dist_logitnorm,1,0.67,0.15,logitnorm,none
City-A,T3,1x,200.0,S0a_RoutineOracle,cross_regime,M_stress,800,True,1,426.3,126.6,73.4,0.7031,0.0,dist_logitnorm,1,0.67,0.15,logitnorm,none
City-A,T3,1x,200.0,S0b_StressOracle,routine,M_routine,800,True,1,322.9,402.2,0.0,0.0,1.0,dist_logitnorm,1,0.67,0.15,logitnorm,none
City-A,T3,1x,200.0,S0b_StressOracle,cross_regime,M_stress,800,True,1,322.9,322.9,0.0,0.0,1.0,dist_logitnorm,1,0.67,0.15,logitnorm,none
City-A,T3,1x,200.0,S1_CapRR,routine,M_routine,800,True,1,596.8,402.2,0.0,0.3261,1.0,dist_logitnorm,1,0.67,0.15,logitnorm,none
City-A,T3,1x,200.0,S1_CapRR,cross_regime,M_stress,800,True,1,596.8,322.9,0.0,0.459,1.0,dist_logitnorm,1,0.67,0.15,logitnorm,none
City-A,T3,1x,200.0,S2_Platform,routine,M_routine,800,True,1,470.7,402.2,0.0,0.1455,1.0,dist_logitnorm,1,0.67,0.15,logitnorm,none
City-A,T3,1x,200.0,S2_Platform,cross_regime,M_stress,800,True,1,470.7,322.9,0.0,0.314,1.0,dist_logitnorm,1,0.67,0.15,logitnorm,none
City-A,T3,1x,200.0,S3_Lin4,routine,M_routine,800,True,1,484.4,402.2,0.0,0.1697,1.0,dist_logitnorm,1,0.67,0.15,logitnorm,none
City-A,T3,1x,200.0,S3_Lin4,cross_regime,M_stress,800,True,1,484.4,322.9,0.0,0.3335,1.0,dist_logitnorm,1,0.67,0.15,logitnorm,none
City-A,T3,1x,200.0,S4_GlobalCalib,routine,M_routine,800,True,1,396.7,402.2,0.0,0.0,1.0,dist_logitnorm,1,0.67,0.15,logitnorm,none
City-A,T3,1x,200.0,S4_GlobalCalib,cross_regime,M_stress,800,True,1,396.7,322.9,0.0,0.1861,1.0,dist_logitnorm,1,0.67,0.15,logitnorm,none
City-A,T3,1x,200.0,S5_CityCalib,routine,M_routine,800,True,1,391.2,402.2,0.0,0.0,1.0,dist_logitnorm,1,0.67,0.15,logitnorm,none
City-A,T3,1x,200.0,S5_CityCalib,cross_regime,M_stress,800,True,1,391.2,322.9,0.0,0.1748,1.0,dist_logitnorm,1,0.67,0.15,logitnorm,none
City-A,T3,1x,200.0,S6_Q10,routine,M_routine,800,True,1,272.6,402.2,0.0,0.0,1.0,dist_logitnorm,1,0.67,0.15,logitnorm,none
City-A,T3,1x,200.0,S6_Q10,cross_regime,M_stress,800,True,1,272.6,322.9,0.0,0.0,1.0,dist_logitnorm,1,0.67,0.15,logitnorm,none
City-A,T3,2x,400.0,S0a_RoutineOracle,routine,M_routine,800,True,1,426.3,426.3,0.0,0.0,1.0,dist_logitnorm,1,0.67,0.15,logitnorm,none
City-A,T3,2x,400.0,S0a_RoutineOracle,cross_regime,M_stress,800,True,1,426.3,126.6,273.4,0.7031,0.0,dist_logitnorm,1,0.67,0.15,logitnorm,none
City-A,T3,2x,400.0,S0b_StressOracle,routine,M_routine,800,True,2,638.0,725.2,0.0,0.0,1.0,dist_logitnorm,1,0.67,0.15,logitnorm,none
City-A,T3,2x,400.0,S0b_StressOracle,cross_regime,M_stress,800,True,2,638.0,638.0,0.0,0.0,1.0,dist_logitnorm,1,0.67,0.15,logitnorm,none
City-A,T3,2x,400.0,S1_CapRR,routine,M_routine,800,True,1,596.8,402.2,0.0,0.3261,1.0,dist_logitnorm,1,0.67,0.15,logitnorm,none
City-A,T3,2x,400.0,S1_CapRR,cross_regime,M_stress,800,True,1,596.8,322.9,77.1,0.459,0.0,dist_logitnorm,1,0.67,0.15,logitnorm,none
City-A,T3,2x,400.0,S2_Platform,routine,M_routine,800,True,1,470.7,402.2,0.0,0.1455,1.0,dist_logitnorm,1,0.67,0.15,logitnorm,none
City-A,T3,2x,400.0,S2_Platform,cross_regime,M_stress,800,True,1,470.7,322.9,77.1,0.314,0.0,dist_logitnorm,1,0.67,0.15,logitnorm,none
City-A,T3,2x,400.0,S3_Lin4,routine,M_routine,800,True,1,484.4,402.2,0.0,0.1697,1.0,dist_logitnorm,1,0.67,0.15,logitnorm,none
City-A,T3,2x,400.0,S3_Lin4,cross_regime,M_stress,800,True,1,484.4,322.9,77.1,0.3335,0.0,dist_logitnorm,1,0.67,0.15,logitnorm,none
City-A,T3,2x,400.0,S4_GlobalCalib,routine,M_routine,800,True,2,756.5,749.0,0.0,0.0099,1.0,dist_logitnorm,1,0.67,0.15,logitnorm,none
City-A,T3,2x,400.0,S4_GlobalCalib,cross_regime,M_stress,800,True,2,756.5,625.3,0.0,0.1734,1.0,dist_logitnorm,1,0.67,0.15,logitnorm,none
City-A,T3,2x,400.0,S5_CityCalib,routine,M_routine,800,True,2,746.3,749.0,0.0,0.0,1.0,dist_logitnorm,1,0.67,0.15,logitnorm,none
City-A,T3,2x,400.0,S5_CityCalib,cross_regime,M_stress,800,True,2,746.3,625.3,0.0,0.1621,1.0,dist_logitnorm,1,0.67,0.15,logitnorm,none
City-A,T3,2x,400.0,S6_Q10,routine,M_routine,800,True,2,519.9,749.0,0.0,0.0,1.0,dist_logitnorm,1,0.67,0.15,logitnorm,none
City-A,T3,2x,400.0,S6_Q10,cross_regime,M_stress,800,True,2,519.9,625.3,0.0,0.0,1.0,dist_logitnorm,1,0.67,0.15,logitnorm,none
City-A,T3,5x,1000.0,S0a_RoutineOracle,routine,M_routine,800,True,3,1251.3,1251.3,0.0,0.0,1.0,dist_logitnorm,1,0.67,0.15,logitnorm,none
City-A,T3,5x,1000.0,S0a_RoutineOracle,cross_regime,M_stress,800,True,3,1251.3,530.9,469.1,0.5757,0.0,dist_logitnorm,1,0.67,0.15,logitnorm,none
City-A,T3,5x,1000.0,S0b_StressOracle,routine,M_routine,800,True,4,1181.5,1443.3,0.0,0.0,1.0,dist_logitnorm,1,0.67,0.15,logitnorm,none
City-A,T3,5x,1000.0,S0b_StressOracle,cross_regime,M_stress,800,True,4,1181.5,1181.5,0.0,0.0,1.0,dist_logitnorm,1,0.67,0.15,logitnorm,none
City-A,T3,5x,1000.0,S1_CapRR,routine,M_routine,800,True,2,1138.1,749.0,251.0,0.3419,0.0,dist_logitnorm,1,0.67,0.15,logitnorm,none
City-A,T3,5x,1000.0,S1_CapRR,cross_regime,M_stress,800,True,2,1138.1,625.3,374.7,0.4506,0.0,dist_logitnorm,1,0.67,0.15,logitnorm,none
City-A,T3,5x,1000.0,S2_Platform,routine,M_routine,800,True,3,1264.8,1055.1,0.0,0.1658,1.0,dist_logitnorm,1,0.67,0.15,logitnorm,none
City-A,T3,5x,1000.0,S2_Platform,cross_regime,M_stress,800,True,3,1264.8,814.3,185.7,0.3562,0.0,dist_logitnorm,1,0.67,0.15,logitnorm,none
City-A,T3,5x,1000.0,S3_Lin4,routine,M_routine,800,True,3,1230.0,991.2,8.8,0.1942,0.0,dist_logitnorm,1,0.67,0.15,logitnorm,none
City-A,T3,5x,1000.0,S3_Lin4,cross_regime,M_stress,800,True,3,1230.0,792.5,207.5,0.3557,0.0,dist_logitnorm,1,0.67,0.15,logitnorm,none
City-A,T3,5x,1000.0,S4_GlobalCalib,routine,M_routine,800,True,3,1105.3,1072.0,0.0,0.0301,1.0,dist_logitnorm,1,0.67,0.15,logitnorm,none
City-A,T3,5x,1000.0,S4_GlobalCalib,cross_regime,M_stress,800,True,3,1105.3,940.4,59.6,0.1492,0.0,dist_logitnorm,1,0.67,0.15,logitnorm,none
City-A,T3,5x,1000.0,S5_CityCalib,routine,M_routine,800,True,3,1090.4,1072.0,0.0,0.0169,1.0,dist_logitnorm,1,0.67,0.15,logitnorm,none
City-A,T3,5x,1000.0,S5_CityCalib,cross_regime,M_stress,800,True,3,1090.4,940.4,59.6,0.1376,0.0,dist_logitnorm,1,0.67,0.15,logitnorm,none
City-A,T3,5x,1000.0,S6_Q10,routine,M_routine,800,True,5,1221.0,1828.2,0.0,0.0,1.0,dist_logitnorm,1,0.67,0.15,logitnorm,none
City-A,T3,5x,1000.0,S6_Q10,cross_regime,M_stress,800,True,5,1221.0,1243.3,0.0,0.0,1.0,dist_logitnorm,1,0.67,0.15,logitnorm,none
City-A,T3,10x,2000.0,S0a_RoutineOracle,routine,M_routine,800,True,5,2024.7,2024.7,0.0,0.0,1.0,dist_logitnorm,1,0.67,0.15,logitnorm,none
City-A,T3,10x,2000.0,S0a_RoutineOracle,cross_regime,M_stress,800,True,5,2024.7,1094.8,905.2,0.4593,0.0,dist_logitnorm,1,0.67,0.15,logitnorm,none
City-A,T3,10x,2000.0,S0b_StressOracle,routine,M_routine,800,True,8,2060.7,2761.6,0.0,0.0,1.0,dist_logitnorm,1,0.67,0.15,logitnorm,none
City-A,T3,10x,2000.0,S0b_StressOracle,cross_regime,M_stress,800,True,8,2060.7,2060.7,0.0,0.0,1.0,dist_logitnorm,1,0.67,0.15,logitnorm,none
City-A,T3,10x,2000.0,S1_CapRR,routine,M_routine,800,True,4,2175.3,1498.3,501.7,0.3112,0.0,dist_logitnorm,1,0.67,0.15,logitnorm,none
City-A,T3,10x,2000.0,S1_CapRR,cross_regime,M_stress,800,True,4,2175.3,1067.0,933.0,0.5095,0.0,dist_logitnorm,1,0.67,0.15,logitnorm,none
City-A,T3,10x,2000.0,S2_Platform,routine,M_routine,800,True,6,2357.9,2108.3,0.0,0.1058,1.0,dist_logitnorm,1,0.67,0.15,logitnorm,none
City-A,T3,10x,2000.0,S2_Platform,cross_regime,M_stress,800,True,6,2357.9,1413.1,586.9,0.4007,0.0,dist_logitnorm,1,0.67,0.15,logitnorm,none
City-A,T3,10x,2000.0,S3_Lin4,routine,M_routine,800,True,6,2262.2,2094.2,0.0,0.0743,1.0,dist_logitnorm,1,0.67,0.15,logitnorm,none
City-A,T3,10x,2000.0,S3_Lin4,cross_regime,M_stress,800,True,6,2262.2,1397.8,602.2,0.3821,0.0,dist_logitnorm,1,0.67,0.15,logitnorm,none
City-A,T3,10x,2000.0,S4_GlobalCalib,routine,M_routine,800,True,6,2086.1,2094.2,0.0,0.0,1.0,dist_logitnorm,1,0.67,0.15,logitnorm,none
City-A,T3,10x,2000.0,S4_GlobalCalib,cross_regime,M_stress,800,True,6,2086.1,1397.8,602.2,0.3299,0.0,dist_logitnorm,1,0.67,0.15,logitnorm,none
City-A,T3,10x,2000.0,S5_CityCalib,routine,M_routine,800,True,6,2058.5,2094.2,0.0,0.0,1.0,dist_logitnorm,1,0.67,0.15,logitnorm,none
City-A,T3,10x,2000.0,S5_CityCalib,cross_regime,M_stress,800,True,6,2058.5,1397.8,602.2,0.321,0.0,dist_logitnorm,1,0.67,0.15,logitnorm,none
City-A,T3,10x,2000.0,S6_Q10,routine,M_routine,800,True,9,2055.6,3290.4,0.0,0.0,1.0,dist_logitnorm,1,0.67,0.15,logitnorm,none
City-A,T3,10x,2000.0,S6_Q10,cross_regime,M_stress,800,True,9,2055.6,2043.2,0.0,0.0061,1.0,dist_logitnorm,1,0.67,0.15,logitnorm,none
City-A,T4,1x,140.0,S0a_RoutineOracle,routine,M_routine,800,True,1,439.4,439.4,0.0,0.0,1.0,dist_logitnorm,1,0.67,0.15,logitnorm,none
City-A,T4,1x,140.0,S0a_RoutineOracle,cross_regime,M_stress,800,True,1,439.4,180.2,0.0,0.59,1.0,dist_logitnorm,1,0.67,0.15,logitnorm,none
City-A,T4,1x,140.0,S0b_StressOracle,routine,M_routine,800,True,1,289.0,365.6,0.0,0.0,1.0,dist_logitnorm,1,0.67,0.15,logitnorm,none
City-A,T4,1x,140.0,S0b_StressOracle,cross_regime,M_stress,800,True,1,289.0,289.0,0.0,0.0,1.0,dist_logitnorm,1,0.67,0.15,logitnorm,none
City-A,T4,1x,140.0,S1_CapRR,routine,M_routine,800,True,1,678.2,377.5,0.0,0.4433,1.0,dist_logitnorm,1,0.67,0.15,logitnorm,none
City-A,T4,1x,140.0,S1_CapRR,cross_regime,M_stress,800,True,1,678.2,223.7,0.0,0.6702,1.0,dist_logitnorm,1,0.67,0.15,logitnorm,none
City-A,T4,1x,140.0,S2_Platform,routine,M_routine,800,True,1,299.2,294.0,0.0,0.0175,1.0,dist_logitnorm,1,0.67,0.15,logitnorm,none
City-A,T4,1x,140.0,S2_Platform,cross_regime,M_stress,800,True,1,299.2,223.8,0.0,0.2519,1.0,dist_logitnorm,1,0.67,0.15,logitnorm,none
City-A,T4,1x,140.0,S3_Lin4,routine,M_routine,800,True,1,486.7,377.5,0.0,0.2243,1.0,dist_logitnorm,1,0.67,0.15,logitnorm,none
City-A,T4,1x,140.0,S3_Lin4,cross_regime,M_stress,800,True,1,486.7,223.7,0.0,0.5404,1.0,dist_logitnorm,1,0.67,0.15,logitnorm,none
City-A,T4,1x,140.0,S4_GlobalCalib,routine,M_routine,800,True,1,450.4,377.5,0.0,0.1619,1.0,dist_logitnorm,1,0.67,0.15,logitnorm,none
City-A,T4,1x,140.0,S4_GlobalCalib,cross_regime,M_stress,800,True,1,450.4,223.7,0.0,0.5034,1.0,dist_logitnorm,1,0.67,0.15,logitnorm,none
City-A,T4,1x,140.0,S5_CityCalib,routine,M_routine,800,True,1,447.5,377.5,0.0,0.1563,1.0,dist_logitnorm,1,0.67,0.15,logitnorm,none
City-A,T4,1x,140.0,S5_CityCalib,cross_regime,M_stress,800,True,1,447.5,223.7,0.0,0.5001,1.0,dist_logitnorm,1,0.67,0.15,logitnorm,none
City-A,T4,1x,140.0,S6_Q10,routine,M_routine,800,True,1,313.3,377.5,0.0,0.0,1.0,dist_logitnorm,1,0.67,0.15,logitnorm,none
City-A,T4,1x,140.0,S6_Q10,cross_regime,M_stress,800,True,1,313.3,223.7,0.0,0.286,1.0,dist_logitnorm,1,0.67,0.15,logitnorm,none
City-A,T4,2x,280.0,S0a_RoutineOracle,routine,M_routine,800,True,1,439.4,439.4,0.0,0.0,1.0,dist_logitnorm,1,0.67,0.15,logitnorm,none
City-A,T4,2x,280.0,S0a_RoutineOracle,cross_regime,M_stress,800,True,1,439.4,180.2,99.8,0.59,0.0,dist_logitnorm,1,0.67,0.15,logitnorm,none
City-A,T4,2x,280.0,S0b_StressOracle,routine,M_routine,800,True,1,289.0,365.6,0.0,0.0,1.0,dist_logitnorm,1,0.67,0.15,logitnorm,none
City-A,T4,2x,280.0,S0b_StressOracle,cross_regime,M_stress,800,True,1,289.0,289.0,0.0,0.0,1.0,dist_logitnorm,1,0.67,0.15,logitnorm,none
City-A,T4,2x,280.0,S1_CapRR,routine,M_routine,800,True,1,678.2,377.5,0.0,0.4433,1.0,dist_logitnorm,1,0.67,0.15,logitnorm,none
City-A,T4,2x,280.0,S1_CapRR,cross_regime,M_stress,800,True,1,678.2,223.7,56.3,0.6702,0.0,dist_logitnorm,1,0.67,0.15,logitnorm,none
City-A,T4,2x,280.0,S2_Platform,routine,M_routine,800,True,1,299.2,294.0,0.0,0.0175,1.0,dist_logitnorm,1,0.67,0.15,logitnorm,none
City-A,T4,2x,280.0,S2_Platform,cross_regime,M_stress,800,True,1,299.2,223.8,56.2,0.2519,0.0,dist_logitnorm,1,0.67,0.15,logitnorm,none
City-A,T4,2x,280.0,S3_Lin4,routine,M_routine,800,True,1,486.7,377.5,0.0,0.2243,1.0,dist_logitnorm,1,0.67,0.15,logitnorm,none
City-A,T4,2x,280.0,S3_Lin4,cross_regime,M_stress,800,True,1,486.7,223.7,56.3,0.5404,0.0,dist_logitnorm,1,0.67,0.15,logitnorm,none
City-A,T4,2x,280.0,S4_GlobalCalib,routine,M_routine,800,True,1,450.4,377.5,0.0,0.1619,1.0,dist_logitnorm,1,0.67,0.15,logitnorm,none
City-A,T4,2x,280.0,S4_GlobalCalib,cross_regime,M_stress,800,True,1,450.4,223.7,56.3,0.5034,0.0,dist_logitnorm,1,0.67,0.15,logitnorm,none
City-A,T4,2x,280.0,S5_CityCalib,routine,M_routine,800,True,1,447.5,377.5,0.0,0.1563,1.0,dist_logitnorm,1,0.67,0.15,logitnorm,none
City-A,T4,2x,280.0,S5_CityCalib,cross_regime,M_stress,800,True,1,447.5,223.7,56.3,0.5001,0.0,dist_logitnorm,1,0.67,0.15,logitnorm,none
City-A,T4,2x,280.0,S6_Q10,routine,M_routine,800,True,1,313.3,377.5,0.0,0.0,1.0,dist_logitnorm,1,0.67,0.15,logitnorm,none
City-A,T4,2x,280.0,S6_Q10,cross_regime,M_stress,800,True,1,313.3,223.7,56.3,0.286,0.0,dist_logitnorm,1,0.67,0.15,logitnorm,none
City-A,T4,5x,700.0,S0a_RoutineOracle,routine,M_routine,800,True,2,874.1,874.1,0.0,0.0,1.0,dist_logitnorm,1,0.67,0.15,logitnorm,none
City-A,T4,5x,700.0,S0a_RoutineOracle,cross_regime,M_stress,800,True,2,874.1,387.6,312.4,0.5566,0.0,dist_logitnorm,1,0.67,0.15,logitnorm,none
City-A,T4,5x,700.0,S0b_StressOracle,routine,M_routine,800,True,3,853.8,1069.1,0.0,0.0,1.0,dist_logitnorm,1,0.67,0.15,logitnorm,none
City-A,T4,5x,700.0,S0b_StressOracle,cross_regime,M_stress,800,True,3,853.8,853.8,0.0,0.0,1.0,dist_logitnorm,1,0.67,0.15,logitnorm,none
City-A,T4,5x,700.0,S1_CapRR,routine,M_routine,800,True,2,1293.4,671.5,28.5,0.4808,0.0,dist_logitnorm,1,0.67,0.15,logitnorm,none
City-A,T4,5x,700.0,S1_CapRR,cross_regime,M_stress,800,True,2,1293.4,447.5,252.5,0.654,0.0,dist_logitnorm,1,0.67,0.15,logitnorm,none
City-A,T4,5x,700.0,S2_Platform,routine,M_routine,800,True,3,870.0,890.0,0.0,0.0,1.0,dist_logitnorm,1,0.67,0.15,logitnorm,none
City-A,T4,5x,700.0,S2_Platform,cross_regime,M_stress,800,True,3,870.0,656.5,43.5,0.2454,0.0,dist_logitnorm,1,0.67,0.15,logitnorm,none
City-A,T4,5x,700.0,S3_Lin4,routine,M_routine,800,True,2,870.2,669.3,30.7,0.2309,0.0,dist_logitnorm,1,0.67,0.15,logitnorm,none
City-A,T4,5x,700.0,S3_Lin4,cross_regime,M_stress,800,True,2,870.2,504.5,195.5,0.4202,0.0,dist_logitnorm,1,0.67,0.15,logitnorm,none
City-A,T4,5x,700.0,S4_GlobalCalib,routine,M_routine,800,True,2,859.1,671.5,28.5,0.2183,0.0,dist_logitnorm,1,0.67,0.15,logitnorm,none
City-A,T4,5x,700.0,S4_GlobalCalib,cross_regime,M_stress,800,True,2,859.1,447.5,252.5,0.4791,0.0,dist_logitnorm,1,0.67,0.15,logitnorm,none
City-A,T4,5x,700.0,S5_CityCalib,routine,M_routine,800,True,2,853.5,671.5,28.5,0.2132,0.0,dist_logitnorm,1,0.67,0.15,logitnorm,none
City-A,T4,5x,700.0,S5_CityCalib,cross_regime,M_stress,800,True,2,853.5,447.5,252.5,0.4756,0.0,dist_logitnorm,1,0.67,0.15,logitnorm,none
City-A,T4,5x,700.0,S6_Q10,routine,M_routine,800,True,3,872.9,963.2,0.0,0.0,1.0,dist_logitnorm,1,0.67,0.15,logitnorm,none
City-A,T4,5x,700.0,S6_Q10,cross_regime,M_stress,800,True,3,872.9,728.4,0.0,0.1656,1.0,dist_logitnorm,1,0.67,0.15,logitnorm,none
City-A,T4,10x,1400.0,S0a_RoutineOracle,routine,M_routine,800,True,4,1710.0,1710.0,0.0,0.0,1.0,dist_logitnorm,1,0.67,0.15,logitnorm,none
City-A,T4,10x,1400.0,S0a_RoutineOracle,cross_regime,M_stress,800,True,4,1710.0,823.0,577.0,0.5187,0.0,dist_logitnorm,1,0.67,0.15,logitnorm,none
City-A,T4,10x,1400.0,S0b_StressOracle,routine,M_routine,800,True,6,1610.5,2042.3,0.0,0.0,1.0,dist_logitnorm,1,0.67,0.15,logitnorm,none
City-A,T4,10x,1400.0,S0b_StressOracle,cross_regime,M_stress,800,True,6,1610.5,1610.5,0.0,0.0,1.0,dist_logitnorm,1,0.67,0.15,logitnorm,none
City-A,T4,10x,1400.0,S1_CapRR,routine,M_routine,800,True,3,1889.7,963.2,436.8,0.4903,0.0,dist_logitnorm,1,0.67,0.15,logitnorm,none
City-A,T4,10x,1400.0,S1_CapRR,cross_regime,M_stress,800,True,3,1889.7,728.4,671.6,0.6146,0.0,dist_logitnorm,1,0.67,0.15,logitnorm,none
City-A,T4,10x,1400.0,S2_Platform,routine,M_routine,800,True,5,1424.2,1515.1,0.0,0.0,1.0,dist_logitnorm,1,0.67,0.15,logitnorm,none
City-A,T4,10x,1400.0,S2_Platform,cross_regime,M_stress,800,True,5,1424.2,1076.9,323.1,0.2438,0.0,dist_logitnorm,1,0.67,0.15,logitnorm,none
City-A,T4,10x,1400.0,S3_Lin4,routine,M_routine,800,True,4,1607.2,1282.7,117.3,0.2019,0.0,dist_logitnorm,1,0.67,0.15,logitnorm,none
City-A,T4,10x,1400.0,S3_Lin4,cross_regime,M_stress,800,True,4,1607.2,933.6,466.4,0.4191,0.0,dist_logitnorm,1,0.67,0.15,logitnorm,none
City-A,T4,10x,1400.0,S4_GlobalCalib,routine,M_routine,800,True,4,1642.1,1304.7,95.3,0.2055,0.0,dist_logitnorm,1,0.67,0.15,logitnorm,none
City-A,T4,10x,1400.0,S4_GlobalCalib,cross_regime,M_stress,800,True,4,1642.1,980.2,419.8,0.4031,0.0,dist_logitnorm,1,0.67,0.15,logitnorm,none
City-A,T4,10x,1400.0,S5_CityCalib,routine,M_routine,800,True,4,1631.4,1304.7,95.3,0.2003,0.0,dist_logitnorm,1,0.67,0.15,logitnorm,none
City-A,T4,10x,1400.0,S5_CityCalib,cross_regime,M_stress,800,True,4,1631.4,980.2,419.8,0.3992,0.0,dist_logitnorm,1,0.67,0.15,logitnorm,none
City-A,T4,10x,1400.0,S6_Q10,routine,M_routine,800,True,5,1403.1,1739.3,0.0,0.0,1.0,dist_logitnorm,1,0.67,0.15,logitnorm,none
City-A,T4,10x,1400.0,S6_Q10,cross_regime,M_stress,800,True,5,1403.1,1187.6,212.4,0.1536,0.0,dist_logitnorm,1,0.67,0.15,logitnorm,none
City-A,T5,1x,160.0,S0a_RoutineOracle,routine,M_routine,800,True,1,496.3,496.3,0.0,0.0,1.0,dist_logitnorm,1,0.67,0.15,logitnorm,none
City-A,T5,1x,160.0,S0a_RoutineOracle,cross_regime,M_stress,800,True,1,496.3,274.7,0.0,0.4465,1.0,dist_logitnorm,1,0.67,0.15,logitnorm,none
City-A,T5,1x,160.0,S0b_StressOracle,routine,M_routine,800,True,1,291.2,291.2,0.0,0.0,1.0,dist_logitnorm,1,0.67,0.15,logitnorm,none
City-A,T5,1x,160.0,S0b_StressOracle,cross_regime,M_stress,800,True,1,291.2,291.2,0.0,0.0,1.0,dist_logitnorm,1,0.67,0.15,logitnorm,none
City-A,T5,1x,160.0,S1_CapRR,routine,M_routine,800,True,1,596.8,496.3,0.0,0.1683,1.0,dist_logitnorm,1,0.67,0.15,logitnorm,none
City-A,T5,1x,160.0,S1_CapRR,cross_regime,M_stress,800,True,1,596.8,274.7,0.0,0.5397,1.0,dist_logitnorm,1,0.67,0.15,logitnorm,none
City-A,T5,1x,160.0,S2_Platform,routine,M_routine,800,True,1,485.5,496.3,0.0,0.0,1.0,dist_logitnorm,1,0.67,0.15,logitnorm,none
City-A,T5,1x,160.0,S2_Platform,cross_regime,M_stress,800,True,1,485.5,274.7,0.0,0.4341,1.0,dist_logitnorm,1,0.67,0.15,logitnorm,none
City-A,T5,1x,160.0,S3_Lin4,routine,M_routine,800,True,1,484.8,496.3,0.0,0.0,1.0,dist_logitnorm,1,0.67,0.15,logitnorm,none
City-A,T5,1x,160.0,S3_Lin4,cross_regime,M_stress,800,True,1,484.8,274.7,0.0,0.4333,1.0,dist_logitnorm,1,0.67,0.15,logitnorm,none
City-A,T5,1x,160.0,S4_GlobalCalib,routine,M_routine,800,True,1,396.8,496.3,0.0,0.0,1.0,dist_logitnorm,1,0.67,0.15,logitnorm,none
City-A,T5,1x,160.0,S4_GlobalCalib,cross_regime,M_stress,800,True,1,396.8,274.7,0.0,0.3077,1.0,dist_logitnorm,1,0.67,0.15,logitnorm,none
City-A,T5,1x,160.0,S5_CityCalib,routine,M_routine,800,True,1,393.3,496.3,0.0,0.0,1.0,dist_logitnorm,1,0.67,0.15,logitnorm,none
City-A,T5,1x,160.0,S5_CityCalib,cross_regime,M_stress,800,True,1,393.3,274.7,0.0,0.3014,1.0,dist_logitnorm,1,0.67,0.15,logitnorm,none
City-A,T5,1x,160.0,S6_Q10,routine,M_routine,800,True,1,272.8,496.3,0.0,0.0,1.0,dist_logitnorm,1,0.67,0.15,logitnorm,none
City-A,T5,1x,160.0,S6_Q10,cross_regime,M_stress,800,True,1,272.8,274.7,0.0,0.0,1.0,dist_logitnorm,1,0.67,0.15,logitnorm,none
City-A,T5,2x,320.0,S0a_RoutineOracle,routine,M_routine,800,True,1,496.3,496.3,0.0,0.0,1.0,dist_logitnorm,1,0.67,0.15,logitnorm,none
City-A,T5,2x,320.0,S0a_RoutineOracle,cross_regime,M_stress,800,True,1,496.3,274.7,45.3,0.4465,0.0,dist_logitnorm,1,0.67,0.15,logitnorm,none
City-A,T5,2x,320.0,S0b_StressOracle,routine,M_routine,800,True,2,569.5,546.8,0.0,0.0399,1.0,dist_logitnorm,1,0.67,0.15,logitnorm,none
City-A,T5,2x,320.0,S0b_StressOracle,cross_regime,M_stress,800,True,2,569.5,569.5,0.0,0.0,1.0,dist_logitnorm,1,0.67,0.15,logitnorm,none
City-A,T5,2x,320.0,S1_CapRR,routine,M_routine,800,True,1,596.8,496.3,0.0,0.1683,1.0,dist_logitnorm,1,0.67,0.15,logitnorm,none
City-A,T5,2x,320.0,S1_CapRR,cross_regime,M_stress,800,True,1,596.8,274.7,45.3,0.5397,0.0,dist_logitnorm,1,0.67,0.15,logitnorm,none
City-A,T5,2x,320.0,S2_Platform,routine,M_routine,800,True,1,485.5,496.3,0.0,0.0,1.0,dist_logitnorm,1,0.67,0.15,logitnorm,none
City-A,T5,2x,320.0,S2_Platform,cross_regime,M_stress,800,True,1,485.5,274.7,45.3,0.4341,0.0,dist_logitnorm,1,0.67,0.15,logitnorm,none
City-A,T5,2x,320.0,S3_Lin4,routine,M_routine,800,True,1,484.8,496.3,0.0,0.0,1.0,dist_logitnorm,1,0.67,0.15,logitnorm,none
City-A,T5,2x,320.0,S3_Lin4,cross_regime,M_stress,800,True,1,484.8,274.7,45.3,0.4333,0.0,dist_logitnorm,1,0.67,0.15,logitnorm,none
City-A,T5,2x,320.0,S4_GlobalCalib,routine,M_routine,800,True,1,396.8,496.3,0.0,0.0,1.0,dist_logitnorm,1,0.67,0.15,logitnorm,none
City-A,T5,2x,320.0,S4_GlobalCalib,cross_regime,M_stress,800,True,1,396.8,274.7,45.3,0.3077,0.0,dist_logitnorm,1,0.67,0.15,logitnorm,none
City-A,T5,2x,320.0,S5_CityCalib,routine,M_routine,800,True,1,393.3,496.3,0.0,0.0,1.0,dist_logitnorm,1,0.67,0.15,logitnorm,none
City-A,T5,2x,320.0,S5_CityCalib,cross_regime,M_stress,800,True,1,393.3,274.7,45.3,0.3014,0.0,dist_logitnorm,1,0.67,0.15,logitnorm,none
City-A,T5,2x,320.0,S6_Q10,routine,M_routine,800,True,2,520.3,749.9,0.0,0.0,1.0,dist_logitnorm,1,0.67,0.15,logitnorm,none
City-A,T5,2x,320.0,S6_Q10,cross_regime,M_stress,800,True,2,520.3,551.8,0.0,0.0,1.0,dist_logitnorm,1,0.67,0.15,logitnorm,none
City-A,T5,5x,800.0,S0a_RoutineOracle,routine,M_routine,800,True,2,857.3,857.3,0.0,0.0,1.0,dist_logitnorm,1,0.67,0.15,logitnorm,none
City-A,T5,5x,800.0,S0a_RoutineOracle,cross_regime,M_stress,800,True,2,857.3,526.4,273.6,0.386,0.0,dist_logitnorm,1,0.67,0.15,logitnorm,none
City-A,T5,5x,800.0,S0b_StressOracle,routine,M_routine,800,True,3,846.6,800.4,0.0,0.0546,1.0,dist_logitnorm,1,0.67,0.15,logitnorm,none
City-A,T5,5x,800.0,S0b_StressOracle,cross_regime,M_stress,800,True,3,846.6,846.6,0.0,0.0,1.0,dist_logitnorm,1,0.67,0.15,logitnorm,none
City-A,T5,5x,800.0,S1_CapRR,routine,M_routine,800,True,2,1138.1,749.9,50.1,0.3411,0.0,dist_logitnorm,1,0.67,0.15,logitnorm,none
City-A,T5,5x,800.0,S1_CapRR,cross_regime,M_stress,800,True,2,1138.1,551.8,248.2,0.5152,0.0,dist_logitnorm,1,0.67,0.15,logitnorm,none
City-A,T5,5x,800.0,S2_Platform,routine,M_routine,800,True,2,897.6,787.5,12.5,0.1226,0.0,dist_logitnorm,1,0.67,0.15,logitnorm,none
City-A,T5,5x,800.0,S2_Platform,cross_regime,M_stress,800,True,2,897.6,565.9,234.1,0.3695,0.0,dist_logitnorm,1,0.67,0.15,logitnorm,none
City-A,T5,5x,800.0,S3_Lin4,routine,M_routine,800,True,2,859.4,845.3,0.0,0.0164,1.0,dist_logitnorm,1,0.67,0.15,logitnorm,none
City-A,T5,5x,800.0,S3_Lin4,cross_regime,M_stress,800,True,2,859.4,426.7,373.3,0.5035,0.0,dist_logitnorm,1,0.67,0.15,logitnorm,none
City-A,T5,5x,800.0,S4_GlobalCalib,routine,M_routine,800,True,3,1105.7,1098.9,0.0,0.0061,1.0,dist_logitnorm,1,0.67,0.15,logitnorm,none
City-A,T5,5x,800.0,S4_GlobalCalib,cross_regime,M_stress,800,True,3,1105.7,703.8,96.2,0.3635,0.0,dist_logitnorm,1,0.67,0.15,logitnorm,none
City-A,T5,5x,800.0,S5_CityCalib,routine,M_routine,800,True,3,1095.9,1098.9,0.0,0.0,1.0,dist_logitnorm,1,0.67,0.15,logitnorm,none
City-A,T5,5x,800.0,S5_CityCalib,cross_regime,M_stress,800,True,3,1095.9,703.8,96.2,0.3578,0.0,dist_logitnorm,1,0.67,0.15,logitnorm,none
City-A,T5,5x,800.0,S6_Q10,routine,M_routine,800,True,4,994.5,1354.5,0.0,0.0,1.0,dist_logitnorm,1,0.67,0.15,logitnorm,none
City-A,T5,5x,800.0,S6_Q10,cross_regime,M_stress,800,True,4,994.5,982.1,0.0,0.0125,1.0,dist_logitnorm,1,0.67,0.15,logitnorm,none
City-A,T5,10x,1600.0,S0a_RoutineOracle,routine,M_routine,800,True,5,1903.1,1903.1,0.0,0.0,1.0,dist_logitnorm,1,0.67,0.15,logitnorm,none
City-A,T5,10x,1600.0,S0a_RoutineOracle,cross_regime,M_stress,800,True,5,1903.1,1050.5,549.5,0.448,0.0,dist_logitnorm,1,0.67,0.15,logitnorm,none
City-A,T5,10x,1600.0,S0b_StressOracle,routine,M_routine,800,True,6,1609.5,1909.4,0.0,0.0,1.0,dist_logitnorm,1,0.67,0.15,logitnorm,none
City-A,T5,10x,1600.0,S0b_StressOracle,cross_regime,M_stress,800,True,6,1609.5,1609.5,0.0,0.0,1.0,dist_logitnorm,1,0.67,0.15,logitnorm,none
City-A,T5,10x,1600.0,S1_CapRR,routine,M_routine,800,True,3,1662.9,1098.9,501.1,0.3392,0.0,dist_logitnorm,1,0.67,0.15,logitnorm,none
City-A,T5,10x,1600.0,S1_CapRR,cross_regime,M_stress,800,True,3,1662.9,703.8,896.2,0.5768,0.0,dist_logitnorm,1,0.67,0.15,logitnorm,none
City-A,T5,10x,1600.0,S2_Platform,routine,M_routine,800,True,4,1696.8,1392.1,207.9,0.1796,0.0,dist_logitnorm,1,0.67,0.15,logitnorm,none
City-A,T5,10x,1600.0,S2_Platform,cross_regime,M_stress,800,True,4,1696.8,996.2,603.8,0.4129,0.0,dist_logitnorm,1,0.67,0.15,logitnorm,none
City-A,T5,10x,1600.0,S3_Lin4,routine,M_routine,800,True,5,1920.3,1679.1,0.0,0.1256,1.0,dist_logitnorm,1,0.67,0.15,logitnorm,none
City-A,T5,10x,1600.0,S3_Lin4,cross_regime,M_stress,800,True,5,1920.3,1123.1,476.9,0.4151,0.0,dist_logitnorm,1,0.67,0.15,logitnorm,none
City-A,T5,10x,1600.0,S4_GlobalCalib,routine,M_routine,800,True,5,1777.1,1645.6,0.0,0.074,1.0,dist_logitnorm,1,0.67,0.15,logitnorm,none
City-A,T5,10x,1600.0,S4_GlobalCalib,cross_regime,M_stress,800,True,5,1777.1,1273.3,326.7,0.2835,0.0,dist_logitnorm,1,0.67,0.15,logitnorm,none
City-A,T5,10x,1600.0,S5_CityCalib,routine,M_routine,800,True,5,1761.7,1645.6,0.0,0.0658,1.0,dist_logitnorm,1,0.67,0.15,logitnorm,none
City-A,T5,10x,1600.0,S5_CityCalib,cross_regime,M_stress,800,True,5,1761.7,1273.3,326.7,0.2772,0.0,dist_logitnorm,1,0.67,0.15,logitnorm,none
City-A,T5,10x,1600.0,S6_Q10,routine,M_routine,800,True,7,1644.5,2323.9,0.0,0.0,1.0,dist_logitnorm,1,0.67,0.15,logitnorm,none
City-A,T5,10x,1600.0,S6_Q10,cross_regime,M_stress,800,True,7,1644.5,1624.4,0.0,0.0123,1.0,dist_logitnorm,1,0.67,0.15,logitnorm,none
City-B,T1,1x,180.0,S0a_RoutineOracle,routine,M_routine,500,True,1,758.7,758.7,0.0,0.0,1.0,dist_logitnorm,1,0.67,0.15,logitnorm,none
City-B,T1,1x,180.0,S0a_RoutineOracle,cross_regime,M_stress,500,True,1,758.7,382.3,0.0,0.4962,1.0,dist_logitnorm,1,0.67,0.15,logitnorm,none
City-B,T1,1x,180.0,S0b_StressOracle,routine,M_routine,500,True,1,382.3,758.7,0.0,0.0,1.0,dist_logitnorm,1,0.67,0.15,logitnorm,none
City-B,T1,1x,180.0,S0b_StressOracle,cross_regime,M_stress,500,True,1,382.3,382.3,0.0,0.0,1.0,dist_logitnorm,1,0.67,0.15,logitnorm,none
City-B,T1,1x,180.0,S1_CapRR,routine,M_routine,500,True,1,846.0,730.0,0.0,0.1372,1.0,dist_logitnorm,1,0.67,0.15,logitnorm,none
City-B,T1,1x,180.0,S1_CapRR,cross_regime,M_stress,500,True,1,846.0,356.7,0.0,0.5784,1.0,dist_logitnorm,1,0.67,0.15,logitnorm,none
City-B,T1,1x,180.0,S2_Platform,routine,M_routine,500,True,1,561.1,571.7,0.0,0.0,1.0,dist_logitnorm,1,0.67,0.15,logitnorm,none
City-B,T1,1x,180.0,S2_Platform,cross_regime,M_stress,500,True,1,561.1,244.9,0.0,0.5635,1.0,dist_logitnorm,1,0.67,0.15,logitnorm,none
City-B,T1,1x,180.0,S3_Lin4,routine,M_routine,500,True,1,461.7,621.8,0.0,0.0,1.0,dist_logitnorm,1,0.67,0.15,logitnorm,none
City-B,T1,1x,180.0,S3_Lin4,cross_regime,M_stress,500,True,1,461.7,284.3,0.0,0.3842,1.0,dist_logitnorm,1,0.67,0.15,logitnorm,none
City-B,T1,1x,180.0,S4_GlobalCalib,routine,M_routine,500,True,1,560.0,730.0,0.0,0.0,1.0,dist_logitnorm,1,0.67,0.15,logitnorm,none
City-B,T1,1x,180.0,S4_GlobalCalib,cross_regime,M_stress,500,True,1,560.0,356.7,0.0,0.3631,1.0,dist_logitnorm,1,0.67,0.15,logitnorm,none
City-B,T1,1x,180.0,S5_CityCalib,routine,M_routine,500,True,1,564.8,730.0,0.0,0.0,1.0,dist_logitnorm,1,0.67,0.15,logitnorm,none
City-B,T1,1x,180.0,S5_CityCalib,cross_regime,M_stress,500,True,1,564.8,356.7,0.0,0.3686,1.0,dist_logitnorm,1,0.67,0.15,logitnorm,none
City-B,T1,1x,180.0,S6_Q10,routine,M_routine,500,True,1,387.4,730.0,0.0,0.0,1.0,dist_logitnorm,1,0.67,0.15,logitnorm,none
City-B,T1,1x,180.0,S6_Q10,cross_regime,M_stress,500,True,1,387.4,356.7,0.0,0.0795,1.0,dist_logitnorm,1,0.67,0.15,logitnorm,none
City-B,T1,2x,360.0,S0a_RoutineOracle,routine,M_routine,500,True,1,758.7,758.7,0.0,0.0,1.0,dist_logitnorm,1,0.67,0.15,logitnorm,none
City-B,T1,2x,360.0,S0a_RoutineOracle,cross_regime,M_stress,500,True,1,758.7,382.3,0.0,0.4962,1.0,dist_logitnorm,1,0.67,0.15,logitnorm,none
City-B,T1,2x,360.0,S0b_StressOracle,routine,M_routine,500,True,1,382.3,758.7,0.0,0.0,1.0,dist_logitnorm,1,0.67,0.15,logitnorm,none
City-B,T1,2x,360.0,S0b_StressOracle,cross_regime,M_stress,500,True,1,382.3,382.3,0.0,0.0,1.0,dist_logitnorm,1,0.67,0.15,logitnorm,none
City-B,T1,2x,360.0,S1_CapRR,routine,M_routine,500,True,1,846.0,730.0,0.0,0.1372,1.0,dist_logitnorm,1,0.67,0.15,logitnorm,none
City-B,T1,2x,360.0,S1_CapRR,cross_regime,M_stress,500,True,1,846.0,356.7,3.3,0.5784,0.0,dist_logitnorm,1,0.67,0.15,logitnorm,none
City-B,T1,2x,360.0,S2_Platform,routine,M_routine,500,True,1,561.1,571.7,0.0,0.0,1.0,dist_logitnorm,1,0.67,0.15,logitnorm,none
City-B,T1,2x,360.0,S2_Platform,cross_regime,M_stress,500,True,1,561.1,244.9,115.1,0.5635,0.0,dist_logitnorm,1,0.67,0.15,logitnorm,none
City-B,T1,2x,360.0,S3_Lin4,routine,M_routine,500,True,1,461.7,621.8,0.0,0.0,1.0,dist_logitnorm,1,0.67,0.15,logitnorm,none
City-B,T1,2x,360.0,S3_Lin4,cross_regime,M_stress,500,True,1,461.7,284.3,75.7,0.3842,0.0,dist_logitnorm,1,0.67,0.15,logitnorm,none
City-B,T1,2x,360.0,S4_GlobalCalib,routine,M_routine,500,True,1,560.0,730.0,0.0,0.0,1.0,dist_logitnorm,1,0.67,0.15,logitnorm,none
City-B,T1,2x,360.0,S4_GlobalCalib,cross_regime,M_stress,500,True,1,560.0,356.7,3.3,0.3631,0.0,dist_logitnorm,1,0.67,0.15,logitnorm,none
City-B,T1,2x,360.0,S5_CityCalib,routine,M_routine,500,True,1,564.8,730.0,0.0,0.0,1.0,dist_logitnorm,1,0.67,0.15,logitnorm,none
City-B,T1,2x,360.0,S5_CityCalib,cross_regime,M_stress,500,True,1,564.8,356.7,3.3,0.3686,0.0,dist_logitnorm,1,0.67,0.15,logitnorm,none
City-B,T1,2x,360.0,S6_Q10,routine,M_routine,500,True,1,387.4,730.0,0.0,0.0,1.0,dist_logitnorm,1,0.67,0.15,logitnorm,none
City-B,T1,2x,360.0,S6_Q10,cross_regime,M_stress,500,True,1,387.4,356.7,3.3,0.0795,0.0,dist_logitnorm,1,0.67,0.15,logitnorm,none
City-B,T1,5x,900.0,S0a_RoutineOracle,routine,M_routine,500,True,2,1488.7,1488.7,0.0,0.0,1.0,dist_logitnorm,1,0.67,0.15,logitnorm,none
City-B,T1,5x,900.0,S0a_RoutineOracle,cross_regime,M_stress,500,True,2,1488.7,738.9,161.1,0.5036,0.0,dist_logitnorm,1,0.67,0.15,logitnorm,none
City-B,T1,5x,900.0,S0b_StressOracle,routine,M_routine,500,True,3,1081.4,1903.1,0.0,0.0,1.0,dist_logitnorm,1,0.67,0.15,logitnorm,none
City-B,T1,5x,900.0,S0b_StressOracle,cross_regime,M_stress,500,True,3,1081.4,1081.4,0.0,0.0,1.0,dist_logitnorm,1,0.67,0.15,logitnorm,none
City-B,T1,5x,900.0,S1_CapRR,routine,M_routine,500,True,2,1688.0,1488.7,0.0,0.1181,1.0,dist_logitnorm,1,0.67,0.15,logitnorm,none
City-B,T1,5x,900.0,S1_CapRR,cross_regime,M_stress,500,True,2,1688.0,738.9,161.1,0.5622,0.0,dist_logitnorm,1,0.67,0.15,logitnorm,none
City-B,T1,5x,900.0,S2_Platform,routine,M_routine,500,True,2,1112.3,1193.5,0.0,0.0,1.0,dist_logitnorm,1,0.67,0.15,logitnorm,none
City-B,T1,5x,900.0,S2_Platform,cross_regime,M_stress,500,True,2,1112.3,529.2,370.8,0.5242,0.0,dist_logitnorm,1,0.67,0.15,logitnorm,none
City-B,T1,5x,900.0,S3_Lin4,routine,M_routine,500,True,2,917.1,1193.5,0.0,0.0,1.0,dist_logitnorm,1,0.67,0.15,logitnorm,none
City-B,T1,5x,900.0,S3_Lin4,cross_regime,M_stress,500,True,2,917.1,529.2,370.8,0.4229,0.0,dist_logitnorm,1,0.67,0.15,logitnorm,none
City-B,T1,5x,900.0,S4_GlobalCalib,routine,M_routine,500,True,2,1117.3,1488.7,0.0,0.0,1.0,dist_logitnorm,1,0.67,0.15,logitnorm,none
City-B,T1,5x,900.0,S4_GlobalCalib,cross_regime,M_stress,500,True,2,1117.3,738.9,161.1,0.3387,0.0,dist_logitnorm,1,0.67,0.15,logitnorm,none
City-B,T1,5x,900.0,S5_CityCalib,routine,M_routine,500,True,2,1127.0,1488.7,0.0,0.0,1.0,dist_logitnorm,1,0.67,0.15,logitnorm,none
City-B,T1,5x,900.0,S5_CityCalib,cross_regime,M_stress,500,True,2,1127.0,738.9,161.1,0.3443,0.0,dist_logitnorm,1,0.67,0.15,logitnorm,none
City-B,T1,5x,900.0,S6_Q10,routine,M_routine,500,True,3,1147.0,2110.5,0.0,0.0,1.0,dist_logitnorm,1,0.67,0.15,logitnorm,none
City-B,T1,5x,900.0,S6_Q10,cross_regime,M_stress,500,True,3,1147.0,1023.2,0.0,0.1079,1.0,dist_logitnorm,1,0.67,0.15,logitnorm,none
City-B,T1,10x,1800.0,S0a_RoutineOracle,routine,M_routine,500,True,3,2110.5,2110.5,0.0,0.0,1.0,dist_logitnorm,1,0.67,0.15,logitnorm,none
City-B,T1,10x,1800.0,S0a_RoutineOracle,cross_regime,M_stress,500,True,3,2110.5,1023.2,776.8,0.5152,0.0,dist_logitnorm,1,0.67,0.15,logitnorm,none
City-B,T1,10x,1800.0,S0b_StressOracle,routine,M_routine,500,True,6,1986.6,3206.8,0.0,0.0,1.0,dist_logitnorm,1,0.67,0.15,logitnorm,none
City-B,T1,10x,1800.0,S0b_StressOracle,cross_regime,M_stress,500,True,6,1986.6,1986.6,0.0,0.0,1.0,dist_logitnorm,1,0.67,0.15,logitnorm,none
City-B,T1,10x,1800.0,S1_CapRR,routine,M_routine,500,True,3,2504.5,2110.5,0.0,0.1573,1.0,dist_logitnorm,1,0.67,0.15,logitnorm,none
City-B,T1,10x,1800.0,S1_CapRR,cross_regime,M_stress,500,True,3,2504.5,1023.2,776.8,0.5914,0.0,dist_logitnorm,1,0.67,0.15,logitnorm,none
City-B,T1,10x,1800.0,S2_Platform,routine,M_routine,500,True,4,2163.2,2682.1,0.0,0.0,1.0,dist_logitnorm,1,0.67,0.15,logitnorm,none
City-B,T1,10x,1800.0,S2_Platform,cross_regime,M_stress,500,True,4,2163.2,1268.2,531.8,0.4137,0.0,dist_logitnorm,1,0.67,0.15,logitnorm,none
City-B,T1,10x,1800.0,S3_Lin4,routine,M_routine,500,True,4,1819.6,2682.1,0.0,0.0,1.0,dist_logitnorm,1,0.67,0.15,logitnorm,none
City-B,T1,10x,1800.0,S3_Lin4,cross_regime,M_stress,500,True,4,1819.6,1268.2,531.8,0.3031,0.0,dist_logitnorm,1,0.67,0.15,logitnorm,none
City-B,T1,10x,1800.0,S4_GlobalCalib,routine,M_routine,500,True,4,2186.6,2682.1,0.0,0.0,1.0,dist_logitnorm,1,0.67,0.15,logitnorm,none
City-B,T1,10x,1800.0,S4_GlobalCalib,cross_regime,M_stress,500,True,4,2186.6,1268.2,531.8,0.42,0.0,dist_logitnorm,1,0.67,0.15,logitnorm,none
City-B,T1,10x,1800.0,S5_CityCalib,routine,M_routine,500,True,4,2205.5,2682.1,0.0,0.0,1.0,dist_logitnorm,1,0.67,0.15,logitnorm,none
City-B,T1,10x,1800.0,S5_CityCalib,cross_regime,M_stress,500,True,4,2205.5,1268.2,531.8,0.425,0.0,dist_logitnorm,1,0.67,0.15,logitnorm,none
City-B,T1,10x,1800.0,S6_Q10,routine,M_routine,500,True,5,1832.8,3205.3,0.0,0.0,1.0,dist_logitnorm,1,0.67,0.15,logitnorm,none
City-B,T1,10x,1800.0,S6_Q10,cross_regime,M_stress,500,True,5,1832.8,1560.1,239.9,0.1488,0.0,dist_logitnorm,1,0.67,0.15,logitnorm,none
City-B,T2,1x,260.0,S0a_RoutineOracle,routine,M_routine,500,True,1,623.0,623.0,0.0,0.0,1.0,dist_logitnorm,1,0.67,0.15,logitnorm,none
City-B,T2,1x,260.0,S0a_RoutineOracle,cross_regime,M_stress,500,True,1,623.0,393.5,0.0,0.3684,1.0,dist_logitnorm,1,0.67,0.15,logitnorm,none
City-B,T2,1x,260.0,S0b_StressOracle,routine,M_routine,500,True,1,485.8,551.2,0.0,0.0,1.0,dist_logitnorm,1,0.67,0.15,logitnorm,none
City-B,T2,1x,260.0,S0b_StressOracle,cross_regime,M_stress,500,True,1,485.8,485.8,0.0,0.0,1.0,dist_logitnorm,1,0.67,0.15,logitnorm,none
City-B,T2,1x,260.0,S1_CapRR,routine,M_routine,500,True,1,846.0,371.4,0.0,0.561,1.0,dist_logitnorm,1,0.67,0.15,logitnorm,none
City-B,T2,1x,260.0,S1_CapRR,cross_regime,M_stress,500,True,1,846.0,379.3,0.0,0.5517,1.0,dist_logitnorm,1,0.67,0.15,logitnorm,none
City-B,T2,1x,260.0,S2_Platform,routine,M_routine,500,True,1,557.0,356.6,0.0,0.3597,1.0,dist_logitnorm,1,0.67,0.15,logitnorm,none
City-B,T2,1x,260.0,S2_Platform,cross_regime,M_stress,500,True,1,557.0,189.7,70.3,0.6595,0.0,dist_logitnorm,1,0.67,0.15,logitnorm,none
City-B,T2,1x,260.0,S3_Lin4,routine,M_routine,500,True,1,466.0,623.0,0.0,0.0,1.0,dist_logitnorm,1,0.67,0.15,logitnorm,none
City-B,T2,1x,260.0,S3_Lin4,cross_regime,M_stress,500,True,1,466.0,393.5,0.0,0.1556,1.0,dist_logitnorm,1,0.67,0.15,logitnorm,none
City-B,T2,1x,260.0,S4_GlobalCalib,routine,M_routine,500,True,1,565.0,371.4,0.0,0.3427,1.0,dist_logitnorm,1,0.67,0.15,logitnorm,none
City-B,T2,1x,260.0,S4_GlobalCalib,cross_regime,M_stress,500,True,1,565.0,379.3,0.0,0.3286,1.0,dist_logitnorm,1,0.67,0.15,logitnorm,none
City-B,T2,1x,260.0,S5_CityCalib,routine,M_routine,500,True,1,573.1,371.4,0.0,0.352,1.0,dist_logitnorm,1,0.67,0.15,logitnorm,none
City-B,T2,1x,260.0,S5_CityCalib,cross_regime,M_stress,500,True,1,573.1,379.3,0.0,0.3381,1.0,dist_logitnorm,1,0.67,0.15,logitnorm,none
City-B,T2,1x,260.0,S6_Q10,routine,M_routine,500,True,1,387.5,371.4,0.0,0.0417,1.0,dist_logitnorm,1,0.67,0.15,logitnorm,none
City-B,T2,1x,260.0,S6_Q10,cross_regime,M_stress,500,True,1,387.5,379.3,0.0,0.0212,1.0,dist_logitnorm,1,0.67,0.15,logitnorm,none
City-B,T2,2x,520.0,S0a_RoutineOracle,routine,M_routine,500,True,1,623.0,623.0,0.0,0.0,1.0,dist_logitnorm,1,0.67,0.15,logitnorm,none
City-B,T2,2x,520.0,S0a_RoutineOracle,cross_regime,M_stress,500,True,1,623.0,393.5,126.5,0.3684,0.0,dist_logitnorm,1,0.67,0.15,logitnorm,none
City-B,T2,2x,520.0,S0b_StressOracle,routine,M_routine,500,True,2,879.3,1174.2,0.0,0.0,1.0,dist_logitnorm,1,0.67,0.15,logitnorm,none
City-B,T2,2x,520.0,S0b_StressOracle,cross_regime,M_stress,500,True,2,879.3,879.3,0.0,0.0,1.0,dist_logitnorm,1,0.67,0.15,logitnorm,none
City-B,T2,2x,520.0,S1_CapRR,routine,M_routine,500,True,1,846.0,371.4,148.6,0.561,0.0,dist_logitnorm,1,0.67,0.15,logitnorm,none
City-B,T2,2x,520.0,S1_CapRR,cross_regime,M_stress,500,True,1,846.0,379.3,140.7,0.5517,0.0,dist_logitnorm,1,0.67,0.15,logitnorm,none
City-B,T2,2x,520.0,S2_Platform,routine,M_routine,500,True,1,557.0,356.6,163.4,0.3597,0.0,dist_logitnorm,1,0.67,0.15,logitnorm,none
City-B,T2,2x,520.0,S2_Platform,cross_regime,M_stress,500,True,1,557.0,189.7,330.3,0.6595,0.0,dist_logitnorm,1,0.67,0.15,logitnorm,none
City-B,T2,2x,520.0,S3_Lin4,routine,M_routine,500,True,2,925.7,979.7,0.0,0.0,1.0,dist_logitnorm,1,0.67,0.15,logitnorm,none
City-B,T2,2x,520.0,S3_Lin4,cross_regime,M_stress,500,True,2,925.7,583.2,0.0,0.37,1.0,dist_logitnorm,1,0.67,0.15,logitnorm,none
City-B,T2,2x,520.0,S4_GlobalCalib,routine,M_routine,500,True,1,565.0,371.4,148.6,0.3427,0.0,dist_logitnorm,1,0.67,0.15,logitnorm,none
City-B,T2,2x,520.0,S4_GlobalCalib,cross_regime,M_stress,500,True,1,565.0,379.3,140.7,0.3286,0.0,dist_logitnorm,1,0.67,0.15,logitnorm,none
City-B,T2,2x,520.0,S5_CityCalib,routine,M_routine,500,True,1,573.1,371.4,148.6,0.352,0.0,dist_logitnorm,1,0.67,0.15,logitnorm,none
City-B,T2,2x,520.0,S5_CityCalib,cross_regime,M_stress,500,True,1,573.1,379.3,140.7,0.3381,0.0,dist_logitnorm,1,0.67,0.15,logitnorm,none
City-B,T2,2x,520.0,S6_Q10,routine,M_routine,500,True,2,773.2,922.5,0.0,0.0,1.0,dist_logitnorm,1,0.67,0.15,logitnorm,none
City-B,T2,2x,520.0,S6_Q10,cross_regime,M_stress,500,True,2,773.2,865.1,0.0,0.0,1.0,dist_logitnorm,1,0.67,0.15,logitnorm,none
City-B,T2,5x,1300.0,S0a_RoutineOracle,routine,M_routine,500,True,3,1677.6,1677.6,0.0,0.0,1.0,dist_logitnorm,1,0.67,0.15,logitnorm,none
City-B,T2,5x,1300.0,S0a_RoutineOracle,cross_regime,M_stress,500,True,3,1677.6,1163.4,136.6,0.3065,0.0,dist_logitnorm,1,0.67,0.15,logitnorm,none
City-B,T2,5x,1300.0,S0b_StressOracle,routine,M_routine,500,True,4,1604.0,1802.9,0.0,0.0,1.0,dist_logitnorm,1,0.67,0.15,logitnorm,none
City-B,T2,5x,1300.0,S0b_StressOracle,cross_regime,M_stress,500,True,4,1604.0,1604.0,0.0,0.0,1.0,dist_logitnorm,1,0.67,0.15,logitnorm,none
City-B,T2,5x,1300.0,S1_CapRR,routine,M_routine,500,True,2,1688.0,922.5,377.5,0.4535,0.0,dist_logitnorm,1,0.67,0.15,logitnorm,none
City-B,T2,5x,1300.0,S1_CapRR,cross_regime,M_stress,500,True,2,1688.0,865.1,434.9,0.4875,0.0,dist_logitnorm,1,0.67,0.15,logitnorm,none
City-B,T2,5x,1300.0,S2_Platform,routine,M_routine,500,True,3,1630.3,1530.8,0.0,0.061,1.0,dist_logitnorm,1,0.67,0.15,logitnorm,none
City-B,T2,5x,1300.0,S2_Platform,cross_regime,M_stress,500,True,3,1630.3,1069.0,231.0,0.3443,0.0,dist_logitnorm,1,0.67,0.15,logitnorm,none
City-B,T2,5x,1300.0,S3_Lin4,routine,M_routine,500,True,3,1381.8,1351.0,0.0,0.0223,1.0,dist_logitnorm,1,0.67,0.15,logitnorm,none
City-B,T2,5x,1300.0,S3_Lin4,cross_regime,M_stress,500,True,3,1381.8,962.5,337.5,0.3035,0.0,dist_logitnorm,1,0.67,0.15,logitnorm,none
City-B,T2,5x,1300.0,S4_GlobalCalib,routine,M_routine,500,True,3,1672.4,1545.6,0.0,0.0759,1.0,dist_logitnorm,1,0.67,0.15,logitnorm,none
City-B,T2,5x,1300.0,S4_GlobalCalib,cross_regime,M_stress,500,True,3,1672.4,1258.6,41.4,0.2475,0.0,dist_logitnorm,1,0.67,0.15,logitnorm,none
City-B,T2,5x,1300.0,S5_CityCalib,routine,M_routine,500,True,3,1696.5,1545.6,0.0,0.089,1.0,dist_logitnorm,1,0.67,0.15,logitnorm,none
City-B,T2,5x,1300.0,S5_CityCalib,cross_regime,M_stress,500,True,3,1696.5,1258.6,41.4,0.2581,0.0,dist_logitnorm,1,0.67,0.15,logitnorm,none
City-B,T2,5x,1300.0,S6_Q10,routine,M_routine,500,True,4,1513.1,1902.2,0.0,0.0,1.0,dist_logitnorm,1,0.67,0.15,logitnorm,none
City-B,T2,5x,1300.0,S6_Q10,cross_regime,M_stress,500,True,4,1513.1,1448.3,0.0,0.0429,1.0,dist_logitnorm,1,0.67,0.15,logitnorm,none
City-B,T2,10x,2600.0,S0a_RoutineOracle,routine,M_routine,500,True,5,2620.5,2620.5,0.0,0.0,1.0,dist_logitnorm,1,0.67,0.15,logitnorm,none
City-B,T2,10x,2600.0,S0a_RoutineOracle,cross_regime,M_stress,500,True,5,2620.5,1726.3,873.7,0.3412,0.0,dist_logitnorm,1,0.67,0.15,logitnorm,none
City-B,T2,10x,2600.0,S0b_StressOracle,routine,M_routine,500,True,8,2862.0,3274.2,0.0,0.0,1.0,dist_logitnorm,1,0.67,0.15,logitnorm,none
City-B,T2,10x,2600.0,S0b_StressOracle,cross_regime,M_stress,500,True,8,2862.0,2862.0,0.0,0.0,1.0,dist_logitnorm,1,0.67,0.15,logitnorm,none
City-B,T2,10x,2600.0,S1_CapRR,routine,M_routine,500,True,4,3303.2,1902.2,697.8,0.4241,0.0,dist_logitnorm,1,0.67,0.15,logitnorm,none
City-B,T2,10x,2600.0,S1_CapRR,cross_regime,M_stress,500,True,4,3303.2,1448.3,1151.7,0.5616,0.0,dist_logitnorm,1,0.67,0.15,logitnorm,none
City-B,T2,10x,2600.0,S2_Platform,routine,M_routine,500,True,6,2974.4,2626.5,0.0,0.1169,1.0,dist_logitnorm,1,0.67,0.15,logitnorm,none
City-B,T2,10x,2600.0,S2_Platform,cross_regime,M_stress,500,True,6,2974.4,2130.8,469.2,0.2836,0.0,dist_logitnorm,1,0.67,0.15,logitnorm,none
City-B,T2,10x,2600.0,S3_Lin4,routine,M_routine,500,True,6,2607.0,2626.5,0.0,0.0,1.0,dist_logitnorm,1,0.67,0.15,logitnorm,none
City-B,T2,10x,2600.0,S3_Lin4,cross_regime,M_stress,500,True,6,2607.0,2130.8,469.2,0.1827,0.0,dist_logitnorm,1,0.67,0.15,logitnorm,none
City-B,T2,10x,2600.0,S4_GlobalCalib,routine,M_routine,500,True,5,2672.4,2159.5,440.5,0.1919,0.0,dist_logitnorm,1,0.67,0.15,logitnorm,none
City-B,T2,10x,2600.0,S4_GlobalCalib,cross_regime,M_stress,500,True,5,2672.4,1793.7,806.3,0.3288,0.0,dist_logitnorm,1,0.67,0.15,logitnorm,none
City-B,T2,10x,2600.0,S5_CityCalib,routine,M_routine,500,True,5,2710.7,2159.5,440.5,0.2033,0.0,dist_logitnorm,1,0.67,0.15,logitnorm,none
City-B,T2,10x,2600.0,S5_CityCalib,cross_regime,M_stress,500,True,5,2710.7,1793.7,806.3,0.3383,0.0,dist_logitnorm,1,0.67,0.15,logitnorm,none
City-B,T2,10x,2600.0,S6_Q10,routine,M_routine,500,True,8,2678.0,3424.9,0.0,0.0,1.0,dist_logitnorm,1,0.67,0.15,logitnorm,none
City-B,T2,10x,2600.0,S6_Q10,cross_regime,M_stress,500,True,8,2678.0,2681.2,0.0,0.0,1.0,dist_logitnorm,1,0.67,0.15,logitnorm,none
City-B,T3,1x,200.0,S0a_RoutineOracle,routine,M_routine,500,True,1,643.1,643.1,0.0,0.0,1.0,dist_logitnorm,1,0.67,0.15,logitnorm,none
City-B,T3,1x,200.0,S0a_RoutineOracle,cross_regime,M_stress,500,True,1,643.1,302.1,0.0,0.5302,1.0,dist_logitnorm,1,0.67,0.15,logitnorm,none
City-B,T3,1x,200.0,S0b_StressOracle,routine,M_routine,500,True,1,377.4,446.4,0.0,0.0,1.0,dist_logitnorm,1,0.67,0.15,logitnorm,none
City-B,T3,1x,200.0,S0b_StressOracle,cross_regime,M_stress,500,True,1,377.4,377.4,0.0,0.0,1.0,dist_logitnorm,1,0.67,0.15,logitnorm,none
City-B,T3,1x,200.0,S1_CapRR,routine,M_routine,500,True,1,744.5,643.1,0.0,0.1362,1.0,dist_logitnorm,1,0.67,0.15,logitnorm,none
City-B,T3,1x,200.0,S1_CapRR,cross_regime,M_stress,500,True,1,744.5,302.1,0.0,0.5942,1.0,dist_logitnorm,1,0.67,0.15,logitnorm,none
City-B,T3,1x,200.0,S2_Platform,routine,M_routine,500,True,1,543.2,592.3,0.0,0.0,1.0,dist_logitnorm,1,0.67,0.15,logitnorm,none
City-B,T3,1x,200.0,S2_Platform,cross_regime,M_stress,500,True,1,543.2,281.8,0.0,0.4812,1.0,dist_logitnorm,1,0.67,0.15,logitnorm,none
City-B,T3,1x,200.0,S3_Lin4,routine,M_routine,500,True,1,454.8,446.4,0.0,0.0185,1.0,dist_logitnorm,1,0.67,0.15,logitnorm,none
City-B,T3,1x,200.0,S3_Lin4,cross_regime,M_stress,500,True,1,454.8,377.4,0.0,0.1701,1.0,dist_logitnorm,1,0.67,0.15,logitnorm,none
City-B,T3,1x,200.0,S4_GlobalCalib,routine,M_routine,500,True,1,494.9,643.1,0.0,0.0,1.0,dist_logitnorm,1,0.67,0.15,logitnorm,none
City-B,T3,1x,200.0,S4_GlobalCalib,cross_regime,M_stress,500,True,1,494.9,302.1,0.0,0.3895,1.0,dist_logitnorm,1,0.67,0.15,logitnorm,none
City-B,T3,1x,200.0,S5_CityCalib,routine,M_routine,500,True,1,500.7,643.1,0.0,0.0,1.0,dist_logitnorm,1,0.67,0.15,logitnorm,none
City-B,T3,1x,200.0,S5_CityCalib,cross_regime,M_stress,500,True,1,500.7,302.1,0.0,0.3966,1.0,dist_logitnorm,1,0.67,0.15,logitnorm,none
City-B,T3,1x,200.0,S6_Q10,routine,M_routine,500,True,1,340.1,643.1,0.0,0.0,1.0,dist_logitnorm,1,0.67,0.15,logitnorm,none
City-B,T3,1x,200.0,S6_Q10,cross_regime,M_stress,500,True,1,340.1,302.1,0.0,0.1117,1.0,dist_logitnorm,1,0.67,0.15,logitnorm,none
City-B,T3,2x,400.0,S0a_RoutineOracle,routine,M_routine,500,True,1,643.1,643.1,0.0,0.0,1.0,dist_logitnorm,1,0.67,0.15,logitnorm,none
City-B,T3,2x,400.0,S0a_RoutineOracle,cross_regime,M_stress,500,True,1,643.1,302.1,97.9,0.5302,0.0,dist_logitnorm,1,0.67,0.15,logitnorm,none
City-B,T3,2x,400.0,S0b_StressOracle,routine,M_routine,500,True,2,679.5,1089.5,0.0,0.0,1.0,dist_logitnorm,1,0.67,0.15,logitnorm,none
City-B,T3,2x,400.0,S0b_StressOracle,cross_regime,M_stress,500,True,2,679.5,679.5,0.0,0.0,1.0,dist_logitnorm,1,0.67,0.15,logitnorm,none
City-B,T3,2x,400.0,S1_CapRR,routine,M_routine,500,True,1,744.5,643.1,0.0,0.1362,1.0,dist_logitnorm,1,0.67,0.15,logitnorm,none
City-B,T3,2x,400.0,S1_CapRR,cross_regime,M_stress,500,True,1,744.5,302.1,97.9,0.5942,0.0,dist_logitnorm,1,0.67,0.15,logitnorm,none
City-B,T3,2x,400.0,S2_Platform,routine,M_routine,500,True,1,543.2,592.3,0.0,0.0,1.0,dist_logitnorm,1,0.67,0.15,logitnorm,none
City-B,T3,2x,400.0,S2_Platform,cross_regime,M_stress,500,True,1,543.2,281.8,118.2,0.4812,0.0,dist_logitnorm,1,0.67,0.15,logitnorm,none
City-B,T3,2x,400.0,S3_Lin4,routine,M_routine,500,True,1,454.8,446.4,0.0,0.0185,1.0,dist_logitnorm,1,0.67,0.15,logitnorm,none
City-B,T3,2x,400.0,S3_Lin4,cross_regime,M_stress,500,True,1,454.8,377.4,22.6,0.1701,0.0,dist_logitnorm,1,0.67,0.15,logitnorm,none
City-B,T3,2x,400.0,S4_GlobalCalib,routine,M_routine,500,True,1,494.9,643.1,0.0,0.0,1.0,dist_logitnorm,1,0.67,0.15,logitnorm,none
City-B,T3,2x,400.0,S4_GlobalCalib,cross_regime,M_stress,500,True,1,494.9,302.1,97.9,0.3895,0.0,dist_logitnorm,1,0.67,0.15,logitnorm,none
City-B,T3,2x,400.0,S5_CityCalib,routine,M_routine,500,True,1,500.7,643.1,0.0,0.0,1.0,dist_logitnorm,1,0.67,0.15,logitnorm,none
City-B,T3,2x,400.0,S5_CityCalib,cross_regime,M_stress,500,True,1,500.7,302.1,97.9,0.3966,0.0,dist_logitnorm,1,0.67,0.15,logitnorm,none
City-B,T3,2x,400.0,S6_Q10,routine,M_routine,500,True,2,678.6,1235.4,0.0,0.0,1.0,dist_logitnorm,1,0.67,0.15,logitnorm,none
City-B,T3,2x,400.0,S6_Q10,cross_regime,M_stress,500,True,2,678.6,583.9,0.0,0.1395,1.0,dist_logitnorm,1,0.67,0.15,logitnorm,none
City-B,T3,5x,1000.0,S0a_RoutineOracle,routine,M_routine,500,True,2,1235.4,1235.4,0.0,0.0,1.0,dist_logitnorm,1,0.67,0.15,logitnorm,none
City-B,T3,5x,1000.0,S0a_RoutineOracle,cross_regime,M_stress,500,True,2,1235.4,583.9,416.1,0.5273,0.0,dist_logitnorm,1,0.67,0.15,logitnorm,none
City-B,T3,5x,1000.0,S0b_StressOracle,routine,M_routine,500,True,4,1279.8,1776.9,0.0,0.0,1.0,dist_logitnorm,1,0.67,0.15,logitnorm,none
City-B,T3,5x,1000.0,S0b_StressOracle,cross_regime,M_stress,500,True,4,1279.8,1279.8,0.0,0.0,1.0,dist_logitnorm,1,0.67,0.15,logitnorm,none
City-B,T3,5x,1000.0,S1_CapRR,routine,M_routine,500,True,2,1485.4,1235.4,0.0,0.1683,1.0,dist_logitnorm,1,0.67,0.15,logitnorm,none
City-B,T3,5x,1000.0,S1_CapRR,cross_regime,M_stress,500,True,2,1485.4,583.9,416.1,0.6069,0.0,dist_logitnorm,1,0.67,0.15,logitnorm,none
City-B,T3,5x,1000.0,S2_Platform,routine,M_routine,500,True,2,1048.0,1038.7,0.0,0.0089,1.0,dist_logitnorm,1,0.67,0.15,logitnorm,none
City-B,T3,5x,1000.0,S2_Platform,cross_regime,M_stress,500,True,2,1048.0,659.2,340.8,0.371,0.0,dist_logitnorm,1,0.67,0.15,logitnorm,none
City-B,T3,5x,1000.0,S3_Lin4,routine,M_routine,500,True,3,1345.2,1419.6,0.0,0.0,1.0,dist_logitnorm,1,0.67,0.15,logitnorm,none
City-B,T3,5x,1000.0,S3_Lin4,cross_regime,M_stress,500,True,3,1345.2,848.6,151.4,0.3692,0.0,dist_logitnorm,1,0.67,0.15,logitnorm,none
City-B,T3,5x,1000.0,S4_GlobalCalib,routine,M_routine,500,True,3,1465.0,1681.8,0.0,0.0,1.0,dist_logitnorm,1,0.67,0.15,logitnorm,none
City-B,T3,5x,1000.0,S4_GlobalCalib,cross_regime,M_stress,500,True,3,1465.0,961.3,38.7,0.3438,0.0,dist_logitnorm,1,0.67,0.15,logitnorm,none
City-B,T3,5x,1000.0,S5_CityCalib,routine,M_routine,500,True,3,1482.3,1681.8,0.0,0.0,1.0,dist_logitnorm,1,0.67,0.15,logitnorm,none
City-B,T3,5x,1000.0,S5_CityCalib,cross_regime,M_stress,500,True,3,1482.3,961.3,38.7,0.3515,0.0,dist_logitnorm,1,0.67,0.15,logitnorm,none
City-B,T3,5x,1000.0,S6_Q10,routine,M_routine,500,True,3,1006.8,1681.8,0.0,0.0,1.0,dist_logitnorm,1,0.67,0.15,logitnorm,none
City-B,T3,5x,1000.0,S6_Q10,cross_regime,M_stress,500,True,3,1006.8,961.3,38.7,0.0452,0.0,dist_logitnorm,1,0.67,0.15,logitnorm,none
City-B,T3,10x,2000.0,S0a_RoutineOracle,routine,M_routine,500,True,4,2090.7,2090.7,0.0,0.0,1.0,dist_logitnorm,1,0.67,0.15,logitnorm,none
City-B,T3,10x,2000.0,S0a_RoutineOracle,cross_regime,M_stress,500,True,4,2090.7,1261.4,738.6,0.3967,0.0,dist_logitnorm,1,0.67,0.15,logitnorm,none
City-B,T3,10x,2000.0,S0b_StressOracle,routine,M_routine,500,True,7,2126.9,2934.7,0.0,0.0,1.0,dist_logitnorm,1,0.67,0.15,logitnorm,none
City-B,T3,10x,2000.0,S0b_StressOracle,cross_regime,M_stress,500,True,7,2126.9,2126.9,0.0,0.0,1.0,dist_logitnorm,1,0.67,0.15,logitnorm,none
City-B,T3,10x,2000.0,S1_CapRR,routine,M_routine,500,True,3,2203.9,1681.8,318.2,0.2369,0.0,dist_logitnorm,1,0.67,0.15,logitnorm,none
City-B,T3,10x,2000.0,S1_CapRR,cross_regime,M_stress,500,True,3,2203.9,961.3,1038.7,0.5638,0.0,dist_logitnorm,1,0.67,0.15,logitnorm,none
City-B,T3,10x,2000.0,S2_Platform,routine,M_routine,500,True,5,2307.7,2025.6,0.0,0.1222,1.0,dist_logitnorm,1,0.67,0.15,logitnorm,none
City-B,T3,10x,2000.0,S2_Platform,cross_regime,M_stress,500,True,5,2307.7,1351.4,648.6,0.4144,0.0,dist_logitnorm,1,0.67,0.15,logitnorm,none
City-B,T3,10x,2000.0,S3_Lin4,routine,M_routine,500,True,5,2159.7,2408.2,0.0,0.0,1.0,dist_logitnorm,1,0.67,0.15,logitnorm,none
City-B,T3,10x,2000.0,S3_Lin4,cross_regime,M_stress,500,True,5,2159.7,1352.1,647.9,0.3739,0.0,dist_logitnorm,1,0.67,0.15,logitnorm,none
City-B,T3,10x,2000.0,S4_GlobalCalib,routine,M_routine,500,True,5,2341.0,2309.7,0.0,0.0133,1.0,dist_logitnorm,1,0.67,0.15,logitnorm,none
City-B,T3,10x,2000.0,S4_GlobalCalib,cross_regime,M_stress,500,True,5,2341.0,1426.9,573.1,0.3905,0.0,dist_logitnorm,1,0.67,0.15,logitnorm,none
City-B,T3,10x,2000.0,S5_CityCalib,routine,M_routine,500,True,5,2368.5,2309.7,0.0,0.0248,1.0,dist_logitnorm,1,0.67,0.15,logitnorm,none
City-B,T3,10x,2000.0,S5_CityCalib,cross_regime,M_stress,500,True,5,2368.5,1426.9,573.1,0.3975,0.0,dist_logitnorm,1,0.67,0.15,logitnorm,none
City-B,T3,10x,2000.0,S6_Q10,routine,M_routine,500,True,7,2115.5,3115.0,0.0,0.0,1.0,dist_logitnorm,1,0.67,0.15,logitnorm,none
City-B,T3,10x,2000.0,S6_Q10,cross_regime,M_stress,500,True,7,2115.5,1948.8,51.2,0.0788,0.0,dist_logitnorm,1,0.67,0.15,logitnorm,none
City-B,T4,1x,140.0,S0a_RoutineOracle,routine,M_routine,500,True,1,691.9,691.9,0.0,0.0,1.0,dist_logitnorm,1,0.67,0.15,logitnorm,none
City-B,T4,1x,140.0,S0a_RoutineOracle,cross_regime,M_stress,500,True,1,691.9,412.8,0.0,0.4034,1.0,dist_logitnorm,1,0.67,0.15,logitnorm,none
City-B,T4,1x,140.0,S0b_StressOracle,routine,M_routine,500,True,1,511.0,614.3,0.0,0.0,1.0,dist_logitnorm,1,0.67,0.15,logitnorm,none
City-B,T4,1x,140.0,S0b_StressOracle,cross_regime,M_stress,500,True,1,511.0,511.0,0.0,0.0,1.0,dist_logitnorm,1,0.67,0.15,logitnorm,none
City-B,T4,1x,140.0,S1_CapRR,routine,M_routine,500,True,1,846.0,614.3,0.0,0.2739,1.0,dist_logitnorm,1,0.67,0.15,logitnorm,none
City-B,T4,1x,140.0,S1_CapRR,cross_regime,M_stress,500,True,1,846.0,511.0,0.0,0.396,1.0,dist_logitnorm,1,0.67,0.15,logitnorm,none
City-B,T4,1x,140.0,S2_Platform,routine,M_routine,500,True,1,480.1,614.3,0.0,0.0,1.0,dist_logitnorm,1,0.67,0.15,logitnorm,none
City-B,T4,1x,140.0,S2_Platform,cross_regime,M_stress,500,True,1,480.1,511.0,0.0,0.0,1.0,dist_logitnorm,1,0.67,0.15,logitnorm,none
City-B,T4,1x,140.0,S3_Lin4,routine,M_routine,500,True,1,465.7,691.9,0.0,0.0,1.0,dist_logitnorm,1,0.67,0.15,logitnorm,none
City-B,T4,1x,140.0,S3_Lin4,cross_regime,M_stress,500,True,1,465.7,412.8,0.0,0.1136,1.0,dist_logitnorm,1,0.67,0.15,logitnorm,none
City-B,T4,1x,140.0,S4_GlobalCalib,routine,M_routine,500,True,1,561.8,614.3,0.0,0.0,1.0,dist_logitnorm,1,0.67,0.15,logitnorm,none
City-B,T4,1x,140.0,S4_GlobalCalib,cross_regime,M_stress,500,True,1,561.8,511.0,0.0,0.0903,1.0,dist_logitnorm,1,0.67,0.15,logitnorm,none
City-B,T4,1x,140.0,S5_CityCalib,routine,M_routine,500,True,1,565.5,614.3,0.0,0.0,1.0,dist_logitnorm,1,0.67,0.15,logitnorm,none
City-B,T4,1x,140.0,S5_CityCalib,cross_regime,M_stress,500,True,1,565.5,511.0,0.0,0.0964,1.0,dist_logitnorm,1,0.67,0.15,logitnorm,none
City-B,T4,1x,140.0,S6_Q10,routine,M_routine,500,True,1,390.8,614.3,0.0,0.0,1.0,dist_logitnorm,1,0.67,0.15,logitnorm,none
City-B,T4,1x,140.0,S6_Q10,cross_regime,M_stress,500,True,1,390.8,511.0,0.0,0.0,1.0,dist_logitnorm,1,0.67,0.15,logitnorm,none
City-B,T4,2x,280.0,S0a_RoutineOracle,routine,M_routine,500,True,1,691.9,691.9,0.0,0.0,1.0,dist_logitnorm,1,0.67,0.15,logitnorm,none
City-B,T4,2x,280.0,S0a_RoutineOracle,cross_regime,M_stress,500,True,1,691.9,412.8,0.0,0.4034,1.0,dist_logitnorm,1,0.67,0.15,logitnorm,none
City-B,T4,2x,280.0,S0b_StressOracle,routine,M_routine,500,True,1,511.0,614.3,0.0,0.0,1.0,dist_logitnorm,1,0.67,0.15,logitnorm,none
City-B,T4,2x,280.0,S0b_StressOracle,cross_regime,M_stress,500,True,1,511.0,511.0,0.0,0.0,1.0,dist_logitnorm,1,0.67,0.15,logitnorm,none
City-B,T4,2x,280.0,S1_CapRR,routine,M_routine,500,True,1,846.0,614.3,0.0,0.2739,1.0,dist_logitnorm,1,0.67,0.15,logitnorm,none
City-B,T4,2x,280.0,S1_CapRR,cross_regime,M_stress,500,True,1,846.0,511.0,0.0,0.396,1.0,dist_logitnorm,1,0.67,0.15,logitnorm,none
City-B,T4,2x,280.0,S2_Platform,routine,M_routine,500,True,1,480.1,614.3,0.0,0.0,1.0,dist_logitnorm,1,0.67,0.15,logitnorm,none
City-B,T4,2x,280.0,S2_Platform,cross_regime,M_stress,500,True,1,480.1,511.0,0.0,0.0,1.0,dist_logitnorm,1,0.67,0.15,logitnorm,none
City-B,T4,2x,280.0,S3_Lin4,routine,M_routine,500,True,1,465.7,691.9,0.0,0.0,1.0,dist_logitnorm,1,0.67,0.15,logitnorm,none
City-B,T4,2x,280.0,S3_Lin4,cross_regime,M_stress,500,True,1,465.7,412.8,0.0,0.1136,1.0,dist_logitnorm,1,0.67,0.15,logitnorm,none
City-B,T4,2x,280.0,S4_GlobalCalib,routine,M_routine,500,True,1,561.8,614.3,0.0,0.0,1.0,dist_logitnorm,1,0.67,0.15,logitnorm,none
City-B,T4,2x,280.0,S4_GlobalCalib,cross_regime,M_stress,500,True,1,561.8,511.0,0.0,0.0903,1.0,dist_logitnorm,1,0.67,0.15,logitnorm,none
City-B,T4,2x,280.0,S5_CityCalib,routine,M_routine,500,True,1,565.5,614.3,0.0,0.0,1.0,dist_logitnorm,1,0.67,0.15,logitnorm,none
City-B,T4,2x,280.0,S5_CityCalib,cross_regime,M_stress,500,True,1,565.5,511.0,0.0,0.0964,1.0,dist_logitnorm,1,0.67,0.15,logitnorm,none
City-B,T4,2x,280.0,S6_Q10,routine,M_routine,500,True,1,390.8,614.3,0.0,0.0,1.0,dist_logitnorm,1,0.67,0.15,logitnorm,none
City-B,T4,2x,280.0,S6_Q10,cross_regime,M_stress,500,True,1,390.8,511.0,0.0,0.0,1.0,dist_logitnorm,1,0.67,0.15,logitnorm,none
City-B,T4,5x,700.0,S0a_RoutineOracle,routine,M_routine,500,True,2,1368.8,1368.8,0.0,0.0,1.0,dist_logitnorm,1,0.67,0.15,logitnorm,none
City-B,T4,5x,700.0,S0a_RoutineOracle,cross_regime,M_stress,500,True,2,1368.8,862.9,0.0,0.3696,1.0,dist_logitnorm,1,0.67,0.15,logitnorm,none
City-B,T4,5x,700.0,S0b_StressOracle,routine,M_routine,500,True,2,961.1,1291.2,0.0,0.0,1.0,dist_logitnorm,1,0.67,0.15,logitnorm,none
City-B,T4,5x,700.0,S0b_StressOracle,cross_regime,M_stress,500,True,2,961.1,961.1,0.0,0.0,1.0,dist_logitnorm,1,0.67,0.15,logitnorm,none
City-B,T4,5x,700.0,S1_CapRR,routine,M_routine,500,True,1,846.0,614.3,85.7,0.2739,0.0,dist_logitnorm,1,0.67,0.15,logitnorm,none
City-B,T4,5x,700.0,S1_CapRR,cross_regime,M_stress,500,True,1,846.0,511.0,189.0,0.396,0.0,dist_logitnorm,1,0.67,0.15,logitnorm,none
City-B,T4,5x,700.0,S2_Platform,routine,M_routine,500,True,2,912.9,1095.2,0.0,0.0,1.0,dist_logitnorm,1,0.67,0.15,logitnorm,none
City-B,T4,5x,700.0,S2_Platform,cross_regime,M_stress,500,True,2,912.9,752.1,0.0,0.1762,1.0,dist_logitnorm,1,0.67,0.15,logitnorm,none
City-B,T4,5x,700.0,S3_Lin4,routine,M_routine,500,True,2,925.1,1172.8,0.0,0.0,1.0,dist_logitnorm,1,0.67,0.15,logitnorm,none
City-B,T4,5x,700.0,S3_Lin4,cross_regime,M_stress,500,True,2,925.1,653.8,46.2,0.2932,0.0,dist_logitnorm,1,0.67,0.15,logitnorm,none
City-B,T4,5x,700.0,S4_GlobalCalib,routine,M_routine,500,True,2,1120.8,1291.2,0.0,0.0,1.0,dist_logitnorm,1,0.67,0.15,logitnorm,none
City-B,T4,5x,700.0,S4_GlobalCalib,cross_regime,M_stress,500,True,2,1120.8,961.1,0.0,0.1425,1.0,dist_logitnorm,1,0.67,0.15,logitnorm,none
City-B,T4,5x,700.0,S5_CityCalib,routine,M_routine,500,True,2,1128.3,1291.2,0.0,0.0,1.0,dist_logitnorm,1,0.67,0.15,logitnorm,none
City-B,T4,5x,700.0,S5_CityCalib,cross_regime,M_stress,500,True,2,1128.3,961.1,0.0,0.1482,1.0,dist_logitnorm,1,0.67,0.15,logitnorm,none
City-B,T4,5x,700.0,S6_Q10,routine,M_routine,500,True,2,779.8,1291.2,0.0,0.0,1.0,dist_logitnorm,1,0.67,0.15,logitnorm,none
City-B,T4,5x,700.0,S6_Q10,cross_regime,M_stress,500,True,2,779.8,961.1,0.0,0.0,1.0,dist_logitnorm,1,0.67,0.15,logitnorm,none
City-B,T4,10x,1400.0,S0a_RoutineOracle,routine,M_routine,500,True,3,1983.1,1983.1,0.0,0.0,1.0,dist_logitnorm,1,0.67,0.15,logitnorm,none
City-B,T4,10x,1400.0,S0a_RoutineOracle,cross_regime,M_stress,500,True,3,1983.1,1373.9,26.1,0.3072,0.0,dist_logitnorm,1,0.67,0.15,logitnorm,none
City-B,T4,10x,1400.0,S0b_StressOracle,routine,M_routine,500,True,4,1732.6,2354.7,0.0,0.0,1.0,dist_logitnorm,1,0.67,0.15,logitnorm,none
City-B,T4,10x,1400.0,S0b_StressOracle,cross_regime,M_stress,500,True,4,1732.6,1732.6,0.0,0.0,1.0,dist_logitnorm,1,0.67,0.15,logitnorm,none
City-B,T4,10x,1400.0,S1_CapRR,routine,M_routine,500,True,2,1688.0,1291.2,108.8,0.2351,0.0,dist_logitnorm,1,0.67,0.15,logitnorm,none
City-B,T4,10x,1400.0,S1_CapRR,cross_regime,M_stress,500,True,2,1688.0,961.1,438.9,0.4306,0.0,dist_logitnorm,1,0.67,0.15,logitnorm,none
City-B,T4,10x,1400.0,S2_Platform,routine,M_routine,500,True,4,1693.5,2320.7,0.0,0.0,1.0,dist_logitnorm,1,0.67,0.15,logitnorm,none
City-B,T4,10x,1400.0,S2_Platform,cross_regime,M_stress,500,True,4,1693.5,1427.2,0.0,0.1572,1.0,dist_logitnorm,1,0.67,0.15,logitnorm,none
City-B,T4,10x,1400.0,S3_Lin4,routine,M_routine,500,True,4,1835.1,2464.0,0.0,0.0,1.0,dist_logitnorm,1,0.67,0.15,logitnorm,none
City-B,T4,10x,1400.0,S3_Lin4,cross_regime,M_stress,500,True,4,1835.1,1615.0,0.0,0.1199,1.0,dist_logitnorm,1,0.67,0.15,logitnorm,none
City-B,T4,10x,1400.0,S4_GlobalCalib,routine,M_routine,500,True,3,1663.0,1983.1,0.0,0.0,1.0,dist_logitnorm,1,0.67,0.15,logitnorm,none
City-B,T4,10x,1400.0,S4_GlobalCalib,cross_regime,M_stress,500,True,3,1663.0,1373.9,26.1,0.1739,0.0,dist_logitnorm,1,0.67,0.15,logitnorm,none
City-B,T4,10x,1400.0,S5_CityCalib,routine,M_routine,500,True,3,1674.1,1983.1,0.0,0.0,1.0,dist_logitnorm,1,0.67,0.15,logitnorm,none
City-B,T4,10x,1400.0,S5_CityCalib,cross_regime,M_stress,500,True,3,1674.1,1373.9,26.1,0.1793,0.0,dist_logitnorm,1,0.67,0.15,logitnorm,none
City-B,T4,10x,1400.0,S6_Q10,routine,M_routine,500,True,4,1525.9,2464.0,0.0,0.0,1.0,dist_logitnorm,1,0.67,0.15,logitnorm,none
City-B,T4,10x,1400.0,S6_Q10,cross_regime,M_stress,500,True,4,1525.9,1615.0,0.0,0.0,1.0,dist_logitnorm,1,0.67,0.15,logitnorm,none
City-B,T5,1x,160.0,S0a_RoutineOracle,routine,M_routine,500,True,1,563.0,563.0,0.0,0.0,1.0,dist_logitnorm,1,0.67,0.15,logitnorm,none
City-B,T5,1x,160.0,S0a_RoutineOracle,cross_regime,M_stress,500,True,1,563.0,288.8,0.0,0.487,1.0,dist_logitnorm,1,0.67,0.15,logitnorm,none
City-B,T5,1x,160.0,S0b_StressOracle,routine,M_routine,500,True,1,339.2,396.2,0.0,0.0,1.0,dist_logitnorm,1,0.67,0.15,logitnorm,none
City-B,T5,1x,160.0,S0b_StressOracle,cross_regime,M_stress,500,True,1,339.2,339.2,0.0,0.0,1.0,dist_logitnorm,1,0.67,0.15,logitnorm,none
City-B,T5,1x,160.0,S1_CapRR,routine,M_routine,500,True,1,744.5,563.0,0.0,0.2437,1.0,dist_logitnorm,1,0.67,0.15,logitnorm,none
City-B,T5,1x,160.0,S1_CapRR,cross_regime,M_stress,500,True,1,744.5,288.8,0.0,0.6121,1.0,dist_logitnorm,1,0.67,0.15,logitnorm,none
City-B,T5,1x,160.0,S2_Platform,routine,M_routine,500,True,1,553.3,300.6,0.0,0.4568,1.0,dist_logitnorm,1,0.67,0.15,logitnorm,none
City-B,T5,1x,160.0,S2_Platform,cross_regime,M_stress,500,True,1,553.3,285.3,0.0,0.4844,1.0,dist_logitnorm,1,0.67,0.15,logitnorm,none
City-B,T5,1x,160.0,S3_Lin4,routine,M_routine,500,True,1,455.0,396.2,0.0,0.1292,1.0,dist_logitnorm,1,0.67,0.15,logitnorm,none
City-B,T5,1x,160.0,S3_Lin4,cross_regime,M_stress,500,True,1,455.0,339.2,0.0,0.2544,1.0,dist_logitnorm,1,0.67,0.15,logitnorm,none
City-B,T5,1x,160.0,S4_GlobalCalib,routine,M_routine,500,True,1,495.1,563.0,0.0,0.0,1.0,dist_logitnorm,1,0.67,0.15,logitnorm,none
City-B,T5,1x,160.0,S4_GlobalCalib,cross_regime,M_stress,500,True,1,495.1,288.8,0.0,0.4167,1.0,dist_logitnorm,1,0.67,0.15,logitnorm,none
City-B,T5,1x,160.0,S5_CityCalib,routine,M_routine,500,True,1,502.3,563.0,0.0,0.0,1.0,dist_logitnorm,1,0.67,0.15,logitnorm,none
City-B,T5,1x,160.0,S5_CityCalib,cross_regime,M_stress,500,True,1,502.3,288.8,0.0,0.4251,1.0,dist_logitnorm,1,0.67,0.15,logitnorm,none
City-B,T5,1x,160.0,S6_Q10,routine,M_routine,500,True,1,340.4,563.0,0.0,0.0,1.0,dist_logitnorm,1,0.67,0.15,logitnorm,none
City-B,T5,1x,160.0,S6_Q10,cross_regime,M_stress,500,True,1,340.4,288.8,0.0,0.1515,1.0,dist_logitnorm,1,0.67,0.15,logitnorm,none
City-B,T5,2x,320.0,S0a_RoutineOracle,routine,M_routine,500,True,1,563.0,563.0,0.0,0.0,1.0,dist_logitnorm,1,0.67,0.15,logitnorm,none
City-B,T5,2x,320.0,S0a_RoutineOracle,cross_regime,M_stress,500,True,1,563.0,288.8,31.2,0.487,0.0,dist_logitnorm,1,0.67,0.15,logitnorm,none
City-B,T5,2x,320.0,S0b_StressOracle,routine,M_routine,500,True,1,339.2,396.2,0.0,0.0,1.0,dist_logitnorm,1,0.67,0.15,logitnorm,none
City-B,T5,2x,320.0,S0b_StressOracle,cross_regime,M_stress,500,True,1,339.2,339.2,0.0,0.0,1.0,dist_logitnorm,1,0.67,0.15,logitnorm,none
City-B,T5,2x,320.0,S1_CapRR,routine,M_routine,500,True,1,744.5,563.0,0.0,0.2437,1.0,dist_logitnorm,1,0.67,0.15,logitnorm,none
City-B,T5,2x,320.0,S1_CapRR,cross_regime,M_stress,500,True,1,744.5,288.8,31.2,0.6121,0.0,dist_logitnorm,1,0.67,0.15,logitnorm,none
City-B,T5,2x,320.0,S2_Platform,routine,M_routine,500,True,1,553.3,300.6,19.4,0.4568,0.0,dist_logitnorm,1,0.67,0.15,logitnorm,none
City-B,T5,2x,320.0,S2_Platform,cross_regime,M_stress,500,True,1,553.3,285.3,34.7,0.4844,0.0,dist_logitnorm,1,0.67,0.15,logitnorm,none
City-B,T5,2x,320.0,S3_Lin4,routine,M_routine,500,True,1,455.0,396.2,0.0,0.1292,1.0,dist_logitnorm,1,0.67,0.15,logitnorm,none
City-B,T5,2x,320.0,S3_Lin4,cross_regime,M_stress,500,True,1,455.0,339.2,0.0,0.2544,1.0,dist_logitnorm,1,0.67,0.15,logitnorm,none
City-B,T5,2x,320.0,S4_GlobalCalib,routine,M_routine,500,True,1,495.1,563.0,0.0,0.0,1.0,dist_logitnorm,1,0.67,0.15,logitnorm,none
City-B,T5,2x,320.0,S4_GlobalCalib,cross_regime,M_stress,500,True,1,495.1,288.8,31.2,0.4167,0.0,dist_logitnorm,1,0.67,0.15,logitnorm,none
City-B,T5,2x,320.0,S5_CityCalib,routine,M_routine,500,True,1,502.3,563.0,0.0,0.0,1.0,dist_logitnorm,1,0.67,0.15,logitnorm,none
City-B,T5,2x,320.0,S5_CityCalib,cross_regime,M_stress,500,True,1,502.3,288.8,31.2,0.4251,0.0,dist_logitnorm,1,0.67,0.15,logitnorm,none
City-B,T5,2x,320.0,S6_Q10,routine,M_routine,500,True,1,340.4,563.0,0.0,0.0,1.0,dist_logitnorm,1,0.67,0.15,logitnorm,none
City-B,T5,2x,320.0,S6_Q10,cross_regime,M_stress,500,True,1,340.4,288.8,31.2,0.1515,0.0,dist_logitnorm,1,0.67,0.15,logitnorm,none
City-B,T5,5x,800.0,S0a_RoutineOracle,routine,M_routine,500,True,2,1112.8,1112.8,0.0,0.0,1.0,dist_logitnorm,1,0.67,0.15,logitnorm,none
City-B,T5,5x,800.0,S0a_RoutineOracle,cross_regime,M_stress,500,True,2,1112.8,506.6,293.4,0.5448,0.0,dist_logitnorm,1,0.67,0.15,logitnorm,none
City-B,T5,5x,800.0,S0b_StressOracle,routine,M_routine,500,True,3,915.3,1278.5,0.0,0.0,1.0,dist_logitnorm,1,0.67,0.15,logitnorm,none
City-B,T5,5x,800.0,S0b_StressOracle,cross_regime,M_stress,500,True,3,915.3,915.3,0.0,0.0,1.0,dist_logitnorm,1,0.67,0.15,logitnorm,none
City-B,T5,5x,800.0,S1_CapRR,routine,M_routine,500,True,2,1485.4,863.6,0.0,0.4186,1.0,dist_logitnorm,1,0.67,0.15,logitnorm,none
City-B,T5,5x,800.0,S1_CapRR,cross_regime,M_stress,500,True,2,1485.4,574.1,225.9,0.6135,0.0,dist_logitnorm,1,0.67,0.15,logitnorm,none
City-B,T5,5x,800.0,S2_Platform,routine,M_routine,500,True,2,1093.7,696.8,103.2,0.3629,0.0,dist_logitnorm,1,0.67,0.15,logitnorm,none
City-B,T5,5x,800.0,S2_Platform,cross_regime,M_stress,500,True,2,1093.7,624.5,175.5,0.429,0.0,dist_logitnorm,1,0.67,0.15,logitnorm,none
City-B,T5,5x,800.0,S3_Lin4,routine,M_routine,500,True,2,903.9,738.6,61.4,0.1828,0.0,dist_logitnorm,1,0.67,0.15,logitnorm,none
City-B,T5,5x,800.0,S3_Lin4,cross_regime,M_stress,500,True,2,903.9,589.3,210.7,0.3481,0.0,dist_logitnorm,1,0.67,0.15,logitnorm,none
City-B,T5,5x,800.0,S4_GlobalCalib,routine,M_routine,500,True,2,987.8,863.6,0.0,0.1258,1.0,dist_logitnorm,1,0.67,0.15,logitnorm,none
City-B,T5,5x,800.0,S4_GlobalCalib,cross_regime,M_stress,500,True,2,987.8,574.1,225.9,0.4188,0.0,dist_logitnorm,1,0.67,0.15,logitnorm,none
City-B,T5,5x,800.0,S5_CityCalib,routine,M_routine,500,True,2,1002.2,863.6,0.0,0.1384,1.0,dist_logitnorm,1,0.67,0.15,logitnorm,none
City-B,T5,5x,800.0,S5_CityCalib,cross_regime,M_stress,500,True,2,1002.2,574.1,225.9,0.4272,0.0,dist_logitnorm,1,0.67,0.15,logitnorm,none
City-B,T5,5x,800.0,S6_Q10,routine,M_routine,500,True,3,1007.6,1259.8,0.0,0.0,1.0,dist_logitnorm,1,0.67,0.15,logitnorm,none
City-B,T5,5x,800.0,S6_Q10,cross_regime,M_stress,500,True,3,1007.6,913.3,0.0,0.0935,1.0,dist_logitnorm,1,0.67,0.15,logitnorm,none
City-B,T5,10x,1600.0,S0a_RoutineOracle,routine,M_routine,500,True,3,1616.9,1616.9,0.0,0.0,1.0,dist_logitnorm,1,0.67,0.15,logitnorm,none
City-B,T5,10x,1600.0,S0a_RoutineOracle,cross_regime,M_stress,500,True,3,1616.9,730.6,869.4,0.5482,0.0,dist_logitnorm,1,0.67,0.15,logitnorm,none
City-B,T5,10x,1600.0,S0b_StressOracle,routine,M_routine,500,True,6,1723.7,2197.4,0.0,0.0,1.0,dist_logitnorm,1,0.67,0.15,logitnorm,none
City-B,T5,10x,1600.0,S0b_StressOracle,cross_regime,M_stress,500,True,6,1723.7,1723.7,0.0,0.0,1.0,dist_logitnorm,1,0.67,0.15,logitnorm,none
City-B,T5,10x,1600.0,S1_CapRR,routine,M_routine,500,True,3,2203.9,1259.8,340.2,0.4284,0.0,dist_logitnorm,1,0.67,0.15,logitnorm,none
City-B,T5,10x,1600.0,S1_CapRR,cross_regime,M_stress,500,True,3,2203.9,913.3,686.7,0.5856,0.0,dist_logitnorm,1,0.67,0.15,logitnorm,none
City-B,T5,10x,1600.0,S2_Platform,routine,M_routine,500,True,4,2025.8,1358.4,241.6,0.3294,0.0,dist_logitnorm,1,0.67,0.15,logitnorm,none
City-B,T5,10x,1600.0,S2_Platform,cross_regime,M_stress,500,True,4,2025.8,1161.8,438.2,0.4265,0.0,dist_logitnorm,1,0.67,0.15,logitnorm,none
City-B,T5,10x,1600.0,S3_Lin4,routine,M_routine,500,True,4,1785.7,1602.2,0.0,0.1028,1.0,dist_logitnorm,1,0.67,0.15,logitnorm,none
City-B,T5,10x,1600.0,S3_Lin4,cross_regime,M_stress,500,True,4,1785.7,1163.4,436.6,0.3485,0.0,dist_logitnorm,1,0.67,0.15,logitnorm,none
City-B,T5,10x,1600.0,S4_GlobalCalib,routine,M_routine,500,True,4,1933.1,1602.2,0.0,0.1711,1.0,dist_logitnorm,1,0.67,0.15,logitnorm,none
City-B,T5,10x,1600.0,S4_GlobalCalib,cross_regime,M_stress,500,True,4,1933.1,1163.4,436.6,0.3982,0.0,dist_logitnorm,1,0.67,0.15,logitnorm,none
City-B,T5,10x,1600.0,S5_CityCalib,routine,M_routine,500,True,4,1961.1,1602.2,0.0,0.183,1.0,dist_logitnorm,1,0.67,0.15,logitnorm,none
City-B,T5,10x,1600.0,S5_CityCalib,cross_regime,M_stress,500,True,4,1961.1,1163.4,436.6,0.4068,0.0,dist_logitnorm,1,0.67,0.15,logitnorm,none
City-B,T5,10x,1600.0,S6_Q10,routine,M_routine,500,True,5,1610.1,1921.5,0.0,0.0,1.0,dist_logitnorm,1,0.67,0.15,logitnorm,none
City-B,T5,10x,1600.0,S6_Q10,cross_regime,M_stress,500,True,5,1610.1,1450.6,149.4,0.099,0.0,dist_logitnorm,1,0.67,0.15,logitnorm,none
City-C,T1,1x,180.0,S0a_RoutineOracle,routine,M_routine,650,True,1,596.7,596.7,0.0,0.0,1.0,dist_logitnorm,1,0.67,0.15,logitnorm,none
City-C,T1,1x,180.0,S0a_RoutineOracle,cross_regime,M_stress,650,True,1,596.7,189.4,0.0,0.6825,1.0,dist_logitnorm,1,0.67,0.15,logitnorm,none
City-C,T1,1x,180.0,S0b_StressOracle,routine,M_routine,650,True,1,338.1,528.4,0.0,0.0,1.0,dist_logitnorm,1,0.67,0.15,logitnorm,none
City-C,T1,1x,180.0,S0b_StressOracle,cross_regime,M_stress,650,True,1,338.1,338.1,0.0,0.0,1.0,dist_logitnorm,1,0.67,0.15,logitnorm,none
City-C,T1,1x,180.0,S1_CapRR,routine,M_routine,650,True,1,737.0,528.4,0.0,0.2831,1.0,dist_logitnorm,1,0.67,0.15,logitnorm,none
City-C,T1,1x,180.0,S1_CapRR,cross_regime,M_stress,650,True,1,737.0,338.1,0.0,0.5413,1.0,dist_logitnorm,1,0.67,0.15,logitnorm,none
City-C,T1,1x,180.0,S2_Platform,routine,M_routine,650,True,1,460.9,528.4,0.0,0.0,1.0,dist_logitnorm,1,0.67,0.15,logitnorm,none
City-C,T1,1x,180.0,S2_Platform,cross_regime,M_stress,650,True,1,460.9,338.1,0.0,0.2665,1.0,dist_logitnorm,1,0.67,0.15,logitnorm,none
City-C,T1,1x,180.0,S3_Lin4,routine,M_routine,650,True,1,414.4,528.4,0.0,0.0,1.0,dist_logitnorm,1,0.67,0.15,logitnorm,none
City-C,T1,1x,180.0,S3_Lin4,cross_regime,M_stress,650,True,1,414.4,338.1,0.0,0.1843,1.0,dist_logitnorm,1,0.67,0.15,logitnorm,none
City-C,T1,1x,180.0,S4_GlobalCalib,routine,M_routine,650,True,1,488.0,528.4,0.0,0.0,1.0,dist_logitnorm,1,0.67,0.15,logitnorm,none
City-C,T1,1x,180.0,S4_GlobalCalib,cross_regime,M_stress,650,True,1,488.0,338.1,0.0,0.3073,1.0,dist_logitnorm,1,0.67,0.15,logitnorm,none
City-C,T1,1x,180.0,S5_CityCalib,routine,M_routine,650,True,1,486.5,528.4,0.0,0.0,1.0,dist_logitnorm,1,0.67,0.15,logitnorm,none
City-C,T1,1x,180.0,S5_CityCalib,cross_regime,M_stress,650,True,1,486.5,338.1,0.0,0.3052,1.0,dist_logitnorm,1,0.67,0.15,logitnorm,none
City-C,T1,1x,180.0,S6_Q10,routine,M_routine,650,True,1,337.5,528.4,0.0,0.0,1.0,dist_logitnorm,1,0.67,0.15,logitnorm,none
City-C,T1,1x,180.0,S6_Q10,cross_regime,M_stress,650,True,1,337.5,338.1,0.0,0.0,1.0,dist_logitnorm,1,0.67,0.15,logitnorm,none
City-C,T1,2x,360.0,S0a_RoutineOracle,routine,M_routine,650,True,1,596.7,596.7,0.0,0.0,1.0,dist_logitnorm,1,0.67,0.15,logitnorm,none
City-C,T1,2x,360.0,S0a_RoutineOracle,cross_regime,M_stress,650,True,1,596.7,189.4,170.6,0.6825,0.0,dist_logitnorm,1,0.67,0.15,logitnorm,none
City-C,T1,2x,360.0,S0b_StressOracle,routine,M_routine,650,True,2,664.6,963.6,0.0,0.0,1.0,dist_logitnorm,1,0.67,0.15,logitnorm,none
City-C,T1,2x,360.0,S0b_StressOracle,cross_regime,M_stress,650,True,2,664.6,664.6,0.0,0.0,1.0,dist_logitnorm,1,0.67,0.15,logitnorm,none
City-C,T1,2x,360.0,S1_CapRR,routine,M_routine,650,True,1,737.0,528.4,0.0,0.2831,1.0,dist_logitnorm,1,0.67,0.15,logitnorm,none
City-C,T1,2x,360.0,S1_CapRR,cross_regime,M_stress,650,True,1,737.0,338.1,21.9,0.5413,0.0,dist_logitnorm,1,0.67,0.15,logitnorm,none
City-C,T1,2x,360.0,S2_Platform,routine,M_routine,650,True,1,460.9,528.4,0.0,0.0,1.0,dist_logitnorm,1,0.67,0.15,logitnorm,none
City-C,T1,2x,360.0,S2_Platform,cross_regime,M_stress,650,True,1,460.9,338.1,21.9,0.2665,0.0,dist_logitnorm,1,0.67,0.15,logitnorm,none
City-C,T1,2x,360.0,S3_Lin4,routine,M_routine,650,True,1,414.4,528.4,0.0,0.0,1.0,dist_logitnorm,1,0.67,0.15,logitnorm,none
City-C,T1,2x,360.0,S3_Lin4,cross_regime,M_stress,650,True,1,414.4,338.1,21.9,0.1843,0.0,dist_logitnorm,1,0.67,0.15,logitnorm,none
City-C,T1,2x,360.0,S4_GlobalCalib,routine,M_routine,650,True,1,488.0,528.4,0.0,0.0,1.0,dist_logitnorm,1,0.67,0.15,logitnorm,none
City-C,T1,2x,360.0,S4_GlobalCalib,cross_regime,M_stress,650,True,1,488.0,338.1,21.9,0.3073,0.0,dist_logitnorm,1,0.67,0.15,logitnorm,none
City-C,T1,2x,360.0,S5_CityCalib,routine,M_routine,650,True,1,486.5,528.4,0.0,0.0,1.0,dist_logitnorm,1,0.67,0.15,logitnorm,none
City-C,T1,2x,360.0,S5_CityCalib,cross_regime,M_stress,650,True,1,486.5,338.1,21.9,0.3052,0.0,dist_logitnorm,1,0.67,0.15,logitnorm,none
City-C,T1,2x,360.0,S6_Q10,routine,M_routine,650,True,2,659.3,1125.1,0.0,0.0,1.0,dist_logitnorm,1,0.67,0.15,logitnorm,none
City-C,T1,2x,360.0,S6_Q10,cross_regime,M_stress,650,True,2,659.3,527.5,0.0,0.1999,1.0,dist_logitnorm,1,0.67,0.15,logitnorm,none
City-C,T1,5x,900.0,S0a_RoutineOracle,routine,M_routine,650,True,2,1125.1,1125.1,0.0,0.0,1.0,dist_logitnorm,1,0.67,0.15,logitnorm,none
City-C,T1,5x,900.0,S0a_RoutineOracle,cross_regime,M_stress,650,True,2,1125.1,527.5,372.5,0.5312,0.0,dist_logitnorm,1,0.67,0.15,logitnorm,none
City-C,T1,5x,900.0,S0b_StressOracle,routine,M_routine,650,True,3,973.3,1415.7,0.0,0.0,1.0,dist_logitnorm,1,0.67,0.15,logitnorm,none
City-C,T1,5x,900.0,S0b_StressOracle,cross_regime,M_stress,650,True,3,973.3,973.3,0.0,0.0,1.0,dist_logitnorm,1,0.67,0.15,logitnorm,none
City-C,T1,5x,900.0,S1_CapRR,routine,M_routine,650,True,2,1439.5,1125.1,0.0,0.2184,1.0,dist_logitnorm,1,0.67,0.15,logitnorm,none
City-C,T1,5x,900.0,S1_CapRR,cross_regime,M_stress,650,True,2,1439.5,527.5,372.5,0.6336,0.0,dist_logitnorm,1,0.67,0.15,logitnorm,none
City-C,T1,5x,900.0,S2_Platform,routine,M_routine,650,True,2,904.5,1125.1,0.0,0.0,1.0,dist_logitnorm,1,0.67,0.15,logitnorm,none
City-C,T1,5x,900.0,S2_Platform,cross_regime,M_stress,650,True,2,904.5,527.5,372.5,0.4168,0.0,dist_logitnorm,1,0.67,0.15,logitnorm,none
City-C,T1,5x,900.0,S3_Lin4,routine,M_routine,650,True,3,1201.4,1577.1,0.0,0.0,1.0,dist_logitnorm,1,0.67,0.15,logitnorm,none
City-C,T1,5x,900.0,S3_Lin4,cross_regime,M_stress,650,True,3,1201.4,836.2,63.8,0.3039,0.0,dist_logitnorm,1,0.67,0.15,logitnorm,none
City-C,T1,5x,900.0,S4_GlobalCalib,routine,M_routine,650,True,2,953.2,1125.1,0.0,0.0,1.0,dist_logitnorm,1,0.67,0.15,logitnorm,none
City-C,T1,5x,900.0,S4_GlobalCalib,cross_regime,M_stress,650,True,2,953.2,527.5,372.5,0.4466,0.0,dist_logitnorm,1,0.67,0.15,logitnorm,none
City-C,T1,5x,900.0,S5_CityCalib,routine,M_routine,650,True,2,950.3,1125.1,0.0,0.0,1.0,dist_logitnorm,1,0.67,0.15,logitnorm,none
City-C,T1,5x,900.0,S5_CityCalib,cross_regime,M_stress,650,True,2,950.3,527.5,372.5,0.4449,0.0,dist_logitnorm,1,0.67,0.15,logitnorm,none
City-C,T1,5x,900.0,S6_Q10,routine,M_routine,650,True,3,953.1,1577.1,0.0,0.0,1.0,dist_logitnorm,1,0.67,0.15,logitnorm,none
City-C,T1,5x,900.0,S6_Q10,cross_regime,M_stress,650,True,3,953.1,836.2,63.8,0.1226,0.0,dist_logitnorm,1,0.67,0.15,logitnorm,none
City-C,T1,10x,1800.0,S0a_RoutineOracle,routine,M_routine,650,True,4,2040.9,2040.9,0.0,0.0,1.0,dist_logitnorm,1,0.67,0.15,logitnorm,none
City-C,T1,10x,1800.0,S0a_RoutineOracle,cross_regime,M_stress,650,True,4,2040.9,1135.1,664.9,0.4438,0.0,dist_logitnorm,1,0.67,0.15,logitnorm,none
City-C,T1,10x,1800.0,S0b_StressOracle,routine,M_routine,650,True,6,1875.1,2499.4,0.0,0.0,1.0,dist_logitnorm,1,0.67,0.15,logitnorm,none
City-C,T1,10x,1800.0,S0b_StressOracle,cross_regime,M_stress,650,True,6,1875.1,1875.1,0.0,0.0,1.0,dist_logitnorm,1,0.67,0.15,logitnorm,none
City-C,T1,10x,1800.0,S1_CapRR,routine,M_routine,650,True,3,2081.1,1577.1,222.9,0.2422,0.0,dist_logitnorm,1,0.67,0.15,logitnorm,none
City-C,T1,10x,1800.0,S1_CapRR,cross_regime,M_stress,650,True,3,2081.1,836.2,963.8,0.5982,0.0,dist_logitnorm,1,0.67,0.15,logitnorm,none
City-C,T1,10x,1800.0,S2_Platform,routine,M_routine,650,True,5,2117.9,2150.2,0.0,0.0,1.0,dist_logitnorm,1,0.67,0.15,logitnorm,none
City-C,T1,10x,1800.0,S2_Platform,cross_regime,M_stress,650,True,5,2117.9,1362.3,437.7,0.3568,0.0,dist_logitnorm,1,0.67,0.15,logitnorm,none
City-C,T1,10x,1800.0,S3_Lin4,routine,M_routine,650,True,5,1951.7,2144.8,0.0,0.0,1.0,dist_logitnorm,1,0.67,0.15,logitnorm,none
City-C,T1,10x,1800.0,S3_Lin4,cross_regime,M_stress,650,True,5,1951.7,1402.8,397.2,0.2812,0.0,dist_logitnorm,1,0.67,0.15,logitnorm,none
City-C,T1,10x,1800.0,S4_GlobalCalib,routine,M_routine,650,True,5,2149.9,2404.6,0.0,0.0,1.0,dist_logitnorm,1,0.67,0.15,logitnorm,none
City-C,T1,10x,1800.0,S4_GlobalCalib,cross_regime,M_stress,650,True,5,2149.9,1409.6,390.4,0.3443,0.0,dist_logitnorm,1,0.67,0.15,logitnorm,none
City-C,T1,10x,1800.0,S5_CityCalib,routine,M_routine,650,True,5,2143.4,2404.6,0.0,0.0,1.0,dist_logitnorm,1,0.67,0.15,logitnorm,none
City-C,T1,10x,1800.0,S5_CityCalib,cross_regime,M_stress,650,True,5,2143.4,1409.6,390.4,0.3423,0.0,dist_logitnorm,1,0.67,0.15,logitnorm,none
City-C,T1,10x,1800.0,S6_Q10,routine,M_routine,650,True,7,2002.6,3197.0,0.0,0.0,1.0,dist_logitnorm,1,0.67,0.15,logitnorm,none
City-C,T1,10x,1800.0,S6_Q10,cross_regime,M_stress,650,True,7,2002.6,1976.6,0.0,0.013,1.0,dist_logitnorm,1,0.67,0.15,logitnorm,none
City-C,T2,1x,260.0,S0a_RoutineOracle,routine,M_routine,650,True,1,544.5,544.5,0.0,0.0,1.0,dist_logitnorm,1,0.67,0.15,logitnorm,none
City-C,T2,1x,260.0,S0a_RoutineOracle,cross_regime,M_stress,650,True,1,544.5,217.5,42.5,0.6006,0.0,dist_logitnorm,1,0.67,0.15,logitnorm,none
City-C,T2,1x,260.0,S0b_StressOracle,routine,M_routine,650,True,1,393.6,421.8,0.0,0.0,1.0,dist_logitnorm,1,0.67,0.15,logitnorm,none
City-C,T2,1x,260.0,S0b_StressOracle,cross_regime,M_stress,650,True,1,393.6,393.6,0.0,0.0,1.0,dist_logitnorm,1,0.67,0.15,logitnorm,none
City-C,T2,1x,260.0,S1_CapRR,routine,M_routine,650,True,1,737.0,421.8,0.0,0.4277,1.0,dist_logitnorm,1,0.67,0.15,logitnorm,none
City-C,T2,1x,260.0,S1_CapRR,cross_regime,M_stress,650,True,1,737.0,393.6,0.0,0.466,1.0,dist_logitnorm,1,0.67,0.15,logitnorm,none
City-C,T2,1x,260.0,S2_Platform,routine,M_routine,650,True,1,467.3,421.8,0.0,0.0973,1.0,dist_logitnorm,1,0.67,0.15,logitnorm,none
City-C,T2,1x,260.0,S2_Platform,cross_regime,M_stress,650,True,1,467.3,393.6,0.0,0.1577,1.0,dist_logitnorm,1,0.67,0.15,logitnorm,none
City-C,T2,1x,260.0,S3_Lin4,routine,M_routine,650,True,1,419.3,421.8,0.0,0.0,1.0,dist_logitnorm,1,0.67,0.15,logitnorm,none
City-C,T2,1x,260.0,S3_Lin4,cross_regime,M_stress,650,True,1,419.3,393.6,0.0,0.0614,1.0,dist_logitnorm,1,0.67,0.15,logitnorm,none
City-C,T2,1x,260.0,S4_GlobalCalib,routine,M_routine,650,True,1,492.1,421.8,0.0,0.1429,1.0,dist_logitnorm,1,0.67,0.15,logitnorm,none
City-C,T2,1x,260.0,S4_GlobalCalib,cross_regime,M_stress,650,True,1,492.1,393.6,0.0,0.2002,1.0,dist_logitnorm,1,0.67,0.15,logitnorm,none
City-C,T2,1x,260.0,S5_CityCalib,routine,M_routine,650,True,1,484.2,421.8,0.0,0.1289,1.0,dist_logitnorm,1,0.67,0.15,logitnorm,none
City-C,T2,1x,260.0,S5_CityCalib,cross_regime,M_stress,650,True,1,484.2,393.6,0.0,0.1871,1.0,dist_logitnorm,1,0.67,0.15,logitnorm,none
City-C,T2,1x,260.0,S6_Q10,routine,M_routine,650,True,1,337.6,421.8,0.0,0.0,1.0,dist_logitnorm,1,0.67,0.15,logitnorm,none
City-C,T2,1x,260.0,S6_Q10,cross_regime,M_stress,650,True,1,337.6,393.6,0.0,0.0,1.0,dist_logitnorm,1,0.67,0.15,logitnorm,none
City-C,T2,2x,520.0,S0a_RoutineOracle,routine,M_routine,650,True,1,544.5,544.5,0.0,0.0,1.0,dist_logitnorm,1,0.67,0.15,logitnorm,none
City-C,T2,2x,520.0,S0a_RoutineOracle,cross_regime,M_stress,650,True,1,544.5,217.5,302.5,0.6006,0.0,dist_logitnorm,1,0.67,0.15,logitnorm,none
City-C,T2,2x,520.0,S0b_StressOracle,routine,M_routine,650,True,2,751.2,894.3,0.0,0.0,1.0,dist_logitnorm,1,0.67,0.15,logitnorm,none
City-C,T2,2x,520.0,S0b_StressOracle,cross_regime,M_stress,650,True,2,751.2,751.2,0.0,0.0,1.0,dist_logitnorm,1,0.67,0.15,logitnorm,none
City-C,T2,2x,520.0,S1_CapRR,routine,M_routine,650,True,1,737.0,421.8,98.2,0.4277,0.0,dist_logitnorm,1,0.67,0.15,logitnorm,none
City-C,T2,2x,520.0,S1_CapRR,cross_regime,M_stress,650,True,1,737.0,393.6,126.4,0.466,0.0,dist_logitnorm,1,0.67,0.15,logitnorm,none
City-C,T2,2x,520.0,S2_Platform,routine,M_routine,650,True,2,902.1,966.3,0.0,0.0,1.0,dist_logitnorm,1,0.67,0.15,logitnorm,none
City-C,T2,2x,520.0,S2_Platform,cross_regime,M_stress,650,True,2,902.1,611.1,0.0,0.3226,1.0,dist_logitnorm,1,0.67,0.15,logitnorm,none
City-C,T2,2x,520.0,S3_Lin4,routine,M_routine,650,True,2,821.0,966.3,0.0,0.0,1.0,dist_logitnorm,1,0.67,0.15,logitnorm,none
City-C,T2,2x,520.0,S3_Lin4,cross_regime,M_stress,650,True,2,821.0,611.1,0.0,0.2557,1.0,dist_logitnorm,1,0.67,0.15,logitnorm,none
City-C,T2,2x,520.0,S4_GlobalCalib,routine,M_routine,650,True,2,961.2,966.3,0.0,0.0,1.0,dist_logitnorm,1,0.67,0.15,logitnorm,none
City-C,T2,2x,520.0,S4_GlobalCalib,cross_regime,M_stress,650,True,2,961.2,611.1,0.0,0.3643,1.0,dist_logitnorm,1,0.67,0.15,logitnorm,none
City-C,T2,2x,520.0,S5_CityCalib,routine,M_routine,650,True,2,945.8,966.3,0.0,0.0,1.0,dist_logitnorm,1,0.67,0.15,logitnorm,none
City-C,T2,2x,520.0,S5_CityCalib,cross_regime,M_stress,650,True,2,945.8,611.1,0.0,0.3539,1.0,dist_logitnorm,1,0.67,0.15,logitnorm,none
City-C,T2,2x,520.0,S6_Q10,routine,M_routine,650,True,2,659.4,966.3,0.0,0.0,1.0,dist_logitnorm,1,0.67,0.15,logitnorm,none
City-C,T2,2x,520.0,S6_Q10,cross_regime,M_stress,650,True,2,659.4,611.1,0.0,0.0733,1.0,dist_logitnorm,1,0.67,0.15,logitnorm,none
City-C,T2,5x,1300.0,S0a_RoutineOracle,routine,M_routine,650,True,3,1581.9,1581.9,0.0,0.0,1.0,dist_logitnorm,1,0.67,0.15,logitnorm,none
City-C,T2,5x,1300.0,S0a_RoutineOracle,cross_regime,M_stress,650,True,3,1581.9,795.6,504.4,0.4971,0.0,dist_logitnorm,1,0.67,0.15,logitnorm,none
City-C,T2,5x,1300.0,S0b_StressOracle,routine,M_routine,650,True,4,1329.3,1931.7,0.0,0.0,1.0,dist_logitnorm,1,0.67,0.15,logitnorm,none
City-C,T2,5x,1300.0,S0b_StressOracle,cross_regime,M_stress,650,True,4,1329.3,1329.3,0.0,0.0,1.0,dist_logitnorm,1,0.67,0.15,logitnorm,none
City-C,T2,5x,1300.0,S1_CapRR,routine,M_routine,650,True,2,1439.5,966.3,333.7,0.3287,0.0,dist_logitnorm,1,0.67,0.15,logitnorm,none
City-C,T2,5x,1300.0,S1_CapRR,cross_regime,M_stress,650,True,2,1439.5,611.1,688.9,0.5755,0.0,dist_logitnorm,1,0.67,0.15,logitnorm,none
City-C,T2,5x,1300.0,S2_Platform,routine,M_routine,650,True,3,1301.1,1487.3,0.0,0.0,1.0,dist_logitnorm,1,0.67,0.15,logitnorm,none
City-C,T2,5x,1300.0,S2_Platform,cross_regime,M_stress,650,True,3,1301.1,898.6,401.4,0.3094,0.0,dist_logitnorm,1,0.67,0.15,logitnorm,none
City-C,T2,5x,1300.0,S3_Lin4,routine,M_routine,650,True,4,1597.5,1899.6,0.0,0.0,1.0,dist_logitnorm,1,0.67,0.15,logitnorm,none
City-C,T2,5x,1300.0,S3_Lin4,cross_regime,M_stress,650,True,4,1597.5,1077.5,222.5,0.3255,0.0,dist_logitnorm,1,0.67,0.15,logitnorm,none
City-C,T2,5x,1300.0,S4_GlobalCalib,routine,M_routine,650,True,3,1389.5,1487.3,0.0,0.0,1.0,dist_logitnorm,1,0.67,0.15,logitnorm,none
City-C,T2,5x,1300.0,S4_GlobalCalib,cross_regime,M_stress,650,True,3,1389.5,898.6,401.4,0.3533,0.0,dist_logitnorm,1,0.67,0.15,logitnorm,none
City-C,T2,5x,1300.0,S5_CityCalib,routine,M_routine,650,True,3,1367.4,1487.3,0.0,0.0,1.0,dist_logitnorm,1,0.67,0.15,logitnorm,none
City-C,T2,5x,1300.0,S5_CityCalib,cross_regime,M_stress,650,True,3,1367.4,898.6,401.4,0.3429,0.0,dist_logitnorm,1,0.67,0.15,logitnorm,none
City-C,T2,5x,1300.0,S6_Q10,routine,M_routine,650,True,5,1486.8,2370.6,0.0,0.0,1.0,dist_logitnorm,1,0.67,0.15,logitnorm,none
City-C,T2,5x,1300.0,S6_Q10,cross_regime,M_stress,650,True,5,1486.8,1492.0,0.0,0.0,1.0,dist_logitnorm,1,0.67,0.15,logitnorm,none
City-C,T2,10x,2600.0,S0a_RoutineOracle,routine,M_routine,650,True,6,2951.8,2951.8,0.0,0.0,1.0,dist_logitnorm,1,0.67,0.15,logitnorm,none
City-C,T2,10x,2600.0,S0a_RoutineOracle,cross_regime,M_stress,650,True,6,2951.8,1641.0,959.0,0.4441,0.0,dist_logitnorm,1,0.67,0.15,logitnorm,none
City-C,T2,10x,2600.0,S0b_StressOracle,routine,M_routine,650,True,9,2655.3,3496.7,0.0,0.0,1.0,dist_logitnorm,1,0.67,0.15,logitnorm,none
City-C,T2,10x,2600.0,S0b_StressOracle,cross_regime,M_stress,650,True,9,2655.3,2655.3,0.0,0.0,1.0,dist_logitnorm,1,0.67,0.15,logitnorm,none
City-C,T2,10x,2600.0,S1_CapRR,routine,M_routine,650,True,4,2666.6,1959.8,640.2,0.2651,0.0,dist_logitnorm,1,0.67,0.15,logitnorm,none
City-C,T2,10x,2600.0,S1_CapRR,cross_regime,M_stress,650,True,4,2666.6,1256.2,1343.8,0.5289,0.0,dist_logitnorm,1,0.67,0.15,logitnorm,none
City-C,T2,10x,2600.0,S2_Platform,routine,M_routine,650,True,7,2815.8,3039.1,0.0,0.0,1.0,dist_logitnorm,1,0.67,0.15,logitnorm,none
City-C,T2,10x,2600.0,S2_Platform,cross_regime,M_stress,650,True,7,2815.8,1959.3,640.7,0.3042,0.0,dist_logitnorm,1,0.67,0.15,logitnorm,none
City-C,T2,10x,2600.0,S3_Lin4,routine,M_routine,650,True,7,2684.1,3224.5,0.0,0.0,1.0,dist_logitnorm,1,0.67,0.15,logitnorm,none
City-C,T2,10x,2600.0,S3_Lin4,cross_regime,M_stress,650,True,7,2684.1,1877.7,722.3,0.3004,0.0,dist_logitnorm,1,0.67,0.15,logitnorm,none
City-C,T2,10x,2600.0,S4_GlobalCalib,routine,M_routine,650,True,7,2919.4,3362.7,0.0,0.0,1.0,dist_logitnorm,1,0.67,0.15,logitnorm,none
City-C,T2,10x,2600.0,S4_GlobalCalib,cross_regime,M_stress,650,True,7,2919.4,1876.8,723.2,0.3571,0.0,dist_logitnorm,1,0.67,0.15,logitnorm,none
City-C,T2,10x,2600.0,S5_CityCalib,routine,M_routine,650,True,7,2874.3,3362.7,0.0,0.0,1.0,dist_logitnorm,1,0.67,0.15,logitnorm,none
City-C,T2,10x,2600.0,S5_CityCalib,cross_regime,M_stress,650,True,7,2874.3,1876.8,723.2,0.347,0.0,dist_logitnorm,1,0.67,0.15,logitnorm,none
City-C,T2,10x,2600.0,S6_Q10,routine,M_routine,650,True,10,2750.2,4217.3,0.0,0.0,1.0,dist_logitnorm,1,0.67,0.15,logitnorm,none
City-C,T2,10x,2600.0,S6_Q10,cross_regime,M_stress,650,True,10,2750.2,2553.9,46.1,0.0714,0.0,dist_logitnorm,1,0.67,0.15,logitnorm,none
City-C,T3,1x,200.0,S0a_RoutineOracle,routine,M_routine,650,True,1,405.2,405.2,0.0,0.0,1.0,dist_logitnorm,1,0.67,0.15,logitnorm,none
City-C,T3,1x,200.0,S0a_RoutineOracle,cross_regime,M_stress,650,True,1,405.2,124.4,75.6,0.6929,0.0,dist_logitnorm,1,0.67,0.15,logitnorm,none
City-C,T3,1x,200.0,S0b_StressOracle,routine,M_routine,650,True,1,334.5,349.9,0.0,0.0,1.0,dist_logitnorm,1,0.67,0.15,logitnorm,none
City-C,T3,1x,200.0,S0b_StressOracle,cross_regime,M_stress,650,True,1,334.5,334.5,0.0,0.0,1.0,dist_logitnorm,1,0.67,0.15,logitnorm,none
City-C,T3,1x,200.0,S1_CapRR,routine,M_routine,650,True,1,648.6,336.5,0.0,0.4813,1.0,dist_logitnorm,1,0.67,0.15,logitnorm,none
City-C,T3,1x,200.0,S1_CapRR,cross_regime,M_stress,650,True,1,648.6,227.1,0.0,0.6499,1.0,dist_logitnorm,1,0.67,0.15,logitnorm,none
City-C,T3,1x,200.0,S2_Platform,routine,M_routine,650,True,1,456.8,336.5,0.0,0.2634,1.0,dist_logitnorm,1,0.67,0.15,logitnorm,none
City-C,T3,1x,200.0,S2_Platform,cross_regime,M_stress,650,True,1,456.8,227.1,0.0,0.5028,1.0,dist_logitnorm,1,0.67,0.15,logitnorm,none
City-C,T3,1x,200.0,S3_Lin4,routine,M_routine,650,True,1,405.0,336.5,0.0,0.1693,1.0,dist_logitnorm,1,0.67,0.15,logitnorm,none
City-C,T3,1x,200.0,S3_Lin4,cross_regime,M_stress,650,True,1,405.0,227.1,0.0,0.4393,1.0,dist_logitnorm,1,0.67,0.15,logitnorm,none
City-C,T3,1x,200.0,S4_GlobalCalib,routine,M_routine,650,True,1,431.1,336.5,0.0,0.2196,1.0,dist_logitnorm,1,0.67,0.15,logitnorm,none
City-C,T3,1x,200.0,S4_GlobalCalib,cross_regime,M_stress,650,True,1,431.1,227.1,0.0,0.4732,1.0,dist_logitnorm,1,0.67,0.15,logitnorm,none
City-C,T3,1x,200.0,S5_CityCalib,routine,M_routine,650,True,1,430.1,336.5,0.0,0.2178,1.0,dist_logitnorm,1,0.67,0.15,logitnorm,none
City-C,T3,1x,200.0,S5_CityCalib,cross_regime,M_stress,650,True,1,430.1,227.1,0.0,0.472,1.0,dist_logitnorm,1,0.67,0.15,logitnorm,none
City-C,T3,1x,200.0,S6_Q10,routine,M_routine,650,True,1,296.3,336.5,0.0,0.0,1.0,dist_logitnorm,1,0.67,0.15,logitnorm,none
City-C,T3,1x,200.0,S6_Q10,cross_regime,M_stress,650,True,1,296.3,227.1,0.0,0.2335,1.0,dist_logitnorm,1,0.67,0.15,logitnorm,none
City-C,T3,2x,400.0,S0a_RoutineOracle,routine,M_routine,650,True,1,405.2,405.2,0.0,0.0,1.0,dist_logitnorm,1,0.67,0.15,logitnorm,none
City-C,T3,2x,400.0,S0a_RoutineOracle,cross_regime,M_stress,650,True,1,405.2,124.4,275.6,0.6929,0.0,dist_logitnorm,1,0.67,0.15,logitnorm,none
City-C,T3,2x,400.0,S0b_StressOracle,routine,M_routine,650,True,2,638.1,615.7,0.0,0.0352,1.0,dist_logitnorm,1,0.67,0.15,logitnorm,none
City-C,T3,2x,400.0,S0b_StressOracle,cross_regime,M_stress,650,True,2,638.1,638.1,0.0,0.0,1.0,dist_logitnorm,1,0.67,0.15,logitnorm,none
City-C,T3,2x,400.0,S1_CapRR,routine,M_routine,650,True,1,648.6,336.5,63.5,0.4813,0.0,dist_logitnorm,1,0.67,0.15,logitnorm,none
City-C,T3,2x,400.0,S1_CapRR,cross_regime,M_stress,650,True,1,648.6,227.1,172.9,0.6499,0.0,dist_logitnorm,1,0.67,0.15,logitnorm,none
City-C,T3,2x,400.0,S2_Platform,routine,M_routine,650,True,1,456.8,336.5,63.5,0.2634,0.0,dist_logitnorm,1,0.67,0.15,logitnorm,none
City-C,T3,2x,400.0,S2_Platform,cross_regime,M_stress,650,True,1,456.8,227.1,172.9,0.5028,0.0,dist_logitnorm,1,0.67,0.15,logitnorm,none
City-C,T3,2x,400.0,S3_Lin4,routine,M_routine,650,True,1,405.0,336.5,63.5,0.1693,0.0,dist_logitnorm,1,0.67,0.15,logitnorm,none
City-C,T3,2x,400.0,S3_Lin4,cross_regime,M_stress,650,True,1,405.0,227.1,172.9,0.4393,0.0,dist_logitnorm,1,0.67,0.15,logitnorm,none
City-C,T3,2x,400.0,S4_GlobalCalib,routine,M_routine,650,True,1,431.1,336.5,63.5,0.2196,0.0,dist_logitnorm,1,0.67,0.15,logitnorm,none
City-C,T3,2x,400.0,S4_GlobalCalib,cross_regime,M_stress,650,True,1,431.1,227.1,172.9,0.4732,0.0,dist_logitnorm,1,0.67,0.15,logitnorm,none
City-C,T3,2x,400.0,S5_CityCalib,routine,M_routine,650,True,1,430.1,336.5,63.5,0.2178,0.0,dist_logitnorm,1,0.67,0.15,logitnorm,none
City-C,T3,2x,400.0,S5_CityCalib,cross_regime,M_stress,650,True,1,430.1,227.1,172.9,0.472,0.0,dist_logitnorm,1,0.67,0.15,logitnorm,none
City-C,T3,2x,400.0,S6_Q10,routine,M_routine,650,True,2,578.7,637.2,0.0,0.0,1.0,dist_logitnorm,1,0.67,0.15,logitnorm,none
City-C,T3,2x,400.0,S6_Q10,cross_regime,M_stress,650,True,2,578.7,465.2,0.0,0.1962,1.0,dist_logitnorm,1,0.67,0.15,logitnorm,none
City-C,T3,5x,1000.0,S0a_RoutineOracle,routine,M_routine,650,True,3,1158.6,1158.6,0.0,0.0,1.0,dist_logitnorm,1,0.67,0.15,logitnorm,none
City-C,T3,5x,1000.0,S0a_RoutineOracle,cross_regime,M_stress,650,True,3,1158.6,684.0,316.0,0.4096,0.0,dist_logitnorm,1,0.67,0.15,logitnorm,none
City-C,T3,5x,1000.0,S0b_StressOracle,routine,M_routine,650,True,4,1159.5,1128.1,0.0,0.027,1.0,dist_logitnorm,1,0.67,0.15,logitnorm,none
City-C,T3,5x,1000.0,S0b_StressOracle,cross_regime,M_stress,650,True,4,1159.5,1159.5,0.0,0.0,1.0,dist_logitnorm,1,0.67,0.15,logitnorm,none
City-C,T3,5x,1000.0,S1_CapRR,routine,M_routine,650,True,2,1266.8,637.2,362.8,0.497,0.0,dist_logitnorm,1,0.67,0.15,logitnorm,none
City-C,T3,5x,1000.0,S1_CapRR,cross_regime,M_stress,650,True,2,1266.8,465.2,534.8,0.6328,0.0,dist_logitnorm,1,0.67,0.15,logitnorm,none
City-C,T3,5x,1000.0,S2_Platform,routine,M_routine,650,True,3,1285.7,768.4,231.6,0.4024,0.0,dist_logitnorm,1,0.67,0.15,logitnorm,none
City-C,T3,5x,1000.0,S2_Platform,cross_regime,M_stress,650,True,3,1285.7,605.1,394.9,0.5294,0.0,dist_logitnorm,1,0.67,0.15,logitnorm,none
City-C,T3,5x,1000.0,S3_Lin4,routine,M_routine,650,True,3,1173.8,987.1,12.9,0.159,0.0,dist_logitnorm,1,0.67,0.15,logitnorm,none
City-C,T3,5x,1000.0,S3_Lin4,cross_regime,M_stress,650,True,3,1173.8,799.7,200.3,0.3187,0.0,dist_logitnorm,1,0.67,0.15,logitnorm,none
City-C,T3,5x,1000.0,S4_GlobalCalib,routine,M_routine,650,True,3,1217.4,987.1,12.9,0.1891,0.0,dist_logitnorm,1,0.67,0.15,logitnorm,none
City-C,T3,5x,1000.0,S4_GlobalCalib,cross_regime,M_stress,650,True,3,1217.4,799.7,200.3,0.3431,0.0,dist_logitnorm,1,0.67,0.15,logitnorm,none
City-C,T3,5x,1000.0,S5_CityCalib,routine,M_routine,650,True,3,1214.6,987.1,12.9,0.1873,0.0,dist_logitnorm,1,0.67,0.15,logitnorm,none
City-C,T3,5x,1000.0,S5_CityCalib,cross_regime,M_stress,650,True,3,1214.6,799.7,200.3,0.3416,0.0,dist_logitnorm,1,0.67,0.15,logitnorm,none
City-C,T3,5x,1000.0,S6_Q10,routine,M_routine,650,True,4,1072.0,1276.9,0.0,0.0,1.0,dist_logitnorm,1,0.67,0.15,logitnorm,none
City-C,T3,5x,1000.0,S6_Q10,cross_regime,M_stress,650,True,4,1072.0,1075.0,0.0,0.0,1.0,dist_logitnorm,1,0.67,0.15,logitnorm,none
City-C,T3,10x,2000.0,S0a_RoutineOracle,routine,M_routine,650,True,6,2163.1,2163.1,0.0,0.0,1.0,dist_logitnorm,1,0.67,0.15,logitnorm,none
City-C,T3,10x,2000.0,S0a_RoutineOracle,cross_regime,M_stress,650,True,6,2163.1,1387.2,612.8,0.3587,0.0,dist_logitnorm,1,0.67,0.15,logitnorm,none
City-C,T3,10x,2000.0,S0b_StressOracle,routine,M_routine,650,True,8,2118.4,2385.3,0.0,0.0,1.0,dist_logitnorm,1,0.67,0.15,logitnorm,none
City-C,T3,10x,2000.0,S0b_StressOracle,cross_regime,M_stress,650,True,8,2118.4,2118.4,0.0,0.0,1.0,dist_logitnorm,1,0.67,0.15,logitnorm,none
City-C,T3,10x,2000.0,S1_CapRR,routine,M_routine,650,True,4,2346.7,1276.9,723.1,0.4559,0.0,dist_logitnorm,1,0.67,0.15,logitnorm,none
City-C,T3,10x,2000.0,S1_CapRR,cross_regime,M_stress,650,True,4,2346.7,1075.0,925.0,0.5419,0.0,dist_logitnorm,1,0.67,0.15,logitnorm,none
City-C,T3,10x,2000.0,S2_Platform,routine,M_routine,650,True,5,2048.1,1440.4,559.6,0.2967,0.0,dist_logitnorm,1,0.67,0.15,logitnorm,none
City-C,T3,10x,2000.0,S2_Platform,cross_regime,M_stress,650,True,5,2048.1,1182.3,817.7,0.4227,0.0,dist_logitnorm,1,0.67,0.15,logitnorm,none
City-C,T3,10x,2000.0,S3_Lin4,routine,M_routine,650,True,6,2264.0,1641.8,358.2,0.2748,0.0,dist_logitnorm,1,0.67,0.15,logitnorm,none
City-C,T3,10x,2000.0,S3_Lin4,cross_regime,M_stress,650,True,6,2264.0,1423.6,576.4,0.3712,0.0,dist_logitnorm,1,0.67,0.15,logitnorm,none
City-C,T3,10x,2000.0,S4_GlobalCalib,routine,M_routine,650,True,6,2230.8,2000.8,0.0,0.1031,1.0,dist_logitnorm,1,0.67,0.15,logitnorm,none
City-C,T3,10x,2000.0,S4_GlobalCalib,cross_regime,M_stress,650,True,6,2230.8,1518.0,482.0,0.3195,0.0,dist_logitnorm,1,0.67,0.15,logitnorm,none
City-C,T3,10x,2000.0,S5_CityCalib,routine,M_routine,650,True,6,2225.9,2000.8,0.0,0.1011,1.0,dist_logitnorm,1,0.67,0.15,logitnorm,none
City-C,T3,10x,2000.0,S5_CityCalib,cross_regime,M_stress,650,True,6,2225.9,1518.0,482.0,0.318,0.0,dist_logitnorm,1,0.67,0.15,logitnorm,none
City-C,T3,10x,2000.0,S6_Q10,routine,M_routine,650,True,9,2197.2,2710.3,0.0,0.0,1.0,dist_logitnorm,1,0.67,0.15,logitnorm,none
City-C,T3,10x,2000.0,S6_Q10,cross_regime,M_stress,650,True,9,2197.2,2290.3,0.0,0.0,1.0,dist_logitnorm,1,0.67,0.15,logitnorm,none
City-C,T4,1x,140.0,S0a_RoutineOracle,routine,M_routine,650,True,1,637.6,637.6,0.0,0.0,1.0,dist_logitnorm,1,0.67,0.15,logitnorm,none
City-C,T4,1x,140.0,S0a_RoutineOracle,cross_regime,M_stress,650,True,1,637.6,413.3,0.0,0.3518,1.0,dist_logitnorm,1,0.67,0.15,logitnorm,none
City-C,T4,1x,140.0,S0b_StressOracle,routine,M_routine,650,True,1,413.3,637.6,0.0,0.0,1.0,dist_logitnorm,1,0.67,0.15,logitnorm,none
City-C,T4,1x,140.0,S0b_StressOracle,cross_regime,M_stress,650,True,1,413.3,413.3,0.0,0.0,1.0,dist_logitnorm,1,0.67,0.15,logitnorm,none
City-C,T4,1x,140.0,S1_CapRR,routine,M_routine,650,True,1,737.0,353.4,0.0,0.5205,1.0,dist_logitnorm,1,0.67,0.15,logitnorm,none
City-C,T4,1x,140.0,S1_CapRR,cross_regime,M_stress,650,True,1,737.0,360.3,0.0,0.5111,1.0,dist_logitnorm,1,0.67,0.15,logitnorm,none
City-C,T4,1x,140.0,S2_Platform,routine,M_routine,650,True,1,377.7,266.6,0.0,0.2942,1.0,dist_logitnorm,1,0.67,0.15,logitnorm,none
City-C,T4,1x,140.0,S2_Platform,cross_regime,M_stress,650,True,1,377.7,145.2,0.0,0.6155,1.0,dist_logitnorm,1,0.67,0.15,logitnorm,none
City-C,T4,1x,140.0,S3_Lin4,routine,M_routine,650,True,1,418.2,353.4,0.0,0.1549,1.0,dist_logitnorm,1,0.67,0.15,logitnorm,none
City-C,T4,1x,140.0,S3_Lin4,cross_regime,M_stress,650,True,1,418.2,360.3,0.0,0.1384,1.0,dist_logitnorm,1,0.67,0.15,logitnorm,none
City-C,T4,1x,140.0,S4_GlobalCalib,routine,M_routine,650,True,1,489.5,353.4,0.0,0.278,1.0,dist_logitnorm,1,0.67,0.15,logitnorm,none
City-C,T4,1x,140.0,S4_GlobalCalib,cross_regime,M_stress,650,True,1,489.5,360.3,0.0,0.2639,1.0,dist_logitnorm,1,0.67,0.15,logitnorm,none
City-C,T4,1x,140.0,S5_CityCalib,routine,M_routine,650,True,1,487.7,353.4,0.0,0.2754,1.0,dist_logitnorm,1,0.67,0.15,logitnorm,none
City-C,T4,1x,140.0,S5_CityCalib,cross_regime,M_stress,650,True,1,487.7,360.3,0.0,0.2612,1.0,dist_logitnorm,1,0.67,0.15,logitnorm,none
City-C,T4,1x,140.0,S6_Q10,routine,M_routine,650,True,1,340.5,353.4,0.0,0.0,1.0,dist_logitnorm,1,0.67,0.15,logitnorm,none
City-C,T4,1x,140.0,S6_Q10,cross_regime,M_stress,650,True,1,340.5,360.3,0.0,0.0,1.0,dist_logitnorm,1,0.67,0.15,logitnorm,none
City-C,T4,2x,280.0,S0a_RoutineOracle,routine,M_routine,650,True,1,637.6,637.6,0.0,0.0,1.0,dist_logitnorm,1,0.67,0.15,logitnorm,none
City-C,T4,2x,280.0,S0a_RoutineOracle,cross_regime,M_stress,650,True,1,637.6,413.3,0.0,0.3518,1.0,dist_logitnorm,1,0.67,0.15,logitnorm,none
City-C,T4,2x,280.0,S0b_StressOracle,routine,M_routine,650,True,1,413.3,637.6,0.0,0.0,1.0,dist_logitnorm,1,0.67,0.15,logitnorm,none
City-C,T4,2x,280.0,S0b_StressOracle,cross_regime,M_stress,650,True,1,413.3,413.3,0.0,0.0,1.0,dist_logitnorm,1,0.67,0.15,logitnorm,none
City-C,T4,2x,280.0,S1_CapRR,routine,M_routine,650,True,1,737.0,353.4,0.0,0.5205,1.0,dist_logitnorm,1,0.67,0.15,logitnorm,none
City-C,T4,2x,280.0,S1_CapRR,cross_regime,M_stress,650,True,1,737.0,360.3,0.0,0.5111,1.0,dist_logitnorm,1,0.67,0.15,logitnorm,none
City-C,T4,2x,280.0,S2_Platform,routine,M_routine,650,True,1,377.7,266.6,13.4,0.2942,0.0,dist_logitnorm,1,0.67,0.15,logitnorm,none
City-C,T4,2x,280.0,S2_Platform,cross_regime,M_stress,650,True,1,377.7,145.2,134.8,0.6155,0.0,dist_logitnorm,1,0.67,0.15,logitnorm,none
City-C,T4,2x,280.0,S3_Lin4,routine,M_routine,650,True,1,418.2,353.4,0.0,0.1549,1.0,dist_logitnorm,1,0.67,0.15,logitnorm,none
City-C,T4,2x,280.0,S3_Lin4,cross_regime,M_stress,650,True,1,418.2,360.3,0.0,0.1384,1.0,dist_logitnorm,1,0.67,0.15,logitnorm,none
City-C,T4,2x,280.0,S4_GlobalCalib,routine,M_routine,650,True,1,489.5,353.4,0.0,0.278,1.0,dist_logitnorm,1,0.67,0.15,logitnorm,none
City-C,T4,2x,280.0,S4_GlobalCalib,cross_regime,M_stress,650,True,1,489.5,360.3,0.0,0.2639,1.0,dist_logitnorm,1,0.67,0.15,logitnorm,none
City-C,T4,2x,280.0,S5_CityCalib,routine,M_routine,650,True,1,487.7,353.4,0.0,0.2754,1.0,dist_logitnorm,1,0.67,0.15,logitnorm,none
City-C,T4,2x,280.0,S5_CityCalib,cross_regime,M_stress,650,True,1,487.7,360.3,0.0,0.2612,1.0,dist_logitnorm,1,0.67,0.15,logitnorm,none
City-C,T4,2x,280.0,S6_Q10,routine,M_routine,650,True,1,340.5,353.4,0.0,0.0,1.0,dist_logitnorm,1,0.67,0.15,logitnorm,none
City-C,T4,2x,280.0,S6_Q10,cross_regime,M_stress,650,True,1,340.5,360.3,0.0,0.0,1.0,dist_logitnorm,1,0.67,0.15,logitnorm,none
City-C,T4,5x,700.0,S0a_RoutineOracle,routine,M_routine,650,True,2,1142.7,1142.7,0.0,0.0,1.0,dist_logitnorm,1,0.67,0.15,logitnorm,none
City-C,T4,5x,700.0,S0a_RoutineOracle,cross_regime,M_stress,650,True,2,1142.7,600.6,99.4,0.4744,0.0,dist_logitnorm,1,0.67,0.15,logitnorm,none
City-C,T4,5x,700.0,S0b_StressOracle,routine,M_routine,650,True,2,773.6,991.0,0.0,0.0,1.0,dist_logitnorm,1,0.67,0.15,logitnorm,none
City-C,T4,5x,700.0,S0b_StressOracle,cross_regime,M_stress,650,True,2,773.6,773.6,0.0,0.0,1.0,dist_logitnorm,1,0.67,0.15,logitnorm,none
City-C,T4,5x,700.0,S1_CapRR,routine,M_routine,650,True,1,737.0,353.4,346.6,0.5205,0.0,dist_logitnorm,1,0.67,0.15,logitnorm,none
City-C,T4,5x,700.0,S1_CapRR,cross_regime,M_stress,650,True,1,737.0,360.3,339.7,0.5111,0.0,dist_logitnorm,1,0.67,0.15,logitnorm,none
City-C,T4,5x,700.0,S2_Platform,routine,M_routine,650,True,2,738.2,904.1,0.0,0.0,1.0,dist_logitnorm,1,0.67,0.15,logitnorm,none
City-C,T4,5x,700.0,S2_Platform,cross_regime,M_stress,650,True,2,738.2,558.5,141.5,0.2435,0.0,dist_logitnorm,1,0.67,0.15,logitnorm,none
City-C,T4,5x,700.0,S3_Lin4,routine,M_routine,650,True,2,818.6,991.0,0.0,0.0,1.0,dist_logitnorm,1,0.67,0.15,logitnorm,none
City-C,T4,5x,700.0,S3_Lin4,cross_regime,M_stress,650,True,2,818.6,773.6,0.0,0.055,1.0,dist_logitnorm,1,0.67,0.15,logitnorm,none
City-C,T4,5x,700.0,S4_GlobalCalib,routine,M_routine,650,True,2,956.0,991.0,0.0,0.0,1.0,dist_logitnorm,1,0.67,0.15,logitnorm,none
City-C,T4,5x,700.0,S4_GlobalCalib,cross_regime,M_stress,650,True,2,956.0,773.6,0.0,0.1909,1.0,dist_logitnorm,1,0.67,0.15,logitnorm,none
City-C,T4,5x,700.0,S5_CityCalib,routine,M_routine,650,True,2,952.6,991.0,0.0,0.0,1.0,dist_logitnorm,1,0.67,0.15,logitnorm,none
City-C,T4,5x,700.0,S5_CityCalib,cross_regime,M_stress,650,True,2,952.6,773.6,0.0,0.1879,1.0,dist_logitnorm,1,0.67,0.15,logitnorm,none
City-C,T4,5x,700.0,S6_Q10,routine,M_routine,650,True,3,961.4,1186.8,0.0,0.0,1.0,dist_logitnorm,1,0.67,0.15,logitnorm,none
City-C,T4,5x,700.0,S6_Q10,cross_regime,M_stress,650,True,3,961.4,1060.8,0.0,0.0,1.0,dist_logitnorm,1,0.67,0.15,logitnorm,none
City-C,T4,10x,1400.0,S0a_RoutineOracle,routine,M_routine,650,True,3,1609.4,1609.4,0.0,0.0,1.0,dist_logitnorm,1,0.67,0.15,logitnorm,none
City-C,T4,10x,1400.0,S0a_RoutineOracle,cross_regime,M_stress,650,True,3,1609.4,887.0,513.0,0.4488,0.0,dist_logitnorm,1,0.67,0.15,logitnorm,none
City-C,T4,10x,1400.0,S0b_StressOracle,routine,M_routine,650,True,5,1647.9,2079.3,0.0,0.0,1.0,dist_logitnorm,1,0.67,0.15,logitnorm,none
City-C,T4,10x,1400.0,S0b_StressOracle,cross_regime,M_stress,650,True,5,1647.9,1647.9,0.0,0.0,1.0,dist_logitnorm,1,0.67,0.15,logitnorm,none
City-C,T4,10x,1400.0,S1_CapRR,routine,M_routine,650,True,2,1439.5,991.0,409.0,0.3116,0.0,dist_logitnorm,1,0.67,0.15,logitnorm,none
City-C,T4,10x,1400.0,S1_CapRR,cross_regime,M_stress,650,True,2,1439.5,773.6,626.4,0.4626,0.0,dist_logitnorm,1,0.67,0.15,logitnorm,none
City-C,T4,10x,1400.0,S2_Platform,routine,M_routine,650,True,4,1425.4,1713.6,0.0,0.0,1.0,dist_logitnorm,1,0.67,0.15,logitnorm,none
City-C,T4,10x,1400.0,S2_Platform,cross_regime,M_stress,650,True,4,1425.4,1060.2,339.8,0.2562,0.0,dist_logitnorm,1,0.67,0.15,logitnorm,none
City-C,T4,10x,1400.0,S3_Lin4,routine,M_routine,650,True,4,1592.7,1653.5,0.0,0.0,1.0,dist_logitnorm,1,0.67,0.15,logitnorm,none
City-C,T4,10x,1400.0,S3_Lin4,cross_regime,M_stress,650,True,4,1592.7,1347.3,52.7,0.1541,0.0,dist_logitnorm,1,0.67,0.15,logitnorm,none
City-C,T4,10x,1400.0,S4_GlobalCalib,routine,M_routine,650,True,4,1771.2,1540.5,0.0,0.1303,1.0,dist_logitnorm,1,0.67,0.15,logitnorm,none
City-C,T4,10x,1400.0,S4_GlobalCalib,cross_regime,M_stress,650,True,4,1771.2,1336.9,63.1,0.2452,0.0,dist_logitnorm,1,0.67,0.15,logitnorm,none
City-C,T4,10x,1400.0,S5_CityCalib,routine,M_routine,650,True,4,1765.1,1540.5,0.0,0.1272,1.0,dist_logitnorm,1,0.67,0.15,logitnorm,none
City-C,T4,10x,1400.0,S5_CityCalib,cross_regime,M_stress,650,True,4,1765.1,1336.9,63.1,0.2426,0.0,dist_logitnorm,1,0.67,0.15,logitnorm,none
City-C,T4,10x,1400.0,S6_Q10,routine,M_routine,650,True,5,1499.4,1966.2,0.0,0.0,1.0,dist_logitnorm,1,0.67,0.15,logitnorm,none
City-C,T4,10x,1400.0,S6_Q10,cross_regime,M_stress,650,True,5,1499.4,1637.6,0.0,0.0,1.0,dist_logitnorm,1,0.67,0.15,logitnorm,none
City-C,T5,1x,160.0,S0a_RoutineOracle,routine,M_routine,650,True,1,430.3,430.3,0.0,0.0,1.0,dist_logitnorm,1,0.67,0.15,logitnorm,none
City-C,T5,1x,160.0,S0a_RoutineOracle,cross_regime,M_stress,650,True,1,430.3,263.7,0.0,0.3872,1.0,dist_logitnorm,1,0.67,0.15,logitnorm,none
City-C,T5,1x,160.0,S0b_StressOracle,routine,M_routine,650,True,1,318.6,353.0,0.0,0.0,1.0,dist_logitnorm,1,0.67,0.15,logitnorm,none
City-C,T5,1x,160.0,S0b_StressOracle,cross_regime,M_stress,650,True,1,318.6,318.6,0.0,0.0,1.0,dist_logitnorm,1,0.67,0.15,logitnorm,none
City-C,T5,1x,160.0,S1_CapRR,routine,M_routine,650,True,1,648.6,395.8,0.0,0.3897,1.0,dist_logitnorm,1,0.67,0.15,logitnorm,none
City-C,T5,1x,160.0,S1_CapRR,cross_regime,M_stress,650,True,1,648.6,282.4,0.0,0.5646,1.0,dist_logitnorm,1,0.67,0.15,logitnorm,none
City-C,T5,1x,160.0,S2_Platform,routine,M_routine,650,True,1,451.5,395.8,0.0,0.1233,1.0,dist_logitnorm,1,0.67,0.15,logitnorm,none
City-C,T5,1x,160.0,S2_Platform,cross_regime,M_stress,650,True,1,451.5,282.4,0.0,0.3744,1.0,dist_logitnorm,1,0.67,0.15,logitnorm,none
City-C,T5,1x,160.0,S3_Lin4,routine,M_routine,650,True,1,405.3,395.8,0.0,0.0233,1.0,dist_logitnorm,1,0.67,0.15,logitnorm,none
City-C,T5,1x,160.0,S3_Lin4,cross_regime,M_stress,650,True,1,405.3,282.4,0.0,0.3031,1.0,dist_logitnorm,1,0.67,0.15,logitnorm,none
City-C,T5,1x,160.0,S4_GlobalCalib,routine,M_routine,650,True,1,431.3,395.8,0.0,0.0823,1.0,dist_logitnorm,1,0.67,0.15,logitnorm,none
City-C,T5,1x,160.0,S4_GlobalCalib,cross_regime,M_stress,650,True,1,431.3,282.4,0.0,0.3452,1.0,dist_logitnorm,1,0.67,0.15,logitnorm,none
City-C,T5,1x,160.0,S5_CityCalib,routine,M_routine,650,True,1,426.9,395.8,0.0,0.0727,1.0,dist_logitnorm,1,0.67,0.15,logitnorm,none
City-C,T5,1x,160.0,S5_CityCalib,cross_regime,M_stress,650,True,1,426.9,282.4,0.0,0.3384,1.0,dist_logitnorm,1,0.67,0.15,logitnorm,none
City-C,T5,1x,160.0,S6_Q10,routine,M_routine,650,True,1,296.5,395.8,0.0,0.0,1.0,dist_logitnorm,1,0.67,0.15,logitnorm,none
City-C,T5,1x,160.0,S6_Q10,cross_regime,M_stress,650,True,1,296.5,282.4,0.0,0.0475,1.0,dist_logitnorm,1,0.67,0.15,logitnorm,none
City-C,T5,2x,320.0,S0a_RoutineOracle,routine,M_routine,650,True,1,430.3,430.3,0.0,0.0,1.0,dist_logitnorm,1,0.67,0.15,logitnorm,none
City-C,T5,2x,320.0,S0a_RoutineOracle,cross_regime,M_stress,650,True,1,430.3,263.7,56.3,0.3872,0.0,dist_logitnorm,1,0.67,0.15,logitnorm,none
City-C,T5,2x,320.0,S0b_StressOracle,routine,M_routine,650,True,2,628.8,736.0,0.0,0.0,1.0,dist_logitnorm,1,0.67,0.15,logitnorm,none
City-C,T5,2x,320.0,S0b_StressOracle,cross_regime,M_stress,650,True,2,628.8,628.8,0.0,0.0,1.0,dist_logitnorm,1,0.67,0.15,logitnorm,none
City-C,T5,2x,320.0,S1_CapRR,routine,M_routine,650,True,1,648.6,395.8,0.0,0.3897,1.0,dist_logitnorm,1,0.67,0.15,logitnorm,none
City-C,T5,2x,320.0,S1_CapRR,cross_regime,M_stress,650,True,1,648.6,282.4,37.6,0.5646,0.0,dist_logitnorm,1,0.67,0.15,logitnorm,none
City-C,T5,2x,320.0,S2_Platform,routine,M_routine,650,True,1,451.5,395.8,0.0,0.1233,1.0,dist_logitnorm,1,0.67,0.15,logitnorm,none
City-C,T5,2x,320.0,S2_Platform,cross_regime,M_stress,650,True,1,451.5,282.4,37.6,0.3744,0.0,dist_logitnorm,1,0.67,0.15,logitnorm,none
City-C,T5,2x,320.0,S3_Lin4,routine,M_routine,650,True,1,405.3,395.8,0.0,0.0233,1.0,dist_logitnorm,1,0.67,0.15,logitnorm,none
City-C,T5,2x,320.0,S3_Lin4,cross_regime,M_stress,650,True,1,405.3,282.4,37.6,0.3031,0.0,dist_logitnorm,1,0.67,0.15,logitnorm,none
City-C,T5,2x,320.0,S4_GlobalCalib,routine,M_routine,650,True,1,431.3,395.8,0.0,0.0823,1.0,dist_logitnorm,1,0.67,0.15,logitnorm,none
City-C,T5,2x,320.0,S4_GlobalCalib,cross_regime,M_stress,650,True,1,431.3,282.4,37.6,0.3452,0.0,dist_logitnorm,1,0.67,0.15,logitnorm,none
City-C,T5,2x,320.0,S5_CityCalib,routine,M_routine,650,True,1,426.9,395.8,0.0,0.0727,1.0,dist_logitnorm,1,0.67,0.15,logitnorm,none
City-C,T5,2x,320.0,S5_CityCalib,cross_regime,M_stress,650,True,1,426.9,282.4,37.6,0.3384,0.0,dist_logitnorm,1,0.67,0.15,logitnorm,none
City-C,T5,2x,320.0,S6_Q10,routine,M_routine,650,True,2,579.2,748.9,0.0,0.0,1.0,dist_logitnorm,1,0.67,0.15,logitnorm,none
City-C,T5,2x,320.0,S6_Q10,cross_regime,M_stress,650,True,2,579.2,601.1,0.0,0.0,1.0,dist_logitnorm,1,0.67,0.15,logitnorm,none
City-C,T5,5x,800.0,S0a_RoutineOracle,routine,M_routine,650,True,2,855.3,855.3,0.0,0.0,1.0,dist_logitnorm,1,0.67,0.15,logitnorm,none
City-C,T5,5x,800.0,S0a_RoutineOracle,cross_regime,M_stress,650,True,2,855.3,411.7,388.3,0.5186,0.0,dist_logitnorm,1,0.67,0.15,logitnorm,none
City-C,T5,5x,800.0,S0b_StressOracle,routine,M_routine,650,True,3,911.3,1131.8,0.0,0.0,1.0,dist_logitnorm,1,0.67,0.15,logitnorm,none
City-C,T5,5x,800.0,S0b_StressOracle,cross_regime,M_stress,650,True,3,911.3,911.3,0.0,0.0,1.0,dist_logitnorm,1,0.67,0.15,logitnorm,none
City-C,T5,5x,800.0,S1_CapRR,routine,M_routine,650,True,2,1266.8,748.9,51.1,0.4089,0.0,dist_logitnorm,1,0.67,0.15,logitnorm,none
City-C,T5,5x,800.0,S1_CapRR,cross_regime,M_stress,650,True,2,1266.8,601.1,198.9,0.5255,0.0,dist_logitnorm,1,0.67,0.15,logitnorm,none
City-C,T5,5x,800.0,S2_Platform,routine,M_routine,650,True,2,882.9,710.8,89.2,0.195,0.0,dist_logitnorm,1,0.67,0.15,logitnorm,none
City-C,T5,5x,800.0,S2_Platform,cross_regime,M_stress,650,True,2,882.9,392.8,407.2,0.5551,0.0,dist_logitnorm,1,0.67,0.15,logitnorm,none
City-C,T5,5x,800.0,S3_Lin4,routine,M_routine,650,True,3,1174.3,1173.9,0.0,0.0004,1.0,dist_logitnorm,1,0.67,0.15,logitnorm,none
City-C,T5,5x,800.0,S3_Lin4,cross_regime,M_stress,650,True,3,1174.3,749.1,50.9,0.3621,0.0,dist_logitnorm,1,0.67,0.15,logitnorm,none
City-C,T5,5x,800.0,S4_GlobalCalib,routine,M_routine,650,True,2,842.4,748.9,51.1,0.111,0.0,dist_logitnorm,1,0.67,0.15,logitnorm,none
City-C,T5,5x,800.0,S4_GlobalCalib,cross_regime,M_stress,650,True,2,842.4,601.1,198.9,0.2865,0.0,dist_logitnorm,1,0.67,0.15,logitnorm,none
City-C,T5,5x,800.0,S5_CityCalib,routine,M_routine,650,True,2,833.8,748.9,51.1,0.1018,0.0,dist_logitnorm,1,0.67,0.15,logitnorm,none
City-C,T5,5x,800.0,S5_CityCalib,cross_regime,M_stress,650,True,2,833.8,601.1,198.9,0.2791,0.0,dist_logitnorm,1,0.67,0.15,logitnorm,none
City-C,T5,5x,800.0,S6_Q10,routine,M_routine,650,True,3,837.3,1173.9,0.0,0.0,1.0,dist_logitnorm,1,0.67,0.15,logitnorm,none
City-C,T5,5x,800.0,S6_Q10,cross_regime,M_stress,650,True,3,837.3,749.1,50.9,0.1053,0.0,dist_logitnorm,1,0.67,0.15,logitnorm,none
City-C,T5,10x,1600.0,S0a_RoutineOracle,routine,M_routine,650,True,4,1668.7,1668.7,0.0,0.0,1.0,dist_logitnorm,1,0.67,0.15,logitnorm,none
City-C,T5,10x,1600.0,S0a_RoutineOracle,cross_regime,M_stress,650,True,4,1668.7,925.6,674.4,0.4453,0.0,dist_logitnorm,1,0.67,0.15,logitnorm,none
City-C,T5,10x,1600.0,S0b_StressOracle,routine,M_routine,650,True,6,1649.7,2281.9,0.0,0.0,1.0,dist_logitnorm,1,0.67,0.15,logitnorm,none
City-C,T5,10x,1600.0,S0b_StressOracle,cross_regime,M_stress,650,True,6,1649.7,1649.7,0.0,0.0,1.0,dist_logitnorm,1,0.67,0.15,logitnorm,none
City-C,T5,10x,1600.0,S1_CapRR,routine,M_routine,650,True,3,1831.4,1173.9,426.1,0.359,0.0,dist_logitnorm,1,0.67,0.15,logitnorm,none
City-C,T5,10x,1600.0,S1_CapRR,cross_regime,M_stress,650,True,3,1831.4,749.1,850.9,0.591,0.0,dist_logitnorm,1,0.67,0.15,logitnorm,none
City-C,T5,10x,1600.0,S2_Platform,routine,M_routine,650,True,4,1670.1,1273.0,327.0,0.2377,0.0,dist_logitnorm,1,0.67,0.15,logitnorm,none
City-C,T5,10x,1600.0,S2_Platform,cross_regime,M_stress,650,True,4,1670.1,786.8,813.2,0.5289,0.0,dist_logitnorm,1,0.67,0.15,logitnorm,none
City-C,T5,10x,1600.0,S3_Lin4,routine,M_routine,650,True,5,1921.0,1863.5,0.0,0.0299,1.0,dist_logitnorm,1,0.67,0.15,logitnorm,none
City-C,T5,10x,1600.0,S3_Lin4,cross_regime,M_stress,650,True,5,1921.0,1232.4,367.6,0.3585,0.0,dist_logitnorm,1,0.67,0.15,logitnorm,none
City-C,T5,10x,1600.0,S4_GlobalCalib,routine,M_routine,650,True,5,1899.3,1871.7,0.0,0.0145,1.0,dist_logitnorm,1,0.67,0.15,logitnorm,none
City-C,T5,10x,1600.0,S4_GlobalCalib,cross_regime,M_stress,650,True,5,1899.3,1169.7,430.3,0.3842,0.0,dist_logitnorm,1,0.67,0.15,logitnorm,none
City-C,T5,10x,1600.0,S5_CityCalib,routine,M_routine,650,True,5,1880.5,1871.7,0.0,0.0047,1.0,dist_logitnorm,1,0.67,0.15,logitnorm,none
City-C,T5,10x,1600.0,S5_CityCalib,cross_regime,M_stress,650,True,5,1880.5,1169.7,430.3,0.378,0.0,dist_logitnorm,1,0.67,0.15,logitnorm,none
City-C,T5,10x,1600.0,S6_Q10,routine,M_routine,650,True,7,1759.3,2591.5,0.0,0.0,1.0,dist_logitnorm,1,0.67,0.15,logitnorm,none
City-C,T5,10x,1600.0,S6_Q10,cross_regime,M_stress,650,True,7,1759.3,1644.4,0.0,0.0653,1.0,dist_logitnorm,1,0.67,0.15,logitnorm,none
