city,task_id,p_req_level,p_req,strategy,regime,eval_outcome,pool_size,pool_feasible,n_selected,p_commit,p_deliv,shortfall,ocr,success,config_name,seed_id,xi_mean,xi_std,xi_dist,xi_persistence
City-A,T1,1x,180.0,S0a_RoutineOracle,routine,M_routine,800,True,1,463.4,463.4,0.0,0.0,1.0,std_0.1,9,0.67,0.1,beta,none
City-A,T1,1x,180.0,S0a_RoutineOracle,cross_regime,M_stress,800,True,1,463.4,272.2,0.0,0.4127,1.0,std_0.1,9,0.67,0.1,beta,none
City-A,T1,1x,180.0,S0b_StressOracle,routine,M_routine,800,True,1,292.8,283.5,0.0,0.0319,1.0,std_0.1,9,0.67,0.1,beta,none
City-A,T1,1x,180.0,S0b_StressOracle,cross_regime,M_stress,800,True,1,292.8,292.8,0.0,0.0,1.0,std_0.1,9,0.67,0.1,beta,none
City-A,T1,1x,180.0,S1_CapRR,routine,M_routine,800,True,1,678.2,415.6,0.0,0.3871,1.0,std_0.1,9,0.67,0.1,beta,none
City-A,T1,1x,180.0,S1_CapRR,cross_regime,M_stress,800,True,1,678.2,189.7,0.0,0.7203,1.0,std_0.1,9,0.67,0.1,beta,none
City-A,T1,1x,180.0,S2_Platform,routine,M_routine,800,True,1,421.1,415.6,0.0,0.0129,1.0,std_0.1,9,0.67,0.1,beta,none
City-A,T1,1x,180.0,S2_Platform,cross_regime,M_stress,800,True,1,421.1,189.7,0.0,0.5496,1.0,std_0.1,9,0.67,0.1,beta,none
City-A,T1,1x,180.0,S3_Lin4,routine,M_routine,800,True,1,494.7,415.6,0.0,0.1599,1.0,std_0.1,9,0.67,0.1,beta,none
City-A,T1,1x,180.0,S3_Lin4,cross_regime,M_stress,800,True,1,494.7,189.7,0.0,0.6166,1.0,std_0.1,9,0.67,0.1,beta,none
City-A,T1,1x,180.0,S4_GlobalCalib,routine,M_routine,800,True,1,455.6,415.6,0.0,0.0877,1.0,std_0.1,9,0.67,0.1,beta,none
City-A,T1,1x,180.0,S4_GlobalCalib,cross_regime,M_stress,800,True,1,455.6,189.7,0.0,0.5837,1.0,std_0.1,9,0.67,0.1,beta,none
City-A,T1,1x,180.0,S5_CityCalib,routine,M_routine,800,True,1,460.3,415.6,0.0,0.097,1.0,std_0.1,9,0.67,0.1,beta,none
City-A,T1,1x,180.0,S5_CityCalib,cross_regime,M_stress,800,True,1,460.3,189.7,0.0,0.5879,1.0,std_0.1,9,0.67,0.1,beta,none
City-A,T1,1x,180.0,S6_Q10,routine,M_routine,800,True,1,359.1,415.6,0.0,0.0,1.0,std_0.1,9,0.67,0.1,beta,none
City-A,T1,1x,180.0,S6_Q10,cross_regime,M_stress,800,True,1,359.1,189.7,0.0,0.4718,1.0,std_0.1,9,0.67,0.1,beta,none
City-A,T1,2x,360.0,S0a_RoutineOracle,routine,M_routine,800,True,1,463.4,463.4,0.0,0.0,1.0,std_0.1,9,0.67,0.1,beta,none
City-A,T1,2x,360.0,S0a_RoutineOracle,cross_regime,M_stress,800,True,1,463.4,272.2,87.8,0.4127,0.0,std_0.1,9,0.67,0.1,beta,none
City-A,T1,2x,360.0,S0b_StressOracle,routine,M_routine,800,True,2,565.8,607.4,0.0,0.0,1.0,std_0.1,9,0.67,0.1,beta,none
City-A,T1,2x,360.0,S0b_StressOracle,cross_regime,M_stress,800,True,2,565.8,565.8,0.0,0.0,1.0,std_0.1,9,0.67,0.1,beta,none
City-A,T1,2x,360.0,S1_CapRR,routine,M_routine,800,True,1,678.2,415.6,0.0,0.3871,1.0,std_0.1,9,0.67,0.1,beta,none
City-A,T1,2x,360.0,S1_CapRR,cross_regime,M_stress,800,True,1,678.2,189.7,170.3,0.7203,0.0,std_0.1,9,0.67,0.1,beta,none
City-A,T1,2x,360.0,S2_Platform,routine,M_routine,800,True,1,421.1,415.6,0.0,0.0129,1.0,std_0.1,9,0.67,0.1,beta,none
City-A,T1,2x,360.0,S2_Platform,cross_regime,M_stress,800,True,1,421.1,189.7,170.3,0.5496,0.0,std_0.1,9,0.67,0.1,beta,none
City-A,T1,2x,360.0,S3_Lin4,routine,M_routine,800,True,1,494.7,415.6,0.0,0.1599,1.0,std_0.1,9,0.67,0.1,beta,none
City-A,T1,2x,360.0,S3_Lin4,cross_regime,M_stress,800,True,1,494.7,189.7,170.3,0.6166,0.0,std_0.1,9,0.67,0.1,beta,none
City-A,T1,2x,360.0,S4_GlobalCalib,routine,M_routine,800,True,1,455.6,415.6,0.0,0.0877,1.0,std_0.1,9,0.67,0.1,beta,none
City-A,T1,2x,360.0,S4_GlobalCalib,cross_regime,M_stress,800,True,1,455.6,189.7,170.3,0.5837,0.0,std_0.1,9,0.67,0.1,beta,none
City-A,T1,2x,360.0,S5_CityCalib,routine,M_routine,800,True,1,460.3,415.6,0.0,0.097,1.0,std_0.1,9,0.67,0.1,beta,none
City-A,T1,2x,360.0,S5_CityCalib,cross_regime,M_stress,800,True,1,460.3,189.7,170.3,0.5879,0.0,std_0.1,9,0.67,0.1,beta,none
City-A,T1,2x,360.0,S6_Q10,routine,M_routine,800,True,2,684.8,879.0,0.0,0.0,1.0,std_0.1,9,0.67,0.1,beta,none
City-A,T1,2x,360.0,S6_Q10,cross_regime,M_stress,800,True,2,684.8,461.8,0.0,0.3256,1.0,std_0.1,9,0.67,0.1,beta,none
City-A,T1,5x,900.0,S0a_RoutineOracle,routine,M_routine,800,True,3,1291.5,1291.5,0.0,0.0,1.0,std_0.1,9,0.67,0.1,beta,none
City-A,T1,5x,900.0,S0a_RoutineOracle,cross_regime,M_stress,800,True,3,1291.5,681.2,218.8,0.4726,0.0,std_0.1,9,0.67,0.1,beta,none
City-A,T1,5x,900.0,S0b_StressOracle,routine,M_routine,800,True,4,1096.0,1476.1,0.0,0.0,1.0,std_0.1,9,0.67,0.1,beta,none
City-A,T1,5x,900.0,S0b_StressOracle,cross_regime,M_stress,800,True,4,1096.0,1096.0,0.0,0.0,1.0,std_0.1,9,0.67,0.1,beta,none
City-A,T1,5x,900.0,S1_CapRR,routine,M_routine,800,True,2,1293.4,879.0,21.0,0.3203,0.0,std_0.1,9,0.67,0.1,beta,none
City-A,T1,5x,900.0,S1_CapRR,cross_regime,M_stress,800,True,2,1293.4,461.8,438.2,0.6429,0.0,std_0.1,9,0.67,0.1,beta,none
City-A,T1,5x,900.0,S2_Platform,routine,M_routine,800,True,3,1202.1,1242.7,0.0,0.0,1.0,std_0.1,9,0.67,0.1,beta,none
City-A,T1,5x,900.0,S2_Platform,cross_regime,M_stress,800,True,3,1202.1,658.0,242.0,0.4526,0.0,std_0.1,9,0.67,0.1,beta,none
City-A,T1,5x,900.0,S3_Lin4,routine,M_routine,800,True,3,1266.4,1039.3,0.0,0.1793,1.0,std_0.1,9,0.67,0.1,beta,none
City-A,T1,5x,900.0,S3_Lin4,cross_regime,M_stress,800,True,3,1266.4,682.2,217.8,0.4613,0.0,std_0.1,9,0.67,0.1,beta,none
City-A,T1,5x,900.0,S4_GlobalCalib,routine,M_routine,800,True,3,1269.2,1178.8,0.0,0.0712,1.0,std_0.1,9,0.67,0.1,beta,none
City-A,T1,5x,900.0,S4_GlobalCalib,cross_regime,M_stress,800,True,3,1269.2,681.4,218.6,0.4632,0.0,std_0.1,9,0.67,0.1,beta,none
City-A,T1,5x,900.0,S5_CityCalib,routine,M_routine,800,True,3,1281.9,1178.8,0.0,0.0804,1.0,std_0.1,9,0.67,0.1,beta,none
City-A,T1,5x,900.0,S5_CityCalib,cross_regime,M_stress,800,True,3,1281.9,681.4,218.6,0.4685,0.0,std_0.1,9,0.67,0.1,beta,none
City-A,T1,5x,900.0,S6_Q10,routine,M_routine,800,True,3,1000.6,1178.8,0.0,0.0,1.0,std_0.1,9,0.67,0.1,beta,none
City-A,T1,5x,900.0,S6_Q10,cross_regime,M_stress,800,True,3,1000.6,681.4,218.6,0.319,0.0,std_0.1,9,0.67,0.1,beta,none
City-A,T1,10x,1800.0,S0a_RoutineOracle,routine,M_routine,800,True,5,2093.7,2093.7,0.0,0.0,1.0,std_0.1,9,0.67,0.1,beta,none
City-A,T1,10x,1800.0,S0a_RoutineOracle,cross_regime,M_stress,800,True,5,2093.7,1179.6,620.4,0.4366,0.0,std_0.1,9,0.67,0.1,beta,none
City-A,T1,10x,1800.0,S0b_StressOracle,routine,M_routine,800,True,8,1997.2,2874.6,0.0,0.0,1.0,std_0.1,9,0.67,0.1,beta,none
City-A,T1,10x,1800.0,S0b_StressOracle,cross_regime,M_stress,800,True,8,1997.2,1997.2,0.0,0.0,1.0,std_0.1,9,0.67,0.1,beta,none
City-A,T1,10x,1800.0,S1_CapRR,routine,M_routine,800,True,3,1889.7,1178.8,621.2,0.3762,0.0,std_0.1,9,0.67,0.1,beta,none
City-A,T1,10x,1800.0,S1_CapRR,cross_regime,M_stress,800,True,3,1889.7,681.4,1118.6,0.6394,0.0,std_0.1,9,0.67,0.1,beta,none
City-A,T1,10x,1800.0,S2_Platform,routine,M_routine,800,True,5,1914.5,1992.9,0.0,0.0,1.0,std_0.1,9,0.67,0.1,beta,none
City-A,T1,10x,1800.0,S2_Platform,cross_regime,M_stress,800,True,5,1914.5,1112.5,687.5,0.4189,0.0,std_0.1,9,0.67,0.1,beta,none
City-A,T1,10x,1800.0,S3_Lin4,routine,M_routine,800,True,5,1990.3,1786.1,13.9,0.1026,0.0,std_0.1,9,0.67,0.1,beta,none
City-A,T1,10x,1800.0,S3_Lin4,cross_regime,M_stress,800,True,5,1990.3,1247.2,552.8,0.3734,0.0,std_0.1,9,0.67,0.1,beta,none
City-A,T1,10x,1800.0,S4_GlobalCalib,routine,M_routine,800,True,5,2039.8,1867.6,0.0,0.0844,1.0,std_0.1,9,0.67,0.1,beta,none
City-A,T1,10x,1800.0,S4_GlobalCalib,cross_regime,M_stress,800,True,5,2039.8,1232.1,567.9,0.396,0.0,std_0.1,9,0.67,0.1,beta,none
City-A,T1,10x,1800.0,S5_CityCalib,routine,M_routine,800,True,5,2060.0,1867.6,0.0,0.0934,1.0,std_0.1,9,0.67,0.1,beta,none
City-A,T1,10x,1800.0,S5_CityCalib,cross_regime,M_stress,800,True,5,2060.0,1232.1,567.9,0.4019,0.0,std_0.1,9,0.67,0.1,beta,none
City-A,T1,10x,1800.0,S6_Q10,routine,M_routine,800,True,6,1888.4,2191.5,0.0,0.0,1.0,std_0.1,9,0.67,0.1,beta,none
City-A,T1,10x,1800.0,S6_Q10,cross_regime,M_stress,800,True,6,1888.4,1505.2,294.8,0.203,0.0,std_0.1,9,0.67,0.1,beta,none
City-A,T2,1x,260.0,S0a_RoutineOracle,routine,M_routine,800,True,1,439.6,439.6,0.0,0.0,1.0,std_0.1,9,0.67,0.1,beta,none
City-A,T2,1x,260.0,S0a_RoutineOracle,cross_regime,M_stress,800,True,1,439.6,234.0,26.0,0.4678,0.0,std_0.1,9,0.67,0.1,beta,none
City-A,T2,1x,260.0,S0b_StressOracle,routine,M_routine,800,True,1,340.6,424.3,0.0,0.0,1.0,std_0.1,9,0.67,0.1,beta,none
City-A,T2,1x,260.0,S0b_StressOracle,cross_regime,M_stress,800,True,1,340.6,340.6,0.0,0.0,1.0,std_0.1,9,0.67,0.1,beta,none
City-A,T2,1x,260.0,S1_CapRR,routine,M_routine,800,True,1,678.2,424.3,0.0,0.3744,1.0,std_0.1,9,0.67,0.1,beta,none
City-A,T2,1x,260.0,S1_CapRR,cross_regime,M_stress,800,True,1,678.2,340.6,0.0,0.4977,1.0,std_0.1,9,0.67,0.1,beta,none
City-A,T2,1x,260.0,S2_Platform,routine,M_routine,800,True,1,441.1,424.3,0.0,0.0382,1.0,std_0.1,9,0.67,0.1,beta,none
City-A,T2,1x,260.0,S2_Platform,cross_regime,M_stress,800,True,1,441.1,340.6,0.0,0.2278,1.0,std_0.1,9,0.67,0.1,beta,none
City-A,T2,1x,260.0,S3_Lin4,routine,M_routine,800,True,1,494.5,424.3,0.0,0.142,1.0,std_0.1,9,0.67,0.1,beta,none
City-A,T2,1x,260.0,S3_Lin4,cross_regime,M_stress,800,True,1,494.5,340.6,0.0,0.3112,1.0,std_0.1,9,0.67,0.1,beta,none
City-A,T2,1x,260.0,S4_GlobalCalib,routine,M_routine,800,True,1,456.4,424.3,0.0,0.0703,1.0,std_0.1,9,0.67,0.1,beta,none
City-A,T2,1x,260.0,S4_GlobalCalib,cross_regime,M_stress,800,True,1,456.4,340.6,0.0,0.2536,1.0,std_0.1,9,0.67,0.1,beta,none
City-A,T2,1x,260.0,S5_CityCalib,routine,M_routine,800,True,1,456.4,424.3,0.0,0.0704,1.0,std_0.1,9,0.67,0.1,beta,none
City-A,T2,1x,260.0,S5_CityCalib,cross_regime,M_stress,800,True,1,456.4,340.6,0.0,0.2537,1.0,std_0.1,9,0.67,0.1,beta,none
City-A,T2,1x,260.0,S6_Q10,routine,M_routine,800,True,1,361.3,424.3,0.0,0.0,1.0,std_0.1,9,0.67,0.1,beta,none
City-A,T2,1x,260.0,S6_Q10,cross_regime,M_stress,800,True,1,361.3,340.6,0.0,0.0573,1.0,std_0.1,9,0.67,0.1,beta,none
City-A,T2,2x,520.0,S0a_RoutineOracle,routine,M_routine,800,True,2,863.9,863.9,0.0,0.0,1.0,std_0.1,9,0.67,0.1,beta,none
City-A,T2,2x,520.0,S0a_RoutineOracle,cross_regime,M_stress,800,True,2,863.9,574.6,0.0,0.3349,1.0,std_0.1,9,0.67,0.1,beta,none
City-A,T2,2x,520.0,S0b_StressOracle,routine,M_routine,800,True,2,636.9,733.5,0.0,0.0,1.0,std_0.1,9,0.67,0.1,beta,none
City-A,T2,2x,520.0,S0b_StressOracle,cross_regime,M_stress,800,True,2,636.9,636.9,0.0,0.0,1.0,std_0.1,9,0.67,0.1,beta,none
City-A,T2,2x,520.0,S1_CapRR,routine,M_routine,800,True,1,678.2,424.3,95.7,0.3744,0.0,std_0.1,9,0.67,0.1,beta,none
City-A,T2,2x,520.0,S1_CapRR,cross_regime,M_stress,800,True,1,678.2,340.6,179.4,0.4977,0.0,std_0.1,9,0.67,0.1,beta,none
City-A,T2,2x,520.0,S2_Platform,routine,M_routine,800,True,2,849.9,832.5,0.0,0.0205,1.0,std_0.1,9,0.67,0.1,beta,none
City-A,T2,2x,520.0,S2_Platform,cross_regime,M_stress,800,True,2,849.9,627.2,0.0,0.262,1.0,std_0.1,9,0.67,0.1,beta,none
City-A,T2,2x,520.0,S3_Lin4,routine,M_routine,800,True,2,883.1,863.9,0.0,0.0218,1.0,std_0.1,9,0.67,0.1,beta,none
City-A,T2,2x,520.0,S3_Lin4,cross_regime,M_stress,800,True,2,883.1,574.6,0.0,0.3494,1.0,std_0.1,9,0.67,0.1,beta,none
City-A,T2,2x,520.0,S4_GlobalCalib,routine,M_routine,800,True,2,870.2,832.5,0.0,0.0434,1.0,std_0.1,9,0.67,0.1,beta,none
City-A,T2,2x,520.0,S4_GlobalCalib,cross_regime,M_stress,800,True,2,870.2,627.2,0.0,0.2792,1.0,std_0.1,9,0.67,0.1,beta,none
City-A,T2,2x,520.0,S5_CityCalib,routine,M_routine,800,True,2,870.3,832.5,0.0,0.0435,1.0,std_0.1,9,0.67,0.1,beta,none
City-A,T2,2x,520.0,S5_CityCalib,cross_regime,M_stress,800,True,2,870.3,627.2,0.0,0.2793,1.0,std_0.1,9,0.67,0.1,beta,none
City-A,T2,2x,520.0,S6_Q10,routine,M_routine,800,True,2,689.1,832.5,0.0,0.0,1.0,std_0.1,9,0.67,0.1,beta,none
City-A,T2,2x,520.0,S6_Q10,cross_regime,M_stress,800,True,2,689.1,627.2,0.0,0.0898,1.0,std_0.1,9,0.67,0.1,beta,none
City-A,T2,5x,1300.0,S0a_RoutineOracle,routine,M_routine,800,True,4,1673.7,1673.7,0.0,0.0,1.0,std_0.1,9,0.67,0.1,beta,none
City-A,T2,5x,1300.0,S0a_RoutineOracle,cross_regime,M_stress,800,True,4,1673.7,1026.1,273.9,0.3869,0.0,std_0.1,9,0.67,0.1,beta,none
City-A,T2,5x,1300.0,S0b_StressOracle,routine,M_routine,800,True,5,1472.4,1735.4,0.0,0.0,1.0,std_0.1,9,0.67,0.1,beta,none
City-A,T2,5x,1300.0,S0b_StressOracle,cross_regime,M_stress,800,True,5,1472.4,1472.4,0.0,0.0,1.0,std_0.1,9,0.67,0.1,beta,none
City-A,T2,5x,1300.0,S1_CapRR,routine,M_routine,800,True,3,1889.7,1272.1,27.9,0.3268,0.0,std_0.1,9,0.67,0.1,beta,none
City-A,T2,5x,1300.0,S1_CapRR,cross_regime,M_stress,800,True,3,1889.7,861.2,438.8,0.5443,0.0,std_0.1,9,0.67,0.1,beta,none
City-A,T2,5x,1300.0,S2_Platform,routine,M_routine,800,True,4,1596.5,1562.7,0.0,0.0212,1.0,std_0.1,9,0.67,0.1,beta,none
City-A,T2,5x,1300.0,S2_Platform,cross_regime,M_stress,800,True,4,1596.5,1080.3,219.7,0.3233,0.0,std_0.1,9,0.67,0.1,beta,none
City-A,T2,5x,1300.0,S3_Lin4,routine,M_routine,800,True,4,1629.5,1630.9,0.0,0.0,1.0,std_0.1,9,0.67,0.1,beta,none
City-A,T2,5x,1300.0,S3_Lin4,cross_regime,M_stress,800,True,4,1629.5,1062.6,237.4,0.3479,0.0,std_0.1,9,0.67,0.1,beta,none
City-A,T2,5x,1300.0,S4_GlobalCalib,routine,M_routine,800,True,4,1663.1,1581.3,0.0,0.0491,1.0,std_0.1,9,0.67,0.1,beta,none
City-A,T2,5x,1300.0,S4_GlobalCalib,cross_regime,M_stress,800,True,4,1663.1,1157.4,142.6,0.304,0.0,std_0.1,9,0.67,0.1,beta,none
City-A,T2,5x,1300.0,S5_CityCalib,routine,M_routine,800,True,4,1663.3,1581.3,0.0,0.0493,1.0,std_0.1,9,0.67,0.1,beta,none
City-A,T2,5x,1300.0,S5_CityCalib,cross_regime,M_stress,800,True,4,1663.3,1157.4,142.6,0.3041,0.0,std_0.1,9,0.67,0.1,beta,none
City-A,T2,5x,1300.0,S6_Q10,routine,M_routine,800,True,4,1317.1,1581.3,0.0,0.0,1.0,std_0.1,9,0.67,0.1,beta,none
City-A,T2,5x,1300.0,S6_Q10,cross_regime,M_stress,800,True,4,1317.1,1157.4,142.6,0.1212,0.0,std_0.1,9,0.67,0.1,beta,none
City-A,T2,10x,2600.0,S0a_RoutineOracle,routine,M_routine,800,True,7,2856.0,2856.0,0.0,0.0,1.0,std_0.1,9,0.67,0.1,beta,none
City-A,T2,10x,2600.0,S0a_RoutineOracle,cross_regime,M_stress,800,True,7,2856.0,1715.1,884.9,0.3995,0.0,std_0.1,9,0.67,0.1,beta,none
City-A,T2,10x,2600.0,S0b_StressOracle,routine,M_routine,800,True,10,2653.3,3530.3,0.0,0.0,1.0,std_0.1,9,0.67,0.1,beta,none
City-A,T2,10x,2600.0,S0b_StressOracle,cross_regime,M_stress,800,True,10,2653.3,2653.3,0.0,0.0,1.0,std_0.1,9,0.67,0.1,beta,none
City-A,T2,10x,2600.0,S1_CapRR,routine,M_routine,800,True,5,3037.3,1909.9,690.1,0.3712,0.0,std_0.1,9,0.67,0.1,beta,none
City-A,T2,10x,2600.0,S1_CapRR,cross_regime,M_stress,800,True,5,3037.3,1445.6,1154.4,0.5241,0.0,std_0.1,9,0.67,0.1,beta,none
City-A,T2,10x,2600.0,S2_Platform,routine,M_routine,800,True,7,2630.1,2746.2,0.0,0.0,1.0,std_0.1,9,0.67,0.1,beta,none
City-A,T2,10x,2600.0,S2_Platform,cross_regime,M_stress,800,True,7,2630.1,1772.6,827.4,0.326,0.0,std_0.1,9,0.67,0.1,beta,none
City-A,T2,10x,2600.0,S3_Lin4,routine,M_routine,800,True,7,2694.1,2618.3,0.0,0.0281,1.0,std_0.1,9,0.67,0.1,beta,none
City-A,T2,10x,2600.0,S3_Lin4,cross_regime,M_stress,800,True,7,2694.1,1838.3,761.7,0.3177,0.0,std_0.1,9,0.67,0.1,beta,none
City-A,T2,10x,2600.0,S4_GlobalCalib,routine,M_routine,800,True,7,2749.7,2670.4,0.0,0.0289,1.0,std_0.1,9,0.67,0.1,beta,none
City-A,T2,10x,2600.0,S4_GlobalCalib,cross_regime,M_stress,800,True,7,2749.7,1812.0,788.0,0.341,0.0,std_0.1,9,0.67,0.1,beta,none
City-A,T2,10x,2600.0,S5_CityCalib,routine,M_routine,800,True,7,2750.2,2670.4,0.0,0.029,1.0,std_0.1,9,0.67,0.1,beta,none
City-A,T2,10x,2600.0,S5_CityCalib,cross_regime,M_stress,800,True,7,2750.2,1812.0,788.0,0.3411,0.0,std_0.1,9,0.67,0.1,beta,none
City-A,T2,10x,2600.0,S6_Q10,routine,M_routine,800,True,9,2724.4,3218.6,0.0,0.0,1.0,std_0.1,9,0.67,0.1,beta,none
City-A,T2,10x,2600.0,S6_Q10,cross_regime,M_stress,800,True,9,2724.4,2312.9,287.1,0.1511,0.0,std_0.1,9,0.67,0.1,beta,none
City-A,T3,1x,200.0,S0a_RoutineOracle,routine,M_routine,800,True,1,391.6,391.6,0.0,0.0,1.0,std_0.1,9,0.67,0.1,beta,none
City-A,T3,1x,200.0,S0a_RoutineOracle,cross_regime,M_stress,800,True,1,391.6,206.5,0.0,0.4727,1.0,std_0.1,9,0.67,0.1,beta,none
City-A,T3,1x,200.0,S0b_StressOracle,routine,M_routine,800,True,1,299.7,315.1,0.0,0.0,1.0,std_0.1,9,0.67,0.1,beta,none
City-A,T3,1x,200.0,S0b_StressOracle,cross_regime,M_stress,800,True,1,299.7,299.7,0.0,0.0,1.0,std_0.1,9,0.67,0.1,beta,none
City-A,T3,1x,200.0,S1_CapRR,routine,M_routine,800,True,1,596.8,387.2,0.0,0.3512,1.0,std_0.1,9,0.67,0.1,beta,none
City-A,T3,1x,200.0,S1_CapRR,cross_regime,M_stress,800,True,1,596.8,178.2,21.8,0.7014,0.0,std_0.1,9,0.67,0.1,beta,none
City-A,T3,1x,200.0,S2_Platform,routine,M_routine,800,True,1,470.7,387.2,0.0,0.1773,1.0,std_0.1,9,0.67,0.1,beta,none
City-A,T3,1x,200.0,S2_Platform,cross_regime,M_stress,800,True,1,470.7,178.2,21.8,0.6214,0.0,std_0.1,9,0.67,0.1,beta,none
City-A,T3,1x,200.0,S3_Lin4,routine,M_routine,800,True,1,491.1,387.2,0.0,0.2116,1.0,std_0.1,9,0.67,0.1,beta,none
City-A,T3,1x,200.0,S3_Lin4,cross_regime,M_stress,800,True,1,491.1,178.2,21.8,0.6372,0.0,std_0.1,9,0.67,0.1,beta,none
City-A,T3,1x,200.0,S4_GlobalCalib,routine,M_routine,800,True,1,399.3,387.2,0.0,0.0302,1.0,std_0.1,9,0.67,0.1,beta,none
City-A,T3,1x,200.0,S4_GlobalCalib,cross_regime,M_stress,800,True,1,399.3,178.2,21.8,0.5537,0.0,std_0.1,9,0.67,0.1,beta,none
City-A,T3,1x,200.0,S5_CityCalib,routine,M_routine,800,True,1,400.9,387.2,0.0,0.0342,1.0,std_0.1,9,0.67,0.1,beta,none
City-A,T3,1x,200.0,S5_CityCalib,cross_regime,M_stress,800,True,1,400.9,178.2,21.8,0.5556,0.0,std_0.1,9,0.67,0.1,beta,none
City-A,T3,1x,200.0,S6_Q10,routine,M_routine,800,True,1,317.3,387.2,0.0,0.0,1.0,std_0.1,9,0.67,0.1,beta,none
City-A,T3,1x,200.0,S6_Q10,cross_regime,M_stress,800,True,1,317.3,178.2,21.8,0.4385,0.0,std_0.1,9,0.67,0.1,beta,none
City-A,T3,2x,400.0,S0a_RoutineOracle,routine,M_routine,800,True,2,778.8,778.8,0.0,0.0,1.0,std_0.1,9,0.67,0.1,beta,none
City-A,T3,2x,400.0,S0a_RoutineOracle,cross_regime,M_stress,800,True,2,778.8,384.7,15.3,0.5061,0.0,std_0.1,9,0.67,0.1,beta,none
City-A,T3,2x,400.0,S0b_StressOracle,routine,M_routine,800,True,2,558.9,564.2,0.0,0.0,1.0,std_0.1,9,0.67,0.1,beta,none
City-A,T3,2x,400.0,S0b_StressOracle,cross_regime,M_stress,800,True,2,558.9,558.9,0.0,0.0,1.0,std_0.1,9,0.67,0.1,beta,none
City-A,T3,2x,400.0,S1_CapRR,routine,M_routine,800,True,1,596.8,387.2,12.8,0.3512,0.0,std_0.1,9,0.67,0.1,beta,none
City-A,T3,2x,400.0,S1_CapRR,cross_regime,M_stress,800,True,1,596.8,178.2,221.8,0.7014,0.0,std_0.1,9,0.67,0.1,beta,none
City-A,T3,2x,400.0,S2_Platform,routine,M_routine,800,True,1,470.7,387.2,12.8,0.1773,0.0,std_0.1,9,0.67,0.1,beta,none
City-A,T3,2x,400.0,S2_Platform,cross_regime,M_stress,800,True,1,470.7,178.2,221.8,0.6214,0.0,std_0.1,9,0.67,0.1,beta,none
City-A,T3,2x,400.0,S3_Lin4,routine,M_routine,800,True,1,491.1,387.2,12.8,0.2116,0.0,std_0.1,9,0.67,0.1,beta,none
City-A,T3,2x,400.0,S3_Lin4,cross_regime,M_stress,800,True,1,491.1,178.2,221.8,0.6372,0.0,std_0.1,9,0.67,0.1,beta,none
City-A,T3,2x,400.0,S4_GlobalCalib,routine,M_routine,800,True,2,761.3,676.0,0.0,0.1121,1.0,std_0.1,9,0.67,0.1,beta,none
City-A,T3,2x,400.0,S4_GlobalCalib,cross_regime,M_stress,800,True,2,761.3,424.1,0.0,0.443,1.0,std_0.1,9,0.67,0.1,beta,none
City-A,T3,2x,400.0,S5_CityCalib,routine,M_routine,800,True,1,400.9,387.2,12.8,0.0342,0.0,std_0.1,9,0.67,0.1,beta,none
City-A,T3,2x,400.0,S5_CityCalib,cross_regime,M_stress,800,True,1,400.9,178.2,221.8,0.5556,0.0,std_0.1,9,0.67,0.1,beta,none
City-A,T3,2x,400.0,S6_Q10,routine,M_routine,800,True,2,605.2,676.0,0.0,0.0,1.0,std_0.1,9,0.67,0.1,beta,none
City-A,T3,2x,400.0,S6_Q10,cross_regime,M_stress,800,True,2,605.2,424.1,0.0,0.2993,1.0,std_0.1,9,0.67,0.1,beta,none
City-A,T3,5x,1000.0,S0a_RoutineOracle,routine,M_routine,800,True,3,1162.0,1162.0,0.0,0.0,1.0,std_0.1,9,0.67,0.1,beta,none
City-A,T3,5x,1000.0,S0a_RoutineOracle,cross_regime,M_stress,800,True,3,1162.0,598.3,401.7,0.4852,0.0,std_0.1,9,0.67,0.1,beta,none
City-A,T3,5x,1000.0,S0b_StressOracle,routine,M_routine,800,True,4,1030.8,1171.2,0.0,0.0,1.0,std_0.1,9,0.67,0.1,beta,none
City-A,T3,5x,1000.0,S0b_StressOracle,cross_regime,M_stress,800,True,4,1030.8,1030.8,0.0,0.0,1.0,std_0.1,9,0.67,0.1,beta,none
City-A,T3,5x,1000.0,S1_CapRR,routine,M_routine,800,True,2,1138.1,676.0,324.0,0.406,0.0,std_0.1,9,0.67,0.1,beta,none
City-A,T3,5x,1000.0,S1_CapRR,cross_regime,M_stress,800,True,2,1138.1,424.1,575.9,0.6274,0.0,std_0.1,9,0.67,0.1,beta,none
City-A,T3,5x,1000.0,S2_Platform,routine,M_routine,800,True,3,1264.8,1162.0,0.0,0.0812,1.0,std_0.1,9,0.67,0.1,beta,none
City-A,T3,5x,1000.0,S2_Platform,cross_regime,M_stress,800,True,3,1264.8,598.3,401.7,0.527,0.0,std_0.1,9,0.67,0.1,beta,none
City-A,T3,5x,1000.0,S3_Lin4,routine,M_routine,800,True,3,1246.4,1047.1,0.0,0.1599,1.0,std_0.1,9,0.67,0.1,beta,none
City-A,T3,5x,1000.0,S3_Lin4,cross_regime,M_stress,800,True,3,1246.4,588.6,411.4,0.5278,0.0,std_0.1,9,0.67,0.1,beta,none
City-A,T3,5x,1000.0,S4_GlobalCalib,routine,M_routine,800,True,3,1112.3,1059.2,0.0,0.0477,1.0,std_0.1,9,0.67,0.1,beta,none
City-A,T3,5x,1000.0,S4_GlobalCalib,cross_regime,M_stress,800,True,3,1112.3,637.7,362.3,0.4267,0.0,std_0.1,9,0.67,0.1,beta,none
City-A,T3,5x,1000.0,S5_CityCalib,routine,M_routine,800,True,3,1116.8,1059.2,0.0,0.0515,1.0,std_0.1,9,0.67,0.1,beta,none
City-A,T3,5x,1000.0,S5_CityCalib,cross_regime,M_stress,800,True,3,1116.8,637.7,362.3,0.429,0.0,std_0.1,9,0.67,0.1,beta,none
City-A,T3,5x,1000.0,S6_Q10,routine,M_routine,800,True,4,1156.7,1374.4,0.0,0.0,1.0,std_0.1,9,0.67,0.1,beta,none
City-A,T3,5x,1000.0,S6_Q10,cross_regime,M_stress,800,True,4,1156.7,937.4,62.6,0.1896,0.0,std_0.1,9,0.67,0.1,beta,none
City-A,T3,10x,2000.0,S0a_RoutineOracle,routine,M_routine,800,True,6,2191.3,2191.3,0.0,0.0,1.0,std_0.1,9,0.67,0.1,beta,none
City-A,T3,10x,2000.0,S0a_RoutineOracle,cross_regime,M_stress,800,True,6,2191.3,1244.0,756.0,0.4323,0.0,std_0.1,9,0.67,0.1,beta,none
City-A,T3,10x,2000.0,S0b_StressOracle,routine,M_routine,800,True,9,2102.9,2907.0,0.0,0.0,1.0,std_0.1,9,0.67,0.1,beta,none
City-A,T3,10x,2000.0,S0b_StressOracle,cross_regime,M_stress,800,True,9,2102.9,2102.9,0.0,0.0,1.0,std_0.1,9,0.67,0.1,beta,none
City-A,T3,10x,2000.0,S1_CapRR,routine,M_routine,800,True,4,2175.3,1374.4,625.6,0.3682,0.0,std_0.1,9,0.67,0.1,beta,none
City-A,T3,10x,2000.0,S1_CapRR,cross_regime,M_stress,800,True,4,2175.3,937.4,1062.6,0.5691,0.0,std_0.1,9,0.67,0.1,beta,none
City-A,T3,10x,2000.0,S2_Platform,routine,M_routine,800,True,6,2357.9,2090.6,0.0,0.1133,1.0,std_0.1,9,0.67,0.1,beta,none
City-A,T3,10x,2000.0,S2_Platform,cross_regime,M_stress,800,True,6,2357.9,1360.6,639.4,0.4229,0.0,std_0.1,9,0.67,0.1,beta,none
City-A,T3,10x,2000.0,S3_Lin4,routine,M_routine,800,True,6,2289.0,2042.6,0.0,0.1076,1.0,std_0.1,9,0.67,0.1,beta,none
City-A,T3,10x,2000.0,S3_Lin4,cross_regime,M_stress,800,True,6,2289.0,1340.8,659.2,0.4143,0.0,std_0.1,9,0.67,0.1,beta,none
City-A,T3,10x,2000.0,S4_GlobalCalib,routine,M_routine,800,True,6,2099.1,2042.6,0.0,0.0269,1.0,std_0.1,9,0.67,0.1,beta,none
City-A,T3,10x,2000.0,S4_GlobalCalib,cross_regime,M_stress,800,True,6,2099.1,1340.8,659.2,0.3613,0.0,std_0.1,9,0.67,0.1,beta,none
City-A,T3,10x,2000.0,S5_CityCalib,routine,M_routine,800,True,6,2107.4,2042.6,0.0,0.0307,1.0,std_0.1,9,0.67,0.1,beta,none
City-A,T3,10x,2000.0,S5_CityCalib,cross_regime,M_stress,800,True,6,2107.4,1340.8,659.2,0.3638,0.0,std_0.1,9,0.67,0.1,beta,none
City-A,T3,10x,2000.0,S6_Q10,routine,M_routine,800,True,8,2153.4,2695.3,0.0,0.0,1.0,std_0.1,9,0.67,0.1,beta,none
City-A,T3,10x,2000.0,S6_Q10,cross_regime,M_stress,800,True,8,2153.4,1785.3,214.7,0.1709,0.0,std_0.1,9,0.67,0.1,beta,none
City-A,T4,1x,140.0,S0a_RoutineOracle,routine,M_routine,800,True,1,508.4,508.4,0.0,0.0,1.0,std_0.1,9,0.67,0.1,beta,none
City-A,T4,1x,140.0,S0a_RoutineOracle,cross_regime,M_stress,800,True,1,508.4,220.7,0.0,0.5659,1.0,std_0.1,9,0.67,0.1,beta,none
City-A,T4,1x,140.0,S0b_StressOracle,routine,M_routine,800,True,1,270.0,379.2,0.0,0.0,1.0,std_0.1,9,0.67,0.1,beta,none
City-A,T4,1x,140.0,S0b_StressOracle,cross_regime,M_stress,800,True,1,270.0,270.0,0.0,0.0,1.0,std_0.1,9,0.67,0.1,beta,none
City-A,T4,1x,140.0,S1_CapRR,routine,M_routine,800,True,1,678.2,379.2,0.0,0.4409,1.0,std_0.1,9,0.67,0.1,beta,none
City-A,T4,1x,140.0,S1_CapRR,cross_regime,M_stress,800,True,1,678.2,270.0,0.0,0.6018,1.0,std_0.1,9,0.67,0.1,beta,none
City-A,T4,1x,140.0,S2_Platform,routine,M_routine,800,True,1,299.2,508.4,0.0,0.0,1.0,std_0.1,9,0.67,0.1,beta,none
City-A,T4,1x,140.0,S2_Platform,cross_regime,M_stress,800,True,1,299.2,220.7,0.0,0.2623,1.0,std_0.1,9,0.67,0.1,beta,none
City-A,T4,1x,140.0,S3_Lin4,routine,M_routine,800,True,1,493.2,379.2,0.0,0.2312,1.0,std_0.1,9,0.67,0.1,beta,none
City-A,T4,1x,140.0,S3_Lin4,cross_regime,M_stress,800,True,1,493.2,270.0,0.0,0.4524,1.0,std_0.1,9,0.67,0.1,beta,none
City-A,T4,1x,140.0,S4_GlobalCalib,routine,M_routine,800,True,1,454.3,379.2,0.0,0.1654,1.0,std_0.1,9,0.67,0.1,beta,none
City-A,T4,1x,140.0,S4_GlobalCalib,cross_regime,M_stress,800,True,1,454.3,270.0,0.0,0.4056,1.0,std_0.1,9,0.67,0.1,beta,none
City-A,T4,1x,140.0,S5_CityCalib,routine,M_routine,800,True,1,453.2,379.2,0.0,0.1633,1.0,std_0.1,9,0.67,0.1,beta,none
City-A,T4,1x,140.0,S5_CityCalib,cross_regime,M_stress,800,True,1,453.2,270.0,0.0,0.4041,1.0,std_0.1,9,0.67,0.1,beta,none
City-A,T4,1x,140.0,S6_Q10,routine,M_routine,800,True,1,360.1,379.2,0.0,0.0,1.0,std_0.1,9,0.67,0.1,beta,none
City-A,T4,1x,140.0,S6_Q10,cross_regime,M_stress,800,True,1,360.1,270.0,0.0,0.2501,1.0,std_0.1,9,0.67,0.1,beta,none
City-A,T4,2x,280.0,S0a_RoutineOracle,routine,M_routine,800,True,1,508.4,508.4,0.0,0.0,1.0,std_0.1,9,0.67,0.1,beta,none
City-A,T4,2x,280.0,S0a_RoutineOracle,cross_regime,M_stress,800,True,1,508.4,220.7,59.3,0.5659,0.0,std_0.1,9,0.67,0.1,beta,none
City-A,T4,2x,280.0,S0b_StressOracle,routine,M_routine,800,True,2,539.4,745.0,0.0,0.0,1.0,std_0.1,9,0.67,0.1,beta,none
City-A,T4,2x,280.0,S0b_StressOracle,cross_regime,M_stress,800,True,2,539.4,539.4,0.0,0.0,1.0,std_0.1,9,0.67,0.1,beta,none
City-A,T4,2x,280.0,S1_CapRR,routine,M_routine,800,True,1,678.2,379.2,0.0,0.4409,1.0,std_0.1,9,0.67,0.1,beta,none
City-A,T4,2x,280.0,S1_CapRR,cross_regime,M_stress,800,True,1,678.2,270.0,10.0,0.6018,0.0,std_0.1,9,0.67,0.1,beta,none
City-A,T4,2x,280.0,S2_Platform,routine,M_routine,800,True,1,299.2,508.4,0.0,0.0,1.0,std_0.1,9,0.67,0.1,beta,none
City-A,T4,2x,280.0,S2_Platform,cross_regime,M_stress,800,True,1,299.2,220.7,59.3,0.2623,0.0,std_0.1,9,0.67,0.1,beta,none
City-A,T4,2x,280.0,S3_Lin4,routine,M_routine,800,True,1,493.2,379.2,0.0,0.2312,1.0,std_0.1,9,0.67,0.1,beta,none
City-A,T4,2x,280.0,S3_Lin4,cross_regime,M_stress,800,True,1,493.2,270.0,10.0,0.4524,0.0,std_0.1,9,0.67,0.1,beta,none
City-A,T4,2x,280.0,S4_GlobalCalib,routine,M_routine,800,True,1,454.3,379.2,0.0,0.1654,1.0,std_0.1,9,0.67,0.1,beta,none
City-A,T4,2x,280.0,S4_GlobalCalib,cross_regime,M_stress,800,True,1,454.3,270.0,10.0,0.4056,0.0,std_0.1,9,0.67,0.1,beta,none
City-A,T4,2x,280.0,S5_CityCalib,routine,M_routine,800,True,1,453.2,379.2,0.0,0.1633,1.0,std_0.1,9,0.67,0.1,beta,none
City-A,T4,2x,280.0,S5_CityCalib,cross_regime,M_stress,800,True,1,453.2,270.0,10.0,0.4041,0.0,std_0.1,9,0.67,0.1,beta,none
City-A,T4,2x,280.0,S6_Q10,routine,M_routine,800,True,1,360.1,379.2,0.0,0.0,1.0,std_0.1,9,0.67,0.1,beta,none
City-A,T4,2x,280.0,S6_Q10,cross_regime,M_stress,800,True,1,360.1,270.0,10.0,0.2501,0.0,std_0.1,9,0.67,0.1,beta,none
City-A,T4,5x,700.0,S0a_RoutineOracle,routine,M_routine,800,True,2,1016.5,1016.5,0.0,0.0,1.0,std_0.1,9,0.67,0.1,beta,none
City-A,T4,5x,700.0,S0a_RoutineOracle,cross_regime,M_stress,800,True,2,1016.5,481.7,218.3,0.5261,0.0,std_0.1,9,0.67,0.1,beta,none
City-A,T4,5x,700.0,S0b_StressOracle,routine,M_routine,800,True,3,805.4,1149.4,0.0,0.0,1.0,std_0.1,9,0.67,0.1,beta,none
City-A,T4,5x,700.0,S0b_StressOracle,cross_regime,M_stress,800,True,3,805.4,805.4,0.0,0.0,1.0,std_0.1,9,0.67,0.1,beta,none
City-A,T4,5x,700.0,S1_CapRR,routine,M_routine,800,True,2,1293.4,887.6,0.0,0.3137,1.0,std_0.1,9,0.67,0.1,beta,none
City-A,T4,5x,700.0,S1_CapRR,cross_regime,M_stress,800,True,2,1293.4,490.8,209.2,0.6205,0.0,std_0.1,9,0.67,0.1,beta,none
City-A,T4,5x,700.0,S2_Platform,routine,M_routine,800,True,3,870.0,1150.5,0.0,0.0,1.0,std_0.1,9,0.67,0.1,beta,none
City-A,T4,5x,700.0,S2_Platform,cross_regime,M_stress,800,True,3,870.0,658.5,41.5,0.2432,0.0,std_0.1,9,0.67,0.1,beta,none
City-A,T4,5x,700.0,S3_Lin4,routine,M_routine,800,True,2,880.7,757.3,0.0,0.1401,1.0,std_0.1,9,0.67,0.1,beta,none
City-A,T4,5x,700.0,S3_Lin4,cross_regime,M_stress,800,True,2,880.7,517.3,182.7,0.4126,0.0,std_0.1,9,0.67,0.1,beta,none
City-A,T4,5x,700.0,S4_GlobalCalib,routine,M_routine,800,True,2,866.4,887.6,0.0,0.0,1.0,std_0.1,9,0.67,0.1,beta,none
City-A,T4,5x,700.0,S4_GlobalCalib,cross_regime,M_stress,800,True,2,866.4,490.8,209.2,0.4335,0.0,std_0.1,9,0.67,0.1,beta,none
City-A,T4,5x,700.0,S5_CityCalib,routine,M_routine,800,True,2,864.3,887.6,0.0,0.0,1.0,std_0.1,9,0.67,0.1,beta,none
City-A,T4,5x,700.0,S5_CityCalib,cross_regime,M_stress,800,True,2,864.3,490.8,209.2,0.4322,0.0,std_0.1,9,0.67,0.1,beta,none
City-A,T4,5x,700.0,S6_Q10,routine,M_routine,800,True,3,1003.4,1265.7,0.0,0.0,1.0,std_0.1,9,0.67,0.1,beta,none
City-A,T4,5x,700.0,S6_Q10,cross_regime,M_stress,800,True,3,1003.4,738.0,0.0,0.2645,1.0,std_0.1,9,0.67,0.1,beta,none
City-A,T4,10x,1400.0,S0a_RoutineOracle,routine,M_routine,800,True,3,1436.7,1436.7,0.0,0.0,1.0,std_0.1,9,0.67,0.1,beta,none
City-A,T4,10x,1400.0,S0a_RoutineOracle,cross_regime,M_stress,800,True,3,1436.7,682.5,717.5,0.525,0.0,std_0.1,9,0.67,0.1,beta,none
City-A,T4,10x,1400.0,S0b_StressOracle,routine,M_routine,800,True,6,1572.6,2299.6,0.0,0.0,1.0,std_0.1,9,0.67,0.1,beta,none
City-A,T4,10x,1400.0,S0b_StressOracle,cross_regime,M_stress,800,True,6,1572.6,1572.6,0.0,0.0,1.0,std_0.1,9,0.67,0.1,beta,none
City-A,T4,10x,1400.0,S1_CapRR,routine,M_routine,800,True,3,1889.7,1265.7,134.3,0.3302,0.0,std_0.1,9,0.67,0.1,beta,none
City-A,T4,10x,1400.0,S1_CapRR,cross_regime,M_stress,800,True,3,1889.7,738.0,662.0,0.6095,0.0,std_0.1,9,0.67,0.1,beta,none
City-A,T4,10x,1400.0,S2_Platform,routine,M_routine,800,True,5,1424.2,1640.6,0.0,0.0,1.0,std_0.1,9,0.67,0.1,beta,none
City-A,T4,10x,1400.0,S2_Platform,cross_regime,M_stress,800,True,5,1424.2,1113.1,286.9,0.2184,0.0,std_0.1,9,0.67,0.1,beta,none
City-A,T4,10x,1400.0,S3_Lin4,routine,M_routine,800,True,4,1625.0,1585.4,0.0,0.0244,1.0,std_0.1,9,0.67,0.1,beta,none
City-A,T4,10x,1400.0,S3_Lin4,cross_regime,M_stress,800,True,4,1625.0,985.4,414.6,0.3936,0.0,std_0.1,9,0.67,0.1,beta,none
City-A,T4,10x,1400.0,S4_GlobalCalib,routine,M_routine,800,True,4,1655.7,1773.8,0.0,0.0,1.0,std_0.1,9,0.67,0.1,beta,none
City-A,T4,10x,1400.0,S4_GlobalCalib,cross_regime,M_stress,800,True,4,1655.7,999.0,401.0,0.3967,0.0,std_0.1,9,0.67,0.1,beta,none
City-A,T4,10x,1400.0,S5_CityCalib,routine,M_routine,800,True,4,1651.8,1773.8,0.0,0.0,1.0,std_0.1,9,0.67,0.1,beta,none
City-A,T4,10x,1400.0,S5_CityCalib,cross_regime,M_stress,800,True,4,1651.8,999.0,401.0,0.3952,0.0,std_0.1,9,0.67,0.1,beta,none
City-A,T4,10x,1400.0,S6_Q10,routine,M_routine,800,True,5,1612.8,2169.9,0.0,0.0,1.0,std_0.1,9,0.67,0.1,beta,none
City-A,T4,10x,1400.0,S6_Q10,cross_regime,M_stress,800,True,5,1612.8,1232.7,167.3,0.2357,0.0,std_0.1,9,0.67,0.1,beta,none
City-A,T5,1x,160.0,S0a_RoutineOracle,routine,M_routine,800,True,1,470.4,470.4,0.0,0.0,1.0,std_0.1,9,0.67,0.1,beta,none
City-A,T5,1x,160.0,S0a_RoutineOracle,cross_regime,M_stress,800,True,1,470.4,218.8,0.0,0.5349,1.0,std_0.1,9,0.67,0.1,beta,none
City-A,T5,1x,160.0,S0b_StressOracle,routine,M_routine,800,True,1,250.0,347.7,0.0,0.0,1.0,std_0.1,9,0.67,0.1,beta,none
City-A,T5,1x,160.0,S0b_StressOracle,cross_regime,M_stress,800,True,1,250.0,250.0,0.0,0.0,1.0,std_0.1,9,0.67,0.1,beta,none
City-A,T5,1x,160.0,S1_CapRR,routine,M_routine,800,True,1,596.8,470.4,0.0,0.2118,1.0,std_0.1,9,0.67,0.1,beta,none
City-A,T5,1x,160.0,S1_CapRR,cross_regime,M_stress,800,True,1,596.8,218.8,0.0,0.6334,1.0,std_0.1,9,0.67,0.1,beta,none
City-A,T5,1x,160.0,S2_Platform,routine,M_routine,800,True,1,485.5,470.4,0.0,0.0311,1.0,std_0.1,9,0.67,0.1,beta,none
City-A,T5,1x,160.0,S2_Platform,cross_regime,M_stress,800,True,1,485.5,218.8,0.0,0.5494,1.0,std_0.1,9,0.67,0.1,beta,none
City-A,T5,1x,160.0,S3_Lin4,routine,M_routine,800,True,1,489.7,470.4,0.0,0.0394,1.0,std_0.1,9,0.67,0.1,beta,none
City-A,T5,1x,160.0,S3_Lin4,cross_regime,M_stress,800,True,1,489.7,218.8,0.0,0.5533,1.0,std_0.1,9,0.67,0.1,beta,none
City-A,T5,1x,160.0,S4_GlobalCalib,routine,M_routine,800,True,1,399.3,470.4,0.0,0.0,1.0,std_0.1,9,0.67,0.1,beta,none
City-A,T5,1x,160.0,S4_GlobalCalib,cross_regime,M_stress,800,True,1,399.3,218.8,0.0,0.4522,1.0,std_0.1,9,0.67,0.1,beta,none
City-A,T5,1x,160.0,S5_CityCalib,routine,M_routine,800,True,1,400.0,470.4,0.0,0.0,1.0,std_0.1,9,0.67,0.1,beta,none
City-A,T5,1x,160.0,S5_CityCalib,cross_regime,M_stress,800,True,1,400.0,218.8,0.0,0.4531,1.0,std_0.1,9,0.67,0.1,beta,none
City-A,T5,1x,160.0,S6_Q10,routine,M_routine,800,True,1,315.9,470.4,0.0,0.0,1.0,std_0.1,9,0.67,0.1,beta,none
City-A,T5,1x,160.0,S6_Q10,cross_regime,M_stress,800,True,1,315.9,218.8,0.0,0.3074,1.0,std_0.1,9,0.67,0.1,beta,none
City-A,T5,2x,320.0,S0a_RoutineOracle,routine,M_routine,800,True,1,470.4,470.4,0.0,0.0,1.0,std_0.1,9,0.67,0.1,beta,none
City-A,T5,2x,320.0,S0a_RoutineOracle,cross_regime,M_stress,800,True,1,470.4,218.8,101.2,0.5349,0.0,std_0.1,9,0.67,0.1,beta,none
City-A,T5,2x,320.0,S0b_StressOracle,routine,M_routine,800,True,2,492.8,671.9,0.0,0.0,1.0,std_0.1,9,0.67,0.1,beta,none
City-A,T5,2x,320.0,S0b_StressOracle,cross_regime,M_stress,800,True,2,492.8,492.8,0.0,0.0,1.0,std_0.1,9,0.67,0.1,beta,none
City-A,T5,2x,320.0,S1_CapRR,routine,M_routine,800,True,1,596.8,470.4,0.0,0.2118,1.0,std_0.1,9,0.67,0.1,beta,none
City-A,T5,2x,320.0,S1_CapRR,cross_regime,M_stress,800,True,1,596.8,218.8,101.2,0.6334,0.0,std_0.1,9,0.67,0.1,beta,none
City-A,T5,2x,320.0,S2_Platform,routine,M_routine,800,True,1,485.5,470.4,0.0,0.0311,1.0,std_0.1,9,0.67,0.1,beta,none
City-A,T5,2x,320.0,S2_Platform,cross_regime,M_stress,800,True,1,485.5,218.8,101.2,0.5494,0.0,std_0.1,9,0.67,0.1,beta,none
City-A,T5,2x,320.0,S3_Lin4,routine,M_routine,800,True,1,489.7,470.4,0.0,0.0394,1.0,std_0.1,9,0.67,0.1,beta,none
City-A,T5,2x,320.0,S3_Lin4,cross_regime,M_stress,800,True,1,489.7,218.8,101.2,0.5533,0.0,std_0.1,9,0.67,0.1,beta,none
City-A,T5,2x,320.0,S4_GlobalCalib,routine,M_routine,800,True,1,399.3,470.4,0.0,0.0,1.0,std_0.1,9,0.67,0.1,beta,none
City-A,T5,2x,320.0,S4_GlobalCalib,cross_regime,M_stress,800,True,1,399.3,218.8,101.2,0.4522,0.0,std_0.1,9,0.67,0.1,beta,none
City-A,T5,2x,320.0,S5_CityCalib,routine,M_routine,800,True,1,400.0,470.4,0.0,0.0,1.0,std_0.1,9,0.67,0.1,beta,none
City-A,T5,2x,320.0,S5_CityCalib,cross_regime,M_stress,800,True,1,400.0,218.8,101.2,0.4531,0.0,std_0.1,9,0.67,0.1,beta,none
City-A,T5,2x,320.0,S6_Q10,routine,M_routine,800,True,2,602.4,857.8,0.0,0.0,1.0,std_0.1,9,0.67,0.1,beta,none
City-A,T5,2x,320.0,S6_Q10,cross_regime,M_stress,800,True,2,602.4,413.0,0.0,0.3143,1.0,std_0.1,9,0.67,0.1,beta,none
City-A,T5,5x,800.0,S0a_RoutineOracle,routine,M_routine,800,True,2,876.0,876.0,0.0,0.0,1.0,std_0.1,9,0.67,0.1,beta,none
City-A,T5,5x,800.0,S0a_RoutineOracle,cross_regime,M_stress,800,True,2,876.0,431.7,368.3,0.5072,0.0,std_0.1,9,0.67,0.1,beta,none
City-A,T5,5x,800.0,S0b_StressOracle,routine,M_routine,800,True,4,932.3,1449.5,0.0,0.0,1.0,std_0.1,9,0.67,0.1,beta,none
City-A,T5,5x,800.0,S0b_StressOracle,cross_regime,M_stress,800,True,4,932.3,932.3,0.0,0.0,1.0,std_0.1,9,0.67,0.1,beta,none
City-A,T5,5x,800.0,S1_CapRR,routine,M_routine,800,True,2,1138.1,857.8,0.0,0.2463,1.0,std_0.1,9,0.67,0.1,beta,none
City-A,T5,5x,800.0,S1_CapRR,cross_regime,M_stress,800,True,2,1138.1,413.0,387.0,0.6371,0.0,std_0.1,9,0.67,0.1,beta,none
City-A,T5,5x,800.0,S2_Platform,routine,M_routine,800,True,2,897.6,876.0,0.0,0.024,1.0,std_0.1,9,0.67,0.1,beta,none
City-A,T5,5x,800.0,S2_Platform,cross_regime,M_stress,800,True,2,897.6,431.7,368.3,0.519,0.0,std_0.1,9,0.67,0.1,beta,none
City-A,T5,5x,800.0,S3_Lin4,routine,M_routine,800,True,2,867.6,794.6,5.4,0.0842,0.0,std_0.1,9,0.67,0.1,beta,none
City-A,T5,5x,800.0,S3_Lin4,cross_regime,M_stress,800,True,2,867.6,461.5,338.5,0.468,0.0,std_0.1,9,0.67,0.1,beta,none
City-A,T5,5x,800.0,S4_GlobalCalib,routine,M_routine,800,True,3,1112.5,1182.0,0.0,0.0,1.0,std_0.1,9,0.67,0.1,beta,none
City-A,T5,5x,800.0,S4_GlobalCalib,cross_regime,M_stress,800,True,3,1112.5,655.8,144.2,0.4105,0.0,std_0.1,9,0.67,0.1,beta,none
City-A,T5,5x,800.0,S5_CityCalib,routine,M_routine,800,True,3,1114.3,1182.0,0.0,0.0,1.0,std_0.1,9,0.67,0.1,beta,none
City-A,T5,5x,800.0,S5_CityCalib,cross_regime,M_stress,800,True,3,1114.3,655.8,144.2,0.4114,0.0,std_0.1,9,0.67,0.1,beta,none
City-A,T5,5x,800.0,S6_Q10,routine,M_routine,800,True,3,880.1,1182.0,0.0,0.0,1.0,std_0.1,9,0.67,0.1,beta,none
City-A,T5,5x,800.0,S6_Q10,cross_regime,M_stress,800,True,3,880.1,655.8,144.2,0.2549,0.0,std_0.1,9,0.67,0.1,beta,none
City-A,T5,10x,1600.0,S0a_RoutineOracle,routine,M_routine,800,True,4,1611.2,1611.2,0.0,0.0,1.0,std_0.1,9,0.67,0.1,beta,none
City-A,T5,10x,1600.0,S0a_RoutineOracle,cross_regime,M_stress,800,True,4,1611.2,876.0,724.0,0.4563,0.0,std_0.1,9,0.67,0.1,beta,none
City-A,T5,10x,1600.0,S0b_StressOracle,routine,M_routine,800,True,8,1735.9,2741.1,0.0,0.0,1.0,std_0.1,9,0.67,0.1,beta,none
City-A,T5,10x,1600.0,S0b_StressOracle,cross_regime,M_stress,800,True,8,1735.9,1735.9,0.0,0.0,1.0,std_0.1,9,0.67,0.1,beta,none
City-A,T5,10x,1600.0,S1_CapRR,routine,M_routine,800,True,3,1662.9,1182.0,418.0,0.2892,0.0,std_0.1,9,0.67,0.1,beta,none
City-A,T5,10x,1600.0,S1_CapRR,cross_regime,M_stress,800,True,3,1662.9,655.8,944.2,0.6056,0.0,std_0.1,9,0.67,0.1,beta,none
City-A,T5,10x,1600.0,S2_Platform,routine,M_routine,800,True,4,1696.8,1547.9,52.1,0.0878,0.0,std_0.1,9,0.67,0.1,beta,none
City-A,T5,10x,1600.0,S2_Platform,cross_regime,M_stress,800,True,4,1696.8,924.5,675.5,0.4551,0.0,std_0.1,9,0.67,0.1,beta,none
City-A,T5,10x,1600.0,S3_Lin4,routine,M_routine,800,True,5,1937.7,1857.0,0.0,0.0416,1.0,std_0.1,9,0.67,0.1,beta,none
City-A,T5,10x,1600.0,S3_Lin4,cross_regime,M_stress,800,True,5,1937.7,1055.9,544.1,0.4551,0.0,std_0.1,9,0.67,0.1,beta,none
City-A,T5,10x,1600.0,S4_GlobalCalib,routine,M_routine,800,True,5,1787.9,1935.3,0.0,0.0,1.0,std_0.1,9,0.67,0.1,beta,none
City-A,T5,10x,1600.0,S4_GlobalCalib,cross_regime,M_stress,800,True,5,1787.9,1118.8,481.2,0.3742,0.0,std_0.1,9,0.67,0.1,beta,none
City-A,T5,10x,1600.0,S5_CityCalib,routine,M_routine,800,True,5,1790.7,1935.3,0.0,0.0,1.0,std_0.1,9,0.67,0.1,beta,none
City-A,T5,10x,1600.0,S5_CityCalib,cross_regime,M_stress,800,True,5,1790.7,1118.8,481.2,0.3752,0.0,std_0.1,9,0.67,0.1,beta,none
City-A,T5,10x,1600.0,S6_Q10,routine,M_routine,800,True,6,1661.1,2262.6,0.0,0.0,1.0,std_0.1,9,0.67,0.1,beta,none
City-A,T5,10x,1600.0,S6_Q10,cross_regime,M_stress,800,True,6,1661.1,1268.9,331.1,0.2361,0.0,std_0.1,9,0.67,0.1,beta,none
City-B,T1,1x,180.0,S0a_RoutineOracle,routine,M_routine,500,True,1,642.5,642.5,0.0,0.0,1.0,std_0.1,9,0.67,0.1,beta,none
City-B,T1,1x,180.0,S0a_RoutineOracle,cross_regime,M_stress,500,True,1,642.5,378.1,0.0,0.4115,1.0,std_0.1,9,0.67,0.1,beta,none
City-B,T1,1x,180.0,S0b_StressOracle,routine,M_routine,500,True,1,404.0,562.0,0.0,0.0,1.0,std_0.1,9,0.67,0.1,beta,none
City-B,T1,1x,180.0,S0b_StressOracle,cross_regime,M_stress,500,True,1,404.0,404.0,0.0,0.0,1.0,std_0.1,9,0.67,0.1,beta,none
City-B,T1,1x,180.0,S1_CapRR,routine,M_routine,500,True,1,846.0,562.0,0.0,0.3357,1.0,std_0.1,9,0.67,0.1,beta,none
City-B,T1,1x,180.0,S1_CapRR,cross_regime,M_stress,500,True,1,846.0,404.0,0.0,0.5225,1.0,std_0.1,9,0.67,0.1,beta,none
City-B,T1,1x,180.0,S2_Platform,routine,M_routine,500,True,1,561.1,586.2,0.0,0.0,1.0,std_0.1,9,0.67,0.1,beta,none
City-B,T1,1x,180.0,S2_Platform,cross_regime,M_stress,500,True,1,561.1,278.1,0.0,0.5044,1.0,std_0.1,9,0.67,0.1,beta,none
City-B,T1,1x,180.0,S3_Lin4,routine,M_routine,500,True,1,468.9,572.4,0.0,0.0,1.0,std_0.1,9,0.67,0.1,beta,none
City-B,T1,1x,180.0,S3_Lin4,cross_regime,M_stress,500,True,1,468.9,322.1,0.0,0.313,1.0,std_0.1,9,0.67,0.1,beta,none
City-B,T1,1x,180.0,S4_GlobalCalib,routine,M_routine,500,True,1,568.7,562.0,0.0,0.0117,1.0,std_0.1,9,0.67,0.1,beta,none
City-B,T1,1x,180.0,S4_GlobalCalib,cross_regime,M_stress,500,True,1,568.7,404.0,0.0,0.2896,1.0,std_0.1,9,0.67,0.1,beta,none
City-B,T1,1x,180.0,S5_CityCalib,routine,M_routine,500,True,1,565.3,562.0,0.0,0.0058,1.0,std_0.1,9,0.67,0.1,beta,none
City-B,T1,1x,180.0,S5_CityCalib,cross_regime,M_stress,500,True,1,565.3,404.0,0.0,0.2853,1.0,std_0.1,9,0.67,0.1,beta,none
City-B,T1,1x,180.0,S6_Q10,routine,M_routine,500,True,1,448.0,562.0,0.0,0.0,1.0,std_0.1,9,0.67,0.1,beta,none
City-B,T1,1x,180.0,S6_Q10,cross_regime,M_stress,500,True,1,448.0,404.0,0.0,0.0982,1.0,std_0.1,9,0.67,0.1,beta,none
City-B,T1,2x,360.0,S0a_RoutineOracle,routine,M_routine,500,True,1,642.5,642.5,0.0,0.0,1.0,std_0.1,9,0.67,0.1,beta,none
City-B,T1,2x,360.0,S0a_RoutineOracle,cross_regime,M_stress,500,True,1,642.5,378.1,0.0,0.4115,1.0,std_0.1,9,0.67,0.1,beta,none
City-B,T1,2x,360.0,S0b_StressOracle,routine,M_routine,500,True,1,404.0,562.0,0.0,0.0,1.0,std_0.1,9,0.67,0.1,beta,none
City-B,T1,2x,360.0,S0b_StressOracle,cross_regime,M_stress,500,True,1,404.0,404.0,0.0,0.0,1.0,std_0.1,9,0.67,0.1,beta,none
City-B,T1,2x,360.0,S1_CapRR,routine,M_routine,500,True,1,846.0,562.0,0.0,0.3357,1.0,std_0.1,9,0.67,0.1,beta,none
City-B,T1,2x,360.0,S1_CapRR,cross_regime,M_stress,500,True,1,846.0,404.0,0.0,0.5225,1.0,std_0.1,9,0.67,0.1,beta,none
City-B,T1,2x,360.0,S2_Platform,routine,M_routine,500,True,1,561.1,586.2,0.0,0.0,1.0,std_0.1,9,0.67,0.1,beta,none
City-B,T1,2x,360.0,S2_Platform,cross_regime,M_stress,500,True,1,561.1,278.1,81.9,0.5044,0.0,std_0.1,9,0.67,0.1,beta,none
City-B,T1,2x,360.0,S3_Lin4,routine,M_routine,500,True,1,468.9,572.4,0.0,0.0,1.0,std_0.1,9,0.67,0.1,beta,none
City-B,T1,2x,360.0,S3_Lin4,cross_regime,M_stress,500,True,1,468.9,322.1,37.9,0.313,0.0,std_0.1,9,0.67,0.1,beta,none
City-B,T1,2x,360.0,S4_GlobalCalib,routine,M_routine,500,True,1,568.7,562.0,0.0,0.0117,1.0,std_0.1,9,0.67,0.1,beta,none
City-B,T1,2x,360.0,S4_GlobalCalib,cross_regime,M_stress,500,True,1,568.7,404.0,0.0,0.2896,1.0,std_0.1,9,0.67,0.1,beta,none
City-B,T1,2x,360.0,S5_CityCalib,routine,M_routine,500,True,1,565.3,562.0,0.0,0.0058,1.0,std_0.1,9,0.67,0.1,beta,none
City-B,T1,2x,360.0,S5_CityCalib,cross_regime,M_stress,500,True,1,565.3,404.0,0.0,0.2853,1.0,std_0.1,9,0.67,0.1,beta,none
City-B,T1,2x,360.0,S6_Q10,routine,M_routine,500,True,1,448.0,562.0,0.0,0.0,1.0,std_0.1,9,0.67,0.1,beta,none
City-B,T1,2x,360.0,S6_Q10,cross_regime,M_stress,500,True,1,448.0,404.0,0.0,0.0982,1.0,std_0.1,9,0.67,0.1,beta,none
City-B,T1,5x,900.0,S0a_RoutineOracle,routine,M_routine,500,True,2,1228.6,1228.6,0.0,0.0,1.0,std_0.1,9,0.67,0.1,beta,none
City-B,T1,5x,900.0,S0a_RoutineOracle,cross_regime,M_stress,500,True,2,1228.6,656.2,243.8,0.4659,0.0,std_0.1,9,0.67,0.1,beta,none
City-B,T1,5x,900.0,S0b_StressOracle,routine,M_routine,500,True,3,1136.5,1716.4,0.0,0.0,1.0,std_0.1,9,0.67,0.1,beta,none
City-B,T1,5x,900.0,S0b_StressOracle,cross_regime,M_stress,500,True,3,1136.5,1136.5,0.0,0.0,1.0,std_0.1,9,0.67,0.1,beta,none
City-B,T1,5x,900.0,S1_CapRR,routine,M_routine,500,True,2,1688.0,1204.5,0.0,0.2864,1.0,std_0.1,9,0.67,0.1,beta,none
City-B,T1,5x,900.0,S1_CapRR,cross_regime,M_stress,500,True,2,1688.0,782.1,117.9,0.5367,0.0,std_0.1,9,0.67,0.1,beta,none
City-B,T1,5x,900.0,S2_Platform,routine,M_routine,500,True,2,1112.3,1158.5,0.0,0.0,1.0,std_0.1,9,0.67,0.1,beta,none
City-B,T1,5x,900.0,S2_Platform,cross_regime,M_stress,500,True,2,1112.3,600.2,299.8,0.4604,0.0,std_0.1,9,0.67,0.1,beta,none
City-B,T1,5x,900.0,S3_Lin4,routine,M_routine,500,True,2,931.4,1158.5,0.0,0.0,1.0,std_0.1,9,0.67,0.1,beta,none
City-B,T1,5x,900.0,S3_Lin4,cross_regime,M_stress,500,True,2,931.4,600.2,299.8,0.3556,0.0,std_0.1,9,0.67,0.1,beta,none
City-B,T1,5x,900.0,S4_GlobalCalib,routine,M_routine,500,True,2,1134.6,1204.5,0.0,0.0,1.0,std_0.1,9,0.67,0.1,beta,none
City-B,T1,5x,900.0,S4_GlobalCalib,cross_regime,M_stress,500,True,2,1134.6,782.1,117.9,0.3107,0.0,std_0.1,9,0.67,0.1,beta,none
City-B,T1,5x,900.0,S5_CityCalib,routine,M_routine,500,True,2,1127.8,1204.5,0.0,0.0,1.0,std_0.1,9,0.67,0.1,beta,none
City-B,T1,5x,900.0,S5_CityCalib,cross_regime,M_stress,500,True,2,1127.8,782.1,117.9,0.3065,0.0,std_0.1,9,0.67,0.1,beta,none
City-B,T1,5x,900.0,S6_Q10,routine,M_routine,500,True,3,1326.1,1776.8,0.0,0.0,1.0,std_0.1,9,0.67,0.1,beta,none
City-B,T1,5x,900.0,S6_Q10,cross_regime,M_stress,500,True,3,1326.1,1104.2,0.0,0.1673,1.0,std_0.1,9,0.67,0.1,beta,none
City-B,T1,10x,1800.0,S0a_RoutineOracle,routine,M_routine,500,True,3,1801.0,1801.0,0.0,0.0,1.0,std_0.1,9,0.67,0.1,beta,none
City-B,T1,10x,1800.0,S0a_RoutineOracle,cross_regime,M_stress,500,True,3,1801.0,978.3,821.7,0.4568,0.0,std_0.1,9,0.67,0.1,beta,none
City-B,T1,10x,1800.0,S0b_StressOracle,routine,M_routine,500,True,6,2077.6,2982.5,0.0,0.0,1.0,std_0.1,9,0.67,0.1,beta,none
City-B,T1,10x,1800.0,S0b_StressOracle,cross_regime,M_stress,500,True,6,2077.6,2077.6,0.0,0.0,1.0,std_0.1,9,0.67,0.1,beta,none
City-B,T1,10x,1800.0,S1_CapRR,routine,M_routine,500,True,3,2504.5,1776.8,23.2,0.2905,0.0,std_0.1,9,0.67,0.1,beta,none
City-B,T1,10x,1800.0,S1_CapRR,cross_regime,M_stress,500,True,3,2504.5,1104.2,695.8,0.5591,0.0,std_0.1,9,0.67,0.1,beta,none
City-B,T1,10x,1800.0,S2_Platform,routine,M_routine,500,True,4,2163.2,2363.0,0.0,0.0,1.0,std_0.1,9,0.67,0.1,beta,none
City-B,T1,10x,1800.0,S2_Platform,cross_regime,M_stress,500,True,4,2163.2,1382.3,417.7,0.361,0.0,std_0.1,9,0.67,0.1,beta,none
City-B,T1,10x,1800.0,S3_Lin4,routine,M_routine,500,True,4,1846.2,2363.0,0.0,0.0,1.0,std_0.1,9,0.67,0.1,beta,none
City-B,T1,10x,1800.0,S3_Lin4,cross_regime,M_stress,500,True,4,1846.2,1382.3,417.7,0.2513,0.0,std_0.1,9,0.67,0.1,beta,none
City-B,T1,10x,1800.0,S4_GlobalCalib,routine,M_routine,500,True,4,2220.2,2363.0,0.0,0.0,1.0,std_0.1,9,0.67,0.1,beta,none
City-B,T1,10x,1800.0,S4_GlobalCalib,cross_regime,M_stress,500,True,4,2220.2,1382.3,417.7,0.3774,0.0,std_0.1,9,0.67,0.1,beta,none
City-B,T1,10x,1800.0,S5_CityCalib,routine,M_routine,500,True,4,2207.0,2363.0,0.0,0.0,1.0,std_0.1,9,0.67,0.1,beta,none
City-B,T1,10x,1800.0,S5_CityCalib,cross_regime,M_stress,500,True,4,2207.0,1382.3,417.7,0.3737,0.0,std_0.1,9,0.67,0.1,beta,none
City-B,T1,10x,1800.0,S6_Q10,routine,M_routine,500,True,5,2119.1,2753.8,0.0,0.0,1.0,std_0.1,9,0.67,0.1,beta,none
City-B,T1,10x,1800.0,S6_Q10,cross_regime,M_stress,500,True,5,2119.1,1706.3,93.7,0.1948,0.0,std_0.1,9,0.67,0.1,beta,none
City-B,T2,1x,260.0,S0a_RoutineOracle,routine,M_routine,500,True,1,698.0,698.0,0.0,0.0,1.0,std_0.1,9,0.67,0.1,beta,none
City-B,T2,1x,260.0,S0a_RoutineOracle,cross_regime,M_stress,500,True,1,698.0,440.9,0.0,0.3683,1.0,std_0.1,9,0.67,0.1,beta,none
City-B,T2,1x,260.0,S0b_StressOracle,routine,M_routine,500,True,1,490.6,457.7,0.0,0.0671,1.0,std_0.1,9,0.67,0.1,beta,none
City-B,T2,1x,260.0,S0b_StressOracle,cross_regime,M_stress,500,True,1,490.6,490.6,0.0,0.0,1.0,std_0.1,9,0.67,0.1,beta,none
City-B,T2,1x,260.0,S1_CapRR,routine,M_routine,500,True,1,846.0,457.7,0.0,0.459,1.0,std_0.1,9,0.67,0.1,beta,none
City-B,T2,1x,260.0,S1_CapRR,cross_regime,M_stress,500,True,1,846.0,490.6,0.0,0.4201,1.0,std_0.1,9,0.67,0.1,beta,none
City-B,T2,1x,260.0,S2_Platform,routine,M_routine,500,True,1,557.0,417.5,0.0,0.2506,1.0,std_0.1,9,0.67,0.1,beta,none
City-B,T2,1x,260.0,S2_Platform,cross_regime,M_stress,500,True,1,557.0,325.6,0.0,0.4154,1.0,std_0.1,9,0.67,0.1,beta,none
City-B,T2,1x,260.0,S3_Lin4,routine,M_routine,500,True,1,471.1,698.0,0.0,0.0,1.0,std_0.1,9,0.67,0.1,beta,none
City-B,T2,1x,260.0,S3_Lin4,cross_regime,M_stress,500,True,1,471.1,440.9,0.0,0.0641,1.0,std_0.1,9,0.67,0.1,beta,none
City-B,T2,1x,260.0,S4_GlobalCalib,routine,M_routine,500,True,1,569.6,457.7,0.0,0.1965,1.0,std_0.1,9,0.67,0.1,beta,none
City-B,T2,1x,260.0,S4_GlobalCalib,cross_regime,M_stress,500,True,1,569.6,490.6,0.0,0.1387,1.0,std_0.1,9,0.67,0.1,beta,none
City-B,T2,1x,260.0,S5_CityCalib,routine,M_routine,500,True,1,570.0,457.7,0.0,0.1971,1.0,std_0.1,9,0.67,0.1,beta,none
City-B,T2,1x,260.0,S5_CityCalib,cross_regime,M_stress,500,True,1,570.0,490.6,0.0,0.1393,1.0,std_0.1,9,0.67,0.1,beta,none
City-B,T2,1x,260.0,S6_Q10,routine,M_routine,500,True,1,450.7,457.7,0.0,0.0,1.0,std_0.1,9,0.67,0.1,beta,none
City-B,T2,1x,260.0,S6_Q10,cross_regime,M_stress,500,True,1,450.7,490.6,0.0,0.0,1.0,std_0.1,9,0.67,0.1,beta,none
City-B,T2,2x,520.0,S0a_RoutineOracle,routine,M_routine,500,True,1,698.0,698.0,0.0,0.0,1.0,std_0.1,9,0.67,0.1,beta,none
City-B,T2,2x,520.0,S0a_RoutineOracle,cross_regime,M_stress,500,True,1,698.0,440.9,79.1,0.3683,0.0,std_0.1,9,0.67,0.1,beta,none
City-B,T2,2x,520.0,S0b_StressOracle,routine,M_routine,500,True,2,931.5,1155.6,0.0,0.0,1.0,std_0.1,9,0.67,0.1,beta,none
City-B,T2,2x,520.0,S0b_StressOracle,cross_regime,M_stress,500,True,2,931.5,931.5,0.0,0.0,1.0,std_0.1,9,0.67,0.1,beta,none
City-B,T2,2x,520.0,S1_CapRR,routine,M_routine,500,True,1,846.0,457.7,62.3,0.459,0.0,std_0.1,9,0.67,0.1,beta,none
City-B,T2,2x,520.0,S1_CapRR,cross_regime,M_stress,500,True,1,846.0,490.6,29.4,0.4201,0.0,std_0.1,9,0.67,0.1,beta,none
City-B,T2,2x,520.0,S2_Platform,routine,M_routine,500,True,1,557.0,417.5,102.5,0.2506,0.0,std_0.1,9,0.67,0.1,beta,none
City-B,T2,2x,520.0,S2_Platform,cross_regime,M_stress,500,True,1,557.0,325.6,194.4,0.4154,0.0,std_0.1,9,0.67,0.1,beta,none
City-B,T2,2x,520.0,S3_Lin4,routine,M_routine,500,True,2,936.0,1115.4,0.0,0.0,1.0,std_0.1,9,0.67,0.1,beta,none
City-B,T2,2x,520.0,S3_Lin4,cross_regime,M_stress,500,True,2,936.0,766.5,0.0,0.181,1.0,std_0.1,9,0.67,0.1,beta,none
City-B,T2,2x,520.0,S4_GlobalCalib,routine,M_routine,500,True,1,569.6,457.7,62.3,0.1965,0.0,std_0.1,9,0.67,0.1,beta,none
City-B,T2,2x,520.0,S4_GlobalCalib,cross_regime,M_stress,500,True,1,569.6,490.6,29.4,0.1387,0.0,std_0.1,9,0.67,0.1,beta,none
City-B,T2,2x,520.0,S5_CityCalib,routine,M_routine,500,True,1,570.0,457.7,62.3,0.1971,0.0,std_0.1,9,0.67,0.1,beta,none
City-B,T2,2x,520.0,S5_CityCalib,cross_regime,M_stress,500,True,1,570.0,490.6,29.4,0.1393,0.0,std_0.1,9,0.67,0.1,beta,none
City-B,T2,2x,520.0,S6_Q10,routine,M_routine,500,True,2,899.3,1081.3,0.0,0.0,1.0,std_0.1,9,0.67,0.1,beta,none
City-B,T2,2x,520.0,S6_Q10,cross_regime,M_stress,500,True,2,899.3,847.9,0.0,0.0571,1.0,std_0.1,9,0.67,0.1,beta,none
City-B,T2,5x,1300.0,S0a_RoutineOracle,routine,M_routine,500,True,2,1321.6,1321.6,0.0,0.0,1.0,std_0.1,9,0.67,0.1,beta,none
City-B,T2,5x,1300.0,S0a_RoutineOracle,cross_regime,M_stress,500,True,2,1321.6,798.3,501.7,0.396,0.0,std_0.1,9,0.67,0.1,beta,none
City-B,T2,5x,1300.0,S0b_StressOracle,routine,M_routine,500,True,4,1616.3,2276.7,0.0,0.0,1.0,std_0.1,9,0.67,0.1,beta,none
City-B,T2,5x,1300.0,S0b_StressOracle,cross_regime,M_stress,500,True,4,1616.3,1616.3,0.0,0.0,1.0,std_0.1,9,0.67,0.1,beta,none
City-B,T2,5x,1300.0,S1_CapRR,routine,M_routine,500,True,2,1688.0,1081.3,218.7,0.3594,0.0,std_0.1,9,0.67,0.1,beta,none
City-B,T2,5x,1300.0,S1_CapRR,cross_regime,M_stress,500,True,2,1688.0,847.9,452.1,0.4977,0.0,std_0.1,9,0.67,0.1,beta,none
City-B,T2,5x,1300.0,S2_Platform,routine,M_routine,500,True,3,1630.3,1739.1,0.0,0.0,1.0,std_0.1,9,0.67,0.1,beta,none
City-B,T2,5x,1300.0,S2_Platform,cross_regime,M_stress,500,True,3,1630.3,1123.9,176.1,0.3106,0.0,std_0.1,9,0.67,0.1,beta,none
City-B,T2,5x,1300.0,S3_Lin4,routine,M_routine,500,True,3,1396.6,1573.1,0.0,0.0,1.0,std_0.1,9,0.67,0.1,beta,none
City-B,T2,5x,1300.0,S3_Lin4,cross_regime,M_stress,500,True,3,1396.6,1257.1,42.9,0.0999,0.0,std_0.1,9,0.67,0.1,beta,none
City-B,T2,5x,1300.0,S4_GlobalCalib,routine,M_routine,500,True,3,1686.2,1779.3,0.0,0.0,1.0,std_0.1,9,0.67,0.1,beta,none
City-B,T2,5x,1300.0,S4_GlobalCalib,cross_regime,M_stress,500,True,3,1686.2,1288.9,11.1,0.2356,0.0,std_0.1,9,0.67,0.1,beta,none
City-B,T2,5x,1300.0,S5_CityCalib,routine,M_routine,500,True,3,1687.3,1779.3,0.0,0.0,1.0,std_0.1,9,0.67,0.1,beta,none
City-B,T2,5x,1300.0,S5_CityCalib,cross_regime,M_stress,500,True,3,1687.3,1288.9,11.1,0.2362,0.0,std_0.1,9,0.67,0.1,beta,none
City-B,T2,5x,1300.0,S6_Q10,routine,M_routine,500,True,3,1334.3,1779.3,0.0,0.0,1.0,std_0.1,9,0.67,0.1,beta,none
City-B,T2,5x,1300.0,S6_Q10,cross_regime,M_stress,500,True,3,1334.3,1288.9,11.1,0.0341,0.0,std_0.1,9,0.67,0.1,beta,none
City-B,T2,10x,2600.0,S0a_RoutineOracle,routine,M_routine,500,True,5,2752.5,2752.5,0.0,0.0,1.0,std_0.1,9,0.67,0.1,beta,none
City-B,T2,10x,2600.0,S0a_RoutineOracle,cross_regime,M_stress,500,True,5,2752.5,1847.5,752.5,0.3288,0.0,std_0.1,9,0.67,0.1,beta,none
City-B,T2,10x,2600.0,S0b_StressOracle,routine,M_routine,500,True,8,2818.1,3890.4,0.0,0.0,1.0,std_0.1,9,0.67,0.1,beta,none
City-B,T2,10x,2600.0,S0b_StressOracle,cross_regime,M_stress,500,True,8,2818.1,2818.1,0.0,0.0,1.0,std_0.1,9,0.67,0.1,beta,none
City-B,T2,10x,2600.0,S1_CapRR,routine,M_routine,500,True,4,3303.2,2196.7,403.3,0.335,0.0,std_0.1,9,0.67,0.1,beta,none
City-B,T2,10x,2600.0,S1_CapRR,cross_regime,M_stress,500,True,4,3303.2,1614.5,985.5,0.5112,0.0,std_0.1,9,0.67,0.1,beta,none
City-B,T2,10x,2600.0,S2_Platform,routine,M_routine,500,True,6,2974.4,3170.0,0.0,0.0,1.0,std_0.1,9,0.67,0.1,beta,none
City-B,T2,10x,2600.0,S2_Platform,cross_regime,M_stress,500,True,6,2974.4,2173.1,426.9,0.2694,0.0,std_0.1,9,0.67,0.1,beta,none
City-B,T2,10x,2600.0,S3_Lin4,routine,M_routine,500,True,6,2634.2,3170.0,0.0,0.0,1.0,std_0.1,9,0.67,0.1,beta,none
City-B,T2,10x,2600.0,S3_Lin4,cross_regime,M_stress,500,True,6,2634.2,2173.1,426.9,0.175,0.0,std_0.1,9,0.67,0.1,beta,none
City-B,T2,10x,2600.0,S4_GlobalCalib,routine,M_routine,500,True,5,2694.2,2694.2,0.0,0.0,1.0,std_0.1,9,0.67,0.1,beta,none
City-B,T2,10x,2600.0,S4_GlobalCalib,cross_regime,M_stress,500,True,5,2694.2,1941.9,658.1,0.2792,0.0,std_0.1,9,0.67,0.1,beta,none
City-B,T2,10x,2600.0,S5_CityCalib,routine,M_routine,500,True,5,2695.9,2694.2,0.0,0.0006,1.0,std_0.1,9,0.67,0.1,beta,none
City-B,T2,10x,2600.0,S5_CityCalib,cross_regime,M_stress,500,True,5,2695.9,1941.9,658.1,0.2797,0.0,std_0.1,9,0.67,0.1,beta,none
City-B,T2,10x,2600.0,S6_Q10,routine,M_routine,500,True,7,2803.7,3574.5,0.0,0.0,1.0,std_0.1,9,0.67,0.1,beta,none
City-B,T2,10x,2600.0,S6_Q10,cross_regime,M_stress,500,True,7,2803.7,2484.5,115.5,0.1138,0.0,std_0.1,9,0.67,0.1,beta,none
City-B,T3,1x,200.0,S0a_RoutineOracle,routine,M_routine,500,True,1,611.5,611.5,0.0,0.0,1.0,std_0.1,9,0.67,0.1,beta,none
City-B,T3,1x,200.0,S0a_RoutineOracle,cross_regime,M_stress,500,True,1,611.5,303.2,0.0,0.5042,1.0,std_0.1,9,0.67,0.1,beta,none
City-B,T3,1x,200.0,S0b_StressOracle,routine,M_routine,500,True,1,375.8,384.1,0.0,0.0,1.0,std_0.1,9,0.67,0.1,beta,none
City-B,T3,1x,200.0,S0b_StressOracle,cross_regime,M_stress,500,True,1,375.8,375.8,0.0,0.0,1.0,std_0.1,9,0.67,0.1,beta,none
City-B,T3,1x,200.0,S1_CapRR,routine,M_routine,500,True,1,744.5,464.4,0.0,0.3763,1.0,std_0.1,9,0.67,0.1,beta,none
City-B,T3,1x,200.0,S1_CapRR,cross_regime,M_stress,500,True,1,744.5,300.2,0.0,0.5968,1.0,std_0.1,9,0.67,0.1,beta,none
City-B,T3,1x,200.0,S2_Platform,routine,M_routine,500,True,1,543.2,491.0,0.0,0.0961,1.0,std_0.1,9,0.67,0.1,beta,none
City-B,T3,1x,200.0,S2_Platform,cross_regime,M_stress,500,True,1,543.2,248.0,0.0,0.5434,1.0,std_0.1,9,0.67,0.1,beta,none
City-B,T3,1x,200.0,S3_Lin4,routine,M_routine,500,True,1,459.5,611.5,0.0,0.0,1.0,std_0.1,9,0.67,0.1,beta,none
City-B,T3,1x,200.0,S3_Lin4,cross_regime,M_stress,500,True,1,459.5,303.2,0.0,0.3402,1.0,std_0.1,9,0.67,0.1,beta,none
City-B,T3,1x,200.0,S4_GlobalCalib,routine,M_routine,500,True,1,498.2,464.4,0.0,0.068,1.0,std_0.1,9,0.67,0.1,beta,none
City-B,T3,1x,200.0,S4_GlobalCalib,cross_regime,M_stress,500,True,1,498.2,300.2,0.0,0.3976,1.0,std_0.1,9,0.67,0.1,beta,none
City-B,T3,1x,200.0,S5_CityCalib,routine,M_routine,500,True,1,496.3,464.4,0.0,0.0644,1.0,std_0.1,9,0.67,0.1,beta,none
City-B,T3,1x,200.0,S5_CityCalib,cross_regime,M_stress,500,True,1,496.3,300.2,0.0,0.3952,1.0,std_0.1,9,0.67,0.1,beta,none
City-B,T3,1x,200.0,S6_Q10,routine,M_routine,500,True,1,395.9,464.4,0.0,0.0,1.0,std_0.1,9,0.67,0.1,beta,none
City-B,T3,1x,200.0,S6_Q10,cross_regime,M_stress,500,True,1,395.9,300.2,0.0,0.2418,1.0,std_0.1,9,0.67,0.1,beta,none
City-B,T3,2x,400.0,S0a_RoutineOracle,routine,M_routine,500,True,1,611.5,611.5,0.0,0.0,1.0,std_0.1,9,0.67,0.1,beta,none
City-B,T3,2x,400.0,S0a_RoutineOracle,cross_regime,M_stress,500,True,1,611.5,303.2,96.8,0.5042,0.0,std_0.1,9,0.67,0.1,beta,none
City-B,T3,2x,400.0,S0b_StressOracle,routine,M_routine,500,True,2,679.0,995.6,0.0,0.0,1.0,std_0.1,9,0.67,0.1,beta,none
City-B,T3,2x,400.0,S0b_StressOracle,cross_regime,M_stress,500,True,2,679.0,679.0,0.0,0.0,1.0,std_0.1,9,0.67,0.1,beta,none
City-B,T3,2x,400.0,S1_CapRR,routine,M_routine,500,True,1,744.5,464.4,0.0,0.3763,1.0,std_0.1,9,0.67,0.1,beta,none
City-B,T3,2x,400.0,S1_CapRR,cross_regime,M_stress,500,True,1,744.5,300.2,99.8,0.5968,0.0,std_0.1,9,0.67,0.1,beta,none
City-B,T3,2x,400.0,S2_Platform,routine,M_routine,500,True,1,543.2,491.0,0.0,0.0961,1.0,std_0.1,9,0.67,0.1,beta,none
City-B,T3,2x,400.0,S2_Platform,cross_regime,M_stress,500,True,1,543.2,248.0,152.0,0.5434,0.0,std_0.1,9,0.67,0.1,beta,none
City-B,T3,2x,400.0,S3_Lin4,routine,M_routine,500,True,1,459.5,611.5,0.0,0.0,1.0,std_0.1,9,0.67,0.1,beta,none
City-B,T3,2x,400.0,S3_Lin4,cross_regime,M_stress,500,True,1,459.5,303.2,96.8,0.3402,0.0,std_0.1,9,0.67,0.1,beta,none
City-B,T3,2x,400.0,S4_GlobalCalib,routine,M_routine,500,True,1,498.2,464.4,0.0,0.068,1.0,std_0.1,9,0.67,0.1,beta,none
City-B,T3,2x,400.0,S4_GlobalCalib,cross_regime,M_stress,500,True,1,498.2,300.2,99.8,0.3976,0.0,std_0.1,9,0.67,0.1,beta,none
City-B,T3,2x,400.0,S5_CityCalib,routine,M_routine,500,True,1,496.3,464.4,0.0,0.0644,1.0,std_0.1,9,0.67,0.1,beta,none
City-B,T3,2x,400.0,S5_CityCalib,cross_regime,M_stress,500,True,1,496.3,300.2,99.8,0.3952,0.0,std_0.1,9,0.67,0.1,beta,none
City-B,T3,2x,400.0,S6_Q10,routine,M_routine,500,True,2,789.9,955.3,0.0,0.0,1.0,std_0.1,9,0.67,0.1,beta,none
City-B,T3,2x,400.0,S6_Q10,cross_regime,M_stress,500,True,2,789.9,548.2,0.0,0.306,1.0,std_0.1,9,0.67,0.1,beta,none
City-B,T3,5x,1000.0,S0a_RoutineOracle,routine,M_routine,500,True,2,1102.5,1102.5,0.0,0.0,1.0,std_0.1,9,0.67,0.1,beta,none
City-B,T3,5x,1000.0,S0a_RoutineOracle,cross_regime,M_stress,500,True,2,1102.5,551.2,448.8,0.5001,0.0,std_0.1,9,0.67,0.1,beta,none
City-B,T3,5x,1000.0,S0b_StressOracle,routine,M_routine,500,True,4,1279.7,1899.9,0.0,0.0,1.0,std_0.1,9,0.67,0.1,beta,none
City-B,T3,5x,1000.0,S0b_StressOracle,cross_regime,M_stress,500,True,4,1279.7,1279.7,0.0,0.0,1.0,std_0.1,9,0.67,0.1,beta,none
City-B,T3,5x,1000.0,S1_CapRR,routine,M_routine,500,True,2,1485.4,955.3,44.7,0.3568,0.0,std_0.1,9,0.67,0.1,beta,none
City-B,T3,5x,1000.0,S1_CapRR,cross_regime,M_stress,500,True,2,1485.4,548.2,451.8,0.631,0.0,std_0.1,9,0.67,0.1,beta,none
City-B,T3,5x,1000.0,S2_Platform,routine,M_routine,500,True,2,1048.0,1102.5,0.0,0.0,1.0,std_0.1,9,0.67,0.1,beta,none
City-B,T3,5x,1000.0,S2_Platform,cross_regime,M_stress,500,True,2,1048.0,551.2,448.8,0.4741,0.0,std_0.1,9,0.67,0.1,beta,none
City-B,T3,5x,1000.0,S3_Lin4,routine,M_routine,500,True,3,1358.6,1460.0,0.0,0.0,1.0,std_0.1,9,0.67,0.1,beta,none
City-B,T3,5x,1000.0,S3_Lin4,cross_regime,M_stress,500,True,3,1358.6,979.2,20.8,0.2793,0.0,std_0.1,9,0.67,0.1,beta,none
City-B,T3,5x,1000.0,S4_GlobalCalib,routine,M_routine,500,True,3,1474.9,1566.8,0.0,0.0,1.0,std_0.1,9,0.67,0.1,beta,none
City-B,T3,5x,1000.0,S4_GlobalCalib,cross_regime,M_stress,500,True,3,1474.9,851.3,148.7,0.4228,0.0,std_0.1,9,0.67,0.1,beta,none
City-B,T3,5x,1000.0,S5_CityCalib,routine,M_routine,500,True,3,1469.2,1566.8,0.0,0.0,1.0,std_0.1,9,0.67,0.1,beta,none
City-B,T3,5x,1000.0,S5_CityCalib,cross_regime,M_stress,500,True,3,1469.2,851.3,148.7,0.4206,0.0,std_0.1,9,0.67,0.1,beta,none
City-B,T3,5x,1000.0,S6_Q10,routine,M_routine,500,True,3,1171.9,1566.8,0.0,0.0,1.0,std_0.1,9,0.67,0.1,beta,none
City-B,T3,5x,1000.0,S6_Q10,cross_regime,M_stress,500,True,3,1171.9,851.3,148.7,0.2736,0.0,std_0.1,9,0.67,0.1,beta,none
City-B,T3,10x,2000.0,S0a_RoutineOracle,routine,M_routine,500,True,4,2006.8,2006.8,0.0,0.0,1.0,std_0.1,9,0.67,0.1,beta,none
City-B,T3,10x,2000.0,S0a_RoutineOracle,cross_regime,M_stress,500,True,4,2006.8,1151.8,848.2,0.426,0.0,std_0.1,9,0.67,0.1,beta,none
City-B,T3,10x,2000.0,S0b_StressOracle,routine,M_routine,500,True,7,2107.7,3086.6,0.0,0.0,1.0,std_0.1,9,0.67,0.1,beta,none
City-B,T3,10x,2000.0,S0b_StressOracle,cross_regime,M_stress,500,True,7,2107.7,2107.7,0.0,0.0,1.0,std_0.1,9,0.67,0.1,beta,none
City-B,T3,10x,2000.0,S1_CapRR,routine,M_routine,500,True,3,2203.9,1566.8,433.2,0.2891,0.0,std_0.1,9,0.67,0.1,beta,none
City-B,T3,10x,2000.0,S1_CapRR,cross_regime,M_stress,500,True,3,2203.9,851.3,1148.7,0.6137,0.0,std_0.1,9,0.67,0.1,beta,none
City-B,T3,10x,2000.0,S2_Platform,routine,M_routine,500,True,5,2307.7,2179.5,0.0,0.0555,1.0,std_0.1,9,0.67,0.1,beta,none
City-B,T3,10x,2000.0,S2_Platform,cross_regime,M_stress,500,True,5,2307.7,1459.6,540.4,0.3675,0.0,std_0.1,9,0.67,0.1,beta,none
City-B,T3,10x,2000.0,S3_Lin4,routine,M_routine,500,True,5,2181.2,2390.6,0.0,0.0,1.0,std_0.1,9,0.67,0.1,beta,none
City-B,T3,10x,2000.0,S3_Lin4,cross_regime,M_stress,500,True,5,2181.2,1474.0,526.0,0.3242,0.0,std_0.1,9,0.67,0.1,beta,none
City-B,T3,10x,2000.0,S4_GlobalCalib,routine,M_routine,500,True,5,2356.7,2390.9,0.0,0.0,1.0,std_0.1,9,0.67,0.1,beta,none
City-B,T3,10x,2000.0,S4_GlobalCalib,cross_regime,M_stress,500,True,5,2356.7,1527.7,472.3,0.3518,0.0,std_0.1,9,0.67,0.1,beta,none
City-B,T3,10x,2000.0,S5_CityCalib,routine,M_routine,500,True,5,2347.5,2390.9,0.0,0.0,1.0,std_0.1,9,0.67,0.1,beta,none
City-B,T3,10x,2000.0,S5_CityCalib,cross_regime,M_stress,500,True,5,2347.5,1527.7,472.3,0.3492,0.0,std_0.1,9,0.67,0.1,beta,none
City-B,T3,10x,2000.0,S6_Q10,routine,M_routine,500,True,6,2173.8,2788.8,0.0,0.0,1.0,std_0.1,9,0.67,0.1,beta,none
City-B,T3,10x,2000.0,S6_Q10,cross_regime,M_stress,500,True,6,2173.8,1808.9,191.1,0.1679,0.0,std_0.1,9,0.67,0.1,beta,none
City-B,T4,1x,140.0,S0a_RoutineOracle,routine,M_routine,500,True,1,566.3,566.3,0.0,0.0,1.0,std_0.1,9,0.67,0.1,beta,none
City-B,T4,1x,140.0,S0a_RoutineOracle,cross_regime,M_stress,500,True,1,566.3,432.5,0.0,0.2363,1.0,std_0.1,9,0.67,0.1,beta,none
City-B,T4,1x,140.0,S0b_StressOracle,routine,M_routine,500,True,1,451.1,533.0,0.0,0.0,1.0,std_0.1,9,0.67,0.1,beta,none
City-B,T4,1x,140.0,S0b_StressOracle,cross_regime,M_stress,500,True,1,451.1,451.1,0.0,0.0,1.0,std_0.1,9,0.67,0.1,beta,none
City-B,T4,1x,140.0,S1_CapRR,routine,M_routine,500,True,1,846.0,505.5,0.0,0.4025,1.0,std_0.1,9,0.67,0.1,beta,none
City-B,T4,1x,140.0,S1_CapRR,cross_regime,M_stress,500,True,1,846.0,296.8,0.0,0.6492,1.0,std_0.1,9,0.67,0.1,beta,none
City-B,T4,1x,140.0,S2_Platform,routine,M_routine,500,True,1,480.1,505.5,0.0,0.0,1.0,std_0.1,9,0.67,0.1,beta,none
City-B,T4,1x,140.0,S2_Platform,cross_regime,M_stress,500,True,1,480.1,296.8,0.0,0.3818,1.0,std_0.1,9,0.67,0.1,beta,none
City-B,T4,1x,140.0,S3_Lin4,routine,M_routine,500,True,1,470.0,520.4,0.0,0.0,1.0,std_0.1,9,0.67,0.1,beta,none
City-B,T4,1x,140.0,S3_Lin4,cross_regime,M_stress,500,True,1,470.0,376.0,0.0,0.2,1.0,std_0.1,9,0.67,0.1,beta,none
City-B,T4,1x,140.0,S4_GlobalCalib,routine,M_routine,500,True,1,567.1,505.5,0.0,0.1086,1.0,std_0.1,9,0.67,0.1,beta,none
City-B,T4,1x,140.0,S4_GlobalCalib,cross_regime,M_stress,500,True,1,567.1,296.8,0.0,0.4766,1.0,std_0.1,9,0.67,0.1,beta,none
City-B,T4,1x,140.0,S5_CityCalib,routine,M_routine,500,True,1,569.8,505.5,0.0,0.1127,1.0,std_0.1,9,0.67,0.1,beta,none
City-B,T4,1x,140.0,S5_CityCalib,cross_regime,M_stress,500,True,1,569.8,296.8,0.0,0.4791,1.0,std_0.1,9,0.67,0.1,beta,none
City-B,T4,1x,140.0,S6_Q10,routine,M_routine,500,True,1,449.2,505.5,0.0,0.0,1.0,std_0.1,9,0.67,0.1,beta,none
City-B,T4,1x,140.0,S6_Q10,cross_regime,M_stress,500,True,1,449.2,296.8,0.0,0.3393,1.0,std_0.1,9,0.67,0.1,beta,none
City-B,T4,2x,280.0,S0a_RoutineOracle,routine,M_routine,500,True,1,566.3,566.3,0.0,0.0,1.0,std_0.1,9,0.67,0.1,beta,none
City-B,T4,2x,280.0,S0a_RoutineOracle,cross_regime,M_stress,500,True,1,566.3,432.5,0.0,0.2363,1.0,std_0.1,9,0.67,0.1,beta,none
City-B,T4,2x,280.0,S0b_StressOracle,routine,M_routine,500,True,1,451.1,533.0,0.0,0.0,1.0,std_0.1,9,0.67,0.1,beta,none
City-B,T4,2x,280.0,S0b_StressOracle,cross_regime,M_stress,500,True,1,451.1,451.1,0.0,0.0,1.0,std_0.1,9,0.67,0.1,beta,none
City-B,T4,2x,280.0,S1_CapRR,routine,M_routine,500,True,1,846.0,505.5,0.0,0.4025,1.0,std_0.1,9,0.67,0.1,beta,none
City-B,T4,2x,280.0,S1_CapRR,cross_regime,M_stress,500,True,1,846.0,296.8,0.0,0.6492,1.0,std_0.1,9,0.67,0.1,beta,none
City-B,T4,2x,280.0,S2_Platform,routine,M_routine,500,True,1,480.1,505.5,0.0,0.0,1.0,std_0.1,9,0.67,0.1,beta,none
City-B,T4,2x,280.0,S2_Platform,cross_regime,M_stress,500,True,1,480.1,296.8,0.0,0.3818,1.0,std_0.1,9,0.67,0.1,beta,none
City-B,T4,2x,280.0,S3_Lin4,routine,M_routine,500,True,1,470.0,520.4,0.0,0.0,1.0,std_0.1,9,0.67,0.1,beta,none
City-B,T4,2x,280.0,S3_Lin4,cross_regime,M_stress,500,True,1,470.0,376.0,0.0,0.2,1.0,std_0.1,9,0.67,0.1,beta,none
City-B,T4,2x,280.0,S4_GlobalCalib,routine,M_routine,500,True,1,567.1,505.5,0.0,0.1086,1.0,std_0.1,9,0.67,0.1,beta,none
City-B,T4,2x,280.0,S4_GlobalCalib,cross_regime,M_stress,500,True,1,567.1,296.8,0.0,0.4766,1.0,std_0.1,9,0.67,0.1,beta,none
City-B,T4,2x,280.0,S5_CityCalib,routine,M_routine,500,True,1,569.8,505.5,0.0,0.1127,1.0,std_0.1,9,0.67,0.1,beta,none
City-B,T4,2x,280.0,S5_CityCalib,cross_regime,M_stress,500,True,1,569.8,296.8,0.0,0.4791,1.0,std_0.1,9,0.67,0.1,beta,none
City-B,T4,2x,280.0,S6_Q10,routine,M_routine,500,True,1,449.2,505.5,0.0,0.0,1.0,std_0.1,9,0.67,0.1,beta,none
City-B,T4,2x,280.0,S6_Q10,cross_regime,M_stress,500,True,1,449.2,296.8,0.0,0.3393,1.0,std_0.1,9,0.67,0.1,beta,none
City-B,T4,5x,700.0,S0a_RoutineOracle,routine,M_routine,500,True,2,1099.3,1099.3,0.0,0.0,1.0,std_0.1,9,0.67,0.1,beta,none
City-B,T4,5x,700.0,S0a_RoutineOracle,cross_regime,M_stress,500,True,2,1099.3,883.6,0.0,0.1962,1.0,std_0.1,9,0.67,0.1,beta,none
City-B,T4,5x,700.0,S0b_StressOracle,routine,M_routine,500,True,2,883.6,1099.3,0.0,0.0,1.0,std_0.1,9,0.67,0.1,beta,none
City-B,T4,5x,700.0,S0b_StressOracle,cross_regime,M_stress,500,True,2,883.6,883.6,0.0,0.0,1.0,std_0.1,9,0.67,0.1,beta,none
City-B,T4,5x,700.0,S1_CapRR,routine,M_routine,500,True,1,846.0,505.5,194.5,0.4025,0.0,std_0.1,9,0.67,0.1,beta,none
City-B,T4,5x,700.0,S1_CapRR,cross_regime,M_stress,500,True,1,846.0,296.8,403.2,0.6492,0.0,std_0.1,9,0.67,0.1,beta,none
City-B,T4,5x,700.0,S2_Platform,routine,M_routine,500,True,2,912.9,1071.8,0.0,0.0,1.0,std_0.1,9,0.67,0.1,beta,none
City-B,T4,5x,700.0,S2_Platform,cross_regime,M_stress,500,True,2,912.9,729.3,0.0,0.2012,1.0,std_0.1,9,0.67,0.1,beta,none
City-B,T4,5x,700.0,S3_Lin4,routine,M_routine,500,True,2,933.7,1086.7,0.0,0.0,1.0,std_0.1,9,0.67,0.1,beta,none
City-B,T4,5x,700.0,S3_Lin4,cross_regime,M_stress,500,True,2,933.7,808.5,0.0,0.1341,1.0,std_0.1,9,0.67,0.1,beta,none
City-B,T4,5x,700.0,S4_GlobalCalib,routine,M_routine,500,True,2,1131.4,1038.5,0.0,0.0821,1.0,std_0.1,9,0.67,0.1,beta,none
City-B,T4,5x,700.0,S4_GlobalCalib,cross_regime,M_stress,500,True,2,1131.4,747.9,0.0,0.339,1.0,std_0.1,9,0.67,0.1,beta,none
City-B,T4,5x,700.0,S5_CityCalib,routine,M_routine,500,True,2,1136.8,1038.5,0.0,0.0864,1.0,std_0.1,9,0.67,0.1,beta,none
City-B,T4,5x,700.0,S5_CityCalib,cross_regime,M_stress,500,True,2,1136.8,747.9,0.0,0.3421,1.0,std_0.1,9,0.67,0.1,beta,none
City-B,T4,5x,700.0,S6_Q10,routine,M_routine,500,True,2,896.3,1038.5,0.0,0.0,1.0,std_0.1,9,0.67,0.1,beta,none
City-B,T4,5x,700.0,S6_Q10,cross_regime,M_stress,500,True,2,896.3,747.9,0.0,0.1656,1.0,std_0.1,9,0.67,0.1,beta,none
City-B,T4,10x,1400.0,S0a_RoutineOracle,routine,M_routine,500,True,3,1619.7,1619.7,0.0,0.0,1.0,std_0.1,9,0.67,0.1,beta,none
City-B,T4,10x,1400.0,S0a_RoutineOracle,cross_regime,M_stress,500,True,3,1619.7,1259.6,140.4,0.2223,0.0,std_0.1,9,0.67,0.1,beta,none
City-B,T4,10x,1400.0,S0b_StressOracle,routine,M_routine,500,True,4,1580.1,1954.7,0.0,0.0,1.0,std_0.1,9,0.67,0.1,beta,none
City-B,T4,10x,1400.0,S0b_StressOracle,cross_regime,M_stress,500,True,4,1580.1,1580.1,0.0,0.0,1.0,std_0.1,9,0.67,0.1,beta,none
City-B,T4,10x,1400.0,S1_CapRR,routine,M_routine,500,True,2,1688.0,1038.5,361.5,0.3848,0.0,std_0.1,9,0.67,0.1,beta,none
City-B,T4,10x,1400.0,S1_CapRR,cross_regime,M_stress,500,True,2,1688.0,747.9,652.1,0.5569,0.0,std_0.1,9,0.67,0.1,beta,none
City-B,T4,10x,1400.0,S2_Platform,routine,M_routine,500,True,4,1693.5,1949.8,0.0,0.0,1.0,std_0.1,9,0.67,0.1,beta,none
City-B,T4,10x,1400.0,S2_Platform,cross_regime,M_stress,500,True,4,1693.5,1381.8,18.2,0.1841,0.0,std_0.1,9,0.67,0.1,beta,none
City-B,T4,10x,1400.0,S3_Lin4,routine,M_routine,500,True,4,1850.8,2125.2,0.0,0.0,1.0,std_0.1,9,0.67,0.1,beta,none
City-B,T4,10x,1400.0,S3_Lin4,cross_regime,M_stress,500,True,4,1850.8,1556.4,0.0,0.1591,1.0,std_0.1,9,0.67,0.1,beta,none
City-B,T4,10x,1400.0,S4_GlobalCalib,routine,M_routine,500,True,3,1678.7,1558.9,0.0,0.0714,1.0,std_0.1,9,0.67,0.1,beta,none
City-B,T4,10x,1400.0,S4_GlobalCalib,cross_regime,M_stress,500,True,3,1678.7,1123.9,276.1,0.3305,0.0,std_0.1,9,0.67,0.1,beta,none
City-B,T4,10x,1400.0,S5_CityCalib,routine,M_routine,500,True,3,1686.5,1558.9,0.0,0.0757,1.0,std_0.1,9,0.67,0.1,beta,none
City-B,T4,10x,1400.0,S5_CityCalib,cross_regime,M_stress,500,True,3,1686.5,1123.9,276.1,0.3336,0.0,std_0.1,9,0.67,0.1,beta,none
City-B,T4,10x,1400.0,S6_Q10,routine,M_routine,500,True,4,1754.0,2125.2,0.0,0.0,1.0,std_0.1,9,0.67,0.1,beta,none
City-B,T4,10x,1400.0,S6_Q10,cross_regime,M_stress,500,True,4,1754.0,1556.4,0.0,0.1126,1.0,std_0.1,9,0.67,0.1,beta,none
City-B,T5,1x,160.0,S0a_RoutineOracle,routine,M_routine,500,True,1,590.3,590.3,0.0,0.0,1.0,std_0.1,9,0.67,0.1,beta,none
City-B,T5,1x,160.0,S0a_RoutineOracle,cross_regime,M_stress,500,True,1,590.3,365.2,0.0,0.3813,1.0,std_0.1,9,0.67,0.1,beta,none
City-B,T5,1x,160.0,S0b_StressOracle,routine,M_routine,500,True,1,365.2,590.3,0.0,0.0,1.0,std_0.1,9,0.67,0.1,beta,none
City-B,T5,1x,160.0,S0b_StressOracle,cross_regime,M_stress,500,True,1,365.2,365.2,0.0,0.0,1.0,std_0.1,9,0.67,0.1,beta,none
City-B,T5,1x,160.0,S1_CapRR,routine,M_routine,500,True,1,744.5,483.7,0.0,0.3503,1.0,std_0.1,9,0.67,0.1,beta,none
City-B,T5,1x,160.0,S1_CapRR,cross_regime,M_stress,500,True,1,744.5,322.7,0.0,0.5665,1.0,std_0.1,9,0.67,0.1,beta,none
City-B,T5,1x,160.0,S2_Platform,routine,M_routine,500,True,1,553.3,590.3,0.0,0.0,1.0,std_0.1,9,0.67,0.1,beta,none
City-B,T5,1x,160.0,S2_Platform,cross_regime,M_stress,500,True,1,553.3,365.2,0.0,0.3399,1.0,std_0.1,9,0.67,0.1,beta,none
City-B,T5,1x,160.0,S3_Lin4,routine,M_routine,500,True,1,459.1,487.2,0.0,0.0,1.0,std_0.1,9,0.67,0.1,beta,none
City-B,T5,1x,160.0,S3_Lin4,cross_regime,M_stress,500,True,1,459.1,293.6,0.0,0.3605,1.0,std_0.1,9,0.67,0.1,beta,none
City-B,T5,1x,160.0,S4_GlobalCalib,routine,M_routine,500,True,1,498.5,483.7,0.0,0.0296,1.0,std_0.1,9,0.67,0.1,beta,none
City-B,T5,1x,160.0,S4_GlobalCalib,cross_regime,M_stress,500,True,1,498.5,322.7,0.0,0.3526,1.0,std_0.1,9,0.67,0.1,beta,none
City-B,T5,1x,160.0,S5_CityCalib,routine,M_routine,500,True,1,496.6,483.7,0.0,0.0259,1.0,std_0.1,9,0.67,0.1,beta,none
City-B,T5,1x,160.0,S5_CityCalib,cross_regime,M_stress,500,True,1,496.6,322.7,0.0,0.3501,1.0,std_0.1,9,0.67,0.1,beta,none
City-B,T5,1x,160.0,S6_Q10,routine,M_routine,500,True,1,394.0,483.7,0.0,0.0,1.0,std_0.1,9,0.67,0.1,beta,none
City-B,T5,1x,160.0,S6_Q10,cross_regime,M_stress,500,True,1,394.0,322.7,0.0,0.181,1.0,std_0.1,9,0.67,0.1,beta,none
City-B,T5,2x,320.0,S0a_RoutineOracle,routine,M_routine,500,True,1,590.3,590.3,0.0,0.0,1.0,std_0.1,9,0.67,0.1,beta,none
City-B,T5,2x,320.0,S0a_RoutineOracle,cross_regime,M_stress,500,True,1,590.3,365.2,0.0,0.3813,1.0,std_0.1,9,0.67,0.1,beta,none
City-B,T5,2x,320.0,S0b_StressOracle,routine,M_routine,500,True,1,365.2,590.3,0.0,0.0,1.0,std_0.1,9,0.67,0.1,beta,none
City-B,T5,2x,320.0,S0b_StressOracle,cross_regime,M_stress,500,True,1,365.2,365.2,0.0,0.0,1.0,std_0.1,9,0.67,0.1,beta,none
City-B,T5,2x,320.0,S1_CapRR,routine,M_routine,500,True,1,744.5,483.7,0.0,0.3503,1.0,std_0.1,9,0.67,0.1,beta,none
City-B,T5,2x,320.0,S1_CapRR,cross_regime,M_stress,500,True,1,744.5,322.7,0.0,0.5665,1.0,std_0.1,9,0.67,0.1,beta,none
City-B,T5,2x,320.0,S2_Platform,routine,M_routine,500,True,1,553.3,590.3,0.0,0.0,1.0,std_0.1,9,0.67,0.1,beta,none
City-B,T5,2x,320.0,S2_Platform,cross_regime,M_stress,500,True,1,553.3,365.2,0.0,0.3399,1.0,std_0.1,9,0.67,0.1,beta,none
City-B,T5,2x,320.0,S3_Lin4,routine,M_routine,500,True,1,459.1,487.2,0.0,0.0,1.0,std_0.1,9,0.67,0.1,beta,none
City-B,T5,2x,320.0,S3_Lin4,cross_regime,M_stress,500,True,1,459.1,293.6,26.4,0.3605,0.0,std_0.1,9,0.67,0.1,beta,none
City-B,T5,2x,320.0,S4_GlobalCalib,routine,M_routine,500,True,1,498.5,483.7,0.0,0.0296,1.0,std_0.1,9,0.67,0.1,beta,none
City-B,T5,2x,320.0,S4_GlobalCalib,cross_regime,M_stress,500,True,1,498.5,322.7,0.0,0.3526,1.0,std_0.1,9,0.67,0.1,beta,none
City-B,T5,2x,320.0,S5_CityCalib,routine,M_routine,500,True,1,496.6,483.7,0.0,0.0259,1.0,std_0.1,9,0.67,0.1,beta,none
City-B,T5,2x,320.0,S5_CityCalib,cross_regime,M_stress,500,True,1,496.6,322.7,0.0,0.3501,1.0,std_0.1,9,0.67,0.1,beta,none
City-B,T5,2x,320.0,S6_Q10,routine,M_routine,500,True,1,394.0,483.7,0.0,0.0,1.0,std_0.1,9,0.67,0.1,beta,none
City-B,T5,2x,320.0,S6_Q10,cross_regime,M_stress,500,True,1,394.0,322.7,0.0,0.181,1.0,std_0.1,9,0.67,0.1,beta,none
City-B,T5,5x,800.0,S0a_RoutineOracle,routine,M_routine,500,True,2,1077.5,1077.5,0.0,0.0,1.0,std_0.1,9,0.67,0.1,beta,none
City-B,T5,5x,800.0,S0a_RoutineOracle,cross_regime,M_stress,500,True,2,1077.5,658.8,141.2,0.3886,0.0,std_0.1,9,0.67,0.1,beta,none
City-B,T5,5x,800.0,S0b_StressOracle,routine,M_routine,500,True,3,1038.3,1518.4,0.0,0.0,1.0,std_0.1,9,0.67,0.1,beta,none
City-B,T5,5x,800.0,S0b_StressOracle,cross_regime,M_stress,500,True,3,1038.3,1038.3,0.0,0.0,1.0,std_0.1,9,0.67,0.1,beta,none
City-B,T5,5x,800.0,S1_CapRR,routine,M_routine,500,True,2,1485.4,1074.0,0.0,0.277,1.0,std_0.1,9,0.67,0.1,beta,none
City-B,T5,5x,800.0,S1_CapRR,cross_regime,M_stress,500,True,2,1485.4,688.0,112.0,0.5369,0.0,std_0.1,9,0.67,0.1,beta,none
City-B,T5,5x,800.0,S2_Platform,routine,M_routine,500,True,2,1093.7,1077.5,0.0,0.0148,1.0,std_0.1,9,0.67,0.1,beta,none
City-B,T5,5x,800.0,S2_Platform,cross_regime,M_stress,500,True,2,1093.7,658.8,141.2,0.3976,0.0,std_0.1,9,0.67,0.1,beta,none
City-B,T5,5x,800.0,S3_Lin4,routine,M_routine,500,True,2,912.0,931.6,0.0,0.0,1.0,std_0.1,9,0.67,0.1,beta,none
City-B,T5,5x,800.0,S3_Lin4,cross_regime,M_stress,500,True,2,912.0,643.9,156.1,0.294,0.0,std_0.1,9,0.67,0.1,beta,none
City-B,T5,5x,800.0,S4_GlobalCalib,routine,M_routine,500,True,2,994.5,1074.0,0.0,0.0,1.0,std_0.1,9,0.67,0.1,beta,none
City-B,T5,5x,800.0,S4_GlobalCalib,cross_regime,M_stress,500,True,2,994.5,688.0,112.0,0.3083,0.0,std_0.1,9,0.67,0.1,beta,none
City-B,T5,5x,800.0,S5_CityCalib,routine,M_routine,500,True,2,990.7,1074.0,0.0,0.0,1.0,std_0.1,9,0.67,0.1,beta,none
City-B,T5,5x,800.0,S5_CityCalib,cross_regime,M_stress,500,True,2,990.7,688.0,112.0,0.3056,0.0,std_0.1,9,0.67,0.1,beta,none
City-B,T5,5x,800.0,S6_Q10,routine,M_routine,500,True,3,1166.5,1561.2,0.0,0.0,1.0,std_0.1,9,0.67,0.1,beta,none
City-B,T5,5x,800.0,S6_Q10,cross_regime,M_stress,500,True,3,1166.5,981.5,0.0,0.1586,1.0,std_0.1,9,0.67,0.1,beta,none
City-B,T5,10x,1600.0,S0a_RoutineOracle,routine,M_routine,500,True,4,2005.6,2005.6,0.0,0.0,1.0,std_0.1,9,0.67,0.1,beta,none
City-B,T5,10x,1600.0,S0a_RoutineOracle,cross_regime,M_stress,500,True,4,2005.6,1331.8,268.2,0.336,0.0,std_0.1,9,0.67,0.1,beta,none
City-B,T5,10x,1600.0,S0b_StressOracle,routine,M_routine,500,True,5,1638.7,2355.2,0.0,0.0,1.0,std_0.1,9,0.67,0.1,beta,none
City-B,T5,10x,1600.0,S0b_StressOracle,cross_regime,M_stress,500,True,5,1638.7,1638.7,0.0,0.0,1.0,std_0.1,9,0.67,0.1,beta,none
City-B,T5,10x,1600.0,S1_CapRR,routine,M_routine,500,True,3,2203.9,1561.2,38.8,0.2916,0.0,std_0.1,9,0.67,0.1,beta,none
City-B,T5,10x,1600.0,S1_CapRR,cross_regime,M_stress,500,True,3,2203.9,981.5,618.5,0.5546,0.0,std_0.1,9,0.67,0.1,beta,none
City-B,T5,10x,1600.0,S2_Platform,routine,M_routine,500,True,4,2025.8,1871.5,0.0,0.0762,1.0,std_0.1,9,0.67,0.1,beta,none
City-B,T5,10x,1600.0,S2_Platform,cross_regime,M_stress,500,True,4,2025.8,1316.0,284.0,0.3504,0.0,std_0.1,9,0.67,0.1,beta,none
City-B,T5,10x,1600.0,S3_Lin4,routine,M_routine,500,True,4,1801.3,2005.6,0.0,0.0,1.0,std_0.1,9,0.67,0.1,beta,none
City-B,T5,10x,1600.0,S3_Lin4,cross_regime,M_stress,500,True,4,1801.3,1331.8,268.2,0.2606,0.0,std_0.1,9,0.67,0.1,beta,none
City-B,T5,10x,1600.0,S4_GlobalCalib,routine,M_routine,500,True,4,1946.1,2005.6,0.0,0.0,1.0,std_0.1,9,0.67,0.1,beta,none
City-B,T5,10x,1600.0,S4_GlobalCalib,cross_regime,M_stress,500,True,4,1946.1,1331.8,268.2,0.3156,0.0,std_0.1,9,0.67,0.1,beta,none
City-B,T5,10x,1600.0,S5_CityCalib,routine,M_routine,500,True,4,1938.7,2005.6,0.0,0.0,1.0,std_0.1,9,0.67,0.1,beta,none
City-B,T5,10x,1600.0,S5_CityCalib,cross_regime,M_stress,500,True,4,1938.7,1331.8,268.2,0.313,0.0,std_0.1,9,0.67,0.1,beta,none
City-B,T5,10x,1600.0,S6_Q10,routine,M_routine,500,True,5,1864.0,2355.2,0.0,0.0,1.0,std_0.1,9,0.67,0.1,beta,none
City-B,T5,10x,1600.0,S6_Q10,cross_regime,M_stress,500,True,5,1864.0,1638.7,0.0,0.1209,1.0,std_0.1,9,0.67,0.1,beta,none
City-C,T1,1x,180.0,S0a_RoutineOracle,routine,M_routine,650,True,1,531.4,531.4,0.0,0.0,1.0,std_0.1,9,0.67,0.1,beta,none
City-C,T1,1x,180.0,S0a_RoutineOracle,cross_regime,M_stress,650,True,1,531.4,296.9,0.0,0.4413,1.0,std_0.1,9,0.67,0.1,beta,none
City-C,T1,1x,180.0,S0b_StressOracle,routine,M_routine,650,True,1,352.7,444.8,0.0,0.0,1.0,std_0.1,9,0.67,0.1,beta,none
City-C,T1,1x,180.0,S0b_StressOracle,cross_regime,M_stress,650,True,1,352.7,352.7,0.0,0.0,1.0,std_0.1,9,0.67,0.1,beta,none
City-C,T1,1x,180.0,S1_CapRR,routine,M_routine,650,True,1,737.0,531.4,0.0,0.2789,1.0,std_0.1,9,0.67,0.1,beta,none
City-C,T1,1x,180.0,S1_CapRR,cross_regime,M_stress,650,True,1,737.0,296.9,0.0,0.5972,1.0,std_0.1,9,0.67,0.1,beta,none
City-C,T1,1x,180.0,S2_Platform,routine,M_routine,650,True,1,460.9,531.4,0.0,0.0,1.0,std_0.1,9,0.67,0.1,beta,none
City-C,T1,1x,180.0,S2_Platform,cross_regime,M_stress,650,True,1,460.9,296.9,0.0,0.3558,1.0,std_0.1,9,0.67,0.1,beta,none
City-C,T1,1x,180.0,S3_Lin4,routine,M_routine,650,True,1,420.2,531.4,0.0,0.0,1.0,std_0.1,9,0.67,0.1,beta,none
City-C,T1,1x,180.0,S3_Lin4,cross_regime,M_stress,650,True,1,420.2,296.9,0.0,0.2934,1.0,std_0.1,9,0.67,0.1,beta,none
City-C,T1,1x,180.0,S4_GlobalCalib,routine,M_routine,650,True,1,495.2,531.4,0.0,0.0,1.0,std_0.1,9,0.67,0.1,beta,none
City-C,T1,1x,180.0,S4_GlobalCalib,cross_regime,M_stress,650,True,1,495.2,296.9,0.0,0.4005,1.0,std_0.1,9,0.67,0.1,beta,none
City-C,T1,1x,180.0,S5_CityCalib,routine,M_routine,650,True,1,494.4,531.4,0.0,0.0,1.0,std_0.1,9,0.67,0.1,beta,none
City-C,T1,1x,180.0,S5_CityCalib,cross_regime,M_stress,650,True,1,494.4,296.9,0.0,0.3994,1.0,std_0.1,9,0.67,0.1,beta,none
City-C,T1,1x,180.0,S6_Q10,routine,M_routine,650,True,1,390.3,531.4,0.0,0.0,1.0,std_0.1,9,0.67,0.1,beta,none
City-C,T1,1x,180.0,S6_Q10,cross_regime,M_stress,650,True,1,390.3,296.9,0.0,0.2392,1.0,std_0.1,9,0.67,0.1,beta,none
City-C,T1,2x,360.0,S0a_RoutineOracle,routine,M_routine,650,True,1,531.4,531.4,0.0,0.0,1.0,std_0.1,9,0.67,0.1,beta,none
City-C,T1,2x,360.0,S0a_RoutineOracle,cross_regime,M_stress,650,True,1,531.4,296.9,63.1,0.4413,0.0,std_0.1,9,0.67,0.1,beta,none
City-C,T1,2x,360.0,S0b_StressOracle,routine,M_routine,650,True,2,690.3,822.1,0.0,0.0,1.0,std_0.1,9,0.67,0.1,beta,none
City-C,T1,2x,360.0,S0b_StressOracle,cross_regime,M_stress,650,True,2,690.3,690.3,0.0,0.0,1.0,std_0.1,9,0.67,0.1,beta,none
City-C,T1,2x,360.0,S1_CapRR,routine,M_routine,650,True,1,737.0,531.4,0.0,0.2789,1.0,std_0.1,9,0.67,0.1,beta,none
City-C,T1,2x,360.0,S1_CapRR,cross_regime,M_stress,650,True,1,737.0,296.9,63.1,0.5972,0.0,std_0.1,9,0.67,0.1,beta,none
City-C,T1,2x,360.0,S2_Platform,routine,M_routine,650,True,1,460.9,531.4,0.0,0.0,1.0,std_0.1,9,0.67,0.1,beta,none
City-C,T1,2x,360.0,S2_Platform,cross_regime,M_stress,650,True,1,460.9,296.9,63.1,0.3558,0.0,std_0.1,9,0.67,0.1,beta,none
City-C,T1,2x,360.0,S3_Lin4,routine,M_routine,650,True,1,420.2,531.4,0.0,0.0,1.0,std_0.1,9,0.67,0.1,beta,none
City-C,T1,2x,360.0,S3_Lin4,cross_regime,M_stress,650,True,1,420.2,296.9,63.1,0.2934,0.0,std_0.1,9,0.67,0.1,beta,none
City-C,T1,2x,360.0,S4_GlobalCalib,routine,M_routine,650,True,1,495.2,531.4,0.0,0.0,1.0,std_0.1,9,0.67,0.1,beta,none
City-C,T1,2x,360.0,S4_GlobalCalib,cross_regime,M_stress,650,True,1,495.2,296.9,63.1,0.4005,0.0,std_0.1,9,0.67,0.1,beta,none
City-C,T1,2x,360.0,S5_CityCalib,routine,M_routine,650,True,1,494.4,531.4,0.0,0.0,1.0,std_0.1,9,0.67,0.1,beta,none
City-C,T1,2x,360.0,S5_CityCalib,cross_regime,M_stress,650,True,1,494.4,296.9,63.1,0.3994,0.0,std_0.1,9,0.67,0.1,beta,none
City-C,T1,2x,360.0,S6_Q10,routine,M_routine,650,True,1,390.3,531.4,0.0,0.0,1.0,std_0.1,9,0.67,0.1,beta,none
City-C,T1,2x,360.0,S6_Q10,cross_regime,M_stress,650,True,1,390.3,296.9,63.1,0.2392,0.0,std_0.1,9,0.67,0.1,beta,none
City-C,T1,5x,900.0,S0a_RoutineOracle,routine,M_routine,650,True,2,976.2,976.2,0.0,0.0,1.0,std_0.1,9,0.67,0.1,beta,none
City-C,T1,5x,900.0,S0a_RoutineOracle,cross_regime,M_stress,650,True,2,976.2,649.6,250.4,0.3346,0.0,std_0.1,9,0.67,0.1,beta,none
City-C,T1,5x,900.0,S0b_StressOracle,routine,M_routine,650,True,3,1002.2,1235.6,0.0,0.0,1.0,std_0.1,9,0.67,0.1,beta,none
City-C,T1,5x,900.0,S0b_StressOracle,cross_regime,M_stress,650,True,3,1002.2,1002.2,0.0,0.0,1.0,std_0.1,9,0.67,0.1,beta,none
City-C,T1,5x,900.0,S1_CapRR,routine,M_routine,650,True,2,1439.5,976.2,0.0,0.3219,1.0,std_0.1,9,0.67,0.1,beta,none
City-C,T1,5x,900.0,S1_CapRR,cross_regime,M_stress,650,True,2,1439.5,649.6,250.4,0.5487,0.0,std_0.1,9,0.67,0.1,beta,none
City-C,T1,5x,900.0,S2_Platform,routine,M_routine,650,True,2,904.5,976.2,0.0,0.0,1.0,std_0.1,9,0.67,0.1,beta,none
City-C,T1,5x,900.0,S2_Platform,cross_regime,M_stress,650,True,2,904.5,649.6,250.4,0.2818,0.0,std_0.1,9,0.67,0.1,beta,none
City-C,T1,5x,900.0,S3_Lin4,routine,M_routine,650,True,3,1216.9,1353.5,0.0,0.0,1.0,std_0.1,9,0.67,0.1,beta,none
City-C,T1,5x,900.0,S3_Lin4,cross_regime,M_stress,650,True,3,1216.9,987.2,0.0,0.1888,1.0,std_0.1,9,0.67,0.1,beta,none
City-C,T1,5x,900.0,S4_GlobalCalib,routine,M_routine,650,True,2,967.2,976.2,0.0,0.0,1.0,std_0.1,9,0.67,0.1,beta,none
City-C,T1,5x,900.0,S4_GlobalCalib,cross_regime,M_stress,650,True,2,967.2,649.6,250.4,0.3284,0.0,std_0.1,9,0.67,0.1,beta,none
City-C,T1,5x,900.0,S5_CityCalib,routine,M_routine,650,True,2,965.5,976.2,0.0,0.0,1.0,std_0.1,9,0.67,0.1,beta,none
City-C,T1,5x,900.0,S5_CityCalib,cross_regime,M_stress,650,True,2,965.5,649.6,250.4,0.3272,0.0,std_0.1,9,0.67,0.1,beta,none
City-C,T1,5x,900.0,S6_Q10,routine,M_routine,650,True,3,1101.9,1353.5,0.0,0.0,1.0,std_0.1,9,0.67,0.1,beta,none
City-C,T1,5x,900.0,S6_Q10,cross_regime,M_stress,650,True,3,1101.9,987.2,0.0,0.1041,1.0,std_0.1,9,0.67,0.1,beta,none
City-C,T1,10x,1800.0,S0a_RoutineOracle,routine,M_routine,650,True,4,1817.4,1817.4,0.0,0.0,1.0,std_0.1,9,0.67,0.1,beta,none
City-C,T1,10x,1800.0,S0a_RoutineOracle,cross_regime,M_stress,650,True,4,1817.4,1153.6,646.4,0.3652,0.0,std_0.1,9,0.67,0.1,beta,none
City-C,T1,10x,1800.0,S0b_StressOracle,routine,M_routine,650,True,7,1999.3,2765.1,0.0,0.0,1.0,std_0.1,9,0.67,0.1,beta,none
City-C,T1,10x,1800.0,S0b_StressOracle,cross_regime,M_stress,650,True,7,1999.3,1999.3,0.0,0.0,1.0,std_0.1,9,0.67,0.1,beta,none
City-C,T1,10x,1800.0,S1_CapRR,routine,M_routine,650,True,3,2081.1,1353.5,446.5,0.3496,0.0,std_0.1,9,0.67,0.1,beta,none
City-C,T1,10x,1800.0,S1_CapRR,cross_regime,M_stress,650,True,3,2081.1,987.2,812.8,0.5256,0.0,std_0.1,9,0.67,0.1,beta,none
City-C,T1,10x,1800.0,S2_Platform,routine,M_routine,650,True,5,2117.9,2188.7,0.0,0.0,1.0,std_0.1,9,0.67,0.1,beta,none
City-C,T1,10x,1800.0,S2_Platform,cross_regime,M_stress,650,True,5,2117.9,1379.5,420.5,0.3486,0.0,std_0.1,9,0.67,0.1,beta,none
City-C,T1,10x,1800.0,S3_Lin4,routine,M_routine,650,True,5,1980.8,2051.2,0.0,0.0,1.0,std_0.1,9,0.67,0.1,beta,none
City-C,T1,10x,1800.0,S3_Lin4,cross_regime,M_stress,650,True,5,1980.8,1417.9,382.1,0.2842,0.0,std_0.1,9,0.67,0.1,beta,none
City-C,T1,10x,1800.0,S4_GlobalCalib,routine,M_routine,650,True,5,2180.2,2194.7,0.0,0.0,1.0,std_0.1,9,0.67,0.1,beta,none
City-C,T1,10x,1800.0,S4_GlobalCalib,cross_regime,M_stress,650,True,5,2180.2,1491.2,308.8,0.316,0.0,std_0.1,9,0.67,0.1,beta,none
City-C,T1,10x,1800.0,S5_CityCalib,routine,M_routine,650,True,5,2176.9,2194.7,0.0,0.0,1.0,std_0.1,9,0.67,0.1,beta,none
City-C,T1,10x,1800.0,S5_CityCalib,cross_regime,M_stress,650,True,5,2176.9,1491.2,308.8,0.315,0.0,std_0.1,9,0.67,0.1,beta,none
City-C,T1,10x,1800.0,S6_Q10,routine,M_routine,650,True,6,2019.3,2570.2,0.0,0.0,1.0,std_0.1,9,0.67,0.1,beta,none
City-C,T1,10x,1800.0,S6_Q10,cross_regime,M_stress,650,True,6,2019.3,1698.8,101.2,0.1587,0.0,std_0.1,9,0.67,0.1,beta,none
City-C,T2,1x,260.0,S0a_RoutineOracle,routine,M_routine,650,True,1,570.6,570.6,0.0,0.0,1.0,std_0.1,9,0.67,0.1,beta,none
City-C,T2,1x,260.0,S0a_RoutineOracle,cross_regime,M_stress,650,True,1,570.6,287.7,0.0,0.4958,1.0,std_0.1,9,0.67,0.1,beta,none
City-C,T2,1x,260.0,S0b_StressOracle,routine,M_routine,650,True,1,372.2,459.3,0.0,0.0,1.0,std_0.1,9,0.67,0.1,beta,none
City-C,T2,1x,260.0,S0b_StressOracle,cross_regime,M_stress,650,True,1,372.2,372.2,0.0,0.0,1.0,std_0.1,9,0.67,0.1,beta,none
City-C,T2,1x,260.0,S1_CapRR,routine,M_routine,650,True,1,737.0,570.6,0.0,0.2259,1.0,std_0.1,9,0.67,0.1,beta,none
City-C,T2,1x,260.0,S1_CapRR,cross_regime,M_stress,650,True,1,737.0,287.7,0.0,0.6097,1.0,std_0.1,9,0.67,0.1,beta,none
City-C,T2,1x,260.0,S2_Platform,routine,M_routine,650,True,1,467.3,570.6,0.0,0.0,1.0,std_0.1,9,0.67,0.1,beta,none
City-C,T2,1x,260.0,S2_Platform,cross_regime,M_stress,650,True,1,467.3,287.7,0.0,0.3844,1.0,std_0.1,9,0.67,0.1,beta,none
City-C,T2,1x,260.0,S3_Lin4,routine,M_routine,650,True,1,423.2,570.6,0.0,0.0,1.0,std_0.1,9,0.67,0.1,beta,none
City-C,T2,1x,260.0,S3_Lin4,cross_regime,M_stress,650,True,1,423.2,287.7,0.0,0.3202,1.0,std_0.1,9,0.67,0.1,beta,none
City-C,T2,1x,260.0,S4_GlobalCalib,routine,M_routine,650,True,1,496.1,570.6,0.0,0.0,1.0,std_0.1,9,0.67,0.1,beta,none
City-C,T2,1x,260.0,S4_GlobalCalib,cross_regime,M_stress,650,True,1,496.1,287.7,0.0,0.4201,1.0,std_0.1,9,0.67,0.1,beta,none
City-C,T2,1x,260.0,S5_CityCalib,routine,M_routine,650,True,1,496.1,570.6,0.0,0.0,1.0,std_0.1,9,0.67,0.1,beta,none
City-C,T2,1x,260.0,S5_CityCalib,cross_regime,M_stress,650,True,1,496.1,287.7,0.0,0.4201,1.0,std_0.1,9,0.67,0.1,beta,none
City-C,T2,1x,260.0,S6_Q10,routine,M_routine,650,True,1,392.7,570.6,0.0,0.0,1.0,std_0.1,9,0.67,0.1,beta,none
City-C,T2,1x,260.0,S6_Q10,cross_regime,M_stress,650,True,1,392.7,287.7,0.0,0.2674,1.0,std_0.1,9,0.67,0.1,beta,none
City-C,T2,2x,520.0,S0a_RoutineOracle,routine,M_routine,650,True,1,570.6,570.6,0.0,0.0,1.0,std_0.1,9,0.67,0.1,beta,none
City-C,T2,2x,520.0,S0a_RoutineOracle,cross_regime,M_stress,650,True,1,570.6,287.7,232.3,0.4958,0.0,std_0.1,9,0.67,0.1,beta,none
City-C,T2,2x,520.0,S0b_StressOracle,routine,M_routine,650,True,2,676.9,664.0,0.0,0.019,1.0,std_0.1,9,0.67,0.1,beta,none
City-C,T2,2x,520.0,S0b_StressOracle,cross_regime,M_stress,650,True,2,676.9,676.9,0.0,0.0,1.0,std_0.1,9,0.67,0.1,beta,none
City-C,T2,2x,520.0,S1_CapRR,routine,M_routine,650,True,1,737.0,570.6,0.0,0.2259,1.0,std_0.1,9,0.67,0.1,beta,none
City-C,T2,2x,520.0,S1_CapRR,cross_regime,M_stress,650,True,1,737.0,287.7,232.3,0.6097,0.0,std_0.1,9,0.67,0.1,beta,none
City-C,T2,2x,520.0,S2_Platform,routine,M_routine,650,True,2,902.1,1029.9,0.0,0.0,1.0,std_0.1,9,0.67,0.1,beta,none
City-C,T2,2x,520.0,S2_Platform,cross_regime,M_stress,650,True,2,902.1,659.9,0.0,0.2685,1.0,std_0.1,9,0.67,0.1,beta,none
City-C,T2,2x,520.0,S3_Lin4,routine,M_routine,650,True,2,828.8,1029.9,0.0,0.0,1.0,std_0.1,9,0.67,0.1,beta,none
City-C,T2,2x,520.0,S3_Lin4,cross_regime,M_stress,650,True,2,828.8,659.9,0.0,0.2038,1.0,std_0.1,9,0.67,0.1,beta,none
City-C,T2,2x,520.0,S4_GlobalCalib,routine,M_routine,650,True,2,968.8,1029.9,0.0,0.0,1.0,std_0.1,9,0.67,0.1,beta,none
City-C,T2,2x,520.0,S4_GlobalCalib,cross_regime,M_stress,650,True,2,968.8,659.9,0.0,0.3189,1.0,std_0.1,9,0.67,0.1,beta,none
City-C,T2,2x,520.0,S5_CityCalib,routine,M_routine,650,True,2,968.9,1029.9,0.0,0.0,1.0,std_0.1,9,0.67,0.1,beta,none
City-C,T2,2x,520.0,S5_CityCalib,cross_regime,M_stress,650,True,2,968.9,659.9,0.0,0.3189,1.0,std_0.1,9,0.67,0.1,beta,none
City-C,T2,2x,520.0,S6_Q10,routine,M_routine,650,True,2,767.0,1029.9,0.0,0.0,1.0,std_0.1,9,0.67,0.1,beta,none
City-C,T2,2x,520.0,S6_Q10,cross_regime,M_stress,650,True,2,767.0,659.9,0.0,0.1396,1.0,std_0.1,9,0.67,0.1,beta,none
City-C,T2,5x,1300.0,S0a_RoutineOracle,routine,M_routine,650,True,3,1496.9,1496.9,0.0,0.0,1.0,std_0.1,9,0.67,0.1,beta,none
City-C,T2,5x,1300.0,S0a_RoutineOracle,cross_regime,M_stress,650,True,3,1496.9,882.0,418.0,0.4108,0.0,std_0.1,9,0.67,0.1,beta,none
City-C,T2,5x,1300.0,S0b_StressOracle,routine,M_routine,650,True,5,1521.1,2050.0,0.0,0.0,1.0,std_0.1,9,0.67,0.1,beta,none
City-C,T2,5x,1300.0,S0b_StressOracle,cross_regime,M_stress,650,True,5,1521.1,1521.1,0.0,0.0,1.0,std_0.1,9,0.67,0.1,beta,none
City-C,T2,5x,1300.0,S1_CapRR,routine,M_routine,650,True,2,1439.5,1029.9,270.1,0.2845,0.0,std_0.1,9,0.67,0.1,beta,none
City-C,T2,5x,1300.0,S1_CapRR,cross_regime,M_stress,650,True,2,1439.5,659.9,640.1,0.5416,0.0,std_0.1,9,0.67,0.1,beta,none
City-C,T2,5x,1300.0,S2_Platform,routine,M_routine,650,True,3,1301.1,1483.4,0.0,0.0,1.0,std_0.1,9,0.67,0.1,beta,none
City-C,T2,5x,1300.0,S2_Platform,cross_regime,M_stress,650,True,3,1301.1,935.8,364.2,0.2808,0.0,std_0.1,9,0.67,0.1,beta,none
City-C,T2,5x,1300.0,S3_Lin4,routine,M_routine,650,True,4,1614.2,1873.2,0.0,0.0,1.0,std_0.1,9,0.67,0.1,beta,none
City-C,T2,5x,1300.0,S3_Lin4,cross_regime,M_stress,650,True,4,1614.2,1209.8,90.2,0.2505,0.0,std_0.1,9,0.67,0.1,beta,none
City-C,T2,5x,1300.0,S4_GlobalCalib,routine,M_routine,650,True,3,1400.5,1483.4,0.0,0.0,1.0,std_0.1,9,0.67,0.1,beta,none
City-C,T2,5x,1300.0,S4_GlobalCalib,cross_regime,M_stress,650,True,3,1400.5,935.8,364.2,0.3318,0.0,std_0.1,9,0.67,0.1,beta,none
City-C,T2,5x,1300.0,S5_CityCalib,routine,M_routine,650,True,3,1400.6,1483.4,0.0,0.0,1.0,std_0.1,9,0.67,0.1,beta,none
City-C,T2,5x,1300.0,S5_CityCalib,cross_regime,M_stress,650,True,3,1400.6,935.8,364.2,0.3319,0.0,std_0.1,9,0.67,0.1,beta,none
City-C,T2,5x,1300.0,S6_Q10,routine,M_routine,650,True,4,1420.7,1824.8,0.0,0.0,1.0,std_0.1,9,0.67,0.1,beta,none
City-C,T2,5x,1300.0,S6_Q10,cross_regime,M_stress,650,True,4,1420.7,1207.1,92.9,0.1504,0.0,std_0.1,9,0.67,0.1,beta,none
City-C,T2,10x,2600.0,S0a_RoutineOracle,routine,M_routine,650,True,6,2742.7,2742.7,0.0,0.0,1.0,std_0.1,9,0.67,0.1,beta,none
City-C,T2,10x,2600.0,S0a_RoutineOracle,cross_regime,M_stress,650,True,6,2742.7,1650.8,949.2,0.3981,0.0,std_0.1,9,0.67,0.1,beta,none
City-C,T2,10x,2600.0,S0b_StressOracle,routine,M_routine,650,True,10,2827.6,3724.6,0.0,0.0,1.0,std_0.1,9,0.67,0.1,beta,none
City-C,T2,10x,2600.0,S0b_StressOracle,cross_regime,M_stress,650,True,10,2827.6,2827.6,0.0,0.0,1.0,std_0.1,9,0.67,0.1,beta,none
City-C,T2,10x,2600.0,S1_CapRR,routine,M_routine,650,True,4,2666.6,1824.8,775.2,0.3157,0.0,std_0.1,9,0.67,0.1,beta,none
City-C,T2,10x,2600.0,S1_CapRR,cross_regime,M_stress,650,True,4,2666.6,1207.1,1392.9,0.5473,0.0,std_0.1,9,0.67,0.1,beta,none
City-C,T2,10x,2600.0,S2_Platform,routine,M_routine,650,True,7,2815.8,2832.3,0.0,0.0,1.0,std_0.1,9,0.67,0.1,beta,none
City-C,T2,10x,2600.0,S2_Platform,cross_regime,M_stress,650,True,7,2815.8,1972.9,627.1,0.2993,0.0,std_0.1,9,0.67,0.1,beta,none
City-C,T2,10x,2600.0,S3_Lin4,routine,M_routine,650,True,7,2712.1,2933.3,0.0,0.0,1.0,std_0.1,9,0.67,0.1,beta,none
City-C,T2,10x,2600.0,S3_Lin4,cross_regime,M_stress,650,True,7,2712.1,1962.0,638.0,0.2766,0.0,std_0.1,9,0.67,0.1,beta,none
City-C,T2,10x,2600.0,S4_GlobalCalib,routine,M_routine,650,True,7,2941.9,2710.7,0.0,0.0786,1.0,std_0.1,9,0.67,0.1,beta,none
City-C,T2,10x,2600.0,S4_GlobalCalib,cross_regime,M_stress,650,True,7,2941.9,1957.1,642.9,0.3347,0.0,std_0.1,9,0.67,0.1,beta,none
City-C,T2,10x,2600.0,S5_CityCalib,routine,M_routine,650,True,7,2942.2,2710.7,0.0,0.0787,1.0,std_0.1,9,0.67,0.1,beta,none
City-C,T2,10x,2600.0,S5_CityCalib,cross_regime,M_stress,650,True,7,2942.2,1957.1,642.9,0.3348,0.0,std_0.1,9,0.67,0.1,beta,none
City-C,T2,10x,2600.0,S6_Q10,routine,M_routine,650,True,8,2622.0,3177.8,0.0,0.0,1.0,std_0.1,9,0.67,0.1,beta,none
City-C,T2,10x,2600.0,S6_Q10,cross_regime,M_stress,650,True,8,2622.0,2179.3,420.7,0.1688,0.0,std_0.1,9,0.67,0.1,beta,none
City-C,T3,1x,200.0,S0a_RoutineOracle,routine,M_routine,650,True,1,461.4,461.4,0.0,0.0,1.0,std_0.1,9,0.67,0.1,beta,none
City-C,T3,1x,200.0,S0a_RoutineOracle,cross_regime,M_stress,650,True,1,461.4,196.8,3.2,0.5735,0.0,std_0.1,9,0.67,0.1,beta,none
City-C,T3,1x,200.0,S0b_StressOracle,routine,M_routine,650,True,1,354.4,419.8,0.0,0.0,1.0,std_0.1,9,0.67,0.1,beta,none
City-C,T3,1x,200.0,S0b_StressOracle,cross_regime,M_stress,650,True,1,354.4,354.4,0.0,0.0,1.0,std_0.1,9,0.67,0.1,beta,none
City-C,T3,1x,200.0,S1_CapRR,routine,M_routine,650,True,1,648.6,419.8,0.0,0.3528,1.0,std_0.1,9,0.67,0.1,beta,none
City-C,T3,1x,200.0,S1_CapRR,cross_regime,M_stress,650,True,1,648.6,354.4,0.0,0.4537,1.0,std_0.1,9,0.67,0.1,beta,none
City-C,T3,1x,200.0,S2_Platform,routine,M_routine,650,True,1,456.8,419.8,0.0,0.0809,1.0,std_0.1,9,0.67,0.1,beta,none
City-C,T3,1x,200.0,S2_Platform,cross_regime,M_stress,650,True,1,456.8,354.4,0.0,0.2242,1.0,std_0.1,9,0.67,0.1,beta,none
City-C,T3,1x,200.0,S3_Lin4,routine,M_routine,650,True,1,408.8,419.8,0.0,0.0,1.0,std_0.1,9,0.67,0.1,beta,none
City-C,T3,1x,200.0,S3_Lin4,cross_regime,M_stress,650,True,1,408.8,354.4,0.0,0.1333,1.0,std_0.1,9,0.67,0.1,beta,none
City-C,T3,1x,200.0,S4_GlobalCalib,routine,M_routine,650,True,1,434.0,419.8,0.0,0.0327,1.0,std_0.1,9,0.67,0.1,beta,none
City-C,T3,1x,200.0,S4_GlobalCalib,cross_regime,M_stress,650,True,1,434.0,354.4,0.0,0.1835,1.0,std_0.1,9,0.67,0.1,beta,none
City-C,T3,1x,200.0,S5_CityCalib,routine,M_routine,650,True,1,435.0,419.8,0.0,0.0349,1.0,std_0.1,9,0.67,0.1,beta,none
City-C,T3,1x,200.0,S5_CityCalib,cross_regime,M_stress,650,True,1,435.0,354.4,0.0,0.1853,1.0,std_0.1,9,0.67,0.1,beta,none
City-C,T3,1x,200.0,S6_Q10,routine,M_routine,650,True,1,344.9,419.8,0.0,0.0,1.0,std_0.1,9,0.67,0.1,beta,none
City-C,T3,1x,200.0,S6_Q10,cross_regime,M_stress,650,True,1,344.9,354.4,0.0,0.0,1.0,std_0.1,9,0.67,0.1,beta,none
City-C,T3,2x,400.0,S0a_RoutineOracle,routine,M_routine,650,True,1,461.4,461.4,0.0,0.0,1.0,std_0.1,9,0.67,0.1,beta,none
City-C,T3,2x,400.0,S0a_RoutineOracle,cross_regime,M_stress,650,True,1,461.4,196.8,203.2,0.5735,0.0,std_0.1,9,0.67,0.1,beta,none
City-C,T3,2x,400.0,S0b_StressOracle,routine,M_routine,650,True,2,639.0,844.7,0.0,0.0,1.0,std_0.1,9,0.67,0.1,beta,none
City-C,T3,2x,400.0,S0b_StressOracle,cross_regime,M_stress,650,True,2,639.0,639.0,0.0,0.0,1.0,std_0.1,9,0.67,0.1,beta,none
City-C,T3,2x,400.0,S1_CapRR,routine,M_routine,650,True,1,648.6,419.8,0.0,0.3528,1.0,std_0.1,9,0.67,0.1,beta,none
City-C,T3,2x,400.0,S1_CapRR,cross_regime,M_stress,650,True,1,648.6,354.4,45.6,0.4537,0.0,std_0.1,9,0.67,0.1,beta,none
City-C,T3,2x,400.0,S2_Platform,routine,M_routine,650,True,1,456.8,419.8,0.0,0.0809,1.0,std_0.1,9,0.67,0.1,beta,none
City-C,T3,2x,400.0,S2_Platform,cross_regime,M_stress,650,True,1,456.8,354.4,45.6,0.2242,0.0,std_0.1,9,0.67,0.1,beta,none
City-C,T3,2x,400.0,S3_Lin4,routine,M_routine,650,True,1,408.8,419.8,0.0,0.0,1.0,std_0.1,9,0.67,0.1,beta,none
City-C,T3,2x,400.0,S3_Lin4,cross_regime,M_stress,650,True,1,408.8,354.4,45.6,0.1333,0.0,std_0.1,9,0.67,0.1,beta,none
City-C,T3,2x,400.0,S4_GlobalCalib,routine,M_routine,650,True,1,434.0,419.8,0.0,0.0327,1.0,std_0.1,9,0.67,0.1,beta,none
City-C,T3,2x,400.0,S4_GlobalCalib,cross_regime,M_stress,650,True,1,434.0,354.4,45.6,0.1835,0.0,std_0.1,9,0.67,0.1,beta,none
City-C,T3,2x,400.0,S5_CityCalib,routine,M_routine,650,True,1,435.0,419.8,0.0,0.0349,1.0,std_0.1,9,0.67,0.1,beta,none
City-C,T3,2x,400.0,S5_CityCalib,cross_regime,M_stress,650,True,1,435.0,354.4,45.6,0.1853,0.0,std_0.1,9,0.67,0.1,beta,none
City-C,T3,2x,400.0,S6_Q10,routine,M_routine,650,True,2,673.6,881.2,0.0,0.0,1.0,std_0.1,9,0.67,0.1,beta,none
City-C,T3,2x,400.0,S6_Q10,cross_regime,M_stress,650,True,2,673.6,551.2,0.0,0.1818,1.0,std_0.1,9,0.67,0.1,beta,none
City-C,T3,5x,1000.0,S0a_RoutineOracle,routine,M_routine,650,True,3,1306.1,1306.1,0.0,0.0,1.0,std_0.1,9,0.67,0.1,beta,none
City-C,T3,5x,1000.0,S0a_RoutineOracle,cross_regime,M_stress,650,True,3,1306.1,835.8,164.2,0.3601,0.0,std_0.1,9,0.67,0.1,beta,none
City-C,T3,5x,1000.0,S0b_StressOracle,routine,M_routine,650,True,4,1140.2,1628.1,0.0,0.0,1.0,std_0.1,9,0.67,0.1,beta,none
City-C,T3,5x,1000.0,S0b_StressOracle,cross_regime,M_stress,650,True,4,1140.2,1140.2,0.0,0.0,1.0,std_0.1,9,0.67,0.1,beta,none
City-C,T3,5x,1000.0,S1_CapRR,routine,M_routine,650,True,2,1266.8,881.2,118.8,0.3044,0.0,std_0.1,9,0.67,0.1,beta,none
City-C,T3,5x,1000.0,S1_CapRR,cross_regime,M_stress,650,True,2,1266.8,551.2,448.8,0.5649,0.0,std_0.1,9,0.67,0.1,beta,none
City-C,T3,5x,1000.0,S2_Platform,routine,M_routine,650,True,3,1285.7,1055.8,0.0,0.1789,1.0,std_0.1,9,0.67,0.1,beta,none
City-C,T3,5x,1000.0,S2_Platform,cross_regime,M_stress,650,True,3,1285.7,718.8,281.2,0.441,0.0,std_0.1,9,0.67,0.1,beta,none
City-C,T3,5x,1000.0,S3_Lin4,routine,M_routine,650,True,3,1185.7,1306.1,0.0,0.0,1.0,std_0.1,9,0.67,0.1,beta,none
City-C,T3,5x,1000.0,S3_Lin4,cross_regime,M_stress,650,True,3,1185.7,835.8,164.2,0.2951,0.0,std_0.1,9,0.67,0.1,beta,none
City-C,T3,5x,1000.0,S4_GlobalCalib,routine,M_routine,650,True,3,1225.3,1306.1,0.0,0.0,1.0,std_0.1,9,0.67,0.1,beta,none
City-C,T3,5x,1000.0,S4_GlobalCalib,cross_regime,M_stress,650,True,3,1225.3,835.8,164.2,0.3178,0.0,std_0.1,9,0.67,0.1,beta,none
City-C,T3,5x,1000.0,S5_CityCalib,routine,M_routine,650,True,3,1228.1,1306.1,0.0,0.0,1.0,std_0.1,9,0.67,0.1,beta,none
City-C,T3,5x,1000.0,S5_CityCalib,cross_regime,M_stress,650,True,3,1228.1,835.8,164.2,0.3194,0.0,std_0.1,9,0.67,0.1,beta,none
City-C,T3,5x,1000.0,S6_Q10,routine,M_routine,650,True,4,1247.8,1608.1,0.0,0.0,1.0,std_0.1,9,0.67,0.1,beta,none
City-C,T3,5x,1000.0,S6_Q10,cross_regime,M_stress,650,True,4,1247.8,1014.1,0.0,0.1873,1.0,std_0.1,9,0.67,0.1,beta,none
City-C,T3,10x,2000.0,S0a_RoutineOracle,routine,M_routine,650,True,5,2089.5,2089.5,0.0,0.0,1.0,std_0.1,9,0.67,0.1,beta,none
City-C,T3,10x,2000.0,S0a_RoutineOracle,cross_regime,M_stress,650,True,5,2089.5,1337.0,663.0,0.3601,0.0,std_0.1,9,0.67,0.1,beta,none
City-C,T3,10x,2000.0,S0b_StressOracle,routine,M_routine,650,True,8,2014.5,2955.6,0.0,0.0,1.0,std_0.1,9,0.67,0.1,beta,none
City-C,T3,10x,2000.0,S0b_StressOracle,cross_regime,M_stress,650,True,8,2014.5,2014.5,0.0,0.0,1.0,std_0.1,9,0.67,0.1,beta,none
City-C,T3,10x,2000.0,S1_CapRR,routine,M_routine,650,True,4,2346.7,1608.1,391.9,0.3148,0.0,std_0.1,9,0.67,0.1,beta,none
City-C,T3,10x,2000.0,S1_CapRR,cross_regime,M_stress,650,True,4,2346.7,1014.1,985.9,0.5679,0.0,std_0.1,9,0.67,0.1,beta,none
City-C,T3,10x,2000.0,S2_Platform,routine,M_routine,650,True,5,2048.1,1768.5,231.5,0.1365,0.0,std_0.1,9,0.67,0.1,beta,none
City-C,T3,10x,2000.0,S2_Platform,cross_regime,M_stress,650,True,5,2048.1,1227.7,772.3,0.4006,0.0,std_0.1,9,0.67,0.1,beta,none
City-C,T3,10x,2000.0,S3_Lin4,routine,M_routine,650,True,6,2289.1,2326.9,0.0,0.0,1.0,std_0.1,9,0.67,0.1,beta,none
City-C,T3,10x,2000.0,S3_Lin4,cross_regime,M_stress,650,True,6,2289.1,1460.2,539.8,0.3621,0.0,std_0.1,9,0.67,0.1,beta,none
City-C,T3,10x,2000.0,S4_GlobalCalib,routine,M_routine,650,True,6,2245.0,2289.5,0.0,0.0,1.0,std_0.1,9,0.67,0.1,beta,none
City-C,T3,10x,2000.0,S4_GlobalCalib,cross_regime,M_stress,650,True,6,2245.0,1430.1,569.9,0.363,0.0,std_0.1,9,0.67,0.1,beta,none
City-C,T3,10x,2000.0,S5_CityCalib,routine,M_routine,650,True,6,2250.2,2289.5,0.0,0.0,1.0,std_0.1,9,0.67,0.1,beta,none
City-C,T3,10x,2000.0,S5_CityCalib,cross_regime,M_stress,650,True,6,2250.2,1430.1,569.9,0.3644,0.0,std_0.1,9,0.67,0.1,beta,none
City-C,T3,10x,2000.0,S6_Q10,routine,M_routine,650,True,7,2046.2,2624.4,0.0,0.0,1.0,std_0.1,9,0.67,0.1,beta,none
City-C,T3,10x,2000.0,S6_Q10,cross_regime,M_stress,650,True,7,2046.2,1602.4,397.6,0.2169,0.0,std_0.1,9,0.67,0.1,beta,none
City-C,T4,1x,140.0,S0a_RoutineOracle,routine,M_routine,650,True,1,549.9,549.9,0.0,0.0,1.0,std_0.1,9,0.67,0.1,beta,none
City-C,T4,1x,140.0,S0a_RoutineOracle,cross_regime,M_stress,650,True,1,549.9,178.0,0.0,0.6763,1.0,std_0.1,9,0.67,0.1,beta,none
City-C,T4,1x,140.0,S0b_StressOracle,routine,M_routine,650,True,1,384.8,359.6,0.0,0.0655,1.0,std_0.1,9,0.67,0.1,beta,none
City-C,T4,1x,140.0,S0b_StressOracle,cross_regime,M_stress,650,True,1,384.8,384.8,0.0,0.0,1.0,std_0.1,9,0.67,0.1,beta,none
City-C,T4,1x,140.0,S1_CapRR,routine,M_routine,650,True,1,737.0,272.7,0.0,0.63,1.0,std_0.1,9,0.67,0.1,beta,none
City-C,T4,1x,140.0,S1_CapRR,cross_regime,M_stress,650,True,1,737.0,344.5,0.0,0.5326,1.0,std_0.1,9,0.67,0.1,beta,none
City-C,T4,1x,140.0,S2_Platform,routine,M_routine,650,True,1,377.7,421.3,0.0,0.0,1.0,std_0.1,9,0.67,0.1,beta,none
City-C,T4,1x,140.0,S2_Platform,cross_regime,M_stress,650,True,1,377.7,284.6,0.0,0.2465,1.0,std_0.1,9,0.67,0.1,beta,none
City-C,T4,1x,140.0,S3_Lin4,routine,M_routine,650,True,1,421.6,272.7,0.0,0.3532,1.0,std_0.1,9,0.67,0.1,beta,none
City-C,T4,1x,140.0,S3_Lin4,cross_regime,M_stress,650,True,1,421.6,344.5,0.0,0.1829,1.0,std_0.1,9,0.67,0.1,beta,none
City-C,T4,1x,140.0,S4_GlobalCalib,routine,M_routine,650,True,1,493.9,272.7,0.0,0.4479,1.0,std_0.1,9,0.67,0.1,beta,none
City-C,T4,1x,140.0,S4_GlobalCalib,cross_regime,M_stress,650,True,1,493.9,344.5,0.0,0.3025,1.0,std_0.1,9,0.67,0.1,beta,none
City-C,T4,1x,140.0,S5_CityCalib,routine,M_routine,650,True,1,493.6,272.7,0.0,0.4476,1.0,std_0.1,9,0.67,0.1,beta,none
City-C,T4,1x,140.0,S5_CityCalib,cross_regime,M_stress,650,True,1,493.6,344.5,0.0,0.3021,1.0,std_0.1,9,0.67,0.1,beta,none
City-C,T4,1x,140.0,S6_Q10,routine,M_routine,650,True,1,391.4,272.7,0.0,0.3033,1.0,std_0.1,9,0.67,0.1,beta,none
City-C,T4,1x,140.0,S6_Q10,cross_regime,M_stress,650,True,1,391.4,344.5,0.0,0.1198,1.0,std_0.1,9,0.67,0.1,beta,none
City-C,T4,2x,280.0,S0a_RoutineOracle,routine,M_routine,650,True,1,549.9,549.9,0.0,0.0,1.0,std_0.1,9,0.67,0.1,beta,none
City-C,T4,2x,280.0,S0a_RoutineOracle,cross_regime,M_stress,650,True,1,549.9,178.0,102.0,0.6763,0.0,std_0.1,9,0.67,0.1,beta,none
City-C,T4,2x,280.0,S0b_StressOracle,routine,M_routine,650,True,1,384.8,359.6,0.0,0.0655,1.0,std_0.1,9,0.67,0.1,beta,none
City-C,T4,2x,280.0,S0b_StressOracle,cross_regime,M_stress,650,True,1,384.8,384.8,0.0,0.0,1.0,std_0.1,9,0.67,0.1,beta,none
City-C,T4,2x,280.0,S1_CapRR,routine,M_routine,650,True,1,737.0,272.7,7.3,0.63,0.0,std_0.1,9,0.67,0.1,beta,none
City-C,T4,2x,280.0,S1_CapRR,cross_regime,M_stress,650,True,1,737.0,344.5,0.0,0.5326,1.0,std_0.1,9,0.67,0.1,beta,none
City-C,T4,2x,280.0,S2_Platform,routine,M_routine,650,True,1,377.7,421.3,0.0,0.0,1.0,std_0.1,9,0.67,0.1,beta,none
City-C,T4,2x,280.0,S2_Platform,cross_regime,M_stress,650,True,1,377.7,284.6,0.0,0.2465,1.0,std_0.1,9,0.67,0.1,beta,none
City-C,T4,2x,280.0,S3_Lin4,routine,M_routine,650,True,1,421.6,272.7,7.3,0.3532,0.0,std_0.1,9,0.67,0.1,beta,none
City-C,T4,2x,280.0,S3_Lin4,cross_regime,M_stress,650,True,1,421.6,344.5,0.0,0.1829,1.0,std_0.1,9,0.67,0.1,beta,none
City-C,T4,2x,280.0,S4_GlobalCalib,routine,M_routine,650,True,1,493.9,272.7,7.3,0.4479,0.0,std_0.1,9,0.67,0.1,beta,none
City-C,T4,2x,280.0,S4_GlobalCalib,cross_regime,M_stress,650,True,1,493.9,344.5,0.0,0.3025,1.0,std_0.1,9,0.67,0.1,beta,none
City-C,T4,2x,280.0,S5_CityCalib,routine,M_routine,650,True,1,493.6,272.7,7.3,0.4476,0.0,std_0.1,9,0.67,0.1,beta,none
City-C,T4,2x,280.0,S5_CityCalib,cross_regime,M_stress,650,True,1,493.6,344.5,0.0,0.3021,1.0,std_0.1,9,0.67,0.1,beta,none
City-C,T4,2x,280.0,S6_Q10,routine,M_routine,650,True,1,391.4,272.7,7.3,0.3033,0.0,std_0.1,9,0.67,0.1,beta,none
City-C,T4,2x,280.0,S6_Q10,cross_regime,M_stress,650,True,1,391.4,344.5,0.0,0.1198,1.0,std_0.1,9,0.67,0.1,beta,none
City-C,T4,5x,700.0,S0a_RoutineOracle,routine,M_routine,650,True,2,1037.0,1037.0,0.0,0.0,1.0,std_0.1,9,0.67,0.1,beta,none
City-C,T4,5x,700.0,S0a_RoutineOracle,cross_regime,M_stress,650,True,2,1037.0,500.8,199.2,0.517,0.0,std_0.1,9,0.67,0.1,beta,none
City-C,T4,5x,700.0,S0b_StressOracle,routine,M_routine,650,True,2,729.3,632.3,67.7,0.133,0.0,std_0.1,9,0.67,0.1,beta,none
City-C,T4,5x,700.0,S0b_StressOracle,cross_regime,M_stress,650,True,2,729.3,729.3,0.0,0.0,1.0,std_0.1,9,0.67,0.1,beta,none
City-C,T4,5x,700.0,S1_CapRR,routine,M_routine,650,True,1,737.0,272.7,427.3,0.63,0.0,std_0.1,9,0.67,0.1,beta,none
City-C,T4,5x,700.0,S1_CapRR,cross_regime,M_stress,650,True,1,737.0,344.5,355.5,0.5326,0.0,std_0.1,9,0.67,0.1,beta,none
City-C,T4,5x,700.0,S2_Platform,routine,M_routine,650,True,2,738.2,781.0,0.0,0.0,1.0,std_0.1,9,0.67,0.1,beta,none
City-C,T4,5x,700.0,S2_Platform,cross_regime,M_stress,650,True,2,738.2,669.4,30.6,0.0932,0.0,std_0.1,9,0.67,0.1,beta,none
City-C,T4,5x,700.0,S3_Lin4,routine,M_routine,650,True,2,825.2,632.3,67.7,0.2337,0.0,std_0.1,9,0.67,0.1,beta,none
City-C,T4,5x,700.0,S3_Lin4,cross_regime,M_stress,650,True,2,825.2,729.3,0.0,0.1162,1.0,std_0.1,9,0.67,0.1,beta,none
City-C,T4,5x,700.0,S4_GlobalCalib,routine,M_routine,650,True,2,964.6,632.3,67.7,0.3445,0.0,std_0.1,9,0.67,0.1,beta,none
City-C,T4,5x,700.0,S4_GlobalCalib,cross_regime,M_stress,650,True,2,964.6,729.3,0.0,0.2439,1.0,std_0.1,9,0.67,0.1,beta,none
City-C,T4,5x,700.0,S5_CityCalib,routine,M_routine,650,True,2,964.0,632.3,67.7,0.3441,0.0,std_0.1,9,0.67,0.1,beta,none
City-C,T4,5x,700.0,S5_CityCalib,cross_regime,M_stress,650,True,2,964.0,729.3,0.0,0.2435,1.0,std_0.1,9,0.67,0.1,beta,none
City-C,T4,5x,700.0,S6_Q10,routine,M_routine,650,True,2,764.4,632.3,67.7,0.1728,0.0,std_0.1,9,0.67,0.1,beta,none
City-C,T4,5x,700.0,S6_Q10,cross_regime,M_stress,650,True,2,764.4,729.3,0.0,0.0459,1.0,std_0.1,9,0.67,0.1,beta,none
City-C,T4,10x,1400.0,S0a_RoutineOracle,routine,M_routine,650,True,3,1518.8,1518.8,0.0,0.0,1.0,std_0.1,9,0.67,0.1,beta,none
City-C,T4,10x,1400.0,S0a_RoutineOracle,cross_regime,M_stress,650,True,3,1518.8,759.2,640.8,0.5001,0.0,std_0.1,9,0.67,0.1,beta,none
City-C,T4,10x,1400.0,S0b_StressOracle,routine,M_routine,650,True,5,1630.3,1939.5,0.0,0.0,1.0,std_0.1,9,0.67,0.1,beta,none
City-C,T4,10x,1400.0,S0b_StressOracle,cross_regime,M_stress,650,True,5,1630.3,1630.3,0.0,0.0,1.0,std_0.1,9,0.67,0.1,beta,none
City-C,T4,10x,1400.0,S1_CapRR,routine,M_routine,650,True,2,1439.5,632.3,767.7,0.5607,0.0,std_0.1,9,0.67,0.1,beta,none
City-C,T4,10x,1400.0,S1_CapRR,cross_regime,M_stress,650,True,2,1439.5,729.3,670.7,0.4934,0.0,std_0.1,9,0.67,0.1,beta,none
City-C,T4,10x,1400.0,S2_Platform,routine,M_routine,650,True,4,1425.4,1571.1,0.0,0.0,1.0,std_0.1,9,0.67,0.1,beta,none
City-C,T4,10x,1400.0,S2_Platform,cross_regime,M_stress,650,True,4,1425.4,1121.6,278.4,0.2132,0.0,std_0.1,9,0.67,0.1,beta,none
City-C,T4,10x,1400.0,S3_Lin4,routine,M_routine,650,True,4,1607.7,1669.3,0.0,0.0,1.0,std_0.1,9,0.67,0.1,beta,none
City-C,T4,10x,1400.0,S3_Lin4,cross_regime,M_stress,650,True,4,1607.7,1230.2,169.8,0.2348,0.0,std_0.1,9,0.67,0.1,beta,none
City-C,T4,10x,1400.0,S4_GlobalCalib,routine,M_routine,650,True,4,1786.5,1544.7,0.0,0.1353,1.0,std_0.1,9,0.67,0.1,beta,none
City-C,T4,10x,1400.0,S4_GlobalCalib,cross_regime,M_stress,650,True,4,1786.5,1102.3,297.7,0.383,0.0,std_0.1,9,0.67,0.1,beta,none
City-C,T4,10x,1400.0,S5_CityCalib,routine,M_routine,650,True,4,1785.7,1544.7,0.0,0.1349,1.0,std_0.1,9,0.67,0.1,beta,none
City-C,T4,10x,1400.0,S5_CityCalib,cross_regime,M_stress,650,True,4,1785.7,1102.3,297.7,0.3827,0.0,std_0.1,9,0.67,0.1,beta,none
City-C,T4,10x,1400.0,S6_Q10,routine,M_routine,650,True,4,1415.9,1544.7,0.0,0.0,1.0,std_0.1,9,0.67,0.1,beta,none
City-C,T4,10x,1400.0,S6_Q10,cross_regime,M_stress,650,True,4,1415.9,1102.3,297.7,0.2215,0.0,std_0.1,9,0.67,0.1,beta,none
City-C,T5,1x,160.0,S0a_RoutineOracle,routine,M_routine,650,True,1,417.1,417.1,0.0,0.0,1.0,std_0.1,9,0.67,0.1,beta,none
City-C,T5,1x,160.0,S0a_RoutineOracle,cross_regime,M_stress,650,True,1,417.1,255.1,0.0,0.3884,1.0,std_0.1,9,0.67,0.1,beta,none
City-C,T5,1x,160.0,S0b_StressOracle,routine,M_routine,650,True,1,267.0,366.7,0.0,0.0,1.0,std_0.1,9,0.67,0.1,beta,none
City-C,T5,1x,160.0,S0b_StressOracle,cross_regime,M_stress,650,True,1,267.0,267.0,0.0,0.0,1.0,std_0.1,9,0.67,0.1,beta,none
City-C,T5,1x,160.0,S1_CapRR,routine,M_routine,650,True,1,648.6,417.1,0.0,0.357,1.0,std_0.1,9,0.67,0.1,beta,none
City-C,T5,1x,160.0,S1_CapRR,cross_regime,M_stress,650,True,1,648.6,255.1,0.0,0.6067,1.0,std_0.1,9,0.67,0.1,beta,none
City-C,T5,1x,160.0,S2_Platform,routine,M_routine,650,True,1,451.5,417.1,0.0,0.0762,1.0,std_0.1,9,0.67,0.1,beta,none
City-C,T5,1x,160.0,S2_Platform,cross_regime,M_stress,650,True,1,451.5,255.1,0.0,0.435,1.0,std_0.1,9,0.67,0.1,beta,none
City-C,T5,1x,160.0,S3_Lin4,routine,M_routine,650,True,1,408.7,417.1,0.0,0.0,1.0,std_0.1,9,0.67,0.1,beta,none
City-C,T5,1x,160.0,S3_Lin4,cross_regime,M_stress,650,True,1,408.7,255.1,0.0,0.3758,1.0,std_0.1,9,0.67,0.1,beta,none
City-C,T5,1x,160.0,S4_GlobalCalib,routine,M_routine,650,True,1,434.1,417.1,0.0,0.0393,1.0,std_0.1,9,0.67,0.1,beta,none
City-C,T5,1x,160.0,S4_GlobalCalib,cross_regime,M_stress,650,True,1,434.1,255.1,0.0,0.4124,1.0,std_0.1,9,0.67,0.1,beta,none
City-C,T5,1x,160.0,S5_CityCalib,routine,M_routine,650,True,1,435.8,417.1,0.0,0.043,1.0,std_0.1,9,0.67,0.1,beta,none
City-C,T5,1x,160.0,S5_CityCalib,cross_regime,M_stress,650,True,1,435.8,255.1,0.0,0.4147,1.0,std_0.1,9,0.67,0.1,beta,none
City-C,T5,1x,160.0,S6_Q10,routine,M_routine,650,True,1,343.3,417.1,0.0,0.0,1.0,std_0.1,9,0.67,0.1,beta,none
City-C,T5,1x,160.0,S6_Q10,cross_regime,M_stress,650,True,1,343.3,255.1,0.0,0.2569,1.0,std_0.1,9,0.67,0.1,beta,none
City-C,T5,2x,320.0,S0a_RoutineOracle,routine,M_routine,650,True,1,417.1,417.1,0.0,0.0,1.0,std_0.1,9,0.67,0.1,beta,none
City-C,T5,2x,320.0,S0a_RoutineOracle,cross_regime,M_stress,650,True,1,417.1,255.1,64.9,0.3884,0.0,std_0.1,9,0.67,0.1,beta,none
City-C,T5,2x,320.0,S0b_StressOracle,routine,M_routine,650,True,2,522.1,783.8,0.0,0.0,1.0,std_0.1,9,0.67,0.1,beta,none
City-C,T5,2x,320.0,S0b_StressOracle,cross_regime,M_stress,650,True,2,522.1,522.1,0.0,0.0,1.0,std_0.1,9,0.67,0.1,beta,none
City-C,T5,2x,320.0,S1_CapRR,routine,M_routine,650,True,1,648.6,417.1,0.0,0.357,1.0,std_0.1,9,0.67,0.1,beta,none
City-C,T5,2x,320.0,S1_CapRR,cross_regime,M_stress,650,True,1,648.6,255.1,64.9,0.6067,0.0,std_0.1,9,0.67,0.1,beta,none
City-C,T5,2x,320.0,S2_Platform,routine,M_routine,650,True,1,451.5,417.1,0.0,0.0762,1.0,std_0.1,9,0.67,0.1,beta,none
City-C,T5,2x,320.0,S2_Platform,cross_regime,M_stress,650,True,1,451.5,255.1,64.9,0.435,0.0,std_0.1,9,0.67,0.1,beta,none
City-C,T5,2x,320.0,S3_Lin4,routine,M_routine,650,True,1,408.7,417.1,0.0,0.0,1.0,std_0.1,9,0.67,0.1,beta,none
City-C,T5,2x,320.0,S3_Lin4,cross_regime,M_stress,650,True,1,408.7,255.1,64.9,0.3758,0.0,std_0.1,9,0.67,0.1,beta,none
City-C,T5,2x,320.0,S4_GlobalCalib,routine,M_routine,650,True,1,434.1,417.1,0.0,0.0393,1.0,std_0.1,9,0.67,0.1,beta,none
City-C,T5,2x,320.0,S4_GlobalCalib,cross_regime,M_stress,650,True,1,434.1,255.1,64.9,0.4124,0.0,std_0.1,9,0.67,0.1,beta,none
City-C,T5,2x,320.0,S5_CityCalib,routine,M_routine,650,True,1,435.8,417.1,0.0,0.043,1.0,std_0.1,9,0.67,0.1,beta,none
City-C,T5,2x,320.0,S5_CityCalib,cross_regime,M_stress,650,True,1,435.8,255.1,64.9,0.4147,0.0,std_0.1,9,0.67,0.1,beta,none
City-C,T5,2x,320.0,S6_Q10,routine,M_routine,650,True,1,343.3,417.1,0.0,0.0,1.0,std_0.1,9,0.67,0.1,beta,none
City-C,T5,2x,320.0,S6_Q10,cross_regime,M_stress,650,True,1,343.3,255.1,64.9,0.2569,0.0,std_0.1,9,0.67,0.1,beta,none
City-C,T5,5x,800.0,S0a_RoutineOracle,routine,M_routine,650,True,2,829.6,829.6,0.0,0.0,1.0,std_0.1,9,0.67,0.1,beta,none
City-C,T5,5x,800.0,S0a_RoutineOracle,cross_regime,M_stress,650,True,2,829.6,473.7,326.3,0.429,0.0,std_0.1,9,0.67,0.1,beta,none
City-C,T5,5x,800.0,S0b_StressOracle,routine,M_routine,650,True,4,1014.7,1487.9,0.0,0.0,1.0,std_0.1,9,0.67,0.1,beta,none
City-C,T5,5x,800.0,S0b_StressOracle,cross_regime,M_stress,650,True,4,1014.7,1014.7,0.0,0.0,1.0,std_0.1,9,0.67,0.1,beta,none
City-C,T5,5x,800.0,S1_CapRR,routine,M_routine,650,True,2,1266.8,749.0,51.0,0.4088,0.0,std_0.1,9,0.67,0.1,beta,none
City-C,T5,5x,800.0,S1_CapRR,cross_regime,M_stress,650,True,2,1266.8,497.9,302.1,0.607,0.0,std_0.1,9,0.67,0.1,beta,none
City-C,T5,5x,800.0,S2_Platform,routine,M_routine,650,True,2,882.9,723.1,76.9,0.181,0.0,std_0.1,9,0.67,0.1,beta,none
City-C,T5,5x,800.0,S2_Platform,cross_regime,M_stress,650,True,2,882.9,466.5,333.5,0.4716,0.0,std_0.1,9,0.67,0.1,beta,none
City-C,T5,5x,800.0,S3_Lin4,routine,M_routine,650,True,3,1184.4,1161.5,0.0,0.0193,1.0,std_0.1,9,0.67,0.1,beta,none
City-C,T5,5x,800.0,S3_Lin4,cross_regime,M_stress,650,True,3,1184.4,716.6,83.4,0.395,0.0,std_0.1,9,0.67,0.1,beta,none
City-C,T5,5x,800.0,S4_GlobalCalib,routine,M_routine,650,True,2,847.8,749.0,51.0,0.1166,0.0,std_0.1,9,0.67,0.1,beta,none
City-C,T5,5x,800.0,S4_GlobalCalib,cross_regime,M_stress,650,True,2,847.8,497.9,302.1,0.4127,0.0,std_0.1,9,0.67,0.1,beta,none
City-C,T5,5x,800.0,S5_CityCalib,routine,M_routine,650,True,2,851.1,749.0,51.0,0.12,0.0,std_0.1,9,0.67,0.1,beta,none
City-C,T5,5x,800.0,S5_CityCalib,cross_regime,M_stress,650,True,2,851.1,497.9,302.1,0.415,0.0,std_0.1,9,0.67,0.1,beta,none
City-C,T5,5x,800.0,S6_Q10,routine,M_routine,650,True,3,969.3,1161.5,0.0,0.0,1.0,std_0.1,9,0.67,0.1,beta,none
City-C,T5,5x,800.0,S6_Q10,cross_regime,M_stress,650,True,3,969.3,716.6,83.4,0.2608,0.0,std_0.1,9,0.67,0.1,beta,none
City-C,T5,10x,1600.0,S0a_RoutineOracle,routine,M_routine,650,True,4,1602.6,1602.6,0.0,0.0,1.0,std_0.1,9,0.67,0.1,beta,none
City-C,T5,10x,1600.0,S0a_RoutineOracle,cross_regime,M_stress,650,True,4,1602.6,872.1,727.9,0.4558,0.0,std_0.1,9,0.67,0.1,beta,none
City-C,T5,10x,1600.0,S0b_StressOracle,routine,M_routine,650,True,7,1717.1,2366.5,0.0,0.0,1.0,std_0.1,9,0.67,0.1,beta,none
City-C,T5,10x,1600.0,S0b_StressOracle,cross_regime,M_stress,650,True,7,1717.1,1717.1,0.0,0.0,1.0,std_0.1,9,0.67,0.1,beta,none
City-C,T5,10x,1600.0,S1_CapRR,routine,M_routine,650,True,3,1831.4,1161.5,438.5,0.3658,0.0,std_0.1,9,0.67,0.1,beta,none
City-C,T5,10x,1600.0,S1_CapRR,cross_regime,M_stress,650,True,3,1831.4,716.6,883.4,0.6087,0.0,std_0.1,9,0.67,0.1,beta,none
City-C,T5,10x,1600.0,S2_Platform,routine,M_routine,650,True,4,1670.1,1366.9,233.1,0.1815,0.0,std_0.1,9,0.67,0.1,beta,none
City-C,T5,10x,1600.0,S2_Platform,cross_regime,M_stress,650,True,4,1670.1,890.9,709.1,0.4665,0.0,std_0.1,9,0.67,0.1,beta,none
City-C,T5,10x,1600.0,S3_Lin4,routine,M_routine,650,True,5,1938.0,1917.0,0.0,0.0108,1.0,std_0.1,9,0.67,0.1,beta,none
City-C,T5,10x,1600.0,S3_Lin4,cross_regime,M_stress,650,True,5,1938.0,1190.4,409.6,0.3857,0.0,std_0.1,9,0.67,0.1,beta,none
City-C,T5,10x,1600.0,S4_GlobalCalib,routine,M_routine,650,True,5,1911.0,1857.2,0.0,0.0282,1.0,std_0.1,9,0.67,0.1,beta,none
City-C,T5,10x,1600.0,S4_GlobalCalib,cross_regime,M_stress,650,True,5,1911.0,1102.3,497.7,0.4232,0.0,std_0.1,9,0.67,0.1,beta,none
City-C,T5,10x,1600.0,S5_CityCalib,routine,M_routine,650,True,5,1918.4,1857.2,0.0,0.0319,1.0,std_0.1,9,0.67,0.1,beta,none
City-C,T5,10x,1600.0,S5_CityCalib,cross_regime,M_stress,650,True,5,1918.4,1102.3,497.7,0.4254,0.0,std_0.1,9,0.67,0.1,beta,none
City-C,T5,10x,1600.0,S6_Q10,routine,M_routine,650,True,6,1776.3,2223.9,0.0,0.0,1.0,std_0.1,9,0.67,0.1,beta,none
City-C,T5,10x,1600.0,S6_Q10,cross_regime,M_stress,650,True,6,1776.3,1369.3,230.7,0.2292,0.0,std_0.1,9,0.67,0.1,beta,none
