city,task_id,p_req_level,p_req,strategy,regime,eval_outcome,pool_size,pool_feasible,n_selected,p_commit,p_deliv,shortfall,ocr,success,config_name,seed_id,xi_mean,xi_std,xi_dist,xi_persistence
City-A,T1,1x,180.0,S0a_RoutineOracle,routine,M_routine,800,True,1,462.6,462.6,0.0,0.0,1.0,mean_0.58,0,0.58,0.15,beta,none
City-A,T1,1x,180.0,S0a_RoutineOracle,cross_regime,M_stress,800,True,1,462.6,297.1,0.0,0.3577,1.0,mean_0.58,0,0.58,0.15,beta,none
City-A,T1,1x,180.0,S0b_StressOracle,routine,M_routine,800,True,1,365.5,341.6,0.0,0.0654,1.0,mean_0.58,0,0.58,0.15,beta,none
City-A,T1,1x,180.0,S0b_StressOracle,cross_regime,M_stress,800,True,1,365.5,365.5,0.0,0.0,1.0,mean_0.58,0,0.58,0.15,beta,none
City-A,T1,1x,180.0,S1_CapRR,routine,M_routine,800,True,1,678.2,341.6,0.0,0.4963,1.0,mean_0.58,0,0.58,0.15,beta,none
City-A,T1,1x,180.0,S1_CapRR,cross_regime,M_stress,800,True,1,678.2,365.5,0.0,0.4611,1.0,mean_0.58,0,0.58,0.15,beta,none
City-A,T1,1x,180.0,S2_Platform,routine,M_routine,800,True,1,421.1,341.6,0.0,0.1888,1.0,mean_0.58,0,0.58,0.15,beta,none
City-A,T1,1x,180.0,S2_Platform,cross_regime,M_stress,800,True,1,421.1,365.5,0.0,0.132,1.0,mean_0.58,0,0.58,0.15,beta,none
City-A,T1,1x,180.0,S3_Lin4,routine,M_routine,800,True,1,416.8,341.6,0.0,0.1805,1.0,mean_0.58,0,0.58,0.15,beta,none
City-A,T1,1x,180.0,S3_Lin4,cross_regime,M_stress,800,True,1,416.8,365.5,0.0,0.1231,1.0,mean_0.58,0,0.58,0.15,beta,none
City-A,T1,1x,180.0,S4_GlobalCalib,routine,M_routine,800,True,1,385.7,341.6,0.0,0.1145,1.0,mean_0.58,0,0.58,0.15,beta,none
City-A,T1,1x,180.0,S4_GlobalCalib,cross_regime,M_stress,800,True,1,385.7,365.5,0.0,0.0525,1.0,mean_0.58,0,0.58,0.15,beta,none
City-A,T1,1x,180.0,S5_CityCalib,routine,M_routine,800,True,1,388.4,341.6,0.0,0.1206,1.0,mean_0.58,0,0.58,0.15,beta,none
City-A,T1,1x,180.0,S5_CityCalib,cross_regime,M_stress,800,True,1,388.4,365.5,0.0,0.059,1.0,mean_0.58,0,0.58,0.15,beta,none
City-A,T1,1x,180.0,S6_Q10,routine,M_routine,800,True,1,251.5,341.6,0.0,0.0,1.0,mean_0.58,0,0.58,0.15,beta,none
City-A,T1,1x,180.0,S6_Q10,cross_regime,M_stress,800,True,1,251.5,365.5,0.0,0.0,1.0,mean_0.58,0,0.58,0.15,beta,none
City-A,T1,2x,360.0,S0a_RoutineOracle,routine,M_routine,800,True,1,462.6,462.6,0.0,0.0,1.0,mean_0.58,0,0.58,0.15,beta,none
City-A,T1,2x,360.0,S0a_RoutineOracle,cross_regime,M_stress,800,True,1,462.6,297.1,62.9,0.3577,0.0,mean_0.58,0,0.58,0.15,beta,none
City-A,T1,2x,360.0,S0b_StressOracle,routine,M_routine,800,True,1,365.5,341.6,18.4,0.0654,0.0,mean_0.58,0,0.58,0.15,beta,none
City-A,T1,2x,360.0,S0b_StressOracle,cross_regime,M_stress,800,True,1,365.5,365.5,0.0,0.0,1.0,mean_0.58,0,0.58,0.15,beta,none
City-A,T1,2x,360.0,S1_CapRR,routine,M_routine,800,True,1,678.2,341.6,18.4,0.4963,0.0,mean_0.58,0,0.58,0.15,beta,none
City-A,T1,2x,360.0,S1_CapRR,cross_regime,M_stress,800,True,1,678.2,365.5,0.0,0.4611,1.0,mean_0.58,0,0.58,0.15,beta,none
City-A,T1,2x,360.0,S2_Platform,routine,M_routine,800,True,1,421.1,341.6,18.4,0.1888,0.0,mean_0.58,0,0.58,0.15,beta,none
City-A,T1,2x,360.0,S2_Platform,cross_regime,M_stress,800,True,1,421.1,365.5,0.0,0.132,1.0,mean_0.58,0,0.58,0.15,beta,none
City-A,T1,2x,360.0,S3_Lin4,routine,M_routine,800,True,1,416.8,341.6,18.4,0.1805,0.0,mean_0.58,0,0.58,0.15,beta,none
City-A,T1,2x,360.0,S3_Lin4,cross_regime,M_stress,800,True,1,416.8,365.5,0.0,0.1231,1.0,mean_0.58,0,0.58,0.15,beta,none
City-A,T1,2x,360.0,S4_GlobalCalib,routine,M_routine,800,True,1,385.7,341.6,18.4,0.1145,0.0,mean_0.58,0,0.58,0.15,beta,none
City-A,T1,2x,360.0,S4_GlobalCalib,cross_regime,M_stress,800,True,1,385.7,365.5,0.0,0.0525,1.0,mean_0.58,0,0.58,0.15,beta,none
City-A,T1,2x,360.0,S5_CityCalib,routine,M_routine,800,True,1,388.4,341.6,18.4,0.1206,0.0,mean_0.58,0,0.58,0.15,beta,none
City-A,T1,2x,360.0,S5_CityCalib,cross_regime,M_stress,800,True,1,388.4,365.5,0.0,0.059,1.0,mean_0.58,0,0.58,0.15,beta,none
City-A,T1,2x,360.0,S6_Q10,routine,M_routine,800,True,2,479.7,587.1,0.0,0.0,1.0,mean_0.58,0,0.58,0.15,beta,none
City-A,T1,2x,360.0,S6_Q10,cross_regime,M_stress,800,True,2,479.7,567.0,0.0,0.0,1.0,mean_0.58,0,0.58,0.15,beta,none
City-A,T1,5x,900.0,S0a_RoutineOracle,routine,M_routine,800,True,3,1206.4,1206.4,0.0,0.0,1.0,mean_0.58,0,0.58,0.15,beta,none
City-A,T1,5x,900.0,S0a_RoutineOracle,cross_regime,M_stress,800,True,3,1206.4,731.9,168.1,0.3933,0.0,mean_0.58,0,0.58,0.15,beta,none
City-A,T1,5x,900.0,S0b_StressOracle,routine,M_routine,800,True,3,934.1,955.6,0.0,0.0,1.0,mean_0.58,0,0.58,0.15,beta,none
City-A,T1,5x,900.0,S0b_StressOracle,cross_regime,M_stress,800,True,3,934.1,934.1,0.0,0.0,1.0,mean_0.58,0,0.58,0.15,beta,none
City-A,T1,5x,900.0,S1_CapRR,routine,M_routine,800,True,2,1293.4,587.1,312.9,0.546,0.0,mean_0.58,0,0.58,0.15,beta,none
City-A,T1,5x,900.0,S1_CapRR,cross_regime,M_stress,800,True,2,1293.4,567.0,333.0,0.5616,0.0,mean_0.58,0,0.58,0.15,beta,none
City-A,T1,5x,900.0,S2_Platform,routine,M_routine,800,True,3,1202.1,755.6,144.4,0.3714,0.0,mean_0.58,0,0.58,0.15,beta,none
City-A,T1,5x,900.0,S2_Platform,cross_regime,M_stress,800,True,3,1202.1,720.9,179.1,0.4002,0.0,mean_0.58,0,0.58,0.15,beta,none
City-A,T1,5x,900.0,S3_Lin4,routine,M_routine,800,True,3,1069.5,1153.8,0.0,0.0,1.0,mean_0.58,0,0.58,0.15,beta,none
City-A,T1,5x,900.0,S3_Lin4,cross_regime,M_stress,800,True,3,1069.5,803.5,96.5,0.2487,0.0,mean_0.58,0,0.58,0.15,beta,none
City-A,T1,5x,900.0,S4_GlobalCalib,routine,M_routine,800,True,3,1075.1,1049.7,0.0,0.0236,1.0,mean_0.58,0,0.58,0.15,beta,none
City-A,T1,5x,900.0,S4_GlobalCalib,cross_regime,M_stress,800,True,3,1075.1,864.1,35.9,0.1963,0.0,mean_0.58,0,0.58,0.15,beta,none
City-A,T1,5x,900.0,S5_CityCalib,routine,M_routine,800,True,3,1082.3,1049.7,0.0,0.0302,1.0,mean_0.58,0,0.58,0.15,beta,none
City-A,T1,5x,900.0,S5_CityCalib,cross_regime,M_stress,800,True,3,1082.3,864.1,35.9,0.2017,0.0,mean_0.58,0,0.58,0.15,beta,none
City-A,T1,5x,900.0,S6_Q10,routine,M_routine,800,True,4,916.9,1238.8,0.0,0.0,1.0,mean_0.58,0,0.58,0.15,beta,none
City-A,T1,5x,900.0,S6_Q10,cross_regime,M_stress,800,True,4,916.9,1082.8,0.0,0.0,1.0,mean_0.58,0,0.58,0.15,beta,none
City-A,T1,10x,1800.0,S0a_RoutineOracle,routine,M_routine,800,True,5,1922.2,1922.2,0.0,0.0,1.0,mean_0.58,0,0.58,0.15,beta,none
City-A,T1,10x,1800.0,S0a_RoutineOracle,cross_regime,M_stress,800,True,5,1922.2,961.2,838.8,0.4999,0.0,mean_0.58,0,0.58,0.15,beta,none
City-A,T1,10x,1800.0,S0b_StressOracle,routine,M_routine,800,True,7,1937.0,2178.9,0.0,0.0,1.0,mean_0.58,0,0.58,0.15,beta,none
City-A,T1,10x,1800.0,S0b_StressOracle,cross_regime,M_stress,800,True,7,1937.0,1937.0,0.0,0.0,1.0,mean_0.58,0,0.58,0.15,beta,none
City-A,T1,10x,1800.0,S1_CapRR,routine,M_routine,800,True,3,1889.7,1049.7,750.3,0.4445,0.0,mean_0.58,0,0.58,0.15,beta,none
City-A,T1,10x,1800.0,S1_CapRR,cross_regime,M_stress,800,True,3,1889.7,864.1,935.9,0.5427,0.0,mean_0.58,0,0.58,0.15,beta,none
City-A,T1,10x,1800.0,S2_Platform,routine,M_routine,800,True,5,1914.5,1400.6,399.4,0.2684,0.0,mean_0.58,0,0.58,0.15,beta,none
City-A,T1,10x,1800.0,S2_Platform,cross_regime,M_stress,800,True,5,1914.5,1186.9,613.1,0.38,0.0,mean_0.58,0,0.58,0.15,beta,none
City-A,T1,10x,1800.0,S3_Lin4,routine,M_routine,800,True,6,1986.1,1865.7,0.0,0.0606,1.0,mean_0.58,0,0.58,0.15,beta,none
City-A,T1,10x,1800.0,S3_Lin4,cross_regime,M_stress,800,True,6,1986.1,1461.6,338.4,0.2641,0.0,mean_0.58,0,0.58,0.15,beta,none
City-A,T1,10x,1800.0,S4_GlobalCalib,routine,M_routine,800,True,6,2029.5,1865.7,0.0,0.0807,1.0,mean_0.58,0,0.58,0.15,beta,none
City-A,T1,10x,1800.0,S4_GlobalCalib,cross_regime,M_stress,800,True,6,2029.5,1461.6,338.4,0.2798,0.0,mean_0.58,0,0.58,0.15,beta,none
City-A,T1,10x,1800.0,S5_CityCalib,routine,M_routine,800,True,6,2042.9,1865.7,0.0,0.0867,1.0,mean_0.58,0,0.58,0.15,beta,none
City-A,T1,10x,1800.0,S5_CityCalib,cross_regime,M_stress,800,True,6,2042.9,1461.6,338.4,0.2846,0.0,mean_0.58,0,0.58,0.15,beta,none
City-A,T1,10x,1800.0,S6_Q10,routine,M_routine,800,True,9,1896.8,2601.6,0.0,0.0,1.0,mean_0.58,0,0.58,0.15,beta,none
City-A,T1,10x,1800.0,S6_Q10,cross_regime,M_stress,800,True,9,1896.8,2057.5,0.0,0.0,1.0,mean_0.58,0,0.58,0.15,beta,none
City-A,T2,1x,260.0,S0a_RoutineOracle,routine,M_routine,800,True,1,441.5,441.5,0.0,0.0,1.0,mean_0.58,0,0.58,0.15,beta,none
City-A,T2,1x,260.0,S0a_RoutineOracle,cross_regime,M_stress,800,True,1,441.5,229.2,30.8,0.4808,0.0,mean_0.58,0,0.58,0.15,beta,none
City-A,T2,1x,260.0,S0b_StressOracle,routine,M_routine,800,True,1,293.8,341.1,0.0,0.0,1.0,mean_0.58,0,0.58,0.15,beta,none
City-A,T2,1x,260.0,S0b_StressOracle,cross_regime,M_stress,800,True,1,293.8,293.8,0.0,0.0,1.0,mean_0.58,0,0.58,0.15,beta,none
City-A,T2,1x,260.0,S1_CapRR,routine,M_routine,800,True,1,678.2,376.2,0.0,0.4452,1.0,mean_0.58,0,0.58,0.15,beta,none
City-A,T2,1x,260.0,S1_CapRR,cross_regime,M_stress,800,True,1,678.2,260.8,0.0,0.6154,1.0,mean_0.58,0,0.58,0.15,beta,none
City-A,T2,1x,260.0,S2_Platform,routine,M_routine,800,True,1,441.1,376.2,0.0,0.147,1.0,mean_0.58,0,0.58,0.15,beta,none
City-A,T2,1x,260.0,S2_Platform,cross_regime,M_stress,800,True,1,441.1,260.8,0.0,0.4088,1.0,mean_0.58,0,0.58,0.15,beta,none
City-A,T2,1x,260.0,S3_Lin4,routine,M_routine,800,True,1,418.1,376.2,0.0,0.1001,1.0,mean_0.58,0,0.58,0.15,beta,none
City-A,T2,1x,260.0,S3_Lin4,cross_regime,M_stress,800,True,1,418.1,260.8,0.0,0.3763,1.0,mean_0.58,0,0.58,0.15,beta,none
City-A,T2,1x,260.0,S4_GlobalCalib,routine,M_routine,800,True,1,386.6,376.2,0.0,0.0267,1.0,mean_0.58,0,0.58,0.15,beta,none
City-A,T2,1x,260.0,S4_GlobalCalib,cross_regime,M_stress,800,True,1,386.6,260.8,0.0,0.3254,1.0,mean_0.58,0,0.58,0.15,beta,none
City-A,T2,1x,260.0,S5_CityCalib,routine,M_routine,800,True,1,388.3,376.2,0.0,0.0311,1.0,mean_0.58,0,0.58,0.15,beta,none
City-A,T2,1x,260.0,S5_CityCalib,cross_regime,M_stress,800,True,1,388.3,260.8,0.0,0.3284,1.0,mean_0.58,0,0.58,0.15,beta,none
City-A,T2,1x,260.0,S6_Q10,routine,M_routine,800,True,2,478.1,772.6,0.0,0.0,1.0,mean_0.58,0,0.58,0.15,beta,none
City-A,T2,1x,260.0,S6_Q10,cross_regime,M_stress,800,True,2,478.1,471.8,0.0,0.0132,1.0,mean_0.58,0,0.58,0.15,beta,none
City-A,T2,2x,520.0,S0a_RoutineOracle,routine,M_routine,800,True,2,853.1,853.1,0.0,0.0,1.0,mean_0.58,0,0.58,0.15,beta,none
City-A,T2,2x,520.0,S0a_RoutineOracle,cross_regime,M_stress,800,True,2,853.1,406.4,113.6,0.5235,0.0,mean_0.58,0,0.58,0.15,beta,none
City-A,T2,2x,520.0,S0b_StressOracle,routine,M_routine,800,True,2,554.6,717.4,0.0,0.0,1.0,mean_0.58,0,0.58,0.15,beta,none
City-A,T2,2x,520.0,S0b_StressOracle,cross_regime,M_stress,800,True,2,554.6,554.6,0.0,0.0,1.0,mean_0.58,0,0.58,0.15,beta,none
City-A,T2,2x,520.0,S1_CapRR,routine,M_routine,800,True,1,678.2,376.2,143.8,0.4452,0.0,mean_0.58,0,0.58,0.15,beta,none
City-A,T2,2x,520.0,S1_CapRR,cross_regime,M_stress,800,True,1,678.2,260.8,259.2,0.6154,0.0,mean_0.58,0,0.58,0.15,beta,none
City-A,T2,2x,520.0,S2_Platform,routine,M_routine,800,True,2,849.9,772.6,0.0,0.091,1.0,mean_0.58,0,0.58,0.15,beta,none
City-A,T2,2x,520.0,S2_Platform,cross_regime,M_stress,800,True,2,849.9,471.8,48.2,0.4449,0.0,mean_0.58,0,0.58,0.15,beta,none
City-A,T2,2x,520.0,S3_Lin4,routine,M_routine,800,True,2,747.6,717.4,0.0,0.0404,1.0,mean_0.58,0,0.58,0.15,beta,none
City-A,T2,2x,520.0,S3_Lin4,cross_regime,M_stress,800,True,2,747.6,554.6,0.0,0.2581,1.0,mean_0.58,0,0.58,0.15,beta,none
City-A,T2,2x,520.0,S4_GlobalCalib,routine,M_routine,800,True,2,737.3,772.6,0.0,0.0,1.0,mean_0.58,0,0.58,0.15,beta,none
City-A,T2,2x,520.0,S4_GlobalCalib,cross_regime,M_stress,800,True,2,737.3,471.8,48.2,0.3601,0.0,mean_0.58,0,0.58,0.15,beta,none
City-A,T2,2x,520.0,S5_CityCalib,routine,M_routine,800,True,2,740.7,772.6,0.0,0.0,1.0,mean_0.58,0,0.58,0.15,beta,none
City-A,T2,2x,520.0,S5_CityCalib,cross_regime,M_stress,800,True,2,740.7,471.8,48.2,0.363,0.0,mean_0.58,0,0.58,0.15,beta,none
City-A,T2,2x,520.0,S6_Q10,routine,M_routine,800,True,3,698.5,1113.7,0.0,0.0,1.0,mean_0.58,0,0.58,0.15,beta,none
City-A,T2,2x,520.0,S6_Q10,cross_regime,M_stress,800,True,3,698.5,765.6,0.0,0.0,1.0,mean_0.58,0,0.58,0.15,beta,none
City-A,T2,5x,1300.0,S0a_RoutineOracle,routine,M_routine,800,True,4,1625.7,1625.7,0.0,0.0,1.0,mean_0.58,0,0.58,0.15,beta,none
City-A,T2,5x,1300.0,S0a_RoutineOracle,cross_regime,M_stress,800,True,4,1625.7,878.2,421.8,0.4598,0.0,mean_0.58,0,0.58,0.15,beta,none
City-A,T2,5x,1300.0,S0b_StressOracle,routine,M_routine,800,True,6,1528.0,1595.5,0.0,0.0,1.0,mean_0.58,0,0.58,0.15,beta,none
City-A,T2,5x,1300.0,S0b_StressOracle,cross_regime,M_stress,800,True,6,1528.0,1528.0,0.0,0.0,1.0,mean_0.58,0,0.58,0.15,beta,none
City-A,T2,5x,1300.0,S1_CapRR,routine,M_routine,800,True,3,1889.7,1113.7,186.3,0.4106,0.0,mean_0.58,0,0.58,0.15,beta,none
City-A,T2,5x,1300.0,S1_CapRR,cross_regime,M_stress,800,True,3,1889.7,765.6,534.4,0.5948,0.0,mean_0.58,0,0.58,0.15,beta,none
City-A,T2,5x,1300.0,S2_Platform,routine,M_routine,800,True,4,1596.5,1366.4,0.0,0.1441,1.0,mean_0.58,0,0.58,0.15,beta,none
City-A,T2,5x,1300.0,S2_Platform,cross_regime,M_stress,800,True,4,1596.5,901.7,398.3,0.4352,0.0,mean_0.58,0,0.58,0.15,beta,none
City-A,T2,5x,1300.0,S3_Lin4,routine,M_routine,800,True,4,1380.5,1397.1,0.0,0.0,1.0,mean_0.58,0,0.58,0.15,beta,none
City-A,T2,5x,1300.0,S3_Lin4,cross_regime,M_stress,800,True,4,1380.5,1008.8,291.2,0.2693,0.0,mean_0.58,0,0.58,0.15,beta,none
City-A,T2,5x,1300.0,S4_GlobalCalib,routine,M_routine,800,True,4,1409.4,1321.1,0.0,0.0626,1.0,mean_0.58,0,0.58,0.15,beta,none
City-A,T2,5x,1300.0,S4_GlobalCalib,cross_regime,M_stress,800,True,4,1409.4,975.6,324.4,0.3078,0.0,mean_0.58,0,0.58,0.15,beta,none
City-A,T2,5x,1300.0,S5_CityCalib,routine,M_routine,800,True,4,1415.9,1321.1,0.0,0.0669,1.0,mean_0.58,0,0.58,0.15,beta,none
City-A,T2,5x,1300.0,S5_CityCalib,cross_regime,M_stress,800,True,4,1415.9,975.6,324.4,0.3109,0.0,mean_0.58,0,0.58,0.15,beta,none
City-A,T2,5x,1300.0,S6_Q10,routine,M_routine,800,True,6,1318.4,1941.5,0.0,0.0,1.0,mean_0.58,0,0.58,0.15,beta,none
City-A,T2,5x,1300.0,S6_Q10,cross_regime,M_stress,800,True,6,1318.4,1419.9,0.0,0.0,1.0,mean_0.58,0,0.58,0.15,beta,none
City-A,T2,10x,2600.0,S0a_RoutineOracle,routine,M_routine,800,True,7,2667.2,2667.2,0.0,0.0,1.0,mean_0.58,0,0.58,0.15,beta,none
City-A,T2,10x,2600.0,S0a_RoutineOracle,cross_regime,M_stress,800,True,7,2667.2,1569.0,1031.0,0.4117,0.0,mean_0.58,0,0.58,0.15,beta,none
City-A,T2,10x,2600.0,S0b_StressOracle,routine,M_routine,800,True,11,2644.3,3094.8,0.0,0.0,1.0,mean_0.58,0,0.58,0.15,beta,none
City-A,T2,10x,2600.0,S0b_StressOracle,cross_regime,M_stress,800,True,11,2644.3,2644.3,0.0,0.0,1.0,mean_0.58,0,0.58,0.15,beta,none
City-A,T2,10x,2600.0,S1_CapRR,routine,M_routine,800,True,5,3037.3,1658.1,941.9,0.4541,0.0,mean_0.58,0,0.58,0.15,beta,none
City-A,T2,10x,2600.0,S1_CapRR,cross_regime,M_stress,800,True,5,3037.3,1176.7,1423.3,0.6126,0.0,mean_0.58,0,0.58,0.15,beta,none
City-A,T2,10x,2600.0,S2_Platform,routine,M_routine,800,True,7,2630.1,2213.5,386.5,0.1584,0.0,mean_0.58,0,0.58,0.15,beta,none
City-A,T2,10x,2600.0,S2_Platform,cross_regime,M_stress,800,True,7,2630.1,1616.2,983.8,0.3855,0.0,mean_0.58,0,0.58,0.15,beta,none
City-A,T2,10x,2600.0,S3_Lin4,routine,M_routine,800,True,9,2820.4,2628.4,0.0,0.0681,1.0,mean_0.58,0,0.58,0.15,beta,none
City-A,T2,10x,2600.0,S3_Lin4,cross_regime,M_stress,800,True,9,2820.4,2008.9,591.1,0.2877,0.0,mean_0.58,0,0.58,0.15,beta,none
City-A,T2,10x,2600.0,S4_GlobalCalib,routine,M_routine,800,True,8,2624.3,2461.7,138.3,0.062,0.0,mean_0.58,0,0.58,0.15,beta,none
City-A,T2,10x,2600.0,S4_GlobalCalib,cross_regime,M_stress,800,True,8,2624.3,1900.1,699.9,0.276,0.0,mean_0.58,0,0.58,0.15,beta,none
City-A,T2,10x,2600.0,S5_CityCalib,routine,M_routine,800,True,8,2636.4,2461.7,138.3,0.0663,0.0,mean_0.58,0,0.58,0.15,beta,none
City-A,T2,10x,2600.0,S5_CityCalib,cross_regime,M_stress,800,True,8,2636.4,1900.1,699.9,0.2793,0.0,mean_0.58,0,0.58,0.15,beta,none
City-A,T2,10x,2600.0,S6_Q10,routine,M_routine,800,True,13,2618.2,3939.0,0.0,0.0,1.0,mean_0.58,0,0.58,0.15,beta,none
City-A,T2,10x,2600.0,S6_Q10,cross_regime,M_stress,800,True,13,2618.2,2899.0,0.0,0.0,1.0,mean_0.58,0,0.58,0.15,beta,none
City-A,T3,1x,200.0,S0a_RoutineOracle,routine,M_routine,800,True,1,408.1,408.1,0.0,0.0,1.0,mean_0.58,0,0.58,0.15,beta,none
City-A,T3,1x,200.0,S0a_RoutineOracle,cross_regime,M_stress,800,True,1,408.1,301.9,0.0,0.2601,1.0,mean_0.58,0,0.58,0.15,beta,none
City-A,T3,1x,200.0,S0b_StressOracle,routine,M_routine,800,True,1,314.6,300.9,0.0,0.0434,1.0,mean_0.58,0,0.58,0.15,beta,none
City-A,T3,1x,200.0,S0b_StressOracle,cross_regime,M_stress,800,True,1,314.6,314.6,0.0,0.0,1.0,mean_0.58,0,0.58,0.15,beta,none
City-A,T3,1x,200.0,S1_CapRR,routine,M_routine,800,True,1,596.8,408.1,0.0,0.3162,1.0,mean_0.58,0,0.58,0.15,beta,none
City-A,T3,1x,200.0,S1_CapRR,cross_regime,M_stress,800,True,1,596.8,301.9,0.0,0.4941,1.0,mean_0.58,0,0.58,0.15,beta,none
City-A,T3,1x,200.0,S2_Platform,routine,M_routine,800,True,1,470.7,408.1,0.0,0.133,1.0,mean_0.58,0,0.58,0.15,beta,none
City-A,T3,1x,200.0,S2_Platform,cross_regime,M_stress,800,True,1,470.7,301.9,0.0,0.3585,1.0,mean_0.58,0,0.58,0.15,beta,none
City-A,T3,1x,200.0,S3_Lin4,routine,M_routine,800,True,1,411.8,408.1,0.0,0.009,1.0,mean_0.58,0,0.58,0.15,beta,none
City-A,T3,1x,200.0,S3_Lin4,cross_regime,M_stress,800,True,1,411.8,301.9,0.0,0.2668,1.0,mean_0.58,0,0.58,0.15,beta,none
City-A,T3,1x,200.0,S4_GlobalCalib,routine,M_routine,800,True,1,337.5,408.1,0.0,0.0,1.0,mean_0.58,0,0.58,0.15,beta,none
City-A,T3,1x,200.0,S4_GlobalCalib,cross_regime,M_stress,800,True,1,337.5,301.9,0.0,0.1053,1.0,mean_0.58,0,0.58,0.15,beta,none
City-A,T3,1x,200.0,S5_CityCalib,routine,M_routine,800,True,1,341.8,408.1,0.0,0.0,1.0,mean_0.58,0,0.58,0.15,beta,none
City-A,T3,1x,200.0,S5_CityCalib,cross_regime,M_stress,800,True,1,341.8,301.9,0.0,0.1166,1.0,mean_0.58,0,0.58,0.15,beta,none
City-A,T3,1x,200.0,S6_Q10,routine,M_routine,800,True,1,222.0,408.1,0.0,0.0,1.0,mean_0.58,0,0.58,0.15,beta,none
City-A,T3,1x,200.0,S6_Q10,cross_regime,M_stress,800,True,1,222.0,301.9,0.0,0.0,1.0,mean_0.58,0,0.58,0.15,beta,none
City-A,T3,2x,400.0,S0a_RoutineOracle,routine,M_routine,800,True,1,408.1,408.1,0.0,0.0,1.0,mean_0.58,0,0.58,0.15,beta,none
City-A,T3,2x,400.0,S0a_RoutineOracle,cross_regime,M_stress,800,True,1,408.1,301.9,98.1,0.2601,0.0,mean_0.58,0,0.58,0.15,beta,none
City-A,T3,2x,400.0,S0b_StressOracle,routine,M_routine,800,True,2,616.5,709.0,0.0,0.0,1.0,mean_0.58,0,0.58,0.15,beta,none
City-A,T3,2x,400.0,S0b_StressOracle,cross_regime,M_stress,800,True,2,616.5,616.5,0.0,0.0,1.0,mean_0.58,0,0.58,0.15,beta,none
City-A,T3,2x,400.0,S1_CapRR,routine,M_routine,800,True,1,596.8,408.1,0.0,0.3162,1.0,mean_0.58,0,0.58,0.15,beta,none
City-A,T3,2x,400.0,S1_CapRR,cross_regime,M_stress,800,True,1,596.8,301.9,98.1,0.4941,0.0,mean_0.58,0,0.58,0.15,beta,none
City-A,T3,2x,400.0,S2_Platform,routine,M_routine,800,True,1,470.7,408.1,0.0,0.133,1.0,mean_0.58,0,0.58,0.15,beta,none
City-A,T3,2x,400.0,S2_Platform,cross_regime,M_stress,800,True,1,470.7,301.9,98.1,0.3585,0.0,mean_0.58,0,0.58,0.15,beta,none
City-A,T3,2x,400.0,S3_Lin4,routine,M_routine,800,True,1,411.8,408.1,0.0,0.009,1.0,mean_0.58,0,0.58,0.15,beta,none
City-A,T3,2x,400.0,S3_Lin4,cross_regime,M_stress,800,True,1,411.8,301.9,98.1,0.2668,0.0,mean_0.58,0,0.58,0.15,beta,none
City-A,T3,2x,400.0,S4_GlobalCalib,routine,M_routine,800,True,2,643.8,709.0,0.0,0.0,1.0,mean_0.58,0,0.58,0.15,beta,none
City-A,T3,2x,400.0,S4_GlobalCalib,cross_regime,M_stress,800,True,2,643.8,616.5,0.0,0.0424,1.0,mean_0.58,0,0.58,0.15,beta,none
City-A,T3,2x,400.0,S5_CityCalib,routine,M_routine,800,True,2,651.9,709.0,0.0,0.0,1.0,mean_0.58,0,0.58,0.15,beta,none
City-A,T3,2x,400.0,S5_CityCalib,cross_regime,M_stress,800,True,2,651.9,616.5,0.0,0.0543,1.0,mean_0.58,0,0.58,0.15,beta,none
City-A,T3,2x,400.0,S6_Q10,routine,M_routine,800,True,2,423.3,709.0,0.0,0.0,1.0,mean_0.58,0,0.58,0.15,beta,none
City-A,T3,2x,400.0,S6_Q10,cross_regime,M_stress,800,True,2,423.3,616.5,0.0,0.0,1.0,mean_0.58,0,0.58,0.15,beta,none
City-A,T3,5x,1000.0,S0a_RoutineOracle,routine,M_routine,800,True,3,1112.3,1112.3,0.0,0.0,1.0,mean_0.58,0,0.58,0.15,beta,none
City-A,T3,5x,1000.0,S0a_RoutineOracle,cross_regime,M_stress,800,True,3,1112.3,630.7,369.3,0.433,0.0,mean_0.58,0,0.58,0.15,beta,none
City-A,T3,5x,1000.0,S0b_StressOracle,routine,M_routine,800,True,4,1033.0,981.8,18.2,0.0496,0.0,mean_0.58,0,0.58,0.15,beta,none
City-A,T3,5x,1000.0,S0b_StressOracle,cross_regime,M_stress,800,True,4,1033.0,1033.0,0.0,0.0,1.0,mean_0.58,0,0.58,0.15,beta,none
City-A,T3,5x,1000.0,S1_CapRR,routine,M_routine,800,True,2,1138.1,709.0,291.0,0.377,0.0,mean_0.58,0,0.58,0.15,beta,none
City-A,T3,5x,1000.0,S1_CapRR,cross_regime,M_stress,800,True,2,1138.1,616.5,383.5,0.4583,0.0,mean_0.58,0,0.58,0.15,beta,none
City-A,T3,5x,1000.0,S2_Platform,routine,M_routine,800,True,3,1264.8,984.4,15.6,0.2217,0.0,mean_0.58,0,0.58,0.15,beta,none
City-A,T3,5x,1000.0,S2_Platform,cross_regime,M_stress,800,True,3,1264.8,641.1,358.9,0.4931,0.0,mean_0.58,0,0.58,0.15,beta,none
City-A,T3,5x,1000.0,S3_Lin4,routine,M_routine,800,True,3,1046.6,837.2,162.8,0.2001,0.0,mean_0.58,0,0.58,0.15,beta,none
City-A,T3,5x,1000.0,S3_Lin4,cross_regime,M_stress,800,True,3,1046.6,663.6,336.4,0.3659,0.0,mean_0.58,0,0.58,0.15,beta,none
City-A,T3,5x,1000.0,S4_GlobalCalib,routine,M_routine,800,True,4,1230.9,1403.8,0.0,0.0,1.0,mean_0.58,0,0.58,0.15,beta,none
City-A,T3,5x,1000.0,S4_GlobalCalib,cross_regime,M_stress,800,True,4,1230.9,893.1,106.9,0.2744,0.0,mean_0.58,0,0.58,0.15,beta,none
City-A,T3,5x,1000.0,S5_CityCalib,routine,M_routine,800,True,4,1246.2,1403.8,0.0,0.0,1.0,mean_0.58,0,0.58,0.15,beta,none
City-A,T3,5x,1000.0,S5_CityCalib,cross_regime,M_stress,800,True,4,1246.2,893.1,106.9,0.2833,0.0,mean_0.58,0,0.58,0.15,beta,none
City-A,T3,5x,1000.0,S6_Q10,routine,M_routine,800,True,6,1167.3,1776.6,0.0,0.0,1.0,mean_0.58,0,0.58,0.15,beta,none
City-A,T3,5x,1000.0,S6_Q10,cross_regime,M_stress,800,True,6,1167.3,1304.6,0.0,0.0,1.0,mean_0.58,0,0.58,0.15,beta,none
City-A,T3,10x,2000.0,S0a_RoutineOracle,routine,M_routine,800,True,6,2022.9,2022.9,0.0,0.0,1.0,mean_0.58,0,0.58,0.15,beta,none
City-A,T3,10x,2000.0,S0a_RoutineOracle,cross_regime,M_stress,800,True,6,2022.9,1167.7,832.3,0.4228,0.0,mean_0.58,0,0.58,0.15,beta,none
City-A,T3,10x,2000.0,S0b_StressOracle,routine,M_routine,800,True,10,2140.7,2412.4,0.0,0.0,1.0,mean_0.58,0,0.58,0.15,beta,none
City-A,T3,10x,2000.0,S0b_StressOracle,cross_regime,M_stress,800,True,10,2140.7,2140.7,0.0,0.0,1.0,mean_0.58,0,0.58,0.15,beta,none
City-A,T3,10x,2000.0,S1_CapRR,routine,M_routine,800,True,4,2175.3,1403.8,596.2,0.3547,0.0,mean_0.58,0,0.58,0.15,beta,none
City-A,T3,10x,2000.0,S1_CapRR,cross_regime,M_stress,800,True,4,2175.3,893.1,1106.9,0.5894,0.0,mean_0.58,0,0.58,0.15,beta,none
City-A,T3,10x,2000.0,S2_Platform,routine,M_routine,800,True,6,2357.9,1921.9,78.1,0.1849,0.0,mean_0.58,0,0.58,0.15,beta,none
City-A,T3,10x,2000.0,S2_Platform,cross_regime,M_stress,800,True,6,2357.9,1227.8,772.2,0.4793,0.0,mean_0.58,0,0.58,0.15,beta,none
City-A,T3,10x,2000.0,S3_Lin4,routine,M_routine,800,True,7,2212.1,2034.7,0.0,0.0802,1.0,mean_0.58,0,0.58,0.15,beta,none
City-A,T3,10x,2000.0,S3_Lin4,cross_regime,M_stress,800,True,7,2212.1,1444.8,555.2,0.3468,0.0,mean_0.58,0,0.58,0.15,beta,none
City-A,T3,10x,2000.0,S4_GlobalCalib,routine,M_routine,800,True,7,2036.5,2102.3,0.0,0.0,1.0,mean_0.58,0,0.58,0.15,beta,none
City-A,T3,10x,2000.0,S4_GlobalCalib,cross_regime,M_stress,800,True,7,2036.5,1501.4,498.6,0.2627,0.0,mean_0.58,0,0.58,0.15,beta,none
City-A,T3,10x,2000.0,S5_CityCalib,routine,M_routine,800,True,7,2061.2,2102.3,0.0,0.0,1.0,mean_0.58,0,0.58,0.15,beta,none
City-A,T3,10x,2000.0,S5_CityCalib,cross_regime,M_stress,800,True,7,2061.2,1501.4,498.6,0.2716,0.0,mean_0.58,0,0.58,0.15,beta,none
City-A,T3,10x,2000.0,S6_Q10,routine,M_routine,800,True,11,2003.1,3006.7,0.0,0.0,1.0,mean_0.58,0,0.58,0.15,beta,none
City-A,T3,10x,2000.0,S6_Q10,cross_regime,M_stress,800,True,11,2003.1,2119.6,0.0,0.0,1.0,mean_0.58,0,0.58,0.15,beta,none
City-A,T4,1x,140.0,S0a_RoutineOracle,routine,M_routine,800,True,1,432.0,432.0,0.0,0.0,1.0,mean_0.58,0,0.58,0.15,beta,none
City-A,T4,1x,140.0,S0a_RoutineOracle,cross_regime,M_stress,800,True,1,432.0,291.1,0.0,0.326,1.0,mean_0.58,0,0.58,0.15,beta,none
City-A,T4,1x,140.0,S0b_StressOracle,routine,M_routine,800,True,1,292.8,273.4,0.0,0.0665,1.0,mean_0.58,0,0.58,0.15,beta,none
City-A,T4,1x,140.0,S0b_StressOracle,cross_regime,M_stress,800,True,1,292.8,292.8,0.0,0.0,1.0,mean_0.58,0,0.58,0.15,beta,none
City-A,T4,1x,140.0,S1_CapRR,routine,M_routine,800,True,1,678.2,432.0,0.0,0.3631,1.0,mean_0.58,0,0.58,0.15,beta,none
City-A,T4,1x,140.0,S1_CapRR,cross_regime,M_stress,800,True,1,678.2,291.1,0.0,0.5707,1.0,mean_0.58,0,0.58,0.15,beta,none
City-A,T4,1x,140.0,S2_Platform,routine,M_routine,800,True,1,299.2,279.1,0.0,0.0673,1.0,mean_0.58,0,0.58,0.15,beta,none
City-A,T4,1x,140.0,S2_Platform,cross_regime,M_stress,800,True,1,299.2,223.5,0.0,0.2531,1.0,mean_0.58,0,0.58,0.15,beta,none
City-A,T4,1x,140.0,S3_Lin4,routine,M_routine,800,True,1,417.8,432.0,0.0,0.0,1.0,mean_0.58,0,0.58,0.15,beta,none
City-A,T4,1x,140.0,S3_Lin4,cross_regime,M_stress,800,True,1,417.8,291.1,0.0,0.3032,1.0,mean_0.58,0,0.58,0.15,beta,none
City-A,T4,1x,140.0,S4_GlobalCalib,routine,M_routine,800,True,1,386.7,432.0,0.0,0.0,1.0,mean_0.58,0,0.58,0.15,beta,none
City-A,T4,1x,140.0,S4_GlobalCalib,cross_regime,M_stress,800,True,1,386.7,291.1,0.0,0.2471,1.0,mean_0.58,0,0.58,0.15,beta,none
City-A,T4,1x,140.0,S5_CityCalib,routine,M_routine,800,True,1,386.8,432.0,0.0,0.0,1.0,mean_0.58,0,0.58,0.15,beta,none
City-A,T4,1x,140.0,S5_CityCalib,cross_regime,M_stress,800,True,1,386.8,291.1,0.0,0.2474,1.0,mean_0.58,0,0.58,0.15,beta,none
City-A,T4,1x,140.0,S6_Q10,routine,M_routine,800,True,1,250.6,432.0,0.0,0.0,1.0,mean_0.58,0,0.58,0.15,beta,none
City-A,T4,1x,140.0,S6_Q10,cross_regime,M_stress,800,True,1,250.6,291.1,0.0,0.0,1.0,mean_0.58,0,0.58,0.15,beta,none
City-A,T4,2x,280.0,S0a_RoutineOracle,routine,M_routine,800,True,1,432.0,432.0,0.0,0.0,1.0,mean_0.58,0,0.58,0.15,beta,none
City-A,T4,2x,280.0,S0a_RoutineOracle,cross_regime,M_stress,800,True,1,432.0,291.1,0.0,0.326,1.0,mean_0.58,0,0.58,0.15,beta,none
City-A,T4,2x,280.0,S0b_StressOracle,routine,M_routine,800,True,1,292.8,273.4,6.6,0.0665,0.0,mean_0.58,0,0.58,0.15,beta,none
City-A,T4,2x,280.0,S0b_StressOracle,cross_regime,M_stress,800,True,1,292.8,292.8,0.0,0.0,1.0,mean_0.58,0,0.58,0.15,beta,none
City-A,T4,2x,280.0,S1_CapRR,routine,M_routine,800,True,1,678.2,432.0,0.0,0.3631,1.0,mean_0.58,0,0.58,0.15,beta,none
City-A,T4,2x,280.0,S1_CapRR,cross_regime,M_stress,800,True,1,678.2,291.1,0.0,0.5707,1.0,mean_0.58,0,0.58,0.15,beta,none
City-A,T4,2x,280.0,S2_Platform,routine,M_routine,800,True,1,299.2,279.1,0.9,0.0673,0.0,mean_0.58,0,0.58,0.15,beta,none
City-A,T4,2x,280.0,S2_Platform,cross_regime,M_stress,800,True,1,299.2,223.5,56.5,0.2531,0.0,mean_0.58,0,0.58,0.15,beta,none
City-A,T4,2x,280.0,S3_Lin4,routine,M_routine,800,True,1,417.8,432.0,0.0,0.0,1.0,mean_0.58,0,0.58,0.15,beta,none
City-A,T4,2x,280.0,S3_Lin4,cross_regime,M_stress,800,True,1,417.8,291.1,0.0,0.3032,1.0,mean_0.58,0,0.58,0.15,beta,none
City-A,T4,2x,280.0,S4_GlobalCalib,routine,M_routine,800,True,1,386.7,432.0,0.0,0.0,1.0,mean_0.58,0,0.58,0.15,beta,none
City-A,T4,2x,280.0,S4_GlobalCalib,cross_regime,M_stress,800,True,1,386.7,291.1,0.0,0.2471,1.0,mean_0.58,0,0.58,0.15,beta,none
City-A,T4,2x,280.0,S5_CityCalib,routine,M_routine,800,True,1,386.8,432.0,0.0,0.0,1.0,mean_0.58,0,0.58,0.15,beta,none
City-A,T4,2x,280.0,S5_CityCalib,cross_regime,M_stress,800,True,1,386.8,291.1,0.0,0.2474,1.0,mean_0.58,0,0.58,0.15,beta,none
City-A,T4,2x,280.0,S6_Q10,routine,M_routine,800,True,2,478.0,711.0,0.0,0.0,1.0,mean_0.58,0,0.58,0.15,beta,none
City-A,T4,2x,280.0,S6_Q10,cross_regime,M_stress,800,True,2,478.0,514.6,0.0,0.0,1.0,mean_0.58,0,0.58,0.15,beta,none
City-A,T4,5x,700.0,S0a_RoutineOracle,routine,M_routine,800,True,2,825.3,825.3,0.0,0.0,1.0,mean_0.58,0,0.58,0.15,beta,none
City-A,T4,5x,700.0,S0a_RoutineOracle,cross_regime,M_stress,800,True,2,825.3,480.1,219.9,0.4183,0.0,mean_0.58,0,0.58,0.15,beta,none
City-A,T4,5x,700.0,S0b_StressOracle,routine,M_routine,800,True,3,828.2,945.2,0.0,0.0,1.0,mean_0.58,0,0.58,0.15,beta,none
City-A,T4,5x,700.0,S0b_StressOracle,cross_regime,M_stress,800,True,3,828.2,828.2,0.0,0.0,1.0,mean_0.58,0,0.58,0.15,beta,none
City-A,T4,5x,700.0,S1_CapRR,routine,M_routine,800,True,2,1293.4,711.0,0.0,0.4502,1.0,mean_0.58,0,0.58,0.15,beta,none
City-A,T4,5x,700.0,S1_CapRR,cross_regime,M_stress,800,True,2,1293.4,514.6,185.4,0.6021,0.0,mean_0.58,0,0.58,0.15,beta,none
City-A,T4,5x,700.0,S2_Platform,routine,M_routine,800,True,3,870.0,991.7,0.0,0.0,1.0,mean_0.58,0,0.58,0.15,beta,none
City-A,T4,5x,700.0,S2_Platform,cross_regime,M_stress,800,True,3,870.0,556.4,143.6,0.3605,0.0,mean_0.58,0,0.58,0.15,beta,none
City-A,T4,5x,700.0,S3_Lin4,routine,M_routine,800,True,2,747.2,705.3,0.0,0.056,1.0,mean_0.58,0,0.58,0.15,beta,none
City-A,T4,5x,700.0,S3_Lin4,cross_regime,M_stress,800,True,2,747.2,584.0,116.0,0.2184,0.0,mean_0.58,0,0.58,0.15,beta,none
City-A,T4,5x,700.0,S4_GlobalCalib,routine,M_routine,800,True,2,737.5,711.0,0.0,0.0359,1.0,mean_0.58,0,0.58,0.15,beta,none
City-A,T4,5x,700.0,S4_GlobalCalib,cross_regime,M_stress,800,True,2,737.5,514.6,185.4,0.3023,0.0,mean_0.58,0,0.58,0.15,beta,none
City-A,T4,5x,700.0,S5_CityCalib,routine,M_routine,800,True,2,737.8,711.0,0.0,0.0363,1.0,mean_0.58,0,0.58,0.15,beta,none
City-A,T4,5x,700.0,S5_CityCalib,cross_regime,M_stress,800,True,2,737.8,514.6,185.4,0.3025,0.0,mean_0.58,0,0.58,0.15,beta,none
City-A,T4,5x,700.0,S6_Q10,routine,M_routine,800,True,4,913.7,1224.3,0.0,0.0,1.0,mean_0.58,0,0.58,0.15,beta,none
City-A,T4,5x,700.0,S6_Q10,cross_regime,M_stress,800,True,4,913.7,1051.7,0.0,0.0,1.0,mean_0.58,0,0.58,0.15,beta,none
City-A,T4,10x,1400.0,S0a_RoutineOracle,routine,M_routine,800,True,4,1581.1,1581.1,0.0,0.0,1.0,mean_0.58,0,0.58,0.15,beta,none
City-A,T4,10x,1400.0,S0a_RoutineOracle,cross_regime,M_stress,800,True,4,1581.1,795.6,604.4,0.4968,0.0,mean_0.58,0,0.58,0.15,beta,none
City-A,T4,10x,1400.0,S0b_StressOracle,routine,M_routine,800,True,6,1533.5,1907.0,0.0,0.0,1.0,mean_0.58,0,0.58,0.15,beta,none
City-A,T4,10x,1400.0,S0b_StressOracle,cross_regime,M_stress,800,True,6,1533.5,1533.5,0.0,0.0,1.0,mean_0.58,0,0.58,0.15,beta,none
City-A,T4,10x,1400.0,S1_CapRR,routine,M_routine,800,True,3,1889.7,984.4,415.6,0.479,0.0,mean_0.58,0,0.58,0.15,beta,none
City-A,T4,10x,1400.0,S1_CapRR,cross_regime,M_stress,800,True,3,1889.7,807.5,592.5,0.5727,0.0,mean_0.58,0,0.58,0.15,beta,none
City-A,T4,10x,1400.0,S2_Platform,routine,M_routine,800,True,5,1424.2,1464.8,0.0,0.0,1.0,mean_0.58,0,0.58,0.15,beta,none
City-A,T4,10x,1400.0,S2_Platform,cross_regime,M_stress,800,True,5,1424.2,908.6,491.4,0.362,0.0,mean_0.58,0,0.58,0.15,beta,none
City-A,T4,10x,1400.0,S3_Lin4,routine,M_routine,800,True,5,1686.3,1453.5,0.0,0.1381,1.0,mean_0.58,0,0.58,0.15,beta,none
City-A,T4,10x,1400.0,S3_Lin4,cross_regime,M_stress,800,True,5,1686.3,1214.6,185.4,0.2797,0.0,mean_0.58,0,0.58,0.15,beta,none
City-A,T4,10x,1400.0,S4_GlobalCalib,routine,M_routine,800,True,4,1409.8,1224.3,175.7,0.1316,0.0,mean_0.58,0,0.58,0.15,beta,none
City-A,T4,10x,1400.0,S4_GlobalCalib,cross_regime,M_stress,800,True,4,1409.8,1051.7,348.3,0.2541,0.0,mean_0.58,0,0.58,0.15,beta,none
City-A,T4,10x,1400.0,S5_CityCalib,routine,M_routine,800,True,4,1410.4,1224.3,175.7,0.132,0.0,mean_0.58,0,0.58,0.15,beta,none
City-A,T4,10x,1400.0,S5_CityCalib,cross_regime,M_stress,800,True,4,1410.4,1051.7,348.3,0.2544,0.0,mean_0.58,0,0.58,0.15,beta,none
City-A,T4,10x,1400.0,S6_Q10,routine,M_routine,800,True,7,1510.9,2191.7,0.0,0.0,1.0,mean_0.58,0,0.58,0.15,beta,none
City-A,T4,10x,1400.0,S6_Q10,cross_regime,M_stress,800,True,7,1510.9,1480.5,0.0,0.0201,1.0,mean_0.58,0,0.58,0.15,beta,none
City-A,T5,1x,160.0,S0a_RoutineOracle,routine,M_routine,800,True,1,401.2,401.2,0.0,0.0,1.0,mean_0.58,0,0.58,0.15,beta,none
City-A,T5,1x,160.0,S0a_RoutineOracle,cross_regime,M_stress,800,True,1,401.2,157.7,2.3,0.6068,0.0,mean_0.58,0,0.58,0.15,beta,none
City-A,T5,1x,160.0,S0b_StressOracle,routine,M_routine,800,True,1,248.5,372.6,0.0,0.0,1.0,mean_0.58,0,0.58,0.15,beta,none
City-A,T5,1x,160.0,S0b_StressOracle,cross_regime,M_stress,800,True,1,248.5,248.5,0.0,0.0,1.0,mean_0.58,0,0.58,0.15,beta,none
City-A,T5,1x,160.0,S1_CapRR,routine,M_routine,800,True,1,596.8,333.8,0.0,0.4406,1.0,mean_0.58,0,0.58,0.15,beta,none
City-A,T5,1x,160.0,S1_CapRR,cross_regime,M_stress,800,True,1,596.8,112.7,47.3,0.8112,0.0,mean_0.58,0,0.58,0.15,beta,none
City-A,T5,1x,160.0,S2_Platform,routine,M_routine,800,True,1,485.5,333.8,0.0,0.3124,1.0,mean_0.58,0,0.58,0.15,beta,none
City-A,T5,1x,160.0,S2_Platform,cross_regime,M_stress,800,True,1,485.5,112.7,47.3,0.768,0.0,mean_0.58,0,0.58,0.15,beta,none
City-A,T5,1x,160.0,S3_Lin4,routine,M_routine,800,True,1,416.1,333.8,0.0,0.1977,1.0,mean_0.58,0,0.58,0.15,beta,none
City-A,T5,1x,160.0,S3_Lin4,cross_regime,M_stress,800,True,1,416.1,112.7,47.3,0.7293,0.0,mean_0.58,0,0.58,0.15,beta,none
City-A,T5,1x,160.0,S4_GlobalCalib,routine,M_routine,800,True,1,339.4,333.8,0.0,0.0165,1.0,mean_0.58,0,0.58,0.15,beta,none
City-A,T5,1x,160.0,S4_GlobalCalib,cross_regime,M_stress,800,True,1,339.4,112.7,47.3,0.6681,0.0,mean_0.58,0,0.58,0.15,beta,none
City-A,T5,1x,160.0,S5_CityCalib,routine,M_routine,800,True,1,339.5,333.8,0.0,0.0165,1.0,mean_0.58,0,0.58,0.15,beta,none
City-A,T5,1x,160.0,S5_CityCalib,cross_regime,M_stress,800,True,1,339.5,112.7,47.3,0.6681,0.0,mean_0.58,0,0.58,0.15,beta,none
City-A,T5,1x,160.0,S6_Q10,routine,M_routine,800,True,1,218.9,333.8,0.0,0.0,1.0,mean_0.58,0,0.58,0.15,beta,none
City-A,T5,1x,160.0,S6_Q10,cross_regime,M_stress,800,True,1,218.9,112.7,47.3,0.4855,0.0,mean_0.58,0,0.58,0.15,beta,none
City-A,T5,2x,320.0,S0a_RoutineOracle,routine,M_routine,800,True,1,401.2,401.2,0.0,0.0,1.0,mean_0.58,0,0.58,0.15,beta,none
City-A,T5,2x,320.0,S0a_RoutineOracle,cross_regime,M_stress,800,True,1,401.2,157.7,162.3,0.6068,0.0,mean_0.58,0,0.58,0.15,beta,none
City-A,T5,2x,320.0,S0b_StressOracle,routine,M_routine,800,True,2,463.9,729.6,0.0,0.0,1.0,mean_0.58,0,0.58,0.15,beta,none
City-A,T5,2x,320.0,S0b_StressOracle,cross_regime,M_stress,800,True,2,463.9,463.9,0.0,0.0,1.0,mean_0.58,0,0.58,0.15,beta,none
City-A,T5,2x,320.0,S1_CapRR,routine,M_routine,800,True,1,596.8,333.8,0.0,0.4406,1.0,mean_0.58,0,0.58,0.15,beta,none
City-A,T5,2x,320.0,S1_CapRR,cross_regime,M_stress,800,True,1,596.8,112.7,207.3,0.8112,0.0,mean_0.58,0,0.58,0.15,beta,none
City-A,T5,2x,320.0,S2_Platform,routine,M_routine,800,True,1,485.5,333.8,0.0,0.3124,1.0,mean_0.58,0,0.58,0.15,beta,none
City-A,T5,2x,320.0,S2_Platform,cross_regime,M_stress,800,True,1,485.5,112.7,207.3,0.768,0.0,mean_0.58,0,0.58,0.15,beta,none
City-A,T5,2x,320.0,S3_Lin4,routine,M_routine,800,True,1,416.1,333.8,0.0,0.1977,1.0,mean_0.58,0,0.58,0.15,beta,none
City-A,T5,2x,320.0,S3_Lin4,cross_regime,M_stress,800,True,1,416.1,112.7,207.3,0.7293,0.0,mean_0.58,0,0.58,0.15,beta,none
City-A,T5,2x,320.0,S4_GlobalCalib,routine,M_routine,800,True,1,339.4,333.8,0.0,0.0165,1.0,mean_0.58,0,0.58,0.15,beta,none
City-A,T5,2x,320.0,S4_GlobalCalib,cross_regime,M_stress,800,True,1,339.4,112.7,207.3,0.6681,0.0,mean_0.58,0,0.58,0.15,beta,none
City-A,T5,2x,320.0,S5_CityCalib,routine,M_routine,800,True,1,339.5,333.8,0.0,0.0165,1.0,mean_0.58,0,0.58,0.15,beta,none
City-A,T5,2x,320.0,S5_CityCalib,cross_regime,M_stress,800,True,1,339.5,112.7,207.3,0.6681,0.0,mean_0.58,0,0.58,0.15,beta,none
City-A,T5,2x,320.0,S6_Q10,routine,M_routine,800,True,2,417.5,702.2,0.0,0.0,1.0,mean_0.58,0,0.58,0.15,beta,none
City-A,T5,2x,320.0,S6_Q10,cross_regime,M_stress,800,True,2,417.5,310.9,9.1,0.2554,0.0,mean_0.58,0,0.58,0.15,beta,none
City-A,T5,5x,800.0,S0a_RoutineOracle,routine,M_routine,800,True,3,1142.2,1142.2,0.0,0.0,1.0,mean_0.58,0,0.58,0.15,beta,none
City-A,T5,5x,800.0,S0a_RoutineOracle,cross_regime,M_stress,800,True,3,1142.2,604.5,195.5,0.4708,0.0,mean_0.58,0,0.58,0.15,beta,none
City-A,T5,5x,800.0,S0b_StressOracle,routine,M_routine,800,True,4,852.8,1365.2,0.0,0.0,1.0,mean_0.58,0,0.58,0.15,beta,none
City-A,T5,5x,800.0,S0b_StressOracle,cross_regime,M_stress,800,True,4,852.8,852.8,0.0,0.0,1.0,mean_0.58,0,0.58,0.15,beta,none
City-A,T5,5x,800.0,S1_CapRR,routine,M_routine,800,True,2,1138.1,702.2,97.8,0.383,0.0,mean_0.58,0,0.58,0.15,beta,none
City-A,T5,5x,800.0,S1_CapRR,cross_regime,M_stress,800,True,2,1138.1,310.9,489.1,0.7268,0.0,mean_0.58,0,0.58,0.15,beta,none
City-A,T5,5x,800.0,S2_Platform,routine,M_routine,800,True,2,897.6,690.8,109.2,0.2303,0.0,mean_0.58,0,0.58,0.15,beta,none
City-A,T5,5x,800.0,S2_Platform,cross_regime,M_stress,800,True,2,897.6,328.0,472.0,0.6345,0.0,mean_0.58,0,0.58,0.15,beta,none
City-A,T5,5x,800.0,S3_Lin4,routine,M_routine,800,True,3,1056.7,1000.2,0.0,0.0535,1.0,mean_0.58,0,0.58,0.15,beta,none
City-A,T5,5x,800.0,S3_Lin4,cross_regime,M_stress,800,True,3,1056.7,406.6,393.4,0.6152,0.0,mean_0.58,0,0.58,0.15,beta,none
City-A,T5,5x,800.0,S4_GlobalCalib,routine,M_routine,800,True,3,946.1,1103.4,0.0,0.0,1.0,mean_0.58,0,0.58,0.15,beta,none
City-A,T5,5x,800.0,S4_GlobalCalib,cross_regime,M_stress,800,True,3,946.1,468.6,331.4,0.5046,0.0,mean_0.58,0,0.58,0.15,beta,none
City-A,T5,5x,800.0,S5_CityCalib,routine,M_routine,800,True,3,946.1,1103.4,0.0,0.0,1.0,mean_0.58,0,0.58,0.15,beta,none
City-A,T5,5x,800.0,S5_CityCalib,cross_regime,M_stress,800,True,3,946.1,468.6,331.4,0.5047,0.0,mean_0.58,0,0.58,0.15,beta,none
City-A,T5,5x,800.0,S6_Q10,routine,M_routine,800,True,5,980.6,1833.0,0.0,0.0,1.0,mean_0.58,0,0.58,0.15,beta,none
City-A,T5,5x,800.0,S6_Q10,cross_regime,M_stress,800,True,5,980.6,932.5,0.0,0.049,1.0,mean_0.58,0,0.58,0.15,beta,none
City-A,T5,10x,1600.0,S0a_RoutineOracle,routine,M_routine,800,True,5,1833.0,1833.0,0.0,0.0,1.0,mean_0.58,0,0.58,0.15,beta,none
City-A,T5,10x,1600.0,S0a_RoutineOracle,cross_regime,M_stress,800,True,5,1833.0,932.5,667.5,0.4913,0.0,mean_0.58,0,0.58,0.15,beta,none
City-A,T5,10x,1600.0,S0b_StressOracle,routine,M_routine,800,True,9,1757.8,2380.2,0.0,0.0,1.0,mean_0.58,0,0.58,0.15,beta,none
City-A,T5,10x,1600.0,S0b_StressOracle,cross_regime,M_stress,800,True,9,1757.8,1757.8,0.0,0.0,1.0,mean_0.58,0,0.58,0.15,beta,none
City-A,T5,10x,1600.0,S1_CapRR,routine,M_routine,800,True,3,1662.9,1103.4,496.6,0.3365,0.0,mean_0.58,0,0.58,0.15,beta,none
City-A,T5,10x,1600.0,S1_CapRR,cross_regime,M_stress,800,True,3,1662.9,468.6,1131.4,0.7182,0.0,mean_0.58,0,0.58,0.15,beta,none
City-A,T5,10x,1600.0,S2_Platform,routine,M_routine,800,True,4,1696.8,1464.7,135.3,0.1368,0.0,mean_0.58,0,0.58,0.15,beta,none
City-A,T5,10x,1600.0,S2_Platform,cross_regime,M_stress,800,True,4,1696.8,734.3,865.7,0.5673,0.0,mean_0.58,0,0.58,0.15,beta,none
City-A,T5,10x,1600.0,S3_Lin4,routine,M_routine,800,True,5,1648.4,1741.2,0.0,0.0,1.0,mean_0.58,0,0.58,0.15,beta,none
City-A,T5,10x,1600.0,S3_Lin4,cross_regime,M_stress,800,True,5,1648.4,853.4,746.6,0.4823,0.0,mean_0.58,0,0.58,0.15,beta,none
City-A,T5,10x,1600.0,S4_GlobalCalib,routine,M_routine,800,True,6,1786.0,2098.2,0.0,0.0,1.0,mean_0.58,0,0.58,0.15,beta,none
City-A,T5,10x,1600.0,S4_GlobalCalib,cross_regime,M_stress,800,True,6,1786.0,1068.8,531.2,0.4016,0.0,mean_0.58,0,0.58,0.15,beta,none
City-A,T5,10x,1600.0,S5_CityCalib,routine,M_routine,800,True,6,1786.1,2098.2,0.0,0.0,1.0,mean_0.58,0,0.58,0.15,beta,none
City-A,T5,10x,1600.0,S5_CityCalib,cross_regime,M_stress,800,True,6,1786.1,1068.8,531.2,0.4016,0.0,mean_0.58,0,0.58,0.15,beta,none
City-A,T5,10x,1600.0,S6_Q10,routine,M_routine,800,True,9,1650.9,2839.6,0.0,0.0,1.0,mean_0.58,0,0.58,0.15,beta,none
City-A,T5,10x,1600.0,S6_Q10,cross_regime,M_stress,800,True,9,1650.9,1464.5,135.5,0.1129,0.0,mean_0.58,0,0.58,0.15,beta,none
City-B,T1,1x,180.0,S0a_RoutineOracle,routine,M_routine,500,True,1,539.3,539.3,0.0,0.0,1.0,mean_0.58,0,0.58,0.15,beta,none
City-B,T1,1x,180.0,S0a_RoutineOracle,cross_regime,M_stress,500,True,1,539.3,259.3,0.0,0.5191,1.0,mean_0.58,0,0.58,0.15,beta,none
City-B,T1,1x,180.0,S0b_StressOracle,routine,M_routine,500,True,1,425.1,513.0,0.0,0.0,1.0,mean_0.58,0,0.58,0.15,beta,none
City-B,T1,1x,180.0,S0b_StressOracle,cross_regime,M_stress,500,True,1,425.1,425.1,0.0,0.0,1.0,mean_0.58,0,0.58,0.15,beta,none
City-B,T1,1x,180.0,S1_CapRR,routine,M_routine,500,True,1,846.0,513.0,0.0,0.3936,1.0,mean_0.58,0,0.58,0.15,beta,none
City-B,T1,1x,180.0,S1_CapRR,cross_regime,M_stress,500,True,1,846.0,425.1,0.0,0.4976,1.0,mean_0.58,0,0.58,0.15,beta,none
City-B,T1,1x,180.0,S2_Platform,routine,M_routine,500,True,1,561.1,313.7,0.0,0.441,1.0,mean_0.58,0,0.58,0.15,beta,none
City-B,T1,1x,180.0,S2_Platform,cross_regime,M_stress,500,True,1,561.1,367.8,0.0,0.3445,1.0,mean_0.58,0,0.58,0.15,beta,none
City-B,T1,1x,180.0,S3_Lin4,routine,M_routine,500,True,1,397.8,539.3,0.0,0.0,1.0,mean_0.58,0,0.58,0.15,beta,none
City-B,T1,1x,180.0,S3_Lin4,cross_regime,M_stress,500,True,1,397.8,259.3,0.0,0.3481,1.0,mean_0.58,0,0.58,0.15,beta,none
City-B,T1,1x,180.0,S4_GlobalCalib,routine,M_routine,500,True,1,480.9,513.0,0.0,0.0,1.0,mean_0.58,0,0.58,0.15,beta,none
City-B,T1,1x,180.0,S4_GlobalCalib,cross_regime,M_stress,500,True,1,480.9,425.1,0.0,0.1161,1.0,mean_0.58,0,0.58,0.15,beta,none
City-B,T1,1x,180.0,S5_CityCalib,routine,M_routine,500,True,1,474.9,513.0,0.0,0.0,1.0,mean_0.58,0,0.58,0.15,beta,none
City-B,T1,1x,180.0,S5_CityCalib,cross_regime,M_stress,500,True,1,474.9,425.1,0.0,0.105,1.0,mean_0.58,0,0.58,0.15,beta,none
City-B,T1,1x,180.0,S6_Q10,routine,M_routine,500,True,1,313.8,513.0,0.0,0.0,1.0,mean_0.58,0,0.58,0.15,beta,none
City-B,T1,1x,180.0,S6_Q10,cross_regime,M_stress,500,True,1,313.8,425.1,0.0,0.0,1.0,mean_0.58,0,0.58,0.15,beta,none
City-B,T1,2x,360.0,S0a_RoutineOracle,routine,M_routine,500,True,1,539.3,539.3,0.0,0.0,1.0,mean_0.58,0,0.58,0.15,beta,none
City-B,T1,2x,360.0,S0a_RoutineOracle,cross_regime,M_stress,500,True,1,539.3,259.3,100.7,0.5191,0.0,mean_0.58,0,0.58,0.15,beta,none
City-B,T1,2x,360.0,S0b_StressOracle,routine,M_routine,500,True,1,425.1,513.0,0.0,0.0,1.0,mean_0.58,0,0.58,0.15,beta,none
City-B,T1,2x,360.0,S0b_StressOracle,cross_regime,M_stress,500,True,1,425.1,425.1,0.0,0.0,1.0,mean_0.58,0,0.58,0.15,beta,none
City-B,T1,2x,360.0,S1_CapRR,routine,M_routine,500,True,1,846.0,513.0,0.0,0.3936,1.0,mean_0.58,0,0.58,0.15,beta,none
City-B,T1,2x,360.0,S1_CapRR,cross_regime,M_stress,500,True,1,846.0,425.1,0.0,0.4976,1.0,mean_0.58,0,0.58,0.15,beta,none
City-B,T1,2x,360.0,S2_Platform,routine,M_routine,500,True,1,561.1,313.7,46.3,0.441,0.0,mean_0.58,0,0.58,0.15,beta,none
City-B,T1,2x,360.0,S2_Platform,cross_regime,M_stress,500,True,1,561.1,367.8,0.0,0.3445,1.0,mean_0.58,0,0.58,0.15,beta,none
City-B,T1,2x,360.0,S3_Lin4,routine,M_routine,500,True,1,397.8,539.3,0.0,0.0,1.0,mean_0.58,0,0.58,0.15,beta,none
City-B,T1,2x,360.0,S3_Lin4,cross_regime,M_stress,500,True,1,397.8,259.3,100.7,0.3481,0.0,mean_0.58,0,0.58,0.15,beta,none
City-B,T1,2x,360.0,S4_GlobalCalib,routine,M_routine,500,True,1,480.9,513.0,0.0,0.0,1.0,mean_0.58,0,0.58,0.15,beta,none
City-B,T1,2x,360.0,S4_GlobalCalib,cross_regime,M_stress,500,True,1,480.9,425.1,0.0,0.1161,1.0,mean_0.58,0,0.58,0.15,beta,none
City-B,T1,2x,360.0,S5_CityCalib,routine,M_routine,500,True,1,474.9,513.0,0.0,0.0,1.0,mean_0.58,0,0.58,0.15,beta,none
City-B,T1,2x,360.0,S5_CityCalib,cross_regime,M_stress,500,True,1,474.9,425.1,0.0,0.105,1.0,mean_0.58,0,0.58,0.15,beta,none
City-B,T1,2x,360.0,S6_Q10,routine,M_routine,500,True,2,626.1,762.8,0.0,0.0,1.0,mean_0.58,0,0.58,0.15,beta,none
City-B,T1,2x,360.0,S6_Q10,cross_regime,M_stress,500,True,2,626.1,812.8,0.0,0.0,1.0,mean_0.58,0,0.58,0.15,beta,none
City-B,T1,5x,900.0,S0a_RoutineOracle,routine,M_routine,500,True,2,1069.4,1069.4,0.0,0.0,1.0,mean_0.58,0,0.58,0.15,beta,none
City-B,T1,5x,900.0,S0a_RoutineOracle,cross_regime,M_stress,500,True,2,1069.4,529.3,370.7,0.5051,0.0,mean_0.58,0,0.58,0.15,beta,none
City-B,T1,5x,900.0,S0b_StressOracle,routine,M_routine,500,True,3,1180.6,1076.5,0.0,0.0882,1.0,mean_0.58,0,0.58,0.15,beta,none
City-B,T1,5x,900.0,S0b_StressOracle,cross_regime,M_stress,500,True,3,1180.6,1180.6,0.0,0.0,1.0,mean_0.58,0,0.58,0.15,beta,none
City-B,T1,5x,900.0,S1_CapRR,routine,M_routine,500,True,2,1688.0,762.8,137.2,0.5481,0.0,mean_0.58,0,0.58,0.15,beta,none
City-B,T1,5x,900.0,S1_CapRR,cross_regime,M_stress,500,True,2,1688.0,812.8,87.2,0.5185,0.0,mean_0.58,0,0.58,0.15,beta,none
City-B,T1,5x,900.0,S2_Platform,routine,M_routine,500,True,2,1112.3,852.9,47.1,0.2332,0.0,mean_0.58,0,0.58,0.15,beta,none
City-B,T1,5x,900.0,S2_Platform,cross_regime,M_stress,500,True,2,1112.3,627.1,272.9,0.4362,0.0,mean_0.58,0,0.58,0.15,beta,none
City-B,T1,5x,900.0,S3_Lin4,routine,M_routine,500,True,3,1179.9,1366.0,0.0,0.0,1.0,mean_0.58,0,0.58,0.15,beta,none
City-B,T1,5x,900.0,S3_Lin4,cross_regime,M_stress,500,True,3,1179.9,1052.2,0.0,0.1082,1.0,mean_0.58,0,0.58,0.15,beta,none
City-B,T1,5x,900.0,S4_GlobalCalib,routine,M_routine,500,True,2,959.5,762.8,137.2,0.205,0.0,mean_0.58,0,0.58,0.15,beta,none
City-B,T1,5x,900.0,S4_GlobalCalib,cross_regime,M_stress,500,True,2,959.5,812.8,87.2,0.1529,0.0,mean_0.58,0,0.58,0.15,beta,none
City-B,T1,5x,900.0,S5_CityCalib,routine,M_routine,500,True,2,947.6,762.8,137.2,0.1951,0.0,mean_0.58,0,0.58,0.15,beta,none
City-B,T1,5x,900.0,S5_CityCalib,cross_regime,M_stress,500,True,2,947.6,812.8,87.2,0.1423,0.0,mean_0.58,0,0.58,0.15,beta,none
City-B,T1,5x,900.0,S6_Q10,routine,M_routine,500,True,3,929.0,1302.0,0.0,0.0,1.0,mean_0.58,0,0.58,0.15,beta,none
City-B,T1,5x,900.0,S6_Q10,cross_regime,M_stress,500,True,3,929.0,1072.1,0.0,0.0,1.0,mean_0.58,0,0.58,0.15,beta,none
City-B,T1,10x,1800.0,S0a_RoutineOracle,routine,M_routine,500,True,4,2016.6,2016.6,0.0,0.0,1.0,mean_0.58,0,0.58,0.15,beta,none
City-B,T1,10x,1800.0,S0a_RoutineOracle,cross_regime,M_stress,500,True,4,2016.6,1153.2,646.8,0.4282,0.0,mean_0.58,0,0.58,0.15,beta,none
City-B,T1,10x,1800.0,S0b_StressOracle,routine,M_routine,500,True,6,2020.1,2167.8,0.0,0.0,1.0,mean_0.58,0,0.58,0.15,beta,none
City-B,T1,10x,1800.0,S0b_StressOracle,cross_regime,M_stress,500,True,6,2020.1,2020.1,0.0,0.0,1.0,mean_0.58,0,0.58,0.15,beta,none
City-B,T1,10x,1800.0,S1_CapRR,routine,M_routine,500,True,3,2504.5,1302.0,498.0,0.4801,0.0,mean_0.58,0,0.58,0.15,beta,none
City-B,T1,10x,1800.0,S1_CapRR,cross_regime,M_stress,500,True,3,2504.5,1072.1,727.9,0.5719,0.0,mean_0.58,0,0.58,0.15,beta,none
City-B,T1,10x,1800.0,S2_Platform,routine,M_routine,500,True,4,2163.2,1615.7,184.3,0.2531,0.0,mean_0.58,0,0.58,0.15,beta,none
City-B,T1,10x,1800.0,S2_Platform,cross_regime,M_stress,500,True,4,2163.2,1439.9,360.1,0.3344,0.0,mean_0.58,0,0.58,0.15,beta,none
City-B,T1,10x,1800.0,S3_Lin4,routine,M_routine,500,True,5,1898.1,1991.8,0.0,0.0,1.0,mean_0.58,0,0.58,0.15,beta,none
City-B,T1,10x,1800.0,S3_Lin4,cross_regime,M_stress,500,True,5,1898.1,1642.1,157.9,0.1349,0.0,mean_0.58,0,0.58,0.15,beta,none
City-B,T1,10x,1800.0,S4_GlobalCalib,routine,M_routine,500,True,4,1877.8,1615.7,184.3,0.1396,0.0,mean_0.58,0,0.58,0.15,beta,none
City-B,T1,10x,1800.0,S4_GlobalCalib,cross_regime,M_stress,500,True,4,1877.8,1439.9,360.1,0.2332,0.0,mean_0.58,0,0.58,0.15,beta,none
City-B,T1,10x,1800.0,S5_CityCalib,routine,M_routine,500,True,4,1854.7,1615.7,184.3,0.1288,0.0,mean_0.58,0,0.58,0.15,beta,none
City-B,T1,10x,1800.0,S5_CityCalib,cross_regime,M_stress,500,True,4,1854.7,1439.9,360.1,0.2236,0.0,mean_0.58,0,0.58,0.15,beta,none
City-B,T1,10x,1800.0,S6_Q10,routine,M_routine,500,True,7,1952.0,2768.0,0.0,0.0,1.0,mean_0.58,0,0.58,0.15,beta,none
City-B,T1,10x,1800.0,S6_Q10,cross_regime,M_stress,500,True,7,1952.0,2197.6,0.0,0.0,1.0,mean_0.58,0,0.58,0.15,beta,none
City-B,T2,1x,260.0,S0a_RoutineOracle,routine,M_routine,500,True,1,474.5,474.5,0.0,0.0,1.0,mean_0.58,0,0.58,0.15,beta,none
City-B,T2,1x,260.0,S0a_RoutineOracle,cross_regime,M_stress,500,True,1,474.5,192.0,68.0,0.5954,0.0,mean_0.58,0,0.58,0.15,beta,none
City-B,T2,1x,260.0,S0b_StressOracle,routine,M_routine,500,True,1,343.0,340.8,0.0,0.0063,1.0,mean_0.58,0,0.58,0.15,beta,none
City-B,T2,1x,260.0,S0b_StressOracle,cross_regime,M_stress,500,True,1,343.0,343.0,0.0,0.0,1.0,mean_0.58,0,0.58,0.15,beta,none
City-B,T2,1x,260.0,S1_CapRR,routine,M_routine,500,True,1,846.0,256.3,3.7,0.6971,0.0,mean_0.58,0,0.58,0.15,beta,none
City-B,T2,1x,260.0,S1_CapRR,cross_regime,M_stress,500,True,1,846.0,288.8,0.0,0.6586,1.0,mean_0.58,0,0.58,0.15,beta,none
City-B,T2,1x,260.0,S2_Platform,routine,M_routine,500,True,1,557.0,474.5,0.0,0.1482,1.0,mean_0.58,0,0.58,0.15,beta,none
City-B,T2,1x,260.0,S2_Platform,cross_regime,M_stress,500,True,1,557.0,192.0,68.0,0.6554,0.0,mean_0.58,0,0.58,0.15,beta,none
City-B,T2,1x,260.0,S3_Lin4,routine,M_routine,500,True,1,398.7,440.7,0.0,0.0,1.0,mean_0.58,0,0.58,0.15,beta,none
City-B,T2,1x,260.0,S3_Lin4,cross_regime,M_stress,500,True,1,398.7,314.9,0.0,0.2101,1.0,mean_0.58,0,0.58,0.15,beta,none
City-B,T2,1x,260.0,S4_GlobalCalib,routine,M_routine,500,True,1,482.0,256.3,3.7,0.4684,0.0,mean_0.58,0,0.58,0.15,beta,none
City-B,T2,1x,260.0,S4_GlobalCalib,cross_regime,M_stress,500,True,1,482.0,288.8,0.0,0.4009,1.0,mean_0.58,0,0.58,0.15,beta,none
City-B,T2,1x,260.0,S5_CityCalib,routine,M_routine,500,True,1,475.8,256.3,3.7,0.4614,0.0,mean_0.58,0,0.58,0.15,beta,none
City-B,T2,1x,260.0,S5_CityCalib,cross_regime,M_stress,500,True,1,475.8,288.8,0.0,0.393,1.0,mean_0.58,0,0.58,0.15,beta,none
City-B,T2,1x,260.0,S6_Q10,routine,M_routine,500,True,1,312.7,256.3,3.7,0.1806,0.0,mean_0.58,0,0.58,0.15,beta,none
City-B,T2,1x,260.0,S6_Q10,cross_regime,M_stress,500,True,1,312.7,288.8,0.0,0.0765,1.0,mean_0.58,0,0.58,0.15,beta,none
City-B,T2,2x,520.0,S0a_RoutineOracle,routine,M_routine,500,True,2,935.2,935.2,0.0,0.0,1.0,mean_0.58,0,0.58,0.15,beta,none
City-B,T2,2x,520.0,S0a_RoutineOracle,cross_regime,M_stress,500,True,2,935.2,393.4,126.6,0.5793,0.0,mean_0.58,0,0.58,0.15,beta,none
City-B,T2,2x,520.0,S0b_StressOracle,routine,M_routine,500,True,2,683.6,761.9,0.0,0.0,1.0,mean_0.58,0,0.58,0.15,beta,none
City-B,T2,2x,520.0,S0b_StressOracle,cross_regime,M_stress,500,True,2,683.6,683.6,0.0,0.0,1.0,mean_0.58,0,0.58,0.15,beta,none
City-B,T2,2x,520.0,S1_CapRR,routine,M_routine,500,True,1,846.0,256.3,263.7,0.6971,0.0,mean_0.58,0,0.58,0.15,beta,none
City-B,T2,2x,520.0,S1_CapRR,cross_regime,M_stress,500,True,1,846.0,288.8,231.2,0.6586,0.0,mean_0.58,0,0.58,0.15,beta,none
City-B,T2,2x,520.0,S2_Platform,routine,M_routine,500,True,1,557.0,474.5,45.5,0.1482,0.0,mean_0.58,0,0.58,0.15,beta,none
City-B,T2,2x,520.0,S2_Platform,cross_regime,M_stress,500,True,1,557.0,192.0,328.0,0.6554,0.0,mean_0.58,0,0.58,0.15,beta,none
City-B,T2,2x,520.0,S3_Lin4,routine,M_routine,500,True,2,792.1,915.2,0.0,0.0,1.0,mean_0.58,0,0.58,0.15,beta,none
City-B,T2,2x,520.0,S3_Lin4,cross_regime,M_stress,500,True,2,792.1,506.9,13.1,0.3601,0.0,mean_0.58,0,0.58,0.15,beta,none
City-B,T2,2x,520.0,S4_GlobalCalib,routine,M_routine,500,True,2,961.8,677.4,0.0,0.2957,1.0,mean_0.58,0,0.58,0.15,beta,none
City-B,T2,2x,520.0,S4_GlobalCalib,cross_regime,M_stress,500,True,2,961.8,629.4,0.0,0.3456,1.0,mean_0.58,0,0.58,0.15,beta,none
City-B,T2,2x,520.0,S5_CityCalib,routine,M_routine,500,True,2,949.3,677.4,0.0,0.2865,1.0,mean_0.58,0,0.58,0.15,beta,none
City-B,T2,2x,520.0,S5_CityCalib,cross_regime,M_stress,500,True,2,949.3,629.4,0.0,0.337,1.0,mean_0.58,0,0.58,0.15,beta,none
City-B,T2,2x,520.0,S6_Q10,routine,M_routine,500,True,2,624.0,677.4,0.0,0.0,1.0,mean_0.58,0,0.58,0.15,beta,none
City-B,T2,2x,520.0,S6_Q10,cross_regime,M_stress,500,True,2,624.0,629.4,0.0,0.0,1.0,mean_0.58,0,0.58,0.15,beta,none
City-B,T2,5x,1300.0,S0a_RoutineOracle,routine,M_routine,500,True,3,1375.9,1375.9,0.0,0.0,1.0,mean_0.58,0,0.58,0.15,beta,none
City-B,T2,5x,1300.0,S0a_RoutineOracle,cross_regime,M_stress,500,True,3,1375.9,708.3,591.7,0.4852,0.0,mean_0.58,0,0.58,0.15,beta,none
City-B,T2,5x,1300.0,S0b_StressOracle,routine,M_routine,500,True,5,1592.7,1693.6,0.0,0.0,1.0,mean_0.58,0,0.58,0.15,beta,none
City-B,T2,5x,1300.0,S0b_StressOracle,cross_regime,M_stress,500,True,5,1592.7,1592.7,0.0,0.0,1.0,mean_0.58,0,0.58,0.15,beta,none
City-B,T2,5x,1300.0,S1_CapRR,routine,M_routine,500,True,2,1688.0,677.4,622.6,0.5987,0.0,mean_0.58,0,0.58,0.15,beta,none
City-B,T2,5x,1300.0,S1_CapRR,cross_regime,M_stress,500,True,2,1688.0,629.4,670.6,0.6271,0.0,mean_0.58,0,0.58,0.15,beta,none
City-B,T2,5x,1300.0,S2_Platform,routine,M_routine,500,True,3,1630.3,1336.3,0.0,0.1803,1.0,mean_0.58,0,0.58,0.15,beta,none
City-B,T2,5x,1300.0,S2_Platform,cross_regime,M_stress,500,True,3,1630.3,847.5,452.5,0.4801,0.0,mean_0.58,0,0.58,0.15,beta,none
City-B,T2,5x,1300.0,S3_Lin4,routine,M_routine,500,True,4,1570.9,1592.6,0.0,0.0,1.0,mean_0.58,0,0.58,0.15,beta,none
City-B,T2,5x,1300.0,S3_Lin4,cross_regime,M_stress,500,True,4,1570.9,1136.3,163.7,0.2766,0.0,mean_0.58,0,0.58,0.15,beta,none
City-B,T2,5x,1300.0,S4_GlobalCalib,routine,M_routine,500,True,3,1427.1,1118.1,181.9,0.2165,0.0,mean_0.58,0,0.58,0.15,beta,none
City-B,T2,5x,1300.0,S4_GlobalCalib,cross_regime,M_stress,500,True,3,1427.1,944.4,355.6,0.3382,0.0,mean_0.58,0,0.58,0.15,beta,none
City-B,T2,5x,1300.0,S5_CityCalib,routine,M_routine,500,True,3,1408.6,1118.1,181.9,0.2063,0.0,mean_0.58,0,0.58,0.15,beta,none
City-B,T2,5x,1300.0,S5_CityCalib,cross_regime,M_stress,500,True,3,1408.6,944.4,355.6,0.3296,0.0,mean_0.58,0,0.58,0.15,beta,none
City-B,T2,5x,1300.0,S6_Q10,routine,M_routine,500,True,5,1479.4,2053.3,0.0,0.0,1.0,mean_0.58,0,0.58,0.15,beta,none
City-B,T2,5x,1300.0,S6_Q10,cross_regime,M_stress,500,True,5,1479.4,1337.8,0.0,0.0957,1.0,mean_0.58,0,0.58,0.15,beta,none
City-B,T2,10x,2600.0,S0a_RoutineOracle,routine,M_routine,500,True,6,2646.7,2646.7,0.0,0.0,1.0,mean_0.58,0,0.58,0.15,beta,none
City-B,T2,10x,2600.0,S0a_RoutineOracle,cross_regime,M_stress,500,True,6,2646.7,1429.4,1170.6,0.4599,0.0,mean_0.58,0,0.58,0.15,beta,none
City-B,T2,10x,2600.0,S0b_StressOracle,routine,M_routine,500,True,9,2654.8,2510.9,89.1,0.0542,0.0,mean_0.58,0,0.58,0.15,beta,none
City-B,T2,10x,2600.0,S0b_StressOracle,cross_regime,M_stress,500,True,9,2654.8,2654.8,0.0,0.0,1.0,mean_0.58,0,0.58,0.15,beta,none
City-B,T2,10x,2600.0,S1_CapRR,routine,M_routine,500,True,4,3303.2,1592.6,1007.4,0.5179,0.0,mean_0.58,0,0.58,0.15,beta,none
City-B,T2,10x,2600.0,S1_CapRR,cross_regime,M_stress,500,True,4,3303.2,1136.3,1463.7,0.656,0.0,mean_0.58,0,0.58,0.15,beta,none
City-B,T2,10x,2600.0,S2_Platform,routine,M_routine,500,True,6,2974.4,2394.1,205.9,0.1951,0.0,mean_0.58,0,0.58,0.15,beta,none
City-B,T2,10x,2600.0,S2_Platform,cross_regime,M_stress,500,True,6,2974.4,1680.8,919.2,0.4349,0.0,mean_0.58,0,0.58,0.15,beta,none
City-B,T2,10x,2600.0,S3_Lin4,routine,M_routine,500,True,8,2835.0,3192.5,0.0,0.0,1.0,mean_0.58,0,0.58,0.15,beta,none
City-B,T2,10x,2600.0,S3_Lin4,cross_regime,M_stress,500,True,8,2835.0,2131.6,468.4,0.2481,0.0,mean_0.58,0,0.58,0.15,beta,none
City-B,T2,10x,2600.0,S4_GlobalCalib,routine,M_routine,500,True,6,2647.5,2489.7,110.3,0.0596,0.0,mean_0.58,0,0.58,0.15,beta,none
City-B,T2,10x,2600.0,S4_GlobalCalib,cross_regime,M_stress,500,True,6,2647.5,1562.9,1037.1,0.4096,0.0,mean_0.58,0,0.58,0.15,beta,none
City-B,T2,10x,2600.0,S5_CityCalib,routine,M_routine,500,True,6,2613.9,2489.7,110.3,0.0475,0.0,mean_0.58,0,0.58,0.15,beta,none
City-B,T2,10x,2600.0,S5_CityCalib,cross_regime,M_stress,500,True,6,2613.9,1562.9,1037.1,0.4021,0.0,mean_0.58,0,0.58,0.15,beta,none
City-B,T2,10x,2600.0,S6_Q10,routine,M_routine,500,True,11,2782.3,4146.2,0.0,0.0,1.0,mean_0.58,0,0.58,0.15,beta,none
City-B,T2,10x,2600.0,S6_Q10,cross_regime,M_stress,500,True,11,2782.3,2870.5,0.0,0.0,1.0,mean_0.58,0,0.58,0.15,beta,none
City-B,T3,1x,200.0,S0a_RoutineOracle,routine,M_routine,500,True,1,581.2,581.2,0.0,0.0,1.0,mean_0.58,0,0.58,0.15,beta,none
City-B,T3,1x,200.0,S0a_RoutineOracle,cross_regime,M_stress,500,True,1,581.2,309.8,0.0,0.4669,1.0,mean_0.58,0,0.58,0.15,beta,none
City-B,T3,1x,200.0,S0b_StressOracle,routine,M_routine,500,True,1,411.0,410.2,0.0,0.0019,1.0,mean_0.58,0,0.58,0.15,beta,none
City-B,T3,1x,200.0,S0b_StressOracle,cross_regime,M_stress,500,True,1,411.0,411.0,0.0,0.0,1.0,mean_0.58,0,0.58,0.15,beta,none
City-B,T3,1x,200.0,S1_CapRR,routine,M_routine,500,True,1,744.5,410.2,0.0,0.449,1.0,mean_0.58,0,0.58,0.15,beta,none
City-B,T3,1x,200.0,S1_CapRR,cross_regime,M_stress,500,True,1,744.5,411.0,0.0,0.448,1.0,mean_0.58,0,0.58,0.15,beta,none
City-B,T3,1x,200.0,S2_Platform,routine,M_routine,500,True,1,543.2,386.8,0.0,0.2878,1.0,mean_0.58,0,0.58,0.15,beta,none
City-B,T3,1x,200.0,S2_Platform,cross_regime,M_stress,500,True,1,543.2,234.1,0.0,0.569,1.0,mean_0.58,0,0.58,0.15,beta,none
City-B,T3,1x,200.0,S3_Lin4,routine,M_routine,500,True,1,387.0,530.9,0.0,0.0,1.0,mean_0.58,0,0.58,0.15,beta,none
City-B,T3,1x,200.0,S3_Lin4,cross_regime,M_stress,500,True,1,387.0,272.5,0.0,0.296,1.0,mean_0.58,0,0.58,0.15,beta,none
City-B,T3,1x,200.0,S4_GlobalCalib,routine,M_routine,500,True,1,420.4,410.2,0.0,0.0243,1.0,mean_0.58,0,0.58,0.15,beta,none
City-B,T3,1x,200.0,S4_GlobalCalib,cross_regime,M_stress,500,True,1,420.4,411.0,0.0,0.0224,1.0,mean_0.58,0,0.58,0.15,beta,none
City-B,T3,1x,200.0,S5_CityCalib,routine,M_routine,500,True,1,411.9,410.2,0.0,0.0043,1.0,mean_0.58,0,0.58,0.15,beta,none
City-B,T3,1x,200.0,S5_CityCalib,cross_regime,M_stress,500,True,1,411.9,411.0,0.0,0.0024,1.0,mean_0.58,0,0.58,0.15,beta,none
City-B,T3,1x,200.0,S6_Q10,routine,M_routine,500,True,1,276.9,410.2,0.0,0.0,1.0,mean_0.58,0,0.58,0.15,beta,none
City-B,T3,1x,200.0,S6_Q10,cross_regime,M_stress,500,True,1,276.9,411.0,0.0,0.0,1.0,mean_0.58,0,0.58,0.15,beta,none
City-B,T3,2x,400.0,S0a_RoutineOracle,routine,M_routine,500,True,1,581.2,581.2,0.0,0.0,1.0,mean_0.58,0,0.58,0.15,beta,none
City-B,T3,2x,400.0,S0a_RoutineOracle,cross_regime,M_stress,500,True,1,581.2,309.8,90.2,0.4669,0.0,mean_0.58,0,0.58,0.15,beta,none
City-B,T3,2x,400.0,S0b_StressOracle,routine,M_routine,500,True,1,411.0,410.2,0.0,0.0019,1.0,mean_0.58,0,0.58,0.15,beta,none
City-B,T3,2x,400.0,S0b_StressOracle,cross_regime,M_stress,500,True,1,411.0,411.0,0.0,0.0,1.0,mean_0.58,0,0.58,0.15,beta,none
City-B,T3,2x,400.0,S1_CapRR,routine,M_routine,500,True,1,744.5,410.2,0.0,0.449,1.0,mean_0.58,0,0.58,0.15,beta,none
City-B,T3,2x,400.0,S1_CapRR,cross_regime,M_stress,500,True,1,744.5,411.0,0.0,0.448,1.0,mean_0.58,0,0.58,0.15,beta,none
City-B,T3,2x,400.0,S2_Platform,routine,M_routine,500,True,1,543.2,386.8,13.2,0.2878,0.0,mean_0.58,0,0.58,0.15,beta,none
City-B,T3,2x,400.0,S2_Platform,cross_regime,M_stress,500,True,1,543.2,234.1,165.9,0.569,0.0,mean_0.58,0,0.58,0.15,beta,none
City-B,T3,2x,400.0,S3_Lin4,routine,M_routine,500,True,2,768.9,1112.1,0.0,0.0,1.0,mean_0.58,0,0.58,0.15,beta,none
City-B,T3,2x,400.0,S3_Lin4,cross_regime,M_stress,500,True,2,768.9,582.3,0.0,0.2426,1.0,mean_0.58,0,0.58,0.15,beta,none
City-B,T3,2x,400.0,S4_GlobalCalib,routine,M_routine,500,True,1,420.4,410.2,0.0,0.0243,1.0,mean_0.58,0,0.58,0.15,beta,none
City-B,T3,2x,400.0,S4_GlobalCalib,cross_regime,M_stress,500,True,1,420.4,411.0,0.0,0.0224,1.0,mean_0.58,0,0.58,0.15,beta,none
City-B,T3,2x,400.0,S5_CityCalib,routine,M_routine,500,True,1,411.9,410.2,0.0,0.0043,1.0,mean_0.58,0,0.58,0.15,beta,none
City-B,T3,2x,400.0,S5_CityCalib,cross_regime,M_stress,500,True,1,411.9,411.0,0.0,0.0024,1.0,mean_0.58,0,0.58,0.15,beta,none
City-B,T3,2x,400.0,S6_Q10,routine,M_routine,500,True,2,552.5,797.0,0.0,0.0,1.0,mean_0.58,0,0.58,0.15,beta,none
City-B,T3,2x,400.0,S6_Q10,cross_regime,M_stress,500,True,2,552.5,645.1,0.0,0.0,1.0,mean_0.58,0,0.58,0.15,beta,none
City-B,T3,5x,1000.0,S0a_RoutineOracle,routine,M_routine,500,True,2,1112.1,1112.1,0.0,0.0,1.0,mean_0.58,0,0.58,0.15,beta,none
City-B,T3,5x,1000.0,S0a_RoutineOracle,cross_regime,M_stress,500,True,2,1112.1,582.3,417.7,0.4764,0.0,mean_0.58,0,0.58,0.15,beta,none
City-B,T3,5x,1000.0,S0b_StressOracle,routine,M_routine,500,True,3,1003.8,1407.5,0.0,0.0,1.0,mean_0.58,0,0.58,0.15,beta,none
City-B,T3,5x,1000.0,S0b_StressOracle,cross_regime,M_stress,500,True,3,1003.8,1003.8,0.0,0.0,1.0,mean_0.58,0,0.58,0.15,beta,none
City-B,T3,5x,1000.0,S1_CapRR,routine,M_routine,500,True,2,1485.4,797.0,203.0,0.4634,0.0,mean_0.58,0,0.58,0.15,beta,none
City-B,T3,5x,1000.0,S1_CapRR,cross_regime,M_stress,500,True,2,1485.4,645.1,354.9,0.5657,0.0,mean_0.58,0,0.58,0.15,beta,none
City-B,T3,5x,1000.0,S2_Platform,routine,M_routine,500,True,2,1048.0,917.7,82.3,0.1243,0.0,mean_0.58,0,0.58,0.15,beta,none
City-B,T3,5x,1000.0,S2_Platform,cross_regime,M_stress,500,True,2,1048.0,506.6,493.4,0.5166,0.0,mean_0.58,0,0.58,0.15,beta,none
City-B,T3,5x,1000.0,S3_Lin4,routine,M_routine,500,True,3,1145.0,1522.2,0.0,0.0,1.0,mean_0.58,0,0.58,0.15,beta,none
City-B,T3,5x,1000.0,S3_Lin4,cross_regime,M_stress,500,True,3,1145.0,993.3,6.7,0.1325,0.0,mean_0.58,0,0.58,0.15,beta,none
City-B,T3,5x,1000.0,S4_GlobalCalib,routine,M_routine,500,True,3,1244.6,1327.9,0.0,0.0,1.0,mean_0.58,0,0.58,0.15,beta,none
City-B,T3,5x,1000.0,S4_GlobalCalib,cross_regime,M_stress,500,True,3,1244.6,917.5,82.5,0.2628,0.0,mean_0.58,0,0.58,0.15,beta,none
City-B,T3,5x,1000.0,S5_CityCalib,routine,M_routine,500,True,3,1219.7,1327.9,0.0,0.0,1.0,mean_0.58,0,0.58,0.15,beta,none
City-B,T3,5x,1000.0,S5_CityCalib,cross_regime,M_stress,500,True,3,1219.7,917.5,82.5,0.2477,0.0,mean_0.58,0,0.58,0.15,beta,none
City-B,T3,5x,1000.0,S6_Q10,routine,M_routine,500,True,4,1081.2,1909.1,0.0,0.0,1.0,mean_0.58,0,0.58,0.15,beta,none
City-B,T3,5x,1000.0,S6_Q10,cross_regime,M_stress,500,True,4,1081.2,1227.4,0.0,0.0,1.0,mean_0.58,0,0.58,0.15,beta,none
City-B,T3,10x,2000.0,S0a_RoutineOracle,routine,M_routine,500,True,5,2395.3,2395.3,0.0,0.0,1.0,mean_0.58,0,0.58,0.15,beta,none
City-B,T3,10x,2000.0,S0a_RoutineOracle,cross_regime,M_stress,500,True,5,2395.3,1418.6,581.4,0.4077,0.0,mean_0.58,0,0.58,0.15,beta,none
City-B,T3,10x,2000.0,S0b_StressOracle,routine,M_routine,500,True,7,2052.9,2749.1,0.0,0.0,1.0,mean_0.58,0,0.58,0.15,beta,none
City-B,T3,10x,2000.0,S0b_StressOracle,cross_regime,M_stress,500,True,7,2052.9,2052.9,0.0,0.0,1.0,mean_0.58,0,0.58,0.15,beta,none
City-B,T3,10x,2000.0,S1_CapRR,routine,M_routine,500,True,3,2203.9,1327.9,672.1,0.3975,0.0,mean_0.58,0,0.58,0.15,beta,none
City-B,T3,10x,2000.0,S1_CapRR,cross_regime,M_stress,500,True,3,2203.9,917.5,1082.5,0.5837,0.0,mean_0.58,0,0.58,0.15,beta,none
City-B,T3,10x,2000.0,S2_Platform,routine,M_routine,500,True,5,2307.7,2050.9,0.0,0.1113,1.0,mean_0.58,0,0.58,0.15,beta,none
City-B,T3,10x,2000.0,S2_Platform,cross_regime,M_stress,500,True,5,2307.7,1299.0,701.0,0.4371,0.0,mean_0.58,0,0.58,0.15,beta,none
City-B,T3,10x,2000.0,S3_Lin4,routine,M_routine,500,True,6,2153.8,2607.6,0.0,0.0,1.0,mean_0.58,0,0.58,0.15,beta,none
City-B,T3,10x,2000.0,S3_Lin4,cross_regime,M_stress,500,True,6,2153.8,1722.2,277.8,0.2004,0.0,mean_0.58,0,0.58,0.15,beta,none
City-B,T3,10x,2000.0,S4_GlobalCalib,routine,M_routine,500,True,6,2309.7,2528.4,0.0,0.0,1.0,mean_0.58,0,0.58,0.15,beta,none
City-B,T3,10x,2000.0,S4_GlobalCalib,cross_regime,M_stress,500,True,6,2309.7,1575.9,424.1,0.3177,0.0,mean_0.58,0,0.58,0.15,beta,none
City-B,T3,10x,2000.0,S5_CityCalib,routine,M_routine,500,True,6,2264.9,2528.4,0.0,0.0,1.0,mean_0.58,0,0.58,0.15,beta,none
City-B,T3,10x,2000.0,S5_CityCalib,cross_regime,M_stress,500,True,6,2264.9,1575.9,424.1,0.3042,0.0,mean_0.58,0,0.58,0.15,beta,none
City-B,T3,10x,2000.0,S6_Q10,routine,M_routine,500,True,9,2098.0,3474.4,0.0,0.0,1.0,mean_0.58,0,0.58,0.15,beta,none
City-B,T3,10x,2000.0,S6_Q10,cross_regime,M_stress,500,True,9,2098.0,2218.8,0.0,0.0,1.0,mean_0.58,0,0.58,0.15,beta,none
City-B,T4,1x,140.0,S0a_RoutineOracle,routine,M_routine,500,True,1,459.8,459.8,0.0,0.0,1.0,mean_0.58,0,0.58,0.15,beta,none
City-B,T4,1x,140.0,S0a_RoutineOracle,cross_regime,M_stress,500,True,1,459.8,375.7,0.0,0.1829,1.0,mean_0.58,0,0.58,0.15,beta,none
City-B,T4,1x,140.0,S0b_StressOracle,routine,M_routine,500,True,1,388.6,266.3,0.0,0.3148,1.0,mean_0.58,0,0.58,0.15,beta,none
City-B,T4,1x,140.0,S0b_StressOracle,cross_regime,M_stress,500,True,1,388.6,388.6,0.0,0.0,1.0,mean_0.58,0,0.58,0.15,beta,none
City-B,T4,1x,140.0,S1_CapRR,routine,M_routine,500,True,1,846.0,372.5,0.0,0.5597,1.0,mean_0.58,0,0.58,0.15,beta,none
City-B,T4,1x,140.0,S1_CapRR,cross_regime,M_stress,500,True,1,846.0,241.6,0.0,0.7144,1.0,mean_0.58,0,0.58,0.15,beta,none
City-B,T4,1x,140.0,S2_Platform,routine,M_routine,500,True,1,480.1,372.5,0.0,0.224,1.0,mean_0.58,0,0.58,0.15,beta,none
City-B,T4,1x,140.0,S2_Platform,cross_regime,M_stress,500,True,1,480.1,241.6,0.0,0.4967,1.0,mean_0.58,0,0.58,0.15,beta,none
City-B,T4,1x,140.0,S3_Lin4,routine,M_routine,500,True,1,400.0,422.8,0.0,0.0,1.0,mean_0.58,0,0.58,0.15,beta,none
City-B,T4,1x,140.0,S3_Lin4,cross_regime,M_stress,500,True,1,400.0,358.9,0.0,0.1027,1.0,mean_0.58,0,0.58,0.15,beta,none
City-B,T4,1x,140.0,S4_GlobalCalib,routine,M_routine,500,True,1,482.2,372.5,0.0,0.2275,1.0,mean_0.58,0,0.58,0.15,beta,none
City-B,T4,1x,140.0,S4_GlobalCalib,cross_regime,M_stress,500,True,1,482.2,241.6,0.0,0.4989,1.0,mean_0.58,0,0.58,0.15,beta,none
City-B,T4,1x,140.0,S5_CityCalib,routine,M_routine,500,True,1,479.6,372.5,0.0,0.2233,1.0,mean_0.58,0,0.58,0.15,beta,none
City-B,T4,1x,140.0,S5_CityCalib,cross_regime,M_stress,500,True,1,479.6,241.6,0.0,0.4962,1.0,mean_0.58,0,0.58,0.15,beta,none
City-B,T4,1x,140.0,S6_Q10,routine,M_routine,500,True,1,312.7,372.5,0.0,0.0,1.0,mean_0.58,0,0.58,0.15,beta,none
City-B,T4,1x,140.0,S6_Q10,cross_regime,M_stress,500,True,1,312.7,241.6,0.0,0.2273,1.0,mean_0.58,0,0.58,0.15,beta,none
City-B,T4,2x,280.0,S0a_RoutineOracle,routine,M_routine,500,True,1,459.8,459.8,0.0,0.0,1.0,mean_0.58,0,0.58,0.15,beta,none
City-B,T4,2x,280.0,S0a_RoutineOracle,cross_regime,M_stress,500,True,1,459.8,375.7,0.0,0.1829,1.0,mean_0.58,0,0.58,0.15,beta,none
City-B,T4,2x,280.0,S0b_StressOracle,routine,M_routine,500,True,1,388.6,266.3,13.7,0.3148,0.0,mean_0.58,0,0.58,0.15,beta,none
City-B,T4,2x,280.0,S0b_StressOracle,cross_regime,M_stress,500,True,1,388.6,388.6,0.0,0.0,1.0,mean_0.58,0,0.58,0.15,beta,none
City-B,T4,2x,280.0,S1_CapRR,routine,M_routine,500,True,1,846.0,372.5,0.0,0.5597,1.0,mean_0.58,0,0.58,0.15,beta,none
City-B,T4,2x,280.0,S1_CapRR,cross_regime,M_stress,500,True,1,846.0,241.6,38.4,0.7144,0.0,mean_0.58,0,0.58,0.15,beta,none
City-B,T4,2x,280.0,S2_Platform,routine,M_routine,500,True,1,480.1,372.5,0.0,0.224,1.0,mean_0.58,0,0.58,0.15,beta,none
City-B,T4,2x,280.0,S2_Platform,cross_regime,M_stress,500,True,1,480.1,241.6,38.4,0.4967,0.0,mean_0.58,0,0.58,0.15,beta,none
City-B,T4,2x,280.0,S3_Lin4,routine,M_routine,500,True,1,400.0,422.8,0.0,0.0,1.0,mean_0.58,0,0.58,0.15,beta,none
City-B,T4,2x,280.0,S3_Lin4,cross_regime,M_stress,500,True,1,400.0,358.9,0.0,0.1027,1.0,mean_0.58,0,0.58,0.15,beta,none
City-B,T4,2x,280.0,S4_GlobalCalib,routine,M_routine,500,True,1,482.2,372.5,0.0,0.2275,1.0,mean_0.58,0,0.58,0.15,beta,none
City-B,T4,2x,280.0,S4_GlobalCalib,cross_regime,M_stress,500,True,1,482.2,241.6,38.4,0.4989,0.0,mean_0.58,0,0.58,0.15,beta,none
City-B,T4,2x,280.0,S5_CityCalib,routine,M_routine,500,True,1,479.6,372.5,0.0,0.2233,1.0,mean_0.58,0,0.58,0.15,beta,none
City-B,T4,2x,280.0,S5_CityCalib,cross_regime,M_stress,500,True,1,479.6,241.6,38.4,0.4962,0.0,mean_0.58,0,0.58,0.15,beta,none
City-B,T4,2x,280.0,S6_Q10,routine,M_routine,500,True,1,312.7,372.5,0.0,0.0,1.0,mean_0.58,0,0.58,0.15,beta,none
City-B,T4,2x,280.0,S6_Q10,cross_regime,M_stress,500,True,1,312.7,241.6,38.4,0.2273,0.0,mean_0.58,0,0.58,0.15,beta,none
City-B,T4,5x,700.0,S0a_RoutineOracle,routine,M_routine,500,True,2,918.7,918.7,0.0,0.0,1.0,mean_0.58,0,0.58,0.15,beta,none
City-B,T4,5x,700.0,S0a_RoutineOracle,cross_regime,M_stress,500,True,2,918.7,728.5,0.0,0.2071,1.0,mean_0.58,0,0.58,0.15,beta,none
City-B,T4,5x,700.0,S0b_StressOracle,routine,M_routine,500,True,2,764.3,726.1,0.0,0.05,1.0,mean_0.58,0,0.58,0.15,beta,none
City-B,T4,5x,700.0,S0b_StressOracle,cross_regime,M_stress,500,True,2,764.3,764.3,0.0,0.0,1.0,mean_0.58,0,0.58,0.15,beta,none
City-B,T4,5x,700.0,S1_CapRR,routine,M_routine,500,True,1,846.0,372.5,327.5,0.5597,0.0,mean_0.58,0,0.58,0.15,beta,none
City-B,T4,5x,700.0,S1_CapRR,cross_regime,M_stress,500,True,1,846.0,241.6,458.4,0.7144,0.0,mean_0.58,0,0.58,0.15,beta,none
City-B,T4,5x,700.0,S2_Platform,routine,M_routine,500,True,2,912.9,638.8,61.2,0.3003,0.0,mean_0.58,0,0.58,0.15,beta,none
City-B,T4,5x,700.0,S2_Platform,cross_regime,M_stress,500,True,2,912.9,630.2,69.8,0.3096,0.0,mean_0.58,0,0.58,0.15,beta,none
City-B,T4,5x,700.0,S3_Lin4,routine,M_routine,500,True,2,794.7,689.1,10.9,0.1329,0.0,mean_0.58,0,0.58,0.15,beta,none
City-B,T4,5x,700.0,S3_Lin4,cross_regime,M_stress,500,True,2,794.7,747.6,0.0,0.0593,1.0,mean_0.58,0,0.58,0.15,beta,none
City-B,T4,5x,700.0,S4_GlobalCalib,routine,M_routine,500,True,2,962.1,832.3,0.0,0.1349,1.0,mean_0.58,0,0.58,0.15,beta,none
City-B,T4,5x,700.0,S4_GlobalCalib,cross_regime,M_stress,500,True,2,962.1,617.3,82.7,0.3584,0.0,mean_0.58,0,0.58,0.15,beta,none
City-B,T4,5x,700.0,S5_CityCalib,routine,M_routine,500,True,2,956.8,832.3,0.0,0.1302,1.0,mean_0.58,0,0.58,0.15,beta,none
City-B,T4,5x,700.0,S5_CityCalib,cross_regime,M_stress,500,True,2,956.8,617.3,82.7,0.3549,0.0,mean_0.58,0,0.58,0.15,beta,none
City-B,T4,5x,700.0,S6_Q10,routine,M_routine,500,True,3,925.6,1255.1,0.0,0.0,1.0,mean_0.58,0,0.58,0.15,beta,none
City-B,T4,5x,700.0,S6_Q10,cross_regime,M_stress,500,True,3,925.6,976.2,0.0,0.0,1.0,mean_0.58,0,0.58,0.15,beta,none
City-B,T4,10x,1400.0,S0a_RoutineOracle,routine,M_routine,500,True,4,1789.8,1789.8,0.0,0.0,1.0,mean_0.58,0,0.58,0.15,beta,none
City-B,T4,10x,1400.0,S0a_RoutineOracle,cross_regime,M_stress,500,True,4,1789.8,1065.7,334.3,0.4046,0.0,mean_0.58,0,0.58,0.15,beta,none
City-B,T4,10x,1400.0,S0b_StressOracle,routine,M_routine,500,True,4,1476.1,1607.9,0.0,0.0,1.0,mean_0.58,0,0.58,0.15,beta,none
City-B,T4,10x,1400.0,S0b_StressOracle,cross_regime,M_stress,500,True,4,1476.1,1476.1,0.0,0.0,1.0,mean_0.58,0,0.58,0.15,beta,none
City-B,T4,10x,1400.0,S1_CapRR,routine,M_routine,500,True,2,1688.0,832.3,567.7,0.5069,0.0,mean_0.58,0,0.58,0.15,beta,none
City-B,T4,10x,1400.0,S1_CapRR,cross_regime,M_stress,500,True,2,1688.0,617.3,782.7,0.6343,0.0,mean_0.58,0,0.58,0.15,beta,none
City-B,T4,10x,1400.0,S2_Platform,routine,M_routine,500,True,4,1693.5,1483.4,0.0,0.1241,1.0,mean_0.58,0,0.58,0.15,beta,none
City-B,T4,10x,1400.0,S2_Platform,cross_regime,M_stress,500,True,4,1693.5,1267.0,133.0,0.2518,0.0,mean_0.58,0,0.58,0.15,beta,none
City-B,T4,10x,1400.0,S3_Lin4,routine,M_routine,500,True,4,1576.8,1521.4,0.0,0.0351,1.0,mean_0.58,0,0.58,0.15,beta,none
City-B,T4,10x,1400.0,S3_Lin4,cross_regime,M_stress,500,True,4,1576.8,1364.9,35.1,0.1344,0.0,mean_0.58,0,0.58,0.15,beta,none
City-B,T4,10x,1400.0,S4_GlobalCalib,routine,M_routine,500,True,3,1427.5,1255.1,144.9,0.1208,0.0,mean_0.58,0,0.58,0.15,beta,none
City-B,T4,10x,1400.0,S4_GlobalCalib,cross_regime,M_stress,500,True,3,1427.5,976.2,423.8,0.3161,0.0,mean_0.58,0,0.58,0.15,beta,none
City-B,T4,10x,1400.0,S5_CityCalib,routine,M_routine,500,True,3,1419.8,1255.1,144.9,0.116,0.0,mean_0.58,0,0.58,0.15,beta,none
City-B,T4,10x,1400.0,S5_CityCalib,cross_regime,M_stress,500,True,3,1419.8,976.2,423.8,0.3124,0.0,mean_0.58,0,0.58,0.15,beta,none
City-B,T4,10x,1400.0,S6_Q10,routine,M_routine,500,True,5,1479.2,1712.5,0.0,0.0,1.0,mean_0.58,0,0.58,0.15,beta,none
City-B,T4,10x,1400.0,S6_Q10,cross_regime,M_stress,500,True,5,1479.2,1455.1,0.0,0.0162,1.0,mean_0.58,0,0.58,0.15,beta,none
City-B,T5,1x,160.0,S0a_RoutineOracle,routine,M_routine,500,True,1,546.5,546.5,0.0,0.0,1.0,mean_0.58,0,0.58,0.15,beta,none
City-B,T5,1x,160.0,S0a_RoutineOracle,cross_regime,M_stress,500,True,1,546.5,236.1,0.0,0.5679,1.0,mean_0.58,0,0.58,0.15,beta,none
City-B,T5,1x,160.0,S0b_StressOracle,routine,M_routine,500,True,1,384.1,327.0,0.0,0.1486,1.0,mean_0.58,0,0.58,0.15,beta,none
City-B,T5,1x,160.0,S0b_StressOracle,cross_regime,M_stress,500,True,1,384.1,384.1,0.0,0.0,1.0,mean_0.58,0,0.58,0.15,beta,none
City-B,T5,1x,160.0,S1_CapRR,routine,M_routine,500,True,1,744.5,327.0,0.0,0.5607,1.0,mean_0.58,0,0.58,0.15,beta,none
City-B,T5,1x,160.0,S1_CapRR,cross_regime,M_stress,500,True,1,744.5,384.1,0.0,0.4841,1.0,mean_0.58,0,0.58,0.15,beta,none
City-B,T5,1x,160.0,S2_Platform,routine,M_routine,500,True,1,553.3,546.5,0.0,0.0124,1.0,mean_0.58,0,0.58,0.15,beta,none
City-B,T5,1x,160.0,S2_Platform,cross_regime,M_stress,500,True,1,553.3,236.1,0.0,0.5733,1.0,mean_0.58,0,0.58,0.15,beta,none
City-B,T5,1x,160.0,S3_Lin4,routine,M_routine,500,True,1,390.2,532.4,0.0,0.0,1.0,mean_0.58,0,0.58,0.15,beta,none
City-B,T5,1x,160.0,S3_Lin4,cross_regime,M_stress,500,True,1,390.2,292.6,0.0,0.2502,1.0,mean_0.58,0,0.58,0.15,beta,none
City-B,T5,1x,160.0,S4_GlobalCalib,routine,M_routine,500,True,1,423.2,327.0,0.0,0.2272,1.0,mean_0.58,0,0.58,0.15,beta,none
City-B,T5,1x,160.0,S4_GlobalCalib,cross_regime,M_stress,500,True,1,423.2,384.1,0.0,0.0923,1.0,mean_0.58,0,0.58,0.15,beta,none
City-B,T5,1x,160.0,S5_CityCalib,routine,M_routine,500,True,1,414.6,327.0,0.0,0.2113,1.0,mean_0.58,0,0.58,0.15,beta,none
City-B,T5,1x,160.0,S5_CityCalib,cross_regime,M_stress,500,True,1,414.6,384.1,0.0,0.0736,1.0,mean_0.58,0,0.58,0.15,beta,none
City-B,T5,1x,160.0,S6_Q10,routine,M_routine,500,True,1,273.1,327.0,0.0,0.0,1.0,mean_0.58,0,0.58,0.15,beta,none
City-B,T5,1x,160.0,S6_Q10,cross_regime,M_stress,500,True,1,273.1,384.1,0.0,0.0,1.0,mean_0.58,0,0.58,0.15,beta,none
City-B,T5,2x,320.0,S0a_RoutineOracle,routine,M_routine,500,True,1,546.5,546.5,0.0,0.0,1.0,mean_0.58,0,0.58,0.15,beta,none
City-B,T5,2x,320.0,S0a_RoutineOracle,cross_regime,M_stress,500,True,1,546.5,236.1,83.9,0.5679,0.0,mean_0.58,0,0.58,0.15,beta,none
City-B,T5,2x,320.0,S0b_StressOracle,routine,M_routine,500,True,1,384.1,327.0,0.0,0.1486,1.0,mean_0.58,0,0.58,0.15,beta,none
City-B,T5,2x,320.0,S0b_StressOracle,cross_regime,M_stress,500,True,1,384.1,384.1,0.0,0.0,1.0,mean_0.58,0,0.58,0.15,beta,none
City-B,T5,2x,320.0,S1_CapRR,routine,M_routine,500,True,1,744.5,327.0,0.0,0.5607,1.0,mean_0.58,0,0.58,0.15,beta,none
City-B,T5,2x,320.0,S1_CapRR,cross_regime,M_stress,500,True,1,744.5,384.1,0.0,0.4841,1.0,mean_0.58,0,0.58,0.15,beta,none
City-B,T5,2x,320.0,S2_Platform,routine,M_routine,500,True,1,553.3,546.5,0.0,0.0124,1.0,mean_0.58,0,0.58,0.15,beta,none
City-B,T5,2x,320.0,S2_Platform,cross_regime,M_stress,500,True,1,553.3,236.1,83.9,0.5733,0.0,mean_0.58,0,0.58,0.15,beta,none
City-B,T5,2x,320.0,S3_Lin4,routine,M_routine,500,True,1,390.2,532.4,0.0,0.0,1.0,mean_0.58,0,0.58,0.15,beta,none
City-B,T5,2x,320.0,S3_Lin4,cross_regime,M_stress,500,True,1,390.2,292.6,27.4,0.2502,0.0,mean_0.58,0,0.58,0.15,beta,none
City-B,T5,2x,320.0,S4_GlobalCalib,routine,M_routine,500,True,1,423.2,327.0,0.0,0.2272,1.0,mean_0.58,0,0.58,0.15,beta,none
City-B,T5,2x,320.0,S4_GlobalCalib,cross_regime,M_stress,500,True,1,423.2,384.1,0.0,0.0923,1.0,mean_0.58,0,0.58,0.15,beta,none
City-B,T5,2x,320.0,S5_CityCalib,routine,M_routine,500,True,1,414.6,327.0,0.0,0.2113,1.0,mean_0.58,0,0.58,0.15,beta,none
City-B,T5,2x,320.0,S5_CityCalib,cross_regime,M_stress,500,True,1,414.6,384.1,0.0,0.0736,1.0,mean_0.58,0,0.58,0.15,beta,none
City-B,T5,2x,320.0,S6_Q10,routine,M_routine,500,True,2,545.0,873.5,0.0,0.0,1.0,mean_0.58,0,0.58,0.15,beta,none
City-B,T5,2x,320.0,S6_Q10,cross_regime,M_stress,500,True,2,545.0,620.2,0.0,0.0,1.0,mean_0.58,0,0.58,0.15,beta,none
City-B,T5,5x,800.0,S0a_RoutineOracle,routine,M_routine,500,True,2,1078.9,1078.9,0.0,0.0,1.0,mean_0.58,0,0.58,0.15,beta,none
City-B,T5,5x,800.0,S0a_RoutineOracle,cross_regime,M_stress,500,True,2,1078.9,528.7,271.3,0.5099,0.0,mean_0.58,0,0.58,0.15,beta,none
City-B,T5,5x,800.0,S0b_StressOracle,routine,M_routine,500,True,3,982.2,1302.6,0.0,0.0,1.0,mean_0.58,0,0.58,0.15,beta,none
City-B,T5,5x,800.0,S0b_StressOracle,cross_regime,M_stress,500,True,3,982.2,982.2,0.0,0.0,1.0,mean_0.58,0,0.58,0.15,beta,none
City-B,T5,5x,800.0,S1_CapRR,routine,M_routine,500,True,2,1485.4,873.5,0.0,0.4119,1.0,mean_0.58,0,0.58,0.15,beta,none
City-B,T5,5x,800.0,S1_CapRR,cross_regime,M_stress,500,True,2,1485.4,620.2,179.8,0.5825,0.0,mean_0.58,0,0.58,0.15,beta,none
City-B,T5,5x,800.0,S2_Platform,routine,M_routine,500,True,2,1093.7,1078.9,0.0,0.0135,1.0,mean_0.58,0,0.58,0.15,beta,none
City-B,T5,5x,800.0,S2_Platform,cross_regime,M_stress,500,True,2,1093.7,528.7,271.3,0.5166,0.0,mean_0.58,0,0.58,0.15,beta,none
City-B,T5,5x,800.0,S3_Lin4,routine,M_routine,500,True,3,1154.2,1222.8,0.0,0.0,1.0,mean_0.58,0,0.58,0.15,beta,none
City-B,T5,5x,800.0,S3_Lin4,cross_regime,M_stress,500,True,3,1154.2,829.5,0.0,0.2814,1.0,mean_0.58,0,0.58,0.15,beta,none
City-B,T5,5x,800.0,S4_GlobalCalib,routine,M_routine,500,True,2,844.3,873.5,0.0,0.0,1.0,mean_0.58,0,0.58,0.15,beta,none
City-B,T5,5x,800.0,S4_GlobalCalib,cross_regime,M_stress,500,True,2,844.3,620.2,179.8,0.2654,0.0,mean_0.58,0,0.58,0.15,beta,none
City-B,T5,5x,800.0,S5_CityCalib,routine,M_routine,500,True,2,827.3,873.5,0.0,0.0,1.0,mean_0.58,0,0.58,0.15,beta,none
City-B,T5,5x,800.0,S5_CityCalib,cross_regime,M_stress,500,True,2,827.3,620.2,179.8,0.2503,0.0,mean_0.58,0,0.58,0.15,beta,none
City-B,T5,5x,800.0,S6_Q10,routine,M_routine,500,True,3,808.6,1405.9,0.0,0.0,1.0,mean_0.58,0,0.58,0.15,beta,none
City-B,T5,5x,800.0,S6_Q10,cross_regime,M_stress,500,True,3,808.6,912.8,0.0,0.0,1.0,mean_0.58,0,0.58,0.15,beta,none
City-B,T5,10x,1600.0,S0a_RoutineOracle,routine,M_routine,500,True,4,1910.6,1910.6,0.0,0.0,1.0,mean_0.58,0,0.58,0.15,beta,none
City-B,T5,10x,1600.0,S0a_RoutineOracle,cross_regime,M_stress,500,True,4,1910.6,1084.4,515.6,0.4324,0.0,mean_0.58,0,0.58,0.15,beta,none
City-B,T5,10x,1600.0,S0b_StressOracle,routine,M_routine,500,True,6,1717.6,2249.9,0.0,0.0,1.0,mean_0.58,0,0.58,0.15,beta,none
City-B,T5,10x,1600.0,S0b_StressOracle,cross_regime,M_stress,500,True,6,1717.6,1717.6,0.0,0.0,1.0,mean_0.58,0,0.58,0.15,beta,none
City-B,T5,10x,1600.0,S1_CapRR,routine,M_routine,500,True,3,2203.9,1405.9,194.1,0.3621,0.0,mean_0.58,0,0.58,0.15,beta,none
City-B,T5,10x,1600.0,S1_CapRR,cross_regime,M_stress,500,True,3,2203.9,912.8,687.2,0.5858,0.0,mean_0.58,0,0.58,0.15,beta,none
City-B,T5,10x,1600.0,S2_Platform,routine,M_routine,500,True,4,2025.8,1738.3,0.0,0.1419,1.0,mean_0.58,0,0.58,0.15,beta,none
City-B,T5,10x,1600.0,S2_Platform,cross_regime,M_stress,500,True,4,2025.8,915.4,684.6,0.5481,0.0,mean_0.58,0,0.58,0.15,beta,none
City-B,T5,10x,1600.0,S3_Lin4,routine,M_routine,500,True,5,1853.1,2157.8,0.0,0.0,1.0,mean_0.58,0,0.58,0.15,beta,none
City-B,T5,10x,1600.0,S3_Lin4,cross_regime,M_stress,500,True,5,1853.1,1315.8,284.2,0.29,0.0,mean_0.58,0,0.58,0.15,beta,none
City-B,T5,10x,1600.0,S4_GlobalCalib,routine,M_routine,500,True,4,1652.3,1769.3,0.0,0.0,1.0,mean_0.58,0,0.58,0.15,beta,none
City-B,T5,10x,1600.0,S4_GlobalCalib,cross_regime,M_stress,500,True,4,1652.3,1065.6,534.4,0.3551,0.0,mean_0.58,0,0.58,0.15,beta,none
City-B,T5,10x,1600.0,S5_CityCalib,routine,M_routine,500,True,4,1619.3,1769.3,0.0,0.0,1.0,mean_0.58,0,0.58,0.15,beta,none
City-B,T5,10x,1600.0,S5_CityCalib,cross_regime,M_stress,500,True,4,1619.3,1065.6,534.4,0.3419,0.0,mean_0.58,0,0.58,0.15,beta,none
City-B,T5,10x,1600.0,S6_Q10,routine,M_routine,500,True,7,1698.9,2622.9,0.0,0.0,1.0,mean_0.58,0,0.58,0.15,beta,none
City-B,T5,10x,1600.0,S6_Q10,cross_regime,M_stress,500,True,7,1698.9,1752.8,0.0,0.0,1.0,mean_0.58,0,0.58,0.15,beta,none
City-C,T1,1x,180.0,S0a_RoutineOracle,routine,M_routine,650,True,1,488.4,488.4,0.0,0.0,1.0,mean_0.58,0,0.58,0.15,beta,none
City-C,T1,1x,180.0,S0a_RoutineOracle,cross_regime,M_stress,650,True,1,488.4,304.4,0.0,0.3768,1.0,mean_0.58,0,0.58,0.15,beta,none
City-C,T1,1x,180.0,S0b_StressOracle,routine,M_routine,650,True,1,309.3,324.5,0.0,0.0,1.0,mean_0.58,0,0.58,0.15,beta,none
City-C,T1,1x,180.0,S0b_StressOracle,cross_regime,M_stress,650,True,1,309.3,309.3,0.0,0.0,1.0,mean_0.58,0,0.58,0.15,beta,none
City-C,T1,1x,180.0,S1_CapRR,routine,M_routine,650,True,1,737.0,488.4,0.0,0.3374,1.0,mean_0.58,0,0.58,0.15,beta,none
City-C,T1,1x,180.0,S1_CapRR,cross_regime,M_stress,650,True,1,737.0,304.4,0.0,0.587,1.0,mean_0.58,0,0.58,0.15,beta,none
City-C,T1,1x,180.0,S2_Platform,routine,M_routine,650,True,1,460.9,488.4,0.0,0.0,1.0,mean_0.58,0,0.58,0.15,beta,none
City-C,T1,1x,180.0,S2_Platform,cross_regime,M_stress,650,True,1,460.9,304.4,0.0,0.3396,1.0,mean_0.58,0,0.58,0.15,beta,none
City-C,T1,1x,180.0,S3_Lin4,routine,M_routine,650,True,1,357.3,488.4,0.0,0.0,1.0,mean_0.58,0,0.58,0.15,beta,none
City-C,T1,1x,180.0,S3_Lin4,cross_regime,M_stress,650,True,1,357.3,304.4,0.0,0.1481,1.0,mean_0.58,0,0.58,0.15,beta,none
City-C,T1,1x,180.0,S4_GlobalCalib,routine,M_routine,650,True,1,419.1,488.4,0.0,0.0,1.0,mean_0.58,0,0.58,0.15,beta,none
City-C,T1,1x,180.0,S4_GlobalCalib,cross_regime,M_stress,650,True,1,419.1,304.4,0.0,0.2738,1.0,mean_0.58,0,0.58,0.15,beta,none
City-C,T1,1x,180.0,S5_CityCalib,routine,M_routine,650,True,1,422.2,488.4,0.0,0.0,1.0,mean_0.58,0,0.58,0.15,beta,none
City-C,T1,1x,180.0,S5_CityCalib,cross_regime,M_stress,650,True,1,422.2,304.4,0.0,0.279,1.0,mean_0.58,0,0.58,0.15,beta,none
City-C,T1,1x,180.0,S6_Q10,routine,M_routine,650,True,1,273.4,488.4,0.0,0.0,1.0,mean_0.58,0,0.58,0.15,beta,none
City-C,T1,1x,180.0,S6_Q10,cross_regime,M_stress,650,True,1,273.4,304.4,0.0,0.0,1.0,mean_0.58,0,0.58,0.15,beta,none
City-C,T1,2x,360.0,S0a_RoutineOracle,routine,M_routine,650,True,1,488.4,488.4,0.0,0.0,1.0,mean_0.58,0,0.58,0.15,beta,none
City-C,T1,2x,360.0,S0a_RoutineOracle,cross_regime,M_stress,650,True,1,488.4,304.4,55.6,0.3768,0.0,mean_0.58,0,0.58,0.15,beta,none
City-C,T1,2x,360.0,S0b_StressOracle,routine,M_routine,650,True,2,614.8,799.4,0.0,0.0,1.0,mean_0.58,0,0.58,0.15,beta,none
City-C,T1,2x,360.0,S0b_StressOracle,cross_regime,M_stress,650,True,2,614.8,614.8,0.0,0.0,1.0,mean_0.58,0,0.58,0.15,beta,none
City-C,T1,2x,360.0,S1_CapRR,routine,M_routine,650,True,1,737.0,488.4,0.0,0.3374,1.0,mean_0.58,0,0.58,0.15,beta,none
City-C,T1,2x,360.0,S1_CapRR,cross_regime,M_stress,650,True,1,737.0,304.4,55.6,0.587,0.0,mean_0.58,0,0.58,0.15,beta,none
City-C,T1,2x,360.0,S2_Platform,routine,M_routine,650,True,1,460.9,488.4,0.0,0.0,1.0,mean_0.58,0,0.58,0.15,beta,none
City-C,T1,2x,360.0,S2_Platform,cross_regime,M_stress,650,True,1,460.9,304.4,55.6,0.3396,0.0,mean_0.58,0,0.58,0.15,beta,none
City-C,T1,2x,360.0,S3_Lin4,routine,M_routine,650,True,2,700.8,812.8,0.0,0.0,1.0,mean_0.58,0,0.58,0.15,beta,none
City-C,T1,2x,360.0,S3_Lin4,cross_regime,M_stress,650,True,2,700.8,613.7,0.0,0.1243,1.0,mean_0.58,0,0.58,0.15,beta,none
City-C,T1,2x,360.0,S4_GlobalCalib,routine,M_routine,650,True,1,419.1,488.4,0.0,0.0,1.0,mean_0.58,0,0.58,0.15,beta,none
City-C,T1,2x,360.0,S4_GlobalCalib,cross_regime,M_stress,650,True,1,419.1,304.4,55.6,0.2738,0.0,mean_0.58,0,0.58,0.15,beta,none
City-C,T1,2x,360.0,S5_CityCalib,routine,M_routine,650,True,1,422.2,488.4,0.0,0.0,1.0,mean_0.58,0,0.58,0.15,beta,none
City-C,T1,2x,360.0,S5_CityCalib,cross_regime,M_stress,650,True,1,422.2,304.4,55.6,0.279,0.0,mean_0.58,0,0.58,0.15,beta,none
City-C,T1,2x,360.0,S6_Q10,routine,M_routine,650,True,2,534.0,812.8,0.0,0.0,1.0,mean_0.58,0,0.58,0.15,beta,none
City-C,T1,2x,360.0,S6_Q10,cross_regime,M_stress,650,True,2,534.0,613.7,0.0,0.0,1.0,mean_0.58,0,0.58,0.15,beta,none
City-C,T1,5x,900.0,S0a_RoutineOracle,routine,M_routine,650,True,2,963.4,963.4,0.0,0.0,1.0,mean_0.58,0,0.58,0.15,beta,none
City-C,T1,5x,900.0,S0a_RoutineOracle,cross_regime,M_stress,650,True,2,963.4,609.8,290.2,0.367,0.0,mean_0.58,0,0.58,0.15,beta,none
City-C,T1,5x,900.0,S0b_StressOracle,routine,M_routine,650,True,3,919.1,1287.8,0.0,0.0,1.0,mean_0.58,0,0.58,0.15,beta,none
City-C,T1,5x,900.0,S0b_StressOracle,cross_regime,M_stress,650,True,3,919.1,919.1,0.0,0.0,1.0,mean_0.58,0,0.58,0.15,beta,none
City-C,T1,5x,900.0,S1_CapRR,routine,M_routine,650,True,2,1439.5,812.8,87.2,0.4354,0.0,mean_0.58,0,0.58,0.15,beta,none
City-C,T1,5x,900.0,S1_CapRR,cross_regime,M_stress,650,True,2,1439.5,613.7,286.3,0.5737,0.0,mean_0.58,0,0.58,0.15,beta,none
City-C,T1,5x,900.0,S2_Platform,routine,M_routine,650,True,2,904.5,812.8,87.2,0.1014,0.0,mean_0.58,0,0.58,0.15,beta,none
City-C,T1,5x,900.0,S2_Platform,cross_regime,M_stress,650,True,2,904.5,613.7,286.3,0.3215,0.0,mean_0.58,0,0.58,0.15,beta,none
City-C,T1,5x,900.0,S3_Lin4,routine,M_routine,650,True,3,1037.3,1287.8,0.0,0.0,1.0,mean_0.58,0,0.58,0.15,beta,none
City-C,T1,5x,900.0,S3_Lin4,cross_regime,M_stress,650,True,3,1037.3,919.1,0.0,0.1139,1.0,mean_0.58,0,0.58,0.15,beta,none
City-C,T1,5x,900.0,S4_GlobalCalib,routine,M_routine,650,True,3,1183.6,1287.8,0.0,0.0,1.0,mean_0.58,0,0.58,0.15,beta,none
City-C,T1,5x,900.0,S4_GlobalCalib,cross_regime,M_stress,650,True,3,1183.6,919.1,0.0,0.2235,1.0,mean_0.58,0,0.58,0.15,beta,none
City-C,T1,5x,900.0,S5_CityCalib,routine,M_routine,650,True,3,1192.1,1287.8,0.0,0.0,1.0,mean_0.58,0,0.58,0.15,beta,none
City-C,T1,5x,900.0,S5_CityCalib,cross_regime,M_stress,650,True,3,1192.1,919.1,0.0,0.229,1.0,mean_0.58,0,0.58,0.15,beta,none
City-C,T1,5x,900.0,S6_Q10,routine,M_routine,650,True,4,989.1,1612.5,0.0,0.0,1.0,mean_0.58,0,0.58,0.15,beta,none
City-C,T1,5x,900.0,S6_Q10,cross_regime,M_stress,650,True,4,989.1,1118.6,0.0,0.0,1.0,mean_0.58,0,0.58,0.15,beta,none
City-C,T1,10x,1800.0,S0a_RoutineOracle,routine,M_routine,650,True,4,1832.7,1832.7,0.0,0.0,1.0,mean_0.58,0,0.58,0.15,beta,none
City-C,T1,10x,1800.0,S0a_RoutineOracle,cross_regime,M_stress,650,True,4,1832.7,959.9,840.1,0.4762,0.0,mean_0.58,0,0.58,0.15,beta,none
City-C,T1,10x,1800.0,S0b_StressOracle,routine,M_routine,650,True,7,1869.6,2429.5,0.0,0.0,1.0,mean_0.58,0,0.58,0.15,beta,none
City-C,T1,10x,1800.0,S0b_StressOracle,cross_regime,M_stress,650,True,7,1869.6,1869.6,0.0,0.0,1.0,mean_0.58,0,0.58,0.15,beta,none
City-C,T1,10x,1800.0,S1_CapRR,routine,M_routine,650,True,3,2081.1,1287.8,512.2,0.3812,0.0,mean_0.58,0,0.58,0.15,beta,none
City-C,T1,10x,1800.0,S1_CapRR,cross_regime,M_stress,650,True,3,2081.1,919.1,880.9,0.5583,0.0,mean_0.58,0,0.58,0.15,beta,none
City-C,T1,10x,1800.0,S2_Platform,routine,M_routine,650,True,5,2117.9,1893.1,0.0,0.1061,1.0,mean_0.58,0,0.58,0.15,beta,none
City-C,T1,10x,1800.0,S2_Platform,cross_regime,M_stress,650,True,5,2117.9,1119.5,680.5,0.4714,0.0,mean_0.58,0,0.58,0.15,beta,none
City-C,T1,10x,1800.0,S3_Lin4,routine,M_routine,650,True,6,1988.7,2356.3,0.0,0.0,1.0,mean_0.58,0,0.58,0.15,beta,none
City-C,T1,10x,1800.0,S3_Lin4,cross_regime,M_stress,650,True,6,1988.7,1313.6,486.4,0.3395,0.0,mean_0.58,0,0.58,0.15,beta,none
City-C,T1,10x,1800.0,S4_GlobalCalib,routine,M_routine,650,True,5,1846.4,2077.5,0.0,0.0,1.0,mean_0.58,0,0.58,0.15,beta,none
City-C,T1,10x,1800.0,S4_GlobalCalib,cross_regime,M_stress,650,True,5,1846.4,1297.7,502.3,0.2972,0.0,mean_0.58,0,0.58,0.15,beta,none
City-C,T1,10x,1800.0,S5_CityCalib,routine,M_routine,650,True,5,1859.2,2077.5,0.0,0.0,1.0,mean_0.58,0,0.58,0.15,beta,none
City-C,T1,10x,1800.0,S5_CityCalib,cross_regime,M_stress,650,True,5,1859.2,1297.7,502.3,0.302,0.0,mean_0.58,0,0.58,0.15,beta,none
City-C,T1,10x,1800.0,S6_Q10,routine,M_routine,650,True,8,1825.4,2924.6,0.0,0.0,1.0,mean_0.58,0,0.58,0.15,beta,none
City-C,T1,10x,1800.0,S6_Q10,cross_regime,M_stress,650,True,8,1825.4,1870.0,0.0,0.0,1.0,mean_0.58,0,0.58,0.15,beta,none
City-C,T2,1x,260.0,S0a_RoutineOracle,routine,M_routine,650,True,1,442.5,442.5,0.0,0.0,1.0,mean_0.58,0,0.58,0.15,beta,none
City-C,T2,1x,260.0,S0a_RoutineOracle,cross_regime,M_stress,650,True,1,442.5,260.3,0.0,0.4118,1.0,mean_0.58,0,0.58,0.15,beta,none
City-C,T2,1x,260.0,S0b_StressOracle,routine,M_routine,650,True,1,298.4,375.7,0.0,0.0,1.0,mean_0.58,0,0.58,0.15,beta,none
City-C,T2,1x,260.0,S0b_StressOracle,cross_regime,M_stress,650,True,1,298.4,298.4,0.0,0.0,1.0,mean_0.58,0,0.58,0.15,beta,none
City-C,T2,1x,260.0,S1_CapRR,routine,M_routine,650,True,1,737.0,442.5,0.0,0.3996,1.0,mean_0.58,0,0.58,0.15,beta,none
City-C,T2,1x,260.0,S1_CapRR,cross_regime,M_stress,650,True,1,737.0,260.3,0.0,0.6468,1.0,mean_0.58,0,0.58,0.15,beta,none
City-C,T2,1x,260.0,S2_Platform,routine,M_routine,650,True,1,467.3,442.5,0.0,0.053,1.0,mean_0.58,0,0.58,0.15,beta,none
City-C,T2,1x,260.0,S2_Platform,cross_regime,M_stress,650,True,1,467.3,260.3,0.0,0.443,1.0,mean_0.58,0,0.58,0.15,beta,none
City-C,T2,1x,260.0,S3_Lin4,routine,M_routine,650,True,1,358.6,442.5,0.0,0.0,1.0,mean_0.58,0,0.58,0.15,beta,none
City-C,T2,1x,260.0,S3_Lin4,cross_regime,M_stress,650,True,1,358.6,260.3,0.0,0.2741,1.0,mean_0.58,0,0.58,0.15,beta,none
City-C,T2,1x,260.0,S4_GlobalCalib,routine,M_routine,650,True,1,420.1,442.5,0.0,0.0,1.0,mean_0.58,0,0.58,0.15,beta,none
City-C,T2,1x,260.0,S4_GlobalCalib,cross_regime,M_stress,650,True,1,420.1,260.3,0.0,0.3803,1.0,mean_0.58,0,0.58,0.15,beta,none
City-C,T2,1x,260.0,S5_CityCalib,routine,M_routine,650,True,1,425.6,442.5,0.0,0.0,1.0,mean_0.58,0,0.58,0.15,beta,none
City-C,T2,1x,260.0,S5_CityCalib,cross_regime,M_stress,650,True,1,425.6,260.3,0.0,0.3885,1.0,mean_0.58,0,0.58,0.15,beta,none
City-C,T2,1x,260.0,S6_Q10,routine,M_routine,650,True,1,272.5,442.5,0.0,0.0,1.0,mean_0.58,0,0.58,0.15,beta,none
City-C,T2,1x,260.0,S6_Q10,cross_regime,M_stress,650,True,1,272.5,260.3,0.0,0.0446,1.0,mean_0.58,0,0.58,0.15,beta,none
City-C,T2,2x,520.0,S0a_RoutineOracle,routine,M_routine,650,True,2,874.9,874.9,0.0,0.0,1.0,mean_0.58,0,0.58,0.15,beta,none
City-C,T2,2x,520.0,S0a_RoutineOracle,cross_regime,M_stress,650,True,2,874.9,508.8,11.2,0.4185,0.0,mean_0.58,0,0.58,0.15,beta,none
City-C,T2,2x,520.0,S0b_StressOracle,routine,M_routine,650,True,2,573.2,763.4,0.0,0.0,1.0,mean_0.58,0,0.58,0.15,beta,none
City-C,T2,2x,520.0,S0b_StressOracle,cross_regime,M_stress,650,True,2,573.2,573.2,0.0,0.0,1.0,mean_0.58,0,0.58,0.15,beta,none
City-C,T2,2x,520.0,S1_CapRR,routine,M_routine,650,True,1,737.0,442.5,77.5,0.3996,0.0,mean_0.58,0,0.58,0.15,beta,none
City-C,T2,2x,520.0,S1_CapRR,cross_regime,M_stress,650,True,1,737.0,260.3,259.7,0.6468,0.0,mean_0.58,0,0.58,0.15,beta,none
City-C,T2,2x,520.0,S2_Platform,routine,M_routine,650,True,2,902.1,874.9,0.0,0.0301,1.0,mean_0.58,0,0.58,0.15,beta,none
City-C,T2,2x,520.0,S2_Platform,cross_regime,M_stress,650,True,2,902.1,508.8,11.2,0.436,0.0,mean_0.58,0,0.58,0.15,beta,none
City-C,T2,2x,520.0,S3_Lin4,routine,M_routine,650,True,2,702.9,874.9,0.0,0.0,1.0,mean_0.58,0,0.58,0.15,beta,none
City-C,T2,2x,520.0,S3_Lin4,cross_regime,M_stress,650,True,2,702.9,508.8,11.2,0.2762,0.0,mean_0.58,0,0.58,0.15,beta,none
City-C,T2,2x,520.0,S4_GlobalCalib,routine,M_routine,650,True,2,820.5,874.9,0.0,0.0,1.0,mean_0.58,0,0.58,0.15,beta,none
City-C,T2,2x,520.0,S4_GlobalCalib,cross_regime,M_stress,650,True,2,820.5,508.8,11.2,0.3799,0.0,mean_0.58,0,0.58,0.15,beta,none
City-C,T2,2x,520.0,S5_CityCalib,routine,M_routine,650,True,2,831.3,874.9,0.0,0.0,1.0,mean_0.58,0,0.58,0.15,beta,none
City-C,T2,2x,520.0,S5_CityCalib,cross_regime,M_stress,650,True,2,831.3,508.8,11.2,0.3879,0.0,mean_0.58,0,0.58,0.15,beta,none
City-C,T2,2x,520.0,S6_Q10,routine,M_routine,650,True,2,532.1,874.9,0.0,0.0,1.0,mean_0.58,0,0.58,0.15,beta,none
City-C,T2,2x,520.0,S6_Q10,cross_regime,M_stress,650,True,2,532.1,508.8,11.2,0.0439,0.0,mean_0.58,0,0.58,0.15,beta,none
City-C,T2,5x,1300.0,S0a_RoutineOracle,routine,M_routine,650,True,4,1638.3,1638.3,0.0,0.0,1.0,mean_0.58,0,0.58,0.15,beta,none
City-C,T2,5x,1300.0,S0a_RoutineOracle,cross_regime,M_stress,650,True,4,1638.3,1082.0,218.0,0.3396,0.0,mean_0.58,0,0.58,0.15,beta,none
City-C,T2,5x,1300.0,S0b_StressOracle,routine,M_routine,650,True,5,1349.5,2005.2,0.0,0.0,1.0,mean_0.58,0,0.58,0.15,beta,none
City-C,T2,5x,1300.0,S0b_StressOracle,cross_regime,M_stress,650,True,5,1349.5,1349.5,0.0,0.0,1.0,mean_0.58,0,0.58,0.15,beta,none
City-C,T2,5x,1300.0,S1_CapRR,routine,M_routine,650,True,2,1439.5,874.9,425.1,0.3922,0.0,mean_0.58,0,0.58,0.15,beta,none
City-C,T2,5x,1300.0,S1_CapRR,cross_regime,M_stress,650,True,2,1439.5,508.8,791.2,0.6466,0.0,mean_0.58,0,0.58,0.15,beta,none
City-C,T2,5x,1300.0,S2_Platform,routine,M_routine,650,True,3,1301.1,1241.7,58.3,0.0456,0.0,mean_0.58,0,0.58,0.15,beta,none
City-C,T2,5x,1300.0,S2_Platform,cross_regime,M_stress,650,True,3,1301.1,776.3,523.7,0.4033,0.0,mean_0.58,0,0.58,0.15,beta,none
City-C,T2,5x,1300.0,S3_Lin4,routine,M_routine,650,True,4,1368.2,1567.2,0.0,0.0,1.0,mean_0.58,0,0.58,0.15,beta,none
City-C,T2,5x,1300.0,S3_Lin4,cross_regime,M_stress,650,True,4,1368.2,964.0,336.0,0.2954,0.0,mean_0.58,0,0.58,0.15,beta,none
City-C,T2,5x,1300.0,S4_GlobalCalib,routine,M_routine,650,True,4,1520.1,1616.7,0.0,0.0,1.0,mean_0.58,0,0.58,0.15,beta,none
City-C,T2,5x,1300.0,S4_GlobalCalib,cross_regime,M_stress,650,True,4,1520.1,967.8,332.2,0.3634,0.0,mean_0.58,0,0.58,0.15,beta,none
City-C,T2,5x,1300.0,S5_CityCalib,routine,M_routine,650,True,4,1539.4,1616.7,0.0,0.0,1.0,mean_0.58,0,0.58,0.15,beta,none
City-C,T2,5x,1300.0,S5_CityCalib,cross_regime,M_stress,650,True,4,1539.4,967.8,332.2,0.3714,0.0,mean_0.58,0,0.58,0.15,beta,none
City-C,T2,5x,1300.0,S6_Q10,routine,M_routine,650,True,6,1409.7,2316.9,0.0,0.0,1.0,mean_0.58,0,0.58,0.15,beta,none
City-C,T2,5x,1300.0,S6_Q10,cross_regime,M_stress,650,True,6,1409.7,1392.9,0.0,0.0119,1.0,mean_0.58,0,0.58,0.15,beta,none
City-C,T2,10x,2600.0,S0a_RoutineOracle,routine,M_routine,650,True,7,2731.8,2731.8,0.0,0.0,1.0,mean_0.58,0,0.58,0.15,beta,none
City-C,T2,10x,2600.0,S0a_RoutineOracle,cross_regime,M_stress,650,True,7,2731.8,1760.3,839.7,0.3556,0.0,mean_0.58,0,0.58,0.15,beta,none
City-C,T2,10x,2600.0,S0b_StressOracle,routine,M_routine,650,True,11,2720.7,3604.6,0.0,0.0,1.0,mean_0.58,0,0.58,0.15,beta,none
City-C,T2,10x,2600.0,S0b_StressOracle,cross_regime,M_stress,650,True,11,2720.7,2720.7,0.0,0.0,1.0,mean_0.58,0,0.58,0.15,beta,none
City-C,T2,10x,2600.0,S1_CapRR,routine,M_routine,650,True,4,2666.6,1616.7,983.3,0.3937,0.0,mean_0.58,0,0.58,0.15,beta,none
City-C,T2,10x,2600.0,S1_CapRR,cross_regime,M_stress,650,True,4,2666.6,967.8,1632.2,0.6371,0.0,mean_0.58,0,0.58,0.15,beta,none
City-C,T2,10x,2600.0,S2_Platform,routine,M_routine,650,True,7,2815.8,2497.1,102.9,0.1132,0.0,mean_0.58,0,0.58,0.15,beta,none
City-C,T2,10x,2600.0,S2_Platform,cross_regime,M_stress,650,True,7,2815.8,1360.2,1239.8,0.5169,0.0,mean_0.58,0,0.58,0.15,beta,none
City-C,T2,10x,2600.0,S3_Lin4,routine,M_routine,650,True,9,2885.9,3257.5,0.0,0.0,1.0,mean_0.58,0,0.58,0.15,beta,none
City-C,T2,10x,2600.0,S3_Lin4,cross_regime,M_stress,650,True,9,2885.9,1998.1,601.9,0.3076,0.0,mean_0.58,0,0.58,0.15,beta,none
City-C,T2,10x,2600.0,S4_GlobalCalib,routine,M_routine,650,True,8,2805.9,2806.3,0.0,0.0,1.0,mean_0.58,0,0.58,0.15,beta,none
City-C,T2,10x,2600.0,S4_GlobalCalib,cross_regime,M_stress,650,True,8,2805.9,1732.9,867.1,0.3824,0.0,mean_0.58,0,0.58,0.15,beta,none
City-C,T2,10x,2600.0,S5_CityCalib,routine,M_routine,650,True,8,2840.1,2806.3,0.0,0.0119,1.0,mean_0.58,0,0.58,0.15,beta,none
City-C,T2,10x,2600.0,S5_CityCalib,cross_regime,M_stress,650,True,8,2840.1,1732.9,867.1,0.3898,0.0,mean_0.58,0,0.58,0.15,beta,none
City-C,T2,10x,2600.0,S6_Q10,routine,M_routine,650,True,12,2610.5,4095.1,0.0,0.0,1.0,mean_0.58,0,0.58,0.15,beta,none
City-C,T2,10x,2600.0,S6_Q10,cross_regime,M_stress,650,True,12,2610.5,2496.9,103.1,0.0435,0.0,mean_0.58,0,0.58,0.15,beta,none
City-C,T3,1x,200.0,S0a_RoutineOracle,routine,M_routine,650,True,1,527.2,527.2,0.0,0.0,1.0,mean_0.58,0,0.58,0.15,beta,none
City-C,T3,1x,200.0,S0a_RoutineOracle,cross_regime,M_stress,650,True,1,527.2,271.4,0.0,0.4853,1.0,mean_0.58,0,0.58,0.15,beta,none
City-C,T3,1x,200.0,S0b_StressOracle,routine,M_routine,650,True,1,271.4,527.2,0.0,0.0,1.0,mean_0.58,0,0.58,0.15,beta,none
City-C,T3,1x,200.0,S0b_StressOracle,cross_regime,M_stress,650,True,1,271.4,271.4,0.0,0.0,1.0,mean_0.58,0,0.58,0.15,beta,none
City-C,T3,1x,200.0,S1_CapRR,routine,M_routine,650,True,1,648.6,375.1,0.0,0.4217,1.0,mean_0.58,0,0.58,0.15,beta,none
City-C,T3,1x,200.0,S1_CapRR,cross_regime,M_stress,650,True,1,648.6,81.4,118.6,0.8745,0.0,mean_0.58,0,0.58,0.15,beta,none
City-C,T3,1x,200.0,S2_Platform,routine,M_routine,650,True,1,456.8,375.1,0.0,0.1788,1.0,mean_0.58,0,0.58,0.15,beta,none
City-C,T3,1x,200.0,S2_Platform,cross_regime,M_stress,650,True,1,456.8,81.4,118.6,0.8218,0.0,mean_0.58,0,0.58,0.15,beta,none
City-C,T3,1x,200.0,S3_Lin4,routine,M_routine,650,True,1,345.0,375.1,0.0,0.0,1.0,mean_0.58,0,0.58,0.15,beta,none
City-C,T3,1x,200.0,S3_Lin4,cross_regime,M_stress,650,True,1,345.0,81.4,118.6,0.7641,0.0,mean_0.58,0,0.58,0.15,beta,none
City-C,T3,1x,200.0,S4_GlobalCalib,routine,M_routine,650,True,1,366.6,375.1,0.0,0.0,1.0,mean_0.58,0,0.58,0.15,beta,none
City-C,T3,1x,200.0,S4_GlobalCalib,cross_regime,M_stress,650,True,1,366.6,81.4,118.6,0.778,0.0,mean_0.58,0,0.58,0.15,beta,none
City-C,T3,1x,200.0,S5_CityCalib,routine,M_routine,650,True,1,370.6,375.1,0.0,0.0,1.0,mean_0.58,0,0.58,0.15,beta,none
City-C,T3,1x,200.0,S5_CityCalib,cross_regime,M_stress,650,True,1,370.6,81.4,118.6,0.7804,0.0,mean_0.58,0,0.58,0.15,beta,none
City-C,T3,1x,200.0,S6_Q10,routine,M_routine,650,True,1,241.3,375.1,0.0,0.0,1.0,mean_0.58,0,0.58,0.15,beta,none
City-C,T3,1x,200.0,S6_Q10,cross_regime,M_stress,650,True,1,241.3,81.4,118.6,0.6627,0.0,mean_0.58,0,0.58,0.15,beta,none
City-C,T3,2x,400.0,S0a_RoutineOracle,routine,M_routine,650,True,1,527.2,527.2,0.0,0.0,1.0,mean_0.58,0,0.58,0.15,beta,none
City-C,T3,2x,400.0,S0a_RoutineOracle,cross_regime,M_stress,650,True,1,527.2,271.4,128.6,0.4853,0.0,mean_0.58,0,0.58,0.15,beta,none
City-C,T3,2x,400.0,S0b_StressOracle,routine,M_routine,650,True,2,529.8,777.9,0.0,0.0,1.0,mean_0.58,0,0.58,0.15,beta,none
City-C,T3,2x,400.0,S0b_StressOracle,cross_regime,M_stress,650,True,2,529.8,529.8,0.0,0.0,1.0,mean_0.58,0,0.58,0.15,beta,none
City-C,T3,2x,400.0,S1_CapRR,routine,M_routine,650,True,1,648.6,375.1,24.9,0.4217,0.0,mean_0.58,0,0.58,0.15,beta,none
City-C,T3,2x,400.0,S1_CapRR,cross_regime,M_stress,650,True,1,648.6,81.4,318.6,0.8745,0.0,mean_0.58,0,0.58,0.15,beta,none
City-C,T3,2x,400.0,S2_Platform,routine,M_routine,650,True,1,456.8,375.1,24.9,0.1788,0.0,mean_0.58,0,0.58,0.15,beta,none
City-C,T3,2x,400.0,S2_Platform,cross_regime,M_stress,650,True,1,456.8,81.4,318.6,0.8218,0.0,mean_0.58,0,0.58,0.15,beta,none
City-C,T3,2x,400.0,S3_Lin4,routine,M_routine,650,True,2,674.5,902.3,0.0,0.0,1.0,mean_0.58,0,0.58,0.15,beta,none
City-C,T3,2x,400.0,S3_Lin4,cross_regime,M_stress,650,True,2,674.5,352.8,47.2,0.477,0.0,mean_0.58,0,0.58,0.15,beta,none
City-C,T3,2x,400.0,S4_GlobalCalib,routine,M_routine,650,True,2,716.1,902.3,0.0,0.0,1.0,mean_0.58,0,0.58,0.15,beta,none
City-C,T3,2x,400.0,S4_GlobalCalib,cross_regime,M_stress,650,True,2,716.1,352.8,47.2,0.5074,0.0,mean_0.58,0,0.58,0.15,beta,none
City-C,T3,2x,400.0,S5_CityCalib,routine,M_routine,650,True,2,723.9,902.3,0.0,0.0,1.0,mean_0.58,0,0.58,0.15,beta,none
City-C,T3,2x,400.0,S5_CityCalib,cross_regime,M_stress,650,True,2,723.9,352.8,47.2,0.5127,0.0,mean_0.58,0,0.58,0.15,beta,none
City-C,T3,2x,400.0,S6_Q10,routine,M_routine,650,True,2,471.2,902.3,0.0,0.0,1.0,mean_0.58,0,0.58,0.15,beta,none
City-C,T3,2x,400.0,S6_Q10,cross_regime,M_stress,650,True,2,471.2,352.8,47.2,0.2514,0.0,mean_0.58,0,0.58,0.15,beta,none
City-C,T3,5x,1000.0,S0a_RoutineOracle,routine,M_routine,650,True,3,1287.9,1287.9,0.0,0.0,1.0,mean_0.58,0,0.58,0.15,beta,none
City-C,T3,5x,1000.0,S0a_RoutineOracle,cross_regime,M_stress,650,True,3,1287.9,522.4,477.6,0.5944,0.0,mean_0.58,0,0.58,0.15,beta,none
City-C,T3,5x,1000.0,S0b_StressOracle,routine,M_routine,650,True,4,1012.3,1265.6,0.0,0.0,1.0,mean_0.58,0,0.58,0.15,beta,none
City-C,T3,5x,1000.0,S0b_StressOracle,cross_regime,M_stress,650,True,4,1012.3,1012.3,0.0,0.0,1.0,mean_0.58,0,0.58,0.15,beta,none
City-C,T3,5x,1000.0,S1_CapRR,routine,M_routine,650,True,2,1266.8,902.3,97.7,0.2878,0.0,mean_0.58,0,0.58,0.15,beta,none
City-C,T3,5x,1000.0,S1_CapRR,cross_regime,M_stress,650,True,2,1266.8,352.8,647.2,0.7215,0.0,mean_0.58,0,0.58,0.15,beta,none
City-C,T3,5x,1000.0,S2_Platform,routine,M_routine,650,True,3,1285.7,905.7,94.3,0.2955,0.0,mean_0.58,0,0.58,0.15,beta,none
City-C,T3,5x,1000.0,S2_Platform,cross_regime,M_stress,650,True,3,1285.7,383.5,616.5,0.7018,0.0,mean_0.58,0,0.58,0.15,beta,none
City-C,T3,5x,1000.0,S3_Lin4,routine,M_routine,650,True,4,1319.8,1604.4,0.0,0.0,1.0,mean_0.58,0,0.58,0.15,beta,none
City-C,T3,5x,1000.0,S3_Lin4,cross_regime,M_stress,650,True,4,1319.8,624.3,375.7,0.527,0.0,mean_0.58,0,0.58,0.15,beta,none
City-C,T3,5x,1000.0,S4_GlobalCalib,routine,M_routine,650,True,3,1035.4,1287.9,0.0,0.0,1.0,mean_0.58,0,0.58,0.15,beta,none
City-C,T3,5x,1000.0,S4_GlobalCalib,cross_regime,M_stress,650,True,3,1035.4,522.4,477.6,0.4955,0.0,mean_0.58,0,0.58,0.15,beta,none
City-C,T3,5x,1000.0,S5_CityCalib,routine,M_routine,650,True,3,1046.6,1287.9,0.0,0.0,1.0,mean_0.58,0,0.58,0.15,beta,none
City-C,T3,5x,1000.0,S5_CityCalib,cross_regime,M_stress,650,True,3,1046.6,522.4,477.6,0.5009,0.0,mean_0.58,0,0.58,0.15,beta,none
City-C,T3,5x,1000.0,S6_Q10,routine,M_routine,650,True,5,1062.4,1814.3,0.0,0.0,1.0,mean_0.58,0,0.58,0.15,beta,none
City-C,T3,5x,1000.0,S6_Q10,cross_regime,M_stress,650,True,5,1062.4,906.6,93.4,0.1467,0.0,mean_0.58,0,0.58,0.15,beta,none
City-C,T3,10x,2000.0,S0a_RoutineOracle,routine,M_routine,650,True,6,2271.6,2271.6,0.0,0.0,1.0,mean_0.58,0,0.58,0.15,beta,none
City-C,T3,10x,2000.0,S0a_RoutineOracle,cross_regime,M_stress,650,True,6,2271.6,1126.3,873.7,0.5042,0.0,mean_0.58,0,0.58,0.15,beta,none
City-C,T3,10x,2000.0,S0b_StressOracle,routine,M_routine,650,True,9,2032.2,2580.5,0.0,0.0,1.0,mean_0.58,0,0.58,0.15,beta,none
City-C,T3,10x,2000.0,S0b_StressOracle,cross_regime,M_stress,650,True,9,2032.2,2032.2,0.0,0.0,1.0,mean_0.58,0,0.58,0.15,beta,none
City-C,T3,10x,2000.0,S1_CapRR,routine,M_routine,650,True,4,2346.7,1600.2,399.8,0.3181,0.0,mean_0.58,0,0.58,0.15,beta,none
City-C,T3,10x,2000.0,S1_CapRR,cross_regime,M_stress,650,True,4,2346.7,706.4,1293.6,0.699,0.0,mean_0.58,0,0.58,0.15,beta,none
City-C,T3,10x,2000.0,S2_Platform,routine,M_routine,650,True,5,2048.1,1618.8,381.2,0.2096,0.0,mean_0.58,0,0.58,0.15,beta,none
City-C,T3,10x,2000.0,S2_Platform,cross_regime,M_stress,650,True,5,2048.1,769.5,1230.5,0.6243,0.0,mean_0.58,0,0.58,0.15,beta,none
City-C,T3,10x,2000.0,S3_Lin4,routine,M_routine,650,True,7,2216.3,2235.2,0.0,0.0,1.0,mean_0.58,0,0.58,0.15,beta,none
City-C,T3,10x,2000.0,S3_Lin4,cross_regime,M_stress,650,True,7,2216.3,1185.1,814.9,0.4653,0.0,mean_0.58,0,0.58,0.15,beta,none
City-C,T3,10x,2000.0,S4_GlobalCalib,routine,M_routine,650,True,7,2177.4,2412.9,0.0,0.0,1.0,mean_0.58,0,0.58,0.15,beta,none
City-C,T3,10x,2000.0,S4_GlobalCalib,cross_regime,M_stress,650,True,7,2177.4,1353.5,646.5,0.3784,0.0,mean_0.58,0,0.58,0.15,beta,none
City-C,T3,10x,2000.0,S5_CityCalib,routine,M_routine,650,True,7,2199.2,2412.9,0.0,0.0,1.0,mean_0.58,0,0.58,0.15,beta,none
City-C,T3,10x,2000.0,S5_CityCalib,cross_regime,M_stress,650,True,7,2199.2,1353.5,646.5,0.3845,0.0,mean_0.58,0,0.58,0.15,beta,none
City-C,T3,10x,2000.0,S6_Q10,routine,M_routine,650,True,11,2139.3,3292.7,0.0,0.0,1.0,mean_0.58,0,0.58,0.15,beta,none
City-C,T3,10x,2000.0,S6_Q10,cross_regime,M_stress,650,True,11,2139.3,2136.5,0.0,0.0013,1.0,mean_0.58,0,0.58,0.15,beta,none
City-C,T4,1x,140.0,S0a_RoutineOracle,routine,M_routine,650,True,1,476.2,476.2,0.0,0.0,1.0,mean_0.58,0,0.58,0.15,beta,none
City-C,T4,1x,140.0,S0a_RoutineOracle,cross_regime,M_stress,650,True,1,476.2,193.0,0.0,0.5946,1.0,mean_0.58,0,0.58,0.15,beta,none
City-C,T4,1x,140.0,S0b_StressOracle,routine,M_routine,650,True,1,260.6,474.4,0.0,0.0,1.0,mean_0.58,0,0.58,0.15,beta,none
City-C,T4,1x,140.0,S0b_StressOracle,cross_regime,M_stress,650,True,1,260.6,260.6,0.0,0.0,1.0,mean_0.58,0,0.58,0.15,beta,none
City-C,T4,1x,140.0,S1_CapRR,routine,M_routine,650,True,1,737.0,474.4,0.0,0.3564,1.0,mean_0.58,0,0.58,0.15,beta,none
City-C,T4,1x,140.0,S1_CapRR,cross_regime,M_stress,650,True,1,737.0,260.6,0.0,0.6465,1.0,mean_0.58,0,0.58,0.15,beta,none
City-C,T4,1x,140.0,S2_Platform,routine,M_routine,650,True,1,377.7,343.8,0.0,0.0897,1.0,mean_0.58,0,0.58,0.15,beta,none
City-C,T4,1x,140.0,S2_Platform,cross_regime,M_stress,650,True,1,377.7,218.5,0.0,0.4214,1.0,mean_0.58,0,0.58,0.15,beta,none
City-C,T4,1x,140.0,S3_Lin4,routine,M_routine,650,True,1,359.4,474.4,0.0,0.0,1.0,mean_0.58,0,0.58,0.15,beta,none
City-C,T4,1x,140.0,S3_Lin4,cross_regime,M_stress,650,True,1,359.4,260.6,0.0,0.275,1.0,mean_0.58,0,0.58,0.15,beta,none
City-C,T4,1x,140.0,S4_GlobalCalib,routine,M_routine,650,True,1,420.2,474.4,0.0,0.0,1.0,mean_0.58,0,0.58,0.15,beta,none
City-C,T4,1x,140.0,S4_GlobalCalib,cross_regime,M_stress,650,True,1,420.2,260.6,0.0,0.3799,1.0,mean_0.58,0,0.58,0.15,beta,none
City-C,T4,1x,140.0,S5_CityCalib,routine,M_routine,650,True,1,422.6,474.4,0.0,0.0,1.0,mean_0.58,0,0.58,0.15,beta,none
City-C,T4,1x,140.0,S5_CityCalib,cross_regime,M_stress,650,True,1,422.6,260.6,0.0,0.3835,1.0,mean_0.58,0,0.58,0.15,beta,none
City-C,T4,1x,140.0,S6_Q10,routine,M_routine,650,True,1,272.4,474.4,0.0,0.0,1.0,mean_0.58,0,0.58,0.15,beta,none
City-C,T4,1x,140.0,S6_Q10,cross_regime,M_stress,650,True,1,272.4,260.6,0.0,0.0435,1.0,mean_0.58,0,0.58,0.15,beta,none
City-C,T4,2x,280.0,S0a_RoutineOracle,routine,M_routine,650,True,1,476.2,476.2,0.0,0.0,1.0,mean_0.58,0,0.58,0.15,beta,none
City-C,T4,2x,280.0,S0a_RoutineOracle,cross_regime,M_stress,650,True,1,476.2,193.0,87.0,0.5946,0.0,mean_0.58,0,0.58,0.15,beta,none
City-C,T4,2x,280.0,S0b_StressOracle,routine,M_routine,650,True,2,498.9,681.5,0.0,0.0,1.0,mean_0.58,0,0.58,0.15,beta,none
City-C,T4,2x,280.0,S0b_StressOracle,cross_regime,M_stress,650,True,2,498.9,498.9,0.0,0.0,1.0,mean_0.58,0,0.58,0.15,beta,none
City-C,T4,2x,280.0,S1_CapRR,routine,M_routine,650,True,1,737.0,474.4,0.0,0.3564,1.0,mean_0.58,0,0.58,0.15,beta,none
City-C,T4,2x,280.0,S1_CapRR,cross_regime,M_stress,650,True,1,737.0,260.6,19.4,0.6465,0.0,mean_0.58,0,0.58,0.15,beta,none
City-C,T4,2x,280.0,S2_Platform,routine,M_routine,650,True,1,377.7,343.8,0.0,0.0897,1.0,mean_0.58,0,0.58,0.15,beta,none
City-C,T4,2x,280.0,S2_Platform,cross_regime,M_stress,650,True,1,377.7,218.5,61.5,0.4214,0.0,mean_0.58,0,0.58,0.15,beta,none
City-C,T4,2x,280.0,S3_Lin4,routine,M_routine,650,True,1,359.4,474.4,0.0,0.0,1.0,mean_0.58,0,0.58,0.15,beta,none
City-C,T4,2x,280.0,S3_Lin4,cross_regime,M_stress,650,True,1,359.4,260.6,19.4,0.275,0.0,mean_0.58,0,0.58,0.15,beta,none
City-C,T4,2x,280.0,S4_GlobalCalib,routine,M_routine,650,True,1,420.2,474.4,0.0,0.0,1.0,mean_0.58,0,0.58,0.15,beta,none
City-C,T4,2x,280.0,S4_GlobalCalib,cross_regime,M_stress,650,True,1,420.2,260.6,19.4,0.3799,0.0,mean_0.58,0,0.58,0.15,beta,none
City-C,T4,2x,280.0,S5_CityCalib,routine,M_routine,650,True,1,422.6,474.4,0.0,0.0,1.0,mean_0.58,0,0.58,0.15,beta,none
City-C,T4,2x,280.0,S5_CityCalib,cross_regime,M_stress,650,True,1,422.6,260.6,19.4,0.3835,0.0,mean_0.58,0,0.58,0.15,beta,none
City-C,T4,2x,280.0,S6_Q10,routine,M_routine,650,True,2,532.0,884.6,0.0,0.0,1.0,mean_0.58,0,0.58,0.15,beta,none
City-C,T4,2x,280.0,S6_Q10,cross_regime,M_stress,650,True,2,532.0,462.2,0.0,0.1312,1.0,mean_0.58,0,0.58,0.15,beta,none
City-C,T4,5x,700.0,S0a_RoutineOracle,routine,M_routine,650,True,2,950.6,950.6,0.0,0.0,1.0,mean_0.58,0,0.58,0.15,beta,none
City-C,T4,5x,700.0,S0a_RoutineOracle,cross_regime,M_stress,650,True,2,950.6,453.6,246.4,0.5228,0.0,mean_0.58,0,0.58,0.15,beta,none
City-C,T4,5x,700.0,S0b_StressOracle,routine,M_routine,650,True,3,727.9,1013.4,0.0,0.0,1.0,mean_0.58,0,0.58,0.15,beta,none
City-C,T4,5x,700.0,S0b_StressOracle,cross_regime,M_stress,650,True,3,727.9,727.9,0.0,0.0,1.0,mean_0.58,0,0.58,0.15,beta,none
City-C,T4,5x,700.0,S1_CapRR,routine,M_routine,650,True,1,737.0,474.4,225.6,0.3564,0.0,mean_0.58,0,0.58,0.15,beta,none
City-C,T4,5x,700.0,S1_CapRR,cross_regime,M_stress,650,True,1,737.0,260.6,439.4,0.6465,0.0,mean_0.58,0,0.58,0.15,beta,none
City-C,T4,5x,700.0,S2_Platform,routine,M_routine,650,True,2,738.2,754.0,0.0,0.0,1.0,mean_0.58,0,0.58,0.15,beta,none
City-C,T4,5x,700.0,S2_Platform,cross_regime,M_stress,650,True,2,738.2,420.2,279.8,0.4308,0.0,mean_0.58,0,0.58,0.15,beta,none
City-C,T4,5x,700.0,S3_Lin4,routine,M_routine,650,True,2,703.6,884.6,0.0,0.0,1.0,mean_0.58,0,0.58,0.15,beta,none
City-C,T4,5x,700.0,S3_Lin4,cross_regime,M_stress,650,True,2,703.6,462.2,237.8,0.343,0.0,mean_0.58,0,0.58,0.15,beta,none
City-C,T4,5x,700.0,S4_GlobalCalib,routine,M_routine,650,True,2,820.7,884.6,0.0,0.0,1.0,mean_0.58,0,0.58,0.15,beta,none
City-C,T4,5x,700.0,S4_GlobalCalib,cross_regime,M_stress,650,True,2,820.7,462.2,237.8,0.4368,0.0,mean_0.58,0,0.58,0.15,beta,none
City-C,T4,5x,700.0,S5_CityCalib,routine,M_routine,650,True,2,825.4,884.6,0.0,0.0,1.0,mean_0.58,0,0.58,0.15,beta,none
City-C,T4,5x,700.0,S5_CityCalib,cross_regime,M_stress,650,True,2,825.4,462.2,237.8,0.44,0.0,mean_0.58,0,0.58,0.15,beta,none
City-C,T4,5x,700.0,S6_Q10,routine,M_routine,650,True,3,769.2,1360.8,0.0,0.0,1.0,mean_0.58,0,0.58,0.15,beta,none
City-C,T4,5x,700.0,S6_Q10,cross_regime,M_stress,650,True,3,769.2,655.3,44.7,0.1481,0.0,mean_0.58,0,0.58,0.15,beta,none
City-C,T4,10x,1400.0,S0a_RoutineOracle,routine,M_routine,650,True,4,1809.2,1809.2,0.0,0.0,1.0,mean_0.58,0,0.58,0.15,beta,none
City-C,T4,10x,1400.0,S0a_RoutineOracle,cross_regime,M_stress,650,True,4,1809.2,886.6,513.4,0.5099,0.0,mean_0.58,0,0.58,0.15,beta,none
City-C,T4,10x,1400.0,S0b_StressOracle,routine,M_routine,650,True,7,1612.4,2325.2,0.0,0.0,1.0,mean_0.58,0,0.58,0.15,beta,none
City-C,T4,10x,1400.0,S0b_StressOracle,cross_regime,M_stress,650,True,7,1612.4,1612.4,0.0,0.0,1.0,mean_0.58,0,0.58,0.15,beta,none
City-C,T4,10x,1400.0,S1_CapRR,routine,M_routine,650,True,2,1439.5,884.6,515.4,0.3855,0.0,mean_0.58,0,0.58,0.15,beta,none
City-C,T4,10x,1400.0,S1_CapRR,cross_regime,M_stress,650,True,2,1439.5,462.2,937.8,0.6789,0.0,mean_0.58,0,0.58,0.15,beta,none
City-C,T4,10x,1400.0,S2_Platform,routine,M_routine,650,True,4,1425.4,1417.2,0.0,0.0058,1.0,mean_0.58,0,0.58,0.15,beta,none
City-C,T4,10x,1400.0,S2_Platform,cross_regime,M_stress,650,True,4,1425.4,840.6,559.4,0.4103,0.0,mean_0.58,0,0.58,0.15,beta,none
City-C,T4,10x,1400.0,S3_Lin4,routine,M_routine,650,True,5,1692.0,2003.7,0.0,0.0,1.0,mean_0.58,0,0.58,0.15,beta,none
City-C,T4,10x,1400.0,S3_Lin4,cross_regime,M_stress,650,True,5,1692.0,1001.1,398.9,0.4084,0.0,mean_0.58,0,0.58,0.15,beta,none
City-C,T4,10x,1400.0,S4_GlobalCalib,routine,M_routine,650,True,4,1520.6,1773.8,0.0,0.0,1.0,mean_0.58,0,0.58,0.15,beta,none
City-C,T4,10x,1400.0,S4_GlobalCalib,cross_regime,M_stress,650,True,4,1520.6,863.2,536.8,0.4323,0.0,mean_0.58,0,0.58,0.15,beta,none
City-C,T4,10x,1400.0,S5_CityCalib,routine,M_routine,650,True,4,1528.8,1773.8,0.0,0.0,1.0,mean_0.58,0,0.58,0.15,beta,none
City-C,T4,10x,1400.0,S5_CityCalib,cross_regime,M_stress,650,True,4,1528.8,863.2,536.8,0.4354,0.0,mean_0.58,0,0.58,0.15,beta,none
City-C,T4,10x,1400.0,S6_Q10,routine,M_routine,650,True,6,1409.5,2413.5,0.0,0.0,1.0,mean_0.58,0,0.58,0.15,beta,none
City-C,T4,10x,1400.0,S6_Q10,cross_regime,M_stress,650,True,6,1409.5,1296.9,103.1,0.0799,0.0,mean_0.58,0,0.58,0.15,beta,none
City-C,T5,1x,160.0,S0a_RoutineOracle,routine,M_routine,650,True,1,377.5,377.5,0.0,0.0,1.0,mean_0.58,0,0.58,0.15,beta,none
City-C,T5,1x,160.0,S0a_RoutineOracle,cross_regime,M_stress,650,True,1,377.5,314.6,0.0,0.1665,1.0,mean_0.58,0,0.58,0.15,beta,none
City-C,T5,1x,160.0,S0b_StressOracle,routine,M_routine,650,True,1,314.6,377.5,0.0,0.0,1.0,mean_0.58,0,0.58,0.15,beta,none
City-C,T5,1x,160.0,S0b_StressOracle,cross_regime,M_stress,650,True,1,314.6,314.6,0.0,0.0,1.0,mean_0.58,0,0.58,0.15,beta,none
City-C,T5,1x,160.0,S1_CapRR,routine,M_routine,650,True,1,648.6,377.5,0.0,0.418,1.0,mean_0.58,0,0.58,0.15,beta,none
City-C,T5,1x,160.0,S1_CapRR,cross_regime,M_stress,650,True,1,648.6,314.6,0.0,0.5149,1.0,mean_0.58,0,0.58,0.15,beta,none
City-C,T5,1x,160.0,S2_Platform,routine,M_routine,650,True,1,451.5,377.5,0.0,0.164,1.0,mean_0.58,0,0.58,0.15,beta,none
City-C,T5,1x,160.0,S2_Platform,cross_regime,M_stress,650,True,1,451.5,314.6,0.0,0.3031,1.0,mean_0.58,0,0.58,0.15,beta,none
City-C,T5,1x,160.0,S3_Lin4,routine,M_routine,650,True,1,347.6,377.5,0.0,0.0,1.0,mean_0.58,0,0.58,0.15,beta,none
City-C,T5,1x,160.0,S3_Lin4,cross_regime,M_stress,650,True,1,347.6,314.6,0.0,0.0948,1.0,mean_0.58,0,0.58,0.15,beta,none
City-C,T5,1x,160.0,S4_GlobalCalib,routine,M_routine,650,True,1,368.8,377.5,0.0,0.0,1.0,mean_0.58,0,0.58,0.15,beta,none
City-C,T5,1x,160.0,S4_GlobalCalib,cross_regime,M_stress,650,True,1,368.8,314.6,0.0,0.1469,1.0,mean_0.58,0,0.58,0.15,beta,none
City-C,T5,1x,160.0,S5_CityCalib,routine,M_routine,650,True,1,378.7,377.5,0.0,0.0032,1.0,mean_0.58,0,0.58,0.15,beta,none
City-C,T5,1x,160.0,S5_CityCalib,cross_regime,M_stress,650,True,1,378.7,314.6,0.0,0.1691,1.0,mean_0.58,0,0.58,0.15,beta,none
City-C,T5,1x,160.0,S6_Q10,routine,M_routine,650,True,1,238.0,377.5,0.0,0.0,1.0,mean_0.58,0,0.58,0.15,beta,none
City-C,T5,1x,160.0,S6_Q10,cross_regime,M_stress,650,True,1,238.0,314.6,0.0,0.0,1.0,mean_0.58,0,0.58,0.15,beta,none
City-C,T5,2x,320.0,S0a_RoutineOracle,routine,M_routine,650,True,1,377.5,377.5,0.0,0.0,1.0,mean_0.58,0,0.58,0.15,beta,none
City-C,T5,2x,320.0,S0a_RoutineOracle,cross_regime,M_stress,650,True,1,377.5,314.6,5.4,0.1665,0.0,mean_0.58,0,0.58,0.15,beta,none
City-C,T5,2x,320.0,S0b_StressOracle,routine,M_routine,650,True,2,546.5,585.9,0.0,0.0,1.0,mean_0.58,0,0.58,0.15,beta,none
City-C,T5,2x,320.0,S0b_StressOracle,cross_regime,M_stress,650,True,2,546.5,546.5,0.0,0.0,1.0,mean_0.58,0,0.58,0.15,beta,none
City-C,T5,2x,320.0,S1_CapRR,routine,M_routine,650,True,1,648.6,377.5,0.0,0.418,1.0,mean_0.58,0,0.58,0.15,beta,none
City-C,T5,2x,320.0,S1_CapRR,cross_regime,M_stress,650,True,1,648.6,314.6,5.4,0.5149,0.0,mean_0.58,0,0.58,0.15,beta,none
City-C,T5,2x,320.0,S2_Platform,routine,M_routine,650,True,1,451.5,377.5,0.0,0.164,1.0,mean_0.58,0,0.58,0.15,beta,none
City-C,T5,2x,320.0,S2_Platform,cross_regime,M_stress,650,True,1,451.5,314.6,5.4,0.3031,0.0,mean_0.58,0,0.58,0.15,beta,none
City-C,T5,2x,320.0,S3_Lin4,routine,M_routine,650,True,1,347.6,377.5,0.0,0.0,1.0,mean_0.58,0,0.58,0.15,beta,none
City-C,T5,2x,320.0,S3_Lin4,cross_regime,M_stress,650,True,1,347.6,314.6,5.4,0.0948,0.0,mean_0.58,0,0.58,0.15,beta,none
City-C,T5,2x,320.0,S4_GlobalCalib,routine,M_routine,650,True,1,368.8,377.5,0.0,0.0,1.0,mean_0.58,0,0.58,0.15,beta,none
City-C,T5,2x,320.0,S4_GlobalCalib,cross_regime,M_stress,650,True,1,368.8,314.6,5.4,0.1469,0.0,mean_0.58,0,0.58,0.15,beta,none
City-C,T5,2x,320.0,S5_CityCalib,routine,M_routine,650,True,1,378.7,377.5,0.0,0.0032,1.0,mean_0.58,0,0.58,0.15,beta,none
City-C,T5,2x,320.0,S5_CityCalib,cross_regime,M_stress,650,True,1,378.7,314.6,5.4,0.1691,0.0,mean_0.58,0,0.58,0.15,beta,none
City-C,T5,2x,320.0,S6_Q10,routine,M_routine,650,True,2,464.8,732.4,0.0,0.0,1.0,mean_0.58,0,0.58,0.15,beta,none
City-C,T5,2x,320.0,S6_Q10,cross_regime,M_stress,650,True,2,464.8,502.5,0.0,0.0,1.0,mean_0.58,0,0.58,0.15,beta,none
City-C,T5,5x,800.0,S0a_RoutineOracle,routine,M_routine,650,True,3,1113.4,1113.4,0.0,0.0,1.0,mean_0.58,0,0.58,0.15,beta,none
City-C,T5,5x,800.0,S0a_RoutineOracle,cross_regime,M_stress,650,True,3,1113.4,674.9,125.1,0.3939,0.0,mean_0.58,0,0.58,0.15,beta,none
City-C,T5,5x,800.0,S0b_StressOracle,routine,M_routine,650,True,4,972.6,1224.4,0.0,0.0,1.0,mean_0.58,0,0.58,0.15,beta,none
City-C,T5,5x,800.0,S0b_StressOracle,cross_regime,M_stress,650,True,4,972.6,972.6,0.0,0.0,1.0,mean_0.58,0,0.58,0.15,beta,none
City-C,T5,5x,800.0,S1_CapRR,routine,M_routine,650,True,2,1266.8,732.4,67.6,0.4219,0.0,mean_0.58,0,0.58,0.15,beta,none
City-C,T5,5x,800.0,S1_CapRR,cross_regime,M_stress,650,True,2,1266.8,502.5,297.5,0.6033,0.0,mean_0.58,0,0.58,0.15,beta,none
City-C,T5,5x,800.0,S2_Platform,routine,M_routine,650,True,2,882.9,753.4,46.6,0.1467,0.0,mean_0.58,0,0.58,0.15,beta,none
City-C,T5,5x,800.0,S2_Platform,cross_regime,M_stress,650,True,2,882.9,528.3,271.7,0.4017,0.0,mean_0.58,0,0.58,0.15,beta,none
City-C,T5,5x,800.0,S3_Lin4,routine,M_routine,650,True,3,1007.5,922.2,0.0,0.0847,1.0,mean_0.58,0,0.58,0.15,beta,none
City-C,T5,5x,800.0,S3_Lin4,cross_regime,M_stress,650,True,3,1007.5,679.8,120.2,0.3253,0.0,mean_0.58,0,0.58,0.15,beta,none
City-C,T5,5x,800.0,S4_GlobalCalib,routine,M_routine,650,True,3,1041.6,922.2,0.0,0.1146,1.0,mean_0.58,0,0.58,0.15,beta,none
City-C,T5,5x,800.0,S4_GlobalCalib,cross_regime,M_stress,650,True,3,1041.6,679.8,120.2,0.3473,0.0,mean_0.58,0,0.58,0.15,beta,none
City-C,T5,5x,800.0,S5_CityCalib,routine,M_routine,650,True,3,1068.9,922.2,0.0,0.1372,1.0,mean_0.58,0,0.58,0.15,beta,none
City-C,T5,5x,800.0,S5_CityCalib,cross_regime,M_stress,650,True,3,1068.9,679.8,120.2,0.364,0.0,mean_0.58,0,0.58,0.15,beta,none
City-C,T5,5x,800.0,S6_Q10,routine,M_routine,650,True,4,861.0,1214.1,0.0,0.0,1.0,mean_0.58,0,0.58,0.15,beta,none
City-C,T5,5x,800.0,S6_Q10,cross_regime,M_stress,650,True,4,861.0,850.9,0.0,0.0117,1.0,mean_0.58,0,0.58,0.15,beta,none
City-C,T5,10x,1600.0,S0a_RoutineOracle,routine,M_routine,650,True,5,1821.0,1821.0,0.0,0.0,1.0,mean_0.58,0,0.58,0.15,beta,none
City-C,T5,10x,1600.0,S0a_RoutineOracle,cross_regime,M_stress,650,True,5,1821.0,1040.8,559.2,0.4284,0.0,mean_0.58,0,0.58,0.15,beta,none
City-C,T5,10x,1600.0,S0b_StressOracle,routine,M_routine,650,True,8,1768.2,2175.9,0.0,0.0,1.0,mean_0.58,0,0.58,0.15,beta,none
City-C,T5,10x,1600.0,S0b_StressOracle,cross_regime,M_stress,650,True,8,1768.2,1768.2,0.0,0.0,1.0,mean_0.58,0,0.58,0.15,beta,none
City-C,T5,10x,1600.0,S1_CapRR,routine,M_routine,650,True,3,1831.4,922.2,677.8,0.4964,0.0,mean_0.58,0,0.58,0.15,beta,none
City-C,T5,10x,1600.0,S1_CapRR,cross_regime,M_stress,650,True,3,1831.4,679.8,920.2,0.6288,0.0,mean_0.58,0,0.58,0.15,beta,none
City-C,T5,10x,1600.0,S2_Platform,routine,M_routine,650,True,4,1670.1,1190.8,409.2,0.287,0.0,mean_0.58,0,0.58,0.15,beta,none
City-C,T5,10x,1600.0,S2_Platform,cross_regime,M_stress,650,True,4,1670.1,951.8,648.2,0.4301,0.0,mean_0.58,0,0.58,0.15,beta,none
City-C,T5,10x,1600.0,S3_Lin4,routine,M_routine,650,True,5,1648.6,1490.7,109.3,0.0958,0.0,mean_0.58,0,0.58,0.15,beta,none
City-C,T5,10x,1600.0,S3_Lin4,cross_regime,M_stress,650,True,5,1648.6,1058.3,541.7,0.358,0.0,mean_0.58,0,0.58,0.15,beta,none
City-C,T5,10x,1600.0,S4_GlobalCalib,routine,M_routine,650,True,5,1624.9,1590.0,10.0,0.0215,0.0,mean_0.58,0,0.58,0.15,beta,none
City-C,T5,10x,1600.0,S4_GlobalCalib,cross_regime,M_stress,650,True,5,1624.9,1064.5,535.5,0.3449,0.0,mean_0.58,0,0.58,0.15,beta,none
City-C,T5,10x,1600.0,S5_CityCalib,routine,M_routine,650,True,5,1666.3,1590.0,10.0,0.0458,0.0,mean_0.58,0,0.58,0.15,beta,none
City-C,T5,10x,1600.0,S5_CityCalib,cross_regime,M_stress,650,True,5,1666.3,1064.5,535.5,0.3611,0.0,mean_0.58,0,0.58,0.15,beta,none
City-C,T5,10x,1600.0,S6_Q10,routine,M_routine,650,True,9,1764.6,2709.0,0.0,0.0,1.0,mean_0.58,0,0.58,0.15,beta,none
City-C,T5,10x,1600.0,S6_Q10,cross_regime,M_stress,650,True,9,1764.6,1756.6,0.0,0.0045,1.0,mean_0.58,0,0.58,0.15,beta,none
