city,task_id,p_req_level,p_req,strategy,regime,eval_outcome,pool_size,pool_feasible,n_selected,p_commit,p_deliv,shortfall,ocr,success,config_name,seed_id,xi_mean,xi_std,xi_dist,xi_persistence
City-A,T1,1x,180.0,S0a_RoutineOracle,routine,M_routine,800,True,1,576.0,576.0,0.0,0.0,1.0,mean_0.8,8,0.8,0.15,beta,none
City-A,T1,1x,180.0,S0a_RoutineOracle,cross_regime,M_stress,800,True,1,576.0,369.8,0.0,0.358,1.0,mean_0.8,8,0.8,0.15,beta,none
City-A,T1,1x,180.0,S0b_StressOracle,routine,M_routine,800,True,1,401.0,524.8,0.0,0.0,1.0,mean_0.8,8,0.8,0.15,beta,none
City-A,T1,1x,180.0,S0b_StressOracle,cross_regime,M_stress,800,True,1,401.0,401.0,0.0,0.0,1.0,mean_0.8,8,0.8,0.15,beta,none
City-A,T1,1x,180.0,S1_CapRR,routine,M_routine,800,True,1,678.2,524.8,0.0,0.2261,1.0,mean_0.8,8,0.8,0.15,beta,none
City-A,T1,1x,180.0,S1_CapRR,cross_regime,M_stress,800,True,1,678.2,401.0,0.0,0.4088,1.0,mean_0.8,8,0.8,0.15,beta,none
City-A,T1,1x,180.0,S2_Platform,routine,M_routine,800,True,1,421.1,524.8,0.0,0.0,1.0,mean_0.8,8,0.8,0.15,beta,none
City-A,T1,1x,180.0,S2_Platform,cross_regime,M_stress,800,True,1,421.1,401.0,0.0,0.0478,1.0,mean_0.8,8,0.8,0.15,beta,none
City-A,T1,1x,180.0,S3_Lin4,routine,M_routine,800,True,1,585.6,524.8,0.0,0.1037,1.0,mean_0.8,8,0.8,0.15,beta,none
City-A,T1,1x,180.0,S3_Lin4,cross_regime,M_stress,800,True,1,585.6,401.0,0.0,0.3153,1.0,mean_0.8,8,0.8,0.15,beta,none
City-A,T1,1x,180.0,S4_GlobalCalib,routine,M_routine,800,True,1,542.8,524.8,0.0,0.033,1.0,mean_0.8,8,0.8,0.15,beta,none
City-A,T1,1x,180.0,S4_GlobalCalib,cross_regime,M_stress,800,True,1,542.8,401.0,0.0,0.2613,1.0,mean_0.8,8,0.8,0.15,beta,none
City-A,T1,1x,180.0,S5_CityCalib,routine,M_routine,800,True,1,533.6,524.8,0.0,0.0165,1.0,mean_0.8,8,0.8,0.15,beta,none
City-A,T1,1x,180.0,S5_CityCalib,cross_regime,M_stress,800,True,1,533.6,401.0,0.0,0.2486,1.0,mean_0.8,8,0.8,0.15,beta,none
City-A,T1,1x,180.0,S6_Q10,routine,M_routine,800,True,1,396.4,524.8,0.0,0.0,1.0,mean_0.8,8,0.8,0.15,beta,none
City-A,T1,1x,180.0,S6_Q10,cross_regime,M_stress,800,True,1,396.4,401.0,0.0,0.0,1.0,mean_0.8,8,0.8,0.15,beta,none
City-A,T1,2x,360.0,S0a_RoutineOracle,routine,M_routine,800,True,1,576.0,576.0,0.0,0.0,1.0,mean_0.8,8,0.8,0.15,beta,none
City-A,T1,2x,360.0,S0a_RoutineOracle,cross_regime,M_stress,800,True,1,576.0,369.8,0.0,0.358,1.0,mean_0.8,8,0.8,0.15,beta,none
City-A,T1,2x,360.0,S0b_StressOracle,routine,M_routine,800,True,1,401.0,524.8,0.0,0.0,1.0,mean_0.8,8,0.8,0.15,beta,none
City-A,T1,2x,360.0,S0b_StressOracle,cross_regime,M_stress,800,True,1,401.0,401.0,0.0,0.0,1.0,mean_0.8,8,0.8,0.15,beta,none
City-A,T1,2x,360.0,S1_CapRR,routine,M_routine,800,True,1,678.2,524.8,0.0,0.2261,1.0,mean_0.8,8,0.8,0.15,beta,none
City-A,T1,2x,360.0,S1_CapRR,cross_regime,M_stress,800,True,1,678.2,401.0,0.0,0.4088,1.0,mean_0.8,8,0.8,0.15,beta,none
City-A,T1,2x,360.0,S2_Platform,routine,M_routine,800,True,1,421.1,524.8,0.0,0.0,1.0,mean_0.8,8,0.8,0.15,beta,none
City-A,T1,2x,360.0,S2_Platform,cross_regime,M_stress,800,True,1,421.1,401.0,0.0,0.0478,1.0,mean_0.8,8,0.8,0.15,beta,none
City-A,T1,2x,360.0,S3_Lin4,routine,M_routine,800,True,1,585.6,524.8,0.0,0.1037,1.0,mean_0.8,8,0.8,0.15,beta,none
City-A,T1,2x,360.0,S3_Lin4,cross_regime,M_stress,800,True,1,585.6,401.0,0.0,0.3153,1.0,mean_0.8,8,0.8,0.15,beta,none
City-A,T1,2x,360.0,S4_GlobalCalib,routine,M_routine,800,True,1,542.8,524.8,0.0,0.033,1.0,mean_0.8,8,0.8,0.15,beta,none
City-A,T1,2x,360.0,S4_GlobalCalib,cross_regime,M_stress,800,True,1,542.8,401.0,0.0,0.2613,1.0,mean_0.8,8,0.8,0.15,beta,none
City-A,T1,2x,360.0,S5_CityCalib,routine,M_routine,800,True,1,533.6,524.8,0.0,0.0165,1.0,mean_0.8,8,0.8,0.15,beta,none
City-A,T1,2x,360.0,S5_CityCalib,cross_regime,M_stress,800,True,1,533.6,401.0,0.0,0.2486,1.0,mean_0.8,8,0.8,0.15,beta,none
City-A,T1,2x,360.0,S6_Q10,routine,M_routine,800,True,1,396.4,524.8,0.0,0.0,1.0,mean_0.8,8,0.8,0.15,beta,none
City-A,T1,2x,360.0,S6_Q10,cross_regime,M_stress,800,True,1,396.4,401.0,0.0,0.0,1.0,mean_0.8,8,0.8,0.15,beta,none
City-A,T1,5x,900.0,S0a_RoutineOracle,routine,M_routine,800,True,2,1115.6,1115.6,0.0,0.0,1.0,mean_0.8,8,0.8,0.15,beta,none
City-A,T1,5x,900.0,S0a_RoutineOracle,cross_regime,M_stress,800,True,2,1115.6,703.2,196.8,0.3697,0.0,mean_0.8,8,0.8,0.15,beta,none
City-A,T1,5x,900.0,S0b_StressOracle,routine,M_routine,800,True,3,1104.1,1640.5,0.0,0.0,1.0,mean_0.8,8,0.8,0.15,beta,none
City-A,T1,5x,900.0,S0b_StressOracle,cross_regime,M_stress,800,True,3,1104.1,1104.1,0.0,0.0,1.0,mean_0.8,8,0.8,0.15,beta,none
City-A,T1,5x,900.0,S1_CapRR,routine,M_routine,800,True,2,1293.4,1100.8,0.0,0.1489,1.0,mean_0.8,8,0.8,0.15,beta,none
City-A,T1,5x,900.0,S1_CapRR,cross_regime,M_stress,800,True,2,1293.4,770.8,129.2,0.4041,0.0,mean_0.8,8,0.8,0.15,beta,none
City-A,T1,5x,900.0,S2_Platform,routine,M_routine,800,True,3,1202.1,1456.0,0.0,0.0,1.0,mean_0.8,8,0.8,0.15,beta,none
City-A,T1,5x,900.0,S2_Platform,cross_regime,M_stress,800,True,3,1202.1,1055.8,0.0,0.1217,1.0,mean_0.8,8,0.8,0.15,beta,none
City-A,T1,5x,900.0,S3_Lin4,routine,M_routine,800,True,2,1046.6,992.2,0.0,0.0519,1.0,mean_0.8,8,0.8,0.15,beta,none
City-A,T1,5x,900.0,S3_Lin4,cross_regime,M_stress,800,True,2,1046.6,620.9,279.1,0.4067,0.0,mean_0.8,8,0.8,0.15,beta,none
City-A,T1,5x,900.0,S4_GlobalCalib,routine,M_routine,800,True,2,1035.1,1100.8,0.0,0.0,1.0,mean_0.8,8,0.8,0.15,beta,none
City-A,T1,5x,900.0,S4_GlobalCalib,cross_regime,M_stress,800,True,2,1035.1,770.8,129.2,0.2554,0.0,mean_0.8,8,0.8,0.15,beta,none
City-A,T1,5x,900.0,S5_CityCalib,routine,M_routine,800,True,2,1018.0,1100.8,0.0,0.0,1.0,mean_0.8,8,0.8,0.15,beta,none
City-A,T1,5x,900.0,S5_CityCalib,cross_regime,M_stress,800,True,2,1018.0,770.8,129.2,0.2428,0.0,mean_0.8,8,0.8,0.15,beta,none
City-A,T1,5x,900.0,S6_Q10,routine,M_routine,800,True,3,1104.5,1568.2,0.0,0.0,1.0,mean_0.8,8,0.8,0.15,beta,none
City-A,T1,5x,900.0,S6_Q10,cross_regime,M_stress,800,True,3,1104.5,990.7,0.0,0.103,1.0,mean_0.8,8,0.8,0.15,beta,none
City-A,T1,10x,1800.0,S0a_RoutineOracle,routine,M_routine,800,True,4,2145.7,2145.7,0.0,0.0,1.0,mean_0.8,8,0.8,0.15,beta,none
City-A,T1,10x,1800.0,S0a_RoutineOracle,cross_regime,M_stress,800,True,4,2145.7,1362.5,437.5,0.365,0.0,mean_0.8,8,0.8,0.15,beta,none
City-A,T1,10x,1800.0,S0b_StressOracle,routine,M_routine,800,True,6,2034.9,2741.5,0.0,0.0,1.0,mean_0.8,8,0.8,0.15,beta,none
City-A,T1,10x,1800.0,S0b_StressOracle,cross_regime,M_stress,800,True,6,2034.9,2034.9,0.0,0.0,1.0,mean_0.8,8,0.8,0.15,beta,none
City-A,T1,10x,1800.0,S1_CapRR,routine,M_routine,800,True,3,1889.7,1568.2,231.8,0.1701,0.0,mean_0.8,8,0.8,0.15,beta,none
City-A,T1,10x,1800.0,S1_CapRR,cross_regime,M_stress,800,True,3,1889.7,990.7,809.3,0.4757,0.0,mean_0.8,8,0.8,0.15,beta,none
City-A,T1,10x,1800.0,S2_Platform,routine,M_routine,800,True,5,1914.5,2178.7,0.0,0.0,1.0,mean_0.8,8,0.8,0.15,beta,none
City-A,T1,10x,1800.0,S2_Platform,cross_regime,M_stress,800,True,5,1914.5,1620.5,179.5,0.1536,0.0,mean_0.8,8,0.8,0.15,beta,none
City-A,T1,10x,1800.0,S3_Lin4,routine,M_routine,800,True,4,1932.7,1978.8,0.0,0.0,1.0,mean_0.8,8,0.8,0.15,beta,none
City-A,T1,10x,1800.0,S3_Lin4,cross_regime,M_stress,800,True,4,1932.7,1290.9,509.1,0.3321,0.0,mean_0.8,8,0.8,0.15,beta,none
City-A,T1,10x,1800.0,S4_GlobalCalib,routine,M_routine,800,True,4,1978.4,2107.8,0.0,0.0,1.0,mean_0.8,8,0.8,0.15,beta,none
City-A,T1,10x,1800.0,S4_GlobalCalib,cross_regime,M_stress,800,True,4,1978.4,1324.1,475.9,0.3307,0.0,mean_0.8,8,0.8,0.15,beta,none
City-A,T1,10x,1800.0,S5_CityCalib,routine,M_routine,800,True,4,1946.2,2107.8,0.0,0.0,1.0,mean_0.8,8,0.8,0.15,beta,none
City-A,T1,10x,1800.0,S5_CityCalib,cross_regime,M_stress,800,True,4,1946.2,1324.1,475.9,0.3196,0.0,mean_0.8,8,0.8,0.15,beta,none
City-A,T1,10x,1800.0,S6_Q10,routine,M_routine,800,True,6,2084.5,2815.9,0.0,0.0,1.0,mean_0.8,8,0.8,0.15,beta,none
City-A,T1,10x,1800.0,S6_Q10,cross_regime,M_stress,800,True,6,2084.5,1939.3,0.0,0.0697,1.0,mean_0.8,8,0.8,0.15,beta,none
City-A,T2,1x,260.0,S0a_RoutineOracle,routine,M_routine,800,True,1,634.6,634.6,0.0,0.0,1.0,mean_0.8,8,0.8,0.15,beta,none
City-A,T2,1x,260.0,S0a_RoutineOracle,cross_regime,M_stress,800,True,1,634.6,425.9,0.0,0.3289,1.0,mean_0.8,8,0.8,0.15,beta,none
City-A,T2,1x,260.0,S0b_StressOracle,routine,M_routine,800,True,1,425.9,634.6,0.0,0.0,1.0,mean_0.8,8,0.8,0.15,beta,none
City-A,T2,1x,260.0,S0b_StressOracle,cross_regime,M_stress,800,True,1,425.9,425.9,0.0,0.0,1.0,mean_0.8,8,0.8,0.15,beta,none
City-A,T2,1x,260.0,S1_CapRR,routine,M_routine,800,True,1,678.2,634.6,0.0,0.0642,1.0,mean_0.8,8,0.8,0.15,beta,none
City-A,T2,1x,260.0,S1_CapRR,cross_regime,M_stress,800,True,1,678.2,425.9,0.0,0.372,1.0,mean_0.8,8,0.8,0.15,beta,none
City-A,T2,1x,260.0,S2_Platform,routine,M_routine,800,True,1,441.1,634.6,0.0,0.0,1.0,mean_0.8,8,0.8,0.15,beta,none
City-A,T2,1x,260.0,S2_Platform,cross_regime,M_stress,800,True,1,441.1,425.9,0.0,0.0344,1.0,mean_0.8,8,0.8,0.15,beta,none
City-A,T2,1x,260.0,S3_Lin4,routine,M_routine,800,True,1,582.2,634.6,0.0,0.0,1.0,mean_0.8,8,0.8,0.15,beta,none
City-A,T2,1x,260.0,S3_Lin4,cross_regime,M_stress,800,True,1,582.2,425.9,0.0,0.2685,1.0,mean_0.8,8,0.8,0.15,beta,none
City-A,T2,1x,260.0,S4_GlobalCalib,routine,M_routine,800,True,1,540.7,634.6,0.0,0.0,1.0,mean_0.8,8,0.8,0.15,beta,none
City-A,T2,1x,260.0,S4_GlobalCalib,cross_regime,M_stress,800,True,1,540.7,425.9,0.0,0.2123,1.0,mean_0.8,8,0.8,0.15,beta,none
City-A,T2,1x,260.0,S5_CityCalib,routine,M_routine,800,True,1,539.8,634.6,0.0,0.0,1.0,mean_0.8,8,0.8,0.15,beta,none
City-A,T2,1x,260.0,S5_CityCalib,cross_regime,M_stress,800,True,1,539.8,425.9,0.0,0.211,1.0,mean_0.8,8,0.8,0.15,beta,none
City-A,T2,1x,260.0,S6_Q10,routine,M_routine,800,True,1,395.5,634.6,0.0,0.0,1.0,mean_0.8,8,0.8,0.15,beta,none
City-A,T2,1x,260.0,S6_Q10,cross_regime,M_stress,800,True,1,395.5,425.9,0.0,0.0,1.0,mean_0.8,8,0.8,0.15,beta,none
City-A,T2,2x,520.0,S0a_RoutineOracle,routine,M_routine,800,True,1,634.6,634.6,0.0,0.0,1.0,mean_0.8,8,0.8,0.15,beta,none
City-A,T2,2x,520.0,S0a_RoutineOracle,cross_regime,M_stress,800,True,1,634.6,425.9,94.1,0.3289,0.0,mean_0.8,8,0.8,0.15,beta,none
City-A,T2,2x,520.0,S0b_StressOracle,routine,M_routine,800,True,2,775.7,1105.0,0.0,0.0,1.0,mean_0.8,8,0.8,0.15,beta,none
City-A,T2,2x,520.0,S0b_StressOracle,cross_regime,M_stress,800,True,2,775.7,775.7,0.0,0.0,1.0,mean_0.8,8,0.8,0.15,beta,none
City-A,T2,2x,520.0,S1_CapRR,routine,M_routine,800,True,1,678.2,634.6,0.0,0.0642,1.0,mean_0.8,8,0.8,0.15,beta,none
City-A,T2,2x,520.0,S1_CapRR,cross_regime,M_stress,800,True,1,678.2,425.9,94.1,0.372,0.0,mean_0.8,8,0.8,0.15,beta,none
City-A,T2,2x,520.0,S2_Platform,routine,M_routine,800,True,2,849.9,1216.4,0.0,0.0,1.0,mean_0.8,8,0.8,0.15,beta,none
City-A,T2,2x,520.0,S2_Platform,cross_regime,M_stress,800,True,2,849.9,652.6,0.0,0.2322,1.0,mean_0.8,8,0.8,0.15,beta,none
City-A,T2,2x,520.0,S3_Lin4,routine,M_routine,800,True,1,582.2,634.6,0.0,0.0,1.0,mean_0.8,8,0.8,0.15,beta,none
City-A,T2,2x,520.0,S3_Lin4,cross_regime,M_stress,800,True,1,582.2,425.9,94.1,0.2685,0.0,mean_0.8,8,0.8,0.15,beta,none
City-A,T2,2x,520.0,S4_GlobalCalib,routine,M_routine,800,True,1,540.7,634.6,0.0,0.0,1.0,mean_0.8,8,0.8,0.15,beta,none
City-A,T2,2x,520.0,S4_GlobalCalib,cross_regime,M_stress,800,True,1,540.7,425.9,94.1,0.2123,0.0,mean_0.8,8,0.8,0.15,beta,none
City-A,T2,2x,520.0,S5_CityCalib,routine,M_routine,800,True,1,539.8,634.6,0.0,0.0,1.0,mean_0.8,8,0.8,0.15,beta,none
City-A,T2,2x,520.0,S5_CityCalib,cross_regime,M_stress,800,True,1,539.8,425.9,94.1,0.211,0.0,mean_0.8,8,0.8,0.15,beta,none
City-A,T2,2x,520.0,S6_Q10,routine,M_routine,800,True,2,754.2,1216.4,0.0,0.0,1.0,mean_0.8,8,0.8,0.15,beta,none
City-A,T2,2x,520.0,S6_Q10,cross_regime,M_stress,800,True,2,754.2,652.6,0.0,0.1348,1.0,mean_0.8,8,0.8,0.15,beta,none
City-A,T2,5x,1300.0,S0a_RoutineOracle,routine,M_routine,800,True,3,1687.9,1687.9,0.0,0.0,1.0,mean_0.8,8,0.8,0.15,beta,none
City-A,T2,5x,1300.0,S0a_RoutineOracle,cross_regime,M_stress,800,True,3,1687.9,994.9,305.1,0.4105,0.0,mean_0.8,8,0.8,0.15,beta,none
City-A,T2,5x,1300.0,S0b_StressOracle,routine,M_routine,800,True,4,1454.2,1954.7,0.0,0.0,1.0,mean_0.8,8,0.8,0.15,beta,none
City-A,T2,5x,1300.0,S0b_StressOracle,cross_regime,M_stress,800,True,4,1454.2,1454.2,0.0,0.0,1.0,mean_0.8,8,0.8,0.15,beta,none
City-A,T2,5x,1300.0,S1_CapRR,routine,M_routine,800,True,3,1889.7,1584.0,0.0,0.1618,1.0,mean_0.8,8,0.8,0.15,beta,none
City-A,T2,5x,1300.0,S1_CapRR,cross_regime,M_stress,800,True,3,1889.7,965.4,334.6,0.4891,0.0,mean_0.8,8,0.8,0.15,beta,none
City-A,T2,5x,1300.0,S2_Platform,routine,M_routine,800,True,4,1596.5,2066.1,0.0,0.0,1.0,mean_0.8,8,0.8,0.15,beta,none
City-A,T2,5x,1300.0,S2_Platform,cross_regime,M_stress,800,True,4,1596.5,1331.1,0.0,0.1662,1.0,mean_0.8,8,0.8,0.15,beta,none
City-A,T2,5x,1300.0,S3_Lin4,routine,M_routine,800,True,3,1491.0,1345.8,0.0,0.0974,1.0,mean_0.8,8,0.8,0.15,beta,none
City-A,T2,5x,1300.0,S3_Lin4,cross_regime,M_stress,800,True,3,1491.0,978.9,321.1,0.3435,0.0,mean_0.8,8,0.8,0.15,beta,none
City-A,T2,5x,1300.0,S4_GlobalCalib,routine,M_routine,800,True,3,1506.7,1584.0,0.0,0.0,1.0,mean_0.8,8,0.8,0.15,beta,none
City-A,T2,5x,1300.0,S4_GlobalCalib,cross_regime,M_stress,800,True,3,1506.7,965.4,334.6,0.3593,0.0,mean_0.8,8,0.8,0.15,beta,none
City-A,T2,5x,1300.0,S5_CityCalib,routine,M_routine,800,True,3,1504.5,1584.0,0.0,0.0,1.0,mean_0.8,8,0.8,0.15,beta,none
City-A,T2,5x,1300.0,S5_CityCalib,cross_regime,M_stress,800,True,3,1504.5,965.4,334.6,0.3583,0.0,mean_0.8,8,0.8,0.15,beta,none
City-A,T2,5x,1300.0,S6_Q10,routine,M_routine,800,True,4,1441.6,2054.3,0.0,0.0,1.0,mean_0.8,8,0.8,0.15,beta,none
City-A,T2,5x,1300.0,S6_Q10,cross_regime,M_stress,800,True,4,1441.6,1315.2,0.0,0.0877,1.0,mean_0.8,8,0.8,0.15,beta,none
City-A,T2,10x,2600.0,S0a_RoutineOracle,routine,M_routine,800,True,5,2628.7,2628.7,0.0,0.0,1.0,mean_0.8,8,0.8,0.15,beta,none
City-A,T2,10x,2600.0,S0a_RoutineOracle,cross_regime,M_stress,800,True,5,2628.7,1598.5,1001.5,0.3919,0.0,mean_0.8,8,0.8,0.15,beta,none
City-A,T2,10x,2600.0,S0b_StressOracle,routine,M_routine,800,True,8,2635.6,3510.5,0.0,0.0,1.0,mean_0.8,8,0.8,0.15,beta,none
City-A,T2,10x,2600.0,S0b_StressOracle,cross_regime,M_stress,800,True,8,2635.6,2635.6,0.0,0.0,1.0,mean_0.8,8,0.8,0.15,beta,none
City-A,T2,10x,2600.0,S1_CapRR,routine,M_routine,800,True,5,3037.3,2525.8,74.2,0.1684,0.0,mean_0.8,8,0.8,0.15,beta,none
City-A,T2,10x,2600.0,S1_CapRR,cross_regime,M_stress,800,True,5,3037.3,1657.5,942.5,0.4543,0.0,mean_0.8,8,0.8,0.15,beta,none
City-A,T2,10x,2600.0,S2_Platform,routine,M_routine,800,True,7,2630.1,3212.3,0.0,0.0,1.0,mean_0.8,8,0.8,0.15,beta,none
City-A,T2,10x,2600.0,S2_Platform,cross_regime,M_stress,800,True,7,2630.1,2158.8,441.2,0.1792,0.0,mean_0.8,8,0.8,0.15,beta,none
City-A,T2,10x,2600.0,S3_Lin4,routine,M_routine,800,True,6,2767.4,2869.4,0.0,0.0,1.0,mean_0.8,8,0.8,0.15,beta,none
City-A,T2,10x,2600.0,S3_Lin4,cross_regime,M_stress,800,True,6,2767.4,1897.6,702.4,0.3143,0.0,mean_0.8,8,0.8,0.15,beta,none
City-A,T2,10x,2600.0,S4_GlobalCalib,routine,M_routine,800,True,6,2843.9,2869.4,0.0,0.0,1.0,mean_0.8,8,0.8,0.15,beta,none
City-A,T2,10x,2600.0,S4_GlobalCalib,cross_regime,M_stress,800,True,6,2843.9,1897.6,702.4,0.3327,0.0,mean_0.8,8,0.8,0.15,beta,none
City-A,T2,10x,2600.0,S5_CityCalib,routine,M_routine,800,True,6,2840.1,2869.4,0.0,0.0,1.0,mean_0.8,8,0.8,0.15,beta,none
City-A,T2,10x,2600.0,S5_CityCalib,cross_regime,M_stress,800,True,6,2840.1,1897.6,702.4,0.3318,0.0,mean_0.8,8,0.8,0.15,beta,none
City-A,T2,10x,2600.0,S6_Q10,routine,M_routine,800,True,8,2683.7,3718.1,0.0,0.0,1.0,mean_0.8,8,0.8,0.15,beta,none
City-A,T2,10x,2600.0,S6_Q10,cross_regime,M_stress,800,True,8,2683.7,2487.6,112.4,0.0731,0.0,mean_0.8,8,0.8,0.15,beta,none
City-A,T3,1x,200.0,S0a_RoutineOracle,routine,M_routine,800,True,1,509.4,509.4,0.0,0.0,1.0,mean_0.8,8,0.8,0.15,beta,none
City-A,T3,1x,200.0,S0a_RoutineOracle,cross_regime,M_stress,800,True,1,509.4,342.7,0.0,0.3272,1.0,mean_0.8,8,0.8,0.15,beta,none
City-A,T3,1x,200.0,S0b_StressOracle,routine,M_routine,800,True,1,342.7,509.4,0.0,0.0,1.0,mean_0.8,8,0.8,0.15,beta,none
City-A,T3,1x,200.0,S0b_StressOracle,cross_regime,M_stress,800,True,1,342.7,342.7,0.0,0.0,1.0,mean_0.8,8,0.8,0.15,beta,none
City-A,T3,1x,200.0,S1_CapRR,routine,M_routine,800,True,1,596.8,250.0,0.0,0.5811,1.0,mean_0.8,8,0.8,0.15,beta,none
City-A,T3,1x,200.0,S1_CapRR,cross_regime,M_stress,800,True,1,596.8,207.8,0.0,0.6519,1.0,mean_0.8,8,0.8,0.15,beta,none
City-A,T3,1x,200.0,S2_Platform,routine,M_routine,800,True,1,470.7,250.0,0.0,0.4688,1.0,mean_0.8,8,0.8,0.15,beta,none
City-A,T3,1x,200.0,S2_Platform,cross_regime,M_stress,800,True,1,470.7,207.8,0.0,0.5586,1.0,mean_0.8,8,0.8,0.15,beta,none
City-A,T3,1x,200.0,S3_Lin4,routine,M_routine,800,True,1,579.3,250.0,0.0,0.5684,1.0,mean_0.8,8,0.8,0.15,beta,none
City-A,T3,1x,200.0,S3_Lin4,cross_regime,M_stress,800,True,1,579.3,207.8,0.0,0.6413,1.0,mean_0.8,8,0.8,0.15,beta,none
City-A,T3,1x,200.0,S4_GlobalCalib,routine,M_routine,800,True,1,474.4,250.0,0.0,0.473,1.0,mean_0.8,8,0.8,0.15,beta,none
City-A,T3,1x,200.0,S4_GlobalCalib,cross_regime,M_stress,800,True,1,474.4,207.8,0.0,0.562,1.0,mean_0.8,8,0.8,0.15,beta,none
City-A,T3,1x,200.0,S5_CityCalib,routine,M_routine,800,True,1,470.8,250.0,0.0,0.469,1.0,mean_0.8,8,0.8,0.15,beta,none
City-A,T3,1x,200.0,S5_CityCalib,cross_regime,M_stress,800,True,1,470.8,207.8,0.0,0.5587,1.0,mean_0.8,8,0.8,0.15,beta,none
City-A,T3,1x,200.0,S6_Q10,routine,M_routine,800,True,1,348.4,250.0,0.0,0.2825,1.0,mean_0.8,8,0.8,0.15,beta,none
City-A,T3,1x,200.0,S6_Q10,cross_regime,M_stress,800,True,1,348.4,207.8,0.0,0.4037,1.0,mean_0.8,8,0.8,0.15,beta,none
City-A,T3,2x,400.0,S0a_RoutineOracle,routine,M_routine,800,True,1,509.4,509.4,0.0,0.0,1.0,mean_0.8,8,0.8,0.15,beta,none
City-A,T3,2x,400.0,S0a_RoutineOracle,cross_regime,M_stress,800,True,1,509.4,342.7,57.3,0.3272,0.0,mean_0.8,8,0.8,0.15,beta,none
City-A,T3,2x,400.0,S0b_StressOracle,routine,M_routine,800,True,2,645.8,878.6,0.0,0.0,1.0,mean_0.8,8,0.8,0.15,beta,none
City-A,T3,2x,400.0,S0b_StressOracle,cross_regime,M_stress,800,True,2,645.8,645.8,0.0,0.0,1.0,mean_0.8,8,0.8,0.15,beta,none
City-A,T3,2x,400.0,S1_CapRR,routine,M_routine,800,True,1,596.8,250.0,150.0,0.5811,0.0,mean_0.8,8,0.8,0.15,beta,none
City-A,T3,2x,400.0,S1_CapRR,cross_regime,M_stress,800,True,1,596.8,207.8,192.2,0.6519,0.0,mean_0.8,8,0.8,0.15,beta,none
City-A,T3,2x,400.0,S2_Platform,routine,M_routine,800,True,1,470.7,250.0,150.0,0.4688,0.0,mean_0.8,8,0.8,0.15,beta,none
City-A,T3,2x,400.0,S2_Platform,cross_regime,M_stress,800,True,1,470.7,207.8,192.2,0.5586,0.0,mean_0.8,8,0.8,0.15,beta,none
City-A,T3,2x,400.0,S3_Lin4,routine,M_routine,800,True,1,579.3,250.0,150.0,0.5684,0.0,mean_0.8,8,0.8,0.15,beta,none
City-A,T3,2x,400.0,S3_Lin4,cross_regime,M_stress,800,True,1,579.3,207.8,192.2,0.6413,0.0,mean_0.8,8,0.8,0.15,beta,none
City-A,T3,2x,400.0,S4_GlobalCalib,routine,M_routine,800,True,1,474.4,250.0,150.0,0.473,0.0,mean_0.8,8,0.8,0.15,beta,none
City-A,T3,2x,400.0,S4_GlobalCalib,cross_regime,M_stress,800,True,1,474.4,207.8,192.2,0.562,0.0,mean_0.8,8,0.8,0.15,beta,none
City-A,T3,2x,400.0,S5_CityCalib,routine,M_routine,800,True,1,470.8,250.0,150.0,0.469,0.0,mean_0.8,8,0.8,0.15,beta,none
City-A,T3,2x,400.0,S5_CityCalib,cross_regime,M_stress,800,True,1,470.8,207.8,192.2,0.5587,0.0,mean_0.8,8,0.8,0.15,beta,none
City-A,T3,2x,400.0,S6_Q10,routine,M_routine,800,True,2,664.5,751.5,0.0,0.0,1.0,mean_0.8,8,0.8,0.15,beta,none
City-A,T3,2x,400.0,S6_Q10,cross_regime,M_stress,800,True,2,664.5,494.4,0.0,0.2559,1.0,mean_0.8,8,0.8,0.15,beta,none
City-A,T3,5x,1000.0,S0a_RoutineOracle,routine,M_routine,800,True,2,1011.0,1011.0,0.0,0.0,1.0,mean_0.8,8,0.8,0.15,beta,none
City-A,T3,5x,1000.0,S0a_RoutineOracle,cross_regime,M_stress,800,True,2,1011.0,629.4,370.6,0.3774,0.0,mean_0.8,8,0.8,0.15,beta,none
City-A,T3,5x,1000.0,S0b_StressOracle,routine,M_routine,800,True,4,1218.6,1749.7,0.0,0.0,1.0,mean_0.8,8,0.8,0.15,beta,none
City-A,T3,5x,1000.0,S0b_StressOracle,cross_regime,M_stress,800,True,4,1218.6,1218.6,0.0,0.0,1.0,mean_0.8,8,0.8,0.15,beta,none
City-A,T3,5x,1000.0,S1_CapRR,routine,M_routine,800,True,2,1138.1,751.5,248.5,0.3397,0.0,mean_0.8,8,0.8,0.15,beta,none
City-A,T3,5x,1000.0,S1_CapRR,cross_regime,M_stress,800,True,2,1138.1,494.4,505.6,0.5656,0.0,mean_0.8,8,0.8,0.15,beta,none
City-A,T3,5x,1000.0,S2_Platform,routine,M_routine,800,True,3,1264.8,1195.8,0.0,0.0545,1.0,mean_0.8,8,0.8,0.15,beta,none
City-A,T3,5x,1000.0,S2_Platform,cross_regime,M_stress,800,True,3,1264.8,742.6,257.4,0.4128,0.0,mean_0.8,8,0.8,0.15,beta,none
City-A,T3,5x,1000.0,S3_Lin4,routine,M_routine,800,True,2,1027.3,759.4,240.6,0.2608,0.0,mean_0.8,8,0.8,0.15,beta,none
City-A,T3,5x,1000.0,S3_Lin4,cross_regime,M_stress,800,True,2,1027.3,550.5,449.5,0.4641,0.0,mean_0.8,8,0.8,0.15,beta,none
City-A,T3,5x,1000.0,S4_GlobalCalib,routine,M_routine,800,True,3,1322.0,1261.0,0.0,0.0461,1.0,mean_0.8,8,0.8,0.15,beta,none
City-A,T3,5x,1000.0,S4_GlobalCalib,cross_regime,M_stress,800,True,3,1322.0,837.2,162.8,0.3667,0.0,mean_0.8,8,0.8,0.15,beta,none
City-A,T3,5x,1000.0,S5_CityCalib,routine,M_routine,800,True,3,1312.4,1261.0,0.0,0.0392,1.0,mean_0.8,8,0.8,0.15,beta,none
City-A,T3,5x,1000.0,S5_CityCalib,cross_regime,M_stress,800,True,3,1312.4,837.2,162.8,0.3621,0.0,mean_0.8,8,0.8,0.15,beta,none
City-A,T3,5x,1000.0,S6_Q10,routine,M_routine,800,True,4,1270.1,1710.3,0.0,0.0,1.0,mean_0.8,8,0.8,0.15,beta,none
City-A,T3,5x,1000.0,S6_Q10,cross_regime,M_stress,800,True,4,1270.1,1088.2,0.0,0.1432,1.0,mean_0.8,8,0.8,0.15,beta,none
City-A,T3,10x,2000.0,S0a_RoutineOracle,routine,M_routine,800,True,5,2343.2,2343.2,0.0,0.0,1.0,mean_0.8,8,0.8,0.15,beta,none
City-A,T3,10x,2000.0,S0a_RoutineOracle,cross_regime,M_stress,800,True,5,2343.2,1336.4,663.6,0.4297,0.0,mean_0.8,8,0.8,0.15,beta,none
City-A,T3,10x,2000.0,S0b_StressOracle,routine,M_routine,800,True,8,2237.1,3355.3,0.0,0.0,1.0,mean_0.8,8,0.8,0.15,beta,none
City-A,T3,10x,2000.0,S0b_StressOracle,cross_regime,M_stress,800,True,8,2237.1,2237.1,0.0,0.0,1.0,mean_0.8,8,0.8,0.15,beta,none
City-A,T3,10x,2000.0,S1_CapRR,routine,M_routine,800,True,4,2175.3,1710.3,289.7,0.2138,0.0,mean_0.8,8,0.8,0.15,beta,none
City-A,T3,10x,2000.0,S1_CapRR,cross_regime,M_stress,800,True,4,2175.3,1088.2,911.8,0.4998,0.0,mean_0.8,8,0.8,0.15,beta,none
City-A,T3,10x,2000.0,S2_Platform,routine,M_routine,800,True,6,2357.9,2537.8,0.0,0.0,1.0,mean_0.8,8,0.8,0.15,beta,none
City-A,T3,10x,2000.0,S2_Platform,cross_regime,M_stress,800,True,6,2357.9,1405.7,594.3,0.4038,0.0,mean_0.8,8,0.8,0.15,beta,none
City-A,T3,10x,2000.0,S3_Lin4,routine,M_routine,800,True,5,2297.0,2079.4,0.0,0.0947,1.0,mean_0.8,8,0.8,0.15,beta,none
City-A,T3,10x,2000.0,S3_Lin4,cross_regime,M_stress,800,True,5,2297.0,1391.2,608.8,0.3943,0.0,mean_0.8,8,0.8,0.15,beta,none
City-A,T3,10x,2000.0,S4_GlobalCalib,routine,M_routine,800,True,5,2124.9,2146.7,0.0,0.0,1.0,mean_0.8,8,0.8,0.15,beta,none
City-A,T3,10x,2000.0,S4_GlobalCalib,cross_regime,M_stress,800,True,5,2124.9,1280.3,719.7,0.3975,0.0,mean_0.8,8,0.8,0.15,beta,none
City-A,T3,10x,2000.0,S5_CityCalib,routine,M_routine,800,True,5,2109.9,2146.7,0.0,0.0,1.0,mean_0.8,8,0.8,0.15,beta,none
City-A,T3,10x,2000.0,S5_CityCalib,cross_regime,M_stress,800,True,5,2109.9,1280.3,719.7,0.3932,0.0,mean_0.8,8,0.8,0.15,beta,none
City-A,T3,10x,2000.0,S6_Q10,routine,M_routine,800,True,7,2100.2,2939.4,0.0,0.0,1.0,mean_0.8,8,0.8,0.15,beta,none
City-A,T3,10x,2000.0,S6_Q10,cross_regime,M_stress,800,True,7,2100.2,1739.3,260.7,0.1719,0.0,mean_0.8,8,0.8,0.15,beta,none
City-A,T4,1x,140.0,S0a_RoutineOracle,routine,M_routine,800,True,1,556.1,556.1,0.0,0.0,1.0,mean_0.8,8,0.8,0.15,beta,none
City-A,T4,1x,140.0,S0a_RoutineOracle,cross_regime,M_stress,800,True,1,556.1,324.1,0.0,0.4172,1.0,mean_0.8,8,0.8,0.15,beta,none
City-A,T4,1x,140.0,S0b_StressOracle,routine,M_routine,800,True,1,409.0,396.7,0.0,0.0301,1.0,mean_0.8,8,0.8,0.15,beta,none
City-A,T4,1x,140.0,S0b_StressOracle,cross_regime,M_stress,800,True,1,409.0,409.0,0.0,0.0,1.0,mean_0.8,8,0.8,0.15,beta,none
City-A,T4,1x,140.0,S1_CapRR,routine,M_routine,800,True,1,678.2,396.7,0.0,0.4151,1.0,mean_0.8,8,0.8,0.15,beta,none
City-A,T4,1x,140.0,S1_CapRR,cross_regime,M_stress,800,True,1,678.2,409.0,0.0,0.397,1.0,mean_0.8,8,0.8,0.15,beta,none
City-A,T4,1x,140.0,S2_Platform,routine,M_routine,800,True,1,299.2,556.1,0.0,0.0,1.0,mean_0.8,8,0.8,0.15,beta,none
City-A,T4,1x,140.0,S2_Platform,cross_regime,M_stress,800,True,1,299.2,324.1,0.0,0.0,1.0,mean_0.8,8,0.8,0.15,beta,none
City-A,T4,1x,140.0,S3_Lin4,routine,M_routine,800,True,1,586.9,396.7,0.0,0.3241,1.0,mean_0.8,8,0.8,0.15,beta,none
City-A,T4,1x,140.0,S3_Lin4,cross_regime,M_stress,800,True,1,586.9,409.0,0.0,0.3031,1.0,mean_0.8,8,0.8,0.15,beta,none
City-A,T4,1x,140.0,S4_GlobalCalib,routine,M_routine,800,True,1,542.7,396.7,0.0,0.2692,1.0,mean_0.8,8,0.8,0.15,beta,none
City-A,T4,1x,140.0,S4_GlobalCalib,cross_regime,M_stress,800,True,1,542.7,409.0,0.0,0.2465,1.0,mean_0.8,8,0.8,0.15,beta,none
City-A,T4,1x,140.0,S5_CityCalib,routine,M_routine,800,True,1,538.5,396.7,0.0,0.2634,1.0,mean_0.8,8,0.8,0.15,beta,none
City-A,T4,1x,140.0,S5_CityCalib,cross_regime,M_stress,800,True,1,538.5,409.0,0.0,0.2405,1.0,mean_0.8,8,0.8,0.15,beta,none
City-A,T4,1x,140.0,S6_Q10,routine,M_routine,800,True,1,395.8,396.7,0.0,0.0,1.0,mean_0.8,8,0.8,0.15,beta,none
City-A,T4,1x,140.0,S6_Q10,cross_regime,M_stress,800,True,1,395.8,409.0,0.0,0.0,1.0,mean_0.8,8,0.8,0.15,beta,none
City-A,T4,2x,280.0,S0a_RoutineOracle,routine,M_routine,800,True,1,556.1,556.1,0.0,0.0,1.0,mean_0.8,8,0.8,0.15,beta,none
City-A,T4,2x,280.0,S0a_RoutineOracle,cross_regime,M_stress,800,True,1,556.1,324.1,0.0,0.4172,1.0,mean_0.8,8,0.8,0.15,beta,none
City-A,T4,2x,280.0,S0b_StressOracle,routine,M_routine,800,True,1,409.0,396.7,0.0,0.0301,1.0,mean_0.8,8,0.8,0.15,beta,none
City-A,T4,2x,280.0,S0b_StressOracle,cross_regime,M_stress,800,True,1,409.0,409.0,0.0,0.0,1.0,mean_0.8,8,0.8,0.15,beta,none
City-A,T4,2x,280.0,S1_CapRR,routine,M_routine,800,True,1,678.2,396.7,0.0,0.4151,1.0,mean_0.8,8,0.8,0.15,beta,none
City-A,T4,2x,280.0,S1_CapRR,cross_regime,M_stress,800,True,1,678.2,409.0,0.0,0.397,1.0,mean_0.8,8,0.8,0.15,beta,none
City-A,T4,2x,280.0,S2_Platform,routine,M_routine,800,True,1,299.2,556.1,0.0,0.0,1.0,mean_0.8,8,0.8,0.15,beta,none
City-A,T4,2x,280.0,S2_Platform,cross_regime,M_stress,800,True,1,299.2,324.1,0.0,0.0,1.0,mean_0.8,8,0.8,0.15,beta,none
City-A,T4,2x,280.0,S3_Lin4,routine,M_routine,800,True,1,586.9,396.7,0.0,0.3241,1.0,mean_0.8,8,0.8,0.15,beta,none
City-A,T4,2x,280.0,S3_Lin4,cross_regime,M_stress,800,True,1,586.9,409.0,0.0,0.3031,1.0,mean_0.8,8,0.8,0.15,beta,none
City-A,T4,2x,280.0,S4_GlobalCalib,routine,M_routine,800,True,1,542.7,396.7,0.0,0.2692,1.0,mean_0.8,8,0.8,0.15,beta,none
City-A,T4,2x,280.0,S4_GlobalCalib,cross_regime,M_stress,800,True,1,542.7,409.0,0.0,0.2465,1.0,mean_0.8,8,0.8,0.15,beta,none
City-A,T4,2x,280.0,S5_CityCalib,routine,M_routine,800,True,1,538.5,396.7,0.0,0.2634,1.0,mean_0.8,8,0.8,0.15,beta,none
City-A,T4,2x,280.0,S5_CityCalib,cross_regime,M_stress,800,True,1,538.5,409.0,0.0,0.2405,1.0,mean_0.8,8,0.8,0.15,beta,none
City-A,T4,2x,280.0,S6_Q10,routine,M_routine,800,True,1,395.8,396.7,0.0,0.0,1.0,mean_0.8,8,0.8,0.15,beta,none
City-A,T4,2x,280.0,S6_Q10,cross_regime,M_stress,800,True,1,395.8,409.0,0.0,0.0,1.0,mean_0.8,8,0.8,0.15,beta,none
City-A,T4,5x,700.0,S0a_RoutineOracle,routine,M_routine,800,True,2,1100.2,1100.2,0.0,0.0,1.0,mean_0.8,8,0.8,0.15,beta,none
City-A,T4,5x,700.0,S0a_RoutineOracle,cross_regime,M_stress,800,True,2,1100.2,657.9,42.1,0.402,0.0,mean_0.8,8,0.8,0.15,beta,none
City-A,T4,5x,700.0,S0b_StressOracle,routine,M_routine,800,True,2,742.8,940.8,0.0,0.0,1.0,mean_0.8,8,0.8,0.15,beta,none
City-A,T4,5x,700.0,S0b_StressOracle,cross_regime,M_stress,800,True,2,742.8,742.8,0.0,0.0,1.0,mean_0.8,8,0.8,0.15,beta,none
City-A,T4,5x,700.0,S1_CapRR,routine,M_routine,800,True,2,1293.4,952.7,0.0,0.2634,1.0,mean_0.8,8,0.8,0.15,beta,none
City-A,T4,5x,700.0,S1_CapRR,cross_regime,M_stress,800,True,2,1293.4,733.0,0.0,0.4332,1.0,mean_0.8,8,0.8,0.15,beta,none
City-A,T4,5x,700.0,S2_Platform,routine,M_routine,800,True,3,870.0,1267.5,0.0,0.0,1.0,mean_0.8,8,0.8,0.15,beta,none
City-A,T4,5x,700.0,S2_Platform,cross_regime,M_stress,800,True,3,870.0,855.8,0.0,0.0164,1.0,mean_0.8,8,0.8,0.15,beta,none
City-A,T4,5x,700.0,S3_Lin4,routine,M_routine,800,True,2,1049.3,880.9,0.0,0.1605,1.0,mean_0.8,8,0.8,0.15,beta,none
City-A,T4,5x,700.0,S3_Lin4,cross_regime,M_stress,800,True,2,1049.3,634.4,65.6,0.3954,0.0,mean_0.8,8,0.8,0.15,beta,none
City-A,T4,5x,700.0,S4_GlobalCalib,routine,M_routine,800,True,2,1035.0,952.7,0.0,0.0795,1.0,mean_0.8,8,0.8,0.15,beta,none
City-A,T4,5x,700.0,S4_GlobalCalib,cross_regime,M_stress,800,True,2,1035.0,733.0,0.0,0.2918,1.0,mean_0.8,8,0.8,0.15,beta,none
City-A,T4,5x,700.0,S5_CityCalib,routine,M_routine,800,True,2,1027.1,952.7,0.0,0.0724,1.0,mean_0.8,8,0.8,0.15,beta,none
City-A,T4,5x,700.0,S5_CityCalib,cross_regime,M_stress,800,True,2,1027.1,733.0,0.0,0.2863,1.0,mean_0.8,8,0.8,0.15,beta,none
City-A,T4,5x,700.0,S6_Q10,routine,M_routine,800,True,2,754.9,952.7,0.0,0.0,1.0,mean_0.8,8,0.8,0.15,beta,none
City-A,T4,5x,700.0,S6_Q10,cross_regime,M_stress,800,True,2,754.9,733.0,0.0,0.029,1.0,mean_0.8,8,0.8,0.15,beta,none
City-A,T4,10x,1400.0,S0a_RoutineOracle,routine,M_routine,800,True,3,1592.0,1592.0,0.0,0.0,1.0,mean_0.8,8,0.8,0.15,beta,none
City-A,T4,10x,1400.0,S0a_RoutineOracle,cross_regime,M_stress,800,True,3,1592.0,956.1,443.9,0.3995,0.0,mean_0.8,8,0.8,0.15,beta,none
City-A,T4,10x,1400.0,S0b_StressOracle,routine,M_routine,800,True,5,1712.7,2280.8,0.0,0.0,1.0,mean_0.8,8,0.8,0.15,beta,none
City-A,T4,10x,1400.0,S0b_StressOracle,cross_regime,M_stress,800,True,5,1712.7,1712.7,0.0,0.0,1.0,mean_0.8,8,0.8,0.15,beta,none
City-A,T4,10x,1400.0,S1_CapRR,routine,M_routine,800,True,3,1889.7,1436.9,0.0,0.2396,1.0,mean_0.8,8,0.8,0.15,beta,none
City-A,T4,10x,1400.0,S1_CapRR,cross_regime,M_stress,800,True,3,1889.7,958.4,441.6,0.4928,0.0,mean_0.8,8,0.8,0.15,beta,none
City-A,T4,10x,1400.0,S2_Platform,routine,M_routine,800,True,5,1424.2,2049.7,0.0,0.0,1.0,mean_0.8,8,0.8,0.15,beta,none
City-A,T4,10x,1400.0,S2_Platform,cross_regime,M_stress,800,True,5,1424.2,1290.7,109.3,0.0937,0.0,mean_0.8,8,0.8,0.15,beta,none
City-A,T4,10x,1400.0,S3_Lin4,routine,M_routine,800,True,3,1504.0,1278.5,121.5,0.1499,0.0,mean_0.8,8,0.8,0.15,beta,none
City-A,T4,10x,1400.0,S3_Lin4,cross_regime,M_stress,800,True,3,1504.0,962.9,437.1,0.3598,0.0,mean_0.8,8,0.8,0.15,beta,none
City-A,T4,10x,1400.0,S4_GlobalCalib,routine,M_routine,800,True,3,1512.1,1436.9,0.0,0.0497,1.0,mean_0.8,8,0.8,0.15,beta,none
City-A,T4,10x,1400.0,S4_GlobalCalib,cross_regime,M_stress,800,True,3,1512.1,958.4,441.6,0.3662,0.0,mean_0.8,8,0.8,0.15,beta,none
City-A,T4,10x,1400.0,S5_CityCalib,routine,M_routine,800,True,3,1500.7,1436.9,0.0,0.0425,1.0,mean_0.8,8,0.8,0.15,beta,none
City-A,T4,10x,1400.0,S5_CityCalib,cross_regime,M_stress,800,True,3,1500.7,958.4,441.6,0.3614,0.0,mean_0.8,8,0.8,0.15,beta,none
City-A,T4,10x,1400.0,S6_Q10,routine,M_routine,800,True,4,1442.9,1981.1,0.0,0.0,1.0,mean_0.8,8,0.8,0.15,beta,none
City-A,T4,10x,1400.0,S6_Q10,cross_regime,M_stress,800,True,4,1442.9,1292.2,107.8,0.1044,0.0,mean_0.8,8,0.8,0.15,beta,none
City-A,T5,1x,160.0,S0a_RoutineOracle,routine,M_routine,800,True,1,556.2,556.2,0.0,0.0,1.0,mean_0.8,8,0.8,0.15,beta,none
City-A,T5,1x,160.0,S0a_RoutineOracle,cross_regime,M_stress,800,True,1,556.2,382.7,0.0,0.3119,1.0,mean_0.8,8,0.8,0.15,beta,none
City-A,T5,1x,160.0,S0b_StressOracle,routine,M_routine,800,True,1,382.7,556.2,0.0,0.0,1.0,mean_0.8,8,0.8,0.15,beta,none
City-A,T5,1x,160.0,S0b_StressOracle,cross_regime,M_stress,800,True,1,382.7,382.7,0.0,0.0,1.0,mean_0.8,8,0.8,0.15,beta,none
City-A,T5,1x,160.0,S1_CapRR,routine,M_routine,800,True,1,596.8,556.2,0.0,0.068,1.0,mean_0.8,8,0.8,0.15,beta,none
City-A,T5,1x,160.0,S1_CapRR,cross_regime,M_stress,800,True,1,596.8,382.7,0.0,0.3587,1.0,mean_0.8,8,0.8,0.15,beta,none
City-A,T5,1x,160.0,S2_Platform,routine,M_routine,800,True,1,485.5,556.2,0.0,0.0,1.0,mean_0.8,8,0.8,0.15,beta,none
City-A,T5,1x,160.0,S2_Platform,cross_regime,M_stress,800,True,1,485.5,382.7,0.0,0.2117,1.0,mean_0.8,8,0.8,0.15,beta,none
City-A,T5,1x,160.0,S3_Lin4,routine,M_routine,800,True,1,579.2,556.2,0.0,0.0396,1.0,mean_0.8,8,0.8,0.15,beta,none
City-A,T5,1x,160.0,S3_Lin4,cross_regime,M_stress,800,True,1,579.2,382.7,0.0,0.3392,1.0,mean_0.8,8,0.8,0.15,beta,none
City-A,T5,1x,160.0,S4_GlobalCalib,routine,M_routine,800,True,1,474.5,556.2,0.0,0.0,1.0,mean_0.8,8,0.8,0.15,beta,none
City-A,T5,1x,160.0,S4_GlobalCalib,cross_regime,M_stress,800,True,1,474.5,382.7,0.0,0.1934,1.0,mean_0.8,8,0.8,0.15,beta,none
City-A,T5,1x,160.0,S5_CityCalib,routine,M_routine,800,True,1,470.4,556.2,0.0,0.0,1.0,mean_0.8,8,0.8,0.15,beta,none
City-A,T5,1x,160.0,S5_CityCalib,cross_regime,M_stress,800,True,1,470.4,382.7,0.0,0.1864,1.0,mean_0.8,8,0.8,0.15,beta,none
City-A,T5,1x,160.0,S6_Q10,routine,M_routine,800,True,1,348.2,556.2,0.0,0.0,1.0,mean_0.8,8,0.8,0.15,beta,none
City-A,T5,1x,160.0,S6_Q10,cross_regime,M_stress,800,True,1,348.2,382.7,0.0,0.0,1.0,mean_0.8,8,0.8,0.15,beta,none
City-A,T5,2x,320.0,S0a_RoutineOracle,routine,M_routine,800,True,1,556.2,556.2,0.0,0.0,1.0,mean_0.8,8,0.8,0.15,beta,none
City-A,T5,2x,320.0,S0a_RoutineOracle,cross_regime,M_stress,800,True,1,556.2,382.7,0.0,0.3119,1.0,mean_0.8,8,0.8,0.15,beta,none
City-A,T5,2x,320.0,S0b_StressOracle,routine,M_routine,800,True,1,382.7,556.2,0.0,0.0,1.0,mean_0.8,8,0.8,0.15,beta,none
City-A,T5,2x,320.0,S0b_StressOracle,cross_regime,M_stress,800,True,1,382.7,382.7,0.0,0.0,1.0,mean_0.8,8,0.8,0.15,beta,none
City-A,T5,2x,320.0,S1_CapRR,routine,M_routine,800,True,1,596.8,556.2,0.0,0.068,1.0,mean_0.8,8,0.8,0.15,beta,none
City-A,T5,2x,320.0,S1_CapRR,cross_regime,M_stress,800,True,1,596.8,382.7,0.0,0.3587,1.0,mean_0.8,8,0.8,0.15,beta,none
City-A,T5,2x,320.0,S2_Platform,routine,M_routine,800,True,1,485.5,556.2,0.0,0.0,1.0,mean_0.8,8,0.8,0.15,beta,none
City-A,T5,2x,320.0,S2_Platform,cross_regime,M_stress,800,True,1,485.5,382.7,0.0,0.2117,1.0,mean_0.8,8,0.8,0.15,beta,none
City-A,T5,2x,320.0,S3_Lin4,routine,M_routine,800,True,1,579.2,556.2,0.0,0.0396,1.0,mean_0.8,8,0.8,0.15,beta,none
City-A,T5,2x,320.0,S3_Lin4,cross_regime,M_stress,800,True,1,579.2,382.7,0.0,0.3392,1.0,mean_0.8,8,0.8,0.15,beta,none
City-A,T5,2x,320.0,S4_GlobalCalib,routine,M_routine,800,True,1,474.5,556.2,0.0,0.0,1.0,mean_0.8,8,0.8,0.15,beta,none
City-A,T5,2x,320.0,S4_GlobalCalib,cross_regime,M_stress,800,True,1,474.5,382.7,0.0,0.1934,1.0,mean_0.8,8,0.8,0.15,beta,none
City-A,T5,2x,320.0,S5_CityCalib,routine,M_routine,800,True,1,470.4,556.2,0.0,0.0,1.0,mean_0.8,8,0.8,0.15,beta,none
City-A,T5,2x,320.0,S5_CityCalib,cross_regime,M_stress,800,True,1,470.4,382.7,0.0,0.1864,1.0,mean_0.8,8,0.8,0.15,beta,none
City-A,T5,2x,320.0,S6_Q10,routine,M_routine,800,True,1,348.2,556.2,0.0,0.0,1.0,mean_0.8,8,0.8,0.15,beta,none
City-A,T5,2x,320.0,S6_Q10,cross_regime,M_stress,800,True,1,348.2,382.7,0.0,0.0,1.0,mean_0.8,8,0.8,0.15,beta,none
City-A,T5,5x,800.0,S0a_RoutineOracle,routine,M_routine,800,True,2,1045.3,1045.3,0.0,0.0,1.0,mean_0.8,8,0.8,0.15,beta,none
City-A,T5,5x,800.0,S0a_RoutineOracle,cross_regime,M_stress,800,True,2,1045.3,687.9,112.1,0.3419,0.0,mean_0.8,8,0.8,0.15,beta,none
City-A,T5,5x,800.0,S0b_StressOracle,routine,M_routine,800,True,3,1036.6,1419.2,0.0,0.0,1.0,mean_0.8,8,0.8,0.15,beta,none
City-A,T5,5x,800.0,S0b_StressOracle,cross_regime,M_stress,800,True,3,1036.6,1036.6,0.0,0.0,1.0,mean_0.8,8,0.8,0.15,beta,none
City-A,T5,5x,800.0,S1_CapRR,routine,M_routine,800,True,2,1138.1,1005.9,0.0,0.1162,1.0,mean_0.8,8,0.8,0.15,beta,none
City-A,T5,5x,800.0,S1_CapRR,cross_regime,M_stress,800,True,2,1138.1,623.1,176.9,0.4525,0.0,mean_0.8,8,0.8,0.15,beta,none
City-A,T5,5x,800.0,S2_Platform,routine,M_routine,800,True,2,897.6,1045.3,0.0,0.0,1.0,mean_0.8,8,0.8,0.15,beta,none
City-A,T5,5x,800.0,S2_Platform,cross_regime,M_stress,800,True,2,897.6,687.9,112.1,0.2336,0.0,mean_0.8,8,0.8,0.15,beta,none
City-A,T5,5x,800.0,S3_Lin4,routine,M_routine,800,True,2,1027.3,971.0,0.0,0.0548,1.0,mean_0.8,8,0.8,0.15,beta,none
City-A,T5,5x,800.0,S3_Lin4,cross_regime,M_stress,800,True,2,1027.3,727.1,72.9,0.2922,0.0,mean_0.8,8,0.8,0.15,beta,none
City-A,T5,5x,800.0,S4_GlobalCalib,routine,M_routine,800,True,2,905.0,1005.9,0.0,0.0,1.0,mean_0.8,8,0.8,0.15,beta,none
City-A,T5,5x,800.0,S4_GlobalCalib,cross_regime,M_stress,800,True,2,905.0,623.1,176.9,0.3114,0.0,mean_0.8,8,0.8,0.15,beta,none
City-A,T5,5x,800.0,S5_CityCalib,routine,M_routine,800,True,2,897.4,1005.9,0.0,0.0,1.0,mean_0.8,8,0.8,0.15,beta,none
City-A,T5,5x,800.0,S5_CityCalib,cross_regime,M_stress,800,True,2,897.4,623.1,176.9,0.3056,0.0,mean_0.8,8,0.8,0.15,beta,none
City-A,T5,5x,800.0,S6_Q10,routine,M_routine,800,True,3,970.3,1420.7,0.0,0.0,1.0,mean_0.8,8,0.8,0.15,beta,none
City-A,T5,5x,800.0,S6_Q10,cross_regime,M_stress,800,True,3,970.3,967.5,0.0,0.0029,1.0,mean_0.8,8,0.8,0.15,beta,none
City-A,T5,10x,1600.0,S0a_RoutineOracle,routine,M_routine,800,True,4,1945.9,1945.9,0.0,0.0,1.0,mean_0.8,8,0.8,0.15,beta,none
City-A,T5,10x,1600.0,S0a_RoutineOracle,cross_regime,M_stress,800,True,4,1945.9,1190.3,409.7,0.3883,0.0,mean_0.8,8,0.8,0.15,beta,none
City-A,T5,10x,1600.0,S0b_StressOracle,routine,M_routine,800,True,5,1624.5,2202.7,0.0,0.0,1.0,mean_0.8,8,0.8,0.15,beta,none
City-A,T5,10x,1600.0,S0b_StressOracle,cross_regime,M_stress,800,True,5,1624.5,1624.5,0.0,0.0,1.0,mean_0.8,8,0.8,0.15,beta,none
City-A,T5,10x,1600.0,S1_CapRR,routine,M_routine,800,True,3,1662.9,1420.7,179.3,0.1456,0.0,mean_0.8,8,0.8,0.15,beta,none
City-A,T5,10x,1600.0,S1_CapRR,cross_regime,M_stress,800,True,3,1662.9,967.5,632.5,0.4182,0.0,mean_0.8,8,0.8,0.15,beta,none
City-A,T5,10x,1600.0,S2_Platform,routine,M_routine,800,True,4,1696.8,1908.3,0.0,0.0,1.0,mean_0.8,8,0.8,0.15,beta,none
City-A,T5,10x,1600.0,S2_Platform,cross_regime,M_stress,800,True,4,1696.8,1341.8,258.2,0.2092,0.0,mean_0.8,8,0.8,0.15,beta,none
City-A,T5,10x,1600.0,S3_Lin4,routine,M_routine,800,True,4,1885.4,1856.3,0.0,0.0155,1.0,mean_0.8,8,0.8,0.15,beta,none
City-A,T5,10x,1600.0,S3_Lin4,cross_regime,M_stress,800,True,4,1885.4,1221.7,378.3,0.352,0.0,mean_0.8,8,0.8,0.15,beta,none
City-A,T5,10x,1600.0,S4_GlobalCalib,routine,M_routine,800,True,4,1729.8,1868.9,0.0,0.0,1.0,mean_0.8,8,0.8,0.15,beta,none
City-A,T5,10x,1600.0,S4_GlobalCalib,cross_regime,M_stress,800,True,4,1729.8,1277.1,322.9,0.2617,0.0,mean_0.8,8,0.8,0.15,beta,none
City-A,T5,10x,1600.0,S5_CityCalib,routine,M_routine,800,True,4,1715.6,1868.9,0.0,0.0,1.0,mean_0.8,8,0.8,0.15,beta,none
City-A,T5,10x,1600.0,S5_CityCalib,cross_regime,M_stress,800,True,4,1715.6,1277.1,322.9,0.2556,0.0,mean_0.8,8,0.8,0.15,beta,none
City-A,T5,10x,1600.0,S6_Q10,routine,M_routine,800,True,6,1831.3,2793.6,0.0,0.0,1.0,mean_0.8,8,0.8,0.15,beta,none
City-A,T5,10x,1600.0,S6_Q10,cross_regime,M_stress,800,True,6,1831.3,1836.4,0.0,0.0,1.0,mean_0.8,8,0.8,0.15,beta,none
City-B,T1,1x,180.0,S0a_RoutineOracle,routine,M_routine,500,True,1,776.1,776.1,0.0,0.0,1.0,mean_0.8,8,0.8,0.15,beta,none
City-B,T1,1x,180.0,S0a_RoutineOracle,cross_regime,M_stress,500,True,1,776.1,388.7,0.0,0.4992,1.0,mean_0.8,8,0.8,0.15,beta,none
City-B,T1,1x,180.0,S0b_StressOracle,routine,M_routine,500,True,1,524.7,775.4,0.0,0.0,1.0,mean_0.8,8,0.8,0.15,beta,none
City-B,T1,1x,180.0,S0b_StressOracle,cross_regime,M_stress,500,True,1,524.7,524.7,0.0,0.0,1.0,mean_0.8,8,0.8,0.15,beta,none
City-B,T1,1x,180.0,S1_CapRR,routine,M_routine,500,True,1,846.0,596.9,0.0,0.2945,1.0,mean_0.8,8,0.8,0.15,beta,none
City-B,T1,1x,180.0,S1_CapRR,cross_regime,M_stress,500,True,1,846.0,442.2,0.0,0.4773,1.0,mean_0.8,8,0.8,0.15,beta,none
City-B,T1,1x,180.0,S2_Platform,routine,M_routine,500,True,1,561.1,776.1,0.0,0.0,1.0,mean_0.8,8,0.8,0.15,beta,none
City-B,T1,1x,180.0,S2_Platform,cross_regime,M_stress,500,True,1,561.1,388.7,0.0,0.3073,1.0,mean_0.8,8,0.8,0.15,beta,none
City-B,T1,1x,180.0,S3_Lin4,routine,M_routine,500,True,1,557.2,731.3,0.0,0.0,1.0,mean_0.8,8,0.8,0.15,beta,none
City-B,T1,1x,180.0,S3_Lin4,cross_regime,M_stress,500,True,1,557.2,239.8,0.0,0.5697,1.0,mean_0.8,8,0.8,0.15,beta,none
City-B,T1,1x,180.0,S4_GlobalCalib,routine,M_routine,500,True,1,677.2,596.9,0.0,0.1186,1.0,mean_0.8,8,0.8,0.15,beta,none
City-B,T1,1x,180.0,S4_GlobalCalib,cross_regime,M_stress,500,True,1,677.2,442.2,0.0,0.347,1.0,mean_0.8,8,0.8,0.15,beta,none
City-B,T1,1x,180.0,S5_CityCalib,routine,M_routine,500,True,1,683.6,596.9,0.0,0.1269,1.0,mean_0.8,8,0.8,0.15,beta,none
City-B,T1,1x,180.0,S5_CityCalib,cross_regime,M_stress,500,True,1,683.6,442.2,0.0,0.3531,1.0,mean_0.8,8,0.8,0.15,beta,none
City-B,T1,1x,180.0,S6_Q10,routine,M_routine,500,True,1,494.5,596.9,0.0,0.0,1.0,mean_0.8,8,0.8,0.15,beta,none
City-B,T1,1x,180.0,S6_Q10,cross_regime,M_stress,500,True,1,494.5,442.2,0.0,0.1057,1.0,mean_0.8,8,0.8,0.15,beta,none
City-B,T1,2x,360.0,S0a_RoutineOracle,routine,M_routine,500,True,1,776.1,776.1,0.0,0.0,1.0,mean_0.8,8,0.8,0.15,beta,none
City-B,T1,2x,360.0,S0a_RoutineOracle,cross_regime,M_stress,500,True,1,776.1,388.7,0.0,0.4992,1.0,mean_0.8,8,0.8,0.15,beta,none
City-B,T1,2x,360.0,S0b_StressOracle,routine,M_routine,500,True,1,524.7,775.4,0.0,0.0,1.0,mean_0.8,8,0.8,0.15,beta,none
City-B,T1,2x,360.0,S0b_StressOracle,cross_regime,M_stress,500,True,1,524.7,524.7,0.0,0.0,1.0,mean_0.8,8,0.8,0.15,beta,none
City-B,T1,2x,360.0,S1_CapRR,routine,M_routine,500,True,1,846.0,596.9,0.0,0.2945,1.0,mean_0.8,8,0.8,0.15,beta,none
City-B,T1,2x,360.0,S1_CapRR,cross_regime,M_stress,500,True,1,846.0,442.2,0.0,0.4773,1.0,mean_0.8,8,0.8,0.15,beta,none
City-B,T1,2x,360.0,S2_Platform,routine,M_routine,500,True,1,561.1,776.1,0.0,0.0,1.0,mean_0.8,8,0.8,0.15,beta,none
City-B,T1,2x,360.0,S2_Platform,cross_regime,M_stress,500,True,1,561.1,388.7,0.0,0.3073,1.0,mean_0.8,8,0.8,0.15,beta,none
City-B,T1,2x,360.0,S3_Lin4,routine,M_routine,500,True,1,557.2,731.3,0.0,0.0,1.0,mean_0.8,8,0.8,0.15,beta,none
City-B,T1,2x,360.0,S3_Lin4,cross_regime,M_stress,500,True,1,557.2,239.8,120.2,0.5697,0.0,mean_0.8,8,0.8,0.15,beta,none
City-B,T1,2x,360.0,S4_GlobalCalib,routine,M_routine,500,True,1,677.2,596.9,0.0,0.1186,1.0,mean_0.8,8,0.8,0.15,beta,none
City-B,T1,2x,360.0,S4_GlobalCalib,cross_regime,M_stress,500,True,1,677.2,442.2,0.0,0.347,1.0,mean_0.8,8,0.8,0.15,beta,none
City-B,T1,2x,360.0,S5_CityCalib,routine,M_routine,500,True,1,683.6,596.9,0.0,0.1269,1.0,mean_0.8,8,0.8,0.15,beta,none
City-B,T1,2x,360.0,S5_CityCalib,cross_regime,M_stress,500,True,1,683.6,442.2,0.0,0.3531,1.0,mean_0.8,8,0.8,0.15,beta,none
City-B,T1,2x,360.0,S6_Q10,routine,M_routine,500,True,1,494.5,596.9,0.0,0.0,1.0,mean_0.8,8,0.8,0.15,beta,none
City-B,T1,2x,360.0,S6_Q10,cross_regime,M_stress,500,True,1,494.5,442.2,0.0,0.1057,1.0,mean_0.8,8,0.8,0.15,beta,none
City-B,T1,5x,900.0,S0a_RoutineOracle,routine,M_routine,500,True,2,1551.5,1551.5,0.0,0.0,1.0,mean_0.8,8,0.8,0.15,beta,none
City-B,T1,5x,900.0,S0a_RoutineOracle,cross_regime,M_stress,500,True,2,1551.5,913.5,0.0,0.4112,1.0,mean_0.8,8,0.8,0.15,beta,none
City-B,T1,5x,900.0,S0b_StressOracle,routine,M_routine,500,True,2,967.0,1372.3,0.0,0.0,1.0,mean_0.8,8,0.8,0.15,beta,none
City-B,T1,5x,900.0,S0b_StressOracle,cross_regime,M_stress,500,True,2,967.0,967.0,0.0,0.0,1.0,mean_0.8,8,0.8,0.15,beta,none
City-B,T1,5x,900.0,S1_CapRR,routine,M_routine,500,True,2,1688.0,1372.3,0.0,0.187,1.0,mean_0.8,8,0.8,0.15,beta,none
City-B,T1,5x,900.0,S1_CapRR,cross_regime,M_stress,500,True,2,1688.0,967.0,0.0,0.4271,1.0,mean_0.8,8,0.8,0.15,beta,none
City-B,T1,5x,900.0,S2_Platform,routine,M_routine,500,True,2,1112.3,1507.4,0.0,0.0,1.0,mean_0.8,8,0.8,0.15,beta,none
City-B,T1,5x,900.0,S2_Platform,cross_regime,M_stress,500,True,2,1112.3,628.5,271.5,0.435,0.0,mean_0.8,8,0.8,0.15,beta,none
City-B,T1,5x,900.0,S3_Lin4,routine,M_routine,500,True,2,1106.9,1507.4,0.0,0.0,1.0,mean_0.8,8,0.8,0.15,beta,none
City-B,T1,5x,900.0,S3_Lin4,cross_regime,M_stress,500,True,2,1106.9,628.5,271.5,0.4322,0.0,mean_0.8,8,0.8,0.15,beta,none
City-B,T1,5x,900.0,S4_GlobalCalib,routine,M_routine,500,True,2,1351.2,1372.3,0.0,0.0,1.0,mean_0.8,8,0.8,0.15,beta,none
City-B,T1,5x,900.0,S4_GlobalCalib,cross_regime,M_stress,500,True,2,1351.2,967.0,0.0,0.2843,1.0,mean_0.8,8,0.8,0.15,beta,none
City-B,T1,5x,900.0,S5_CityCalib,routine,M_routine,500,True,2,1364.0,1372.3,0.0,0.0,1.0,mean_0.8,8,0.8,0.15,beta,none
City-B,T1,5x,900.0,S5_CityCalib,cross_regime,M_stress,500,True,2,1364.0,967.0,0.0,0.2911,1.0,mean_0.8,8,0.8,0.15,beta,none
City-B,T1,5x,900.0,S6_Q10,routine,M_routine,500,True,2,986.6,1372.3,0.0,0.0,1.0,mean_0.8,8,0.8,0.15,beta,none
City-B,T1,5x,900.0,S6_Q10,cross_regime,M_stress,500,True,2,986.6,967.0,0.0,0.0199,1.0,mean_0.8,8,0.8,0.15,beta,none
City-B,T1,10x,1800.0,S0a_RoutineOracle,routine,M_routine,500,True,3,2282.8,2282.8,0.0,0.0,1.0,mean_0.8,8,0.8,0.15,beta,none
City-B,T1,10x,1800.0,S0a_RoutineOracle,cross_regime,M_stress,500,True,3,2282.8,1153.3,646.7,0.4948,0.0,mean_0.8,8,0.8,0.15,beta,none
City-B,T1,10x,1800.0,S0b_StressOracle,routine,M_routine,500,True,5,2043.2,3114.7,0.0,0.0,1.0,mean_0.8,8,0.8,0.15,beta,none
City-B,T1,10x,1800.0,S0b_StressOracle,cross_regime,M_stress,500,True,5,2043.2,2043.2,0.0,0.0,1.0,mean_0.8,8,0.8,0.15,beta,none
City-B,T1,10x,1800.0,S1_CapRR,routine,M_routine,500,True,3,2504.5,2103.5,0.0,0.1601,1.0,mean_0.8,8,0.8,0.15,beta,none
City-B,T1,10x,1800.0,S1_CapRR,cross_regime,M_stress,500,True,3,2504.5,1206.7,593.3,0.5182,0.0,mean_0.8,8,0.8,0.15,beta,none
City-B,T1,10x,1800.0,S2_Platform,routine,M_routine,500,True,4,2163.2,2879.7,0.0,0.0,1.0,mean_0.8,8,0.8,0.15,beta,none
City-B,T1,10x,1800.0,S2_Platform,cross_regime,M_stress,500,True,4,2163.2,1595.5,204.5,0.2624,0.0,mean_0.8,8,0.8,0.15,beta,none
City-B,T1,10x,1800.0,S3_Lin4,routine,M_routine,500,True,4,2195.8,2879.7,0.0,0.0,1.0,mean_0.8,8,0.8,0.15,beta,none
City-B,T1,10x,1800.0,S3_Lin4,cross_regime,M_stress,500,True,4,2195.8,1595.5,204.5,0.2734,0.0,mean_0.8,8,0.8,0.15,beta,none
City-B,T1,10x,1800.0,S4_GlobalCalib,routine,M_routine,500,True,3,2004.8,2103.5,0.0,0.0,1.0,mean_0.8,8,0.8,0.15,beta,none
City-B,T1,10x,1800.0,S4_GlobalCalib,cross_regime,M_stress,500,True,3,2004.8,1206.7,593.3,0.3981,0.0,mean_0.8,8,0.8,0.15,beta,none
City-B,T1,10x,1800.0,S5_CityCalib,routine,M_routine,500,True,3,2023.7,2103.5,0.0,0.0,1.0,mean_0.8,8,0.8,0.15,beta,none
City-B,T1,10x,1800.0,S5_CityCalib,cross_regime,M_stress,500,True,3,2023.7,1206.7,593.3,0.4037,0.0,mean_0.8,8,0.8,0.15,beta,none
City-B,T1,10x,1800.0,S6_Q10,routine,M_routine,500,True,4,1930.7,2879.7,0.0,0.0,1.0,mean_0.8,8,0.8,0.15,beta,none
City-B,T1,10x,1800.0,S6_Q10,cross_regime,M_stress,500,True,4,1930.7,1595.5,204.5,0.1736,0.0,mean_0.8,8,0.8,0.15,beta,none
City-B,T2,1x,260.0,S0a_RoutineOracle,routine,M_routine,500,True,1,768.8,768.8,0.0,0.0,1.0,mean_0.8,8,0.8,0.15,beta,none
City-B,T2,1x,260.0,S0a_RoutineOracle,cross_regime,M_stress,500,True,1,768.8,433.6,0.0,0.436,1.0,mean_0.8,8,0.8,0.15,beta,none
City-B,T2,1x,260.0,S0b_StressOracle,routine,M_routine,500,True,1,504.2,728.6,0.0,0.0,1.0,mean_0.8,8,0.8,0.15,beta,none
City-B,T2,1x,260.0,S0b_StressOracle,cross_regime,M_stress,500,True,1,504.2,504.2,0.0,0.0,1.0,mean_0.8,8,0.8,0.15,beta,none
City-B,T2,1x,260.0,S1_CapRR,routine,M_routine,500,True,1,846.0,768.8,0.0,0.0913,1.0,mean_0.8,8,0.8,0.15,beta,none
City-B,T2,1x,260.0,S1_CapRR,cross_regime,M_stress,500,True,1,846.0,433.6,0.0,0.4875,1.0,mean_0.8,8,0.8,0.15,beta,none
City-B,T2,1x,260.0,S2_Platform,routine,M_routine,500,True,1,557.0,563.0,0.0,0.0,1.0,mean_0.8,8,0.8,0.15,beta,none
City-B,T2,1x,260.0,S2_Platform,cross_regime,M_stress,500,True,1,557.0,447.0,0.0,0.1975,1.0,mean_0.8,8,0.8,0.15,beta,none
City-B,T2,1x,260.0,S3_Lin4,routine,M_routine,500,True,1,556.0,728.6,0.0,0.0,1.0,mean_0.8,8,0.8,0.15,beta,none
City-B,T2,1x,260.0,S3_Lin4,cross_regime,M_stress,500,True,1,556.0,504.2,0.0,0.0931,1.0,mean_0.8,8,0.8,0.15,beta,none
City-B,T2,1x,260.0,S4_GlobalCalib,routine,M_routine,500,True,1,674.4,768.8,0.0,0.0,1.0,mean_0.8,8,0.8,0.15,beta,none
City-B,T2,1x,260.0,S4_GlobalCalib,cross_regime,M_stress,500,True,1,674.4,433.6,0.0,0.3571,1.0,mean_0.8,8,0.8,0.15,beta,none
City-B,T2,1x,260.0,S5_CityCalib,routine,M_routine,500,True,1,678.6,768.8,0.0,0.0,1.0,mean_0.8,8,0.8,0.15,beta,none
City-B,T2,1x,260.0,S5_CityCalib,cross_regime,M_stress,500,True,1,678.6,433.6,0.0,0.3611,1.0,mean_0.8,8,0.8,0.15,beta,none
City-B,T2,1x,260.0,S6_Q10,routine,M_routine,500,True,1,493.3,768.8,0.0,0.0,1.0,mean_0.8,8,0.8,0.15,beta,none
City-B,T2,1x,260.0,S6_Q10,cross_regime,M_stress,500,True,1,493.3,433.6,0.0,0.1211,1.0,mean_0.8,8,0.8,0.15,beta,none
City-B,T2,2x,520.0,S0a_RoutineOracle,routine,M_routine,500,True,1,768.8,768.8,0.0,0.0,1.0,mean_0.8,8,0.8,0.15,beta,none
City-B,T2,2x,520.0,S0a_RoutineOracle,cross_regime,M_stress,500,True,1,768.8,433.6,86.4,0.436,0.0,mean_0.8,8,0.8,0.15,beta,none
City-B,T2,2x,520.0,S0b_StressOracle,routine,M_routine,500,True,2,951.2,1291.6,0.0,0.0,1.0,mean_0.8,8,0.8,0.15,beta,none
City-B,T2,2x,520.0,S0b_StressOracle,cross_regime,M_stress,500,True,2,951.2,951.2,0.0,0.0,1.0,mean_0.8,8,0.8,0.15,beta,none
City-B,T2,2x,520.0,S1_CapRR,routine,M_routine,500,True,1,846.0,768.8,0.0,0.0913,1.0,mean_0.8,8,0.8,0.15,beta,none
City-B,T2,2x,520.0,S1_CapRR,cross_regime,M_stress,500,True,1,846.0,433.6,86.4,0.4875,0.0,mean_0.8,8,0.8,0.15,beta,none
City-B,T2,2x,520.0,S2_Platform,routine,M_routine,500,True,1,557.0,563.0,0.0,0.0,1.0,mean_0.8,8,0.8,0.15,beta,none
City-B,T2,2x,520.0,S2_Platform,cross_regime,M_stress,500,True,1,557.0,447.0,73.0,0.1975,0.0,mean_0.8,8,0.8,0.15,beta,none
City-B,T2,2x,520.0,S3_Lin4,routine,M_routine,500,True,1,556.0,728.6,0.0,0.0,1.0,mean_0.8,8,0.8,0.15,beta,none
City-B,T2,2x,520.0,S3_Lin4,cross_regime,M_stress,500,True,1,556.0,504.2,15.8,0.0931,0.0,mean_0.8,8,0.8,0.15,beta,none
City-B,T2,2x,520.0,S4_GlobalCalib,routine,M_routine,500,True,1,674.4,768.8,0.0,0.0,1.0,mean_0.8,8,0.8,0.15,beta,none
City-B,T2,2x,520.0,S4_GlobalCalib,cross_regime,M_stress,500,True,1,674.4,433.6,86.4,0.3571,0.0,mean_0.8,8,0.8,0.15,beta,none
City-B,T2,2x,520.0,S5_CityCalib,routine,M_routine,500,True,1,678.6,768.8,0.0,0.0,1.0,mean_0.8,8,0.8,0.15,beta,none
City-B,T2,2x,520.0,S5_CityCalib,cross_regime,M_stress,500,True,1,678.6,433.6,86.4,0.3611,0.0,mean_0.8,8,0.8,0.15,beta,none
City-B,T2,2x,520.0,S6_Q10,routine,M_routine,500,True,2,984.3,1530.9,0.0,0.0,1.0,mean_0.8,8,0.8,0.15,beta,none
City-B,T2,2x,520.0,S6_Q10,cross_regime,M_stress,500,True,2,984.3,799.2,0.0,0.1881,1.0,mean_0.8,8,0.8,0.15,beta,none
City-B,T2,5x,1300.0,S0a_RoutineOracle,routine,M_routine,500,True,2,1530.9,1530.9,0.0,0.0,1.0,mean_0.8,8,0.8,0.15,beta,none
City-B,T2,5x,1300.0,S0a_RoutineOracle,cross_regime,M_stress,500,True,2,1530.9,799.2,500.8,0.478,0.0,mean_0.8,8,0.8,0.15,beta,none
City-B,T2,5x,1300.0,S0b_StressOracle,routine,M_routine,500,True,3,1384.8,2060.4,0.0,0.0,1.0,mean_0.8,8,0.8,0.15,beta,none
City-B,T2,5x,1300.0,S0b_StressOracle,cross_regime,M_stress,500,True,3,1384.8,1384.8,0.0,0.0,1.0,mean_0.8,8,0.8,0.15,beta,none
City-B,T2,5x,1300.0,S1_CapRR,routine,M_routine,500,True,2,1688.0,1530.9,0.0,0.0931,1.0,mean_0.8,8,0.8,0.15,beta,none
City-B,T2,5x,1300.0,S1_CapRR,cross_regime,M_stress,500,True,2,1688.0,799.2,500.8,0.5265,0.0,mean_0.8,8,0.8,0.15,beta,none
City-B,T2,5x,1300.0,S2_Platform,routine,M_routine,500,True,3,1630.3,2053.6,0.0,0.0,1.0,mean_0.8,8,0.8,0.15,beta,none
City-B,T2,5x,1300.0,S2_Platform,cross_regime,M_stress,500,True,3,1630.3,1316.8,0.0,0.1923,1.0,mean_0.8,8,0.8,0.15,beta,none
City-B,T2,5x,1300.0,S3_Lin4,routine,M_routine,500,True,3,1648.7,2060.4,0.0,0.0,1.0,mean_0.8,8,0.8,0.15,beta,none
City-B,T2,5x,1300.0,S3_Lin4,cross_regime,M_stress,500,True,3,1648.7,1384.8,0.0,0.16,1.0,mean_0.8,8,0.8,0.15,beta,none
City-B,T2,5x,1300.0,S4_GlobalCalib,routine,M_routine,500,True,2,1345.7,1530.9,0.0,0.0,1.0,mean_0.8,8,0.8,0.15,beta,none
City-B,T2,5x,1300.0,S4_GlobalCalib,cross_regime,M_stress,500,True,2,1345.7,799.2,500.8,0.4061,0.0,mean_0.8,8,0.8,0.15,beta,none
City-B,T2,5x,1300.0,S5_CityCalib,routine,M_routine,500,True,2,1354.0,1530.9,0.0,0.0,1.0,mean_0.8,8,0.8,0.15,beta,none
City-B,T2,5x,1300.0,S5_CityCalib,cross_regime,M_stress,500,True,2,1354.0,799.2,500.8,0.4098,0.0,mean_0.8,8,0.8,0.15,beta,none
City-B,T2,5x,1300.0,S6_Q10,routine,M_routine,500,True,3,1460.5,2259.4,0.0,0.0,1.0,mean_0.8,8,0.8,0.15,beta,none
City-B,T2,5x,1300.0,S6_Q10,cross_regime,M_stress,500,True,3,1460.5,1303.4,0.0,0.1075,1.0,mean_0.8,8,0.8,0.15,beta,none
City-B,T2,10x,2600.0,S0a_RoutineOracle,routine,M_routine,500,True,4,2831.8,2831.8,0.0,0.0,1.0,mean_0.8,8,0.8,0.15,beta,none
City-B,T2,10x,2600.0,S0a_RoutineOracle,cross_regime,M_stress,500,True,4,2831.8,1647.3,952.7,0.4183,0.0,mean_0.8,8,0.8,0.15,beta,none
City-B,T2,10x,2600.0,S0b_StressOracle,routine,M_routine,500,True,7,2860.3,4369.4,0.0,0.0,1.0,mean_0.8,8,0.8,0.15,beta,none
City-B,T2,10x,2600.0,S0b_StressOracle,cross_regime,M_stress,500,True,7,2860.3,2860.3,0.0,0.0,1.0,mean_0.8,8,0.8,0.15,beta,none
City-B,T2,10x,2600.0,S1_CapRR,routine,M_routine,500,True,4,3303.2,2822.4,0.0,0.1456,1.0,mean_0.8,8,0.8,0.15,beta,none
City-B,T2,10x,2600.0,S1_CapRR,cross_regime,M_stress,500,True,4,3303.2,1750.4,849.6,0.4701,0.0,mean_0.8,8,0.8,0.15,beta,none
City-B,T2,10x,2600.0,S2_Platform,routine,M_routine,500,True,6,2974.4,3939.8,0.0,0.0,1.0,mean_0.8,8,0.8,0.15,beta,none
City-B,T2,10x,2600.0,S2_Platform,cross_regime,M_stress,500,True,6,2974.4,2442.3,157.7,0.1789,0.0,mean_0.8,8,0.8,0.15,beta,none
City-B,T2,10x,2600.0,S3_Lin4,routine,M_routine,500,True,5,2651.0,3394.8,0.0,0.0,1.0,mean_0.8,8,0.8,0.15,beta,none
City-B,T2,10x,2600.0,S3_Lin4,cross_regime,M_stress,500,True,5,2651.0,2094.3,505.7,0.21,0.0,mean_0.8,8,0.8,0.15,beta,none
City-B,T2,10x,2600.0,S4_GlobalCalib,routine,M_routine,500,True,4,2633.4,2822.4,0.0,0.0,1.0,mean_0.8,8,0.8,0.15,beta,none
City-B,T2,10x,2600.0,S4_GlobalCalib,cross_regime,M_stress,500,True,4,2633.4,1750.4,849.6,0.3353,0.0,mean_0.8,8,0.8,0.15,beta,none
City-B,T2,10x,2600.0,S5_CityCalib,routine,M_routine,500,True,4,2649.6,2822.4,0.0,0.0,1.0,mean_0.8,8,0.8,0.15,beta,none
City-B,T2,10x,2600.0,S5_CityCalib,cross_regime,M_stress,500,True,4,2649.6,1750.4,849.6,0.3394,0.0,mean_0.8,8,0.8,0.15,beta,none
City-B,T2,10x,2600.0,S6_Q10,routine,M_routine,500,True,6,2709.1,3847.9,0.0,0.0,1.0,mean_0.8,8,0.8,0.15,beta,none
City-B,T2,10x,2600.0,S6_Q10,cross_regime,M_stress,500,True,6,2709.1,2490.6,109.4,0.0806,0.0,mean_0.8,8,0.8,0.15,beta,none
City-B,T3,1x,200.0,S0a_RoutineOracle,routine,M_routine,500,True,1,713.4,713.4,0.0,0.0,1.0,mean_0.8,8,0.8,0.15,beta,none
City-B,T3,1x,200.0,S0a_RoutineOracle,cross_regime,M_stress,500,True,1,713.4,408.8,0.0,0.427,1.0,mean_0.8,8,0.8,0.15,beta,none
City-B,T3,1x,200.0,S0b_StressOracle,routine,M_routine,500,True,1,412.6,428.7,0.0,0.0,1.0,mean_0.8,8,0.8,0.15,beta,none
City-B,T3,1x,200.0,S0b_StressOracle,cross_regime,M_stress,500,True,1,412.6,412.6,0.0,0.0,1.0,mean_0.8,8,0.8,0.15,beta,none
City-B,T3,1x,200.0,S1_CapRR,routine,M_routine,500,True,1,744.5,617.7,0.0,0.1703,1.0,mean_0.8,8,0.8,0.15,beta,none
City-B,T3,1x,200.0,S1_CapRR,cross_regime,M_stress,500,True,1,744.5,284.0,0.0,0.6185,1.0,mean_0.8,8,0.8,0.15,beta,none
City-B,T3,1x,200.0,S2_Platform,routine,M_routine,500,True,1,543.2,428.7,0.0,0.2108,1.0,mean_0.8,8,0.8,0.15,beta,none
City-B,T3,1x,200.0,S2_Platform,cross_regime,M_stress,500,True,1,543.2,412.6,0.0,0.2404,1.0,mean_0.8,8,0.8,0.15,beta,none
City-B,T3,1x,200.0,S3_Lin4,routine,M_routine,500,True,1,544.3,713.4,0.0,0.0,1.0,mean_0.8,8,0.8,0.15,beta,none
City-B,T3,1x,200.0,S3_Lin4,cross_regime,M_stress,500,True,1,544.3,408.8,0.0,0.249,1.0,mean_0.8,8,0.8,0.15,beta,none
City-B,T3,1x,200.0,S4_GlobalCalib,routine,M_routine,500,True,1,591.7,617.7,0.0,0.0,1.0,mean_0.8,8,0.8,0.15,beta,none
City-B,T3,1x,200.0,S4_GlobalCalib,cross_regime,M_stress,500,True,1,591.7,284.0,0.0,0.52,1.0,mean_0.8,8,0.8,0.15,beta,none
City-B,T3,1x,200.0,S5_CityCalib,routine,M_routine,500,True,1,597.7,617.7,0.0,0.0,1.0,mean_0.8,8,0.8,0.15,beta,none
City-B,T3,1x,200.0,S5_CityCalib,cross_regime,M_stress,500,True,1,597.7,284.0,0.0,0.5249,1.0,mean_0.8,8,0.8,0.15,beta,none
City-B,T3,1x,200.0,S6_Q10,routine,M_routine,500,True,1,434.7,617.7,0.0,0.0,1.0,mean_0.8,8,0.8,0.15,beta,none
City-B,T3,1x,200.0,S6_Q10,cross_regime,M_stress,500,True,1,434.7,284.0,0.0,0.3466,1.0,mean_0.8,8,0.8,0.15,beta,none
City-B,T3,2x,400.0,S0a_RoutineOracle,routine,M_routine,500,True,1,713.4,713.4,0.0,0.0,1.0,mean_0.8,8,0.8,0.15,beta,none
City-B,T3,2x,400.0,S0a_RoutineOracle,cross_regime,M_stress,500,True,1,713.4,408.8,0.0,0.427,1.0,mean_0.8,8,0.8,0.15,beta,none
City-B,T3,2x,400.0,S0b_StressOracle,routine,M_routine,500,True,1,412.6,428.7,0.0,0.0,1.0,mean_0.8,8,0.8,0.15,beta,none
City-B,T3,2x,400.0,S0b_StressOracle,cross_regime,M_stress,500,True,1,412.6,412.6,0.0,0.0,1.0,mean_0.8,8,0.8,0.15,beta,none
City-B,T3,2x,400.0,S1_CapRR,routine,M_routine,500,True,1,744.5,617.7,0.0,0.1703,1.0,mean_0.8,8,0.8,0.15,beta,none
City-B,T3,2x,400.0,S1_CapRR,cross_regime,M_stress,500,True,1,744.5,284.0,116.0,0.6185,0.0,mean_0.8,8,0.8,0.15,beta,none
City-B,T3,2x,400.0,S2_Platform,routine,M_routine,500,True,1,543.2,428.7,0.0,0.2108,1.0,mean_0.8,8,0.8,0.15,beta,none
City-B,T3,2x,400.0,S2_Platform,cross_regime,M_stress,500,True,1,543.2,412.6,0.0,0.2404,1.0,mean_0.8,8,0.8,0.15,beta,none
City-B,T3,2x,400.0,S3_Lin4,routine,M_routine,500,True,1,544.3,713.4,0.0,0.0,1.0,mean_0.8,8,0.8,0.15,beta,none
City-B,T3,2x,400.0,S3_Lin4,cross_regime,M_stress,500,True,1,544.3,408.8,0.0,0.249,1.0,mean_0.8,8,0.8,0.15,beta,none
City-B,T3,2x,400.0,S4_GlobalCalib,routine,M_routine,500,True,1,591.7,617.7,0.0,0.0,1.0,mean_0.8,8,0.8,0.15,beta,none
City-B,T3,2x,400.0,S4_GlobalCalib,cross_regime,M_stress,500,True,1,591.7,284.0,116.0,0.52,0.0,mean_0.8,8,0.8,0.15,beta,none
City-B,T3,2x,400.0,S5_CityCalib,routine,M_routine,500,True,1,597.7,617.7,0.0,0.0,1.0,mean_0.8,8,0.8,0.15,beta,none
City-B,T3,2x,400.0,S5_CityCalib,cross_regime,M_stress,500,True,1,597.7,284.0,116.0,0.5249,0.0,mean_0.8,8,0.8,0.15,beta,none
City-B,T3,2x,400.0,S6_Q10,routine,M_routine,500,True,1,434.7,617.7,0.0,0.0,1.0,mean_0.8,8,0.8,0.15,beta,none
City-B,T3,2x,400.0,S6_Q10,cross_regime,M_stress,500,True,1,434.7,284.0,116.0,0.3466,0.0,mean_0.8,8,0.8,0.15,beta,none
City-B,T3,5x,1000.0,S0a_RoutineOracle,routine,M_routine,500,True,2,1416.5,1416.5,0.0,0.0,1.0,mean_0.8,8,0.8,0.15,beta,none
City-B,T3,5x,1000.0,S0a_RoutineOracle,cross_regime,M_stress,500,True,2,1416.5,669.4,330.6,0.5274,0.0,mean_0.8,8,0.8,0.15,beta,none
City-B,T3,5x,1000.0,S0b_StressOracle,routine,M_routine,500,True,3,1153.1,1741.9,0.0,0.0,1.0,mean_0.8,8,0.8,0.15,beta,none
City-B,T3,5x,1000.0,S0b_StressOracle,cross_regime,M_stress,500,True,3,1153.1,1153.1,0.0,0.0,1.0,mean_0.8,8,0.8,0.15,beta,none
City-B,T3,5x,1000.0,S1_CapRR,routine,M_routine,500,True,2,1485.4,1046.4,0.0,0.2956,1.0,mean_0.8,8,0.8,0.15,beta,none
City-B,T3,5x,1000.0,S1_CapRR,cross_regime,M_stress,500,True,2,1485.4,696.6,303.4,0.5311,0.0,mean_0.8,8,0.8,0.15,beta,none
City-B,T3,5x,1000.0,S2_Platform,routine,M_routine,500,True,2,1048.0,1142.1,0.0,0.0,1.0,mean_0.8,8,0.8,0.15,beta,none
City-B,T3,5x,1000.0,S2_Platform,cross_regime,M_stress,500,True,2,1048.0,821.3,178.7,0.2163,0.0,mean_0.8,8,0.8,0.15,beta,none
City-B,T3,5x,1000.0,S3_Lin4,routine,M_routine,500,True,2,1081.3,1416.5,0.0,0.0,1.0,mean_0.8,8,0.8,0.15,beta,none
City-B,T3,5x,1000.0,S3_Lin4,cross_regime,M_stress,500,True,2,1081.3,669.4,330.6,0.3809,0.0,mean_0.8,8,0.8,0.15,beta,none
City-B,T3,5x,1000.0,S4_GlobalCalib,routine,M_routine,500,True,2,1180.5,1046.4,0.0,0.1136,1.0,mean_0.8,8,0.8,0.15,beta,none
City-B,T3,5x,1000.0,S4_GlobalCalib,cross_regime,M_stress,500,True,2,1180.5,696.6,303.4,0.4099,0.0,mean_0.8,8,0.8,0.15,beta,none
City-B,T3,5x,1000.0,S5_CityCalib,routine,M_routine,500,True,2,1192.6,1046.4,0.0,0.1226,1.0,mean_0.8,8,0.8,0.15,beta,none
City-B,T3,5x,1000.0,S5_CityCalib,cross_regime,M_stress,500,True,2,1192.6,696.6,303.4,0.4159,0.0,mean_0.8,8,0.8,0.15,beta,none
City-B,T3,5x,1000.0,S6_Q10,routine,M_routine,500,True,3,1286.7,1759.7,0.0,0.0,1.0,mean_0.8,8,0.8,0.15,beta,none
City-B,T3,5x,1000.0,S6_Q10,cross_regime,M_stress,500,True,3,1286.7,1105.3,0.0,0.141,1.0,mean_0.8,8,0.8,0.15,beta,none
City-B,T3,10x,2000.0,S0a_RoutineOracle,routine,M_routine,500,True,3,2034.2,2034.2,0.0,0.0,1.0,mean_0.8,8,0.8,0.15,beta,none
City-B,T3,10x,2000.0,S0a_RoutineOracle,cross_regime,M_stress,500,True,3,2034.2,953.4,1046.6,0.5313,0.0,mean_0.8,8,0.8,0.15,beta,none
City-B,T3,10x,2000.0,S0b_StressOracle,routine,M_routine,500,True,6,2028.0,3090.6,0.0,0.0,1.0,mean_0.8,8,0.8,0.15,beta,none
City-B,T3,10x,2000.0,S0b_StressOracle,cross_regime,M_stress,500,True,6,2028.0,2028.0,0.0,0.0,1.0,mean_0.8,8,0.8,0.15,beta,none
City-B,T3,10x,2000.0,S1_CapRR,routine,M_routine,500,True,3,2203.9,1759.7,240.3,0.2015,0.0,mean_0.8,8,0.8,0.15,beta,none
City-B,T3,10x,2000.0,S1_CapRR,cross_regime,M_stress,500,True,3,2203.9,1105.3,894.7,0.4985,0.0,mean_0.8,8,0.8,0.15,beta,none
City-B,T3,10x,2000.0,S2_Platform,routine,M_routine,500,True,5,2307.7,2797.6,0.0,0.0,1.0,mean_0.8,8,0.8,0.15,beta,none
City-B,T3,10x,2000.0,S2_Platform,cross_regime,M_stress,500,True,5,2307.7,1667.2,332.8,0.2776,0.0,mean_0.8,8,0.8,0.15,beta,none
City-B,T3,10x,2000.0,S3_Lin4,routine,M_routine,500,True,4,2136.8,2462.8,0.0,0.0,1.0,mean_0.8,8,0.8,0.15,beta,none
City-B,T3,10x,2000.0,S3_Lin4,cross_regime,M_stress,500,True,4,2136.8,1366.0,634.0,0.3608,0.0,mean_0.8,8,0.8,0.15,beta,none
City-B,T3,10x,2000.0,S4_GlobalCalib,routine,M_routine,500,True,4,2310.2,2462.8,0.0,0.0,1.0,mean_0.8,8,0.8,0.15,beta,none
City-B,T3,10x,2000.0,S4_GlobalCalib,cross_regime,M_stress,500,True,4,2310.2,1366.0,634.0,0.4087,0.0,mean_0.8,8,0.8,0.15,beta,none
City-B,T3,10x,2000.0,S5_CityCalib,routine,M_routine,500,True,4,2333.6,2462.8,0.0,0.0,1.0,mean_0.8,8,0.8,0.15,beta,none
City-B,T3,10x,2000.0,S5_CityCalib,cross_regime,M_stress,500,True,4,2333.6,1366.0,634.0,0.4146,0.0,mean_0.8,8,0.8,0.15,beta,none
City-B,T3,10x,2000.0,S6_Q10,routine,M_routine,500,True,5,2056.2,3062.7,0.0,0.0,1.0,mean_0.8,8,0.8,0.15,beta,none
City-B,T3,10x,2000.0,S6_Q10,cross_regime,M_stress,500,True,5,2056.2,1697.7,302.3,0.1743,0.0,mean_0.8,8,0.8,0.15,beta,none
City-B,T4,1x,140.0,S0a_RoutineOracle,routine,M_routine,500,True,1,803.9,803.9,0.0,0.0,1.0,mean_0.8,8,0.8,0.15,beta,none
City-B,T4,1x,140.0,S0a_RoutineOracle,cross_regime,M_stress,500,True,1,803.9,521.6,0.0,0.3511,1.0,mean_0.8,8,0.8,0.15,beta,none
City-B,T4,1x,140.0,S0b_StressOracle,routine,M_routine,500,True,1,521.6,803.9,0.0,0.0,1.0,mean_0.8,8,0.8,0.15,beta,none
City-B,T4,1x,140.0,S0b_StressOracle,cross_regime,M_stress,500,True,1,521.6,521.6,0.0,0.0,1.0,mean_0.8,8,0.8,0.15,beta,none
City-B,T4,1x,140.0,S1_CapRR,routine,M_routine,500,True,1,846.0,585.1,0.0,0.3084,1.0,mean_0.8,8,0.8,0.15,beta,none
City-B,T4,1x,140.0,S1_CapRR,cross_regime,M_stress,500,True,1,846.0,493.1,0.0,0.4171,1.0,mean_0.8,8,0.8,0.15,beta,none
City-B,T4,1x,140.0,S2_Platform,routine,M_routine,500,True,1,480.1,585.1,0.0,0.0,1.0,mean_0.8,8,0.8,0.15,beta,none
City-B,T4,1x,140.0,S2_Platform,cross_regime,M_stress,500,True,1,480.1,493.1,0.0,0.0,1.0,mean_0.8,8,0.8,0.15,beta,none
City-B,T4,1x,140.0,S3_Lin4,routine,M_routine,500,True,1,561.8,803.9,0.0,0.0,1.0,mean_0.8,8,0.8,0.15,beta,none
City-B,T4,1x,140.0,S3_Lin4,cross_regime,M_stress,500,True,1,561.8,521.6,0.0,0.0716,1.0,mean_0.8,8,0.8,0.15,beta,none
City-B,T4,1x,140.0,S4_GlobalCalib,routine,M_routine,500,True,1,677.3,585.1,0.0,0.1361,1.0,mean_0.8,8,0.8,0.15,beta,none
City-B,T4,1x,140.0,S4_GlobalCalib,cross_regime,M_stress,500,True,1,677.3,493.1,0.0,0.2719,1.0,mean_0.8,8,0.8,0.15,beta,none
City-B,T4,1x,140.0,S5_CityCalib,routine,M_routine,500,True,1,686.0,585.1,0.0,0.1471,1.0,mean_0.8,8,0.8,0.15,beta,none
City-B,T4,1x,140.0,S5_CityCalib,cross_regime,M_stress,500,True,1,686.0,493.1,0.0,0.2812,1.0,mean_0.8,8,0.8,0.15,beta,none
City-B,T4,1x,140.0,S6_Q10,routine,M_routine,500,True,1,493.8,585.1,0.0,0.0,1.0,mean_0.8,8,0.8,0.15,beta,none
City-B,T4,1x,140.0,S6_Q10,cross_regime,M_stress,500,True,1,493.8,493.1,0.0,0.0014,1.0,mean_0.8,8,0.8,0.15,beta,none
City-B,T4,2x,280.0,S0a_RoutineOracle,routine,M_routine,500,True,1,803.9,803.9,0.0,0.0,1.0,mean_0.8,8,0.8,0.15,beta,none
City-B,T4,2x,280.0,S0a_RoutineOracle,cross_regime,M_stress,500,True,1,803.9,521.6,0.0,0.3511,1.0,mean_0.8,8,0.8,0.15,beta,none
City-B,T4,2x,280.0,S0b_StressOracle,routine,M_routine,500,True,1,521.6,803.9,0.0,0.0,1.0,mean_0.8,8,0.8,0.15,beta,none
City-B,T4,2x,280.0,S0b_StressOracle,cross_regime,M_stress,500,True,1,521.6,521.6,0.0,0.0,1.0,mean_0.8,8,0.8,0.15,beta,none
City-B,T4,2x,280.0,S1_CapRR,routine,M_routine,500,True,1,846.0,585.1,0.0,0.3084,1.0,mean_0.8,8,0.8,0.15,beta,none
City-B,T4,2x,280.0,S1_CapRR,cross_regime,M_stress,500,True,1,846.0,493.1,0.0,0.4171,1.0,mean_0.8,8,0.8,0.15,beta,none
City-B,T4,2x,280.0,S2_Platform,routine,M_routine,500,True,1,480.1,585.1,0.0,0.0,1.0,mean_0.8,8,0.8,0.15,beta,none
City-B,T4,2x,280.0,S2_Platform,cross_regime,M_stress,500,True,1,480.1,493.1,0.0,0.0,1.0,mean_0.8,8,0.8,0.15,beta,none
City-B,T4,2x,280.0,S3_Lin4,routine,M_routine,500,True,1,561.8,803.9,0.0,0.0,1.0,mean_0.8,8,0.8,0.15,beta,none
City-B,T4,2x,280.0,S3_Lin4,cross_regime,M_stress,500,True,1,561.8,521.6,0.0,0.0716,1.0,mean_0.8,8,0.8,0.15,beta,none
City-B,T4,2x,280.0,S4_GlobalCalib,routine,M_routine,500,True,1,677.3,585.1,0.0,0.1361,1.0,mean_0.8,8,0.8,0.15,beta,none
City-B,T4,2x,280.0,S4_GlobalCalib,cross_regime,M_stress,500,True,1,677.3,493.1,0.0,0.2719,1.0,mean_0.8,8,0.8,0.15,beta,none
City-B,T4,2x,280.0,S5_CityCalib,routine,M_routine,500,True,1,686.0,585.1,0.0,0.1471,1.0,mean_0.8,8,0.8,0.15,beta,none
City-B,T4,2x,280.0,S5_CityCalib,cross_regime,M_stress,500,True,1,686.0,493.1,0.0,0.2812,1.0,mean_0.8,8,0.8,0.15,beta,none
City-B,T4,2x,280.0,S6_Q10,routine,M_routine,500,True,1,493.8,585.1,0.0,0.0,1.0,mean_0.8,8,0.8,0.15,beta,none
City-B,T4,2x,280.0,S6_Q10,cross_regime,M_stress,500,True,1,493.8,493.1,0.0,0.0014,1.0,mean_0.8,8,0.8,0.15,beta,none
City-B,T4,5x,700.0,S0a_RoutineOracle,routine,M_routine,500,True,1,803.9,803.9,0.0,0.0,1.0,mean_0.8,8,0.8,0.15,beta,none
City-B,T4,5x,700.0,S0a_RoutineOracle,cross_regime,M_stress,500,True,1,803.9,521.6,178.4,0.3511,0.0,mean_0.8,8,0.8,0.15,beta,none
City-B,T4,5x,700.0,S0b_StressOracle,routine,M_routine,500,True,2,1014.7,1389.0,0.0,0.0,1.0,mean_0.8,8,0.8,0.15,beta,none
City-B,T4,5x,700.0,S0b_StressOracle,cross_regime,M_stress,500,True,2,1014.7,1014.7,0.0,0.0,1.0,mean_0.8,8,0.8,0.15,beta,none
City-B,T4,5x,700.0,S1_CapRR,routine,M_routine,500,True,1,846.0,585.1,114.9,0.3084,0.0,mean_0.8,8,0.8,0.15,beta,none
City-B,T4,5x,700.0,S1_CapRR,cross_regime,M_stress,500,True,1,846.0,493.1,206.9,0.4171,0.0,mean_0.8,8,0.8,0.15,beta,none
City-B,T4,5x,700.0,S2_Platform,routine,M_routine,500,True,2,912.9,1383.5,0.0,0.0,1.0,mean_0.8,8,0.8,0.15,beta,none
City-B,T4,5x,700.0,S2_Platform,cross_regime,M_stress,500,True,2,912.9,920.5,0.0,0.0,1.0,mean_0.8,8,0.8,0.15,beta,none
City-B,T4,5x,700.0,S3_Lin4,routine,M_routine,500,True,2,1116.1,1602.3,0.0,0.0,1.0,mean_0.8,8,0.8,0.15,beta,none
City-B,T4,5x,700.0,S3_Lin4,cross_regime,M_stress,500,True,2,1116.1,949.0,0.0,0.1497,1.0,mean_0.8,8,0.8,0.15,beta,none
City-B,T4,5x,700.0,S4_GlobalCalib,routine,M_routine,500,True,2,1351.3,1186.2,0.0,0.1222,1.0,mean_0.8,8,0.8,0.15,beta,none
City-B,T4,5x,700.0,S4_GlobalCalib,cross_regime,M_stress,500,True,2,1351.3,942.2,0.0,0.3028,1.0,mean_0.8,8,0.8,0.15,beta,none
City-B,T4,5x,700.0,S5_CityCalib,routine,M_routine,500,True,2,1368.7,1186.2,0.0,0.1334,1.0,mean_0.8,8,0.8,0.15,beta,none
City-B,T4,5x,700.0,S5_CityCalib,cross_regime,M_stress,500,True,2,1368.7,942.2,0.0,0.3116,1.0,mean_0.8,8,0.8,0.15,beta,none
City-B,T4,5x,700.0,S6_Q10,routine,M_routine,500,True,2,985.2,1186.2,0.0,0.0,1.0,mean_0.8,8,0.8,0.15,beta,none
City-B,T4,5x,700.0,S6_Q10,cross_regime,M_stress,500,True,2,985.2,942.2,0.0,0.0437,1.0,mean_0.8,8,0.8,0.15,beta,none
City-B,T4,10x,1400.0,S0a_RoutineOracle,routine,M_routine,500,True,2,1602.3,1602.3,0.0,0.0,1.0,mean_0.8,8,0.8,0.15,beta,none
City-B,T4,10x,1400.0,S0a_RoutineOracle,cross_regime,M_stress,500,True,2,1602.3,949.0,451.0,0.4077,0.0,mean_0.8,8,0.8,0.15,beta,none
City-B,T4,10x,1400.0,S0b_StressOracle,routine,M_routine,500,True,3,1463.8,1990.1,0.0,0.0,1.0,mean_0.8,8,0.8,0.15,beta,none
City-B,T4,10x,1400.0,S0b_StressOracle,cross_regime,M_stress,500,True,3,1463.8,1463.8,0.0,0.0,1.0,mean_0.8,8,0.8,0.15,beta,none
City-B,T4,10x,1400.0,S1_CapRR,routine,M_routine,500,True,2,1688.0,1186.2,213.8,0.2973,0.0,mean_0.8,8,0.8,0.15,beta,none
City-B,T4,10x,1400.0,S1_CapRR,cross_regime,M_stress,500,True,2,1688.0,942.2,457.8,0.4418,0.0,mean_0.8,8,0.8,0.15,beta,none
City-B,T4,10x,1400.0,S2_Platform,routine,M_routine,500,True,4,1693.5,2539.0,0.0,0.0,1.0,mean_0.8,8,0.8,0.15,beta,none
City-B,T4,10x,1400.0,S2_Platform,cross_regime,M_stress,500,True,4,1693.5,1741.8,0.0,0.0,1.0,mean_0.8,8,0.8,0.15,beta,none
City-B,T4,10x,1400.0,S3_Lin4,routine,M_routine,500,True,3,1666.4,2187.4,0.0,0.0,1.0,mean_0.8,8,0.8,0.15,beta,none
City-B,T4,10x,1400.0,S3_Lin4,cross_regime,M_stress,500,True,3,1666.4,1442.1,0.0,0.1346,1.0,mean_0.8,8,0.8,0.15,beta,none
City-B,T4,10x,1400.0,S4_GlobalCalib,routine,M_routine,500,True,3,2005.0,1990.1,0.0,0.0074,1.0,mean_0.8,8,0.8,0.15,beta,none
City-B,T4,10x,1400.0,S4_GlobalCalib,cross_regime,M_stress,500,True,3,2005.0,1463.8,0.0,0.2699,1.0,mean_0.8,8,0.8,0.15,beta,none
City-B,T4,10x,1400.0,S5_CityCalib,routine,M_routine,500,True,3,2030.6,1990.1,0.0,0.02,1.0,mean_0.8,8,0.8,0.15,beta,none
City-B,T4,10x,1400.0,S5_CityCalib,cross_regime,M_stress,500,True,3,2030.6,1463.8,0.0,0.2791,1.0,mean_0.8,8,0.8,0.15,beta,none
City-B,T4,10x,1400.0,S6_Q10,routine,M_routine,500,True,3,1461.8,1990.1,0.0,0.0,1.0,mean_0.8,8,0.8,0.15,beta,none
City-B,T4,10x,1400.0,S6_Q10,cross_regime,M_stress,500,True,3,1461.8,1463.8,0.0,0.0,1.0,mean_0.8,8,0.8,0.15,beta,none
City-B,T5,1x,160.0,S0a_RoutineOracle,routine,M_routine,500,True,1,730.6,730.6,0.0,0.0,1.0,mean_0.8,8,0.8,0.15,beta,none
City-B,T5,1x,160.0,S0a_RoutineOracle,cross_regime,M_stress,500,True,1,730.6,393.7,0.0,0.4611,1.0,mean_0.8,8,0.8,0.15,beta,none
City-B,T5,1x,160.0,S0b_StressOracle,routine,M_routine,500,True,1,395.3,638.4,0.0,0.0,1.0,mean_0.8,8,0.8,0.15,beta,none
City-B,T5,1x,160.0,S0b_StressOracle,cross_regime,M_stress,500,True,1,395.3,395.3,0.0,0.0,1.0,mean_0.8,8,0.8,0.15,beta,none
City-B,T5,1x,160.0,S1_CapRR,routine,M_routine,500,True,1,744.5,638.4,0.0,0.1425,1.0,mean_0.8,8,0.8,0.15,beta,none
City-B,T5,1x,160.0,S1_CapRR,cross_regime,M_stress,500,True,1,744.5,395.3,0.0,0.469,1.0,mean_0.8,8,0.8,0.15,beta,none
City-B,T5,1x,160.0,S2_Platform,routine,M_routine,500,True,1,553.3,730.6,0.0,0.0,1.0,mean_0.8,8,0.8,0.15,beta,none
City-B,T5,1x,160.0,S2_Platform,cross_regime,M_stress,500,True,1,553.3,393.7,0.0,0.2884,1.0,mean_0.8,8,0.8,0.15,beta,none
City-B,T5,1x,160.0,S3_Lin4,routine,M_routine,500,True,1,544.4,573.7,0.0,0.0,1.0,mean_0.8,8,0.8,0.15,beta,none
City-B,T5,1x,160.0,S3_Lin4,cross_regime,M_stress,500,True,1,544.4,373.1,0.0,0.3147,1.0,mean_0.8,8,0.8,0.15,beta,none
City-B,T5,1x,160.0,S4_GlobalCalib,routine,M_routine,500,True,1,591.8,638.4,0.0,0.0,1.0,mean_0.8,8,0.8,0.15,beta,none
City-B,T5,1x,160.0,S4_GlobalCalib,cross_regime,M_stress,500,True,1,591.8,395.3,0.0,0.332,1.0,mean_0.8,8,0.8,0.15,beta,none
City-B,T5,1x,160.0,S5_CityCalib,routine,M_routine,500,True,1,594.1,638.4,0.0,0.0,1.0,mean_0.8,8,0.8,0.15,beta,none
City-B,T5,1x,160.0,S5_CityCalib,cross_regime,M_stress,500,True,1,594.1,395.3,0.0,0.3345,1.0,mean_0.8,8,0.8,0.15,beta,none
City-B,T5,1x,160.0,S6_Q10,routine,M_routine,500,True,1,434.4,638.4,0.0,0.0,1.0,mean_0.8,8,0.8,0.15,beta,none
City-B,T5,1x,160.0,S6_Q10,cross_regime,M_stress,500,True,1,434.4,395.3,0.0,0.0899,1.0,mean_0.8,8,0.8,0.15,beta,none
City-B,T5,2x,320.0,S0a_RoutineOracle,routine,M_routine,500,True,1,730.6,730.6,0.0,0.0,1.0,mean_0.8,8,0.8,0.15,beta,none
City-B,T5,2x,320.0,S0a_RoutineOracle,cross_regime,M_stress,500,True,1,730.6,393.7,0.0,0.4611,1.0,mean_0.8,8,0.8,0.15,beta,none
City-B,T5,2x,320.0,S0b_StressOracle,routine,M_routine,500,True,1,395.3,638.4,0.0,0.0,1.0,mean_0.8,8,0.8,0.15,beta,none
City-B,T5,2x,320.0,S0b_StressOracle,cross_regime,M_stress,500,True,1,395.3,395.3,0.0,0.0,1.0,mean_0.8,8,0.8,0.15,beta,none
City-B,T5,2x,320.0,S1_CapRR,routine,M_routine,500,True,1,744.5,638.4,0.0,0.1425,1.0,mean_0.8,8,0.8,0.15,beta,none
City-B,T5,2x,320.0,S1_CapRR,cross_regime,M_stress,500,True,1,744.5,395.3,0.0,0.469,1.0,mean_0.8,8,0.8,0.15,beta,none
City-B,T5,2x,320.0,S2_Platform,routine,M_routine,500,True,1,553.3,730.6,0.0,0.0,1.0,mean_0.8,8,0.8,0.15,beta,none
City-B,T5,2x,320.0,S2_Platform,cross_regime,M_stress,500,True,1,553.3,393.7,0.0,0.2884,1.0,mean_0.8,8,0.8,0.15,beta,none
City-B,T5,2x,320.0,S3_Lin4,routine,M_routine,500,True,1,544.4,573.7,0.0,0.0,1.0,mean_0.8,8,0.8,0.15,beta,none
City-B,T5,2x,320.0,S3_Lin4,cross_regime,M_stress,500,True,1,544.4,373.1,0.0,0.3147,1.0,mean_0.8,8,0.8,0.15,beta,none
City-B,T5,2x,320.0,S4_GlobalCalib,routine,M_routine,500,True,1,591.8,638.4,0.0,0.0,1.0,mean_0.8,8,0.8,0.15,beta,none
City-B,T5,2x,320.0,S4_GlobalCalib,cross_regime,M_stress,500,True,1,591.8,395.3,0.0,0.332,1.0,mean_0.8,8,0.8,0.15,beta,none
City-B,T5,2x,320.0,S5_CityCalib,routine,M_routine,500,True,1,594.1,638.4,0.0,0.0,1.0,mean_0.8,8,0.8,0.15,beta,none
City-B,T5,2x,320.0,S5_CityCalib,cross_regime,M_stress,500,True,1,594.1,395.3,0.0,0.3345,1.0,mean_0.8,8,0.8,0.15,beta,none
City-B,T5,2x,320.0,S6_Q10,routine,M_routine,500,True,1,434.4,638.4,0.0,0.0,1.0,mean_0.8,8,0.8,0.15,beta,none
City-B,T5,2x,320.0,S6_Q10,cross_regime,M_stress,500,True,1,434.4,395.3,0.0,0.0899,1.0,mean_0.8,8,0.8,0.15,beta,none
City-B,T5,5x,800.0,S0a_RoutineOracle,routine,M_routine,500,True,2,1428.0,1428.0,0.0,0.0,1.0,mean_0.8,8,0.8,0.15,beta,none
City-B,T5,5x,800.0,S0a_RoutineOracle,cross_regime,M_stress,500,True,2,1428.0,746.4,53.6,0.4773,0.0,mean_0.8,8,0.8,0.15,beta,none
City-B,T5,5x,800.0,S0b_StressOracle,routine,M_routine,500,True,3,1162.2,1942.8,0.0,0.0,1.0,mean_0.8,8,0.8,0.15,beta,none
City-B,T5,5x,800.0,S0b_StressOracle,cross_regime,M_stress,500,True,3,1162.2,1162.2,0.0,0.0,1.0,mean_0.8,8,0.8,0.15,beta,none
City-B,T5,5x,800.0,S1_CapRR,routine,M_routine,500,True,2,1485.4,1369.0,0.0,0.0783,1.0,mean_0.8,8,0.8,0.15,beta,none
City-B,T5,5x,800.0,S1_CapRR,cross_regime,M_stress,500,True,2,1485.4,789.1,10.9,0.4688,0.0,mean_0.8,8,0.8,0.15,beta,none
City-B,T5,5x,800.0,S2_Platform,routine,M_routine,500,True,2,1093.7,1304.3,0.0,0.0,1.0,mean_0.8,8,0.8,0.15,beta,none
City-B,T5,5x,800.0,S2_Platform,cross_regime,M_stress,500,True,2,1093.7,766.8,33.2,0.2988,0.0,mean_0.8,8,0.8,0.15,beta,none
City-B,T5,5x,800.0,S3_Lin4,routine,M_routine,500,True,2,1081.6,1271.1,0.0,0.0,1.0,mean_0.8,8,0.8,0.15,beta,none
City-B,T5,5x,800.0,S3_Lin4,cross_regime,M_stress,500,True,2,1081.6,725.8,74.2,0.3289,0.0,mean_0.8,8,0.8,0.15,beta,none
City-B,T5,5x,800.0,S4_GlobalCalib,routine,M_routine,500,True,2,1180.8,1369.0,0.0,0.0,1.0,mean_0.8,8,0.8,0.15,beta,none
City-B,T5,5x,800.0,S4_GlobalCalib,cross_regime,M_stress,500,True,2,1180.8,789.1,10.9,0.3317,0.0,mean_0.8,8,0.8,0.15,beta,none
City-B,T5,5x,800.0,S5_CityCalib,routine,M_routine,500,True,2,1185.3,1369.0,0.0,0.0,1.0,mean_0.8,8,0.8,0.15,beta,none
City-B,T5,5x,800.0,S5_CityCalib,cross_regime,M_stress,500,True,2,1185.3,789.1,10.9,0.3343,0.0,mean_0.8,8,0.8,0.15,beta,none
City-B,T5,5x,800.0,S6_Q10,routine,M_routine,500,True,2,866.7,1369.0,0.0,0.0,1.0,mean_0.8,8,0.8,0.15,beta,none
City-B,T5,5x,800.0,S6_Q10,cross_regime,M_stress,500,True,2,866.7,789.1,10.9,0.0896,0.0,mean_0.8,8,0.8,0.15,beta,none
City-B,T5,10x,1600.0,S0a_RoutineOracle,routine,M_routine,500,True,3,2066.4,2066.4,0.0,0.0,1.0,mean_0.8,8,0.8,0.15,beta,none
City-B,T5,10x,1600.0,S0a_RoutineOracle,cross_regime,M_stress,500,True,3,2066.4,1141.8,458.2,0.4475,0.0,mean_0.8,8,0.8,0.15,beta,none
City-B,T5,10x,1600.0,S0b_StressOracle,routine,M_routine,500,True,5,1872.1,3121.4,0.0,0.0,1.0,mean_0.8,8,0.8,0.15,beta,none
City-B,T5,10x,1600.0,S0b_StressOracle,cross_regime,M_stress,500,True,5,1872.1,1872.1,0.0,0.0,1.0,mean_0.8,8,0.8,0.15,beta,none
City-B,T5,10x,1600.0,S1_CapRR,routine,M_routine,500,True,3,2203.9,1942.8,0.0,0.1185,1.0,mean_0.8,8,0.8,0.15,beta,none
City-B,T5,10x,1600.0,S1_CapRR,cross_regime,M_stress,500,True,3,2203.9,1162.2,437.8,0.4727,0.0,mean_0.8,8,0.8,0.15,beta,none
City-B,T5,10x,1600.0,S2_Platform,routine,M_routine,500,True,4,2025.8,2605.2,0.0,0.0,1.0,mean_0.8,8,0.8,0.15,beta,none
City-B,T5,10x,1600.0,S2_Platform,cross_regime,M_stress,500,True,4,2025.8,1457.6,142.4,0.2805,0.0,mean_0.8,8,0.8,0.15,beta,none
City-B,T5,10x,1600.0,S3_Lin4,routine,M_routine,500,True,3,1610.7,1909.5,0.0,0.0,1.0,mean_0.8,8,0.8,0.15,beta,none
City-B,T5,10x,1600.0,S3_Lin4,cross_regime,M_stress,500,True,3,1610.7,1121.1,478.9,0.304,0.0,mean_0.8,8,0.8,0.15,beta,none
City-B,T5,10x,1600.0,S4_GlobalCalib,routine,M_routine,500,True,3,1751.9,1942.8,0.0,0.0,1.0,mean_0.8,8,0.8,0.15,beta,none
City-B,T5,10x,1600.0,S4_GlobalCalib,cross_regime,M_stress,500,True,3,1751.9,1162.2,437.8,0.3366,0.0,mean_0.8,8,0.8,0.15,beta,none
City-B,T5,10x,1600.0,S5_CityCalib,routine,M_routine,500,True,3,1758.6,1942.8,0.0,0.0,1.0,mean_0.8,8,0.8,0.15,beta,none
City-B,T5,10x,1600.0,S5_CityCalib,cross_regime,M_stress,500,True,3,1758.6,1162.2,437.8,0.3391,0.0,mean_0.8,8,0.8,0.15,beta,none
City-B,T5,10x,1600.0,S6_Q10,routine,M_routine,500,True,4,1696.1,2640.1,0.0,0.0,1.0,mean_0.8,8,0.8,0.15,beta,none
City-B,T5,10x,1600.0,S6_Q10,cross_regime,M_stress,500,True,4,1696.1,1514.9,85.1,0.1069,0.0,mean_0.8,8,0.8,0.15,beta,none
City-C,T1,1x,180.0,S0a_RoutineOracle,routine,M_routine,650,True,1,623.3,623.3,0.0,0.0,1.0,mean_0.8,8,0.8,0.15,beta,none
City-C,T1,1x,180.0,S0a_RoutineOracle,cross_regime,M_stress,650,True,1,623.3,379.4,0.0,0.3912,1.0,mean_0.8,8,0.8,0.15,beta,none
City-C,T1,1x,180.0,S0b_StressOracle,routine,M_routine,650,True,1,379.4,623.3,0.0,0.0,1.0,mean_0.8,8,0.8,0.15,beta,none
City-C,T1,1x,180.0,S0b_StressOracle,cross_regime,M_stress,650,True,1,379.4,379.4,0.0,0.0,1.0,mean_0.8,8,0.8,0.15,beta,none
City-C,T1,1x,180.0,S1_CapRR,routine,M_routine,650,True,1,737.0,568.3,0.0,0.229,1.0,mean_0.8,8,0.8,0.15,beta,none
City-C,T1,1x,180.0,S1_CapRR,cross_regime,M_stress,650,True,1,737.0,345.7,0.0,0.531,1.0,mean_0.8,8,0.8,0.15,beta,none
City-C,T1,1x,180.0,S2_Platform,routine,M_routine,650,True,1,460.9,568.3,0.0,0.0,1.0,mean_0.8,8,0.8,0.15,beta,none
City-C,T1,1x,180.0,S2_Platform,cross_regime,M_stress,650,True,1,460.9,345.7,0.0,0.25,1.0,mean_0.8,8,0.8,0.15,beta,none
City-C,T1,1x,180.0,S3_Lin4,routine,M_routine,650,True,1,499.9,568.3,0.0,0.0,1.0,mean_0.8,8,0.8,0.15,beta,none
City-C,T1,1x,180.0,S3_Lin4,cross_regime,M_stress,650,True,1,499.9,345.7,0.0,0.3085,1.0,mean_0.8,8,0.8,0.15,beta,none
City-C,T1,1x,180.0,S4_GlobalCalib,routine,M_routine,650,True,1,589.9,568.3,0.0,0.0367,1.0,mean_0.8,8,0.8,0.15,beta,none
City-C,T1,1x,180.0,S4_GlobalCalib,cross_regime,M_stress,650,True,1,589.9,345.7,0.0,0.414,1.0,mean_0.8,8,0.8,0.15,beta,none
City-C,T1,1x,180.0,S5_CityCalib,routine,M_routine,650,True,1,594.8,568.3,0.0,0.0446,1.0,mean_0.8,8,0.8,0.15,beta,none
City-C,T1,1x,180.0,S5_CityCalib,cross_regime,M_stress,650,True,1,594.8,345.7,0.0,0.4188,1.0,mean_0.8,8,0.8,0.15,beta,none
City-C,T1,1x,180.0,S6_Q10,routine,M_routine,650,True,1,430.8,568.3,0.0,0.0,1.0,mean_0.8,8,0.8,0.15,beta,none
City-C,T1,1x,180.0,S6_Q10,cross_regime,M_stress,650,True,1,430.8,345.7,0.0,0.1975,1.0,mean_0.8,8,0.8,0.15,beta,none
City-C,T1,2x,360.0,S0a_RoutineOracle,routine,M_routine,650,True,1,623.3,623.3,0.0,0.0,1.0,mean_0.8,8,0.8,0.15,beta,none
City-C,T1,2x,360.0,S0a_RoutineOracle,cross_regime,M_stress,650,True,1,623.3,379.4,0.0,0.3912,1.0,mean_0.8,8,0.8,0.15,beta,none
City-C,T1,2x,360.0,S0b_StressOracle,routine,M_routine,650,True,1,379.4,623.3,0.0,0.0,1.0,mean_0.8,8,0.8,0.15,beta,none
City-C,T1,2x,360.0,S0b_StressOracle,cross_regime,M_stress,650,True,1,379.4,379.4,0.0,0.0,1.0,mean_0.8,8,0.8,0.15,beta,none
City-C,T1,2x,360.0,S1_CapRR,routine,M_routine,650,True,1,737.0,568.3,0.0,0.229,1.0,mean_0.8,8,0.8,0.15,beta,none
City-C,T1,2x,360.0,S1_CapRR,cross_regime,M_stress,650,True,1,737.0,345.7,14.3,0.531,0.0,mean_0.8,8,0.8,0.15,beta,none
City-C,T1,2x,360.0,S2_Platform,routine,M_routine,650,True,1,460.9,568.3,0.0,0.0,1.0,mean_0.8,8,0.8,0.15,beta,none
City-C,T1,2x,360.0,S2_Platform,cross_regime,M_stress,650,True,1,460.9,345.7,14.3,0.25,0.0,mean_0.8,8,0.8,0.15,beta,none
City-C,T1,2x,360.0,S3_Lin4,routine,M_routine,650,True,1,499.9,568.3,0.0,0.0,1.0,mean_0.8,8,0.8,0.15,beta,none
City-C,T1,2x,360.0,S3_Lin4,cross_regime,M_stress,650,True,1,499.9,345.7,14.3,0.3085,0.0,mean_0.8,8,0.8,0.15,beta,none
City-C,T1,2x,360.0,S4_GlobalCalib,routine,M_routine,650,True,1,589.9,568.3,0.0,0.0367,1.0,mean_0.8,8,0.8,0.15,beta,none
City-C,T1,2x,360.0,S4_GlobalCalib,cross_regime,M_stress,650,True,1,589.9,345.7,14.3,0.414,0.0,mean_0.8,8,0.8,0.15,beta,none
City-C,T1,2x,360.0,S5_CityCalib,routine,M_routine,650,True,1,594.8,568.3,0.0,0.0446,1.0,mean_0.8,8,0.8,0.15,beta,none
City-C,T1,2x,360.0,S5_CityCalib,cross_regime,M_stress,650,True,1,594.8,345.7,14.3,0.4188,0.0,mean_0.8,8,0.8,0.15,beta,none
City-C,T1,2x,360.0,S6_Q10,routine,M_routine,650,True,1,430.8,568.3,0.0,0.0,1.0,mean_0.8,8,0.8,0.15,beta,none
City-C,T1,2x,360.0,S6_Q10,cross_regime,M_stress,650,True,1,430.8,345.7,14.3,0.1975,0.0,mean_0.8,8,0.8,0.15,beta,none
City-C,T1,5x,900.0,S0a_RoutineOracle,routine,M_routine,650,True,2,1191.6,1191.6,0.0,0.0,1.0,mean_0.8,8,0.8,0.15,beta,none
City-C,T1,5x,900.0,S0a_RoutineOracle,cross_regime,M_stress,650,True,2,1191.6,725.1,174.9,0.3914,0.0,mean_0.8,8,0.8,0.15,beta,none
City-C,T1,5x,900.0,S0b_StressOracle,routine,M_routine,650,True,3,1096.7,1628.6,0.0,0.0,1.0,mean_0.8,8,0.8,0.15,beta,none
City-C,T1,5x,900.0,S0b_StressOracle,cross_regime,M_stress,650,True,3,1096.7,1096.7,0.0,0.0,1.0,mean_0.8,8,0.8,0.15,beta,none
City-C,T1,5x,900.0,S1_CapRR,routine,M_routine,650,True,2,1439.5,1126.8,0.0,0.2173,1.0,mean_0.8,8,0.8,0.15,beta,none
City-C,T1,5x,900.0,S1_CapRR,cross_regime,M_stress,650,True,2,1439.5,444.1,455.9,0.6915,0.0,mean_0.8,8,0.8,0.15,beta,none
City-C,T1,5x,900.0,S2_Platform,routine,M_routine,650,True,2,904.5,1126.8,0.0,0.0,1.0,mean_0.8,8,0.8,0.15,beta,none
City-C,T1,5x,900.0,S2_Platform,cross_regime,M_stress,650,True,2,904.5,444.1,455.9,0.509,0.0,mean_0.8,8,0.8,0.15,beta,none
City-C,T1,5x,900.0,S3_Lin4,routine,M_routine,650,True,2,977.9,1126.8,0.0,0.0,1.0,mean_0.8,8,0.8,0.15,beta,none
City-C,T1,5x,900.0,S3_Lin4,cross_regime,M_stress,650,True,2,977.9,444.1,455.9,0.5459,0.0,mean_0.8,8,0.8,0.15,beta,none
City-C,T1,5x,900.0,S4_GlobalCalib,routine,M_routine,650,True,2,1152.2,1126.8,0.0,0.022,1.0,mean_0.8,8,0.8,0.15,beta,none
City-C,T1,5x,900.0,S4_GlobalCalib,cross_regime,M_stress,650,True,2,1152.2,444.1,455.9,0.6146,0.0,mean_0.8,8,0.8,0.15,beta,none
City-C,T1,5x,900.0,S5_CityCalib,routine,M_routine,650,True,2,1161.7,1126.8,0.0,0.03,1.0,mean_0.8,8,0.8,0.15,beta,none
City-C,T1,5x,900.0,S5_CityCalib,cross_regime,M_stress,650,True,2,1161.7,444.1,455.9,0.6177,0.0,mean_0.8,8,0.8,0.15,beta,none
City-C,T1,5x,900.0,S6_Q10,routine,M_routine,650,True,3,1216.3,1750.1,0.0,0.0,1.0,mean_0.8,8,0.8,0.15,beta,none
City-C,T1,5x,900.0,S6_Q10,cross_regime,M_stress,650,True,3,1216.3,823.5,76.5,0.323,0.0,mean_0.8,8,0.8,0.15,beta,none
City-C,T1,10x,1800.0,S0a_RoutineOracle,routine,M_routine,650,True,4,2291.5,2291.5,0.0,0.0,1.0,mean_0.8,8,0.8,0.15,beta,none
City-C,T1,10x,1800.0,S0a_RoutineOracle,cross_regime,M_stress,650,True,4,2291.5,1182.2,617.8,0.4841,0.0,mean_0.8,8,0.8,0.15,beta,none
City-C,T1,10x,1800.0,S0b_StressOracle,routine,M_routine,650,True,6,2109.5,3173.3,0.0,0.0,1.0,mean_0.8,8,0.8,0.15,beta,none
City-C,T1,10x,1800.0,S0b_StressOracle,cross_regime,M_stress,650,True,6,2109.5,2109.5,0.0,0.0,1.0,mean_0.8,8,0.8,0.15,beta,none
City-C,T1,10x,1800.0,S1_CapRR,routine,M_routine,650,True,3,2081.1,1750.1,49.9,0.1591,0.0,mean_0.8,8,0.8,0.15,beta,none
City-C,T1,10x,1800.0,S1_CapRR,cross_regime,M_stress,650,True,3,2081.1,823.5,976.5,0.6043,0.0,mean_0.8,8,0.8,0.15,beta,none
City-C,T1,10x,1800.0,S2_Platform,routine,M_routine,650,True,5,2117.9,2449.0,0.0,0.0,1.0,mean_0.8,8,0.8,0.15,beta,none
City-C,T1,10x,1800.0,S2_Platform,cross_regime,M_stress,650,True,5,2117.9,1378.2,421.8,0.3493,0.0,mean_0.8,8,0.8,0.15,beta,none
City-C,T1,10x,1800.0,S3_Lin4,routine,M_routine,650,True,4,1902.0,2193.1,0.0,0.0,1.0,mean_0.8,8,0.8,0.15,beta,none
City-C,T1,10x,1800.0,S3_Lin4,cross_regime,M_stress,650,True,4,1902.0,1123.6,676.4,0.4093,0.0,mean_0.8,8,0.8,0.15,beta,none
City-C,T1,10x,1800.0,S4_GlobalCalib,routine,M_routine,650,True,4,2134.2,2214.0,0.0,0.0,1.0,mean_0.8,8,0.8,0.15,beta,none
City-C,T1,10x,1800.0,S4_GlobalCalib,cross_regime,M_stress,650,True,4,2134.2,1182.0,618.0,0.4462,0.0,mean_0.8,8,0.8,0.15,beta,none
City-C,T1,10x,1800.0,S5_CityCalib,routine,M_routine,650,True,4,2151.4,2214.0,0.0,0.0,1.0,mean_0.8,8,0.8,0.15,beta,none
City-C,T1,10x,1800.0,S5_CityCalib,cross_regime,M_stress,650,True,4,2151.4,1182.0,618.0,0.4506,0.0,mean_0.8,8,0.8,0.15,beta,none
City-C,T1,10x,1800.0,S6_Q10,routine,M_routine,650,True,5,1897.0,2739.0,0.0,0.0,1.0,mean_0.8,8,0.8,0.15,beta,none
City-C,T1,10x,1800.0,S6_Q10,cross_regime,M_stress,650,True,5,1897.0,1507.3,292.7,0.2054,0.0,mean_0.8,8,0.8,0.15,beta,none
City-C,T2,1x,260.0,S0a_RoutineOracle,routine,M_routine,650,True,1,649.3,649.3,0.0,0.0,1.0,mean_0.8,8,0.8,0.15,beta,none
City-C,T2,1x,260.0,S0a_RoutineOracle,cross_regime,M_stress,650,True,1,649.3,398.8,0.0,0.3858,1.0,mean_0.8,8,0.8,0.15,beta,none
City-C,T2,1x,260.0,S0b_StressOracle,routine,M_routine,650,True,1,398.8,649.3,0.0,0.0,1.0,mean_0.8,8,0.8,0.15,beta,none
City-C,T2,1x,260.0,S0b_StressOracle,cross_regime,M_stress,650,True,1,398.8,398.8,0.0,0.0,1.0,mean_0.8,8,0.8,0.15,beta,none
City-C,T2,1x,260.0,S1_CapRR,routine,M_routine,650,True,1,737.0,612.3,0.0,0.1693,1.0,mean_0.8,8,0.8,0.15,beta,none
City-C,T2,1x,260.0,S1_CapRR,cross_regime,M_stress,650,True,1,737.0,361.9,0.0,0.509,1.0,mean_0.8,8,0.8,0.15,beta,none
City-C,T2,1x,260.0,S2_Platform,routine,M_routine,650,True,1,467.3,612.3,0.0,0.0,1.0,mean_0.8,8,0.8,0.15,beta,none
City-C,T2,1x,260.0,S2_Platform,cross_regime,M_stress,650,True,1,467.3,361.9,0.0,0.2255,1.0,mean_0.8,8,0.8,0.15,beta,none
City-C,T2,1x,260.0,S3_Lin4,routine,M_routine,650,True,1,501.7,612.3,0.0,0.0,1.0,mean_0.8,8,0.8,0.15,beta,none
City-C,T2,1x,260.0,S3_Lin4,cross_regime,M_stress,650,True,1,501.7,361.9,0.0,0.2786,1.0,mean_0.8,8,0.8,0.15,beta,none
City-C,T2,1x,260.0,S4_GlobalCalib,routine,M_routine,650,True,1,587.6,612.3,0.0,0.0,1.0,mean_0.8,8,0.8,0.15,beta,none
City-C,T2,1x,260.0,S4_GlobalCalib,cross_regime,M_stress,650,True,1,587.6,361.9,0.0,0.3841,1.0,mean_0.8,8,0.8,0.15,beta,none
City-C,T2,1x,260.0,S5_CityCalib,routine,M_routine,650,True,1,584.5,612.3,0.0,0.0,1.0,mean_0.8,8,0.8,0.15,beta,none
City-C,T2,1x,260.0,S5_CityCalib,cross_regime,M_stress,650,True,1,584.5,361.9,0.0,0.3808,1.0,mean_0.8,8,0.8,0.15,beta,none
City-C,T2,1x,260.0,S6_Q10,routine,M_routine,650,True,1,429.8,612.3,0.0,0.0,1.0,mean_0.8,8,0.8,0.15,beta,none
City-C,T2,1x,260.0,S6_Q10,cross_regime,M_stress,650,True,1,429.8,361.9,0.0,0.158,1.0,mean_0.8,8,0.8,0.15,beta,none
City-C,T2,2x,520.0,S0a_RoutineOracle,routine,M_routine,650,True,1,649.3,649.3,0.0,0.0,1.0,mean_0.8,8,0.8,0.15,beta,none
City-C,T2,2x,520.0,S0a_RoutineOracle,cross_regime,M_stress,650,True,1,649.3,398.8,121.2,0.3858,0.0,mean_0.8,8,0.8,0.15,beta,none
City-C,T2,2x,520.0,S0b_StressOracle,routine,M_routine,650,True,2,778.8,1222.7,0.0,0.0,1.0,mean_0.8,8,0.8,0.15,beta,none
City-C,T2,2x,520.0,S0b_StressOracle,cross_regime,M_stress,650,True,2,778.8,778.8,0.0,0.0,1.0,mean_0.8,8,0.8,0.15,beta,none
City-C,T2,2x,520.0,S1_CapRR,routine,M_routine,650,True,1,737.0,612.3,0.0,0.1693,1.0,mean_0.8,8,0.8,0.15,beta,none
City-C,T2,2x,520.0,S1_CapRR,cross_regime,M_stress,650,True,1,737.0,361.9,158.1,0.509,0.0,mean_0.8,8,0.8,0.15,beta,none
City-C,T2,2x,520.0,S2_Platform,routine,M_routine,650,True,2,902.1,1261.6,0.0,0.0,1.0,mean_0.8,8,0.8,0.15,beta,none
City-C,T2,2x,520.0,S2_Platform,cross_regime,M_stress,650,True,2,902.1,760.7,0.0,0.1567,1.0,mean_0.8,8,0.8,0.15,beta,none
City-C,T2,2x,520.0,S3_Lin4,routine,M_routine,650,True,2,982.3,1261.6,0.0,0.0,1.0,mean_0.8,8,0.8,0.15,beta,none
City-C,T2,2x,520.0,S3_Lin4,cross_regime,M_stress,650,True,2,982.3,760.7,0.0,0.2256,1.0,mean_0.8,8,0.8,0.15,beta,none
City-C,T2,2x,520.0,S4_GlobalCalib,routine,M_routine,650,True,1,587.6,612.3,0.0,0.0,1.0,mean_0.8,8,0.8,0.15,beta,none
City-C,T2,2x,520.0,S4_GlobalCalib,cross_regime,M_stress,650,True,1,587.6,361.9,158.1,0.3841,0.0,mean_0.8,8,0.8,0.15,beta,none
City-C,T2,2x,520.0,S5_CityCalib,routine,M_routine,650,True,1,584.5,612.3,0.0,0.0,1.0,mean_0.8,8,0.8,0.15,beta,none
City-C,T2,2x,520.0,S5_CityCalib,cross_regime,M_stress,650,True,1,584.5,361.9,158.1,0.3808,0.0,mean_0.8,8,0.8,0.15,beta,none
City-C,T2,2x,520.0,S6_Q10,routine,M_routine,650,True,2,839.5,1261.6,0.0,0.0,1.0,mean_0.8,8,0.8,0.15,beta,none
City-C,T2,2x,520.0,S6_Q10,cross_regime,M_stress,650,True,2,839.5,760.7,0.0,0.0938,1.0,mean_0.8,8,0.8,0.15,beta,none
City-C,T2,5x,1300.0,S0a_RoutineOracle,routine,M_routine,650,True,3,1835.0,1835.0,0.0,0.0,1.0,mean_0.8,8,0.8,0.15,beta,none
City-C,T2,5x,1300.0,S0a_RoutineOracle,cross_regime,M_stress,650,True,3,1835.0,1140.7,159.3,0.3784,0.0,mean_0.8,8,0.8,0.15,beta,none
City-C,T2,5x,1300.0,S0b_StressOracle,routine,M_routine,650,True,4,1490.8,2369.1,0.0,0.0,1.0,mean_0.8,8,0.8,0.15,beta,none
City-C,T2,5x,1300.0,S0b_StressOracle,cross_regime,M_stress,650,True,4,1490.8,1490.8,0.0,0.0,1.0,mean_0.8,8,0.8,0.15,beta,none
City-C,T2,5x,1300.0,S1_CapRR,routine,M_routine,650,True,2,1439.5,1261.6,38.4,0.1236,0.0,mean_0.8,8,0.8,0.15,beta,none
City-C,T2,5x,1300.0,S1_CapRR,cross_regime,M_stress,650,True,2,1439.5,760.7,539.3,0.4715,0.0,mean_0.8,8,0.8,0.15,beta,none
City-C,T2,5x,1300.0,S2_Platform,routine,M_routine,650,True,3,1301.1,1835.0,0.0,0.0,1.0,mean_0.8,8,0.8,0.15,beta,none
City-C,T2,5x,1300.0,S2_Platform,cross_regime,M_stress,650,True,3,1301.1,1140.7,159.3,0.1233,0.0,mean_0.8,8,0.8,0.15,beta,none
City-C,T2,5x,1300.0,S3_Lin4,routine,M_routine,650,True,3,1453.7,1835.0,0.0,0.0,1.0,mean_0.8,8,0.8,0.15,beta,none
City-C,T2,5x,1300.0,S3_Lin4,cross_regime,M_stress,650,True,3,1453.7,1140.7,159.3,0.2153,0.0,mean_0.8,8,0.8,0.15,beta,none
City-C,T2,5x,1300.0,S4_GlobalCalib,routine,M_routine,650,True,3,1659.2,1835.0,0.0,0.0,1.0,mean_0.8,8,0.8,0.15,beta,none
City-C,T2,5x,1300.0,S4_GlobalCalib,cross_regime,M_stress,650,True,3,1659.2,1140.7,159.3,0.3125,0.0,mean_0.8,8,0.8,0.15,beta,none
City-C,T2,5x,1300.0,S5_CityCalib,routine,M_routine,650,True,3,1650.3,1835.0,0.0,0.0,1.0,mean_0.8,8,0.8,0.15,beta,none
City-C,T2,5x,1300.0,S5_CityCalib,cross_regime,M_stress,650,True,3,1650.3,1140.7,159.3,0.3088,0.0,mean_0.8,8,0.8,0.15,beta,none
City-C,T2,5x,1300.0,S6_Q10,routine,M_routine,650,True,4,1555.0,2369.1,0.0,0.0,1.0,mean_0.8,8,0.8,0.15,beta,none
City-C,T2,5x,1300.0,S6_Q10,cross_regime,M_stress,650,True,4,1555.0,1490.8,0.0,0.0413,1.0,mean_0.8,8,0.8,0.15,beta,none
City-C,T2,10x,2600.0,S0a_RoutineOracle,routine,M_routine,650,True,5,2866.5,2866.5,0.0,0.0,1.0,mean_0.8,8,0.8,0.15,beta,none
City-C,T2,10x,2600.0,S0a_RoutineOracle,cross_regime,M_stress,650,True,5,2866.5,1759.5,840.5,0.3862,0.0,mean_0.8,8,0.8,0.15,beta,none
City-C,T2,10x,2600.0,S0b_StressOracle,routine,M_routine,650,True,8,2665.9,3907.4,0.0,0.0,1.0,mean_0.8,8,0.8,0.15,beta,none
City-C,T2,10x,2600.0,S0b_StressOracle,cross_regime,M_stress,650,True,8,2665.9,2665.9,0.0,0.0,1.0,mean_0.8,8,0.8,0.15,beta,none
City-C,T2,10x,2600.0,S1_CapRR,routine,M_routine,650,True,4,2666.6,2369.1,230.9,0.1116,0.0,mean_0.8,8,0.8,0.15,beta,none
City-C,T2,10x,2600.0,S1_CapRR,cross_regime,M_stress,650,True,4,2666.6,1490.8,1109.2,0.441,0.0,mean_0.8,8,0.8,0.15,beta,none
City-C,T2,10x,2600.0,S2_Platform,routine,M_routine,650,True,7,2815.8,3698.6,0.0,0.0,1.0,mean_0.8,8,0.8,0.15,beta,none
City-C,T2,10x,2600.0,S2_Platform,cross_regime,M_stress,650,True,7,2815.8,2315.4,284.6,0.1777,0.0,mean_0.8,8,0.8,0.15,beta,none
City-C,T2,10x,2600.0,S3_Lin4,routine,M_routine,650,True,6,2792.1,2957.9,0.0,0.0,1.0,mean_0.8,8,0.8,0.15,beta,none
City-C,T2,10x,2600.0,S3_Lin4,cross_regime,M_stress,650,True,6,2792.1,1916.8,683.2,0.3135,0.0,mean_0.8,8,0.8,0.15,beta,none
City-C,T2,10x,2600.0,S4_GlobalCalib,routine,M_routine,650,True,6,3040.8,3168.2,0.0,0.0,1.0,mean_0.8,8,0.8,0.15,beta,none
City-C,T2,10x,2600.0,S4_GlobalCalib,cross_regime,M_stress,650,True,6,3040.8,1976.1,623.9,0.3501,0.0,mean_0.8,8,0.8,0.15,beta,none
City-C,T2,10x,2600.0,S5_CityCalib,routine,M_routine,650,True,6,3024.1,3168.2,0.0,0.0,1.0,mean_0.8,8,0.8,0.15,beta,none
City-C,T2,10x,2600.0,S5_CityCalib,cross_regime,M_stress,650,True,6,3024.1,1976.1,623.9,0.3465,0.0,mean_0.8,8,0.8,0.15,beta,none
City-C,T2,10x,2600.0,S6_Q10,routine,M_routine,650,True,8,2869.8,4120.8,0.0,0.0,1.0,mean_0.8,8,0.8,0.15,beta,none
City-C,T2,10x,2600.0,S6_Q10,cross_regime,M_stress,650,True,8,2869.8,2484.3,115.7,0.1343,0.0,mean_0.8,8,0.8,0.15,beta,none
City-C,T3,1x,200.0,S0a_RoutineOracle,routine,M_routine,650,True,1,629.8,629.8,0.0,0.0,1.0,mean_0.8,8,0.8,0.15,beta,none
City-C,T3,1x,200.0,S0a_RoutineOracle,cross_regime,M_stress,650,True,1,629.8,224.4,0.0,0.6437,1.0,mean_0.8,8,0.8,0.15,beta,none
City-C,T3,1x,200.0,S0b_StressOracle,routine,M_routine,650,True,1,359.3,577.7,0.0,0.0,1.0,mean_0.8,8,0.8,0.15,beta,none
City-C,T3,1x,200.0,S0b_StressOracle,cross_regime,M_stress,650,True,1,359.3,359.3,0.0,0.0,1.0,mean_0.8,8,0.8,0.15,beta,none
City-C,T3,1x,200.0,S1_CapRR,routine,M_routine,650,True,1,648.6,629.8,0.0,0.029,1.0,mean_0.8,8,0.8,0.15,beta,none
City-C,T3,1x,200.0,S1_CapRR,cross_regime,M_stress,650,True,1,648.6,224.4,0.0,0.654,1.0,mean_0.8,8,0.8,0.15,beta,none
City-C,T3,1x,200.0,S2_Platform,routine,M_routine,650,True,1,456.8,629.8,0.0,0.0,1.0,mean_0.8,8,0.8,0.15,beta,none
City-C,T3,1x,200.0,S2_Platform,cross_regime,M_stress,650,True,1,456.8,224.4,0.0,0.5087,1.0,mean_0.8,8,0.8,0.15,beta,none
City-C,T3,1x,200.0,S3_Lin4,routine,M_routine,650,True,1,484.9,629.8,0.0,0.0,1.0,mean_0.8,8,0.8,0.15,beta,none
City-C,T3,1x,200.0,S3_Lin4,cross_regime,M_stress,650,True,1,484.9,224.4,0.0,0.5372,1.0,mean_0.8,8,0.8,0.15,beta,none
City-C,T3,1x,200.0,S4_GlobalCalib,routine,M_routine,650,True,1,515.6,629.8,0.0,0.0,1.0,mean_0.8,8,0.8,0.15,beta,none
City-C,T3,1x,200.0,S4_GlobalCalib,cross_regime,M_stress,650,True,1,515.6,224.4,0.0,0.5647,1.0,mean_0.8,8,0.8,0.15,beta,none
City-C,T3,1x,200.0,S5_CityCalib,routine,M_routine,650,True,1,513.8,629.8,0.0,0.0,1.0,mean_0.8,8,0.8,0.15,beta,none
City-C,T3,1x,200.0,S5_CityCalib,cross_regime,M_stress,650,True,1,513.8,224.4,0.0,0.5632,1.0,mean_0.8,8,0.8,0.15,beta,none
City-C,T3,1x,200.0,S6_Q10,routine,M_routine,650,True,1,378.7,629.8,0.0,0.0,1.0,mean_0.8,8,0.8,0.15,beta,none
City-C,T3,1x,200.0,S6_Q10,cross_regime,M_stress,650,True,1,378.7,224.4,0.0,0.4074,1.0,mean_0.8,8,0.8,0.15,beta,none
City-C,T3,2x,400.0,S0a_RoutineOracle,routine,M_routine,650,True,1,629.8,629.8,0.0,0.0,1.0,mean_0.8,8,0.8,0.15,beta,none
City-C,T3,2x,400.0,S0a_RoutineOracle,cross_regime,M_stress,650,True,1,629.8,224.4,175.6,0.6437,0.0,mean_0.8,8,0.8,0.15,beta,none
City-C,T3,2x,400.0,S0b_StressOracle,routine,M_routine,650,True,2,693.4,1079.8,0.0,0.0,1.0,mean_0.8,8,0.8,0.15,beta,none
City-C,T3,2x,400.0,S0b_StressOracle,cross_regime,M_stress,650,True,2,693.4,693.4,0.0,0.0,1.0,mean_0.8,8,0.8,0.15,beta,none
City-C,T3,2x,400.0,S1_CapRR,routine,M_routine,650,True,1,648.6,629.8,0.0,0.029,1.0,mean_0.8,8,0.8,0.15,beta,none
City-C,T3,2x,400.0,S1_CapRR,cross_regime,M_stress,650,True,1,648.6,224.4,175.6,0.654,0.0,mean_0.8,8,0.8,0.15,beta,none
City-C,T3,2x,400.0,S2_Platform,routine,M_routine,650,True,1,456.8,629.8,0.0,0.0,1.0,mean_0.8,8,0.8,0.15,beta,none
City-C,T3,2x,400.0,S2_Platform,cross_regime,M_stress,650,True,1,456.8,224.4,175.6,0.5087,0.0,mean_0.8,8,0.8,0.15,beta,none
City-C,T3,2x,400.0,S3_Lin4,routine,M_routine,650,True,1,484.9,629.8,0.0,0.0,1.0,mean_0.8,8,0.8,0.15,beta,none
City-C,T3,2x,400.0,S3_Lin4,cross_regime,M_stress,650,True,1,484.9,224.4,175.6,0.5372,0.0,mean_0.8,8,0.8,0.15,beta,none
City-C,T3,2x,400.0,S4_GlobalCalib,routine,M_routine,650,True,1,515.6,629.8,0.0,0.0,1.0,mean_0.8,8,0.8,0.15,beta,none
City-C,T3,2x,400.0,S4_GlobalCalib,cross_regime,M_stress,650,True,1,515.6,224.4,175.6,0.5647,0.0,mean_0.8,8,0.8,0.15,beta,none
City-C,T3,2x,400.0,S5_CityCalib,routine,M_routine,650,True,1,513.8,629.8,0.0,0.0,1.0,mean_0.8,8,0.8,0.15,beta,none
City-C,T3,2x,400.0,S5_CityCalib,cross_regime,M_stress,650,True,1,513.8,224.4,175.6,0.5632,0.0,mean_0.8,8,0.8,0.15,beta,none
City-C,T3,2x,400.0,S6_Q10,routine,M_routine,650,True,2,739.6,1207.5,0.0,0.0,1.0,mean_0.8,8,0.8,0.15,beta,none
City-C,T3,2x,400.0,S6_Q10,cross_regime,M_stress,650,True,2,739.6,583.7,0.0,0.2108,1.0,mean_0.8,8,0.8,0.15,beta,none
City-C,T3,5x,1000.0,S0a_RoutineOracle,routine,M_routine,650,True,2,1207.5,1207.5,0.0,0.0,1.0,mean_0.8,8,0.8,0.15,beta,none
City-C,T3,5x,1000.0,S0a_RoutineOracle,cross_regime,M_stress,650,True,2,1207.5,583.7,416.3,0.5166,0.0,mean_0.8,8,0.8,0.15,beta,none
City-C,T3,5x,1000.0,S0b_StressOracle,routine,M_routine,650,True,3,1007.5,1477.5,0.0,0.0,1.0,mean_0.8,8,0.8,0.15,beta,none
City-C,T3,5x,1000.0,S0b_StressOracle,cross_regime,M_stress,650,True,3,1007.5,1007.5,0.0,0.0,1.0,mean_0.8,8,0.8,0.15,beta,none
City-C,T3,5x,1000.0,S1_CapRR,routine,M_routine,650,True,2,1266.8,1207.5,0.0,0.0468,1.0,mean_0.8,8,0.8,0.15,beta,none
City-C,T3,5x,1000.0,S1_CapRR,cross_regime,M_stress,650,True,2,1266.8,583.7,416.3,0.5392,0.0,mean_0.8,8,0.8,0.15,beta,none
City-C,T3,5x,1000.0,S2_Platform,routine,M_routine,650,True,3,1285.7,1474.7,0.0,0.0,1.0,mean_0.8,8,0.8,0.15,beta,none
City-C,T3,5x,1000.0,S2_Platform,cross_regime,M_stress,650,True,3,1285.7,823.7,176.3,0.3594,0.0,mean_0.8,8,0.8,0.15,beta,none
City-C,T3,5x,1000.0,S3_Lin4,routine,M_routine,650,True,3,1405.0,1676.7,0.0,0.0,1.0,mean_0.8,8,0.8,0.15,beta,none
City-C,T3,5x,1000.0,S3_Lin4,cross_regime,M_stress,650,True,3,1405.0,897.8,102.2,0.361,0.0,mean_0.8,8,0.8,0.15,beta,none
City-C,T3,5x,1000.0,S4_GlobalCalib,routine,M_routine,650,True,2,1007.0,1207.5,0.0,0.0,1.0,mean_0.8,8,0.8,0.15,beta,none
City-C,T3,5x,1000.0,S4_GlobalCalib,cross_regime,M_stress,650,True,2,1007.0,583.7,416.3,0.4203,0.0,mean_0.8,8,0.8,0.15,beta,none
City-C,T3,5x,1000.0,S5_CityCalib,routine,M_routine,650,True,2,1003.6,1207.5,0.0,0.0,1.0,mean_0.8,8,0.8,0.15,beta,none
City-C,T3,5x,1000.0,S5_CityCalib,cross_regime,M_stress,650,True,2,1003.6,583.7,416.3,0.4184,0.0,mean_0.8,8,0.8,0.15,beta,none
City-C,T3,5x,1000.0,S6_Q10,routine,M_routine,650,True,3,1069.3,1676.7,0.0,0.0,1.0,mean_0.8,8,0.8,0.15,beta,none
City-C,T3,5x,1000.0,S6_Q10,cross_regime,M_stress,650,True,3,1069.3,897.8,102.2,0.1604,0.0,mean_0.8,8,0.8,0.15,beta,none
City-C,T3,10x,2000.0,S0a_RoutineOracle,routine,M_routine,650,True,4,2197.2,2197.2,0.0,0.0,1.0,mean_0.8,8,0.8,0.15,beta,none
City-C,T3,10x,2000.0,S0a_RoutineOracle,cross_regime,M_stress,650,True,4,2197.2,1226.0,774.0,0.442,0.0,mean_0.8,8,0.8,0.15,beta,none
City-C,T3,10x,2000.0,S0b_StressOracle,routine,M_routine,650,True,7,2233.7,3346.9,0.0,0.0,1.0,mean_0.8,8,0.8,0.15,beta,none
City-C,T3,10x,2000.0,S0b_StressOracle,cross_regime,M_stress,650,True,7,2233.7,2233.7,0.0,0.0,1.0,mean_0.8,8,0.8,0.15,beta,none
City-C,T3,10x,2000.0,S1_CapRR,routine,M_routine,650,True,4,2346.7,2178.8,0.0,0.0716,1.0,mean_0.8,8,0.8,0.15,beta,none
City-C,T3,10x,2000.0,S1_CapRR,cross_regime,M_stress,650,True,4,2346.7,1231.8,768.2,0.4751,0.0,mean_0.8,8,0.8,0.15,beta,none
City-C,T3,10x,2000.0,S2_Platform,routine,M_routine,650,True,5,2048.1,2315.8,0.0,0.0,1.0,mean_0.8,8,0.8,0.15,beta,none
City-C,T3,10x,2000.0,S2_Platform,cross_regime,M_stress,650,True,5,2048.1,1421.8,578.2,0.3058,0.0,mean_0.8,8,0.8,0.15,beta,none
City-C,T3,10x,2000.0,S3_Lin4,routine,M_routine,650,True,5,2297.1,2431.6,0.0,0.0,1.0,mean_0.8,8,0.8,0.15,beta,none
City-C,T3,10x,2000.0,S3_Lin4,cross_regime,M_stress,650,True,5,2297.1,1502.9,497.1,0.3457,0.0,mean_0.8,8,0.8,0.15,beta,none
City-C,T3,10x,2000.0,S4_GlobalCalib,routine,M_routine,650,True,5,2270.6,2666.4,0.0,0.0,1.0,mean_0.8,8,0.8,0.15,beta,none
City-C,T3,10x,2000.0,S4_GlobalCalib,cross_regime,M_stress,650,True,5,2270.6,1540.1,459.9,0.3217,0.0,mean_0.8,8,0.8,0.15,beta,none
City-C,T3,10x,2000.0,S5_CityCalib,routine,M_routine,650,True,5,2263.3,2666.4,0.0,0.0,1.0,mean_0.8,8,0.8,0.15,beta,none
City-C,T3,10x,2000.0,S5_CityCalib,cross_regime,M_stress,650,True,5,2263.3,1540.1,459.9,0.3195,0.0,mean_0.8,8,0.8,0.15,beta,none
City-C,T3,10x,2000.0,S6_Q10,routine,M_routine,650,True,7,2246.8,3571.3,0.0,0.0,1.0,mean_0.8,8,0.8,0.15,beta,none
City-C,T3,10x,2000.0,S6_Q10,cross_regime,M_stress,650,True,7,2246.8,2038.2,0.0,0.0928,1.0,mean_0.8,8,0.8,0.15,beta,none
City-C,T4,1x,140.0,S0a_RoutineOracle,routine,M_routine,650,True,1,687.3,687.3,0.0,0.0,1.0,mean_0.8,8,0.8,0.15,beta,none
City-C,T4,1x,140.0,S0a_RoutineOracle,cross_regime,M_stress,650,True,1,687.3,262.6,0.0,0.6179,1.0,mean_0.8,8,0.8,0.15,beta,none
City-C,T4,1x,140.0,S0b_StressOracle,routine,M_routine,650,True,1,433.5,541.5,0.0,0.0,1.0,mean_0.8,8,0.8,0.15,beta,none
City-C,T4,1x,140.0,S0b_StressOracle,cross_regime,M_stress,650,True,1,433.5,433.5,0.0,0.0,1.0,mean_0.8,8,0.8,0.15,beta,none
City-C,T4,1x,140.0,S1_CapRR,routine,M_routine,650,True,1,737.0,541.5,0.0,0.2653,1.0,mean_0.8,8,0.8,0.15,beta,none
City-C,T4,1x,140.0,S1_CapRR,cross_regime,M_stress,650,True,1,737.0,433.5,0.0,0.4118,1.0,mean_0.8,8,0.8,0.15,beta,none
City-C,T4,1x,140.0,S2_Platform,routine,M_routine,650,True,1,377.7,392.1,0.0,0.0,1.0,mean_0.8,8,0.8,0.15,beta,none
City-C,T4,1x,140.0,S2_Platform,cross_regime,M_stress,650,True,1,377.7,341.2,0.0,0.0967,1.0,mean_0.8,8,0.8,0.15,beta,none
City-C,T4,1x,140.0,S3_Lin4,routine,M_routine,650,True,1,504.4,541.5,0.0,0.0,1.0,mean_0.8,8,0.8,0.15,beta,none
City-C,T4,1x,140.0,S3_Lin4,cross_regime,M_stress,650,True,1,504.4,433.5,0.0,0.1406,1.0,mean_0.8,8,0.8,0.15,beta,none
City-C,T4,1x,140.0,S4_GlobalCalib,routine,M_routine,650,True,1,589.9,541.5,0.0,0.0821,1.0,mean_0.8,8,0.8,0.15,beta,none
City-C,T4,1x,140.0,S4_GlobalCalib,cross_regime,M_stress,650,True,1,589.9,433.5,0.0,0.2652,1.0,mean_0.8,8,0.8,0.15,beta,none
City-C,T4,1x,140.0,S5_CityCalib,routine,M_routine,650,True,1,586.6,541.5,0.0,0.0768,1.0,mean_0.8,8,0.8,0.15,beta,none
City-C,T4,1x,140.0,S5_CityCalib,cross_regime,M_stress,650,True,1,586.6,433.5,0.0,0.261,1.0,mean_0.8,8,0.8,0.15,beta,none
City-C,T4,1x,140.0,S6_Q10,routine,M_routine,650,True,1,430.2,541.5,0.0,0.0,1.0,mean_0.8,8,0.8,0.15,beta,none
City-C,T4,1x,140.0,S6_Q10,cross_regime,M_stress,650,True,1,430.2,433.5,0.0,0.0,1.0,mean_0.8,8,0.8,0.15,beta,none
City-C,T4,2x,280.0,S0a_RoutineOracle,routine,M_routine,650,True,1,687.3,687.3,0.0,0.0,1.0,mean_0.8,8,0.8,0.15,beta,none
City-C,T4,2x,280.0,S0a_RoutineOracle,cross_regime,M_stress,650,True,1,687.3,262.6,17.4,0.6179,0.0,mean_0.8,8,0.8,0.15,beta,none
City-C,T4,2x,280.0,S0b_StressOracle,routine,M_routine,650,True,1,433.5,541.5,0.0,0.0,1.0,mean_0.8,8,0.8,0.15,beta,none
City-C,T4,2x,280.0,S0b_StressOracle,cross_regime,M_stress,650,True,1,433.5,433.5,0.0,0.0,1.0,mean_0.8,8,0.8,0.15,beta,none
City-C,T4,2x,280.0,S1_CapRR,routine,M_routine,650,True,1,737.0,541.5,0.0,0.2653,1.0,mean_0.8,8,0.8,0.15,beta,none
City-C,T4,2x,280.0,S1_CapRR,cross_regime,M_stress,650,True,1,737.0,433.5,0.0,0.4118,1.0,mean_0.8,8,0.8,0.15,beta,none
City-C,T4,2x,280.0,S2_Platform,routine,M_routine,650,True,1,377.7,392.1,0.0,0.0,1.0,mean_0.8,8,0.8,0.15,beta,none
City-C,T4,2x,280.0,S2_Platform,cross_regime,M_stress,650,True,1,377.7,341.2,0.0,0.0967,1.0,mean_0.8,8,0.8,0.15,beta,none
City-C,T4,2x,280.0,S3_Lin4,routine,M_routine,650,True,1,504.4,541.5,0.0,0.0,1.0,mean_0.8,8,0.8,0.15,beta,none
City-C,T4,2x,280.0,S3_Lin4,cross_regime,M_stress,650,True,1,504.4,433.5,0.0,0.1406,1.0,mean_0.8,8,0.8,0.15,beta,none
City-C,T4,2x,280.0,S4_GlobalCalib,routine,M_routine,650,True,1,589.9,541.5,0.0,0.0821,1.0,mean_0.8,8,0.8,0.15,beta,none
City-C,T4,2x,280.0,S4_GlobalCalib,cross_regime,M_stress,650,True,1,589.9,433.5,0.0,0.2652,1.0,mean_0.8,8,0.8,0.15,beta,none
City-C,T4,2x,280.0,S5_CityCalib,routine,M_routine,650,True,1,586.6,541.5,0.0,0.0768,1.0,mean_0.8,8,0.8,0.15,beta,none
City-C,T4,2x,280.0,S5_CityCalib,cross_regime,M_stress,650,True,1,586.6,433.5,0.0,0.261,1.0,mean_0.8,8,0.8,0.15,beta,none
City-C,T4,2x,280.0,S6_Q10,routine,M_routine,650,True,1,430.2,541.5,0.0,0.0,1.0,mean_0.8,8,0.8,0.15,beta,none
City-C,T4,2x,280.0,S6_Q10,cross_regime,M_stress,650,True,1,430.2,433.5,0.0,0.0,1.0,mean_0.8,8,0.8,0.15,beta,none
City-C,T4,5x,700.0,S0a_RoutineOracle,routine,M_routine,650,True,2,1260.0,1260.0,0.0,0.0,1.0,mean_0.8,8,0.8,0.15,beta,none
City-C,T4,5x,700.0,S0a_RoutineOracle,cross_regime,M_stress,650,True,2,1260.0,627.7,72.3,0.5018,0.0,mean_0.8,8,0.8,0.15,beta,none
City-C,T4,5x,700.0,S0b_StressOracle,routine,M_routine,650,True,2,798.6,1114.3,0.0,0.0,1.0,mean_0.8,8,0.8,0.15,beta,none
City-C,T4,5x,700.0,S0b_StressOracle,cross_regime,M_stress,650,True,2,798.6,798.6,0.0,0.0,1.0,mean_0.8,8,0.8,0.15,beta,none
City-C,T4,5x,700.0,S1_CapRR,routine,M_routine,650,True,1,737.0,541.5,158.5,0.2653,0.0,mean_0.8,8,0.8,0.15,beta,none
City-C,T4,5x,700.0,S1_CapRR,cross_regime,M_stress,650,True,1,737.0,433.5,266.5,0.4118,0.0,mean_0.8,8,0.8,0.15,beta,none
City-C,T4,5x,700.0,S2_Platform,routine,M_routine,650,True,2,738.2,1079.3,0.0,0.0,1.0,mean_0.8,8,0.8,0.15,beta,none
City-C,T4,5x,700.0,S2_Platform,cross_regime,M_stress,650,True,2,738.2,603.8,96.2,0.1821,0.0,mean_0.8,8,0.8,0.15,beta,none
City-C,T4,5x,700.0,S3_Lin4,routine,M_routine,650,True,2,987.5,1228.8,0.0,0.0,1.0,mean_0.8,8,0.8,0.15,beta,none
City-C,T4,5x,700.0,S3_Lin4,cross_regime,M_stress,650,True,2,987.5,696.1,3.9,0.295,0.0,mean_0.8,8,0.8,0.15,beta,none
City-C,T4,5x,700.0,S4_GlobalCalib,routine,M_routine,650,True,2,1152.2,1228.8,0.0,0.0,1.0,mean_0.8,8,0.8,0.15,beta,none
City-C,T4,5x,700.0,S4_GlobalCalib,cross_regime,M_stress,650,True,2,1152.2,696.1,3.9,0.3958,0.0,mean_0.8,8,0.8,0.15,beta,none
City-C,T4,5x,700.0,S5_CityCalib,routine,M_routine,650,True,2,1145.7,1228.8,0.0,0.0,1.0,mean_0.8,8,0.8,0.15,beta,none
City-C,T4,5x,700.0,S5_CityCalib,cross_regime,M_stress,650,True,2,1145.7,696.1,3.9,0.3924,0.0,mean_0.8,8,0.8,0.15,beta,none
City-C,T4,5x,700.0,S6_Q10,routine,M_routine,650,True,2,840.2,1228.8,0.0,0.0,1.0,mean_0.8,8,0.8,0.15,beta,none
City-C,T4,5x,700.0,S6_Q10,cross_regime,M_stress,650,True,2,840.2,696.1,3.9,0.1715,0.0,mean_0.8,8,0.8,0.15,beta,none
City-C,T4,10x,1400.0,S0a_RoutineOracle,routine,M_routine,650,True,3,1821.8,1821.8,0.0,0.0,1.0,mean_0.8,8,0.8,0.15,beta,none
City-C,T4,10x,1400.0,S0a_RoutineOracle,cross_regime,M_stress,650,True,3,1821.8,929.5,470.5,0.4898,0.0,mean_0.8,8,0.8,0.15,beta,none
City-C,T4,10x,1400.0,S0b_StressOracle,routine,M_routine,650,True,4,1472.8,1982.2,0.0,0.0,1.0,mean_0.8,8,0.8,0.15,beta,none
City-C,T4,10x,1400.0,S0b_StressOracle,cross_regime,M_stress,650,True,4,1472.8,1472.8,0.0,0.0,1.0,mean_0.8,8,0.8,0.15,beta,none
City-C,T4,10x,1400.0,S1_CapRR,routine,M_routine,650,True,2,1439.5,1228.8,171.2,0.1464,0.0,mean_0.8,8,0.8,0.15,beta,none
City-C,T4,10x,1400.0,S1_CapRR,cross_regime,M_stress,650,True,2,1439.5,696.1,703.9,0.5164,0.0,mean_0.8,8,0.8,0.15,beta,none
City-C,T4,10x,1400.0,S2_Platform,routine,M_routine,650,True,4,1425.4,2195.9,0.0,0.0,1.0,mean_0.8,8,0.8,0.15,beta,none
City-C,T4,10x,1400.0,S2_Platform,cross_regime,M_stress,650,True,4,1425.4,1197.7,202.3,0.1598,0.0,mean_0.8,8,0.8,0.15,beta,none
City-C,T4,10x,1400.0,S3_Lin4,routine,M_routine,650,True,3,1461.0,1755.5,0.0,0.0,1.0,mean_0.8,8,0.8,0.15,beta,none
City-C,T4,10x,1400.0,S3_Lin4,cross_regime,M_stress,650,True,3,1461.0,964.1,435.9,0.3401,0.0,mean_0.8,8,0.8,0.15,beta,none
City-C,T4,10x,1400.0,S4_GlobalCalib,routine,M_routine,650,True,3,1665.6,1755.5,0.0,0.0,1.0,mean_0.8,8,0.8,0.15,beta,none
City-C,T4,10x,1400.0,S4_GlobalCalib,cross_regime,M_stress,650,True,3,1665.6,964.1,435.9,0.4212,0.0,mean_0.8,8,0.8,0.15,beta,none
City-C,T4,10x,1400.0,S5_CityCalib,routine,M_routine,650,True,3,1656.2,1755.5,0.0,0.0,1.0,mean_0.8,8,0.8,0.15,beta,none
City-C,T4,10x,1400.0,S5_CityCalib,cross_regime,M_stress,650,True,3,1656.2,964.1,435.9,0.4179,0.0,mean_0.8,8,0.8,0.15,beta,none
City-C,T4,10x,1400.0,S6_Q10,routine,M_routine,650,True,4,1556.5,2317.3,0.0,0.0,1.0,mean_0.8,8,0.8,0.15,beta,none
City-C,T4,10x,1400.0,S6_Q10,cross_regime,M_stress,650,True,4,1556.5,1265.9,134.1,0.1867,0.0,mean_0.8,8,0.8,0.15,beta,none
City-C,T5,1x,160.0,S0a_RoutineOracle,routine,M_routine,650,True,1,538.1,538.1,0.0,0.0,1.0,mean_0.8,8,0.8,0.15,beta,none
City-C,T5,1x,160.0,S0a_RoutineOracle,cross_regime,M_stress,650,True,1,538.1,345.2,0.0,0.3585,1.0,mean_0.8,8,0.8,0.15,beta,none
City-C,T5,1x,160.0,S0b_StressOracle,routine,M_routine,650,True,1,388.2,435.1,0.0,0.0,1.0,mean_0.8,8,0.8,0.15,beta,none
City-C,T5,1x,160.0,S0b_StressOracle,cross_regime,M_stress,650,True,1,388.2,388.2,0.0,0.0,1.0,mean_0.8,8,0.8,0.15,beta,none
City-C,T5,1x,160.0,S1_CapRR,routine,M_routine,650,True,1,648.6,538.1,0.0,0.1703,1.0,mean_0.8,8,0.8,0.15,beta,none
City-C,T5,1x,160.0,S1_CapRR,cross_regime,M_stress,650,True,1,648.6,345.2,0.0,0.4678,1.0,mean_0.8,8,0.8,0.15,beta,none
City-C,T5,1x,160.0,S2_Platform,routine,M_routine,650,True,1,451.5,538.1,0.0,0.0,1.0,mean_0.8,8,0.8,0.15,beta,none
City-C,T5,1x,160.0,S2_Platform,cross_regime,M_stress,650,True,1,451.5,345.2,0.0,0.2354,1.0,mean_0.8,8,0.8,0.15,beta,none
City-C,T5,1x,160.0,S3_Lin4,routine,M_routine,650,True,1,485.3,538.1,0.0,0.0,1.0,mean_0.8,8,0.8,0.15,beta,none
City-C,T5,1x,160.0,S3_Lin4,cross_regime,M_stress,650,True,1,485.3,345.2,0.0,0.2886,1.0,mean_0.8,8,0.8,0.15,beta,none
City-C,T5,1x,160.0,S4_GlobalCalib,routine,M_routine,650,True,1,515.7,538.1,0.0,0.0,1.0,mean_0.8,8,0.8,0.15,beta,none
City-C,T5,1x,160.0,S4_GlobalCalib,cross_regime,M_stress,650,True,1,515.7,345.2,0.0,0.3305,1.0,mean_0.8,8,0.8,0.15,beta,none
City-C,T5,1x,160.0,S5_CityCalib,routine,M_routine,650,True,1,518.7,538.1,0.0,0.0,1.0,mean_0.8,8,0.8,0.15,beta,none
City-C,T5,1x,160.0,S5_CityCalib,cross_regime,M_stress,650,True,1,518.7,345.2,0.0,0.3344,1.0,mean_0.8,8,0.8,0.15,beta,none
City-C,T5,1x,160.0,S6_Q10,routine,M_routine,650,True,1,378.5,538.1,0.0,0.0,1.0,mean_0.8,8,0.8,0.15,beta,none
City-C,T5,1x,160.0,S6_Q10,cross_regime,M_stress,650,True,1,378.5,345.2,0.0,0.0878,1.0,mean_0.8,8,0.8,0.15,beta,none
City-C,T5,2x,320.0,S0a_RoutineOracle,routine,M_routine,650,True,1,538.1,538.1,0.0,0.0,1.0,mean_0.8,8,0.8,0.15,beta,none
City-C,T5,2x,320.0,S0a_RoutineOracle,cross_regime,M_stress,650,True,1,538.1,345.2,0.0,0.3585,1.0,mean_0.8,8,0.8,0.15,beta,none
City-C,T5,2x,320.0,S0b_StressOracle,routine,M_routine,650,True,1,388.2,435.1,0.0,0.0,1.0,mean_0.8,8,0.8,0.15,beta,none
City-C,T5,2x,320.0,S0b_StressOracle,cross_regime,M_stress,650,True,1,388.2,388.2,0.0,0.0,1.0,mean_0.8,8,0.8,0.15,beta,none
City-C,T5,2x,320.0,S1_CapRR,routine,M_routine,650,True,1,648.6,538.1,0.0,0.1703,1.0,mean_0.8,8,0.8,0.15,beta,none
City-C,T5,2x,320.0,S1_CapRR,cross_regime,M_stress,650,True,1,648.6,345.2,0.0,0.4678,1.0,mean_0.8,8,0.8,0.15,beta,none
City-C,T5,2x,320.0,S2_Platform,routine,M_routine,650,True,1,451.5,538.1,0.0,0.0,1.0,mean_0.8,8,0.8,0.15,beta,none
City-C,T5,2x,320.0,S2_Platform,cross_regime,M_stress,650,True,1,451.5,345.2,0.0,0.2354,1.0,mean_0.8,8,0.8,0.15,beta,none
City-C,T5,2x,320.0,S3_Lin4,routine,M_routine,650,True,1,485.3,538.1,0.0,0.0,1.0,mean_0.8,8,0.8,0.15,beta,none
City-C,T5,2x,320.0,S3_Lin4,cross_regime,M_stress,650,True,1,485.3,345.2,0.0,0.2886,1.0,mean_0.8,8,0.8,0.15,beta,none
City-C,T5,2x,320.0,S4_GlobalCalib,routine,M_routine,650,True,1,515.7,538.1,0.0,0.0,1.0,mean_0.8,8,0.8,0.15,beta,none
City-C,T5,2x,320.0,S4_GlobalCalib,cross_regime,M_stress,650,True,1,515.7,345.2,0.0,0.3305,1.0,mean_0.8,8,0.8,0.15,beta,none
City-C,T5,2x,320.0,S5_CityCalib,routine,M_routine,650,True,1,518.7,538.1,0.0,0.0,1.0,mean_0.8,8,0.8,0.15,beta,none
City-C,T5,2x,320.0,S5_CityCalib,cross_regime,M_stress,650,True,1,518.7,345.2,0.0,0.3344,1.0,mean_0.8,8,0.8,0.15,beta,none
City-C,T5,2x,320.0,S6_Q10,routine,M_routine,650,True,1,378.5,538.1,0.0,0.0,1.0,mean_0.8,8,0.8,0.15,beta,none
City-C,T5,2x,320.0,S6_Q10,cross_regime,M_stress,650,True,1,378.5,345.2,0.0,0.0878,1.0,mean_0.8,8,0.8,0.15,beta,none
City-C,T5,5x,800.0,S0a_RoutineOracle,routine,M_routine,650,True,2,1009.1,1009.1,0.0,0.0,1.0,mean_0.8,8,0.8,0.15,beta,none
City-C,T5,5x,800.0,S0a_RoutineOracle,cross_regime,M_stress,650,True,2,1009.1,713.9,86.1,0.2926,0.0,mean_0.8,8,0.8,0.15,beta,none
City-C,T5,5x,800.0,S0b_StressOracle,routine,M_routine,650,True,3,1102.1,1444.2,0.0,0.0,1.0,mean_0.8,8,0.8,0.15,beta,none
City-C,T5,5x,800.0,S0b_StressOracle,cross_regime,M_stress,650,True,3,1102.1,1102.1,0.0,0.0,1.0,mean_0.8,8,0.8,0.15,beta,none
City-C,T5,5x,800.0,S1_CapRR,routine,M_routine,650,True,2,1266.8,973.3,0.0,0.2317,1.0,mean_0.8,8,0.8,0.15,beta,none
City-C,T5,5x,800.0,S1_CapRR,cross_regime,M_stress,650,True,2,1266.8,733.4,66.6,0.4211,0.0,mean_0.8,8,0.8,0.15,beta,none
City-C,T5,5x,800.0,S2_Platform,routine,M_routine,650,True,2,882.9,946.4,0.0,0.0,1.0,mean_0.8,8,0.8,0.15,beta,none
City-C,T5,5x,800.0,S2_Platform,cross_regime,M_stress,650,True,2,882.9,627.9,172.1,0.2888,0.0,mean_0.8,8,0.8,0.15,beta,none
City-C,T5,5x,800.0,S3_Lin4,routine,M_routine,650,True,2,948.8,973.3,0.0,0.0,1.0,mean_0.8,8,0.8,0.15,beta,none
City-C,T5,5x,800.0,S3_Lin4,cross_regime,M_stress,650,True,2,948.8,733.4,66.6,0.227,0.0,mean_0.8,8,0.8,0.15,beta,none
City-C,T5,5x,800.0,S4_GlobalCalib,routine,M_routine,650,True,2,1007.2,973.3,0.0,0.0337,1.0,mean_0.8,8,0.8,0.15,beta,none
City-C,T5,5x,800.0,S4_GlobalCalib,cross_regime,M_stress,650,True,2,1007.2,733.4,66.6,0.2718,0.0,mean_0.8,8,0.8,0.15,beta,none
City-C,T5,5x,800.0,S5_CityCalib,routine,M_routine,650,True,2,1013.0,973.3,0.0,0.0392,1.0,mean_0.8,8,0.8,0.15,beta,none
City-C,T5,5x,800.0,S5_CityCalib,cross_regime,M_stress,650,True,2,1013.0,733.4,66.6,0.276,0.0,mean_0.8,8,0.8,0.15,beta,none
City-C,T5,5x,800.0,S6_Q10,routine,M_routine,650,True,3,1068.6,1444.2,0.0,0.0,1.0,mean_0.8,8,0.8,0.15,beta,none
City-C,T5,5x,800.0,S6_Q10,cross_regime,M_stress,650,True,3,1068.6,1102.1,0.0,0.0,1.0,mean_0.8,8,0.8,0.15,beta,none
City-C,T5,10x,1600.0,S0a_RoutineOracle,routine,M_routine,650,True,4,1905.6,1905.6,0.0,0.0,1.0,mean_0.8,8,0.8,0.15,beta,none
City-C,T5,10x,1600.0,S0a_RoutineOracle,cross_regime,M_stress,650,True,4,1905.6,1337.6,262.4,0.298,0.0,mean_0.8,8,0.8,0.15,beta,none
City-C,T5,10x,1600.0,S0b_StressOracle,routine,M_routine,650,True,5,1695.0,2182.2,0.0,0.0,1.0,mean_0.8,8,0.8,0.15,beta,none
City-C,T5,10x,1600.0,S0b_StressOracle,cross_regime,M_stress,650,True,5,1695.0,1695.0,0.0,0.0,1.0,mean_0.8,8,0.8,0.15,beta,none
City-C,T5,10x,1600.0,S1_CapRR,routine,M_routine,650,True,3,1831.4,1444.2,155.8,0.2114,0.0,mean_0.8,8,0.8,0.15,beta,none
City-C,T5,10x,1600.0,S1_CapRR,cross_regime,M_stress,650,True,3,1831.4,1102.1,497.9,0.3982,0.0,mean_0.8,8,0.8,0.15,beta,none
City-C,T5,10x,1600.0,S2_Platform,routine,M_routine,650,True,4,1670.1,1492.8,107.2,0.1062,0.0,mean_0.8,8,0.8,0.15,beta,none
City-C,T5,10x,1600.0,S2_Platform,cross_regime,M_stress,650,True,4,1670.1,1174.3,425.7,0.2969,0.0,mean_0.8,8,0.8,0.15,beta,none
City-C,T5,10x,1600.0,S3_Lin4,routine,M_routine,650,True,4,1856.1,1791.0,0.0,0.0351,1.0,mean_0.8,8,0.8,0.15,beta,none
City-C,T5,10x,1600.0,S3_Lin4,cross_regime,M_stress,650,True,4,1856.1,1371.9,228.1,0.2609,0.0,mean_0.8,8,0.8,0.15,beta,none
City-C,T5,10x,1600.0,S4_GlobalCalib,routine,M_routine,650,True,4,1865.9,1711.5,0.0,0.0827,1.0,mean_0.8,8,0.8,0.15,beta,none
City-C,T5,10x,1600.0,S4_GlobalCalib,cross_regime,M_stress,650,True,4,1865.9,1386.9,213.1,0.2567,0.0,mean_0.8,8,0.8,0.15,beta,none
City-C,T5,10x,1600.0,S5_CityCalib,routine,M_routine,650,True,4,1876.3,1711.5,0.0,0.0878,1.0,mean_0.8,8,0.8,0.15,beta,none
City-C,T5,10x,1600.0,S5_CityCalib,cross_regime,M_stress,650,True,4,1876.3,1386.9,213.1,0.2609,0.0,mean_0.8,8,0.8,0.15,beta,none
City-C,T5,10x,1600.0,S6_Q10,routine,M_routine,650,True,5,1666.7,2119.8,0.0,0.0,1.0,mean_0.8,8,0.8,0.15,beta,none
City-C,T5,10x,1600.0,S6_Q10,cross_regime,M_stress,650,True,5,1666.7,1669.6,0.0,0.0,1.0,mean_0.8,8,0.8,0.15,beta,none
