city,task_id,p_req_level,p_req,strategy,regime,eval_outcome,pool_size,pool_feasible,n_selected,p_commit,p_deliv,shortfall,ocr,success,config_name,seed_id,xi_mean,xi_std,xi_dist,xi_persistence
City-A,T1,1x,180.0,S0a_RoutineOracle,routine,M_routine,800,True,1,516.5,516.5,0.0,0.0,1.0,dist_truncnorm,0,0.67,0.15,truncnorm,none
City-A,T1,1x,180.0,S0a_RoutineOracle,cross_regime,M_stress,800,True,1,516.5,188.7,0.0,0.6346,1.0,dist_truncnorm,0,0.67,0.15,truncnorm,none
City-A,T1,1x,180.0,S0b_StressOracle,routine,M_routine,800,True,1,332.6,324.2,0.0,0.0254,1.0,dist_truncnorm,0,0.67,0.15,truncnorm,none
City-A,T1,1x,180.0,S0b_StressOracle,cross_regime,M_stress,800,True,1,332.6,332.6,0.0,0.0,1.0,dist_truncnorm,0,0.67,0.15,truncnorm,none
City-A,T1,1x,180.0,S1_CapRR,routine,M_routine,800,True,1,678.2,338.0,0.0,0.5016,1.0,dist_truncnorm,0,0.67,0.15,truncnorm,none
City-A,T1,1x,180.0,S1_CapRR,cross_regime,M_stress,800,True,1,678.2,304.0,0.0,0.5517,1.0,dist_truncnorm,0,0.67,0.15,truncnorm,none
City-A,T1,1x,180.0,S2_Platform,routine,M_routine,800,True,1,421.1,338.0,0.0,0.1974,1.0,dist_truncnorm,0,0.67,0.15,truncnorm,none
City-A,T1,1x,180.0,S2_Platform,cross_regime,M_stress,800,True,1,421.1,304.0,0.0,0.278,1.0,dist_truncnorm,0,0.67,0.15,truncnorm,none
City-A,T1,1x,180.0,S3_Lin4,routine,M_routine,800,True,1,489.0,338.0,0.0,0.3088,1.0,dist_truncnorm,0,0.67,0.15,truncnorm,none
City-A,T1,1x,180.0,S3_Lin4,cross_regime,M_stress,800,True,1,489.0,304.0,0.0,0.3783,1.0,dist_truncnorm,0,0.67,0.15,truncnorm,none
City-A,T1,1x,180.0,S4_GlobalCalib,routine,M_routine,800,True,1,452.4,338.0,0.0,0.253,1.0,dist_truncnorm,0,0.67,0.15,truncnorm,none
City-A,T1,1x,180.0,S4_GlobalCalib,cross_regime,M_stress,800,True,1,452.4,304.0,0.0,0.3281,1.0,dist_truncnorm,0,0.67,0.15,truncnorm,none
City-A,T1,1x,180.0,S5_CityCalib,routine,M_routine,800,True,1,445.3,338.0,0.0,0.241,1.0,dist_truncnorm,0,0.67,0.15,truncnorm,none
City-A,T1,1x,180.0,S5_CityCalib,cross_regime,M_stress,800,True,1,445.3,304.0,0.0,0.3173,1.0,dist_truncnorm,0,0.67,0.15,truncnorm,none
City-A,T1,1x,180.0,S6_Q10,routine,M_routine,800,True,1,324.2,338.0,0.0,0.0,1.0,dist_truncnorm,0,0.67,0.15,truncnorm,none
City-A,T1,1x,180.0,S6_Q10,cross_regime,M_stress,800,True,1,324.2,304.0,0.0,0.0622,1.0,dist_truncnorm,0,0.67,0.15,truncnorm,none
City-A,T1,2x,360.0,S0a_RoutineOracle,routine,M_routine,800,True,1,516.5,516.5,0.0,0.0,1.0,dist_truncnorm,0,0.67,0.15,truncnorm,none
City-A,T1,2x,360.0,S0a_RoutineOracle,cross_regime,M_stress,800,True,1,516.5,188.7,171.3,0.6346,0.0,dist_truncnorm,0,0.67,0.15,truncnorm,none
City-A,T1,2x,360.0,S0b_StressOracle,routine,M_routine,800,True,2,661.2,672.2,0.0,0.0,1.0,dist_truncnorm,0,0.67,0.15,truncnorm,none
City-A,T1,2x,360.0,S0b_StressOracle,cross_regime,M_stress,800,True,2,661.2,661.2,0.0,0.0,1.0,dist_truncnorm,0,0.67,0.15,truncnorm,none
City-A,T1,2x,360.0,S1_CapRR,routine,M_routine,800,True,1,678.2,338.0,22.0,0.5016,0.0,dist_truncnorm,0,0.67,0.15,truncnorm,none
City-A,T1,2x,360.0,S1_CapRR,cross_regime,M_stress,800,True,1,678.2,304.0,56.0,0.5517,0.0,dist_truncnorm,0,0.67,0.15,truncnorm,none
City-A,T1,2x,360.0,S2_Platform,routine,M_routine,800,True,1,421.1,338.0,22.0,0.1974,0.0,dist_truncnorm,0,0.67,0.15,truncnorm,none
City-A,T1,2x,360.0,S2_Platform,cross_regime,M_stress,800,True,1,421.1,304.0,56.0,0.278,0.0,dist_truncnorm,0,0.67,0.15,truncnorm,none
City-A,T1,2x,360.0,S3_Lin4,routine,M_routine,800,True,1,489.0,338.0,22.0,0.3088,0.0,dist_truncnorm,0,0.67,0.15,truncnorm,none
City-A,T1,2x,360.0,S3_Lin4,cross_regime,M_stress,800,True,1,489.0,304.0,56.0,0.3783,0.0,dist_truncnorm,0,0.67,0.15,truncnorm,none
City-A,T1,2x,360.0,S4_GlobalCalib,routine,M_routine,800,True,1,452.4,338.0,22.0,0.253,0.0,dist_truncnorm,0,0.67,0.15,truncnorm,none
City-A,T1,2x,360.0,S4_GlobalCalib,cross_regime,M_stress,800,True,1,452.4,304.0,56.0,0.3281,0.0,dist_truncnorm,0,0.67,0.15,truncnorm,none
City-A,T1,2x,360.0,S5_CityCalib,routine,M_routine,800,True,1,445.3,338.0,22.0,0.241,0.0,dist_truncnorm,0,0.67,0.15,truncnorm,none
City-A,T1,2x,360.0,S5_CityCalib,cross_regime,M_stress,800,True,1,445.3,304.0,56.0,0.3173,0.0,dist_truncnorm,0,0.67,0.15,truncnorm,none
City-A,T1,2x,360.0,S6_Q10,routine,M_routine,800,True,2,618.2,662.2,0.0,0.0,1.0,dist_truncnorm,0,0.67,0.15,truncnorm,none
City-A,T1,2x,360.0,S6_Q10,cross_regime,M_stress,800,True,2,618.2,636.6,0.0,0.0,1.0,dist_truncnorm,0,0.67,0.15,truncnorm,none
City-A,T1,5x,900.0,S0a_RoutineOracle,routine,M_routine,800,True,2,1012.4,1012.4,0.0,0.0,1.0,dist_truncnorm,0,0.67,0.15,truncnorm,none
City-A,T1,5x,900.0,S0a_RoutineOracle,cross_regime,M_stress,800,True,2,1012.4,387.2,512.8,0.6176,0.0,dist_truncnorm,0,0.67,0.15,truncnorm,none
City-A,T1,5x,900.0,S0b_StressOracle,routine,M_routine,800,True,3,965.2,1010.2,0.0,0.0,1.0,dist_truncnorm,0,0.67,0.15,truncnorm,none
City-A,T1,5x,900.0,S0b_StressOracle,cross_regime,M_stress,800,True,3,965.2,965.2,0.0,0.0,1.0,dist_truncnorm,0,0.67,0.15,truncnorm,none
City-A,T1,5x,900.0,S1_CapRR,routine,M_routine,800,True,2,1293.4,662.2,237.8,0.488,0.0,dist_truncnorm,0,0.67,0.15,truncnorm,none
City-A,T1,5x,900.0,S1_CapRR,cross_regime,M_stress,800,True,2,1293.4,636.6,263.4,0.5078,0.0,dist_truncnorm,0,0.67,0.15,truncnorm,none
City-A,T1,5x,900.0,S2_Platform,routine,M_routine,800,True,3,1202.1,1178.6,0.0,0.0195,1.0,dist_truncnorm,0,0.67,0.15,truncnorm,none
City-A,T1,5x,900.0,S2_Platform,cross_regime,M_stress,800,True,3,1202.1,825.3,74.7,0.3134,0.0,dist_truncnorm,0,0.67,0.15,truncnorm,none
City-A,T1,5x,900.0,S3_Lin4,routine,M_routine,800,True,3,1253.2,1114.9,0.0,0.1103,1.0,dist_truncnorm,0,0.67,0.15,truncnorm,none
City-A,T1,5x,900.0,S3_Lin4,cross_regime,M_stress,800,True,3,1253.2,928.6,0.0,0.259,1.0,dist_truncnorm,0,0.67,0.15,truncnorm,none
City-A,T1,5x,900.0,S4_GlobalCalib,routine,M_routine,800,True,3,1260.4,1010.2,0.0,0.1985,1.0,dist_truncnorm,0,0.67,0.15,truncnorm,none
City-A,T1,5x,900.0,S4_GlobalCalib,cross_regime,M_stress,800,True,3,1260.4,965.2,0.0,0.2343,1.0,dist_truncnorm,0,0.67,0.15,truncnorm,none
City-A,T1,5x,900.0,S5_CityCalib,routine,M_routine,800,True,3,1240.9,1010.2,0.0,0.1859,1.0,dist_truncnorm,0,0.67,0.15,truncnorm,none
City-A,T1,5x,900.0,S5_CityCalib,cross_regime,M_stress,800,True,3,1240.9,965.2,0.0,0.2222,1.0,dist_truncnorm,0,0.67,0.15,truncnorm,none
City-A,T1,5x,900.0,S6_Q10,routine,M_routine,800,True,3,903.3,1010.2,0.0,0.0,1.0,dist_truncnorm,0,0.67,0.15,truncnorm,none
City-A,T1,5x,900.0,S6_Q10,cross_regime,M_stress,800,True,3,903.3,965.2,0.0,0.0,1.0,dist_truncnorm,0,0.67,0.15,truncnorm,none
City-A,T1,10x,1800.0,S0a_RoutineOracle,routine,M_routine,800,True,4,1857.9,1857.9,0.0,0.0,1.0,dist_truncnorm,0,0.67,0.15,truncnorm,none
City-A,T1,10x,1800.0,S0a_RoutineOracle,cross_regime,M_stress,800,True,4,1857.9,868.5,931.5,0.5325,0.0,dist_truncnorm,0,0.67,0.15,truncnorm,none
City-A,T1,10x,1800.0,S0b_StressOracle,routine,M_routine,800,True,7,2022.4,2221.3,0.0,0.0,1.0,dist_truncnorm,0,0.67,0.15,truncnorm,none
City-A,T1,10x,1800.0,S0b_StressOracle,cross_regime,M_stress,800,True,7,2022.4,2022.4,0.0,0.0,1.0,dist_truncnorm,0,0.67,0.15,truncnorm,none
City-A,T1,10x,1800.0,S1_CapRR,routine,M_routine,800,True,3,1889.7,1010.2,789.8,0.4654,0.0,dist_truncnorm,0,0.67,0.15,truncnorm,none
City-A,T1,10x,1800.0,S1_CapRR,cross_regime,M_stress,800,True,3,1889.7,965.2,834.8,0.4892,0.0,dist_truncnorm,0,0.67,0.15,truncnorm,none
City-A,T1,10x,1800.0,S2_Platform,routine,M_routine,800,True,5,1914.5,1919.5,0.0,0.0,1.0,dist_truncnorm,0,0.67,0.15,truncnorm,none
City-A,T1,10x,1800.0,S2_Platform,cross_regime,M_stress,800,True,5,1914.5,1206.3,593.7,0.3699,0.0,dist_truncnorm,0,0.67,0.15,truncnorm,none
City-A,T1,10x,1800.0,S3_Lin4,routine,M_routine,800,True,5,1971.4,1676.1,123.9,0.1498,0.0,dist_truncnorm,0,0.67,0.15,truncnorm,none
City-A,T1,10x,1800.0,S3_Lin4,cross_regime,M_stress,800,True,5,1971.4,1519.2,280.8,0.2294,0.0,dist_truncnorm,0,0.67,0.15,truncnorm,none
City-A,T1,10x,1800.0,S4_GlobalCalib,routine,M_routine,800,True,5,2025.7,1743.2,56.8,0.1395,0.0,dist_truncnorm,0,0.67,0.15,truncnorm,none
City-A,T1,10x,1800.0,S4_GlobalCalib,cross_regime,M_stress,800,True,5,2025.7,1421.5,378.5,0.2983,0.0,dist_truncnorm,0,0.67,0.15,truncnorm,none
City-A,T1,10x,1800.0,S5_CityCalib,routine,M_routine,800,True,5,1994.8,1743.2,56.8,0.1262,0.0,dist_truncnorm,0,0.67,0.15,truncnorm,none
City-A,T1,10x,1800.0,S5_CityCalib,cross_regime,M_stress,800,True,5,1994.8,1421.5,378.5,0.2874,0.0,dist_truncnorm,0,0.67,0.15,truncnorm,none
City-A,T1,10x,1800.0,S6_Q10,routine,M_routine,800,True,7,1954.0,2688.5,0.0,0.0,1.0,dist_truncnorm,0,0.67,0.15,truncnorm,none
City-A,T1,10x,1800.0,S6_Q10,cross_regime,M_stress,800,True,7,1954.0,1906.3,0.0,0.0244,1.0,dist_truncnorm,0,0.67,0.15,truncnorm,none
City-A,T2,1x,260.0,S0a_RoutineOracle,routine,M_routine,800,True,1,495.6,495.6,0.0,0.0,1.0,dist_truncnorm,0,0.67,0.15,truncnorm,none
City-A,T2,1x,260.0,S0a_RoutineOracle,cross_regime,M_stress,800,True,1,495.6,280.0,0.0,0.4349,1.0,dist_truncnorm,0,0.67,0.15,truncnorm,none
City-A,T2,1x,260.0,S0b_StressOracle,routine,M_routine,800,True,1,336.1,476.5,0.0,0.0,1.0,dist_truncnorm,0,0.67,0.15,truncnorm,none
City-A,T2,1x,260.0,S0b_StressOracle,cross_regime,M_stress,800,True,1,336.1,336.1,0.0,0.0,1.0,dist_truncnorm,0,0.67,0.15,truncnorm,none
City-A,T2,1x,260.0,S1_CapRR,routine,M_routine,800,True,1,678.2,406.5,0.0,0.4006,1.0,dist_truncnorm,0,0.67,0.15,truncnorm,none
City-A,T2,1x,260.0,S1_CapRR,cross_regime,M_stress,800,True,1,678.2,225.4,34.6,0.6677,0.0,dist_truncnorm,0,0.67,0.15,truncnorm,none
City-A,T2,1x,260.0,S2_Platform,routine,M_routine,800,True,1,441.1,406.5,0.0,0.0785,1.0,dist_truncnorm,0,0.67,0.15,truncnorm,none
City-A,T2,1x,260.0,S2_Platform,cross_regime,M_stress,800,True,1,441.1,225.4,34.6,0.4891,0.0,dist_truncnorm,0,0.67,0.15,truncnorm,none
City-A,T2,1x,260.0,S3_Lin4,routine,M_routine,800,True,1,484.4,406.5,0.0,0.161,1.0,dist_truncnorm,0,0.67,0.15,truncnorm,none
City-A,T2,1x,260.0,S3_Lin4,cross_regime,M_stress,800,True,1,484.4,225.4,34.6,0.5348,0.0,dist_truncnorm,0,0.67,0.15,truncnorm,none
City-A,T2,1x,260.0,S4_GlobalCalib,routine,M_routine,800,True,1,450.1,406.5,0.0,0.097,1.0,dist_truncnorm,0,0.67,0.15,truncnorm,none
City-A,T2,1x,260.0,S4_GlobalCalib,cross_regime,M_stress,800,True,1,450.1,225.4,34.6,0.4993,0.0,dist_truncnorm,0,0.67,0.15,truncnorm,none
City-A,T2,1x,260.0,S5_CityCalib,routine,M_routine,800,True,1,446.6,406.5,0.0,0.0899,1.0,dist_truncnorm,0,0.67,0.15,truncnorm,none
City-A,T2,1x,260.0,S5_CityCalib,cross_regime,M_stress,800,True,1,446.6,225.4,34.6,0.4954,0.0,dist_truncnorm,0,0.67,0.15,truncnorm,none
City-A,T2,1x,260.0,S6_Q10,routine,M_routine,800,True,1,322.8,406.5,0.0,0.0,1.0,dist_truncnorm,0,0.67,0.15,truncnorm,none
City-A,T2,1x,260.0,S6_Q10,cross_regime,M_stress,800,True,1,322.8,225.4,34.6,0.3019,0.0,dist_truncnorm,0,0.67,0.15,truncnorm,none
City-A,T2,2x,520.0,S0a_RoutineOracle,routine,M_routine,800,True,2,972.1,972.1,0.0,0.0,1.0,dist_truncnorm,0,0.67,0.15,truncnorm,none
City-A,T2,2x,520.0,S0a_RoutineOracle,cross_regime,M_stress,800,True,2,972.1,616.1,0.0,0.3662,1.0,dist_truncnorm,0,0.67,0.15,truncnorm,none
City-A,T2,2x,520.0,S0b_StressOracle,routine,M_routine,800,True,2,670.1,856.0,0.0,0.0,1.0,dist_truncnorm,0,0.67,0.15,truncnorm,none
City-A,T2,2x,520.0,S0b_StressOracle,cross_regime,M_stress,800,True,2,670.1,670.1,0.0,0.0,1.0,dist_truncnorm,0,0.67,0.15,truncnorm,none
City-A,T2,2x,520.0,S1_CapRR,routine,M_routine,800,True,1,678.2,406.5,113.5,0.4006,0.0,dist_truncnorm,0,0.67,0.15,truncnorm,none
City-A,T2,2x,520.0,S1_CapRR,cross_regime,M_stress,800,True,1,678.2,225.4,294.6,0.6677,0.0,dist_truncnorm,0,0.67,0.15,truncnorm,none
City-A,T2,2x,520.0,S2_Platform,routine,M_routine,800,True,2,849.9,785.9,0.0,0.0753,1.0,dist_truncnorm,0,0.67,0.15,truncnorm,none
City-A,T2,2x,520.0,S2_Platform,cross_regime,M_stress,800,True,2,849.9,559.4,0.0,0.3418,1.0,dist_truncnorm,0,0.67,0.15,truncnorm,none
City-A,T2,2x,520.0,S3_Lin4,routine,M_routine,800,True,2,865.5,883.0,0.0,0.0,1.0,dist_truncnorm,0,0.67,0.15,truncnorm,none
City-A,T2,2x,520.0,S3_Lin4,cross_regime,M_stress,800,True,2,865.5,561.4,0.0,0.3513,1.0,dist_truncnorm,0,0.67,0.15,truncnorm,none
City-A,T2,2x,520.0,S4_GlobalCalib,routine,M_routine,800,True,2,858.4,785.9,0.0,0.0845,1.0,dist_truncnorm,0,0.67,0.15,truncnorm,none
City-A,T2,2x,520.0,S4_GlobalCalib,cross_regime,M_stress,800,True,2,858.4,559.4,0.0,0.3484,1.0,dist_truncnorm,0,0.67,0.15,truncnorm,none
City-A,T2,2x,520.0,S5_CityCalib,routine,M_routine,800,True,2,851.9,785.9,0.0,0.0775,1.0,dist_truncnorm,0,0.67,0.15,truncnorm,none
City-A,T2,2x,520.0,S5_CityCalib,cross_regime,M_stress,800,True,2,851.9,559.4,0.0,0.3434,1.0,dist_truncnorm,0,0.67,0.15,truncnorm,none
City-A,T2,2x,520.0,S6_Q10,routine,M_routine,800,True,2,615.7,785.9,0.0,0.0,1.0,dist_truncnorm,0,0.67,0.15,truncnorm,none
City-A,T2,2x,520.0,S6_Q10,cross_regime,M_stress,800,True,2,615.7,559.4,0.0,0.0915,1.0,dist_truncnorm,0,0.67,0.15,truncnorm,none
City-A,T2,5x,1300.0,S0a_RoutineOracle,routine,M_routine,800,True,3,1422.7,1422.7,0.0,0.0,1.0,dist_truncnorm,0,0.67,0.15,truncnorm,none
City-A,T2,5x,1300.0,S0a_RoutineOracle,cross_regime,M_stress,800,True,3,1422.7,842.3,457.7,0.4079,0.0,dist_truncnorm,0,0.67,0.15,truncnorm,none
City-A,T2,5x,1300.0,S0b_StressOracle,routine,M_routine,800,True,5,1524.6,1895.9,0.0,0.0,1.0,dist_truncnorm,0,0.67,0.15,truncnorm,none
City-A,T2,5x,1300.0,S0b_StressOracle,cross_regime,M_stress,800,True,5,1524.6,1524.6,0.0,0.0,1.0,dist_truncnorm,0,0.67,0.15,truncnorm,none
City-A,T2,5x,1300.0,S1_CapRR,routine,M_routine,800,True,3,1889.7,1262.4,37.6,0.3319,0.0,dist_truncnorm,0,0.67,0.15,truncnorm,none
City-A,T2,5x,1300.0,S1_CapRR,cross_regime,M_stress,800,True,3,1889.7,895.4,404.6,0.5261,0.0,dist_truncnorm,0,0.67,0.15,truncnorm,none
City-A,T2,5x,1300.0,S2_Platform,routine,M_routine,800,True,4,1596.5,1420.4,0.0,0.1103,1.0,dist_truncnorm,0,0.67,0.15,truncnorm,none
City-A,T2,5x,1300.0,S2_Platform,cross_regime,M_stress,800,True,4,1596.5,1062.1,237.9,0.3347,0.0,dist_truncnorm,0,0.67,0.15,truncnorm,none
City-A,T2,5x,1300.0,S3_Lin4,routine,M_routine,800,True,4,1597.6,1539.5,0.0,0.0364,1.0,dist_truncnorm,0,0.67,0.15,truncnorm,none
City-A,T2,5x,1300.0,S3_Lin4,cross_regime,M_stress,800,True,4,1597.6,1211.1,88.9,0.2419,0.0,dist_truncnorm,0,0.67,0.15,truncnorm,none
City-A,T2,5x,1300.0,S4_GlobalCalib,routine,M_routine,800,True,4,1640.7,1758.0,0.0,0.0,1.0,dist_truncnorm,0,0.67,0.15,truncnorm,none
City-A,T2,5x,1300.0,S4_GlobalCalib,cross_regime,M_stress,800,True,4,1640.7,1175.5,124.5,0.2835,0.0,dist_truncnorm,0,0.67,0.15,truncnorm,none
City-A,T2,5x,1300.0,S5_CityCalib,routine,M_routine,800,True,4,1628.4,1758.0,0.0,0.0,1.0,dist_truncnorm,0,0.67,0.15,truncnorm,none
City-A,T2,5x,1300.0,S5_CityCalib,cross_regime,M_stress,800,True,4,1628.4,1175.5,124.5,0.2782,0.0,dist_truncnorm,0,0.67,0.15,truncnorm,none
City-A,T2,5x,1300.0,S6_Q10,routine,M_routine,800,True,5,1445.9,2025.2,0.0,0.0,1.0,dist_truncnorm,0,0.67,0.15,truncnorm,none
City-A,T2,5x,1300.0,S6_Q10,cross_regime,M_stress,800,True,5,1445.9,1434.3,0.0,0.008,1.0,dist_truncnorm,0,0.67,0.15,truncnorm,none
City-A,T2,10x,2600.0,S0a_RoutineOracle,routine,M_routine,800,True,6,2690.8,2690.8,0.0,0.0,1.0,dist_truncnorm,0,0.67,0.15,truncnorm,none
City-A,T2,10x,2600.0,S0a_RoutineOracle,cross_regime,M_stress,800,True,6,2690.8,1488.9,1111.1,0.4467,0.0,dist_truncnorm,0,0.67,0.15,truncnorm,none
City-A,T2,10x,2600.0,S0b_StressOracle,routine,M_routine,800,True,10,2733.0,3319.7,0.0,0.0,1.0,dist_truncnorm,0,0.67,0.15,truncnorm,none
City-A,T2,10x,2600.0,S0b_StressOracle,cross_regime,M_stress,800,True,10,2733.0,2733.0,0.0,0.0,1.0,dist_truncnorm,0,0.67,0.15,truncnorm,none
City-A,T2,10x,2600.0,S1_CapRR,routine,M_routine,800,True,5,3037.3,2025.2,574.8,0.3332,0.0,dist_truncnorm,0,0.67,0.15,truncnorm,none
City-A,T2,10x,2600.0,S1_CapRR,cross_regime,M_stress,800,True,5,3037.3,1434.3,1165.7,0.5278,0.0,dist_truncnorm,0,0.67,0.15,truncnorm,none
City-A,T2,10x,2600.0,S2_Platform,routine,M_routine,800,True,7,2630.1,2569.2,30.8,0.0232,0.0,dist_truncnorm,0,0.67,0.15,truncnorm,none
City-A,T2,10x,2600.0,S2_Platform,cross_regime,M_stress,800,True,7,2630.1,1825.0,775.0,0.3061,0.0,dist_truncnorm,0,0.67,0.15,truncnorm,none
City-A,T2,10x,2600.0,S3_Lin4,routine,M_routine,800,True,7,2642.5,2593.1,6.9,0.0187,0.0,dist_truncnorm,0,0.67,0.15,truncnorm,none
City-A,T2,10x,2600.0,S3_Lin4,cross_regime,M_stress,800,True,7,2642.5,2001.2,598.8,0.2427,0.0,dist_truncnorm,0,0.67,0.15,truncnorm,none
City-A,T2,10x,2600.0,S4_GlobalCalib,routine,M_routine,800,True,7,2712.9,2669.6,0.0,0.016,1.0,dist_truncnorm,0,0.67,0.15,truncnorm,none
City-A,T2,10x,2600.0,S4_GlobalCalib,cross_regime,M_stress,800,True,7,2712.9,1993.9,606.1,0.265,0.0,dist_truncnorm,0,0.67,0.15,truncnorm,none
City-A,T2,10x,2600.0,S5_CityCalib,routine,M_routine,800,True,7,2693.4,2669.6,0.0,0.0088,1.0,dist_truncnorm,0,0.67,0.15,truncnorm,none
City-A,T2,10x,2600.0,S5_CityCalib,cross_regime,M_stress,800,True,7,2693.4,1993.9,606.1,0.2597,0.0,dist_truncnorm,0,0.67,0.15,truncnorm,none
City-A,T2,10x,2600.0,S6_Q10,routine,M_routine,800,True,10,2675.2,3627.7,0.0,0.0,1.0,dist_truncnorm,0,0.67,0.15,truncnorm,none
City-A,T2,10x,2600.0,S6_Q10,cross_regime,M_stress,800,True,10,2675.2,2611.0,0.0,0.024,1.0,dist_truncnorm,0,0.67,0.15,truncnorm,none
City-A,T3,1x,200.0,S0a_RoutineOracle,routine,M_routine,800,True,1,428.5,428.5,0.0,0.0,1.0,dist_truncnorm,0,0.67,0.15,truncnorm,none
City-A,T3,1x,200.0,S0a_RoutineOracle,cross_regime,M_stress,800,True,1,428.5,286.2,0.0,0.3321,1.0,dist_truncnorm,0,0.67,0.15,truncnorm,none
City-A,T3,1x,200.0,S0b_StressOracle,routine,M_routine,800,True,1,286.2,428.5,0.0,0.0,1.0,dist_truncnorm,0,0.67,0.15,truncnorm,none
City-A,T3,1x,200.0,S0b_StressOracle,cross_regime,M_stress,800,True,1,286.2,286.2,0.0,0.0,1.0,dist_truncnorm,0,0.67,0.15,truncnorm,none
City-A,T3,1x,200.0,S1_CapRR,routine,M_routine,800,True,1,596.8,330.6,0.0,0.4461,1.0,dist_truncnorm,0,0.67,0.15,truncnorm,none
City-A,T3,1x,200.0,S1_CapRR,cross_regime,M_stress,800,True,1,596.8,220.9,0.0,0.6299,1.0,dist_truncnorm,0,0.67,0.15,truncnorm,none
City-A,T3,1x,200.0,S2_Platform,routine,M_routine,800,True,1,470.7,330.6,0.0,0.2976,1.0,dist_truncnorm,0,0.67,0.15,truncnorm,none
City-A,T3,1x,200.0,S2_Platform,cross_regime,M_stress,800,True,1,470.7,220.9,0.0,0.5307,1.0,dist_truncnorm,0,0.67,0.15,truncnorm,none
City-A,T3,1x,200.0,S3_Lin4,routine,M_routine,800,True,1,485.2,330.6,0.0,0.3188,1.0,dist_truncnorm,0,0.67,0.15,truncnorm,none
City-A,T3,1x,200.0,S3_Lin4,cross_regime,M_stress,800,True,1,485.2,220.9,0.0,0.5448,1.0,dist_truncnorm,0,0.67,0.15,truncnorm,none
City-A,T3,1x,200.0,S4_GlobalCalib,routine,M_routine,800,True,1,396.3,330.6,0.0,0.1658,1.0,dist_truncnorm,0,0.67,0.15,truncnorm,none
City-A,T3,1x,200.0,S4_GlobalCalib,cross_regime,M_stress,800,True,1,396.3,220.9,0.0,0.4426,1.0,dist_truncnorm,0,0.67,0.15,truncnorm,none
City-A,T3,1x,200.0,S5_CityCalib,routine,M_routine,800,True,1,391.9,330.6,0.0,0.1565,1.0,dist_truncnorm,0,0.67,0.15,truncnorm,none
City-A,T3,1x,200.0,S5_CityCalib,cross_regime,M_stress,800,True,1,391.9,220.9,0.0,0.4364,1.0,dist_truncnorm,0,0.67,0.15,truncnorm,none
City-A,T3,1x,200.0,S6_Q10,routine,M_routine,800,True,1,282.2,330.6,0.0,0.0,1.0,dist_truncnorm,0,0.67,0.15,truncnorm,none
City-A,T3,1x,200.0,S6_Q10,cross_regime,M_stress,800,True,1,282.2,220.9,0.0,0.2172,1.0,dist_truncnorm,0,0.67,0.15,truncnorm,none
City-A,T3,2x,400.0,S0a_RoutineOracle,routine,M_routine,800,True,1,428.5,428.5,0.0,0.0,1.0,dist_truncnorm,0,0.67,0.15,truncnorm,none
City-A,T3,2x,400.0,S0a_RoutineOracle,cross_regime,M_stress,800,True,1,428.5,286.2,113.8,0.3321,0.0,dist_truncnorm,0,0.67,0.15,truncnorm,none
City-A,T3,2x,400.0,S0b_StressOracle,routine,M_routine,800,True,2,537.2,806.5,0.0,0.0,1.0,dist_truncnorm,0,0.67,0.15,truncnorm,none
City-A,T3,2x,400.0,S0b_StressOracle,cross_regime,M_stress,800,True,2,537.2,537.2,0.0,0.0,1.0,dist_truncnorm,0,0.67,0.15,truncnorm,none
City-A,T3,2x,400.0,S1_CapRR,routine,M_routine,800,True,1,596.8,330.6,69.4,0.4461,0.0,dist_truncnorm,0,0.67,0.15,truncnorm,none
City-A,T3,2x,400.0,S1_CapRR,cross_regime,M_stress,800,True,1,596.8,220.9,179.1,0.6299,0.0,dist_truncnorm,0,0.67,0.15,truncnorm,none
City-A,T3,2x,400.0,S2_Platform,routine,M_routine,800,True,1,470.7,330.6,69.4,0.2976,0.0,dist_truncnorm,0,0.67,0.15,truncnorm,none
City-A,T3,2x,400.0,S2_Platform,cross_regime,M_stress,800,True,1,470.7,220.9,179.1,0.5307,0.0,dist_truncnorm,0,0.67,0.15,truncnorm,none
City-A,T3,2x,400.0,S3_Lin4,routine,M_routine,800,True,1,485.2,330.6,69.4,0.3188,0.0,dist_truncnorm,0,0.67,0.15,truncnorm,none
City-A,T3,2x,400.0,S3_Lin4,cross_regime,M_stress,800,True,1,485.2,220.9,179.1,0.5448,0.0,dist_truncnorm,0,0.67,0.15,truncnorm,none
City-A,T3,2x,400.0,S4_GlobalCalib,routine,M_routine,800,True,2,755.6,712.2,0.0,0.0574,1.0,dist_truncnorm,0,0.67,0.15,truncnorm,none
City-A,T3,2x,400.0,S4_GlobalCalib,cross_regime,M_stress,800,True,2,755.6,423.9,0.0,0.439,1.0,dist_truncnorm,0,0.67,0.15,truncnorm,none
City-A,T3,2x,400.0,S5_CityCalib,routine,M_routine,800,True,2,747.5,712.2,0.0,0.0472,1.0,dist_truncnorm,0,0.67,0.15,truncnorm,none
City-A,T3,2x,400.0,S5_CityCalib,cross_regime,M_stress,800,True,2,747.5,423.9,0.0,0.4329,1.0,dist_truncnorm,0,0.67,0.15,truncnorm,none
City-A,T3,2x,400.0,S6_Q10,routine,M_routine,800,True,2,538.1,712.2,0.0,0.0,1.0,dist_truncnorm,0,0.67,0.15,truncnorm,none
City-A,T3,2x,400.0,S6_Q10,cross_regime,M_stress,800,True,2,538.1,423.9,0.0,0.2122,1.0,dist_truncnorm,0,0.67,0.15,truncnorm,none
City-A,T3,5x,1000.0,S0a_RoutineOracle,routine,M_routine,800,True,3,1221.1,1221.1,0.0,0.0,1.0,dist_truncnorm,0,0.67,0.15,truncnorm,none
City-A,T3,5x,1000.0,S0a_RoutineOracle,cross_regime,M_stress,800,True,3,1221.1,543.1,456.9,0.5552,0.0,dist_truncnorm,0,0.67,0.15,truncnorm,none
City-A,T3,5x,1000.0,S0b_StressOracle,routine,M_routine,800,True,5,1215.2,1580.9,0.0,0.0,1.0,dist_truncnorm,0,0.67,0.15,truncnorm,none
City-A,T3,5x,1000.0,S0b_StressOracle,cross_regime,M_stress,800,True,5,1215.2,1215.2,0.0,0.0,1.0,dist_truncnorm,0,0.67,0.15,truncnorm,none
City-A,T3,5x,1000.0,S1_CapRR,routine,M_routine,800,True,2,1138.1,712.2,287.8,0.3742,0.0,dist_truncnorm,0,0.67,0.15,truncnorm,none
City-A,T3,5x,1000.0,S1_CapRR,cross_regime,M_stress,800,True,2,1138.1,423.9,576.1,0.6275,0.0,dist_truncnorm,0,0.67,0.15,truncnorm,none
City-A,T3,5x,1000.0,S2_Platform,routine,M_routine,800,True,3,1264.8,962.1,37.9,0.2393,0.0,dist_truncnorm,0,0.67,0.15,truncnorm,none
City-A,T3,5x,1000.0,S2_Platform,cross_regime,M_stress,800,True,3,1264.8,695.7,304.3,0.4499,0.0,dist_truncnorm,0,0.67,0.15,truncnorm,none
City-A,T3,5x,1000.0,S3_Lin4,routine,M_routine,800,True,3,1232.3,787.3,212.7,0.3612,0.0,dist_truncnorm,0,0.67,0.15,truncnorm,none
City-A,T3,5x,1000.0,S3_Lin4,cross_regime,M_stress,800,True,3,1232.3,645.1,354.9,0.4765,0.0,dist_truncnorm,0,0.67,0.15,truncnorm,none
City-A,T3,5x,1000.0,S4_GlobalCalib,routine,M_routine,800,True,3,1103.9,965.8,34.2,0.1251,0.0,dist_truncnorm,0,0.67,0.15,truncnorm,none
City-A,T3,5x,1000.0,S4_GlobalCalib,cross_regime,M_stress,800,True,3,1103.9,647.7,352.3,0.4132,0.0,dist_truncnorm,0,0.67,0.15,truncnorm,none
City-A,T3,5x,1000.0,S5_CityCalib,routine,M_routine,800,True,3,1092.2,965.8,34.2,0.1157,0.0,dist_truncnorm,0,0.67,0.15,truncnorm,none
City-A,T3,5x,1000.0,S5_CityCalib,cross_regime,M_stress,800,True,3,1092.2,647.7,352.3,0.4069,0.0,dist_truncnorm,0,0.67,0.15,truncnorm,none
City-A,T3,5x,1000.0,S6_Q10,routine,M_routine,800,True,4,1028.5,1394.4,0.0,0.0,1.0,dist_truncnorm,0,0.67,0.15,truncnorm,none
City-A,T3,5x,1000.0,S6_Q10,cross_regime,M_stress,800,True,4,1028.5,934.0,66.0,0.0919,0.0,dist_truncnorm,0,0.67,0.15,truncnorm,none
City-A,T3,10x,2000.0,S0a_RoutineOracle,routine,M_routine,800,True,6,2311.2,2311.2,0.0,0.0,1.0,dist_truncnorm,0,0.67,0.15,truncnorm,none
City-A,T3,10x,2000.0,S0a_RoutineOracle,cross_regime,M_stress,800,True,6,2311.2,1218.0,782.0,0.473,0.0,dist_truncnorm,0,0.67,0.15,truncnorm,none
City-A,T3,10x,2000.0,S0b_StressOracle,routine,M_routine,800,True,9,2046.8,2701.3,0.0,0.0,1.0,dist_truncnorm,0,0.67,0.15,truncnorm,none
City-A,T3,10x,2000.0,S0b_StressOracle,cross_regime,M_stress,800,True,9,2046.8,2046.8,0.0,0.0,1.0,dist_truncnorm,0,0.67,0.15,truncnorm,none
City-A,T3,10x,2000.0,S1_CapRR,routine,M_routine,800,True,4,2175.3,1394.4,605.6,0.359,0.0,dist_truncnorm,0,0.67,0.15,truncnorm,none
City-A,T3,10x,2000.0,S1_CapRR,cross_regime,M_stress,800,True,4,2175.3,934.0,1066.0,0.5707,0.0,dist_truncnorm,0,0.67,0.15,truncnorm,none
City-A,T3,10x,2000.0,S2_Platform,routine,M_routine,800,True,6,2357.9,2063.2,0.0,0.125,1.0,dist_truncnorm,0,0.67,0.15,truncnorm,none
City-A,T3,10x,2000.0,S2_Platform,cross_regime,M_stress,800,True,6,2357.9,1343.8,656.2,0.4301,0.0,dist_truncnorm,0,0.67,0.15,truncnorm,none
City-A,T3,10x,2000.0,S3_Lin4,routine,M_routine,800,True,6,2264.5,1975.4,24.6,0.1277,0.0,dist_truncnorm,0,0.67,0.15,truncnorm,none
City-A,T3,10x,2000.0,S3_Lin4,cross_regime,M_stress,800,True,6,2264.5,1385.3,614.7,0.3883,0.0,dist_truncnorm,0,0.67,0.15,truncnorm,none
City-A,T3,10x,2000.0,S4_GlobalCalib,routine,M_routine,800,True,6,2083.2,1975.4,24.6,0.0518,0.0,dist_truncnorm,0,0.67,0.15,truncnorm,none
City-A,T3,10x,2000.0,S4_GlobalCalib,cross_regime,M_stress,800,True,6,2083.2,1385.3,614.7,0.335,0.0,dist_truncnorm,0,0.67,0.15,truncnorm,none
City-A,T3,10x,2000.0,S5_CityCalib,routine,M_routine,800,True,6,2061.8,1975.4,24.6,0.0419,0.0,dist_truncnorm,0,0.67,0.15,truncnorm,none
City-A,T3,10x,2000.0,S5_CityCalib,cross_regime,M_stress,800,True,6,2061.8,1385.3,614.7,0.3281,0.0,dist_truncnorm,0,0.67,0.15,truncnorm,none
City-A,T3,10x,2000.0,S6_Q10,routine,M_routine,800,True,9,2127.5,2664.2,0.0,0.0,1.0,dist_truncnorm,0,0.67,0.15,truncnorm,none
City-A,T3,10x,2000.0,S6_Q10,cross_regime,M_stress,800,True,9,2127.5,2003.1,0.0,0.0584,1.0,dist_truncnorm,0,0.67,0.15,truncnorm,none
City-A,T4,1x,140.0,S0a_RoutineOracle,routine,M_routine,800,True,1,463.7,463.7,0.0,0.0,1.0,dist_truncnorm,0,0.67,0.15,truncnorm,none
City-A,T4,1x,140.0,S0a_RoutineOracle,cross_regime,M_stress,800,True,1,463.7,257.4,0.0,0.4449,1.0,dist_truncnorm,0,0.67,0.15,truncnorm,none
City-A,T4,1x,140.0,S0b_StressOracle,routine,M_routine,800,True,1,353.1,434.2,0.0,0.0,1.0,dist_truncnorm,0,0.67,0.15,truncnorm,none
City-A,T4,1x,140.0,S0b_StressOracle,cross_regime,M_stress,800,True,1,353.1,353.1,0.0,0.0,1.0,dist_truncnorm,0,0.67,0.15,truncnorm,none
City-A,T4,1x,140.0,S1_CapRR,routine,M_routine,800,True,1,678.2,434.2,0.0,0.3598,1.0,dist_truncnorm,0,0.67,0.15,truncnorm,none
City-A,T4,1x,140.0,S1_CapRR,cross_regime,M_stress,800,True,1,678.2,353.1,0.0,0.4793,1.0,dist_truncnorm,0,0.67,0.15,truncnorm,none
City-A,T4,1x,140.0,S2_Platform,routine,M_routine,800,True,1,299.2,309.1,0.0,0.0,1.0,dist_truncnorm,0,0.67,0.15,truncnorm,none
City-A,T4,1x,140.0,S2_Platform,cross_regime,M_stress,800,True,1,299.2,317.3,0.0,0.0,1.0,dist_truncnorm,0,0.67,0.15,truncnorm,none
City-A,T4,1x,140.0,S3_Lin4,routine,M_routine,800,True,1,486.4,434.2,0.0,0.1073,1.0,dist_truncnorm,0,0.67,0.15,truncnorm,none
City-A,T4,1x,140.0,S3_Lin4,cross_regime,M_stress,800,True,1,486.4,353.1,0.0,0.2739,1.0,dist_truncnorm,0,0.67,0.15,truncnorm,none
City-A,T4,1x,140.0,S4_GlobalCalib,routine,M_routine,800,True,1,448.7,434.2,0.0,0.0325,1.0,dist_truncnorm,0,0.67,0.15,truncnorm,none
City-A,T4,1x,140.0,S4_GlobalCalib,cross_regime,M_stress,800,True,1,448.7,353.1,0.0,0.213,1.0,dist_truncnorm,0,0.67,0.15,truncnorm,none
City-A,T4,1x,140.0,S5_CityCalib,routine,M_routine,800,True,1,444.6,434.2,0.0,0.0234,1.0,dist_truncnorm,0,0.67,0.15,truncnorm,none
City-A,T4,1x,140.0,S5_CityCalib,cross_regime,M_stress,800,True,1,444.6,353.1,0.0,0.2057,1.0,dist_truncnorm,0,0.67,0.15,truncnorm,none
City-A,T4,1x,140.0,S6_Q10,routine,M_routine,800,True,1,322.4,434.2,0.0,0.0,1.0,dist_truncnorm,0,0.67,0.15,truncnorm,none
City-A,T4,1x,140.0,S6_Q10,cross_regime,M_stress,800,True,1,322.4,353.1,0.0,0.0,1.0,dist_truncnorm,0,0.67,0.15,truncnorm,none
City-A,T4,2x,280.0,S0a_RoutineOracle,routine,M_routine,800,True,1,463.7,463.7,0.0,0.0,1.0,dist_truncnorm,0,0.67,0.15,truncnorm,none
City-A,T4,2x,280.0,S0a_RoutineOracle,cross_regime,M_stress,800,True,1,463.7,257.4,22.6,0.4449,0.0,dist_truncnorm,0,0.67,0.15,truncnorm,none
City-A,T4,2x,280.0,S0b_StressOracle,routine,M_routine,800,True,1,353.1,434.2,0.0,0.0,1.0,dist_truncnorm,0,0.67,0.15,truncnorm,none
City-A,T4,2x,280.0,S0b_StressOracle,cross_regime,M_stress,800,True,1,353.1,353.1,0.0,0.0,1.0,dist_truncnorm,0,0.67,0.15,truncnorm,none
City-A,T4,2x,280.0,S1_CapRR,routine,M_routine,800,True,1,678.2,434.2,0.0,0.3598,1.0,dist_truncnorm,0,0.67,0.15,truncnorm,none
City-A,T4,2x,280.0,S1_CapRR,cross_regime,M_stress,800,True,1,678.2,353.1,0.0,0.4793,1.0,dist_truncnorm,0,0.67,0.15,truncnorm,none
City-A,T4,2x,280.0,S2_Platform,routine,M_routine,800,True,1,299.2,309.1,0.0,0.0,1.0,dist_truncnorm,0,0.67,0.15,truncnorm,none
City-A,T4,2x,280.0,S2_Platform,cross_regime,M_stress,800,True,1,299.2,317.3,0.0,0.0,1.0,dist_truncnorm,0,0.67,0.15,truncnorm,none
City-A,T4,2x,280.0,S3_Lin4,routine,M_routine,800,True,1,486.4,434.2,0.0,0.1073,1.0,dist_truncnorm,0,0.67,0.15,truncnorm,none
City-A,T4,2x,280.0,S3_Lin4,cross_regime,M_stress,800,True,1,486.4,353.1,0.0,0.2739,1.0,dist_truncnorm,0,0.67,0.15,truncnorm,none
City-A,T4,2x,280.0,S4_GlobalCalib,routine,M_routine,800,True,1,448.7,434.2,0.0,0.0325,1.0,dist_truncnorm,0,0.67,0.15,truncnorm,none
City-A,T4,2x,280.0,S4_GlobalCalib,cross_regime,M_stress,800,True,1,448.7,353.1,0.0,0.213,1.0,dist_truncnorm,0,0.67,0.15,truncnorm,none
City-A,T4,2x,280.0,S5_CityCalib,routine,M_routine,800,True,1,444.6,434.2,0.0,0.0234,1.0,dist_truncnorm,0,0.67,0.15,truncnorm,none
City-A,T4,2x,280.0,S5_CityCalib,cross_regime,M_stress,800,True,1,444.6,353.1,0.0,0.2057,1.0,dist_truncnorm,0,0.67,0.15,truncnorm,none
City-A,T4,2x,280.0,S6_Q10,routine,M_routine,800,True,1,322.4,434.2,0.0,0.0,1.0,dist_truncnorm,0,0.67,0.15,truncnorm,none
City-A,T4,2x,280.0,S6_Q10,cross_regime,M_stress,800,True,1,322.4,353.1,0.0,0.0,1.0,dist_truncnorm,0,0.67,0.15,truncnorm,none
City-A,T4,5x,700.0,S0a_RoutineOracle,routine,M_routine,800,True,2,897.9,897.9,0.0,0.0,1.0,dist_truncnorm,0,0.67,0.15,truncnorm,none
City-A,T4,5x,700.0,S0a_RoutineOracle,cross_regime,M_stress,800,True,2,897.9,610.5,89.5,0.32,0.0,dist_truncnorm,0,0.67,0.15,truncnorm,none
City-A,T4,5x,700.0,S0b_StressOracle,routine,M_routine,800,True,3,993.1,1062.1,0.0,0.0,1.0,dist_truncnorm,0,0.67,0.15,truncnorm,none
City-A,T4,5x,700.0,S0b_StressOracle,cross_regime,M_stress,800,True,3,993.1,993.1,0.0,0.0,1.0,dist_truncnorm,0,0.67,0.15,truncnorm,none
City-A,T4,5x,700.0,S1_CapRR,routine,M_routine,800,True,2,1293.4,743.3,0.0,0.4253,1.0,dist_truncnorm,0,0.67,0.15,truncnorm,none
City-A,T4,5x,700.0,S1_CapRR,cross_regime,M_stress,800,True,2,1293.4,670.5,29.5,0.4816,0.0,dist_truncnorm,0,0.67,0.15,truncnorm,none
City-A,T4,5x,700.0,S2_Platform,routine,M_routine,800,True,3,870.0,958.4,0.0,0.0,1.0,dist_truncnorm,0,0.67,0.15,truncnorm,none
City-A,T4,5x,700.0,S2_Platform,cross_regime,M_stress,800,True,3,870.0,724.9,0.0,0.1668,1.0,dist_truncnorm,0,0.67,0.15,truncnorm,none
City-A,T4,5x,700.0,S3_Lin4,routine,M_routine,800,True,2,869.4,897.9,0.0,0.0,1.0,dist_truncnorm,0,0.67,0.15,truncnorm,none
City-A,T4,5x,700.0,S3_Lin4,cross_regime,M_stress,800,True,2,869.4,610.5,89.5,0.2977,0.0,dist_truncnorm,0,0.67,0.15,truncnorm,none
City-A,T4,5x,700.0,S4_GlobalCalib,routine,M_routine,800,True,2,855.8,743.3,0.0,0.1315,1.0,dist_truncnorm,0,0.67,0.15,truncnorm,none
City-A,T4,5x,700.0,S4_GlobalCalib,cross_regime,M_stress,800,True,2,855.8,670.5,29.5,0.2165,0.0,dist_truncnorm,0,0.67,0.15,truncnorm,none
City-A,T4,5x,700.0,S5_CityCalib,routine,M_routine,800,True,2,847.9,743.3,0.0,0.1235,1.0,dist_truncnorm,0,0.67,0.15,truncnorm,none
City-A,T4,5x,700.0,S5_CityCalib,cross_regime,M_stress,800,True,2,847.9,670.5,29.5,0.2093,0.0,dist_truncnorm,0,0.67,0.15,truncnorm,none
City-A,T4,5x,700.0,S6_Q10,routine,M_routine,800,True,3,898.3,1207.0,0.0,0.0,1.0,dist_truncnorm,0,0.67,0.15,truncnorm,none
City-A,T4,5x,700.0,S6_Q10,cross_regime,M_stress,800,True,3,898.3,927.9,0.0,0.0,1.0,dist_truncnorm,0,0.67,0.15,truncnorm,none
City-A,T4,10x,1400.0,S0a_RoutineOracle,routine,M_routine,800,True,4,1749.1,1749.1,0.0,0.0,1.0,dist_truncnorm,0,0.67,0.15,truncnorm,none
City-A,T4,10x,1400.0,S0a_RoutineOracle,cross_regime,M_stress,800,True,4,1749.1,977.9,422.1,0.4409,0.0,dist_truncnorm,0,0.67,0.15,truncnorm,none
City-A,T4,10x,1400.0,S0b_StressOracle,routine,M_routine,800,True,5,1528.5,1662.8,0.0,0.0,1.0,dist_truncnorm,0,0.67,0.15,truncnorm,none
City-A,T4,10x,1400.0,S0b_StressOracle,cross_regime,M_stress,800,True,5,1528.5,1528.5,0.0,0.0,1.0,dist_truncnorm,0,0.67,0.15,truncnorm,none
City-A,T4,10x,1400.0,S1_CapRR,routine,M_routine,800,True,3,1889.7,1207.0,193.0,0.3613,0.0,dist_truncnorm,0,0.67,0.15,truncnorm,none
City-A,T4,10x,1400.0,S1_CapRR,cross_regime,M_stress,800,True,3,1889.7,927.9,472.1,0.509,0.0,dist_truncnorm,0,0.67,0.15,truncnorm,none
City-A,T4,10x,1400.0,S2_Platform,routine,M_routine,800,True,5,1424.2,1645.2,0.0,0.0,1.0,dist_truncnorm,0,0.67,0.15,truncnorm,none
City-A,T4,10x,1400.0,S2_Platform,cross_regime,M_stress,800,True,5,1424.2,1078.4,321.6,0.2428,0.0,dist_truncnorm,0,0.67,0.15,truncnorm,none
City-A,T4,10x,1400.0,S3_Lin4,routine,M_routine,800,True,4,1605.3,1596.5,0.0,0.0055,1.0,dist_truncnorm,0,0.67,0.15,truncnorm,none
City-A,T4,10x,1400.0,S3_Lin4,cross_regime,M_stress,800,True,4,1605.3,1141.5,258.5,0.289,0.0,dist_truncnorm,0,0.67,0.15,truncnorm,none
City-A,T4,10x,1400.0,S4_GlobalCalib,routine,M_routine,800,True,4,1635.6,1626.4,0.0,0.0057,1.0,dist_truncnorm,0,0.67,0.15,truncnorm,none
City-A,T4,10x,1400.0,S4_GlobalCalib,cross_regime,M_stress,800,True,4,1635.6,1148.5,251.5,0.2978,0.0,dist_truncnorm,0,0.67,0.15,truncnorm,none
City-A,T4,10x,1400.0,S5_CityCalib,routine,M_routine,800,True,4,1620.9,1626.4,0.0,0.0,1.0,dist_truncnorm,0,0.67,0.15,truncnorm,none
City-A,T4,10x,1400.0,S5_CityCalib,cross_regime,M_stress,800,True,4,1620.9,1148.5,251.5,0.2915,0.0,dist_truncnorm,0,0.67,0.15,truncnorm,none
City-A,T4,10x,1400.0,S6_Q10,routine,M_routine,800,True,5,1443.9,1945.2,0.0,0.0,1.0,dist_truncnorm,0,0.67,0.15,truncnorm,none
City-A,T4,10x,1400.0,S6_Q10,cross_regime,M_stress,800,True,5,1443.9,1471.2,0.0,0.0,1.0,dist_truncnorm,0,0.67,0.15,truncnorm,none
City-A,T5,1x,160.0,S0a_RoutineOracle,routine,M_routine,800,True,1,473.9,473.9,0.0,0.0,1.0,dist_truncnorm,0,0.67,0.15,truncnorm,none
City-A,T5,1x,160.0,S0a_RoutineOracle,cross_regime,M_stress,800,True,1,473.9,309.9,0.0,0.346,1.0,dist_truncnorm,0,0.67,0.15,truncnorm,none
City-A,T5,1x,160.0,S0b_StressOracle,routine,M_routine,800,True,1,309.9,473.9,0.0,0.0,1.0,dist_truncnorm,0,0.67,0.15,truncnorm,none
City-A,T5,1x,160.0,S0b_StressOracle,cross_regime,M_stress,800,True,1,309.9,309.9,0.0,0.0,1.0,dist_truncnorm,0,0.67,0.15,truncnorm,none
City-A,T5,1x,160.0,S1_CapRR,routine,M_routine,800,True,1,596.8,473.9,0.0,0.2059,1.0,dist_truncnorm,0,0.67,0.15,truncnorm,none
City-A,T5,1x,160.0,S1_CapRR,cross_regime,M_stress,800,True,1,596.8,309.9,0.0,0.4807,1.0,dist_truncnorm,0,0.67,0.15,truncnorm,none
City-A,T5,1x,160.0,S2_Platform,routine,M_routine,800,True,1,485.5,473.9,0.0,0.0239,1.0,dist_truncnorm,0,0.67,0.15,truncnorm,none
City-A,T5,1x,160.0,S2_Platform,cross_regime,M_stress,800,True,1,485.5,309.9,0.0,0.3616,1.0,dist_truncnorm,0,0.67,0.15,truncnorm,none
City-A,T5,1x,160.0,S3_Lin4,routine,M_routine,800,True,1,485.9,473.9,0.0,0.0247,1.0,dist_truncnorm,0,0.67,0.15,truncnorm,none
City-A,T5,1x,160.0,S3_Lin4,cross_regime,M_stress,800,True,1,485.9,309.9,0.0,0.3622,1.0,dist_truncnorm,0,0.67,0.15,truncnorm,none
City-A,T5,1x,160.0,S4_GlobalCalib,routine,M_routine,800,True,1,396.8,473.9,0.0,0.0,1.0,dist_truncnorm,0,0.67,0.15,truncnorm,none
City-A,T5,1x,160.0,S4_GlobalCalib,cross_regime,M_stress,800,True,1,396.8,309.9,0.0,0.219,1.0,dist_truncnorm,0,0.67,0.15,truncnorm,none
City-A,T5,1x,160.0,S5_CityCalib,routine,M_routine,800,True,1,392.2,473.9,0.0,0.0,1.0,dist_truncnorm,0,0.67,0.15,truncnorm,none
City-A,T5,1x,160.0,S5_CityCalib,cross_regime,M_stress,800,True,1,392.2,309.9,0.0,0.2098,1.0,dist_truncnorm,0,0.67,0.15,truncnorm,none
City-A,T5,1x,160.0,S6_Q10,routine,M_routine,800,True,1,282.9,473.9,0.0,0.0,1.0,dist_truncnorm,0,0.67,0.15,truncnorm,none
City-A,T5,1x,160.0,S6_Q10,cross_regime,M_stress,800,True,1,282.9,309.9,0.0,0.0,1.0,dist_truncnorm,0,0.67,0.15,truncnorm,none
City-A,T5,2x,320.0,S0a_RoutineOracle,routine,M_routine,800,True,1,473.9,473.9,0.0,0.0,1.0,dist_truncnorm,0,0.67,0.15,truncnorm,none
City-A,T5,2x,320.0,S0a_RoutineOracle,cross_regime,M_stress,800,True,1,473.9,309.9,10.1,0.346,0.0,dist_truncnorm,0,0.67,0.15,truncnorm,none
City-A,T5,2x,320.0,S0b_StressOracle,routine,M_routine,800,True,2,597.1,806.7,0.0,0.0,1.0,dist_truncnorm,0,0.67,0.15,truncnorm,none
City-A,T5,2x,320.0,S0b_StressOracle,cross_regime,M_stress,800,True,2,597.1,597.1,0.0,0.0,1.0,dist_truncnorm,0,0.67,0.15,truncnorm,none
City-A,T5,2x,320.0,S1_CapRR,routine,M_routine,800,True,1,596.8,473.9,0.0,0.2059,1.0,dist_truncnorm,0,0.67,0.15,truncnorm,none
City-A,T5,2x,320.0,S1_CapRR,cross_regime,M_stress,800,True,1,596.8,309.9,10.1,0.4807,0.0,dist_truncnorm,0,0.67,0.15,truncnorm,none
City-A,T5,2x,320.0,S2_Platform,routine,M_routine,800,True,1,485.5,473.9,0.0,0.0239,1.0,dist_truncnorm,0,0.67,0.15,truncnorm,none
City-A,T5,2x,320.0,S2_Platform,cross_regime,M_stress,800,True,1,485.5,309.9,10.1,0.3616,0.0,dist_truncnorm,0,0.67,0.15,truncnorm,none
City-A,T5,2x,320.0,S3_Lin4,routine,M_routine,800,True,1,485.9,473.9,0.0,0.0247,1.0,dist_truncnorm,0,0.67,0.15,truncnorm,none
City-A,T5,2x,320.0,S3_Lin4,cross_regime,M_stress,800,True,1,485.9,309.9,10.1,0.3622,0.0,dist_truncnorm,0,0.67,0.15,truncnorm,none
City-A,T5,2x,320.0,S4_GlobalCalib,routine,M_routine,800,True,1,396.8,473.9,0.0,0.0,1.0,dist_truncnorm,0,0.67,0.15,truncnorm,none
City-A,T5,2x,320.0,S4_GlobalCalib,cross_regime,M_stress,800,True,1,396.8,309.9,10.1,0.219,0.0,dist_truncnorm,0,0.67,0.15,truncnorm,none
City-A,T5,2x,320.0,S5_CityCalib,routine,M_routine,800,True,1,392.2,473.9,0.0,0.0,1.0,dist_truncnorm,0,0.67,0.15,truncnorm,none
City-A,T5,2x,320.0,S5_CityCalib,cross_regime,M_stress,800,True,1,392.2,309.9,10.1,0.2098,0.0,dist_truncnorm,0,0.67,0.15,truncnorm,none
City-A,T5,2x,320.0,S6_Q10,routine,M_routine,800,True,2,539.6,792.7,0.0,0.0,1.0,dist_truncnorm,0,0.67,0.15,truncnorm,none
City-A,T5,2x,320.0,S6_Q10,cross_regime,M_stress,800,True,2,539.6,553.8,0.0,0.0,1.0,dist_truncnorm,0,0.67,0.15,truncnorm,none
City-A,T5,5x,800.0,S0a_RoutineOracle,routine,M_routine,800,True,2,875.4,875.4,0.0,0.0,1.0,dist_truncnorm,0,0.67,0.15,truncnorm,none
City-A,T5,5x,800.0,S0a_RoutineOracle,cross_regime,M_stress,800,True,2,875.4,552.9,247.1,0.3684,0.0,dist_truncnorm,0,0.67,0.15,truncnorm,none
City-A,T5,5x,800.0,S0b_StressOracle,routine,M_routine,800,True,3,863.1,1152.3,0.0,0.0,1.0,dist_truncnorm,0,0.67,0.15,truncnorm,none
City-A,T5,5x,800.0,S0b_StressOracle,cross_regime,M_stress,800,True,3,863.1,863.1,0.0,0.0,1.0,dist_truncnorm,0,0.67,0.15,truncnorm,none
City-A,T5,5x,800.0,S1_CapRR,routine,M_routine,800,True,2,1138.1,792.7,7.3,0.3035,0.0,dist_truncnorm,0,0.67,0.15,truncnorm,none
City-A,T5,5x,800.0,S1_CapRR,cross_regime,M_stress,800,True,2,1138.1,553.8,246.2,0.5134,0.0,dist_truncnorm,0,0.67,0.15,truncnorm,none
City-A,T5,5x,800.0,S2_Platform,routine,M_routine,800,True,2,897.6,720.5,79.5,0.1973,0.0,dist_truncnorm,0,0.67,0.15,truncnorm,none
City-A,T5,5x,800.0,S2_Platform,cross_regime,M_stress,800,True,2,897.6,523.2,276.8,0.4171,0.0,dist_truncnorm,0,0.67,0.15,truncnorm,none
City-A,T5,5x,800.0,S3_Lin4,routine,M_routine,800,True,2,861.5,865.5,0.0,0.0,1.0,dist_truncnorm,0,0.67,0.15,truncnorm,none
City-A,T5,5x,800.0,S3_Lin4,cross_regime,M_stress,800,True,2,861.5,570.5,229.5,0.3378,0.0,dist_truncnorm,0,0.67,0.15,truncnorm,none
City-A,T5,5x,800.0,S4_GlobalCalib,routine,M_routine,800,True,3,1105.5,1184.3,0.0,0.0,1.0,dist_truncnorm,0,0.67,0.15,truncnorm,none
City-A,T5,5x,800.0,S4_GlobalCalib,cross_regime,M_stress,800,True,3,1105.5,814.4,0.0,0.2634,1.0,dist_truncnorm,0,0.67,0.15,truncnorm,none
City-A,T5,5x,800.0,S5_CityCalib,routine,M_routine,800,True,3,1093.0,1184.3,0.0,0.0,1.0,dist_truncnorm,0,0.67,0.15,truncnorm,none
City-A,T5,5x,800.0,S5_CityCalib,cross_regime,M_stress,800,True,3,1093.0,814.4,0.0,0.255,1.0,dist_truncnorm,0,0.67,0.15,truncnorm,none
City-A,T5,5x,800.0,S6_Q10,routine,M_routine,800,True,4,1031.3,1517.1,0.0,0.0,1.0,dist_truncnorm,0,0.67,0.15,truncnorm,none
City-A,T5,5x,800.0,S6_Q10,cross_regime,M_stress,800,True,4,1031.3,1101.6,0.0,0.0,1.0,dist_truncnorm,0,0.67,0.15,truncnorm,none
City-A,T5,10x,1600.0,S0a_RoutineOracle,routine,M_routine,800,True,4,1642.0,1642.0,0.0,0.0,1.0,dist_truncnorm,0,0.67,0.15,truncnorm,none
City-A,T5,10x,1600.0,S0a_RoutineOracle,cross_regime,M_stress,800,True,4,1642.0,937.9,662.1,0.4288,0.0,dist_truncnorm,0,0.67,0.15,truncnorm,none
City-A,T5,10x,1600.0,S0b_StressOracle,routine,M_routine,800,True,6,1610.5,2264.1,0.0,0.0,1.0,dist_truncnorm,0,0.67,0.15,truncnorm,none
City-A,T5,10x,1600.0,S0b_StressOracle,cross_regime,M_stress,800,True,6,1610.5,1610.5,0.0,0.0,1.0,dist_truncnorm,0,0.67,0.15,truncnorm,none
City-A,T5,10x,1600.0,S1_CapRR,routine,M_routine,800,True,3,1662.9,1184.3,415.7,0.2878,0.0,dist_truncnorm,0,0.67,0.15,truncnorm,none
City-A,T5,10x,1600.0,S1_CapRR,cross_regime,M_stress,800,True,3,1662.9,814.4,785.6,0.5103,0.0,dist_truncnorm,0,0.67,0.15,truncnorm,none
City-A,T5,10x,1600.0,S2_Platform,routine,M_routine,800,True,4,1696.8,1444.8,155.2,0.1485,0.0,dist_truncnorm,0,0.67,0.15,truncnorm,none
City-A,T5,10x,1600.0,S2_Platform,cross_regime,M_stress,800,True,4,1696.8,1071.0,529.0,0.3688,0.0,dist_truncnorm,0,0.67,0.15,truncnorm,none
City-A,T5,10x,1600.0,S3_Lin4,routine,M_routine,800,True,5,1924.8,1892.1,0.0,0.017,1.0,dist_truncnorm,0,0.67,0.15,truncnorm,none
City-A,T5,10x,1600.0,S3_Lin4,cross_regime,M_stress,800,True,5,1924.8,1226.0,374.0,0.363,0.0,dist_truncnorm,0,0.67,0.15,truncnorm,none
City-A,T5,10x,1600.0,S4_GlobalCalib,routine,M_routine,800,True,5,1776.8,1763.6,0.0,0.0074,1.0,dist_truncnorm,0,0.67,0.15,truncnorm,none
City-A,T5,10x,1600.0,S4_GlobalCalib,cross_regime,M_stress,800,True,5,1776.8,1314.8,285.2,0.26,0.0,dist_truncnorm,0,0.67,0.15,truncnorm,none
City-A,T5,10x,1600.0,S5_CityCalib,routine,M_routine,800,True,5,1757.1,1763.6,0.0,0.0,1.0,dist_truncnorm,0,0.67,0.15,truncnorm,none
City-A,T5,10x,1600.0,S5_CityCalib,cross_regime,M_stress,800,True,5,1757.1,1314.8,285.2,0.2517,0.0,dist_truncnorm,0,0.67,0.15,truncnorm,none
City-A,T5,10x,1600.0,S6_Q10,routine,M_routine,800,True,7,1705.5,2540.1,0.0,0.0,1.0,dist_truncnorm,0,0.67,0.15,truncnorm,none
City-A,T5,10x,1600.0,S6_Q10,cross_regime,M_stress,800,True,7,1705.5,1682.3,0.0,0.0136,1.0,dist_truncnorm,0,0.67,0.15,truncnorm,none
City-B,T1,1x,180.0,S0a_RoutineOracle,routine,M_routine,500,True,1,789.9,789.9,0.0,0.0,1.0,dist_truncnorm,0,0.67,0.15,truncnorm,none
City-B,T1,1x,180.0,S0a_RoutineOracle,cross_regime,M_stress,500,True,1,789.9,194.1,0.0,0.7543,1.0,dist_truncnorm,0,0.67,0.15,truncnorm,none
City-B,T1,1x,180.0,S0b_StressOracle,routine,M_routine,500,True,1,318.9,480.0,0.0,0.0,1.0,dist_truncnorm,0,0.67,0.15,truncnorm,none
City-B,T1,1x,180.0,S0b_StressOracle,cross_regime,M_stress,500,True,1,318.9,318.9,0.0,0.0,1.0,dist_truncnorm,0,0.67,0.15,truncnorm,none
City-B,T1,1x,180.0,S1_CapRR,routine,M_routine,500,True,1,846.0,397.7,0.0,0.53,1.0,dist_truncnorm,0,0.67,0.15,truncnorm,none
City-B,T1,1x,180.0,S1_CapRR,cross_regime,M_stress,500,True,1,846.0,178.9,1.1,0.7886,0.0,dist_truncnorm,0,0.67,0.15,truncnorm,none
City-B,T1,1x,180.0,S2_Platform,routine,M_routine,500,True,1,561.1,532.4,0.0,0.0512,1.0,dist_truncnorm,0,0.67,0.15,truncnorm,none
City-B,T1,1x,180.0,S2_Platform,cross_regime,M_stress,500,True,1,561.1,246.3,0.0,0.5611,1.0,dist_truncnorm,0,0.67,0.15,truncnorm,none
City-B,T1,1x,180.0,S3_Lin4,routine,M_routine,500,True,1,464.4,789.9,0.0,0.0,1.0,dist_truncnorm,0,0.67,0.15,truncnorm,none
City-B,T1,1x,180.0,S3_Lin4,cross_regime,M_stress,500,True,1,464.4,194.1,0.0,0.5821,1.0,dist_truncnorm,0,0.67,0.15,truncnorm,none
City-B,T1,1x,180.0,S4_GlobalCalib,routine,M_routine,500,True,1,564.6,397.7,0.0,0.2957,1.0,dist_truncnorm,0,0.67,0.15,truncnorm,none
City-B,T1,1x,180.0,S4_GlobalCalib,cross_regime,M_stress,500,True,1,564.6,178.9,1.1,0.6832,0.0,dist_truncnorm,0,0.67,0.15,truncnorm,none
City-B,T1,1x,180.0,S5_CityCalib,routine,M_routine,500,True,1,564.1,397.7,0.0,0.295,1.0,dist_truncnorm,0,0.67,0.15,truncnorm,none
City-B,T1,1x,180.0,S5_CityCalib,cross_regime,M_stress,500,True,1,564.1,178.9,1.1,0.6829,0.0,dist_truncnorm,0,0.67,0.15,truncnorm,none
City-B,T1,1x,180.0,S6_Q10,routine,M_routine,500,True,1,404.4,397.7,0.0,0.0166,1.0,dist_truncnorm,0,0.67,0.15,truncnorm,none
City-B,T1,1x,180.0,S6_Q10,cross_regime,M_stress,500,True,1,404.4,178.9,1.1,0.5577,0.0,dist_truncnorm,0,0.67,0.15,truncnorm,none
City-B,T1,2x,360.0,S0a_RoutineOracle,routine,M_routine,500,True,1,789.9,789.9,0.0,0.0,1.0,dist_truncnorm,0,0.67,0.15,truncnorm,none
City-B,T1,2x,360.0,S0a_RoutineOracle,cross_regime,M_stress,500,True,1,789.9,194.1,165.9,0.7543,0.0,dist_truncnorm,0,0.67,0.15,truncnorm,none
City-B,T1,2x,360.0,S0b_StressOracle,routine,M_routine,500,True,2,625.9,837.7,0.0,0.0,1.0,dist_truncnorm,0,0.67,0.15,truncnorm,none
City-B,T1,2x,360.0,S0b_StressOracle,cross_regime,M_stress,500,True,2,625.9,625.9,0.0,0.0,1.0,dist_truncnorm,0,0.67,0.15,truncnorm,none
City-B,T1,2x,360.0,S1_CapRR,routine,M_routine,500,True,1,846.0,397.7,0.0,0.53,1.0,dist_truncnorm,0,0.67,0.15,truncnorm,none
City-B,T1,2x,360.0,S1_CapRR,cross_regime,M_stress,500,True,1,846.0,178.9,181.1,0.7886,0.0,dist_truncnorm,0,0.67,0.15,truncnorm,none
City-B,T1,2x,360.0,S2_Platform,routine,M_routine,500,True,1,561.1,532.4,0.0,0.0512,1.0,dist_truncnorm,0,0.67,0.15,truncnorm,none
City-B,T1,2x,360.0,S2_Platform,cross_regime,M_stress,500,True,1,561.1,246.3,113.7,0.5611,0.0,dist_truncnorm,0,0.67,0.15,truncnorm,none
City-B,T1,2x,360.0,S3_Lin4,routine,M_routine,500,True,1,464.4,789.9,0.0,0.0,1.0,dist_truncnorm,0,0.67,0.15,truncnorm,none
City-B,T1,2x,360.0,S3_Lin4,cross_regime,M_stress,500,True,1,464.4,194.1,165.9,0.5821,0.0,dist_truncnorm,0,0.67,0.15,truncnorm,none
City-B,T1,2x,360.0,S4_GlobalCalib,routine,M_routine,500,True,1,564.6,397.7,0.0,0.2957,1.0,dist_truncnorm,0,0.67,0.15,truncnorm,none
City-B,T1,2x,360.0,S4_GlobalCalib,cross_regime,M_stress,500,True,1,564.6,178.9,181.1,0.6832,0.0,dist_truncnorm,0,0.67,0.15,truncnorm,none
City-B,T1,2x,360.0,S5_CityCalib,routine,M_routine,500,True,1,564.1,397.7,0.0,0.295,1.0,dist_truncnorm,0,0.67,0.15,truncnorm,none
City-B,T1,2x,360.0,S5_CityCalib,cross_regime,M_stress,500,True,1,564.1,178.9,181.1,0.6829,0.0,dist_truncnorm,0,0.67,0.15,truncnorm,none
City-B,T1,2x,360.0,S6_Q10,routine,M_routine,500,True,1,404.4,397.7,0.0,0.0166,1.0,dist_truncnorm,0,0.67,0.15,truncnorm,none
City-B,T1,2x,360.0,S6_Q10,cross_regime,M_stress,500,True,1,404.4,178.9,181.1,0.5577,0.0,dist_truncnorm,0,0.67,0.15,truncnorm,none
City-B,T1,5x,900.0,S0a_RoutineOracle,routine,M_routine,500,True,2,1376.2,1376.2,0.0,0.0,1.0,dist_truncnorm,0,0.67,0.15,truncnorm,none
City-B,T1,5x,900.0,S0a_RoutineOracle,cross_regime,M_stress,500,True,2,1376.2,391.0,509.0,0.7159,0.0,dist_truncnorm,0,0.67,0.15,truncnorm,none
City-B,T1,5x,900.0,S0b_StressOracle,routine,M_routine,500,True,3,927.1,1108.2,0.0,0.0,1.0,dist_truncnorm,0,0.67,0.15,truncnorm,none
City-B,T1,5x,900.0,S0b_StressOracle,cross_regime,M_stress,500,True,3,927.1,927.1,0.0,0.0,1.0,dist_truncnorm,0,0.67,0.15,truncnorm,none
City-B,T1,5x,900.0,S1_CapRR,routine,M_routine,500,True,2,1688.0,877.7,22.3,0.48,0.0,dist_truncnorm,0,0.67,0.15,truncnorm,none
City-B,T1,5x,900.0,S1_CapRR,cross_regime,M_stress,500,True,2,1688.0,497.7,402.3,0.7051,0.0,dist_truncnorm,0,0.67,0.15,truncnorm,none
City-B,T1,5x,900.0,S2_Platform,routine,M_routine,500,True,2,1112.3,1322.3,0.0,0.0,1.0,dist_truncnorm,0,0.67,0.15,truncnorm,none
City-B,T1,5x,900.0,S2_Platform,cross_regime,M_stress,500,True,2,1112.3,440.4,459.6,0.6041,0.0,dist_truncnorm,0,0.67,0.15,truncnorm,none
City-B,T1,5x,900.0,S3_Lin4,routine,M_routine,500,True,2,922.7,1322.3,0.0,0.0,1.0,dist_truncnorm,0,0.67,0.15,truncnorm,none
City-B,T1,5x,900.0,S3_Lin4,cross_regime,M_stress,500,True,2,922.7,440.4,459.6,0.5227,0.0,dist_truncnorm,0,0.67,0.15,truncnorm,none
City-B,T1,5x,900.0,S4_GlobalCalib,routine,M_routine,500,True,2,1126.6,877.7,22.3,0.2209,0.0,dist_truncnorm,0,0.67,0.15,truncnorm,none
City-B,T1,5x,900.0,S4_GlobalCalib,cross_regime,M_stress,500,True,2,1126.6,497.7,402.3,0.5582,0.0,dist_truncnorm,0,0.67,0.15,truncnorm,none
City-B,T1,5x,900.0,S5_CityCalib,routine,M_routine,500,True,2,1125.5,877.7,22.3,0.2202,0.0,dist_truncnorm,0,0.67,0.15,truncnorm,none
City-B,T1,5x,900.0,S5_CityCalib,cross_regime,M_stress,500,True,2,1125.5,497.7,402.3,0.5578,0.0,dist_truncnorm,0,0.67,0.15,truncnorm,none
City-B,T1,5x,900.0,S6_Q10,routine,M_routine,500,True,3,1197.2,1667.6,0.0,0.0,1.0,dist_truncnorm,0,0.67,0.15,truncnorm,none
City-B,T1,5x,900.0,S6_Q10,cross_regime,M_stress,500,True,3,1197.2,691.8,208.2,0.4221,0.0,dist_truncnorm,0,0.67,0.15,truncnorm,none
City-B,T1,10x,1800.0,S0a_RoutineOracle,routine,M_routine,500,True,3,1924.3,1924.3,0.0,0.0,1.0,dist_truncnorm,0,0.67,0.15,truncnorm,none
City-B,T1,10x,1800.0,S0a_RoutineOracle,cross_regime,M_stress,500,True,3,1924.3,587.9,1212.1,0.6945,0.0,dist_truncnorm,0,0.67,0.15,truncnorm,none
City-B,T1,10x,1800.0,S0b_StressOracle,routine,M_routine,500,True,7,1988.5,2531.5,0.0,0.0,1.0,dist_truncnorm,0,0.67,0.15,truncnorm,none
City-B,T1,10x,1800.0,S0b_StressOracle,cross_regime,M_stress,500,True,7,1988.5,1988.5,0.0,0.0,1.0,dist_truncnorm,0,0.67,0.15,truncnorm,none
City-B,T1,10x,1800.0,S1_CapRR,routine,M_routine,500,True,3,2504.5,1667.6,132.4,0.3342,0.0,dist_truncnorm,0,0.67,0.15,truncnorm,none
City-B,T1,10x,1800.0,S1_CapRR,cross_regime,M_stress,500,True,3,2504.5,691.8,1108.2,0.7238,0.0,dist_truncnorm,0,0.67,0.15,truncnorm,none
City-B,T1,10x,1800.0,S2_Platform,routine,M_routine,500,True,4,2163.2,2200.0,0.0,0.0,1.0,dist_truncnorm,0,0.67,0.15,truncnorm,none
City-B,T1,10x,1800.0,S2_Platform,cross_regime,M_stress,500,True,4,2163.2,938.1,861.9,0.5663,0.0,dist_truncnorm,0,0.67,0.15,truncnorm,none
City-B,T1,10x,1800.0,S3_Lin4,routine,M_routine,500,True,4,1830.0,2200.0,0.0,0.0,1.0,dist_truncnorm,0,0.67,0.15,truncnorm,none
City-B,T1,10x,1800.0,S3_Lin4,cross_regime,M_stress,500,True,4,1830.0,938.1,861.9,0.4874,0.0,dist_truncnorm,0,0.67,0.15,truncnorm,none
City-B,T1,10x,1800.0,S4_GlobalCalib,routine,M_routine,500,True,4,2204.5,2200.0,0.0,0.0021,1.0,dist_truncnorm,0,0.67,0.15,truncnorm,none
City-B,T1,10x,1800.0,S4_GlobalCalib,cross_regime,M_stress,500,True,4,2204.5,938.1,861.9,0.5745,0.0,dist_truncnorm,0,0.67,0.15,truncnorm,none
City-B,T1,10x,1800.0,S5_CityCalib,routine,M_routine,500,True,4,2202.3,2200.0,0.0,0.0011,1.0,dist_truncnorm,0,0.67,0.15,truncnorm,none
City-B,T1,10x,1800.0,S5_CityCalib,cross_regime,M_stress,500,True,4,2202.3,938.1,861.9,0.5741,0.0,dist_truncnorm,0,0.67,0.15,truncnorm,none
City-B,T1,10x,1800.0,S6_Q10,routine,M_routine,500,True,5,1913.0,2786.3,0.0,0.0,1.0,dist_truncnorm,0,0.67,0.15,truncnorm,none
City-B,T1,10x,1800.0,S6_Q10,cross_regime,M_stress,500,True,5,1913.0,1135.0,665.0,0.4067,0.0,dist_truncnorm,0,0.67,0.15,truncnorm,none
City-B,T2,1x,260.0,S0a_RoutineOracle,routine,M_routine,500,True,1,783.1,783.1,0.0,0.0,1.0,dist_truncnorm,0,0.67,0.15,truncnorm,none
City-B,T2,1x,260.0,S0a_RoutineOracle,cross_regime,M_stress,500,True,1,783.1,347.2,0.0,0.5566,1.0,dist_truncnorm,0,0.67,0.15,truncnorm,none
City-B,T2,1x,260.0,S0b_StressOracle,routine,M_routine,500,True,1,441.4,514.2,0.0,0.0,1.0,dist_truncnorm,0,0.67,0.15,truncnorm,none
City-B,T2,1x,260.0,S0b_StressOracle,cross_regime,M_stress,500,True,1,441.4,441.4,0.0,0.0,1.0,dist_truncnorm,0,0.67,0.15,truncnorm,none
City-B,T2,1x,260.0,S1_CapRR,routine,M_routine,500,True,1,846.0,514.2,0.0,0.3922,1.0,dist_truncnorm,0,0.67,0.15,truncnorm,none
City-B,T2,1x,260.0,S1_CapRR,cross_regime,M_stress,500,True,1,846.0,441.4,0.0,0.4782,1.0,dist_truncnorm,0,0.67,0.15,truncnorm,none
City-B,T2,1x,260.0,S2_Platform,routine,M_routine,500,True,1,557.0,261.7,0.0,0.5302,1.0,dist_truncnorm,0,0.67,0.15,truncnorm,none
City-B,T2,1x,260.0,S2_Platform,cross_regime,M_stress,500,True,1,557.0,287.6,0.0,0.4837,1.0,dist_truncnorm,0,0.67,0.15,truncnorm,none
City-B,T2,1x,260.0,S3_Lin4,routine,M_routine,500,True,1,462.7,783.1,0.0,0.0,1.0,dist_truncnorm,0,0.67,0.15,truncnorm,none
City-B,T2,1x,260.0,S3_Lin4,cross_regime,M_stress,500,True,1,462.7,347.2,0.0,0.2496,1.0,dist_truncnorm,0,0.67,0.15,truncnorm,none
City-B,T2,1x,260.0,S4_GlobalCalib,routine,M_routine,500,True,1,561.6,514.2,0.0,0.0845,1.0,dist_truncnorm,0,0.67,0.15,truncnorm,none
City-B,T2,1x,260.0,S4_GlobalCalib,cross_regime,M_stress,500,True,1,561.6,441.4,0.0,0.2141,1.0,dist_truncnorm,0,0.67,0.15,truncnorm,none
City-B,T2,1x,260.0,S5_CityCalib,routine,M_routine,500,True,1,563.7,514.2,0.0,0.0878,1.0,dist_truncnorm,0,0.67,0.15,truncnorm,none
City-B,T2,1x,260.0,S5_CityCalib,cross_regime,M_stress,500,True,1,563.7,441.4,0.0,0.217,1.0,dist_truncnorm,0,0.67,0.15,truncnorm,none
City-B,T2,1x,260.0,S6_Q10,routine,M_routine,500,True,1,402.7,514.2,0.0,0.0,1.0,dist_truncnorm,0,0.67,0.15,truncnorm,none
City-B,T2,1x,260.0,S6_Q10,cross_regime,M_stress,500,True,1,402.7,441.4,0.0,0.0,1.0,dist_truncnorm,0,0.67,0.15,truncnorm,none
City-B,T2,2x,520.0,S0a_RoutineOracle,routine,M_routine,500,True,1,783.1,783.1,0.0,0.0,1.0,dist_truncnorm,0,0.67,0.15,truncnorm,none
City-B,T2,2x,520.0,S0a_RoutineOracle,cross_regime,M_stress,500,True,1,783.1,347.2,172.8,0.5566,0.0,dist_truncnorm,0,0.67,0.15,truncnorm,none
City-B,T2,2x,520.0,S0b_StressOracle,routine,M_routine,500,True,2,794.2,905.4,0.0,0.0,1.0,dist_truncnorm,0,0.67,0.15,truncnorm,none
City-B,T2,2x,520.0,S0b_StressOracle,cross_regime,M_stress,500,True,2,794.2,794.2,0.0,0.0,1.0,dist_truncnorm,0,0.67,0.15,truncnorm,none
City-B,T2,2x,520.0,S1_CapRR,routine,M_routine,500,True,1,846.0,514.2,5.8,0.3922,0.0,dist_truncnorm,0,0.67,0.15,truncnorm,none
City-B,T2,2x,520.0,S1_CapRR,cross_regime,M_stress,500,True,1,846.0,441.4,78.6,0.4782,0.0,dist_truncnorm,0,0.67,0.15,truncnorm,none
City-B,T2,2x,520.0,S2_Platform,routine,M_routine,500,True,1,557.0,261.7,258.3,0.5302,0.0,dist_truncnorm,0,0.67,0.15,truncnorm,none
City-B,T2,2x,520.0,S2_Platform,cross_regime,M_stress,500,True,1,557.0,287.6,232.4,0.4837,0.0,dist_truncnorm,0,0.67,0.15,truncnorm,none
City-B,T2,2x,520.0,S3_Lin4,routine,M_routine,500,True,2,919.2,1044.8,0.0,0.0,1.0,dist_truncnorm,0,0.67,0.15,truncnorm,none
City-B,T2,2x,520.0,S3_Lin4,cross_regime,M_stress,500,True,2,919.2,634.8,0.0,0.3094,1.0,dist_truncnorm,0,0.67,0.15,truncnorm,none
City-B,T2,2x,520.0,S4_GlobalCalib,routine,M_routine,500,True,1,561.6,514.2,5.8,0.0845,0.0,dist_truncnorm,0,0.67,0.15,truncnorm,none
City-B,T2,2x,520.0,S4_GlobalCalib,cross_regime,M_stress,500,True,1,561.6,441.4,78.6,0.2141,0.0,dist_truncnorm,0,0.67,0.15,truncnorm,none
City-B,T2,2x,520.0,S5_CityCalib,routine,M_routine,500,True,1,563.7,514.2,5.8,0.0878,0.0,dist_truncnorm,0,0.67,0.15,truncnorm,none
City-B,T2,2x,520.0,S5_CityCalib,cross_regime,M_stress,500,True,1,563.7,441.4,78.6,0.217,0.0,dist_truncnorm,0,0.67,0.15,truncnorm,none
City-B,T2,2x,520.0,S6_Q10,routine,M_routine,500,True,2,803.5,1062.9,0.0,0.0,1.0,dist_truncnorm,0,0.67,0.15,truncnorm,none
City-B,T2,2x,520.0,S6_Q10,cross_regime,M_stress,500,True,2,803.5,778.9,0.0,0.0307,1.0,dist_truncnorm,0,0.67,0.15,truncnorm,none
City-B,T2,5x,1300.0,S0a_RoutineOracle,routine,M_routine,500,True,2,1331.8,1331.8,0.0,0.0,1.0,dist_truncnorm,0,0.67,0.15,truncnorm,none
City-B,T2,5x,1300.0,S0a_RoutineOracle,cross_regime,M_stress,500,True,2,1331.8,684.7,615.3,0.4859,0.0,dist_truncnorm,0,0.67,0.15,truncnorm,none
City-B,T2,5x,1300.0,S0b_StressOracle,routine,M_routine,500,True,4,1478.8,2237.1,0.0,0.0,1.0,dist_truncnorm,0,0.67,0.15,truncnorm,none
City-B,T2,5x,1300.0,S0b_StressOracle,cross_regime,M_stress,500,True,4,1478.8,1478.8,0.0,0.0,1.0,dist_truncnorm,0,0.67,0.15,truncnorm,none
City-B,T2,5x,1300.0,S1_CapRR,routine,M_routine,500,True,2,1688.0,1062.9,237.1,0.3703,0.0,dist_truncnorm,0,0.67,0.15,truncnorm,none
City-B,T2,5x,1300.0,S1_CapRR,cross_regime,M_stress,500,True,2,1688.0,778.9,521.1,0.5386,0.0,dist_truncnorm,0,0.67,0.15,truncnorm,none
City-B,T2,5x,1300.0,S2_Platform,routine,M_routine,500,True,3,1630.3,1593.5,0.0,0.0226,1.0,dist_truncnorm,0,0.67,0.15,truncnorm,none
City-B,T2,5x,1300.0,S2_Platform,cross_regime,M_stress,500,True,3,1630.3,972.2,327.8,0.4036,0.0,dist_truncnorm,0,0.67,0.15,truncnorm,none
City-B,T2,5x,1300.0,S3_Lin4,routine,M_routine,500,True,3,1372.1,1559.0,0.0,0.0,1.0,dist_truncnorm,0,0.67,0.15,truncnorm,none
City-B,T2,5x,1300.0,S3_Lin4,cross_regime,M_stress,500,True,3,1372.1,1076.2,223.8,0.2156,0.0,dist_truncnorm,0,0.67,0.15,truncnorm,none
City-B,T2,5x,1300.0,S4_GlobalCalib,routine,M_routine,500,True,3,1662.7,1846.0,0.0,0.0,1.0,dist_truncnorm,0,0.67,0.15,truncnorm,none
City-B,T2,5x,1300.0,S4_GlobalCalib,cross_regime,M_stress,500,True,3,1662.7,1126.1,173.9,0.3227,0.0,dist_truncnorm,0,0.67,0.15,truncnorm,none
City-B,T2,5x,1300.0,S5_CityCalib,routine,M_routine,500,True,3,1668.7,1846.0,0.0,0.0,1.0,dist_truncnorm,0,0.67,0.15,truncnorm,none
City-B,T2,5x,1300.0,S5_CityCalib,cross_regime,M_stress,500,True,3,1668.7,1126.1,173.9,0.3252,0.0,dist_truncnorm,0,0.67,0.15,truncnorm,none
City-B,T2,5x,1300.0,S6_Q10,routine,M_routine,500,True,4,1572.5,2107.7,0.0,0.0,1.0,dist_truncnorm,0,0.67,0.15,truncnorm,none
City-B,T2,5x,1300.0,S6_Q10,cross_regime,M_stress,500,True,4,1572.5,1413.7,0.0,0.101,1.0,dist_truncnorm,0,0.67,0.15,truncnorm,none
City-B,T2,10x,2600.0,S0a_RoutineOracle,routine,M_routine,500,True,5,2765.3,2765.3,0.0,0.0,1.0,dist_truncnorm,0,0.67,0.15,truncnorm,none
City-B,T2,10x,2600.0,S0a_RoutineOracle,cross_regime,M_stress,500,True,5,2765.3,1637.0,963.0,0.408,0.0,dist_truncnorm,0,0.67,0.15,truncnorm,none
City-B,T2,10x,2600.0,S0b_StressOracle,routine,M_routine,500,True,8,2713.3,3669.8,0.0,0.0,1.0,dist_truncnorm,0,0.67,0.15,truncnorm,none
City-B,T2,10x,2600.0,S0b_StressOracle,cross_regime,M_stress,500,True,8,2713.3,2713.3,0.0,0.0,1.0,dist_truncnorm,0,0.67,0.15,truncnorm,none
City-B,T2,10x,2600.0,S1_CapRR,routine,M_routine,500,True,4,3303.2,2107.7,492.3,0.3619,0.0,dist_truncnorm,0,0.67,0.15,truncnorm,none
City-B,T2,10x,2600.0,S1_CapRR,cross_regime,M_stress,500,True,4,3303.2,1413.7,1186.3,0.572,0.0,dist_truncnorm,0,0.67,0.15,truncnorm,none
City-B,T2,10x,2600.0,S2_Platform,routine,M_routine,500,True,6,2974.4,2979.1,0.0,0.0,1.0,dist_truncnorm,0,0.67,0.15,truncnorm,none
City-B,T2,10x,2600.0,S2_Platform,cross_regime,M_stress,500,True,6,2974.4,2045.5,554.5,0.3123,0.0,dist_truncnorm,0,0.67,0.15,truncnorm,none
City-B,T2,10x,2600.0,S3_Lin4,routine,M_routine,500,True,7,2945.4,3352.3,0.0,0.0,1.0,dist_truncnorm,0,0.67,0.15,truncnorm,none
City-B,T2,10x,2600.0,S3_Lin4,cross_regime,M_stress,500,True,7,2945.4,2335.5,264.5,0.2071,0.0,dist_truncnorm,0,0.67,0.15,truncnorm,none
City-B,T2,10x,2600.0,S4_GlobalCalib,routine,M_routine,500,True,5,2656.8,2588.0,12.0,0.0259,0.0,dist_truncnorm,0,0.67,0.15,truncnorm,none
City-B,T2,10x,2600.0,S4_GlobalCalib,cross_regime,M_stress,500,True,5,2656.8,1692.7,907.3,0.3629,0.0,dist_truncnorm,0,0.67,0.15,truncnorm,none
City-B,T2,10x,2600.0,S5_CityCalib,routine,M_routine,500,True,5,2666.1,2588.0,12.0,0.0293,0.0,dist_truncnorm,0,0.67,0.15,truncnorm,none
City-B,T2,10x,2600.0,S5_CityCalib,cross_regime,M_stress,500,True,5,2666.1,1692.7,907.3,0.3651,0.0,dist_truncnorm,0,0.67,0.15,truncnorm,none
City-B,T2,10x,2600.0,S6_Q10,routine,M_routine,500,True,8,2783.1,3688.9,0.0,0.0,1.0,dist_truncnorm,0,0.67,0.15,truncnorm,none
City-B,T2,10x,2600.0,S6_Q10,cross_regime,M_stress,500,True,8,2783.1,2540.0,60.0,0.0874,0.0,dist_truncnorm,0,0.67,0.15,truncnorm,none
City-B,T3,1x,200.0,S0a_RoutineOracle,routine,M_routine,500,True,1,582.0,582.0,0.0,0.0,1.0,dist_truncnorm,0,0.67,0.15,truncnorm,none
City-B,T3,1x,200.0,S0a_RoutineOracle,cross_regime,M_stress,500,True,1,582.0,348.7,0.0,0.4007,1.0,dist_truncnorm,0,0.67,0.15,truncnorm,none
City-B,T3,1x,200.0,S0b_StressOracle,routine,M_routine,500,True,1,348.7,582.0,0.0,0.0,1.0,dist_truncnorm,0,0.67,0.15,truncnorm,none
City-B,T3,1x,200.0,S0b_StressOracle,cross_regime,M_stress,500,True,1,348.7,348.7,0.0,0.0,1.0,dist_truncnorm,0,0.67,0.15,truncnorm,none
City-B,T3,1x,200.0,S1_CapRR,routine,M_routine,500,True,1,744.5,431.0,0.0,0.4211,1.0,dist_truncnorm,0,0.67,0.15,truncnorm,none
City-B,T3,1x,200.0,S1_CapRR,cross_regime,M_stress,500,True,1,744.5,320.5,0.0,0.5696,1.0,dist_truncnorm,0,0.67,0.15,truncnorm,none
City-B,T3,1x,200.0,S2_Platform,routine,M_routine,500,True,1,543.2,540.6,0.0,0.0047,1.0,dist_truncnorm,0,0.67,0.15,truncnorm,none
City-B,T3,1x,200.0,S2_Platform,cross_regime,M_stress,500,True,1,543.2,319.3,0.0,0.4121,1.0,dist_truncnorm,0,0.67,0.15,truncnorm,none
City-B,T3,1x,200.0,S3_Lin4,routine,M_routine,500,True,1,454.7,538.7,0.0,0.0,1.0,dist_truncnorm,0,0.67,0.15,truncnorm,none
City-B,T3,1x,200.0,S3_Lin4,cross_regime,M_stress,500,True,1,454.7,320.3,0.0,0.2957,1.0,dist_truncnorm,0,0.67,0.15,truncnorm,none
City-B,T3,1x,200.0,S4_GlobalCalib,routine,M_routine,500,True,1,494.5,431.0,0.0,0.1286,1.0,dist_truncnorm,0,0.67,0.15,truncnorm,none
City-B,T3,1x,200.0,S4_GlobalCalib,cross_regime,M_stress,500,True,1,494.5,320.5,0.0,0.352,1.0,dist_truncnorm,0,0.67,0.15,truncnorm,none
City-B,T3,1x,200.0,S5_CityCalib,routine,M_routine,500,True,1,492.9,431.0,0.0,0.1258,1.0,dist_truncnorm,0,0.67,0.15,truncnorm,none
City-B,T3,1x,200.0,S5_CityCalib,cross_regime,M_stress,500,True,1,492.9,320.5,0.0,0.3499,1.0,dist_truncnorm,0,0.67,0.15,truncnorm,none
City-B,T3,1x,200.0,S6_Q10,routine,M_routine,500,True,1,352.0,431.0,0.0,0.0,1.0,dist_truncnorm,0,0.67,0.15,truncnorm,none
City-B,T3,1x,200.0,S6_Q10,cross_regime,M_stress,500,True,1,352.0,320.5,0.0,0.0896,1.0,dist_truncnorm,0,0.67,0.15,truncnorm,none
City-B,T3,2x,400.0,S0a_RoutineOracle,routine,M_routine,500,True,1,582.0,582.0,0.0,0.0,1.0,dist_truncnorm,0,0.67,0.15,truncnorm,none
City-B,T3,2x,400.0,S0a_RoutineOracle,cross_regime,M_stress,500,True,1,582.0,348.7,51.3,0.4007,0.0,dist_truncnorm,0,0.67,0.15,truncnorm,none
City-B,T3,2x,400.0,S0b_StressOracle,routine,M_routine,500,True,2,669.2,1012.9,0.0,0.0,1.0,dist_truncnorm,0,0.67,0.15,truncnorm,none
City-B,T3,2x,400.0,S0b_StressOracle,cross_regime,M_stress,500,True,2,669.2,669.2,0.0,0.0,1.0,dist_truncnorm,0,0.67,0.15,truncnorm,none
City-B,T3,2x,400.0,S1_CapRR,routine,M_routine,500,True,1,744.5,431.0,0.0,0.4211,1.0,dist_truncnorm,0,0.67,0.15,truncnorm,none
City-B,T3,2x,400.0,S1_CapRR,cross_regime,M_stress,500,True,1,744.5,320.5,79.5,0.5696,0.0,dist_truncnorm,0,0.67,0.15,truncnorm,none
City-B,T3,2x,400.0,S2_Platform,routine,M_routine,500,True,1,543.2,540.6,0.0,0.0047,1.0,dist_truncnorm,0,0.67,0.15,truncnorm,none
City-B,T3,2x,400.0,S2_Platform,cross_regime,M_stress,500,True,1,543.2,319.3,80.7,0.4121,0.0,dist_truncnorm,0,0.67,0.15,truncnorm,none
City-B,T3,2x,400.0,S3_Lin4,routine,M_routine,500,True,1,454.7,538.7,0.0,0.0,1.0,dist_truncnorm,0,0.67,0.15,truncnorm,none
City-B,T3,2x,400.0,S3_Lin4,cross_regime,M_stress,500,True,1,454.7,320.3,79.7,0.2957,0.0,dist_truncnorm,0,0.67,0.15,truncnorm,none
City-B,T3,2x,400.0,S4_GlobalCalib,routine,M_routine,500,True,1,494.5,431.0,0.0,0.1286,1.0,dist_truncnorm,0,0.67,0.15,truncnorm,none
City-B,T3,2x,400.0,S4_GlobalCalib,cross_regime,M_stress,500,True,1,494.5,320.5,79.5,0.352,0.0,dist_truncnorm,0,0.67,0.15,truncnorm,none
City-B,T3,2x,400.0,S5_CityCalib,routine,M_routine,500,True,1,492.9,431.0,0.0,0.1258,1.0,dist_truncnorm,0,0.67,0.15,truncnorm,none
City-B,T3,2x,400.0,S5_CityCalib,cross_regime,M_stress,500,True,1,492.9,320.5,79.5,0.3499,0.0,dist_truncnorm,0,0.67,0.15,truncnorm,none
City-B,T3,2x,400.0,S6_Q10,routine,M_routine,500,True,2,702.3,971.6,0.0,0.0,1.0,dist_truncnorm,0,0.67,0.15,truncnorm,none
City-B,T3,2x,400.0,S6_Q10,cross_regime,M_stress,500,True,2,702.3,639.8,0.0,0.089,1.0,dist_truncnorm,0,0.67,0.15,truncnorm,none
City-B,T3,5x,1000.0,S0a_RoutineOracle,routine,M_routine,500,True,2,1122.6,1122.6,0.0,0.0,1.0,dist_truncnorm,0,0.67,0.15,truncnorm,none
City-B,T3,5x,1000.0,S0a_RoutineOracle,cross_regime,M_stress,500,True,2,1122.6,668.1,331.9,0.4049,0.0,dist_truncnorm,0,0.67,0.15,truncnorm,none
City-B,T3,5x,1000.0,S0b_StressOracle,routine,M_routine,500,True,4,1308.8,2092.2,0.0,0.0,1.0,dist_truncnorm,0,0.67,0.15,truncnorm,none
City-B,T3,5x,1000.0,S0b_StressOracle,cross_regime,M_stress,500,True,4,1308.8,1308.8,0.0,0.0,1.0,dist_truncnorm,0,0.67,0.15,truncnorm,none
City-B,T3,5x,1000.0,S1_CapRR,routine,M_routine,500,True,2,1485.4,971.6,28.4,0.3459,0.0,dist_truncnorm,0,0.67,0.15,truncnorm,none
City-B,T3,5x,1000.0,S1_CapRR,cross_regime,M_stress,500,True,2,1485.4,639.8,360.2,0.5693,0.0,dist_truncnorm,0,0.67,0.15,truncnorm,none
City-B,T3,5x,1000.0,S2_Platform,routine,M_routine,500,True,2,1048.0,1079.3,0.0,0.0,1.0,dist_truncnorm,0,0.67,0.15,truncnorm,none
City-B,T3,5x,1000.0,S2_Platform,cross_regime,M_stress,500,True,2,1048.0,639.6,360.4,0.3897,0.0,dist_truncnorm,0,0.67,0.15,truncnorm,none
City-B,T3,5x,1000.0,S3_Lin4,routine,M_routine,500,True,3,1345.1,1243.1,0.0,0.0758,1.0,dist_truncnorm,0,0.67,0.15,truncnorm,none
City-B,T3,5x,1000.0,S3_Lin4,cross_regime,M_stress,500,True,3,1345.1,873.6,126.4,0.3505,0.0,dist_truncnorm,0,0.67,0.15,truncnorm,none
City-B,T3,5x,1000.0,S4_GlobalCalib,routine,M_routine,500,True,3,1463.9,1510.3,0.0,0.0,1.0,dist_truncnorm,0,0.67,0.15,truncnorm,none
City-B,T3,5x,1000.0,S4_GlobalCalib,cross_regime,M_stress,500,True,3,1463.9,960.1,39.9,0.3442,0.0,dist_truncnorm,0,0.67,0.15,truncnorm,none
City-B,T3,5x,1000.0,S5_CityCalib,routine,M_routine,500,True,3,1459.2,1510.3,0.0,0.0,1.0,dist_truncnorm,0,0.67,0.15,truncnorm,none
City-B,T3,5x,1000.0,S5_CityCalib,cross_regime,M_stress,500,True,3,1459.2,960.1,39.9,0.342,0.0,dist_truncnorm,0,0.67,0.15,truncnorm,none
City-B,T3,5x,1000.0,S6_Q10,routine,M_routine,500,True,3,1042.0,1510.3,0.0,0.0,1.0,dist_truncnorm,0,0.67,0.15,truncnorm,none
City-B,T3,5x,1000.0,S6_Q10,cross_regime,M_stress,500,True,3,1042.0,960.1,39.9,0.0786,0.0,dist_truncnorm,0,0.67,0.15,truncnorm,none
City-B,T3,10x,2000.0,S0a_RoutineOracle,routine,M_routine,500,True,4,2103.1,2103.1,0.0,0.0,1.0,dist_truncnorm,0,0.67,0.15,truncnorm,none
City-B,T3,10x,2000.0,S0a_RoutineOracle,cross_regime,M_stress,500,True,4,2103.1,1239.0,761.0,0.4109,0.0,dist_truncnorm,0,0.67,0.15,truncnorm,none
City-B,T3,10x,2000.0,S0b_StressOracle,routine,M_routine,500,True,7,2196.3,3097.5,0.0,0.0,1.0,dist_truncnorm,0,0.67,0.15,truncnorm,none
City-B,T3,10x,2000.0,S0b_StressOracle,cross_regime,M_stress,500,True,7,2196.3,2196.3,0.0,0.0,1.0,dist_truncnorm,0,0.67,0.15,truncnorm,none
City-B,T3,10x,2000.0,S1_CapRR,routine,M_routine,500,True,3,2203.9,1510.3,489.7,0.3147,0.0,dist_truncnorm,0,0.67,0.15,truncnorm,none
City-B,T3,10x,2000.0,S1_CapRR,cross_regime,M_stress,500,True,3,2203.9,960.1,1039.9,0.5644,0.0,dist_truncnorm,0,0.67,0.15,truncnorm,none
City-B,T3,10x,2000.0,S2_Platform,routine,M_routine,500,True,5,2307.7,2320.4,0.0,0.0,1.0,dist_truncnorm,0,0.67,0.15,truncnorm,none
City-B,T3,10x,2000.0,S2_Platform,cross_regime,M_stress,500,True,5,2307.7,1438.9,561.1,0.3765,0.0,dist_truncnorm,0,0.67,0.15,truncnorm,none
City-B,T3,10x,2000.0,S3_Lin4,routine,M_routine,500,True,5,2159.3,2197.9,0.0,0.0,1.0,dist_truncnorm,0,0.67,0.15,truncnorm,none
City-B,T3,10x,2000.0,S3_Lin4,cross_regime,M_stress,500,True,5,2159.3,1456.7,543.3,0.3254,0.0,dist_truncnorm,0,0.67,0.15,truncnorm,none
City-B,T3,10x,2000.0,S4_GlobalCalib,routine,M_routine,500,True,5,2339.2,2365.7,0.0,0.0,1.0,dist_truncnorm,0,0.67,0.15,truncnorm,none
City-B,T3,10x,2000.0,S4_GlobalCalib,cross_regime,M_stress,500,True,5,2339.2,1541.7,458.3,0.3409,0.0,dist_truncnorm,0,0.67,0.15,truncnorm,none
City-B,T3,10x,2000.0,S5_CityCalib,routine,M_routine,500,True,5,2331.3,2365.7,0.0,0.0,1.0,dist_truncnorm,0,0.67,0.15,truncnorm,none
City-B,T3,10x,2000.0,S5_CityCalib,cross_regime,M_stress,500,True,5,2331.3,1541.7,458.3,0.3387,0.0,dist_truncnorm,0,0.67,0.15,truncnorm,none
City-B,T3,10x,2000.0,S6_Q10,routine,M_routine,500,True,7,2189.4,3119.6,0.0,0.0,1.0,dist_truncnorm,0,0.67,0.15,truncnorm,none
City-B,T3,10x,2000.0,S6_Q10,cross_regime,M_stress,500,True,7,2189.4,2124.4,0.0,0.0297,1.0,dist_truncnorm,0,0.67,0.15,truncnorm,none
City-B,T4,1x,140.0,S0a_RoutineOracle,routine,M_routine,500,True,1,731.6,731.6,0.0,0.0,1.0,dist_truncnorm,0,0.67,0.15,truncnorm,none
City-B,T4,1x,140.0,S0a_RoutineOracle,cross_regime,M_stress,500,True,1,731.6,419.6,0.0,0.4265,1.0,dist_truncnorm,0,0.67,0.15,truncnorm,none
City-B,T4,1x,140.0,S0b_StressOracle,routine,M_routine,500,True,1,419.6,731.6,0.0,0.0,1.0,dist_truncnorm,0,0.67,0.15,truncnorm,none
City-B,T4,1x,140.0,S0b_StressOracle,cross_regime,M_stress,500,True,1,419.6,419.6,0.0,0.0,1.0,dist_truncnorm,0,0.67,0.15,truncnorm,none
City-B,T4,1x,140.0,S1_CapRR,routine,M_routine,500,True,1,846.0,340.7,0.0,0.5972,1.0,dist_truncnorm,0,0.67,0.15,truncnorm,none
City-B,T4,1x,140.0,S1_CapRR,cross_regime,M_stress,500,True,1,846.0,288.1,0.0,0.6594,1.0,dist_truncnorm,0,0.67,0.15,truncnorm,none
City-B,T4,1x,140.0,S2_Platform,routine,M_routine,500,True,1,480.1,340.7,0.0,0.2902,1.0,dist_truncnorm,0,0.67,0.15,truncnorm,none
City-B,T4,1x,140.0,S2_Platform,cross_regime,M_stress,500,True,1,480.1,288.1,0.0,0.3998,1.0,dist_truncnorm,0,0.67,0.15,truncnorm,none
City-B,T4,1x,140.0,S3_Lin4,routine,M_routine,500,True,1,464.3,542.7,0.0,0.0,1.0,dist_truncnorm,0,0.67,0.15,truncnorm,none
City-B,T4,1x,140.0,S3_Lin4,cross_regime,M_stress,500,True,1,464.3,312.5,0.0,0.3268,1.0,dist_truncnorm,0,0.67,0.15,truncnorm,none
City-B,T4,1x,140.0,S4_GlobalCalib,routine,M_routine,500,True,1,559.8,340.7,0.0,0.3913,1.0,dist_truncnorm,0,0.67,0.15,truncnorm,none
City-B,T4,1x,140.0,S4_GlobalCalib,cross_regime,M_stress,500,True,1,559.8,288.1,0.0,0.4852,1.0,dist_truncnorm,0,0.67,0.15,truncnorm,none
City-B,T4,1x,140.0,S5_CityCalib,routine,M_routine,500,True,1,555.5,340.7,0.0,0.3866,1.0,dist_truncnorm,0,0.67,0.15,truncnorm,none
City-B,T4,1x,140.0,S5_CityCalib,cross_regime,M_stress,500,True,1,555.5,288.1,0.0,0.4813,1.0,dist_truncnorm,0,0.67,0.15,truncnorm,none
City-B,T4,1x,140.0,S6_Q10,routine,M_routine,500,True,1,402.2,340.7,0.0,0.1528,1.0,dist_truncnorm,0,0.67,0.15,truncnorm,none
City-B,T4,1x,140.0,S6_Q10,cross_regime,M_stress,500,True,1,402.2,288.1,0.0,0.2836,1.0,dist_truncnorm,0,0.67,0.15,truncnorm,none
City-B,T4,2x,280.0,S0a_RoutineOracle,routine,M_routine,500,True,1,731.6,731.6,0.0,0.0,1.0,dist_truncnorm,0,0.67,0.15,truncnorm,none
City-B,T4,2x,280.0,S0a_RoutineOracle,cross_regime,M_stress,500,True,1,731.6,419.6,0.0,0.4265,1.0,dist_truncnorm,0,0.67,0.15,truncnorm,none
City-B,T4,2x,280.0,S0b_StressOracle,routine,M_routine,500,True,1,419.6,731.6,0.0,0.0,1.0,dist_truncnorm,0,0.67,0.15,truncnorm,none
City-B,T4,2x,280.0,S0b_StressOracle,cross_regime,M_stress,500,True,1,419.6,419.6,0.0,0.0,1.0,dist_truncnorm,0,0.67,0.15,truncnorm,none
City-B,T4,2x,280.0,S1_CapRR,routine,M_routine,500,True,1,846.0,340.7,0.0,0.5972,1.0,dist_truncnorm,0,0.67,0.15,truncnorm,none
City-B,T4,2x,280.0,S1_CapRR,cross_regime,M_stress,500,True,1,846.0,288.1,0.0,0.6594,1.0,dist_truncnorm,0,0.67,0.15,truncnorm,none
City-B,T4,2x,280.0,S2_Platform,routine,M_routine,500,True,1,480.1,340.7,0.0,0.2902,1.0,dist_truncnorm,0,0.67,0.15,truncnorm,none
City-B,T4,2x,280.0,S2_Platform,cross_regime,M_stress,500,True,1,480.1,288.1,0.0,0.3998,1.0,dist_truncnorm,0,0.67,0.15,truncnorm,none
City-B,T4,2x,280.0,S3_Lin4,routine,M_routine,500,True,1,464.3,542.7,0.0,0.0,1.0,dist_truncnorm,0,0.67,0.15,truncnorm,none
City-B,T4,2x,280.0,S3_Lin4,cross_regime,M_stress,500,True,1,464.3,312.5,0.0,0.3268,1.0,dist_truncnorm,0,0.67,0.15,truncnorm,none
City-B,T4,2x,280.0,S4_GlobalCalib,routine,M_routine,500,True,1,559.8,340.7,0.0,0.3913,1.0,dist_truncnorm,0,0.67,0.15,truncnorm,none
City-B,T4,2x,280.0,S4_GlobalCalib,cross_regime,M_stress,500,True,1,559.8,288.1,0.0,0.4852,1.0,dist_truncnorm,0,0.67,0.15,truncnorm,none
City-B,T4,2x,280.0,S5_CityCalib,routine,M_routine,500,True,1,555.5,340.7,0.0,0.3866,1.0,dist_truncnorm,0,0.67,0.15,truncnorm,none
City-B,T4,2x,280.0,S5_CityCalib,cross_regime,M_stress,500,True,1,555.5,288.1,0.0,0.4813,1.0,dist_truncnorm,0,0.67,0.15,truncnorm,none
City-B,T4,2x,280.0,S6_Q10,routine,M_routine,500,True,1,402.2,340.7,0.0,0.1528,1.0,dist_truncnorm,0,0.67,0.15,truncnorm,none
City-B,T4,2x,280.0,S6_Q10,cross_regime,M_stress,500,True,1,402.2,288.1,0.0,0.2836,1.0,dist_truncnorm,0,0.67,0.15,truncnorm,none
City-B,T4,5x,700.0,S0a_RoutineOracle,routine,M_routine,500,True,1,731.6,731.6,0.0,0.0,1.0,dist_truncnorm,0,0.67,0.15,truncnorm,none
City-B,T4,5x,700.0,S0a_RoutineOracle,cross_regime,M_stress,500,True,1,731.6,419.6,280.4,0.4265,0.0,dist_truncnorm,0,0.67,0.15,truncnorm,none
City-B,T4,5x,700.0,S0b_StressOracle,routine,M_routine,500,True,2,770.4,1249.4,0.0,0.0,1.0,dist_truncnorm,0,0.67,0.15,truncnorm,none
City-B,T4,5x,700.0,S0b_StressOracle,cross_regime,M_stress,500,True,2,770.4,770.4,0.0,0.0,1.0,dist_truncnorm,0,0.67,0.15,truncnorm,none
City-B,T4,5x,700.0,S1_CapRR,routine,M_routine,500,True,1,846.0,340.7,359.3,0.5972,0.0,dist_truncnorm,0,0.67,0.15,truncnorm,none
City-B,T4,5x,700.0,S1_CapRR,cross_regime,M_stress,500,True,1,846.0,288.1,411.9,0.6594,0.0,dist_truncnorm,0,0.67,0.15,truncnorm,none
City-B,T4,5x,700.0,S2_Platform,routine,M_routine,500,True,2,912.9,1072.4,0.0,0.0,1.0,dist_truncnorm,0,0.67,0.15,truncnorm,none
City-B,T4,5x,700.0,S2_Platform,cross_regime,M_stress,500,True,2,912.9,707.7,0.0,0.2248,1.0,dist_truncnorm,0,0.67,0.15,truncnorm,none
City-B,T4,5x,700.0,S3_Lin4,routine,M_routine,500,True,2,922.3,1274.3,0.0,0.0,1.0,dist_truncnorm,0,0.67,0.15,truncnorm,none
City-B,T4,5x,700.0,S3_Lin4,cross_regime,M_stress,500,True,2,922.3,732.1,0.0,0.2063,1.0,dist_truncnorm,0,0.67,0.15,truncnorm,none
City-B,T4,5x,700.0,S4_GlobalCalib,routine,M_routine,500,True,2,1116.9,872.4,0.0,0.2189,1.0,dist_truncnorm,0,0.67,0.15,truncnorm,none
City-B,T4,5x,700.0,S4_GlobalCalib,cross_regime,M_stress,500,True,2,1116.9,571.1,128.9,0.4887,0.0,dist_truncnorm,0,0.67,0.15,truncnorm,none
City-B,T4,5x,700.0,S5_CityCalib,routine,M_routine,500,True,2,1108.3,872.4,0.0,0.2129,1.0,dist_truncnorm,0,0.67,0.15,truncnorm,none
City-B,T4,5x,700.0,S5_CityCalib,cross_regime,M_stress,500,True,2,1108.3,571.1,128.9,0.4848,0.0,dist_truncnorm,0,0.67,0.15,truncnorm,none
City-B,T4,5x,700.0,S6_Q10,routine,M_routine,500,True,2,802.5,872.4,0.0,0.0,1.0,dist_truncnorm,0,0.67,0.15,truncnorm,none
City-B,T4,5x,700.0,S6_Q10,cross_regime,M_stress,500,True,2,802.5,571.1,128.9,0.2884,0.0,dist_truncnorm,0,0.67,0.15,truncnorm,none
City-B,T4,10x,1400.0,S0a_RoutineOracle,routine,M_routine,500,True,3,1890.7,1890.7,0.0,0.0,1.0,dist_truncnorm,0,0.67,0.15,truncnorm,none
City-B,T4,10x,1400.0,S0a_RoutineOracle,cross_regime,M_stress,500,True,3,1890.7,1048.3,351.7,0.4455,0.0,dist_truncnorm,0,0.67,0.15,truncnorm,none
City-B,T4,10x,1400.0,S0b_StressOracle,routine,M_routine,500,True,4,1417.3,2254.1,0.0,0.0,1.0,dist_truncnorm,0,0.67,0.15,truncnorm,none
City-B,T4,10x,1400.0,S0b_StressOracle,cross_regime,M_stress,500,True,4,1417.3,1417.3,0.0,0.0,1.0,dist_truncnorm,0,0.67,0.15,truncnorm,none
City-B,T4,10x,1400.0,S1_CapRR,routine,M_routine,500,True,2,1688.0,872.4,527.6,0.4832,0.0,dist_truncnorm,0,0.67,0.15,truncnorm,none
City-B,T4,10x,1400.0,S1_CapRR,cross_regime,M_stress,500,True,2,1688.0,571.1,828.9,0.6617,0.0,dist_truncnorm,0,0.67,0.15,truncnorm,none
City-B,T4,10x,1400.0,S2_Platform,routine,M_routine,500,True,4,1693.5,2003.4,0.0,0.0,1.0,dist_truncnorm,0,0.67,0.15,truncnorm,none
City-B,T4,10x,1400.0,S2_Platform,cross_regime,M_stress,500,True,4,1693.5,1350.9,49.1,0.2023,0.0,dist_truncnorm,0,0.67,0.15,truncnorm,none
City-B,T4,10x,1400.0,S3_Lin4,routine,M_routine,500,True,4,1829.1,2146.7,0.0,0.0,1.0,dist_truncnorm,0,0.67,0.15,truncnorm,none
City-B,T4,10x,1400.0,S3_Lin4,cross_regime,M_stress,500,True,4,1829.1,1303.2,96.8,0.2875,0.0,dist_truncnorm,0,0.67,0.15,truncnorm,none
City-B,T4,10x,1400.0,S4_GlobalCalib,routine,M_routine,500,True,3,1657.1,1415.1,0.0,0.1461,1.0,dist_truncnorm,0,0.67,0.15,truncnorm,none
City-B,T4,10x,1400.0,S4_GlobalCalib,cross_regime,M_stress,500,True,3,1657.1,883.6,516.4,0.4668,0.0,dist_truncnorm,0,0.67,0.15,truncnorm,none
City-B,T4,10x,1400.0,S5_CityCalib,routine,M_routine,500,True,3,1644.5,1415.1,0.0,0.1395,1.0,dist_truncnorm,0,0.67,0.15,truncnorm,none
City-B,T4,10x,1400.0,S5_CityCalib,cross_regime,M_stress,500,True,3,1644.5,883.6,516.4,0.4627,0.0,dist_truncnorm,0,0.67,0.15,truncnorm,none
City-B,T4,10x,1400.0,S6_Q10,routine,M_routine,500,True,4,1570.4,2146.7,0.0,0.0,1.0,dist_truncnorm,0,0.67,0.15,truncnorm,none
City-B,T4,10x,1400.0,S6_Q10,cross_regime,M_stress,500,True,4,1570.4,1303.2,96.8,0.1702,0.0,dist_truncnorm,0,0.67,0.15,truncnorm,none
City-B,T5,1x,160.0,S0a_RoutineOracle,routine,M_routine,500,True,1,590.3,590.3,0.0,0.0,1.0,dist_truncnorm,0,0.67,0.15,truncnorm,none
City-B,T5,1x,160.0,S0a_RoutineOracle,cross_regime,M_stress,500,True,1,590.3,244.0,0.0,0.5867,1.0,dist_truncnorm,0,0.67,0.15,truncnorm,none
City-B,T5,1x,160.0,S0b_StressOracle,routine,M_routine,500,True,1,329.4,450.2,0.0,0.0,1.0,dist_truncnorm,0,0.67,0.15,truncnorm,none
City-B,T5,1x,160.0,S0b_StressOracle,cross_regime,M_stress,500,True,1,329.4,329.4,0.0,0.0,1.0,dist_truncnorm,0,0.67,0.15,truncnorm,none
City-B,T5,1x,160.0,S1_CapRR,routine,M_routine,500,True,1,744.5,320.6,0.0,0.5694,1.0,dist_truncnorm,0,0.67,0.15,truncnorm,none
City-B,T5,1x,160.0,S1_CapRR,cross_regime,M_stress,500,True,1,744.5,303.0,0.0,0.5931,1.0,dist_truncnorm,0,0.67,0.15,truncnorm,none
City-B,T5,1x,160.0,S2_Platform,routine,M_routine,500,True,1,553.3,439.8,0.0,0.2052,1.0,dist_truncnorm,0,0.67,0.15,truncnorm,none
City-B,T5,1x,160.0,S2_Platform,cross_regime,M_stress,500,True,1,553.3,280.1,0.0,0.4938,1.0,dist_truncnorm,0,0.67,0.15,truncnorm,none
City-B,T5,1x,160.0,S3_Lin4,routine,M_routine,500,True,1,455.8,590.3,0.0,0.0,1.0,dist_truncnorm,0,0.67,0.15,truncnorm,none
City-B,T5,1x,160.0,S3_Lin4,cross_regime,M_stress,500,True,1,455.8,244.0,0.0,0.4647,1.0,dist_truncnorm,0,0.67,0.15,truncnorm,none
City-B,T5,1x,160.0,S4_GlobalCalib,routine,M_routine,500,True,1,495.2,320.6,0.0,0.3527,1.0,dist_truncnorm,0,0.67,0.15,truncnorm,none
City-B,T5,1x,160.0,S4_GlobalCalib,cross_regime,M_stress,500,True,1,495.2,303.0,0.0,0.3882,1.0,dist_truncnorm,0,0.67,0.15,truncnorm,none
City-B,T5,1x,160.0,S5_CityCalib,routine,M_routine,500,True,1,492.0,320.6,0.0,0.3484,1.0,dist_truncnorm,0,0.67,0.15,truncnorm,none
City-B,T5,1x,160.0,S5_CityCalib,cross_regime,M_stress,500,True,1,492.0,303.0,0.0,0.3842,1.0,dist_truncnorm,0,0.67,0.15,truncnorm,none
City-B,T5,1x,160.0,S6_Q10,routine,M_routine,500,True,1,353.0,320.6,0.0,0.0918,1.0,dist_truncnorm,0,0.67,0.15,truncnorm,none
City-B,T5,1x,160.0,S6_Q10,cross_regime,M_stress,500,True,1,353.0,303.0,0.0,0.1416,1.0,dist_truncnorm,0,0.67,0.15,truncnorm,none
City-B,T5,2x,320.0,S0a_RoutineOracle,routine,M_routine,500,True,1,590.3,590.3,0.0,0.0,1.0,dist_truncnorm,0,0.67,0.15,truncnorm,none
City-B,T5,2x,320.0,S0a_RoutineOracle,cross_regime,M_stress,500,True,1,590.3,244.0,76.0,0.5867,0.0,dist_truncnorm,0,0.67,0.15,truncnorm,none
City-B,T5,2x,320.0,S0b_StressOracle,routine,M_routine,500,True,1,329.4,450.2,0.0,0.0,1.0,dist_truncnorm,0,0.67,0.15,truncnorm,none
City-B,T5,2x,320.0,S0b_StressOracle,cross_regime,M_stress,500,True,1,329.4,329.4,0.0,0.0,1.0,dist_truncnorm,0,0.67,0.15,truncnorm,none
City-B,T5,2x,320.0,S1_CapRR,routine,M_routine,500,True,1,744.5,320.6,0.0,0.5694,1.0,dist_truncnorm,0,0.67,0.15,truncnorm,none
City-B,T5,2x,320.0,S1_CapRR,cross_regime,M_stress,500,True,1,744.5,303.0,17.0,0.5931,0.0,dist_truncnorm,0,0.67,0.15,truncnorm,none
City-B,T5,2x,320.0,S2_Platform,routine,M_routine,500,True,1,553.3,439.8,0.0,0.2052,1.0,dist_truncnorm,0,0.67,0.15,truncnorm,none
City-B,T5,2x,320.0,S2_Platform,cross_regime,M_stress,500,True,1,553.3,280.1,39.9,0.4938,0.0,dist_truncnorm,0,0.67,0.15,truncnorm,none
City-B,T5,2x,320.0,S3_Lin4,routine,M_routine,500,True,1,455.8,590.3,0.0,0.0,1.0,dist_truncnorm,0,0.67,0.15,truncnorm,none
City-B,T5,2x,320.0,S3_Lin4,cross_regime,M_stress,500,True,1,455.8,244.0,76.0,0.4647,0.0,dist_truncnorm,0,0.67,0.15,truncnorm,none
City-B,T5,2x,320.0,S4_GlobalCalib,routine,M_routine,500,True,1,495.2,320.6,0.0,0.3527,1.0,dist_truncnorm,0,0.67,0.15,truncnorm,none
City-B,T5,2x,320.0,S4_GlobalCalib,cross_regime,M_stress,500,True,1,495.2,303.0,17.0,0.3882,0.0,dist_truncnorm,0,0.67,0.15,truncnorm,none
City-B,T5,2x,320.0,S5_CityCalib,routine,M_routine,500,True,1,492.0,320.6,0.0,0.3484,1.0,dist_truncnorm,0,0.67,0.15,truncnorm,none
City-B,T5,2x,320.0,S5_CityCalib,cross_regime,M_stress,500,True,1,492.0,303.0,17.0,0.3842,0.0,dist_truncnorm,0,0.67,0.15,truncnorm,none
City-B,T5,2x,320.0,S6_Q10,routine,M_routine,500,True,1,353.0,320.6,0.0,0.0918,1.0,dist_truncnorm,0,0.67,0.15,truncnorm,none
City-B,T5,2x,320.0,S6_Q10,cross_regime,M_stress,500,True,1,353.0,303.0,17.0,0.1416,0.0,dist_truncnorm,0,0.67,0.15,truncnorm,none
City-B,T5,5x,800.0,S0a_RoutineOracle,routine,M_routine,500,True,2,1044.8,1044.8,0.0,0.0,1.0,dist_truncnorm,0,0.67,0.15,truncnorm,none
City-B,T5,5x,800.0,S0a_RoutineOracle,cross_regime,M_stress,500,True,2,1044.8,540.2,259.8,0.483,0.0,dist_truncnorm,0,0.67,0.15,truncnorm,none
City-B,T5,5x,800.0,S0b_StressOracle,routine,M_routine,500,True,3,936.5,1179.0,0.0,0.0,1.0,dist_truncnorm,0,0.67,0.15,truncnorm,none
City-B,T5,5x,800.0,S0b_StressOracle,cross_regime,M_stress,500,True,3,936.5,936.5,0.0,0.0,1.0,dist_truncnorm,0,0.67,0.15,truncnorm,none
City-B,T5,5x,800.0,S1_CapRR,routine,M_routine,500,True,2,1485.4,760.4,39.6,0.4881,0.0,dist_truncnorm,0,0.67,0.15,truncnorm,none
City-B,T5,5x,800.0,S1_CapRR,cross_regime,M_stress,500,True,2,1485.4,583.0,217.0,0.6075,0.0,dist_truncnorm,0,0.67,0.15,truncnorm,none
City-B,T5,5x,800.0,S2_Platform,routine,M_routine,500,True,2,1093.7,1030.1,0.0,0.0581,1.0,dist_truncnorm,0,0.67,0.15,truncnorm,none
City-B,T5,5x,800.0,S2_Platform,cross_regime,M_stress,500,True,2,1093.7,524.0,276.0,0.5208,0.0,dist_truncnorm,0,0.67,0.15,truncnorm,none
City-B,T5,5x,800.0,S3_Lin4,routine,M_routine,500,True,2,905.5,1040.5,0.0,0.0,1.0,dist_truncnorm,0,0.67,0.15,truncnorm,none
City-B,T5,5x,800.0,S3_Lin4,cross_regime,M_stress,500,True,2,905.5,573.3,226.7,0.3668,0.0,dist_truncnorm,0,0.67,0.15,truncnorm,none
City-B,T5,5x,800.0,S4_GlobalCalib,routine,M_routine,500,True,2,988.1,760.4,39.6,0.2304,0.0,dist_truncnorm,0,0.67,0.15,truncnorm,none
City-B,T5,5x,800.0,S4_GlobalCalib,cross_regime,M_stress,500,True,2,988.1,583.0,217.0,0.4099,0.0,dist_truncnorm,0,0.67,0.15,truncnorm,none
City-B,T5,5x,800.0,S5_CityCalib,routine,M_routine,500,True,2,981.6,760.4,39.6,0.2254,0.0,dist_truncnorm,0,0.67,0.15,truncnorm,none
City-B,T5,5x,800.0,S5_CityCalib,cross_regime,M_stress,500,True,2,981.6,583.0,217.0,0.406,0.0,dist_truncnorm,0,0.67,0.15,truncnorm,none
City-B,T5,5x,800.0,S6_Q10,routine,M_routine,500,True,3,1044.9,1350.7,0.0,0.0,1.0,dist_truncnorm,0,0.67,0.15,truncnorm,none
City-B,T5,5x,800.0,S6_Q10,cross_regime,M_stress,500,True,3,1044.9,827.0,0.0,0.2085,1.0,dist_truncnorm,0,0.67,0.15,truncnorm,none
City-B,T5,10x,1600.0,S0a_RoutineOracle,routine,M_routine,500,True,4,1934.8,1934.8,0.0,0.0,1.0,dist_truncnorm,0,0.67,0.15,truncnorm,none
City-B,T5,10x,1600.0,S0a_RoutineOracle,cross_regime,M_stress,500,True,4,1934.8,1149.6,450.4,0.4058,0.0,dist_truncnorm,0,0.67,0.15,truncnorm,none
City-B,T5,10x,1600.0,S0b_StressOracle,routine,M_routine,500,True,6,1777.4,2365.1,0.0,0.0,1.0,dist_truncnorm,0,0.67,0.15,truncnorm,none
City-B,T5,10x,1600.0,S0b_StressOracle,cross_regime,M_stress,500,True,6,1777.4,1777.4,0.0,0.0,1.0,dist_truncnorm,0,0.67,0.15,truncnorm,none
City-B,T5,10x,1600.0,S1_CapRR,routine,M_routine,500,True,3,2203.9,1350.7,249.3,0.3871,0.0,dist_truncnorm,0,0.67,0.15,truncnorm,none
City-B,T5,10x,1600.0,S1_CapRR,cross_regime,M_stress,500,True,3,2203.9,827.0,773.0,0.6247,0.0,dist_truncnorm,0,0.67,0.15,truncnorm,none
City-B,T5,10x,1600.0,S2_Platform,routine,M_routine,500,True,4,2025.8,1888.5,0.0,0.0678,1.0,dist_truncnorm,0,0.67,0.15,truncnorm,none
City-B,T5,10x,1600.0,S2_Platform,cross_regime,M_stress,500,True,4,2025.8,1157.6,442.4,0.4286,0.0,dist_truncnorm,0,0.67,0.15,truncnorm,none
City-B,T5,10x,1600.0,S3_Lin4,routine,M_routine,500,True,4,1789.0,1800.9,0.0,0.0,1.0,dist_truncnorm,0,0.67,0.15,truncnorm,none
City-B,T5,10x,1600.0,S3_Lin4,cross_regime,M_stress,500,True,4,1789.0,1156.4,443.6,0.3536,0.0,dist_truncnorm,0,0.67,0.15,truncnorm,none
City-B,T5,10x,1600.0,S4_GlobalCalib,routine,M_routine,500,True,4,1933.5,1800.9,0.0,0.0686,1.0,dist_truncnorm,0,0.67,0.15,truncnorm,none
City-B,T5,10x,1600.0,S4_GlobalCalib,cross_regime,M_stress,500,True,4,1933.5,1156.4,443.6,0.4019,0.0,dist_truncnorm,0,0.67,0.15,truncnorm,none
City-B,T5,10x,1600.0,S5_CityCalib,routine,M_routine,500,True,4,1920.8,1800.9,0.0,0.0624,1.0,dist_truncnorm,0,0.67,0.15,truncnorm,none
City-B,T5,10x,1600.0,S5_CityCalib,cross_regime,M_stress,500,True,4,1920.8,1156.4,443.6,0.398,0.0,dist_truncnorm,0,0.67,0.15,truncnorm,none
City-B,T5,10x,1600.0,S6_Q10,routine,M_routine,500,True,5,1669.7,2209.1,0.0,0.0,1.0,dist_truncnorm,0,0.67,0.15,truncnorm,none
City-B,T5,10x,1600.0,S6_Q10,cross_regime,M_stress,500,True,5,1669.7,1460.5,139.5,0.1253,0.0,dist_truncnorm,0,0.67,0.15,truncnorm,none
City-C,T1,1x,180.0,S0a_RoutineOracle,routine,M_routine,650,True,1,697.7,697.7,0.0,0.0,1.0,dist_truncnorm,0,0.67,0.15,truncnorm,none
City-C,T1,1x,180.0,S0a_RoutineOracle,cross_regime,M_stress,650,True,1,697.7,335.1,0.0,0.5196,1.0,dist_truncnorm,0,0.67,0.15,truncnorm,none
City-C,T1,1x,180.0,S0b_StressOracle,routine,M_routine,650,True,1,335.1,697.7,0.0,0.0,1.0,dist_truncnorm,0,0.67,0.15,truncnorm,none
City-C,T1,1x,180.0,S0b_StressOracle,cross_regime,M_stress,650,True,1,335.1,335.1,0.0,0.0,1.0,dist_truncnorm,0,0.67,0.15,truncnorm,none
City-C,T1,1x,180.0,S1_CapRR,routine,M_routine,650,True,1,737.0,697.7,0.0,0.0534,1.0,dist_truncnorm,0,0.67,0.15,truncnorm,none
City-C,T1,1x,180.0,S1_CapRR,cross_regime,M_stress,650,True,1,737.0,335.1,0.0,0.5453,1.0,dist_truncnorm,0,0.67,0.15,truncnorm,none
City-C,T1,1x,180.0,S2_Platform,routine,M_routine,650,True,1,460.9,697.7,0.0,0.0,1.0,dist_truncnorm,0,0.67,0.15,truncnorm,none
City-C,T1,1x,180.0,S2_Platform,cross_regime,M_stress,650,True,1,460.9,335.1,0.0,0.2729,1.0,dist_truncnorm,0,0.67,0.15,truncnorm,none
City-C,T1,1x,180.0,S3_Lin4,routine,M_routine,650,True,1,416.6,697.7,0.0,0.0,1.0,dist_truncnorm,0,0.67,0.15,truncnorm,none
City-C,T1,1x,180.0,S3_Lin4,cross_regime,M_stress,650,True,1,416.6,335.1,0.0,0.1955,1.0,dist_truncnorm,0,0.67,0.15,truncnorm,none
City-C,T1,1x,180.0,S4_GlobalCalib,routine,M_routine,650,True,1,491.8,697.7,0.0,0.0,1.0,dist_truncnorm,0,0.67,0.15,truncnorm,none
City-C,T1,1x,180.0,S4_GlobalCalib,cross_regime,M_stress,650,True,1,491.8,335.1,0.0,0.3186,1.0,dist_truncnorm,0,0.67,0.15,truncnorm,none
City-C,T1,1x,180.0,S5_CityCalib,routine,M_routine,650,True,1,501.6,697.7,0.0,0.0,1.0,dist_truncnorm,0,0.67,0.15,truncnorm,none
City-C,T1,1x,180.0,S5_CityCalib,cross_regime,M_stress,650,True,1,501.6,335.1,0.0,0.3319,1.0,dist_truncnorm,0,0.67,0.15,truncnorm,none
City-C,T1,1x,180.0,S6_Q10,routine,M_routine,650,True,1,352.3,697.7,0.0,0.0,1.0,dist_truncnorm,0,0.67,0.15,truncnorm,none
City-C,T1,1x,180.0,S6_Q10,cross_regime,M_stress,650,True,1,352.3,335.1,0.0,0.0488,1.0,dist_truncnorm,0,0.67,0.15,truncnorm,none
City-C,T1,2x,360.0,S0a_RoutineOracle,routine,M_routine,650,True,1,697.7,697.7,0.0,0.0,1.0,dist_truncnorm,0,0.67,0.15,truncnorm,none
City-C,T1,2x,360.0,S0a_RoutineOracle,cross_regime,M_stress,650,True,1,697.7,335.1,24.9,0.5196,0.0,dist_truncnorm,0,0.67,0.15,truncnorm,none
City-C,T1,2x,360.0,S0b_StressOracle,routine,M_routine,650,True,2,654.0,1074.0,0.0,0.0,1.0,dist_truncnorm,0,0.67,0.15,truncnorm,none
City-C,T1,2x,360.0,S0b_StressOracle,cross_regime,M_stress,650,True,2,654.0,654.0,0.0,0.0,1.0,dist_truncnorm,0,0.67,0.15,truncnorm,none
City-C,T1,2x,360.0,S1_CapRR,routine,M_routine,650,True,1,737.0,697.7,0.0,0.0534,1.0,dist_truncnorm,0,0.67,0.15,truncnorm,none
City-C,T1,2x,360.0,S1_CapRR,cross_regime,M_stress,650,True,1,737.0,335.1,24.9,0.5453,0.0,dist_truncnorm,0,0.67,0.15,truncnorm,none
City-C,T1,2x,360.0,S2_Platform,routine,M_routine,650,True,1,460.9,697.7,0.0,0.0,1.0,dist_truncnorm,0,0.67,0.15,truncnorm,none
City-C,T1,2x,360.0,S2_Platform,cross_regime,M_stress,650,True,1,460.9,335.1,24.9,0.2729,0.0,dist_truncnorm,0,0.67,0.15,truncnorm,none
City-C,T1,2x,360.0,S3_Lin4,routine,M_routine,650,True,1,416.6,697.7,0.0,0.0,1.0,dist_truncnorm,0,0.67,0.15,truncnorm,none
City-C,T1,2x,360.0,S3_Lin4,cross_regime,M_stress,650,True,1,416.6,335.1,24.9,0.1955,0.0,dist_truncnorm,0,0.67,0.15,truncnorm,none
City-C,T1,2x,360.0,S4_GlobalCalib,routine,M_routine,650,True,1,491.8,697.7,0.0,0.0,1.0,dist_truncnorm,0,0.67,0.15,truncnorm,none
City-C,T1,2x,360.0,S4_GlobalCalib,cross_regime,M_stress,650,True,1,491.8,335.1,24.9,0.3186,0.0,dist_truncnorm,0,0.67,0.15,truncnorm,none
City-C,T1,2x,360.0,S5_CityCalib,routine,M_routine,650,True,1,501.6,697.7,0.0,0.0,1.0,dist_truncnorm,0,0.67,0.15,truncnorm,none
City-C,T1,2x,360.0,S5_CityCalib,cross_regime,M_stress,650,True,1,501.6,335.1,24.9,0.3319,0.0,dist_truncnorm,0,0.67,0.15,truncnorm,none
City-C,T1,2x,360.0,S6_Q10,routine,M_routine,650,True,2,688.1,1137.8,0.0,0.0,1.0,dist_truncnorm,0,0.67,0.15,truncnorm,none
City-C,T1,2x,360.0,S6_Q10,cross_regime,M_stress,650,True,2,688.1,600.1,0.0,0.1279,1.0,dist_truncnorm,0,0.67,0.15,truncnorm,none
City-C,T1,5x,900.0,S0a_RoutineOracle,routine,M_routine,650,True,2,1137.8,1137.8,0.0,0.0,1.0,dist_truncnorm,0,0.67,0.15,truncnorm,none
City-C,T1,5x,900.0,S0a_RoutineOracle,cross_regime,M_stress,650,True,2,1137.8,600.1,299.9,0.4726,0.0,dist_truncnorm,0,0.67,0.15,truncnorm,none
City-C,T1,5x,900.0,S0b_StressOracle,routine,M_routine,650,True,3,927.9,1444.0,0.0,0.0,1.0,dist_truncnorm,0,0.67,0.15,truncnorm,none
City-C,T1,5x,900.0,S0b_StressOracle,cross_regime,M_stress,650,True,3,927.9,927.9,0.0,0.0,1.0,dist_truncnorm,0,0.67,0.15,truncnorm,none
City-C,T1,5x,900.0,S1_CapRR,routine,M_routine,650,True,2,1439.5,1137.8,0.0,0.2096,1.0,dist_truncnorm,0,0.67,0.15,truncnorm,none
City-C,T1,5x,900.0,S1_CapRR,cross_regime,M_stress,650,True,2,1439.5,600.1,299.9,0.5831,0.0,dist_truncnorm,0,0.67,0.15,truncnorm,none
City-C,T1,5x,900.0,S2_Platform,routine,M_routine,650,True,2,904.5,1137.8,0.0,0.0,1.0,dist_truncnorm,0,0.67,0.15,truncnorm,none
City-C,T1,5x,900.0,S2_Platform,cross_regime,M_stress,650,True,2,904.5,600.1,299.9,0.3366,0.0,dist_truncnorm,0,0.67,0.15,truncnorm,none
City-C,T1,5x,900.0,S3_Lin4,routine,M_routine,650,True,3,1207.9,1359.5,0.0,0.0,1.0,dist_truncnorm,0,0.67,0.15,truncnorm,none
City-C,T1,5x,900.0,S3_Lin4,cross_regime,M_stress,650,True,3,1207.9,862.7,37.3,0.2858,0.0,dist_truncnorm,0,0.67,0.15,truncnorm,none
City-C,T1,5x,900.0,S4_GlobalCalib,routine,M_routine,650,True,2,960.5,1137.8,0.0,0.0,1.0,dist_truncnorm,0,0.67,0.15,truncnorm,none
City-C,T1,5x,900.0,S4_GlobalCalib,cross_regime,M_stress,650,True,2,960.5,600.1,299.9,0.3752,0.0,dist_truncnorm,0,0.67,0.15,truncnorm,none
City-C,T1,5x,900.0,S5_CityCalib,routine,M_routine,650,True,2,979.6,1137.8,0.0,0.0,1.0,dist_truncnorm,0,0.67,0.15,truncnorm,none
City-C,T1,5x,900.0,S5_CityCalib,cross_regime,M_stress,650,True,2,979.6,600.1,299.9,0.3874,0.0,dist_truncnorm,0,0.67,0.15,truncnorm,none
City-C,T1,5x,900.0,S6_Q10,routine,M_routine,650,True,3,994.8,1359.5,0.0,0.0,1.0,dist_truncnorm,0,0.67,0.15,truncnorm,none
City-C,T1,5x,900.0,S6_Q10,cross_regime,M_stress,650,True,3,994.8,862.7,37.3,0.1327,0.0,dist_truncnorm,0,0.67,0.15,truncnorm,none
City-C,T1,10x,1800.0,S0a_RoutineOracle,routine,M_routine,650,True,4,1928.1,1928.1,0.0,0.0,1.0,dist_truncnorm,0,0.67,0.15,truncnorm,none
City-C,T1,10x,1800.0,S0a_RoutineOracle,cross_regime,M_stress,650,True,4,1928.1,1026.3,773.7,0.4677,0.0,dist_truncnorm,0,0.67,0.15,truncnorm,none
City-C,T1,10x,1800.0,S0b_StressOracle,routine,M_routine,650,True,7,1968.0,2723.2,0.0,0.0,1.0,dist_truncnorm,0,0.67,0.15,truncnorm,none
City-C,T1,10x,1800.0,S0b_StressOracle,cross_regime,M_stress,650,True,7,1968.0,1968.0,0.0,0.0,1.0,dist_truncnorm,0,0.67,0.15,truncnorm,none
City-C,T1,10x,1800.0,S1_CapRR,routine,M_routine,650,True,3,2081.1,1359.5,440.5,0.3467,0.0,dist_truncnorm,0,0.67,0.15,truncnorm,none
City-C,T1,10x,1800.0,S1_CapRR,cross_regime,M_stress,650,True,3,2081.1,862.7,937.3,0.5854,0.0,dist_truncnorm,0,0.67,0.15,truncnorm,none
City-C,T1,10x,1800.0,S2_Platform,routine,M_routine,650,True,5,2117.9,2174.6,0.0,0.0,1.0,dist_truncnorm,0,0.67,0.15,truncnorm,none
City-C,T1,10x,1800.0,S2_Platform,cross_regime,M_stress,650,True,5,2117.9,1114.2,685.8,0.4739,0.0,dist_truncnorm,0,0.67,0.15,truncnorm,none
City-C,T1,10x,1800.0,S3_Lin4,routine,M_routine,650,True,5,1962.7,2107.5,0.0,0.0,1.0,dist_truncnorm,0,0.67,0.15,truncnorm,none
City-C,T1,10x,1800.0,S3_Lin4,cross_regime,M_stress,650,True,5,1962.7,1315.9,484.1,0.3296,0.0,dist_truncnorm,0,0.67,0.15,truncnorm,none
City-C,T1,10x,1800.0,S4_GlobalCalib,routine,M_routine,650,True,5,2165.1,2024.5,0.0,0.0649,1.0,dist_truncnorm,0,0.67,0.15,truncnorm,none
City-C,T1,10x,1800.0,S4_GlobalCalib,cross_regime,M_stress,650,True,5,2165.1,1242.5,557.5,0.4261,0.0,dist_truncnorm,0,0.67,0.15,truncnorm,none
City-C,T1,10x,1800.0,S5_CityCalib,routine,M_routine,650,True,4,1813.6,1655.7,144.3,0.087,0.0,dist_truncnorm,0,0.67,0.15,truncnorm,none
City-C,T1,10x,1800.0,S5_CityCalib,cross_regime,M_stress,650,True,4,1813.6,1038.1,761.9,0.4276,0.0,dist_truncnorm,0,0.67,0.15,truncnorm,none
City-C,T1,10x,1800.0,S6_Q10,routine,M_routine,650,True,6,1822.9,2412.2,0.0,0.0,1.0,dist_truncnorm,0,0.67,0.15,truncnorm,none
City-C,T1,10x,1800.0,S6_Q10,cross_regime,M_stress,650,True,6,1822.9,1457.9,342.1,0.2003,0.0,dist_truncnorm,0,0.67,0.15,truncnorm,none
City-C,T2,1x,260.0,S0a_RoutineOracle,routine,M_routine,650,True,1,601.4,601.4,0.0,0.0,1.0,dist_truncnorm,0,0.67,0.15,truncnorm,none
City-C,T2,1x,260.0,S0a_RoutineOracle,cross_regime,M_stress,650,True,1,601.4,331.8,0.0,0.4483,1.0,dist_truncnorm,0,0.67,0.15,truncnorm,none
City-C,T2,1x,260.0,S0b_StressOracle,routine,M_routine,650,True,1,346.7,560.7,0.0,0.0,1.0,dist_truncnorm,0,0.67,0.15,truncnorm,none
City-C,T2,1x,260.0,S0b_StressOracle,cross_regime,M_stress,650,True,1,346.7,346.7,0.0,0.0,1.0,dist_truncnorm,0,0.67,0.15,truncnorm,none
City-C,T2,1x,260.0,S1_CapRR,routine,M_routine,650,True,1,737.0,548.1,0.0,0.2564,1.0,dist_truncnorm,0,0.67,0.15,truncnorm,none
City-C,T2,1x,260.0,S1_CapRR,cross_regime,M_stress,650,True,1,737.0,335.8,0.0,0.5445,1.0,dist_truncnorm,0,0.67,0.15,truncnorm,none
City-C,T2,1x,260.0,S2_Platform,routine,M_routine,650,True,1,467.3,548.1,0.0,0.0,1.0,dist_truncnorm,0,0.67,0.15,truncnorm,none
City-C,T2,1x,260.0,S2_Platform,cross_regime,M_stress,650,True,1,467.3,335.8,0.0,0.2815,1.0,dist_truncnorm,0,0.67,0.15,truncnorm,none
City-C,T2,1x,260.0,S3_Lin4,routine,M_routine,650,True,1,417.1,548.1,0.0,0.0,1.0,dist_truncnorm,0,0.67,0.15,truncnorm,none
City-C,T2,1x,260.0,S3_Lin4,cross_regime,M_stress,650,True,1,417.1,335.8,0.0,0.1951,1.0,dist_truncnorm,0,0.67,0.15,truncnorm,none
City-C,T2,1x,260.0,S4_GlobalCalib,routine,M_routine,650,True,1,489.3,548.1,0.0,0.0,1.0,dist_truncnorm,0,0.67,0.15,truncnorm,none
City-C,T2,1x,260.0,S4_GlobalCalib,cross_regime,M_stress,650,True,1,489.3,335.8,0.0,0.3137,1.0,dist_truncnorm,0,0.67,0.15,truncnorm,none
City-C,T2,1x,260.0,S5_CityCalib,routine,M_routine,650,True,1,492.5,548.1,0.0,0.0,1.0,dist_truncnorm,0,0.67,0.15,truncnorm,none
City-C,T2,1x,260.0,S5_CityCalib,cross_regime,M_stress,650,True,1,492.5,335.8,0.0,0.3183,1.0,dist_truncnorm,0,0.67,0.15,truncnorm,none
City-C,T2,1x,260.0,S6_Q10,routine,M_routine,650,True,1,350.9,548.1,0.0,0.0,1.0,dist_truncnorm,0,0.67,0.15,truncnorm,none
City-C,T2,1x,260.0,S6_Q10,cross_regime,M_stress,650,True,1,350.9,335.8,0.0,0.0431,1.0,dist_truncnorm,0,0.67,0.15,truncnorm,none
City-C,T2,2x,520.0,S0a_RoutineOracle,routine,M_routine,650,True,1,601.4,601.4,0.0,0.0,1.0,dist_truncnorm,0,0.67,0.15,truncnorm,none
City-C,T2,2x,520.0,S0a_RoutineOracle,cross_regime,M_stress,650,True,1,601.4,331.8,188.2,0.4483,0.0,dist_truncnorm,0,0.67,0.15,truncnorm,none
City-C,T2,2x,520.0,S0b_StressOracle,routine,M_routine,650,True,2,682.5,1108.8,0.0,0.0,1.0,dist_truncnorm,0,0.67,0.15,truncnorm,none
City-C,T2,2x,520.0,S0b_StressOracle,cross_regime,M_stress,650,True,2,682.5,682.5,0.0,0.0,1.0,dist_truncnorm,0,0.67,0.15,truncnorm,none
City-C,T2,2x,520.0,S1_CapRR,routine,M_routine,650,True,1,737.0,548.1,0.0,0.2564,1.0,dist_truncnorm,0,0.67,0.15,truncnorm,none
City-C,T2,2x,520.0,S1_CapRR,cross_regime,M_stress,650,True,1,737.0,335.8,184.2,0.5445,0.0,dist_truncnorm,0,0.67,0.15,truncnorm,none
City-C,T2,2x,520.0,S2_Platform,routine,M_routine,650,True,2,902.1,1108.8,0.0,0.0,1.0,dist_truncnorm,0,0.67,0.15,truncnorm,none
City-C,T2,2x,520.0,S2_Platform,cross_regime,M_stress,650,True,2,902.1,682.5,0.0,0.2434,1.0,dist_truncnorm,0,0.67,0.15,truncnorm,none
City-C,T2,2x,520.0,S3_Lin4,routine,M_routine,650,True,2,816.7,1108.8,0.0,0.0,1.0,dist_truncnorm,0,0.67,0.15,truncnorm,none
City-C,T2,2x,520.0,S3_Lin4,cross_regime,M_stress,650,True,2,816.7,682.5,0.0,0.1644,1.0,dist_truncnorm,0,0.67,0.15,truncnorm,none
City-C,T2,2x,520.0,S4_GlobalCalib,routine,M_routine,650,True,2,955.5,1108.8,0.0,0.0,1.0,dist_truncnorm,0,0.67,0.15,truncnorm,none
City-C,T2,2x,520.0,S4_GlobalCalib,cross_regime,M_stress,650,True,2,955.5,682.5,0.0,0.2858,1.0,dist_truncnorm,0,0.67,0.15,truncnorm,none
City-C,T2,2x,520.0,S5_CityCalib,routine,M_routine,650,True,2,961.9,1108.8,0.0,0.0,1.0,dist_truncnorm,0,0.67,0.15,truncnorm,none
City-C,T2,2x,520.0,S5_CityCalib,cross_regime,M_stress,650,True,2,961.9,682.5,0.0,0.2905,1.0,dist_truncnorm,0,0.67,0.15,truncnorm,none
City-C,T2,2x,520.0,S6_Q10,routine,M_routine,650,True,2,685.3,1108.8,0.0,0.0,1.0,dist_truncnorm,0,0.67,0.15,truncnorm,none
City-C,T2,2x,520.0,S6_Q10,cross_regime,M_stress,650,True,2,685.3,682.5,0.0,0.0041,1.0,dist_truncnorm,0,0.67,0.15,truncnorm,none
City-C,T2,5x,1300.0,S0a_RoutineOracle,routine,M_routine,650,True,3,1710.2,1710.2,0.0,0.0,1.0,dist_truncnorm,0,0.67,0.15,truncnorm,none
City-C,T2,5x,1300.0,S0a_RoutineOracle,cross_regime,M_stress,650,True,3,1710.2,1014.3,285.7,0.4069,0.0,dist_truncnorm,0,0.67,0.15,truncnorm,none
City-C,T2,5x,1300.0,S0b_StressOracle,routine,M_routine,650,True,4,1321.1,2104.6,0.0,0.0,1.0,dist_truncnorm,0,0.67,0.15,truncnorm,none
City-C,T2,5x,1300.0,S0b_StressOracle,cross_regime,M_stress,650,True,4,1321.1,1321.1,0.0,0.0,1.0,dist_truncnorm,0,0.67,0.15,truncnorm,none
City-C,T2,5x,1300.0,S1_CapRR,routine,M_routine,650,True,2,1439.5,1108.8,191.2,0.2298,0.0,dist_truncnorm,0,0.67,0.15,truncnorm,none
City-C,T2,5x,1300.0,S1_CapRR,cross_regime,M_stress,650,True,2,1439.5,682.5,617.5,0.5259,0.0,dist_truncnorm,0,0.67,0.15,truncnorm,none
City-C,T2,5x,1300.0,S2_Platform,routine,M_routine,650,True,3,1301.1,1710.2,0.0,0.0,1.0,dist_truncnorm,0,0.67,0.15,truncnorm,none
City-C,T2,5x,1300.0,S2_Platform,cross_regime,M_stress,650,True,3,1301.1,1014.3,285.7,0.2204,0.0,dist_truncnorm,0,0.67,0.15,truncnorm,none
City-C,T2,5x,1300.0,S3_Lin4,routine,M_routine,650,True,4,1589.4,2170.6,0.0,0.0,1.0,dist_truncnorm,0,0.67,0.15,truncnorm,none
City-C,T2,5x,1300.0,S3_Lin4,cross_regime,M_stress,650,True,4,1589.4,1248.6,51.4,0.2144,0.0,dist_truncnorm,0,0.67,0.15,truncnorm,none
City-C,T2,5x,1300.0,S4_GlobalCalib,routine,M_routine,650,True,3,1381.3,1710.2,0.0,0.0,1.0,dist_truncnorm,0,0.67,0.15,truncnorm,none
City-C,T2,5x,1300.0,S4_GlobalCalib,cross_regime,M_stress,650,True,3,1381.3,1014.3,285.7,0.2657,0.0,dist_truncnorm,0,0.67,0.15,truncnorm,none
City-C,T2,5x,1300.0,S5_CityCalib,routine,M_routine,650,True,3,1390.4,1710.2,0.0,0.0,1.0,dist_truncnorm,0,0.67,0.15,truncnorm,none
City-C,T2,5x,1300.0,S5_CityCalib,cross_regime,M_stress,650,True,3,1390.4,1014.3,285.7,0.2705,0.0,dist_truncnorm,0,0.67,0.15,truncnorm,none
City-C,T2,5x,1300.0,S6_Q10,routine,M_routine,650,True,5,1545.1,2593.6,0.0,0.0,1.0,dist_truncnorm,0,0.67,0.15,truncnorm,none
City-C,T2,5x,1300.0,S6_Q10,cross_regime,M_stress,650,True,5,1545.1,1525.3,0.0,0.0128,1.0,dist_truncnorm,0,0.67,0.15,truncnorm,none
City-C,T2,10x,2600.0,S0a_RoutineOracle,routine,M_routine,650,True,5,2683.6,2683.6,0.0,0.0,1.0,dist_truncnorm,0,0.67,0.15,truncnorm,none
City-C,T2,10x,2600.0,S0a_RoutineOracle,cross_regime,M_stress,650,True,5,2683.6,1426.9,1173.1,0.4683,0.0,dist_truncnorm,0,0.67,0.15,truncnorm,none
City-C,T2,10x,2600.0,S0b_StressOracle,routine,M_routine,650,True,10,2762.3,4057.0,0.0,0.0,1.0,dist_truncnorm,0,0.67,0.15,truncnorm,none
City-C,T2,10x,2600.0,S0b_StressOracle,cross_regime,M_stress,650,True,10,2762.3,2762.3,0.0,0.0,1.0,dist_truncnorm,0,0.67,0.15,truncnorm,none
City-C,T2,10x,2600.0,S1_CapRR,routine,M_routine,650,True,4,2666.6,2199.2,400.8,0.1753,0.0,dist_truncnorm,0,0.67,0.15,truncnorm,none
City-C,T2,10x,2600.0,S1_CapRR,cross_regime,M_stress,650,True,4,2666.6,1218.5,1381.5,0.5431,0.0,dist_truncnorm,0,0.67,0.15,truncnorm,none
City-C,T2,10x,2600.0,S2_Platform,routine,M_routine,650,True,7,2815.8,3390.4,0.0,0.0,1.0,dist_truncnorm,0,0.67,0.15,truncnorm,none
City-C,T2,10x,2600.0,S2_Platform,cross_regime,M_stress,650,True,7,2815.8,1813.4,786.6,0.356,0.0,dist_truncnorm,0,0.67,0.15,truncnorm,none
City-C,T2,10x,2600.0,S3_Lin4,routine,M_routine,650,True,7,2670.4,3181.9,0.0,0.0,1.0,dist_truncnorm,0,0.67,0.15,truncnorm,none
City-C,T2,10x,2600.0,S3_Lin4,cross_regime,M_stress,650,True,7,2670.4,1989.1,610.9,0.2552,0.0,dist_truncnorm,0,0.67,0.15,truncnorm,none
City-C,T2,10x,2600.0,S4_GlobalCalib,routine,M_routine,650,True,7,2902.2,3150.5,0.0,0.0,1.0,dist_truncnorm,0,0.67,0.15,truncnorm,none
City-C,T2,10x,2600.0,S4_GlobalCalib,cross_regime,M_stress,650,True,7,2902.2,2009.4,590.6,0.3076,0.0,dist_truncnorm,0,0.67,0.15,truncnorm,none
City-C,T2,10x,2600.0,S5_CityCalib,routine,M_routine,650,True,7,2920.7,3150.5,0.0,0.0,1.0,dist_truncnorm,0,0.67,0.15,truncnorm,none
City-C,T2,10x,2600.0,S5_CityCalib,cross_regime,M_stress,650,True,7,2920.7,2009.4,590.6,0.312,0.0,dist_truncnorm,0,0.67,0.15,truncnorm,none
City-C,T2,10x,2600.0,S6_Q10,routine,M_routine,650,True,9,2601.8,4022.7,0.0,0.0,1.0,dist_truncnorm,0,0.67,0.15,truncnorm,none
City-C,T2,10x,2600.0,S6_Q10,cross_regime,M_stress,650,True,9,2601.8,2419.8,180.2,0.07,0.0,dist_truncnorm,0,0.67,0.15,truncnorm,none
City-C,T3,1x,200.0,S0a_RoutineOracle,routine,M_routine,650,True,1,602.2,602.2,0.0,0.0,1.0,dist_truncnorm,0,0.67,0.15,truncnorm,none
City-C,T3,1x,200.0,S0a_RoutineOracle,cross_regime,M_stress,650,True,1,602.2,221.9,0.0,0.6315,1.0,dist_truncnorm,0,0.67,0.15,truncnorm,none
City-C,T3,1x,200.0,S0b_StressOracle,routine,M_routine,650,True,1,319.1,444.7,0.0,0.0,1.0,dist_truncnorm,0,0.67,0.15,truncnorm,none
City-C,T3,1x,200.0,S0b_StressOracle,cross_regime,M_stress,650,True,1,319.1,319.1,0.0,0.0,1.0,dist_truncnorm,0,0.67,0.15,truncnorm,none
City-C,T3,1x,200.0,S1_CapRR,routine,M_routine,650,True,1,648.6,602.2,0.0,0.0715,1.0,dist_truncnorm,0,0.67,0.15,truncnorm,none
City-C,T3,1x,200.0,S1_CapRR,cross_regime,M_stress,650,True,1,648.6,221.9,0.0,0.6579,1.0,dist_truncnorm,0,0.67,0.15,truncnorm,none
City-C,T3,1x,200.0,S2_Platform,routine,M_routine,650,True,1,456.8,602.2,0.0,0.0,1.0,dist_truncnorm,0,0.67,0.15,truncnorm,none
City-C,T3,1x,200.0,S2_Platform,cross_regime,M_stress,650,True,1,456.8,221.9,0.0,0.5142,1.0,dist_truncnorm,0,0.67,0.15,truncnorm,none
City-C,T3,1x,200.0,S3_Lin4,routine,M_routine,650,True,1,404.8,602.2,0.0,0.0,1.0,dist_truncnorm,0,0.67,0.15,truncnorm,none
City-C,T3,1x,200.0,S3_Lin4,cross_regime,M_stress,650,True,1,404.8,221.9,0.0,0.4518,1.0,dist_truncnorm,0,0.67,0.15,truncnorm,none
City-C,T3,1x,200.0,S4_GlobalCalib,routine,M_routine,650,True,1,430.7,602.2,0.0,0.0,1.0,dist_truncnorm,0,0.67,0.15,truncnorm,none
City-C,T3,1x,200.0,S4_GlobalCalib,cross_regime,M_stress,650,True,1,430.7,221.9,0.0,0.4848,1.0,dist_truncnorm,0,0.67,0.15,truncnorm,none
City-C,T3,1x,200.0,S5_CityCalib,routine,M_routine,650,True,1,439.1,602.2,0.0,0.0,1.0,dist_truncnorm,0,0.67,0.15,truncnorm,none
City-C,T3,1x,200.0,S5_CityCalib,cross_regime,M_stress,650,True,1,439.1,221.9,0.0,0.4946,1.0,dist_truncnorm,0,0.67,0.15,truncnorm,none
City-C,T3,1x,200.0,S6_Q10,routine,M_routine,650,True,1,306.7,602.2,0.0,0.0,1.0,dist_truncnorm,0,0.67,0.15,truncnorm,none
City-C,T3,1x,200.0,S6_Q10,cross_regime,M_stress,650,True,1,306.7,221.9,0.0,0.2764,1.0,dist_truncnorm,0,0.67,0.15,truncnorm,none
City-C,T3,2x,400.0,S0a_RoutineOracle,routine,M_routine,650,True,1,602.2,602.2,0.0,0.0,1.0,dist_truncnorm,0,0.67,0.15,truncnorm,none
City-C,T3,2x,400.0,S0a_RoutineOracle,cross_regime,M_stress,650,True,1,602.2,221.9,178.1,0.6315,0.0,dist_truncnorm,0,0.67,0.15,truncnorm,none
City-C,T3,2x,400.0,S0b_StressOracle,routine,M_routine,650,True,2,616.3,797.4,0.0,0.0,1.0,dist_truncnorm,0,0.67,0.15,truncnorm,none
City-C,T3,2x,400.0,S0b_StressOracle,cross_regime,M_stress,650,True,2,616.3,616.3,0.0,0.0,1.0,dist_truncnorm,0,0.67,0.15,truncnorm,none
City-C,T3,2x,400.0,S1_CapRR,routine,M_routine,650,True,1,648.6,602.2,0.0,0.0715,1.0,dist_truncnorm,0,0.67,0.15,truncnorm,none
City-C,T3,2x,400.0,S1_CapRR,cross_regime,M_stress,650,True,1,648.6,221.9,178.1,0.6579,0.0,dist_truncnorm,0,0.67,0.15,truncnorm,none
City-C,T3,2x,400.0,S2_Platform,routine,M_routine,650,True,1,456.8,602.2,0.0,0.0,1.0,dist_truncnorm,0,0.67,0.15,truncnorm,none
City-C,T3,2x,400.0,S2_Platform,cross_regime,M_stress,650,True,1,456.8,221.9,178.1,0.5142,0.0,dist_truncnorm,0,0.67,0.15,truncnorm,none
City-C,T3,2x,400.0,S3_Lin4,routine,M_routine,650,True,1,404.8,602.2,0.0,0.0,1.0,dist_truncnorm,0,0.67,0.15,truncnorm,none
City-C,T3,2x,400.0,S3_Lin4,cross_regime,M_stress,650,True,1,404.8,221.9,178.1,0.4518,0.0,dist_truncnorm,0,0.67,0.15,truncnorm,none
City-C,T3,2x,400.0,S4_GlobalCalib,routine,M_routine,650,True,1,430.7,602.2,0.0,0.0,1.0,dist_truncnorm,0,0.67,0.15,truncnorm,none
City-C,T3,2x,400.0,S4_GlobalCalib,cross_regime,M_stress,650,True,1,430.7,221.9,178.1,0.4848,0.0,dist_truncnorm,0,0.67,0.15,truncnorm,none
City-C,T3,2x,400.0,S5_CityCalib,routine,M_routine,650,True,1,439.1,602.2,0.0,0.0,1.0,dist_truncnorm,0,0.67,0.15,truncnorm,none
City-C,T3,2x,400.0,S5_CityCalib,cross_regime,M_stress,650,True,1,439.1,221.9,178.1,0.4946,0.0,dist_truncnorm,0,0.67,0.15,truncnorm,none
City-C,T3,2x,400.0,S6_Q10,routine,M_routine,650,True,2,599.0,1108.3,0.0,0.0,1.0,dist_truncnorm,0,0.67,0.15,truncnorm,none
City-C,T3,2x,400.0,S6_Q10,cross_regime,M_stress,650,True,2,599.0,445.4,0.0,0.2563,1.0,dist_truncnorm,0,0.67,0.15,truncnorm,none
City-C,T3,5x,1000.0,S0a_RoutineOracle,routine,M_routine,650,True,2,1108.3,1108.3,0.0,0.0,1.0,dist_truncnorm,0,0.67,0.15,truncnorm,none
City-C,T3,5x,1000.0,S0a_RoutineOracle,cross_regime,M_stress,650,True,2,1108.3,445.4,554.6,0.5981,0.0,dist_truncnorm,0,0.67,0.15,truncnorm,none
City-C,T3,5x,1000.0,S0b_StressOracle,routine,M_routine,650,True,4,1100.3,1355.7,0.0,0.0,1.0,dist_truncnorm,0,0.67,0.15,truncnorm,none
City-C,T3,5x,1000.0,S0b_StressOracle,cross_regime,M_stress,650,True,4,1100.3,1100.3,0.0,0.0,1.0,dist_truncnorm,0,0.67,0.15,truncnorm,none
City-C,T3,5x,1000.0,S1_CapRR,routine,M_routine,650,True,2,1266.8,1108.3,0.0,0.1252,1.0,dist_truncnorm,0,0.67,0.15,truncnorm,none
City-C,T3,5x,1000.0,S1_CapRR,cross_regime,M_stress,650,True,2,1266.8,445.4,554.6,0.6484,0.0,dist_truncnorm,0,0.67,0.15,truncnorm,none
City-C,T3,5x,1000.0,S2_Platform,routine,M_routine,650,True,3,1285.7,1001.4,0.0,0.2211,1.0,dist_truncnorm,0,0.67,0.15,truncnorm,none
City-C,T3,5x,1000.0,S2_Platform,cross_regime,M_stress,650,True,3,1285.7,659.1,340.9,0.4874,0.0,dist_truncnorm,0,0.67,0.15,truncnorm,none
City-C,T3,5x,1000.0,S3_Lin4,routine,M_routine,650,True,3,1174.7,1553.0,0.0,0.0,1.0,dist_truncnorm,0,0.67,0.15,truncnorm,none
City-C,T3,5x,1000.0,S3_Lin4,cross_regime,M_stress,650,True,3,1174.7,764.5,235.5,0.3492,0.0,dist_truncnorm,0,0.67,0.15,truncnorm,none
City-C,T3,5x,1000.0,S4_GlobalCalib,routine,M_routine,650,True,3,1216.1,1553.0,0.0,0.0,1.0,dist_truncnorm,0,0.67,0.15,truncnorm,none
City-C,T3,5x,1000.0,S4_GlobalCalib,cross_regime,M_stress,650,True,3,1216.1,764.5,235.5,0.3714,0.0,dist_truncnorm,0,0.67,0.15,truncnorm,none
City-C,T3,5x,1000.0,S5_CityCalib,routine,M_routine,650,True,3,1239.2,1553.0,0.0,0.0,1.0,dist_truncnorm,0,0.67,0.15,truncnorm,none
City-C,T3,5x,1000.0,S5_CityCalib,cross_regime,M_stress,650,True,3,1239.2,764.5,235.5,0.3831,0.0,dist_truncnorm,0,0.67,0.15,truncnorm,none
City-C,T3,5x,1000.0,S6_Q10,routine,M_routine,650,True,4,1109.5,1945.0,0.0,0.0,1.0,dist_truncnorm,0,0.67,0.15,truncnorm,none
City-C,T3,5x,1000.0,S6_Q10,cross_regime,M_stress,650,True,4,1109.5,980.4,19.6,0.1164,0.0,dist_truncnorm,0,0.67,0.15,truncnorm,none
City-C,T3,10x,2000.0,S0a_RoutineOracle,routine,M_routine,650,True,5,2372.7,2372.7,0.0,0.0,1.0,dist_truncnorm,0,0.67,0.15,truncnorm,none
City-C,T3,10x,2000.0,S0a_RoutineOracle,cross_regime,M_stress,650,True,5,2372.7,1059.4,940.6,0.5535,0.0,dist_truncnorm,0,0.67,0.15,truncnorm,none
City-C,T3,10x,2000.0,S0b_StressOracle,routine,M_routine,650,True,9,2214.6,3547.6,0.0,0.0,1.0,dist_truncnorm,0,0.67,0.15,truncnorm,none
City-C,T3,10x,2000.0,S0b_StressOracle,cross_regime,M_stress,650,True,9,2214.6,2214.6,0.0,0.0,1.0,dist_truncnorm,0,0.67,0.15,truncnorm,none
City-C,T3,10x,2000.0,S1_CapRR,routine,M_routine,650,True,4,2346.7,1945.0,55.0,0.1712,0.0,dist_truncnorm,0,0.67,0.15,truncnorm,none
City-C,T3,10x,2000.0,S1_CapRR,cross_regime,M_stress,650,True,4,2346.7,980.4,1019.6,0.5822,0.0,dist_truncnorm,0,0.67,0.15,truncnorm,none
City-C,T3,10x,2000.0,S2_Platform,routine,M_routine,650,True,5,2048.1,1790.3,209.7,0.1259,0.0,dist_truncnorm,0,0.67,0.15,truncnorm,none
City-C,T3,10x,2000.0,S2_Platform,cross_regime,M_stress,650,True,5,2048.1,1208.6,791.4,0.4099,0.0,dist_truncnorm,0,0.67,0.15,truncnorm,none
City-C,T3,10x,2000.0,S3_Lin4,routine,M_routine,650,True,6,2264.4,2299.7,0.0,0.0,1.0,dist_truncnorm,0,0.67,0.15,truncnorm,none
City-C,T3,10x,2000.0,S3_Lin4,cross_regime,M_stress,650,True,6,2264.4,1424.2,575.8,0.3711,0.0,dist_truncnorm,0,0.67,0.15,truncnorm,none
City-C,T3,10x,2000.0,S4_GlobalCalib,routine,M_routine,650,True,6,2228.1,2468.2,0.0,0.0,1.0,dist_truncnorm,0,0.67,0.15,truncnorm,none
City-C,T3,10x,2000.0,S4_GlobalCalib,cross_regime,M_stress,650,True,6,2228.1,1378.7,621.3,0.3812,0.0,dist_truncnorm,0,0.67,0.15,truncnorm,none
City-C,T3,10x,2000.0,S5_CityCalib,routine,M_routine,650,True,6,2269.2,2468.2,0.0,0.0,1.0,dist_truncnorm,0,0.67,0.15,truncnorm,none
City-C,T3,10x,2000.0,S5_CityCalib,cross_regime,M_stress,650,True,6,2269.2,1378.7,621.3,0.3925,0.0,dist_truncnorm,0,0.67,0.15,truncnorm,none
City-C,T3,10x,2000.0,S6_Q10,routine,M_routine,650,True,8,2047.6,3193.8,0.0,0.0,1.0,dist_truncnorm,0,0.67,0.15,truncnorm,none
City-C,T3,10x,2000.0,S6_Q10,cross_regime,M_stress,650,True,8,2047.6,1747.1,252.9,0.1468,0.0,dist_truncnorm,0,0.67,0.15,truncnorm,none
City-C,T4,1x,140.0,S0a_RoutineOracle,routine,M_routine,650,True,1,544.2,544.2,0.0,0.0,1.0,dist_truncnorm,0,0.67,0.15,truncnorm,none
City-C,T4,1x,140.0,S0a_RoutineOracle,cross_regime,M_stress,650,True,1,544.2,251.7,0.0,0.5376,1.0,dist_truncnorm,0,0.67,0.15,truncnorm,none
City-C,T4,1x,140.0,S0b_StressOracle,routine,M_routine,650,True,1,392.4,376.7,0.0,0.04,1.0,dist_truncnorm,0,0.67,0.15,truncnorm,none
City-C,T4,1x,140.0,S0b_StressOracle,cross_regime,M_stress,650,True,1,392.4,392.4,0.0,0.0,1.0,dist_truncnorm,0,0.67,0.15,truncnorm,none
City-C,T4,1x,140.0,S1_CapRR,routine,M_routine,650,True,1,737.0,396.0,0.0,0.4627,1.0,dist_truncnorm,0,0.67,0.15,truncnorm,none
City-C,T4,1x,140.0,S1_CapRR,cross_regime,M_stress,650,True,1,737.0,364.7,0.0,0.5052,1.0,dist_truncnorm,0,0.67,0.15,truncnorm,none
City-C,T4,1x,140.0,S2_Platform,routine,M_routine,650,True,1,377.7,353.3,0.0,0.0646,1.0,dist_truncnorm,0,0.67,0.15,truncnorm,none
City-C,T4,1x,140.0,S2_Platform,cross_regime,M_stress,650,True,1,377.7,254.3,0.0,0.3266,1.0,dist_truncnorm,0,0.67,0.15,truncnorm,none
City-C,T4,1x,140.0,S3_Lin4,routine,M_routine,650,True,1,416.7,396.0,0.0,0.0497,1.0,dist_truncnorm,0,0.67,0.15,truncnorm,none
City-C,T4,1x,140.0,S3_Lin4,cross_regime,M_stress,650,True,1,416.7,364.7,0.0,0.1249,1.0,dist_truncnorm,0,0.67,0.15,truncnorm,none
City-C,T4,1x,140.0,S4_GlobalCalib,routine,M_routine,650,True,1,487.7,396.0,0.0,0.188,1.0,dist_truncnorm,0,0.67,0.15,truncnorm,none
City-C,T4,1x,140.0,S4_GlobalCalib,cross_regime,M_stress,650,True,1,487.7,364.7,0.0,0.2523,1.0,dist_truncnorm,0,0.67,0.15,truncnorm,none
City-C,T4,1x,140.0,S5_CityCalib,routine,M_routine,650,True,1,498.4,396.0,0.0,0.2055,1.0,dist_truncnorm,0,0.67,0.15,truncnorm,none
City-C,T4,1x,140.0,S5_CityCalib,cross_regime,M_stress,650,True,1,498.4,364.7,0.0,0.2683,1.0,dist_truncnorm,0,0.67,0.15,truncnorm,none
City-C,T4,1x,140.0,S6_Q10,routine,M_routine,650,True,1,350.4,396.0,0.0,0.0,1.0,dist_truncnorm,0,0.67,0.15,truncnorm,none
City-C,T4,1x,140.0,S6_Q10,cross_regime,M_stress,650,True,1,350.4,364.7,0.0,0.0,1.0,dist_truncnorm,0,0.67,0.15,truncnorm,none
City-C,T4,2x,280.0,S0a_RoutineOracle,routine,M_routine,650,True,1,544.2,544.2,0.0,0.0,1.0,dist_truncnorm,0,0.67,0.15,truncnorm,none
City-C,T4,2x,280.0,S0a_RoutineOracle,cross_regime,M_stress,650,True,1,544.2,251.7,28.3,0.5376,0.0,dist_truncnorm,0,0.67,0.15,truncnorm,none
City-C,T4,2x,280.0,S0b_StressOracle,routine,M_routine,650,True,1,392.4,376.7,0.0,0.04,1.0,dist_truncnorm,0,0.67,0.15,truncnorm,none
City-C,T4,2x,280.0,S0b_StressOracle,cross_regime,M_stress,650,True,1,392.4,392.4,0.0,0.0,1.0,dist_truncnorm,0,0.67,0.15,truncnorm,none
City-C,T4,2x,280.0,S1_CapRR,routine,M_routine,650,True,1,737.0,396.0,0.0,0.4627,1.0,dist_truncnorm,0,0.67,0.15,truncnorm,none
City-C,T4,2x,280.0,S1_CapRR,cross_regime,M_stress,650,True,1,737.0,364.7,0.0,0.5052,1.0,dist_truncnorm,0,0.67,0.15,truncnorm,none
City-C,T4,2x,280.0,S2_Platform,routine,M_routine,650,True,1,377.7,353.3,0.0,0.0646,1.0,dist_truncnorm,0,0.67,0.15,truncnorm,none
City-C,T4,2x,280.0,S2_Platform,cross_regime,M_stress,650,True,1,377.7,254.3,25.7,0.3266,0.0,dist_truncnorm,0,0.67,0.15,truncnorm,none
City-C,T4,2x,280.0,S3_Lin4,routine,M_routine,650,True,1,416.7,396.0,0.0,0.0497,1.0,dist_truncnorm,0,0.67,0.15,truncnorm,none
City-C,T4,2x,280.0,S3_Lin4,cross_regime,M_stress,650,True,1,416.7,364.7,0.0,0.1249,1.0,dist_truncnorm,0,0.67,0.15,truncnorm,none
City-C,T4,2x,280.0,S4_GlobalCalib,routine,M_routine,650,True,1,487.7,396.0,0.0,0.188,1.0,dist_truncnorm,0,0.67,0.15,truncnorm,none
City-C,T4,2x,280.0,S4_GlobalCalib,cross_regime,M_stress,650,True,1,487.7,364.7,0.0,0.2523,1.0,dist_truncnorm,0,0.67,0.15,truncnorm,none
City-C,T4,2x,280.0,S5_CityCalib,routine,M_routine,650,True,1,498.4,396.0,0.0,0.2055,1.0,dist_truncnorm,0,0.67,0.15,truncnorm,none
City-C,T4,2x,280.0,S5_CityCalib,cross_regime,M_stress,650,True,1,498.4,364.7,0.0,0.2683,1.0,dist_truncnorm,0,0.67,0.15,truncnorm,none
City-C,T4,2x,280.0,S6_Q10,routine,M_routine,650,True,1,350.4,396.0,0.0,0.0,1.0,dist_truncnorm,0,0.67,0.15,truncnorm,none
City-C,T4,2x,280.0,S6_Q10,cross_regime,M_stress,650,True,1,350.4,364.7,0.0,0.0,1.0,dist_truncnorm,0,0.67,0.15,truncnorm,none
City-C,T4,5x,700.0,S0a_RoutineOracle,routine,M_routine,650,True,2,1040.5,1040.5,0.0,0.0,1.0,dist_truncnorm,0,0.67,0.15,truncnorm,none
City-C,T4,5x,700.0,S0a_RoutineOracle,cross_regime,M_stress,650,True,2,1040.5,491.0,209.0,0.5281,0.0,dist_truncnorm,0,0.67,0.15,truncnorm,none
City-C,T4,5x,700.0,S0b_StressOracle,routine,M_routine,650,True,2,757.0,772.7,0.0,0.0,1.0,dist_truncnorm,0,0.67,0.15,truncnorm,none
City-C,T4,5x,700.0,S0b_StressOracle,cross_regime,M_stress,650,True,2,757.0,757.0,0.0,0.0,1.0,dist_truncnorm,0,0.67,0.15,truncnorm,none
City-C,T4,5x,700.0,S1_CapRR,routine,M_routine,650,True,1,737.0,396.0,304.0,0.4627,0.0,dist_truncnorm,0,0.67,0.15,truncnorm,none
City-C,T4,5x,700.0,S1_CapRR,cross_regime,M_stress,650,True,1,737.0,364.7,335.3,0.5052,0.0,dist_truncnorm,0,0.67,0.15,truncnorm,none
City-C,T4,5x,700.0,S2_Platform,routine,M_routine,650,True,2,738.2,729.9,0.0,0.0112,1.0,dist_truncnorm,0,0.67,0.15,truncnorm,none
City-C,T4,5x,700.0,S2_Platform,cross_regime,M_stress,650,True,2,738.2,646.7,53.3,0.124,0.0,dist_truncnorm,0,0.67,0.15,truncnorm,none
City-C,T4,5x,700.0,S3_Lin4,routine,M_routine,650,True,2,816.2,772.7,0.0,0.0534,1.0,dist_truncnorm,0,0.67,0.15,truncnorm,none
City-C,T4,5x,700.0,S3_Lin4,cross_regime,M_stress,650,True,2,816.2,757.0,0.0,0.0725,1.0,dist_truncnorm,0,0.67,0.15,truncnorm,none
City-C,T4,5x,700.0,S4_GlobalCalib,routine,M_routine,650,True,2,952.5,772.7,0.0,0.1888,1.0,dist_truncnorm,0,0.67,0.15,truncnorm,none
City-C,T4,5x,700.0,S4_GlobalCalib,cross_regime,M_stress,650,True,2,952.5,757.0,0.0,0.2052,1.0,dist_truncnorm,0,0.67,0.15,truncnorm,none
City-C,T4,5x,700.0,S5_CityCalib,routine,M_routine,650,True,2,973.3,772.7,0.0,0.2061,1.0,dist_truncnorm,0,0.67,0.15,truncnorm,none
City-C,T4,5x,700.0,S5_CityCalib,cross_regime,M_stress,650,True,2,973.3,757.0,0.0,0.2222,1.0,dist_truncnorm,0,0.67,0.15,truncnorm,none
City-C,T4,5x,700.0,S6_Q10,routine,M_routine,650,True,3,989.3,1316.9,0.0,0.0,1.0,dist_truncnorm,0,0.67,0.15,truncnorm,none
City-C,T4,5x,700.0,S6_Q10,cross_regime,M_stress,650,True,3,989.3,1008.7,0.0,0.0,1.0,dist_truncnorm,0,0.67,0.15,truncnorm,none
City-C,T4,10x,1400.0,S0a_RoutineOracle,routine,M_routine,650,True,3,1513.9,1513.9,0.0,0.0,1.0,dist_truncnorm,0,0.67,0.15,truncnorm,none
City-C,T4,10x,1400.0,S0a_RoutineOracle,cross_regime,M_stress,650,True,3,1513.9,758.8,641.2,0.4988,0.0,dist_truncnorm,0,0.67,0.15,truncnorm,none
City-C,T4,10x,1400.0,S0b_StressOracle,routine,M_routine,650,True,5,1683.3,1565.0,0.0,0.0703,1.0,dist_truncnorm,0,0.67,0.15,truncnorm,none
City-C,T4,10x,1400.0,S0b_StressOracle,cross_regime,M_stress,650,True,5,1683.3,1683.3,0.0,0.0,1.0,dist_truncnorm,0,0.67,0.15,truncnorm,none
City-C,T4,10x,1400.0,S1_CapRR,routine,M_routine,650,True,2,1439.5,772.7,627.3,0.4633,0.0,dist_truncnorm,0,0.67,0.15,truncnorm,none
City-C,T4,10x,1400.0,S1_CapRR,cross_regime,M_stress,650,True,2,1439.5,757.0,643.0,0.4741,0.0,dist_truncnorm,0,0.67,0.15,truncnorm,none
City-C,T4,10x,1400.0,S2_Platform,routine,M_routine,650,True,4,1425.4,1699.5,0.0,0.0,1.0,dist_truncnorm,0,0.67,0.15,truncnorm,none
City-C,T4,10x,1400.0,S2_Platform,cross_regime,M_stress,650,True,4,1425.4,1019.1,380.9,0.285,0.0,dist_truncnorm,0,0.67,0.15,truncnorm,none
City-C,T4,10x,1400.0,S3_Lin4,routine,M_routine,650,True,4,1588.9,1616.9,0.0,0.0,1.0,dist_truncnorm,0,0.67,0.15,truncnorm,none
City-C,T4,10x,1400.0,S3_Lin4,cross_regime,M_stress,650,True,4,1588.9,1241.4,158.6,0.2187,0.0,dist_truncnorm,0,0.67,0.15,truncnorm,none
City-C,T4,10x,1400.0,S4_GlobalCalib,routine,M_routine,650,True,4,1764.4,1790.2,0.0,0.0,1.0,dist_truncnorm,0,0.67,0.15,truncnorm,none
City-C,T4,10x,1400.0,S4_GlobalCalib,cross_regime,M_stress,650,True,4,1764.4,1141.8,258.2,0.3529,0.0,dist_truncnorm,0,0.67,0.15,truncnorm,none
City-C,T4,10x,1400.0,S5_CityCalib,routine,M_routine,650,True,3,1406.8,1316.9,83.1,0.0639,0.0,dist_truncnorm,0,0.67,0.15,truncnorm,none
City-C,T4,10x,1400.0,S5_CityCalib,cross_regime,M_stress,650,True,3,1406.8,1008.7,391.3,0.283,0.0,dist_truncnorm,0,0.67,0.15,truncnorm,none
City-C,T4,10x,1400.0,S6_Q10,routine,M_routine,650,True,5,1543.0,2263.7,0.0,0.0,1.0,dist_truncnorm,0,0.67,0.15,truncnorm,none
City-C,T4,10x,1400.0,S6_Q10,cross_regime,M_stress,650,True,5,1543.0,1409.6,0.0,0.0865,1.0,dist_truncnorm,0,0.67,0.15,truncnorm,none
City-C,T5,1x,160.0,S0a_RoutineOracle,routine,M_routine,650,True,1,547.8,547.8,0.0,0.0,1.0,dist_truncnorm,0,0.67,0.15,truncnorm,none
City-C,T5,1x,160.0,S0a_RoutineOracle,cross_regime,M_stress,650,True,1,547.8,179.7,0.0,0.6719,1.0,dist_truncnorm,0,0.67,0.15,truncnorm,none
City-C,T5,1x,160.0,S0b_StressOracle,routine,M_routine,650,True,1,298.6,425.8,0.0,0.0,1.0,dist_truncnorm,0,0.67,0.15,truncnorm,none
City-C,T5,1x,160.0,S0b_StressOracle,cross_regime,M_stress,650,True,1,298.6,298.6,0.0,0.0,1.0,dist_truncnorm,0,0.67,0.15,truncnorm,none
City-C,T5,1x,160.0,S1_CapRR,routine,M_routine,650,True,1,648.6,547.8,0.0,0.1555,1.0,dist_truncnorm,0,0.67,0.15,truncnorm,none
City-C,T5,1x,160.0,S1_CapRR,cross_regime,M_stress,650,True,1,648.6,179.7,0.0,0.7229,1.0,dist_truncnorm,0,0.67,0.15,truncnorm,none
City-C,T5,1x,160.0,S2_Platform,routine,M_routine,650,True,1,451.5,547.8,0.0,0.0,1.0,dist_truncnorm,0,0.67,0.15,truncnorm,none
City-C,T5,1x,160.0,S2_Platform,cross_regime,M_stress,650,True,1,451.5,179.7,0.0,0.602,1.0,dist_truncnorm,0,0.67,0.15,truncnorm,none
City-C,T5,1x,160.0,S3_Lin4,routine,M_routine,650,True,1,406.0,547.8,0.0,0.0,1.0,dist_truncnorm,0,0.67,0.15,truncnorm,none
City-C,T5,1x,160.0,S3_Lin4,cross_regime,M_stress,650,True,1,406.0,179.7,0.0,0.5574,1.0,dist_truncnorm,0,0.67,0.15,truncnorm,none
City-C,T5,1x,160.0,S4_GlobalCalib,routine,M_routine,650,True,1,431.3,547.8,0.0,0.0,1.0,dist_truncnorm,0,0.67,0.15,truncnorm,none
City-C,T5,1x,160.0,S4_GlobalCalib,cross_regime,M_stress,650,True,1,431.3,179.7,0.0,0.5834,1.0,dist_truncnorm,0,0.67,0.15,truncnorm,none
City-C,T5,1x,160.0,S5_CityCalib,routine,M_routine,650,True,1,441.7,547.8,0.0,0.0,1.0,dist_truncnorm,0,0.67,0.15,truncnorm,none
City-C,T5,1x,160.0,S5_CityCalib,cross_regime,M_stress,650,True,1,441.7,179.7,0.0,0.5931,1.0,dist_truncnorm,0,0.67,0.15,truncnorm,none
City-C,T5,1x,160.0,S6_Q10,routine,M_routine,650,True,1,307.5,547.8,0.0,0.0,1.0,dist_truncnorm,0,0.67,0.15,truncnorm,none
City-C,T5,1x,160.0,S6_Q10,cross_regime,M_stress,650,True,1,307.5,179.7,0.0,0.4156,1.0,dist_truncnorm,0,0.67,0.15,truncnorm,none
City-C,T5,2x,320.0,S0a_RoutineOracle,routine,M_routine,650,True,1,547.8,547.8,0.0,0.0,1.0,dist_truncnorm,0,0.67,0.15,truncnorm,none
City-C,T5,2x,320.0,S0a_RoutineOracle,cross_regime,M_stress,650,True,1,547.8,179.7,140.3,0.6719,0.0,dist_truncnorm,0,0.67,0.15,truncnorm,none
City-C,T5,2x,320.0,S0b_StressOracle,routine,M_routine,650,True,2,588.6,712.5,0.0,0.0,1.0,dist_truncnorm,0,0.67,0.15,truncnorm,none
City-C,T5,2x,320.0,S0b_StressOracle,cross_regime,M_stress,650,True,2,588.6,588.6,0.0,0.0,1.0,dist_truncnorm,0,0.67,0.15,truncnorm,none
City-C,T5,2x,320.0,S1_CapRR,routine,M_routine,650,True,1,648.6,547.8,0.0,0.1555,1.0,dist_truncnorm,0,0.67,0.15,truncnorm,none
City-C,T5,2x,320.0,S1_CapRR,cross_regime,M_stress,650,True,1,648.6,179.7,140.3,0.7229,0.0,dist_truncnorm,0,0.67,0.15,truncnorm,none
City-C,T5,2x,320.0,S2_Platform,routine,M_routine,650,True,1,451.5,547.8,0.0,0.0,1.0,dist_truncnorm,0,0.67,0.15,truncnorm,none
City-C,T5,2x,320.0,S2_Platform,cross_regime,M_stress,650,True,1,451.5,179.7,140.3,0.602,0.0,dist_truncnorm,0,0.67,0.15,truncnorm,none
City-C,T5,2x,320.0,S3_Lin4,routine,M_routine,650,True,1,406.0,547.8,0.0,0.0,1.0,dist_truncnorm,0,0.67,0.15,truncnorm,none
City-C,T5,2x,320.0,S3_Lin4,cross_regime,M_stress,650,True,1,406.0,179.7,140.3,0.5574,0.0,dist_truncnorm,0,0.67,0.15,truncnorm,none
City-C,T5,2x,320.0,S4_GlobalCalib,routine,M_routine,650,True,1,431.3,547.8,0.0,0.0,1.0,dist_truncnorm,0,0.67,0.15,truncnorm,none
City-C,T5,2x,320.0,S4_GlobalCalib,cross_regime,M_stress,650,True,1,431.3,179.7,140.3,0.5834,0.0,dist_truncnorm,0,0.67,0.15,truncnorm,none
City-C,T5,2x,320.0,S5_CityCalib,routine,M_routine,650,True,1,441.7,547.8,0.0,0.0,1.0,dist_truncnorm,0,0.67,0.15,truncnorm,none
City-C,T5,2x,320.0,S5_CityCalib,cross_regime,M_stress,650,True,1,441.7,179.7,140.3,0.5931,0.0,dist_truncnorm,0,0.67,0.15,truncnorm,none
City-C,T5,2x,320.0,S6_Q10,routine,M_routine,650,True,2,600.6,973.5,0.0,0.0,1.0,dist_truncnorm,0,0.67,0.15,truncnorm,none
City-C,T5,2x,320.0,S6_Q10,cross_regime,M_stress,650,True,2,600.6,478.3,0.0,0.2036,1.0,dist_truncnorm,0,0.67,0.15,truncnorm,none
City-C,T5,5x,800.0,S0a_RoutineOracle,routine,M_routine,650,True,2,1018.1,1018.1,0.0,0.0,1.0,dist_truncnorm,0,0.67,0.15,truncnorm,none
City-C,T5,5x,800.0,S0a_RoutineOracle,cross_regime,M_stress,650,True,2,1018.1,392.2,407.8,0.6148,0.0,dist_truncnorm,0,0.67,0.15,truncnorm,none
City-C,T5,5x,800.0,S0b_StressOracle,routine,M_routine,650,True,3,854.8,1025.0,0.0,0.0,1.0,dist_truncnorm,0,0.67,0.15,truncnorm,none
City-C,T5,5x,800.0,S0b_StressOracle,cross_regime,M_stress,650,True,3,854.8,854.8,0.0,0.0,1.0,dist_truncnorm,0,0.67,0.15,truncnorm,none
City-C,T5,5x,800.0,S1_CapRR,routine,M_routine,650,True,2,1266.8,973.5,0.0,0.2315,1.0,dist_truncnorm,0,0.67,0.15,truncnorm,none
City-C,T5,5x,800.0,S1_CapRR,cross_regime,M_stress,650,True,2,1266.8,478.3,321.7,0.6224,0.0,dist_truncnorm,0,0.67,0.15,truncnorm,none
City-C,T5,5x,800.0,S2_Platform,routine,M_routine,650,True,2,882.9,780.1,19.9,0.1165,0.0,dist_truncnorm,0,0.67,0.15,truncnorm,none
City-C,T5,5x,800.0,S2_Platform,cross_regime,M_stress,650,True,2,882.9,379.1,420.9,0.5706,0.0,dist_truncnorm,0,0.67,0.15,truncnorm,none
City-C,T5,5x,800.0,S3_Lin4,routine,M_routine,650,True,3,1177.2,1260.3,0.0,0.0,1.0,dist_truncnorm,0,0.67,0.15,truncnorm,none
City-C,T5,5x,800.0,S3_Lin4,cross_regime,M_stress,650,True,3,1177.2,768.3,31.7,0.3473,0.0,dist_truncnorm,0,0.67,0.15,truncnorm,none
City-C,T5,5x,800.0,S4_GlobalCalib,routine,M_routine,650,True,2,842.4,973.5,0.0,0.0,1.0,dist_truncnorm,0,0.67,0.15,truncnorm,none
City-C,T5,5x,800.0,S4_GlobalCalib,cross_regime,M_stress,650,True,2,842.4,478.3,321.7,0.4322,0.0,dist_truncnorm,0,0.67,0.15,truncnorm,none
City-C,T5,5x,800.0,S5_CityCalib,routine,M_routine,650,True,2,862.4,973.5,0.0,0.0,1.0,dist_truncnorm,0,0.67,0.15,truncnorm,none
City-C,T5,5x,800.0,S5_CityCalib,cross_regime,M_stress,650,True,2,862.4,478.3,321.7,0.4454,0.0,dist_truncnorm,0,0.67,0.15,truncnorm,none
City-C,T5,5x,800.0,S6_Q10,routine,M_routine,650,True,3,868.3,1260.3,0.0,0.0,1.0,dist_truncnorm,0,0.67,0.15,truncnorm,none
City-C,T5,5x,800.0,S6_Q10,cross_regime,M_stress,650,True,3,868.3,768.3,31.7,0.1151,0.0,dist_truncnorm,0,0.67,0.15,truncnorm,none
City-C,T5,10x,1600.0,S0a_RoutineOracle,routine,M_routine,650,True,4,1939.2,1939.2,0.0,0.0,1.0,dist_truncnorm,0,0.67,0.15,truncnorm,none
City-C,T5,10x,1600.0,S0a_RoutineOracle,cross_regime,M_stress,650,True,4,1939.2,865.3,734.7,0.5538,0.0,dist_truncnorm,0,0.67,0.15,truncnorm,none
City-C,T5,10x,1600.0,S0b_StressOracle,routine,M_routine,650,True,7,1808.1,2399.9,0.0,0.0,1.0,dist_truncnorm,0,0.67,0.15,truncnorm,none
City-C,T5,10x,1600.0,S0b_StressOracle,cross_regime,M_stress,650,True,7,1808.1,1808.1,0.0,0.0,1.0,dist_truncnorm,0,0.67,0.15,truncnorm,none
City-C,T5,10x,1600.0,S1_CapRR,routine,M_routine,650,True,3,1831.4,1260.3,339.7,0.3118,0.0,dist_truncnorm,0,0.67,0.15,truncnorm,none
City-C,T5,10x,1600.0,S1_CapRR,cross_regime,M_stress,650,True,3,1831.4,768.3,831.7,0.5805,0.0,dist_truncnorm,0,0.67,0.15,truncnorm,none
City-C,T5,10x,1600.0,S2_Platform,routine,M_routine,650,True,4,1670.1,1254.6,345.4,0.2487,0.0,dist_truncnorm,0,0.67,0.15,truncnorm,none
City-C,T5,10x,1600.0,S2_Platform,cross_regime,M_stress,650,True,4,1670.1,881.5,718.5,0.4722,0.0,dist_truncnorm,0,0.67,0.15,truncnorm,none
City-C,T5,10x,1600.0,S3_Lin4,routine,M_routine,650,True,5,1925.0,1931.0,0.0,0.0,1.0,dist_truncnorm,0,0.67,0.15,truncnorm,none
City-C,T5,10x,1600.0,S3_Lin4,cross_regime,M_stress,650,True,5,1925.0,1255.4,344.6,0.3478,0.0,dist_truncnorm,0,0.67,0.15,truncnorm,none
City-C,T5,10x,1600.0,S4_GlobalCalib,routine,M_routine,650,True,5,1899.0,1962.9,0.0,0.0,1.0,dist_truncnorm,0,0.67,0.15,truncnorm,none
City-C,T5,10x,1600.0,S4_GlobalCalib,cross_regime,M_stress,650,True,5,1899.0,1180.2,419.8,0.3785,0.0,dist_truncnorm,0,0.67,0.15,truncnorm,none
City-C,T5,10x,1600.0,S5_CityCalib,routine,M_routine,650,True,5,1942.7,1962.9,0.0,0.0,1.0,dist_truncnorm,0,0.67,0.15,truncnorm,none
City-C,T5,10x,1600.0,S5_CityCalib,cross_regime,M_stress,650,True,5,1942.7,1180.2,419.8,0.3925,0.0,dist_truncnorm,0,0.67,0.15,truncnorm,none
City-C,T5,10x,1600.0,S6_Q10,routine,M_routine,650,True,7,1824.4,2706.6,0.0,0.0,1.0,dist_truncnorm,0,0.67,0.15,truncnorm,none
City-C,T5,10x,1600.0,S6_Q10,cross_regime,M_stress,650,True,7,1824.4,1572.7,27.3,0.138,0.0,dist_truncnorm,0,0.67,0.15,truncnorm,none
