city,task_id,p_req_level,p_req,strategy,regime,eval_outcome,pool_size,pool_feasible,n_selected,p_commit,p_deliv,shortfall,ocr,success,config_name,seed_id,xi_mean,xi_std,xi_dist,xi_persistence
City-A,T1,1x,180.0,S0a_RoutineOracle,routine,M_routine,800,True,1,435.4,435.4,0.0,0.0,1.0,persistence_half,9,0.67,0.15,beta,half
City-A,T1,1x,180.0,S0a_RoutineOracle,cross_regime,M_stress,800,True,1,435.4,290.7,0.0,0.3323,1.0,persistence_half,9,0.67,0.15,beta,half
City-A,T1,1x,180.0,S0b_StressOracle,routine,M_routine,800,True,1,290.7,435.4,0.0,0.0,1.0,persistence_half,9,0.67,0.15,beta,half
City-A,T1,1x,180.0,S0b_StressOracle,cross_regime,M_stress,800,True,1,290.7,290.7,0.0,0.0,1.0,persistence_half,9,0.67,0.15,beta,half
City-A,T1,1x,180.0,S1_CapRR,routine,M_routine,800,True,1,678.2,432.5,0.0,0.3622,1.0,persistence_half,9,0.67,0.15,beta,half
City-A,T1,1x,180.0,S1_CapRR,cross_regime,M_stress,800,True,1,678.2,270.2,0.0,0.6016,1.0,persistence_half,9,0.67,0.15,beta,half
City-A,T1,1x,180.0,S2_Platform,routine,M_routine,800,True,1,421.1,432.5,0.0,0.0,1.0,persistence_half,9,0.67,0.15,beta,half
City-A,T1,1x,180.0,S2_Platform,cross_regime,M_stress,800,True,1,421.1,270.2,0.0,0.3584,1.0,persistence_half,9,0.67,0.15,beta,half
City-A,T1,1x,180.0,S3_Lin4,routine,M_routine,800,True,1,487.2,432.5,0.0,0.1122,1.0,persistence_half,9,0.67,0.15,beta,half
City-A,T1,1x,180.0,S3_Lin4,cross_regime,M_stress,800,True,1,487.2,270.2,0.0,0.4455,1.0,persistence_half,9,0.67,0.15,beta,half
City-A,T1,1x,180.0,S4_GlobalCalib,routine,M_routine,800,True,1,450.1,432.5,0.0,0.0391,1.0,persistence_half,9,0.67,0.15,beta,half
City-A,T1,1x,180.0,S4_GlobalCalib,cross_regime,M_stress,800,True,1,450.1,270.2,0.0,0.3998,1.0,persistence_half,9,0.67,0.15,beta,half
City-A,T1,1x,180.0,S5_CityCalib,routine,M_routine,800,True,1,448.8,432.5,0.0,0.0362,1.0,persistence_half,9,0.67,0.15,beta,half
City-A,T1,1x,180.0,S5_CityCalib,cross_regime,M_stress,800,True,1,448.8,270.2,0.0,0.398,1.0,persistence_half,9,0.67,0.15,beta,half
City-A,T1,1x,180.0,S6_Q10,routine,M_routine,800,True,1,421.4,432.5,0.0,0.0,1.0,persistence_half,9,0.67,0.15,beta,half
City-A,T1,1x,180.0,S6_Q10,cross_regime,M_stress,800,True,1,421.4,270.2,0.0,0.359,1.0,persistence_half,9,0.67,0.15,beta,half
City-A,T1,2x,360.0,S0a_RoutineOracle,routine,M_routine,800,True,1,435.4,435.4,0.0,0.0,1.0,persistence_half,9,0.67,0.15,beta,half
City-A,T1,2x,360.0,S0a_RoutineOracle,cross_regime,M_stress,800,True,1,435.4,290.7,69.3,0.3323,0.0,persistence_half,9,0.67,0.15,beta,half
City-A,T1,2x,360.0,S0b_StressOracle,routine,M_routine,800,True,2,572.6,817.3,0.0,0.0,1.0,persistence_half,9,0.67,0.15,beta,half
City-A,T1,2x,360.0,S0b_StressOracle,cross_regime,M_stress,800,True,2,572.6,572.6,0.0,0.0,1.0,persistence_half,9,0.67,0.15,beta,half
City-A,T1,2x,360.0,S1_CapRR,routine,M_routine,800,True,1,678.2,432.5,0.0,0.3622,1.0,persistence_half,9,0.67,0.15,beta,half
City-A,T1,2x,360.0,S1_CapRR,cross_regime,M_stress,800,True,1,678.2,270.2,89.8,0.6016,0.0,persistence_half,9,0.67,0.15,beta,half
City-A,T1,2x,360.0,S2_Platform,routine,M_routine,800,True,1,421.1,432.5,0.0,0.0,1.0,persistence_half,9,0.67,0.15,beta,half
City-A,T1,2x,360.0,S2_Platform,cross_regime,M_stress,800,True,1,421.1,270.2,89.8,0.3584,0.0,persistence_half,9,0.67,0.15,beta,half
City-A,T1,2x,360.0,S3_Lin4,routine,M_routine,800,True,1,487.2,432.5,0.0,0.1122,1.0,persistence_half,9,0.67,0.15,beta,half
City-A,T1,2x,360.0,S3_Lin4,cross_regime,M_stress,800,True,1,487.2,270.2,89.8,0.4455,0.0,persistence_half,9,0.67,0.15,beta,half
City-A,T1,2x,360.0,S4_GlobalCalib,routine,M_routine,800,True,1,450.1,432.5,0.0,0.0391,1.0,persistence_half,9,0.67,0.15,beta,half
City-A,T1,2x,360.0,S4_GlobalCalib,cross_regime,M_stress,800,True,1,450.1,270.2,89.8,0.3998,0.0,persistence_half,9,0.67,0.15,beta,half
City-A,T1,2x,360.0,S5_CityCalib,routine,M_routine,800,True,1,448.8,432.5,0.0,0.0362,1.0,persistence_half,9,0.67,0.15,beta,half
City-A,T1,2x,360.0,S5_CityCalib,cross_regime,M_stress,800,True,1,448.8,270.2,89.8,0.398,0.0,persistence_half,9,0.67,0.15,beta,half
City-A,T1,2x,360.0,S6_Q10,routine,M_routine,800,True,1,421.4,432.5,0.0,0.0,1.0,persistence_half,9,0.67,0.15,beta,half
City-A,T1,2x,360.0,S6_Q10,cross_regime,M_stress,800,True,1,421.4,270.2,89.8,0.359,0.0,persistence_half,9,0.67,0.15,beta,half
City-A,T1,5x,900.0,S0a_RoutineOracle,routine,M_routine,800,True,3,1270.4,1270.4,0.0,0.0,1.0,persistence_half,9,0.67,0.15,beta,half
City-A,T1,5x,900.0,S0a_RoutineOracle,cross_regime,M_stress,800,True,3,1270.4,803.9,96.1,0.3672,0.0,persistence_half,9,0.67,0.15,beta,half
City-A,T1,5x,900.0,S0b_StressOracle,routine,M_routine,800,True,4,1101.2,1639.4,0.0,0.0,1.0,persistence_half,9,0.67,0.15,beta,half
City-A,T1,5x,900.0,S0b_StressOracle,cross_regime,M_stress,800,True,4,1101.2,1101.2,0.0,0.0,1.0,persistence_half,9,0.67,0.15,beta,half
City-A,T1,5x,900.0,S1_CapRR,routine,M_routine,800,True,2,1293.4,867.9,32.1,0.3289,0.0,persistence_half,9,0.67,0.15,beta,half
City-A,T1,5x,900.0,S1_CapRR,cross_regime,M_stress,800,True,2,1293.4,560.9,339.1,0.5663,0.0,persistence_half,9,0.67,0.15,beta,half
City-A,T1,5x,900.0,S2_Platform,routine,M_routine,800,True,3,1202.1,1192.7,0.0,0.0078,1.0,persistence_half,9,0.67,0.15,beta,half
City-A,T1,5x,900.0,S2_Platform,cross_regime,M_stress,800,True,3,1202.1,779.9,120.1,0.3512,0.0,persistence_half,9,0.67,0.15,beta,half
City-A,T1,5x,900.0,S3_Lin4,routine,M_routine,800,True,3,1248.6,1177.6,0.0,0.0568,1.0,persistence_half,9,0.67,0.15,beta,half
City-A,T1,5x,900.0,S3_Lin4,cross_regime,M_stress,800,True,3,1248.6,698.8,201.2,0.4403,0.0,persistence_half,9,0.67,0.15,beta,half
City-A,T1,5x,900.0,S4_GlobalCalib,routine,M_routine,800,True,3,1254.3,1270.4,0.0,0.0,1.0,persistence_half,9,0.67,0.15,beta,half
City-A,T1,5x,900.0,S4_GlobalCalib,cross_regime,M_stress,800,True,3,1254.3,803.9,96.1,0.3591,0.0,persistence_half,9,0.67,0.15,beta,half
City-A,T1,5x,900.0,S5_CityCalib,routine,M_routine,800,True,3,1250.6,1270.4,0.0,0.0,1.0,persistence_half,9,0.67,0.15,beta,half
City-A,T1,5x,900.0,S5_CityCalib,cross_regime,M_stress,800,True,3,1250.6,803.9,96.1,0.3572,0.0,persistence_half,9,0.67,0.15,beta,half
City-A,T1,5x,900.0,S6_Q10,routine,M_routine,800,True,3,1174.3,1270.4,0.0,0.0,1.0,persistence_half,9,0.67,0.15,beta,half
City-A,T1,5x,900.0,S6_Q10,cross_regime,M_stress,800,True,3,1174.3,803.9,96.1,0.3154,0.0,persistence_half,9,0.67,0.15,beta,half
City-A,T1,10x,1800.0,S0a_RoutineOracle,routine,M_routine,800,True,5,2041.8,2041.8,0.0,0.0,1.0,persistence_half,9,0.67,0.15,beta,half
City-A,T1,10x,1800.0,S0a_RoutineOracle,cross_regime,M_stress,800,True,5,2041.8,1344.2,455.8,0.3416,0.0,persistence_half,9,0.67,0.15,beta,half
City-A,T1,10x,1800.0,S0b_StressOracle,routine,M_routine,800,True,8,2018.5,3054.5,0.0,0.0,1.0,persistence_half,9,0.67,0.15,beta,half
City-A,T1,10x,1800.0,S0b_StressOracle,cross_regime,M_stress,800,True,8,2018.5,2018.5,0.0,0.0,1.0,persistence_half,9,0.67,0.15,beta,half
City-A,T1,10x,1800.0,S1_CapRR,routine,M_routine,800,True,3,1889.7,1270.4,529.6,0.3277,0.0,persistence_half,9,0.67,0.15,beta,half
City-A,T1,10x,1800.0,S1_CapRR,cross_regime,M_stress,800,True,3,1889.7,803.9,996.1,0.5746,0.0,persistence_half,9,0.67,0.15,beta,half
City-A,T1,10x,1800.0,S2_Platform,routine,M_routine,800,True,5,1914.5,1931.4,0.0,0.0,1.0,persistence_half,9,0.67,0.15,beta,half
City-A,T1,10x,1800.0,S2_Platform,cross_regime,M_stress,800,True,5,1914.5,1259.0,541.0,0.3424,0.0,persistence_half,9,0.67,0.15,beta,half
City-A,T1,10x,1800.0,S3_Lin4,routine,M_routine,800,True,5,1964.4,1994.9,0.0,0.0,1.0,persistence_half,9,0.67,0.15,beta,half
City-A,T1,10x,1800.0,S3_Lin4,cross_regime,M_stress,800,True,5,1964.4,1271.4,528.6,0.3528,0.0,persistence_half,9,0.67,0.15,beta,half
City-A,T1,10x,1800.0,S4_GlobalCalib,routine,M_routine,800,True,5,2016.2,2041.8,0.0,0.0,1.0,persistence_half,9,0.67,0.15,beta,half
City-A,T1,10x,1800.0,S4_GlobalCalib,cross_regime,M_stress,800,True,5,2016.2,1344.2,455.8,0.3333,0.0,persistence_half,9,0.67,0.15,beta,half
City-A,T1,10x,1800.0,S5_CityCalib,routine,M_routine,800,True,5,2010.2,2041.8,0.0,0.0,1.0,persistence_half,9,0.67,0.15,beta,half
City-A,T1,10x,1800.0,S5_CityCalib,cross_regime,M_stress,800,True,5,2010.2,1344.2,455.8,0.3313,0.0,persistence_half,9,0.67,0.15,beta,half
City-A,T1,10x,1800.0,S6_Q10,routine,M_routine,800,True,5,1887.5,2041.8,0.0,0.0,1.0,persistence_half,9,0.67,0.15,beta,half
City-A,T1,10x,1800.0,S6_Q10,cross_regime,M_stress,800,True,5,1887.5,1344.2,455.8,0.2878,0.0,persistence_half,9,0.67,0.15,beta,half
City-A,T2,1x,260.0,S0a_RoutineOracle,routine,M_routine,800,True,1,445.8,445.8,0.0,0.0,1.0,persistence_half,9,0.67,0.15,beta,half
City-A,T2,1x,260.0,S0a_RoutineOracle,cross_regime,M_stress,800,True,1,445.8,295.5,0.0,0.337,1.0,persistence_half,9,0.67,0.15,beta,half
City-A,T2,1x,260.0,S0b_StressOracle,routine,M_routine,800,True,1,295.5,445.8,0.0,0.0,1.0,persistence_half,9,0.67,0.15,beta,half
City-A,T2,1x,260.0,S0b_StressOracle,cross_regime,M_stress,800,True,1,295.5,295.5,0.0,0.0,1.0,persistence_half,9,0.67,0.15,beta,half
City-A,T2,1x,260.0,S1_CapRR,routine,M_routine,800,True,1,678.2,445.8,0.0,0.3426,1.0,persistence_half,9,0.67,0.15,beta,half
City-A,T2,1x,260.0,S1_CapRR,cross_regime,M_stress,800,True,1,678.2,295.5,0.0,0.5642,1.0,persistence_half,9,0.67,0.15,beta,half
City-A,T2,1x,260.0,S2_Platform,routine,M_routine,800,True,1,441.1,445.8,0.0,0.0,1.0,persistence_half,9,0.67,0.15,beta,half
City-A,T2,1x,260.0,S2_Platform,cross_regime,M_stress,800,True,1,441.1,295.5,0.0,0.33,1.0,persistence_half,9,0.67,0.15,beta,half
City-A,T2,1x,260.0,S3_Lin4,routine,M_routine,800,True,1,485.4,445.8,0.0,0.0815,1.0,persistence_half,9,0.67,0.15,beta,half
City-A,T2,1x,260.0,S3_Lin4,cross_regime,M_stress,800,True,1,485.4,295.5,0.0,0.3911,1.0,persistence_half,9,0.67,0.15,beta,half
City-A,T2,1x,260.0,S4_GlobalCalib,routine,M_routine,800,True,1,450.0,445.8,0.0,0.0093,1.0,persistence_half,9,0.67,0.15,beta,half
City-A,T2,1x,260.0,S4_GlobalCalib,cross_regime,M_stress,800,True,1,450.0,295.5,0.0,0.3432,1.0,persistence_half,9,0.67,0.15,beta,half
City-A,T2,1x,260.0,S5_CityCalib,routine,M_routine,800,True,1,450.8,445.8,0.0,0.0112,1.0,persistence_half,9,0.67,0.15,beta,half
City-A,T2,1x,260.0,S5_CityCalib,cross_regime,M_stress,800,True,1,450.8,295.5,0.0,0.3445,1.0,persistence_half,9,0.67,0.15,beta,half
City-A,T2,1x,260.0,S6_Q10,routine,M_routine,800,True,1,421.1,445.8,0.0,0.0,1.0,persistence_half,9,0.67,0.15,beta,half
City-A,T2,1x,260.0,S6_Q10,cross_regime,M_stress,800,True,1,421.1,295.5,0.0,0.2981,1.0,persistence_half,9,0.67,0.15,beta,half
City-A,T2,2x,520.0,S0a_RoutineOracle,routine,M_routine,800,True,2,869.7,869.7,0.0,0.0,1.0,persistence_half,9,0.67,0.15,beta,half
City-A,T2,2x,520.0,S0a_RoutineOracle,cross_regime,M_stress,800,True,2,869.7,560.2,0.0,0.3559,1.0,persistence_half,9,0.67,0.15,beta,half
City-A,T2,2x,520.0,S0b_StressOracle,routine,M_routine,800,True,2,570.6,843.0,0.0,0.0,1.0,persistence_half,9,0.67,0.15,beta,half
City-A,T2,2x,520.0,S0b_StressOracle,cross_regime,M_stress,800,True,2,570.6,570.6,0.0,0.0,1.0,persistence_half,9,0.67,0.15,beta,half
City-A,T2,2x,520.0,S1_CapRR,routine,M_routine,800,True,1,678.2,445.8,74.2,0.3426,0.0,persistence_half,9,0.67,0.15,beta,half
City-A,T2,2x,520.0,S1_CapRR,cross_regime,M_stress,800,True,1,678.2,295.5,224.5,0.5642,0.0,persistence_half,9,0.67,0.15,beta,half
City-A,T2,2x,520.0,S2_Platform,routine,M_routine,800,True,2,849.9,869.7,0.0,0.0,1.0,persistence_half,9,0.67,0.15,beta,half
City-A,T2,2x,520.0,S2_Platform,cross_regime,M_stress,800,True,2,849.9,560.2,0.0,0.3409,1.0,persistence_half,9,0.67,0.15,beta,half
City-A,T2,2x,520.0,S3_Lin4,routine,M_routine,800,True,2,867.3,843.0,0.0,0.0281,1.0,persistence_half,9,0.67,0.15,beta,half
City-A,T2,2x,520.0,S3_Lin4,cross_regime,M_stress,800,True,2,867.3,570.6,0.0,0.3421,1.0,persistence_half,9,0.67,0.15,beta,half
City-A,T2,2x,520.0,S4_GlobalCalib,routine,M_routine,800,True,2,858.2,869.7,0.0,0.0,1.0,persistence_half,9,0.67,0.15,beta,half
City-A,T2,2x,520.0,S4_GlobalCalib,cross_regime,M_stress,800,True,2,858.2,560.2,0.0,0.3472,1.0,persistence_half,9,0.67,0.15,beta,half
City-A,T2,2x,520.0,S5_CityCalib,routine,M_routine,800,True,2,859.8,869.7,0.0,0.0,1.0,persistence_half,9,0.67,0.15,beta,half
City-A,T2,2x,520.0,S5_CityCalib,cross_regime,M_stress,800,True,2,859.8,560.2,0.0,0.3485,1.0,persistence_half,9,0.67,0.15,beta,half
City-A,T2,2x,520.0,S6_Q10,routine,M_routine,800,True,2,803.0,869.7,0.0,0.0,1.0,persistence_half,9,0.67,0.15,beta,half
City-A,T2,2x,520.0,S6_Q10,cross_regime,M_stress,800,True,2,803.0,560.2,0.0,0.3024,1.0,persistence_half,9,0.67,0.15,beta,half
City-A,T2,5x,1300.0,S0a_RoutineOracle,routine,M_routine,800,True,4,1656.2,1656.2,0.0,0.0,1.0,persistence_half,9,0.67,0.15,beta,half
City-A,T2,5x,1300.0,S0a_RoutineOracle,cross_regime,M_stress,800,True,4,1656.2,1091.3,208.7,0.3411,0.0,persistence_half,9,0.67,0.15,beta,half
City-A,T2,5x,1300.0,S0b_StressOracle,routine,M_routine,800,True,5,1364.5,2044.7,0.0,0.0,1.0,persistence_half,9,0.67,0.15,beta,half
City-A,T2,5x,1300.0,S0b_StressOracle,cross_regime,M_stress,800,True,5,1364.5,1364.5,0.0,0.0,1.0,persistence_half,9,0.67,0.15,beta,half
City-A,T2,5x,1300.0,S1_CapRR,routine,M_routine,800,True,3,1889.7,1266.9,33.1,0.3296,0.0,persistence_half,9,0.67,0.15,beta,half
City-A,T2,5x,1300.0,S1_CapRR,cross_regime,M_stress,800,True,3,1889.7,835.2,464.8,0.558,0.0,persistence_half,9,0.67,0.15,beta,half
City-A,T2,5x,1300.0,S2_Platform,routine,M_routine,800,True,4,1596.5,1595.0,0.0,0.0009,1.0,persistence_half,9,0.67,0.15,beta,half
City-A,T2,5x,1300.0,S2_Platform,cross_regime,M_stress,800,True,4,1596.5,1037.6,262.4,0.35,0.0,persistence_half,9,0.67,0.15,beta,half
City-A,T2,5x,1300.0,S3_Lin4,routine,M_routine,800,True,4,1601.1,1632.1,0.0,0.0,1.0,persistence_half,9,0.67,0.15,beta,half
City-A,T2,5x,1300.0,S3_Lin4,cross_regime,M_stress,800,True,4,1601.1,1034.3,265.7,0.354,0.0,persistence_half,9,0.67,0.15,beta,half
City-A,T2,5x,1300.0,S4_GlobalCalib,routine,M_routine,800,True,4,1640.4,1655.4,0.0,0.0,1.0,persistence_half,9,0.67,0.15,beta,half
City-A,T2,5x,1300.0,S4_GlobalCalib,cross_regime,M_stress,800,True,4,1640.4,1108.5,191.5,0.3243,0.0,persistence_half,9,0.67,0.15,beta,half
City-A,T2,5x,1300.0,S5_CityCalib,routine,M_routine,800,True,4,1643.5,1655.4,0.0,0.0,1.0,persistence_half,9,0.67,0.15,beta,half
City-A,T2,5x,1300.0,S5_CityCalib,cross_regime,M_stress,800,True,4,1643.5,1108.5,191.5,0.3256,0.0,persistence_half,9,0.67,0.15,beta,half
City-A,T2,5x,1300.0,S6_Q10,routine,M_routine,800,True,4,1534.9,1655.4,0.0,0.0,1.0,persistence_half,9,0.67,0.15,beta,half
City-A,T2,5x,1300.0,S6_Q10,cross_regime,M_stress,800,True,4,1534.9,1108.5,191.5,0.2778,0.0,persistence_half,9,0.67,0.15,beta,half
City-A,T2,10x,2600.0,S0a_RoutineOracle,routine,M_routine,800,True,7,2763.1,2763.1,0.0,0.0,1.0,persistence_half,9,0.67,0.15,beta,half
City-A,T2,10x,2600.0,S0a_RoutineOracle,cross_regime,M_stress,800,True,7,2763.1,1778.3,821.7,0.3564,0.0,persistence_half,9,0.67,0.15,beta,half
City-A,T2,10x,2600.0,S0b_StressOracle,routine,M_routine,800,True,11,2685.2,4006.0,0.0,0.0,1.0,persistence_half,9,0.67,0.15,beta,half
City-A,T2,10x,2600.0,S0b_StressOracle,cross_regime,M_stress,800,True,11,2685.2,2685.2,0.0,0.0,1.0,persistence_half,9,0.67,0.15,beta,half
City-A,T2,10x,2600.0,S1_CapRR,routine,M_routine,800,True,5,3037.3,2044.7,555.3,0.3268,0.0,persistence_half,9,0.67,0.15,beta,half
City-A,T2,10x,2600.0,S1_CapRR,cross_regime,M_stress,800,True,5,3037.3,1364.5,1235.5,0.5508,0.0,persistence_half,9,0.67,0.15,beta,half
City-A,T2,10x,2600.0,S2_Platform,routine,M_routine,800,True,7,2630.1,2637.5,0.0,0.0,1.0,persistence_half,9,0.67,0.15,beta,half
City-A,T2,10x,2600.0,S2_Platform,cross_regime,M_stress,800,True,7,2630.1,1730.4,869.6,0.3421,0.0,persistence_half,9,0.67,0.15,beta,half
City-A,T2,10x,2600.0,S3_Lin4,routine,M_routine,800,True,7,2647.7,2723.3,0.0,0.0,1.0,persistence_half,9,0.67,0.15,beta,half
City-A,T2,10x,2600.0,S3_Lin4,cross_regime,M_stress,800,True,7,2647.7,1769.1,830.9,0.3318,0.0,persistence_half,9,0.67,0.15,beta,half
City-A,T2,10x,2600.0,S4_GlobalCalib,routine,M_routine,800,True,7,2712.9,2745.9,0.0,0.0,1.0,persistence_half,9,0.67,0.15,beta,half
City-A,T2,10x,2600.0,S4_GlobalCalib,cross_regime,M_stress,800,True,7,2712.9,1785.0,815.0,0.342,0.0,persistence_half,9,0.67,0.15,beta,half
City-A,T2,10x,2600.0,S5_CityCalib,routine,M_routine,800,True,7,2718.0,2745.9,0.0,0.0,1.0,persistence_half,9,0.67,0.15,beta,half
City-A,T2,10x,2600.0,S5_CityCalib,cross_regime,M_stress,800,True,7,2718.0,1785.0,815.0,0.3433,0.0,persistence_half,9,0.67,0.15,beta,half
City-A,T2,10x,2600.0,S6_Q10,routine,M_routine,800,True,8,2857.4,3061.7,0.0,0.0,1.0,persistence_half,9,0.67,0.15,beta,half
City-A,T2,10x,2600.0,S6_Q10,cross_regime,M_stress,800,True,8,2857.4,2009.2,590.8,0.2968,0.0,persistence_half,9,0.67,0.15,beta,half
City-A,T3,1x,200.0,S0a_RoutineOracle,routine,M_routine,800,True,1,421.8,421.8,0.0,0.0,1.0,persistence_half,9,0.67,0.15,beta,half
City-A,T3,1x,200.0,S0a_RoutineOracle,cross_regime,M_stress,800,True,1,421.8,243.7,0.0,0.4224,1.0,persistence_half,9,0.67,0.15,beta,half
City-A,T3,1x,200.0,S0b_StressOracle,routine,M_routine,800,True,1,248.2,374.0,0.0,0.0,1.0,persistence_half,9,0.67,0.15,beta,half
City-A,T3,1x,200.0,S0b_StressOracle,cross_regime,M_stress,800,True,1,248.2,248.2,0.0,0.0,1.0,persistence_half,9,0.67,0.15,beta,half
City-A,T3,1x,200.0,S1_CapRR,routine,M_routine,800,True,1,596.8,421.8,0.0,0.2931,1.0,persistence_half,9,0.67,0.15,beta,half
City-A,T3,1x,200.0,S1_CapRR,cross_regime,M_stress,800,True,1,596.8,243.7,0.0,0.5917,1.0,persistence_half,9,0.67,0.15,beta,half
City-A,T3,1x,200.0,S2_Platform,routine,M_routine,800,True,1,470.7,421.8,0.0,0.1037,1.0,persistence_half,9,0.67,0.15,beta,half
City-A,T3,1x,200.0,S2_Platform,cross_regime,M_stress,800,True,1,470.7,243.7,0.0,0.4823,1.0,persistence_half,9,0.67,0.15,beta,half
City-A,T3,1x,200.0,S3_Lin4,routine,M_routine,800,True,1,483.3,421.8,0.0,0.1272,1.0,persistence_half,9,0.67,0.15,beta,half
City-A,T3,1x,200.0,S3_Lin4,cross_regime,M_stress,800,True,1,483.3,243.7,0.0,0.4959,1.0,persistence_half,9,0.67,0.15,beta,half
City-A,T3,1x,200.0,S4_GlobalCalib,routine,M_routine,800,True,1,394.8,421.8,0.0,0.0,1.0,persistence_half,9,0.67,0.15,beta,half
City-A,T3,1x,200.0,S4_GlobalCalib,cross_regime,M_stress,800,True,1,394.8,243.7,0.0,0.3828,1.0,persistence_half,9,0.67,0.15,beta,half
City-A,T3,1x,200.0,S5_CityCalib,routine,M_routine,800,True,1,395.6,421.8,0.0,0.0,1.0,persistence_half,9,0.67,0.15,beta,half
City-A,T3,1x,200.0,S5_CityCalib,cross_regime,M_stress,800,True,1,395.6,243.7,0.0,0.384,1.0,persistence_half,9,0.67,0.15,beta,half
City-A,T3,1x,200.0,S6_Q10,routine,M_routine,800,True,1,369.6,421.8,0.0,0.0,1.0,persistence_half,9,0.67,0.15,beta,half
City-A,T3,1x,200.0,S6_Q10,cross_regime,M_stress,800,True,1,369.6,243.7,0.0,0.3408,1.0,persistence_half,9,0.67,0.15,beta,half
City-A,T3,2x,400.0,S0a_RoutineOracle,routine,M_routine,800,True,1,421.8,421.8,0.0,0.0,1.0,persistence_half,9,0.67,0.15,beta,half
City-A,T3,2x,400.0,S0a_RoutineOracle,cross_regime,M_stress,800,True,1,421.8,243.7,156.3,0.4224,0.0,persistence_half,9,0.67,0.15,beta,half
City-A,T3,2x,400.0,S0b_StressOracle,routine,M_routine,800,True,2,491.9,795.8,0.0,0.0,1.0,persistence_half,9,0.67,0.15,beta,half
City-A,T3,2x,400.0,S0b_StressOracle,cross_regime,M_stress,800,True,2,491.9,491.9,0.0,0.0,1.0,persistence_half,9,0.67,0.15,beta,half
City-A,T3,2x,400.0,S1_CapRR,routine,M_routine,800,True,1,596.8,421.8,0.0,0.2931,1.0,persistence_half,9,0.67,0.15,beta,half
City-A,T3,2x,400.0,S1_CapRR,cross_regime,M_stress,800,True,1,596.8,243.7,156.3,0.5917,0.0,persistence_half,9,0.67,0.15,beta,half
City-A,T3,2x,400.0,S2_Platform,routine,M_routine,800,True,1,470.7,421.8,0.0,0.1037,1.0,persistence_half,9,0.67,0.15,beta,half
City-A,T3,2x,400.0,S2_Platform,cross_regime,M_stress,800,True,1,470.7,243.7,156.3,0.4823,0.0,persistence_half,9,0.67,0.15,beta,half
City-A,T3,2x,400.0,S3_Lin4,routine,M_routine,800,True,1,483.3,421.8,0.0,0.1272,1.0,persistence_half,9,0.67,0.15,beta,half
City-A,T3,2x,400.0,S3_Lin4,cross_regime,M_stress,800,True,1,483.3,243.7,156.3,0.4959,0.0,persistence_half,9,0.67,0.15,beta,half
City-A,T3,2x,400.0,S4_GlobalCalib,routine,M_routine,800,True,2,752.9,795.8,0.0,0.0,1.0,persistence_half,9,0.67,0.15,beta,half
City-A,T3,2x,400.0,S4_GlobalCalib,cross_regime,M_stress,800,True,2,752.9,491.9,0.0,0.3467,1.0,persistence_half,9,0.67,0.15,beta,half
City-A,T3,2x,400.0,S5_CityCalib,routine,M_routine,800,True,2,754.4,795.8,0.0,0.0,1.0,persistence_half,9,0.67,0.15,beta,half
City-A,T3,2x,400.0,S5_CityCalib,cross_regime,M_stress,800,True,2,754.4,491.9,0.0,0.348,1.0,persistence_half,9,0.67,0.15,beta,half
City-A,T3,2x,400.0,S6_Q10,routine,M_routine,800,True,2,704.9,795.8,0.0,0.0,1.0,persistence_half,9,0.67,0.15,beta,half
City-A,T3,2x,400.0,S6_Q10,cross_regime,M_stress,800,True,2,704.9,491.9,0.0,0.3022,1.0,persistence_half,9,0.67,0.15,beta,half
City-A,T3,5x,1000.0,S0a_RoutineOracle,routine,M_routine,800,True,3,1128.3,1128.3,0.0,0.0,1.0,persistence_half,9,0.67,0.15,beta,half
City-A,T3,5x,1000.0,S0a_RoutineOracle,cross_regime,M_stress,800,True,3,1128.3,725.8,274.2,0.3567,0.0,persistence_half,9,0.67,0.15,beta,half
City-A,T3,5x,1000.0,S0b_StressOracle,routine,M_routine,800,True,5,1192.1,1789.9,0.0,0.0,1.0,persistence_half,9,0.67,0.15,beta,half
City-A,T3,5x,1000.0,S0b_StressOracle,cross_regime,M_stress,800,True,5,1192.1,1192.1,0.0,0.0,1.0,persistence_half,9,0.67,0.15,beta,half
City-A,T3,5x,1000.0,S1_CapRR,routine,M_routine,800,True,2,1138.1,795.8,204.2,0.3007,0.0,persistence_half,9,0.67,0.15,beta,half
City-A,T3,5x,1000.0,S1_CapRR,cross_regime,M_stress,800,True,2,1138.1,491.9,508.1,0.5678,0.0,persistence_half,9,0.67,0.15,beta,half
City-A,T3,5x,1000.0,S2_Platform,routine,M_routine,800,True,3,1264.8,1084.7,0.0,0.1424,1.0,persistence_half,9,0.67,0.15,beta,half
City-A,T3,5x,1000.0,S2_Platform,cross_regime,M_stress,800,True,3,1264.8,703.8,296.2,0.4436,0.0,persistence_half,9,0.67,0.15,beta,half
City-A,T3,5x,1000.0,S3_Lin4,routine,M_routine,800,True,3,1227.9,1066.0,0.0,0.1319,1.0,persistence_half,9,0.67,0.15,beta,half
City-A,T3,5x,1000.0,S3_Lin4,cross_regime,M_stress,800,True,3,1227.9,655.7,344.3,0.466,0.0,persistence_half,9,0.67,0.15,beta,half
City-A,T3,5x,1000.0,S4_GlobalCalib,routine,M_routine,800,True,3,1100.1,1128.3,0.0,0.0,1.0,persistence_half,9,0.67,0.15,beta,half
City-A,T3,5x,1000.0,S4_GlobalCalib,cross_regime,M_stress,800,True,3,1100.1,725.8,274.2,0.3402,0.0,persistence_half,9,0.67,0.15,beta,half
City-A,T3,5x,1000.0,S5_CityCalib,routine,M_routine,800,True,3,1102.2,1128.3,0.0,0.0,1.0,persistence_half,9,0.67,0.15,beta,half
City-A,T3,5x,1000.0,S5_CityCalib,cross_regime,M_stress,800,True,3,1102.2,725.8,274.2,0.3415,0.0,persistence_half,9,0.67,0.15,beta,half
City-A,T3,5x,1000.0,S6_Q10,routine,M_routine,800,True,3,1029.9,1128.3,0.0,0.0,1.0,persistence_half,9,0.67,0.15,beta,half
City-A,T3,5x,1000.0,S6_Q10,cross_regime,M_stress,800,True,3,1029.9,725.8,274.2,0.2953,0.0,persistence_half,9,0.67,0.15,beta,half
City-A,T3,10x,2000.0,S0a_RoutineOracle,routine,M_routine,800,True,6,2110.5,2110.5,0.0,0.0,1.0,persistence_half,9,0.67,0.15,beta,half
City-A,T3,10x,2000.0,S0a_RoutineOracle,cross_regime,M_stress,800,True,6,2110.5,1394.0,606.0,0.3395,0.0,persistence_half,9,0.67,0.15,beta,half
City-A,T3,10x,2000.0,S0b_StressOracle,routine,M_routine,800,True,10,2160.4,3223.2,0.0,0.0,1.0,persistence_half,9,0.67,0.15,beta,half
City-A,T3,10x,2000.0,S0b_StressOracle,cross_regime,M_stress,800,True,10,2160.4,2160.4,0.0,0.0,1.0,persistence_half,9,0.67,0.15,beta,half
City-A,T3,10x,2000.0,S1_CapRR,routine,M_routine,800,True,4,2175.3,1459.4,540.6,0.3291,0.0,persistence_half,9,0.67,0.15,beta,half
City-A,T3,10x,2000.0,S1_CapRR,cross_regime,M_stress,800,True,4,2175.3,965.9,1034.1,0.556,0.0,persistence_half,9,0.67,0.15,beta,half
City-A,T3,10x,2000.0,S2_Platform,routine,M_routine,800,True,6,2357.9,2063.9,0.0,0.1247,1.0,persistence_half,9,0.67,0.15,beta,half
City-A,T3,10x,2000.0,S2_Platform,cross_regime,M_stress,800,True,6,2357.9,1375.1,624.9,0.4168,0.0,persistence_half,9,0.67,0.15,beta,half
City-A,T3,10x,2000.0,S3_Lin4,routine,M_routine,800,True,6,2257.8,2101.6,0.0,0.0692,1.0,persistence_half,9,0.67,0.15,beta,half
City-A,T3,10x,2000.0,S3_Lin4,cross_regime,M_stress,800,True,6,2257.8,1370.1,629.9,0.3932,0.0,persistence_half,9,0.67,0.15,beta,half
City-A,T3,10x,2000.0,S4_GlobalCalib,routine,M_routine,800,True,6,2076.6,2101.6,0.0,0.0,1.0,persistence_half,9,0.67,0.15,beta,half
City-A,T3,10x,2000.0,S4_GlobalCalib,cross_regime,M_stress,800,True,6,2076.6,1370.1,629.9,0.3402,0.0,persistence_half,9,0.67,0.15,beta,half
City-A,T3,10x,2000.0,S5_CityCalib,routine,M_routine,800,True,6,2080.5,2101.6,0.0,0.0,1.0,persistence_half,9,0.67,0.15,beta,half
City-A,T3,10x,2000.0,S5_CityCalib,cross_regime,M_stress,800,True,6,2080.5,1370.1,629.9,0.3414,0.0,persistence_half,9,0.67,0.15,beta,half
City-A,T3,10x,2000.0,S6_Q10,routine,M_routine,800,True,7,2228.0,2407.9,0.0,0.0,1.0,persistence_half,9,0.67,0.15,beta,half
City-A,T3,10x,2000.0,S6_Q10,cross_regime,M_stress,800,True,7,2228.0,1565.3,434.7,0.2974,0.0,persistence_half,9,0.67,0.15,beta,half
City-A,T4,1x,140.0,S0a_RoutineOracle,routine,M_routine,800,True,1,411.4,411.4,0.0,0.0,1.0,persistence_half,9,0.67,0.15,beta,half
City-A,T4,1x,140.0,S0a_RoutineOracle,cross_regime,M_stress,800,True,1,411.4,265.1,0.0,0.3556,1.0,persistence_half,9,0.67,0.15,beta,half
City-A,T4,1x,140.0,S0b_StressOracle,routine,M_routine,800,True,1,287.0,391.4,0.0,0.0,1.0,persistence_half,9,0.67,0.15,beta,half
City-A,T4,1x,140.0,S0b_StressOracle,cross_regime,M_stress,800,True,1,287.0,287.0,0.0,0.0,1.0,persistence_half,9,0.67,0.15,beta,half
City-A,T4,1x,140.0,S1_CapRR,routine,M_routine,800,True,1,678.2,391.4,0.0,0.4228,1.0,persistence_half,9,0.67,0.15,beta,half
City-A,T4,1x,140.0,S1_CapRR,cross_regime,M_stress,800,True,1,678.2,287.0,0.0,0.5768,1.0,persistence_half,9,0.67,0.15,beta,half
City-A,T4,1x,140.0,S2_Platform,routine,M_routine,800,True,1,299.2,401.2,0.0,0.0,1.0,persistence_half,9,0.67,0.15,beta,half
City-A,T4,1x,140.0,S2_Platform,cross_regime,M_stress,800,True,1,299.2,266.0,0.0,0.1109,1.0,persistence_half,9,0.67,0.15,beta,half
City-A,T4,1x,140.0,S3_Lin4,routine,M_routine,800,True,1,486.4,391.4,0.0,0.1952,1.0,persistence_half,9,0.67,0.15,beta,half
City-A,T4,1x,140.0,S3_Lin4,cross_regime,M_stress,800,True,1,486.4,287.0,0.0,0.4099,1.0,persistence_half,9,0.67,0.15,beta,half
City-A,T4,1x,140.0,S4_GlobalCalib,routine,M_routine,800,True,1,448.4,391.4,0.0,0.127,1.0,persistence_half,9,0.67,0.15,beta,half
City-A,T4,1x,140.0,S4_GlobalCalib,cross_regime,M_stress,800,True,1,448.4,287.0,0.0,0.3599,1.0,persistence_half,9,0.67,0.15,beta,half
City-A,T4,1x,140.0,S5_CityCalib,routine,M_routine,800,True,1,449.5,391.4,0.0,0.1292,1.0,persistence_half,9,0.67,0.15,beta,half
City-A,T4,1x,140.0,S5_CityCalib,cross_regime,M_stress,800,True,1,449.5,287.0,0.0,0.3615,1.0,persistence_half,9,0.67,0.15,beta,half
City-A,T4,1x,140.0,S6_Q10,routine,M_routine,800,True,1,420.2,391.4,0.0,0.0684,1.0,persistence_half,9,0.67,0.15,beta,half
City-A,T4,1x,140.0,S6_Q10,cross_regime,M_stress,800,True,1,420.2,287.0,0.0,0.3169,1.0,persistence_half,9,0.67,0.15,beta,half
City-A,T4,2x,280.0,S0a_RoutineOracle,routine,M_routine,800,True,1,411.4,411.4,0.0,0.0,1.0,persistence_half,9,0.67,0.15,beta,half
City-A,T4,2x,280.0,S0a_RoutineOracle,cross_regime,M_stress,800,True,1,411.4,265.1,14.9,0.3556,0.0,persistence_half,9,0.67,0.15,beta,half
City-A,T4,2x,280.0,S0b_StressOracle,routine,M_routine,800,True,1,287.0,391.4,0.0,0.0,1.0,persistence_half,9,0.67,0.15,beta,half
City-A,T4,2x,280.0,S0b_StressOracle,cross_regime,M_stress,800,True,1,287.0,287.0,0.0,0.0,1.0,persistence_half,9,0.67,0.15,beta,half
City-A,T4,2x,280.0,S1_CapRR,routine,M_routine,800,True,1,678.2,391.4,0.0,0.4228,1.0,persistence_half,9,0.67,0.15,beta,half
City-A,T4,2x,280.0,S1_CapRR,cross_regime,M_stress,800,True,1,678.2,287.0,0.0,0.5768,1.0,persistence_half,9,0.67,0.15,beta,half
City-A,T4,2x,280.0,S2_Platform,routine,M_routine,800,True,1,299.2,401.2,0.0,0.0,1.0,persistence_half,9,0.67,0.15,beta,half
City-A,T4,2x,280.0,S2_Platform,cross_regime,M_stress,800,True,1,299.2,266.0,14.0,0.1109,0.0,persistence_half,9,0.67,0.15,beta,half
City-A,T4,2x,280.0,S3_Lin4,routine,M_routine,800,True,1,486.4,391.4,0.0,0.1952,1.0,persistence_half,9,0.67,0.15,beta,half
City-A,T4,2x,280.0,S3_Lin4,cross_regime,M_stress,800,True,1,486.4,287.0,0.0,0.4099,1.0,persistence_half,9,0.67,0.15,beta,half
City-A,T4,2x,280.0,S4_GlobalCalib,routine,M_routine,800,True,1,448.4,391.4,0.0,0.127,1.0,persistence_half,9,0.67,0.15,beta,half
City-A,T4,2x,280.0,S4_GlobalCalib,cross_regime,M_stress,800,True,1,448.4,287.0,0.0,0.3599,1.0,persistence_half,9,0.67,0.15,beta,half
City-A,T4,2x,280.0,S5_CityCalib,routine,M_routine,800,True,1,449.5,391.4,0.0,0.1292,1.0,persistence_half,9,0.67,0.15,beta,half
City-A,T4,2x,280.0,S5_CityCalib,cross_regime,M_stress,800,True,1,449.5,287.0,0.0,0.3615,1.0,persistence_half,9,0.67,0.15,beta,half
City-A,T4,2x,280.0,S6_Q10,routine,M_routine,800,True,1,420.2,391.4,0.0,0.0684,1.0,persistence_half,9,0.67,0.15,beta,half
City-A,T4,2x,280.0,S6_Q10,cross_regime,M_stress,800,True,1,420.2,287.0,0.0,0.3169,1.0,persistence_half,9,0.67,0.15,beta,half
City-A,T4,5x,700.0,S0a_RoutineOracle,routine,M_routine,800,True,2,812.6,812.6,0.0,0.0,1.0,persistence_half,9,0.67,0.15,beta,half
City-A,T4,5x,700.0,S0a_RoutineOracle,cross_regime,M_stress,800,True,2,812.6,531.2,168.8,0.3464,0.0,persistence_half,9,0.67,0.15,beta,half
City-A,T4,5x,700.0,S0b_StressOracle,routine,M_routine,800,True,3,837.2,1152.7,0.0,0.0,1.0,persistence_half,9,0.67,0.15,beta,half
City-A,T4,5x,700.0,S0b_StressOracle,cross_regime,M_stress,800,True,3,837.2,837.2,0.0,0.0,1.0,persistence_half,9,0.67,0.15,beta,half
City-A,T4,5x,700.0,S1_CapRR,routine,M_routine,800,True,2,1293.4,792.6,0.0,0.3871,1.0,persistence_half,9,0.67,0.15,beta,half
City-A,T4,5x,700.0,S1_CapRR,cross_regime,M_stress,800,True,2,1293.4,553.1,146.9,0.5724,0.0,persistence_half,9,0.67,0.15,beta,half
City-A,T4,5x,700.0,S2_Platform,routine,M_routine,800,True,3,870.0,1032.1,0.0,0.0,1.0,persistence_half,9,0.67,0.15,beta,half
City-A,T4,5x,700.0,S2_Platform,cross_regime,M_stress,800,True,3,870.0,673.9,26.1,0.2254,0.0,persistence_half,9,0.67,0.15,beta,half
City-A,T4,5x,700.0,S3_Lin4,routine,M_routine,800,True,2,869.5,802.9,0.0,0.0766,1.0,persistence_half,9,0.67,0.15,beta,half
City-A,T4,5x,700.0,S3_Lin4,cross_regime,M_stress,800,True,2,869.5,552.2,147.8,0.365,0.0,persistence_half,9,0.67,0.15,beta,half
City-A,T4,5x,700.0,S4_GlobalCalib,routine,M_routine,800,True,2,855.2,792.6,0.0,0.0731,1.0,persistence_half,9,0.67,0.15,beta,half
City-A,T4,5x,700.0,S4_GlobalCalib,cross_regime,M_stress,800,True,2,855.2,553.1,146.9,0.3533,0.0,persistence_half,9,0.67,0.15,beta,half
City-A,T4,5x,700.0,S5_CityCalib,routine,M_routine,800,True,2,857.4,792.6,0.0,0.0755,1.0,persistence_half,9,0.67,0.15,beta,half
City-A,T4,5x,700.0,S5_CityCalib,cross_regime,M_stress,800,True,2,857.4,553.1,146.9,0.3549,0.0,persistence_half,9,0.67,0.15,beta,half
City-A,T4,5x,700.0,S6_Q10,routine,M_routine,800,True,2,801.4,792.6,0.0,0.0109,1.0,persistence_half,9,0.67,0.15,beta,half
City-A,T4,5x,700.0,S6_Q10,cross_regime,M_stress,800,True,2,801.4,553.1,146.9,0.3099,0.0,persistence_half,9,0.67,0.15,beta,half
City-A,T4,10x,1400.0,S0a_RoutineOracle,routine,M_routine,800,True,4,1589.3,1589.3,0.0,0.0,1.0,persistence_half,9,0.67,0.15,beta,half
City-A,T4,10x,1400.0,S0a_RoutineOracle,cross_regime,M_stress,800,True,4,1589.3,1095.5,304.5,0.3107,0.0,persistence_half,9,0.67,0.15,beta,half
City-A,T4,10x,1400.0,S0b_StressOracle,routine,M_routine,800,True,6,1601.2,2303.9,0.0,0.0,1.0,persistence_half,9,0.67,0.15,beta,half
City-A,T4,10x,1400.0,S0b_StressOracle,cross_regime,M_stress,800,True,6,1601.2,1601.2,0.0,0.0,1.0,persistence_half,9,0.67,0.15,beta,half
City-A,T4,10x,1400.0,S1_CapRR,routine,M_routine,800,True,3,1889.7,1204.1,195.9,0.3628,0.0,persistence_half,9,0.67,0.15,beta,half
City-A,T4,10x,1400.0,S1_CapRR,cross_regime,M_stress,800,True,3,1889.7,818.2,581.8,0.567,0.0,persistence_half,9,0.67,0.15,beta,half
City-A,T4,10x,1400.0,S2_Platform,routine,M_routine,800,True,5,1424.2,1531.2,0.0,0.0,1.0,persistence_half,9,0.67,0.15,beta,half
City-A,T4,10x,1400.0,S2_Platform,cross_regime,M_stress,800,True,5,1424.2,1053.5,346.5,0.2603,0.0,persistence_half,9,0.67,0.15,beta,half
City-A,T4,10x,1400.0,S3_Lin4,routine,M_routine,800,True,4,1605.7,1564.4,0.0,0.0257,1.0,persistence_half,9,0.67,0.15,beta,half
City-A,T4,10x,1400.0,S3_Lin4,cross_regime,M_stress,800,True,4,1605.7,1009.8,390.2,0.3711,0.0,persistence_half,9,0.67,0.15,beta,half
City-A,T4,10x,1400.0,S4_GlobalCalib,routine,M_routine,800,True,4,1634.6,1580.1,0.0,0.0334,1.0,persistence_half,9,0.67,0.15,beta,half
City-A,T4,10x,1400.0,S4_GlobalCalib,cross_regime,M_stress,800,True,4,1634.6,1091.1,308.9,0.3325,0.0,persistence_half,9,0.67,0.15,beta,half
City-A,T4,10x,1400.0,S5_CityCalib,routine,M_routine,800,True,4,1638.8,1580.1,0.0,0.0358,1.0,persistence_half,9,0.67,0.15,beta,half
City-A,T4,10x,1400.0,S5_CityCalib,cross_regime,M_stress,800,True,4,1638.8,1091.1,308.9,0.3342,0.0,persistence_half,9,0.67,0.15,beta,half
City-A,T4,10x,1400.0,S6_Q10,routine,M_routine,800,True,4,1531.7,1580.1,0.0,0.0,1.0,persistence_half,9,0.67,0.15,beta,half
City-A,T4,10x,1400.0,S6_Q10,cross_regime,M_stress,800,True,4,1531.7,1091.1,308.9,0.2876,0.0,persistence_half,9,0.67,0.15,beta,half
City-A,T5,1x,160.0,S0a_RoutineOracle,routine,M_routine,800,True,1,401.0,401.0,0.0,0.0,1.0,persistence_half,9,0.67,0.15,beta,half
City-A,T5,1x,160.0,S0a_RoutineOracle,cross_regime,M_stress,800,True,1,401.0,246.0,0.0,0.3866,1.0,persistence_half,9,0.67,0.15,beta,half
City-A,T5,1x,160.0,S0b_StressOracle,routine,M_routine,800,True,1,246.0,401.0,0.0,0.0,1.0,persistence_half,9,0.67,0.15,beta,half
City-A,T5,1x,160.0,S0b_StressOracle,cross_regime,M_stress,800,True,1,246.0,246.0,0.0,0.0,1.0,persistence_half,9,0.67,0.15,beta,half
City-A,T5,1x,160.0,S1_CapRR,routine,M_routine,800,True,1,596.8,401.0,0.0,0.328,1.0,persistence_half,9,0.67,0.15,beta,half
City-A,T5,1x,160.0,S1_CapRR,cross_regime,M_stress,800,True,1,596.8,246.0,0.0,0.5878,1.0,persistence_half,9,0.67,0.15,beta,half
City-A,T5,1x,160.0,S2_Platform,routine,M_routine,800,True,1,485.5,401.0,0.0,0.174,1.0,persistence_half,9,0.67,0.15,beta,half
City-A,T5,1x,160.0,S2_Platform,cross_regime,M_stress,800,True,1,485.5,246.0,0.0,0.4933,1.0,persistence_half,9,0.67,0.15,beta,half
City-A,T5,1x,160.0,S3_Lin4,routine,M_routine,800,True,1,484.0,401.0,0.0,0.1714,1.0,persistence_half,9,0.67,0.15,beta,half
City-A,T5,1x,160.0,S3_Lin4,cross_regime,M_stress,800,True,1,484.0,246.0,0.0,0.4917,1.0,persistence_half,9,0.67,0.15,beta,half
City-A,T5,1x,160.0,S4_GlobalCalib,routine,M_routine,800,True,1,395.1,401.0,0.0,0.0,1.0,persistence_half,9,0.67,0.15,beta,half
City-A,T5,1x,160.0,S4_GlobalCalib,cross_regime,M_stress,800,True,1,395.1,246.0,0.0,0.3774,1.0,persistence_half,9,0.67,0.15,beta,half
City-A,T5,1x,160.0,S5_CityCalib,routine,M_routine,800,True,1,395.9,401.0,0.0,0.0,1.0,persistence_half,9,0.67,0.15,beta,half
City-A,T5,1x,160.0,S5_CityCalib,cross_regime,M_stress,800,True,1,395.9,246.0,0.0,0.3786,1.0,persistence_half,9,0.67,0.15,beta,half
City-A,T5,1x,160.0,S6_Q10,routine,M_routine,800,True,1,369.8,401.0,0.0,0.0,1.0,persistence_half,9,0.67,0.15,beta,half
City-A,T5,1x,160.0,S6_Q10,cross_regime,M_stress,800,True,1,369.8,246.0,0.0,0.3348,1.0,persistence_half,9,0.67,0.15,beta,half
City-A,T5,2x,320.0,S0a_RoutineOracle,routine,M_routine,800,True,1,401.0,401.0,0.0,0.0,1.0,persistence_half,9,0.67,0.15,beta,half
City-A,T5,2x,320.0,S0a_RoutineOracle,cross_regime,M_stress,800,True,1,401.0,246.0,74.0,0.3866,0.0,persistence_half,9,0.67,0.15,beta,half
City-A,T5,2x,320.0,S0b_StressOracle,routine,M_routine,800,True,2,485.7,709.8,0.0,0.0,1.0,persistence_half,9,0.67,0.15,beta,half
City-A,T5,2x,320.0,S0b_StressOracle,cross_regime,M_stress,800,True,2,485.7,485.7,0.0,0.0,1.0,persistence_half,9,0.67,0.15,beta,half
City-A,T5,2x,320.0,S1_CapRR,routine,M_routine,800,True,1,596.8,401.0,0.0,0.328,1.0,persistence_half,9,0.67,0.15,beta,half
City-A,T5,2x,320.0,S1_CapRR,cross_regime,M_stress,800,True,1,596.8,246.0,74.0,0.5878,0.0,persistence_half,9,0.67,0.15,beta,half
City-A,T5,2x,320.0,S2_Platform,routine,M_routine,800,True,1,485.5,401.0,0.0,0.174,1.0,persistence_half,9,0.67,0.15,beta,half
City-A,T5,2x,320.0,S2_Platform,cross_regime,M_stress,800,True,1,485.5,246.0,74.0,0.4933,0.0,persistence_half,9,0.67,0.15,beta,half
City-A,T5,2x,320.0,S3_Lin4,routine,M_routine,800,True,1,484.0,401.0,0.0,0.1714,1.0,persistence_half,9,0.67,0.15,beta,half
City-A,T5,2x,320.0,S3_Lin4,cross_regime,M_stress,800,True,1,484.0,246.0,74.0,0.4917,0.0,persistence_half,9,0.67,0.15,beta,half
City-A,T5,2x,320.0,S4_GlobalCalib,routine,M_routine,800,True,1,395.1,401.0,0.0,0.0,1.0,persistence_half,9,0.67,0.15,beta,half
City-A,T5,2x,320.0,S4_GlobalCalib,cross_regime,M_stress,800,True,1,395.1,246.0,74.0,0.3774,0.0,persistence_half,9,0.67,0.15,beta,half
City-A,T5,2x,320.0,S5_CityCalib,routine,M_routine,800,True,1,395.9,401.0,0.0,0.0,1.0,persistence_half,9,0.67,0.15,beta,half
City-A,T5,2x,320.0,S5_CityCalib,cross_regime,M_stress,800,True,1,395.9,246.0,74.0,0.3786,0.0,persistence_half,9,0.67,0.15,beta,half
City-A,T5,2x,320.0,S6_Q10,routine,M_routine,800,True,1,369.8,401.0,0.0,0.0,1.0,persistence_half,9,0.67,0.15,beta,half
City-A,T5,2x,320.0,S6_Q10,cross_regime,M_stress,800,True,1,369.8,246.0,74.0,0.3348,0.0,persistence_half,9,0.67,0.15,beta,half
City-A,T5,5x,800.0,S0a_RoutineOracle,routine,M_routine,800,True,3,1109.9,1109.9,0.0,0.0,1.0,persistence_half,9,0.67,0.15,beta,half
City-A,T5,5x,800.0,S0a_RoutineOracle,cross_regime,M_stress,800,True,3,1109.9,697.1,102.9,0.3719,0.0,persistence_half,9,0.67,0.15,beta,half
City-A,T5,5x,800.0,S0b_StressOracle,routine,M_routine,800,True,4,943.3,1393.2,0.0,0.0,1.0,persistence_half,9,0.67,0.15,beta,half
City-A,T5,5x,800.0,S0b_StressOracle,cross_regime,M_stress,800,True,4,943.3,943.3,0.0,0.0,1.0,persistence_half,9,0.67,0.15,beta,half
City-A,T5,5x,800.0,S1_CapRR,routine,M_routine,800,True,2,1138.1,761.7,38.3,0.3308,0.0,persistence_half,9,0.67,0.15,beta,half
City-A,T5,5x,800.0,S1_CapRR,cross_regime,M_stress,800,True,2,1138.1,459.3,340.7,0.5964,0.0,persistence_half,9,0.67,0.15,beta,half
City-A,T5,5x,800.0,S2_Platform,routine,M_routine,800,True,2,897.6,736.2,63.8,0.1798,0.0,persistence_half,9,0.67,0.15,beta,half
City-A,T5,5x,800.0,S2_Platform,cross_regime,M_stress,800,True,2,897.6,465.8,334.2,0.481,0.0,persistence_half,9,0.67,0.15,beta,half
City-A,T5,5x,800.0,S3_Lin4,routine,M_routine,800,True,2,858.3,709.8,90.2,0.173,0.0,persistence_half,9,0.67,0.15,beta,half
City-A,T5,5x,800.0,S3_Lin4,cross_regime,M_stress,800,True,2,858.3,485.7,314.3,0.4341,0.0,persistence_half,9,0.67,0.15,beta,half
City-A,T5,5x,800.0,S4_GlobalCalib,routine,M_routine,800,True,3,1101.1,1070.5,0.0,0.0278,1.0,persistence_half,9,0.67,0.15,beta,half
City-A,T5,5x,800.0,S4_GlobalCalib,cross_regime,M_stress,800,True,3,1101.1,699.0,101.0,0.3652,0.0,persistence_half,9,0.67,0.15,beta,half
City-A,T5,5x,800.0,S5_CityCalib,routine,M_routine,800,True,3,1103.1,1070.5,0.0,0.0296,1.0,persistence_half,9,0.67,0.15,beta,half
City-A,T5,5x,800.0,S5_CityCalib,cross_regime,M_stress,800,True,3,1103.1,699.0,101.0,0.3663,0.0,persistence_half,9,0.67,0.15,beta,half
City-A,T5,5x,800.0,S6_Q10,routine,M_routine,800,True,3,1030.4,1070.5,0.0,0.0,1.0,persistence_half,9,0.67,0.15,beta,half
City-A,T5,5x,800.0,S6_Q10,cross_regime,M_stress,800,True,3,1030.4,699.0,101.0,0.3216,0.0,persistence_half,9,0.67,0.15,beta,half
City-A,T5,10x,1600.0,S0a_RoutineOracle,routine,M_routine,800,True,5,1755.2,1755.2,0.0,0.0,1.0,persistence_half,9,0.67,0.15,beta,half
City-A,T5,10x,1600.0,S0a_RoutineOracle,cross_regime,M_stress,800,True,5,1755.2,1108.7,491.3,0.3683,0.0,persistence_half,9,0.67,0.15,beta,half
City-A,T5,10x,1600.0,S0b_StressOracle,routine,M_routine,800,True,8,1761.0,2580.6,0.0,0.0,1.0,persistence_half,9,0.67,0.15,beta,half
City-A,T5,10x,1600.0,S0b_StressOracle,cross_regime,M_stress,800,True,8,1761.0,1761.0,0.0,0.0,1.0,persistence_half,9,0.67,0.15,beta,half
City-A,T5,10x,1600.0,S1_CapRR,routine,M_routine,800,True,3,1662.9,1070.5,529.5,0.3562,0.0,persistence_half,9,0.67,0.15,beta,half
City-A,T5,10x,1600.0,S1_CapRR,cross_regime,M_stress,800,True,3,1662.9,699.0,901.0,0.5796,0.0,persistence_half,9,0.67,0.15,beta,half
City-A,T5,10x,1600.0,S2_Platform,routine,M_routine,800,True,4,1696.8,1393.2,206.8,0.1789,0.0,persistence_half,9,0.67,0.15,beta,half
City-A,T5,10x,1600.0,S2_Platform,cross_regime,M_stress,800,True,4,1696.8,943.3,656.7,0.4441,0.0,persistence_half,9,0.67,0.15,beta,half
City-A,T5,10x,1600.0,S3_Lin4,routine,M_routine,800,True,5,1918.2,1711.1,0.0,0.108,1.0,persistence_half,9,0.67,0.15,beta,half
City-A,T5,10x,1600.0,S3_Lin4,cross_regime,M_stress,800,True,5,1918.2,1121.0,479.0,0.4156,0.0,persistence_half,9,0.67,0.15,beta,half
City-A,T5,10x,1600.0,S4_GlobalCalib,routine,M_routine,800,True,5,1770.0,1753.9,0.0,0.0091,1.0,persistence_half,9,0.67,0.15,beta,half
City-A,T5,10x,1600.0,S4_GlobalCalib,cross_regime,M_stress,800,True,5,1770.0,1156.6,443.4,0.3465,0.0,persistence_half,9,0.67,0.15,beta,half
City-A,T5,10x,1600.0,S5_CityCalib,routine,M_routine,800,True,5,1773.1,1753.9,0.0,0.0108,1.0,persistence_half,9,0.67,0.15,beta,half
City-A,T5,10x,1600.0,S5_CityCalib,cross_regime,M_stress,800,True,5,1773.1,1156.6,443.4,0.3477,0.0,persistence_half,9,0.67,0.15,beta,half
City-A,T5,10x,1600.0,S6_Q10,routine,M_routine,800,True,5,1656.2,1753.9,0.0,0.0,1.0,persistence_half,9,0.67,0.15,beta,half
City-A,T5,10x,1600.0,S6_Q10,cross_regime,M_stress,800,True,5,1656.2,1156.6,443.4,0.3016,0.0,persistence_half,9,0.67,0.15,beta,half
City-B,T1,1x,180.0,S0a_RoutineOracle,routine,M_routine,500,True,1,550.6,550.6,0.0,0.0,1.0,persistence_half,9,0.67,0.15,beta,half
City-B,T1,1x,180.0,S0a_RoutineOracle,cross_regime,M_stress,500,True,1,550.6,363.5,0.0,0.3397,1.0,persistence_half,9,0.67,0.15,beta,half
City-B,T1,1x,180.0,S0b_StressOracle,routine,M_routine,500,True,1,364.8,495.5,0.0,0.0,1.0,persistence_half,9,0.67,0.15,beta,half
City-B,T1,1x,180.0,S0b_StressOracle,cross_regime,M_stress,500,True,1,364.8,364.8,0.0,0.0,1.0,persistence_half,9,0.67,0.15,beta,half
City-B,T1,1x,180.0,S1_CapRR,routine,M_routine,500,True,1,846.0,550.6,0.0,0.3492,1.0,persistence_half,9,0.67,0.15,beta,half
City-B,T1,1x,180.0,S1_CapRR,cross_regime,M_stress,500,True,1,846.0,363.5,0.0,0.5703,1.0,persistence_half,9,0.67,0.15,beta,half
City-B,T1,1x,180.0,S2_Platform,routine,M_routine,500,True,1,561.1,494.9,0.0,0.1181,1.0,persistence_half,9,0.67,0.15,beta,half
City-B,T1,1x,180.0,S2_Platform,cross_regime,M_stress,500,True,1,561.1,362.4,0.0,0.3542,1.0,persistence_half,9,0.67,0.15,beta,half
City-B,T1,1x,180.0,S3_Lin4,routine,M_routine,500,True,1,463.6,495.5,0.0,0.0,1.0,persistence_half,9,0.67,0.15,beta,half
City-B,T1,1x,180.0,S3_Lin4,cross_regime,M_stress,500,True,1,463.6,364.8,0.0,0.213,1.0,persistence_half,9,0.67,0.15,beta,half
City-B,T1,1x,180.0,S4_GlobalCalib,routine,M_routine,500,True,1,561.4,550.6,0.0,0.0193,1.0,persistence_half,9,0.67,0.15,beta,half
City-B,T1,1x,180.0,S4_GlobalCalib,cross_regime,M_stress,500,True,1,561.4,363.5,0.0,0.3525,1.0,persistence_half,9,0.67,0.15,beta,half
City-B,T1,1x,180.0,S5_CityCalib,routine,M_routine,500,True,1,560.3,550.6,0.0,0.0174,1.0,persistence_half,9,0.67,0.15,beta,half
City-B,T1,1x,180.0,S5_CityCalib,cross_regime,M_stress,500,True,1,560.3,363.5,0.0,0.3512,1.0,persistence_half,9,0.67,0.15,beta,half
City-B,T1,1x,180.0,S6_Q10,routine,M_routine,500,True,1,525.7,550.6,0.0,0.0,1.0,persistence_half,9,0.67,0.15,beta,half
City-B,T1,1x,180.0,S6_Q10,cross_regime,M_stress,500,True,1,525.7,363.5,0.0,0.3085,1.0,persistence_half,9,0.67,0.15,beta,half
City-B,T1,2x,360.0,S0a_RoutineOracle,routine,M_routine,500,True,1,550.6,550.6,0.0,0.0,1.0,persistence_half,9,0.67,0.15,beta,half
City-B,T1,2x,360.0,S0a_RoutineOracle,cross_regime,M_stress,500,True,1,550.6,363.5,0.0,0.3397,1.0,persistence_half,9,0.67,0.15,beta,half
City-B,T1,2x,360.0,S0b_StressOracle,routine,M_routine,500,True,1,364.8,495.5,0.0,0.0,1.0,persistence_half,9,0.67,0.15,beta,half
City-B,T1,2x,360.0,S0b_StressOracle,cross_regime,M_stress,500,True,1,364.8,364.8,0.0,0.0,1.0,persistence_half,9,0.67,0.15,beta,half
City-B,T1,2x,360.0,S1_CapRR,routine,M_routine,500,True,1,846.0,550.6,0.0,0.3492,1.0,persistence_half,9,0.67,0.15,beta,half
City-B,T1,2x,360.0,S1_CapRR,cross_regime,M_stress,500,True,1,846.0,363.5,0.0,0.5703,1.0,persistence_half,9,0.67,0.15,beta,half
City-B,T1,2x,360.0,S2_Platform,routine,M_routine,500,True,1,561.1,494.9,0.0,0.1181,1.0,persistence_half,9,0.67,0.15,beta,half
City-B,T1,2x,360.0,S2_Platform,cross_regime,M_stress,500,True,1,561.1,362.4,0.0,0.3542,1.0,persistence_half,9,0.67,0.15,beta,half
City-B,T1,2x,360.0,S3_Lin4,routine,M_routine,500,True,1,463.6,495.5,0.0,0.0,1.0,persistence_half,9,0.67,0.15,beta,half
City-B,T1,2x,360.0,S3_Lin4,cross_regime,M_stress,500,True,1,463.6,364.8,0.0,0.213,1.0,persistence_half,9,0.67,0.15,beta,half
City-B,T1,2x,360.0,S4_GlobalCalib,routine,M_routine,500,True,1,561.4,550.6,0.0,0.0193,1.0,persistence_half,9,0.67,0.15,beta,half
City-B,T1,2x,360.0,S4_GlobalCalib,cross_regime,M_stress,500,True,1,561.4,363.5,0.0,0.3525,1.0,persistence_half,9,0.67,0.15,beta,half
City-B,T1,2x,360.0,S5_CityCalib,routine,M_routine,500,True,1,560.3,550.6,0.0,0.0174,1.0,persistence_half,9,0.67,0.15,beta,half
City-B,T1,2x,360.0,S5_CityCalib,cross_regime,M_stress,500,True,1,560.3,363.5,0.0,0.3512,1.0,persistence_half,9,0.67,0.15,beta,half
City-B,T1,2x,360.0,S6_Q10,routine,M_routine,500,True,1,525.7,550.6,0.0,0.0,1.0,persistence_half,9,0.67,0.15,beta,half
City-B,T1,2x,360.0,S6_Q10,cross_regime,M_stress,500,True,1,525.7,363.5,0.0,0.3085,1.0,persistence_half,9,0.67,0.15,beta,half
City-B,T1,5x,900.0,S0a_RoutineOracle,routine,M_routine,500,True,2,1061.9,1061.9,0.0,0.0,1.0,persistence_half,9,0.67,0.15,beta,half
City-B,T1,5x,900.0,S0a_RoutineOracle,cross_regime,M_stress,500,True,2,1061.9,720.2,179.8,0.3217,0.0,persistence_half,9,0.67,0.15,beta,half
City-B,T1,5x,900.0,S0b_StressOracle,routine,M_routine,500,True,3,1090.7,1541.0,0.0,0.0,1.0,persistence_half,9,0.67,0.15,beta,half
City-B,T1,5x,900.0,S0b_StressOracle,cross_regime,M_stress,500,True,3,1090.7,1090.7,0.0,0.0,1.0,persistence_half,9,0.67,0.15,beta,half
City-B,T1,5x,900.0,S1_CapRR,routine,M_routine,500,True,2,1688.0,1061.9,0.0,0.3709,1.0,persistence_half,9,0.67,0.15,beta,half
City-B,T1,5x,900.0,S1_CapRR,cross_regime,M_stress,500,True,2,1688.0,720.2,179.8,0.5733,0.0,persistence_half,9,0.67,0.15,beta,half
City-B,T1,5x,900.0,S2_Platform,routine,M_routine,500,True,2,1112.3,990.4,0.0,0.1096,1.0,persistence_half,9,0.67,0.15,beta,half
City-B,T1,5x,900.0,S2_Platform,cross_regime,M_stress,500,True,2,1112.3,727.2,172.8,0.3462,0.0,persistence_half,9,0.67,0.15,beta,half
City-B,T1,5x,900.0,S3_Lin4,routine,M_routine,500,True,2,920.9,990.4,0.0,0.0,1.0,persistence_half,9,0.67,0.15,beta,half
City-B,T1,5x,900.0,S3_Lin4,cross_regime,M_stress,500,True,2,920.9,727.2,172.8,0.2104,0.0,persistence_half,9,0.67,0.15,beta,half
City-B,T1,5x,900.0,S4_GlobalCalib,routine,M_routine,500,True,2,1120.1,1061.9,0.0,0.052,1.0,persistence_half,9,0.67,0.15,beta,half
City-B,T1,5x,900.0,S4_GlobalCalib,cross_regime,M_stress,500,True,2,1120.1,720.2,179.8,0.357,0.0,persistence_half,9,0.67,0.15,beta,half
City-B,T1,5x,900.0,S5_CityCalib,routine,M_routine,500,True,2,1117.9,1061.9,0.0,0.0501,1.0,persistence_half,9,0.67,0.15,beta,half
City-B,T1,5x,900.0,S5_CityCalib,cross_regime,M_stress,500,True,2,1117.9,720.2,179.8,0.3557,0.0,persistence_half,9,0.67,0.15,beta,half
City-B,T1,5x,900.0,S6_Q10,routine,M_routine,500,True,2,1049.0,1061.9,0.0,0.0,1.0,persistence_half,9,0.67,0.15,beta,half
City-B,T1,5x,900.0,S6_Q10,cross_regime,M_stress,500,True,2,1049.0,720.2,179.8,0.3134,0.0,persistence_half,9,0.67,0.15,beta,half
City-B,T1,10x,1800.0,S0a_RoutineOracle,routine,M_routine,500,True,4,2052.3,2052.3,0.0,0.0,1.0,persistence_half,9,0.67,0.15,beta,half
City-B,T1,10x,1800.0,S0a_RoutineOracle,cross_regime,M_stress,500,True,4,2052.3,1447.4,352.6,0.2947,0.0,persistence_half,9,0.67,0.15,beta,half
City-B,T1,10x,1800.0,S0b_StressOracle,routine,M_routine,500,True,6,2052.7,2891.3,0.0,0.0,1.0,persistence_half,9,0.67,0.15,beta,half
City-B,T1,10x,1800.0,S0b_StressOracle,cross_regime,M_stress,500,True,6,2052.7,2052.7,0.0,0.0,1.0,persistence_half,9,0.67,0.15,beta,half
City-B,T1,10x,1800.0,S1_CapRR,routine,M_routine,500,True,3,2504.5,1557.4,242.6,0.3781,0.0,persistence_half,9,0.67,0.15,beta,half
City-B,T1,10x,1800.0,S1_CapRR,cross_regime,M_stress,500,True,3,2504.5,1085.1,714.9,0.5667,0.0,persistence_half,9,0.67,0.15,beta,half
City-B,T1,10x,1800.0,S2_Platform,routine,M_routine,500,True,4,2163.2,2052.3,0.0,0.0512,1.0,persistence_half,9,0.67,0.15,beta,half
City-B,T1,10x,1800.0,S2_Platform,cross_regime,M_stress,500,True,4,2163.2,1447.4,352.6,0.3309,0.0,persistence_half,9,0.67,0.15,beta,half
City-B,T1,10x,1800.0,S3_Lin4,routine,M_routine,500,True,4,1826.5,2052.3,0.0,0.0,1.0,persistence_half,9,0.67,0.15,beta,half
City-B,T1,10x,1800.0,S3_Lin4,cross_regime,M_stress,500,True,4,1826.5,1447.4,352.6,0.2075,0.0,persistence_half,9,0.67,0.15,beta,half
City-B,T1,10x,1800.0,S4_GlobalCalib,routine,M_routine,500,True,4,2192.0,2052.3,0.0,0.0637,1.0,persistence_half,9,0.67,0.15,beta,half
City-B,T1,10x,1800.0,S4_GlobalCalib,cross_regime,M_stress,500,True,4,2192.0,1447.4,352.6,0.3397,0.0,persistence_half,9,0.67,0.15,beta,half
City-B,T1,10x,1800.0,S5_CityCalib,routine,M_routine,500,True,4,2187.8,2052.3,0.0,0.0619,1.0,persistence_half,9,0.67,0.15,beta,half
City-B,T1,10x,1800.0,S5_CityCalib,cross_regime,M_stress,500,True,4,2187.8,1447.4,352.6,0.3384,0.0,persistence_half,9,0.67,0.15,beta,half
City-B,T1,10x,1800.0,S6_Q10,routine,M_routine,500,True,4,2052.8,2052.3,0.0,0.0002,1.0,persistence_half,9,0.67,0.15,beta,half
City-B,T1,10x,1800.0,S6_Q10,cross_regime,M_stress,500,True,4,2052.8,1447.4,352.6,0.2949,0.0,persistence_half,9,0.67,0.15,beta,half
City-B,T2,1x,260.0,S0a_RoutineOracle,routine,M_routine,500,True,1,520.5,520.5,0.0,0.0,1.0,persistence_half,9,0.67,0.15,beta,half
City-B,T2,1x,260.0,S0a_RoutineOracle,cross_regime,M_stress,500,True,1,520.5,360.0,0.0,0.3084,1.0,persistence_half,9,0.67,0.15,beta,half
City-B,T2,1x,260.0,S0b_StressOracle,routine,M_routine,500,True,1,375.3,515.8,0.0,0.0,1.0,persistence_half,9,0.67,0.15,beta,half
City-B,T2,1x,260.0,S0b_StressOracle,cross_regime,M_stress,500,True,1,375.3,375.3,0.0,0.0,1.0,persistence_half,9,0.67,0.15,beta,half
City-B,T2,1x,260.0,S1_CapRR,routine,M_routine,500,True,1,846.0,520.5,0.0,0.3847,1.0,persistence_half,9,0.67,0.15,beta,half
City-B,T2,1x,260.0,S1_CapRR,cross_regime,M_stress,500,True,1,846.0,360.0,0.0,0.5745,1.0,persistence_half,9,0.67,0.15,beta,half
City-B,T2,1x,260.0,S2_Platform,routine,M_routine,500,True,1,557.0,509.8,0.0,0.0848,1.0,persistence_half,9,0.67,0.15,beta,half
City-B,T2,1x,260.0,S2_Platform,cross_regime,M_stress,500,True,1,557.0,374.4,0.0,0.3278,1.0,persistence_half,9,0.67,0.15,beta,half
City-B,T2,1x,260.0,S3_Lin4,routine,M_routine,500,True,1,463.3,519.1,0.0,0.0,1.0,persistence_half,9,0.67,0.15,beta,half
City-B,T2,1x,260.0,S3_Lin4,cross_regime,M_stress,500,True,1,463.3,355.4,0.0,0.2329,1.0,persistence_half,9,0.67,0.15,beta,half
City-B,T2,1x,260.0,S4_GlobalCalib,routine,M_routine,500,True,1,561.2,520.5,0.0,0.0725,1.0,persistence_half,9,0.67,0.15,beta,half
City-B,T2,1x,260.0,S4_GlobalCalib,cross_regime,M_stress,500,True,1,561.2,360.0,0.0,0.3586,1.0,persistence_half,9,0.67,0.15,beta,half
City-B,T2,1x,260.0,S5_CityCalib,routine,M_routine,500,True,1,559.2,520.5,0.0,0.0692,1.0,persistence_half,9,0.67,0.15,beta,half
City-B,T2,1x,260.0,S5_CityCalib,cross_regime,M_stress,500,True,1,559.2,360.0,0.0,0.3563,1.0,persistence_half,9,0.67,0.15,beta,half
City-B,T2,1x,260.0,S6_Q10,routine,M_routine,500,True,1,525.3,520.5,0.0,0.0091,1.0,persistence_half,9,0.67,0.15,beta,half
City-B,T2,1x,260.0,S6_Q10,cross_regime,M_stress,500,True,1,525.3,360.0,0.0,0.3147,1.0,persistence_half,9,0.67,0.15,beta,half
City-B,T2,2x,520.0,S0a_RoutineOracle,routine,M_routine,500,True,1,520.5,520.5,0.0,0.0,1.0,persistence_half,9,0.67,0.15,beta,half
City-B,T2,2x,520.0,S0a_RoutineOracle,cross_regime,M_stress,500,True,1,520.5,360.0,160.0,0.3084,0.0,persistence_half,9,0.67,0.15,beta,half
City-B,T2,2x,520.0,S0b_StressOracle,routine,M_routine,500,True,2,749.7,1025.6,0.0,0.0,1.0,persistence_half,9,0.67,0.15,beta,half
City-B,T2,2x,520.0,S0b_StressOracle,cross_regime,M_stress,500,True,2,749.7,749.7,0.0,0.0,1.0,persistence_half,9,0.67,0.15,beta,half
City-B,T2,2x,520.0,S1_CapRR,routine,M_routine,500,True,1,846.0,520.5,0.0,0.3847,1.0,persistence_half,9,0.67,0.15,beta,half
City-B,T2,2x,520.0,S1_CapRR,cross_regime,M_stress,500,True,1,846.0,360.0,160.0,0.5745,0.0,persistence_half,9,0.67,0.15,beta,half
City-B,T2,2x,520.0,S2_Platform,routine,M_routine,500,True,1,557.0,509.8,10.2,0.0848,0.0,persistence_half,9,0.67,0.15,beta,half
City-B,T2,2x,520.0,S2_Platform,cross_regime,M_stress,500,True,1,557.0,374.4,145.6,0.3278,0.0,persistence_half,9,0.67,0.15,beta,half
City-B,T2,2x,520.0,S3_Lin4,routine,M_routine,500,True,2,920.5,1028.9,0.0,0.0,1.0,persistence_half,9,0.67,0.15,beta,half
City-B,T2,2x,520.0,S3_Lin4,cross_regime,M_stress,500,True,2,920.5,729.8,0.0,0.2071,1.0,persistence_half,9,0.67,0.15,beta,half
City-B,T2,2x,520.0,S4_GlobalCalib,routine,M_routine,500,True,1,561.2,520.5,0.0,0.0725,1.0,persistence_half,9,0.67,0.15,beta,half
City-B,T2,2x,520.0,S4_GlobalCalib,cross_regime,M_stress,500,True,1,561.2,360.0,160.0,0.3586,0.0,persistence_half,9,0.67,0.15,beta,half
City-B,T2,2x,520.0,S5_CityCalib,routine,M_routine,500,True,1,559.2,520.5,0.0,0.0692,1.0,persistence_half,9,0.67,0.15,beta,half
City-B,T2,2x,520.0,S5_CityCalib,cross_regime,M_stress,500,True,1,559.2,360.0,160.0,0.3563,0.0,persistence_half,9,0.67,0.15,beta,half
City-B,T2,2x,520.0,S6_Q10,routine,M_routine,500,True,1,525.3,520.5,0.0,0.0091,1.0,persistence_half,9,0.67,0.15,beta,half
City-B,T2,2x,520.0,S6_Q10,cross_regime,M_stress,500,True,1,525.3,360.0,160.0,0.3147,0.0,persistence_half,9,0.67,0.15,beta,half
City-B,T2,5x,1300.0,S0a_RoutineOracle,routine,M_routine,500,True,3,1555.4,1555.4,0.0,0.0,1.0,persistence_half,9,0.67,0.15,beta,half
City-B,T2,5x,1300.0,S0a_RoutineOracle,cross_regime,M_stress,500,True,3,1555.4,1090.7,209.3,0.2988,0.0,persistence_half,9,0.67,0.15,beta,half
City-B,T2,5x,1300.0,S0b_StressOracle,routine,M_routine,500,True,4,1465.1,2065.2,0.0,0.0,1.0,persistence_half,9,0.67,0.15,beta,half
City-B,T2,5x,1300.0,S0b_StressOracle,cross_regime,M_stress,500,True,4,1465.1,1465.1,0.0,0.0,1.0,persistence_half,9,0.67,0.15,beta,half
City-B,T2,5x,1300.0,S1_CapRR,routine,M_routine,500,True,2,1688.0,1036.3,263.7,0.386,0.0,persistence_half,9,0.67,0.15,beta,half
City-B,T2,5x,1300.0,S1_CapRR,cross_regime,M_stress,500,True,2,1688.0,735.3,564.7,0.5644,0.0,persistence_half,9,0.67,0.15,beta,half
City-B,T2,5x,1300.0,S2_Platform,routine,M_routine,500,True,3,1630.3,1544.7,0.0,0.0525,1.0,persistence_half,9,0.67,0.15,beta,half
City-B,T2,5x,1300.0,S2_Platform,cross_regime,M_stress,500,True,3,1630.3,1105.2,194.8,0.3221,0.0,persistence_half,9,0.67,0.15,beta,half
City-B,T2,5x,1300.0,S3_Lin4,routine,M_routine,500,True,3,1374.0,1549.4,0.0,0.0,1.0,persistence_half,9,0.67,0.15,beta,half
City-B,T2,5x,1300.0,S3_Lin4,cross_regime,M_stress,500,True,3,1374.0,1089.8,210.2,0.2068,0.0,persistence_half,9,0.67,0.15,beta,half
City-B,T2,5x,1300.0,S4_GlobalCalib,routine,M_routine,500,True,3,1661.5,1555.4,0.0,0.0638,1.0,persistence_half,9,0.67,0.15,beta,half
City-B,T2,5x,1300.0,S4_GlobalCalib,cross_regime,M_stress,500,True,3,1661.5,1090.7,209.3,0.3435,0.0,persistence_half,9,0.67,0.15,beta,half
City-B,T2,5x,1300.0,S5_CityCalib,routine,M_routine,500,True,3,1655.5,1555.4,0.0,0.0605,1.0,persistence_half,9,0.67,0.15,beta,half
City-B,T2,5x,1300.0,S5_CityCalib,cross_regime,M_stress,500,True,3,1655.5,1090.7,209.3,0.3412,0.0,persistence_half,9,0.67,0.15,beta,half
City-B,T2,5x,1300.0,S6_Q10,routine,M_routine,500,True,3,1555.0,1555.4,0.0,0.0,1.0,persistence_half,9,0.67,0.15,beta,half
City-B,T2,5x,1300.0,S6_Q10,cross_regime,M_stress,500,True,3,1555.0,1090.7,209.3,0.2986,0.0,persistence_half,9,0.67,0.15,beta,half
City-B,T2,10x,2600.0,S0a_RoutineOracle,routine,M_routine,500,True,6,2932.4,2932.4,0.0,0.0,1.0,persistence_half,9,0.67,0.15,beta,half
City-B,T2,10x,2600.0,S0a_RoutineOracle,cross_regime,M_stress,500,True,6,2932.4,2020.3,579.7,0.311,0.0,persistence_half,9,0.67,0.15,beta,half
City-B,T2,10x,2600.0,S0b_StressOracle,routine,M_routine,500,True,9,2818.9,4076.1,0.0,0.0,1.0,persistence_half,9,0.67,0.15,beta,half
City-B,T2,10x,2600.0,S0b_StressOracle,cross_regime,M_stress,500,True,9,2818.9,2818.9,0.0,0.0,1.0,persistence_half,9,0.67,0.15,beta,half
City-B,T2,10x,2600.0,S1_CapRR,routine,M_routine,500,True,4,3303.2,2065.2,534.8,0.3748,0.0,persistence_half,9,0.67,0.15,beta,half
City-B,T2,10x,2600.0,S1_CapRR,cross_regime,M_stress,500,True,4,3303.2,1465.1,1134.9,0.5565,0.0,persistence_half,9,0.67,0.15,beta,half
City-B,T2,10x,2600.0,S2_Platform,routine,M_routine,500,True,6,2974.4,2932.4,0.0,0.0141,1.0,persistence_half,9,0.67,0.15,beta,half
City-B,T2,10x,2600.0,S2_Platform,cross_regime,M_stress,500,True,6,2974.4,2020.3,579.7,0.3208,0.0,persistence_half,9,0.67,0.15,beta,half
City-B,T2,10x,2600.0,S3_Lin4,routine,M_routine,500,True,7,2950.0,3324.7,0.0,0.0,1.0,persistence_half,9,0.67,0.15,beta,half
City-B,T2,10x,2600.0,S3_Lin4,cross_regime,M_stress,500,True,7,2950.0,2300.3,299.7,0.2202,0.0,persistence_half,9,0.67,0.15,beta,half
City-B,T2,10x,2600.0,S4_GlobalCalib,routine,M_routine,500,True,5,2655.0,2516.2,83.8,0.0523,0.0,persistence_half,9,0.67,0.15,beta,half
City-B,T2,10x,2600.0,S4_GlobalCalib,cross_regime,M_stress,500,True,5,2655.0,1765.6,834.4,0.335,0.0,persistence_half,9,0.67,0.15,beta,half
City-B,T2,10x,2600.0,S5_CityCalib,routine,M_routine,500,True,5,2645.7,2516.2,83.8,0.049,0.0,persistence_half,9,0.67,0.15,beta,half
City-B,T2,10x,2600.0,S5_CityCalib,cross_regime,M_stress,500,True,5,2645.7,1765.6,834.4,0.3327,0.0,persistence_half,9,0.67,0.15,beta,half
City-B,T2,10x,2600.0,S6_Q10,routine,M_routine,500,True,6,2884.4,2908.4,0.0,0.0,1.0,persistence_half,9,0.67,0.15,beta,half
City-B,T2,10x,2600.0,S6_Q10,cross_regime,M_stress,500,True,6,2884.4,2045.6,554.4,0.2908,0.0,persistence_half,9,0.67,0.15,beta,half
City-B,T3,1x,200.0,S0a_RoutineOracle,routine,M_routine,500,True,1,505.3,505.3,0.0,0.0,1.0,persistence_half,9,0.67,0.15,beta,half
City-B,T3,1x,200.0,S0a_RoutineOracle,cross_regime,M_stress,500,True,1,505.3,337.0,0.0,0.3331,1.0,persistence_half,9,0.67,0.15,beta,half
City-B,T3,1x,200.0,S0b_StressOracle,routine,M_routine,500,True,1,337.0,505.3,0.0,0.0,1.0,persistence_half,9,0.67,0.15,beta,half
City-B,T3,1x,200.0,S0b_StressOracle,cross_regime,M_stress,500,True,1,337.0,337.0,0.0,0.0,1.0,persistence_half,9,0.67,0.15,beta,half
City-B,T3,1x,200.0,S1_CapRR,routine,M_routine,500,True,1,744.5,495.0,0.0,0.3351,1.0,persistence_half,9,0.67,0.15,beta,half
City-B,T3,1x,200.0,S1_CapRR,cross_regime,M_stress,500,True,1,744.5,318.3,0.0,0.5725,1.0,persistence_half,9,0.67,0.15,beta,half
City-B,T3,1x,200.0,S2_Platform,routine,M_routine,500,True,1,543.2,505.3,0.0,0.0696,1.0,persistence_half,9,0.67,0.15,beta,half
City-B,T3,1x,200.0,S2_Platform,cross_regime,M_stress,500,True,1,543.2,337.0,0.0,0.3796,1.0,persistence_half,9,0.67,0.15,beta,half
City-B,T3,1x,200.0,S3_Lin4,routine,M_routine,500,True,1,453.5,455.3,0.0,0.0,1.0,persistence_half,9,0.67,0.15,beta,half
City-B,T3,1x,200.0,S3_Lin4,cross_regime,M_stress,500,True,1,453.5,297.8,0.0,0.3433,1.0,persistence_half,9,0.67,0.15,beta,half
City-B,T3,1x,200.0,S4_GlobalCalib,routine,M_routine,500,True,1,492.3,495.0,0.0,0.0,1.0,persistence_half,9,0.67,0.15,beta,half
City-B,T3,1x,200.0,S4_GlobalCalib,cross_regime,M_stress,500,True,1,492.3,318.3,0.0,0.3535,1.0,persistence_half,9,0.67,0.15,beta,half
City-B,T3,1x,200.0,S5_CityCalib,routine,M_routine,500,True,1,490.0,495.0,0.0,0.0,1.0,persistence_half,9,0.67,0.15,beta,half
City-B,T3,1x,200.0,S5_CityCalib,cross_regime,M_stress,500,True,1,490.0,318.3,0.0,0.3504,1.0,persistence_half,9,0.67,0.15,beta,half
City-B,T3,1x,200.0,S6_Q10,routine,M_routine,500,True,1,461.1,495.0,0.0,0.0,1.0,persistence_half,9,0.67,0.15,beta,half
City-B,T3,1x,200.0,S6_Q10,cross_regime,M_stress,500,True,1,461.1,318.3,0.0,0.3097,1.0,persistence_half,9,0.67,0.15,beta,half
City-B,T3,2x,400.0,S0a_RoutineOracle,routine,M_routine,500,True,1,505.3,505.3,0.0,0.0,1.0,persistence_half,9,0.67,0.15,beta,half
City-B,T3,2x,400.0,S0a_RoutineOracle,cross_regime,M_stress,500,True,1,505.3,337.0,63.0,0.3331,0.0,persistence_half,9,0.67,0.15,beta,half
City-B,T3,2x,400.0,S0b_StressOracle,routine,M_routine,500,True,2,655.3,1000.4,0.0,0.0,1.0,persistence_half,9,0.67,0.15,beta,half
City-B,T3,2x,400.0,S0b_StressOracle,cross_regime,M_stress,500,True,2,655.3,655.3,0.0,0.0,1.0,persistence_half,9,0.67,0.15,beta,half
City-B,T3,2x,400.0,S1_CapRR,routine,M_routine,500,True,1,744.5,495.0,0.0,0.3351,1.0,persistence_half,9,0.67,0.15,beta,half
City-B,T3,2x,400.0,S1_CapRR,cross_regime,M_stress,500,True,1,744.5,318.3,81.7,0.5725,0.0,persistence_half,9,0.67,0.15,beta,half
City-B,T3,2x,400.0,S2_Platform,routine,M_routine,500,True,1,543.2,505.3,0.0,0.0696,1.0,persistence_half,9,0.67,0.15,beta,half
City-B,T3,2x,400.0,S2_Platform,cross_regime,M_stress,500,True,1,543.2,337.0,63.0,0.3796,0.0,persistence_half,9,0.67,0.15,beta,half
City-B,T3,2x,400.0,S3_Lin4,routine,M_routine,500,True,1,453.5,455.3,0.0,0.0,1.0,persistence_half,9,0.67,0.15,beta,half
City-B,T3,2x,400.0,S3_Lin4,cross_regime,M_stress,500,True,1,453.5,297.8,102.2,0.3433,0.0,persistence_half,9,0.67,0.15,beta,half
City-B,T3,2x,400.0,S4_GlobalCalib,routine,M_routine,500,True,1,492.3,495.0,0.0,0.0,1.0,persistence_half,9,0.67,0.15,beta,half
City-B,T3,2x,400.0,S4_GlobalCalib,cross_regime,M_stress,500,True,1,492.3,318.3,81.7,0.3535,0.0,persistence_half,9,0.67,0.15,beta,half
City-B,T3,2x,400.0,S5_CityCalib,routine,M_routine,500,True,1,490.0,495.0,0.0,0.0,1.0,persistence_half,9,0.67,0.15,beta,half
City-B,T3,2x,400.0,S5_CityCalib,cross_regime,M_stress,500,True,1,490.0,318.3,81.7,0.3504,0.0,persistence_half,9,0.67,0.15,beta,half
City-B,T3,2x,400.0,S6_Q10,routine,M_routine,500,True,1,461.1,495.0,0.0,0.0,1.0,persistence_half,9,0.67,0.15,beta,half
City-B,T3,2x,400.0,S6_Q10,cross_regime,M_stress,500,True,1,461.1,318.3,81.7,0.3097,0.0,persistence_half,9,0.67,0.15,beta,half
City-B,T3,5x,1000.0,S0a_RoutineOracle,routine,M_routine,500,True,2,1001.9,1001.9,0.0,0.0,1.0,persistence_half,9,0.67,0.15,beta,half
City-B,T3,5x,1000.0,S0a_RoutineOracle,cross_regime,M_stress,500,True,2,1001.9,645.9,354.1,0.3554,0.0,persistence_half,9,0.67,0.15,beta,half
City-B,T3,5x,1000.0,S0b_StressOracle,routine,M_routine,500,True,4,1262.0,1952.2,0.0,0.0,1.0,persistence_half,9,0.67,0.15,beta,half
City-B,T3,5x,1000.0,S0b_StressOracle,cross_regime,M_stress,500,True,4,1262.0,1262.0,0.0,0.0,1.0,persistence_half,9,0.67,0.15,beta,half
City-B,T3,5x,1000.0,S1_CapRR,routine,M_routine,500,True,2,1485.4,1000.4,0.0,0.3265,1.0,persistence_half,9,0.67,0.15,beta,half
City-B,T3,5x,1000.0,S1_CapRR,cross_regime,M_stress,500,True,2,1485.4,655.3,344.7,0.5589,0.0,persistence_half,9,0.67,0.15,beta,half
City-B,T3,5x,1000.0,S2_Platform,routine,M_routine,500,True,2,1048.0,960.6,39.4,0.0834,0.0,persistence_half,9,0.67,0.15,beta,half
City-B,T3,5x,1000.0,S2_Platform,cross_regime,M_stress,500,True,2,1048.0,634.8,365.2,0.3943,0.0,persistence_half,9,0.67,0.15,beta,half
City-B,T3,5x,1000.0,S3_Lin4,routine,M_routine,500,True,3,1341.4,1446.9,0.0,0.0,1.0,persistence_half,9,0.67,0.15,beta,half
City-B,T3,5x,1000.0,S3_Lin4,cross_regime,M_stress,500,True,3,1341.4,925.0,75.0,0.3105,0.0,persistence_half,9,0.67,0.15,beta,half
City-B,T3,5x,1000.0,S4_GlobalCalib,routine,M_routine,500,True,3,1457.4,1455.6,0.0,0.0012,1.0,persistence_half,9,0.67,0.15,beta,half
City-B,T3,5x,1000.0,S4_GlobalCalib,cross_regime,M_stress,500,True,3,1457.4,953.1,46.9,0.3461,0.0,persistence_half,9,0.67,0.15,beta,half
City-B,T3,5x,1000.0,S5_CityCalib,routine,M_routine,500,True,3,1450.6,1455.6,0.0,0.0,1.0,persistence_half,9,0.67,0.15,beta,half
City-B,T3,5x,1000.0,S5_CityCalib,cross_regime,M_stress,500,True,3,1450.6,953.1,46.9,0.343,0.0,persistence_half,9,0.67,0.15,beta,half
City-B,T3,5x,1000.0,S6_Q10,routine,M_routine,500,True,3,1365.0,1455.6,0.0,0.0,1.0,persistence_half,9,0.67,0.15,beta,half
City-B,T3,5x,1000.0,S6_Q10,cross_regime,M_stress,500,True,3,1365.0,953.1,46.9,0.3018,0.0,persistence_half,9,0.67,0.15,beta,half
City-B,T3,10x,2000.0,S0a_RoutineOracle,routine,M_routine,500,True,5,2359.6,2359.6,0.0,0.0,1.0,persistence_half,9,0.67,0.15,beta,half
City-B,T3,10x,2000.0,S0a_RoutineOracle,cross_regime,M_stress,500,True,5,2359.6,1530.8,469.2,0.3512,0.0,persistence_half,9,0.67,0.15,beta,half
City-B,T3,10x,2000.0,S0b_StressOracle,routine,M_routine,500,True,7,2016.5,3107.1,0.0,0.0,1.0,persistence_half,9,0.67,0.15,beta,half
City-B,T3,10x,2000.0,S0b_StressOracle,cross_regime,M_stress,500,True,7,2016.5,2016.5,0.0,0.0,1.0,persistence_half,9,0.67,0.15,beta,half
City-B,T3,10x,2000.0,S1_CapRR,routine,M_routine,500,True,3,2203.9,1455.6,544.4,0.3395,0.0,persistence_half,9,0.67,0.15,beta,half
City-B,T3,10x,2000.0,S1_CapRR,cross_regime,M_stress,500,True,3,2203.9,953.1,1046.9,0.5676,0.0,persistence_half,9,0.67,0.15,beta,half
City-B,T3,10x,2000.0,S2_Platform,routine,M_routine,500,True,5,2307.7,2197.2,0.0,0.0479,1.0,persistence_half,9,0.67,0.15,beta,half
City-B,T3,10x,2000.0,S2_Platform,cross_regime,M_stress,500,True,5,2307.7,1429.2,570.8,0.3807,0.0,persistence_half,9,0.67,0.15,beta,half
City-B,T3,10x,2000.0,S3_Lin4,routine,M_routine,500,True,5,2153.6,2333.6,0.0,0.0,1.0,persistence_half,9,0.67,0.15,beta,half
City-B,T3,10x,2000.0,S3_Lin4,cross_regime,M_stress,500,True,5,2153.6,1495.8,504.2,0.3055,0.0,persistence_half,9,0.67,0.15,beta,half
City-B,T3,10x,2000.0,S4_GlobalCalib,routine,M_routine,500,True,5,2329.1,2359.6,0.0,0.0,1.0,persistence_half,9,0.67,0.15,beta,half
City-B,T3,10x,2000.0,S4_GlobalCalib,cross_regime,M_stress,500,True,5,2329.1,1530.8,469.2,0.3428,0.0,persistence_half,9,0.67,0.15,beta,half
City-B,T3,10x,2000.0,S5_CityCalib,routine,M_routine,500,True,5,2318.3,2359.6,0.0,0.0,1.0,persistence_half,9,0.67,0.15,beta,half
City-B,T3,10x,2000.0,S5_CityCalib,cross_regime,M_stress,500,True,5,2318.3,1530.8,469.2,0.3397,0.0,persistence_half,9,0.67,0.15,beta,half
City-B,T3,10x,2000.0,S6_Q10,routine,M_routine,500,True,5,2181.2,2359.6,0.0,0.0,1.0,persistence_half,9,0.67,0.15,beta,half
City-B,T3,10x,2000.0,S6_Q10,cross_regime,M_stress,500,True,5,2181.2,1530.8,469.2,0.2982,0.0,persistence_half,9,0.67,0.15,beta,half
City-B,T4,1x,140.0,S0a_RoutineOracle,routine,M_routine,500,True,1,541.8,541.8,0.0,0.0,1.0,persistence_half,9,0.67,0.15,beta,half
City-B,T4,1x,140.0,S0a_RoutineOracle,cross_regime,M_stress,500,True,1,541.8,407.4,0.0,0.248,1.0,persistence_half,9,0.67,0.15,beta,half
City-B,T4,1x,140.0,S0b_StressOracle,routine,M_routine,500,True,1,407.4,541.8,0.0,0.0,1.0,persistence_half,9,0.67,0.15,beta,half
City-B,T4,1x,140.0,S0b_StressOracle,cross_regime,M_stress,500,True,1,407.4,407.4,0.0,0.0,1.0,persistence_half,9,0.67,0.15,beta,half
City-B,T4,1x,140.0,S1_CapRR,routine,M_routine,500,True,1,846.0,541.8,0.0,0.3596,1.0,persistence_half,9,0.67,0.15,beta,half
City-B,T4,1x,140.0,S1_CapRR,cross_regime,M_stress,500,True,1,846.0,407.4,0.0,0.5184,1.0,persistence_half,9,0.67,0.15,beta,half
City-B,T4,1x,140.0,S2_Platform,routine,M_routine,500,True,1,480.1,541.8,0.0,0.0,1.0,persistence_half,9,0.67,0.15,beta,half
City-B,T4,1x,140.0,S2_Platform,cross_regime,M_stress,500,True,1,480.1,407.4,0.0,0.1513,1.0,persistence_half,9,0.67,0.15,beta,half
City-B,T4,1x,140.0,S3_Lin4,routine,M_routine,500,True,1,464.5,527.9,0.0,0.0,1.0,persistence_half,9,0.67,0.15,beta,half
City-B,T4,1x,140.0,S3_Lin4,cross_regime,M_stress,500,True,1,464.5,372.2,0.0,0.1987,1.0,persistence_half,9,0.67,0.15,beta,half
City-B,T4,1x,140.0,S4_GlobalCalib,routine,M_routine,500,True,1,559.2,541.8,0.0,0.0311,1.0,persistence_half,9,0.67,0.15,beta,half
City-B,T4,1x,140.0,S4_GlobalCalib,cross_regime,M_stress,500,True,1,559.2,407.4,0.0,0.2714,1.0,persistence_half,9,0.67,0.15,beta,half
City-B,T4,1x,140.0,S5_CityCalib,routine,M_routine,500,True,1,556.3,541.8,0.0,0.0262,1.0,persistence_half,9,0.67,0.15,beta,half
City-B,T4,1x,140.0,S5_CityCalib,cross_regime,M_stress,500,True,1,556.3,407.4,0.0,0.2677,1.0,persistence_half,9,0.67,0.15,beta,half
City-B,T4,1x,140.0,S6_Q10,routine,M_routine,500,True,1,524.2,541.8,0.0,0.0,1.0,persistence_half,9,0.67,0.15,beta,half
City-B,T4,1x,140.0,S6_Q10,cross_regime,M_stress,500,True,1,524.2,407.4,0.0,0.2227,1.0,persistence_half,9,0.67,0.15,beta,half
City-B,T4,2x,280.0,S0a_RoutineOracle,routine,M_routine,500,True,1,541.8,541.8,0.0,0.0,1.0,persistence_half,9,0.67,0.15,beta,half
City-B,T4,2x,280.0,S0a_RoutineOracle,cross_regime,M_stress,500,True,1,541.8,407.4,0.0,0.248,1.0,persistence_half,9,0.67,0.15,beta,half
City-B,T4,2x,280.0,S0b_StressOracle,routine,M_routine,500,True,1,407.4,541.8,0.0,0.0,1.0,persistence_half,9,0.67,0.15,beta,half
City-B,T4,2x,280.0,S0b_StressOracle,cross_regime,M_stress,500,True,1,407.4,407.4,0.0,0.0,1.0,persistence_half,9,0.67,0.15,beta,half
City-B,T4,2x,280.0,S1_CapRR,routine,M_routine,500,True,1,846.0,541.8,0.0,0.3596,1.0,persistence_half,9,0.67,0.15,beta,half
City-B,T4,2x,280.0,S1_CapRR,cross_regime,M_stress,500,True,1,846.0,407.4,0.0,0.5184,1.0,persistence_half,9,0.67,0.15,beta,half
City-B,T4,2x,280.0,S2_Platform,routine,M_routine,500,True,1,480.1,541.8,0.0,0.0,1.0,persistence_half,9,0.67,0.15,beta,half
City-B,T4,2x,280.0,S2_Platform,cross_regime,M_stress,500,True,1,480.1,407.4,0.0,0.1513,1.0,persistence_half,9,0.67,0.15,beta,half
City-B,T4,2x,280.0,S3_Lin4,routine,M_routine,500,True,1,464.5,527.9,0.0,0.0,1.0,persistence_half,9,0.67,0.15,beta,half
City-B,T4,2x,280.0,S3_Lin4,cross_regime,M_stress,500,True,1,464.5,372.2,0.0,0.1987,1.0,persistence_half,9,0.67,0.15,beta,half
City-B,T4,2x,280.0,S4_GlobalCalib,routine,M_routine,500,True,1,559.2,541.8,0.0,0.0311,1.0,persistence_half,9,0.67,0.15,beta,half
City-B,T4,2x,280.0,S4_GlobalCalib,cross_regime,M_stress,500,True,1,559.2,407.4,0.0,0.2714,1.0,persistence_half,9,0.67,0.15,beta,half
City-B,T4,2x,280.0,S5_CityCalib,routine,M_routine,500,True,1,556.3,541.8,0.0,0.0262,1.0,persistence_half,9,0.67,0.15,beta,half
City-B,T4,2x,280.0,S5_CityCalib,cross_regime,M_stress,500,True,1,556.3,407.4,0.0,0.2677,1.0,persistence_half,9,0.67,0.15,beta,half
City-B,T4,2x,280.0,S6_Q10,routine,M_routine,500,True,1,524.2,541.8,0.0,0.0,1.0,persistence_half,9,0.67,0.15,beta,half
City-B,T4,2x,280.0,S6_Q10,cross_regime,M_stress,500,True,1,524.2,407.4,0.0,0.2227,1.0,persistence_half,9,0.67,0.15,beta,half
City-B,T4,5x,700.0,S0a_RoutineOracle,routine,M_routine,500,True,2,1075.2,1075.2,0.0,0.0,1.0,persistence_half,9,0.67,0.15,beta,half
City-B,T4,5x,700.0,S0a_RoutineOracle,cross_regime,M_stress,500,True,2,1075.2,740.7,0.0,0.3112,1.0,persistence_half,9,0.67,0.15,beta,half
City-B,T4,5x,700.0,S0b_StressOracle,routine,M_routine,500,True,2,789.9,1060.8,0.0,0.0,1.0,persistence_half,9,0.67,0.15,beta,half
City-B,T4,5x,700.0,S0b_StressOracle,cross_regime,M_stress,500,True,2,789.9,789.9,0.0,0.0,1.0,persistence_half,9,0.67,0.15,beta,half
City-B,T4,5x,700.0,S1_CapRR,routine,M_routine,500,True,1,846.0,541.8,158.2,0.3596,0.0,persistence_half,9,0.67,0.15,beta,half
City-B,T4,5x,700.0,S1_CapRR,cross_regime,M_stress,500,True,1,846.0,407.4,292.6,0.5184,0.0,persistence_half,9,0.67,0.15,beta,half
City-B,T4,5x,700.0,S2_Platform,routine,M_routine,500,True,2,912.9,1075.2,0.0,0.0,1.0,persistence_half,9,0.67,0.15,beta,half
City-B,T4,5x,700.0,S2_Platform,cross_regime,M_stress,500,True,2,912.9,740.7,0.0,0.1887,1.0,persistence_half,9,0.67,0.15,beta,half
City-B,T4,5x,700.0,S3_Lin4,routine,M_routine,500,True,2,922.9,1061.4,0.0,0.0,1.0,persistence_half,9,0.67,0.15,beta,half
City-B,T4,5x,700.0,S3_Lin4,cross_regime,M_stress,500,True,2,922.9,705.5,0.0,0.2356,1.0,persistence_half,9,0.67,0.15,beta,half
City-B,T4,5x,700.0,S4_GlobalCalib,routine,M_routine,500,True,2,1115.7,1060.8,0.0,0.0492,1.0,persistence_half,9,0.67,0.15,beta,half
City-B,T4,5x,700.0,S4_GlobalCalib,cross_regime,M_stress,500,True,2,1115.7,789.9,0.0,0.292,1.0,persistence_half,9,0.67,0.15,beta,half
City-B,T4,5x,700.0,S5_CityCalib,routine,M_routine,500,True,2,1110.0,1060.8,0.0,0.0444,1.0,persistence_half,9,0.67,0.15,beta,half
City-B,T4,5x,700.0,S5_CityCalib,cross_regime,M_stress,500,True,2,1110.0,789.9,0.0,0.2884,1.0,persistence_half,9,0.67,0.15,beta,half
City-B,T4,5x,700.0,S6_Q10,routine,M_routine,500,True,2,1045.9,1060.8,0.0,0.0,1.0,persistence_half,9,0.67,0.15,beta,half
City-B,T4,5x,700.0,S6_Q10,cross_regime,M_stress,500,True,2,1045.9,789.9,0.0,0.2448,1.0,persistence_half,9,0.67,0.15,beta,half
City-B,T4,10x,1400.0,S0a_RoutineOracle,routine,M_routine,500,True,3,1603.2,1603.2,0.0,0.0,1.0,persistence_half,9,0.67,0.15,beta,half
City-B,T4,10x,1400.0,S0a_RoutineOracle,cross_regime,M_stress,500,True,3,1603.2,1112.9,287.1,0.3058,0.0,persistence_half,9,0.67,0.15,beta,half
City-B,T4,10x,1400.0,S0b_StressOracle,routine,M_routine,500,True,4,1495.3,2122.2,0.0,0.0,1.0,persistence_half,9,0.67,0.15,beta,half
City-B,T4,10x,1400.0,S0b_StressOracle,cross_regime,M_stress,500,True,4,1495.3,1495.3,0.0,0.0,1.0,persistence_half,9,0.67,0.15,beta,half
City-B,T4,10x,1400.0,S1_CapRR,routine,M_routine,500,True,2,1688.0,1060.8,339.2,0.3716,0.0,persistence_half,9,0.67,0.15,beta,half
City-B,T4,10x,1400.0,S1_CapRR,cross_regime,M_stress,500,True,2,1688.0,789.9,610.1,0.5321,0.0,persistence_half,9,0.67,0.15,beta,half
City-B,T4,10x,1400.0,S2_Platform,routine,M_routine,500,True,4,1693.5,2018.6,0.0,0.0,1.0,persistence_half,9,0.67,0.15,beta,half
City-B,T4,10x,1400.0,S2_Platform,cross_regime,M_stress,500,True,4,1693.5,1382.6,17.4,0.1835,0.0,persistence_half,9,0.67,0.15,beta,half
City-B,T4,10x,1400.0,S3_Lin4,routine,M_routine,500,True,4,1830.2,2122.2,0.0,0.0,1.0,persistence_half,9,0.67,0.15,beta,half
City-B,T4,10x,1400.0,S3_Lin4,cross_regime,M_stress,500,True,4,1830.2,1495.3,0.0,0.183,1.0,persistence_half,9,0.67,0.15,beta,half
City-B,T4,10x,1400.0,S4_GlobalCalib,routine,M_routine,500,True,3,1655.4,1588.7,0.0,0.0403,1.0,persistence_half,9,0.67,0.15,beta,half
City-B,T4,10x,1400.0,S4_GlobalCalib,cross_regime,M_stress,500,True,3,1655.4,1162.1,237.9,0.298,0.0,persistence_half,9,0.67,0.15,beta,half
City-B,T4,10x,1400.0,S5_CityCalib,routine,M_routine,500,True,3,1647.0,1588.7,0.0,0.0354,1.0,persistence_half,9,0.67,0.15,beta,half
City-B,T4,10x,1400.0,S5_CityCalib,cross_regime,M_stress,500,True,3,1647.0,1162.1,237.9,0.2944,0.0,persistence_half,9,0.67,0.15,beta,half
City-B,T4,10x,1400.0,S6_Q10,routine,M_routine,500,True,3,1551.8,1588.7,0.0,0.0,1.0,persistence_half,9,0.67,0.15,beta,half
City-B,T4,10x,1400.0,S6_Q10,cross_regime,M_stress,500,True,3,1551.8,1162.1,237.9,0.2511,0.0,persistence_half,9,0.67,0.15,beta,half
City-B,T5,1x,160.0,S0a_RoutineOracle,routine,M_routine,500,True,1,506.2,506.2,0.0,0.0,1.0,persistence_half,9,0.67,0.15,beta,half
City-B,T5,1x,160.0,S0a_RoutineOracle,cross_regime,M_stress,500,True,1,506.2,333.7,0.0,0.3407,1.0,persistence_half,9,0.67,0.15,beta,half
City-B,T5,1x,160.0,S0b_StressOracle,routine,M_routine,500,True,1,333.7,506.2,0.0,0.0,1.0,persistence_half,9,0.67,0.15,beta,half
City-B,T5,1x,160.0,S0b_StressOracle,cross_regime,M_stress,500,True,1,333.7,333.7,0.0,0.0,1.0,persistence_half,9,0.67,0.15,beta,half
City-B,T5,1x,160.0,S1_CapRR,routine,M_routine,500,True,1,744.5,472.2,0.0,0.3658,1.0,persistence_half,9,0.67,0.15,beta,half
City-B,T5,1x,160.0,S1_CapRR,cross_regime,M_stress,500,True,1,744.5,312.8,0.0,0.5799,1.0,persistence_half,9,0.67,0.15,beta,half
City-B,T5,1x,160.0,S2_Platform,routine,M_routine,500,True,1,553.3,506.2,0.0,0.0851,1.0,persistence_half,9,0.67,0.15,beta,half
City-B,T5,1x,160.0,S2_Platform,cross_regime,M_stress,500,True,1,553.3,333.7,0.0,0.3968,1.0,persistence_half,9,0.67,0.15,beta,half
City-B,T5,1x,160.0,S3_Lin4,routine,M_routine,500,True,1,454.0,467.9,0.0,0.0,1.0,persistence_half,9,0.67,0.15,beta,half
City-B,T5,1x,160.0,S3_Lin4,cross_regime,M_stress,500,True,1,454.0,309.3,0.0,0.3188,1.0,persistence_half,9,0.67,0.15,beta,half
City-B,T5,1x,160.0,S4_GlobalCalib,routine,M_routine,500,True,1,492.8,472.2,0.0,0.0419,1.0,persistence_half,9,0.67,0.15,beta,half
City-B,T5,1x,160.0,S4_GlobalCalib,cross_regime,M_stress,500,True,1,492.8,312.8,0.0,0.3654,1.0,persistence_half,9,0.67,0.15,beta,half
City-B,T5,1x,160.0,S5_CityCalib,routine,M_routine,500,True,1,490.2,472.2,0.0,0.0368,1.0,persistence_half,9,0.67,0.15,beta,half
City-B,T5,1x,160.0,S5_CityCalib,cross_regime,M_stress,500,True,1,490.2,312.8,0.0,0.362,1.0,persistence_half,9,0.67,0.15,beta,half
City-B,T5,1x,160.0,S6_Q10,routine,M_routine,500,True,1,461.3,472.2,0.0,0.0,1.0,persistence_half,9,0.67,0.15,beta,half
City-B,T5,1x,160.0,S6_Q10,cross_regime,M_stress,500,True,1,461.3,312.8,0.0,0.322,1.0,persistence_half,9,0.67,0.15,beta,half
City-B,T5,2x,320.0,S0a_RoutineOracle,routine,M_routine,500,True,1,506.2,506.2,0.0,0.0,1.0,persistence_half,9,0.67,0.15,beta,half
City-B,T5,2x,320.0,S0a_RoutineOracle,cross_regime,M_stress,500,True,1,506.2,333.7,0.0,0.3407,1.0,persistence_half,9,0.67,0.15,beta,half
City-B,T5,2x,320.0,S0b_StressOracle,routine,M_routine,500,True,1,333.7,506.2,0.0,0.0,1.0,persistence_half,9,0.67,0.15,beta,half
City-B,T5,2x,320.0,S0b_StressOracle,cross_regime,M_stress,500,True,1,333.7,333.7,0.0,0.0,1.0,persistence_half,9,0.67,0.15,beta,half
City-B,T5,2x,320.0,S1_CapRR,routine,M_routine,500,True,1,744.5,472.2,0.0,0.3658,1.0,persistence_half,9,0.67,0.15,beta,half
City-B,T5,2x,320.0,S1_CapRR,cross_regime,M_stress,500,True,1,744.5,312.8,7.2,0.5799,0.0,persistence_half,9,0.67,0.15,beta,half
City-B,T5,2x,320.0,S2_Platform,routine,M_routine,500,True,1,553.3,506.2,0.0,0.0851,1.0,persistence_half,9,0.67,0.15,beta,half
City-B,T5,2x,320.0,S2_Platform,cross_regime,M_stress,500,True,1,553.3,333.7,0.0,0.3968,1.0,persistence_half,9,0.67,0.15,beta,half
City-B,T5,2x,320.0,S3_Lin4,routine,M_routine,500,True,1,454.0,467.9,0.0,0.0,1.0,persistence_half,9,0.67,0.15,beta,half
City-B,T5,2x,320.0,S3_Lin4,cross_regime,M_stress,500,True,1,454.0,309.3,10.7,0.3188,0.0,persistence_half,9,0.67,0.15,beta,half
City-B,T5,2x,320.0,S4_GlobalCalib,routine,M_routine,500,True,1,492.8,472.2,0.0,0.0419,1.0,persistence_half,9,0.67,0.15,beta,half
City-B,T5,2x,320.0,S4_GlobalCalib,cross_regime,M_stress,500,True,1,492.8,312.8,7.2,0.3654,0.0,persistence_half,9,0.67,0.15,beta,half
City-B,T5,2x,320.0,S5_CityCalib,routine,M_routine,500,True,1,490.2,472.2,0.0,0.0368,1.0,persistence_half,9,0.67,0.15,beta,half
City-B,T5,2x,320.0,S5_CityCalib,cross_regime,M_stress,500,True,1,490.2,312.8,7.2,0.362,0.0,persistence_half,9,0.67,0.15,beta,half
City-B,T5,2x,320.0,S6_Q10,routine,M_routine,500,True,1,461.3,472.2,0.0,0.0,1.0,persistence_half,9,0.67,0.15,beta,half
City-B,T5,2x,320.0,S6_Q10,cross_regime,M_stress,500,True,1,461.3,312.8,7.2,0.322,0.0,persistence_half,9,0.67,0.15,beta,half
City-B,T5,5x,800.0,S0a_RoutineOracle,routine,M_routine,500,True,2,978.4,978.4,0.0,0.0,1.0,persistence_half,9,0.67,0.15,beta,half
City-B,T5,5x,800.0,S0a_RoutineOracle,cross_regime,M_stress,500,True,2,978.4,646.5,153.5,0.3392,0.0,persistence_half,9,0.67,0.15,beta,half
City-B,T5,5x,800.0,S0b_StressOracle,routine,M_routine,500,True,3,977.3,1438.1,0.0,0.0,1.0,persistence_half,9,0.67,0.15,beta,half
City-B,T5,5x,800.0,S0b_StressOracle,cross_regime,M_stress,500,True,3,977.3,977.3,0.0,0.0,1.0,persistence_half,9,0.67,0.15,beta,half
City-B,T5,5x,800.0,S1_CapRR,routine,M_routine,500,True,2,1485.4,978.4,0.0,0.3413,1.0,persistence_half,9,0.67,0.15,beta,half
City-B,T5,5x,800.0,S1_CapRR,cross_regime,M_stress,500,True,2,1485.4,646.5,153.5,0.5648,0.0,persistence_half,9,0.67,0.15,beta,half
City-B,T5,5x,800.0,S2_Platform,routine,M_routine,500,True,2,1093.7,974.1,0.0,0.1093,1.0,persistence_half,9,0.67,0.15,beta,half
City-B,T5,5x,800.0,S2_Platform,cross_regime,M_stress,500,True,2,1093.7,643.0,157.0,0.4121,0.0,persistence_half,9,0.67,0.15,beta,half
City-B,T5,5x,800.0,S3_Lin4,routine,M_routine,500,True,2,901.9,927.6,0.0,0.0,1.0,persistence_half,9,0.67,0.15,beta,half
City-B,T5,5x,800.0,S3_Lin4,cross_regime,M_stress,500,True,2,901.9,640.0,160.0,0.2903,0.0,persistence_half,9,0.67,0.15,beta,half
City-B,T5,5x,800.0,S4_GlobalCalib,routine,M_routine,500,True,2,983.3,978.4,0.0,0.005,1.0,persistence_half,9,0.67,0.15,beta,half
City-B,T5,5x,800.0,S4_GlobalCalib,cross_regime,M_stress,500,True,2,983.3,646.5,153.5,0.3425,0.0,persistence_half,9,0.67,0.15,beta,half
City-B,T5,5x,800.0,S5_CityCalib,routine,M_routine,500,True,2,978.1,978.4,0.0,0.0,1.0,persistence_half,9,0.67,0.15,beta,half
City-B,T5,5x,800.0,S5_CityCalib,cross_regime,M_stress,500,True,2,978.1,646.5,153.5,0.339,0.0,persistence_half,9,0.67,0.15,beta,half
City-B,T5,5x,800.0,S6_Q10,routine,M_routine,500,True,2,920.4,978.4,0.0,0.0,1.0,persistence_half,9,0.67,0.15,beta,half
City-B,T5,5x,800.0,S6_Q10,cross_regime,M_stress,500,True,2,920.4,646.5,153.5,0.2976,0.0,persistence_half,9,0.67,0.15,beta,half
City-B,T5,10x,1600.0,S0a_RoutineOracle,routine,M_routine,500,True,4,1906.0,1906.0,0.0,0.0,1.0,persistence_half,9,0.67,0.15,beta,half
City-B,T5,10x,1600.0,S0a_RoutineOracle,cross_regime,M_stress,500,True,4,1906.0,1286.5,313.5,0.325,0.0,persistence_half,9,0.67,0.15,beta,half
City-B,T5,10x,1600.0,S0b_StressOracle,routine,M_routine,500,True,6,1822.2,2692.0,0.0,0.0,1.0,persistence_half,9,0.67,0.15,beta,half
City-B,T5,10x,1600.0,S0b_StressOracle,cross_regime,M_stress,500,True,6,1822.2,1822.2,0.0,0.0,1.0,persistence_half,9,0.67,0.15,beta,half
City-B,T5,10x,1600.0,S1_CapRR,routine,M_routine,500,True,3,2203.9,1446.3,153.7,0.3438,0.0,persistence_half,9,0.67,0.15,beta,half
City-B,T5,10x,1600.0,S1_CapRR,cross_regime,M_stress,500,True,3,2203.9,955.8,644.2,0.5663,0.0,persistence_half,9,0.67,0.15,beta,half
City-B,T5,10x,1600.0,S2_Platform,routine,M_routine,500,True,4,2025.8,1867.3,0.0,0.0783,1.0,persistence_half,9,0.67,0.15,beta,half
City-B,T5,10x,1600.0,S2_Platform,cross_regime,M_stress,500,True,4,2025.8,1239.6,360.4,0.3881,0.0,persistence_half,9,0.67,0.15,beta,half
City-B,T5,10x,1600.0,S3_Lin4,routine,M_routine,500,True,4,1781.9,1906.0,0.0,0.0,1.0,persistence_half,9,0.67,0.15,beta,half
City-B,T5,10x,1600.0,S3_Lin4,cross_regime,M_stress,500,True,4,1781.9,1286.5,313.5,0.278,0.0,persistence_half,9,0.67,0.15,beta,half
City-B,T5,10x,1600.0,S4_GlobalCalib,routine,M_routine,500,True,4,1924.2,1906.0,0.0,0.0095,1.0,persistence_half,9,0.67,0.15,beta,half
City-B,T5,10x,1600.0,S4_GlobalCalib,cross_regime,M_stress,500,True,4,1924.2,1286.5,313.5,0.3314,0.0,persistence_half,9,0.67,0.15,beta,half
City-B,T5,10x,1600.0,S5_CityCalib,routine,M_routine,500,True,4,1914.2,1906.0,0.0,0.0043,1.0,persistence_half,9,0.67,0.15,beta,half
City-B,T5,10x,1600.0,S5_CityCalib,cross_regime,M_stress,500,True,4,1914.2,1286.5,313.5,0.3279,0.0,persistence_half,9,0.67,0.15,beta,half
City-B,T5,10x,1600.0,S6_Q10,routine,M_routine,500,True,4,1801.2,1906.0,0.0,0.0,1.0,persistence_half,9,0.67,0.15,beta,half
City-B,T5,10x,1600.0,S6_Q10,cross_regime,M_stress,500,True,4,1801.2,1286.5,313.5,0.2857,0.0,persistence_half,9,0.67,0.15,beta,half
City-C,T1,1x,180.0,S0a_RoutineOracle,routine,M_routine,650,True,1,472.9,472.9,0.0,0.0,1.0,persistence_half,9,0.67,0.15,beta,half
City-C,T1,1x,180.0,S0a_RoutineOracle,cross_regime,M_stress,650,True,1,472.9,317.9,0.0,0.3278,1.0,persistence_half,9,0.67,0.15,beta,half
City-C,T1,1x,180.0,S0b_StressOracle,routine,M_routine,650,True,1,317.9,472.9,0.0,0.0,1.0,persistence_half,9,0.67,0.15,beta,half
City-C,T1,1x,180.0,S0b_StressOracle,cross_regime,M_stress,650,True,1,317.9,317.9,0.0,0.0,1.0,persistence_half,9,0.67,0.15,beta,half
City-C,T1,1x,180.0,S1_CapRR,routine,M_routine,650,True,1,737.0,472.4,0.0,0.3591,1.0,persistence_half,9,0.67,0.15,beta,half
City-C,T1,1x,180.0,S1_CapRR,cross_regime,M_stress,650,True,1,737.0,311.3,0.0,0.5776,1.0,persistence_half,9,0.67,0.15,beta,half
City-C,T1,1x,180.0,S2_Platform,routine,M_routine,650,True,1,460.9,472.4,0.0,0.0,1.0,persistence_half,9,0.67,0.15,beta,half
City-C,T1,1x,180.0,S2_Platform,cross_regime,M_stress,650,True,1,460.9,311.3,0.0,0.3245,1.0,persistence_half,9,0.67,0.15,beta,half
City-C,T1,1x,180.0,S3_Lin4,routine,M_routine,650,True,1,416.0,472.4,0.0,0.0,1.0,persistence_half,9,0.67,0.15,beta,half
City-C,T1,1x,180.0,S3_Lin4,cross_regime,M_stress,650,True,1,416.0,311.3,0.0,0.2515,1.0,persistence_half,9,0.67,0.15,beta,half
City-C,T1,1x,180.0,S4_GlobalCalib,routine,M_routine,650,True,1,489.1,472.4,0.0,0.0343,1.0,persistence_half,9,0.67,0.15,beta,half
City-C,T1,1x,180.0,S4_GlobalCalib,cross_regime,M_stress,650,True,1,489.1,311.3,0.0,0.3635,1.0,persistence_half,9,0.67,0.15,beta,half
City-C,T1,1x,180.0,S5_CityCalib,routine,M_routine,650,True,1,491.6,472.4,0.0,0.0391,1.0,persistence_half,9,0.67,0.15,beta,half
City-C,T1,1x,180.0,S5_CityCalib,cross_regime,M_stress,650,True,1,491.6,311.3,0.0,0.3667,1.0,persistence_half,9,0.67,0.15,beta,half
City-C,T1,1x,180.0,S6_Q10,routine,M_routine,650,True,1,458.0,472.4,0.0,0.0,1.0,persistence_half,9,0.67,0.15,beta,half
City-C,T1,1x,180.0,S6_Q10,cross_regime,M_stress,650,True,1,458.0,311.3,0.0,0.3203,1.0,persistence_half,9,0.67,0.15,beta,half
City-C,T1,2x,360.0,S0a_RoutineOracle,routine,M_routine,650,True,1,472.9,472.9,0.0,0.0,1.0,persistence_half,9,0.67,0.15,beta,half
City-C,T1,2x,360.0,S0a_RoutineOracle,cross_regime,M_stress,650,True,1,472.9,317.9,42.1,0.3278,0.0,persistence_half,9,0.67,0.15,beta,half
City-C,T1,2x,360.0,S0b_StressOracle,routine,M_routine,650,True,2,629.3,945.3,0.0,0.0,1.0,persistence_half,9,0.67,0.15,beta,half
City-C,T1,2x,360.0,S0b_StressOracle,cross_regime,M_stress,650,True,2,629.3,629.3,0.0,0.0,1.0,persistence_half,9,0.67,0.15,beta,half
City-C,T1,2x,360.0,S1_CapRR,routine,M_routine,650,True,1,737.0,472.4,0.0,0.3591,1.0,persistence_half,9,0.67,0.15,beta,half
City-C,T1,2x,360.0,S1_CapRR,cross_regime,M_stress,650,True,1,737.0,311.3,48.7,0.5776,0.0,persistence_half,9,0.67,0.15,beta,half
City-C,T1,2x,360.0,S2_Platform,routine,M_routine,650,True,1,460.9,472.4,0.0,0.0,1.0,persistence_half,9,0.67,0.15,beta,half
City-C,T1,2x,360.0,S2_Platform,cross_regime,M_stress,650,True,1,460.9,311.3,48.7,0.3245,0.0,persistence_half,9,0.67,0.15,beta,half
City-C,T1,2x,360.0,S3_Lin4,routine,M_routine,650,True,1,416.0,472.4,0.0,0.0,1.0,persistence_half,9,0.67,0.15,beta,half
City-C,T1,2x,360.0,S3_Lin4,cross_regime,M_stress,650,True,1,416.0,311.3,48.7,0.2515,0.0,persistence_half,9,0.67,0.15,beta,half
City-C,T1,2x,360.0,S4_GlobalCalib,routine,M_routine,650,True,1,489.1,472.4,0.0,0.0343,1.0,persistence_half,9,0.67,0.15,beta,half
City-C,T1,2x,360.0,S4_GlobalCalib,cross_regime,M_stress,650,True,1,489.1,311.3,48.7,0.3635,0.0,persistence_half,9,0.67,0.15,beta,half
City-C,T1,2x,360.0,S5_CityCalib,routine,M_routine,650,True,1,491.6,472.4,0.0,0.0391,1.0,persistence_half,9,0.67,0.15,beta,half
City-C,T1,2x,360.0,S5_CityCalib,cross_regime,M_stress,650,True,1,491.6,311.3,48.7,0.3667,0.0,persistence_half,9,0.67,0.15,beta,half
City-C,T1,2x,360.0,S6_Q10,routine,M_routine,650,True,1,458.0,472.4,0.0,0.0,1.0,persistence_half,9,0.67,0.15,beta,half
City-C,T1,2x,360.0,S6_Q10,cross_regime,M_stress,650,True,1,458.0,311.3,48.7,0.3203,0.0,persistence_half,9,0.67,0.15,beta,half
City-C,T1,5x,900.0,S0a_RoutineOracle,routine,M_routine,650,True,2,945.3,945.3,0.0,0.0,1.0,persistence_half,9,0.67,0.15,beta,half
City-C,T1,5x,900.0,S0a_RoutineOracle,cross_regime,M_stress,650,True,2,945.3,629.3,270.7,0.3343,0.0,persistence_half,9,0.67,0.15,beta,half
City-C,T1,5x,900.0,S0b_StressOracle,routine,M_routine,650,True,3,917.7,1392.0,0.0,0.0,1.0,persistence_half,9,0.67,0.15,beta,half
City-C,T1,5x,900.0,S0b_StressOracle,cross_regime,M_stress,650,True,3,917.7,917.7,0.0,0.0,1.0,persistence_half,9,0.67,0.15,beta,half
City-C,T1,5x,900.0,S1_CapRR,routine,M_routine,650,True,2,1439.5,945.3,0.0,0.3433,1.0,persistence_half,9,0.67,0.15,beta,half
City-C,T1,5x,900.0,S1_CapRR,cross_regime,M_stress,650,True,2,1439.5,629.3,270.7,0.5629,0.0,persistence_half,9,0.67,0.15,beta,half
City-C,T1,5x,900.0,S2_Platform,routine,M_routine,650,True,2,904.5,945.3,0.0,0.0,1.0,persistence_half,9,0.67,0.15,beta,half
City-C,T1,5x,900.0,S2_Platform,cross_regime,M_stress,650,True,2,904.5,629.3,270.7,0.3043,0.0,persistence_half,9,0.67,0.15,beta,half
City-C,T1,5x,900.0,S3_Lin4,routine,M_routine,650,True,3,1205.4,1392.0,0.0,0.0,1.0,persistence_half,9,0.67,0.15,beta,half
City-C,T1,5x,900.0,S3_Lin4,cross_regime,M_stress,650,True,3,1205.4,917.7,0.0,0.2387,1.0,persistence_half,9,0.67,0.15,beta,half
City-C,T1,5x,900.0,S4_GlobalCalib,routine,M_routine,650,True,2,955.4,945.3,0.0,0.0106,1.0,persistence_half,9,0.67,0.15,beta,half
City-C,T1,5x,900.0,S4_GlobalCalib,cross_regime,M_stress,650,True,2,955.4,629.3,270.7,0.3414,0.0,persistence_half,9,0.67,0.15,beta,half
City-C,T1,5x,900.0,S5_CityCalib,routine,M_routine,650,True,2,960.2,945.3,0.0,0.0155,1.0,persistence_half,9,0.67,0.15,beta,half
City-C,T1,5x,900.0,S5_CityCalib,cross_regime,M_stress,650,True,2,960.2,629.3,270.7,0.3447,0.0,persistence_half,9,0.67,0.15,beta,half
City-C,T1,5x,900.0,S6_Q10,routine,M_routine,650,True,3,1293.3,1392.0,0.0,0.0,1.0,persistence_half,9,0.67,0.15,beta,half
City-C,T1,5x,900.0,S6_Q10,cross_regime,M_stress,650,True,3,1293.3,917.7,0.0,0.2904,1.0,persistence_half,9,0.67,0.15,beta,half
City-C,T1,10x,1800.0,S0a_RoutineOracle,routine,M_routine,650,True,4,1804.2,1804.2,0.0,0.0,1.0,persistence_half,9,0.67,0.15,beta,half
City-C,T1,10x,1800.0,S0a_RoutineOracle,cross_regime,M_stress,650,True,4,1804.2,1153.8,646.2,0.3605,0.0,persistence_half,9,0.67,0.15,beta,half
City-C,T1,10x,1800.0,S0b_StressOracle,routine,M_routine,650,True,7,1901.0,2876.3,0.0,0.0,1.0,persistence_half,9,0.67,0.15,beta,half
City-C,T1,10x,1800.0,S0b_StressOracle,cross_regime,M_stress,650,True,7,1901.0,1901.0,0.0,0.0,1.0,persistence_half,9,0.67,0.15,beta,half
City-C,T1,10x,1800.0,S1_CapRR,routine,M_routine,650,True,3,2081.1,1392.0,408.0,0.3311,0.0,persistence_half,9,0.67,0.15,beta,half
City-C,T1,10x,1800.0,S1_CapRR,cross_regime,M_stress,650,True,3,2081.1,917.7,882.3,0.559,0.0,persistence_half,9,0.67,0.15,beta,half
City-C,T1,10x,1800.0,S2_Platform,routine,M_routine,650,True,5,2117.9,2039.0,0.0,0.0372,1.0,persistence_half,9,0.67,0.15,beta,half
City-C,T1,10x,1800.0,S2_Platform,cross_regime,M_stress,650,True,5,2117.9,1374.2,425.8,0.3511,0.0,persistence_half,9,0.67,0.15,beta,half
City-C,T1,10x,1800.0,S3_Lin4,routine,M_routine,650,True,5,1960.0,2122.9,0.0,0.0,1.0,persistence_half,9,0.67,0.15,beta,half
City-C,T1,10x,1800.0,S3_Lin4,cross_regime,M_stress,650,True,5,1960.0,1373.1,426.9,0.2994,0.0,persistence_half,9,0.67,0.15,beta,half
City-C,T1,10x,1800.0,S4_GlobalCalib,routine,M_routine,650,True,5,2154.3,2137.7,0.0,0.0077,1.0,persistence_half,9,0.67,0.15,beta,half
City-C,T1,10x,1800.0,S4_GlobalCalib,cross_regime,M_stress,650,True,5,2154.3,1413.9,386.1,0.3437,0.0,persistence_half,9,0.67,0.15,beta,half
City-C,T1,10x,1800.0,S5_CityCalib,routine,M_routine,650,True,5,2164.9,2137.7,0.0,0.0126,1.0,persistence_half,9,0.67,0.15,beta,half
City-C,T1,10x,1800.0,S5_CityCalib,cross_regime,M_stress,650,True,5,2164.9,1413.9,386.1,0.3469,0.0,persistence_half,9,0.67,0.15,beta,half
City-C,T1,10x,1800.0,S6_Q10,routine,M_routine,650,True,5,2017.0,2137.7,0.0,0.0,1.0,persistence_half,9,0.67,0.15,beta,half
City-C,T1,10x,1800.0,S6_Q10,cross_regime,M_stress,650,True,5,2017.0,1413.9,386.1,0.299,0.0,persistence_half,9,0.67,0.15,beta,half
City-C,T2,1x,260.0,S0a_RoutineOracle,routine,M_routine,650,True,1,502.5,502.5,0.0,0.0,1.0,persistence_half,9,0.67,0.15,beta,half
City-C,T2,1x,260.0,S0a_RoutineOracle,cross_regime,M_stress,650,True,1,502.5,327.7,0.0,0.3479,1.0,persistence_half,9,0.67,0.15,beta,half
City-C,T2,1x,260.0,S0b_StressOracle,routine,M_routine,650,True,1,327.7,502.5,0.0,0.0,1.0,persistence_half,9,0.67,0.15,beta,half
City-C,T2,1x,260.0,S0b_StressOracle,cross_regime,M_stress,650,True,1,327.7,327.7,0.0,0.0,1.0,persistence_half,9,0.67,0.15,beta,half
City-C,T2,1x,260.0,S1_CapRR,routine,M_routine,650,True,1,737.0,502.5,0.0,0.3183,1.0,persistence_half,9,0.67,0.15,beta,half
City-C,T2,1x,260.0,S1_CapRR,cross_regime,M_stress,650,True,1,737.0,327.7,0.0,0.5554,1.0,persistence_half,9,0.67,0.15,beta,half
City-C,T2,1x,260.0,S2_Platform,routine,M_routine,650,True,1,467.3,502.5,0.0,0.0,1.0,persistence_half,9,0.67,0.15,beta,half
City-C,T2,1x,260.0,S2_Platform,cross_regime,M_stress,650,True,1,467.3,327.7,0.0,0.2988,1.0,persistence_half,9,0.67,0.15,beta,half
City-C,T2,1x,260.0,S3_Lin4,routine,M_routine,650,True,1,418.0,502.5,0.0,0.0,1.0,persistence_half,9,0.67,0.15,beta,half
City-C,T2,1x,260.0,S3_Lin4,cross_regime,M_stress,650,True,1,418.0,327.7,0.0,0.216,1.0,persistence_half,9,0.67,0.15,beta,half
City-C,T2,1x,260.0,S4_GlobalCalib,routine,M_routine,650,True,1,489.0,502.5,0.0,0.0,1.0,persistence_half,9,0.67,0.15,beta,half
City-C,T2,1x,260.0,S4_GlobalCalib,cross_regime,M_stress,650,True,1,489.0,327.7,0.0,0.3299,1.0,persistence_half,9,0.67,0.15,beta,half
City-C,T2,1x,260.0,S5_CityCalib,routine,M_routine,650,True,1,490.2,502.5,0.0,0.0,1.0,persistence_half,9,0.67,0.15,beta,half
City-C,T2,1x,260.0,S5_CityCalib,cross_regime,M_stress,650,True,1,490.2,327.7,0.0,0.3316,1.0,persistence_half,9,0.67,0.15,beta,half
City-C,T2,1x,260.0,S6_Q10,routine,M_routine,650,True,1,457.6,502.5,0.0,0.0,1.0,persistence_half,9,0.67,0.15,beta,half
City-C,T2,1x,260.0,S6_Q10,cross_regime,M_stress,650,True,1,457.6,327.7,0.0,0.284,1.0,persistence_half,9,0.67,0.15,beta,half
City-C,T2,2x,520.0,S0a_RoutineOracle,routine,M_routine,650,True,2,967.4,967.4,0.0,0.0,1.0,persistence_half,9,0.67,0.15,beta,half
City-C,T2,2x,520.0,S0a_RoutineOracle,cross_regime,M_stress,650,True,2,967.4,639.4,0.0,0.3391,1.0,persistence_half,9,0.67,0.15,beta,half
City-C,T2,2x,520.0,S0b_StressOracle,routine,M_routine,650,True,2,639.4,967.4,0.0,0.0,1.0,persistence_half,9,0.67,0.15,beta,half
City-C,T2,2x,520.0,S0b_StressOracle,cross_regime,M_stress,650,True,2,639.4,639.4,0.0,0.0,1.0,persistence_half,9,0.67,0.15,beta,half
City-C,T2,2x,520.0,S1_CapRR,routine,M_routine,650,True,1,737.0,502.5,17.5,0.3183,0.0,persistence_half,9,0.67,0.15,beta,half
City-C,T2,2x,520.0,S1_CapRR,cross_regime,M_stress,650,True,1,737.0,327.7,192.3,0.5554,0.0,persistence_half,9,0.67,0.15,beta,half
City-C,T2,2x,520.0,S2_Platform,routine,M_routine,650,True,2,902.1,967.4,0.0,0.0,1.0,persistence_half,9,0.67,0.15,beta,half
City-C,T2,2x,520.0,S2_Platform,cross_regime,M_stress,650,True,2,902.1,639.4,0.0,0.2912,1.0,persistence_half,9,0.67,0.15,beta,half
City-C,T2,2x,520.0,S3_Lin4,routine,M_routine,650,True,2,818.7,967.4,0.0,0.0,1.0,persistence_half,9,0.67,0.15,beta,half
City-C,T2,2x,520.0,S3_Lin4,cross_regime,M_stress,650,True,2,818.7,639.4,0.0,0.219,1.0,persistence_half,9,0.67,0.15,beta,half
City-C,T2,2x,520.0,S4_GlobalCalib,routine,M_routine,650,True,2,955.1,967.4,0.0,0.0,1.0,persistence_half,9,0.67,0.15,beta,half
City-C,T2,2x,520.0,S4_GlobalCalib,cross_regime,M_stress,650,True,2,955.1,639.4,0.0,0.3306,1.0,persistence_half,9,0.67,0.15,beta,half
City-C,T2,2x,520.0,S5_CityCalib,routine,M_routine,650,True,2,957.4,967.4,0.0,0.0,1.0,persistence_half,9,0.67,0.15,beta,half
City-C,T2,2x,520.0,S5_CityCalib,cross_regime,M_stress,650,True,2,957.4,639.4,0.0,0.3322,1.0,persistence_half,9,0.67,0.15,beta,half
City-C,T2,2x,520.0,S6_Q10,routine,M_routine,650,True,2,893.8,967.4,0.0,0.0,1.0,persistence_half,9,0.67,0.15,beta,half
City-C,T2,2x,520.0,S6_Q10,cross_regime,M_stress,650,True,2,893.8,639.4,0.0,0.2847,1.0,persistence_half,9,0.67,0.15,beta,half
City-C,T2,5x,1300.0,S0a_RoutineOracle,routine,M_routine,650,True,3,1363.4,1363.4,0.0,0.0,1.0,persistence_half,9,0.67,0.15,beta,half
City-C,T2,5x,1300.0,S0a_RoutineOracle,cross_regime,M_stress,650,True,3,1363.4,928.1,371.9,0.3193,0.0,persistence_half,9,0.67,0.15,beta,half
City-C,T2,5x,1300.0,S0b_StressOracle,routine,M_routine,650,True,5,1450.3,2081.5,0.0,0.0,1.0,persistence_half,9,0.67,0.15,beta,half
City-C,T2,5x,1300.0,S0b_StressOracle,cross_regime,M_stress,650,True,5,1450.3,1450.3,0.0,0.0,1.0,persistence_half,9,0.67,0.15,beta,half
City-C,T2,5x,1300.0,S1_CapRR,routine,M_routine,650,True,2,1439.5,967.4,332.6,0.328,0.0,persistence_half,9,0.67,0.15,beta,half
City-C,T2,5x,1300.0,S1_CapRR,cross_regime,M_stress,650,True,2,1439.5,639.4,660.6,0.5559,0.0,persistence_half,9,0.67,0.15,beta,half
City-C,T2,5x,1300.0,S2_Platform,routine,M_routine,650,True,3,1301.1,1363.4,0.0,0.0,1.0,persistence_half,9,0.67,0.15,beta,half
City-C,T2,5x,1300.0,S2_Platform,cross_regime,M_stress,650,True,3,1301.1,928.1,371.9,0.2866,0.0,persistence_half,9,0.67,0.15,beta,half
City-C,T2,5x,1300.0,S3_Lin4,routine,M_routine,650,True,4,1593.2,1740.6,0.0,0.0,1.0,persistence_half,9,0.67,0.15,beta,half
City-C,T2,5x,1300.0,S3_Lin4,cross_regime,M_stress,650,True,4,1593.2,1151.9,148.1,0.277,0.0,persistence_half,9,0.67,0.15,beta,half
City-C,T2,5x,1300.0,S4_GlobalCalib,routine,M_routine,650,True,3,1380.8,1363.4,0.0,0.0126,1.0,persistence_half,9,0.67,0.15,beta,half
City-C,T2,5x,1300.0,S4_GlobalCalib,cross_regime,M_stress,650,True,3,1380.8,928.1,371.9,0.3278,0.0,persistence_half,9,0.67,0.15,beta,half
City-C,T2,5x,1300.0,S5_CityCalib,routine,M_routine,650,True,3,1384.1,1363.4,0.0,0.0149,1.0,persistence_half,9,0.67,0.15,beta,half
City-C,T2,5x,1300.0,S5_CityCalib,cross_regime,M_stress,650,True,3,1384.1,928.1,371.9,0.3294,0.0,persistence_half,9,0.67,0.15,beta,half
City-C,T2,5x,1300.0,S6_Q10,routine,M_routine,650,True,4,1655.7,1743.9,0.0,0.0,1.0,persistence_half,9,0.67,0.15,beta,half
City-C,T2,5x,1300.0,S6_Q10,cross_regime,M_stress,650,True,4,1655.7,1175.1,124.9,0.2902,0.0,persistence_half,9,0.67,0.15,beta,half
City-C,T2,10x,2600.0,S0a_RoutineOracle,routine,M_routine,650,True,7,2883.6,2883.6,0.0,0.0,1.0,persistence_half,9,0.67,0.15,beta,half
City-C,T2,10x,2600.0,S0a_RoutineOracle,cross_regime,M_stress,650,True,7,2883.6,1876.5,723.5,0.3492,0.0,persistence_half,9,0.67,0.15,beta,half
City-C,T2,10x,2600.0,S0b_StressOracle,routine,M_routine,650,True,10,2693.3,3872.1,0.0,0.0,1.0,persistence_half,9,0.67,0.15,beta,half
City-C,T2,10x,2600.0,S0b_StressOracle,cross_regime,M_stress,650,True,10,2693.3,2693.3,0.0,0.0,1.0,persistence_half,9,0.67,0.15,beta,half
City-C,T2,10x,2600.0,S1_CapRR,routine,M_routine,650,True,4,2666.6,1743.9,856.1,0.346,0.0,persistence_half,9,0.67,0.15,beta,half
City-C,T2,10x,2600.0,S1_CapRR,cross_regime,M_stress,650,True,4,2666.6,1175.1,1424.9,0.5593,0.0,persistence_half,9,0.67,0.15,beta,half
City-C,T2,10x,2600.0,S2_Platform,routine,M_routine,650,True,7,2815.8,2795.9,0.0,0.0071,1.0,persistence_half,9,0.67,0.15,beta,half
City-C,T2,10x,2600.0,S2_Platform,cross_regime,M_stress,650,True,7,2815.8,1939.1,660.9,0.3113,0.0,persistence_half,9,0.67,0.15,beta,half
City-C,T2,10x,2600.0,S3_Lin4,routine,M_routine,650,True,7,2676.9,2815.8,0.0,0.0,1.0,persistence_half,9,0.67,0.15,beta,half
City-C,T2,10x,2600.0,S3_Lin4,cross_regime,M_stress,650,True,7,2676.9,1901.7,698.3,0.2896,0.0,persistence_half,9,0.67,0.15,beta,half
City-C,T2,10x,2600.0,S4_GlobalCalib,routine,M_routine,650,True,7,2901.7,2811.5,0.0,0.0311,1.0,persistence_half,9,0.67,0.15,beta,half
City-C,T2,10x,2600.0,S4_GlobalCalib,cross_regime,M_stress,650,True,7,2901.7,1918.3,681.7,0.3389,0.0,persistence_half,9,0.67,0.15,beta,half
City-C,T2,10x,2600.0,S5_CityCalib,routine,M_routine,650,True,7,2908.1,2811.5,0.0,0.0332,1.0,persistence_half,9,0.67,0.15,beta,half
City-C,T2,10x,2600.0,S5_CityCalib,cross_regime,M_stress,650,True,7,2908.1,1918.3,681.7,0.3403,0.0,persistence_half,9,0.67,0.15,beta,half
City-C,T2,10x,2600.0,S6_Q10,routine,M_routine,650,True,7,2715.0,2811.5,0.0,0.0,1.0,persistence_half,9,0.67,0.15,beta,half
City-C,T2,10x,2600.0,S6_Q10,cross_regime,M_stress,650,True,7,2715.0,1918.3,681.7,0.2934,0.0,persistence_half,9,0.67,0.15,beta,half
City-C,T3,1x,200.0,S0a_RoutineOracle,routine,M_routine,650,True,1,447.6,447.6,0.0,0.0,1.0,persistence_half,9,0.67,0.15,beta,half
City-C,T3,1x,200.0,S0a_RoutineOracle,cross_regime,M_stress,650,True,1,447.6,259.7,0.0,0.4199,1.0,persistence_half,9,0.67,0.15,beta,half
City-C,T3,1x,200.0,S0b_StressOracle,routine,M_routine,650,True,1,282.9,427.0,0.0,0.0,1.0,persistence_half,9,0.67,0.15,beta,half
City-C,T3,1x,200.0,S0b_StressOracle,cross_regime,M_stress,650,True,1,282.9,282.9,0.0,0.0,1.0,persistence_half,9,0.67,0.15,beta,half
City-C,T3,1x,200.0,S1_CapRR,routine,M_routine,650,True,1,648.6,447.6,0.0,0.3099,1.0,persistence_half,9,0.67,0.15,beta,half
City-C,T3,1x,200.0,S1_CapRR,cross_regime,M_stress,650,True,1,648.6,259.7,0.0,0.5996,1.0,persistence_half,9,0.67,0.15,beta,half
City-C,T3,1x,200.0,S2_Platform,routine,M_routine,650,True,1,456.8,447.6,0.0,0.02,1.0,persistence_half,9,0.67,0.15,beta,half
City-C,T3,1x,200.0,S2_Platform,cross_regime,M_stress,650,True,1,456.8,259.7,0.0,0.4315,1.0,persistence_half,9,0.67,0.15,beta,half
City-C,T3,1x,200.0,S3_Lin4,routine,M_routine,650,True,1,403.9,447.6,0.0,0.0,1.0,persistence_half,9,0.67,0.15,beta,half
City-C,T3,1x,200.0,S3_Lin4,cross_regime,M_stress,650,True,1,403.9,259.7,0.0,0.357,1.0,persistence_half,9,0.67,0.15,beta,half
City-C,T3,1x,200.0,S4_GlobalCalib,routine,M_routine,650,True,1,429.0,447.6,0.0,0.0,1.0,persistence_half,9,0.67,0.15,beta,half
City-C,T3,1x,200.0,S4_GlobalCalib,cross_regime,M_stress,650,True,1,429.0,259.7,0.0,0.3947,1.0,persistence_half,9,0.67,0.15,beta,half
City-C,T3,1x,200.0,S5_CityCalib,routine,M_routine,650,True,1,430.7,447.6,0.0,0.0,1.0,persistence_half,9,0.67,0.15,beta,half
City-C,T3,1x,200.0,S5_CityCalib,cross_regime,M_stress,650,True,1,430.7,259.7,0.0,0.397,1.0,persistence_half,9,0.67,0.15,beta,half
City-C,T3,1x,200.0,S6_Q10,routine,M_routine,650,True,1,401.7,447.6,0.0,0.0,1.0,persistence_half,9,0.67,0.15,beta,half
City-C,T3,1x,200.0,S6_Q10,cross_regime,M_stress,650,True,1,401.7,259.7,0.0,0.3536,1.0,persistence_half,9,0.67,0.15,beta,half
City-C,T3,2x,400.0,S0a_RoutineOracle,routine,M_routine,650,True,1,447.6,447.6,0.0,0.0,1.0,persistence_half,9,0.67,0.15,beta,half
City-C,T3,2x,400.0,S0a_RoutineOracle,cross_regime,M_stress,650,True,1,447.6,259.7,140.3,0.4199,0.0,persistence_half,9,0.67,0.15,beta,half
City-C,T3,2x,400.0,S0b_StressOracle,routine,M_routine,650,True,2,549.8,781.8,0.0,0.0,1.0,persistence_half,9,0.67,0.15,beta,half
City-C,T3,2x,400.0,S0b_StressOracle,cross_regime,M_stress,650,True,2,549.8,549.8,0.0,0.0,1.0,persistence_half,9,0.67,0.15,beta,half
City-C,T3,2x,400.0,S1_CapRR,routine,M_routine,650,True,1,648.6,447.6,0.0,0.3099,1.0,persistence_half,9,0.67,0.15,beta,half
City-C,T3,2x,400.0,S1_CapRR,cross_regime,M_stress,650,True,1,648.6,259.7,140.3,0.5996,0.0,persistence_half,9,0.67,0.15,beta,half
City-C,T3,2x,400.0,S2_Platform,routine,M_routine,650,True,1,456.8,447.6,0.0,0.02,1.0,persistence_half,9,0.67,0.15,beta,half
City-C,T3,2x,400.0,S2_Platform,cross_regime,M_stress,650,True,1,456.8,259.7,140.3,0.4315,0.0,persistence_half,9,0.67,0.15,beta,half
City-C,T3,2x,400.0,S3_Lin4,routine,M_routine,650,True,1,403.9,447.6,0.0,0.0,1.0,persistence_half,9,0.67,0.15,beta,half
City-C,T3,2x,400.0,S3_Lin4,cross_regime,M_stress,650,True,1,403.9,259.7,140.3,0.357,0.0,persistence_half,9,0.67,0.15,beta,half
City-C,T3,2x,400.0,S4_GlobalCalib,routine,M_routine,650,True,1,429.0,447.6,0.0,0.0,1.0,persistence_half,9,0.67,0.15,beta,half
City-C,T3,2x,400.0,S4_GlobalCalib,cross_regime,M_stress,650,True,1,429.0,259.7,140.3,0.3947,0.0,persistence_half,9,0.67,0.15,beta,half
City-C,T3,2x,400.0,S5_CityCalib,routine,M_routine,650,True,1,430.7,447.6,0.0,0.0,1.0,persistence_half,9,0.67,0.15,beta,half
City-C,T3,2x,400.0,S5_CityCalib,cross_regime,M_stress,650,True,1,430.7,259.7,140.3,0.397,0.0,persistence_half,9,0.67,0.15,beta,half
City-C,T3,2x,400.0,S6_Q10,routine,M_routine,650,True,1,401.7,447.6,0.0,0.0,1.0,persistence_half,9,0.67,0.15,beta,half
City-C,T3,2x,400.0,S6_Q10,cross_regime,M_stress,650,True,1,401.7,259.7,140.3,0.3536,0.0,persistence_half,9,0.67,0.15,beta,half
City-C,T3,5x,1000.0,S0a_RoutineOracle,routine,M_routine,650,True,3,1229.4,1229.4,0.0,0.0,1.0,persistence_half,9,0.67,0.15,beta,half
City-C,T3,5x,1000.0,S0a_RoutineOracle,cross_regime,M_stress,650,True,3,1229.4,809.5,190.5,0.3415,0.0,persistence_half,9,0.67,0.15,beta,half
City-C,T3,5x,1000.0,S0b_StressOracle,routine,M_routine,650,True,4,1040.6,1571.9,0.0,0.0,1.0,persistence_half,9,0.67,0.15,beta,half
City-C,T3,5x,1000.0,S0b_StressOracle,cross_regime,M_stress,650,True,4,1040.6,1040.6,0.0,0.0,1.0,persistence_half,9,0.67,0.15,beta,half
City-C,T3,5x,1000.0,S1_CapRR,routine,M_routine,650,True,2,1266.8,874.6,125.4,0.3096,0.0,persistence_half,9,0.67,0.15,beta,half
City-C,T3,5x,1000.0,S1_CapRR,cross_regime,M_stress,650,True,2,1266.8,542.6,457.4,0.5717,0.0,persistence_half,9,0.67,0.15,beta,half
City-C,T3,5x,1000.0,S2_Platform,routine,M_routine,650,True,3,1285.7,1095.3,0.0,0.1481,1.0,persistence_half,9,0.67,0.15,beta,half
City-C,T3,5x,1000.0,S2_Platform,cross_regime,M_stress,650,True,3,1285.7,685.1,314.9,0.4671,0.0,persistence_half,9,0.67,0.15,beta,half
City-C,T3,5x,1000.0,S3_Lin4,routine,M_routine,650,True,3,1171.2,1229.4,0.0,0.0,1.0,persistence_half,9,0.67,0.15,beta,half
City-C,T3,5x,1000.0,S3_Lin4,cross_regime,M_stress,650,True,3,1171.2,809.5,190.5,0.3088,0.0,persistence_half,9,0.67,0.15,beta,half
City-C,T3,5x,1000.0,S4_GlobalCalib,routine,M_routine,650,True,3,1211.4,1229.4,0.0,0.0,1.0,persistence_half,9,0.67,0.15,beta,half
City-C,T3,5x,1000.0,S4_GlobalCalib,cross_regime,M_stress,650,True,3,1211.4,809.5,190.5,0.3318,0.0,persistence_half,9,0.67,0.15,beta,half
City-C,T3,5x,1000.0,S5_CityCalib,routine,M_routine,650,True,3,1216.0,1229.4,0.0,0.0,1.0,persistence_half,9,0.67,0.15,beta,half
City-C,T3,5x,1000.0,S5_CityCalib,cross_regime,M_stress,650,True,3,1216.0,809.5,190.5,0.3343,0.0,persistence_half,9,0.67,0.15,beta,half
City-C,T3,5x,1000.0,S6_Q10,routine,M_routine,650,True,3,1134.3,1229.4,0.0,0.0,1.0,persistence_half,9,0.67,0.15,beta,half
City-C,T3,5x,1000.0,S6_Q10,cross_regime,M_stress,650,True,3,1134.3,809.5,190.5,0.2863,0.0,persistence_half,9,0.67,0.15,beta,half
City-C,T3,10x,2000.0,S0a_RoutineOracle,routine,M_routine,650,True,6,2271.2,2271.2,0.0,0.0,1.0,persistence_half,9,0.67,0.15,beta,half
City-C,T3,10x,2000.0,S0a_RoutineOracle,cross_regime,M_stress,650,True,6,2271.2,1423.3,576.7,0.3733,0.0,persistence_half,9,0.67,0.15,beta,half
City-C,T3,10x,2000.0,S0b_StressOracle,routine,M_routine,650,True,9,2115.4,3206.9,0.0,0.0,1.0,persistence_half,9,0.67,0.15,beta,half
City-C,T3,10x,2000.0,S0b_StressOracle,cross_regime,M_stress,650,True,9,2115.4,2115.4,0.0,0.0,1.0,persistence_half,9,0.67,0.15,beta,half
City-C,T3,10x,2000.0,S1_CapRR,routine,M_routine,650,True,4,2346.7,1581.2,418.8,0.3262,0.0,persistence_half,9,0.67,0.15,beta,half
City-C,T3,10x,2000.0,S1_CapRR,cross_regime,M_stress,650,True,4,2346.7,1011.9,988.1,0.5688,0.0,persistence_half,9,0.67,0.15,beta,half
City-C,T3,10x,2000.0,S2_Platform,routine,M_routine,650,True,5,2048.1,1734.2,265.8,0.1533,0.0,persistence_half,9,0.67,0.15,beta,half
City-C,T3,10x,2000.0,S2_Platform,cross_regime,M_stress,650,True,5,2048.1,1140.9,859.1,0.4429,0.0,persistence_half,9,0.67,0.15,beta,half
City-C,T3,10x,2000.0,S3_Lin4,routine,M_routine,650,True,6,2258.6,2197.1,0.0,0.0272,1.0,persistence_half,9,0.67,0.15,beta,half
City-C,T3,10x,2000.0,S3_Lin4,cross_regime,M_stress,650,True,6,2258.6,1452.8,547.2,0.3567,0.0,persistence_half,9,0.67,0.15,beta,half
City-C,T3,10x,2000.0,S4_GlobalCalib,routine,M_routine,650,True,6,2220.3,2215.2,0.0,0.0023,1.0,persistence_half,9,0.67,0.15,beta,half
City-C,T3,10x,2000.0,S4_GlobalCalib,cross_regime,M_stress,650,True,6,2220.3,1437.8,562.2,0.3524,0.0,persistence_half,9,0.67,0.15,beta,half
City-C,T3,10x,2000.0,S5_CityCalib,routine,M_routine,650,True,6,2228.4,2215.2,0.0,0.0059,1.0,persistence_half,9,0.67,0.15,beta,half
City-C,T3,10x,2000.0,S5_CityCalib,cross_regime,M_stress,650,True,6,2228.4,1437.8,562.2,0.3548,0.0,persistence_half,9,0.67,0.15,beta,half
City-C,T3,10x,2000.0,S6_Q10,routine,M_routine,650,True,6,2078.6,2215.2,0.0,0.0,1.0,persistence_half,9,0.67,0.15,beta,half
City-C,T3,10x,2000.0,S6_Q10,cross_regime,M_stress,650,True,6,2078.6,1437.8,562.2,0.3083,0.0,persistence_half,9,0.67,0.15,beta,half
City-C,T4,1x,140.0,S0a_RoutineOracle,routine,M_routine,650,True,1,513.0,513.0,0.0,0.0,1.0,persistence_half,9,0.67,0.15,beta,half
City-C,T4,1x,140.0,S0a_RoutineOracle,cross_regime,M_stress,650,True,1,513.0,317.2,0.0,0.3817,1.0,persistence_half,9,0.67,0.15,beta,half
City-C,T4,1x,140.0,S0b_StressOracle,routine,M_routine,650,True,1,321.1,468.1,0.0,0.0,1.0,persistence_half,9,0.67,0.15,beta,half
City-C,T4,1x,140.0,S0b_StressOracle,cross_regime,M_stress,650,True,1,321.1,321.1,0.0,0.0,1.0,persistence_half,9,0.67,0.15,beta,half
City-C,T4,1x,140.0,S1_CapRR,routine,M_routine,650,True,1,737.0,513.0,0.0,0.304,1.0,persistence_half,9,0.67,0.15,beta,half
City-C,T4,1x,140.0,S1_CapRR,cross_regime,M_stress,650,True,1,737.0,317.2,0.0,0.5696,1.0,persistence_half,9,0.67,0.15,beta,half
City-C,T4,1x,140.0,S2_Platform,routine,M_routine,650,True,1,377.7,357.1,0.0,0.0545,1.0,persistence_half,9,0.67,0.15,beta,half
City-C,T4,1x,140.0,S2_Platform,cross_regime,M_stress,650,True,1,377.7,250.7,0.0,0.3362,1.0,persistence_half,9,0.67,0.15,beta,half
City-C,T4,1x,140.0,S3_Lin4,routine,M_routine,650,True,1,417.0,513.0,0.0,0.0,1.0,persistence_half,9,0.67,0.15,beta,half
City-C,T4,1x,140.0,S3_Lin4,cross_regime,M_stress,650,True,1,417.0,317.2,0.0,0.2394,1.0,persistence_half,9,0.67,0.15,beta,half
City-C,T4,1x,140.0,S4_GlobalCalib,routine,M_routine,650,True,1,487.2,513.0,0.0,0.0,1.0,persistence_half,9,0.67,0.15,beta,half
City-C,T4,1x,140.0,S4_GlobalCalib,cross_regime,M_stress,650,True,1,487.2,317.2,0.0,0.349,1.0,persistence_half,9,0.67,0.15,beta,half
City-C,T4,1x,140.0,S5_CityCalib,routine,M_routine,650,True,1,489.0,513.0,0.0,0.0,1.0,persistence_half,9,0.67,0.15,beta,half
City-C,T4,1x,140.0,S5_CityCalib,cross_regime,M_stress,650,True,1,489.0,317.2,0.0,0.3513,1.0,persistence_half,9,0.67,0.15,beta,half
City-C,T4,1x,140.0,S6_Q10,routine,M_routine,650,True,1,456.7,513.0,0.0,0.0,1.0,persistence_half,9,0.67,0.15,beta,half
City-C,T4,1x,140.0,S6_Q10,cross_regime,M_stress,650,True,1,456.7,317.2,0.0,0.3054,1.0,persistence_half,9,0.67,0.15,beta,half
City-C,T4,2x,280.0,S0a_RoutineOracle,routine,M_routine,650,True,1,513.0,513.0,0.0,0.0,1.0,persistence_half,9,0.67,0.15,beta,half
City-C,T4,2x,280.0,S0a_RoutineOracle,cross_regime,M_stress,650,True,1,513.0,317.2,0.0,0.3817,1.0,persistence_half,9,0.67,0.15,beta,half
City-C,T4,2x,280.0,S0b_StressOracle,routine,M_routine,650,True,1,321.1,468.1,0.0,0.0,1.0,persistence_half,9,0.67,0.15,beta,half
City-C,T4,2x,280.0,S0b_StressOracle,cross_regime,M_stress,650,True,1,321.1,321.1,0.0,0.0,1.0,persistence_half,9,0.67,0.15,beta,half
City-C,T4,2x,280.0,S1_CapRR,routine,M_routine,650,True,1,737.0,513.0,0.0,0.304,1.0,persistence_half,9,0.67,0.15,beta,half
City-C,T4,2x,280.0,S1_CapRR,cross_regime,M_stress,650,True,1,737.0,317.2,0.0,0.5696,1.0,persistence_half,9,0.67,0.15,beta,half
City-C,T4,2x,280.0,S2_Platform,routine,M_routine,650,True,1,377.7,357.1,0.0,0.0545,1.0,persistence_half,9,0.67,0.15,beta,half
City-C,T4,2x,280.0,S2_Platform,cross_regime,M_stress,650,True,1,377.7,250.7,29.3,0.3362,0.0,persistence_half,9,0.67,0.15,beta,half
City-C,T4,2x,280.0,S3_Lin4,routine,M_routine,650,True,1,417.0,513.0,0.0,0.0,1.0,persistence_half,9,0.67,0.15,beta,half
City-C,T4,2x,280.0,S3_Lin4,cross_regime,M_stress,650,True,1,417.0,317.2,0.0,0.2394,1.0,persistence_half,9,0.67,0.15,beta,half
City-C,T4,2x,280.0,S4_GlobalCalib,routine,M_routine,650,True,1,487.2,513.0,0.0,0.0,1.0,persistence_half,9,0.67,0.15,beta,half
City-C,T4,2x,280.0,S4_GlobalCalib,cross_regime,M_stress,650,True,1,487.2,317.2,0.0,0.349,1.0,persistence_half,9,0.67,0.15,beta,half
City-C,T4,2x,280.0,S5_CityCalib,routine,M_routine,650,True,1,489.0,513.0,0.0,0.0,1.0,persistence_half,9,0.67,0.15,beta,half
City-C,T4,2x,280.0,S5_CityCalib,cross_regime,M_stress,650,True,1,489.0,317.2,0.0,0.3513,1.0,persistence_half,9,0.67,0.15,beta,half
City-C,T4,2x,280.0,S6_Q10,routine,M_routine,650,True,1,456.7,513.0,0.0,0.0,1.0,persistence_half,9,0.67,0.15,beta,half
City-C,T4,2x,280.0,S6_Q10,cross_regime,M_stress,650,True,1,456.7,317.2,0.0,0.3054,1.0,persistence_half,9,0.67,0.15,beta,half
City-C,T4,5x,700.0,S0a_RoutineOracle,routine,M_routine,650,True,2,981.2,981.2,0.0,0.0,1.0,persistence_half,9,0.67,0.15,beta,half
City-C,T4,5x,700.0,S0a_RoutineOracle,cross_regime,M_stress,650,True,2,981.2,638.3,61.7,0.3495,0.0,persistence_half,9,0.67,0.15,beta,half
City-C,T4,5x,700.0,S0b_StressOracle,routine,M_routine,650,True,3,941.3,1409.0,0.0,0.0,1.0,persistence_half,9,0.67,0.15,beta,half
City-C,T4,5x,700.0,S0b_StressOracle,cross_regime,M_stress,650,True,3,941.3,941.3,0.0,0.0,1.0,persistence_half,9,0.67,0.15,beta,half
City-C,T4,5x,700.0,S1_CapRR,routine,M_routine,650,True,1,737.0,513.0,187.0,0.304,0.0,persistence_half,9,0.67,0.15,beta,half
City-C,T4,5x,700.0,S1_CapRR,cross_regime,M_stress,650,True,1,737.0,317.2,382.8,0.5696,0.0,persistence_half,9,0.67,0.15,beta,half
City-C,T4,5x,700.0,S2_Platform,routine,M_routine,650,True,2,738.2,825.2,0.0,0.0,1.0,persistence_half,9,0.67,0.15,beta,half
City-C,T4,5x,700.0,S2_Platform,cross_regime,M_stress,650,True,2,738.2,571.8,128.2,0.2255,0.0,persistence_half,9,0.67,0.15,beta,half
City-C,T4,5x,700.0,S3_Lin4,routine,M_routine,650,True,2,816.7,981.2,0.0,0.0,1.0,persistence_half,9,0.67,0.15,beta,half
City-C,T4,5x,700.0,S3_Lin4,cross_regime,M_stress,650,True,2,816.7,638.3,61.7,0.2185,0.0,persistence_half,9,0.67,0.15,beta,half
City-C,T4,5x,700.0,S4_GlobalCalib,routine,M_routine,650,True,2,951.7,981.2,0.0,0.0,1.0,persistence_half,9,0.67,0.15,beta,half
City-C,T4,5x,700.0,S4_GlobalCalib,cross_regime,M_stress,650,True,2,951.7,638.3,61.7,0.3293,0.0,persistence_half,9,0.67,0.15,beta,half
City-C,T4,5x,700.0,S5_CityCalib,routine,M_routine,650,True,2,955.1,981.2,0.0,0.0,1.0,persistence_half,9,0.67,0.15,beta,half
City-C,T4,5x,700.0,S5_CityCalib,cross_regime,M_stress,650,True,2,955.1,638.3,61.7,0.3317,0.0,persistence_half,9,0.67,0.15,beta,half
City-C,T4,5x,700.0,S6_Q10,routine,M_routine,650,True,2,891.9,981.2,0.0,0.0,1.0,persistence_half,9,0.67,0.15,beta,half
City-C,T4,5x,700.0,S6_Q10,cross_regime,M_stress,650,True,2,891.9,638.3,61.7,0.2844,0.0,persistence_half,9,0.67,0.15,beta,half
City-C,T4,10x,1400.0,S0a_RoutineOracle,routine,M_routine,650,True,3,1409.0,1409.0,0.0,0.0,1.0,persistence_half,9,0.67,0.15,beta,half
City-C,T4,10x,1400.0,S0a_RoutineOracle,cross_regime,M_stress,650,True,3,1409.0,941.3,458.7,0.3319,0.0,persistence_half,9,0.67,0.15,beta,half
City-C,T4,10x,1400.0,S0b_StressOracle,routine,M_routine,650,True,5,1459.5,2165.7,0.0,0.0,1.0,persistence_half,9,0.67,0.15,beta,half
City-C,T4,10x,1400.0,S0b_StressOracle,cross_regime,M_stress,650,True,5,1459.5,1459.5,0.0,0.0,1.0,persistence_half,9,0.67,0.15,beta,half
City-C,T4,10x,1400.0,S1_CapRR,routine,M_routine,650,True,2,1439.5,981.2,418.8,0.3184,0.0,persistence_half,9,0.67,0.15,beta,half
City-C,T4,10x,1400.0,S1_CapRR,cross_regime,M_stress,650,True,2,1439.5,638.3,761.7,0.5566,0.0,persistence_half,9,0.67,0.15,beta,half
City-C,T4,10x,1400.0,S2_Platform,routine,M_routine,650,True,4,1425.4,1614.9,0.0,0.0,1.0,persistence_half,9,0.67,0.15,beta,half
City-C,T4,10x,1400.0,S2_Platform,cross_regime,M_stress,650,True,4,1425.4,1073.1,326.9,0.2472,0.0,persistence_half,9,0.67,0.15,beta,half
City-C,T4,10x,1400.0,S3_Lin4,routine,M_routine,650,True,4,1589.7,1782.1,0.0,0.0,1.0,persistence_half,9,0.67,0.15,beta,half
City-C,T4,10x,1400.0,S3_Lin4,cross_regime,M_stress,650,True,4,1589.7,1161.4,238.6,0.2694,0.0,persistence_half,9,0.67,0.15,beta,half
City-C,T4,10x,1400.0,S4_GlobalCalib,routine,M_routine,650,True,4,1763.1,1827.3,0.0,0.0,1.0,persistence_half,9,0.67,0.15,beta,half
City-C,T4,10x,1400.0,S4_GlobalCalib,cross_regime,M_stress,650,True,4,1763.1,1197.1,202.9,0.321,0.0,persistence_half,9,0.67,0.15,beta,half
City-C,T4,10x,1400.0,S5_CityCalib,routine,M_routine,650,True,4,1769.3,1827.3,0.0,0.0,1.0,persistence_half,9,0.67,0.15,beta,half
City-C,T4,10x,1400.0,S5_CityCalib,cross_regime,M_stress,650,True,4,1769.3,1197.1,202.9,0.3234,0.0,persistence_half,9,0.67,0.15,beta,half
City-C,T4,10x,1400.0,S6_Q10,routine,M_routine,650,True,4,1652.3,1827.3,0.0,0.0,1.0,persistence_half,9,0.67,0.15,beta,half
City-C,T4,10x,1400.0,S6_Q10,cross_regime,M_stress,650,True,4,1652.3,1197.1,202.9,0.2755,0.0,persistence_half,9,0.67,0.15,beta,half
City-C,T5,1x,160.0,S0a_RoutineOracle,routine,M_routine,650,True,1,454.5,454.5,0.0,0.0,1.0,persistence_half,9,0.67,0.15,beta,half
City-C,T5,1x,160.0,S0a_RoutineOracle,cross_regime,M_stress,650,True,1,454.5,292.5,0.0,0.3564,1.0,persistence_half,9,0.67,0.15,beta,half
City-C,T5,1x,160.0,S0b_StressOracle,routine,M_routine,650,True,1,292.5,454.5,0.0,0.0,1.0,persistence_half,9,0.67,0.15,beta,half
City-C,T5,1x,160.0,S0b_StressOracle,cross_regime,M_stress,650,True,1,292.5,292.5,0.0,0.0,1.0,persistence_half,9,0.67,0.15,beta,half
City-C,T5,1x,160.0,S1_CapRR,routine,M_routine,650,True,1,648.6,454.5,0.0,0.2992,1.0,persistence_half,9,0.67,0.15,beta,half
City-C,T5,1x,160.0,S1_CapRR,cross_regime,M_stress,650,True,1,648.6,292.5,0.0,0.549,1.0,persistence_half,9,0.67,0.15,beta,half
City-C,T5,1x,160.0,S2_Platform,routine,M_routine,650,True,1,451.5,454.5,0.0,0.0,1.0,persistence_half,9,0.67,0.15,beta,half
City-C,T5,1x,160.0,S2_Platform,cross_regime,M_stress,650,True,1,451.5,292.5,0.0,0.3521,1.0,persistence_half,9,0.67,0.15,beta,half
City-C,T5,1x,160.0,S3_Lin4,routine,M_routine,650,True,1,404.5,454.5,0.0,0.0,1.0,persistence_half,9,0.67,0.15,beta,half
City-C,T5,1x,160.0,S3_Lin4,cross_regime,M_stress,650,True,1,404.5,292.5,0.0,0.2767,1.0,persistence_half,9,0.67,0.15,beta,half
City-C,T5,1x,160.0,S4_GlobalCalib,routine,M_routine,650,True,1,429.4,454.5,0.0,0.0,1.0,persistence_half,9,0.67,0.15,beta,half
City-C,T5,1x,160.0,S4_GlobalCalib,cross_regime,M_stress,650,True,1,429.4,292.5,0.0,0.3187,1.0,persistence_half,9,0.67,0.15,beta,half
City-C,T5,1x,160.0,S5_CityCalib,routine,M_routine,650,True,1,431.5,454.5,0.0,0.0,1.0,persistence_half,9,0.67,0.15,beta,half
City-C,T5,1x,160.0,S5_CityCalib,cross_regime,M_stress,650,True,1,431.5,292.5,0.0,0.322,1.0,persistence_half,9,0.67,0.15,beta,half
City-C,T5,1x,160.0,S6_Q10,routine,M_routine,650,True,1,401.9,454.5,0.0,0.0,1.0,persistence_half,9,0.67,0.15,beta,half
City-C,T5,1x,160.0,S6_Q10,cross_regime,M_stress,650,True,1,401.9,292.5,0.0,0.2721,1.0,persistence_half,9,0.67,0.15,beta,half
City-C,T5,2x,320.0,S0a_RoutineOracle,routine,M_routine,650,True,1,454.5,454.5,0.0,0.0,1.0,persistence_half,9,0.67,0.15,beta,half
City-C,T5,2x,320.0,S0a_RoutineOracle,cross_regime,M_stress,650,True,1,454.5,292.5,27.5,0.3564,0.0,persistence_half,9,0.67,0.15,beta,half
City-C,T5,2x,320.0,S0b_StressOracle,routine,M_routine,650,True,2,578.0,868.7,0.0,0.0,1.0,persistence_half,9,0.67,0.15,beta,half
City-C,T5,2x,320.0,S0b_StressOracle,cross_regime,M_stress,650,True,2,578.0,578.0,0.0,0.0,1.0,persistence_half,9,0.67,0.15,beta,half
City-C,T5,2x,320.0,S1_CapRR,routine,M_routine,650,True,1,648.6,454.5,0.0,0.2992,1.0,persistence_half,9,0.67,0.15,beta,half
City-C,T5,2x,320.0,S1_CapRR,cross_regime,M_stress,650,True,1,648.6,292.5,27.5,0.549,0.0,persistence_half,9,0.67,0.15,beta,half
City-C,T5,2x,320.0,S2_Platform,routine,M_routine,650,True,1,451.5,454.5,0.0,0.0,1.0,persistence_half,9,0.67,0.15,beta,half
City-C,T5,2x,320.0,S2_Platform,cross_regime,M_stress,650,True,1,451.5,292.5,27.5,0.3521,0.0,persistence_half,9,0.67,0.15,beta,half
City-C,T5,2x,320.0,S3_Lin4,routine,M_routine,650,True,1,404.5,454.5,0.0,0.0,1.0,persistence_half,9,0.67,0.15,beta,half
City-C,T5,2x,320.0,S3_Lin4,cross_regime,M_stress,650,True,1,404.5,292.5,27.5,0.2767,0.0,persistence_half,9,0.67,0.15,beta,half
City-C,T5,2x,320.0,S4_GlobalCalib,routine,M_routine,650,True,1,429.4,454.5,0.0,0.0,1.0,persistence_half,9,0.67,0.15,beta,half
City-C,T5,2x,320.0,S4_GlobalCalib,cross_regime,M_stress,650,True,1,429.4,292.5,27.5,0.3187,0.0,persistence_half,9,0.67,0.15,beta,half
City-C,T5,2x,320.0,S5_CityCalib,routine,M_routine,650,True,1,431.5,454.5,0.0,0.0,1.0,persistence_half,9,0.67,0.15,beta,half
City-C,T5,2x,320.0,S5_CityCalib,cross_regime,M_stress,650,True,1,431.5,292.5,27.5,0.322,0.0,persistence_half,9,0.67,0.15,beta,half
City-C,T5,2x,320.0,S6_Q10,routine,M_routine,650,True,1,401.9,454.5,0.0,0.0,1.0,persistence_half,9,0.67,0.15,beta,half
City-C,T5,2x,320.0,S6_Q10,cross_regime,M_stress,650,True,1,401.9,292.5,27.5,0.2721,0.0,persistence_half,9,0.67,0.15,beta,half
City-C,T5,5x,800.0,S0a_RoutineOracle,routine,M_routine,650,True,2,868.7,868.7,0.0,0.0,1.0,persistence_half,9,0.67,0.15,beta,half
City-C,T5,5x,800.0,S0a_RoutineOracle,cross_regime,M_stress,650,True,2,868.7,578.0,222.0,0.3347,0.0,persistence_half,9,0.67,0.15,beta,half
City-C,T5,5x,800.0,S0b_StressOracle,routine,M_routine,650,True,3,840.0,1231.6,0.0,0.0,1.0,persistence_half,9,0.67,0.15,beta,half
City-C,T5,5x,800.0,S0b_StressOracle,cross_regime,M_stress,650,True,3,840.0,840.0,0.0,0.0,1.0,persistence_half,9,0.67,0.15,beta,half
City-C,T5,5x,800.0,S1_CapRR,routine,M_routine,650,True,2,1266.8,868.7,0.0,0.3143,1.0,persistence_half,9,0.67,0.15,beta,half
City-C,T5,5x,800.0,S1_CapRR,cross_regime,M_stress,650,True,2,1266.8,578.0,222.0,0.5438,0.0,persistence_half,9,0.67,0.15,beta,half
City-C,T5,5x,800.0,S2_Platform,routine,M_routine,650,True,2,882.9,745.8,54.2,0.1553,0.0,persistence_half,9,0.67,0.15,beta,half
City-C,T5,5x,800.0,S2_Platform,cross_regime,M_stress,650,True,2,882.9,526.2,273.8,0.404,0.0,persistence_half,9,0.67,0.15,beta,half
City-C,T5,5x,800.0,S3_Lin4,routine,M_routine,650,True,3,1173.2,1231.6,0.0,0.0,1.0,persistence_half,9,0.67,0.15,beta,half
City-C,T5,5x,800.0,S3_Lin4,cross_regime,M_stress,650,True,3,1173.2,840.0,0.0,0.284,1.0,persistence_half,9,0.67,0.15,beta,half
City-C,T5,5x,800.0,S4_GlobalCalib,routine,M_routine,650,True,2,838.7,868.7,0.0,0.0,1.0,persistence_half,9,0.67,0.15,beta,half
City-C,T5,5x,800.0,S4_GlobalCalib,cross_regime,M_stress,650,True,2,838.7,578.0,222.0,0.3109,0.0,persistence_half,9,0.67,0.15,beta,half
City-C,T5,5x,800.0,S5_CityCalib,routine,M_routine,650,True,2,842.8,868.7,0.0,0.0,1.0,persistence_half,9,0.67,0.15,beta,half
City-C,T5,5x,800.0,S5_CityCalib,cross_regime,M_stress,650,True,2,842.8,578.0,222.0,0.3142,0.0,persistence_half,9,0.67,0.15,beta,half
City-C,T5,5x,800.0,S6_Q10,routine,M_routine,650,True,3,1134.8,1231.6,0.0,0.0,1.0,persistence_half,9,0.67,0.15,beta,half
City-C,T5,5x,800.0,S6_Q10,cross_regime,M_stress,650,True,3,1134.8,840.0,0.0,0.2598,1.0,persistence_half,9,0.67,0.15,beta,half
City-C,T5,10x,1600.0,S0a_RoutineOracle,routine,M_routine,650,True,5,1908.0,1908.0,0.0,0.0,1.0,persistence_half,9,0.67,0.15,beta,half
City-C,T5,10x,1600.0,S0a_RoutineOracle,cross_regime,M_stress,650,True,5,1908.0,1254.2,345.8,0.3427,0.0,persistence_half,9,0.67,0.15,beta,half
City-C,T5,10x,1600.0,S0b_StressOracle,routine,M_routine,650,True,7,1728.6,2496.7,0.0,0.0,1.0,persistence_half,9,0.67,0.15,beta,half
City-C,T5,10x,1600.0,S0b_StressOracle,cross_regime,M_stress,650,True,7,1728.6,1728.6,0.0,0.0,1.0,persistence_half,9,0.67,0.15,beta,half
City-C,T5,10x,1600.0,S1_CapRR,routine,M_routine,650,True,3,1831.4,1231.6,368.4,0.3275,0.0,persistence_half,9,0.67,0.15,beta,half
City-C,T5,10x,1600.0,S1_CapRR,cross_regime,M_stress,650,True,3,1831.4,840.0,760.0,0.5413,0.0,persistence_half,9,0.67,0.15,beta,half
City-C,T5,10x,1600.0,S2_Platform,routine,M_routine,650,True,4,1670.1,1359.3,240.7,0.1861,0.0,persistence_half,9,0.67,0.15,beta,half
City-C,T5,10x,1600.0,S2_Platform,cross_regime,M_stress,650,True,4,1670.1,920.0,680.0,0.4491,0.0,persistence_half,9,0.67,0.15,beta,half
City-C,T5,10x,1600.0,S3_Lin4,routine,M_routine,650,True,5,1918.0,1878.8,0.0,0.0205,1.0,persistence_half,9,0.67,0.15,beta,half
City-C,T5,10x,1600.0,S3_Lin4,cross_regime,M_stress,650,True,5,1918.0,1248.9,351.1,0.3489,0.0,persistence_half,9,0.67,0.15,beta,half
City-C,T5,10x,1600.0,S4_GlobalCalib,routine,M_routine,650,True,5,1891.3,1864.1,0.0,0.0144,1.0,persistence_half,9,0.67,0.15,beta,half
City-C,T5,10x,1600.0,S4_GlobalCalib,cross_regime,M_stress,650,True,5,1891.3,1279.4,320.6,0.3236,0.0,persistence_half,9,0.67,0.15,beta,half
City-C,T5,10x,1600.0,S5_CityCalib,routine,M_routine,650,True,5,1900.0,1864.1,0.0,0.0189,1.0,persistence_half,9,0.67,0.15,beta,half
City-C,T5,10x,1600.0,S5_CityCalib,cross_regime,M_stress,650,True,5,1900.0,1279.4,320.6,0.3267,0.0,persistence_half,9,0.67,0.15,beta,half
City-C,T5,10x,1600.0,S6_Q10,routine,M_routine,650,True,5,1769.9,1864.1,0.0,0.0,1.0,persistence_half,9,0.67,0.15,beta,half
City-C,T5,10x,1600.0,S6_Q10,cross_regime,M_stress,650,True,5,1769.9,1279.4,320.6,0.2772,0.0,persistence_half,9,0.67,0.15,beta,half
