city,task_id,p_req_level,p_req,strategy,regime,eval_outcome,pool_size,pool_feasible,n_selected,p_commit,p_deliv,shortfall,ocr,success,config_name,seed_id,xi_mean,xi_std,xi_dist,xi_persistence
City-A,T1,1x,180.0,S0a_RoutineOracle,routine,M_routine,800,True,1,557.6,557.6,0.0,0.0,1.0,mean_0.8,0,0.8,0.15,beta,none
City-A,T1,1x,180.0,S0a_RoutineOracle,cross_regime,M_stress,800,True,1,557.6,308.5,0.0,0.4467,1.0,mean_0.8,0,0.8,0.15,beta,none
City-A,T1,1x,180.0,S0b_StressOracle,routine,M_routine,800,True,1,436.7,537.0,0.0,0.0,1.0,mean_0.8,0,0.8,0.15,beta,none
City-A,T1,1x,180.0,S0b_StressOracle,cross_regime,M_stress,800,True,1,436.7,436.7,0.0,0.0,1.0,mean_0.8,0,0.8,0.15,beta,none
City-A,T1,1x,180.0,S1_CapRR,routine,M_routine,800,True,1,678.2,537.0,0.0,0.2082,1.0,mean_0.8,0,0.8,0.15,beta,none
City-A,T1,1x,180.0,S1_CapRR,cross_regime,M_stress,800,True,1,678.2,436.7,0.0,0.3561,1.0,mean_0.8,0,0.8,0.15,beta,none
City-A,T1,1x,180.0,S2_Platform,routine,M_routine,800,True,1,421.1,537.0,0.0,0.0,1.0,mean_0.8,0,0.8,0.15,beta,none
City-A,T1,1x,180.0,S2_Platform,cross_regime,M_stress,800,True,1,421.1,436.7,0.0,0.0,1.0,mean_0.8,0,0.8,0.15,beta,none
City-A,T1,1x,180.0,S3_Lin4,routine,M_routine,800,True,1,584.3,537.0,0.0,0.0809,1.0,mean_0.8,0,0.8,0.15,beta,none
City-A,T1,1x,180.0,S3_Lin4,cross_regime,M_stress,800,True,1,584.3,436.7,0.0,0.2526,1.0,mean_0.8,0,0.8,0.15,beta,none
City-A,T1,1x,180.0,S4_GlobalCalib,routine,M_routine,800,True,1,540.8,537.0,0.0,0.007,1.0,mean_0.8,0,0.8,0.15,beta,none
City-A,T1,1x,180.0,S4_GlobalCalib,cross_regime,M_stress,800,True,1,540.8,436.7,0.0,0.1925,1.0,mean_0.8,0,0.8,0.15,beta,none
City-A,T1,1x,180.0,S5_CityCalib,routine,M_routine,800,True,1,535.6,537.0,0.0,0.0,1.0,mean_0.8,0,0.8,0.15,beta,none
City-A,T1,1x,180.0,S5_CityCalib,cross_regime,M_stress,800,True,1,535.6,436.7,0.0,0.1846,1.0,mean_0.8,0,0.8,0.15,beta,none
City-A,T1,1x,180.0,S6_Q10,routine,M_routine,800,True,1,391.5,537.0,0.0,0.0,1.0,mean_0.8,0,0.8,0.15,beta,none
City-A,T1,1x,180.0,S6_Q10,cross_regime,M_stress,800,True,1,391.5,436.7,0.0,0.0,1.0,mean_0.8,0,0.8,0.15,beta,none
City-A,T1,2x,360.0,S0a_RoutineOracle,routine,M_routine,800,True,1,557.6,557.6,0.0,0.0,1.0,mean_0.8,0,0.8,0.15,beta,none
City-A,T1,2x,360.0,S0a_RoutineOracle,cross_regime,M_stress,800,True,1,557.6,308.5,51.5,0.4467,0.0,mean_0.8,0,0.8,0.15,beta,none
City-A,T1,2x,360.0,S0b_StressOracle,routine,M_routine,800,True,1,436.7,537.0,0.0,0.0,1.0,mean_0.8,0,0.8,0.15,beta,none
City-A,T1,2x,360.0,S0b_StressOracle,cross_regime,M_stress,800,True,1,436.7,436.7,0.0,0.0,1.0,mean_0.8,0,0.8,0.15,beta,none
City-A,T1,2x,360.0,S1_CapRR,routine,M_routine,800,True,1,678.2,537.0,0.0,0.2082,1.0,mean_0.8,0,0.8,0.15,beta,none
City-A,T1,2x,360.0,S1_CapRR,cross_regime,M_stress,800,True,1,678.2,436.7,0.0,0.3561,1.0,mean_0.8,0,0.8,0.15,beta,none
City-A,T1,2x,360.0,S2_Platform,routine,M_routine,800,True,1,421.1,537.0,0.0,0.0,1.0,mean_0.8,0,0.8,0.15,beta,none
City-A,T1,2x,360.0,S2_Platform,cross_regime,M_stress,800,True,1,421.1,436.7,0.0,0.0,1.0,mean_0.8,0,0.8,0.15,beta,none
City-A,T1,2x,360.0,S3_Lin4,routine,M_routine,800,True,1,584.3,537.0,0.0,0.0809,1.0,mean_0.8,0,0.8,0.15,beta,none
City-A,T1,2x,360.0,S3_Lin4,cross_regime,M_stress,800,True,1,584.3,436.7,0.0,0.2526,1.0,mean_0.8,0,0.8,0.15,beta,none
City-A,T1,2x,360.0,S4_GlobalCalib,routine,M_routine,800,True,1,540.8,537.0,0.0,0.007,1.0,mean_0.8,0,0.8,0.15,beta,none
City-A,T1,2x,360.0,S4_GlobalCalib,cross_regime,M_stress,800,True,1,540.8,436.7,0.0,0.1925,1.0,mean_0.8,0,0.8,0.15,beta,none
City-A,T1,2x,360.0,S5_CityCalib,routine,M_routine,800,True,1,535.6,537.0,0.0,0.0,1.0,mean_0.8,0,0.8,0.15,beta,none
City-A,T1,2x,360.0,S5_CityCalib,cross_regime,M_stress,800,True,1,535.6,436.7,0.0,0.1846,1.0,mean_0.8,0,0.8,0.15,beta,none
City-A,T1,2x,360.0,S6_Q10,routine,M_routine,800,True,1,391.5,537.0,0.0,0.0,1.0,mean_0.8,0,0.8,0.15,beta,none
City-A,T1,2x,360.0,S6_Q10,cross_regime,M_stress,800,True,1,391.5,436.7,0.0,0.0,1.0,mean_0.8,0,0.8,0.15,beta,none
City-A,T1,5x,900.0,S0a_RoutineOracle,routine,M_routine,800,True,2,1094.6,1094.6,0.0,0.0,1.0,mean_0.8,0,0.8,0.15,beta,none
City-A,T1,5x,900.0,S0a_RoutineOracle,cross_regime,M_stress,800,True,2,1094.6,745.2,154.8,0.3192,0.0,mean_0.8,0,0.8,0.15,beta,none
City-A,T1,5x,900.0,S0b_StressOracle,routine,M_routine,800,True,3,1142.0,1477.7,0.0,0.0,1.0,mean_0.8,0,0.8,0.15,beta,none
City-A,T1,5x,900.0,S0b_StressOracle,cross_regime,M_stress,800,True,3,1142.0,1142.0,0.0,0.0,1.0,mean_0.8,0,0.8,0.15,beta,none
City-A,T1,5x,900.0,S1_CapRR,routine,M_routine,800,True,2,1293.4,1041.0,0.0,0.1951,1.0,mean_0.8,0,0.8,0.15,beta,none
City-A,T1,5x,900.0,S1_CapRR,cross_regime,M_stress,800,True,2,1293.4,752.0,148.0,0.4185,0.0,mean_0.8,0,0.8,0.15,beta,none
City-A,T1,5x,900.0,S2_Platform,routine,M_routine,800,True,3,1202.1,1550.5,0.0,0.0,1.0,mean_0.8,0,0.8,0.15,beta,none
City-A,T1,5x,900.0,S2_Platform,cross_regime,M_stress,800,True,3,1202.1,1008.5,0.0,0.161,1.0,mean_0.8,0,0.8,0.15,beta,none
City-A,T1,5x,900.0,S3_Lin4,routine,M_routine,800,True,2,1044.9,1062.9,0.0,0.0,1.0,mean_0.8,0,0.8,0.15,beta,none
City-A,T1,5x,900.0,S3_Lin4,cross_regime,M_stress,800,True,2,1044.9,817.6,82.4,0.2175,0.0,mean_0.8,0,0.8,0.15,beta,none
City-A,T1,5x,900.0,S4_GlobalCalib,routine,M_routine,800,True,2,1031.3,1041.0,0.0,0.0,1.0,mean_0.8,0,0.8,0.15,beta,none
City-A,T1,5x,900.0,S4_GlobalCalib,cross_regime,M_stress,800,True,2,1031.3,752.0,148.0,0.2708,0.0,mean_0.8,0,0.8,0.15,beta,none
City-A,T1,5x,900.0,S5_CityCalib,routine,M_routine,800,True,2,1021.5,1041.0,0.0,0.0,1.0,mean_0.8,0,0.8,0.15,beta,none
City-A,T1,5x,900.0,S5_CityCalib,cross_regime,M_stress,800,True,2,1021.5,752.0,148.0,0.2638,0.0,mean_0.8,0,0.8,0.15,beta,none
City-A,T1,5x,900.0,S6_Q10,routine,M_routine,800,True,3,1090.9,1566.9,0.0,0.0,1.0,mean_0.8,0,0.8,0.15,beta,none
City-A,T1,5x,900.0,S6_Q10,cross_regime,M_stress,800,True,3,1090.9,1132.9,0.0,0.0,1.0,mean_0.8,0,0.8,0.15,beta,none
City-A,T1,10x,1800.0,S0a_RoutineOracle,routine,M_routine,800,True,4,2130.0,2130.0,0.0,0.0,1.0,mean_0.8,0,0.8,0.15,beta,none
City-A,T1,10x,1800.0,S0a_RoutineOracle,cross_regime,M_stress,800,True,4,2130.0,1382.6,417.4,0.3509,0.0,mean_0.8,0,0.8,0.15,beta,none
City-A,T1,10x,1800.0,S0b_StressOracle,routine,M_routine,800,True,6,2103.3,2919.1,0.0,0.0,1.0,mean_0.8,0,0.8,0.15,beta,none
City-A,T1,10x,1800.0,S0b_StressOracle,cross_regime,M_stress,800,True,6,2103.3,2103.3,0.0,0.0,1.0,mean_0.8,0,0.8,0.15,beta,none
City-A,T1,10x,1800.0,S1_CapRR,routine,M_routine,800,True,3,1889.7,1566.9,233.1,0.1708,0.0,mean_0.8,0,0.8,0.15,beta,none
City-A,T1,10x,1800.0,S1_CapRR,cross_regime,M_stress,800,True,3,1889.7,1132.9,667.1,0.4005,0.0,mean_0.8,0,0.8,0.15,beta,none
City-A,T1,10x,1800.0,S2_Platform,routine,M_routine,800,True,5,1914.5,2488.0,0.0,0.0,1.0,mean_0.8,0,0.8,0.15,beta,none
City-A,T1,10x,1800.0,S2_Platform,cross_regime,M_stress,800,True,5,1914.5,1654.5,145.5,0.1358,0.0,mean_0.8,0,0.8,0.15,beta,none
City-A,T1,10x,1800.0,S3_Lin4,routine,M_routine,800,True,4,1930.1,1974.8,0.0,0.0,1.0,mean_0.8,0,0.8,0.15,beta,none
City-A,T1,10x,1800.0,S3_Lin4,cross_regime,M_stress,800,True,4,1930.1,1339.3,460.7,0.3061,0.0,mean_0.8,0,0.8,0.15,beta,none
City-A,T1,10x,1800.0,S4_GlobalCalib,routine,M_routine,800,True,4,1971.1,2124.5,0.0,0.0,1.0,mean_0.8,0,0.8,0.15,beta,none
City-A,T1,10x,1800.0,S4_GlobalCalib,cross_regime,M_stress,800,True,4,1971.1,1441.5,358.5,0.2687,0.0,mean_0.8,0,0.8,0.15,beta,none
City-A,T1,10x,1800.0,S5_CityCalib,routine,M_routine,800,True,4,1952.7,2124.5,0.0,0.0,1.0,mean_0.8,0,0.8,0.15,beta,none
City-A,T1,10x,1800.0,S5_CityCalib,cross_regime,M_stress,800,True,4,1952.7,1441.5,358.5,0.2618,0.0,mean_0.8,0,0.8,0.15,beta,none
City-A,T1,10x,1800.0,S6_Q10,routine,M_routine,800,True,6,2058.9,2987.9,0.0,0.0,1.0,mean_0.8,0,0.8,0.15,beta,none
City-A,T1,10x,1800.0,S6_Q10,cross_regime,M_stress,800,True,6,2058.9,1971.1,0.0,0.0426,1.0,mean_0.8,0,0.8,0.15,beta,none
City-A,T2,1x,260.0,S0a_RoutineOracle,routine,M_routine,800,True,1,662.2,662.2,0.0,0.0,1.0,mean_0.8,0,0.8,0.15,beta,none
City-A,T2,1x,260.0,S0a_RoutineOracle,cross_regime,M_stress,800,True,1,662.2,385.6,0.0,0.4176,1.0,mean_0.8,0,0.8,0.15,beta,none
City-A,T2,1x,260.0,S0b_StressOracle,routine,M_routine,800,True,1,385.6,662.2,0.0,0.0,1.0,mean_0.8,0,0.8,0.15,beta,none
City-A,T2,1x,260.0,S0b_StressOracle,cross_regime,M_stress,800,True,1,385.6,385.6,0.0,0.0,1.0,mean_0.8,0,0.8,0.15,beta,none
City-A,T2,1x,260.0,S1_CapRR,routine,M_routine,800,True,1,678.2,662.2,0.0,0.0236,1.0,mean_0.8,0,0.8,0.15,beta,none
City-A,T2,1x,260.0,S1_CapRR,cross_regime,M_stress,800,True,1,678.2,385.6,0.0,0.4314,1.0,mean_0.8,0,0.8,0.15,beta,none
City-A,T2,1x,260.0,S2_Platform,routine,M_routine,800,True,1,441.1,662.2,0.0,0.0,1.0,mean_0.8,0,0.8,0.15,beta,none
City-A,T2,1x,260.0,S2_Platform,cross_regime,M_stress,800,True,1,441.1,385.6,0.0,0.1258,1.0,mean_0.8,0,0.8,0.15,beta,none
City-A,T2,1x,260.0,S3_Lin4,routine,M_routine,800,True,1,578.3,662.2,0.0,0.0,1.0,mean_0.8,0,0.8,0.15,beta,none
City-A,T2,1x,260.0,S3_Lin4,cross_regime,M_stress,800,True,1,578.3,385.6,0.0,0.3331,1.0,mean_0.8,0,0.8,0.15,beta,none
City-A,T2,1x,260.0,S4_GlobalCalib,routine,M_routine,800,True,1,537.8,662.2,0.0,0.0,1.0,mean_0.8,0,0.8,0.15,beta,none
City-A,T2,1x,260.0,S4_GlobalCalib,cross_regime,M_stress,800,True,1,537.8,385.6,0.0,0.283,1.0,mean_0.8,0,0.8,0.15,beta,none
City-A,T2,1x,260.0,S5_CityCalib,routine,M_routine,800,True,1,538.5,662.2,0.0,0.0,1.0,mean_0.8,0,0.8,0.15,beta,none
City-A,T2,1x,260.0,S5_CityCalib,cross_regime,M_stress,800,True,1,538.5,385.6,0.0,0.2838,1.0,mean_0.8,0,0.8,0.15,beta,none
City-A,T2,1x,260.0,S6_Q10,routine,M_routine,800,True,1,393.7,662.2,0.0,0.0,1.0,mean_0.8,0,0.8,0.15,beta,none
City-A,T2,1x,260.0,S6_Q10,cross_regime,M_stress,800,True,1,393.7,385.6,0.0,0.0204,1.0,mean_0.8,0,0.8,0.15,beta,none
City-A,T2,2x,520.0,S0a_RoutineOracle,routine,M_routine,800,True,1,662.2,662.2,0.0,0.0,1.0,mean_0.8,0,0.8,0.15,beta,none
City-A,T2,2x,520.0,S0a_RoutineOracle,cross_regime,M_stress,800,True,1,662.2,385.6,134.4,0.4176,0.0,mean_0.8,0,0.8,0.15,beta,none
City-A,T2,2x,520.0,S0b_StressOracle,routine,M_routine,800,True,2,747.5,1124.5,0.0,0.0,1.0,mean_0.8,0,0.8,0.15,beta,none
City-A,T2,2x,520.0,S0b_StressOracle,cross_regime,M_stress,800,True,2,747.5,747.5,0.0,0.0,1.0,mean_0.8,0,0.8,0.15,beta,none
City-A,T2,2x,520.0,S1_CapRR,routine,M_routine,800,True,1,678.2,662.2,0.0,0.0236,1.0,mean_0.8,0,0.8,0.15,beta,none
City-A,T2,2x,520.0,S1_CapRR,cross_regime,M_stress,800,True,1,678.2,385.6,134.4,0.4314,0.0,mean_0.8,0,0.8,0.15,beta,none
City-A,T2,2x,520.0,S2_Platform,routine,M_routine,800,True,2,849.9,1058.5,0.0,0.0,1.0,mean_0.8,0,0.8,0.15,beta,none
City-A,T2,2x,520.0,S2_Platform,cross_regime,M_stress,800,True,2,849.9,701.1,0.0,0.1751,1.0,mean_0.8,0,0.8,0.15,beta,none
City-A,T2,2x,520.0,S3_Lin4,routine,M_routine,800,True,1,578.3,662.2,0.0,0.0,1.0,mean_0.8,0,0.8,0.15,beta,none
City-A,T2,2x,520.0,S3_Lin4,cross_regime,M_stress,800,True,1,578.3,385.6,134.4,0.3331,0.0,mean_0.8,0,0.8,0.15,beta,none
City-A,T2,2x,520.0,S4_GlobalCalib,routine,M_routine,800,True,1,537.8,662.2,0.0,0.0,1.0,mean_0.8,0,0.8,0.15,beta,none
City-A,T2,2x,520.0,S4_GlobalCalib,cross_regime,M_stress,800,True,1,537.8,385.6,134.4,0.283,0.0,mean_0.8,0,0.8,0.15,beta,none
City-A,T2,2x,520.0,S5_CityCalib,routine,M_routine,800,True,1,538.5,662.2,0.0,0.0,1.0,mean_0.8,0,0.8,0.15,beta,none
City-A,T2,2x,520.0,S5_CityCalib,cross_regime,M_stress,800,True,1,538.5,385.6,134.4,0.2838,0.0,mean_0.8,0,0.8,0.15,beta,none
City-A,T2,2x,520.0,S6_Q10,routine,M_routine,800,True,2,750.8,1058.5,0.0,0.0,1.0,mean_0.8,0,0.8,0.15,beta,none
City-A,T2,2x,520.0,S6_Q10,cross_regime,M_stress,800,True,2,750.8,701.1,0.0,0.0661,1.0,mean_0.8,0,0.8,0.15,beta,none
City-A,T2,5x,1300.0,S0a_RoutineOracle,routine,M_routine,800,True,3,1724.1,1724.1,0.0,0.0,1.0,mean_0.8,0,0.8,0.15,beta,none
City-A,T2,5x,1300.0,S0a_RoutineOracle,cross_regime,M_stress,800,True,3,1724.1,980.4,319.6,0.4313,0.0,mean_0.8,0,0.8,0.15,beta,none
City-A,T2,5x,1300.0,S0b_StressOracle,routine,M_routine,800,True,4,1384.6,1855.8,0.0,0.0,1.0,mean_0.8,0,0.8,0.15,beta,none
City-A,T2,5x,1300.0,S0b_StressOracle,cross_regime,M_stress,800,True,4,1384.6,1384.6,0.0,0.0,1.0,mean_0.8,0,0.8,0.15,beta,none
City-A,T2,5x,1300.0,S1_CapRR,routine,M_routine,800,True,3,1889.7,1520.8,0.0,0.1952,1.0,mean_0.8,0,0.8,0.15,beta,none
City-A,T2,5x,1300.0,S1_CapRR,cross_regime,M_stress,800,True,3,1889.7,1063.0,237.0,0.4374,0.0,mean_0.8,0,0.8,0.15,beta,none
City-A,T2,5x,1300.0,S2_Platform,routine,M_routine,800,True,4,1596.5,2054.1,0.0,0.0,1.0,mean_0.8,0,0.8,0.15,beta,none
City-A,T2,5x,1300.0,S2_Platform,cross_regime,M_stress,800,True,4,1596.5,1303.3,0.0,0.1837,1.0,mean_0.8,0,0.8,0.15,beta,none
City-A,T2,5x,1300.0,S3_Lin4,routine,M_routine,800,True,3,1480.9,1459.5,0.0,0.0145,1.0,mean_0.8,0,0.8,0.15,beta,none
City-A,T2,5x,1300.0,S3_Lin4,cross_regime,M_stress,800,True,3,1480.9,1069.1,230.9,0.2781,0.0,mean_0.8,0,0.8,0.15,beta,none
City-A,T2,5x,1300.0,S4_GlobalCalib,routine,M_routine,800,True,3,1498.8,1520.8,0.0,0.0,1.0,mean_0.8,0,0.8,0.15,beta,none
City-A,T2,5x,1300.0,S4_GlobalCalib,cross_regime,M_stress,800,True,3,1498.8,1063.0,237.0,0.2908,0.0,mean_0.8,0,0.8,0.15,beta,none
City-A,T2,5x,1300.0,S5_CityCalib,routine,M_routine,800,True,3,1500.5,1520.8,0.0,0.0,1.0,mean_0.8,0,0.8,0.15,beta,none
City-A,T2,5x,1300.0,S5_CityCalib,cross_regime,M_stress,800,True,3,1500.5,1063.0,237.0,0.2915,0.0,mean_0.8,0,0.8,0.15,beta,none
City-A,T2,5x,1300.0,S6_Q10,routine,M_routine,800,True,4,1435.0,2047.0,0.0,0.0,1.0,mean_0.8,0,0.8,0.15,beta,none
City-A,T2,5x,1300.0,S6_Q10,cross_regime,M_stress,800,True,4,1435.0,1353.8,0.0,0.0566,1.0,mean_0.8,0,0.8,0.15,beta,none
City-A,T2,10x,2600.0,S0a_RoutineOracle,routine,M_routine,800,True,5,2648.9,2648.9,0.0,0.0,1.0,mean_0.8,0,0.8,0.15,beta,none
City-A,T2,10x,2600.0,S0a_RoutineOracle,cross_regime,M_stress,800,True,5,2648.9,1636.6,963.4,0.3821,0.0,mean_0.8,0,0.8,0.15,beta,none
City-A,T2,10x,2600.0,S0b_StressOracle,routine,M_routine,800,True,8,2605.5,3491.9,0.0,0.0,1.0,mean_0.8,0,0.8,0.15,beta,none
City-A,T2,10x,2600.0,S0b_StressOracle,cross_regime,M_stress,800,True,8,2605.5,2605.5,0.0,0.0,1.0,mean_0.8,0,0.8,0.15,beta,none
City-A,T2,10x,2600.0,S1_CapRR,routine,M_routine,800,True,5,3037.3,2582.7,17.3,0.1497,0.0,mean_0.8,0,0.8,0.15,beta,none
City-A,T2,10x,2600.0,S1_CapRR,cross_regime,M_stress,800,True,5,3037.3,1657.8,942.2,0.4542,0.0,mean_0.8,0,0.8,0.15,beta,none
City-A,T2,10x,2600.0,S2_Platform,routine,M_routine,800,True,7,2630.1,3333.7,0.0,0.0,1.0,mean_0.8,0,0.8,0.15,beta,none
City-A,T2,10x,2600.0,S2_Platform,cross_regime,M_stress,800,True,7,2630.1,2216.1,383.9,0.1574,0.0,mean_0.8,0,0.8,0.15,beta,none
City-A,T2,10x,2600.0,S3_Lin4,routine,M_routine,800,True,6,2751.4,2917.7,0.0,0.0,1.0,mean_0.8,0,0.8,0.15,beta,none
City-A,T2,10x,2600.0,S3_Lin4,cross_regime,M_stress,800,True,6,2751.4,1979.4,620.6,0.2806,0.0,mean_0.8,0,0.8,0.15,beta,none
City-A,T2,10x,2600.0,S4_GlobalCalib,routine,M_routine,800,True,6,2829.1,2917.7,0.0,0.0,1.0,mean_0.8,0,0.8,0.15,beta,none
City-A,T2,10x,2600.0,S4_GlobalCalib,cross_regime,M_stress,800,True,6,2829.1,1979.4,620.6,0.3004,0.0,mean_0.8,0,0.8,0.15,beta,none
City-A,T2,10x,2600.0,S5_CityCalib,routine,M_routine,800,True,6,2832.2,2917.7,0.0,0.0,1.0,mean_0.8,0,0.8,0.15,beta,none
City-A,T2,10x,2600.0,S5_CityCalib,cross_regime,M_stress,800,True,6,2832.2,1979.4,620.6,0.3011,0.0,mean_0.8,0,0.8,0.15,beta,none
City-A,T2,10x,2600.0,S6_Q10,routine,M_routine,800,True,8,2671.4,3635.3,0.0,0.0,1.0,mean_0.8,0,0.8,0.15,beta,none
City-A,T2,10x,2600.0,S6_Q10,cross_regime,M_stress,800,True,8,2671.4,2592.8,7.2,0.0294,0.0,mean_0.8,0,0.8,0.15,beta,none
City-A,T3,1x,200.0,S0a_RoutineOracle,routine,M_routine,800,True,1,511.7,511.7,0.0,0.0,1.0,mean_0.8,0,0.8,0.15,beta,none
City-A,T3,1x,200.0,S0a_RoutineOracle,cross_regime,M_stress,800,True,1,511.7,233.3,0.0,0.544,1.0,mean_0.8,0,0.8,0.15,beta,none
City-A,T3,1x,200.0,S0b_StressOracle,routine,M_routine,800,True,1,382.4,422.6,0.0,0.0,1.0,mean_0.8,0,0.8,0.15,beta,none
City-A,T3,1x,200.0,S0b_StressOracle,cross_regime,M_stress,800,True,1,382.4,382.4,0.0,0.0,1.0,mean_0.8,0,0.8,0.15,beta,none
City-A,T3,1x,200.0,S1_CapRR,routine,M_routine,800,True,1,596.8,422.6,0.0,0.2919,1.0,mean_0.8,0,0.8,0.15,beta,none
City-A,T3,1x,200.0,S1_CapRR,cross_regime,M_stress,800,True,1,596.8,382.4,0.0,0.3592,1.0,mean_0.8,0,0.8,0.15,beta,none
City-A,T3,1x,200.0,S2_Platform,routine,M_routine,800,True,1,470.7,422.6,0.0,0.1022,1.0,mean_0.8,0,0.8,0.15,beta,none
City-A,T3,1x,200.0,S2_Platform,cross_regime,M_stress,800,True,1,470.7,382.4,0.0,0.1875,1.0,mean_0.8,0,0.8,0.15,beta,none
City-A,T3,1x,200.0,S3_Lin4,routine,M_routine,800,True,1,578.7,422.6,0.0,0.2698,1.0,mean_0.8,0,0.8,0.15,beta,none
City-A,T3,1x,200.0,S3_Lin4,cross_regime,M_stress,800,True,1,578.7,382.4,0.0,0.3392,1.0,mean_0.8,0,0.8,0.15,beta,none
City-A,T3,1x,200.0,S4_GlobalCalib,routine,M_routine,800,True,1,473.0,422.6,0.0,0.1066,1.0,mean_0.8,0,0.8,0.15,beta,none
City-A,T3,1x,200.0,S4_GlobalCalib,cross_regime,M_stress,800,True,1,473.0,382.4,0.0,0.1915,1.0,mean_0.8,0,0.8,0.15,beta,none
City-A,T3,1x,200.0,S5_CityCalib,routine,M_routine,800,True,1,472.2,422.6,0.0,0.1052,1.0,mean_0.8,0,0.8,0.15,beta,none
City-A,T3,1x,200.0,S5_CityCalib,cross_regime,M_stress,800,True,1,472.2,382.4,0.0,0.1902,1.0,mean_0.8,0,0.8,0.15,beta,none
City-A,T3,1x,200.0,S6_Q10,routine,M_routine,800,True,1,344.0,422.6,0.0,0.0,1.0,mean_0.8,0,0.8,0.15,beta,none
City-A,T3,1x,200.0,S6_Q10,cross_regime,M_stress,800,True,1,344.0,382.4,0.0,0.0,1.0,mean_0.8,0,0.8,0.15,beta,none
City-A,T3,2x,400.0,S0a_RoutineOracle,routine,M_routine,800,True,1,511.7,511.7,0.0,0.0,1.0,mean_0.8,0,0.8,0.15,beta,none
City-A,T3,2x,400.0,S0a_RoutineOracle,cross_regime,M_stress,800,True,1,511.7,233.3,166.7,0.544,0.0,mean_0.8,0,0.8,0.15,beta,none
City-A,T3,2x,400.0,S0b_StressOracle,routine,M_routine,800,True,2,675.1,838.4,0.0,0.0,1.0,mean_0.8,0,0.8,0.15,beta,none
City-A,T3,2x,400.0,S0b_StressOracle,cross_regime,M_stress,800,True,2,675.1,675.1,0.0,0.0,1.0,mean_0.8,0,0.8,0.15,beta,none
City-A,T3,2x,400.0,S1_CapRR,routine,M_routine,800,True,1,596.8,422.6,0.0,0.2919,1.0,mean_0.8,0,0.8,0.15,beta,none
City-A,T3,2x,400.0,S1_CapRR,cross_regime,M_stress,800,True,1,596.8,382.4,17.6,0.3592,0.0,mean_0.8,0,0.8,0.15,beta,none
City-A,T3,2x,400.0,S2_Platform,routine,M_routine,800,True,1,470.7,422.6,0.0,0.1022,1.0,mean_0.8,0,0.8,0.15,beta,none
City-A,T3,2x,400.0,S2_Platform,cross_regime,M_stress,800,True,1,470.7,382.4,17.6,0.1875,0.0,mean_0.8,0,0.8,0.15,beta,none
City-A,T3,2x,400.0,S3_Lin4,routine,M_routine,800,True,1,578.7,422.6,0.0,0.2698,1.0,mean_0.8,0,0.8,0.15,beta,none
City-A,T3,2x,400.0,S3_Lin4,cross_regime,M_stress,800,True,1,578.7,382.4,17.6,0.3392,0.0,mean_0.8,0,0.8,0.15,beta,none
City-A,T3,2x,400.0,S4_GlobalCalib,routine,M_routine,800,True,1,473.0,422.6,0.0,0.1066,1.0,mean_0.8,0,0.8,0.15,beta,none
City-A,T3,2x,400.0,S4_GlobalCalib,cross_regime,M_stress,800,True,1,473.0,382.4,17.6,0.1915,0.0,mean_0.8,0,0.8,0.15,beta,none
City-A,T3,2x,400.0,S5_CityCalib,routine,M_routine,800,True,1,472.2,422.6,0.0,0.1052,1.0,mean_0.8,0,0.8,0.15,beta,none
City-A,T3,2x,400.0,S5_CityCalib,cross_regime,M_stress,800,True,1,472.2,382.4,17.6,0.1902,0.0,mean_0.8,0,0.8,0.15,beta,none
City-A,T3,2x,400.0,S6_Q10,routine,M_routine,800,True,2,656.0,838.4,0.0,0.0,1.0,mean_0.8,0,0.8,0.15,beta,none
City-A,T3,2x,400.0,S6_Q10,cross_regime,M_stress,800,True,2,656.0,675.1,0.0,0.0,1.0,mean_0.8,0,0.8,0.15,beta,none
City-A,T3,5x,1000.0,S0a_RoutineOracle,routine,M_routine,800,True,3,1412.1,1412.1,0.0,0.0,1.0,mean_0.8,0,0.8,0.15,beta,none
City-A,T3,5x,1000.0,S0a_RoutineOracle,cross_regime,M_stress,800,True,3,1412.1,707.3,292.7,0.4991,0.0,mean_0.8,0,0.8,0.15,beta,none
City-A,T3,5x,1000.0,S0b_StressOracle,routine,M_routine,800,True,4,1232.3,1652.3,0.0,0.0,1.0,mean_0.8,0,0.8,0.15,beta,none
City-A,T3,5x,1000.0,S0b_StressOracle,cross_regime,M_stress,800,True,4,1232.3,1232.3,0.0,0.0,1.0,mean_0.8,0,0.8,0.15,beta,none
City-A,T3,5x,1000.0,S1_CapRR,routine,M_routine,800,True,2,1138.1,838.4,161.6,0.2634,0.0,mean_0.8,0,0.8,0.15,beta,none
City-A,T3,5x,1000.0,S1_CapRR,cross_regime,M_stress,800,True,2,1138.1,675.1,324.9,0.4068,0.0,mean_0.8,0,0.8,0.15,beta,none
City-A,T3,5x,1000.0,S2_Platform,routine,M_routine,800,True,3,1264.8,1394.1,0.0,0.0,1.0,mean_0.8,0,0.8,0.15,beta,none
City-A,T3,5x,1000.0,S2_Platform,cross_regime,M_stress,800,True,3,1264.8,882.3,117.7,0.3024,0.0,mean_0.8,0,0.8,0.15,beta,none
City-A,T3,5x,1000.0,S3_Lin4,routine,M_routine,800,True,2,1026.4,934.3,65.7,0.0897,0.0,mean_0.8,0,0.8,0.15,beta,none
City-A,T3,5x,1000.0,S3_Lin4,cross_regime,M_stress,800,True,2,1026.4,615.8,384.2,0.4001,0.0,mean_0.8,0,0.8,0.15,beta,none
City-A,T3,5x,1000.0,S4_GlobalCalib,routine,M_routine,800,True,3,1318.0,1350.1,0.0,0.0,1.0,mean_0.8,0,0.8,0.15,beta,none
City-A,T3,5x,1000.0,S4_GlobalCalib,cross_regime,M_stress,800,True,3,1318.0,908.5,91.5,0.3107,0.0,mean_0.8,0,0.8,0.15,beta,none
City-A,T3,5x,1000.0,S5_CityCalib,routine,M_routine,800,True,3,1315.9,1350.1,0.0,0.0,1.0,mean_0.8,0,0.8,0.15,beta,none
City-A,T3,5x,1000.0,S5_CityCalib,cross_regime,M_stress,800,True,3,1315.9,908.5,91.5,0.3096,0.0,mean_0.8,0,0.8,0.15,beta,none
City-A,T3,5x,1000.0,S6_Q10,routine,M_routine,800,True,4,1253.9,1790.6,0.0,0.0,1.0,mean_0.8,0,0.8,0.15,beta,none
City-A,T3,5x,1000.0,S6_Q10,cross_regime,M_stress,800,True,4,1253.9,1115.8,0.0,0.1101,1.0,mean_0.8,0,0.8,0.15,beta,none
City-A,T3,10x,2000.0,S0a_RoutineOracle,routine,M_routine,800,True,5,2285.5,2285.5,0.0,0.0,1.0,mean_0.8,0,0.8,0.15,beta,none
City-A,T3,10x,2000.0,S0a_RoutineOracle,cross_regime,M_stress,800,True,5,2285.5,1090.0,910.0,0.5231,0.0,mean_0.8,0,0.8,0.15,beta,none
City-A,T3,10x,2000.0,S0b_StressOracle,routine,M_routine,800,True,7,2014.8,2503.1,0.0,0.0,1.0,mean_0.8,0,0.8,0.15,beta,none
City-A,T3,10x,2000.0,S0b_StressOracle,cross_regime,M_stress,800,True,7,2014.8,2014.8,0.0,0.0,1.0,mean_0.8,0,0.8,0.15,beta,none
City-A,T3,10x,2000.0,S1_CapRR,routine,M_routine,800,True,4,2175.3,1790.6,209.4,0.1768,0.0,mean_0.8,0,0.8,0.15,beta,none
City-A,T3,10x,2000.0,S1_CapRR,cross_regime,M_stress,800,True,4,2175.3,1115.8,884.2,0.4871,0.0,mean_0.8,0,0.8,0.15,beta,none
City-A,T3,10x,2000.0,S2_Platform,routine,M_routine,800,True,6,2357.9,2511.8,0.0,0.0,1.0,mean_0.8,0,0.8,0.15,beta,none
City-A,T3,10x,2000.0,S2_Platform,cross_regime,M_stress,800,True,6,2357.9,1583.3,416.7,0.3285,0.0,mean_0.8,0,0.8,0.15,beta,none
City-A,T3,10x,2000.0,S3_Lin4,routine,M_routine,800,True,5,2294.2,2207.2,0.0,0.0379,1.0,mean_0.8,0,0.8,0.15,beta,none
City-A,T3,10x,2000.0,S3_Lin4,cross_regime,M_stress,800,True,5,2294.2,1403.4,596.6,0.3883,0.0,mean_0.8,0,0.8,0.15,beta,none
City-A,T3,10x,2000.0,S4_GlobalCalib,routine,M_routine,800,True,5,2118.5,2250.5,0.0,0.0,1.0,mean_0.8,0,0.8,0.15,beta,none
City-A,T3,10x,2000.0,S4_GlobalCalib,cross_regime,M_stress,800,True,5,2118.5,1382.4,617.6,0.3474,0.0,mean_0.8,0,0.8,0.15,beta,none
City-A,T3,10x,2000.0,S5_CityCalib,routine,M_routine,800,True,5,2115.0,2250.5,0.0,0.0,1.0,mean_0.8,0,0.8,0.15,beta,none
City-A,T3,10x,2000.0,S5_CityCalib,cross_regime,M_stress,800,True,5,2115.0,1382.4,617.6,0.3464,0.0,mean_0.8,0,0.8,0.15,beta,none
City-A,T3,10x,2000.0,S6_Q10,routine,M_routine,800,True,7,2073.5,3064.4,0.0,0.0,1.0,mean_0.8,0,0.8,0.15,beta,none
City-A,T3,10x,2000.0,S6_Q10,cross_regime,M_stress,800,True,7,2073.5,1939.6,60.4,0.0646,0.0,mean_0.8,0,0.8,0.15,beta,none
City-A,T4,1x,140.0,S0a_RoutineOracle,routine,M_routine,800,True,1,509.4,509.4,0.0,0.0,1.0,mean_0.8,0,0.8,0.15,beta,none
City-A,T4,1x,140.0,S0a_RoutineOracle,cross_regime,M_stress,800,True,1,509.4,353.1,0.0,0.307,1.0,mean_0.8,0,0.8,0.15,beta,none
City-A,T4,1x,140.0,S0b_StressOracle,routine,M_routine,800,True,1,410.0,499.4,0.0,0.0,1.0,mean_0.8,0,0.8,0.15,beta,none
City-A,T4,1x,140.0,S0b_StressOracle,cross_regime,M_stress,800,True,1,410.0,410.0,0.0,0.0,1.0,mean_0.8,0,0.8,0.15,beta,none
City-A,T4,1x,140.0,S1_CapRR,routine,M_routine,800,True,1,678.2,499.4,0.0,0.2635,1.0,mean_0.8,0,0.8,0.15,beta,none
City-A,T4,1x,140.0,S1_CapRR,cross_regime,M_stress,800,True,1,678.2,410.0,0.0,0.3954,1.0,mean_0.8,0,0.8,0.15,beta,none
City-A,T4,1x,140.0,S2_Platform,routine,M_routine,800,True,1,299.2,503.4,0.0,0.0,1.0,mean_0.8,0,0.8,0.15,beta,none
City-A,T4,1x,140.0,S2_Platform,cross_regime,M_stress,800,True,1,299.2,348.2,0.0,0.0,1.0,mean_0.8,0,0.8,0.15,beta,none
City-A,T4,1x,140.0,S3_Lin4,routine,M_routine,800,True,1,580.8,499.4,0.0,0.1401,1.0,mean_0.8,0,0.8,0.15,beta,none
City-A,T4,1x,140.0,S3_Lin4,cross_regime,M_stress,800,True,1,580.8,410.0,0.0,0.2941,1.0,mean_0.8,0,0.8,0.15,beta,none
City-A,T4,1x,140.0,S4_GlobalCalib,routine,M_routine,800,True,1,534.8,499.4,0.0,0.066,1.0,mean_0.8,0,0.8,0.15,beta,none
City-A,T4,1x,140.0,S4_GlobalCalib,cross_regime,M_stress,800,True,1,534.8,410.0,0.0,0.2333,1.0,mean_0.8,0,0.8,0.15,beta,none
City-A,T4,1x,140.0,S5_CityCalib,routine,M_routine,800,True,1,536.7,499.4,0.0,0.0694,1.0,mean_0.8,0,0.8,0.15,beta,none
City-A,T4,1x,140.0,S5_CityCalib,cross_regime,M_stress,800,True,1,536.7,410.0,0.0,0.236,1.0,mean_0.8,0,0.8,0.15,beta,none
City-A,T4,1x,140.0,S6_Q10,routine,M_routine,800,True,1,388.0,499.4,0.0,0.0,1.0,mean_0.8,0,0.8,0.15,beta,none
City-A,T4,1x,140.0,S6_Q10,cross_regime,M_stress,800,True,1,388.0,410.0,0.0,0.0,1.0,mean_0.8,0,0.8,0.15,beta,none
City-A,T4,2x,280.0,S0a_RoutineOracle,routine,M_routine,800,True,1,509.4,509.4,0.0,0.0,1.0,mean_0.8,0,0.8,0.15,beta,none
City-A,T4,2x,280.0,S0a_RoutineOracle,cross_regime,M_stress,800,True,1,509.4,353.1,0.0,0.307,1.0,mean_0.8,0,0.8,0.15,beta,none
City-A,T4,2x,280.0,S0b_StressOracle,routine,M_routine,800,True,1,410.0,499.4,0.0,0.0,1.0,mean_0.8,0,0.8,0.15,beta,none
City-A,T4,2x,280.0,S0b_StressOracle,cross_regime,M_stress,800,True,1,410.0,410.0,0.0,0.0,1.0,mean_0.8,0,0.8,0.15,beta,none
City-A,T4,2x,280.0,S1_CapRR,routine,M_routine,800,True,1,678.2,499.4,0.0,0.2635,1.0,mean_0.8,0,0.8,0.15,beta,none
City-A,T4,2x,280.0,S1_CapRR,cross_regime,M_stress,800,True,1,678.2,410.0,0.0,0.3954,1.0,mean_0.8,0,0.8,0.15,beta,none
City-A,T4,2x,280.0,S2_Platform,routine,M_routine,800,True,1,299.2,503.4,0.0,0.0,1.0,mean_0.8,0,0.8,0.15,beta,none
City-A,T4,2x,280.0,S2_Platform,cross_regime,M_stress,800,True,1,299.2,348.2,0.0,0.0,1.0,mean_0.8,0,0.8,0.15,beta,none
City-A,T4,2x,280.0,S3_Lin4,routine,M_routine,800,True,1,580.8,499.4,0.0,0.1401,1.0,mean_0.8,0,0.8,0.15,beta,none
City-A,T4,2x,280.0,S3_Lin4,cross_regime,M_stress,800,True,1,580.8,410.0,0.0,0.2941,1.0,mean_0.8,0,0.8,0.15,beta,none
City-A,T4,2x,280.0,S4_GlobalCalib,routine,M_routine,800,True,1,534.8,499.4,0.0,0.066,1.0,mean_0.8,0,0.8,0.15,beta,none
City-A,T4,2x,280.0,S4_GlobalCalib,cross_regime,M_stress,800,True,1,534.8,410.0,0.0,0.2333,1.0,mean_0.8,0,0.8,0.15,beta,none
City-A,T4,2x,280.0,S5_CityCalib,routine,M_routine,800,True,1,536.7,499.4,0.0,0.0694,1.0,mean_0.8,0,0.8,0.15,beta,none
City-A,T4,2x,280.0,S5_CityCalib,cross_regime,M_stress,800,True,1,536.7,410.0,0.0,0.236,1.0,mean_0.8,0,0.8,0.15,beta,none
City-A,T4,2x,280.0,S6_Q10,routine,M_routine,800,True,1,388.0,499.4,0.0,0.0,1.0,mean_0.8,0,0.8,0.15,beta,none
City-A,T4,2x,280.0,S6_Q10,cross_regime,M_stress,800,True,1,388.0,410.0,0.0,0.0,1.0,mean_0.8,0,0.8,0.15,beta,none
City-A,T4,5x,700.0,S0a_RoutineOracle,routine,M_routine,800,True,2,1012.9,1012.9,0.0,0.0,1.0,mean_0.8,0,0.8,0.15,beta,none
City-A,T4,5x,700.0,S0a_RoutineOracle,cross_regime,M_stress,800,True,2,1012.9,701.3,0.0,0.3076,1.0,mean_0.8,0,0.8,0.15,beta,none
City-A,T4,5x,700.0,S0b_StressOracle,routine,M_routine,800,True,2,782.8,984.0,0.0,0.0,1.0,mean_0.8,0,0.8,0.15,beta,none
City-A,T4,5x,700.0,S0b_StressOracle,cross_regime,M_stress,800,True,2,782.8,782.8,0.0,0.0,1.0,mean_0.8,0,0.8,0.15,beta,none
City-A,T4,5x,700.0,S1_CapRR,routine,M_routine,800,True,2,1293.4,1002.9,0.0,0.2246,1.0,mean_0.8,0,0.8,0.15,beta,none
City-A,T4,5x,700.0,S1_CapRR,cross_regime,M_stress,800,True,2,1293.4,758.3,0.0,0.4137,1.0,mean_0.8,0,0.8,0.15,beta,none
City-A,T4,5x,700.0,S2_Platform,routine,M_routine,800,True,3,870.0,1373.4,0.0,0.0,1.0,mean_0.8,0,0.8,0.15,beta,none
City-A,T4,5x,700.0,S2_Platform,cross_regime,M_stress,800,True,3,870.0,759.9,0.0,0.1266,1.0,mean_0.8,0,0.8,0.15,beta,none
City-A,T4,5x,700.0,S3_Lin4,routine,M_routine,800,True,2,1038.4,984.0,0.0,0.0523,1.0,mean_0.8,0,0.8,0.15,beta,none
City-A,T4,5x,700.0,S3_Lin4,cross_regime,M_stress,800,True,2,1038.4,782.8,0.0,0.2461,1.0,mean_0.8,0,0.8,0.15,beta,none
City-A,T4,5x,700.0,S4_GlobalCalib,routine,M_routine,800,True,2,1020.0,1002.9,0.0,0.0168,1.0,mean_0.8,0,0.8,0.15,beta,none
City-A,T4,5x,700.0,S4_GlobalCalib,cross_regime,M_stress,800,True,2,1020.0,758.3,0.0,0.2566,1.0,mean_0.8,0,0.8,0.15,beta,none
City-A,T4,5x,700.0,S5_CityCalib,routine,M_routine,800,True,2,1023.5,1002.9,0.0,0.0202,1.0,mean_0.8,0,0.8,0.15,beta,none
City-A,T4,5x,700.0,S5_CityCalib,cross_regime,M_stress,800,True,2,1023.5,758.3,0.0,0.2592,1.0,mean_0.8,0,0.8,0.15,beta,none
City-A,T4,5x,700.0,S6_Q10,routine,M_routine,800,True,2,740.0,1002.9,0.0,0.0,1.0,mean_0.8,0,0.8,0.15,beta,none
City-A,T4,5x,700.0,S6_Q10,cross_regime,M_stress,800,True,2,740.0,758.3,0.0,0.0,1.0,mean_0.8,0,0.8,0.15,beta,none
City-A,T4,10x,1400.0,S0a_RoutineOracle,routine,M_routine,800,True,3,1512.3,1512.3,0.0,0.0,1.0,mean_0.8,0,0.8,0.15,beta,none
City-A,T4,10x,1400.0,S0a_RoutineOracle,cross_regime,M_stress,800,True,3,1512.3,1111.3,288.7,0.2652,0.0,mean_0.8,0,0.8,0.15,beta,none
City-A,T4,10x,1400.0,S0b_StressOracle,routine,M_routine,800,True,4,1484.1,1996.9,0.0,0.0,1.0,mean_0.8,0,0.8,0.15,beta,none
City-A,T4,10x,1400.0,S0b_StressOracle,cross_regime,M_stress,800,True,4,1484.1,1484.1,0.0,0.0,1.0,mean_0.8,0,0.8,0.15,beta,none
City-A,T4,10x,1400.0,S1_CapRR,routine,M_routine,800,True,3,1889.7,1487.5,0.0,0.2128,1.0,mean_0.8,0,0.8,0.15,beta,none
City-A,T4,10x,1400.0,S1_CapRR,cross_regime,M_stress,800,True,3,1889.7,1131.1,268.9,0.4014,0.0,mean_0.8,0,0.8,0.15,beta,none
City-A,T4,10x,1400.0,S2_Platform,routine,M_routine,800,True,5,1424.2,2196.6,0.0,0.0,1.0,mean_0.8,0,0.8,0.15,beta,none
City-A,T4,10x,1400.0,S2_Platform,cross_regime,M_stress,800,True,5,1424.2,1239.9,160.1,0.1294,0.0,mean_0.8,0,0.8,0.15,beta,none
City-A,T4,10x,1400.0,S3_Lin4,routine,M_routine,800,True,3,1488.8,1423.1,0.0,0.0441,1.0,mean_0.8,0,0.8,0.15,beta,none
City-A,T4,10x,1400.0,S3_Lin4,cross_regime,M_stress,800,True,3,1488.8,1026.8,373.2,0.3103,0.0,mean_0.8,0,0.8,0.15,beta,none
City-A,T4,10x,1400.0,S4_GlobalCalib,routine,M_routine,800,True,3,1490.3,1487.5,0.0,0.0019,1.0,mean_0.8,0,0.8,0.15,beta,none
City-A,T4,10x,1400.0,S4_GlobalCalib,cross_regime,M_stress,800,True,3,1490.3,1131.1,268.9,0.2411,0.0,mean_0.8,0,0.8,0.15,beta,none
City-A,T4,10x,1400.0,S5_CityCalib,routine,M_routine,800,True,3,1495.5,1487.5,0.0,0.0053,1.0,mean_0.8,0,0.8,0.15,beta,none
City-A,T4,10x,1400.0,S5_CityCalib,cross_regime,M_stress,800,True,3,1495.5,1131.1,268.9,0.2437,0.0,mean_0.8,0,0.8,0.15,beta,none
City-A,T4,10x,1400.0,S6_Q10,routine,M_routine,800,True,4,1414.4,1996.9,0.0,0.0,1.0,mean_0.8,0,0.8,0.15,beta,none
City-A,T4,10x,1400.0,S6_Q10,cross_regime,M_stress,800,True,4,1414.4,1484.1,0.0,0.0,1.0,mean_0.8,0,0.8,0.15,beta,none
City-A,T5,1x,160.0,S0a_RoutineOracle,routine,M_routine,800,True,1,488.7,488.7,0.0,0.0,1.0,mean_0.8,0,0.8,0.15,beta,none
City-A,T5,1x,160.0,S0a_RoutineOracle,cross_regime,M_stress,800,True,1,488.7,297.5,0.0,0.3913,1.0,mean_0.8,0,0.8,0.15,beta,none
City-A,T5,1x,160.0,S0b_StressOracle,routine,M_routine,800,True,1,321.2,320.3,0.0,0.0031,1.0,mean_0.8,0,0.8,0.15,beta,none
City-A,T5,1x,160.0,S0b_StressOracle,cross_regime,M_stress,800,True,1,321.2,321.2,0.0,0.0,1.0,mean_0.8,0,0.8,0.15,beta,none
City-A,T5,1x,160.0,S1_CapRR,routine,M_routine,800,True,1,596.8,366.0,0.0,0.3868,1.0,mean_0.8,0,0.8,0.15,beta,none
City-A,T5,1x,160.0,S1_CapRR,cross_regime,M_stress,800,True,1,596.8,148.8,11.2,0.7507,0.0,mean_0.8,0,0.8,0.15,beta,none
City-A,T5,1x,160.0,S2_Platform,routine,M_routine,800,True,1,485.5,366.0,0.0,0.2462,1.0,mean_0.8,0,0.8,0.15,beta,none
City-A,T5,1x,160.0,S2_Platform,cross_regime,M_stress,800,True,1,485.5,148.8,11.2,0.6935,0.0,mean_0.8,0,0.8,0.15,beta,none
City-A,T5,1x,160.0,S3_Lin4,routine,M_routine,800,True,1,580.2,366.0,0.0,0.3693,1.0,mean_0.8,0,0.8,0.15,beta,none
City-A,T5,1x,160.0,S3_Lin4,cross_regime,M_stress,800,True,1,580.2,148.8,11.2,0.7436,0.0,mean_0.8,0,0.8,0.15,beta,none
City-A,T5,1x,160.0,S4_GlobalCalib,routine,M_routine,800,True,1,473.2,366.0,0.0,0.2267,1.0,mean_0.8,0,0.8,0.15,beta,none
City-A,T5,1x,160.0,S4_GlobalCalib,cross_regime,M_stress,800,True,1,473.2,148.8,11.2,0.6856,0.0,mean_0.8,0,0.8,0.15,beta,none
City-A,T5,1x,160.0,S5_CityCalib,routine,M_routine,800,True,1,473.9,366.0,0.0,0.2278,1.0,mean_0.8,0,0.8,0.15,beta,none
City-A,T5,1x,160.0,S5_CityCalib,cross_regime,M_stress,800,True,1,473.9,148.8,11.2,0.6861,0.0,mean_0.8,0,0.8,0.15,beta,none
City-A,T5,1x,160.0,S6_Q10,routine,M_routine,800,True,1,344.0,366.0,0.0,0.0,1.0,mean_0.8,0,0.8,0.15,beta,none
City-A,T5,1x,160.0,S6_Q10,cross_regime,M_stress,800,True,1,344.0,148.8,11.2,0.5675,0.0,mean_0.8,0,0.8,0.15,beta,none
City-A,T5,2x,320.0,S0a_RoutineOracle,routine,M_routine,800,True,1,488.7,488.7,0.0,0.0,1.0,mean_0.8,0,0.8,0.15,beta,none
City-A,T5,2x,320.0,S0a_RoutineOracle,cross_regime,M_stress,800,True,1,488.7,297.5,22.5,0.3913,0.0,mean_0.8,0,0.8,0.15,beta,none
City-A,T5,2x,320.0,S0b_StressOracle,routine,M_routine,800,True,1,321.2,320.3,0.0,0.0031,1.0,mean_0.8,0,0.8,0.15,beta,none
City-A,T5,2x,320.0,S0b_StressOracle,cross_regime,M_stress,800,True,1,321.2,321.2,0.0,0.0,1.0,mean_0.8,0,0.8,0.15,beta,none
City-A,T5,2x,320.0,S1_CapRR,routine,M_routine,800,True,1,596.8,366.0,0.0,0.3868,1.0,mean_0.8,0,0.8,0.15,beta,none
City-A,T5,2x,320.0,S1_CapRR,cross_regime,M_stress,800,True,1,596.8,148.8,171.2,0.7507,0.0,mean_0.8,0,0.8,0.15,beta,none
City-A,T5,2x,320.0,S2_Platform,routine,M_routine,800,True,1,485.5,366.0,0.0,0.2462,1.0,mean_0.8,0,0.8,0.15,beta,none
City-A,T5,2x,320.0,S2_Platform,cross_regime,M_stress,800,True,1,485.5,148.8,171.2,0.6935,0.0,mean_0.8,0,0.8,0.15,beta,none
City-A,T5,2x,320.0,S3_Lin4,routine,M_routine,800,True,1,580.2,366.0,0.0,0.3693,1.0,mean_0.8,0,0.8,0.15,beta,none
City-A,T5,2x,320.0,S3_Lin4,cross_regime,M_stress,800,True,1,580.2,148.8,171.2,0.7436,0.0,mean_0.8,0,0.8,0.15,beta,none
City-A,T5,2x,320.0,S4_GlobalCalib,routine,M_routine,800,True,1,473.2,366.0,0.0,0.2267,1.0,mean_0.8,0,0.8,0.15,beta,none
City-A,T5,2x,320.0,S4_GlobalCalib,cross_regime,M_stress,800,True,1,473.2,148.8,171.2,0.6856,0.0,mean_0.8,0,0.8,0.15,beta,none
City-A,T5,2x,320.0,S5_CityCalib,routine,M_routine,800,True,1,473.9,366.0,0.0,0.2278,1.0,mean_0.8,0,0.8,0.15,beta,none
City-A,T5,2x,320.0,S5_CityCalib,cross_regime,M_stress,800,True,1,473.9,148.8,171.2,0.6861,0.0,mean_0.8,0,0.8,0.15,beta,none
City-A,T5,2x,320.0,S6_Q10,routine,M_routine,800,True,1,344.0,366.0,0.0,0.0,1.0,mean_0.8,0,0.8,0.15,beta,none
City-A,T5,2x,320.0,S6_Q10,cross_regime,M_stress,800,True,1,344.0,148.8,171.2,0.5675,0.0,mean_0.8,0,0.8,0.15,beta,none
City-A,T5,5x,800.0,S0a_RoutineOracle,routine,M_routine,800,True,2,961.0,961.0,0.0,0.0,1.0,mean_0.8,0,0.8,0.15,beta,none
City-A,T5,5x,800.0,S0a_RoutineOracle,cross_regime,M_stress,800,True,2,961.0,602.8,197.2,0.3727,0.0,mean_0.8,0,0.8,0.15,beta,none
City-A,T5,5x,800.0,S0b_StressOracle,routine,M_routine,800,True,3,924.0,1281.3,0.0,0.0,1.0,mean_0.8,0,0.8,0.15,beta,none
City-A,T5,5x,800.0,S0b_StressOracle,cross_regime,M_stress,800,True,3,924.0,924.0,0.0,0.0,1.0,mean_0.8,0,0.8,0.15,beta,none
City-A,T5,5x,800.0,S1_CapRR,routine,M_routine,800,True,2,1138.1,838.3,0.0,0.2635,1.0,mean_0.8,0,0.8,0.15,beta,none
City-A,T5,5x,800.0,S1_CapRR,cross_regime,M_stress,800,True,2,1138.1,454.1,345.9,0.601,0.0,mean_0.8,0,0.8,0.15,beta,none
City-A,T5,5x,800.0,S2_Platform,routine,M_routine,800,True,2,897.6,854.7,0.0,0.0478,1.0,mean_0.8,0,0.8,0.15,beta,none
City-A,T5,5x,800.0,S2_Platform,cross_regime,M_stress,800,True,2,897.6,446.3,353.7,0.5028,0.0,mean_0.8,0,0.8,0.15,beta,none
City-A,T5,5x,800.0,S3_Lin4,routine,M_routine,800,True,2,1029.3,578.4,221.6,0.438,0.0,mean_0.8,0,0.8,0.15,beta,none
City-A,T5,5x,800.0,S3_Lin4,cross_regime,M_stress,800,True,2,1029.3,372.3,427.7,0.6383,0.0,mean_0.8,0,0.8,0.15,beta,none
City-A,T5,5x,800.0,S4_GlobalCalib,routine,M_routine,800,True,2,902.6,838.3,0.0,0.0713,1.0,mean_0.8,0,0.8,0.15,beta,none
City-A,T5,5x,800.0,S4_GlobalCalib,cross_regime,M_stress,800,True,2,902.6,454.1,345.9,0.4969,0.0,mean_0.8,0,0.8,0.15,beta,none
City-A,T5,5x,800.0,S5_CityCalib,routine,M_routine,800,True,2,903.8,838.3,0.0,0.0726,1.0,mean_0.8,0,0.8,0.15,beta,none
City-A,T5,5x,800.0,S5_CityCalib,cross_regime,M_stress,800,True,2,903.8,454.1,345.9,0.4976,0.0,mean_0.8,0,0.8,0.15,beta,none
City-A,T5,5x,800.0,S6_Q10,routine,M_routine,800,True,3,958.5,1050.7,0.0,0.0,1.0,mean_0.8,0,0.8,0.15,beta,none
City-A,T5,5x,800.0,S6_Q10,cross_regime,M_stress,800,True,3,958.5,677.6,122.4,0.293,0.0,mean_0.8,0,0.8,0.15,beta,none
City-A,T5,10x,1600.0,S0a_RoutineOracle,routine,M_routine,800,True,4,1814.5,1814.5,0.0,0.0,1.0,mean_0.8,0,0.8,0.15,beta,none
City-A,T5,10x,1600.0,S0a_RoutineOracle,cross_regime,M_stress,800,True,4,1814.5,943.8,656.2,0.4798,0.0,mean_0.8,0,0.8,0.15,beta,none
City-A,T5,10x,1600.0,S0b_StressOracle,routine,M_routine,800,True,6,1675.3,2258.7,0.0,0.0,1.0,mean_0.8,0,0.8,0.15,beta,none
City-A,T5,10x,1600.0,S0b_StressOracle,cross_regime,M_stress,800,True,6,1675.3,1675.3,0.0,0.0,1.0,mean_0.8,0,0.8,0.15,beta,none
City-A,T5,10x,1600.0,S1_CapRR,routine,M_routine,800,True,3,1662.9,1050.7,549.3,0.3681,0.0,mean_0.8,0,0.8,0.15,beta,none
City-A,T5,10x,1600.0,S1_CapRR,cross_regime,M_stress,800,True,3,1662.9,677.6,922.4,0.5925,0.0,mean_0.8,0,0.8,0.15,beta,none
City-A,T5,10x,1600.0,S2_Platform,routine,M_routine,800,True,4,1696.8,1387.4,212.6,0.1823,0.0,mean_0.8,0,0.8,0.15,beta,none
City-A,T5,10x,1600.0,S2_Platform,cross_regime,M_stress,800,True,4,1696.8,991.1,608.9,0.4159,0.0,mean_0.8,0,0.8,0.15,beta,none
City-A,T5,10x,1600.0,S3_Lin4,routine,M_routine,800,True,4,1889.0,1469.4,130.6,0.2221,0.0,mean_0.8,0,0.8,0.15,beta,none
City-A,T5,10x,1600.0,S3_Lin4,cross_regime,M_stress,800,True,4,1889.0,904.7,695.3,0.5211,0.0,mean_0.8,0,0.8,0.15,beta,none
City-A,T5,10x,1600.0,S4_GlobalCalib,routine,M_routine,800,True,4,1725.2,1371.0,229.0,0.2053,0.0,mean_0.8,0,0.8,0.15,beta,none
City-A,T5,10x,1600.0,S4_GlobalCalib,cross_regime,M_stress,800,True,4,1725.2,998.9,601.1,0.421,0.0,mean_0.8,0,0.8,0.15,beta,none
City-A,T5,10x,1600.0,S5_CityCalib,routine,M_routine,800,True,4,1727.6,1371.0,229.0,0.2064,0.0,mean_0.8,0,0.8,0.15,beta,none
City-A,T5,10x,1600.0,S5_CityCalib,cross_regime,M_stress,800,True,4,1727.6,998.9,601.1,0.4218,0.0,mean_0.8,0,0.8,0.15,beta,none
City-A,T5,10x,1600.0,S6_Q10,routine,M_routine,800,True,6,1809.0,2278.4,0.0,0.0,1.0,mean_0.8,0,0.8,0.15,beta,none
City-A,T5,10x,1600.0,S6_Q10,cross_regime,M_stress,800,True,6,1809.0,1523.5,76.5,0.1578,0.0,mean_0.8,0,0.8,0.15,beta,none
City-B,T1,1x,180.0,S0a_RoutineOracle,routine,M_routine,500,True,1,774.8,774.8,0.0,0.0,1.0,mean_0.8,0,0.8,0.15,beta,none
City-B,T1,1x,180.0,S0a_RoutineOracle,cross_regime,M_stress,500,True,1,774.8,472.0,0.0,0.3907,1.0,mean_0.8,0,0.8,0.15,beta,none
City-B,T1,1x,180.0,S0b_StressOracle,routine,M_routine,500,True,1,534.6,285.6,0.0,0.4657,1.0,mean_0.8,0,0.8,0.15,beta,none
City-B,T1,1x,180.0,S0b_StressOracle,cross_regime,M_stress,500,True,1,534.6,534.6,0.0,0.0,1.0,mean_0.8,0,0.8,0.15,beta,none
City-B,T1,1x,180.0,S1_CapRR,routine,M_routine,500,True,1,846.0,285.6,0.0,0.6624,1.0,mean_0.8,0,0.8,0.15,beta,none
City-B,T1,1x,180.0,S1_CapRR,cross_regime,M_stress,500,True,1,846.0,534.6,0.0,0.3681,1.0,mean_0.8,0,0.8,0.15,beta,none
City-B,T1,1x,180.0,S2_Platform,routine,M_routine,500,True,1,561.1,774.8,0.0,0.0,1.0,mean_0.8,0,0.8,0.15,beta,none
City-B,T1,1x,180.0,S2_Platform,cross_regime,M_stress,500,True,1,561.1,472.0,0.0,0.1588,1.0,mean_0.8,0,0.8,0.15,beta,none
City-B,T1,1x,180.0,S3_Lin4,routine,M_routine,500,True,1,555.3,376.1,0.0,0.3228,1.0,mean_0.8,0,0.8,0.15,beta,none
City-B,T1,1x,180.0,S3_Lin4,cross_regime,M_stress,500,True,1,555.3,390.0,0.0,0.2977,1.0,mean_0.8,0,0.8,0.15,beta,none
City-B,T1,1x,180.0,S4_GlobalCalib,routine,M_routine,500,True,1,674.6,285.6,0.0,0.5766,1.0,mean_0.8,0,0.8,0.15,beta,none
City-B,T1,1x,180.0,S4_GlobalCalib,cross_regime,M_stress,500,True,1,674.6,534.6,0.0,0.2076,1.0,mean_0.8,0,0.8,0.15,beta,none
City-B,T1,1x,180.0,S5_CityCalib,routine,M_routine,500,True,1,674.2,285.6,0.0,0.5764,1.0,mean_0.8,0,0.8,0.15,beta,none
City-B,T1,1x,180.0,S5_CityCalib,cross_regime,M_stress,500,True,1,674.2,534.6,0.0,0.2072,1.0,mean_0.8,0,0.8,0.15,beta,none
City-B,T1,1x,180.0,S6_Q10,routine,M_routine,500,True,1,488.4,285.6,0.0,0.4152,1.0,mean_0.8,0,0.8,0.15,beta,none
City-B,T1,1x,180.0,S6_Q10,cross_regime,M_stress,500,True,1,488.4,534.6,0.0,0.0,1.0,mean_0.8,0,0.8,0.15,beta,none
City-B,T1,2x,360.0,S0a_RoutineOracle,routine,M_routine,500,True,1,774.8,774.8,0.0,0.0,1.0,mean_0.8,0,0.8,0.15,beta,none
City-B,T1,2x,360.0,S0a_RoutineOracle,cross_regime,M_stress,500,True,1,774.8,472.0,0.0,0.3907,1.0,mean_0.8,0,0.8,0.15,beta,none
City-B,T1,2x,360.0,S0b_StressOracle,routine,M_routine,500,True,1,534.6,285.6,74.4,0.4657,0.0,mean_0.8,0,0.8,0.15,beta,none
City-B,T1,2x,360.0,S0b_StressOracle,cross_regime,M_stress,500,True,1,534.6,534.6,0.0,0.0,1.0,mean_0.8,0,0.8,0.15,beta,none
City-B,T1,2x,360.0,S1_CapRR,routine,M_routine,500,True,1,846.0,285.6,74.4,0.6624,0.0,mean_0.8,0,0.8,0.15,beta,none
City-B,T1,2x,360.0,S1_CapRR,cross_regime,M_stress,500,True,1,846.0,534.6,0.0,0.3681,1.0,mean_0.8,0,0.8,0.15,beta,none
City-B,T1,2x,360.0,S2_Platform,routine,M_routine,500,True,1,561.1,774.8,0.0,0.0,1.0,mean_0.8,0,0.8,0.15,beta,none
City-B,T1,2x,360.0,S2_Platform,cross_regime,M_stress,500,True,1,561.1,472.0,0.0,0.1588,1.0,mean_0.8,0,0.8,0.15,beta,none
City-B,T1,2x,360.0,S3_Lin4,routine,M_routine,500,True,1,555.3,376.1,0.0,0.3228,1.0,mean_0.8,0,0.8,0.15,beta,none
City-B,T1,2x,360.0,S3_Lin4,cross_regime,M_stress,500,True,1,555.3,390.0,0.0,0.2977,1.0,mean_0.8,0,0.8,0.15,beta,none
City-B,T1,2x,360.0,S4_GlobalCalib,routine,M_routine,500,True,1,674.6,285.6,74.4,0.5766,0.0,mean_0.8,0,0.8,0.15,beta,none
City-B,T1,2x,360.0,S4_GlobalCalib,cross_regime,M_stress,500,True,1,674.6,534.6,0.0,0.2076,1.0,mean_0.8,0,0.8,0.15,beta,none
City-B,T1,2x,360.0,S5_CityCalib,routine,M_routine,500,True,1,674.2,285.6,74.4,0.5764,0.0,mean_0.8,0,0.8,0.15,beta,none
City-B,T1,2x,360.0,S5_CityCalib,cross_regime,M_stress,500,True,1,674.2,534.6,0.0,0.2072,1.0,mean_0.8,0,0.8,0.15,beta,none
City-B,T1,2x,360.0,S6_Q10,routine,M_routine,500,True,1,488.4,285.6,74.4,0.4152,0.0,mean_0.8,0,0.8,0.15,beta,none
City-B,T1,2x,360.0,S6_Q10,cross_regime,M_stress,500,True,1,488.4,534.6,0.0,0.0,1.0,mean_0.8,0,0.8,0.15,beta,none
City-B,T1,5x,900.0,S0a_RoutineOracle,routine,M_routine,500,True,2,1541.4,1541.4,0.0,0.0,1.0,mean_0.8,0,0.8,0.15,beta,none
City-B,T1,5x,900.0,S0a_RoutineOracle,cross_regime,M_stress,500,True,2,1541.4,993.1,0.0,0.3557,1.0,mean_0.8,0,0.8,0.15,beta,none
City-B,T1,5x,900.0,S0b_StressOracle,routine,M_routine,500,True,2,1055.6,1052.2,0.0,0.0032,1.0,mean_0.8,0,0.8,0.15,beta,none
City-B,T1,5x,900.0,S0b_StressOracle,cross_regime,M_stress,500,True,2,1055.6,1055.6,0.0,0.0,1.0,mean_0.8,0,0.8,0.15,beta,none
City-B,T1,5x,900.0,S1_CapRR,routine,M_routine,500,True,2,1688.0,1052.2,0.0,0.3766,1.0,mean_0.8,0,0.8,0.15,beta,none
City-B,T1,5x,900.0,S1_CapRR,cross_regime,M_stress,500,True,2,1688.0,1055.6,0.0,0.3746,1.0,mean_0.8,0,0.8,0.15,beta,none
City-B,T1,5x,900.0,S2_Platform,routine,M_routine,500,True,2,1112.3,1150.9,0.0,0.0,1.0,mean_0.8,0,0.8,0.15,beta,none
City-B,T1,5x,900.0,S2_Platform,cross_regime,M_stress,500,True,2,1112.3,862.1,37.9,0.225,0.0,mean_0.8,0,0.8,0.15,beta,none
City-B,T1,5x,900.0,S3_Lin4,routine,M_routine,500,True,2,1103.1,1150.9,0.0,0.0,1.0,mean_0.8,0,0.8,0.15,beta,none
City-B,T1,5x,900.0,S3_Lin4,cross_regime,M_stress,500,True,2,1103.1,862.1,37.9,0.2185,0.0,mean_0.8,0,0.8,0.15,beta,none
City-B,T1,5x,900.0,S4_GlobalCalib,routine,M_routine,500,True,2,1346.0,1052.2,0.0,0.2183,1.0,mean_0.8,0,0.8,0.15,beta,none
City-B,T1,5x,900.0,S4_GlobalCalib,cross_regime,M_stress,500,True,2,1346.0,1055.6,0.0,0.2158,1.0,mean_0.8,0,0.8,0.15,beta,none
City-B,T1,5x,900.0,S5_CityCalib,routine,M_routine,500,True,2,1345.3,1052.2,0.0,0.2178,1.0,mean_0.8,0,0.8,0.15,beta,none
City-B,T1,5x,900.0,S5_CityCalib,cross_regime,M_stress,500,True,2,1345.3,1055.6,0.0,0.2153,1.0,mean_0.8,0,0.8,0.15,beta,none
City-B,T1,5x,900.0,S6_Q10,routine,M_routine,500,True,2,974.4,1052.2,0.0,0.0,1.0,mean_0.8,0,0.8,0.15,beta,none
City-B,T1,5x,900.0,S6_Q10,cross_regime,M_stress,500,True,2,974.4,1055.6,0.0,0.0,1.0,mean_0.8,0,0.8,0.15,beta,none
City-B,T1,10x,1800.0,S0a_RoutineOracle,routine,M_routine,500,True,3,2075.1,2075.1,0.0,0.0,1.0,mean_0.8,0,0.8,0.15,beta,none
City-B,T1,10x,1800.0,S0a_RoutineOracle,cross_regime,M_stress,500,True,3,2075.1,1335.7,464.3,0.3563,0.0,mean_0.8,0,0.8,0.15,beta,none
City-B,T1,10x,1800.0,S0b_StressOracle,routine,M_routine,500,True,4,1917.7,2203.1,0.0,0.0,1.0,mean_0.8,0,0.8,0.15,beta,none
City-B,T1,10x,1800.0,S0b_StressOracle,cross_regime,M_stress,500,True,4,1917.7,1917.7,0.0,0.0,1.0,mean_0.8,0,0.8,0.15,beta,none
City-B,T1,10x,1800.0,S1_CapRR,routine,M_routine,500,True,3,2504.5,1428.3,371.7,0.4297,0.0,mean_0.8,0,0.8,0.15,beta,none
City-B,T1,10x,1800.0,S1_CapRR,cross_regime,M_stress,500,True,3,2504.5,1445.6,354.4,0.4228,0.0,mean_0.8,0,0.8,0.15,beta,none
City-B,T1,10x,1800.0,S2_Platform,routine,M_routine,500,True,4,2163.2,2203.1,0.0,0.0,1.0,mean_0.8,0,0.8,0.15,beta,none
City-B,T1,10x,1800.0,S2_Platform,cross_regime,M_stress,500,True,4,2163.2,1917.7,0.0,0.1135,1.0,mean_0.8,0,0.8,0.15,beta,none
City-B,T1,10x,1800.0,S3_Lin4,routine,M_routine,500,True,4,2188.6,2203.1,0.0,0.0,1.0,mean_0.8,0,0.8,0.15,beta,none
City-B,T1,10x,1800.0,S3_Lin4,cross_regime,M_stress,500,True,4,2188.6,1917.7,0.0,0.1238,1.0,mean_0.8,0,0.8,0.15,beta,none
City-B,T1,10x,1800.0,S4_GlobalCalib,routine,M_routine,500,True,3,1997.2,1428.3,371.7,0.2848,0.0,mean_0.8,0,0.8,0.15,beta,none
City-B,T1,10x,1800.0,S4_GlobalCalib,cross_regime,M_stress,500,True,3,1997.2,1445.6,354.4,0.2762,0.0,mean_0.8,0,0.8,0.15,beta,none
City-B,T1,10x,1800.0,S5_CityCalib,routine,M_routine,500,True,3,1996.0,1428.3,371.7,0.2844,0.0,mean_0.8,0,0.8,0.15,beta,none
City-B,T1,10x,1800.0,S5_CityCalib,cross_regime,M_stress,500,True,3,1996.0,1445.6,354.4,0.2757,0.0,mean_0.8,0,0.8,0.15,beta,none
City-B,T1,10x,1800.0,S6_Q10,routine,M_routine,500,True,4,1906.9,2203.1,0.0,0.0,1.0,mean_0.8,0,0.8,0.15,beta,none
City-B,T1,10x,1800.0,S6_Q10,cross_regime,M_stress,500,True,4,1906.9,1917.7,0.0,0.0,1.0,mean_0.8,0,0.8,0.15,beta,none
City-B,T2,1x,260.0,S0a_RoutineOracle,routine,M_routine,500,True,1,787.2,787.2,0.0,0.0,1.0,mean_0.8,0,0.8,0.15,beta,none
City-B,T2,1x,260.0,S0a_RoutineOracle,cross_regime,M_stress,500,True,1,787.2,465.4,0.0,0.4088,1.0,mean_0.8,0,0.8,0.15,beta,none
City-B,T2,1x,260.0,S0b_StressOracle,routine,M_routine,500,True,1,490.3,680.1,0.0,0.0,1.0,mean_0.8,0,0.8,0.15,beta,none
City-B,T2,1x,260.0,S0b_StressOracle,cross_regime,M_stress,500,True,1,490.3,490.3,0.0,0.0,1.0,mean_0.8,0,0.8,0.15,beta,none
City-B,T2,1x,260.0,S1_CapRR,routine,M_routine,500,True,1,846.0,543.9,0.0,0.357,1.0,mean_0.8,0,0.8,0.15,beta,none
City-B,T2,1x,260.0,S1_CapRR,cross_regime,M_stress,500,True,1,846.0,377.4,0.0,0.5539,1.0,mean_0.8,0,0.8,0.15,beta,none
City-B,T2,1x,260.0,S2_Platform,routine,M_routine,500,True,1,557.0,615.4,0.0,0.0,1.0,mean_0.8,0,0.8,0.15,beta,none
City-B,T2,1x,260.0,S2_Platform,cross_regime,M_stress,500,True,1,557.0,264.7,0.0,0.5248,1.0,mean_0.8,0,0.8,0.15,beta,none
City-B,T2,1x,260.0,S3_Lin4,routine,M_routine,500,True,1,553.5,787.2,0.0,0.0,1.0,mean_0.8,0,0.8,0.15,beta,none
City-B,T2,1x,260.0,S3_Lin4,cross_regime,M_stress,500,True,1,553.5,465.4,0.0,0.1591,1.0,mean_0.8,0,0.8,0.15,beta,none
City-B,T2,1x,260.0,S4_GlobalCalib,routine,M_routine,500,True,1,670.8,543.9,0.0,0.1891,1.0,mean_0.8,0,0.8,0.15,beta,none
City-B,T2,1x,260.0,S4_GlobalCalib,cross_regime,M_stress,500,True,1,670.8,377.4,0.0,0.4373,1.0,mean_0.8,0,0.8,0.15,beta,none
City-B,T2,1x,260.0,S5_CityCalib,routine,M_routine,500,True,1,666.6,543.9,0.0,0.1841,1.0,mean_0.8,0,0.8,0.15,beta,none
City-B,T2,1x,260.0,S5_CityCalib,cross_regime,M_stress,500,True,1,666.6,377.4,0.0,0.4339,1.0,mean_0.8,0,0.8,0.15,beta,none
City-B,T2,1x,260.0,S6_Q10,routine,M_routine,500,True,1,491.1,543.9,0.0,0.0,1.0,mean_0.8,0,0.8,0.15,beta,none
City-B,T2,1x,260.0,S6_Q10,cross_regime,M_stress,500,True,1,491.1,377.4,0.0,0.2315,1.0,mean_0.8,0,0.8,0.15,beta,none
City-B,T2,2x,520.0,S0a_RoutineOracle,routine,M_routine,500,True,1,787.2,787.2,0.0,0.0,1.0,mean_0.8,0,0.8,0.15,beta,none
City-B,T2,2x,520.0,S0a_RoutineOracle,cross_regime,M_stress,500,True,1,787.2,465.4,54.6,0.4088,0.0,mean_0.8,0,0.8,0.15,beta,none
City-B,T2,2x,520.0,S0b_StressOracle,routine,M_routine,500,True,2,955.8,1467.4,0.0,0.0,1.0,mean_0.8,0,0.8,0.15,beta,none
City-B,T2,2x,520.0,S0b_StressOracle,cross_regime,M_stress,500,True,2,955.8,955.8,0.0,0.0,1.0,mean_0.8,0,0.8,0.15,beta,none
City-B,T2,2x,520.0,S1_CapRR,routine,M_routine,500,True,1,846.0,543.9,0.0,0.357,1.0,mean_0.8,0,0.8,0.15,beta,none
City-B,T2,2x,520.0,S1_CapRR,cross_regime,M_stress,500,True,1,846.0,377.4,142.6,0.5539,0.0,mean_0.8,0,0.8,0.15,beta,none
City-B,T2,2x,520.0,S2_Platform,routine,M_routine,500,True,1,557.0,615.4,0.0,0.0,1.0,mean_0.8,0,0.8,0.15,beta,none
City-B,T2,2x,520.0,S2_Platform,cross_regime,M_stress,500,True,1,557.0,264.7,255.3,0.5248,0.0,mean_0.8,0,0.8,0.15,beta,none
City-B,T2,2x,520.0,S3_Lin4,routine,M_routine,500,True,1,553.5,787.2,0.0,0.0,1.0,mean_0.8,0,0.8,0.15,beta,none
City-B,T2,2x,520.0,S3_Lin4,cross_regime,M_stress,500,True,1,553.5,465.4,54.6,0.1591,0.0,mean_0.8,0,0.8,0.15,beta,none
City-B,T2,2x,520.0,S4_GlobalCalib,routine,M_routine,500,True,1,670.8,543.9,0.0,0.1891,1.0,mean_0.8,0,0.8,0.15,beta,none
City-B,T2,2x,520.0,S4_GlobalCalib,cross_regime,M_stress,500,True,1,670.8,377.4,142.6,0.4373,0.0,mean_0.8,0,0.8,0.15,beta,none
City-B,T2,2x,520.0,S5_CityCalib,routine,M_routine,500,True,1,666.6,543.9,0.0,0.1841,1.0,mean_0.8,0,0.8,0.15,beta,none
City-B,T2,2x,520.0,S5_CityCalib,cross_regime,M_stress,500,True,1,666.6,377.4,142.6,0.4339,0.0,mean_0.8,0,0.8,0.15,beta,none
City-B,T2,2x,520.0,S6_Q10,routine,M_routine,500,True,2,979.8,1224.1,0.0,0.0,1.0,mean_0.8,0,0.8,0.15,beta,none
City-B,T2,2x,520.0,S6_Q10,cross_regime,M_stress,500,True,2,979.8,867.7,0.0,0.1144,1.0,mean_0.8,0,0.8,0.15,beta,none
City-B,T2,5x,1300.0,S0a_RoutineOracle,routine,M_routine,500,True,2,1467.4,1467.4,0.0,0.0,1.0,mean_0.8,0,0.8,0.15,beta,none
City-B,T2,5x,1300.0,S0a_RoutineOracle,cross_regime,M_stress,500,True,2,1467.4,955.8,344.2,0.3486,0.0,mean_0.8,0,0.8,0.15,beta,none
City-B,T2,5x,1300.0,S0b_StressOracle,routine,M_routine,500,True,3,1348.1,2039.6,0.0,0.0,1.0,mean_0.8,0,0.8,0.15,beta,none
City-B,T2,5x,1300.0,S0b_StressOracle,cross_regime,M_stress,500,True,3,1348.1,1348.1,0.0,0.0,1.0,mean_0.8,0,0.8,0.15,beta,none
City-B,T2,5x,1300.0,S1_CapRR,routine,M_routine,500,True,2,1688.0,1224.1,75.9,0.2748,0.0,mean_0.8,0,0.8,0.15,beta,none
City-B,T2,5x,1300.0,S1_CapRR,cross_regime,M_stress,500,True,2,1688.0,867.7,432.3,0.4859,0.0,mean_0.8,0,0.8,0.15,beta,none
City-B,T2,5x,1300.0,S2_Platform,routine,M_routine,500,True,3,1630.3,2082.8,0.0,0.0,1.0,mean_0.8,0,0.8,0.15,beta,none
City-B,T2,5x,1300.0,S2_Platform,cross_regime,M_stress,500,True,3,1630.3,1220.5,79.5,0.2514,0.0,mean_0.8,0,0.8,0.15,beta,none
City-B,T2,5x,1300.0,S3_Lin4,routine,M_routine,500,True,3,1641.6,1946.6,0.0,0.0,1.0,mean_0.8,0,0.8,0.15,beta,none
City-B,T2,5x,1300.0,S3_Lin4,cross_regime,M_stress,500,True,3,1641.6,1107.6,192.4,0.3253,0.0,mean_0.8,0,0.8,0.15,beta,none
City-B,T2,5x,1300.0,S4_GlobalCalib,routine,M_routine,500,True,2,1338.3,1224.1,75.9,0.0853,0.0,mean_0.8,0,0.8,0.15,beta,none
City-B,T2,5x,1300.0,S4_GlobalCalib,cross_regime,M_stress,500,True,2,1338.3,867.7,432.3,0.3516,0.0,mean_0.8,0,0.8,0.15,beta,none
City-B,T2,5x,1300.0,S5_CityCalib,routine,M_routine,500,True,2,1330.1,1224.1,75.9,0.0797,0.0,mean_0.8,0,0.8,0.15,beta,none
City-B,T2,5x,1300.0,S5_CityCalib,cross_regime,M_stress,500,True,2,1330.1,867.7,432.3,0.3476,0.0,mean_0.8,0,0.8,0.15,beta,none
City-B,T2,5x,1300.0,S6_Q10,routine,M_routine,500,True,3,1453.8,2011.3,0.0,0.0,1.0,mean_0.8,0,0.8,0.15,beta,none
City-B,T2,5x,1300.0,S6_Q10,cross_regime,M_stress,500,True,3,1453.8,1333.2,0.0,0.083,1.0,mean_0.8,0,0.8,0.15,beta,none
City-B,T2,10x,2600.0,S0a_RoutineOracle,routine,M_routine,500,True,4,2658.0,2658.0,0.0,0.0,1.0,mean_0.8,0,0.8,0.15,beta,none
City-B,T2,10x,2600.0,S0a_RoutineOracle,cross_regime,M_stress,500,True,4,2658.0,1527.0,1073.0,0.4255,0.0,mean_0.8,0,0.8,0.15,beta,none
City-B,T2,10x,2600.0,S0b_StressOracle,routine,M_routine,500,True,7,2776.1,3697.8,0.0,0.0,1.0,mean_0.8,0,0.8,0.15,beta,none
City-B,T2,10x,2600.0,S0b_StressOracle,cross_regime,M_stress,500,True,7,2776.1,2776.1,0.0,0.0,1.0,mean_0.8,0,0.8,0.15,beta,none
City-B,T2,10x,2600.0,S1_CapRR,routine,M_routine,500,True,4,3303.2,2626.7,0.0,0.2048,1.0,mean_0.8,0,0.8,0.15,beta,none
City-B,T2,10x,2600.0,S1_CapRR,cross_regime,M_stress,500,True,4,3303.2,1597.9,1002.1,0.5163,0.0,mean_0.8,0,0.8,0.15,beta,none
City-B,T2,10x,2600.0,S2_Platform,routine,M_routine,500,True,6,2974.4,3710.0,0.0,0.0,1.0,mean_0.8,0,0.8,0.15,beta,none
City-B,T2,10x,2600.0,S2_Platform,cross_regime,M_stress,500,True,6,2974.4,2332.2,267.8,0.2159,0.0,mean_0.8,0,0.8,0.15,beta,none
City-B,T2,10x,2600.0,S3_Lin4,routine,M_routine,500,True,5,2640.4,3137.8,0.0,0.0,1.0,mean_0.8,0,0.8,0.15,beta,none
City-B,T2,10x,2600.0,S3_Lin4,cross_regime,M_stress,500,True,5,2640.4,1939.9,660.1,0.2653,0.0,mean_0.8,0,0.8,0.15,beta,none
City-B,T2,10x,2600.0,S4_GlobalCalib,routine,M_routine,500,True,4,2619.1,2626.7,0.0,0.0,1.0,mean_0.8,0,0.8,0.15,beta,none
City-B,T2,10x,2600.0,S4_GlobalCalib,cross_regime,M_stress,500,True,4,2619.1,1597.9,1002.1,0.3899,0.0,mean_0.8,0,0.8,0.15,beta,none
City-B,T2,10x,2600.0,S5_CityCalib,routine,M_routine,500,True,4,2603.0,2626.7,0.0,0.0,1.0,mean_0.8,0,0.8,0.15,beta,none
City-B,T2,10x,2600.0,S5_CityCalib,cross_regime,M_stress,500,True,4,2603.0,1597.9,1002.1,0.3861,0.0,mean_0.8,0,0.8,0.15,beta,none
City-B,T2,10x,2600.0,S6_Q10,routine,M_routine,500,True,6,2696.7,3713.0,0.0,0.0,1.0,mean_0.8,0,0.8,0.15,beta,none
City-B,T2,10x,2600.0,S6_Q10,cross_regime,M_stress,500,True,6,2696.7,2246.3,353.7,0.167,0.0,mean_0.8,0,0.8,0.15,beta,none
City-B,T3,1x,200.0,S0a_RoutineOracle,routine,M_routine,500,True,1,711.4,711.4,0.0,0.0,1.0,mean_0.8,0,0.8,0.15,beta,none
City-B,T3,1x,200.0,S0a_RoutineOracle,cross_regime,M_stress,500,True,1,711.4,335.0,0.0,0.5291,1.0,mean_0.8,0,0.8,0.15,beta,none
City-B,T3,1x,200.0,S0b_StressOracle,routine,M_routine,500,True,1,483.9,650.8,0.0,0.0,1.0,mean_0.8,0,0.8,0.15,beta,none
City-B,T3,1x,200.0,S0b_StressOracle,cross_regime,M_stress,500,True,1,483.9,483.9,0.0,0.0,1.0,mean_0.8,0,0.8,0.15,beta,none
City-B,T3,1x,200.0,S1_CapRR,routine,M_routine,500,True,1,744.5,650.8,0.0,0.1259,1.0,mean_0.8,0,0.8,0.15,beta,none
City-B,T3,1x,200.0,S1_CapRR,cross_regime,M_stress,500,True,1,744.5,483.9,0.0,0.35,1.0,mean_0.8,0,0.8,0.15,beta,none
City-B,T3,1x,200.0,S2_Platform,routine,M_routine,500,True,1,543.2,711.4,0.0,0.0,1.0,mean_0.8,0,0.8,0.15,beta,none
City-B,T3,1x,200.0,S2_Platform,cross_regime,M_stress,500,True,1,543.2,335.0,0.0,0.3833,1.0,mean_0.8,0,0.8,0.15,beta,none
City-B,T3,1x,200.0,S3_Lin4,routine,M_routine,500,True,1,543.3,559.1,0.0,0.0,1.0,mean_0.8,0,0.8,0.15,beta,none
City-B,T3,1x,200.0,S3_Lin4,cross_regime,M_stress,500,True,1,543.3,418.4,0.0,0.23,1.0,mean_0.8,0,0.8,0.15,beta,none
City-B,T3,1x,200.0,S4_GlobalCalib,routine,M_routine,500,True,1,590.0,650.8,0.0,0.0,1.0,mean_0.8,0,0.8,0.15,beta,none
City-B,T3,1x,200.0,S4_GlobalCalib,cross_regime,M_stress,500,True,1,590.0,483.9,0.0,0.1798,1.0,mean_0.8,0,0.8,0.15,beta,none
City-B,T3,1x,200.0,S5_CityCalib,routine,M_routine,500,True,1,582.3,650.8,0.0,0.0,1.0,mean_0.8,0,0.8,0.15,beta,none
City-B,T3,1x,200.0,S5_CityCalib,cross_regime,M_stress,500,True,1,582.3,483.9,0.0,0.1689,1.0,mean_0.8,0,0.8,0.15,beta,none
City-B,T3,1x,200.0,S6_Q10,routine,M_routine,500,True,1,429.1,650.8,0.0,0.0,1.0,mean_0.8,0,0.8,0.15,beta,none
City-B,T3,1x,200.0,S6_Q10,cross_regime,M_stress,500,True,1,429.1,483.9,0.0,0.0,1.0,mean_0.8,0,0.8,0.15,beta,none
City-B,T3,2x,400.0,S0a_RoutineOracle,routine,M_routine,500,True,1,711.4,711.4,0.0,0.0,1.0,mean_0.8,0,0.8,0.15,beta,none
City-B,T3,2x,400.0,S0a_RoutineOracle,cross_regime,M_stress,500,True,1,711.4,335.0,65.0,0.5291,0.0,mean_0.8,0,0.8,0.15,beta,none
City-B,T3,2x,400.0,S0b_StressOracle,routine,M_routine,500,True,1,483.9,650.8,0.0,0.0,1.0,mean_0.8,0,0.8,0.15,beta,none
City-B,T3,2x,400.0,S0b_StressOracle,cross_regime,M_stress,500,True,1,483.9,483.9,0.0,0.0,1.0,mean_0.8,0,0.8,0.15,beta,none
City-B,T3,2x,400.0,S1_CapRR,routine,M_routine,500,True,1,744.5,650.8,0.0,0.1259,1.0,mean_0.8,0,0.8,0.15,beta,none
City-B,T3,2x,400.0,S1_CapRR,cross_regime,M_stress,500,True,1,744.5,483.9,0.0,0.35,1.0,mean_0.8,0,0.8,0.15,beta,none
City-B,T3,2x,400.0,S2_Platform,routine,M_routine,500,True,1,543.2,711.4,0.0,0.0,1.0,mean_0.8,0,0.8,0.15,beta,none
City-B,T3,2x,400.0,S2_Platform,cross_regime,M_stress,500,True,1,543.2,335.0,65.0,0.3833,0.0,mean_0.8,0,0.8,0.15,beta,none
City-B,T3,2x,400.0,S3_Lin4,routine,M_routine,500,True,1,543.3,559.1,0.0,0.0,1.0,mean_0.8,0,0.8,0.15,beta,none
City-B,T3,2x,400.0,S3_Lin4,cross_regime,M_stress,500,True,1,543.3,418.4,0.0,0.23,1.0,mean_0.8,0,0.8,0.15,beta,none
City-B,T3,2x,400.0,S4_GlobalCalib,routine,M_routine,500,True,1,590.0,650.8,0.0,0.0,1.0,mean_0.8,0,0.8,0.15,beta,none
City-B,T3,2x,400.0,S4_GlobalCalib,cross_regime,M_stress,500,True,1,590.0,483.9,0.0,0.1798,1.0,mean_0.8,0,0.8,0.15,beta,none
City-B,T3,2x,400.0,S5_CityCalib,routine,M_routine,500,True,1,582.3,650.8,0.0,0.0,1.0,mean_0.8,0,0.8,0.15,beta,none
City-B,T3,2x,400.0,S5_CityCalib,cross_regime,M_stress,500,True,1,582.3,483.9,0.0,0.1689,1.0,mean_0.8,0,0.8,0.15,beta,none
City-B,T3,2x,400.0,S6_Q10,routine,M_routine,500,True,1,429.1,650.8,0.0,0.0,1.0,mean_0.8,0,0.8,0.15,beta,none
City-B,T3,2x,400.0,S6_Q10,cross_regime,M_stress,500,True,1,429.1,483.9,0.0,0.0,1.0,mean_0.8,0,0.8,0.15,beta,none
City-B,T3,5x,1000.0,S0a_RoutineOracle,routine,M_routine,500,True,2,1362.2,1362.2,0.0,0.0,1.0,mean_0.8,0,0.8,0.15,beta,none
City-B,T3,5x,1000.0,S0a_RoutineOracle,cross_regime,M_stress,500,True,2,1362.2,818.9,181.1,0.3988,0.0,mean_0.8,0,0.8,0.15,beta,none
City-B,T3,5x,1000.0,S0b_StressOracle,routine,M_routine,500,True,3,1328.2,1571.6,0.0,0.0,1.0,mean_0.8,0,0.8,0.15,beta,none
City-B,T3,5x,1000.0,S0b_StressOracle,cross_regime,M_stress,500,True,3,1328.2,1328.2,0.0,0.0,1.0,mean_0.8,0,0.8,0.15,beta,none
City-B,T3,5x,1000.0,S1_CapRR,routine,M_routine,500,True,2,1485.4,1362.2,0.0,0.083,1.0,mean_0.8,0,0.8,0.15,beta,none
City-B,T3,5x,1000.0,S1_CapRR,cross_regime,M_stress,500,True,2,1485.4,818.9,181.1,0.4487,0.0,mean_0.8,0,0.8,0.15,beta,none
City-B,T3,5x,1000.0,S2_Platform,routine,M_routine,500,True,2,1048.0,1270.5,0.0,0.0,1.0,mean_0.8,0,0.8,0.15,beta,none
City-B,T3,5x,1000.0,S2_Platform,cross_regime,M_stress,500,True,2,1048.0,753.3,246.7,0.2812,0.0,mean_0.8,0,0.8,0.15,beta,none
City-B,T3,5x,1000.0,S3_Lin4,routine,M_routine,500,True,2,1079.4,920.8,79.2,0.1469,0.0,mean_0.8,0,0.8,0.15,beta,none
City-B,T3,5x,1000.0,S3_Lin4,cross_regime,M_stress,500,True,2,1079.4,844.2,155.8,0.2179,0.0,mean_0.8,0,0.8,0.15,beta,none
City-B,T3,5x,1000.0,S4_GlobalCalib,routine,M_routine,500,True,2,1177.2,1362.2,0.0,0.0,1.0,mean_0.8,0,0.8,0.15,beta,none
City-B,T3,5x,1000.0,S4_GlobalCalib,cross_regime,M_stress,500,True,2,1177.2,818.9,181.1,0.3044,0.0,mean_0.8,0,0.8,0.15,beta,none
City-B,T3,5x,1000.0,S5_CityCalib,routine,M_routine,500,True,2,1161.8,1362.2,0.0,0.0,1.0,mean_0.8,0,0.8,0.15,beta,none
City-B,T3,5x,1000.0,S5_CityCalib,cross_regime,M_stress,500,True,2,1161.8,818.9,181.1,0.2952,0.0,mean_0.8,0,0.8,0.15,beta,none
City-B,T3,5x,1000.0,S6_Q10,routine,M_routine,500,True,3,1270.3,1921.2,0.0,0.0,1.0,mean_0.8,0,0.8,0.15,beta,none
City-B,T3,5x,1000.0,S6_Q10,cross_regime,M_stress,500,True,3,1270.3,1237.3,0.0,0.026,1.0,mean_0.8,0,0.8,0.15,beta,none
City-B,T3,10x,2000.0,S0a_RoutineOracle,routine,M_routine,500,True,4,2517.4,2517.4,0.0,0.0,1.0,mean_0.8,0,0.8,0.15,beta,none
City-B,T3,10x,2000.0,S0a_RoutineOracle,cross_regime,M_stress,500,True,4,2517.4,1526.2,473.8,0.3937,0.0,mean_0.8,0,0.8,0.15,beta,none
City-B,T3,10x,2000.0,S0b_StressOracle,routine,M_routine,500,True,5,2008.8,2813.7,0.0,0.0,1.0,mean_0.8,0,0.8,0.15,beta,none
City-B,T3,10x,2000.0,S0b_StressOracle,cross_regime,M_stress,500,True,5,2008.8,2008.8,0.0,0.0,1.0,mean_0.8,0,0.8,0.15,beta,none
City-B,T3,10x,2000.0,S1_CapRR,routine,M_routine,500,True,3,2203.9,1921.2,78.8,0.1283,0.0,mean_0.8,0,0.8,0.15,beta,none
City-B,T3,10x,2000.0,S1_CapRR,cross_regime,M_stress,500,True,3,2203.9,1237.3,762.7,0.4386,0.0,mean_0.8,0,0.8,0.15,beta,none
City-B,T3,10x,2000.0,S2_Platform,routine,M_routine,500,True,5,2307.7,2634.3,0.0,0.0,1.0,mean_0.8,0,0.8,0.15,beta,none
City-B,T3,10x,2000.0,S2_Platform,cross_regime,M_stress,500,True,5,2307.7,1790.8,209.2,0.224,0.0,mean_0.8,0,0.8,0.15,beta,none
City-B,T3,10x,2000.0,S3_Lin4,routine,M_routine,500,True,4,2133.0,2283.0,0.0,0.0,1.0,mean_0.8,0,0.8,0.15,beta,none
City-B,T3,10x,2000.0,S3_Lin4,cross_regime,M_stress,500,True,4,2133.0,1663.1,336.9,0.2203,0.0,mean_0.8,0,0.8,0.15,beta,none
City-B,T3,10x,2000.0,S4_GlobalCalib,routine,M_routine,500,True,4,2303.7,2283.0,0.0,0.009,1.0,mean_0.8,0,0.8,0.15,beta,none
City-B,T3,10x,2000.0,S4_GlobalCalib,cross_regime,M_stress,500,True,4,2303.7,1663.1,336.9,0.2781,0.0,mean_0.8,0,0.8,0.15,beta,none
City-B,T3,10x,2000.0,S5_CityCalib,routine,M_routine,500,True,4,2273.8,2283.0,0.0,0.0,1.0,mean_0.8,0,0.8,0.15,beta,none
City-B,T3,10x,2000.0,S5_CityCalib,cross_regime,M_stress,500,True,4,2273.8,1663.1,336.9,0.2686,0.0,mean_0.8,0,0.8,0.15,beta,none
City-B,T3,10x,2000.0,S6_Q10,routine,M_routine,500,True,5,2030.0,2879.1,0.0,0.0,1.0,mean_0.8,0,0.8,0.15,beta,none
City-B,T3,10x,2000.0,S6_Q10,cross_regime,M_stress,500,True,5,2030.0,1952.1,47.9,0.0384,0.0,mean_0.8,0,0.8,0.15,beta,none
City-B,T4,1x,140.0,S0a_RoutineOracle,routine,M_routine,500,True,1,821.1,821.1,0.0,0.0,1.0,mean_0.8,0,0.8,0.15,beta,none
City-B,T4,1x,140.0,S0a_RoutineOracle,cross_regime,M_stress,500,True,1,821.1,524.8,0.0,0.3608,1.0,mean_0.8,0,0.8,0.15,beta,none
City-B,T4,1x,140.0,S0b_StressOracle,routine,M_routine,500,True,1,524.8,821.1,0.0,0.0,1.0,mean_0.8,0,0.8,0.15,beta,none
City-B,T4,1x,140.0,S0b_StressOracle,cross_regime,M_stress,500,True,1,524.8,524.8,0.0,0.0,1.0,mean_0.8,0,0.8,0.15,beta,none
City-B,T4,1x,140.0,S1_CapRR,routine,M_routine,500,True,1,846.0,735.8,0.0,0.1303,1.0,mean_0.8,0,0.8,0.15,beta,none
City-B,T4,1x,140.0,S1_CapRR,cross_regime,M_stress,500,True,1,846.0,427.9,0.0,0.4942,1.0,mean_0.8,0,0.8,0.15,beta,none
City-B,T4,1x,140.0,S2_Platform,routine,M_routine,500,True,1,480.1,735.8,0.0,0.0,1.0,mean_0.8,0,0.8,0.15,beta,none
City-B,T4,1x,140.0,S2_Platform,cross_regime,M_stress,500,True,1,480.1,427.9,0.0,0.1086,1.0,mean_0.8,0,0.8,0.15,beta,none
City-B,T4,1x,140.0,S3_Lin4,routine,M_routine,500,True,1,554.3,723.7,0.0,0.0,1.0,mean_0.8,0,0.8,0.15,beta,none
City-B,T4,1x,140.0,S3_Lin4,cross_regime,M_stress,500,True,1,554.3,499.8,0.0,0.0983,1.0,mean_0.8,0,0.8,0.15,beta,none
City-B,T4,1x,140.0,S4_GlobalCalib,routine,M_routine,500,True,1,666.8,735.8,0.0,0.0,1.0,mean_0.8,0,0.8,0.15,beta,none
City-B,T4,1x,140.0,S4_GlobalCalib,cross_regime,M_stress,500,True,1,666.8,427.9,0.0,0.3582,1.0,mean_0.8,0,0.8,0.15,beta,none
City-B,T4,1x,140.0,S5_CityCalib,routine,M_routine,500,True,1,656.2,735.8,0.0,0.0,1.0,mean_0.8,0,0.8,0.15,beta,none
City-B,T4,1x,140.0,S5_CityCalib,cross_regime,M_stress,500,True,1,656.2,427.9,0.0,0.3478,1.0,mean_0.8,0,0.8,0.15,beta,none
City-B,T4,1x,140.0,S6_Q10,routine,M_routine,500,True,1,484.1,735.8,0.0,0.0,1.0,mean_0.8,0,0.8,0.15,beta,none
City-B,T4,1x,140.0,S6_Q10,cross_regime,M_stress,500,True,1,484.1,427.9,0.0,0.116,1.0,mean_0.8,0,0.8,0.15,beta,none
City-B,T4,2x,280.0,S0a_RoutineOracle,routine,M_routine,500,True,1,821.1,821.1,0.0,0.0,1.0,mean_0.8,0,0.8,0.15,beta,none
City-B,T4,2x,280.0,S0a_RoutineOracle,cross_regime,M_stress,500,True,1,821.1,524.8,0.0,0.3608,1.0,mean_0.8,0,0.8,0.15,beta,none
City-B,T4,2x,280.0,S0b_StressOracle,routine,M_routine,500,True,1,524.8,821.1,0.0,0.0,1.0,mean_0.8,0,0.8,0.15,beta,none
City-B,T4,2x,280.0,S0b_StressOracle,cross_regime,M_stress,500,True,1,524.8,524.8,0.0,0.0,1.0,mean_0.8,0,0.8,0.15,beta,none
City-B,T4,2x,280.0,S1_CapRR,routine,M_routine,500,True,1,846.0,735.8,0.0,0.1303,1.0,mean_0.8,0,0.8,0.15,beta,none
City-B,T4,2x,280.0,S1_CapRR,cross_regime,M_stress,500,True,1,846.0,427.9,0.0,0.4942,1.0,mean_0.8,0,0.8,0.15,beta,none
City-B,T4,2x,280.0,S2_Platform,routine,M_routine,500,True,1,480.1,735.8,0.0,0.0,1.0,mean_0.8,0,0.8,0.15,beta,none
City-B,T4,2x,280.0,S2_Platform,cross_regime,M_stress,500,True,1,480.1,427.9,0.0,0.1086,1.0,mean_0.8,0,0.8,0.15,beta,none
City-B,T4,2x,280.0,S3_Lin4,routine,M_routine,500,True,1,554.3,723.7,0.0,0.0,1.0,mean_0.8,0,0.8,0.15,beta,none
City-B,T4,2x,280.0,S3_Lin4,cross_regime,M_stress,500,True,1,554.3,499.8,0.0,0.0983,1.0,mean_0.8,0,0.8,0.15,beta,none
City-B,T4,2x,280.0,S4_GlobalCalib,routine,M_routine,500,True,1,666.8,735.8,0.0,0.0,1.0,mean_0.8,0,0.8,0.15,beta,none
City-B,T4,2x,280.0,S4_GlobalCalib,cross_regime,M_stress,500,True,1,666.8,427.9,0.0,0.3582,1.0,mean_0.8,0,0.8,0.15,beta,none
City-B,T4,2x,280.0,S5_CityCalib,routine,M_routine,500,True,1,656.2,735.8,0.0,0.0,1.0,mean_0.8,0,0.8,0.15,beta,none
City-B,T4,2x,280.0,S5_CityCalib,cross_regime,M_stress,500,True,1,656.2,427.9,0.0,0.3478,1.0,mean_0.8,0,0.8,0.15,beta,none
City-B,T4,2x,280.0,S6_Q10,routine,M_routine,500,True,1,484.1,735.8,0.0,0.0,1.0,mean_0.8,0,0.8,0.15,beta,none
City-B,T4,2x,280.0,S6_Q10,cross_regime,M_stress,500,True,1,484.1,427.9,0.0,0.116,1.0,mean_0.8,0,0.8,0.15,beta,none
City-B,T4,5x,700.0,S0a_RoutineOracle,routine,M_routine,500,True,1,821.1,821.1,0.0,0.0,1.0,mean_0.8,0,0.8,0.15,beta,none
City-B,T4,5x,700.0,S0a_RoutineOracle,cross_regime,M_stress,500,True,1,821.1,524.8,175.2,0.3608,0.0,mean_0.8,0,0.8,0.15,beta,none
City-B,T4,5x,700.0,S0b_StressOracle,routine,M_routine,500,True,2,1024.6,1544.8,0.0,0.0,1.0,mean_0.8,0,0.8,0.15,beta,none
City-B,T4,5x,700.0,S0b_StressOracle,cross_regime,M_stress,500,True,2,1024.6,1024.6,0.0,0.0,1.0,mean_0.8,0,0.8,0.15,beta,none
City-B,T4,5x,700.0,S1_CapRR,routine,M_routine,500,True,1,846.0,735.8,0.0,0.1303,1.0,mean_0.8,0,0.8,0.15,beta,none
City-B,T4,5x,700.0,S1_CapRR,cross_regime,M_stress,500,True,1,846.0,427.9,272.1,0.4942,0.0,mean_0.8,0,0.8,0.15,beta,none
City-B,T4,5x,700.0,S2_Platform,routine,M_routine,500,True,2,912.9,1124.0,0.0,0.0,1.0,mean_0.8,0,0.8,0.15,beta,none
City-B,T4,5x,700.0,S2_Platform,cross_regime,M_stress,500,True,2,912.9,922.9,0.0,0.0,1.0,mean_0.8,0,0.8,0.15,beta,none
City-B,T4,5x,700.0,S3_Lin4,routine,M_routine,500,True,2,1101.3,1111.9,0.0,0.0,1.0,mean_0.8,0,0.8,0.15,beta,none
City-B,T4,5x,700.0,S3_Lin4,cross_regime,M_stress,500,True,2,1101.3,994.8,0.0,0.0967,1.0,mean_0.8,0,0.8,0.15,beta,none
City-B,T4,5x,700.0,S4_GlobalCalib,routine,M_routine,500,True,2,1330.4,1556.9,0.0,0.0,1.0,mean_0.8,0,0.8,0.15,beta,none
City-B,T4,5x,700.0,S4_GlobalCalib,cross_regime,M_stress,500,True,2,1330.4,952.7,0.0,0.2839,1.0,mean_0.8,0,0.8,0.15,beta,none
City-B,T4,5x,700.0,S5_CityCalib,routine,M_routine,500,True,2,1309.2,1556.9,0.0,0.0,1.0,mean_0.8,0,0.8,0.15,beta,none
City-B,T4,5x,700.0,S5_CityCalib,cross_regime,M_stress,500,True,2,1309.2,952.7,0.0,0.2723,1.0,mean_0.8,0,0.8,0.15,beta,none
City-B,T4,5x,700.0,S6_Q10,routine,M_routine,500,True,2,965.8,1556.9,0.0,0.0,1.0,mean_0.8,0,0.8,0.15,beta,none
City-B,T4,5x,700.0,S6_Q10,cross_regime,M_stress,500,True,2,965.8,952.7,0.0,0.0135,1.0,mean_0.8,0,0.8,0.15,beta,none
City-B,T4,10x,1400.0,S0a_RoutineOracle,routine,M_routine,500,True,2,1556.9,1556.9,0.0,0.0,1.0,mean_0.8,0,0.8,0.15,beta,none
City-B,T4,10x,1400.0,S0a_RoutineOracle,cross_regime,M_stress,500,True,2,1556.9,952.7,447.3,0.388,0.0,mean_0.8,0,0.8,0.15,beta,none
City-B,T4,10x,1400.0,S0b_StressOracle,routine,M_routine,500,True,3,1519.6,1933.1,0.0,0.0,1.0,mean_0.8,0,0.8,0.15,beta,none
City-B,T4,10x,1400.0,S0b_StressOracle,cross_regime,M_stress,500,True,3,1519.6,1519.6,0.0,0.0,1.0,mean_0.8,0,0.8,0.15,beta,none
City-B,T4,10x,1400.0,S1_CapRR,routine,M_routine,500,True,2,1688.0,1556.9,0.0,0.0776,1.0,mean_0.8,0,0.8,0.15,beta,none
City-B,T4,10x,1400.0,S1_CapRR,cross_regime,M_stress,500,True,2,1688.0,952.7,447.3,0.4356,0.0,mean_0.8,0,0.8,0.15,beta,none
City-B,T4,10x,1400.0,S2_Platform,routine,M_routine,500,True,4,1693.5,2420.8,0.0,0.0,1.0,mean_0.8,0,0.8,0.15,beta,none
City-B,T4,10x,1400.0,S2_Platform,cross_regime,M_stress,500,True,4,1693.5,1791.4,0.0,0.0,1.0,mean_0.8,0,0.8,0.15,beta,none
City-B,T4,10x,1400.0,S3_Lin4,routine,M_routine,500,True,3,1643.7,1847.7,0.0,0.0,1.0,mean_0.8,0,0.8,0.15,beta,none
City-B,T4,10x,1400.0,S3_Lin4,cross_regime,M_stress,500,True,3,1643.7,1422.7,0.0,0.1345,1.0,mean_0.8,0,0.8,0.15,beta,none
City-B,T4,10x,1400.0,S4_GlobalCalib,routine,M_routine,500,True,3,1974.1,2280.6,0.0,0.0,1.0,mean_0.8,0,0.8,0.15,beta,none
City-B,T4,10x,1400.0,S4_GlobalCalib,cross_regime,M_stress,500,True,3,1974.1,1452.6,0.0,0.2642,1.0,mean_0.8,0,0.8,0.15,beta,none
City-B,T4,10x,1400.0,S5_CityCalib,routine,M_routine,500,True,3,1942.6,2280.6,0.0,0.0,1.0,mean_0.8,0,0.8,0.15,beta,none
City-B,T4,10x,1400.0,S5_CityCalib,cross_regime,M_stress,500,True,3,1942.6,1452.6,0.0,0.2523,1.0,mean_0.8,0,0.8,0.15,beta,none
City-B,T4,10x,1400.0,S6_Q10,routine,M_routine,500,True,3,1433.0,2280.6,0.0,0.0,1.0,mean_0.8,0,0.8,0.15,beta,none
City-B,T4,10x,1400.0,S6_Q10,cross_regime,M_stress,500,True,3,1433.0,1452.6,0.0,0.0,1.0,mean_0.8,0,0.8,0.15,beta,none
City-B,T5,1x,160.0,S0a_RoutineOracle,routine,M_routine,500,True,1,659.9,659.9,0.0,0.0,1.0,mean_0.8,0,0.8,0.15,beta,none
City-B,T5,1x,160.0,S0a_RoutineOracle,cross_regime,M_stress,500,True,1,659.9,473.9,0.0,0.2818,1.0,mean_0.8,0,0.8,0.15,beta,none
City-B,T5,1x,160.0,S0b_StressOracle,routine,M_routine,500,True,1,473.9,659.9,0.0,0.0,1.0,mean_0.8,0,0.8,0.15,beta,none
City-B,T5,1x,160.0,S0b_StressOracle,cross_regime,M_stress,500,True,1,473.9,473.9,0.0,0.0,1.0,mean_0.8,0,0.8,0.15,beta,none
City-B,T5,1x,160.0,S1_CapRR,routine,M_routine,500,True,1,744.5,659.9,0.0,0.1137,1.0,mean_0.8,0,0.8,0.15,beta,none
City-B,T5,1x,160.0,S1_CapRR,cross_regime,M_stress,500,True,1,744.5,473.9,0.0,0.3634,1.0,mean_0.8,0,0.8,0.15,beta,none
City-B,T5,1x,160.0,S2_Platform,routine,M_routine,500,True,1,553.3,629.6,0.0,0.0,1.0,mean_0.8,0,0.8,0.15,beta,none
City-B,T5,1x,160.0,S2_Platform,cross_regime,M_stress,500,True,1,553.3,323.4,0.0,0.4155,1.0,mean_0.8,0,0.8,0.15,beta,none
City-B,T5,1x,160.0,S3_Lin4,routine,M_routine,500,True,1,544.2,577.2,0.0,0.0,1.0,mean_0.8,0,0.8,0.15,beta,none
City-B,T5,1x,160.0,S3_Lin4,cross_regime,M_stress,500,True,1,544.2,390.3,0.0,0.2827,1.0,mean_0.8,0,0.8,0.15,beta,none
City-B,T5,1x,160.0,S4_GlobalCalib,routine,M_routine,500,True,1,590.2,659.9,0.0,0.0,1.0,mean_0.8,0,0.8,0.15,beta,none
City-B,T5,1x,160.0,S4_GlobalCalib,cross_regime,M_stress,500,True,1,590.2,473.9,0.0,0.197,1.0,mean_0.8,0,0.8,0.15,beta,none
City-B,T5,1x,160.0,S5_CityCalib,routine,M_routine,500,True,1,584.2,659.9,0.0,0.0,1.0,mean_0.8,0,0.8,0.15,beta,none
City-B,T5,1x,160.0,S5_CityCalib,cross_regime,M_stress,500,True,1,584.2,473.9,0.0,0.1888,1.0,mean_0.8,0,0.8,0.15,beta,none
City-B,T5,1x,160.0,S6_Q10,routine,M_routine,500,True,1,429.1,659.9,0.0,0.0,1.0,mean_0.8,0,0.8,0.15,beta,none
City-B,T5,1x,160.0,S6_Q10,cross_regime,M_stress,500,True,1,429.1,473.9,0.0,0.0,1.0,mean_0.8,0,0.8,0.15,beta,none
City-B,T5,2x,320.0,S0a_RoutineOracle,routine,M_routine,500,True,1,659.9,659.9,0.0,0.0,1.0,mean_0.8,0,0.8,0.15,beta,none
City-B,T5,2x,320.0,S0a_RoutineOracle,cross_regime,M_stress,500,True,1,659.9,473.9,0.0,0.2818,1.0,mean_0.8,0,0.8,0.15,beta,none
City-B,T5,2x,320.0,S0b_StressOracle,routine,M_routine,500,True,1,473.9,659.9,0.0,0.0,1.0,mean_0.8,0,0.8,0.15,beta,none
City-B,T5,2x,320.0,S0b_StressOracle,cross_regime,M_stress,500,True,1,473.9,473.9,0.0,0.0,1.0,mean_0.8,0,0.8,0.15,beta,none
City-B,T5,2x,320.0,S1_CapRR,routine,M_routine,500,True,1,744.5,659.9,0.0,0.1137,1.0,mean_0.8,0,0.8,0.15,beta,none
City-B,T5,2x,320.0,S1_CapRR,cross_regime,M_stress,500,True,1,744.5,473.9,0.0,0.3634,1.0,mean_0.8,0,0.8,0.15,beta,none
City-B,T5,2x,320.0,S2_Platform,routine,M_routine,500,True,1,553.3,629.6,0.0,0.0,1.0,mean_0.8,0,0.8,0.15,beta,none
City-B,T5,2x,320.0,S2_Platform,cross_regime,M_stress,500,True,1,553.3,323.4,0.0,0.4155,1.0,mean_0.8,0,0.8,0.15,beta,none
City-B,T5,2x,320.0,S3_Lin4,routine,M_routine,500,True,1,544.2,577.2,0.0,0.0,1.0,mean_0.8,0,0.8,0.15,beta,none
City-B,T5,2x,320.0,S3_Lin4,cross_regime,M_stress,500,True,1,544.2,390.3,0.0,0.2827,1.0,mean_0.8,0,0.8,0.15,beta,none
City-B,T5,2x,320.0,S4_GlobalCalib,routine,M_routine,500,True,1,590.2,659.9,0.0,0.0,1.0,mean_0.8,0,0.8,0.15,beta,none
City-B,T5,2x,320.0,S4_GlobalCalib,cross_regime,M_stress,500,True,1,590.2,473.9,0.0,0.197,1.0,mean_0.8,0,0.8,0.15,beta,none
City-B,T5,2x,320.0,S5_CityCalib,routine,M_routine,500,True,1,584.2,659.9,0.0,0.0,1.0,mean_0.8,0,0.8,0.15,beta,none
City-B,T5,2x,320.0,S5_CityCalib,cross_regime,M_stress,500,True,1,584.2,473.9,0.0,0.1888,1.0,mean_0.8,0,0.8,0.15,beta,none
City-B,T5,2x,320.0,S6_Q10,routine,M_routine,500,True,1,429.1,659.9,0.0,0.0,1.0,mean_0.8,0,0.8,0.15,beta,none
City-B,T5,2x,320.0,S6_Q10,cross_regime,M_stress,500,True,1,429.1,473.9,0.0,0.0,1.0,mean_0.8,0,0.8,0.15,beta,none
City-B,T5,5x,800.0,S0a_RoutineOracle,routine,M_routine,500,True,2,1289.5,1289.5,0.0,0.0,1.0,mean_0.8,0,0.8,0.15,beta,none
City-B,T5,5x,800.0,S0a_RoutineOracle,cross_regime,M_stress,500,True,2,1289.5,797.4,2.6,0.3817,0.0,mean_0.8,0,0.8,0.15,beta,none
City-B,T5,5x,800.0,S0b_StressOracle,routine,M_routine,500,True,2,864.3,1237.1,0.0,0.0,1.0,mean_0.8,0,0.8,0.15,beta,none
City-B,T5,5x,800.0,S0b_StressOracle,cross_regime,M_stress,500,True,2,864.3,864.3,0.0,0.0,1.0,mean_0.8,0,0.8,0.15,beta,none
City-B,T5,5x,800.0,S1_CapRR,routine,M_routine,500,True,2,1485.4,1289.5,0.0,0.1319,1.0,mean_0.8,0,0.8,0.15,beta,none
City-B,T5,5x,800.0,S1_CapRR,cross_regime,M_stress,500,True,2,1485.4,797.4,2.6,0.4632,0.0,mean_0.8,0,0.8,0.15,beta,none
City-B,T5,5x,800.0,S2_Platform,routine,M_routine,500,True,2,1093.7,1206.8,0.0,0.0,1.0,mean_0.8,0,0.8,0.15,beta,none
City-B,T5,5x,800.0,S2_Platform,cross_regime,M_stress,500,True,2,1093.7,713.8,86.2,0.3474,0.0,mean_0.8,0,0.8,0.15,beta,none
City-B,T5,5x,800.0,S3_Lin4,routine,M_routine,500,True,2,1081.2,1161.0,0.0,0.0,1.0,mean_0.8,0,0.8,0.15,beta,none
City-B,T5,5x,800.0,S3_Lin4,cross_regime,M_stress,500,True,2,1081.2,636.5,163.5,0.4113,0.0,mean_0.8,0,0.8,0.15,beta,none
City-B,T5,5x,800.0,S4_GlobalCalib,routine,M_routine,500,True,2,1177.6,1289.5,0.0,0.0,1.0,mean_0.8,0,0.8,0.15,beta,none
City-B,T5,5x,800.0,S4_GlobalCalib,cross_regime,M_stress,500,True,2,1177.6,797.4,2.6,0.3229,0.0,mean_0.8,0,0.8,0.15,beta,none
City-B,T5,5x,800.0,S5_CityCalib,routine,M_routine,500,True,2,1165.7,1289.5,0.0,0.0,1.0,mean_0.8,0,0.8,0.15,beta,none
City-B,T5,5x,800.0,S5_CityCalib,cross_regime,M_stress,500,True,2,1165.7,797.4,2.6,0.316,0.0,mean_0.8,0,0.8,0.15,beta,none
City-B,T5,5x,800.0,S6_Q10,routine,M_routine,500,True,2,856.2,1289.5,0.0,0.0,1.0,mean_0.8,0,0.8,0.15,beta,none
City-B,T5,5x,800.0,S6_Q10,cross_regime,M_stress,500,True,2,856.2,797.4,2.6,0.0687,0.0,mean_0.8,0,0.8,0.15,beta,none
City-B,T5,10x,1600.0,S0a_RoutineOracle,routine,M_routine,500,True,3,1873.3,1873.3,0.0,0.0,1.0,mean_0.8,0,0.8,0.15,beta,none
City-B,T5,10x,1600.0,S0a_RoutineOracle,cross_regime,M_stress,500,True,3,1873.3,1043.5,556.5,0.443,0.0,mean_0.8,0,0.8,0.15,beta,none
City-B,T5,10x,1600.0,S0b_StressOracle,routine,M_routine,500,True,5,1841.3,2783.6,0.0,0.0,1.0,mean_0.8,0,0.8,0.15,beta,none
City-B,T5,10x,1600.0,S0b_StressOracle,cross_regime,M_stress,500,True,5,1841.3,1841.3,0.0,0.0,1.0,mean_0.8,0,0.8,0.15,beta,none
City-B,T5,10x,1600.0,S1_CapRR,routine,M_routine,500,True,3,2203.9,1866.7,0.0,0.153,1.0,mean_0.8,0,0.8,0.15,beta,none
City-B,T5,10x,1600.0,S1_CapRR,cross_regime,M_stress,500,True,3,2203.9,1187.7,412.3,0.4611,0.0,mean_0.8,0,0.8,0.15,beta,none
City-B,T5,10x,1600.0,S2_Platform,routine,M_routine,500,True,4,2025.8,2316.5,0.0,0.0,1.0,mean_0.8,0,0.8,0.15,beta,none
City-B,T5,10x,1600.0,S2_Platform,cross_regime,M_stress,500,True,4,2025.8,1288.1,311.9,0.3642,0.0,mean_0.8,0,0.8,0.15,beta,none
City-B,T5,10x,1600.0,S3_Lin4,routine,M_routine,500,True,3,1609.9,1820.9,0.0,0.0,1.0,mean_0.8,0,0.8,0.15,beta,none
City-B,T5,10x,1600.0,S3_Lin4,cross_regime,M_stress,500,True,3,1609.9,1110.4,489.6,0.3103,0.0,mean_0.8,0,0.8,0.15,beta,none
City-B,T5,10x,1600.0,S4_GlobalCalib,routine,M_routine,500,True,3,1747.2,1866.7,0.0,0.0,1.0,mean_0.8,0,0.8,0.15,beta,none
City-B,T5,10x,1600.0,S4_GlobalCalib,cross_regime,M_stress,500,True,3,1747.2,1187.7,412.3,0.3202,0.0,mean_0.8,0,0.8,0.15,beta,none
City-B,T5,10x,1600.0,S5_CityCalib,routine,M_routine,500,True,3,1729.6,1866.7,0.0,0.0,1.0,mean_0.8,0,0.8,0.15,beta,none
City-B,T5,10x,1600.0,S5_CityCalib,cross_regime,M_stress,500,True,3,1729.6,1187.7,412.3,0.3133,0.0,mean_0.8,0,0.8,0.15,beta,none
City-B,T5,10x,1600.0,S6_Q10,routine,M_routine,500,True,4,1675.5,2450.5,0.0,0.0,1.0,mean_0.8,0,0.8,0.15,beta,none
City-B,T5,10x,1600.0,S6_Q10,cross_regime,M_stress,500,True,4,1675.5,1433.9,166.1,0.1442,0.0,mean_0.8,0,0.8,0.15,beta,none
City-C,T1,1x,180.0,S0a_RoutineOracle,routine,M_routine,650,True,1,557.2,557.2,0.0,0.0,1.0,mean_0.8,0,0.8,0.15,beta,none
City-C,T1,1x,180.0,S0a_RoutineOracle,cross_regime,M_stress,650,True,1,557.2,400.4,0.0,0.2814,1.0,mean_0.8,0,0.8,0.15,beta,none
City-C,T1,1x,180.0,S0b_StressOracle,routine,M_routine,650,True,1,433.8,486.8,0.0,0.0,1.0,mean_0.8,0,0.8,0.15,beta,none
City-C,T1,1x,180.0,S0b_StressOracle,cross_regime,M_stress,650,True,1,433.8,433.8,0.0,0.0,1.0,mean_0.8,0,0.8,0.15,beta,none
City-C,T1,1x,180.0,S1_CapRR,routine,M_routine,650,True,1,737.0,557.2,0.0,0.244,1.0,mean_0.8,0,0.8,0.15,beta,none
City-C,T1,1x,180.0,S1_CapRR,cross_regime,M_stress,650,True,1,737.0,400.4,0.0,0.4568,1.0,mean_0.8,0,0.8,0.15,beta,none
City-C,T1,1x,180.0,S2_Platform,routine,M_routine,650,True,1,460.9,557.2,0.0,0.0,1.0,mean_0.8,0,0.8,0.15,beta,none
City-C,T1,1x,180.0,S2_Platform,cross_regime,M_stress,650,True,1,460.9,400.4,0.0,0.1313,1.0,mean_0.8,0,0.8,0.15,beta,none
City-C,T1,1x,180.0,S3_Lin4,routine,M_routine,650,True,1,498.2,557.2,0.0,0.0,1.0,mean_0.8,0,0.8,0.15,beta,none
City-C,T1,1x,180.0,S3_Lin4,cross_regime,M_stress,650,True,1,498.2,400.4,0.0,0.1963,1.0,mean_0.8,0,0.8,0.15,beta,none
City-C,T1,1x,180.0,S4_GlobalCalib,routine,M_routine,650,True,1,587.7,557.2,0.0,0.052,1.0,mean_0.8,0,0.8,0.15,beta,none
City-C,T1,1x,180.0,S4_GlobalCalib,cross_regime,M_stress,650,True,1,587.7,400.4,0.0,0.3188,1.0,mean_0.8,0,0.8,0.15,beta,none
City-C,T1,1x,180.0,S5_CityCalib,routine,M_routine,650,True,1,594.9,557.2,0.0,0.0635,1.0,mean_0.8,0,0.8,0.15,beta,none
City-C,T1,1x,180.0,S5_CityCalib,cross_regime,M_stress,650,True,1,594.9,400.4,0.0,0.3271,1.0,mean_0.8,0,0.8,0.15,beta,none
City-C,T1,1x,180.0,S6_Q10,routine,M_routine,650,True,1,425.5,557.2,0.0,0.0,1.0,mean_0.8,0,0.8,0.15,beta,none
City-C,T1,1x,180.0,S6_Q10,cross_regime,M_stress,650,True,1,425.5,400.4,0.0,0.059,1.0,mean_0.8,0,0.8,0.15,beta,none
City-C,T1,2x,360.0,S0a_RoutineOracle,routine,M_routine,650,True,1,557.2,557.2,0.0,0.0,1.0,mean_0.8,0,0.8,0.15,beta,none
City-C,T1,2x,360.0,S0a_RoutineOracle,cross_regime,M_stress,650,True,1,557.2,400.4,0.0,0.2814,1.0,mean_0.8,0,0.8,0.15,beta,none
City-C,T1,2x,360.0,S0b_StressOracle,routine,M_routine,650,True,1,433.8,486.8,0.0,0.0,1.0,mean_0.8,0,0.8,0.15,beta,none
City-C,T1,2x,360.0,S0b_StressOracle,cross_regime,M_stress,650,True,1,433.8,433.8,0.0,0.0,1.0,mean_0.8,0,0.8,0.15,beta,none
City-C,T1,2x,360.0,S1_CapRR,routine,M_routine,650,True,1,737.0,557.2,0.0,0.244,1.0,mean_0.8,0,0.8,0.15,beta,none
City-C,T1,2x,360.0,S1_CapRR,cross_regime,M_stress,650,True,1,737.0,400.4,0.0,0.4568,1.0,mean_0.8,0,0.8,0.15,beta,none
City-C,T1,2x,360.0,S2_Platform,routine,M_routine,650,True,1,460.9,557.2,0.0,0.0,1.0,mean_0.8,0,0.8,0.15,beta,none
City-C,T1,2x,360.0,S2_Platform,cross_regime,M_stress,650,True,1,460.9,400.4,0.0,0.1313,1.0,mean_0.8,0,0.8,0.15,beta,none
City-C,T1,2x,360.0,S3_Lin4,routine,M_routine,650,True,1,498.2,557.2,0.0,0.0,1.0,mean_0.8,0,0.8,0.15,beta,none
City-C,T1,2x,360.0,S3_Lin4,cross_regime,M_stress,650,True,1,498.2,400.4,0.0,0.1963,1.0,mean_0.8,0,0.8,0.15,beta,none
City-C,T1,2x,360.0,S4_GlobalCalib,routine,M_routine,650,True,1,587.7,557.2,0.0,0.052,1.0,mean_0.8,0,0.8,0.15,beta,none
City-C,T1,2x,360.0,S4_GlobalCalib,cross_regime,M_stress,650,True,1,587.7,400.4,0.0,0.3188,1.0,mean_0.8,0,0.8,0.15,beta,none
City-C,T1,2x,360.0,S5_CityCalib,routine,M_routine,650,True,1,594.9,557.2,0.0,0.0635,1.0,mean_0.8,0,0.8,0.15,beta,none
City-C,T1,2x,360.0,S5_CityCalib,cross_regime,M_stress,650,True,1,594.9,400.4,0.0,0.3271,1.0,mean_0.8,0,0.8,0.15,beta,none
City-C,T1,2x,360.0,S6_Q10,routine,M_routine,650,True,1,425.5,557.2,0.0,0.0,1.0,mean_0.8,0,0.8,0.15,beta,none
City-C,T1,2x,360.0,S6_Q10,cross_regime,M_stress,650,True,1,425.5,400.4,0.0,0.059,1.0,mean_0.8,0,0.8,0.15,beta,none
City-C,T1,5x,900.0,S0a_RoutineOracle,routine,M_routine,650,True,2,1111.3,1111.3,0.0,0.0,1.0,mean_0.8,0,0.8,0.15,beta,none
City-C,T1,5x,900.0,S0a_RoutineOracle,cross_regime,M_stress,650,True,2,1111.3,792.1,107.9,0.2872,0.0,mean_0.8,0,0.8,0.15,beta,none
City-C,T1,5x,900.0,S0b_StressOracle,routine,M_routine,650,True,3,1225.9,1598.1,0.0,0.0,1.0,mean_0.8,0,0.8,0.15,beta,none
City-C,T1,5x,900.0,S0b_StressOracle,cross_regime,M_stress,650,True,3,1225.9,1225.9,0.0,0.0,1.0,mean_0.8,0,0.8,0.15,beta,none
City-C,T1,5x,900.0,S1_CapRR,routine,M_routine,650,True,2,1439.5,1044.0,0.0,0.2748,1.0,mean_0.8,0,0.8,0.15,beta,none
City-C,T1,5x,900.0,S1_CapRR,cross_regime,M_stress,650,True,2,1439.5,834.2,65.8,0.4205,0.0,mean_0.8,0,0.8,0.15,beta,none
City-C,T1,5x,900.0,S2_Platform,routine,M_routine,650,True,2,904.5,1044.0,0.0,0.0,1.0,mean_0.8,0,0.8,0.15,beta,none
City-C,T1,5x,900.0,S2_Platform,cross_regime,M_stress,650,True,2,904.5,834.2,65.8,0.0777,0.0,mean_0.8,0,0.8,0.15,beta,none
City-C,T1,5x,900.0,S3_Lin4,routine,M_routine,650,True,2,975.5,1044.0,0.0,0.0,1.0,mean_0.8,0,0.8,0.15,beta,none
City-C,T1,5x,900.0,S3_Lin4,cross_regime,M_stress,650,True,2,975.5,834.2,65.8,0.1449,0.0,mean_0.8,0,0.8,0.15,beta,none
City-C,T1,5x,900.0,S4_GlobalCalib,routine,M_routine,650,True,2,1147.9,1044.0,0.0,0.0905,1.0,mean_0.8,0,0.8,0.15,beta,none
City-C,T1,5x,900.0,S4_GlobalCalib,cross_regime,M_stress,650,True,2,1147.9,834.2,65.8,0.2733,0.0,mean_0.8,0,0.8,0.15,beta,none
City-C,T1,5x,900.0,S5_CityCalib,routine,M_routine,650,True,2,1161.9,1044.0,0.0,0.1015,1.0,mean_0.8,0,0.8,0.15,beta,none
City-C,T1,5x,900.0,S5_CityCalib,cross_regime,M_stress,650,True,2,1161.9,834.2,65.8,0.2821,0.0,mean_0.8,0,0.8,0.15,beta,none
City-C,T1,5x,900.0,S6_Q10,routine,M_routine,650,True,3,1201.4,1598.1,0.0,0.0,1.0,mean_0.8,0,0.8,0.15,beta,none
City-C,T1,5x,900.0,S6_Q10,cross_regime,M_stress,650,True,3,1201.4,1225.9,0.0,0.0,1.0,mean_0.8,0,0.8,0.15,beta,none
City-C,T1,10x,1800.0,S0a_RoutineOracle,routine,M_routine,650,True,4,2133.9,2133.9,0.0,0.0,1.0,mean_0.8,0,0.8,0.15,beta,none
City-C,T1,10x,1800.0,S0a_RoutineOracle,cross_regime,M_stress,650,True,4,2133.9,1394.8,405.2,0.3463,0.0,mean_0.8,0,0.8,0.15,beta,none
City-C,T1,10x,1800.0,S0b_StressOracle,routine,M_routine,650,True,5,1887.7,2587.4,0.0,0.0,1.0,mean_0.8,0,0.8,0.15,beta,none
City-C,T1,10x,1800.0,S0b_StressOracle,cross_regime,M_stress,650,True,5,1887.7,1887.7,0.0,0.0,1.0,mean_0.8,0,0.8,0.15,beta,none
City-C,T1,10x,1800.0,S1_CapRR,routine,M_routine,650,True,3,2081.1,1598.1,201.9,0.2321,0.0,mean_0.8,0,0.8,0.15,beta,none
City-C,T1,10x,1800.0,S1_CapRR,cross_regime,M_stress,650,True,3,2081.1,1225.9,574.1,0.4109,0.0,mean_0.8,0,0.8,0.15,beta,none
City-C,T1,10x,1800.0,S2_Platform,routine,M_routine,650,True,5,2117.9,2526.1,0.0,0.0,1.0,mean_0.8,0,0.8,0.15,beta,none
City-C,T1,10x,1800.0,S2_Platform,cross_regime,M_stress,650,True,5,2117.9,1603.1,196.9,0.2431,0.0,mean_0.8,0,0.8,0.15,beta,none
City-C,T1,10x,1800.0,S3_Lin4,routine,M_routine,650,True,4,1896.5,1975.6,0.0,0.0,1.0,mean_0.8,0,0.8,0.15,beta,none
City-C,T1,10x,1800.0,S3_Lin4,cross_regime,M_stress,650,True,4,1896.5,1378.7,421.3,0.273,0.0,mean_0.8,0,0.8,0.15,beta,none
City-C,T1,10x,1800.0,S4_GlobalCalib,routine,M_routine,650,True,4,2126.3,2100.7,0.0,0.012,1.0,mean_0.8,0,0.8,0.15,beta,none
City-C,T1,10x,1800.0,S4_GlobalCalib,cross_regime,M_stress,650,True,4,2126.3,1541.6,258.4,0.275,0.0,mean_0.8,0,0.8,0.15,beta,none
City-C,T1,10x,1800.0,S5_CityCalib,routine,M_routine,650,True,4,2152.0,2100.7,0.0,0.0238,1.0,mean_0.8,0,0.8,0.15,beta,none
City-C,T1,10x,1800.0,S5_CityCalib,cross_regime,M_stress,650,True,4,2152.0,1541.6,258.4,0.2836,0.0,mean_0.8,0,0.8,0.15,beta,none
City-C,T1,10x,1800.0,S6_Q10,routine,M_routine,650,True,5,1873.7,2620.7,0.0,0.0,1.0,mean_0.8,0,0.8,0.15,beta,none
City-C,T1,10x,1800.0,S6_Q10,cross_regime,M_stress,650,True,5,1873.7,1828.7,0.0,0.024,1.0,mean_0.8,0,0.8,0.15,beta,none
City-C,T2,1x,260.0,S0a_RoutineOracle,routine,M_routine,650,True,1,619.6,619.6,0.0,0.0,1.0,mean_0.8,0,0.8,0.15,beta,none
City-C,T2,1x,260.0,S0a_RoutineOracle,cross_regime,M_stress,650,True,1,619.6,377.2,0.0,0.3912,1.0,mean_0.8,0,0.8,0.15,beta,none
City-C,T2,1x,260.0,S0b_StressOracle,routine,M_routine,650,True,1,377.2,619.6,0.0,0.0,1.0,mean_0.8,0,0.8,0.15,beta,none
City-C,T2,1x,260.0,S0b_StressOracle,cross_regime,M_stress,650,True,1,377.2,377.2,0.0,0.0,1.0,mean_0.8,0,0.8,0.15,beta,none
City-C,T2,1x,260.0,S1_CapRR,routine,M_routine,650,True,1,737.0,572.0,0.0,0.2239,1.0,mean_0.8,0,0.8,0.15,beta,none
City-C,T2,1x,260.0,S1_CapRR,cross_regime,M_stress,650,True,1,737.0,363.9,0.0,0.5063,1.0,mean_0.8,0,0.8,0.15,beta,none
City-C,T2,1x,260.0,S2_Platform,routine,M_routine,650,True,1,467.3,572.0,0.0,0.0,1.0,mean_0.8,0,0.8,0.15,beta,none
City-C,T2,1x,260.0,S2_Platform,cross_regime,M_stress,650,True,1,467.3,363.9,0.0,0.2213,1.0,mean_0.8,0,0.8,0.15,beta,none
City-C,T2,1x,260.0,S3_Lin4,routine,M_routine,650,True,1,499.9,572.0,0.0,0.0,1.0,mean_0.8,0,0.8,0.15,beta,none
City-C,T2,1x,260.0,S3_Lin4,cross_regime,M_stress,650,True,1,499.9,363.9,0.0,0.2721,1.0,mean_0.8,0,0.8,0.15,beta,none
City-C,T2,1x,260.0,S4_GlobalCalib,routine,M_routine,650,True,1,584.5,572.0,0.0,0.0213,1.0,mean_0.8,0,0.8,0.15,beta,none
City-C,T2,1x,260.0,S4_GlobalCalib,cross_regime,M_stress,650,True,1,584.5,363.9,0.0,0.3774,1.0,mean_0.8,0,0.8,0.15,beta,none
City-C,T2,1x,260.0,S5_CityCalib,routine,M_routine,650,True,1,589.0,572.0,0.0,0.0289,1.0,mean_0.8,0,0.8,0.15,beta,none
City-C,T2,1x,260.0,S5_CityCalib,cross_regime,M_stress,650,True,1,589.0,363.9,0.0,0.3822,1.0,mean_0.8,0,0.8,0.15,beta,none
City-C,T2,1x,260.0,S6_Q10,routine,M_routine,650,True,1,427.8,572.0,0.0,0.0,1.0,mean_0.8,0,0.8,0.15,beta,none
City-C,T2,1x,260.0,S6_Q10,cross_regime,M_stress,650,True,1,427.8,363.9,0.0,0.1495,1.0,mean_0.8,0,0.8,0.15,beta,none
City-C,T2,2x,520.0,S0a_RoutineOracle,routine,M_routine,650,True,1,619.6,619.6,0.0,0.0,1.0,mean_0.8,0,0.8,0.15,beta,none
City-C,T2,2x,520.0,S0a_RoutineOracle,cross_regime,M_stress,650,True,1,619.6,377.2,142.8,0.3912,0.0,mean_0.8,0,0.8,0.15,beta,none
City-C,T2,2x,520.0,S0b_StressOracle,routine,M_routine,650,True,2,742.1,1055.9,0.0,0.0,1.0,mean_0.8,0,0.8,0.15,beta,none
City-C,T2,2x,520.0,S0b_StressOracle,cross_regime,M_stress,650,True,2,742.1,742.1,0.0,0.0,1.0,mean_0.8,0,0.8,0.15,beta,none
City-C,T2,2x,520.0,S1_CapRR,routine,M_routine,650,True,1,737.0,572.0,0.0,0.2239,1.0,mean_0.8,0,0.8,0.15,beta,none
City-C,T2,2x,520.0,S1_CapRR,cross_regime,M_stress,650,True,1,737.0,363.9,156.1,0.5063,0.0,mean_0.8,0,0.8,0.15,beta,none
City-C,T2,2x,520.0,S2_Platform,routine,M_routine,650,True,2,902.1,1191.6,0.0,0.0,1.0,mean_0.8,0,0.8,0.15,beta,none
City-C,T2,2x,520.0,S2_Platform,cross_regime,M_stress,650,True,2,902.1,741.1,0.0,0.1784,1.0,mean_0.8,0,0.8,0.15,beta,none
City-C,T2,2x,520.0,S3_Lin4,routine,M_routine,650,True,2,978.5,1191.6,0.0,0.0,1.0,mean_0.8,0,0.8,0.15,beta,none
City-C,T2,2x,520.0,S3_Lin4,cross_regime,M_stress,650,True,2,978.5,741.1,0.0,0.2426,1.0,mean_0.8,0,0.8,0.15,beta,none
City-C,T2,2x,520.0,S4_GlobalCalib,routine,M_routine,650,True,1,584.5,572.0,0.0,0.0213,1.0,mean_0.8,0,0.8,0.15,beta,none
City-C,T2,2x,520.0,S4_GlobalCalib,cross_regime,M_stress,650,True,1,584.5,363.9,156.1,0.3774,0.0,mean_0.8,0,0.8,0.15,beta,none
City-C,T2,2x,520.0,S5_CityCalib,routine,M_routine,650,True,1,589.0,572.0,0.0,0.0289,1.0,mean_0.8,0,0.8,0.15,beta,none
City-C,T2,2x,520.0,S5_CityCalib,cross_regime,M_stress,650,True,1,589.0,363.9,156.1,0.3822,0.0,mean_0.8,0,0.8,0.15,beta,none
City-C,T2,2x,520.0,S6_Q10,routine,M_routine,650,True,2,835.6,1191.6,0.0,0.0,1.0,mean_0.8,0,0.8,0.15,beta,none
City-C,T2,2x,520.0,S6_Q10,cross_regime,M_stress,650,True,2,835.6,741.1,0.0,0.1131,1.0,mean_0.8,0,0.8,0.15,beta,none
City-C,T2,5x,1300.0,S0a_RoutineOracle,routine,M_routine,650,True,3,1761.9,1761.9,0.0,0.0,1.0,mean_0.8,0,0.8,0.15,beta,none
City-C,T2,5x,1300.0,S0a_RoutineOracle,cross_regime,M_stress,650,True,3,1761.9,1100.4,199.6,0.3754,0.0,mean_0.8,0,0.8,0.15,beta,none
City-C,T2,5x,1300.0,S0b_StressOracle,routine,M_routine,650,True,4,1465.3,2198.2,0.0,0.0,1.0,mean_0.8,0,0.8,0.15,beta,none
City-C,T2,5x,1300.0,S0b_StressOracle,cross_regime,M_stress,650,True,4,1465.3,1465.3,0.0,0.0,1.0,mean_0.8,0,0.8,0.15,beta,none
City-C,T2,5x,1300.0,S1_CapRR,routine,M_routine,650,True,2,1439.5,1191.6,108.4,0.1722,0.0,mean_0.8,0,0.8,0.15,beta,none
City-C,T2,5x,1300.0,S1_CapRR,cross_regime,M_stress,650,True,2,1439.5,741.1,558.9,0.4852,0.0,mean_0.8,0,0.8,0.15,beta,none
City-C,T2,5x,1300.0,S2_Platform,routine,M_routine,650,True,3,1301.1,1761.9,0.0,0.0,1.0,mean_0.8,0,0.8,0.15,beta,none
City-C,T2,5x,1300.0,S2_Platform,cross_regime,M_stress,650,True,3,1301.1,1100.4,199.6,0.1542,0.0,mean_0.8,0,0.8,0.15,beta,none
City-C,T2,5x,1300.0,S3_Lin4,routine,M_routine,650,True,3,1447.5,1761.9,0.0,0.0,1.0,mean_0.8,0,0.8,0.15,beta,none
City-C,T2,5x,1300.0,S3_Lin4,cross_regime,M_stress,650,True,3,1447.5,1100.4,199.6,0.2398,0.0,mean_0.8,0,0.8,0.15,beta,none
City-C,T2,5x,1300.0,S4_GlobalCalib,routine,M_routine,650,True,3,1650.4,1761.9,0.0,0.0,1.0,mean_0.8,0,0.8,0.15,beta,none
City-C,T2,5x,1300.0,S4_GlobalCalib,cross_regime,M_stress,650,True,3,1650.4,1100.4,199.6,0.3332,0.0,mean_0.8,0,0.8,0.15,beta,none
City-C,T2,5x,1300.0,S5_CityCalib,routine,M_routine,650,True,3,1663.1,1761.9,0.0,0.0,1.0,mean_0.8,0,0.8,0.15,beta,none
City-C,T2,5x,1300.0,S5_CityCalib,cross_regime,M_stress,650,True,3,1663.1,1100.4,199.6,0.3383,0.0,mean_0.8,0,0.8,0.15,beta,none
City-C,T2,5x,1300.0,S6_Q10,routine,M_routine,650,True,4,1547.9,2298.9,0.0,0.0,1.0,mean_0.8,0,0.8,0.15,beta,none
City-C,T2,5x,1300.0,S6_Q10,cross_regime,M_stress,650,True,4,1547.9,1386.8,0.0,0.1041,1.0,mean_0.8,0,0.8,0.15,beta,none
City-C,T2,10x,2600.0,S0a_RoutineOracle,routine,M_routine,650,True,5,2812.0,2812.0,0.0,0.0,1.0,mean_0.8,0,0.8,0.15,beta,none
City-C,T2,10x,2600.0,S0a_RoutineOracle,cross_regime,M_stress,650,True,5,2812.0,1558.9,1041.1,0.4456,0.0,mean_0.8,0,0.8,0.15,beta,none
City-C,T2,10x,2600.0,S0b_StressOracle,routine,M_routine,650,True,8,2704.9,3931.7,0.0,0.0,1.0,mean_0.8,0,0.8,0.15,beta,none
City-C,T2,10x,2600.0,S0b_StressOracle,cross_regime,M_stress,650,True,8,2704.9,2704.9,0.0,0.0,1.0,mean_0.8,0,0.8,0.15,beta,none
City-C,T2,10x,2600.0,S1_CapRR,routine,M_routine,650,True,4,2666.6,2298.9,301.1,0.1379,0.0,mean_0.8,0,0.8,0.15,beta,none
City-C,T2,10x,2600.0,S1_CapRR,cross_regime,M_stress,650,True,4,2666.6,1386.8,1213.2,0.4799,0.0,mean_0.8,0,0.8,0.15,beta,none
City-C,T2,10x,2600.0,S2_Platform,routine,M_routine,650,True,7,2815.8,3622.7,0.0,0.0,1.0,mean_0.8,0,0.8,0.15,beta,none
City-C,T2,10x,2600.0,S2_Platform,cross_regime,M_stress,650,True,7,2815.8,1985.6,614.4,0.2948,0.0,mean_0.8,0,0.8,0.15,beta,none
City-C,T2,10x,2600.0,S3_Lin4,routine,M_routine,650,True,6,2779.2,3080.1,0.0,0.0,1.0,mean_0.8,0,0.8,0.15,beta,none
City-C,T2,10x,2600.0,S3_Lin4,cross_regime,M_stress,650,True,6,2779.2,1801.0,799.0,0.352,0.0,mean_0.8,0,0.8,0.15,beta,none
City-C,T2,10x,2600.0,S4_GlobalCalib,routine,M_routine,650,True,6,3024.8,3078.8,0.0,0.0,1.0,mean_0.8,0,0.8,0.15,beta,none
City-C,T2,10x,2600.0,S4_GlobalCalib,cross_regime,M_stress,650,True,6,3024.8,1954.0,646.0,0.354,0.0,mean_0.8,0,0.8,0.15,beta,none
City-C,T2,10x,2600.0,S5_CityCalib,routine,M_routine,650,True,6,3047.8,3078.8,0.0,0.0,1.0,mean_0.8,0,0.8,0.15,beta,none
City-C,T2,10x,2600.0,S5_CityCalib,cross_regime,M_stress,650,True,6,3047.8,1954.0,646.0,0.3589,0.0,mean_0.8,0,0.8,0.15,beta,none
City-C,T2,10x,2600.0,S6_Q10,routine,M_routine,650,True,8,2856.7,4047.5,0.0,0.0,1.0,mean_0.8,0,0.8,0.15,beta,none
City-C,T2,10x,2600.0,S6_Q10,cross_regime,M_stress,650,True,8,2856.7,2455.4,144.6,0.1405,0.0,mean_0.8,0,0.8,0.15,beta,none
City-C,T3,1x,200.0,S0a_RoutineOracle,routine,M_routine,650,True,1,455.0,455.0,0.0,0.0,1.0,mean_0.8,0,0.8,0.15,beta,none
City-C,T3,1x,200.0,S0a_RoutineOracle,cross_regime,M_stress,650,True,1,455.0,200.0,0.0,0.5603,1.0,mean_0.8,0,0.8,0.15,beta,none
City-C,T3,1x,200.0,S0b_StressOracle,routine,M_routine,650,True,1,379.5,275.3,0.0,0.2745,1.0,mean_0.8,0,0.8,0.15,beta,none
City-C,T3,1x,200.0,S0b_StressOracle,cross_regime,M_stress,650,True,1,379.5,379.5,0.0,0.0,1.0,mean_0.8,0,0.8,0.15,beta,none
City-C,T3,1x,200.0,S1_CapRR,routine,M_routine,650,True,1,648.6,408.6,0.0,0.37,1.0,mean_0.8,0,0.8,0.15,beta,none
City-C,T3,1x,200.0,S1_CapRR,cross_regime,M_stress,650,True,1,648.6,127.7,72.3,0.8031,0.0,mean_0.8,0,0.8,0.15,beta,none
City-C,T3,1x,200.0,S2_Platform,routine,M_routine,650,True,1,456.8,408.6,0.0,0.1054,1.0,mean_0.8,0,0.8,0.15,beta,none
City-C,T3,1x,200.0,S2_Platform,cross_regime,M_stress,650,True,1,456.8,127.7,72.3,0.7204,0.0,mean_0.8,0,0.8,0.15,beta,none
City-C,T3,1x,200.0,S3_Lin4,routine,M_routine,650,True,1,483.9,408.6,0.0,0.1555,1.0,mean_0.8,0,0.8,0.15,beta,none
City-C,T3,1x,200.0,S3_Lin4,cross_regime,M_stress,650,True,1,483.9,127.7,72.3,0.7361,0.0,mean_0.8,0,0.8,0.15,beta,none
City-C,T3,1x,200.0,S4_GlobalCalib,routine,M_routine,650,True,1,514.1,408.6,0.0,0.2051,1.0,mean_0.8,0,0.8,0.15,beta,none
City-C,T3,1x,200.0,S4_GlobalCalib,cross_regime,M_stress,650,True,1,514.1,127.7,72.3,0.7516,0.0,mean_0.8,0,0.8,0.15,beta,none
City-C,T3,1x,200.0,S5_CityCalib,routine,M_routine,650,True,1,524.3,408.6,0.0,0.2207,1.0,mean_0.8,0,0.8,0.15,beta,none
City-C,T3,1x,200.0,S5_CityCalib,cross_regime,M_stress,650,True,1,524.3,127.7,72.3,0.7564,0.0,mean_0.8,0,0.8,0.15,beta,none
City-C,T3,1x,200.0,S6_Q10,routine,M_routine,650,True,1,373.9,408.6,0.0,0.0,1.0,mean_0.8,0,0.8,0.15,beta,none
City-C,T3,1x,200.0,S6_Q10,cross_regime,M_stress,650,True,1,373.9,127.7,72.3,0.6584,0.0,mean_0.8,0,0.8,0.15,beta,none
City-C,T3,2x,400.0,S0a_RoutineOracle,routine,M_routine,650,True,1,455.0,455.0,0.0,0.0,1.0,mean_0.8,0,0.8,0.15,beta,none
City-C,T3,2x,400.0,S0a_RoutineOracle,cross_regime,M_stress,650,True,1,455.0,200.0,200.0,0.5603,0.0,mean_0.8,0,0.8,0.15,beta,none
City-C,T3,2x,400.0,S0b_StressOracle,routine,M_routine,650,True,2,692.4,601.8,0.0,0.1308,1.0,mean_0.8,0,0.8,0.15,beta,none
City-C,T3,2x,400.0,S0b_StressOracle,cross_regime,M_stress,650,True,2,692.4,692.4,0.0,0.0,1.0,mean_0.8,0,0.8,0.15,beta,none
City-C,T3,2x,400.0,S1_CapRR,routine,M_routine,650,True,1,648.6,408.6,0.0,0.37,1.0,mean_0.8,0,0.8,0.15,beta,none
City-C,T3,2x,400.0,S1_CapRR,cross_regime,M_stress,650,True,1,648.6,127.7,272.3,0.8031,0.0,mean_0.8,0,0.8,0.15,beta,none
City-C,T3,2x,400.0,S2_Platform,routine,M_routine,650,True,1,456.8,408.6,0.0,0.1054,1.0,mean_0.8,0,0.8,0.15,beta,none
City-C,T3,2x,400.0,S2_Platform,cross_regime,M_stress,650,True,1,456.8,127.7,272.3,0.7204,0.0,mean_0.8,0,0.8,0.15,beta,none
City-C,T3,2x,400.0,S3_Lin4,routine,M_routine,650,True,1,483.9,408.6,0.0,0.1555,1.0,mean_0.8,0,0.8,0.15,beta,none
City-C,T3,2x,400.0,S3_Lin4,cross_regime,M_stress,650,True,1,483.9,127.7,272.3,0.7361,0.0,mean_0.8,0,0.8,0.15,beta,none
City-C,T3,2x,400.0,S4_GlobalCalib,routine,M_routine,650,True,1,514.1,408.6,0.0,0.2051,1.0,mean_0.8,0,0.8,0.15,beta,none
City-C,T3,2x,400.0,S4_GlobalCalib,cross_regime,M_stress,650,True,1,514.1,127.7,272.3,0.7516,0.0,mean_0.8,0,0.8,0.15,beta,none
City-C,T3,2x,400.0,S5_CityCalib,routine,M_routine,650,True,1,524.3,408.6,0.0,0.2207,1.0,mean_0.8,0,0.8,0.15,beta,none
City-C,T3,2x,400.0,S5_CityCalib,cross_regime,M_stress,650,True,1,524.3,127.7,272.3,0.7564,0.0,mean_0.8,0,0.8,0.15,beta,none
City-C,T3,2x,400.0,S6_Q10,routine,M_routine,650,True,2,730.2,684.0,0.0,0.0633,1.0,mean_0.8,0,0.8,0.15,beta,none
City-C,T3,2x,400.0,S6_Q10,cross_regime,M_stress,650,True,2,730.2,507.2,0.0,0.3054,1.0,mean_0.8,0,0.8,0.15,beta,none
City-C,T3,5x,1000.0,S0a_RoutineOracle,routine,M_routine,650,True,3,1311.5,1311.5,0.0,0.0,1.0,mean_0.8,0,0.8,0.15,beta,none
City-C,T3,5x,1000.0,S0a_RoutineOracle,cross_regime,M_stress,650,True,3,1311.5,713.9,286.1,0.4556,0.0,mean_0.8,0,0.8,0.15,beta,none
City-C,T3,5x,1000.0,S0b_StressOracle,routine,M_routine,650,True,3,1002.2,939.1,60.9,0.0629,0.0,mean_0.8,0,0.8,0.15,beta,none
City-C,T3,5x,1000.0,S0b_StressOracle,cross_regime,M_stress,650,True,3,1002.2,1002.2,0.0,0.0,1.0,mean_0.8,0,0.8,0.15,beta,none
City-C,T3,5x,1000.0,S1_CapRR,routine,M_routine,650,True,2,1266.8,684.0,316.0,0.4601,0.0,mean_0.8,0,0.8,0.15,beta,none
City-C,T3,5x,1000.0,S1_CapRR,cross_regime,M_stress,650,True,2,1266.8,507.2,492.8,0.5996,0.0,mean_0.8,0,0.8,0.15,beta,none
City-C,T3,5x,1000.0,S2_Platform,routine,M_routine,650,True,3,1285.7,1181.3,0.0,0.0812,1.0,mean_0.8,0,0.8,0.15,beta,none
City-C,T3,5x,1000.0,S2_Platform,cross_regime,M_stress,650,True,3,1285.7,581.3,418.7,0.5479,0.0,mean_0.8,0,0.8,0.15,beta,none
City-C,T3,5x,1000.0,S3_Lin4,routine,M_routine,650,True,3,1403.1,1005.3,0.0,0.2835,1.0,mean_0.8,0,0.8,0.15,beta,none
City-C,T3,5x,1000.0,S3_Lin4,cross_regime,M_stress,650,True,3,1403.1,735.1,264.9,0.4761,0.0,mean_0.8,0,0.8,0.15,beta,none
City-C,T3,5x,1000.0,S4_GlobalCalib,routine,M_routine,650,True,2,1004.0,684.0,316.0,0.3188,0.0,mean_0.8,0,0.8,0.15,beta,none
City-C,T3,5x,1000.0,S4_GlobalCalib,cross_regime,M_stress,650,True,2,1004.0,507.2,492.8,0.4948,0.0,mean_0.8,0,0.8,0.15,beta,none
City-C,T3,5x,1000.0,S5_CityCalib,routine,M_routine,650,True,2,1024.0,684.0,316.0,0.3321,0.0,mean_0.8,0,0.8,0.15,beta,none
City-C,T3,5x,1000.0,S5_CityCalib,cross_regime,M_stress,650,True,2,1024.0,507.2,492.8,0.5047,0.0,mean_0.8,0,0.8,0.15,beta,none
City-C,T3,5x,1000.0,S6_Q10,routine,M_routine,650,True,3,1055.6,1005.3,0.0,0.0477,1.0,mean_0.8,0,0.8,0.15,beta,none
City-C,T3,5x,1000.0,S6_Q10,cross_regime,M_stress,650,True,3,1055.6,735.1,264.9,0.3036,0.0,mean_0.8,0,0.8,0.15,beta,none
City-C,T3,10x,2000.0,S0a_RoutineOracle,routine,M_routine,650,True,5,2126.7,2126.7,0.0,0.0,1.0,mean_0.8,0,0.8,0.15,beta,none
City-C,T3,10x,2000.0,S0a_RoutineOracle,cross_regime,M_stress,650,True,5,2126.7,1009.9,990.1,0.5252,0.0,mean_0.8,0,0.8,0.15,beta,none
City-C,T3,10x,2000.0,S0b_StressOracle,routine,M_routine,650,True,7,2171.2,2454.5,0.0,0.0,1.0,mean_0.8,0,0.8,0.15,beta,none
City-C,T3,10x,2000.0,S0b_StressOracle,cross_regime,M_stress,650,True,7,2171.2,2171.2,0.0,0.0,1.0,mean_0.8,0,0.8,0.15,beta,none
City-C,T3,10x,2000.0,S1_CapRR,routine,M_routine,650,True,4,2346.7,1337.5,662.5,0.4301,0.0,mean_0.8,0,0.8,0.15,beta,none
City-C,T3,10x,2000.0,S1_CapRR,cross_regime,M_stress,650,True,4,2346.7,1012.7,987.3,0.5685,0.0,mean_0.8,0,0.8,0.15,beta,none
City-C,T3,10x,2000.0,S2_Platform,routine,M_routine,650,True,5,2048.1,1859.7,140.3,0.092,0.0,mean_0.8,0,0.8,0.15,beta,none
City-C,T3,10x,2000.0,S2_Platform,cross_regime,M_stress,650,True,5,2048.1,1098.7,901.3,0.4636,0.0,mean_0.8,0,0.8,0.15,beta,none
City-C,T3,10x,2000.0,S3_Lin4,routine,M_routine,650,True,5,2293.3,1853.0,147.0,0.192,0.0,mean_0.8,0,0.8,0.15,beta,none
City-C,T3,10x,2000.0,S3_Lin4,cross_regime,M_stress,650,True,5,2293.3,1115.7,884.3,0.5135,0.0,mean_0.8,0,0.8,0.15,beta,none
City-C,T3,10x,2000.0,S4_GlobalCalib,routine,M_routine,650,True,5,2263.9,1703.6,296.4,0.2475,0.0,mean_0.8,0,0.8,0.15,beta,none
City-C,T3,10x,2000.0,S4_GlobalCalib,cross_regime,M_stress,650,True,5,2263.9,1298.0,702.0,0.4266,0.0,mean_0.8,0,0.8,0.15,beta,none
City-C,T3,10x,2000.0,S5_CityCalib,routine,M_routine,650,True,5,2307.7,1703.6,296.4,0.2618,0.0,mean_0.8,0,0.8,0.15,beta,none
City-C,T3,10x,2000.0,S5_CityCalib,cross_regime,M_stress,650,True,5,2307.7,1298.0,702.0,0.4375,0.0,mean_0.8,0,0.8,0.15,beta,none
City-C,T3,10x,2000.0,S6_Q10,routine,M_routine,650,True,7,2218.1,2406.8,0.0,0.0,1.0,mean_0.8,0,0.8,0.15,beta,none
City-C,T3,10x,2000.0,S6_Q10,cross_regime,M_stress,650,True,7,2218.1,1903.5,96.5,0.1418,0.0,mean_0.8,0,0.8,0.15,beta,none
City-C,T4,1x,140.0,S0a_RoutineOracle,routine,M_routine,650,True,1,565.8,565.8,0.0,0.0,1.0,mean_0.8,0,0.8,0.15,beta,none
City-C,T4,1x,140.0,S0a_RoutineOracle,cross_regime,M_stress,650,True,1,565.8,406.1,0.0,0.2823,1.0,mean_0.8,0,0.8,0.15,beta,none
City-C,T4,1x,140.0,S0b_StressOracle,routine,M_routine,650,True,1,406.1,565.8,0.0,0.0,1.0,mean_0.8,0,0.8,0.15,beta,none
City-C,T4,1x,140.0,S0b_StressOracle,cross_regime,M_stress,650,True,1,406.1,406.1,0.0,0.0,1.0,mean_0.8,0,0.8,0.15,beta,none
City-C,T4,1x,140.0,S1_CapRR,routine,M_routine,650,True,1,737.0,565.8,0.0,0.2323,1.0,mean_0.8,0,0.8,0.15,beta,none
City-C,T4,1x,140.0,S1_CapRR,cross_regime,M_stress,650,True,1,737.0,406.1,0.0,0.4491,1.0,mean_0.8,0,0.8,0.15,beta,none
City-C,T4,1x,140.0,S2_Platform,routine,M_routine,650,True,1,377.7,324.2,0.0,0.1416,1.0,mean_0.8,0,0.8,0.15,beta,none
City-C,T4,1x,140.0,S2_Platform,cross_regime,M_stress,650,True,1,377.7,291.1,0.0,0.2293,1.0,mean_0.8,0,0.8,0.15,beta,none
City-C,T4,1x,140.0,S3_Lin4,routine,M_routine,650,True,1,497.6,565.8,0.0,0.0,1.0,mean_0.8,0,0.8,0.15,beta,none
City-C,T4,1x,140.0,S3_Lin4,cross_regime,M_stress,650,True,1,497.6,406.1,0.0,0.1839,1.0,mean_0.8,0,0.8,0.15,beta,none
City-C,T4,1x,140.0,S4_GlobalCalib,routine,M_routine,650,True,1,581.1,565.8,0.0,0.0263,1.0,mean_0.8,0,0.8,0.15,beta,none
City-C,T4,1x,140.0,S4_GlobalCalib,cross_regime,M_stress,650,True,1,581.1,406.1,0.0,0.3012,1.0,mean_0.8,0,0.8,0.15,beta,none
City-C,T4,1x,140.0,S5_CityCalib,routine,M_routine,650,True,1,591.6,565.8,0.0,0.0435,1.0,mean_0.8,0,0.8,0.15,beta,none
City-C,T4,1x,140.0,S5_CityCalib,cross_regime,M_stress,650,True,1,591.6,406.1,0.0,0.3136,1.0,mean_0.8,0,0.8,0.15,beta,none
City-C,T4,1x,140.0,S6_Q10,routine,M_routine,650,True,1,421.7,565.8,0.0,0.0,1.0,mean_0.8,0,0.8,0.15,beta,none
City-C,T4,1x,140.0,S6_Q10,cross_regime,M_stress,650,True,1,421.7,406.1,0.0,0.0371,1.0,mean_0.8,0,0.8,0.15,beta,none
City-C,T4,2x,280.0,S0a_RoutineOracle,routine,M_routine,650,True,1,565.8,565.8,0.0,0.0,1.0,mean_0.8,0,0.8,0.15,beta,none
City-C,T4,2x,280.0,S0a_RoutineOracle,cross_regime,M_stress,650,True,1,565.8,406.1,0.0,0.2823,1.0,mean_0.8,0,0.8,0.15,beta,none
City-C,T4,2x,280.0,S0b_StressOracle,routine,M_routine,650,True,1,406.1,565.8,0.0,0.0,1.0,mean_0.8,0,0.8,0.15,beta,none
City-C,T4,2x,280.0,S0b_StressOracle,cross_regime,M_stress,650,True,1,406.1,406.1,0.0,0.0,1.0,mean_0.8,0,0.8,0.15,beta,none
City-C,T4,2x,280.0,S1_CapRR,routine,M_routine,650,True,1,737.0,565.8,0.0,0.2323,1.0,mean_0.8,0,0.8,0.15,beta,none
City-C,T4,2x,280.0,S1_CapRR,cross_regime,M_stress,650,True,1,737.0,406.1,0.0,0.4491,1.0,mean_0.8,0,0.8,0.15,beta,none
City-C,T4,2x,280.0,S2_Platform,routine,M_routine,650,True,1,377.7,324.2,0.0,0.1416,1.0,mean_0.8,0,0.8,0.15,beta,none
City-C,T4,2x,280.0,S2_Platform,cross_regime,M_stress,650,True,1,377.7,291.1,0.0,0.2293,1.0,mean_0.8,0,0.8,0.15,beta,none
City-C,T4,2x,280.0,S3_Lin4,routine,M_routine,650,True,1,497.6,565.8,0.0,0.0,1.0,mean_0.8,0,0.8,0.15,beta,none
City-C,T4,2x,280.0,S3_Lin4,cross_regime,M_stress,650,True,1,497.6,406.1,0.0,0.1839,1.0,mean_0.8,0,0.8,0.15,beta,none
City-C,T4,2x,280.0,S4_GlobalCalib,routine,M_routine,650,True,1,581.1,565.8,0.0,0.0263,1.0,mean_0.8,0,0.8,0.15,beta,none
City-C,T4,2x,280.0,S4_GlobalCalib,cross_regime,M_stress,650,True,1,581.1,406.1,0.0,0.3012,1.0,mean_0.8,0,0.8,0.15,beta,none
City-C,T4,2x,280.0,S5_CityCalib,routine,M_routine,650,True,1,591.6,565.8,0.0,0.0435,1.0,mean_0.8,0,0.8,0.15,beta,none
City-C,T4,2x,280.0,S5_CityCalib,cross_regime,M_stress,650,True,1,591.6,406.1,0.0,0.3136,1.0,mean_0.8,0,0.8,0.15,beta,none
City-C,T4,2x,280.0,S6_Q10,routine,M_routine,650,True,1,421.7,565.8,0.0,0.0,1.0,mean_0.8,0,0.8,0.15,beta,none
City-C,T4,2x,280.0,S6_Q10,cross_regime,M_stress,650,True,1,421.7,406.1,0.0,0.0371,1.0,mean_0.8,0,0.8,0.15,beta,none
City-C,T4,5x,700.0,S0a_RoutineOracle,routine,M_routine,650,True,2,1126.6,1126.6,0.0,0.0,1.0,mean_0.8,0,0.8,0.15,beta,none
City-C,T4,5x,700.0,S0a_RoutineOracle,cross_regime,M_stress,650,True,2,1126.6,670.4,29.6,0.4049,0.0,mean_0.8,0,0.8,0.15,beta,none
City-C,T4,5x,700.0,S0b_StressOracle,routine,M_routine,650,True,2,740.0,964.3,0.0,0.0,1.0,mean_0.8,0,0.8,0.15,beta,none
City-C,T4,5x,700.0,S0b_StressOracle,cross_regime,M_stress,650,True,2,740.0,740.0,0.0,0.0,1.0,mean_0.8,0,0.8,0.15,beta,none
City-C,T4,5x,700.0,S1_CapRR,routine,M_routine,650,True,1,737.0,565.8,134.2,0.2323,0.0,mean_0.8,0,0.8,0.15,beta,none
City-C,T4,5x,700.0,S1_CapRR,cross_regime,M_stress,650,True,1,737.0,406.1,293.9,0.4491,0.0,mean_0.8,0,0.8,0.15,beta,none
City-C,T4,5x,700.0,S2_Platform,routine,M_routine,650,True,2,738.2,851.8,0.0,0.0,1.0,mean_0.8,0,0.8,0.15,beta,none
City-C,T4,5x,700.0,S2_Platform,cross_regime,M_stress,650,True,2,738.2,602.8,97.2,0.1835,0.0,mean_0.8,0,0.8,0.15,beta,none
City-C,T4,5x,700.0,S3_Lin4,routine,M_routine,650,True,2,974.7,1093.4,0.0,0.0,1.0,mean_0.8,0,0.8,0.15,beta,none
City-C,T4,5x,700.0,S3_Lin4,cross_regime,M_stress,650,True,2,974.7,717.7,0.0,0.2636,1.0,mean_0.8,0,0.8,0.15,beta,none
City-C,T4,5x,700.0,S4_GlobalCalib,routine,M_routine,650,True,2,1135.0,1093.4,0.0,0.0366,1.0,mean_0.8,0,0.8,0.15,beta,none
City-C,T4,5x,700.0,S4_GlobalCalib,cross_regime,M_stress,650,True,2,1135.0,717.7,0.0,0.3676,1.0,mean_0.8,0,0.8,0.15,beta,none
City-C,T4,5x,700.0,S5_CityCalib,routine,M_routine,650,True,2,1155.4,1093.4,0.0,0.0536,1.0,mean_0.8,0,0.8,0.15,beta,none
City-C,T4,5x,700.0,S5_CityCalib,cross_regime,M_stress,650,True,2,1155.4,717.7,0.0,0.3788,1.0,mean_0.8,0,0.8,0.15,beta,none
City-C,T4,5x,700.0,S6_Q10,routine,M_routine,650,True,2,823.7,1093.4,0.0,0.0,1.0,mean_0.8,0,0.8,0.15,beta,none
City-C,T4,5x,700.0,S6_Q10,cross_regime,M_stress,650,True,2,823.7,717.7,0.0,0.1286,1.0,mean_0.8,0,0.8,0.15,beta,none
City-C,T4,10x,1400.0,S0a_RoutineOracle,routine,M_routine,650,True,3,1654.2,1654.2,0.0,0.0,1.0,mean_0.8,0,0.8,0.15,beta,none
City-C,T4,10x,1400.0,S0a_RoutineOracle,cross_regime,M_stress,650,True,3,1654.2,982.1,417.9,0.4063,0.0,mean_0.8,0,0.8,0.15,beta,none
City-C,T4,10x,1400.0,S0b_StressOracle,routine,M_routine,650,True,5,1673.5,2417.4,0.0,0.0,1.0,mean_0.8,0,0.8,0.15,beta,none
City-C,T4,10x,1400.0,S0b_StressOracle,cross_regime,M_stress,650,True,5,1673.5,1673.5,0.0,0.0,1.0,mean_0.8,0,0.8,0.15,beta,none
City-C,T4,10x,1400.0,S1_CapRR,routine,M_routine,650,True,2,1439.5,1093.4,306.6,0.2404,0.0,mean_0.8,0,0.8,0.15,beta,none
City-C,T4,10x,1400.0,S1_CapRR,cross_regime,M_stress,650,True,2,1439.5,717.7,682.3,0.5014,0.0,mean_0.8,0,0.8,0.15,beta,none
City-C,T4,10x,1400.0,S2_Platform,routine,M_routine,650,True,4,1425.4,1678.9,0.0,0.0,1.0,mean_0.8,0,0.8,0.15,beta,none
City-C,T4,10x,1400.0,S2_Platform,cross_regime,M_stress,650,True,4,1425.4,1167.8,232.2,0.1807,0.0,mean_0.8,0,0.8,0.15,beta,none
City-C,T4,10x,1400.0,S3_Lin4,routine,M_routine,650,True,3,1442.9,1654.2,0.0,0.0,1.0,mean_0.8,0,0.8,0.15,beta,none
City-C,T4,10x,1400.0,S3_Lin4,cross_regime,M_stress,650,True,3,1442.9,982.1,417.9,0.3194,0.0,mean_0.8,0,0.8,0.15,beta,none
City-C,T4,10x,1400.0,S4_GlobalCalib,routine,M_routine,650,True,3,1640.9,1654.2,0.0,0.0,1.0,mean_0.8,0,0.8,0.15,beta,none
City-C,T4,10x,1400.0,S4_GlobalCalib,cross_regime,M_stress,650,True,3,1640.9,982.1,417.9,0.4015,0.0,mean_0.8,0,0.8,0.15,beta,none
City-C,T4,10x,1400.0,S5_CityCalib,routine,M_routine,650,True,3,1670.2,1654.2,0.0,0.0096,1.0,mean_0.8,0,0.8,0.15,beta,none
City-C,T4,10x,1400.0,S5_CityCalib,cross_regime,M_stress,650,True,3,1670.2,982.1,417.9,0.412,0.0,mean_0.8,0,0.8,0.15,beta,none
City-C,T4,10x,1400.0,S6_Q10,routine,M_routine,650,True,4,1525.8,2043.5,0.0,0.0,1.0,mean_0.8,0,0.8,0.15,beta,none
City-C,T4,10x,1400.0,S6_Q10,cross_regime,M_stress,650,True,4,1525.8,1261.0,139.0,0.1735,0.0,mean_0.8,0,0.8,0.15,beta,none
City-C,T5,1x,160.0,S0a_RoutineOracle,routine,M_routine,650,True,1,580.7,580.7,0.0,0.0,1.0,mean_0.8,0,0.8,0.15,beta,none
City-C,T5,1x,160.0,S0a_RoutineOracle,cross_regime,M_stress,650,True,1,580.7,327.8,0.0,0.4355,1.0,mean_0.8,0,0.8,0.15,beta,none
City-C,T5,1x,160.0,S0b_StressOracle,routine,M_routine,650,True,1,408.2,570.9,0.0,0.0,1.0,mean_0.8,0,0.8,0.15,beta,none
City-C,T5,1x,160.0,S0b_StressOracle,cross_regime,M_stress,650,True,1,408.2,408.2,0.0,0.0,1.0,mean_0.8,0,0.8,0.15,beta,none
City-C,T5,1x,160.0,S1_CapRR,routine,M_routine,650,True,1,648.6,570.9,0.0,0.1199,1.0,mean_0.8,0,0.8,0.15,beta,none
City-C,T5,1x,160.0,S1_CapRR,cross_regime,M_stress,650,True,1,648.6,408.2,0.0,0.3707,1.0,mean_0.8,0,0.8,0.15,beta,none
City-C,T5,1x,160.0,S2_Platform,routine,M_routine,650,True,1,451.5,570.9,0.0,0.0,1.0,mean_0.8,0,0.8,0.15,beta,none
City-C,T5,1x,160.0,S2_Platform,cross_regime,M_stress,650,True,1,451.5,408.2,0.0,0.0959,1.0,mean_0.8,0,0.8,0.15,beta,none
City-C,T5,1x,160.0,S3_Lin4,routine,M_routine,650,True,1,484.9,570.9,0.0,0.0,1.0,mean_0.8,0,0.8,0.15,beta,none
City-C,T5,1x,160.0,S3_Lin4,cross_regime,M_stress,650,True,1,484.9,408.2,0.0,0.1583,1.0,mean_0.8,0,0.8,0.15,beta,none
City-C,T5,1x,160.0,S4_GlobalCalib,routine,M_routine,650,True,1,514.3,570.9,0.0,0.0,1.0,mean_0.8,0,0.8,0.15,beta,none
City-C,T5,1x,160.0,S4_GlobalCalib,cross_regime,M_stress,650,True,1,514.3,408.2,0.0,0.2063,1.0,mean_0.8,0,0.8,0.15,beta,none
City-C,T5,1x,160.0,S5_CityCalib,routine,M_routine,650,True,1,520.4,570.9,0.0,0.0,1.0,mean_0.8,0,0.8,0.15,beta,none
City-C,T5,1x,160.0,S5_CityCalib,cross_regime,M_stress,650,True,1,520.4,408.2,0.0,0.2156,1.0,mean_0.8,0,0.8,0.15,beta,none
City-C,T5,1x,160.0,S6_Q10,routine,M_routine,650,True,1,373.9,570.9,0.0,0.0,1.0,mean_0.8,0,0.8,0.15,beta,none
City-C,T5,1x,160.0,S6_Q10,cross_regime,M_stress,650,True,1,373.9,408.2,0.0,0.0,1.0,mean_0.8,0,0.8,0.15,beta,none
City-C,T5,2x,320.0,S0a_RoutineOracle,routine,M_routine,650,True,1,580.7,580.7,0.0,0.0,1.0,mean_0.8,0,0.8,0.15,beta,none
City-C,T5,2x,320.0,S0a_RoutineOracle,cross_regime,M_stress,650,True,1,580.7,327.8,0.0,0.4355,1.0,mean_0.8,0,0.8,0.15,beta,none
City-C,T5,2x,320.0,S0b_StressOracle,routine,M_routine,650,True,1,408.2,570.9,0.0,0.0,1.0,mean_0.8,0,0.8,0.15,beta,none
City-C,T5,2x,320.0,S0b_StressOracle,cross_regime,M_stress,650,True,1,408.2,408.2,0.0,0.0,1.0,mean_0.8,0,0.8,0.15,beta,none
City-C,T5,2x,320.0,S1_CapRR,routine,M_routine,650,True,1,648.6,570.9,0.0,0.1199,1.0,mean_0.8,0,0.8,0.15,beta,none
City-C,T5,2x,320.0,S1_CapRR,cross_regime,M_stress,650,True,1,648.6,408.2,0.0,0.3707,1.0,mean_0.8,0,0.8,0.15,beta,none
City-C,T5,2x,320.0,S2_Platform,routine,M_routine,650,True,1,451.5,570.9,0.0,0.0,1.0,mean_0.8,0,0.8,0.15,beta,none
City-C,T5,2x,320.0,S2_Platform,cross_regime,M_stress,650,True,1,451.5,408.2,0.0,0.0959,1.0,mean_0.8,0,0.8,0.15,beta,none
City-C,T5,2x,320.0,S3_Lin4,routine,M_routine,650,True,1,484.9,570.9,0.0,0.0,1.0,mean_0.8,0,0.8,0.15,beta,none
City-C,T5,2x,320.0,S3_Lin4,cross_regime,M_stress,650,True,1,484.9,408.2,0.0,0.1583,1.0,mean_0.8,0,0.8,0.15,beta,none
City-C,T5,2x,320.0,S4_GlobalCalib,routine,M_routine,650,True,1,514.3,570.9,0.0,0.0,1.0,mean_0.8,0,0.8,0.15,beta,none
City-C,T5,2x,320.0,S4_GlobalCalib,cross_regime,M_stress,650,True,1,514.3,408.2,0.0,0.2063,1.0,mean_0.8,0,0.8,0.15,beta,none
City-C,T5,2x,320.0,S5_CityCalib,routine,M_routine,650,True,1,520.4,570.9,0.0,0.0,1.0,mean_0.8,0,0.8,0.15,beta,none
City-C,T5,2x,320.0,S5_CityCalib,cross_regime,M_stress,650,True,1,520.4,408.2,0.0,0.2156,1.0,mean_0.8,0,0.8,0.15,beta,none
City-C,T5,2x,320.0,S6_Q10,routine,M_routine,650,True,1,373.9,570.9,0.0,0.0,1.0,mean_0.8,0,0.8,0.15,beta,none
City-C,T5,2x,320.0,S6_Q10,cross_regime,M_stress,650,True,1,373.9,408.2,0.0,0.0,1.0,mean_0.8,0,0.8,0.15,beta,none
City-C,T5,5x,800.0,S0a_RoutineOracle,routine,M_routine,650,True,2,1151.6,1151.6,0.0,0.0,1.0,mean_0.8,0,0.8,0.15,beta,none
City-C,T5,5x,800.0,S0a_RoutineOracle,cross_regime,M_stress,650,True,2,1151.6,736.0,64.0,0.3609,0.0,mean_0.8,0,0.8,0.15,beta,none
City-C,T5,5x,800.0,S0b_StressOracle,routine,M_routine,650,True,3,1045.7,1549.7,0.0,0.0,1.0,mean_0.8,0,0.8,0.15,beta,none
City-C,T5,5x,800.0,S0b_StressOracle,cross_regime,M_stress,650,True,3,1045.7,1045.7,0.0,0.0,1.0,mean_0.8,0,0.8,0.15,beta,none
City-C,T5,5x,800.0,S1_CapRR,routine,M_routine,650,True,2,1266.8,1151.6,0.0,0.091,1.0,mean_0.8,0,0.8,0.15,beta,none
City-C,T5,5x,800.0,S1_CapRR,cross_regime,M_stress,650,True,2,1266.8,736.0,64.0,0.419,0.0,mean_0.8,0,0.8,0.15,beta,none
City-C,T5,5x,800.0,S2_Platform,routine,M_routine,650,True,2,882.9,969.0,0.0,0.0,1.0,mean_0.8,0,0.8,0.15,beta,none
City-C,T5,5x,800.0,S2_Platform,cross_regime,M_stress,650,True,2,882.9,717.9,82.1,0.1869,0.0,mean_0.8,0,0.8,0.15,beta,none
City-C,T5,5x,800.0,S3_Lin4,routine,M_routine,650,True,2,949.2,1151.6,0.0,0.0,1.0,mean_0.8,0,0.8,0.15,beta,none
City-C,T5,5x,800.0,S3_Lin4,cross_regime,M_stress,650,True,2,949.2,736.0,64.0,0.2246,0.0,mean_0.8,0,0.8,0.15,beta,none
City-C,T5,5x,800.0,S4_GlobalCalib,routine,M_routine,650,True,2,1004.5,1151.6,0.0,0.0,1.0,mean_0.8,0,0.8,0.15,beta,none
City-C,T5,5x,800.0,S4_GlobalCalib,cross_regime,M_stress,650,True,2,1004.5,736.0,64.0,0.2673,0.0,mean_0.8,0,0.8,0.15,beta,none
City-C,T5,5x,800.0,S5_CityCalib,routine,M_routine,650,True,2,1016.4,1151.6,0.0,0.0,1.0,mean_0.8,0,0.8,0.15,beta,none
City-C,T5,5x,800.0,S5_CityCalib,cross_regime,M_stress,650,True,2,1016.4,736.0,64.0,0.2759,0.0,mean_0.8,0,0.8,0.15,beta,none
City-C,T5,5x,800.0,S6_Q10,routine,M_routine,650,True,3,1055.6,1469.5,0.0,0.0,1.0,mean_0.8,0,0.8,0.15,beta,none
City-C,T5,5x,800.0,S6_Q10,cross_regime,M_stress,650,True,3,1055.6,997.0,0.0,0.0555,1.0,mean_0.8,0,0.8,0.15,beta,none
City-C,T5,10x,1600.0,S0a_RoutineOracle,routine,M_routine,650,True,3,1633.0,1633.0,0.0,0.0,1.0,mean_0.8,0,0.8,0.15,beta,none
City-C,T5,10x,1600.0,S0a_RoutineOracle,cross_regime,M_stress,650,True,3,1633.0,1021.4,578.6,0.3746,0.0,mean_0.8,0,0.8,0.15,beta,none
City-C,T5,10x,1600.0,S0b_StressOracle,routine,M_routine,650,True,5,1628.2,2336.0,0.0,0.0,1.0,mean_0.8,0,0.8,0.15,beta,none
City-C,T5,10x,1600.0,S0b_StressOracle,cross_regime,M_stress,650,True,5,1628.2,1628.2,0.0,0.0,1.0,mean_0.8,0,0.8,0.15,beta,none
City-C,T5,10x,1600.0,S1_CapRR,routine,M_routine,650,True,3,1831.4,1469.5,130.5,0.1976,0.0,mean_0.8,0,0.8,0.15,beta,none
City-C,T5,10x,1600.0,S1_CapRR,cross_regime,M_stress,650,True,3,1831.4,997.0,603.0,0.4556,0.0,mean_0.8,0,0.8,0.15,beta,none
City-C,T5,10x,1600.0,S2_Platform,routine,M_routine,650,True,4,1670.1,1656.1,0.0,0.0083,1.0,mean_0.8,0,0.8,0.15,beta,none
City-C,T5,10x,1600.0,S2_Platform,cross_regime,M_stress,650,True,4,1670.1,1281.6,318.4,0.2326,0.0,mean_0.8,0,0.8,0.15,beta,none
City-C,T5,10x,1600.0,S3_Lin4,routine,M_routine,650,True,4,1857.3,1774.3,0.0,0.0447,1.0,mean_0.8,0,0.8,0.15,beta,none
City-C,T5,10x,1600.0,S3_Lin4,cross_regime,M_stress,650,True,4,1857.3,1294.2,305.8,0.3032,0.0,mean_0.8,0,0.8,0.15,beta,none
City-C,T5,10x,1600.0,S4_GlobalCalib,routine,M_routine,650,True,4,1861.0,1888.6,0.0,0.0,1.0,mean_0.8,0,0.8,0.15,beta,none
City-C,T5,10x,1600.0,S4_GlobalCalib,cross_regime,M_stress,650,True,4,1861.0,1246.7,353.3,0.3301,0.0,mean_0.8,0,0.8,0.15,beta,none
City-C,T5,10x,1600.0,S5_CityCalib,routine,M_routine,650,True,4,1882.5,1888.6,0.0,0.0,1.0,mean_0.8,0,0.8,0.15,beta,none
City-C,T5,10x,1600.0,S5_CityCalib,cross_regime,M_stress,650,True,4,1882.5,1246.7,353.3,0.3378,0.0,mean_0.8,0,0.8,0.15,beta,none
City-C,T5,10x,1600.0,S6_Q10,routine,M_routine,650,True,5,1646.4,2286.8,0.0,0.0,1.0,mean_0.8,0,0.8,0.15,beta,none
City-C,T5,10x,1600.0,S6_Q10,cross_regime,M_stress,650,True,5,1646.4,1556.3,43.7,0.0547,0.0,mean_0.8,0,0.8,0.15,beta,none
