city,task_id,p_req_level,p_req,strategy,regime,eval_outcome,pool_size,pool_feasible,n_selected,p_commit,p_deliv,shortfall,ocr,success,config_name,seed_id,xi_mean,xi_std,xi_dist,xi_persistence
City-A,T1,1x,180.0,S0a_RoutineOracle,routine,M_routine,800,True,1,489.1,489.1,0.0,0.0,1.0,std_0.2,1,0.67,0.2,beta,none
City-A,T1,1x,180.0,S0a_RoutineOracle,cross_regime,M_stress,800,True,1,489.1,267.8,0.0,0.4523,1.0,std_0.2,1,0.67,0.2,beta,none
City-A,T1,1x,180.0,S0b_StressOracle,routine,M_routine,800,True,1,337.0,386.1,0.0,0.0,1.0,std_0.2,1,0.67,0.2,beta,none
City-A,T1,1x,180.0,S0b_StressOracle,cross_regime,M_stress,800,True,1,337.0,337.0,0.0,0.0,1.0,std_0.2,1,0.67,0.2,beta,none
City-A,T1,1x,180.0,S1_CapRR,routine,M_routine,800,True,1,678.2,489.1,0.0,0.2788,1.0,std_0.2,1,0.67,0.2,beta,none
City-A,T1,1x,180.0,S1_CapRR,cross_regime,M_stress,800,True,1,678.2,267.8,0.0,0.605,1.0,std_0.2,1,0.67,0.2,beta,none
City-A,T1,1x,180.0,S2_Platform,routine,M_routine,800,True,1,421.1,489.1,0.0,0.0,1.0,std_0.2,1,0.67,0.2,beta,none
City-A,T1,1x,180.0,S2_Platform,cross_regime,M_stress,800,True,1,421.1,267.8,0.0,0.3639,1.0,std_0.2,1,0.67,0.2,beta,none
City-A,T1,1x,180.0,S3_Lin4,routine,M_routine,800,True,1,493.7,489.1,0.0,0.0094,1.0,std_0.2,1,0.67,0.2,beta,none
City-A,T1,1x,180.0,S3_Lin4,cross_regime,M_stress,800,True,1,493.7,267.8,0.0,0.4575,1.0,std_0.2,1,0.67,0.2,beta,none
City-A,T1,1x,180.0,S4_GlobalCalib,routine,M_routine,800,True,1,456.0,489.1,0.0,0.0,1.0,std_0.2,1,0.67,0.2,beta,none
City-A,T1,1x,180.0,S4_GlobalCalib,cross_regime,M_stress,800,True,1,456.0,267.8,0.0,0.4127,1.0,std_0.2,1,0.67,0.2,beta,none
City-A,T1,1x,180.0,S5_CityCalib,routine,M_routine,800,True,1,445.5,489.1,0.0,0.0,1.0,std_0.2,1,0.67,0.2,beta,none
City-A,T1,1x,180.0,S5_CityCalib,cross_regime,M_stress,800,True,1,445.5,267.8,0.0,0.3987,1.0,std_0.2,1,0.67,0.2,beta,none
City-A,T1,1x,180.0,S6_Q10,routine,M_routine,800,True,1,261.8,489.1,0.0,0.0,1.0,std_0.2,1,0.67,0.2,beta,none
City-A,T1,1x,180.0,S6_Q10,cross_regime,M_stress,800,True,1,261.8,267.8,0.0,0.0,1.0,std_0.2,1,0.67,0.2,beta,none
City-A,T1,2x,360.0,S0a_RoutineOracle,routine,M_routine,800,True,1,489.1,489.1,0.0,0.0,1.0,std_0.2,1,0.67,0.2,beta,none
City-A,T1,2x,360.0,S0a_RoutineOracle,cross_regime,M_stress,800,True,1,489.1,267.8,92.2,0.4523,0.0,std_0.2,1,0.67,0.2,beta,none
City-A,T1,2x,360.0,S0b_StressOracle,routine,M_routine,800,True,2,670.6,873.8,0.0,0.0,1.0,std_0.2,1,0.67,0.2,beta,none
City-A,T1,2x,360.0,S0b_StressOracle,cross_regime,M_stress,800,True,2,670.6,670.6,0.0,0.0,1.0,std_0.2,1,0.67,0.2,beta,none
City-A,T1,2x,360.0,S1_CapRR,routine,M_routine,800,True,1,678.2,489.1,0.0,0.2788,1.0,std_0.2,1,0.67,0.2,beta,none
City-A,T1,2x,360.0,S1_CapRR,cross_regime,M_stress,800,True,1,678.2,267.8,92.2,0.605,0.0,std_0.2,1,0.67,0.2,beta,none
City-A,T1,2x,360.0,S2_Platform,routine,M_routine,800,True,1,421.1,489.1,0.0,0.0,1.0,std_0.2,1,0.67,0.2,beta,none
City-A,T1,2x,360.0,S2_Platform,cross_regime,M_stress,800,True,1,421.1,267.8,92.2,0.3639,0.0,std_0.2,1,0.67,0.2,beta,none
City-A,T1,2x,360.0,S3_Lin4,routine,M_routine,800,True,1,493.7,489.1,0.0,0.0094,1.0,std_0.2,1,0.67,0.2,beta,none
City-A,T1,2x,360.0,S3_Lin4,cross_regime,M_stress,800,True,1,493.7,267.8,92.2,0.4575,0.0,std_0.2,1,0.67,0.2,beta,none
City-A,T1,2x,360.0,S4_GlobalCalib,routine,M_routine,800,True,1,456.0,489.1,0.0,0.0,1.0,std_0.2,1,0.67,0.2,beta,none
City-A,T1,2x,360.0,S4_GlobalCalib,cross_regime,M_stress,800,True,1,456.0,267.8,92.2,0.4127,0.0,std_0.2,1,0.67,0.2,beta,none
City-A,T1,2x,360.0,S5_CityCalib,routine,M_routine,800,True,1,445.5,489.1,0.0,0.0,1.0,std_0.2,1,0.67,0.2,beta,none
City-A,T1,2x,360.0,S5_CityCalib,cross_regime,M_stress,800,True,1,445.5,267.8,92.2,0.3987,0.0,std_0.2,1,0.67,0.2,beta,none
City-A,T1,2x,360.0,S6_Q10,routine,M_routine,800,True,2,499.2,592.5,0.0,0.0,1.0,std_0.2,1,0.67,0.2,beta,none
City-A,T1,2x,360.0,S6_Q10,cross_regime,M_stress,800,True,2,499.2,539.8,0.0,0.0,1.0,std_0.2,1,0.67,0.2,beta,none
City-A,T1,5x,900.0,S0a_RoutineOracle,routine,M_routine,800,True,2,976.8,976.8,0.0,0.0,1.0,std_0.2,1,0.67,0.2,beta,none
City-A,T1,5x,900.0,S0a_RoutineOracle,cross_regime,M_stress,800,True,2,976.8,601.4,298.6,0.3843,0.0,std_0.2,1,0.67,0.2,beta,none
City-A,T1,5x,900.0,S0b_StressOracle,routine,M_routine,800,True,3,990.5,1189.6,0.0,0.0,1.0,std_0.2,1,0.67,0.2,beta,none
City-A,T1,5x,900.0,S0b_StressOracle,cross_regime,M_stress,800,True,3,990.5,990.5,0.0,0.0,1.0,std_0.2,1,0.67,0.2,beta,none
City-A,T1,5x,900.0,S1_CapRR,routine,M_routine,800,True,2,1293.4,592.5,307.5,0.5419,0.0,std_0.2,1,0.67,0.2,beta,none
City-A,T1,5x,900.0,S1_CapRR,cross_regime,M_stress,800,True,2,1293.4,539.8,360.2,0.5826,0.0,std_0.2,1,0.67,0.2,beta,none
City-A,T1,5x,900.0,S2_Platform,routine,M_routine,800,True,3,1202.1,863.3,36.7,0.2818,0.0,std_0.2,1,0.67,0.2,beta,none
City-A,T1,5x,900.0,S2_Platform,cross_regime,M_stress,800,True,3,1202.1,760.3,139.7,0.3675,0.0,std_0.2,1,0.67,0.2,beta,none
City-A,T1,5x,900.0,S3_Lin4,routine,M_routine,800,True,3,1265.6,1166.5,0.0,0.0783,1.0,std_0.2,1,0.67,0.2,beta,none
City-A,T1,5x,900.0,S3_Lin4,cross_regime,M_stress,800,True,3,1265.6,666.3,233.7,0.4735,0.0,std_0.2,1,0.67,0.2,beta,none
City-A,T1,5x,900.0,S4_GlobalCalib,routine,M_routine,800,True,3,1270.3,954.1,0.0,0.2489,1.0,std_0.2,1,0.67,0.2,beta,none
City-A,T1,5x,900.0,S4_GlobalCalib,cross_regime,M_stress,800,True,3,1270.3,618.4,281.6,0.5132,0.0,std_0.2,1,0.67,0.2,beta,none
City-A,T1,5x,900.0,S5_CityCalib,routine,M_routine,800,True,3,1241.6,954.1,0.0,0.2316,1.0,std_0.2,1,0.67,0.2,beta,none
City-A,T1,5x,900.0,S5_CityCalib,cross_regime,M_stress,800,True,3,1241.6,618.4,281.6,0.5019,0.0,std_0.2,1,0.67,0.2,beta,none
City-A,T1,5x,900.0,S6_Q10,routine,M_routine,800,True,4,954.2,1441.8,0.0,0.0,1.0,std_0.2,1,0.67,0.2,beta,none
City-A,T1,5x,900.0,S6_Q10,cross_regime,M_stress,800,True,4,954.2,952.0,0.0,0.0023,1.0,std_0.2,1,0.67,0.2,beta,none
City-A,T1,10x,1800.0,S0a_RoutineOracle,routine,M_routine,800,True,5,2119.9,2119.9,0.0,0.0,1.0,std_0.2,1,0.67,0.2,beta,none
City-A,T1,10x,1800.0,S0a_RoutineOracle,cross_regime,M_stress,800,True,5,2119.9,1198.9,601.1,0.4345,0.0,std_0.2,1,0.67,0.2,beta,none
City-A,T1,10x,1800.0,S0b_StressOracle,routine,M_routine,800,True,6,1885.0,2050.2,0.0,0.0,1.0,std_0.2,1,0.67,0.2,beta,none
City-A,T1,10x,1800.0,S0b_StressOracle,cross_regime,M_stress,800,True,6,1885.0,1885.0,0.0,0.0,1.0,std_0.2,1,0.67,0.2,beta,none
City-A,T1,10x,1800.0,S1_CapRR,routine,M_routine,800,True,3,1889.7,954.1,845.9,0.4951,0.0,std_0.2,1,0.67,0.2,beta,none
City-A,T1,10x,1800.0,S1_CapRR,cross_regime,M_stress,800,True,3,1889.7,618.4,1181.6,0.6728,0.0,std_0.2,1,0.67,0.2,beta,none
City-A,T1,10x,1800.0,S2_Platform,routine,M_routine,800,True,5,1914.5,1451.0,349.0,0.2421,0.0,std_0.2,1,0.67,0.2,beta,none
City-A,T1,10x,1800.0,S2_Platform,cross_regime,M_stress,800,True,5,1914.5,1411.1,388.9,0.2629,0.0,std_0.2,1,0.67,0.2,beta,none
City-A,T1,10x,1800.0,S3_Lin4,routine,M_routine,800,True,5,1988.2,1757.5,42.5,0.116,0.0,std_0.2,1,0.67,0.2,beta,none
City-A,T1,10x,1800.0,S3_Lin4,cross_regime,M_stress,800,True,5,1988.2,1271.8,528.2,0.3603,0.0,std_0.2,1,0.67,0.2,beta,none
City-A,T1,10x,1800.0,S4_GlobalCalib,routine,M_routine,800,True,5,2041.5,1827.9,0.0,0.1046,1.0,std_0.2,1,0.67,0.2,beta,none
City-A,T1,10x,1800.0,S4_GlobalCalib,cross_regime,M_stress,800,True,5,2041.5,1289.0,511.0,0.3686,0.0,std_0.2,1,0.67,0.2,beta,none
City-A,T1,10x,1800.0,S5_CityCalib,routine,M_routine,800,True,5,1996.0,1827.9,0.0,0.0842,1.0,std_0.2,1,0.67,0.2,beta,none
City-A,T1,10x,1800.0,S5_CityCalib,cross_regime,M_stress,800,True,5,1996.0,1289.0,511.0,0.3542,0.0,std_0.2,1,0.67,0.2,beta,none
City-A,T1,10x,1800.0,S6_Q10,routine,M_routine,800,True,9,1973.9,3024.1,0.0,0.0,1.0,std_0.2,1,0.67,0.2,beta,none
City-A,T1,10x,1800.0,S6_Q10,cross_regime,M_stress,800,True,9,1973.9,2121.5,0.0,0.0,1.0,std_0.2,1,0.67,0.2,beta,none
City-A,T2,1x,260.0,S0a_RoutineOracle,routine,M_routine,800,True,1,604.7,604.7,0.0,0.0,1.0,std_0.2,1,0.67,0.2,beta,none
City-A,T2,1x,260.0,S0a_RoutineOracle,cross_regime,M_stress,800,True,1,604.7,292.0,0.0,0.517,1.0,std_0.2,1,0.67,0.2,beta,none
City-A,T2,1x,260.0,S0b_StressOracle,routine,M_routine,800,True,1,389.3,238.4,21.6,0.3875,0.0,std_0.2,1,0.67,0.2,beta,none
City-A,T2,1x,260.0,S0b_StressOracle,cross_regime,M_stress,800,True,1,389.3,389.3,0.0,0.0,1.0,std_0.2,1,0.67,0.2,beta,none
City-A,T2,1x,260.0,S1_CapRR,routine,M_routine,800,True,1,678.2,604.7,0.0,0.1084,1.0,std_0.2,1,0.67,0.2,beta,none
City-A,T2,1x,260.0,S1_CapRR,cross_regime,M_stress,800,True,1,678.2,292.0,0.0,0.5694,1.0,std_0.2,1,0.67,0.2,beta,none
City-A,T2,1x,260.0,S2_Platform,routine,M_routine,800,True,1,441.1,604.7,0.0,0.0,1.0,std_0.2,1,0.67,0.2,beta,none
City-A,T2,1x,260.0,S2_Platform,cross_regime,M_stress,800,True,1,441.1,292.0,0.0,0.338,1.0,std_0.2,1,0.67,0.2,beta,none
City-A,T2,1x,260.0,S3_Lin4,routine,M_routine,800,True,1,485.9,604.7,0.0,0.0,1.0,std_0.2,1,0.67,0.2,beta,none
City-A,T2,1x,260.0,S3_Lin4,cross_regime,M_stress,800,True,1,485.9,292.0,0.0,0.399,1.0,std_0.2,1,0.67,0.2,beta,none
City-A,T2,1x,260.0,S4_GlobalCalib,routine,M_routine,800,True,1,450.2,604.7,0.0,0.0,1.0,std_0.2,1,0.67,0.2,beta,none
City-A,T2,1x,260.0,S4_GlobalCalib,cross_regime,M_stress,800,True,1,450.2,292.0,0.0,0.3514,1.0,std_0.2,1,0.67,0.2,beta,none
City-A,T2,1x,260.0,S5_CityCalib,routine,M_routine,800,True,1,434.1,604.7,0.0,0.0,1.0,std_0.2,1,0.67,0.2,beta,none
City-A,T2,1x,260.0,S5_CityCalib,cross_regime,M_stress,800,True,1,434.1,292.0,0.0,0.3273,1.0,std_0.2,1,0.67,0.2,beta,none
City-A,T2,1x,260.0,S6_Q10,routine,M_routine,800,True,1,262.2,604.7,0.0,0.0,1.0,std_0.2,1,0.67,0.2,beta,none
City-A,T2,1x,260.0,S6_Q10,cross_regime,M_stress,800,True,1,262.2,292.0,0.0,0.0,1.0,std_0.2,1,0.67,0.2,beta,none
City-A,T2,2x,520.0,S0a_RoutineOracle,routine,M_routine,800,True,1,604.7,604.7,0.0,0.0,1.0,std_0.2,1,0.67,0.2,beta,none
City-A,T2,2x,520.0,S0a_RoutineOracle,cross_regime,M_stress,800,True,1,604.7,292.0,228.0,0.517,0.0,std_0.2,1,0.67,0.2,beta,none
City-A,T2,2x,520.0,S0b_StressOracle,routine,M_routine,800,True,2,747.5,609.1,0.0,0.1852,1.0,std_0.2,1,0.67,0.2,beta,none
City-A,T2,2x,520.0,S0b_StressOracle,cross_regime,M_stress,800,True,2,747.5,747.5,0.0,0.0,1.0,std_0.2,1,0.67,0.2,beta,none
City-A,T2,2x,520.0,S1_CapRR,routine,M_routine,800,True,1,678.2,604.7,0.0,0.1084,1.0,std_0.2,1,0.67,0.2,beta,none
City-A,T2,2x,520.0,S1_CapRR,cross_regime,M_stress,800,True,1,678.2,292.0,228.0,0.5694,0.0,std_0.2,1,0.67,0.2,beta,none
City-A,T2,2x,520.0,S2_Platform,routine,M_routine,800,True,2,849.9,843.1,0.0,0.008,1.0,std_0.2,1,0.67,0.2,beta,none
City-A,T2,2x,520.0,S2_Platform,cross_regime,M_stress,800,True,2,849.9,681.3,0.0,0.1983,1.0,std_0.2,1,0.67,0.2,beta,none
City-A,T2,2x,520.0,S3_Lin4,routine,M_routine,800,True,2,868.8,1144.9,0.0,0.0,1.0,std_0.2,1,0.67,0.2,beta,none
City-A,T2,2x,520.0,S3_Lin4,cross_regime,M_stress,800,True,2,868.8,451.3,68.7,0.4806,0.0,std_0.2,1,0.67,0.2,beta,none
City-A,T2,2x,520.0,S4_GlobalCalib,routine,M_routine,800,True,2,858.7,843.1,0.0,0.0182,1.0,std_0.2,1,0.67,0.2,beta,none
City-A,T2,2x,520.0,S4_GlobalCalib,cross_regime,M_stress,800,True,2,858.7,681.3,0.0,0.2065,1.0,std_0.2,1,0.67,0.2,beta,none
City-A,T2,2x,520.0,S5_CityCalib,routine,M_routine,800,True,2,828.5,843.1,0.0,0.0,1.0,std_0.2,1,0.67,0.2,beta,none
City-A,T2,2x,520.0,S5_CityCalib,cross_regime,M_stress,800,True,2,828.5,681.3,0.0,0.1777,1.0,std_0.2,1,0.67,0.2,beta,none
City-A,T2,2x,520.0,S6_Q10,routine,M_routine,800,True,3,730.5,1383.3,0.0,0.0,1.0,std_0.2,1,0.67,0.2,beta,none
City-A,T2,2x,520.0,S6_Q10,cross_regime,M_stress,800,True,3,730.5,840.6,0.0,0.0,1.0,std_0.2,1,0.67,0.2,beta,none
City-A,T2,5x,1300.0,S0a_RoutineOracle,routine,M_routine,800,True,3,1644.4,1644.4,0.0,0.0,1.0,std_0.2,1,0.67,0.2,beta,none
City-A,T2,5x,1300.0,S0a_RoutineOracle,cross_regime,M_stress,800,True,3,1644.4,647.3,652.7,0.6064,0.0,std_0.2,1,0.67,0.2,beta,none
City-A,T2,5x,1300.0,S0b_StressOracle,routine,M_routine,800,True,4,1354.2,1200.9,99.1,0.1133,0.0,std_0.2,1,0.67,0.2,beta,none
City-A,T2,5x,1300.0,S0b_StressOracle,cross_regime,M_stress,800,True,4,1354.2,1354.2,0.0,0.0,1.0,std_0.2,1,0.67,0.2,beta,none
City-A,T2,5x,1300.0,S1_CapRR,routine,M_routine,800,True,3,1889.7,1383.3,0.0,0.268,1.0,std_0.2,1,0.67,0.2,beta,none
City-A,T2,5x,1300.0,S1_CapRR,cross_regime,M_stress,800,True,3,1889.7,840.6,459.4,0.5552,0.0,std_0.2,1,0.67,0.2,beta,none
City-A,T2,5x,1300.0,S2_Platform,routine,M_routine,800,True,4,1596.5,1608.8,0.0,0.0,1.0,std_0.2,1,0.67,0.2,beta,none
City-A,T2,5x,1300.0,S2_Platform,cross_regime,M_stress,800,True,4,1596.5,1135.8,164.2,0.2886,0.0,std_0.2,1,0.67,0.2,beta,none
City-A,T2,5x,1300.0,S3_Lin4,routine,M_routine,800,True,4,1604.3,1795.1,0.0,0.0,1.0,std_0.2,1,0.67,0.2,beta,none
City-A,T2,5x,1300.0,S3_Lin4,cross_regime,M_stress,800,True,4,1604.3,980.5,319.5,0.3889,0.0,std_0.2,1,0.67,0.2,beta,none
City-A,T2,5x,1300.0,S4_GlobalCalib,routine,M_routine,800,True,4,1641.3,1753.9,0.0,0.0,1.0,std_0.2,1,0.67,0.2,beta,none
City-A,T2,5x,1300.0,S4_GlobalCalib,cross_regime,M_stress,800,True,4,1641.3,1198.8,101.2,0.2696,0.0,std_0.2,1,0.67,0.2,beta,none
City-A,T2,5x,1300.0,S5_CityCalib,routine,M_routine,800,True,4,1584.7,1753.9,0.0,0.0,1.0,std_0.2,1,0.67,0.2,beta,none
City-A,T2,5x,1300.0,S5_CityCalib,cross_regime,M_stress,800,True,4,1584.7,1198.8,101.2,0.2435,0.0,std_0.2,1,0.67,0.2,beta,none
City-A,T2,5x,1300.0,S6_Q10,routine,M_routine,800,True,6,1378.8,2586.0,0.0,0.0,1.0,std_0.2,1,0.67,0.2,beta,none
City-A,T2,5x,1300.0,S6_Q10,cross_regime,M_stress,800,True,6,1378.8,1632.8,0.0,0.0,1.0,std_0.2,1,0.67,0.2,beta,none
City-A,T2,10x,2600.0,S0a_RoutineOracle,routine,M_routine,800,True,6,3011.0,3011.0,0.0,0.0,1.0,std_0.2,1,0.67,0.2,beta,none
City-A,T2,10x,2600.0,S0a_RoutineOracle,cross_regime,M_stress,800,True,6,3011.0,1118.5,1481.5,0.6285,0.0,std_0.2,1,0.67,0.2,beta,none
City-A,T2,10x,2600.0,S0b_StressOracle,routine,M_routine,800,True,9,2720.0,2802.7,0.0,0.0,1.0,std_0.2,1,0.67,0.2,beta,none
City-A,T2,10x,2600.0,S0b_StressOracle,cross_regime,M_stress,800,True,9,2720.0,2720.0,0.0,0.0,1.0,std_0.2,1,0.67,0.2,beta,none
City-A,T2,10x,2600.0,S1_CapRR,routine,M_routine,800,True,5,3037.3,2174.2,425.8,0.2842,0.0,std_0.2,1,0.67,0.2,beta,none
City-A,T2,10x,2600.0,S1_CapRR,cross_regime,M_stress,800,True,5,3037.3,1492.9,1107.1,0.5085,0.0,std_0.2,1,0.67,0.2,beta,none
City-A,T2,10x,2600.0,S2_Platform,routine,M_routine,800,True,7,2630.1,2816.1,0.0,0.0,1.0,std_0.2,1,0.67,0.2,beta,none
City-A,T2,10x,2600.0,S2_Platform,cross_regime,M_stress,800,True,7,2630.1,1760.3,839.7,0.3307,0.0,std_0.2,1,0.67,0.2,beta,none
City-A,T2,10x,2600.0,S3_Lin4,routine,M_routine,800,True,7,2649.7,3023.0,0.0,0.0,1.0,std_0.2,1,0.67,0.2,beta,none
City-A,T2,10x,2600.0,S3_Lin4,cross_regime,M_stress,800,True,7,2649.7,1726.0,874.0,0.3486,0.0,std_0.2,1,0.67,0.2,beta,none
City-A,T2,10x,2600.0,S4_GlobalCalib,routine,M_routine,800,True,7,2714.3,2931.4,0.0,0.0,1.0,std_0.2,1,0.67,0.2,beta,none
City-A,T2,10x,2600.0,S4_GlobalCalib,cross_regime,M_stress,800,True,7,2714.3,1793.1,806.9,0.3394,0.0,std_0.2,1,0.67,0.2,beta,none
City-A,T2,10x,2600.0,S5_CityCalib,routine,M_routine,800,True,7,2623.1,2931.4,0.0,0.0,1.0,std_0.2,1,0.67,0.2,beta,none
City-A,T2,10x,2600.0,S5_CityCalib,cross_regime,M_stress,800,True,7,2623.1,1793.1,806.9,0.3164,0.0,std_0.2,1,0.67,0.2,beta,none
City-A,T2,10x,2600.0,S6_Q10,routine,M_routine,800,True,13,2738.2,5153.2,0.0,0.0,1.0,std_0.2,1,0.67,0.2,beta,none
City-A,T2,10x,2600.0,S6_Q10,cross_regime,M_stress,800,True,13,2738.2,3135.6,0.0,0.0,1.0,std_0.2,1,0.67,0.2,beta,none
City-A,T3,1x,200.0,S0a_RoutineOracle,routine,M_routine,800,True,1,441.4,441.4,0.0,0.0,1.0,std_0.2,1,0.67,0.2,beta,none
City-A,T3,1x,200.0,S0a_RoutineOracle,cross_regime,M_stress,800,True,1,441.4,326.1,0.0,0.2614,1.0,std_0.2,1,0.67,0.2,beta,none
City-A,T3,1x,200.0,S0b_StressOracle,routine,M_routine,800,True,1,326.1,441.4,0.0,0.0,1.0,std_0.2,1,0.67,0.2,beta,none
City-A,T3,1x,200.0,S0b_StressOracle,cross_regime,M_stress,800,True,1,326.1,326.1,0.0,0.0,1.0,std_0.2,1,0.67,0.2,beta,none
City-A,T3,1x,200.0,S1_CapRR,routine,M_routine,800,True,1,596.8,441.4,0.0,0.2603,1.0,std_0.2,1,0.67,0.2,beta,none
City-A,T3,1x,200.0,S1_CapRR,cross_regime,M_stress,800,True,1,596.8,326.1,0.0,0.4536,1.0,std_0.2,1,0.67,0.2,beta,none
City-A,T3,1x,200.0,S2_Platform,routine,M_routine,800,True,1,470.7,441.4,0.0,0.0621,1.0,std_0.2,1,0.67,0.2,beta,none
City-A,T3,1x,200.0,S2_Platform,cross_regime,M_stress,800,True,1,470.7,326.1,0.0,0.3072,1.0,std_0.2,1,0.67,0.2,beta,none
City-A,T3,1x,200.0,S3_Lin4,routine,M_routine,800,True,1,483.9,441.4,0.0,0.0877,1.0,std_0.2,1,0.67,0.2,beta,none
City-A,T3,1x,200.0,S3_Lin4,cross_regime,M_stress,800,True,1,483.9,326.1,0.0,0.3262,1.0,std_0.2,1,0.67,0.2,beta,none
City-A,T3,1x,200.0,S4_GlobalCalib,routine,M_routine,800,True,1,396.1,441.4,0.0,0.0,1.0,std_0.2,1,0.67,0.2,beta,none
City-A,T3,1x,200.0,S4_GlobalCalib,cross_regime,M_stress,800,True,1,396.1,326.1,0.0,0.1768,1.0,std_0.2,1,0.67,0.2,beta,none
City-A,T3,1x,200.0,S5_CityCalib,routine,M_routine,800,True,1,387.7,441.4,0.0,0.0,1.0,std_0.2,1,0.67,0.2,beta,none
City-A,T3,1x,200.0,S5_CityCalib,cross_regime,M_stress,800,True,1,387.7,326.1,0.0,0.159,1.0,std_0.2,1,0.67,0.2,beta,none
City-A,T3,1x,200.0,S6_Q10,routine,M_routine,800,True,1,231.7,441.4,0.0,0.0,1.0,std_0.2,1,0.67,0.2,beta,none
City-A,T3,1x,200.0,S6_Q10,cross_regime,M_stress,800,True,1,231.7,326.1,0.0,0.0,1.0,std_0.2,1,0.67,0.2,beta,none
City-A,T3,2x,400.0,S0a_RoutineOracle,routine,M_routine,800,True,1,441.4,441.4,0.0,0.0,1.0,std_0.2,1,0.67,0.2,beta,none
City-A,T3,2x,400.0,S0a_RoutineOracle,cross_regime,M_stress,800,True,1,441.4,326.1,73.9,0.2614,0.0,std_0.2,1,0.67,0.2,beta,none
City-A,T3,2x,400.0,S0b_StressOracle,routine,M_routine,800,True,2,615.2,846.8,0.0,0.0,1.0,std_0.2,1,0.67,0.2,beta,none
City-A,T3,2x,400.0,S0b_StressOracle,cross_regime,M_stress,800,True,2,615.2,615.2,0.0,0.0,1.0,std_0.2,1,0.67,0.2,beta,none
City-A,T3,2x,400.0,S1_CapRR,routine,M_routine,800,True,1,596.8,441.4,0.0,0.2603,1.0,std_0.2,1,0.67,0.2,beta,none
City-A,T3,2x,400.0,S1_CapRR,cross_regime,M_stress,800,True,1,596.8,326.1,73.9,0.4536,0.0,std_0.2,1,0.67,0.2,beta,none
City-A,T3,2x,400.0,S2_Platform,routine,M_routine,800,True,1,470.7,441.4,0.0,0.0621,1.0,std_0.2,1,0.67,0.2,beta,none
City-A,T3,2x,400.0,S2_Platform,cross_regime,M_stress,800,True,1,470.7,326.1,73.9,0.3072,0.0,std_0.2,1,0.67,0.2,beta,none
City-A,T3,2x,400.0,S3_Lin4,routine,M_routine,800,True,1,483.9,441.4,0.0,0.0877,1.0,std_0.2,1,0.67,0.2,beta,none
City-A,T3,2x,400.0,S3_Lin4,cross_regime,M_stress,800,True,1,483.9,326.1,73.9,0.3262,0.0,std_0.2,1,0.67,0.2,beta,none
City-A,T3,2x,400.0,S4_GlobalCalib,routine,M_routine,800,True,2,755.4,855.7,0.0,0.0,1.0,std_0.2,1,0.67,0.2,beta,none
City-A,T3,2x,400.0,S4_GlobalCalib,cross_regime,M_stress,800,True,2,755.4,494.6,0.0,0.3453,1.0,std_0.2,1,0.67,0.2,beta,none
City-A,T3,2x,400.0,S5_CityCalib,routine,M_routine,800,True,2,739.8,855.7,0.0,0.0,1.0,std_0.2,1,0.67,0.2,beta,none
City-A,T3,2x,400.0,S5_CityCalib,cross_regime,M_stress,800,True,2,739.8,494.6,0.0,0.3314,1.0,std_0.2,1,0.67,0.2,beta,none
City-A,T3,2x,400.0,S6_Q10,routine,M_routine,800,True,2,441.8,855.7,0.0,0.0,1.0,std_0.2,1,0.67,0.2,beta,none
City-A,T3,2x,400.0,S6_Q10,cross_regime,M_stress,800,True,2,441.8,494.6,0.0,0.0,1.0,std_0.2,1,0.67,0.2,beta,none
City-A,T3,5x,1000.0,S0a_RoutineOracle,routine,M_routine,800,True,3,1266.0,1266.0,0.0,0.0,1.0,std_0.2,1,0.67,0.2,beta,none
City-A,T3,5x,1000.0,S0a_RoutineOracle,cross_regime,M_stress,800,True,3,1266.0,691.8,308.2,0.4536,0.0,std_0.2,1,0.67,0.2,beta,none
City-A,T3,5x,1000.0,S0b_StressOracle,routine,M_routine,800,True,4,1138.0,1554.1,0.0,0.0,1.0,std_0.2,1,0.67,0.2,beta,none
City-A,T3,5x,1000.0,S0b_StressOracle,cross_regime,M_stress,800,True,4,1138.0,1138.0,0.0,0.0,1.0,std_0.2,1,0.67,0.2,beta,none
City-A,T3,5x,1000.0,S1_CapRR,routine,M_routine,800,True,2,1138.1,855.7,144.3,0.2481,0.0,std_0.2,1,0.67,0.2,beta,none
City-A,T3,5x,1000.0,S1_CapRR,cross_regime,M_stress,800,True,2,1138.1,494.6,505.4,0.5654,0.0,std_0.2,1,0.67,0.2,beta,none
City-A,T3,5x,1000.0,S2_Platform,routine,M_routine,800,True,3,1264.8,1234.1,0.0,0.0243,1.0,std_0.2,1,0.67,0.2,beta,none
City-A,T3,5x,1000.0,S2_Platform,cross_regime,M_stress,800,True,3,1264.8,784.2,215.8,0.3799,0.0,std_0.2,1,0.67,0.2,beta,none
City-A,T3,5x,1000.0,S3_Lin4,routine,M_routine,800,True,3,1230.0,978.5,21.5,0.2045,0.0,std_0.2,1,0.67,0.2,beta,none
City-A,T3,5x,1000.0,S3_Lin4,cross_regime,M_stress,800,True,3,1230.0,729.1,270.9,0.4073,0.0,std_0.2,1,0.67,0.2,beta,none
City-A,T3,5x,1000.0,S4_GlobalCalib,routine,M_routine,800,True,3,1103.7,1266.0,0.0,0.0,1.0,std_0.2,1,0.67,0.2,beta,none
City-A,T3,5x,1000.0,S4_GlobalCalib,cross_regime,M_stress,800,True,3,1103.7,691.8,308.2,0.3732,0.0,std_0.2,1,0.67,0.2,beta,none
City-A,T3,5x,1000.0,S5_CityCalib,routine,M_routine,800,True,3,1081.2,1266.0,0.0,0.0,1.0,std_0.2,1,0.67,0.2,beta,none
City-A,T3,5x,1000.0,S5_CityCalib,cross_regime,M_stress,800,True,3,1081.2,691.8,308.2,0.3602,0.0,std_0.2,1,0.67,0.2,beta,none
City-A,T3,5x,1000.0,S6_Q10,routine,M_routine,800,True,5,1037.5,2053.7,0.0,0.0,1.0,std_0.2,1,0.67,0.2,beta,none
City-A,T3,5x,1000.0,S6_Q10,cross_regime,M_stress,800,True,5,1037.5,1241.9,0.0,0.0,1.0,std_0.2,1,0.67,0.2,beta,none
City-A,T3,10x,2000.0,S0a_RoutineOracle,routine,M_routine,800,True,5,2053.7,2053.7,0.0,0.0,1.0,std_0.2,1,0.67,0.2,beta,none
City-A,T3,10x,2000.0,S0a_RoutineOracle,cross_regime,M_stress,800,True,5,2053.7,1241.9,758.1,0.3953,0.0,std_0.2,1,0.67,0.2,beta,none
City-A,T3,10x,2000.0,S0b_StressOracle,routine,M_routine,800,True,8,2037.3,2394.6,0.0,0.0,1.0,std_0.2,1,0.67,0.2,beta,none
City-A,T3,10x,2000.0,S0b_StressOracle,cross_regime,M_stress,800,True,8,2037.3,2037.3,0.0,0.0,1.0,std_0.2,1,0.67,0.2,beta,none
City-A,T3,10x,2000.0,S1_CapRR,routine,M_routine,800,True,4,2175.3,1671.4,328.6,0.2317,0.0,std_0.2,1,0.67,0.2,beta,none
City-A,T3,10x,2000.0,S1_CapRR,cross_regime,M_stress,800,True,4,2175.3,980.9,1019.1,0.5491,0.0,std_0.2,1,0.67,0.2,beta,none
City-A,T3,10x,2000.0,S2_Platform,routine,M_routine,800,True,6,2357.9,2220.9,0.0,0.0581,1.0,std_0.2,1,0.67,0.2,beta,none
City-A,T3,10x,2000.0,S2_Platform,cross_regime,M_stress,800,True,6,2357.9,1327.2,672.8,0.4371,0.0,std_0.2,1,0.67,0.2,beta,none
City-A,T3,10x,2000.0,S3_Lin4,routine,M_routine,800,True,6,2259.6,2180.5,0.0,0.035,1.0,std_0.2,1,0.67,0.2,beta,none
City-A,T3,10x,2000.0,S3_Lin4,cross_regime,M_stress,800,True,6,2259.6,1447.7,552.3,0.3593,0.0,std_0.2,1,0.67,0.2,beta,none
City-A,T3,10x,2000.0,S4_GlobalCalib,routine,M_routine,800,True,6,2083.2,2180.5,0.0,0.0,1.0,std_0.2,1,0.67,0.2,beta,none
City-A,T3,10x,2000.0,S4_GlobalCalib,cross_regime,M_stress,800,True,6,2083.2,1447.7,552.3,0.3051,0.0,std_0.2,1,0.67,0.2,beta,none
City-A,T3,10x,2000.0,S5_CityCalib,routine,M_routine,800,True,6,2042.0,2180.5,0.0,0.0,1.0,std_0.2,1,0.67,0.2,beta,none
City-A,T3,10x,2000.0,S5_CityCalib,cross_regime,M_stress,800,True,6,2042.0,1447.7,552.3,0.291,0.0,std_0.2,1,0.67,0.2,beta,none
City-A,T3,10x,2000.0,S6_Q10,routine,M_routine,800,True,11,2090.6,3345.9,0.0,0.0,1.0,std_0.2,1,0.67,0.2,beta,none
City-A,T3,10x,2000.0,S6_Q10,cross_regime,M_stress,800,True,11,2090.6,2247.2,0.0,0.0,1.0,std_0.2,1,0.67,0.2,beta,none
City-A,T4,1x,140.0,S0a_RoutineOracle,routine,M_routine,800,True,1,472.6,472.6,0.0,0.0,1.0,std_0.2,1,0.67,0.2,beta,none
City-A,T4,1x,140.0,S0a_RoutineOracle,cross_regime,M_stress,800,True,1,472.6,361.4,0.0,0.2352,1.0,std_0.2,1,0.67,0.2,beta,none
City-A,T4,1x,140.0,S0b_StressOracle,routine,M_routine,800,True,1,361.4,472.6,0.0,0.0,1.0,std_0.2,1,0.67,0.2,beta,none
City-A,T4,1x,140.0,S0b_StressOracle,cross_regime,M_stress,800,True,1,361.4,361.4,0.0,0.0,1.0,std_0.2,1,0.67,0.2,beta,none
City-A,T4,1x,140.0,S1_CapRR,routine,M_routine,800,True,1,678.2,242.8,0.0,0.6419,1.0,std_0.2,1,0.67,0.2,beta,none
City-A,T4,1x,140.0,S1_CapRR,cross_regime,M_stress,800,True,1,678.2,101.5,38.5,0.8503,0.0,std_0.2,1,0.67,0.2,beta,none
City-A,T4,1x,140.0,S2_Platform,routine,M_routine,800,True,1,299.2,418.8,0.0,0.0,1.0,std_0.2,1,0.67,0.2,beta,none
City-A,T4,1x,140.0,S2_Platform,cross_regime,M_stress,800,True,1,299.2,187.9,0.0,0.372,1.0,std_0.2,1,0.67,0.2,beta,none
City-A,T4,1x,140.0,S3_Lin4,routine,M_routine,800,True,1,486.1,242.8,0.0,0.5004,1.0,std_0.2,1,0.67,0.2,beta,none
City-A,T4,1x,140.0,S3_Lin4,cross_regime,M_stress,800,True,1,486.1,101.5,38.5,0.7911,0.0,std_0.2,1,0.67,0.2,beta,none
City-A,T4,1x,140.0,S4_GlobalCalib,routine,M_routine,800,True,1,449.9,242.8,0.0,0.4602,1.0,std_0.2,1,0.67,0.2,beta,none
City-A,T4,1x,140.0,S4_GlobalCalib,cross_regime,M_stress,800,True,1,449.9,101.5,38.5,0.7744,0.0,std_0.2,1,0.67,0.2,beta,none
City-A,T4,1x,140.0,S5_CityCalib,routine,M_routine,800,True,1,436.7,242.8,0.0,0.444,1.0,std_0.2,1,0.67,0.2,beta,none
City-A,T4,1x,140.0,S5_CityCalib,cross_regime,M_stress,800,True,1,436.7,101.5,38.5,0.7676,0.0,std_0.2,1,0.67,0.2,beta,none
City-A,T4,1x,140.0,S6_Q10,routine,M_routine,800,True,1,261.0,242.8,0.0,0.0697,1.0,std_0.2,1,0.67,0.2,beta,none
City-A,T4,1x,140.0,S6_Q10,cross_regime,M_stress,800,True,1,261.0,101.5,38.5,0.6111,0.0,std_0.2,1,0.67,0.2,beta,none
City-A,T4,2x,280.0,S0a_RoutineOracle,routine,M_routine,800,True,1,472.6,472.6,0.0,0.0,1.0,std_0.2,1,0.67,0.2,beta,none
City-A,T4,2x,280.0,S0a_RoutineOracle,cross_regime,M_stress,800,True,1,472.6,361.4,0.0,0.2352,1.0,std_0.2,1,0.67,0.2,beta,none
City-A,T4,2x,280.0,S0b_StressOracle,routine,M_routine,800,True,1,361.4,472.6,0.0,0.0,1.0,std_0.2,1,0.67,0.2,beta,none
City-A,T4,2x,280.0,S0b_StressOracle,cross_regime,M_stress,800,True,1,361.4,361.4,0.0,0.0,1.0,std_0.2,1,0.67,0.2,beta,none
City-A,T4,2x,280.0,S1_CapRR,routine,M_routine,800,True,1,678.2,242.8,37.2,0.6419,0.0,std_0.2,1,0.67,0.2,beta,none
City-A,T4,2x,280.0,S1_CapRR,cross_regime,M_stress,800,True,1,678.2,101.5,178.5,0.8503,0.0,std_0.2,1,0.67,0.2,beta,none
City-A,T4,2x,280.0,S2_Platform,routine,M_routine,800,True,1,299.2,418.8,0.0,0.0,1.0,std_0.2,1,0.67,0.2,beta,none
City-A,T4,2x,280.0,S2_Platform,cross_regime,M_stress,800,True,1,299.2,187.9,92.1,0.372,0.0,std_0.2,1,0.67,0.2,beta,none
City-A,T4,2x,280.0,S3_Lin4,routine,M_routine,800,True,1,486.1,242.8,37.2,0.5004,0.0,std_0.2,1,0.67,0.2,beta,none
City-A,T4,2x,280.0,S3_Lin4,cross_regime,M_stress,800,True,1,486.1,101.5,178.5,0.7911,0.0,std_0.2,1,0.67,0.2,beta,none
City-A,T4,2x,280.0,S4_GlobalCalib,routine,M_routine,800,True,1,449.9,242.8,37.2,0.4602,0.0,std_0.2,1,0.67,0.2,beta,none
City-A,T4,2x,280.0,S4_GlobalCalib,cross_regime,M_stress,800,True,1,449.9,101.5,178.5,0.7744,0.0,std_0.2,1,0.67,0.2,beta,none
City-A,T4,2x,280.0,S5_CityCalib,routine,M_routine,800,True,1,436.7,242.8,37.2,0.444,0.0,std_0.2,1,0.67,0.2,beta,none
City-A,T4,2x,280.0,S5_CityCalib,cross_regime,M_stress,800,True,1,436.7,101.5,178.5,0.7676,0.0,std_0.2,1,0.67,0.2,beta,none
City-A,T4,2x,280.0,S6_Q10,routine,M_routine,800,True,2,497.8,661.7,0.0,0.0,1.0,std_0.2,1,0.67,0.2,beta,none
City-A,T4,2x,280.0,S6_Q10,cross_regime,M_stress,800,True,2,497.8,289.4,0.0,0.4186,1.0,std_0.2,1,0.67,0.2,beta,none
City-A,T4,5x,700.0,S0a_RoutineOracle,routine,M_routine,800,True,2,910.1,910.1,0.0,0.0,1.0,std_0.2,1,0.67,0.2,beta,none
City-A,T4,5x,700.0,S0a_RoutineOracle,cross_regime,M_stress,800,True,2,910.1,625.8,74.2,0.3124,0.0,std_0.2,1,0.67,0.2,beta,none
City-A,T4,5x,700.0,S0b_StressOracle,routine,M_routine,800,True,3,946.8,1154.4,0.0,0.0,1.0,std_0.2,1,0.67,0.2,beta,none
City-A,T4,5x,700.0,S0b_StressOracle,cross_regime,M_stress,800,True,3,946.8,946.8,0.0,0.0,1.0,std_0.2,1,0.67,0.2,beta,none
City-A,T4,5x,700.0,S1_CapRR,routine,M_routine,800,True,2,1293.4,661.7,38.3,0.4884,0.0,std_0.2,1,0.67,0.2,beta,none
City-A,T4,5x,700.0,S1_CapRR,cross_regime,M_stress,800,True,2,1293.4,289.4,410.6,0.7762,0.0,std_0.2,1,0.67,0.2,beta,none
City-A,T4,5x,700.0,S2_Platform,routine,M_routine,800,True,3,870.0,869.5,0.0,0.0007,1.0,std_0.2,1,0.67,0.2,beta,none
City-A,T4,5x,700.0,S2_Platform,cross_regime,M_stress,800,True,3,870.0,379.4,320.6,0.564,0.0,std_0.2,1,0.67,0.2,beta,none
City-A,T4,5x,700.0,S3_Lin4,routine,M_routine,800,True,2,868.7,645.7,54.3,0.2568,0.0,std_0.2,1,0.67,0.2,beta,none
City-A,T4,5x,700.0,S3_Lin4,cross_regime,M_stress,800,True,2,868.7,254.0,446.0,0.7076,0.0,std_0.2,1,0.67,0.2,beta,none
City-A,T4,5x,700.0,S4_GlobalCalib,routine,M_routine,800,True,2,858.0,661.7,38.3,0.2289,0.0,std_0.2,1,0.67,0.2,beta,none
City-A,T4,5x,700.0,S4_GlobalCalib,cross_regime,M_stress,800,True,2,858.0,289.4,410.6,0.6627,0.0,std_0.2,1,0.67,0.2,beta,none
City-A,T4,5x,700.0,S5_CityCalib,routine,M_routine,800,True,2,833.3,661.7,38.3,0.206,0.0,std_0.2,1,0.67,0.2,beta,none
City-A,T4,5x,700.0,S5_CityCalib,cross_regime,M_stress,800,True,2,833.3,289.4,410.6,0.6527,0.0,std_0.2,1,0.67,0.2,beta,none
City-A,T4,5x,700.0,S6_Q10,routine,M_routine,800,True,3,727.3,1064.5,0.0,0.0,1.0,std_0.2,1,0.67,0.2,beta,none
City-A,T4,5x,700.0,S6_Q10,cross_regime,M_stress,800,True,3,727.3,442.0,258.0,0.3924,0.0,std_0.2,1,0.67,0.2,beta,none
City-A,T4,10x,1400.0,S0a_RoutineOracle,routine,M_routine,800,True,4,1756.3,1756.3,0.0,0.0,1.0,std_0.2,1,0.67,0.2,beta,none
City-A,T4,10x,1400.0,S0a_RoutineOracle,cross_regime,M_stress,800,True,4,1756.3,1105.7,294.3,0.3704,0.0,std_0.2,1,0.67,0.2,beta,none
City-A,T4,10x,1400.0,S0b_StressOracle,routine,M_routine,800,True,5,1503.7,1763.7,0.0,0.0,1.0,std_0.2,1,0.67,0.2,beta,none
City-A,T4,10x,1400.0,S0b_StressOracle,cross_regime,M_stress,800,True,5,1503.7,1503.7,0.0,0.0,1.0,std_0.2,1,0.67,0.2,beta,none
City-A,T4,10x,1400.0,S1_CapRR,routine,M_routine,800,True,3,1889.7,1064.5,335.5,0.4367,0.0,std_0.2,1,0.67,0.2,beta,none
City-A,T4,10x,1400.0,S1_CapRR,cross_regime,M_stress,800,True,3,1889.7,442.0,958.0,0.7661,0.0,std_0.2,1,0.67,0.2,beta,none
City-A,T4,10x,1400.0,S2_Platform,routine,M_routine,800,True,5,1424.2,1568.8,0.0,0.0,1.0,std_0.2,1,0.67,0.2,beta,none
City-A,T4,10x,1400.0,S2_Platform,cross_regime,M_stress,800,True,5,1424.2,895.2,504.8,0.3714,0.0,std_0.2,1,0.67,0.2,beta,none
City-A,T4,10x,1400.0,S3_Lin4,routine,M_routine,800,True,4,1604.1,1336.2,63.8,0.167,0.0,std_0.2,1,0.67,0.2,beta,none
City-A,T4,10x,1400.0,S3_Lin4,cross_regime,M_stress,800,True,4,1604.1,553.3,846.7,0.6551,0.0,std_0.2,1,0.67,0.2,beta,none
City-A,T4,10x,1400.0,S4_GlobalCalib,routine,M_routine,800,True,4,1640.0,1312.0,88.0,0.2,0.0,std_0.2,1,0.67,0.2,beta,none
City-A,T4,10x,1400.0,S4_GlobalCalib,cross_regime,M_stress,800,True,4,1640.0,724.4,675.6,0.5583,0.0,std_0.2,1,0.67,0.2,beta,none
City-A,T4,10x,1400.0,S5_CityCalib,routine,M_routine,800,True,4,1593.6,1312.0,88.0,0.1767,0.0,std_0.2,1,0.67,0.2,beta,none
City-A,T4,10x,1400.0,S5_CityCalib,cross_regime,M_stress,800,True,4,1593.6,724.4,675.6,0.5454,0.0,std_0.2,1,0.67,0.2,beta,none
City-A,T4,10x,1400.0,S6_Q10,routine,M_routine,800,True,7,1573.4,2263.5,0.0,0.0,1.0,std_0.2,1,0.67,0.2,beta,none
City-A,T4,10x,1400.0,S6_Q10,cross_regime,M_stress,800,True,7,1573.4,1225.3,174.7,0.2213,0.0,std_0.2,1,0.67,0.2,beta,none
City-A,T5,1x,160.0,S0a_RoutineOracle,routine,M_routine,800,True,1,410.8,410.8,0.0,0.0,1.0,std_0.2,1,0.67,0.2,beta,none
City-A,T5,1x,160.0,S0a_RoutineOracle,cross_regime,M_stress,800,True,1,410.8,152.3,7.7,0.6291,0.0,std_0.2,1,0.67,0.2,beta,none
City-A,T5,1x,160.0,S0b_StressOracle,routine,M_routine,800,True,1,374.9,395.1,0.0,0.0,1.0,std_0.2,1,0.67,0.2,beta,none
City-A,T5,1x,160.0,S0b_StressOracle,cross_regime,M_stress,800,True,1,374.9,374.9,0.0,0.0,1.0,std_0.2,1,0.67,0.2,beta,none
City-A,T5,1x,160.0,S1_CapRR,routine,M_routine,800,True,1,596.8,395.1,0.0,0.338,1.0,std_0.2,1,0.67,0.2,beta,none
City-A,T5,1x,160.0,S1_CapRR,cross_regime,M_stress,800,True,1,596.8,374.9,0.0,0.3717,1.0,std_0.2,1,0.67,0.2,beta,none
City-A,T5,1x,160.0,S2_Platform,routine,M_routine,800,True,1,485.5,395.1,0.0,0.1863,1.0,std_0.2,1,0.67,0.2,beta,none
City-A,T5,1x,160.0,S2_Platform,cross_regime,M_stress,800,True,1,485.5,374.9,0.0,0.2277,1.0,std_0.2,1,0.67,0.2,beta,none
City-A,T5,1x,160.0,S3_Lin4,routine,M_routine,800,True,1,488.1,395.1,0.0,0.1907,1.0,std_0.2,1,0.67,0.2,beta,none
City-A,T5,1x,160.0,S3_Lin4,cross_regime,M_stress,800,True,1,488.1,374.9,0.0,0.2319,1.0,std_0.2,1,0.67,0.2,beta,none
City-A,T5,1x,160.0,S4_GlobalCalib,routine,M_routine,800,True,1,397.9,395.1,0.0,0.0071,1.0,std_0.2,1,0.67,0.2,beta,none
City-A,T5,1x,160.0,S4_GlobalCalib,cross_regime,M_stress,800,True,1,397.9,374.9,0.0,0.0576,1.0,std_0.2,1,0.67,0.2,beta,none
City-A,T5,1x,160.0,S5_CityCalib,routine,M_routine,800,True,1,387.3,395.1,0.0,0.0,1.0,std_0.2,1,0.67,0.2,beta,none
City-A,T5,1x,160.0,S5_CityCalib,cross_regime,M_stress,800,True,1,387.3,374.9,0.0,0.032,1.0,std_0.2,1,0.67,0.2,beta,none
City-A,T5,1x,160.0,S6_Q10,routine,M_routine,800,True,1,233.2,395.1,0.0,0.0,1.0,std_0.2,1,0.67,0.2,beta,none
City-A,T5,1x,160.0,S6_Q10,cross_regime,M_stress,800,True,1,233.2,374.9,0.0,0.0,1.0,std_0.2,1,0.67,0.2,beta,none
City-A,T5,2x,320.0,S0a_RoutineOracle,routine,M_routine,800,True,1,410.8,410.8,0.0,0.0,1.0,std_0.2,1,0.67,0.2,beta,none
City-A,T5,2x,320.0,S0a_RoutineOracle,cross_regime,M_stress,800,True,1,410.8,152.3,167.7,0.6291,0.0,std_0.2,1,0.67,0.2,beta,none
City-A,T5,2x,320.0,S0b_StressOracle,routine,M_routine,800,True,1,374.9,395.1,0.0,0.0,1.0,std_0.2,1,0.67,0.2,beta,none
City-A,T5,2x,320.0,S0b_StressOracle,cross_regime,M_stress,800,True,1,374.9,374.9,0.0,0.0,1.0,std_0.2,1,0.67,0.2,beta,none
City-A,T5,2x,320.0,S1_CapRR,routine,M_routine,800,True,1,596.8,395.1,0.0,0.338,1.0,std_0.2,1,0.67,0.2,beta,none
City-A,T5,2x,320.0,S1_CapRR,cross_regime,M_stress,800,True,1,596.8,374.9,0.0,0.3717,1.0,std_0.2,1,0.67,0.2,beta,none
City-A,T5,2x,320.0,S2_Platform,routine,M_routine,800,True,1,485.5,395.1,0.0,0.1863,1.0,std_0.2,1,0.67,0.2,beta,none
City-A,T5,2x,320.0,S2_Platform,cross_regime,M_stress,800,True,1,485.5,374.9,0.0,0.2277,1.0,std_0.2,1,0.67,0.2,beta,none
City-A,T5,2x,320.0,S3_Lin4,routine,M_routine,800,True,1,488.1,395.1,0.0,0.1907,1.0,std_0.2,1,0.67,0.2,beta,none
City-A,T5,2x,320.0,S3_Lin4,cross_regime,M_stress,800,True,1,488.1,374.9,0.0,0.2319,1.0,std_0.2,1,0.67,0.2,beta,none
City-A,T5,2x,320.0,S4_GlobalCalib,routine,M_routine,800,True,1,397.9,395.1,0.0,0.0071,1.0,std_0.2,1,0.67,0.2,beta,none
City-A,T5,2x,320.0,S4_GlobalCalib,cross_regime,M_stress,800,True,1,397.9,374.9,0.0,0.0576,1.0,std_0.2,1,0.67,0.2,beta,none
City-A,T5,2x,320.0,S5_CityCalib,routine,M_routine,800,True,1,387.3,395.1,0.0,0.0,1.0,std_0.2,1,0.67,0.2,beta,none
City-A,T5,2x,320.0,S5_CityCalib,cross_regime,M_stress,800,True,1,387.3,374.9,0.0,0.032,1.0,std_0.2,1,0.67,0.2,beta,none
City-A,T5,2x,320.0,S6_Q10,routine,M_routine,800,True,2,444.7,711.3,0.0,0.0,1.0,std_0.2,1,0.67,0.2,beta,none
City-A,T5,2x,320.0,S6_Q10,cross_regime,M_stress,800,True,2,444.7,461.1,0.0,0.0,1.0,std_0.2,1,0.67,0.2,beta,none
City-A,T5,5x,800.0,S0a_RoutineOracle,routine,M_routine,800,True,2,805.8,805.8,0.0,0.0,1.0,std_0.2,1,0.67,0.2,beta,none
City-A,T5,5x,800.0,S0a_RoutineOracle,cross_regime,M_stress,800,True,2,805.8,527.3,272.7,0.3457,0.0,std_0.2,1,0.67,0.2,beta,none
City-A,T5,5x,800.0,S0b_StressOracle,routine,M_routine,800,True,3,939.3,878.5,0.0,0.0647,1.0,std_0.2,1,0.67,0.2,beta,none
City-A,T5,5x,800.0,S0b_StressOracle,cross_regime,M_stress,800,True,3,939.3,939.3,0.0,0.0,1.0,std_0.2,1,0.67,0.2,beta,none
City-A,T5,5x,800.0,S1_CapRR,routine,M_routine,800,True,2,1138.1,711.3,88.7,0.375,0.0,std_0.2,1,0.67,0.2,beta,none
City-A,T5,5x,800.0,S1_CapRR,cross_regime,M_stress,800,True,2,1138.1,461.1,338.9,0.5949,0.0,std_0.2,1,0.67,0.2,beta,none
City-A,T5,5x,800.0,S2_Platform,routine,M_routine,800,True,2,897.6,677.2,122.8,0.2455,0.0,std_0.2,1,0.67,0.2,beta,none
City-A,T5,5x,800.0,S2_Platform,cross_regime,M_stress,800,True,2,897.6,500.9,299.1,0.4419,0.0,std_0.2,1,0.67,0.2,beta,none
City-A,T5,5x,800.0,S3_Lin4,routine,M_routine,800,True,2,866.0,722.6,77.4,0.1656,0.0,std_0.2,1,0.67,0.2,beta,none
City-A,T5,5x,800.0,S3_Lin4,cross_regime,M_stress,800,True,2,866.0,668.5,131.5,0.2281,0.0,std_0.2,1,0.67,0.2,beta,none
City-A,T5,5x,800.0,S4_GlobalCalib,routine,M_routine,800,True,3,1108.5,1038.8,0.0,0.0629,1.0,std_0.2,1,0.67,0.2,beta,none
City-A,T5,5x,800.0,S4_GlobalCalib,cross_regime,M_stress,800,True,3,1108.5,754.6,45.4,0.3193,0.0,std_0.2,1,0.67,0.2,beta,none
City-A,T5,5x,800.0,S5_CityCalib,routine,M_routine,800,True,3,1080.1,1038.8,0.0,0.0382,1.0,std_0.2,1,0.67,0.2,beta,none
City-A,T5,5x,800.0,S5_CityCalib,cross_regime,M_stress,800,True,3,1080.1,754.6,45.4,0.3014,0.0,std_0.2,1,0.67,0.2,beta,none
City-A,T5,5x,800.0,S6_Q10,routine,M_routine,800,True,4,850.0,1194.7,0.0,0.0,1.0,std_0.2,1,0.67,0.2,beta,none
City-A,T5,5x,800.0,S6_Q10,cross_regime,M_stress,800,True,4,850.0,1025.4,0.0,0.0,1.0,std_0.2,1,0.67,0.2,beta,none
City-A,T5,10x,1600.0,S0a_RoutineOracle,routine,M_routine,800,True,5,1893.9,1893.9,0.0,0.0,1.0,std_0.2,1,0.67,0.2,beta,none
City-A,T5,10x,1600.0,S0a_RoutineOracle,cross_regime,M_stress,800,True,5,1893.9,1010.0,590.0,0.4667,0.0,std_0.2,1,0.67,0.2,beta,none
City-A,T5,10x,1600.0,S0b_StressOracle,routine,M_routine,800,True,6,1708.1,1652.8,0.0,0.0324,1.0,std_0.2,1,0.67,0.2,beta,none
City-A,T5,10x,1600.0,S0b_StressOracle,cross_regime,M_stress,800,True,6,1708.1,1708.1,0.0,0.0,1.0,std_0.2,1,0.67,0.2,beta,none
City-A,T5,10x,1600.0,S1_CapRR,routine,M_routine,800,True,3,1662.9,1038.8,561.2,0.3753,0.0,std_0.2,1,0.67,0.2,beta,none
City-A,T5,10x,1600.0,S1_CapRR,cross_regime,M_stress,800,True,3,1662.9,754.6,845.4,0.5462,0.0,std_0.2,1,0.67,0.2,beta,none
City-A,T5,10x,1600.0,S2_Platform,routine,M_routine,800,True,4,1696.8,1160.7,439.3,0.316,0.0,std_0.2,1,0.67,0.2,beta,none
City-A,T5,10x,1600.0,S2_Platform,cross_regime,M_stress,800,True,4,1696.8,1065.3,534.7,0.3722,0.0,std_0.2,1,0.67,0.2,beta,none
City-A,T5,10x,1600.0,S3_Lin4,routine,M_routine,800,True,5,1932.9,1456.6,143.4,0.2464,0.0,std_0.2,1,0.67,0.2,beta,none
City-A,T5,10x,1600.0,S3_Lin4,cross_regime,M_stress,800,True,5,1932.9,1268.8,331.2,0.3436,0.0,std_0.2,1,0.67,0.2,beta,none
City-A,T5,10x,1600.0,S4_GlobalCalib,routine,M_routine,800,True,5,1781.6,1476.9,123.1,0.1711,0.0,std_0.2,1,0.67,0.2,beta,none
City-A,T5,10x,1600.0,S4_GlobalCalib,cross_regime,M_stress,800,True,5,1781.6,1151.4,448.6,0.3537,0.0,std_0.2,1,0.67,0.2,beta,none
City-A,T5,10x,1600.0,S5_CityCalib,routine,M_routine,800,True,5,1736.7,1476.9,123.1,0.1496,0.0,std_0.2,1,0.67,0.2,beta,none
City-A,T5,10x,1600.0,S5_CityCalib,cross_regime,M_stress,800,True,5,1736.7,1151.4,448.6,0.337,0.0,std_0.2,1,0.67,0.2,beta,none
City-A,T5,10x,1600.0,S6_Q10,routine,M_routine,800,True,9,1758.2,2862.7,0.0,0.0,1.0,std_0.2,1,0.67,0.2,beta,none
City-A,T5,10x,1600.0,S6_Q10,cross_regime,M_stress,800,True,9,1758.2,2038.5,0.0,0.0,1.0,std_0.2,1,0.67,0.2,beta,none
City-B,T1,1x,180.0,S0a_RoutineOracle,routine,M_routine,500,True,1,737.0,737.0,0.0,0.0,1.0,std_0.2,1,0.67,0.2,beta,none
City-B,T1,1x,180.0,S0a_RoutineOracle,cross_regime,M_stress,500,True,1,737.0,410.8,0.0,0.4425,1.0,std_0.2,1,0.67,0.2,beta,none
City-B,T1,1x,180.0,S0b_StressOracle,routine,M_routine,500,True,1,472.7,678.3,0.0,0.0,1.0,std_0.2,1,0.67,0.2,beta,none
City-B,T1,1x,180.0,S0b_StressOracle,cross_regime,M_stress,500,True,1,472.7,472.7,0.0,0.0,1.0,std_0.2,1,0.67,0.2,beta,none
City-B,T1,1x,180.0,S1_CapRR,routine,M_routine,500,True,1,846.0,737.0,0.0,0.1289,1.0,std_0.2,1,0.67,0.2,beta,none
City-B,T1,1x,180.0,S1_CapRR,cross_regime,M_stress,500,True,1,846.0,410.8,0.0,0.5144,1.0,std_0.2,1,0.67,0.2,beta,none
City-B,T1,1x,180.0,S2_Platform,routine,M_routine,500,True,1,561.1,678.3,0.0,0.0,1.0,std_0.2,1,0.67,0.2,beta,none
City-B,T1,1x,180.0,S2_Platform,cross_regime,M_stress,500,True,1,561.1,472.7,0.0,0.1576,1.0,std_0.2,1,0.67,0.2,beta,none
City-B,T1,1x,180.0,S3_Lin4,routine,M_routine,500,True,1,467.2,416.5,0.0,0.1084,1.0,std_0.2,1,0.67,0.2,beta,none
City-B,T1,1x,180.0,S3_Lin4,cross_regime,M_stress,500,True,1,467.2,213.7,0.0,0.5427,1.0,std_0.2,1,0.67,0.2,beta,none
City-B,T1,1x,180.0,S4_GlobalCalib,routine,M_routine,500,True,1,569.4,737.0,0.0,0.0,1.0,std_0.2,1,0.67,0.2,beta,none
City-B,T1,1x,180.0,S4_GlobalCalib,cross_regime,M_stress,500,True,1,569.4,410.8,0.0,0.2784,1.0,std_0.2,1,0.67,0.2,beta,none
City-B,T1,1x,180.0,S5_CityCalib,routine,M_routine,500,True,1,585.5,737.0,0.0,0.0,1.0,std_0.2,1,0.67,0.2,beta,none
City-B,T1,1x,180.0,S5_CityCalib,cross_regime,M_stress,500,True,1,585.5,410.8,0.0,0.2983,1.0,std_0.2,1,0.67,0.2,beta,none
City-B,T1,1x,180.0,S6_Q10,routine,M_routine,500,True,1,326.6,737.0,0.0,0.0,1.0,std_0.2,1,0.67,0.2,beta,none
City-B,T1,1x,180.0,S6_Q10,cross_regime,M_stress,500,True,1,326.6,410.8,0.0,0.0,1.0,std_0.2,1,0.67,0.2,beta,none
City-B,T1,2x,360.0,S0a_RoutineOracle,routine,M_routine,500,True,1,737.0,737.0,0.0,0.0,1.0,std_0.2,1,0.67,0.2,beta,none
City-B,T1,2x,360.0,S0a_RoutineOracle,cross_regime,M_stress,500,True,1,737.0,410.8,0.0,0.4425,1.0,std_0.2,1,0.67,0.2,beta,none
City-B,T1,2x,360.0,S0b_StressOracle,routine,M_routine,500,True,1,472.7,678.3,0.0,0.0,1.0,std_0.2,1,0.67,0.2,beta,none
City-B,T1,2x,360.0,S0b_StressOracle,cross_regime,M_stress,500,True,1,472.7,472.7,0.0,0.0,1.0,std_0.2,1,0.67,0.2,beta,none
City-B,T1,2x,360.0,S1_CapRR,routine,M_routine,500,True,1,846.0,737.0,0.0,0.1289,1.0,std_0.2,1,0.67,0.2,beta,none
City-B,T1,2x,360.0,S1_CapRR,cross_regime,M_stress,500,True,1,846.0,410.8,0.0,0.5144,1.0,std_0.2,1,0.67,0.2,beta,none
City-B,T1,2x,360.0,S2_Platform,routine,M_routine,500,True,1,561.1,678.3,0.0,0.0,1.0,std_0.2,1,0.67,0.2,beta,none
City-B,T1,2x,360.0,S2_Platform,cross_regime,M_stress,500,True,1,561.1,472.7,0.0,0.1576,1.0,std_0.2,1,0.67,0.2,beta,none
City-B,T1,2x,360.0,S3_Lin4,routine,M_routine,500,True,1,467.2,416.5,0.0,0.1084,1.0,std_0.2,1,0.67,0.2,beta,none
City-B,T1,2x,360.0,S3_Lin4,cross_regime,M_stress,500,True,1,467.2,213.7,146.3,0.5427,0.0,std_0.2,1,0.67,0.2,beta,none
City-B,T1,2x,360.0,S4_GlobalCalib,routine,M_routine,500,True,1,569.4,737.0,0.0,0.0,1.0,std_0.2,1,0.67,0.2,beta,none
City-B,T1,2x,360.0,S4_GlobalCalib,cross_regime,M_stress,500,True,1,569.4,410.8,0.0,0.2784,1.0,std_0.2,1,0.67,0.2,beta,none
City-B,T1,2x,360.0,S5_CityCalib,routine,M_routine,500,True,1,585.5,737.0,0.0,0.0,1.0,std_0.2,1,0.67,0.2,beta,none
City-B,T1,2x,360.0,S5_CityCalib,cross_regime,M_stress,500,True,1,585.5,410.8,0.0,0.2983,1.0,std_0.2,1,0.67,0.2,beta,none
City-B,T1,2x,360.0,S6_Q10,routine,M_routine,500,True,2,651.6,1304.0,0.0,0.0,1.0,std_0.2,1,0.67,0.2,beta,none
City-B,T1,2x,360.0,S6_Q10,cross_regime,M_stress,500,True,2,651.6,860.7,0.0,0.0,1.0,std_0.2,1,0.67,0.2,beta,none
City-B,T1,5x,900.0,S0a_RoutineOracle,routine,M_routine,500,True,2,1421.7,1421.7,0.0,0.0,1.0,std_0.2,1,0.67,0.2,beta,none
City-B,T1,5x,900.0,S0a_RoutineOracle,cross_regime,M_stress,500,True,2,1421.7,683.2,216.8,0.5194,0.0,std_0.2,1,0.67,0.2,beta,none
City-B,T1,5x,900.0,S0b_StressOracle,routine,M_routine,500,True,2,922.5,1245.3,0.0,0.0,1.0,std_0.2,1,0.67,0.2,beta,none
City-B,T1,5x,900.0,S0b_StressOracle,cross_regime,M_stress,500,True,2,922.5,922.5,0.0,0.0,1.0,std_0.2,1,0.67,0.2,beta,none
City-B,T1,5x,900.0,S1_CapRR,routine,M_routine,500,True,2,1688.0,1304.0,0.0,0.2275,1.0,std_0.2,1,0.67,0.2,beta,none
City-B,T1,5x,900.0,S1_CapRR,cross_regime,M_stress,500,True,2,1688.0,860.7,39.3,0.4901,0.0,std_0.2,1,0.67,0.2,beta,none
City-B,T1,5x,900.0,S2_Platform,routine,M_routine,500,True,2,1112.3,1094.8,0.0,0.0157,1.0,std_0.2,1,0.67,0.2,beta,none
City-B,T1,5x,900.0,S2_Platform,cross_regime,M_stress,500,True,2,1112.3,686.4,213.6,0.383,0.0,std_0.2,1,0.67,0.2,beta,none
City-B,T1,5x,900.0,S3_Lin4,routine,M_routine,500,True,2,928.2,1094.8,0.0,0.0,1.0,std_0.2,1,0.67,0.2,beta,none
City-B,T1,5x,900.0,S3_Lin4,cross_regime,M_stress,500,True,2,928.2,686.4,213.6,0.2606,0.0,std_0.2,1,0.67,0.2,beta,none
City-B,T1,5x,900.0,S4_GlobalCalib,routine,M_routine,500,True,2,1136.0,1304.0,0.0,0.0,1.0,std_0.2,1,0.67,0.2,beta,none
City-B,T1,5x,900.0,S4_GlobalCalib,cross_regime,M_stress,500,True,2,1136.0,860.7,39.3,0.2424,0.0,std_0.2,1,0.67,0.2,beta,none
City-B,T1,5x,900.0,S5_CityCalib,routine,M_routine,500,True,2,1168.2,1304.0,0.0,0.0,1.0,std_0.2,1,0.67,0.2,beta,none
City-B,T1,5x,900.0,S5_CityCalib,cross_regime,M_stress,500,True,2,1168.2,860.7,39.3,0.2633,0.0,std_0.2,1,0.67,0.2,beta,none
City-B,T1,5x,900.0,S6_Q10,routine,M_routine,500,True,3,966.7,1720.5,0.0,0.0,1.0,std_0.2,1,0.67,0.2,beta,none
City-B,T1,5x,900.0,S6_Q10,cross_regime,M_stress,500,True,3,966.7,1074.3,0.0,0.0,1.0,std_0.2,1,0.67,0.2,beta,none
City-B,T1,10x,1800.0,S0a_RoutineOracle,routine,M_routine,500,True,3,2100.0,2100.0,0.0,0.0,1.0,std_0.2,1,0.67,0.2,beta,none
City-B,T1,10x,1800.0,S0a_RoutineOracle,cross_regime,M_stress,500,True,3,2100.0,1155.9,644.1,0.4496,0.0,std_0.2,1,0.67,0.2,beta,none
City-B,T1,10x,1800.0,S0b_StressOracle,routine,M_routine,500,True,5,1946.5,2466.5,0.0,0.0,1.0,std_0.2,1,0.67,0.2,beta,none
City-B,T1,10x,1800.0,S0b_StressOracle,cross_regime,M_stress,500,True,5,1946.5,1946.5,0.0,0.0,1.0,std_0.2,1,0.67,0.2,beta,none
City-B,T1,10x,1800.0,S1_CapRR,routine,M_routine,500,True,3,2504.5,1720.5,79.5,0.313,0.0,std_0.2,1,0.67,0.2,beta,none
City-B,T1,10x,1800.0,S1_CapRR,cross_regime,M_stress,500,True,3,2504.5,1074.3,725.7,0.571,0.0,std_0.2,1,0.67,0.2,beta,none
City-B,T1,10x,1800.0,S2_Platform,routine,M_routine,500,True,4,2163.2,2398.8,0.0,0.0,1.0,std_0.2,1,0.67,0.2,beta,none
City-B,T1,10x,1800.0,S2_Platform,cross_regime,M_stress,500,True,4,2163.2,1547.0,253.0,0.2848,0.0,std_0.2,1,0.67,0.2,beta,none
City-B,T1,10x,1800.0,S3_Lin4,routine,M_routine,500,True,4,1840.0,2398.8,0.0,0.0,1.0,std_0.2,1,0.67,0.2,beta,none
City-B,T1,10x,1800.0,S3_Lin4,cross_regime,M_stress,500,True,4,1840.0,1547.0,253.0,0.1592,0.0,std_0.2,1,0.67,0.2,beta,none
City-B,T1,10x,1800.0,S4_GlobalCalib,routine,M_routine,500,True,4,2222.9,2398.8,0.0,0.0,1.0,std_0.2,1,0.67,0.2,beta,none
City-B,T1,10x,1800.0,S4_GlobalCalib,cross_regime,M_stress,500,True,4,2222.9,1547.0,253.0,0.304,0.0,std_0.2,1,0.67,0.2,beta,none
City-B,T1,10x,1800.0,S5_CityCalib,routine,M_routine,500,True,4,2285.4,2398.8,0.0,0.0,1.0,std_0.2,1,0.67,0.2,beta,none
City-B,T1,10x,1800.0,S5_CityCalib,cross_regime,M_stress,500,True,4,2285.4,1547.0,253.0,0.3231,0.0,std_0.2,1,0.67,0.2,beta,none
City-B,T1,10x,1800.0,S6_Q10,routine,M_routine,500,True,7,2031.3,4190.7,0.0,0.0,1.0,std_0.2,1,0.67,0.2,beta,none
City-B,T1,10x,1800.0,S6_Q10,cross_regime,M_stress,500,True,7,2031.3,2317.6,0.0,0.0,1.0,std_0.2,1,0.67,0.2,beta,none
City-B,T2,1x,260.0,S0a_RoutineOracle,routine,M_routine,500,True,1,727.8,727.8,0.0,0.0,1.0,std_0.2,1,0.67,0.2,beta,none
City-B,T2,1x,260.0,S0a_RoutineOracle,cross_regime,M_stress,500,True,1,727.8,284.6,0.0,0.6089,1.0,std_0.2,1,0.67,0.2,beta,none
City-B,T2,1x,260.0,S0b_StressOracle,routine,M_routine,500,True,1,354.6,626.8,0.0,0.0,1.0,std_0.2,1,0.67,0.2,beta,none
City-B,T2,1x,260.0,S0b_StressOracle,cross_regime,M_stress,500,True,1,354.6,354.6,0.0,0.0,1.0,std_0.2,1,0.67,0.2,beta,none
City-B,T2,1x,260.0,S1_CapRR,routine,M_routine,500,True,1,846.0,354.2,0.0,0.5813,1.0,std_0.2,1,0.67,0.2,beta,none
City-B,T2,1x,260.0,S1_CapRR,cross_regime,M_stress,500,True,1,846.0,130.9,129.1,0.8453,0.0,std_0.2,1,0.67,0.2,beta,none
City-B,T2,1x,260.0,S2_Platform,routine,M_routine,500,True,1,557.0,727.8,0.0,0.0,1.0,std_0.2,1,0.67,0.2,beta,none
City-B,T2,1x,260.0,S2_Platform,cross_regime,M_stress,500,True,1,557.0,284.6,0.0,0.4891,1.0,std_0.2,1,0.67,0.2,beta,none
City-B,T2,1x,260.0,S3_Lin4,routine,M_routine,500,True,1,462.2,583.5,0.0,0.0,1.0,std_0.2,1,0.67,0.2,beta,none
City-B,T2,1x,260.0,S3_Lin4,cross_regime,M_stress,500,True,1,462.2,256.4,3.6,0.4452,0.0,std_0.2,1,0.67,0.2,beta,none
City-B,T2,1x,260.0,S4_GlobalCalib,routine,M_routine,500,True,1,561.6,354.2,0.0,0.3693,1.0,std_0.2,1,0.67,0.2,beta,none
City-B,T2,1x,260.0,S4_GlobalCalib,cross_regime,M_stress,500,True,1,561.6,130.9,129.1,0.7669,0.0,std_0.2,1,0.67,0.2,beta,none
City-B,T2,1x,260.0,S5_CityCalib,routine,M_routine,500,True,1,582.5,354.2,0.0,0.3919,1.0,std_0.2,1,0.67,0.2,beta,none
City-B,T2,1x,260.0,S5_CityCalib,cross_regime,M_stress,500,True,1,582.5,130.9,129.1,0.7753,0.0,std_0.2,1,0.67,0.2,beta,none
City-B,T2,1x,260.0,S6_Q10,routine,M_routine,500,True,1,327.1,354.2,0.0,0.0,1.0,std_0.2,1,0.67,0.2,beta,none
City-B,T2,1x,260.0,S6_Q10,cross_regime,M_stress,500,True,1,327.1,130.9,129.1,0.5997,0.0,std_0.2,1,0.67,0.2,beta,none
City-B,T2,2x,520.0,S0a_RoutineOracle,routine,M_routine,500,True,1,727.8,727.8,0.0,0.0,1.0,std_0.2,1,0.67,0.2,beta,none
City-B,T2,2x,520.0,S0a_RoutineOracle,cross_regime,M_stress,500,True,1,727.8,284.6,235.4,0.6089,0.0,std_0.2,1,0.67,0.2,beta,none
City-B,T2,2x,520.0,S0b_StressOracle,routine,M_routine,500,True,2,709.0,951.7,0.0,0.0,1.0,std_0.2,1,0.67,0.2,beta,none
City-B,T2,2x,520.0,S0b_StressOracle,cross_regime,M_stress,500,True,2,709.0,709.0,0.0,0.0,1.0,std_0.2,1,0.67,0.2,beta,none
City-B,T2,2x,520.0,S1_CapRR,routine,M_routine,500,True,1,846.0,354.2,165.8,0.5813,0.0,std_0.2,1,0.67,0.2,beta,none
City-B,T2,2x,520.0,S1_CapRR,cross_regime,M_stress,500,True,1,846.0,130.9,389.1,0.8453,0.0,std_0.2,1,0.67,0.2,beta,none
City-B,T2,2x,520.0,S2_Platform,routine,M_routine,500,True,1,557.0,727.8,0.0,0.0,1.0,std_0.2,1,0.67,0.2,beta,none
City-B,T2,2x,520.0,S2_Platform,cross_regime,M_stress,500,True,1,557.0,284.6,235.4,0.4891,0.0,std_0.2,1,0.67,0.2,beta,none
City-B,T2,2x,520.0,S3_Lin4,routine,M_routine,500,True,2,918.4,1311.3,0.0,0.0,1.0,std_0.2,1,0.67,0.2,beta,none
City-B,T2,2x,520.0,S3_Lin4,cross_regime,M_stress,500,True,2,918.4,541.1,0.0,0.4109,1.0,std_0.2,1,0.67,0.2,beta,none
City-B,T2,2x,520.0,S4_GlobalCalib,routine,M_routine,500,True,1,561.6,354.2,165.8,0.3693,0.0,std_0.2,1,0.67,0.2,beta,none
City-B,T2,2x,520.0,S4_GlobalCalib,cross_regime,M_stress,500,True,1,561.6,130.9,389.1,0.7669,0.0,std_0.2,1,0.67,0.2,beta,none
City-B,T2,2x,520.0,S5_CityCalib,routine,M_routine,500,True,1,582.5,354.2,165.8,0.3919,0.0,std_0.2,1,0.67,0.2,beta,none
City-B,T2,2x,520.0,S5_CityCalib,cross_regime,M_stress,500,True,1,582.5,130.9,389.1,0.7753,0.0,std_0.2,1,0.67,0.2,beta,none
City-B,T2,2x,520.0,S6_Q10,routine,M_routine,500,True,2,652.6,948.6,0.0,0.0,1.0,std_0.2,1,0.67,0.2,beta,none
City-B,T2,2x,520.0,S6_Q10,cross_regime,M_stress,500,True,2,652.6,446.3,73.7,0.316,0.0,std_0.2,1,0.67,0.2,beta,none
City-B,T2,5x,1300.0,S0a_RoutineOracle,routine,M_routine,500,True,2,1354.7,1354.7,0.0,0.0,1.0,std_0.2,1,0.67,0.2,beta,none
City-B,T2,5x,1300.0,S0a_RoutineOracle,cross_regime,M_stress,500,True,2,1354.7,639.2,660.8,0.5281,0.0,std_0.2,1,0.67,0.2,beta,none
City-B,T2,5x,1300.0,S0b_StressOracle,routine,M_routine,500,True,4,1392.3,1794.9,0.0,0.0,1.0,std_0.2,1,0.67,0.2,beta,none
City-B,T2,5x,1300.0,S0b_StressOracle,cross_regime,M_stress,500,True,4,1392.3,1392.3,0.0,0.0,1.0,std_0.2,1,0.67,0.2,beta,none
City-B,T2,5x,1300.0,S1_CapRR,routine,M_routine,500,True,2,1688.0,948.6,351.4,0.438,0.0,std_0.2,1,0.67,0.2,beta,none
City-B,T2,5x,1300.0,S1_CapRR,cross_regime,M_stress,500,True,2,1688.0,446.3,853.7,0.7356,0.0,std_0.2,1,0.67,0.2,beta,none
City-B,T2,5x,1300.0,S2_Platform,routine,M_routine,500,True,3,1630.3,1905.7,0.0,0.0,1.0,std_0.2,1,0.67,0.2,beta,none
City-B,T2,5x,1300.0,S2_Platform,cross_regime,M_stress,500,True,3,1630.3,856.5,443.5,0.4747,0.0,std_0.2,1,0.67,0.2,beta,none
City-B,T2,5x,1300.0,S3_Lin4,routine,M_routine,500,True,3,1370.5,1665.5,0.0,0.0,1.0,std_0.2,1,0.67,0.2,beta,none
City-B,T2,5x,1300.0,S3_Lin4,cross_regime,M_stress,500,True,3,1370.5,672.0,628.0,0.5097,0.0,std_0.2,1,0.67,0.2,beta,none
City-B,T2,5x,1300.0,S4_GlobalCalib,routine,M_routine,500,True,3,1662.4,1532.1,0.0,0.0784,1.0,std_0.2,1,0.67,0.2,beta,none
City-B,T2,5x,1300.0,S4_GlobalCalib,cross_regime,M_stress,500,True,3,1662.4,702.8,597.2,0.5773,0.0,std_0.2,1,0.67,0.2,beta,none
City-B,T2,5x,1300.0,S5_CityCalib,routine,M_routine,500,True,3,1724.2,1532.1,0.0,0.1114,1.0,std_0.2,1,0.67,0.2,beta,none
City-B,T2,5x,1300.0,S5_CityCalib,cross_regime,M_stress,500,True,3,1724.2,702.8,597.2,0.5924,0.0,std_0.2,1,0.67,0.2,beta,none
City-B,T2,5x,1300.0,S6_Q10,routine,M_routine,500,True,5,1547.2,2872.7,0.0,0.0,1.0,std_0.2,1,0.67,0.2,beta,none
City-B,T2,5x,1300.0,S6_Q10,cross_regime,M_stress,500,True,5,1547.2,1329.6,0.0,0.1406,1.0,std_0.2,1,0.67,0.2,beta,none
City-B,T2,10x,2600.0,S0a_RoutineOracle,routine,M_routine,500,True,5,3145.4,3145.4,0.0,0.0,1.0,std_0.2,1,0.67,0.2,beta,none
City-B,T2,10x,2600.0,S0a_RoutineOracle,cross_regime,M_stress,500,True,5,3145.4,1553.3,1046.7,0.5061,0.0,std_0.2,1,0.67,0.2,beta,none
City-B,T2,10x,2600.0,S0b_StressOracle,routine,M_routine,500,True,9,2867.9,4429.3,0.0,0.0,1.0,std_0.2,1,0.67,0.2,beta,none
City-B,T2,10x,2600.0,S0b_StressOracle,cross_regime,M_stress,500,True,9,2867.9,2867.9,0.0,0.0,1.0,std_0.2,1,0.67,0.2,beta,none
City-B,T2,10x,2600.0,S1_CapRR,routine,M_routine,500,True,4,3303.2,2259.9,340.1,0.3158,0.0,std_0.2,1,0.67,0.2,beta,none
City-B,T2,10x,2600.0,S1_CapRR,cross_regime,M_stress,500,True,4,3303.2,987.4,1612.6,0.7011,0.0,std_0.2,1,0.67,0.2,beta,none
City-B,T2,10x,2600.0,S2_Platform,routine,M_routine,500,True,6,2974.4,3368.2,0.0,0.0,1.0,std_0.2,1,0.67,0.2,beta,none
City-B,T2,10x,2600.0,S2_Platform,cross_regime,M_stress,500,True,6,2974.4,1557.8,1042.2,0.4762,0.0,std_0.2,1,0.67,0.2,beta,none
City-B,T2,10x,2600.0,S3_Lin4,routine,M_routine,500,True,7,2944.3,3995.0,0.0,0.0,1.0,std_0.2,1,0.67,0.2,beta,none
City-B,T2,10x,2600.0,S3_Lin4,cross_regime,M_stress,500,True,7,2944.3,1912.5,687.5,0.3505,0.0,std_0.2,1,0.67,0.2,beta,none
City-B,T2,10x,2600.0,S4_GlobalCalib,routine,M_routine,500,True,5,2656.6,2872.7,0.0,0.0,1.0,std_0.2,1,0.67,0.2,beta,none
City-B,T2,10x,2600.0,S4_GlobalCalib,cross_regime,M_stress,500,True,5,2656.6,1329.6,1270.4,0.4995,0.0,std_0.2,1,0.67,0.2,beta,none
City-B,T2,10x,2600.0,S5_CityCalib,routine,M_routine,500,True,5,2753.7,2872.7,0.0,0.0,1.0,std_0.2,1,0.67,0.2,beta,none
City-B,T2,10x,2600.0,S5_CityCalib,cross_regime,M_stress,500,True,5,2753.7,1329.6,1270.4,0.5172,0.0,std_0.2,1,0.67,0.2,beta,none
City-B,T2,10x,2600.0,S6_Q10,routine,M_routine,500,True,10,2694.8,5120.4,0.0,0.0,1.0,std_0.2,1,0.67,0.2,beta,none
City-B,T2,10x,2600.0,S6_Q10,cross_regime,M_stress,500,True,10,2694.8,2770.1,0.0,0.0,1.0,std_0.2,1,0.67,0.2,beta,none
City-B,T3,1x,200.0,S0a_RoutineOracle,routine,M_routine,500,True,1,689.8,689.8,0.0,0.0,1.0,std_0.2,1,0.67,0.2,beta,none
City-B,T3,1x,200.0,S0a_RoutineOracle,cross_regime,M_stress,500,True,1,689.8,459.8,0.0,0.3334,1.0,std_0.2,1,0.67,0.2,beta,none
City-B,T3,1x,200.0,S0b_StressOracle,routine,M_routine,500,True,1,459.8,689.8,0.0,0.0,1.0,std_0.2,1,0.67,0.2,beta,none
City-B,T3,1x,200.0,S0b_StressOracle,cross_regime,M_stress,500,True,1,459.8,459.8,0.0,0.0,1.0,std_0.2,1,0.67,0.2,beta,none
City-B,T3,1x,200.0,S1_CapRR,routine,M_routine,500,True,1,744.5,563.7,0.0,0.2429,1.0,std_0.2,1,0.67,0.2,beta,none
City-B,T3,1x,200.0,S1_CapRR,cross_regime,M_stress,500,True,1,744.5,308.8,0.0,0.5852,1.0,std_0.2,1,0.67,0.2,beta,none
City-B,T3,1x,200.0,S2_Platform,routine,M_routine,500,True,1,543.2,689.8,0.0,0.0,1.0,std_0.2,1,0.67,0.2,beta,none
City-B,T3,1x,200.0,S2_Platform,cross_regime,M_stress,500,True,1,543.2,459.8,0.0,0.1534,1.0,std_0.2,1,0.67,0.2,beta,none
City-B,T3,1x,200.0,S3_Lin4,routine,M_routine,500,True,1,452.9,645.5,0.0,0.0,1.0,std_0.2,1,0.67,0.2,beta,none
City-B,T3,1x,200.0,S3_Lin4,cross_regime,M_stress,500,True,1,452.9,421.8,0.0,0.0686,1.0,std_0.2,1,0.67,0.2,beta,none
City-B,T3,1x,200.0,S4_GlobalCalib,routine,M_routine,500,True,1,494.1,563.7,0.0,0.0,1.0,std_0.2,1,0.67,0.2,beta,none
City-B,T3,1x,200.0,S4_GlobalCalib,cross_regime,M_stress,500,True,1,494.1,308.8,0.0,0.375,1.0,std_0.2,1,0.67,0.2,beta,none
City-B,T3,1x,200.0,S5_CityCalib,routine,M_routine,500,True,1,506.2,563.7,0.0,0.0,1.0,std_0.2,1,0.67,0.2,beta,none
City-B,T3,1x,200.0,S5_CityCalib,cross_regime,M_stress,500,True,1,506.2,308.8,0.0,0.39,1.0,std_0.2,1,0.67,0.2,beta,none
City-B,T3,1x,200.0,S6_Q10,routine,M_routine,500,True,1,289.0,563.7,0.0,0.0,1.0,std_0.2,1,0.67,0.2,beta,none
City-B,T3,1x,200.0,S6_Q10,cross_regime,M_stress,500,True,1,289.0,308.8,0.0,0.0,1.0,std_0.2,1,0.67,0.2,beta,none
City-B,T3,2x,400.0,S0a_RoutineOracle,routine,M_routine,500,True,1,689.8,689.8,0.0,0.0,1.0,std_0.2,1,0.67,0.2,beta,none
City-B,T3,2x,400.0,S0a_RoutineOracle,cross_regime,M_stress,500,True,1,689.8,459.8,0.0,0.3334,1.0,std_0.2,1,0.67,0.2,beta,none
City-B,T3,2x,400.0,S0b_StressOracle,routine,M_routine,500,True,1,459.8,689.8,0.0,0.0,1.0,std_0.2,1,0.67,0.2,beta,none
City-B,T3,2x,400.0,S0b_StressOracle,cross_regime,M_stress,500,True,1,459.8,459.8,0.0,0.0,1.0,std_0.2,1,0.67,0.2,beta,none
City-B,T3,2x,400.0,S1_CapRR,routine,M_routine,500,True,1,744.5,563.7,0.0,0.2429,1.0,std_0.2,1,0.67,0.2,beta,none
City-B,T3,2x,400.0,S1_CapRR,cross_regime,M_stress,500,True,1,744.5,308.8,91.2,0.5852,0.0,std_0.2,1,0.67,0.2,beta,none
City-B,T3,2x,400.0,S2_Platform,routine,M_routine,500,True,1,543.2,689.8,0.0,0.0,1.0,std_0.2,1,0.67,0.2,beta,none
City-B,T3,2x,400.0,S2_Platform,cross_regime,M_stress,500,True,1,543.2,459.8,0.0,0.1534,1.0,std_0.2,1,0.67,0.2,beta,none
City-B,T3,2x,400.0,S3_Lin4,routine,M_routine,500,True,1,452.9,645.5,0.0,0.0,1.0,std_0.2,1,0.67,0.2,beta,none
City-B,T3,2x,400.0,S3_Lin4,cross_regime,M_stress,500,True,1,452.9,421.8,0.0,0.0686,1.0,std_0.2,1,0.67,0.2,beta,none
City-B,T3,2x,400.0,S4_GlobalCalib,routine,M_routine,500,True,1,494.1,563.7,0.0,0.0,1.0,std_0.2,1,0.67,0.2,beta,none
City-B,T3,2x,400.0,S4_GlobalCalib,cross_regime,M_stress,500,True,1,494.1,308.8,91.2,0.375,0.0,std_0.2,1,0.67,0.2,beta,none
City-B,T3,2x,400.0,S5_CityCalib,routine,M_routine,500,True,1,506.2,563.7,0.0,0.0,1.0,std_0.2,1,0.67,0.2,beta,none
City-B,T3,2x,400.0,S5_CityCalib,cross_regime,M_stress,500,True,1,506.2,308.8,91.2,0.39,0.0,std_0.2,1,0.67,0.2,beta,none
City-B,T3,2x,400.0,S6_Q10,routine,M_routine,500,True,2,576.6,1253.5,0.0,0.0,1.0,std_0.2,1,0.67,0.2,beta,none
City-B,T3,2x,400.0,S6_Q10,cross_regime,M_stress,500,True,2,576.6,768.6,0.0,0.0,1.0,std_0.2,1,0.67,0.2,beta,none
City-B,T3,5x,1000.0,S0a_RoutineOracle,routine,M_routine,500,True,2,1335.4,1335.4,0.0,0.0,1.0,std_0.2,1,0.67,0.2,beta,none
City-B,T3,5x,1000.0,S0a_RoutineOracle,cross_regime,M_stress,500,True,2,1335.4,881.7,118.3,0.3397,0.0,std_0.2,1,0.67,0.2,beta,none
City-B,T3,5x,1000.0,S0b_StressOracle,routine,M_routine,500,True,3,1190.4,1899.0,0.0,0.0,1.0,std_0.2,1,0.67,0.2,beta,none
City-B,T3,5x,1000.0,S0b_StressOracle,cross_regime,M_stress,500,True,3,1190.4,1190.4,0.0,0.0,1.0,std_0.2,1,0.67,0.2,beta,none
City-B,T3,5x,1000.0,S1_CapRR,routine,M_routine,500,True,2,1485.4,1253.5,0.0,0.1561,1.0,std_0.2,1,0.67,0.2,beta,none
City-B,T3,5x,1000.0,S1_CapRR,cross_regime,M_stress,500,True,2,1485.4,768.6,231.4,0.4826,0.0,std_0.2,1,0.67,0.2,beta,none
City-B,T3,5x,1000.0,S2_Platform,routine,M_routine,500,True,2,1048.0,1335.4,0.0,0.0,1.0,std_0.2,1,0.67,0.2,beta,none
City-B,T3,5x,1000.0,S2_Platform,cross_regime,M_stress,500,True,2,1048.0,881.7,118.3,0.1587,0.0,std_0.2,1,0.67,0.2,beta,none
City-B,T3,5x,1000.0,S3_Lin4,routine,M_routine,500,True,3,1339.8,1749.4,0.0,0.0,1.0,std_0.2,1,0.67,0.2,beta,none
City-B,T3,5x,1000.0,S3_Lin4,cross_regime,M_stress,500,True,3,1339.8,885.7,114.3,0.3389,0.0,std_0.2,1,0.67,0.2,beta,none
City-B,T3,5x,1000.0,S4_GlobalCalib,routine,M_routine,500,True,3,1462.6,1899.0,0.0,0.0,1.0,std_0.2,1,0.67,0.2,beta,none
City-B,T3,5x,1000.0,S4_GlobalCalib,cross_regime,M_stress,500,True,3,1462.6,1190.4,0.0,0.1861,1.0,std_0.2,1,0.67,0.2,beta,none
City-B,T3,5x,1000.0,S5_CityCalib,routine,M_routine,500,True,2,1010.0,1253.5,0.0,0.0,1.0,std_0.2,1,0.67,0.2,beta,none
City-B,T3,5x,1000.0,S5_CityCalib,cross_regime,M_stress,500,True,2,1010.0,768.6,231.4,0.239,0.0,std_0.2,1,0.67,0.2,beta,none
City-B,T3,5x,1000.0,S6_Q10,routine,M_routine,500,True,4,1128.4,2439.3,0.0,0.0,1.0,std_0.2,1,0.67,0.2,beta,none
City-B,T3,5x,1000.0,S6_Q10,cross_regime,M_stress,500,True,4,1128.4,1345.5,0.0,0.0,1.0,std_0.2,1,0.67,0.2,beta,none
City-B,T3,10x,2000.0,S0a_RoutineOracle,routine,M_routine,500,True,4,2477.0,2477.0,0.0,0.0,1.0,std_0.2,1,0.67,0.2,beta,none
City-B,T3,10x,2000.0,S0a_RoutineOracle,cross_regime,M_stress,500,True,4,2477.0,1377.1,622.9,0.444,0.0,std_0.2,1,0.67,0.2,beta,none
City-B,T3,10x,2000.0,S0b_StressOracle,routine,M_routine,500,True,6,2039.3,2978.6,0.0,0.0,1.0,std_0.2,1,0.67,0.2,beta,none
City-B,T3,10x,2000.0,S0b_StressOracle,cross_regime,M_stress,500,True,6,2039.3,2039.3,0.0,0.0,1.0,std_0.2,1,0.67,0.2,beta,none
City-B,T3,10x,2000.0,S1_CapRR,routine,M_routine,500,True,3,2203.9,1899.0,101.0,0.1383,0.0,std_0.2,1,0.67,0.2,beta,none
City-B,T3,10x,2000.0,S1_CapRR,cross_regime,M_stress,500,True,3,2203.9,1190.4,809.6,0.4598,0.0,std_0.2,1,0.67,0.2,beta,none
City-B,T3,10x,2000.0,S2_Platform,routine,M_routine,500,True,5,2307.7,2828.7,0.0,0.0,1.0,std_0.2,1,0.67,0.2,beta,none
City-B,T3,10x,2000.0,S2_Platform,cross_regime,M_stress,500,True,5,2307.7,1462.4,537.6,0.3663,0.0,std_0.2,1,0.67,0.2,beta,none
City-B,T3,10x,2000.0,S3_Lin4,routine,M_routine,500,True,5,2151.1,2783.0,0.0,0.0,1.0,std_0.2,1,0.67,0.2,beta,none
City-B,T3,10x,2000.0,S3_Lin4,cross_regime,M_stress,500,True,5,2151.1,1630.4,369.6,0.2421,0.0,std_0.2,1,0.67,0.2,beta,none
City-B,T3,10x,2000.0,S4_GlobalCalib,routine,M_routine,500,True,5,2337.3,3017.3,0.0,0.0,1.0,std_0.2,1,0.67,0.2,beta,none
City-B,T3,10x,2000.0,S4_GlobalCalib,cross_regime,M_stress,500,True,5,2337.3,1532.2,467.8,0.3445,0.0,std_0.2,1,0.67,0.2,beta,none
City-B,T3,10x,2000.0,S5_CityCalib,routine,M_routine,500,True,5,2393.2,3017.3,0.0,0.0,1.0,std_0.2,1,0.67,0.2,beta,none
City-B,T3,10x,2000.0,S5_CityCalib,cross_regime,M_stress,500,True,5,2393.2,1532.2,467.8,0.3598,0.0,std_0.2,1,0.67,0.2,beta,none
City-B,T3,10x,2000.0,S6_Q10,routine,M_routine,500,True,9,2189.7,4459.4,0.0,0.0,1.0,std_0.2,1,0.67,0.2,beta,none
City-B,T3,10x,2000.0,S6_Q10,cross_regime,M_stress,500,True,9,2189.7,2575.9,0.0,0.0,1.0,std_0.2,1,0.67,0.2,beta,none
City-B,T4,1x,140.0,S0a_RoutineOracle,routine,M_routine,500,True,1,750.3,750.3,0.0,0.0,1.0,std_0.2,1,0.67,0.2,beta,none
City-B,T4,1x,140.0,S0a_RoutineOracle,cross_regime,M_stress,500,True,1,750.3,279.4,0.0,0.6277,1.0,std_0.2,1,0.67,0.2,beta,none
City-B,T4,1x,140.0,S0b_StressOracle,routine,M_routine,500,True,1,458.5,305.0,0.0,0.3349,1.0,std_0.2,1,0.67,0.2,beta,none
City-B,T4,1x,140.0,S0b_StressOracle,cross_regime,M_stress,500,True,1,458.5,458.5,0.0,0.0,1.0,std_0.2,1,0.67,0.2,beta,none
City-B,T4,1x,140.0,S1_CapRR,routine,M_routine,500,True,1,846.0,750.3,0.0,0.1131,1.0,std_0.2,1,0.67,0.2,beta,none
City-B,T4,1x,140.0,S1_CapRR,cross_regime,M_stress,500,True,1,846.0,279.4,0.0,0.6698,1.0,std_0.2,1,0.67,0.2,beta,none
City-B,T4,1x,140.0,S2_Platform,routine,M_routine,500,True,1,480.1,750.3,0.0,0.0,1.0,std_0.2,1,0.67,0.2,beta,none
City-B,T4,1x,140.0,S2_Platform,cross_regime,M_stress,500,True,1,480.1,279.4,0.0,0.418,1.0,std_0.2,1,0.67,0.2,beta,none
City-B,T4,1x,140.0,S3_Lin4,routine,M_routine,500,True,1,464.0,305.0,0.0,0.3428,1.0,std_0.2,1,0.67,0.2,beta,none
City-B,T4,1x,140.0,S3_Lin4,cross_regime,M_stress,500,True,1,464.0,458.5,0.0,0.0118,1.0,std_0.2,1,0.67,0.2,beta,none
City-B,T4,1x,140.0,S4_GlobalCalib,routine,M_routine,500,True,1,561.3,750.3,0.0,0.0,1.0,std_0.2,1,0.67,0.2,beta,none
City-B,T4,1x,140.0,S4_GlobalCalib,cross_regime,M_stress,500,True,1,561.3,279.4,0.0,0.5022,1.0,std_0.2,1,0.67,0.2,beta,none
City-B,T4,1x,140.0,S5_CityCalib,routine,M_routine,500,True,1,585.1,750.3,0.0,0.0,1.0,std_0.2,1,0.67,0.2,beta,none
City-B,T4,1x,140.0,S5_CityCalib,cross_regime,M_stress,500,True,1,585.1,279.4,0.0,0.5225,1.0,std_0.2,1,0.67,0.2,beta,none
City-B,T4,1x,140.0,S6_Q10,routine,M_routine,500,True,1,325.6,750.3,0.0,0.0,1.0,std_0.2,1,0.67,0.2,beta,none
City-B,T4,1x,140.0,S6_Q10,cross_regime,M_stress,500,True,1,325.6,279.4,0.0,0.142,1.0,std_0.2,1,0.67,0.2,beta,none
City-B,T4,2x,280.0,S0a_RoutineOracle,routine,M_routine,500,True,1,750.3,750.3,0.0,0.0,1.0,std_0.2,1,0.67,0.2,beta,none
City-B,T4,2x,280.0,S0a_RoutineOracle,cross_regime,M_stress,500,True,1,750.3,279.4,0.6,0.6277,0.0,std_0.2,1,0.67,0.2,beta,none
City-B,T4,2x,280.0,S0b_StressOracle,routine,M_routine,500,True,1,458.5,305.0,0.0,0.3349,1.0,std_0.2,1,0.67,0.2,beta,none
City-B,T4,2x,280.0,S0b_StressOracle,cross_regime,M_stress,500,True,1,458.5,458.5,0.0,0.0,1.0,std_0.2,1,0.67,0.2,beta,none
City-B,T4,2x,280.0,S1_CapRR,routine,M_routine,500,True,1,846.0,750.3,0.0,0.1131,1.0,std_0.2,1,0.67,0.2,beta,none
City-B,T4,2x,280.0,S1_CapRR,cross_regime,M_stress,500,True,1,846.0,279.4,0.6,0.6698,0.0,std_0.2,1,0.67,0.2,beta,none
City-B,T4,2x,280.0,S2_Platform,routine,M_routine,500,True,1,480.1,750.3,0.0,0.0,1.0,std_0.2,1,0.67,0.2,beta,none
City-B,T4,2x,280.0,S2_Platform,cross_regime,M_stress,500,True,1,480.1,279.4,0.6,0.418,0.0,std_0.2,1,0.67,0.2,beta,none
City-B,T4,2x,280.0,S3_Lin4,routine,M_routine,500,True,1,464.0,305.0,0.0,0.3428,1.0,std_0.2,1,0.67,0.2,beta,none
City-B,T4,2x,280.0,S3_Lin4,cross_regime,M_stress,500,True,1,464.0,458.5,0.0,0.0118,1.0,std_0.2,1,0.67,0.2,beta,none
City-B,T4,2x,280.0,S4_GlobalCalib,routine,M_routine,500,True,1,561.3,750.3,0.0,0.0,1.0,std_0.2,1,0.67,0.2,beta,none
City-B,T4,2x,280.0,S4_GlobalCalib,cross_regime,M_stress,500,True,1,561.3,279.4,0.6,0.5022,0.0,std_0.2,1,0.67,0.2,beta,none
City-B,T4,2x,280.0,S5_CityCalib,routine,M_routine,500,True,1,585.1,750.3,0.0,0.0,1.0,std_0.2,1,0.67,0.2,beta,none
City-B,T4,2x,280.0,S5_CityCalib,cross_regime,M_stress,500,True,1,585.1,279.4,0.6,0.5225,0.0,std_0.2,1,0.67,0.2,beta,none
City-B,T4,2x,280.0,S6_Q10,routine,M_routine,500,True,1,325.6,750.3,0.0,0.0,1.0,std_0.2,1,0.67,0.2,beta,none
City-B,T4,2x,280.0,S6_Q10,cross_regime,M_stress,500,True,1,325.6,279.4,0.6,0.142,0.0,std_0.2,1,0.67,0.2,beta,none
City-B,T4,5x,700.0,S0a_RoutineOracle,routine,M_routine,500,True,1,750.3,750.3,0.0,0.0,1.0,std_0.2,1,0.67,0.2,beta,none
City-B,T4,5x,700.0,S0a_RoutineOracle,cross_regime,M_stress,500,True,1,750.3,279.4,420.6,0.6277,0.0,std_0.2,1,0.67,0.2,beta,none
City-B,T4,5x,700.0,S0b_StressOracle,routine,M_routine,500,True,2,876.4,1048.3,0.0,0.0,1.0,std_0.2,1,0.67,0.2,beta,none
City-B,T4,5x,700.0,S0b_StressOracle,cross_regime,M_stress,500,True,2,876.4,876.4,0.0,0.0,1.0,std_0.2,1,0.67,0.2,beta,none
City-B,T4,5x,700.0,S1_CapRR,routine,M_routine,500,True,1,846.0,750.3,0.0,0.1131,1.0,std_0.2,1,0.67,0.2,beta,none
City-B,T4,5x,700.0,S1_CapRR,cross_regime,M_stress,500,True,1,846.0,279.4,420.6,0.6698,0.0,std_0.2,1,0.67,0.2,beta,none
City-B,T4,5x,700.0,S2_Platform,routine,M_routine,500,True,2,912.9,1427.2,0.0,0.0,1.0,std_0.2,1,0.67,0.2,beta,none
City-B,T4,5x,700.0,S2_Platform,cross_regime,M_stress,500,True,2,912.9,626.5,73.5,0.3138,0.0,std_0.2,1,0.67,0.2,beta,none
City-B,T4,5x,700.0,S3_Lin4,routine,M_routine,500,True,2,921.8,981.9,0.0,0.0,1.0,std_0.2,1,0.67,0.2,beta,none
City-B,T4,5x,700.0,S3_Lin4,cross_regime,M_stress,500,True,2,921.8,805.6,0.0,0.1261,1.0,std_0.2,1,0.67,0.2,beta,none
City-B,T4,5x,700.0,S4_GlobalCalib,routine,M_routine,500,True,2,1119.8,1493.7,0.0,0.0,1.0,std_0.2,1,0.67,0.2,beta,none
City-B,T4,5x,700.0,S4_GlobalCalib,cross_regime,M_stress,500,True,2,1119.8,697.3,2.7,0.3774,0.0,std_0.2,1,0.67,0.2,beta,none
City-B,T4,5x,700.0,S5_CityCalib,routine,M_routine,500,True,2,1167.3,1493.7,0.0,0.0,1.0,std_0.2,1,0.67,0.2,beta,none
City-B,T4,5x,700.0,S5_CityCalib,cross_regime,M_stress,500,True,2,1167.3,697.3,2.7,0.4027,0.0,std_0.2,1,0.67,0.2,beta,none
City-B,T4,5x,700.0,S6_Q10,routine,M_routine,500,True,3,964.0,1798.7,0.0,0.0,1.0,std_0.2,1,0.67,0.2,beta,none
City-B,T4,5x,700.0,S6_Q10,cross_regime,M_stress,500,True,3,964.0,1155.8,0.0,0.0,1.0,std_0.2,1,0.67,0.2,beta,none
City-B,T4,10x,1400.0,S0a_RoutineOracle,routine,M_routine,500,True,2,1493.7,1493.7,0.0,0.0,1.0,std_0.2,1,0.67,0.2,beta,none
City-B,T4,10x,1400.0,S0a_RoutineOracle,cross_regime,M_stress,500,True,2,1493.7,697.3,702.7,0.5332,0.0,std_0.2,1,0.67,0.2,beta,none
City-B,T4,10x,1400.0,S0b_StressOracle,routine,M_routine,500,True,4,1605.6,2091.1,0.0,0.0,1.0,std_0.2,1,0.67,0.2,beta,none
City-B,T4,10x,1400.0,S0b_StressOracle,cross_regime,M_stress,500,True,4,1605.6,1605.6,0.0,0.0,1.0,std_0.2,1,0.67,0.2,beta,none
City-B,T4,10x,1400.0,S1_CapRR,routine,M_routine,500,True,2,1688.0,1493.7,0.0,0.1151,1.0,std_0.2,1,0.67,0.2,beta,none
City-B,T4,10x,1400.0,S1_CapRR,cross_regime,M_stress,500,True,2,1688.0,697.3,702.7,0.5869,0.0,std_0.2,1,0.67,0.2,beta,none
City-B,T4,10x,1400.0,S2_Platform,routine,M_routine,500,True,4,1693.5,2237.1,0.0,0.0,1.0,std_0.2,1,0.67,0.2,beta,none
City-B,T4,10x,1400.0,S2_Platform,cross_regime,M_stress,500,True,4,1693.5,1276.7,123.3,0.2461,0.0,std_0.2,1,0.67,0.2,beta,none
City-B,T4,10x,1400.0,S3_Lin4,routine,M_routine,500,True,4,1828.0,2475.6,0.0,0.0,1.0,std_0.2,1,0.67,0.2,beta,none
City-B,T4,10x,1400.0,S3_Lin4,cross_regime,M_stress,500,True,4,1828.0,1502.9,0.0,0.1778,1.0,std_0.2,1,0.67,0.2,beta,none
City-B,T4,10x,1400.0,S4_GlobalCalib,routine,M_routine,500,True,3,1661.6,1798.7,0.0,0.0,1.0,std_0.2,1,0.67,0.2,beta,none
City-B,T4,10x,1400.0,S4_GlobalCalib,cross_regime,M_stress,500,True,3,1661.6,1155.8,244.2,0.3044,0.0,std_0.2,1,0.67,0.2,beta,none
City-B,T4,10x,1400.0,S5_CityCalib,routine,M_routine,500,True,3,1731.7,1798.7,0.0,0.0,1.0,std_0.2,1,0.67,0.2,beta,none
City-B,T4,10x,1400.0,S5_CityCalib,cross_regime,M_stress,500,True,3,1731.7,1155.8,244.2,0.3326,0.0,std_0.2,1,0.67,0.2,beta,none
City-B,T4,10x,1400.0,S6_Q10,routine,M_routine,500,True,5,1540.4,2841.4,0.0,0.0,1.0,std_0.2,1,0.67,0.2,beta,none
City-B,T4,10x,1400.0,S6_Q10,cross_regime,M_stress,500,True,5,1540.4,1885.0,0.0,0.0,1.0,std_0.2,1,0.67,0.2,beta,none
City-B,T5,1x,160.0,S0a_RoutineOracle,routine,M_routine,500,True,1,657.1,657.1,0.0,0.0,1.0,std_0.2,1,0.67,0.2,beta,none
City-B,T5,1x,160.0,S0a_RoutineOracle,cross_regime,M_stress,500,True,1,657.1,363.2,0.0,0.4473,1.0,std_0.2,1,0.67,0.2,beta,none
City-B,T5,1x,160.0,S0b_StressOracle,routine,M_routine,500,True,1,403.7,474.5,0.0,0.0,1.0,std_0.2,1,0.67,0.2,beta,none
City-B,T5,1x,160.0,S0b_StressOracle,cross_regime,M_stress,500,True,1,403.7,403.7,0.0,0.0,1.0,std_0.2,1,0.67,0.2,beta,none
City-B,T5,1x,160.0,S1_CapRR,routine,M_routine,500,True,1,744.5,631.1,0.0,0.1523,1.0,std_0.2,1,0.67,0.2,beta,none
City-B,T5,1x,160.0,S1_CapRR,cross_regime,M_stress,500,True,1,744.5,385.1,0.0,0.4827,1.0,std_0.2,1,0.67,0.2,beta,none
City-B,T5,1x,160.0,S2_Platform,routine,M_routine,500,True,1,553.3,657.1,0.0,0.0,1.0,std_0.2,1,0.67,0.2,beta,none
City-B,T5,1x,160.0,S2_Platform,cross_regime,M_stress,500,True,1,553.3,363.2,0.0,0.3436,1.0,std_0.2,1,0.67,0.2,beta,none
City-B,T5,1x,160.0,S3_Lin4,routine,M_routine,500,True,1,455.1,474.5,0.0,0.0,1.0,std_0.2,1,0.67,0.2,beta,none
City-B,T5,1x,160.0,S3_Lin4,cross_regime,M_stress,500,True,1,455.1,403.7,0.0,0.1129,1.0,std_0.2,1,0.67,0.2,beta,none
City-B,T5,1x,160.0,S4_GlobalCalib,routine,M_routine,500,True,1,496.5,631.1,0.0,0.0,1.0,std_0.2,1,0.67,0.2,beta,none
City-B,T5,1x,160.0,S4_GlobalCalib,cross_regime,M_stress,500,True,1,496.5,385.1,0.0,0.2242,1.0,std_0.2,1,0.67,0.2,beta,none
City-B,T5,1x,160.0,S5_CityCalib,routine,M_routine,500,True,1,507.5,631.1,0.0,0.0,1.0,std_0.2,1,0.67,0.2,beta,none
City-B,T5,1x,160.0,S5_CityCalib,cross_regime,M_stress,500,True,1,507.5,385.1,0.0,0.2411,1.0,std_0.2,1,0.67,0.2,beta,none
City-B,T5,1x,160.0,S6_Q10,routine,M_routine,500,True,1,290.9,631.1,0.0,0.0,1.0,std_0.2,1,0.67,0.2,beta,none
City-B,T5,1x,160.0,S6_Q10,cross_regime,M_stress,500,True,1,290.9,385.1,0.0,0.0,1.0,std_0.2,1,0.67,0.2,beta,none
City-B,T5,2x,320.0,S0a_RoutineOracle,routine,M_routine,500,True,1,657.1,657.1,0.0,0.0,1.0,std_0.2,1,0.67,0.2,beta,none
City-B,T5,2x,320.0,S0a_RoutineOracle,cross_regime,M_stress,500,True,1,657.1,363.2,0.0,0.4473,1.0,std_0.2,1,0.67,0.2,beta,none
City-B,T5,2x,320.0,S0b_StressOracle,routine,M_routine,500,True,1,403.7,474.5,0.0,0.0,1.0,std_0.2,1,0.67,0.2,beta,none
City-B,T5,2x,320.0,S0b_StressOracle,cross_regime,M_stress,500,True,1,403.7,403.7,0.0,0.0,1.0,std_0.2,1,0.67,0.2,beta,none
City-B,T5,2x,320.0,S1_CapRR,routine,M_routine,500,True,1,744.5,631.1,0.0,0.1523,1.0,std_0.2,1,0.67,0.2,beta,none
City-B,T5,2x,320.0,S1_CapRR,cross_regime,M_stress,500,True,1,744.5,385.1,0.0,0.4827,1.0,std_0.2,1,0.67,0.2,beta,none
City-B,T5,2x,320.0,S2_Platform,routine,M_routine,500,True,1,553.3,657.1,0.0,0.0,1.0,std_0.2,1,0.67,0.2,beta,none
City-B,T5,2x,320.0,S2_Platform,cross_regime,M_stress,500,True,1,553.3,363.2,0.0,0.3436,1.0,std_0.2,1,0.67,0.2,beta,none
City-B,T5,2x,320.0,S3_Lin4,routine,M_routine,500,True,1,455.1,474.5,0.0,0.0,1.0,std_0.2,1,0.67,0.2,beta,none
City-B,T5,2x,320.0,S3_Lin4,cross_regime,M_stress,500,True,1,455.1,403.7,0.0,0.1129,1.0,std_0.2,1,0.67,0.2,beta,none
City-B,T5,2x,320.0,S4_GlobalCalib,routine,M_routine,500,True,1,496.5,631.1,0.0,0.0,1.0,std_0.2,1,0.67,0.2,beta,none
City-B,T5,2x,320.0,S4_GlobalCalib,cross_regime,M_stress,500,True,1,496.5,385.1,0.0,0.2242,1.0,std_0.2,1,0.67,0.2,beta,none
City-B,T5,2x,320.0,S5_CityCalib,routine,M_routine,500,True,1,507.5,631.1,0.0,0.0,1.0,std_0.2,1,0.67,0.2,beta,none
City-B,T5,2x,320.0,S5_CityCalib,cross_regime,M_stress,500,True,1,507.5,385.1,0.0,0.2411,1.0,std_0.2,1,0.67,0.2,beta,none
City-B,T5,2x,320.0,S6_Q10,routine,M_routine,500,True,2,580.4,1288.2,0.0,0.0,1.0,std_0.2,1,0.67,0.2,beta,none
City-B,T5,2x,320.0,S6_Q10,cross_regime,M_stress,500,True,2,580.4,748.4,0.0,0.0,1.0,std_0.2,1,0.67,0.2,beta,none
City-B,T5,5x,800.0,S0a_RoutineOracle,routine,M_routine,500,True,2,1288.2,1288.2,0.0,0.0,1.0,std_0.2,1,0.67,0.2,beta,none
City-B,T5,5x,800.0,S0a_RoutineOracle,cross_regime,M_stress,500,True,2,1288.2,748.4,51.6,0.4191,0.0,std_0.2,1,0.67,0.2,beta,none
City-B,T5,5x,800.0,S0b_StressOracle,routine,M_routine,500,True,3,1152.1,1762.7,0.0,0.0,1.0,std_0.2,1,0.67,0.2,beta,none
City-B,T5,5x,800.0,S0b_StressOracle,cross_regime,M_stress,500,True,3,1152.1,1152.1,0.0,0.0,1.0,std_0.2,1,0.67,0.2,beta,none
City-B,T5,5x,800.0,S1_CapRR,routine,M_routine,500,True,2,1485.4,1288.2,0.0,0.1328,1.0,std_0.2,1,0.67,0.2,beta,none
City-B,T5,5x,800.0,S1_CapRR,cross_regime,M_stress,500,True,2,1485.4,748.4,51.6,0.4962,0.0,std_0.2,1,0.67,0.2,beta,none
City-B,T5,5x,800.0,S2_Platform,routine,M_routine,500,True,2,1093.7,1131.6,0.0,0.0,1.0,std_0.2,1,0.67,0.2,beta,none
City-B,T5,5x,800.0,S2_Platform,cross_regime,M_stress,500,True,2,1093.7,766.9,33.1,0.2987,0.0,std_0.2,1,0.67,0.2,beta,none
City-B,T5,5x,800.0,S3_Lin4,routine,M_routine,500,True,2,904.3,854.4,0.0,0.0551,1.0,std_0.2,1,0.67,0.2,beta,none
City-B,T5,5x,800.0,S3_Lin4,cross_regime,M_stress,500,True,2,904.3,639.7,160.3,0.2925,0.0,std_0.2,1,0.67,0.2,beta,none
City-B,T5,5x,800.0,S4_GlobalCalib,routine,M_routine,500,True,2,990.6,1288.2,0.0,0.0,1.0,std_0.2,1,0.67,0.2,beta,none
City-B,T5,5x,800.0,S4_GlobalCalib,cross_regime,M_stress,500,True,2,990.6,748.4,51.6,0.2445,0.0,std_0.2,1,0.67,0.2,beta,none
City-B,T5,5x,800.0,S5_CityCalib,routine,M_routine,500,True,2,1012.6,1288.2,0.0,0.0,1.0,std_0.2,1,0.67,0.2,beta,none
City-B,T5,5x,800.0,S5_CityCalib,cross_regime,M_stress,500,True,2,1012.6,748.4,51.6,0.2609,0.0,std_0.2,1,0.67,0.2,beta,none
City-B,T5,5x,800.0,S6_Q10,routine,M_routine,500,True,3,861.1,1762.7,0.0,0.0,1.0,std_0.2,1,0.67,0.2,beta,none
City-B,T5,5x,800.0,S6_Q10,cross_regime,M_stress,500,True,3,861.1,1152.1,0.0,0.0,1.0,std_0.2,1,0.67,0.2,beta,none
City-B,T5,10x,1600.0,S0a_RoutineOracle,routine,M_routine,500,True,3,1802.1,1802.1,0.0,0.0,1.0,std_0.2,1,0.67,0.2,beta,none
City-B,T5,10x,1600.0,S0a_RoutineOracle,cross_regime,M_stress,500,True,3,1802.1,1026.7,573.3,0.4303,0.0,std_0.2,1,0.67,0.2,beta,none
City-B,T5,10x,1600.0,S0b_StressOracle,routine,M_routine,500,True,5,1821.4,2703.3,0.0,0.0,1.0,std_0.2,1,0.67,0.2,beta,none
City-B,T5,10x,1600.0,S0b_StressOracle,cross_regime,M_stress,500,True,5,1821.4,1821.4,0.0,0.0,1.0,std_0.2,1,0.67,0.2,beta,none
City-B,T5,10x,1600.0,S1_CapRR,routine,M_routine,500,True,3,2203.9,1762.7,0.0,0.2002,1.0,std_0.2,1,0.67,0.2,beta,none
City-B,T5,10x,1600.0,S1_CapRR,cross_regime,M_stress,500,True,3,2203.9,1152.1,447.9,0.4772,0.0,std_0.2,1,0.67,0.2,beta,none
City-B,T5,10x,1600.0,S2_Platform,routine,M_routine,500,True,4,2025.8,2025.5,0.0,0.0002,1.0,std_0.2,1,0.67,0.2,beta,none
City-B,T5,10x,1600.0,S2_Platform,cross_regime,M_stress,500,True,4,2025.8,1281.3,318.7,0.3675,0.0,std_0.2,1,0.67,0.2,beta,none
City-B,T5,10x,1600.0,S3_Lin4,routine,M_routine,500,True,4,1785.5,2142.7,0.0,0.0,1.0,std_0.2,1,0.67,0.2,beta,none
City-B,T5,10x,1600.0,S3_Lin4,cross_regime,M_stress,500,True,4,1785.5,1388.1,211.9,0.2226,0.0,std_0.2,1,0.67,0.2,beta,none
City-B,T5,10x,1600.0,S4_GlobalCalib,routine,M_routine,500,True,4,1938.4,2142.7,0.0,0.0,1.0,std_0.2,1,0.67,0.2,beta,none
City-B,T5,10x,1600.0,S4_GlobalCalib,cross_regime,M_stress,500,True,4,1938.4,1388.1,211.9,0.2839,0.0,std_0.2,1,0.67,0.2,beta,none
City-B,T5,10x,1600.0,S5_CityCalib,routine,M_routine,500,True,4,1980.9,2142.7,0.0,0.0,1.0,std_0.2,1,0.67,0.2,beta,none
City-B,T5,10x,1600.0,S5_CityCalib,cross_regime,M_stress,500,True,4,1980.9,1388.1,211.9,0.2993,0.0,std_0.2,1,0.67,0.2,beta,none
City-B,T5,10x,1600.0,S6_Q10,routine,M_routine,500,True,7,1809.4,3574.9,0.0,0.0,1.0,std_0.2,1,0.67,0.2,beta,none
City-B,T5,10x,1600.0,S6_Q10,cross_regime,M_stress,500,True,7,1809.4,2277.6,0.0,0.0,1.0,std_0.2,1,0.67,0.2,beta,none
City-C,T1,1x,180.0,S0a_RoutineOracle,routine,M_routine,650,True,1,675.1,675.1,0.0,0.0,1.0,std_0.2,1,0.67,0.2,beta,none
City-C,T1,1x,180.0,S0a_RoutineOracle,cross_regime,M_stress,650,True,1,675.1,412.1,0.0,0.3896,1.0,std_0.2,1,0.67,0.2,beta,none
City-C,T1,1x,180.0,S0b_StressOracle,routine,M_routine,650,True,1,412.1,675.1,0.0,0.0,1.0,std_0.2,1,0.67,0.2,beta,none
City-C,T1,1x,180.0,S0b_StressOracle,cross_regime,M_stress,650,True,1,412.1,412.1,0.0,0.0,1.0,std_0.2,1,0.67,0.2,beta,none
City-C,T1,1x,180.0,S1_CapRR,routine,M_routine,650,True,1,737.0,675.1,0.0,0.084,1.0,std_0.2,1,0.67,0.2,beta,none
City-C,T1,1x,180.0,S1_CapRR,cross_regime,M_stress,650,True,1,737.0,412.1,0.0,0.4409,1.0,std_0.2,1,0.67,0.2,beta,none
City-C,T1,1x,180.0,S2_Platform,routine,M_routine,650,True,1,460.9,675.1,0.0,0.0,1.0,std_0.2,1,0.67,0.2,beta,none
City-C,T1,1x,180.0,S2_Platform,cross_regime,M_stress,650,True,1,460.9,412.1,0.0,0.1059,1.0,std_0.2,1,0.67,0.2,beta,none
City-C,T1,1x,180.0,S3_Lin4,routine,M_routine,650,True,1,418.8,675.1,0.0,0.0,1.0,std_0.2,1,0.67,0.2,beta,none
City-C,T1,1x,180.0,S3_Lin4,cross_regime,M_stress,650,True,1,418.8,412.1,0.0,0.0159,1.0,std_0.2,1,0.67,0.2,beta,none
City-C,T1,1x,180.0,S4_GlobalCalib,routine,M_routine,650,True,1,495.8,675.1,0.0,0.0,1.0,std_0.2,1,0.67,0.2,beta,none
City-C,T1,1x,180.0,S4_GlobalCalib,cross_regime,M_stress,650,True,1,495.8,412.1,0.0,0.1688,1.0,std_0.2,1,0.67,0.2,beta,none
City-C,T1,1x,180.0,S5_CityCalib,routine,M_routine,650,True,1,492.6,675.1,0.0,0.0,1.0,std_0.2,1,0.67,0.2,beta,none
City-C,T1,1x,180.0,S5_CityCalib,cross_regime,M_stress,650,True,1,492.6,412.1,0.0,0.1635,1.0,std_0.2,1,0.67,0.2,beta,none
City-C,T1,1x,180.0,S6_Q10,routine,M_routine,650,True,1,284.5,675.1,0.0,0.0,1.0,std_0.2,1,0.67,0.2,beta,none
City-C,T1,1x,180.0,S6_Q10,cross_regime,M_stress,650,True,1,284.5,412.1,0.0,0.0,1.0,std_0.2,1,0.67,0.2,beta,none
City-C,T1,2x,360.0,S0a_RoutineOracle,routine,M_routine,650,True,1,675.1,675.1,0.0,0.0,1.0,std_0.2,1,0.67,0.2,beta,none
City-C,T1,2x,360.0,S0a_RoutineOracle,cross_regime,M_stress,650,True,1,675.1,412.1,0.0,0.3896,1.0,std_0.2,1,0.67,0.2,beta,none
City-C,T1,2x,360.0,S0b_StressOracle,routine,M_routine,650,True,1,412.1,675.1,0.0,0.0,1.0,std_0.2,1,0.67,0.2,beta,none
City-C,T1,2x,360.0,S0b_StressOracle,cross_regime,M_stress,650,True,1,412.1,412.1,0.0,0.0,1.0,std_0.2,1,0.67,0.2,beta,none
City-C,T1,2x,360.0,S1_CapRR,routine,M_routine,650,True,1,737.0,675.1,0.0,0.084,1.0,std_0.2,1,0.67,0.2,beta,none
City-C,T1,2x,360.0,S1_CapRR,cross_regime,M_stress,650,True,1,737.0,412.1,0.0,0.4409,1.0,std_0.2,1,0.67,0.2,beta,none
City-C,T1,2x,360.0,S2_Platform,routine,M_routine,650,True,1,460.9,675.1,0.0,0.0,1.0,std_0.2,1,0.67,0.2,beta,none
City-C,T1,2x,360.0,S2_Platform,cross_regime,M_stress,650,True,1,460.9,412.1,0.0,0.1059,1.0,std_0.2,1,0.67,0.2,beta,none
City-C,T1,2x,360.0,S3_Lin4,routine,M_routine,650,True,1,418.8,675.1,0.0,0.0,1.0,std_0.2,1,0.67,0.2,beta,none
City-C,T1,2x,360.0,S3_Lin4,cross_regime,M_stress,650,True,1,418.8,412.1,0.0,0.0159,1.0,std_0.2,1,0.67,0.2,beta,none
City-C,T1,2x,360.0,S4_GlobalCalib,routine,M_routine,650,True,1,495.8,675.1,0.0,0.0,1.0,std_0.2,1,0.67,0.2,beta,none
City-C,T1,2x,360.0,S4_GlobalCalib,cross_regime,M_stress,650,True,1,495.8,412.1,0.0,0.1688,1.0,std_0.2,1,0.67,0.2,beta,none
City-C,T1,2x,360.0,S5_CityCalib,routine,M_routine,650,True,1,492.6,675.1,0.0,0.0,1.0,std_0.2,1,0.67,0.2,beta,none
City-C,T1,2x,360.0,S5_CityCalib,cross_regime,M_stress,650,True,1,492.6,412.1,0.0,0.1635,1.0,std_0.2,1,0.67,0.2,beta,none
City-C,T1,2x,360.0,S6_Q10,routine,M_routine,650,True,2,555.7,1071.9,0.0,0.0,1.0,std_0.2,1,0.67,0.2,beta,none
City-C,T1,2x,360.0,S6_Q10,cross_regime,M_stress,650,True,2,555.7,678.0,0.0,0.0,1.0,std_0.2,1,0.67,0.2,beta,none
City-C,T1,5x,900.0,S0a_RoutineOracle,routine,M_routine,650,True,2,1203.6,1203.6,0.0,0.0,1.0,std_0.2,1,0.67,0.2,beta,none
City-C,T1,5x,900.0,S0a_RoutineOracle,cross_regime,M_stress,650,True,2,1203.6,666.2,233.8,0.4465,0.0,std_0.2,1,0.67,0.2,beta,none
City-C,T1,5x,900.0,S0b_StressOracle,routine,M_routine,650,True,3,1056.9,1319.2,0.0,0.0,1.0,std_0.2,1,0.67,0.2,beta,none
City-C,T1,5x,900.0,S0b_StressOracle,cross_regime,M_stress,650,True,3,1056.9,1056.9,0.0,0.0,1.0,std_0.2,1,0.67,0.2,beta,none
City-C,T1,5x,900.0,S1_CapRR,routine,M_routine,650,True,2,1439.5,1071.9,0.0,0.2554,1.0,std_0.2,1,0.67,0.2,beta,none
City-C,T1,5x,900.0,S1_CapRR,cross_regime,M_stress,650,True,2,1439.5,678.0,222.0,0.529,0.0,std_0.2,1,0.67,0.2,beta,none
City-C,T1,5x,900.0,S2_Platform,routine,M_routine,650,True,2,904.5,1071.9,0.0,0.0,1.0,std_0.2,1,0.67,0.2,beta,none
City-C,T1,5x,900.0,S2_Platform,cross_regime,M_stress,650,True,2,904.5,678.0,222.0,0.2505,0.0,std_0.2,1,0.67,0.2,beta,none
City-C,T1,5x,900.0,S3_Lin4,routine,M_routine,650,True,3,1217.5,1436.4,0.0,0.0,1.0,std_0.2,1,0.67,0.2,beta,none
City-C,T1,5x,900.0,S3_Lin4,cross_regime,M_stress,650,True,3,1217.5,849.1,50.9,0.3026,0.0,std_0.2,1,0.67,0.2,beta,none
City-C,T1,5x,900.0,S4_GlobalCalib,routine,M_routine,650,True,2,968.3,1071.9,0.0,0.0,1.0,std_0.2,1,0.67,0.2,beta,none
City-C,T1,5x,900.0,S4_GlobalCalib,cross_regime,M_stress,650,True,2,968.3,678.0,222.0,0.2998,0.0,std_0.2,1,0.67,0.2,beta,none
City-C,T1,5x,900.0,S5_CityCalib,routine,M_routine,650,True,2,962.2,1071.9,0.0,0.0,1.0,std_0.2,1,0.67,0.2,beta,none
City-C,T1,5x,900.0,S5_CityCalib,cross_regime,M_stress,650,True,2,962.2,678.0,222.0,0.2954,0.0,std_0.2,1,0.67,0.2,beta,none
City-C,T1,5x,900.0,S6_Q10,routine,M_routine,650,True,4,1029.3,1677.0,0.0,0.0,1.0,std_0.2,1,0.67,0.2,beta,none
City-C,T1,5x,900.0,S6_Q10,cross_regime,M_stress,650,True,4,1029.3,1035.7,0.0,0.0,1.0,std_0.2,1,0.67,0.2,beta,none
City-C,T1,10x,1800.0,S0a_RoutineOracle,routine,M_routine,650,True,4,2089.6,2089.6,0.0,0.0,1.0,std_0.2,1,0.67,0.2,beta,none
City-C,T1,10x,1800.0,S0a_RoutineOracle,cross_regime,M_stress,650,True,4,2089.6,1214.1,585.9,0.419,0.0,std_0.2,1,0.67,0.2,beta,none
City-C,T1,10x,1800.0,S0b_StressOracle,routine,M_routine,650,True,6,1930.8,2318.2,0.0,0.0,1.0,std_0.2,1,0.67,0.2,beta,none
City-C,T1,10x,1800.0,S0b_StressOracle,cross_regime,M_stress,650,True,6,1930.8,1930.8,0.0,0.0,1.0,std_0.2,1,0.67,0.2,beta,none
City-C,T1,10x,1800.0,S1_CapRR,routine,M_routine,650,True,3,2081.1,1436.4,363.6,0.3098,0.0,std_0.2,1,0.67,0.2,beta,none
City-C,T1,10x,1800.0,S1_CapRR,cross_regime,M_stress,650,True,3,2081.1,849.1,950.9,0.592,0.0,std_0.2,1,0.67,0.2,beta,none
City-C,T1,10x,1800.0,S2_Platform,routine,M_routine,650,True,5,2117.9,2128.4,0.0,0.0,1.0,std_0.2,1,0.67,0.2,beta,none
City-C,T1,10x,1800.0,S2_Platform,cross_regime,M_stress,650,True,5,2117.9,1410.2,389.8,0.3341,0.0,std_0.2,1,0.67,0.2,beta,none
City-C,T1,10x,1800.0,S3_Lin4,routine,M_routine,650,True,5,1978.3,2037.6,0.0,0.0,1.0,std_0.2,1,0.67,0.2,beta,none
City-C,T1,10x,1800.0,S3_Lin4,cross_regime,M_stress,650,True,5,1978.3,1390.7,409.3,0.297,0.0,std_0.2,1,0.67,0.2,beta,none
City-C,T1,10x,1800.0,S4_GlobalCalib,routine,M_routine,650,True,5,2182.2,2106.4,0.0,0.0347,1.0,std_0.2,1,0.67,0.2,beta,none
City-C,T1,10x,1800.0,S4_GlobalCalib,cross_regime,M_stress,650,True,5,2182.2,1360.2,439.8,0.3767,0.0,std_0.2,1,0.67,0.2,beta,none
City-C,T1,10x,1800.0,S5_CityCalib,routine,M_routine,650,True,5,2169.5,2106.4,0.0,0.0291,1.0,std_0.2,1,0.67,0.2,beta,none
City-C,T1,10x,1800.0,S5_CityCalib,cross_regime,M_stress,650,True,5,2169.5,1360.2,439.8,0.373,0.0,std_0.2,1,0.67,0.2,beta,none
City-C,T1,10x,1800.0,S6_Q10,routine,M_routine,650,True,8,1899.6,3220.3,0.0,0.0,1.0,std_0.2,1,0.67,0.2,beta,none
City-C,T1,10x,1800.0,S6_Q10,cross_regime,M_stress,650,True,8,1899.6,2127.3,0.0,0.0,1.0,std_0.2,1,0.67,0.2,beta,none
City-C,T2,1x,260.0,S0a_RoutineOracle,routine,M_routine,650,True,1,530.2,530.2,0.0,0.0,1.0,std_0.2,1,0.67,0.2,beta,none
City-C,T2,1x,260.0,S0a_RoutineOracle,cross_regime,M_stress,650,True,1,530.2,350.0,0.0,0.3399,1.0,std_0.2,1,0.67,0.2,beta,none
City-C,T2,1x,260.0,S0b_StressOracle,routine,M_routine,650,True,1,388.0,458.3,0.0,0.0,1.0,std_0.2,1,0.67,0.2,beta,none
City-C,T2,1x,260.0,S0b_StressOracle,cross_regime,M_stress,650,True,1,388.0,388.0,0.0,0.0,1.0,std_0.2,1,0.67,0.2,beta,none
City-C,T2,1x,260.0,S1_CapRR,routine,M_routine,650,True,1,737.0,458.3,0.0,0.3782,1.0,std_0.2,1,0.67,0.2,beta,none
City-C,T2,1x,260.0,S1_CapRR,cross_regime,M_stress,650,True,1,737.0,388.0,0.0,0.4735,1.0,std_0.2,1,0.67,0.2,beta,none
City-C,T2,1x,260.0,S2_Platform,routine,M_routine,650,True,1,467.3,458.3,0.0,0.0192,1.0,std_0.2,1,0.67,0.2,beta,none
City-C,T2,1x,260.0,S2_Platform,cross_regime,M_stress,650,True,1,467.3,388.0,0.0,0.1696,1.0,std_0.2,1,0.67,0.2,beta,none
City-C,T2,1x,260.0,S3_Lin4,routine,M_routine,650,True,1,415.8,458.3,0.0,0.0,1.0,std_0.2,1,0.67,0.2,beta,none
City-C,T2,1x,260.0,S3_Lin4,cross_regime,M_stress,650,True,1,415.8,388.0,0.0,0.0668,1.0,std_0.2,1,0.67,0.2,beta,none
City-C,T2,1x,260.0,S4_GlobalCalib,routine,M_routine,650,True,1,489.3,458.3,0.0,0.0633,1.0,std_0.2,1,0.67,0.2,beta,none
City-C,T2,1x,260.0,S4_GlobalCalib,cross_regime,M_stress,650,True,1,489.3,388.0,0.0,0.2069,1.0,std_0.2,1,0.67,0.2,beta,none
City-C,T2,1x,260.0,S5_CityCalib,routine,M_routine,650,True,1,486.9,458.3,0.0,0.0588,1.0,std_0.2,1,0.67,0.2,beta,none
City-C,T2,1x,260.0,S5_CityCalib,cross_regime,M_stress,650,True,1,486.9,388.0,0.0,0.2031,1.0,std_0.2,1,0.67,0.2,beta,none
City-C,T2,1x,260.0,S6_Q10,routine,M_routine,650,True,1,284.9,458.3,0.0,0.0,1.0,std_0.2,1,0.67,0.2,beta,none
City-C,T2,1x,260.0,S6_Q10,cross_regime,M_stress,650,True,1,284.9,388.0,0.0,0.0,1.0,std_0.2,1,0.67,0.2,beta,none
City-C,T2,2x,520.0,S0a_RoutineOracle,routine,M_routine,650,True,1,530.2,530.2,0.0,0.0,1.0,std_0.2,1,0.67,0.2,beta,none
City-C,T2,2x,520.0,S0a_RoutineOracle,cross_regime,M_stress,650,True,1,530.2,350.0,170.0,0.3399,0.0,std_0.2,1,0.67,0.2,beta,none
City-C,T2,2x,520.0,S0b_StressOracle,routine,M_routine,650,True,2,738.9,901.6,0.0,0.0,1.0,std_0.2,1,0.67,0.2,beta,none
City-C,T2,2x,520.0,S0b_StressOracle,cross_regime,M_stress,650,True,2,738.9,738.9,0.0,0.0,1.0,std_0.2,1,0.67,0.2,beta,none
City-C,T2,2x,520.0,S1_CapRR,routine,M_routine,650,True,1,737.0,458.3,61.7,0.3782,0.0,std_0.2,1,0.67,0.2,beta,none
City-C,T2,2x,520.0,S1_CapRR,cross_regime,M_stress,650,True,1,737.0,388.0,132.0,0.4735,0.0,std_0.2,1,0.67,0.2,beta,none
City-C,T2,2x,520.0,S2_Platform,routine,M_routine,650,True,2,902.1,988.5,0.0,0.0,1.0,std_0.2,1,0.67,0.2,beta,none
City-C,T2,2x,520.0,S2_Platform,cross_regime,M_stress,650,True,2,902.1,738.0,0.0,0.1819,1.0,std_0.2,1,0.67,0.2,beta,none
City-C,T2,2x,520.0,S3_Lin4,routine,M_routine,650,True,2,816.1,988.5,0.0,0.0,1.0,std_0.2,1,0.67,0.2,beta,none
City-C,T2,2x,520.0,S3_Lin4,cross_regime,M_stress,650,True,2,816.1,738.0,0.0,0.0957,1.0,std_0.2,1,0.67,0.2,beta,none
City-C,T2,2x,520.0,S4_GlobalCalib,routine,M_routine,650,True,2,955.6,988.5,0.0,0.0,1.0,std_0.2,1,0.67,0.2,beta,none
City-C,T2,2x,520.0,S4_GlobalCalib,cross_regime,M_stress,650,True,2,955.6,738.0,0.0,0.2277,1.0,std_0.2,1,0.67,0.2,beta,none
City-C,T2,2x,520.0,S5_CityCalib,routine,M_routine,650,True,2,951.1,988.5,0.0,0.0,1.0,std_0.2,1,0.67,0.2,beta,none
City-C,T2,2x,520.0,S5_CityCalib,cross_regime,M_stress,650,True,2,951.1,738.0,0.0,0.224,1.0,std_0.2,1,0.67,0.2,beta,none
City-C,T2,2x,520.0,S6_Q10,routine,M_routine,650,True,2,556.5,988.5,0.0,0.0,1.0,std_0.2,1,0.67,0.2,beta,none
City-C,T2,2x,520.0,S6_Q10,cross_regime,M_stress,650,True,2,556.5,738.0,0.0,0.0,1.0,std_0.2,1,0.67,0.2,beta,none
City-C,T2,5x,1300.0,S0a_RoutineOracle,routine,M_routine,650,True,3,1488.2,1488.2,0.0,0.0,1.0,std_0.2,1,0.67,0.2,beta,none
City-C,T2,5x,1300.0,S0a_RoutineOracle,cross_regime,M_stress,650,True,3,1488.2,831.4,468.6,0.4413,0.0,std_0.2,1,0.67,0.2,beta,none
City-C,T2,5x,1300.0,S0b_StressOracle,routine,M_routine,650,True,4,1396.7,1694.9,0.0,0.0,1.0,std_0.2,1,0.67,0.2,beta,none
City-C,T2,5x,1300.0,S0b_StressOracle,cross_regime,M_stress,650,True,4,1396.7,1396.7,0.0,0.0,1.0,std_0.2,1,0.67,0.2,beta,none
City-C,T2,5x,1300.0,S1_CapRR,routine,M_routine,650,True,2,1439.5,988.5,311.5,0.3133,0.0,std_0.2,1,0.67,0.2,beta,none
City-C,T2,5x,1300.0,S1_CapRR,cross_regime,M_stress,650,True,2,1439.5,738.0,562.0,0.4873,0.0,std_0.2,1,0.67,0.2,beta,none
City-C,T2,5x,1300.0,S2_Platform,routine,M_routine,650,True,3,1301.1,1449.4,0.0,0.0,1.0,std_0.2,1,0.67,0.2,beta,none
City-C,T2,5x,1300.0,S2_Platform,cross_regime,M_stress,650,True,3,1301.1,941.3,358.7,0.2765,0.0,std_0.2,1,0.67,0.2,beta,none
City-C,T2,5x,1300.0,S3_Lin4,routine,M_routine,650,True,4,1589.0,1799.6,0.0,0.0,1.0,std_0.2,1,0.67,0.2,beta,none
City-C,T2,5x,1300.0,S3_Lin4,cross_regime,M_stress,650,True,4,1589.0,1183.9,116.1,0.255,0.0,std_0.2,1,0.67,0.2,beta,none
City-C,T2,5x,1300.0,S4_GlobalCalib,routine,M_routine,650,True,3,1381.6,1449.4,0.0,0.0,1.0,std_0.2,1,0.67,0.2,beta,none
City-C,T2,5x,1300.0,S4_GlobalCalib,cross_regime,M_stress,650,True,3,1381.6,941.3,358.7,0.3187,0.0,std_0.2,1,0.67,0.2,beta,none
City-C,T2,5x,1300.0,S5_CityCalib,routine,M_routine,650,True,3,1375.1,1449.4,0.0,0.0,1.0,std_0.2,1,0.67,0.2,beta,none
City-C,T2,5x,1300.0,S5_CityCalib,cross_regime,M_stress,650,True,3,1375.1,941.3,358.7,0.3155,0.0,std_0.2,1,0.67,0.2,beta,none
City-C,T2,5x,1300.0,S6_Q10,routine,M_routine,650,True,6,1474.3,2482.8,0.0,0.0,1.0,std_0.2,1,0.67,0.2,beta,none
City-C,T2,5x,1300.0,S6_Q10,cross_regime,M_stress,650,True,6,1474.3,1583.3,0.0,0.0,1.0,std_0.2,1,0.67,0.2,beta,none
City-C,T2,10x,2600.0,S0a_RoutineOracle,routine,M_routine,650,True,6,2850.6,2850.6,0.0,0.0,1.0,std_0.2,1,0.67,0.2,beta,none
City-C,T2,10x,2600.0,S0a_RoutineOracle,cross_regime,M_stress,650,True,6,2850.6,1773.6,826.4,0.3778,0.0,std_0.2,1,0.67,0.2,beta,none
City-C,T2,10x,2600.0,S0b_StressOracle,routine,M_routine,650,True,9,2810.0,3327.2,0.0,0.0,1.0,std_0.2,1,0.67,0.2,beta,none
City-C,T2,10x,2600.0,S0b_StressOracle,cross_regime,M_stress,650,True,9,2810.0,2810.0,0.0,0.0,1.0,std_0.2,1,0.67,0.2,beta,none
City-C,T2,10x,2600.0,S1_CapRR,routine,M_routine,650,True,4,2666.6,1892.7,707.3,0.2902,0.0,std_0.2,1,0.67,0.2,beta,none
City-C,T2,10x,2600.0,S1_CapRR,cross_regime,M_stress,650,True,4,2666.6,1292.1,1307.9,0.5154,0.0,std_0.2,1,0.67,0.2,beta,none
City-C,T2,10x,2600.0,S2_Platform,routine,M_routine,650,True,7,2815.8,2573.3,26.7,0.0861,0.0,std_0.2,1,0.67,0.2,beta,none
City-C,T2,10x,2600.0,S2_Platform,cross_regime,M_stress,650,True,7,2815.8,2010.0,590.0,0.2862,0.0,std_0.2,1,0.67,0.2,beta,none
City-C,T2,10x,2600.0,S3_Lin4,routine,M_routine,650,True,7,2669.6,2614.2,0.0,0.0207,1.0,std_0.2,1,0.67,0.2,beta,none
City-C,T2,10x,2600.0,S3_Lin4,cross_regime,M_stress,650,True,7,2669.6,1770.9,829.1,0.3367,0.0,std_0.2,1,0.67,0.2,beta,none
City-C,T2,10x,2600.0,S4_GlobalCalib,routine,M_routine,650,True,7,2903.3,2685.1,0.0,0.0752,1.0,std_0.2,1,0.67,0.2,beta,none
City-C,T2,10x,2600.0,S4_GlobalCalib,cross_regime,M_stress,650,True,7,2903.3,1869.5,730.5,0.3561,0.0,std_0.2,1,0.67,0.2,beta,none
City-C,T2,10x,2600.0,S5_CityCalib,routine,M_routine,650,True,7,2890.0,2685.1,0.0,0.0709,1.0,std_0.2,1,0.67,0.2,beta,none
City-C,T2,10x,2600.0,S5_CityCalib,cross_regime,M_stress,650,True,7,2890.0,1869.5,730.5,0.3531,0.0,std_0.2,1,0.67,0.2,beta,none
City-C,T2,10x,2600.0,S6_Q10,routine,M_routine,650,True,12,2730.1,4306.5,0.0,0.0,1.0,std_0.2,1,0.67,0.2,beta,none
City-C,T2,10x,2600.0,S6_Q10,cross_regime,M_stress,650,True,12,2730.1,3168.1,0.0,0.0,1.0,std_0.2,1,0.67,0.2,beta,none
City-C,T3,1x,200.0,S0a_RoutineOracle,routine,M_routine,650,True,1,579.3,579.3,0.0,0.0,1.0,std_0.2,1,0.67,0.2,beta,none
City-C,T3,1x,200.0,S0a_RoutineOracle,cross_regime,M_stress,650,True,1,579.3,126.4,73.6,0.7817,0.0,std_0.2,1,0.67,0.2,beta,none
City-C,T3,1x,200.0,S0b_StressOracle,routine,M_routine,650,True,1,293.9,493.2,0.0,0.0,1.0,std_0.2,1,0.67,0.2,beta,none
City-C,T3,1x,200.0,S0b_StressOracle,cross_regime,M_stress,650,True,1,293.9,293.9,0.0,0.0,1.0,std_0.2,1,0.67,0.2,beta,none
City-C,T3,1x,200.0,S1_CapRR,routine,M_routine,650,True,1,648.6,579.3,0.0,0.1068,1.0,std_0.2,1,0.67,0.2,beta,none
City-C,T3,1x,200.0,S1_CapRR,cross_regime,M_stress,650,True,1,648.6,126.4,73.6,0.8051,0.0,std_0.2,1,0.67,0.2,beta,none
City-C,T3,1x,200.0,S2_Platform,routine,M_routine,650,True,1,456.8,579.3,0.0,0.0,1.0,std_0.2,1,0.67,0.2,beta,none
City-C,T3,1x,200.0,S2_Platform,cross_regime,M_stress,650,True,1,456.8,126.4,73.6,0.7232,0.0,std_0.2,1,0.67,0.2,beta,none
City-C,T3,1x,200.0,S3_Lin4,routine,M_routine,650,True,1,403.3,579.3,0.0,0.0,1.0,std_0.2,1,0.67,0.2,beta,none
City-C,T3,1x,200.0,S3_Lin4,cross_regime,M_stress,650,True,1,403.3,126.4,73.6,0.6865,0.0,std_0.2,1,0.67,0.2,beta,none
City-C,T3,1x,200.0,S4_GlobalCalib,routine,M_routine,650,True,1,430.5,579.3,0.0,0.0,1.0,std_0.2,1,0.67,0.2,beta,none
City-C,T3,1x,200.0,S4_GlobalCalib,cross_regime,M_stress,650,True,1,430.5,126.4,73.6,0.7063,0.0,std_0.2,1,0.67,0.2,beta,none
City-C,T3,1x,200.0,S5_CityCalib,routine,M_routine,650,True,1,428.3,579.3,0.0,0.0,1.0,std_0.2,1,0.67,0.2,beta,none
City-C,T3,1x,200.0,S5_CityCalib,cross_regime,M_stress,650,True,1,428.3,126.4,73.6,0.7048,0.0,std_0.2,1,0.67,0.2,beta,none
City-C,T3,1x,200.0,S6_Q10,routine,M_routine,650,True,1,251.8,579.3,0.0,0.0,1.0,std_0.2,1,0.67,0.2,beta,none
City-C,T3,1x,200.0,S6_Q10,cross_regime,M_stress,650,True,1,251.8,126.4,73.6,0.4978,0.0,std_0.2,1,0.67,0.2,beta,none
City-C,T3,2x,400.0,S0a_RoutineOracle,routine,M_routine,650,True,1,579.3,579.3,0.0,0.0,1.0,std_0.2,1,0.67,0.2,beta,none
City-C,T3,2x,400.0,S0a_RoutineOracle,cross_regime,M_stress,650,True,1,579.3,126.4,273.6,0.7817,0.0,std_0.2,1,0.67,0.2,beta,none
City-C,T3,2x,400.0,S0b_StressOracle,routine,M_routine,650,True,2,575.9,895.0,0.0,0.0,1.0,std_0.2,1,0.67,0.2,beta,none
City-C,T3,2x,400.0,S0b_StressOracle,cross_regime,M_stress,650,True,2,575.9,575.9,0.0,0.0,1.0,std_0.2,1,0.67,0.2,beta,none
City-C,T3,2x,400.0,S1_CapRR,routine,M_routine,650,True,1,648.6,579.3,0.0,0.1068,1.0,std_0.2,1,0.67,0.2,beta,none
City-C,T3,2x,400.0,S1_CapRR,cross_regime,M_stress,650,True,1,648.6,126.4,273.6,0.8051,0.0,std_0.2,1,0.67,0.2,beta,none
City-C,T3,2x,400.0,S2_Platform,routine,M_routine,650,True,1,456.8,579.3,0.0,0.0,1.0,std_0.2,1,0.67,0.2,beta,none
City-C,T3,2x,400.0,S2_Platform,cross_regime,M_stress,650,True,1,456.8,126.4,273.6,0.7232,0.0,std_0.2,1,0.67,0.2,beta,none
City-C,T3,2x,400.0,S3_Lin4,routine,M_routine,650,True,1,403.3,579.3,0.0,0.0,1.0,std_0.2,1,0.67,0.2,beta,none
City-C,T3,2x,400.0,S3_Lin4,cross_regime,M_stress,650,True,1,403.3,126.4,273.6,0.6865,0.0,std_0.2,1,0.67,0.2,beta,none
City-C,T3,2x,400.0,S4_GlobalCalib,routine,M_routine,650,True,1,430.5,579.3,0.0,0.0,1.0,std_0.2,1,0.67,0.2,beta,none
City-C,T3,2x,400.0,S4_GlobalCalib,cross_regime,M_stress,650,True,1,430.5,126.4,273.6,0.7063,0.0,std_0.2,1,0.67,0.2,beta,none
City-C,T3,2x,400.0,S5_CityCalib,routine,M_routine,650,True,1,428.3,579.3,0.0,0.0,1.0,std_0.2,1,0.67,0.2,beta,none
City-C,T3,2x,400.0,S5_CityCalib,cross_regime,M_stress,650,True,1,428.3,126.4,273.6,0.7048,0.0,std_0.2,1,0.67,0.2,beta,none
City-C,T3,2x,400.0,S6_Q10,routine,M_routine,650,True,2,491.8,1113.4,0.0,0.0,1.0,std_0.2,1,0.67,0.2,beta,none
City-C,T3,2x,400.0,S6_Q10,cross_regime,M_stress,650,True,2,491.8,279.3,120.7,0.4321,0.0,std_0.2,1,0.67,0.2,beta,none
City-C,T3,5x,1000.0,S0a_RoutineOracle,routine,M_routine,650,True,2,1113.4,1113.4,0.0,0.0,1.0,std_0.2,1,0.67,0.2,beta,none
City-C,T3,5x,1000.0,S0a_RoutineOracle,cross_regime,M_stress,650,True,2,1113.4,279.3,720.7,0.7492,0.0,std_0.2,1,0.67,0.2,beta,none
City-C,T3,5x,1000.0,S0b_StressOracle,routine,M_routine,650,True,4,1082.2,1480.4,0.0,0.0,1.0,std_0.2,1,0.67,0.2,beta,none
City-C,T3,5x,1000.0,S0b_StressOracle,cross_regime,M_stress,650,True,4,1082.2,1082.2,0.0,0.0,1.0,std_0.2,1,0.67,0.2,beta,none
City-C,T3,5x,1000.0,S1_CapRR,routine,M_routine,650,True,2,1266.8,1113.4,0.0,0.1211,1.0,std_0.2,1,0.67,0.2,beta,none
City-C,T3,5x,1000.0,S1_CapRR,cross_regime,M_stress,650,True,2,1266.8,279.3,720.7,0.7796,0.0,std_0.2,1,0.67,0.2,beta,none
City-C,T3,5x,1000.0,S2_Platform,routine,M_routine,650,True,3,1285.7,987.3,12.7,0.2321,0.0,std_0.2,1,0.67,0.2,beta,none
City-C,T3,5x,1000.0,S2_Platform,cross_regime,M_stress,650,True,3,1285.7,444.0,556.0,0.6547,0.0,std_0.2,1,0.67,0.2,beta,none
City-C,T3,5x,1000.0,S3_Lin4,routine,M_routine,650,True,3,1172.2,1556.9,0.0,0.0,1.0,std_0.2,1,0.67,0.2,beta,none
City-C,T3,5x,1000.0,S3_Lin4,cross_regime,M_stress,650,True,3,1172.2,469.3,530.7,0.5996,0.0,std_0.2,1,0.67,0.2,beta,none
City-C,T3,5x,1000.0,S4_GlobalCalib,routine,M_routine,650,True,3,1215.5,1556.9,0.0,0.0,1.0,std_0.2,1,0.67,0.2,beta,none
City-C,T3,5x,1000.0,S4_GlobalCalib,cross_regime,M_stress,650,True,3,1215.5,469.3,530.7,0.6139,0.0,std_0.2,1,0.67,0.2,beta,none
City-C,T3,5x,1000.0,S5_CityCalib,routine,M_routine,650,True,3,1209.7,1556.9,0.0,0.0,1.0,std_0.2,1,0.67,0.2,beta,none
City-C,T3,5x,1000.0,S5_CityCalib,cross_regime,M_stress,650,True,3,1209.7,469.3,530.7,0.612,0.0,std_0.2,1,0.67,0.2,beta,none
City-C,T3,5x,1000.0,S6_Q10,routine,M_routine,650,True,5,1108.8,2302.1,0.0,0.0,1.0,std_0.2,1,0.67,0.2,beta,none
City-C,T3,5x,1000.0,S6_Q10,cross_regime,M_stress,650,True,5,1108.8,874.5,125.5,0.2113,0.0,std_0.2,1,0.67,0.2,beta,none
City-C,T3,10x,2000.0,S0a_RoutineOracle,routine,M_routine,650,True,4,2083.9,2083.9,0.0,0.0,1.0,std_0.2,1,0.67,0.2,beta,none
City-C,T3,10x,2000.0,S0a_RoutineOracle,cross_regime,M_stress,650,True,4,2083.9,819.4,1180.6,0.6068,0.0,std_0.2,1,0.67,0.2,beta,none
City-C,T3,10x,2000.0,S0b_StressOracle,routine,M_routine,650,True,8,2059.0,2859.2,0.0,0.0,1.0,std_0.2,1,0.67,0.2,beta,none
City-C,T3,10x,2000.0,S0b_StressOracle,cross_regime,M_stress,650,True,8,2059.0,2059.0,0.0,0.0,1.0,std_0.2,1,0.67,0.2,beta,none
City-C,T3,10x,2000.0,S1_CapRR,routine,M_routine,650,True,4,2346.7,2034.2,0.0,0.1332,1.0,std_0.2,1,0.67,0.2,beta,none
City-C,T3,10x,2000.0,S1_CapRR,cross_regime,M_stress,650,True,4,2346.7,715.6,1284.4,0.6951,0.0,std_0.2,1,0.67,0.2,beta,none
City-C,T3,10x,2000.0,S2_Platform,routine,M_routine,650,True,5,2048.1,1832.7,167.3,0.1052,0.0,std_0.2,1,0.67,0.2,beta,none
City-C,T3,10x,2000.0,S2_Platform,cross_regime,M_stress,650,True,5,2048.1,916.1,1083.9,0.5527,0.0,std_0.2,1,0.67,0.2,beta,none
City-C,T3,10x,2000.0,S3_Lin4,routine,M_routine,650,True,6,2258.2,2251.3,0.0,0.0031,1.0,std_0.2,1,0.67,0.2,beta,none
City-C,T3,10x,2000.0,S3_Lin4,cross_regime,M_stress,650,True,6,2258.2,985.7,1014.3,0.5635,0.0,std_0.2,1,0.67,0.2,beta,none
City-C,T3,10x,2000.0,S4_GlobalCalib,routine,M_routine,650,True,6,2227.6,2795.2,0.0,0.0,1.0,std_0.2,1,0.67,0.2,beta,none
City-C,T3,10x,2000.0,S4_GlobalCalib,cross_regime,M_stress,650,True,6,2227.6,1168.4,831.6,0.4755,0.0,std_0.2,1,0.67,0.2,beta,none
City-C,T3,10x,2000.0,S5_CityCalib,routine,M_routine,650,True,6,2217.4,2795.2,0.0,0.0,1.0,std_0.2,1,0.67,0.2,beta,none
City-C,T3,10x,2000.0,S5_CityCalib,cross_regime,M_stress,650,True,6,2217.4,1168.4,831.6,0.4731,0.0,std_0.2,1,0.67,0.2,beta,none
City-C,T3,10x,2000.0,S6_Q10,routine,M_routine,650,True,10,2051.0,4029.6,0.0,0.0,1.0,std_0.2,1,0.67,0.2,beta,none
City-C,T3,10x,2000.0,S6_Q10,cross_regime,M_stress,650,True,10,2051.0,1932.2,67.8,0.0579,0.0,std_0.2,1,0.67,0.2,beta,none
City-C,T4,1x,140.0,S0a_RoutineOracle,routine,M_routine,650,True,1,713.9,713.9,0.0,0.0,1.0,std_0.2,1,0.67,0.2,beta,none
City-C,T4,1x,140.0,S0a_RoutineOracle,cross_regime,M_stress,650,True,1,713.9,257.3,0.0,0.6396,1.0,std_0.2,1,0.67,0.2,beta,none
City-C,T4,1x,140.0,S0b_StressOracle,routine,M_routine,650,True,1,364.8,524.3,0.0,0.0,1.0,std_0.2,1,0.67,0.2,beta,none
City-C,T4,1x,140.0,S0b_StressOracle,cross_regime,M_stress,650,True,1,364.8,364.8,0.0,0.0,1.0,std_0.2,1,0.67,0.2,beta,none
City-C,T4,1x,140.0,S1_CapRR,routine,M_routine,650,True,1,737.0,713.9,0.0,0.0314,1.0,std_0.2,1,0.67,0.2,beta,none
City-C,T4,1x,140.0,S1_CapRR,cross_regime,M_stress,650,True,1,737.0,257.3,0.0,0.6509,1.0,std_0.2,1,0.67,0.2,beta,none
City-C,T4,1x,140.0,S2_Platform,routine,M_routine,650,True,1,377.7,425.1,0.0,0.0,1.0,std_0.2,1,0.67,0.2,beta,none
City-C,T4,1x,140.0,S2_Platform,cross_regime,M_stress,650,True,1,377.7,163.6,0.0,0.5668,1.0,std_0.2,1,0.67,0.2,beta,none
City-C,T4,1x,140.0,S3_Lin4,routine,M_routine,650,True,1,416.5,713.9,0.0,0.0,1.0,std_0.2,1,0.67,0.2,beta,none
City-C,T4,1x,140.0,S3_Lin4,cross_regime,M_stress,650,True,1,416.5,257.3,0.0,0.3822,1.0,std_0.2,1,0.67,0.2,beta,none
City-C,T4,1x,140.0,S4_GlobalCalib,routine,M_routine,650,True,1,489.0,713.9,0.0,0.0,1.0,std_0.2,1,0.67,0.2,beta,none
City-C,T4,1x,140.0,S4_GlobalCalib,cross_regime,M_stress,650,True,1,489.0,257.3,0.0,0.4738,1.0,std_0.2,1,0.67,0.2,beta,none
City-C,T4,1x,140.0,S5_CityCalib,routine,M_routine,650,True,1,479.9,713.9,0.0,0.0,1.0,std_0.2,1,0.67,0.2,beta,none
City-C,T4,1x,140.0,S5_CityCalib,cross_regime,M_stress,650,True,1,479.9,257.3,0.0,0.4638,1.0,std_0.2,1,0.67,0.2,beta,none
City-C,T4,1x,140.0,S6_Q10,routine,M_routine,650,True,1,283.7,713.9,0.0,0.0,1.0,std_0.2,1,0.67,0.2,beta,none
City-C,T4,1x,140.0,S6_Q10,cross_regime,M_stress,650,True,1,283.7,257.3,0.0,0.093,1.0,std_0.2,1,0.67,0.2,beta,none
City-C,T4,2x,280.0,S0a_RoutineOracle,routine,M_routine,650,True,1,713.9,713.9,0.0,0.0,1.0,std_0.2,1,0.67,0.2,beta,none
City-C,T4,2x,280.0,S0a_RoutineOracle,cross_regime,M_stress,650,True,1,713.9,257.3,22.7,0.6396,0.0,std_0.2,1,0.67,0.2,beta,none
City-C,T4,2x,280.0,S0b_StressOracle,routine,M_routine,650,True,1,364.8,524.3,0.0,0.0,1.0,std_0.2,1,0.67,0.2,beta,none
City-C,T4,2x,280.0,S0b_StressOracle,cross_regime,M_stress,650,True,1,364.8,364.8,0.0,0.0,1.0,std_0.2,1,0.67,0.2,beta,none
City-C,T4,2x,280.0,S1_CapRR,routine,M_routine,650,True,1,737.0,713.9,0.0,0.0314,1.0,std_0.2,1,0.67,0.2,beta,none
City-C,T4,2x,280.0,S1_CapRR,cross_regime,M_stress,650,True,1,737.0,257.3,22.7,0.6509,0.0,std_0.2,1,0.67,0.2,beta,none
City-C,T4,2x,280.0,S2_Platform,routine,M_routine,650,True,1,377.7,425.1,0.0,0.0,1.0,std_0.2,1,0.67,0.2,beta,none
City-C,T4,2x,280.0,S2_Platform,cross_regime,M_stress,650,True,1,377.7,163.6,116.4,0.5668,0.0,std_0.2,1,0.67,0.2,beta,none
City-C,T4,2x,280.0,S3_Lin4,routine,M_routine,650,True,1,416.5,713.9,0.0,0.0,1.0,std_0.2,1,0.67,0.2,beta,none
City-C,T4,2x,280.0,S3_Lin4,cross_regime,M_stress,650,True,1,416.5,257.3,22.7,0.3822,0.0,std_0.2,1,0.67,0.2,beta,none
City-C,T4,2x,280.0,S4_GlobalCalib,routine,M_routine,650,True,1,489.0,713.9,0.0,0.0,1.0,std_0.2,1,0.67,0.2,beta,none
City-C,T4,2x,280.0,S4_GlobalCalib,cross_regime,M_stress,650,True,1,489.0,257.3,22.7,0.4738,0.0,std_0.2,1,0.67,0.2,beta,none
City-C,T4,2x,280.0,S5_CityCalib,routine,M_routine,650,True,1,479.9,713.9,0.0,0.0,1.0,std_0.2,1,0.67,0.2,beta,none
City-C,T4,2x,280.0,S5_CityCalib,cross_regime,M_stress,650,True,1,479.9,257.3,22.7,0.4638,0.0,std_0.2,1,0.67,0.2,beta,none
City-C,T4,2x,280.0,S6_Q10,routine,M_routine,650,True,1,283.7,713.9,0.0,0.0,1.0,std_0.2,1,0.67,0.2,beta,none
City-C,T4,2x,280.0,S6_Q10,cross_regime,M_stress,650,True,1,283.7,257.3,22.7,0.093,0.0,std_0.2,1,0.67,0.2,beta,none
City-C,T4,5x,700.0,S0a_RoutineOracle,routine,M_routine,650,True,1,713.9,713.9,0.0,0.0,1.0,std_0.2,1,0.67,0.2,beta,none
City-C,T4,5x,700.0,S0a_RoutineOracle,cross_regime,M_stress,650,True,1,713.9,257.3,442.7,0.6396,0.0,std_0.2,1,0.67,0.2,beta,none
City-C,T4,5x,700.0,S0b_StressOracle,routine,M_routine,650,True,2,713.1,1143.8,0.0,0.0,1.0,std_0.2,1,0.67,0.2,beta,none
City-C,T4,5x,700.0,S0b_StressOracle,cross_regime,M_stress,650,True,2,713.1,713.1,0.0,0.0,1.0,std_0.2,1,0.67,0.2,beta,none
City-C,T4,5x,700.0,S1_CapRR,routine,M_routine,650,True,1,737.0,713.9,0.0,0.0314,1.0,std_0.2,1,0.67,0.2,beta,none
City-C,T4,5x,700.0,S1_CapRR,cross_regime,M_stress,650,True,1,737.0,257.3,442.7,0.6509,0.0,std_0.2,1,0.67,0.2,beta,none
City-C,T4,5x,700.0,S2_Platform,routine,M_routine,650,True,2,738.2,1042.1,0.0,0.0,1.0,std_0.2,1,0.67,0.2,beta,none
City-C,T4,5x,700.0,S2_Platform,cross_regime,M_stress,650,True,2,738.2,424.8,275.2,0.4245,0.0,std_0.2,1,0.67,0.2,beta,none
City-C,T4,5x,700.0,S3_Lin4,routine,M_routine,650,True,2,815.7,1331.0,0.0,0.0,1.0,std_0.2,1,0.67,0.2,beta,none
City-C,T4,5x,700.0,S3_Lin4,cross_regime,M_stress,650,True,2,815.7,518.5,181.5,0.3643,0.0,std_0.2,1,0.67,0.2,beta,none
City-C,T4,5x,700.0,S4_GlobalCalib,routine,M_routine,650,True,2,955.0,1331.0,0.0,0.0,1.0,std_0.2,1,0.67,0.2,beta,none
City-C,T4,5x,700.0,S4_GlobalCalib,cross_regime,M_stress,650,True,2,955.0,518.5,181.5,0.457,0.0,std_0.2,1,0.67,0.2,beta,none
City-C,T4,5x,700.0,S5_CityCalib,routine,M_routine,650,True,2,937.5,1331.0,0.0,0.0,1.0,std_0.2,1,0.67,0.2,beta,none
City-C,T4,5x,700.0,S5_CityCalib,cross_regime,M_stress,650,True,2,937.5,518.5,181.5,0.4469,0.0,std_0.2,1,0.67,0.2,beta,none
City-C,T4,5x,700.0,S6_Q10,routine,M_routine,650,True,3,801.0,1950.5,0.0,0.0,1.0,std_0.2,1,0.67,0.2,beta,none
City-C,T4,5x,700.0,S6_Q10,cross_regime,M_stress,650,True,3,801.0,866.8,0.0,0.0,1.0,std_0.2,1,0.67,0.2,beta,none
City-C,T4,10x,1400.0,S0a_RoutineOracle,routine,M_routine,650,True,3,1950.5,1950.5,0.0,0.0,1.0,std_0.2,1,0.67,0.2,beta,none
City-C,T4,10x,1400.0,S0a_RoutineOracle,cross_regime,M_stress,650,True,3,1950.5,866.8,533.2,0.5556,0.0,std_0.2,1,0.67,0.2,beta,none
City-C,T4,10x,1400.0,S0b_StressOracle,routine,M_routine,650,True,5,1663.7,2249.0,0.0,0.0,1.0,std_0.2,1,0.67,0.2,beta,none
City-C,T4,10x,1400.0,S0b_StressOracle,cross_regime,M_stress,650,True,5,1663.7,1663.7,0.0,0.0,1.0,std_0.2,1,0.67,0.2,beta,none
City-C,T4,10x,1400.0,S1_CapRR,routine,M_routine,650,True,2,1439.5,1331.0,69.0,0.0754,0.0,std_0.2,1,0.67,0.2,beta,none
City-C,T4,10x,1400.0,S1_CapRR,cross_regime,M_stress,650,True,2,1439.5,518.5,881.5,0.6398,0.0,std_0.2,1,0.67,0.2,beta,none
City-C,T4,10x,1400.0,S2_Platform,routine,M_routine,650,True,4,1425.4,2013.0,0.0,0.0,1.0,std_0.2,1,0.67,0.2,beta,none
City-C,T4,10x,1400.0,S2_Platform,cross_regime,M_stress,650,True,4,1425.4,1115.8,284.2,0.2172,0.0,std_0.2,1,0.67,0.2,beta,none
City-C,T4,10x,1400.0,S3_Lin4,routine,M_routine,650,True,4,1588.0,2149.5,0.0,0.0,1.0,std_0.2,1,0.67,0.2,beta,none
City-C,T4,10x,1400.0,S3_Lin4,cross_regime,M_stress,650,True,4,1588.0,1199.8,200.2,0.2445,0.0,std_0.2,1,0.67,0.2,beta,none
City-C,T4,10x,1400.0,S4_GlobalCalib,routine,M_routine,650,True,4,1769.1,2397.1,0.0,0.0,1.0,std_0.2,1,0.67,0.2,beta,none
City-C,T4,10x,1400.0,S4_GlobalCalib,cross_regime,M_stress,650,True,4,1769.1,1193.1,206.9,0.3256,0.0,std_0.2,1,0.67,0.2,beta,none
City-C,T4,10x,1400.0,S5_CityCalib,routine,M_routine,650,True,4,1737.6,2397.1,0.0,0.0,1.0,std_0.2,1,0.67,0.2,beta,none
City-C,T4,10x,1400.0,S5_CityCalib,cross_regime,M_stress,650,True,4,1737.6,1193.1,206.9,0.3134,0.0,std_0.2,1,0.67,0.2,beta,none
City-C,T4,10x,1400.0,S6_Q10,routine,M_routine,650,True,6,1467.9,3409.5,0.0,0.0,1.0,std_0.2,1,0.67,0.2,beta,none
City-C,T4,10x,1400.0,S6_Q10,cross_regime,M_stress,650,True,6,1467.9,1785.5,0.0,0.0,1.0,std_0.2,1,0.67,0.2,beta,none
City-C,T5,1x,160.0,S0a_RoutineOracle,routine,M_routine,650,True,1,488.7,488.7,0.0,0.0,1.0,std_0.2,1,0.67,0.2,beta,none
City-C,T5,1x,160.0,S0a_RoutineOracle,cross_regime,M_stress,650,True,1,488.7,275.2,0.0,0.4368,1.0,std_0.2,1,0.67,0.2,beta,none
City-C,T5,1x,160.0,S0b_StressOracle,routine,M_routine,650,True,1,315.5,365.0,0.0,0.0,1.0,std_0.2,1,0.67,0.2,beta,none
City-C,T5,1x,160.0,S0b_StressOracle,cross_regime,M_stress,650,True,1,315.5,315.5,0.0,0.0,1.0,std_0.2,1,0.67,0.2,beta,none
City-C,T5,1x,160.0,S1_CapRR,routine,M_routine,650,True,1,648.6,488.7,0.0,0.2466,1.0,std_0.2,1,0.67,0.2,beta,none
City-C,T5,1x,160.0,S1_CapRR,cross_regime,M_stress,650,True,1,648.6,275.2,0.0,0.5757,1.0,std_0.2,1,0.67,0.2,beta,none
City-C,T5,1x,160.0,S2_Platform,routine,M_routine,650,True,1,451.5,488.7,0.0,0.0,1.0,std_0.2,1,0.67,0.2,beta,none
City-C,T5,1x,160.0,S2_Platform,cross_regime,M_stress,650,True,1,451.5,275.2,0.0,0.3904,1.0,std_0.2,1,0.67,0.2,beta,none
City-C,T5,1x,160.0,S3_Lin4,routine,M_routine,650,True,1,405.1,488.7,0.0,0.0,1.0,std_0.2,1,0.67,0.2,beta,none
City-C,T5,1x,160.0,S3_Lin4,cross_regime,M_stress,650,True,1,405.1,275.2,0.0,0.3206,1.0,std_0.2,1,0.67,0.2,beta,none
City-C,T5,1x,160.0,S4_GlobalCalib,routine,M_routine,650,True,1,432.5,488.7,0.0,0.0,1.0,std_0.2,1,0.67,0.2,beta,none
City-C,T5,1x,160.0,S4_GlobalCalib,cross_regime,M_stress,650,True,1,432.5,275.2,0.0,0.3636,1.0,std_0.2,1,0.67,0.2,beta,none
City-C,T5,1x,160.0,S5_CityCalib,routine,M_routine,650,True,1,434.7,488.7,0.0,0.0,1.0,std_0.2,1,0.67,0.2,beta,none
City-C,T5,1x,160.0,S5_CityCalib,cross_regime,M_stress,650,True,1,434.7,275.2,0.0,0.3669,1.0,std_0.2,1,0.67,0.2,beta,none
City-C,T5,1x,160.0,S6_Q10,routine,M_routine,650,True,1,253.4,488.7,0.0,0.0,1.0,std_0.2,1,0.67,0.2,beta,none
City-C,T5,1x,160.0,S6_Q10,cross_regime,M_stress,650,True,1,253.4,275.2,0.0,0.0,1.0,std_0.2,1,0.67,0.2,beta,none
City-C,T5,2x,320.0,S0a_RoutineOracle,routine,M_routine,650,True,1,488.7,488.7,0.0,0.0,1.0,std_0.2,1,0.67,0.2,beta,none
City-C,T5,2x,320.0,S0a_RoutineOracle,cross_regime,M_stress,650,True,1,488.7,275.2,44.8,0.4368,0.0,std_0.2,1,0.67,0.2,beta,none
City-C,T5,2x,320.0,S0b_StressOracle,routine,M_routine,650,True,2,629.0,563.8,0.0,0.1036,1.0,std_0.2,1,0.67,0.2,beta,none
City-C,T5,2x,320.0,S0b_StressOracle,cross_regime,M_stress,650,True,2,629.0,629.0,0.0,0.0,1.0,std_0.2,1,0.67,0.2,beta,none
City-C,T5,2x,320.0,S1_CapRR,routine,M_routine,650,True,1,648.6,488.7,0.0,0.2466,1.0,std_0.2,1,0.67,0.2,beta,none
City-C,T5,2x,320.0,S1_CapRR,cross_regime,M_stress,650,True,1,648.6,275.2,44.8,0.5757,0.0,std_0.2,1,0.67,0.2,beta,none
City-C,T5,2x,320.0,S2_Platform,routine,M_routine,650,True,1,451.5,488.7,0.0,0.0,1.0,std_0.2,1,0.67,0.2,beta,none
City-C,T5,2x,320.0,S2_Platform,cross_regime,M_stress,650,True,1,451.5,275.2,44.8,0.3904,0.0,std_0.2,1,0.67,0.2,beta,none
City-C,T5,2x,320.0,S3_Lin4,routine,M_routine,650,True,1,405.1,488.7,0.0,0.0,1.0,std_0.2,1,0.67,0.2,beta,none
City-C,T5,2x,320.0,S3_Lin4,cross_regime,M_stress,650,True,1,405.1,275.2,44.8,0.3206,0.0,std_0.2,1,0.67,0.2,beta,none
City-C,T5,2x,320.0,S4_GlobalCalib,routine,M_routine,650,True,1,432.5,488.7,0.0,0.0,1.0,std_0.2,1,0.67,0.2,beta,none
City-C,T5,2x,320.0,S4_GlobalCalib,cross_regime,M_stress,650,True,1,432.5,275.2,44.8,0.3636,0.0,std_0.2,1,0.67,0.2,beta,none
City-C,T5,2x,320.0,S5_CityCalib,routine,M_routine,650,True,1,434.7,488.7,0.0,0.0,1.0,std_0.2,1,0.67,0.2,beta,none
City-C,T5,2x,320.0,S5_CityCalib,cross_regime,M_stress,650,True,1,434.7,275.2,44.8,0.3669,0.0,std_0.2,1,0.67,0.2,beta,none
City-C,T5,2x,320.0,S6_Q10,routine,M_routine,650,True,2,495.0,914.7,0.0,0.0,1.0,std_0.2,1,0.67,0.2,beta,none
City-C,T5,2x,320.0,S6_Q10,cross_regime,M_stress,650,True,2,495.0,527.7,0.0,0.0,1.0,std_0.2,1,0.67,0.2,beta,none
City-C,T5,5x,800.0,S0a_RoutineOracle,routine,M_routine,650,True,2,914.7,914.7,0.0,0.0,1.0,std_0.2,1,0.67,0.2,beta,none
City-C,T5,5x,800.0,S0a_RoutineOracle,cross_regime,M_stress,650,True,2,914.7,527.7,272.3,0.4232,0.0,std_0.2,1,0.67,0.2,beta,none
City-C,T5,5x,800.0,S0b_StressOracle,routine,M_routine,650,True,3,917.7,918.4,0.0,0.0,1.0,std_0.2,1,0.67,0.2,beta,none
City-C,T5,5x,800.0,S0b_StressOracle,cross_regime,M_stress,650,True,3,917.7,917.7,0.0,0.0,1.0,std_0.2,1,0.67,0.2,beta,none
City-C,T5,5x,800.0,S1_CapRR,routine,M_routine,650,True,2,1266.8,914.7,0.0,0.2779,1.0,std_0.2,1,0.67,0.2,beta,none
City-C,T5,5x,800.0,S1_CapRR,cross_regime,M_stress,650,True,2,1266.8,527.7,272.3,0.5835,0.0,std_0.2,1,0.67,0.2,beta,none
City-C,T5,5x,800.0,S2_Platform,routine,M_routine,650,True,2,882.9,805.7,0.0,0.0875,1.0,std_0.2,1,0.67,0.2,beta,none
City-C,T5,5x,800.0,S2_Platform,cross_regime,M_stress,650,True,2,882.9,433.7,366.3,0.5088,0.0,std_0.2,1,0.67,0.2,beta,none
City-C,T5,5x,800.0,S3_Lin4,routine,M_routine,650,True,3,1180.0,998.9,0.0,0.1535,1.0,std_0.2,1,0.67,0.2,beta,none
City-C,T5,5x,800.0,S3_Lin4,cross_regime,M_stress,650,True,3,1180.0,724.8,75.2,0.3857,0.0,std_0.2,1,0.67,0.2,beta,none
City-C,T5,5x,800.0,S4_GlobalCalib,routine,M_routine,650,True,2,844.7,914.7,0.0,0.0,1.0,std_0.2,1,0.67,0.2,beta,none
City-C,T5,5x,800.0,S4_GlobalCalib,cross_regime,M_stress,650,True,2,844.7,527.7,272.3,0.3753,0.0,std_0.2,1,0.67,0.2,beta,none
City-C,T5,5x,800.0,S5_CityCalib,routine,M_routine,650,True,2,849.0,914.7,0.0,0.0,1.0,std_0.2,1,0.67,0.2,beta,none
City-C,T5,5x,800.0,S5_CityCalib,cross_regime,M_stress,650,True,2,849.0,527.7,272.3,0.3785,0.0,std_0.2,1,0.67,0.2,beta,none
City-C,T5,5x,800.0,S6_Q10,routine,M_routine,650,True,4,916.9,1197.7,0.0,0.0,1.0,std_0.2,1,0.67,0.2,beta,none
City-C,T5,5x,800.0,S6_Q10,cross_regime,M_stress,650,True,4,916.9,1038.4,0.0,0.0,1.0,std_0.2,1,0.67,0.2,beta,none
City-C,T5,10x,1600.0,S0a_RoutineOracle,routine,M_routine,650,True,4,1739.3,1739.3,0.0,0.0,1.0,std_0.2,1,0.67,0.2,beta,none
City-C,T5,10x,1600.0,S0a_RoutineOracle,cross_regime,M_stress,650,True,4,1739.3,991.3,608.7,0.43,0.0,std_0.2,1,0.67,0.2,beta,none
City-C,T5,10x,1600.0,S0b_StressOracle,routine,M_routine,650,True,6,1713.5,2024.5,0.0,0.0,1.0,std_0.2,1,0.67,0.2,beta,none
City-C,T5,10x,1600.0,S0b_StressOracle,cross_regime,M_stress,650,True,6,1713.5,1713.5,0.0,0.0,1.0,std_0.2,1,0.67,0.2,beta,none
City-C,T5,10x,1600.0,S1_CapRR,routine,M_routine,650,True,3,1831.4,998.9,601.1,0.4546,0.0,std_0.2,1,0.67,0.2,beta,none
City-C,T5,10x,1600.0,S1_CapRR,cross_regime,M_stress,650,True,3,1831.4,724.8,875.2,0.6042,0.0,std_0.2,1,0.67,0.2,beta,none
City-C,T5,10x,1600.0,S2_Platform,routine,M_routine,650,True,4,1670.1,1440.6,159.4,0.1374,0.0,std_0.2,1,0.67,0.2,beta,none
City-C,T5,10x,1600.0,S2_Platform,cross_regime,M_stress,650,True,4,1670.1,902.2,697.8,0.4598,0.0,std_0.2,1,0.67,0.2,beta,none
City-C,T5,10x,1600.0,S3_Lin4,routine,M_routine,650,True,5,1927.9,1588.7,11.3,0.1759,0.0,std_0.2,1,0.67,0.2,beta,none
City-C,T5,10x,1600.0,S3_Lin4,cross_regime,M_stress,650,True,5,1927.9,1212.7,387.3,0.371,0.0,std_0.2,1,0.67,0.2,beta,none
City-C,T5,10x,1600.0,S4_GlobalCalib,routine,M_routine,650,True,5,1904.2,1514.7,85.3,0.2045,0.0,std_0.2,1,0.67,0.2,beta,none
City-C,T5,10x,1600.0,S4_GlobalCalib,cross_regime,M_stress,650,True,5,1904.2,1196.9,403.1,0.3715,0.0,std_0.2,1,0.67,0.2,beta,none
City-C,T5,10x,1600.0,S5_CityCalib,routine,M_routine,650,True,5,1914.1,1514.7,85.3,0.2087,0.0,std_0.2,1,0.67,0.2,beta,none
City-C,T5,10x,1600.0,S5_CityCalib,cross_regime,M_stress,650,True,5,1914.1,1196.9,403.1,0.3747,0.0,std_0.2,1,0.67,0.2,beta,none
City-C,T5,10x,1600.0,S6_Q10,routine,M_routine,650,True,8,1692.2,2425.7,0.0,0.0,1.0,std_0.2,1,0.67,0.2,beta,none
City-C,T5,10x,1600.0,S6_Q10,cross_regime,M_stress,650,True,8,1692.2,2069.1,0.0,0.0,1.0,std_0.2,1,0.67,0.2,beta,none
