city,task_id,p_req_level,p_req,strategy,regime,eval_outcome,pool_size,pool_feasible,n_selected,p_commit,p_deliv,shortfall,ocr,success,config_name,seed_id,xi_mean,xi_std,xi_dist,xi_persistence
City-A,T1,1x,180.0,S0a_RoutineOracle,routine,M_routine,800,True,1,508.0,508.0,0.0,0.0,1.0,mean_0.67,0,0.67,0.15,beta,none
City-A,T1,1x,180.0,S0a_RoutineOracle,cross_regime,M_stress,800,True,1,508.0,334.9,0.0,0.3407,1.0,mean_0.67,0,0.67,0.15,beta,none
City-A,T1,1x,180.0,S0b_StressOracle,routine,M_routine,800,True,1,398.5,394.8,0.0,0.0093,1.0,mean_0.67,0,0.67,0.15,beta,none
City-A,T1,1x,180.0,S0b_StressOracle,cross_regime,M_stress,800,True,1,398.5,398.5,0.0,0.0,1.0,mean_0.67,0,0.67,0.15,beta,none
City-A,T1,1x,180.0,S1_CapRR,routine,M_routine,800,True,1,678.2,394.8,0.0,0.4178,1.0,mean_0.67,0,0.67,0.15,beta,none
City-A,T1,1x,180.0,S1_CapRR,cross_regime,M_stress,800,True,1,678.2,398.5,0.0,0.4123,1.0,mean_0.67,0,0.67,0.15,beta,none
City-A,T1,1x,180.0,S2_Platform,routine,M_routine,800,True,1,421.1,394.8,0.0,0.0623,1.0,mean_0.67,0,0.67,0.15,beta,none
City-A,T1,1x,180.0,S2_Platform,cross_regime,M_stress,800,True,1,421.1,398.5,0.0,0.0535,1.0,mean_0.67,0,0.67,0.15,beta,none
City-A,T1,1x,180.0,S3_Lin4,routine,M_routine,800,True,1,484.7,394.8,0.0,0.1854,1.0,mean_0.67,0,0.67,0.15,beta,none
City-A,T1,1x,180.0,S3_Lin4,cross_regime,M_stress,800,True,1,484.7,398.5,0.0,0.1778,1.0,mean_0.67,0,0.67,0.15,beta,none
City-A,T1,1x,180.0,S4_GlobalCalib,routine,M_routine,800,True,1,449.7,394.8,0.0,0.122,1.0,mean_0.67,0,0.67,0.15,beta,none
City-A,T1,1x,180.0,S4_GlobalCalib,cross_regime,M_stress,800,True,1,449.7,398.5,0.0,0.1137,1.0,mean_0.67,0,0.67,0.15,beta,none
City-A,T1,1x,180.0,S5_CityCalib,routine,M_routine,800,True,1,442.2,394.8,0.0,0.107,1.0,mean_0.67,0,0.67,0.15,beta,none
City-A,T1,1x,180.0,S5_CityCalib,cross_regime,M_stress,800,True,1,442.2,398.5,0.0,0.0987,1.0,mean_0.67,0,0.67,0.15,beta,none
City-A,T1,1x,180.0,S6_Q10,routine,M_routine,800,True,1,307.9,394.8,0.0,0.0,1.0,mean_0.67,0,0.67,0.15,beta,none
City-A,T1,1x,180.0,S6_Q10,cross_regime,M_stress,800,True,1,307.9,398.5,0.0,0.0,1.0,mean_0.67,0,0.67,0.15,beta,none
City-A,T1,2x,360.0,S0a_RoutineOracle,routine,M_routine,800,True,1,508.0,508.0,0.0,0.0,1.0,mean_0.67,0,0.67,0.15,beta,none
City-A,T1,2x,360.0,S0a_RoutineOracle,cross_regime,M_stress,800,True,1,508.0,334.9,25.1,0.3407,0.0,mean_0.67,0,0.67,0.15,beta,none
City-A,T1,2x,360.0,S0b_StressOracle,routine,M_routine,800,True,1,398.5,394.8,0.0,0.0093,1.0,mean_0.67,0,0.67,0.15,beta,none
City-A,T1,2x,360.0,S0b_StressOracle,cross_regime,M_stress,800,True,1,398.5,398.5,0.0,0.0,1.0,mean_0.67,0,0.67,0.15,beta,none
City-A,T1,2x,360.0,S1_CapRR,routine,M_routine,800,True,1,678.2,394.8,0.0,0.4178,1.0,mean_0.67,0,0.67,0.15,beta,none
City-A,T1,2x,360.0,S1_CapRR,cross_regime,M_stress,800,True,1,678.2,398.5,0.0,0.4123,1.0,mean_0.67,0,0.67,0.15,beta,none
City-A,T1,2x,360.0,S2_Platform,routine,M_routine,800,True,1,421.1,394.8,0.0,0.0623,1.0,mean_0.67,0,0.67,0.15,beta,none
City-A,T1,2x,360.0,S2_Platform,cross_regime,M_stress,800,True,1,421.1,398.5,0.0,0.0535,1.0,mean_0.67,0,0.67,0.15,beta,none
City-A,T1,2x,360.0,S3_Lin4,routine,M_routine,800,True,1,484.7,394.8,0.0,0.1854,1.0,mean_0.67,0,0.67,0.15,beta,none
City-A,T1,2x,360.0,S3_Lin4,cross_regime,M_stress,800,True,1,484.7,398.5,0.0,0.1778,1.0,mean_0.67,0,0.67,0.15,beta,none
City-A,T1,2x,360.0,S4_GlobalCalib,routine,M_routine,800,True,1,449.7,394.8,0.0,0.122,1.0,mean_0.67,0,0.67,0.15,beta,none
City-A,T1,2x,360.0,S4_GlobalCalib,cross_regime,M_stress,800,True,1,449.7,398.5,0.0,0.1137,1.0,mean_0.67,0,0.67,0.15,beta,none
City-A,T1,2x,360.0,S5_CityCalib,routine,M_routine,800,True,1,442.2,394.8,0.0,0.107,1.0,mean_0.67,0,0.67,0.15,beta,none
City-A,T1,2x,360.0,S5_CityCalib,cross_regime,M_stress,800,True,1,442.2,398.5,0.0,0.0987,1.0,mean_0.67,0,0.67,0.15,beta,none
City-A,T1,2x,360.0,S6_Q10,routine,M_routine,800,True,2,587.3,642.0,0.0,0.0,1.0,mean_0.67,0,0.67,0.15,beta,none
City-A,T1,2x,360.0,S6_Q10,cross_regime,M_stress,800,True,2,587.3,643.4,0.0,0.0,1.0,mean_0.67,0,0.67,0.15,beta,none
City-A,T1,5x,900.0,S0a_RoutineOracle,routine,M_routine,800,True,2,946.3,946.3,0.0,0.0,1.0,mean_0.67,0,0.67,0.15,beta,none
City-A,T1,5x,900.0,S0a_RoutineOracle,cross_regime,M_stress,800,True,2,946.3,541.0,359.0,0.4282,0.0,mean_0.67,0,0.67,0.15,beta,none
City-A,T1,5x,900.0,S0b_StressOracle,routine,M_routine,800,True,3,1025.3,1303.0,0.0,0.0,1.0,mean_0.67,0,0.67,0.15,beta,none
City-A,T1,5x,900.0,S0b_StressOracle,cross_regime,M_stress,800,True,3,1025.3,1025.3,0.0,0.0,1.0,mean_0.67,0,0.67,0.15,beta,none
City-A,T1,5x,900.0,S1_CapRR,routine,M_routine,800,True,2,1293.4,642.0,258.0,0.5036,0.0,mean_0.67,0,0.67,0.15,beta,none
City-A,T1,5x,900.0,S1_CapRR,cross_regime,M_stress,800,True,2,1293.4,643.4,256.6,0.5025,0.0,mean_0.67,0,0.67,0.15,beta,none
City-A,T1,5x,900.0,S2_Platform,routine,M_routine,800,True,3,1202.1,1060.3,0.0,0.1179,1.0,mean_0.67,0,0.67,0.15,beta,none
City-A,T1,5x,900.0,S2_Platform,cross_regime,M_stress,800,True,3,1202.1,835.9,64.1,0.3046,0.0,mean_0.67,0,0.67,0.15,beta,none
City-A,T1,5x,900.0,S3_Lin4,routine,M_routine,800,True,3,1242.4,1236.0,0.0,0.0051,1.0,mean_0.67,0,0.67,0.15,beta,none
City-A,T1,5x,900.0,S3_Lin4,cross_regime,M_stress,800,True,3,1242.4,901.7,0.0,0.2743,1.0,mean_0.67,0,0.67,0.15,beta,none
City-A,T1,5x,900.0,S4_GlobalCalib,routine,M_routine,800,True,3,1253.0,1150.1,0.0,0.0822,1.0,mean_0.67,0,0.67,0.15,beta,none
City-A,T1,5x,900.0,S4_GlobalCalib,cross_regime,M_stress,800,True,3,1253.0,978.4,0.0,0.2192,1.0,mean_0.67,0,0.67,0.15,beta,none
City-A,T1,5x,900.0,S5_CityCalib,routine,M_routine,800,True,3,1232.7,1150.1,0.0,0.067,1.0,mean_0.67,0,0.67,0.15,beta,none
City-A,T1,5x,900.0,S5_CityCalib,cross_regime,M_stress,800,True,3,1232.7,978.4,0.0,0.2063,1.0,mean_0.67,0,0.67,0.15,beta,none
City-A,T1,5x,900.0,S6_Q10,routine,M_routine,800,True,4,1122.5,1525.6,0.0,0.0,1.0,mean_0.67,0,0.67,0.15,beta,none
City-A,T1,5x,900.0,S6_Q10,cross_regime,M_stress,800,True,4,1122.5,1232.3,0.0,0.0,1.0,mean_0.67,0,0.67,0.15,beta,none
City-A,T1,10x,1800.0,S0a_RoutineOracle,routine,M_routine,800,True,5,2187.9,2187.9,0.0,0.0,1.0,mean_0.67,0,0.67,0.15,beta,none
City-A,T1,10x,1800.0,S0a_RoutineOracle,cross_regime,M_stress,800,True,5,2187.9,1146.9,653.1,0.4758,0.0,mean_0.67,0,0.67,0.15,beta,none
City-A,T1,10x,1800.0,S0b_StressOracle,routine,M_routine,800,True,6,1841.9,2331.4,0.0,0.0,1.0,mean_0.67,0,0.67,0.15,beta,none
City-A,T1,10x,1800.0,S0b_StressOracle,cross_regime,M_stress,800,True,6,1841.9,1841.9,0.0,0.0,1.0,mean_0.67,0,0.67,0.15,beta,none
City-A,T1,10x,1800.0,S1_CapRR,routine,M_routine,800,True,3,1889.7,1150.1,649.9,0.3914,0.0,mean_0.67,0,0.67,0.15,beta,none
City-A,T1,10x,1800.0,S1_CapRR,cross_regime,M_stress,800,True,3,1889.7,978.4,821.6,0.4822,0.0,mean_0.67,0,0.67,0.15,beta,none
City-A,T1,10x,1800.0,S2_Platform,routine,M_routine,800,True,5,1914.5,1810.8,0.0,0.0541,1.0,mean_0.67,0,0.67,0.15,beta,none
City-A,T1,10x,1800.0,S2_Platform,cross_regime,M_stress,800,True,5,1914.5,1377.9,422.1,0.2803,0.0,mean_0.67,0,0.67,0.15,beta,none
City-A,T1,10x,1800.0,S3_Lin4,routine,M_routine,800,True,5,1956.7,1858.7,0.0,0.0501,1.0,mean_0.67,0,0.67,0.15,beta,none
City-A,T1,10x,1800.0,S3_Lin4,cross_regime,M_stress,800,True,5,1956.7,1400.5,399.5,0.2843,0.0,mean_0.67,0,0.67,0.15,beta,none
City-A,T1,10x,1800.0,S4_GlobalCalib,routine,M_routine,800,True,5,2014.1,1870.9,0.0,0.0711,1.0,mean_0.67,0,0.67,0.15,beta,none
City-A,T1,10x,1800.0,S4_GlobalCalib,cross_regime,M_stress,800,True,5,2014.1,1504.1,295.9,0.2532,0.0,mean_0.67,0,0.67,0.15,beta,none
City-A,T1,10x,1800.0,S5_CityCalib,routine,M_routine,800,True,5,1981.8,1870.9,0.0,0.056,1.0,mean_0.67,0,0.67,0.15,beta,none
City-A,T1,10x,1800.0,S5_CityCalib,cross_regime,M_stress,800,True,5,1981.8,1504.1,295.9,0.2411,0.0,mean_0.67,0,0.67,0.15,beta,none
City-A,T1,10x,1800.0,S6_Q10,routine,M_routine,800,True,7,1856.2,2622.3,0.0,0.0,1.0,mean_0.67,0,0.67,0.15,beta,none
City-A,T1,10x,1800.0,S6_Q10,cross_regime,M_stress,800,True,7,1856.2,1864.7,0.0,0.0,1.0,mean_0.67,0,0.67,0.15,beta,none
City-A,T2,1x,260.0,S0a_RoutineOracle,routine,M_routine,800,True,1,461.0,461.0,0.0,0.0,1.0,mean_0.67,0,0.67,0.15,beta,none
City-A,T2,1x,260.0,S0a_RoutineOracle,cross_regime,M_stress,800,True,1,461.0,242.0,18.0,0.4751,0.0,mean_0.67,0,0.67,0.15,beta,none
City-A,T2,1x,260.0,S0b_StressOracle,routine,M_routine,800,True,1,322.1,402.4,0.0,0.0,1.0,mean_0.67,0,0.67,0.15,beta,none
City-A,T2,1x,260.0,S0b_StressOracle,cross_regime,M_stress,800,True,1,322.1,322.1,0.0,0.0,1.0,mean_0.67,0,0.67,0.15,beta,none
City-A,T2,1x,260.0,S1_CapRR,routine,M_routine,800,True,1,678.2,435.0,0.0,0.3585,1.0,mean_0.67,0,0.67,0.15,beta,none
City-A,T2,1x,260.0,S1_CapRR,cross_regime,M_stress,800,True,1,678.2,309.8,0.0,0.5431,1.0,mean_0.67,0,0.67,0.15,beta,none
City-A,T2,1x,260.0,S2_Platform,routine,M_routine,800,True,1,441.1,435.0,0.0,0.0138,1.0,mean_0.67,0,0.67,0.15,beta,none
City-A,T2,1x,260.0,S2_Platform,cross_regime,M_stress,800,True,1,441.1,309.8,0.0,0.2976,1.0,mean_0.67,0,0.67,0.15,beta,none
City-A,T2,1x,260.0,S3_Lin4,routine,M_routine,800,True,1,485.4,435.0,0.0,0.1038,1.0,mean_0.67,0,0.67,0.15,beta,none
City-A,T2,1x,260.0,S3_Lin4,cross_regime,M_stress,800,True,1,485.4,309.8,0.0,0.3617,1.0,mean_0.67,0,0.67,0.15,beta,none
City-A,T2,1x,260.0,S4_GlobalCalib,routine,M_routine,800,True,1,453.0,435.0,0.0,0.0396,1.0,mean_0.67,0,0.67,0.15,beta,none
City-A,T2,1x,260.0,S4_GlobalCalib,cross_regime,M_stress,800,True,1,453.0,309.8,0.0,0.316,1.0,mean_0.67,0,0.67,0.15,beta,none
City-A,T2,1x,260.0,S5_CityCalib,routine,M_routine,800,True,1,447.0,435.0,0.0,0.0268,1.0,mean_0.67,0,0.67,0.15,beta,none
City-A,T2,1x,260.0,S5_CityCalib,cross_regime,M_stress,800,True,1,447.0,309.8,0.0,0.3069,1.0,mean_0.67,0,0.67,0.15,beta,none
City-A,T2,1x,260.0,S6_Q10,routine,M_routine,800,True,1,310.2,435.0,0.0,0.0,1.0,mean_0.67,0,0.67,0.15,beta,none
City-A,T2,1x,260.0,S6_Q10,cross_regime,M_stress,800,True,1,310.2,309.8,0.0,0.0011,1.0,mean_0.67,0,0.67,0.15,beta,none
City-A,T2,2x,520.0,S0a_RoutineOracle,routine,M_routine,800,True,2,896.0,896.0,0.0,0.0,1.0,mean_0.67,0,0.67,0.15,beta,none
City-A,T2,2x,520.0,S0a_RoutineOracle,cross_regime,M_stress,800,True,2,896.0,551.8,0.0,0.3842,1.0,mean_0.67,0,0.67,0.15,beta,none
City-A,T2,2x,520.0,S0b_StressOracle,routine,M_routine,800,True,2,631.9,837.4,0.0,0.0,1.0,mean_0.67,0,0.67,0.15,beta,none
City-A,T2,2x,520.0,S0b_StressOracle,cross_regime,M_stress,800,True,2,631.9,631.9,0.0,0.0,1.0,mean_0.67,0,0.67,0.15,beta,none
City-A,T2,2x,520.0,S1_CapRR,routine,M_routine,800,True,1,678.2,435.0,85.0,0.3585,0.0,mean_0.67,0,0.67,0.15,beta,none
City-A,T2,2x,520.0,S1_CapRR,cross_regime,M_stress,800,True,1,678.2,309.8,210.2,0.5431,0.0,mean_0.67,0,0.67,0.15,beta,none
City-A,T2,2x,520.0,S2_Platform,routine,M_routine,800,True,2,849.9,630.8,0.0,0.2579,1.0,mean_0.67,0,0.67,0.15,beta,none
City-A,T2,2x,520.0,S2_Platform,cross_regime,M_stress,800,True,2,849.9,561.2,0.0,0.3397,1.0,mean_0.67,0,0.67,0.15,beta,none
City-A,T2,2x,520.0,S3_Lin4,routine,M_routine,800,True,2,867.8,837.4,0.0,0.0351,1.0,mean_0.67,0,0.67,0.15,beta,none
City-A,T2,2x,520.0,S3_Lin4,cross_regime,M_stress,800,True,2,867.8,631.9,0.0,0.2719,1.0,mean_0.67,0,0.67,0.15,beta,none
City-A,T2,2x,520.0,S4_GlobalCalib,routine,M_routine,800,True,2,863.8,630.8,0.0,0.2698,1.0,mean_0.67,0,0.67,0.15,beta,none
City-A,T2,2x,520.0,S4_GlobalCalib,cross_regime,M_stress,800,True,2,863.8,561.2,0.0,0.3503,1.0,mean_0.67,0,0.67,0.15,beta,none
City-A,T2,2x,520.0,S5_CityCalib,routine,M_routine,800,True,2,852.7,630.8,0.0,0.2603,1.0,mean_0.67,0,0.67,0.15,beta,none
City-A,T2,2x,520.0,S5_CityCalib,cross_regime,M_stress,800,True,2,852.7,561.2,0.0,0.3419,1.0,mean_0.67,0,0.67,0.15,beta,none
City-A,T2,2x,520.0,S6_Q10,routine,M_routine,800,True,2,591.5,630.8,0.0,0.0,1.0,mean_0.67,0,0.67,0.15,beta,none
City-A,T2,2x,520.0,S6_Q10,cross_regime,M_stress,800,True,2,591.5,561.2,0.0,0.0513,1.0,mean_0.67,0,0.67,0.15,beta,none
City-A,T2,5x,1300.0,S0a_RoutineOracle,routine,M_routine,800,True,3,1327.1,1327.1,0.0,0.0,1.0,mean_0.67,0,0.67,0.15,beta,none
City-A,T2,5x,1300.0,S0a_RoutineOracle,cross_regime,M_stress,800,True,3,1327.1,808.3,491.7,0.3909,0.0,mean_0.67,0,0.67,0.15,beta,none
City-A,T2,5x,1300.0,S0b_StressOracle,routine,M_routine,800,True,5,1448.7,1953.1,0.0,0.0,1.0,mean_0.67,0,0.67,0.15,beta,none
City-A,T2,5x,1300.0,S0b_StressOracle,cross_regime,M_stress,800,True,5,1448.7,1448.7,0.0,0.0,1.0,mean_0.67,0,0.67,0.15,beta,none
City-A,T2,5x,1300.0,S1_CapRR,routine,M_routine,800,True,3,1889.7,1033.1,266.9,0.4533,0.0,mean_0.67,0,0.67,0.15,beta,none
City-A,T2,5x,1300.0,S1_CapRR,cross_regime,M_stress,800,True,3,1889.7,883.3,416.7,0.5326,0.0,mean_0.67,0,0.67,0.15,beta,none
City-A,T2,5x,1300.0,S2_Platform,routine,M_routine,800,True,4,1596.5,1441.7,0.0,0.097,1.0,mean_0.67,0,0.67,0.15,beta,none
City-A,T2,5x,1300.0,S2_Platform,cross_regime,M_stress,800,True,4,1596.5,1058.4,241.6,0.337,0.0,mean_0.67,0,0.67,0.15,beta,none
City-A,T2,5x,1300.0,S3_Lin4,routine,M_routine,800,True,4,1602.8,1442.1,0.0,0.1002,1.0,mean_0.67,0,0.67,0.15,beta,none
City-A,T2,5x,1300.0,S3_Lin4,cross_regime,M_stress,800,True,4,1602.8,1159.0,141.0,0.2769,0.0,mean_0.67,0,0.67,0.15,beta,none
City-A,T2,5x,1300.0,S4_GlobalCalib,routine,M_routine,800,True,4,1650.9,1494.1,0.0,0.0949,1.0,mean_0.67,0,0.67,0.15,beta,none
City-A,T2,5x,1300.0,S4_GlobalCalib,cross_regime,M_stress,800,True,4,1650.9,1125.2,174.8,0.3184,0.0,mean_0.67,0,0.67,0.15,beta,none
City-A,T2,5x,1300.0,S5_CityCalib,routine,M_routine,800,True,4,1630.2,1494.1,0.0,0.0835,1.0,mean_0.67,0,0.67,0.15,beta,none
City-A,T2,5x,1300.0,S5_CityCalib,cross_regime,M_stress,800,True,4,1630.2,1125.2,174.8,0.3098,0.0,mean_0.67,0,0.67,0.15,beta,none
City-A,T2,5x,1300.0,S6_Q10,routine,M_routine,800,True,5,1389.2,1874.1,0.0,0.0,1.0,mean_0.67,0,0.67,0.15,beta,none
City-A,T2,5x,1300.0,S6_Q10,cross_regime,M_stress,800,True,5,1389.2,1366.0,0.0,0.0166,1.0,mean_0.67,0,0.67,0.15,beta,none
City-A,T2,10x,2600.0,S0a_RoutineOracle,routine,M_routine,800,True,7,2918.9,2918.9,0.0,0.0,1.0,mean_0.67,0,0.67,0.15,beta,none
City-A,T2,10x,2600.0,S0a_RoutineOracle,cross_regime,M_stress,800,True,7,2918.9,1840.8,759.2,0.3693,0.0,mean_0.67,0,0.67,0.15,beta,none
City-A,T2,10x,2600.0,S0b_StressOracle,routine,M_routine,800,True,10,2721.3,3571.6,0.0,0.0,1.0,mean_0.67,0,0.67,0.15,beta,none
City-A,T2,10x,2600.0,S0b_StressOracle,cross_regime,M_stress,800,True,10,2721.3,2721.3,0.0,0.0,1.0,mean_0.67,0,0.67,0.15,beta,none
City-A,T2,10x,2600.0,S1_CapRR,routine,M_routine,800,True,5,3037.3,1874.1,725.9,0.383,0.0,mean_0.67,0,0.67,0.15,beta,none
City-A,T2,10x,2600.0,S1_CapRR,cross_regime,M_stress,800,True,5,3037.3,1366.0,1234.0,0.5503,0.0,mean_0.67,0,0.67,0.15,beta,none
City-A,T2,10x,2600.0,S2_Platform,routine,M_routine,800,True,7,2630.1,2400.2,199.8,0.0874,0.0,mean_0.67,0,0.67,0.15,beta,none
City-A,T2,10x,2600.0,S2_Platform,cross_regime,M_stress,800,True,7,2630.1,1855.7,744.3,0.2945,0.0,mean_0.67,0,0.67,0.15,beta,none
City-A,T2,10x,2600.0,S3_Lin4,routine,M_routine,800,True,7,2650.4,2683.6,0.0,0.0,1.0,mean_0.67,0,0.67,0.15,beta,none
City-A,T2,10x,2600.0,S3_Lin4,cross_regime,M_stress,800,True,7,2650.4,1835.7,764.3,0.3074,0.0,mean_0.67,0,0.67,0.15,beta,none
City-A,T2,10x,2600.0,S4_GlobalCalib,routine,M_routine,800,True,7,2729.7,2714.1,0.0,0.0057,1.0,mean_0.67,0,0.67,0.15,beta,none
City-A,T2,10x,2600.0,S4_GlobalCalib,cross_regime,M_stress,800,True,7,2729.7,1898.3,701.7,0.3046,0.0,mean_0.67,0,0.67,0.15,beta,none
City-A,T2,10x,2600.0,S5_CityCalib,routine,M_routine,800,True,7,2696.7,2714.1,0.0,0.0,1.0,mean_0.67,0,0.67,0.15,beta,none
City-A,T2,10x,2600.0,S5_CityCalib,cross_regime,M_stress,800,True,7,2696.7,1898.3,701.7,0.2961,0.0,mean_0.67,0,0.67,0.15,beta,none
City-A,T2,10x,2600.0,S6_Q10,routine,M_routine,800,True,11,2799.1,3967.9,0.0,0.0,1.0,mean_0.67,0,0.67,0.15,beta,none
City-A,T2,10x,2600.0,S6_Q10,cross_regime,M_stress,800,True,11,2799.1,2912.0,0.0,0.0,1.0,mean_0.67,0,0.67,0.15,beta,none
City-A,T3,1x,200.0,S0a_RoutineOracle,routine,M_routine,800,True,1,467.5,467.5,0.0,0.0,1.0,mean_0.67,0,0.67,0.15,beta,none
City-A,T3,1x,200.0,S0a_RoutineOracle,cross_regime,M_stress,800,True,1,467.5,338.0,0.0,0.2771,1.0,mean_0.67,0,0.67,0.15,beta,none
City-A,T3,1x,200.0,S0b_StressOracle,routine,M_routine,800,True,1,338.0,467.5,0.0,0.0,1.0,mean_0.67,0,0.67,0.15,beta,none
City-A,T3,1x,200.0,S0b_StressOracle,cross_regime,M_stress,800,True,1,338.0,338.0,0.0,0.0,1.0,mean_0.67,0,0.67,0.15,beta,none
City-A,T3,1x,200.0,S1_CapRR,routine,M_routine,800,True,1,596.8,467.5,0.0,0.2166,1.0,mean_0.67,0,0.67,0.15,beta,none
City-A,T3,1x,200.0,S1_CapRR,cross_regime,M_stress,800,True,1,596.8,338.0,0.0,0.4337,1.0,mean_0.67,0,0.67,0.15,beta,none
City-A,T3,1x,200.0,S2_Platform,routine,M_routine,800,True,1,470.7,467.5,0.0,0.0066,1.0,mean_0.67,0,0.67,0.15,beta,none
City-A,T3,1x,200.0,S2_Platform,cross_regime,M_stress,800,True,1,470.7,338.0,0.0,0.2819,1.0,mean_0.67,0,0.67,0.15,beta,none
City-A,T3,1x,200.0,S3_Lin4,routine,M_routine,800,True,1,482.7,467.5,0.0,0.0315,1.0,mean_0.67,0,0.67,0.15,beta,none
City-A,T3,1x,200.0,S3_Lin4,cross_regime,M_stress,800,True,1,482.7,338.0,0.0,0.2999,1.0,mean_0.67,0,0.67,0.15,beta,none
City-A,T3,1x,200.0,S4_GlobalCalib,routine,M_routine,800,True,1,396.4,467.5,0.0,0.0,1.0,mean_0.67,0,0.67,0.15,beta,none
City-A,T3,1x,200.0,S4_GlobalCalib,cross_regime,M_stress,800,True,1,396.4,338.0,0.0,0.1474,1.0,mean_0.67,0,0.67,0.15,beta,none
City-A,T3,1x,200.0,S5_CityCalib,routine,M_routine,800,True,1,393.1,467.5,0.0,0.0,1.0,mean_0.67,0,0.67,0.15,beta,none
City-A,T3,1x,200.0,S5_CityCalib,cross_regime,M_stress,800,True,1,393.1,338.0,0.0,0.1402,1.0,mean_0.67,0,0.67,0.15,beta,none
City-A,T3,1x,200.0,S6_Q10,routine,M_routine,800,True,1,269.8,467.5,0.0,0.0,1.0,mean_0.67,0,0.67,0.15,beta,none
City-A,T3,1x,200.0,S6_Q10,cross_regime,M_stress,800,True,1,269.8,338.0,0.0,0.0,1.0,mean_0.67,0,0.67,0.15,beta,none
City-A,T3,2x,400.0,S0a_RoutineOracle,routine,M_routine,800,True,1,467.5,467.5,0.0,0.0,1.0,mean_0.67,0,0.67,0.15,beta,none
City-A,T3,2x,400.0,S0a_RoutineOracle,cross_regime,M_stress,800,True,1,467.5,338.0,62.0,0.2771,0.0,mean_0.67,0,0.67,0.15,beta,none
City-A,T3,2x,400.0,S0b_StressOracle,routine,M_routine,800,True,2,672.8,599.5,0.0,0.1089,1.0,mean_0.67,0,0.67,0.15,beta,none
City-A,T3,2x,400.0,S0b_StressOracle,cross_regime,M_stress,800,True,2,672.8,672.8,0.0,0.0,1.0,mean_0.67,0,0.67,0.15,beta,none
City-A,T3,2x,400.0,S1_CapRR,routine,M_routine,800,True,1,596.8,467.5,0.0,0.2166,1.0,mean_0.67,0,0.67,0.15,beta,none
City-A,T3,2x,400.0,S1_CapRR,cross_regime,M_stress,800,True,1,596.8,338.0,62.0,0.4337,0.0,mean_0.67,0,0.67,0.15,beta,none
City-A,T3,2x,400.0,S2_Platform,routine,M_routine,800,True,1,470.7,467.5,0.0,0.0066,1.0,mean_0.67,0,0.67,0.15,beta,none
City-A,T3,2x,400.0,S2_Platform,cross_regime,M_stress,800,True,1,470.7,338.0,62.0,0.2819,0.0,mean_0.67,0,0.67,0.15,beta,none
City-A,T3,2x,400.0,S3_Lin4,routine,M_routine,800,True,1,482.7,467.5,0.0,0.0315,1.0,mean_0.67,0,0.67,0.15,beta,none
City-A,T3,2x,400.0,S3_Lin4,cross_regime,M_stress,800,True,1,482.7,338.0,62.0,0.2999,0.0,mean_0.67,0,0.67,0.15,beta,none
City-A,T3,2x,400.0,S4_GlobalCalib,routine,M_routine,800,True,2,755.9,599.5,0.0,0.2069,1.0,mean_0.67,0,0.67,0.15,beta,none
City-A,T3,2x,400.0,S4_GlobalCalib,cross_regime,M_stress,800,True,2,755.9,672.8,0.0,0.1099,1.0,mean_0.67,0,0.67,0.15,beta,none
City-A,T3,2x,400.0,S5_CityCalib,routine,M_routine,800,True,2,749.8,599.5,0.0,0.2004,1.0,mean_0.67,0,0.67,0.15,beta,none
City-A,T3,2x,400.0,S5_CityCalib,cross_regime,M_stress,800,True,2,749.8,672.8,0.0,0.1027,1.0,mean_0.67,0,0.67,0.15,beta,none
City-A,T3,2x,400.0,S6_Q10,routine,M_routine,800,True,2,514.6,599.5,0.0,0.0,1.0,mean_0.67,0,0.67,0.15,beta,none
City-A,T3,2x,400.0,S6_Q10,cross_regime,M_stress,800,True,2,514.6,672.8,0.0,0.0,1.0,mean_0.67,0,0.67,0.15,beta,none
City-A,T3,5x,1000.0,S0a_RoutineOracle,routine,M_routine,800,True,3,1234.1,1234.1,0.0,0.0,1.0,mean_0.67,0,0.67,0.15,beta,none
City-A,T3,5x,1000.0,S0a_RoutineOracle,cross_regime,M_stress,800,True,3,1234.1,705.3,294.7,0.4285,0.0,mean_0.67,0,0.67,0.15,beta,none
City-A,T3,5x,1000.0,S0b_StressOracle,routine,M_routine,800,True,4,1146.2,1176.1,0.0,0.0,1.0,mean_0.67,0,0.67,0.15,beta,none
City-A,T3,5x,1000.0,S0b_StressOracle,cross_regime,M_stress,800,True,4,1146.2,1146.2,0.0,0.0,1.0,mean_0.67,0,0.67,0.15,beta,none
City-A,T3,5x,1000.0,S1_CapRR,routine,M_routine,800,True,2,1138.1,599.5,400.5,0.4732,0.0,mean_0.67,0,0.67,0.15,beta,none
City-A,T3,5x,1000.0,S1_CapRR,cross_regime,M_stress,800,True,2,1138.1,672.8,327.2,0.4089,0.0,mean_0.67,0,0.67,0.15,beta,none
City-A,T3,5x,1000.0,S2_Platform,routine,M_routine,800,True,3,1264.8,1144.9,0.0,0.0948,1.0,mean_0.67,0,0.67,0.15,beta,none
City-A,T3,5x,1000.0,S2_Platform,cross_regime,M_stress,800,True,3,1264.8,739.7,260.3,0.4152,0.0,mean_0.67,0,0.67,0.15,beta,none
City-A,T3,5x,1000.0,S3_Lin4,routine,M_routine,800,True,3,1226.3,1051.3,0.0,0.1427,1.0,mean_0.67,0,0.67,0.15,beta,none
City-A,T3,5x,1000.0,S3_Lin4,cross_regime,M_stress,800,True,3,1226.3,763.2,236.8,0.3776,0.0,mean_0.67,0,0.67,0.15,beta,none
City-A,T3,5x,1000.0,S4_GlobalCalib,routine,M_routine,800,True,3,1104.4,973.1,26.9,0.1189,0.0,mean_0.67,0,0.67,0.15,beta,none
City-A,T3,5x,1000.0,S4_GlobalCalib,cross_regime,M_stress,800,True,3,1104.4,851.6,148.4,0.2289,0.0,mean_0.67,0,0.67,0.15,beta,none
City-A,T3,5x,1000.0,S5_CityCalib,routine,M_routine,800,True,3,1095.7,973.1,26.9,0.1119,0.0,mean_0.67,0,0.67,0.15,beta,none
City-A,T3,5x,1000.0,S5_CityCalib,cross_regime,M_stress,800,True,3,1095.7,851.6,148.4,0.2227,0.0,mean_0.67,0,0.67,0.15,beta,none
City-A,T3,5x,1000.0,S6_Q10,routine,M_routine,800,True,5,1208.5,1652.2,0.0,0.0,1.0,mean_0.67,0,0.67,0.15,beta,none
City-A,T3,5x,1000.0,S6_Q10,cross_regime,M_stress,800,True,5,1208.5,1236.5,0.0,0.0,1.0,mean_0.67,0,0.67,0.15,beta,none
City-A,T3,10x,2000.0,S0a_RoutineOracle,routine,M_routine,800,True,6,2334.4,2334.4,0.0,0.0,1.0,mean_0.67,0,0.67,0.15,beta,none
City-A,T3,10x,2000.0,S0a_RoutineOracle,cross_regime,M_stress,800,True,6,2334.4,1279.3,720.7,0.452,0.0,mean_0.67,0,0.67,0.15,beta,none
City-A,T3,10x,2000.0,S0b_StressOracle,routine,M_routine,800,True,8,2014.7,2427.2,0.0,0.0,1.0,mean_0.67,0,0.67,0.15,beta,none
City-A,T3,10x,2000.0,S0b_StressOracle,cross_regime,M_stress,800,True,8,2014.7,2014.7,0.0,0.0,1.0,mean_0.67,0,0.67,0.15,beta,none
City-A,T3,10x,2000.0,S1_CapRR,routine,M_routine,800,True,4,2175.3,1348.4,651.6,0.3801,0.0,mean_0.67,0,0.67,0.15,beta,none
City-A,T3,10x,2000.0,S1_CapRR,cross_regime,M_stress,800,True,4,2175.3,1013.6,986.4,0.5341,0.0,mean_0.67,0,0.67,0.15,beta,none
City-A,T3,10x,2000.0,S2_Platform,routine,M_routine,800,True,6,2357.9,1927.9,72.1,0.1823,0.0,mean_0.67,0,0.67,0.15,beta,none
City-A,T3,10x,2000.0,S2_Platform,cross_regime,M_stress,800,True,6,2357.9,1400.8,599.2,0.4059,0.0,mean_0.67,0,0.67,0.15,beta,none
City-A,T3,10x,2000.0,S3_Lin4,routine,M_routine,800,True,6,2256.4,1862.5,137.5,0.1746,0.0,mean_0.67,0,0.67,0.15,beta,none
City-A,T3,10x,2000.0,S3_Lin4,cross_regime,M_stress,800,True,6,2256.4,1482.9,517.1,0.3428,0.0,mean_0.67,0,0.67,0.15,beta,none
City-A,T3,10x,2000.0,S4_GlobalCalib,routine,M_routine,800,True,6,2084.2,1862.5,137.5,0.1064,0.0,mean_0.67,0,0.67,0.15,beta,none
City-A,T3,10x,2000.0,S4_GlobalCalib,cross_regime,M_stress,800,True,6,2084.2,1482.9,517.1,0.2885,0.0,mean_0.67,0,0.67,0.15,beta,none
City-A,T3,10x,2000.0,S5_CityCalib,routine,M_routine,800,True,6,2068.6,1862.5,137.5,0.0996,0.0,mean_0.67,0,0.67,0.15,beta,none
City-A,T3,10x,2000.0,S5_CityCalib,cross_regime,M_stress,800,True,6,2068.6,1482.9,517.1,0.2831,0.0,mean_0.67,0,0.67,0.15,beta,none
City-A,T3,10x,2000.0,S6_Q10,routine,M_routine,800,True,9,2034.6,2904.4,0.0,0.0,1.0,mean_0.67,0,0.67,0.15,beta,none
City-A,T3,10x,2000.0,S6_Q10,cross_regime,M_stress,800,True,9,2034.6,2067.0,0.0,0.0,1.0,mean_0.67,0,0.67,0.15,beta,none
City-A,T4,1x,140.0,S0a_RoutineOracle,routine,M_routine,800,True,1,518.0,518.0,0.0,0.0,1.0,mean_0.67,0,0.67,0.15,beta,none
City-A,T4,1x,140.0,S0a_RoutineOracle,cross_regime,M_stress,800,True,1,518.0,339.5,0.0,0.3447,1.0,mean_0.67,0,0.67,0.15,beta,none
City-A,T4,1x,140.0,S0b_StressOracle,routine,M_routine,800,True,1,339.5,518.0,0.0,0.0,1.0,mean_0.67,0,0.67,0.15,beta,none
City-A,T4,1x,140.0,S0b_StressOracle,cross_regime,M_stress,800,True,1,339.5,339.5,0.0,0.0,1.0,mean_0.67,0,0.67,0.15,beta,none
City-A,T4,1x,140.0,S1_CapRR,routine,M_routine,800,True,1,678.2,518.0,0.0,0.2361,1.0,mean_0.67,0,0.67,0.15,beta,none
City-A,T4,1x,140.0,S1_CapRR,cross_regime,M_stress,800,True,1,678.2,339.5,0.0,0.4994,1.0,mean_0.67,0,0.67,0.15,beta,none
City-A,T4,1x,140.0,S2_Platform,routine,M_routine,800,True,1,299.2,200.5,0.0,0.3299,1.0,mean_0.67,0,0.67,0.15,beta,none
City-A,T4,1x,140.0,S2_Platform,cross_regime,M_stress,800,True,1,299.2,256.3,0.0,0.1436,1.0,mean_0.67,0,0.67,0.15,beta,none
City-A,T4,1x,140.0,S3_Lin4,routine,M_routine,800,True,1,488.8,518.0,0.0,0.0,1.0,mean_0.67,0,0.67,0.15,beta,none
City-A,T4,1x,140.0,S3_Lin4,cross_regime,M_stress,800,True,1,488.8,339.5,0.0,0.3056,1.0,mean_0.67,0,0.67,0.15,beta,none
City-A,T4,1x,140.0,S4_GlobalCalib,routine,M_routine,800,True,1,452.4,518.0,0.0,0.0,1.0,mean_0.67,0,0.67,0.15,beta,none
City-A,T4,1x,140.0,S4_GlobalCalib,cross_regime,M_stress,800,True,1,452.4,339.5,0.0,0.2496,1.0,mean_0.67,0,0.67,0.15,beta,none
City-A,T4,1x,140.0,S5_CityCalib,routine,M_routine,800,True,1,452.7,518.0,0.0,0.0,1.0,mean_0.67,0,0.67,0.15,beta,none
City-A,T4,1x,140.0,S5_CityCalib,cross_regime,M_stress,800,True,1,452.7,339.5,0.0,0.2501,1.0,mean_0.67,0,0.67,0.15,beta,none
City-A,T4,1x,140.0,S6_Q10,routine,M_routine,800,True,1,310.2,518.0,0.0,0.0,1.0,mean_0.67,0,0.67,0.15,beta,none
City-A,T4,1x,140.0,S6_Q10,cross_regime,M_stress,800,True,1,310.2,339.5,0.0,0.0,1.0,mean_0.67,0,0.67,0.15,beta,none
City-A,T4,2x,280.0,S0a_RoutineOracle,routine,M_routine,800,True,1,518.0,518.0,0.0,0.0,1.0,mean_0.67,0,0.67,0.15,beta,none
City-A,T4,2x,280.0,S0a_RoutineOracle,cross_regime,M_stress,800,True,1,518.0,339.5,0.0,0.3447,1.0,mean_0.67,0,0.67,0.15,beta,none
City-A,T4,2x,280.0,S0b_StressOracle,routine,M_routine,800,True,1,339.5,518.0,0.0,0.0,1.0,mean_0.67,0,0.67,0.15,beta,none
City-A,T4,2x,280.0,S0b_StressOracle,cross_regime,M_stress,800,True,1,339.5,339.5,0.0,0.0,1.0,mean_0.67,0,0.67,0.15,beta,none
City-A,T4,2x,280.0,S1_CapRR,routine,M_routine,800,True,1,678.2,518.0,0.0,0.2361,1.0,mean_0.67,0,0.67,0.15,beta,none
City-A,T4,2x,280.0,S1_CapRR,cross_regime,M_stress,800,True,1,678.2,339.5,0.0,0.4994,1.0,mean_0.67,0,0.67,0.15,beta,none
City-A,T4,2x,280.0,S2_Platform,routine,M_routine,800,True,1,299.2,200.5,79.5,0.3299,0.0,mean_0.67,0,0.67,0.15,beta,none
City-A,T4,2x,280.0,S2_Platform,cross_regime,M_stress,800,True,1,299.2,256.3,23.7,0.1436,0.0,mean_0.67,0,0.67,0.15,beta,none
City-A,T4,2x,280.0,S3_Lin4,routine,M_routine,800,True,1,488.8,518.0,0.0,0.0,1.0,mean_0.67,0,0.67,0.15,beta,none
City-A,T4,2x,280.0,S3_Lin4,cross_regime,M_stress,800,True,1,488.8,339.5,0.0,0.3056,1.0,mean_0.67,0,0.67,0.15,beta,none
City-A,T4,2x,280.0,S4_GlobalCalib,routine,M_routine,800,True,1,452.4,518.0,0.0,0.0,1.0,mean_0.67,0,0.67,0.15,beta,none
City-A,T4,2x,280.0,S4_GlobalCalib,cross_regime,M_stress,800,True,1,452.4,339.5,0.0,0.2496,1.0,mean_0.67,0,0.67,0.15,beta,none
City-A,T4,2x,280.0,S5_CityCalib,routine,M_routine,800,True,1,452.7,518.0,0.0,0.0,1.0,mean_0.67,0,0.67,0.15,beta,none
City-A,T4,2x,280.0,S5_CityCalib,cross_regime,M_stress,800,True,1,452.7,339.5,0.0,0.2501,1.0,mean_0.67,0,0.67,0.15,beta,none
City-A,T4,2x,280.0,S6_Q10,routine,M_routine,800,True,1,310.2,518.0,0.0,0.0,1.0,mean_0.67,0,0.67,0.15,beta,none
City-A,T4,2x,280.0,S6_Q10,cross_regime,M_stress,800,True,1,310.2,339.5,0.0,0.0,1.0,mean_0.67,0,0.67,0.15,beta,none
City-A,T4,5x,700.0,S0a_RoutineOracle,routine,M_routine,800,True,2,923.3,923.3,0.0,0.0,1.0,mean_0.67,0,0.67,0.15,beta,none
City-A,T4,5x,700.0,S0a_RoutineOracle,cross_regime,M_stress,800,True,2,923.3,550.5,149.5,0.4037,0.0,mean_0.67,0,0.67,0.15,beta,none
City-A,T4,5x,700.0,S0b_StressOracle,routine,M_routine,800,True,3,954.5,1258.7,0.0,0.0,1.0,mean_0.67,0,0.67,0.15,beta,none
City-A,T4,5x,700.0,S0b_StressOracle,cross_regime,M_stress,800,True,3,954.5,954.5,0.0,0.0,1.0,mean_0.67,0,0.67,0.15,beta,none
City-A,T4,5x,700.0,S1_CapRR,routine,M_routine,800,True,2,1293.4,718.5,0.0,0.4444,1.0,mean_0.67,0,0.67,0.15,beta,none
City-A,T4,5x,700.0,S1_CapRR,cross_regime,M_stress,800,True,2,1293.4,595.7,104.3,0.5394,0.0,mean_0.67,0,0.67,0.15,beta,none
City-A,T4,5x,700.0,S2_Platform,routine,M_routine,800,True,3,870.0,655.6,44.4,0.2465,0.0,mean_0.67,0,0.67,0.15,beta,none
City-A,T4,5x,700.0,S2_Platform,cross_regime,M_stress,800,True,3,870.0,627.1,72.9,0.2792,0.0,mean_0.67,0,0.67,0.15,beta,none
City-A,T4,5x,700.0,S3_Lin4,routine,M_routine,800,True,2,874.7,864.2,0.0,0.012,1.0,mean_0.67,0,0.67,0.15,beta,none
City-A,T4,5x,700.0,S3_Lin4,cross_regime,M_stress,800,True,2,874.7,666.2,33.8,0.2384,0.0,mean_0.67,0,0.67,0.15,beta,none
City-A,T4,5x,700.0,S4_GlobalCalib,routine,M_routine,800,True,2,862.7,718.5,0.0,0.1671,1.0,mean_0.67,0,0.67,0.15,beta,none
City-A,T4,5x,700.0,S4_GlobalCalib,cross_regime,M_stress,800,True,2,862.7,595.7,104.3,0.3095,0.0,mean_0.67,0,0.67,0.15,beta,none
City-A,T4,5x,700.0,S5_CityCalib,routine,M_routine,800,True,2,863.3,718.5,0.0,0.1677,1.0,mean_0.67,0,0.67,0.15,beta,none
City-A,T4,5x,700.0,S5_CityCalib,cross_regime,M_stress,800,True,2,863.3,595.7,104.3,0.31,0.0,mean_0.67,0,0.67,0.15,beta,none
City-A,T4,5x,700.0,S6_Q10,routine,M_routine,800,True,3,864.3,1064.7,0.0,0.0,1.0,mean_0.67,0,0.67,0.15,beta,none
City-A,T4,5x,700.0,S6_Q10,cross_regime,M_stress,800,True,3,864.3,922.4,0.0,0.0,1.0,mean_0.67,0,0.67,0.15,beta,none
City-A,T4,10x,1400.0,S0a_RoutineOracle,routine,M_routine,800,True,4,1719.8,1719.8,0.0,0.0,1.0,mean_0.67,0,0.67,0.15,beta,none
City-A,T4,10x,1400.0,S0a_RoutineOracle,cross_regime,M_stress,800,True,4,1719.8,1035.4,364.6,0.398,0.0,mean_0.67,0,0.67,0.15,beta,none
City-A,T4,10x,1400.0,S0b_StressOracle,routine,M_routine,800,True,5,1482.7,1757.6,0.0,0.0,1.0,mean_0.67,0,0.67,0.15,beta,none
City-A,T4,10x,1400.0,S0b_StressOracle,cross_regime,M_stress,800,True,5,1482.7,1482.7,0.0,0.0,1.0,mean_0.67,0,0.67,0.15,beta,none
City-A,T4,10x,1400.0,S1_CapRR,routine,M_routine,800,True,3,1889.7,1064.7,335.3,0.4366,0.0,mean_0.67,0,0.67,0.15,beta,none
City-A,T4,10x,1400.0,S1_CapRR,cross_regime,M_stress,800,True,3,1889.7,922.4,477.6,0.5118,0.0,mean_0.67,0,0.67,0.15,beta,none
City-A,T4,10x,1400.0,S2_Platform,routine,M_routine,800,True,5,1424.2,1149.8,250.2,0.1926,0.0,mean_0.67,0,0.67,0.15,beta,none
City-A,T4,10x,1400.0,S2_Platform,cross_regime,M_stress,800,True,5,1424.2,1029.6,370.4,0.277,0.0,mean_0.67,0,0.67,0.15,beta,none
City-A,T4,10x,1400.0,S3_Lin4,routine,M_routine,800,True,4,1616.4,1336.7,63.3,0.173,0.0,mean_0.67,0,0.67,0.15,beta,none
City-A,T4,10x,1400.0,S3_Lin4,cross_regime,M_stress,800,True,4,1616.4,1117.2,282.8,0.3088,0.0,mean_0.67,0,0.67,0.15,beta,none
City-A,T4,10x,1400.0,S4_GlobalCalib,routine,M_routine,800,True,4,1648.8,1459.2,0.0,0.115,1.0,mean_0.67,0,0.67,0.15,beta,none
City-A,T4,10x,1400.0,S4_GlobalCalib,cross_regime,M_stress,800,True,4,1648.8,1210.8,189.2,0.2657,0.0,mean_0.67,0,0.67,0.15,beta,none
City-A,T4,10x,1400.0,S5_CityCalib,routine,M_routine,800,True,4,1650.1,1459.2,0.0,0.1157,1.0,mean_0.67,0,0.67,0.15,beta,none
City-A,T4,10x,1400.0,S5_CityCalib,cross_regime,M_stress,800,True,4,1650.1,1210.8,189.2,0.2662,0.0,mean_0.67,0,0.67,0.15,beta,none
City-A,T4,10x,1400.0,S6_Q10,routine,M_routine,800,True,6,1631.3,2136.5,0.0,0.0,1.0,mean_0.67,0,0.67,0.15,beta,none
City-A,T4,10x,1400.0,S6_Q10,cross_regime,M_stress,800,True,6,1631.3,1616.6,0.0,0.009,1.0,mean_0.67,0,0.67,0.15,beta,none
City-A,T5,1x,160.0,S0a_RoutineOracle,routine,M_routine,800,True,1,451.3,451.3,0.0,0.0,1.0,mean_0.67,0,0.67,0.15,beta,none
City-A,T5,1x,160.0,S0a_RoutineOracle,cross_regime,M_stress,800,True,1,451.3,184.9,0.0,0.5904,1.0,mean_0.67,0,0.67,0.15,beta,none
City-A,T5,1x,160.0,S0b_StressOracle,routine,M_routine,800,True,1,279.3,392.0,0.0,0.0,1.0,mean_0.67,0,0.67,0.15,beta,none
City-A,T5,1x,160.0,S0b_StressOracle,cross_regime,M_stress,800,True,1,279.3,279.3,0.0,0.0,1.0,mean_0.67,0,0.67,0.15,beta,none
City-A,T5,1x,160.0,S1_CapRR,routine,M_routine,800,True,1,596.8,396.0,0.0,0.3364,1.0,mean_0.67,0,0.67,0.15,beta,none
City-A,T5,1x,160.0,S1_CapRR,cross_regime,M_stress,800,True,1,596.8,132.4,27.6,0.7781,0.0,mean_0.67,0,0.67,0.15,beta,none
City-A,T5,1x,160.0,S2_Platform,routine,M_routine,800,True,1,485.5,396.0,0.0,0.1842,1.0,mean_0.67,0,0.67,0.15,beta,none
City-A,T5,1x,160.0,S2_Platform,cross_regime,M_stress,800,True,1,485.5,132.4,27.6,0.7272,0.0,mean_0.67,0,0.67,0.15,beta,none
City-A,T5,1x,160.0,S3_Lin4,routine,M_routine,800,True,1,480.7,396.0,0.0,0.176,1.0,mean_0.67,0,0.67,0.15,beta,none
City-A,T5,1x,160.0,S3_Lin4,cross_regime,M_stress,800,True,1,480.7,132.4,27.6,0.7245,0.0,mean_0.67,0,0.67,0.15,beta,none
City-A,T5,1x,160.0,S4_GlobalCalib,routine,M_routine,800,True,1,395.1,396.0,0.0,0.0,1.0,mean_0.67,0,0.67,0.15,beta,none
City-A,T5,1x,160.0,S4_GlobalCalib,cross_regime,M_stress,800,True,1,395.1,132.4,27.6,0.6648,0.0,mean_0.67,0,0.67,0.15,beta,none
City-A,T5,1x,160.0,S5_CityCalib,routine,M_routine,800,True,1,390.9,396.0,0.0,0.0,1.0,mean_0.67,0,0.67,0.15,beta,none
City-A,T5,1x,160.0,S5_CityCalib,cross_regime,M_stress,800,True,1,390.9,132.4,27.6,0.6612,0.0,mean_0.67,0,0.67,0.15,beta,none
City-A,T5,1x,160.0,S6_Q10,routine,M_routine,800,True,1,271.4,396.0,0.0,0.0,1.0,mean_0.67,0,0.67,0.15,beta,none
City-A,T5,1x,160.0,S6_Q10,cross_regime,M_stress,800,True,1,271.4,132.4,27.6,0.512,0.0,mean_0.67,0,0.67,0.15,beta,none
City-A,T5,2x,320.0,S0a_RoutineOracle,routine,M_routine,800,True,1,451.3,451.3,0.0,0.0,1.0,mean_0.67,0,0.67,0.15,beta,none
City-A,T5,2x,320.0,S0a_RoutineOracle,cross_regime,M_stress,800,True,1,451.3,184.9,135.1,0.5904,0.0,mean_0.67,0,0.67,0.15,beta,none
City-A,T5,2x,320.0,S0b_StressOracle,routine,M_routine,800,True,2,527.9,801.8,0.0,0.0,1.0,mean_0.67,0,0.67,0.15,beta,none
City-A,T5,2x,320.0,S0b_StressOracle,cross_regime,M_stress,800,True,2,527.9,527.9,0.0,0.0,1.0,mean_0.67,0,0.67,0.15,beta,none
City-A,T5,2x,320.0,S1_CapRR,routine,M_routine,800,True,1,596.8,396.0,0.0,0.3364,1.0,mean_0.67,0,0.67,0.15,beta,none
City-A,T5,2x,320.0,S1_CapRR,cross_regime,M_stress,800,True,1,596.8,132.4,187.6,0.7781,0.0,mean_0.67,0,0.67,0.15,beta,none
City-A,T5,2x,320.0,S2_Platform,routine,M_routine,800,True,1,485.5,396.0,0.0,0.1842,1.0,mean_0.67,0,0.67,0.15,beta,none
City-A,T5,2x,320.0,S2_Platform,cross_regime,M_stress,800,True,1,485.5,132.4,187.6,0.7272,0.0,mean_0.67,0,0.67,0.15,beta,none
City-A,T5,2x,320.0,S3_Lin4,routine,M_routine,800,True,1,480.7,396.0,0.0,0.176,1.0,mean_0.67,0,0.67,0.15,beta,none
City-A,T5,2x,320.0,S3_Lin4,cross_regime,M_stress,800,True,1,480.7,132.4,187.6,0.7245,0.0,mean_0.67,0,0.67,0.15,beta,none
City-A,T5,2x,320.0,S4_GlobalCalib,routine,M_routine,800,True,1,395.1,396.0,0.0,0.0,1.0,mean_0.67,0,0.67,0.15,beta,none
City-A,T5,2x,320.0,S4_GlobalCalib,cross_regime,M_stress,800,True,1,395.1,132.4,187.6,0.6648,0.0,mean_0.67,0,0.67,0.15,beta,none
City-A,T5,2x,320.0,S5_CityCalib,routine,M_routine,800,True,1,390.9,396.0,0.0,0.0,1.0,mean_0.67,0,0.67,0.15,beta,none
City-A,T5,2x,320.0,S5_CityCalib,cross_regime,M_stress,800,True,1,390.9,132.4,187.6,0.6612,0.0,mean_0.67,0,0.67,0.15,beta,none
City-A,T5,2x,320.0,S6_Q10,routine,M_routine,800,True,2,517.6,835.1,0.0,0.0,1.0,mean_0.67,0,0.67,0.15,beta,none
City-A,T5,2x,320.0,S6_Q10,cross_regime,M_stress,800,True,2,517.6,363.3,0.0,0.298,1.0,mean_0.67,0,0.67,0.15,beta,none
City-A,T5,5x,800.0,S0a_RoutineOracle,routine,M_routine,800,True,2,890.4,890.4,0.0,0.0,1.0,mean_0.67,0,0.67,0.15,beta,none
City-A,T5,5x,800.0,S0a_RoutineOracle,cross_regime,M_stress,800,True,2,890.4,415.8,384.2,0.5331,0.0,mean_0.67,0,0.67,0.15,beta,none
City-A,T5,5x,800.0,S0b_StressOracle,routine,M_routine,800,True,4,974.7,1486.2,0.0,0.0,1.0,mean_0.67,0,0.67,0.15,beta,none
City-A,T5,5x,800.0,S0b_StressOracle,cross_regime,M_stress,800,True,4,974.7,974.7,0.0,0.0,1.0,mean_0.67,0,0.67,0.15,beta,none
City-A,T5,5x,800.0,S1_CapRR,routine,M_routine,800,True,2,1138.1,835.1,0.0,0.2662,1.0,mean_0.67,0,0.67,0.15,beta,none
City-A,T5,5x,800.0,S1_CapRR,cross_regime,M_stress,800,True,2,1138.1,363.3,436.7,0.6808,0.0,mean_0.67,0,0.67,0.15,beta,none
City-A,T5,5x,800.0,S2_Platform,routine,M_routine,800,True,2,897.6,805.8,0.0,0.1022,1.0,mean_0.67,0,0.67,0.15,beta,none
City-A,T5,5x,800.0,S2_Platform,cross_regime,M_stress,800,True,2,897.6,381.0,419.0,0.5755,0.0,mean_0.67,0,0.67,0.15,beta,none
City-A,T5,5x,800.0,S3_Lin4,routine,M_routine,800,True,2,852.9,847.3,0.0,0.0066,1.0,mean_0.67,0,0.67,0.15,beta,none
City-A,T5,5x,800.0,S3_Lin4,cross_regime,M_stress,800,True,2,852.9,317.3,482.7,0.628,0.0,mean_0.67,0,0.67,0.15,beta,none
City-A,T5,5x,800.0,S4_GlobalCalib,routine,M_routine,800,True,3,1101.0,1286.4,0.0,0.0,1.0,mean_0.67,0,0.67,0.15,beta,none
City-A,T5,5x,800.0,S4_GlobalCalib,cross_regime,M_stress,800,True,3,1101.0,548.2,251.8,0.5021,0.0,mean_0.67,0,0.67,0.15,beta,none
City-A,T5,5x,800.0,S5_CityCalib,routine,M_routine,800,True,3,1089.8,1286.4,0.0,0.0,1.0,mean_0.67,0,0.67,0.15,beta,none
City-A,T5,5x,800.0,S5_CityCalib,cross_regime,M_stress,800,True,3,1089.8,548.2,251.8,0.497,0.0,mean_0.67,0,0.67,0.15,beta,none
City-A,T5,5x,800.0,S6_Q10,routine,M_routine,800,True,4,989.3,1678.5,0.0,0.0,1.0,mean_0.67,0,0.67,0.15,beta,none
City-A,T5,5x,800.0,S6_Q10,cross_regime,M_stress,800,True,4,989.3,827.5,0.0,0.1635,1.0,mean_0.67,0,0.67,0.15,beta,none
City-A,T5,10x,1600.0,S0a_RoutineOracle,routine,M_routine,800,True,4,1696.2,1696.2,0.0,0.0,1.0,mean_0.67,0,0.67,0.15,beta,none
City-A,T5,10x,1600.0,S0a_RoutineOracle,cross_regime,M_stress,800,True,4,1696.2,796.8,803.2,0.5303,0.0,mean_0.67,0,0.67,0.15,beta,none
City-A,T5,10x,1600.0,S0b_StressOracle,routine,M_routine,800,True,8,1778.0,2371.0,0.0,0.0,1.0,mean_0.67,0,0.67,0.15,beta,none
City-A,T5,10x,1600.0,S0b_StressOracle,cross_regime,M_stress,800,True,8,1778.0,1778.0,0.0,0.0,1.0,mean_0.67,0,0.67,0.15,beta,none
City-A,T5,10x,1600.0,S1_CapRR,routine,M_routine,800,True,3,1662.9,1286.4,313.6,0.2264,0.0,mean_0.67,0,0.67,0.15,beta,none
City-A,T5,10x,1600.0,S1_CapRR,cross_regime,M_stress,800,True,3,1662.9,548.2,1051.8,0.6703,0.0,mean_0.67,0,0.67,0.15,beta,none
City-A,T5,10x,1600.0,S2_Platform,routine,M_routine,800,True,4,1696.8,1649.2,0.0,0.0281,1.0,mean_0.67,0,0.67,0.15,beta,none
City-A,T5,10x,1600.0,S2_Platform,cross_regime,M_stress,800,True,4,1696.8,845.2,754.8,0.5019,0.0,mean_0.67,0,0.67,0.15,beta,none
City-A,T5,10x,1600.0,S3_Lin4,routine,M_routine,800,True,5,1907.8,1851.4,0.0,0.0295,1.0,mean_0.67,0,0.67,0.15,beta,none
City-A,T5,10x,1600.0,S3_Lin4,cross_regime,M_stress,800,True,5,1907.8,997.8,602.2,0.477,0.0,mean_0.67,0,0.67,0.15,beta,none
City-A,T5,10x,1600.0,S4_GlobalCalib,routine,M_routine,800,True,5,1769.7,2088.3,0.0,0.0,1.0,mean_0.67,0,0.67,0.15,beta,none
City-A,T5,10x,1600.0,S4_GlobalCalib,cross_regime,M_stress,800,True,5,1769.7,1076.1,523.9,0.3919,0.0,mean_0.67,0,0.67,0.15,beta,none
City-A,T5,10x,1600.0,S5_CityCalib,routine,M_routine,800,True,5,1752.0,2088.3,0.0,0.0,1.0,mean_0.67,0,0.67,0.15,beta,none
City-A,T5,10x,1600.0,S5_CityCalib,cross_regime,M_stress,800,True,5,1752.0,1076.1,523.9,0.3858,0.0,mean_0.67,0,0.67,0.15,beta,none
City-A,T5,10x,1600.0,S6_Q10,routine,M_routine,800,True,7,1635.9,2615.8,0.0,0.0,1.0,mean_0.67,0,0.67,0.15,beta,none
City-A,T5,10x,1600.0,S6_Q10,cross_regime,M_stress,800,True,7,1635.9,1426.5,173.5,0.128,0.0,mean_0.67,0,0.67,0.15,beta,none
City-B,T1,1x,180.0,S0a_RoutineOracle,routine,M_routine,500,True,1,638.6,638.6,0.0,0.0,1.0,mean_0.67,0,0.67,0.15,beta,none
City-B,T1,1x,180.0,S0a_RoutineOracle,cross_regime,M_stress,500,True,1,638.6,475.2,0.0,0.2559,1.0,mean_0.67,0,0.67,0.15,beta,none
City-B,T1,1x,180.0,S0b_StressOracle,routine,M_routine,500,True,1,475.2,638.6,0.0,0.0,1.0,mean_0.67,0,0.67,0.15,beta,none
City-B,T1,1x,180.0,S0b_StressOracle,cross_regime,M_stress,500,True,1,475.2,475.2,0.0,0.0,1.0,mean_0.67,0,0.67,0.15,beta,none
City-B,T1,1x,180.0,S1_CapRR,routine,M_routine,500,True,1,846.0,638.6,0.0,0.2452,1.0,mean_0.67,0,0.67,0.15,beta,none
City-B,T1,1x,180.0,S1_CapRR,cross_regime,M_stress,500,True,1,846.0,475.2,0.0,0.4384,1.0,mean_0.67,0,0.67,0.15,beta,none
City-B,T1,1x,180.0,S2_Platform,routine,M_routine,500,True,1,561.1,520.0,0.0,0.0734,1.0,mean_0.67,0,0.67,0.15,beta,none
City-B,T1,1x,180.0,S2_Platform,cross_regime,M_stress,500,True,1,561.1,410.1,0.0,0.2692,1.0,mean_0.67,0,0.67,0.15,beta,none
City-B,T1,1x,180.0,S3_Lin4,routine,M_routine,500,True,1,462.1,501.3,0.0,0.0,1.0,mean_0.67,0,0.67,0.15,beta,none
City-B,T1,1x,180.0,S3_Lin4,cross_regime,M_stress,500,True,1,462.1,310.1,0.0,0.329,1.0,mean_0.67,0,0.67,0.15,beta,none
City-B,T1,1x,180.0,S4_GlobalCalib,routine,M_routine,500,True,1,560.9,638.6,0.0,0.0,1.0,mean_0.67,0,0.67,0.15,beta,none
City-B,T1,1x,180.0,S4_GlobalCalib,cross_regime,M_stress,500,True,1,560.9,475.2,0.0,0.1528,1.0,mean_0.67,0,0.67,0.15,beta,none
City-B,T1,1x,180.0,S5_CityCalib,routine,M_routine,500,True,1,567.3,638.6,0.0,0.0,1.0,mean_0.67,0,0.67,0.15,beta,none
City-B,T1,1x,180.0,S5_CityCalib,cross_regime,M_stress,500,True,1,567.3,475.2,0.0,0.1624,1.0,mean_0.67,0,0.67,0.15,beta,none
City-B,T1,1x,180.0,S6_Q10,routine,M_routine,500,True,1,384.1,638.6,0.0,0.0,1.0,mean_0.67,0,0.67,0.15,beta,none
City-B,T1,1x,180.0,S6_Q10,cross_regime,M_stress,500,True,1,384.1,475.2,0.0,0.0,1.0,mean_0.67,0,0.67,0.15,beta,none
City-B,T1,2x,360.0,S0a_RoutineOracle,routine,M_routine,500,True,1,638.6,638.6,0.0,0.0,1.0,mean_0.67,0,0.67,0.15,beta,none
City-B,T1,2x,360.0,S0a_RoutineOracle,cross_regime,M_stress,500,True,1,638.6,475.2,0.0,0.2559,1.0,mean_0.67,0,0.67,0.15,beta,none
City-B,T1,2x,360.0,S0b_StressOracle,routine,M_routine,500,True,1,475.2,638.6,0.0,0.0,1.0,mean_0.67,0,0.67,0.15,beta,none
City-B,T1,2x,360.0,S0b_StressOracle,cross_regime,M_stress,500,True,1,475.2,475.2,0.0,0.0,1.0,mean_0.67,0,0.67,0.15,beta,none
City-B,T1,2x,360.0,S1_CapRR,routine,M_routine,500,True,1,846.0,638.6,0.0,0.2452,1.0,mean_0.67,0,0.67,0.15,beta,none
City-B,T1,2x,360.0,S1_CapRR,cross_regime,M_stress,500,True,1,846.0,475.2,0.0,0.4384,1.0,mean_0.67,0,0.67,0.15,beta,none
City-B,T1,2x,360.0,S2_Platform,routine,M_routine,500,True,1,561.1,520.0,0.0,0.0734,1.0,mean_0.67,0,0.67,0.15,beta,none
City-B,T1,2x,360.0,S2_Platform,cross_regime,M_stress,500,True,1,561.1,410.1,0.0,0.2692,1.0,mean_0.67,0,0.67,0.15,beta,none
City-B,T1,2x,360.0,S3_Lin4,routine,M_routine,500,True,1,462.1,501.3,0.0,0.0,1.0,mean_0.67,0,0.67,0.15,beta,none
City-B,T1,2x,360.0,S3_Lin4,cross_regime,M_stress,500,True,1,462.1,310.1,49.9,0.329,0.0,mean_0.67,0,0.67,0.15,beta,none
City-B,T1,2x,360.0,S4_GlobalCalib,routine,M_routine,500,True,1,560.9,638.6,0.0,0.0,1.0,mean_0.67,0,0.67,0.15,beta,none
City-B,T1,2x,360.0,S4_GlobalCalib,cross_regime,M_stress,500,True,1,560.9,475.2,0.0,0.1528,1.0,mean_0.67,0,0.67,0.15,beta,none
City-B,T1,2x,360.0,S5_CityCalib,routine,M_routine,500,True,1,567.3,638.6,0.0,0.0,1.0,mean_0.67,0,0.67,0.15,beta,none
City-B,T1,2x,360.0,S5_CityCalib,cross_regime,M_stress,500,True,1,567.3,475.2,0.0,0.1624,1.0,mean_0.67,0,0.67,0.15,beta,none
City-B,T1,2x,360.0,S6_Q10,routine,M_routine,500,True,1,384.1,638.6,0.0,0.0,1.0,mean_0.67,0,0.67,0.15,beta,none
City-B,T1,2x,360.0,S6_Q10,cross_regime,M_stress,500,True,1,384.1,475.2,0.0,0.0,1.0,mean_0.67,0,0.67,0.15,beta,none
City-B,T1,5x,900.0,S0a_RoutineOracle,routine,M_routine,500,True,2,1269.4,1269.4,0.0,0.0,1.0,mean_0.67,0,0.67,0.15,beta,none
City-B,T1,5x,900.0,S0a_RoutineOracle,cross_regime,M_stress,500,True,2,1269.4,920.0,0.0,0.2753,1.0,mean_0.67,0,0.67,0.15,beta,none
City-B,T1,5x,900.0,S0b_StressOracle,routine,M_routine,500,True,2,920.0,1269.4,0.0,0.0,1.0,mean_0.67,0,0.67,0.15,beta,none
City-B,T1,5x,900.0,S0b_StressOracle,cross_regime,M_stress,500,True,2,920.0,920.0,0.0,0.0,1.0,mean_0.67,0,0.67,0.15,beta,none
City-B,T1,5x,900.0,S1_CapRR,routine,M_routine,500,True,2,1688.0,1269.4,0.0,0.248,1.0,mean_0.67,0,0.67,0.15,beta,none
City-B,T1,5x,900.0,S1_CapRR,cross_regime,M_stress,500,True,2,1688.0,920.0,0.0,0.455,1.0,mean_0.67,0,0.67,0.15,beta,none
City-B,T1,5x,900.0,S2_Platform,routine,M_routine,500,True,2,1112.3,1021.2,0.0,0.0819,1.0,mean_0.67,0,0.67,0.15,beta,none
City-B,T1,5x,900.0,S2_Platform,cross_regime,M_stress,500,True,2,1112.3,720.2,179.8,0.3525,0.0,mean_0.67,0,0.67,0.15,beta,none
City-B,T1,5x,900.0,S3_Lin4,routine,M_routine,500,True,2,918.0,1021.2,0.0,0.0,1.0,mean_0.67,0,0.67,0.15,beta,none
City-B,T1,5x,900.0,S3_Lin4,cross_regime,M_stress,500,True,2,918.0,720.2,179.8,0.2154,0.0,mean_0.67,0,0.67,0.15,beta,none
City-B,T1,5x,900.0,S4_GlobalCalib,routine,M_routine,500,True,2,1119.1,1269.4,0.0,0.0,1.0,mean_0.67,0,0.67,0.15,beta,none
City-B,T1,5x,900.0,S4_GlobalCalib,cross_regime,M_stress,500,True,2,1119.1,920.0,0.0,0.1779,1.0,mean_0.67,0,0.67,0.15,beta,none
City-B,T1,5x,900.0,S5_CityCalib,routine,M_routine,500,True,2,1131.8,1269.4,0.0,0.0,1.0,mean_0.67,0,0.67,0.15,beta,none
City-B,T1,5x,900.0,S5_CityCalib,cross_regime,M_stress,500,True,2,1131.8,920.0,0.0,0.1871,1.0,mean_0.67,0,0.67,0.15,beta,none
City-B,T1,5x,900.0,S6_Q10,routine,M_routine,500,True,3,1137.2,1770.7,0.0,0.0,1.0,mean_0.67,0,0.67,0.15,beta,none
City-B,T1,5x,900.0,S6_Q10,cross_regime,M_stress,500,True,3,1137.2,1230.1,0.0,0.0,1.0,mean_0.67,0,0.67,0.15,beta,none
City-B,T1,10x,1800.0,S0a_RoutineOracle,routine,M_routine,500,True,4,2319.6,2319.6,0.0,0.0,1.0,mean_0.67,0,0.67,0.15,beta,none
City-B,T1,10x,1800.0,S0a_RoutineOracle,cross_regime,M_stress,500,True,4,2319.6,1584.7,215.3,0.3168,0.0,mean_0.67,0,0.67,0.15,beta,none
City-B,T1,10x,1800.0,S0b_StressOracle,routine,M_routine,500,True,5,1963.2,2790.4,0.0,0.0,1.0,mean_0.67,0,0.67,0.15,beta,none
City-B,T1,10x,1800.0,S0b_StressOracle,cross_regime,M_stress,500,True,5,1963.2,1963.2,0.0,0.0,1.0,mean_0.67,0,0.67,0.15,beta,none
City-B,T1,10x,1800.0,S1_CapRR,routine,M_routine,500,True,3,2504.5,1770.7,29.3,0.293,0.0,mean_0.67,0,0.67,0.15,beta,none
City-B,T1,10x,1800.0,S1_CapRR,cross_regime,M_stress,500,True,3,2504.5,1230.1,569.9,0.5088,0.0,mean_0.67,0,0.67,0.15,beta,none
City-B,T1,10x,1800.0,S2_Platform,routine,M_routine,500,True,4,2163.2,2290.6,0.0,0.0,1.0,mean_0.67,0,0.67,0.15,beta,none
City-B,T1,10x,1800.0,S2_Platform,cross_regime,M_stress,500,True,4,2163.2,1640.2,159.8,0.2418,0.0,mean_0.67,0,0.67,0.15,beta,none
City-B,T1,10x,1800.0,S3_Lin4,routine,M_routine,500,True,4,1821.5,2290.6,0.0,0.0,1.0,mean_0.67,0,0.67,0.15,beta,none
City-B,T1,10x,1800.0,S3_Lin4,cross_regime,M_stress,500,True,4,1821.5,1640.2,159.8,0.0995,0.0,mean_0.67,0,0.67,0.15,beta,none
City-B,T1,10x,1800.0,S4_GlobalCalib,routine,M_routine,500,True,4,2190.0,2290.6,0.0,0.0,1.0,mean_0.67,0,0.67,0.15,beta,none
City-B,T1,10x,1800.0,S4_GlobalCalib,cross_regime,M_stress,500,True,4,2190.0,1640.2,159.8,0.251,0.0,mean_0.67,0,0.67,0.15,beta,none
City-B,T1,10x,1800.0,S5_CityCalib,routine,M_routine,500,True,4,2214.8,2290.6,0.0,0.0,1.0,mean_0.67,0,0.67,0.15,beta,none
City-B,T1,10x,1800.0,S5_CityCalib,cross_regime,M_stress,500,True,4,2214.8,1640.2,159.8,0.2594,0.0,mean_0.67,0,0.67,0.15,beta,none
City-B,T1,10x,1800.0,S6_Q10,routine,M_routine,500,True,5,1817.2,2820.8,0.0,0.0,1.0,mean_0.67,0,0.67,0.15,beta,none
City-B,T1,10x,1800.0,S6_Q10,cross_regime,M_stress,500,True,5,1817.2,1894.8,0.0,0.0,1.0,mean_0.67,0,0.67,0.15,beta,none
City-B,T2,1x,260.0,S0a_RoutineOracle,routine,M_routine,500,True,1,623.4,623.4,0.0,0.0,1.0,mean_0.67,0,0.67,0.15,beta,none
City-B,T2,1x,260.0,S0a_RoutineOracle,cross_regime,M_stress,500,True,1,623.4,325.9,0.0,0.4771,1.0,mean_0.67,0,0.67,0.15,beta,none
City-B,T2,1x,260.0,S0b_StressOracle,routine,M_routine,500,True,1,400.3,489.9,0.0,0.0,1.0,mean_0.67,0,0.67,0.15,beta,none
City-B,T2,1x,260.0,S0b_StressOracle,cross_regime,M_stress,500,True,1,400.3,400.3,0.0,0.0,1.0,mean_0.67,0,0.67,0.15,beta,none
City-B,T2,1x,260.0,S1_CapRR,routine,M_routine,500,True,1,846.0,623.4,0.0,0.2632,1.0,mean_0.67,0,0.67,0.15,beta,none
City-B,T2,1x,260.0,S1_CapRR,cross_regime,M_stress,500,True,1,846.0,325.9,0.0,0.6147,1.0,mean_0.67,0,0.67,0.15,beta,none
City-B,T2,1x,260.0,S2_Platform,routine,M_routine,500,True,1,557.0,284.7,0.0,0.4889,1.0,mean_0.67,0,0.67,0.15,beta,none
City-B,T2,1x,260.0,S2_Platform,cross_regime,M_stress,500,True,1,557.0,225.3,34.7,0.5955,0.0,mean_0.67,0,0.67,0.15,beta,none
City-B,T2,1x,260.0,S3_Lin4,routine,M_routine,500,True,1,464.5,529.7,0.0,0.0,1.0,mean_0.67,0,0.67,0.15,beta,none
City-B,T2,1x,260.0,S3_Lin4,cross_regime,M_stress,500,True,1,464.5,374.1,0.0,0.1946,1.0,mean_0.67,0,0.67,0.15,beta,none
City-B,T2,1x,260.0,S4_GlobalCalib,routine,M_routine,500,True,1,565.3,623.4,0.0,0.0,1.0,mean_0.67,0,0.67,0.15,beta,none
City-B,T2,1x,260.0,S4_GlobalCalib,cross_regime,M_stress,500,True,1,565.3,325.9,0.0,0.4234,1.0,mean_0.67,0,0.67,0.15,beta,none
City-B,T2,1x,260.0,S5_CityCalib,routine,M_routine,500,True,1,582.4,623.4,0.0,0.0,1.0,mean_0.67,0,0.67,0.15,beta,none
City-B,T2,1x,260.0,S5_CityCalib,cross_regime,M_stress,500,True,1,582.4,325.9,0.0,0.4403,1.0,mean_0.67,0,0.67,0.15,beta,none
City-B,T2,1x,260.0,S6_Q10,routine,M_routine,500,True,1,386.9,623.4,0.0,0.0,1.0,mean_0.67,0,0.67,0.15,beta,none
City-B,T2,1x,260.0,S6_Q10,cross_regime,M_stress,500,True,1,386.9,325.9,0.0,0.1576,1.0,mean_0.67,0,0.67,0.15,beta,none
City-B,T2,2x,520.0,S0a_RoutineOracle,routine,M_routine,500,True,1,623.4,623.4,0.0,0.0,1.0,mean_0.67,0,0.67,0.15,beta,none
City-B,T2,2x,520.0,S0a_RoutineOracle,cross_regime,M_stress,500,True,1,623.4,325.9,194.1,0.4771,0.0,mean_0.67,0,0.67,0.15,beta,none
City-B,T2,2x,520.0,S0b_StressOracle,routine,M_routine,500,True,2,774.4,1019.7,0.0,0.0,1.0,mean_0.67,0,0.67,0.15,beta,none
City-B,T2,2x,520.0,S0b_StressOracle,cross_regime,M_stress,500,True,2,774.4,774.4,0.0,0.0,1.0,mean_0.67,0,0.67,0.15,beta,none
City-B,T2,2x,520.0,S1_CapRR,routine,M_routine,500,True,1,846.0,623.4,0.0,0.2632,1.0,mean_0.67,0,0.67,0.15,beta,none
City-B,T2,2x,520.0,S1_CapRR,cross_regime,M_stress,500,True,1,846.0,325.9,194.1,0.6147,0.0,mean_0.67,0,0.67,0.15,beta,none
City-B,T2,2x,520.0,S2_Platform,routine,M_routine,500,True,1,557.0,284.7,235.3,0.4889,0.0,mean_0.67,0,0.67,0.15,beta,none
City-B,T2,2x,520.0,S2_Platform,cross_regime,M_stress,500,True,1,557.0,225.3,294.7,0.5955,0.0,mean_0.67,0,0.67,0.15,beta,none
City-B,T2,2x,520.0,S3_Lin4,routine,M_routine,500,True,2,922.8,814.4,0.0,0.1175,1.0,mean_0.67,0,0.67,0.15,beta,none
City-B,T2,2x,520.0,S3_Lin4,cross_regime,M_stress,500,True,2,922.8,599.4,0.0,0.3504,1.0,mean_0.67,0,0.67,0.15,beta,none
City-B,T2,2x,520.0,S4_GlobalCalib,routine,M_routine,500,True,1,565.3,623.4,0.0,0.0,1.0,mean_0.67,0,0.67,0.15,beta,none
City-B,T2,2x,520.0,S4_GlobalCalib,cross_regime,M_stress,500,True,1,565.3,325.9,194.1,0.4234,0.0,mean_0.67,0,0.67,0.15,beta,none
City-B,T2,2x,520.0,S5_CityCalib,routine,M_routine,500,True,1,582.4,623.4,0.0,0.0,1.0,mean_0.67,0,0.67,0.15,beta,none
City-B,T2,2x,520.0,S5_CityCalib,cross_regime,M_stress,500,True,1,582.4,325.9,194.1,0.4403,0.0,mean_0.67,0,0.67,0.15,beta,none
City-B,T2,2x,520.0,S6_Q10,routine,M_routine,500,True,2,772.0,1113.3,0.0,0.0,1.0,mean_0.67,0,0.67,0.15,beta,none
City-B,T2,2x,520.0,S6_Q10,cross_regime,M_stress,500,True,2,772.0,726.3,0.0,0.0592,1.0,mean_0.67,0,0.67,0.15,beta,none
City-B,T2,5x,1300.0,S0a_RoutineOracle,routine,M_routine,500,True,3,1643.0,1643.0,0.0,0.0,1.0,mean_0.67,0,0.67,0.15,beta,none
City-B,T2,5x,1300.0,S0a_RoutineOracle,cross_regime,M_stress,500,True,3,1643.0,1100.4,199.6,0.3303,0.0,mean_0.67,0,0.67,0.15,beta,none
City-B,T2,5x,1300.0,S0b_StressOracle,routine,M_routine,500,True,4,1465.8,1958.4,0.0,0.0,1.0,mean_0.67,0,0.67,0.15,beta,none
City-B,T2,5x,1300.0,S0b_StressOracle,cross_regime,M_stress,500,True,4,1465.8,1465.8,0.0,0.0,1.0,mean_0.67,0,0.67,0.15,beta,none
City-B,T2,5x,1300.0,S1_CapRR,routine,M_routine,500,True,2,1688.0,1113.3,186.7,0.3404,0.0,mean_0.67,0,0.67,0.15,beta,none
City-B,T2,5x,1300.0,S1_CapRR,cross_regime,M_stress,500,True,2,1688.0,726.3,573.7,0.5697,0.0,mean_0.67,0,0.67,0.15,beta,none
City-B,T2,5x,1300.0,S2_Platform,routine,M_routine,500,True,3,1630.3,1304.3,0.0,0.1999,1.0,mean_0.67,0,0.67,0.15,beta,none
City-B,T2,5x,1300.0,S2_Platform,cross_regime,M_stress,500,True,3,1630.3,999.7,300.3,0.3868,0.0,mean_0.67,0,0.67,0.15,beta,none
City-B,T2,5x,1300.0,S3_Lin4,routine,M_routine,500,True,3,1377.9,1437.8,0.0,0.0,1.0,mean_0.67,0,0.67,0.15,beta,none
City-B,T2,5x,1300.0,S3_Lin4,cross_regime,M_stress,500,True,3,1377.9,925.3,374.7,0.3285,0.0,mean_0.67,0,0.67,0.15,beta,none
City-B,T2,5x,1300.0,S4_GlobalCalib,routine,M_routine,500,True,3,1673.4,1643.0,0.0,0.0181,1.0,mean_0.67,0,0.67,0.15,beta,none
City-B,T2,5x,1300.0,S4_GlobalCalib,cross_regime,M_stress,500,True,3,1673.4,1100.4,199.6,0.3424,0.0,mean_0.67,0,0.67,0.15,beta,none
City-B,T2,5x,1300.0,S5_CityCalib,routine,M_routine,500,True,3,1723.8,1643.0,0.0,0.0468,1.0,mean_0.67,0,0.67,0.15,beta,none
City-B,T2,5x,1300.0,S5_CityCalib,cross_regime,M_stress,500,True,3,1723.8,1100.4,199.6,0.3616,0.0,mean_0.67,0,0.67,0.15,beta,none
City-B,T2,5x,1300.0,S6_Q10,routine,M_routine,500,True,4,1510.8,1927.7,0.0,0.0,1.0,mean_0.67,0,0.67,0.15,beta,none
City-B,T2,5x,1300.0,S6_Q10,cross_regime,M_stress,500,True,4,1510.8,1325.7,0.0,0.1225,1.0,mean_0.67,0,0.67,0.15,beta,none
City-B,T2,10x,2600.0,S0a_RoutineOracle,routine,M_routine,500,True,6,2917.7,2917.7,0.0,0.0,1.0,mean_0.67,0,0.67,0.15,beta,none
City-B,T2,10x,2600.0,S0a_RoutineOracle,cross_regime,M_stress,500,True,6,2917.7,1676.8,923.2,0.4253,0.0,mean_0.67,0,0.67,0.15,beta,none
City-B,T2,10x,2600.0,S0b_StressOracle,routine,M_routine,500,True,8,2693.5,3307.6,0.0,0.0,1.0,mean_0.67,0,0.67,0.15,beta,none
City-B,T2,10x,2600.0,S0b_StressOracle,cross_regime,M_stress,500,True,8,2693.5,2693.5,0.0,0.0,1.0,mean_0.67,0,0.67,0.15,beta,none
City-B,T2,10x,2600.0,S1_CapRR,routine,M_routine,500,True,4,3303.2,1927.7,672.3,0.4164,0.0,mean_0.67,0,0.67,0.15,beta,none
City-B,T2,10x,2600.0,S1_CapRR,cross_regime,M_stress,500,True,4,3303.2,1325.7,1274.3,0.5987,0.0,mean_0.67,0,0.67,0.15,beta,none
City-B,T2,10x,2600.0,S2_Platform,routine,M_routine,500,True,6,2974.4,2455.7,144.3,0.1744,0.0,mean_0.67,0,0.67,0.15,beta,none
City-B,T2,10x,2600.0,S2_Platform,cross_regime,M_stress,500,True,6,2974.4,1944.9,655.1,0.3461,0.0,mean_0.67,0,0.67,0.15,beta,none
City-B,T2,10x,2600.0,S3_Lin4,routine,M_routine,500,True,7,2959.5,2834.0,0.0,0.0424,1.0,mean_0.67,0,0.67,0.15,beta,none
City-B,T2,10x,2600.0,S3_Lin4,cross_regime,M_stress,500,True,7,2959.5,2202.7,397.3,0.2557,0.0,mean_0.67,0,0.67,0.15,beta,none
City-B,T2,10x,2600.0,S4_GlobalCalib,routine,M_routine,500,True,5,2673.9,2140.3,459.7,0.1995,0.0,mean_0.67,0,0.67,0.15,beta,none
City-B,T2,10x,2600.0,S4_GlobalCalib,cross_regime,M_stress,500,True,5,2673.9,1579.5,1020.5,0.4093,0.0,mean_0.67,0,0.67,0.15,beta,none
City-B,T2,10x,2600.0,S5_CityCalib,routine,M_routine,500,True,5,2753.2,2140.3,459.7,0.2226,0.0,mean_0.67,0,0.67,0.15,beta,none
City-B,T2,10x,2600.0,S5_CityCalib,cross_regime,M_stress,500,True,5,2753.2,1579.5,1020.5,0.4263,0.0,mean_0.67,0,0.67,0.15,beta,none
City-B,T2,10x,2600.0,S6_Q10,routine,M_routine,500,True,8,2673.8,3323.1,0.0,0.0,1.0,mean_0.67,0,0.67,0.15,beta,none
City-B,T2,10x,2600.0,S6_Q10,cross_regime,M_stress,500,True,8,2673.8,2464.5,135.5,0.0783,0.0,mean_0.67,0,0.67,0.15,beta,none
City-B,T3,1x,200.0,S0a_RoutineOracle,routine,M_routine,500,True,1,626.1,626.1,0.0,0.0,1.0,mean_0.67,0,0.67,0.15,beta,none
City-B,T3,1x,200.0,S0a_RoutineOracle,cross_regime,M_stress,500,True,1,626.1,274.7,0.0,0.5613,1.0,mean_0.67,0,0.67,0.15,beta,none
City-B,T3,1x,200.0,S0b_StressOracle,routine,M_routine,500,True,1,445.5,459.7,0.0,0.0,1.0,mean_0.67,0,0.67,0.15,beta,none
City-B,T3,1x,200.0,S0b_StressOracle,cross_regime,M_stress,500,True,1,445.5,445.5,0.0,0.0,1.0,mean_0.67,0,0.67,0.15,beta,none
City-B,T3,1x,200.0,S1_CapRR,routine,M_routine,500,True,1,744.5,459.7,0.0,0.3825,1.0,mean_0.67,0,0.67,0.15,beta,none
City-B,T3,1x,200.0,S1_CapRR,cross_regime,M_stress,500,True,1,744.5,445.5,0.0,0.4016,1.0,mean_0.67,0,0.67,0.15,beta,none
City-B,T3,1x,200.0,S2_Platform,routine,M_routine,500,True,1,543.2,626.1,0.0,0.0,1.0,mean_0.67,0,0.67,0.15,beta,none
City-B,T3,1x,200.0,S2_Platform,cross_regime,M_stress,500,True,1,543.2,274.7,0.0,0.4943,1.0,mean_0.67,0,0.67,0.15,beta,none
City-B,T3,1x,200.0,S3_Lin4,routine,M_routine,500,True,1,453.8,435.2,0.0,0.041,1.0,mean_0.67,0,0.67,0.15,beta,none
City-B,T3,1x,200.0,S3_Lin4,cross_regime,M_stress,500,True,1,453.8,329.5,0.0,0.274,1.0,mean_0.67,0,0.67,0.15,beta,none
City-B,T3,1x,200.0,S4_GlobalCalib,routine,M_routine,500,True,1,494.6,459.7,0.0,0.0705,1.0,mean_0.67,0,0.67,0.15,beta,none
City-B,T3,1x,200.0,S4_GlobalCalib,cross_regime,M_stress,500,True,1,494.6,445.5,0.0,0.0992,1.0,mean_0.67,0,0.67,0.15,beta,none
City-B,T3,1x,200.0,S5_CityCalib,routine,M_routine,500,True,1,500.2,459.7,0.0,0.081,1.0,mean_0.67,0,0.67,0.15,beta,none
City-B,T3,1x,200.0,S5_CityCalib,cross_regime,M_stress,500,True,1,500.2,445.5,0.0,0.1093,1.0,mean_0.67,0,0.67,0.15,beta,none
City-B,T3,1x,200.0,S6_Q10,routine,M_routine,500,True,1,336.6,459.7,0.0,0.0,1.0,mean_0.67,0,0.67,0.15,beta,none
City-B,T3,1x,200.0,S6_Q10,cross_regime,M_stress,500,True,1,336.6,445.5,0.0,0.0,1.0,mean_0.67,0,0.67,0.15,beta,none
City-B,T3,2x,400.0,S0a_RoutineOracle,routine,M_routine,500,True,1,626.1,626.1,0.0,0.0,1.0,mean_0.67,0,0.67,0.15,beta,none
City-B,T3,2x,400.0,S0a_RoutineOracle,cross_regime,M_stress,500,True,1,626.1,274.7,125.3,0.5613,0.0,mean_0.67,0,0.67,0.15,beta,none
City-B,T3,2x,400.0,S0b_StressOracle,routine,M_routine,500,True,1,445.5,459.7,0.0,0.0,1.0,mean_0.67,0,0.67,0.15,beta,none
City-B,T3,2x,400.0,S0b_StressOracle,cross_regime,M_stress,500,True,1,445.5,445.5,0.0,0.0,1.0,mean_0.67,0,0.67,0.15,beta,none
City-B,T3,2x,400.0,S1_CapRR,routine,M_routine,500,True,1,744.5,459.7,0.0,0.3825,1.0,mean_0.67,0,0.67,0.15,beta,none
City-B,T3,2x,400.0,S1_CapRR,cross_regime,M_stress,500,True,1,744.5,445.5,0.0,0.4016,1.0,mean_0.67,0,0.67,0.15,beta,none
City-B,T3,2x,400.0,S2_Platform,routine,M_routine,500,True,1,543.2,626.1,0.0,0.0,1.0,mean_0.67,0,0.67,0.15,beta,none
City-B,T3,2x,400.0,S2_Platform,cross_regime,M_stress,500,True,1,543.2,274.7,125.3,0.4943,0.0,mean_0.67,0,0.67,0.15,beta,none
City-B,T3,2x,400.0,S3_Lin4,routine,M_routine,500,True,1,453.8,435.2,0.0,0.041,1.0,mean_0.67,0,0.67,0.15,beta,none
City-B,T3,2x,400.0,S3_Lin4,cross_regime,M_stress,500,True,1,453.8,329.5,70.5,0.274,0.0,mean_0.67,0,0.67,0.15,beta,none
City-B,T3,2x,400.0,S4_GlobalCalib,routine,M_routine,500,True,1,494.6,459.7,0.0,0.0705,1.0,mean_0.67,0,0.67,0.15,beta,none
City-B,T3,2x,400.0,S4_GlobalCalib,cross_regime,M_stress,500,True,1,494.6,445.5,0.0,0.0992,1.0,mean_0.67,0,0.67,0.15,beta,none
City-B,T3,2x,400.0,S5_CityCalib,routine,M_routine,500,True,1,500.2,459.7,0.0,0.081,1.0,mean_0.67,0,0.67,0.15,beta,none
City-B,T3,2x,400.0,S5_CityCalib,cross_regime,M_stress,500,True,1,500.2,445.5,0.0,0.1093,1.0,mean_0.67,0,0.67,0.15,beta,none
City-B,T3,2x,400.0,S6_Q10,routine,M_routine,500,True,2,671.6,1085.8,0.0,0.0,1.0,mean_0.67,0,0.67,0.15,beta,none
City-B,T3,2x,400.0,S6_Q10,cross_regime,M_stress,500,True,2,671.6,720.2,0.0,0.0,1.0,mean_0.67,0,0.67,0.15,beta,none
City-B,T3,5x,1000.0,S0a_RoutineOracle,routine,M_routine,500,True,2,1110.3,1110.3,0.0,0.0,1.0,mean_0.67,0,0.67,0.15,beta,none
City-B,T3,5x,1000.0,S0a_RoutineOracle,cross_regime,M_stress,500,True,2,1110.3,440.1,559.9,0.6036,0.0,mean_0.67,0,0.67,0.15,beta,none
City-B,T3,5x,1000.0,S0b_StressOracle,routine,M_routine,500,True,3,1132.1,1303.8,0.0,0.0,1.0,mean_0.67,0,0.67,0.15,beta,none
City-B,T3,5x,1000.0,S0b_StressOracle,cross_regime,M_stress,500,True,3,1132.1,1132.1,0.0,0.0,1.0,mean_0.67,0,0.67,0.15,beta,none
City-B,T3,5x,1000.0,S1_CapRR,routine,M_routine,500,True,2,1485.4,1085.8,0.0,0.269,1.0,mean_0.67,0,0.67,0.15,beta,none
City-B,T3,5x,1000.0,S1_CapRR,cross_regime,M_stress,500,True,2,1485.4,720.2,279.8,0.5151,0.0,mean_0.67,0,0.67,0.15,beta,none
City-B,T3,5x,1000.0,S2_Platform,routine,M_routine,500,True,2,1048.0,1061.3,0.0,0.0,1.0,mean_0.67,0,0.67,0.15,beta,none
City-B,T3,5x,1000.0,S2_Platform,cross_regime,M_stress,500,True,2,1048.0,604.2,395.8,0.4235,0.0,mean_0.67,0,0.67,0.15,beta,none
City-B,T3,5x,1000.0,S3_Lin4,routine,M_routine,500,True,3,1342.8,1303.8,0.0,0.029,1.0,mean_0.67,0,0.67,0.15,beta,none
City-B,T3,5x,1000.0,S3_Lin4,cross_regime,M_stress,500,True,3,1342.8,1132.1,0.0,0.1569,1.0,mean_0.67,0,0.67,0.15,beta,none
City-B,T3,5x,1000.0,S4_GlobalCalib,routine,M_routine,500,True,3,1464.1,1521.0,0.0,0.0,1.0,mean_0.67,0,0.67,0.15,beta,none
City-B,T3,5x,1000.0,S4_GlobalCalib,cross_regime,M_stress,500,True,3,1464.1,1049.7,0.0,0.283,1.0,mean_0.67,0,0.67,0.15,beta,none
City-B,T3,5x,1000.0,S5_CityCalib,routine,M_routine,500,True,3,1480.6,1521.0,0.0,0.0,1.0,mean_0.67,0,0.67,0.15,beta,none
City-B,T3,5x,1000.0,S5_CityCalib,cross_regime,M_stress,500,True,3,1480.6,1049.7,0.0,0.2911,1.0,mean_0.67,0,0.67,0.15,beta,none
City-B,T3,5x,1000.0,S6_Q10,routine,M_routine,500,True,4,1314.3,1929.9,0.0,0.0,1.0,mean_0.67,0,0.67,0.15,beta,none
City-B,T3,5x,1000.0,S6_Q10,cross_regime,M_stress,500,True,4,1314.3,1406.8,0.0,0.0,1.0,mean_0.67,0,0.67,0.15,beta,none
City-B,T3,10x,2000.0,S0a_RoutineOracle,routine,M_routine,500,True,4,2046.8,2046.8,0.0,0.0,1.0,mean_0.67,0,0.67,0.15,beta,none
City-B,T3,10x,2000.0,S0a_RoutineOracle,cross_regime,M_stress,500,True,4,2046.8,1128.7,871.3,0.4485,0.0,mean_0.67,0,0.67,0.15,beta,none
City-B,T3,10x,2000.0,S0b_StressOracle,routine,M_routine,500,True,6,2031.2,2235.6,0.0,0.0,1.0,mean_0.67,0,0.67,0.15,beta,none
City-B,T3,10x,2000.0,S0b_StressOracle,cross_regime,M_stress,500,True,6,2031.2,2031.2,0.0,0.0,1.0,mean_0.67,0,0.67,0.15,beta,none
City-B,T3,10x,2000.0,S1_CapRR,routine,M_routine,500,True,3,2203.9,1521.0,479.0,0.3099,0.0,mean_0.67,0,0.67,0.15,beta,none
City-B,T3,10x,2000.0,S1_CapRR,cross_regime,M_stress,500,True,3,2203.9,1049.7,950.3,0.5237,0.0,mean_0.67,0,0.67,0.15,beta,none
City-B,T3,10x,2000.0,S2_Platform,routine,M_routine,500,True,5,2307.7,2239.5,0.0,0.0295,1.0,mean_0.67,0,0.67,0.15,beta,none
City-B,T3,10x,2000.0,S2_Platform,cross_regime,M_stress,500,True,5,2307.7,1501.2,498.8,0.3495,0.0,mean_0.67,0,0.67,0.15,beta,none
City-B,T3,10x,2000.0,S3_Lin4,routine,M_routine,500,True,5,2155.6,2207.6,0.0,0.0,1.0,mean_0.67,0,0.67,0.15,beta,none
City-B,T3,10x,2000.0,S3_Lin4,cross_regime,M_stress,500,True,5,2155.6,1717.4,282.6,0.2033,0.0,mean_0.67,0,0.67,0.15,beta,none
City-B,T3,10x,2000.0,S4_GlobalCalib,routine,M_routine,500,True,5,2339.5,2406.8,0.0,0.0,1.0,mean_0.67,0,0.67,0.15,beta,none
City-B,T3,10x,2000.0,S4_GlobalCalib,cross_regime,M_stress,500,True,5,2339.5,1649.9,350.1,0.2948,0.0,mean_0.67,0,0.67,0.15,beta,none
City-B,T3,10x,2000.0,S5_CityCalib,routine,M_routine,500,True,5,2365.4,2406.8,0.0,0.0,1.0,mean_0.67,0,0.67,0.15,beta,none
City-B,T3,10x,2000.0,S5_CityCalib,cross_regime,M_stress,500,True,5,2365.4,1649.9,350.1,0.3025,0.0,mean_0.67,0,0.67,0.15,beta,none
City-B,T3,10x,2000.0,S6_Q10,routine,M_routine,500,True,7,2093.9,3168.7,0.0,0.0,1.0,mean_0.67,0,0.67,0.15,beta,none
City-B,T3,10x,2000.0,S6_Q10,cross_regime,M_stress,500,True,7,2093.9,2125.9,0.0,0.0,1.0,mean_0.67,0,0.67,0.15,beta,none
City-B,T4,1x,140.0,S0a_RoutineOracle,routine,M_routine,500,True,1,778.8,778.8,0.0,0.0,1.0,mean_0.67,0,0.67,0.15,beta,none
City-B,T4,1x,140.0,S0a_RoutineOracle,cross_regime,M_stress,500,True,1,778.8,438.7,0.0,0.4367,1.0,mean_0.67,0,0.67,0.15,beta,none
City-B,T4,1x,140.0,S0b_StressOracle,routine,M_routine,500,True,1,438.7,778.8,0.0,0.0,1.0,mean_0.67,0,0.67,0.15,beta,none
City-B,T4,1x,140.0,S0b_StressOracle,cross_regime,M_stress,500,True,1,438.7,438.7,0.0,0.0,1.0,mean_0.67,0,0.67,0.15,beta,none
City-B,T4,1x,140.0,S1_CapRR,routine,M_routine,500,True,1,846.0,638.6,0.0,0.2452,1.0,mean_0.67,0,0.67,0.15,beta,none
City-B,T4,1x,140.0,S1_CapRR,cross_regime,M_stress,500,True,1,846.0,310.1,0.0,0.6335,1.0,mean_0.67,0,0.67,0.15,beta,none
City-B,T4,1x,140.0,S2_Platform,routine,M_routine,500,True,1,480.1,638.6,0.0,0.0,1.0,mean_0.67,0,0.67,0.15,beta,none
City-B,T4,1x,140.0,S2_Platform,cross_regime,M_stress,500,True,1,480.1,310.1,0.0,0.3541,1.0,mean_0.67,0,0.67,0.15,beta,none
City-B,T4,1x,140.0,S3_Lin4,routine,M_routine,500,True,1,468.2,611.1,0.0,0.0,1.0,mean_0.67,0,0.67,0.15,beta,none
City-B,T4,1x,140.0,S3_Lin4,cross_regime,M_stress,500,True,1,468.2,417.3,0.0,0.1088,1.0,mean_0.67,0,0.67,0.15,beta,none
City-B,T4,1x,140.0,S4_GlobalCalib,routine,M_routine,500,True,1,564.4,638.6,0.0,0.0,1.0,mean_0.67,0,0.67,0.15,beta,none
City-B,T4,1x,140.0,S4_GlobalCalib,cross_regime,M_stress,500,True,1,564.4,310.1,0.0,0.4506,1.0,mean_0.67,0,0.67,0.15,beta,none
City-B,T4,1x,140.0,S5_CityCalib,routine,M_routine,500,True,1,563.6,638.6,0.0,0.0,1.0,mean_0.67,0,0.67,0.15,beta,none
City-B,T4,1x,140.0,S5_CityCalib,cross_regime,M_stress,500,True,1,563.6,310.1,0.0,0.4498,1.0,mean_0.67,0,0.67,0.15,beta,none
City-B,T4,1x,140.0,S6_Q10,routine,M_routine,500,True,1,387.0,638.6,0.0,0.0,1.0,mean_0.67,0,0.67,0.15,beta,none
City-B,T4,1x,140.0,S6_Q10,cross_regime,M_stress,500,True,1,387.0,310.1,0.0,0.1987,1.0,mean_0.67,0,0.67,0.15,beta,none
City-B,T4,2x,280.0,S0a_RoutineOracle,routine,M_routine,500,True,1,778.8,778.8,0.0,0.0,1.0,mean_0.67,0,0.67,0.15,beta,none
City-B,T4,2x,280.0,S0a_RoutineOracle,cross_regime,M_stress,500,True,1,778.8,438.7,0.0,0.4367,1.0,mean_0.67,0,0.67,0.15,beta,none
City-B,T4,2x,280.0,S0b_StressOracle,routine,M_routine,500,True,1,438.7,778.8,0.0,0.0,1.0,mean_0.67,0,0.67,0.15,beta,none
City-B,T4,2x,280.0,S0b_StressOracle,cross_regime,M_stress,500,True,1,438.7,438.7,0.0,0.0,1.0,mean_0.67,0,0.67,0.15,beta,none
City-B,T4,2x,280.0,S1_CapRR,routine,M_routine,500,True,1,846.0,638.6,0.0,0.2452,1.0,mean_0.67,0,0.67,0.15,beta,none
City-B,T4,2x,280.0,S1_CapRR,cross_regime,M_stress,500,True,1,846.0,310.1,0.0,0.6335,1.0,mean_0.67,0,0.67,0.15,beta,none
City-B,T4,2x,280.0,S2_Platform,routine,M_routine,500,True,1,480.1,638.6,0.0,0.0,1.0,mean_0.67,0,0.67,0.15,beta,none
City-B,T4,2x,280.0,S2_Platform,cross_regime,M_stress,500,True,1,480.1,310.1,0.0,0.3541,1.0,mean_0.67,0,0.67,0.15,beta,none
City-B,T4,2x,280.0,S3_Lin4,routine,M_routine,500,True,1,468.2,611.1,0.0,0.0,1.0,mean_0.67,0,0.67,0.15,beta,none
City-B,T4,2x,280.0,S3_Lin4,cross_regime,M_stress,500,True,1,468.2,417.3,0.0,0.1088,1.0,mean_0.67,0,0.67,0.15,beta,none
City-B,T4,2x,280.0,S4_GlobalCalib,routine,M_routine,500,True,1,564.4,638.6,0.0,0.0,1.0,mean_0.67,0,0.67,0.15,beta,none
City-B,T4,2x,280.0,S4_GlobalCalib,cross_regime,M_stress,500,True,1,564.4,310.1,0.0,0.4506,1.0,mean_0.67,0,0.67,0.15,beta,none
City-B,T4,2x,280.0,S5_CityCalib,routine,M_routine,500,True,1,563.6,638.6,0.0,0.0,1.0,mean_0.67,0,0.67,0.15,beta,none
City-B,T4,2x,280.0,S5_CityCalib,cross_regime,M_stress,500,True,1,563.6,310.1,0.0,0.4498,1.0,mean_0.67,0,0.67,0.15,beta,none
City-B,T4,2x,280.0,S6_Q10,routine,M_routine,500,True,1,387.0,638.6,0.0,0.0,1.0,mean_0.67,0,0.67,0.15,beta,none
City-B,T4,2x,280.0,S6_Q10,cross_regime,M_stress,500,True,1,387.0,310.1,0.0,0.1987,1.0,mean_0.67,0,0.67,0.15,beta,none
City-B,T4,5x,700.0,S0a_RoutineOracle,routine,M_routine,500,True,1,778.8,778.8,0.0,0.0,1.0,mean_0.67,0,0.67,0.15,beta,none
City-B,T4,5x,700.0,S0a_RoutineOracle,cross_regime,M_stress,500,True,1,778.8,438.7,261.3,0.4367,0.0,mean_0.67,0,0.67,0.15,beta,none
City-B,T4,5x,700.0,S0b_StressOracle,routine,M_routine,500,True,2,871.8,1401.2,0.0,0.0,1.0,mean_0.67,0,0.67,0.15,beta,none
City-B,T4,5x,700.0,S0b_StressOracle,cross_regime,M_stress,500,True,2,871.8,871.8,0.0,0.0,1.0,mean_0.67,0,0.67,0.15,beta,none
City-B,T4,5x,700.0,S1_CapRR,routine,M_routine,500,True,1,846.0,638.6,61.4,0.2452,0.0,mean_0.67,0,0.67,0.15,beta,none
City-B,T4,5x,700.0,S1_CapRR,cross_regime,M_stress,500,True,1,846.0,310.1,389.9,0.6335,0.0,mean_0.67,0,0.67,0.15,beta,none
City-B,T4,5x,700.0,S2_Platform,routine,M_routine,500,True,2,912.9,1261.0,0.0,0.0,1.0,mean_0.67,0,0.67,0.15,beta,none
City-B,T4,5x,700.0,S2_Platform,cross_regime,M_stress,500,True,2,912.9,743.2,0.0,0.1859,1.0,mean_0.67,0,0.67,0.15,beta,none
City-B,T4,5x,700.0,S3_Lin4,routine,M_routine,500,True,2,930.2,1233.5,0.0,0.0,1.0,mean_0.67,0,0.67,0.15,beta,none
City-B,T4,5x,700.0,S3_Lin4,cross_regime,M_stress,500,True,2,930.2,850.4,0.0,0.0858,1.0,mean_0.67,0,0.67,0.15,beta,none
City-B,T4,5x,700.0,S4_GlobalCalib,routine,M_routine,500,True,2,1126.1,1417.4,0.0,0.0,1.0,mean_0.67,0,0.67,0.15,beta,none
City-B,T4,5x,700.0,S4_GlobalCalib,cross_regime,M_stress,500,True,2,1126.1,748.8,0.0,0.3351,1.0,mean_0.67,0,0.67,0.15,beta,none
City-B,T4,5x,700.0,S5_CityCalib,routine,M_routine,500,True,2,1124.4,1417.4,0.0,0.0,1.0,mean_0.67,0,0.67,0.15,beta,none
City-B,T4,5x,700.0,S5_CityCalib,cross_regime,M_stress,500,True,2,1124.4,748.8,0.0,0.3341,1.0,mean_0.67,0,0.67,0.15,beta,none
City-B,T4,5x,700.0,S6_Q10,routine,M_routine,500,True,2,772.1,1417.4,0.0,0.0,1.0,mean_0.67,0,0.67,0.15,beta,none
City-B,T4,5x,700.0,S6_Q10,cross_regime,M_stress,500,True,2,772.1,748.8,0.0,0.0301,1.0,mean_0.67,0,0.67,0.15,beta,none
City-B,T4,10x,1400.0,S0a_RoutineOracle,routine,M_routine,500,True,2,1417.4,1417.4,0.0,0.0,1.0,mean_0.67,0,0.67,0.15,beta,none
City-B,T4,10x,1400.0,S0a_RoutineOracle,cross_regime,M_stress,500,True,2,1417.4,748.8,651.2,0.4717,0.0,mean_0.67,0,0.67,0.15,beta,none
City-B,T4,10x,1400.0,S0b_StressOracle,routine,M_routine,500,True,4,1668.3,2624.9,0.0,0.0,1.0,mean_0.67,0,0.67,0.15,beta,none
City-B,T4,10x,1400.0,S0b_StressOracle,cross_regime,M_stress,500,True,4,1668.3,1668.3,0.0,0.0,1.0,mean_0.67,0,0.67,0.15,beta,none
City-B,T4,10x,1400.0,S1_CapRR,routine,M_routine,500,True,2,1688.0,1417.4,0.0,0.1603,1.0,mean_0.67,0,0.67,0.15,beta,none
City-B,T4,10x,1400.0,S1_CapRR,cross_regime,M_stress,500,True,2,1688.0,748.8,651.2,0.5564,0.0,mean_0.67,0,0.67,0.15,beta,none
City-B,T4,10x,1400.0,S2_Platform,routine,M_routine,500,True,4,1693.5,2348.1,0.0,0.0,1.0,mean_0.67,0,0.67,0.15,beta,none
City-B,T4,10x,1400.0,S2_Platform,cross_regime,M_stress,500,True,4,1693.5,1475.1,0.0,0.1289,1.0,mean_0.67,0,0.67,0.15,beta,none
City-B,T4,10x,1400.0,S3_Lin4,routine,M_routine,500,True,4,1846.1,2650.9,0.0,0.0,1.0,mean_0.67,0,0.67,0.15,beta,none
City-B,T4,10x,1400.0,S3_Lin4,cross_regime,M_stress,500,True,4,1846.1,1599.2,0.0,0.1337,1.0,mean_0.67,0,0.67,0.15,beta,none
City-B,T4,10x,1400.0,S4_GlobalCalib,routine,M_routine,500,True,3,1670.9,2028.5,0.0,0.0,1.0,mean_0.67,0,0.67,0.15,beta,none
City-B,T4,10x,1400.0,S4_GlobalCalib,cross_regime,M_stress,500,True,3,1670.9,1166.1,233.9,0.3021,0.0,mean_0.67,0,0.67,0.15,beta,none
City-B,T4,10x,1400.0,S5_CityCalib,routine,M_routine,500,True,3,1668.3,2028.5,0.0,0.0,1.0,mean_0.67,0,0.67,0.15,beta,none
City-B,T4,10x,1400.0,S5_CityCalib,cross_regime,M_stress,500,True,3,1668.3,1166.1,233.9,0.301,0.0,mean_0.67,0,0.67,0.15,beta,none
City-B,T4,10x,1400.0,S6_Q10,routine,M_routine,500,True,4,1510.9,2650.9,0.0,0.0,1.0,mean_0.67,0,0.67,0.15,beta,none
City-B,T4,10x,1400.0,S6_Q10,cross_regime,M_stress,500,True,4,1510.9,1599.2,0.0,0.0,1.0,mean_0.67,0,0.67,0.15,beta,none
City-B,T5,1x,160.0,S0a_RoutineOracle,routine,M_routine,500,True,1,605.9,605.9,0.0,0.0,1.0,mean_0.67,0,0.67,0.15,beta,none
City-B,T5,1x,160.0,S0a_RoutineOracle,cross_regime,M_stress,500,True,1,605.9,191.1,0.0,0.6846,1.0,mean_0.67,0,0.67,0.15,beta,none
City-B,T5,1x,160.0,S0b_StressOracle,routine,M_routine,500,True,1,423.4,540.6,0.0,0.0,1.0,mean_0.67,0,0.67,0.15,beta,none
City-B,T5,1x,160.0,S0b_StressOracle,cross_regime,M_stress,500,True,1,423.4,423.4,0.0,0.0,1.0,mean_0.67,0,0.67,0.15,beta,none
City-B,T5,1x,160.0,S1_CapRR,routine,M_routine,500,True,1,744.5,540.6,0.0,0.2738,1.0,mean_0.67,0,0.67,0.15,beta,none
City-B,T5,1x,160.0,S1_CapRR,cross_regime,M_stress,500,True,1,744.5,423.4,0.0,0.4313,1.0,mean_0.67,0,0.67,0.15,beta,none
City-B,T5,1x,160.0,S2_Platform,routine,M_routine,500,True,1,553.3,543.5,0.0,0.0178,1.0,mean_0.67,0,0.67,0.15,beta,none
City-B,T5,1x,160.0,S2_Platform,cross_regime,M_stress,500,True,1,553.3,272.3,0.0,0.5078,1.0,mean_0.67,0,0.67,0.15,beta,none
City-B,T5,1x,160.0,S3_Lin4,routine,M_routine,500,True,1,452.3,451.1,0.0,0.0027,1.0,mean_0.67,0,0.67,0.15,beta,none
City-B,T5,1x,160.0,S3_Lin4,cross_regime,M_stress,500,True,1,452.3,331.3,0.0,0.2674,1.0,mean_0.67,0,0.67,0.15,beta,none
City-B,T5,1x,160.0,S4_GlobalCalib,routine,M_routine,500,True,1,492.8,540.6,0.0,0.0,1.0,mean_0.67,0,0.67,0.15,beta,none
City-B,T5,1x,160.0,S4_GlobalCalib,cross_regime,M_stress,500,True,1,492.8,423.4,0.0,0.1409,1.0,mean_0.67,0,0.67,0.15,beta,none
City-B,T5,1x,160.0,S5_CityCalib,routine,M_routine,500,True,1,497.5,540.6,0.0,0.0,1.0,mean_0.67,0,0.67,0.15,beta,none
City-B,T5,1x,160.0,S5_CityCalib,cross_regime,M_stress,500,True,1,497.5,423.4,0.0,0.1489,1.0,mean_0.67,0,0.67,0.15,beta,none
City-B,T5,1x,160.0,S6_Q10,routine,M_routine,500,True,1,338.6,540.6,0.0,0.0,1.0,mean_0.67,0,0.67,0.15,beta,none
City-B,T5,1x,160.0,S6_Q10,cross_regime,M_stress,500,True,1,338.6,423.4,0.0,0.0,1.0,mean_0.67,0,0.67,0.15,beta,none
City-B,T5,2x,320.0,S0a_RoutineOracle,routine,M_routine,500,True,1,605.9,605.9,0.0,0.0,1.0,mean_0.67,0,0.67,0.15,beta,none
City-B,T5,2x,320.0,S0a_RoutineOracle,cross_regime,M_stress,500,True,1,605.9,191.1,128.9,0.6846,0.0,mean_0.67,0,0.67,0.15,beta,none
City-B,T5,2x,320.0,S0b_StressOracle,routine,M_routine,500,True,1,423.4,540.6,0.0,0.0,1.0,mean_0.67,0,0.67,0.15,beta,none
City-B,T5,2x,320.0,S0b_StressOracle,cross_regime,M_stress,500,True,1,423.4,423.4,0.0,0.0,1.0,mean_0.67,0,0.67,0.15,beta,none
City-B,T5,2x,320.0,S1_CapRR,routine,M_routine,500,True,1,744.5,540.6,0.0,0.2738,1.0,mean_0.67,0,0.67,0.15,beta,none
City-B,T5,2x,320.0,S1_CapRR,cross_regime,M_stress,500,True,1,744.5,423.4,0.0,0.4313,1.0,mean_0.67,0,0.67,0.15,beta,none
City-B,T5,2x,320.0,S2_Platform,routine,M_routine,500,True,1,553.3,543.5,0.0,0.0178,1.0,mean_0.67,0,0.67,0.15,beta,none
City-B,T5,2x,320.0,S2_Platform,cross_regime,M_stress,500,True,1,553.3,272.3,47.7,0.5078,0.0,mean_0.67,0,0.67,0.15,beta,none
City-B,T5,2x,320.0,S3_Lin4,routine,M_routine,500,True,1,452.3,451.1,0.0,0.0027,1.0,mean_0.67,0,0.67,0.15,beta,none
City-B,T5,2x,320.0,S3_Lin4,cross_regime,M_stress,500,True,1,452.3,331.3,0.0,0.2674,1.0,mean_0.67,0,0.67,0.15,beta,none
City-B,T5,2x,320.0,S4_GlobalCalib,routine,M_routine,500,True,1,492.8,540.6,0.0,0.0,1.0,mean_0.67,0,0.67,0.15,beta,none
City-B,T5,2x,320.0,S4_GlobalCalib,cross_regime,M_stress,500,True,1,492.8,423.4,0.0,0.1409,1.0,mean_0.67,0,0.67,0.15,beta,none
City-B,T5,2x,320.0,S5_CityCalib,routine,M_routine,500,True,1,497.5,540.6,0.0,0.0,1.0,mean_0.67,0,0.67,0.15,beta,none
City-B,T5,2x,320.0,S5_CityCalib,cross_regime,M_stress,500,True,1,497.5,423.4,0.0,0.1489,1.0,mean_0.67,0,0.67,0.15,beta,none
City-B,T5,2x,320.0,S6_Q10,routine,M_routine,500,True,1,338.6,540.6,0.0,0.0,1.0,mean_0.67,0,0.67,0.15,beta,none
City-B,T5,2x,320.0,S6_Q10,cross_regime,M_stress,500,True,1,338.6,423.4,0.0,0.0,1.0,mean_0.67,0,0.67,0.15,beta,none
City-B,T5,5x,800.0,S0a_RoutineOracle,routine,M_routine,500,True,2,1149.4,1149.4,0.0,0.0,1.0,mean_0.67,0,0.67,0.15,beta,none
City-B,T5,5x,800.0,S0a_RoutineOracle,cross_regime,M_stress,500,True,2,1149.4,463.4,336.6,0.5968,0.0,mean_0.67,0,0.67,0.15,beta,none
City-B,T5,5x,800.0,S0b_StressOracle,routine,M_routine,500,True,3,1077.9,1359.5,0.0,0.0,1.0,mean_0.67,0,0.67,0.15,beta,none
City-B,T5,5x,800.0,S0b_StressOracle,cross_regime,M_stress,500,True,3,1077.9,1077.9,0.0,0.0,1.0,mean_0.67,0,0.67,0.15,beta,none
City-B,T5,5x,800.0,S1_CapRR,routine,M_routine,500,True,2,1485.4,1084.1,0.0,0.2702,1.0,mean_0.67,0,0.67,0.15,beta,none
City-B,T5,5x,800.0,S1_CapRR,cross_regime,M_stress,500,True,2,1485.4,695.7,104.3,0.5316,0.0,mean_0.67,0,0.67,0.15,beta,none
City-B,T5,5x,800.0,S2_Platform,routine,M_routine,500,True,2,1093.7,994.5,0.0,0.0906,1.0,mean_0.67,0,0.67,0.15,beta,none
City-B,T5,5x,800.0,S2_Platform,cross_regime,M_stress,500,True,2,1093.7,603.7,196.3,0.448,0.0,mean_0.67,0,0.67,0.15,beta,none
City-B,T5,5x,800.0,S3_Lin4,routine,M_routine,500,True,2,898.5,1056.9,0.0,0.0,1.0,mean_0.67,0,0.67,0.15,beta,none
City-B,T5,5x,800.0,S3_Lin4,cross_regime,M_stress,500,True,2,898.5,522.5,277.5,0.4185,0.0,mean_0.67,0,0.67,0.15,beta,none
City-B,T5,5x,800.0,S4_GlobalCalib,routine,M_routine,500,True,2,983.3,1084.1,0.0,0.0,1.0,mean_0.67,0,0.67,0.15,beta,none
City-B,T5,5x,800.0,S4_GlobalCalib,cross_regime,M_stress,500,True,2,983.3,695.7,104.3,0.2924,0.0,mean_0.67,0,0.67,0.15,beta,none
City-B,T5,5x,800.0,S5_CityCalib,routine,M_routine,500,True,2,992.6,1084.1,0.0,0.0,1.0,mean_0.67,0,0.67,0.15,beta,none
City-B,T5,5x,800.0,S5_CityCalib,cross_regime,M_stress,500,True,2,992.6,695.7,104.3,0.2991,0.0,mean_0.67,0,0.67,0.15,beta,none
City-B,T5,5x,800.0,S6_Q10,routine,M_routine,500,True,3,1002.3,1535.2,0.0,0.0,1.0,mean_0.67,0,0.67,0.15,beta,none
City-B,T5,5x,800.0,S6_Q10,cross_regime,M_stress,500,True,3,1002.3,1027.1,0.0,0.0,1.0,mean_0.67,0,0.67,0.15,beta,none
City-B,T5,10x,1600.0,S0a_RoutineOracle,routine,M_routine,500,True,3,1690.0,1690.0,0.0,0.0,1.0,mean_0.67,0,0.67,0.15,beta,none
City-B,T5,10x,1600.0,S0a_RoutineOracle,cross_regime,M_stress,500,True,3,1690.0,886.8,713.2,0.4752,0.0,mean_0.67,0,0.67,0.15,beta,none
City-B,T5,10x,1600.0,S0b_StressOracle,routine,M_routine,500,True,5,1631.0,2253.3,0.0,0.0,1.0,mean_0.67,0,0.67,0.15,beta,none
City-B,T5,10x,1600.0,S0b_StressOracle,cross_regime,M_stress,500,True,5,1631.0,1631.0,0.0,0.0,1.0,mean_0.67,0,0.67,0.15,beta,none
City-B,T5,10x,1600.0,S1_CapRR,routine,M_routine,500,True,3,2203.9,1535.2,64.8,0.3034,0.0,mean_0.67,0,0.67,0.15,beta,none
City-B,T5,10x,1600.0,S1_CapRR,cross_regime,M_stress,500,True,3,2203.9,1027.1,572.9,0.534,0.0,mean_0.67,0,0.67,0.15,beta,none
City-B,T5,10x,1600.0,S2_Platform,routine,M_routine,500,True,4,2025.8,2095.7,0.0,0.0,1.0,mean_0.67,0,0.67,0.15,beta,none
City-B,T5,10x,1600.0,S2_Platform,cross_regime,M_stress,500,True,4,2025.8,1065.7,534.3,0.4739,0.0,mean_0.67,0,0.67,0.15,beta,none
City-B,T5,10x,1600.0,S3_Lin4,routine,M_routine,500,True,4,1776.3,2141.1,0.0,0.0,1.0,mean_0.67,0,0.67,0.15,beta,none
City-B,T5,10x,1600.0,S3_Lin4,cross_regime,M_stress,500,True,4,1776.3,1218.2,381.8,0.3142,0.0,mean_0.67,0,0.67,0.15,beta,none
City-B,T5,10x,1600.0,S4_GlobalCalib,routine,M_routine,500,True,4,1924.2,2141.1,0.0,0.0,1.0,mean_0.67,0,0.67,0.15,beta,none
City-B,T5,10x,1600.0,S4_GlobalCalib,cross_regime,M_stress,500,True,4,1924.2,1218.2,381.8,0.3669,0.0,mean_0.67,0,0.67,0.15,beta,none
City-B,T5,10x,1600.0,S5_CityCalib,routine,M_routine,500,True,4,1942.3,2141.1,0.0,0.0,1.0,mean_0.67,0,0.67,0.15,beta,none
City-B,T5,10x,1600.0,S5_CityCalib,cross_regime,M_stress,500,True,4,1942.3,1218.2,381.8,0.3728,0.0,mean_0.67,0,0.67,0.15,beta,none
City-B,T5,10x,1600.0,S6_Q10,routine,M_routine,500,True,5,1601.6,2636.3,0.0,0.0,1.0,mean_0.67,0,0.67,0.15,beta,none
City-B,T5,10x,1600.0,S6_Q10,cross_regime,M_stress,500,True,5,1601.6,1489.1,110.9,0.0703,0.0,mean_0.67,0,0.67,0.15,beta,none
City-C,T1,1x,180.0,S0a_RoutineOracle,routine,M_routine,650,True,1,526.6,526.6,0.0,0.0,1.0,mean_0.67,0,0.67,0.15,beta,none
City-C,T1,1x,180.0,S0a_RoutineOracle,cross_regime,M_stress,650,True,1,526.6,342.5,0.0,0.3496,1.0,mean_0.67,0,0.67,0.15,beta,none
City-C,T1,1x,180.0,S0b_StressOracle,routine,M_routine,650,True,1,362.8,360.6,0.0,0.0061,1.0,mean_0.67,0,0.67,0.15,beta,none
City-C,T1,1x,180.0,S0b_StressOracle,cross_regime,M_stress,650,True,1,362.8,362.8,0.0,0.0,1.0,mean_0.67,0,0.67,0.15,beta,none
City-C,T1,1x,180.0,S1_CapRR,routine,M_routine,650,True,1,737.0,526.6,0.0,0.2855,1.0,mean_0.67,0,0.67,0.15,beta,none
City-C,T1,1x,180.0,S1_CapRR,cross_regime,M_stress,650,True,1,737.0,342.5,0.0,0.5353,1.0,mean_0.67,0,0.67,0.15,beta,none
City-C,T1,1x,180.0,S2_Platform,routine,M_routine,650,True,1,460.9,526.6,0.0,0.0,1.0,mean_0.67,0,0.67,0.15,beta,none
City-C,T1,1x,180.0,S2_Platform,cross_regime,M_stress,650,True,1,460.9,342.5,0.0,0.2568,1.0,mean_0.67,0,0.67,0.15,beta,none
City-C,T1,1x,180.0,S3_Lin4,routine,M_routine,650,True,1,414.8,526.6,0.0,0.0,1.0,mean_0.67,0,0.67,0.15,beta,none
City-C,T1,1x,180.0,S3_Lin4,cross_regime,M_stress,650,True,1,414.8,342.5,0.0,0.1743,1.0,mean_0.67,0,0.67,0.15,beta,none
City-C,T1,1x,180.0,S4_GlobalCalib,routine,M_routine,650,True,1,488.7,526.6,0.0,0.0,1.0,mean_0.67,0,0.67,0.15,beta,none
City-C,T1,1x,180.0,S4_GlobalCalib,cross_regime,M_stress,650,True,1,488.7,342.5,0.0,0.2991,1.0,mean_0.67,0,0.67,0.15,beta,none
City-C,T1,1x,180.0,S5_CityCalib,routine,M_routine,650,True,1,490.2,526.6,0.0,0.0,1.0,mean_0.67,0,0.67,0.15,beta,none
City-C,T1,1x,180.0,S5_CityCalib,cross_regime,M_stress,650,True,1,490.2,342.5,0.0,0.3013,1.0,mean_0.67,0,0.67,0.15,beta,none
City-C,T1,1x,180.0,S6_Q10,routine,M_routine,650,True,1,334.7,526.6,0.0,0.0,1.0,mean_0.67,0,0.67,0.15,beta,none
City-C,T1,1x,180.0,S6_Q10,cross_regime,M_stress,650,True,1,334.7,342.5,0.0,0.0,1.0,mean_0.67,0,0.67,0.15,beta,none
City-C,T1,2x,360.0,S0a_RoutineOracle,routine,M_routine,650,True,1,526.6,526.6,0.0,0.0,1.0,mean_0.67,0,0.67,0.15,beta,none
City-C,T1,2x,360.0,S0a_RoutineOracle,cross_regime,M_stress,650,True,1,526.6,342.5,17.5,0.3496,0.0,mean_0.67,0,0.67,0.15,beta,none
City-C,T1,2x,360.0,S0b_StressOracle,routine,M_routine,650,True,1,362.8,360.6,0.0,0.0061,1.0,mean_0.67,0,0.67,0.15,beta,none
City-C,T1,2x,360.0,S0b_StressOracle,cross_regime,M_stress,650,True,1,362.8,362.8,0.0,0.0,1.0,mean_0.67,0,0.67,0.15,beta,none
City-C,T1,2x,360.0,S1_CapRR,routine,M_routine,650,True,1,737.0,526.6,0.0,0.2855,1.0,mean_0.67,0,0.67,0.15,beta,none
City-C,T1,2x,360.0,S1_CapRR,cross_regime,M_stress,650,True,1,737.0,342.5,17.5,0.5353,0.0,mean_0.67,0,0.67,0.15,beta,none
City-C,T1,2x,360.0,S2_Platform,routine,M_routine,650,True,1,460.9,526.6,0.0,0.0,1.0,mean_0.67,0,0.67,0.15,beta,none
City-C,T1,2x,360.0,S2_Platform,cross_regime,M_stress,650,True,1,460.9,342.5,17.5,0.2568,0.0,mean_0.67,0,0.67,0.15,beta,none
City-C,T1,2x,360.0,S3_Lin4,routine,M_routine,650,True,1,414.8,526.6,0.0,0.0,1.0,mean_0.67,0,0.67,0.15,beta,none
City-C,T1,2x,360.0,S3_Lin4,cross_regime,M_stress,650,True,1,414.8,342.5,17.5,0.1743,0.0,mean_0.67,0,0.67,0.15,beta,none
City-C,T1,2x,360.0,S4_GlobalCalib,routine,M_routine,650,True,1,488.7,526.6,0.0,0.0,1.0,mean_0.67,0,0.67,0.15,beta,none
City-C,T1,2x,360.0,S4_GlobalCalib,cross_regime,M_stress,650,True,1,488.7,342.5,17.5,0.2991,0.0,mean_0.67,0,0.67,0.15,beta,none
City-C,T1,2x,360.0,S5_CityCalib,routine,M_routine,650,True,1,490.2,526.6,0.0,0.0,1.0,mean_0.67,0,0.67,0.15,beta,none
City-C,T1,2x,360.0,S5_CityCalib,cross_regime,M_stress,650,True,1,490.2,342.5,17.5,0.3013,0.0,mean_0.67,0,0.67,0.15,beta,none
City-C,T1,2x,360.0,S6_Q10,routine,M_routine,650,True,2,653.6,887.2,0.0,0.0,1.0,mean_0.67,0,0.67,0.15,beta,none
City-C,T1,2x,360.0,S6_Q10,cross_regime,M_stress,650,True,2,653.6,705.3,0.0,0.0,1.0,mean_0.67,0,0.67,0.15,beta,none
City-C,T1,5x,900.0,S0a_RoutineOracle,routine,M_routine,650,True,2,1046.4,1046.4,0.0,0.0,1.0,mean_0.67,0,0.67,0.15,beta,none
City-C,T1,5x,900.0,S0a_RoutineOracle,cross_regime,M_stress,650,True,2,1046.4,684.2,215.8,0.3462,0.0,mean_0.67,0,0.67,0.15,beta,none
City-C,T1,5x,900.0,S0b_StressOracle,routine,M_routine,650,True,3,1047.0,1407.0,0.0,0.0,1.0,mean_0.67,0,0.67,0.15,beta,none
City-C,T1,5x,900.0,S0b_StressOracle,cross_regime,M_stress,650,True,3,1047.0,1047.0,0.0,0.0,1.0,mean_0.67,0,0.67,0.15,beta,none
City-C,T1,5x,900.0,S1_CapRR,routine,M_routine,650,True,2,1439.5,887.2,12.8,0.3837,0.0,mean_0.67,0,0.67,0.15,beta,none
City-C,T1,5x,900.0,S1_CapRR,cross_regime,M_stress,650,True,2,1439.5,705.3,194.7,0.5101,0.0,mean_0.67,0,0.67,0.15,beta,none
City-C,T1,5x,900.0,S2_Platform,routine,M_routine,650,True,2,904.5,887.2,12.8,0.0192,0.0,mean_0.67,0,0.67,0.15,beta,none
City-C,T1,5x,900.0,S2_Platform,cross_regime,M_stress,650,True,2,904.5,705.3,194.7,0.2202,0.0,mean_0.67,0,0.67,0.15,beta,none
City-C,T1,5x,900.0,S3_Lin4,routine,M_routine,650,True,3,1200.5,1407.0,0.0,0.0,1.0,mean_0.67,0,0.67,0.15,beta,none
City-C,T1,5x,900.0,S3_Lin4,cross_regime,M_stress,650,True,3,1200.5,1047.0,0.0,0.1279,1.0,mean_0.67,0,0.67,0.15,beta,none
City-C,T1,5x,900.0,S4_GlobalCalib,routine,M_routine,650,True,2,954.5,887.2,12.8,0.0705,0.0,mean_0.67,0,0.67,0.15,beta,none
City-C,T1,5x,900.0,S4_GlobalCalib,cross_regime,M_stress,650,True,2,954.5,705.3,194.7,0.2611,0.0,mean_0.67,0,0.67,0.15,beta,none
City-C,T1,5x,900.0,S5_CityCalib,routine,M_routine,650,True,2,957.4,887.2,12.8,0.0734,0.0,mean_0.67,0,0.67,0.15,beta,none
City-C,T1,5x,900.0,S5_CityCalib,cross_regime,M_stress,650,True,2,957.4,705.3,194.7,0.2633,0.0,mean_0.67,0,0.67,0.15,beta,none
City-C,T1,5x,900.0,S6_Q10,routine,M_routine,650,True,3,944.9,1407.0,0.0,0.0,1.0,mean_0.67,0,0.67,0.15,beta,none
City-C,T1,5x,900.0,S6_Q10,cross_regime,M_stress,650,True,3,944.9,1047.0,0.0,0.0,1.0,mean_0.67,0,0.67,0.15,beta,none
City-C,T1,10x,1800.0,S0a_RoutineOracle,routine,M_routine,650,True,4,1998.9,1998.9,0.0,0.0,1.0,mean_0.67,0,0.67,0.15,beta,none
City-C,T1,10x,1800.0,S0a_RoutineOracle,cross_regime,M_stress,650,True,4,1998.9,1099.4,700.6,0.45,0.0,mean_0.67,0,0.67,0.15,beta,none
City-C,T1,10x,1800.0,S0b_StressOracle,routine,M_routine,650,True,6,1862.6,2682.6,0.0,0.0,1.0,mean_0.67,0,0.67,0.15,beta,none
City-C,T1,10x,1800.0,S0b_StressOracle,cross_regime,M_stress,650,True,6,1862.6,1862.6,0.0,0.0,1.0,mean_0.67,0,0.67,0.15,beta,none
City-C,T1,10x,1800.0,S1_CapRR,routine,M_routine,650,True,3,2081.1,1407.0,393.0,0.3239,0.0,mean_0.67,0,0.67,0.15,beta,none
City-C,T1,10x,1800.0,S1_CapRR,cross_regime,M_stress,650,True,3,2081.1,1047.0,753.0,0.4969,0.0,mean_0.67,0,0.67,0.15,beta,none
City-C,T1,10x,1800.0,S2_Platform,routine,M_routine,650,True,5,2117.9,2078.1,0.0,0.0188,1.0,mean_0.67,0,0.67,0.15,beta,none
City-C,T1,10x,1800.0,S2_Platform,cross_regime,M_stress,650,True,5,2117.9,1315.8,484.2,0.3787,0.0,mean_0.67,0,0.67,0.15,beta,none
City-C,T1,10x,1800.0,S3_Lin4,routine,M_routine,650,True,5,1950.8,2052.4,0.0,0.0,1.0,mean_0.67,0,0.67,0.15,beta,none
City-C,T1,10x,1800.0,S3_Lin4,cross_regime,M_stress,650,True,5,1950.8,1308.7,491.3,0.3292,0.0,mean_0.67,0,0.67,0.15,beta,none
City-C,T1,10x,1800.0,S4_GlobalCalib,routine,M_routine,650,True,5,2152.2,2259.0,0.0,0.0,1.0,mean_0.67,0,0.67,0.15,beta,none
City-C,T1,10x,1800.0,S4_GlobalCalib,cross_regime,M_stress,650,True,5,2152.2,1510.8,289.2,0.298,0.0,mean_0.67,0,0.67,0.15,beta,none
City-C,T1,10x,1800.0,S5_CityCalib,routine,M_routine,650,True,5,2158.4,2259.0,0.0,0.0,1.0,mean_0.67,0,0.67,0.15,beta,none
City-C,T1,10x,1800.0,S5_CityCalib,cross_regime,M_stress,650,True,5,2158.4,1510.8,289.2,0.3,0.0,mean_0.67,0,0.67,0.15,beta,none
City-C,T1,10x,1800.0,S6_Q10,routine,M_routine,650,True,7,1985.5,3126.3,0.0,0.0,1.0,mean_0.67,0,0.67,0.15,beta,none
City-C,T1,10x,1800.0,S6_Q10,cross_regime,M_stress,650,True,7,1985.5,2003.3,0.0,0.0,1.0,mean_0.67,0,0.67,0.15,beta,none
City-C,T2,1x,260.0,S0a_RoutineOracle,routine,M_routine,650,True,1,649.5,649.5,0.0,0.0,1.0,mean_0.67,0,0.67,0.15,beta,none
City-C,T2,1x,260.0,S0a_RoutineOracle,cross_regime,M_stress,650,True,1,649.5,298.0,0.0,0.5412,1.0,mean_0.67,0,0.67,0.15,beta,none
City-C,T2,1x,260.0,S0b_StressOracle,routine,M_routine,650,True,1,328.4,347.7,0.0,0.0,1.0,mean_0.67,0,0.67,0.15,beta,none
City-C,T2,1x,260.0,S0b_StressOracle,cross_regime,M_stress,650,True,1,328.4,328.4,0.0,0.0,1.0,mean_0.67,0,0.67,0.15,beta,none
City-C,T2,1x,260.0,S1_CapRR,routine,M_routine,650,True,1,737.0,514.1,0.0,0.3025,1.0,mean_0.67,0,0.67,0.15,beta,none
City-C,T2,1x,260.0,S1_CapRR,cross_regime,M_stress,650,True,1,737.0,301.4,0.0,0.5911,1.0,mean_0.67,0,0.67,0.15,beta,none
City-C,T2,1x,260.0,S2_Platform,routine,M_routine,650,True,1,467.3,514.1,0.0,0.0,1.0,mean_0.67,0,0.67,0.15,beta,none
City-C,T2,1x,260.0,S2_Platform,cross_regime,M_stress,650,True,1,467.3,301.4,0.0,0.355,1.0,mean_0.67,0,0.67,0.15,beta,none
City-C,T2,1x,260.0,S3_Lin4,routine,M_routine,650,True,1,419.3,514.1,0.0,0.0,1.0,mean_0.67,0,0.67,0.15,beta,none
City-C,T2,1x,260.0,S3_Lin4,cross_regime,M_stress,650,True,1,419.3,301.4,0.0,0.2813,1.0,mean_0.67,0,0.67,0.15,beta,none
City-C,T2,1x,260.0,S4_GlobalCalib,routine,M_routine,650,True,1,492.4,514.1,0.0,0.0,1.0,mean_0.67,0,0.67,0.15,beta,none
City-C,T2,1x,260.0,S4_GlobalCalib,cross_regime,M_stress,650,True,1,492.4,301.4,0.0,0.3879,1.0,mean_0.67,0,0.67,0.15,beta,none
City-C,T2,1x,260.0,S5_CityCalib,routine,M_routine,650,True,1,481.7,514.1,0.0,0.0,1.0,mean_0.67,0,0.67,0.15,beta,none
City-C,T2,1x,260.0,S5_CityCalib,cross_regime,M_stress,650,True,1,481.7,301.4,0.0,0.3743,1.0,mean_0.67,0,0.67,0.15,beta,none
City-C,T2,1x,260.0,S6_Q10,routine,M_routine,650,True,1,337.1,514.1,0.0,0.0,1.0,mean_0.67,0,0.67,0.15,beta,none
City-C,T2,1x,260.0,S6_Q10,cross_regime,M_stress,650,True,1,337.1,301.4,0.0,0.1059,1.0,mean_0.67,0,0.67,0.15,beta,none
City-C,T2,2x,520.0,S0a_RoutineOracle,routine,M_routine,650,True,1,649.5,649.5,0.0,0.0,1.0,mean_0.67,0,0.67,0.15,beta,none
City-C,T2,2x,520.0,S0a_RoutineOracle,cross_regime,M_stress,650,True,1,649.5,298.0,222.0,0.5412,0.0,mean_0.67,0,0.67,0.15,beta,none
City-C,T2,2x,520.0,S0b_StressOracle,routine,M_routine,650,True,2,633.1,704.7,0.0,0.0,1.0,mean_0.67,0,0.67,0.15,beta,none
City-C,T2,2x,520.0,S0b_StressOracle,cross_regime,M_stress,650,True,2,633.1,633.1,0.0,0.0,1.0,mean_0.67,0,0.67,0.15,beta,none
City-C,T2,2x,520.0,S1_CapRR,routine,M_routine,650,True,1,737.0,514.1,5.9,0.3025,0.0,mean_0.67,0,0.67,0.15,beta,none
City-C,T2,2x,520.0,S1_CapRR,cross_regime,M_stress,650,True,1,737.0,301.4,218.6,0.5911,0.0,mean_0.67,0,0.67,0.15,beta,none
City-C,T2,2x,520.0,S2_Platform,routine,M_routine,650,True,2,902.1,1163.7,0.0,0.0,1.0,mean_0.67,0,0.67,0.15,beta,none
City-C,T2,2x,520.0,S2_Platform,cross_regime,M_stress,650,True,2,902.1,599.4,0.0,0.3355,1.0,mean_0.67,0,0.67,0.15,beta,none
City-C,T2,2x,520.0,S3_Lin4,routine,M_routine,650,True,2,821.6,1163.7,0.0,0.0,1.0,mean_0.67,0,0.67,0.15,beta,none
City-C,T2,2x,520.0,S3_Lin4,cross_regime,M_stress,650,True,2,821.6,599.4,0.0,0.2704,1.0,mean_0.67,0,0.67,0.15,beta,none
City-C,T2,2x,520.0,S4_GlobalCalib,routine,M_routine,650,True,2,961.6,1163.7,0.0,0.0,1.0,mean_0.67,0,0.67,0.15,beta,none
City-C,T2,2x,520.0,S4_GlobalCalib,cross_regime,M_stress,650,True,2,961.6,599.4,0.0,0.3767,1.0,mean_0.67,0,0.67,0.15,beta,none
City-C,T2,2x,520.0,S5_CityCalib,routine,M_routine,650,True,2,940.9,1163.7,0.0,0.0,1.0,mean_0.67,0,0.67,0.15,beta,none
City-C,T2,2x,520.0,S5_CityCalib,cross_regime,M_stress,650,True,2,940.9,599.4,0.0,0.3629,1.0,mean_0.67,0,0.67,0.15,beta,none
City-C,T2,2x,520.0,S6_Q10,routine,M_routine,650,True,2,658.4,1163.7,0.0,0.0,1.0,mean_0.67,0,0.67,0.15,beta,none
City-C,T2,2x,520.0,S6_Q10,cross_regime,M_stress,650,True,2,658.4,599.4,0.0,0.0896,1.0,mean_0.67,0,0.67,0.15,beta,none
City-C,T2,5x,1300.0,S0a_RoutineOracle,routine,M_routine,650,True,3,1746.7,1746.7,0.0,0.0,1.0,mean_0.67,0,0.67,0.15,beta,none
City-C,T2,5x,1300.0,S0a_RoutineOracle,cross_regime,M_stress,650,True,3,1746.7,903.3,396.7,0.4828,0.0,mean_0.67,0,0.67,0.15,beta,none
City-C,T2,5x,1300.0,S0b_StressOracle,routine,M_routine,650,True,5,1536.4,2451.4,0.0,0.0,1.0,mean_0.67,0,0.67,0.15,beta,none
City-C,T2,5x,1300.0,S0b_StressOracle,cross_regime,M_stress,650,True,5,1536.4,1536.4,0.0,0.0,1.0,mean_0.67,0,0.67,0.15,beta,none
City-C,T2,5x,1300.0,S1_CapRR,routine,M_routine,650,True,2,1439.5,1163.7,136.3,0.1916,0.0,mean_0.67,0,0.67,0.15,beta,none
City-C,T2,5x,1300.0,S1_CapRR,cross_regime,M_stress,650,True,2,1439.5,599.4,700.6,0.5836,0.0,mean_0.67,0,0.67,0.15,beta,none
City-C,T2,5x,1300.0,S2_Platform,routine,M_routine,650,True,3,1301.1,1746.7,0.0,0.0,1.0,mean_0.67,0,0.67,0.15,beta,none
City-C,T2,5x,1300.0,S2_Platform,cross_regime,M_stress,650,True,3,1301.1,903.3,396.7,0.3057,0.0,mean_0.67,0,0.67,0.15,beta,none
City-C,T2,5x,1300.0,S3_Lin4,routine,M_routine,650,True,4,1596.9,2204.6,0.0,0.0,1.0,mean_0.67,0,0.67,0.15,beta,none
City-C,T2,5x,1300.0,S3_Lin4,cross_regime,M_stress,650,True,4,1596.9,1124.6,175.4,0.2958,0.0,mean_0.67,0,0.67,0.15,beta,none
City-C,T2,5x,1300.0,S4_GlobalCalib,routine,M_routine,650,True,3,1390.1,1746.7,0.0,0.0,1.0,mean_0.67,0,0.67,0.15,beta,none
City-C,T2,5x,1300.0,S4_GlobalCalib,cross_regime,M_stress,650,True,3,1390.1,903.3,396.7,0.3502,0.0,mean_0.67,0,0.67,0.15,beta,none
City-C,T2,5x,1300.0,S5_CityCalib,routine,M_routine,650,True,3,1360.3,1746.7,0.0,0.0,1.0,mean_0.67,0,0.67,0.15,beta,none
City-C,T2,5x,1300.0,S5_CityCalib,cross_regime,M_stress,650,True,3,1360.3,903.3,396.7,0.3359,0.0,mean_0.67,0,0.67,0.15,beta,none
City-C,T2,5x,1300.0,S6_Q10,routine,M_routine,650,True,5,1484.5,2670.7,0.0,0.0,1.0,mean_0.67,0,0.67,0.15,beta,none
City-C,T2,5x,1300.0,S6_Q10,cross_regime,M_stress,650,True,5,1484.5,1289.6,10.4,0.1312,0.0,mean_0.67,0,0.67,0.15,beta,none
City-C,T2,10x,2600.0,S0a_RoutineOracle,routine,M_routine,650,True,5,2680.1,2680.1,0.0,0.0,1.0,mean_0.67,0,0.67,0.15,beta,none
City-C,T2,10x,2600.0,S0a_RoutineOracle,cross_regime,M_stress,650,True,5,2680.1,1352.9,1247.1,0.4952,0.0,mean_0.67,0,0.67,0.15,beta,none
City-C,T2,10x,2600.0,S0b_StressOracle,routine,M_routine,650,True,10,2806.2,4191.7,0.0,0.0,1.0,mean_0.67,0,0.67,0.15,beta,none
City-C,T2,10x,2600.0,S0b_StressOracle,cross_regime,M_stress,650,True,10,2806.2,2806.2,0.0,0.0,1.0,mean_0.67,0,0.67,0.15,beta,none
City-C,T2,10x,2600.0,S1_CapRR,routine,M_routine,650,True,4,2666.6,2222.2,377.8,0.1667,0.0,mean_0.67,0,0.67,0.15,beta,none
City-C,T2,10x,2600.0,S1_CapRR,cross_regime,M_stress,650,True,4,2666.6,1131.6,1468.4,0.5756,0.0,mean_0.67,0,0.67,0.15,beta,none
City-C,T2,10x,2600.0,S2_Platform,routine,M_routine,650,True,7,2815.8,3336.1,0.0,0.0,1.0,mean_0.67,0,0.67,0.15,beta,none
City-C,T2,10x,2600.0,S2_Platform,cross_regime,M_stress,650,True,7,2815.8,1610.5,989.5,0.4281,0.0,mean_0.67,0,0.67,0.15,beta,none
City-C,T2,10x,2600.0,S3_Lin4,routine,M_routine,650,True,7,2682.3,3313.2,0.0,0.0,1.0,mean_0.67,0,0.67,0.15,beta,none
City-C,T2,10x,2600.0,S3_Lin4,cross_regime,M_stress,650,True,7,2682.3,1786.1,813.9,0.3341,0.0,mean_0.67,0,0.67,0.15,beta,none
City-C,T2,10x,2600.0,S4_GlobalCalib,routine,M_routine,650,True,7,2920.3,3252.0,0.0,0.0,1.0,mean_0.67,0,0.67,0.15,beta,none
City-C,T2,10x,2600.0,S4_GlobalCalib,cross_regime,M_stress,650,True,7,2920.3,1846.9,753.1,0.3676,0.0,mean_0.67,0,0.67,0.15,beta,none
City-C,T2,10x,2600.0,S5_CityCalib,routine,M_routine,650,True,7,2859.3,3252.0,0.0,0.0,1.0,mean_0.67,0,0.67,0.15,beta,none
City-C,T2,10x,2600.0,S5_CityCalib,cross_regime,M_stress,650,True,7,2859.3,1846.9,753.1,0.3541,0.0,mean_0.67,0,0.67,0.15,beta,none
City-C,T2,10x,2600.0,S6_Q10,routine,M_routine,650,True,10,2745.9,4274.4,0.0,0.0,1.0,mean_0.67,0,0.67,0.15,beta,none
City-C,T2,10x,2600.0,S6_Q10,cross_regime,M_stress,650,True,10,2745.9,2472.4,127.6,0.0996,0.0,mean_0.67,0,0.67,0.15,beta,none
City-C,T3,1x,200.0,S0a_RoutineOracle,routine,M_routine,650,True,1,488.6,488.6,0.0,0.0,1.0,mean_0.67,0,0.67,0.15,beta,none
City-C,T3,1x,200.0,S0a_RoutineOracle,cross_regime,M_stress,650,True,1,488.6,105.1,94.9,0.7848,0.0,mean_0.67,0,0.67,0.15,beta,none
City-C,T3,1x,200.0,S0b_StressOracle,routine,M_routine,650,True,1,316.0,219.5,0.0,0.3054,1.0,mean_0.67,0,0.67,0.15,beta,none
City-C,T3,1x,200.0,S0b_StressOracle,cross_regime,M_stress,650,True,1,316.0,316.0,0.0,0.0,1.0,mean_0.67,0,0.67,0.15,beta,none
City-C,T3,1x,200.0,S1_CapRR,routine,M_routine,650,True,1,648.6,488.6,0.0,0.2468,1.0,mean_0.67,0,0.67,0.15,beta,none
City-C,T3,1x,200.0,S1_CapRR,cross_regime,M_stress,650,True,1,648.6,105.1,94.9,0.8379,0.0,mean_0.67,0,0.67,0.15,beta,none
City-C,T3,1x,200.0,S2_Platform,routine,M_routine,650,True,1,456.8,488.6,0.0,0.0,1.0,mean_0.67,0,0.67,0.15,beta,none
City-C,T3,1x,200.0,S2_Platform,cross_regime,M_stress,650,True,1,456.8,105.1,94.9,0.7698,0.0,mean_0.67,0,0.67,0.15,beta,none
City-C,T3,1x,200.0,S3_Lin4,routine,M_routine,650,True,1,404.3,488.6,0.0,0.0,1.0,mean_0.67,0,0.67,0.15,beta,none
City-C,T3,1x,200.0,S3_Lin4,cross_regime,M_stress,650,True,1,404.3,105.1,94.9,0.7399,0.0,mean_0.67,0,0.67,0.15,beta,none
City-C,T3,1x,200.0,S4_GlobalCalib,routine,M_routine,650,True,1,430.8,488.6,0.0,0.0,1.0,mean_0.67,0,0.67,0.15,beta,none
City-C,T3,1x,200.0,S4_GlobalCalib,cross_regime,M_stress,650,True,1,430.8,105.1,94.9,0.7559,0.0,mean_0.67,0,0.67,0.15,beta,none
City-C,T3,1x,200.0,S5_CityCalib,routine,M_routine,650,True,1,429.5,488.6,0.0,0.0,1.0,mean_0.67,0,0.67,0.15,beta,none
City-C,T3,1x,200.0,S5_CityCalib,cross_regime,M_stress,650,True,1,429.5,105.1,94.9,0.7552,0.0,mean_0.67,0,0.67,0.15,beta,none
City-C,T3,1x,200.0,S6_Q10,routine,M_routine,650,True,1,293.3,488.6,0.0,0.0,1.0,mean_0.67,0,0.67,0.15,beta,none
City-C,T3,1x,200.0,S6_Q10,cross_regime,M_stress,650,True,1,293.3,105.1,94.9,0.6415,0.0,mean_0.67,0,0.67,0.15,beta,none
City-C,T3,2x,400.0,S0a_RoutineOracle,routine,M_routine,650,True,1,488.6,488.6,0.0,0.0,1.0,mean_0.67,0,0.67,0.15,beta,none
City-C,T3,2x,400.0,S0a_RoutineOracle,cross_regime,M_stress,650,True,1,488.6,105.1,294.9,0.7848,0.0,mean_0.67,0,0.67,0.15,beta,none
City-C,T3,2x,400.0,S0b_StressOracle,routine,M_routine,650,True,2,598.7,489.5,0.0,0.1824,1.0,mean_0.67,0,0.67,0.15,beta,none
City-C,T3,2x,400.0,S0b_StressOracle,cross_regime,M_stress,650,True,2,598.7,598.7,0.0,0.0,1.0,mean_0.67,0,0.67,0.15,beta,none
City-C,T3,2x,400.0,S1_CapRR,routine,M_routine,650,True,1,648.6,488.6,0.0,0.2468,1.0,mean_0.67,0,0.67,0.15,beta,none
City-C,T3,2x,400.0,S1_CapRR,cross_regime,M_stress,650,True,1,648.6,105.1,294.9,0.8379,0.0,mean_0.67,0,0.67,0.15,beta,none
City-C,T3,2x,400.0,S2_Platform,routine,M_routine,650,True,1,456.8,488.6,0.0,0.0,1.0,mean_0.67,0,0.67,0.15,beta,none
City-C,T3,2x,400.0,S2_Platform,cross_regime,M_stress,650,True,1,456.8,105.1,294.9,0.7698,0.0,mean_0.67,0,0.67,0.15,beta,none
City-C,T3,2x,400.0,S3_Lin4,routine,M_routine,650,True,1,404.3,488.6,0.0,0.0,1.0,mean_0.67,0,0.67,0.15,beta,none
City-C,T3,2x,400.0,S3_Lin4,cross_regime,M_stress,650,True,1,404.3,105.1,294.9,0.7399,0.0,mean_0.67,0,0.67,0.15,beta,none
City-C,T3,2x,400.0,S4_GlobalCalib,routine,M_routine,650,True,1,430.8,488.6,0.0,0.0,1.0,mean_0.67,0,0.67,0.15,beta,none
City-C,T3,2x,400.0,S4_GlobalCalib,cross_regime,M_stress,650,True,1,430.8,105.1,294.9,0.7559,0.0,mean_0.67,0,0.67,0.15,beta,none
City-C,T3,2x,400.0,S5_CityCalib,routine,M_routine,650,True,1,429.5,488.6,0.0,0.0,1.0,mean_0.67,0,0.67,0.15,beta,none
City-C,T3,2x,400.0,S5_CityCalib,cross_regime,M_stress,650,True,1,429.5,105.1,294.9,0.7552,0.0,mean_0.67,0,0.67,0.15,beta,none
City-C,T3,2x,400.0,S6_Q10,routine,M_routine,650,True,2,572.8,708.1,0.0,0.0,1.0,mean_0.67,0,0.67,0.15,beta,none
City-C,T3,2x,400.0,S6_Q10,cross_regime,M_stress,650,True,2,572.8,421.2,0.0,0.2647,1.0,mean_0.67,0,0.67,0.15,beta,none
City-C,T3,5x,1000.0,S0a_RoutineOracle,routine,M_routine,650,True,3,1312.1,1312.1,0.0,0.0,1.0,mean_0.67,0,0.67,0.15,beta,none
City-C,T3,5x,1000.0,S0a_RoutineOracle,cross_regime,M_stress,650,True,3,1312.1,453.7,546.3,0.6542,0.0,mean_0.67,0,0.67,0.15,beta,none
City-C,T3,5x,1000.0,S0b_StressOracle,routine,M_routine,650,True,4,1139.0,1015.2,0.0,0.1087,1.0,mean_0.67,0,0.67,0.15,beta,none
City-C,T3,5x,1000.0,S0b_StressOracle,cross_regime,M_stress,650,True,4,1139.0,1139.0,0.0,0.0,1.0,mean_0.67,0,0.67,0.15,beta,none
City-C,T3,5x,1000.0,S1_CapRR,routine,M_routine,650,True,2,1266.8,708.1,291.9,0.4411,0.0,mean_0.67,0,0.67,0.15,beta,none
City-C,T3,5x,1000.0,S1_CapRR,cross_regime,M_stress,650,True,2,1266.8,421.2,578.8,0.6675,0.0,mean_0.67,0,0.67,0.15,beta,none
City-C,T3,5x,1000.0,S2_Platform,routine,M_routine,650,True,3,1285.7,1203.1,0.0,0.0643,1.0,mean_0.67,0,0.67,0.15,beta,none
City-C,T3,5x,1000.0,S2_Platform,cross_regime,M_stress,650,True,3,1285.7,467.3,532.7,0.6366,0.0,mean_0.67,0,0.67,0.15,beta,none
City-C,T3,5x,1000.0,S3_Lin4,routine,M_routine,650,True,3,1172.1,1087.4,0.0,0.0723,1.0,mean_0.67,0,0.67,0.15,beta,none
City-C,T3,5x,1000.0,S3_Lin4,cross_regime,M_stress,650,True,3,1172.1,616.0,384.0,0.4745,0.0,mean_0.67,0,0.67,0.15,beta,none
City-C,T3,5x,1000.0,S4_GlobalCalib,routine,M_routine,650,True,3,1216.4,1087.4,0.0,0.1061,1.0,mean_0.67,0,0.67,0.15,beta,none
City-C,T3,5x,1000.0,S4_GlobalCalib,cross_regime,M_stress,650,True,3,1216.4,616.0,384.0,0.4936,0.0,mean_0.67,0,0.67,0.15,beta,none
City-C,T3,5x,1000.0,S5_CityCalib,routine,M_routine,650,True,3,1212.7,1087.4,0.0,0.1033,1.0,mean_0.67,0,0.67,0.15,beta,none
City-C,T3,5x,1000.0,S5_CityCalib,cross_regime,M_stress,650,True,3,1212.7,616.0,384.0,0.4921,0.0,mean_0.67,0,0.67,0.15,beta,none
City-C,T3,5x,1000.0,S6_Q10,routine,M_routine,650,True,4,1061.1,1516.9,0.0,0.0,1.0,mean_0.67,0,0.67,0.15,beta,none
City-C,T3,5x,1000.0,S6_Q10,cross_regime,M_stress,650,True,4,1061.1,836.0,164.0,0.2121,0.0,mean_0.67,0,0.67,0.15,beta,none
City-C,T3,10x,2000.0,S0a_RoutineOracle,routine,M_routine,650,True,5,2065.3,2065.3,0.0,0.0,1.0,mean_0.67,0,0.67,0.15,beta,none
City-C,T3,10x,2000.0,S0a_RoutineOracle,cross_regime,M_stress,650,True,5,2065.3,897.2,1102.8,0.5656,0.0,mean_0.67,0,0.67,0.15,beta,none
City-C,T3,10x,2000.0,S0b_StressOracle,routine,M_routine,650,True,8,2089.5,2418.9,0.0,0.0,1.0,mean_0.67,0,0.67,0.15,beta,none
City-C,T3,10x,2000.0,S0b_StressOracle,cross_regime,M_stress,650,True,8,2089.5,2089.5,0.0,0.0,1.0,mean_0.67,0,0.67,0.15,beta,none
City-C,T3,10x,2000.0,S1_CapRR,routine,M_routine,650,True,4,2346.7,1516.9,483.1,0.3536,0.0,mean_0.67,0,0.67,0.15,beta,none
City-C,T3,10x,2000.0,S1_CapRR,cross_regime,M_stress,650,True,4,2346.7,836.0,1164.0,0.6438,0.0,mean_0.67,0,0.67,0.15,beta,none
City-C,T3,10x,2000.0,S2_Platform,routine,M_routine,650,True,5,2048.1,1862.3,137.7,0.0907,0.0,mean_0.67,0,0.67,0.15,beta,none
City-C,T3,10x,2000.0,S2_Platform,cross_regime,M_stress,650,True,5,2048.1,910.2,1089.8,0.5556,0.0,mean_0.67,0,0.67,0.15,beta,none
City-C,T3,10x,2000.0,S3_Lin4,routine,M_routine,650,True,6,2258.0,2106.9,0.0,0.0669,1.0,mean_0.67,0,0.67,0.15,beta,none
City-C,T3,10x,2000.0,S3_Lin4,cross_regime,M_stress,650,True,6,2258.0,1141.5,858.5,0.4944,0.0,mean_0.67,0,0.67,0.15,beta,none
City-C,T3,10x,2000.0,S4_GlobalCalib,routine,M_routine,650,True,6,2229.0,2068.3,0.0,0.0721,1.0,mean_0.67,0,0.67,0.15,beta,none
City-C,T3,10x,2000.0,S4_GlobalCalib,cross_regime,M_stress,650,True,6,2229.0,1333.8,666.2,0.4016,0.0,mean_0.67,0,0.67,0.15,beta,none
City-C,T3,10x,2000.0,S5_CityCalib,routine,M_routine,650,True,6,2222.0,2068.3,0.0,0.0692,1.0,mean_0.67,0,0.67,0.15,beta,none
City-C,T3,10x,2000.0,S5_CityCalib,cross_regime,M_stress,650,True,6,2222.0,1333.8,666.2,0.3997,0.0,mean_0.67,0,0.67,0.15,beta,none
City-C,T3,10x,2000.0,S6_Q10,routine,M_routine,650,True,9,2174.7,3017.2,0.0,0.0,1.0,mean_0.67,0,0.67,0.15,beta,none
City-C,T3,10x,2000.0,S6_Q10,cross_regime,M_stress,650,True,9,2174.7,2028.6,0.0,0.0672,1.0,mean_0.67,0,0.67,0.15,beta,none
City-C,T4,1x,140.0,S0a_RoutineOracle,routine,M_routine,650,True,1,557.9,557.9,0.0,0.0,1.0,mean_0.67,0,0.67,0.15,beta,none
City-C,T4,1x,140.0,S0a_RoutineOracle,cross_regime,M_stress,650,True,1,557.9,316.4,0.0,0.4329,1.0,mean_0.67,0,0.67,0.15,beta,none
City-C,T4,1x,140.0,S0b_StressOracle,routine,M_routine,650,True,1,316.4,557.9,0.0,0.0,1.0,mean_0.67,0,0.67,0.15,beta,none
City-C,T4,1x,140.0,S0b_StressOracle,cross_regime,M_stress,650,True,1,316.4,316.4,0.0,0.0,1.0,mean_0.67,0,0.67,0.15,beta,none
City-C,T4,1x,140.0,S1_CapRR,routine,M_routine,650,True,1,737.0,557.9,0.0,0.2431,1.0,mean_0.67,0,0.67,0.15,beta,none
City-C,T4,1x,140.0,S1_CapRR,cross_regime,M_stress,650,True,1,737.0,316.4,0.0,0.5708,1.0,mean_0.67,0,0.67,0.15,beta,none
City-C,T4,1x,140.0,S2_Platform,routine,M_routine,650,True,1,377.7,253.8,0.0,0.328,1.0,mean_0.67,0,0.67,0.15,beta,none
City-C,T4,1x,140.0,S2_Platform,cross_regime,M_stress,650,True,1,377.7,247.4,0.0,0.3451,1.0,mean_0.67,0,0.67,0.15,beta,none
City-C,T4,1x,140.0,S3_Lin4,routine,M_routine,650,True,1,420.5,557.9,0.0,0.0,1.0,mean_0.67,0,0.67,0.15,beta,none
City-C,T4,1x,140.0,S3_Lin4,cross_regime,M_stress,650,True,1,420.5,316.4,0.0,0.2477,1.0,mean_0.67,0,0.67,0.15,beta,none
City-C,T4,1x,140.0,S4_GlobalCalib,routine,M_routine,650,True,1,491.7,557.9,0.0,0.0,1.0,mean_0.67,0,0.67,0.15,beta,none
City-C,T4,1x,140.0,S4_GlobalCalib,cross_regime,M_stress,650,True,1,491.7,316.4,0.0,0.3566,1.0,mean_0.67,0,0.67,0.15,beta,none
City-C,T4,1x,140.0,S5_CityCalib,routine,M_routine,650,True,1,492.3,557.9,0.0,0.0,1.0,mean_0.67,0,0.67,0.15,beta,none
City-C,T4,1x,140.0,S5_CityCalib,cross_regime,M_stress,650,True,1,492.3,316.4,0.0,0.3574,1.0,mean_0.67,0,0.67,0.15,beta,none
City-C,T4,1x,140.0,S6_Q10,routine,M_routine,650,True,1,337.1,557.9,0.0,0.0,1.0,mean_0.67,0,0.67,0.15,beta,none
City-C,T4,1x,140.0,S6_Q10,cross_regime,M_stress,650,True,1,337.1,316.4,0.0,0.0616,1.0,mean_0.67,0,0.67,0.15,beta,none
City-C,T4,2x,280.0,S0a_RoutineOracle,routine,M_routine,650,True,1,557.9,557.9,0.0,0.0,1.0,mean_0.67,0,0.67,0.15,beta,none
City-C,T4,2x,280.0,S0a_RoutineOracle,cross_regime,M_stress,650,True,1,557.9,316.4,0.0,0.4329,1.0,mean_0.67,0,0.67,0.15,beta,none
City-C,T4,2x,280.0,S0b_StressOracle,routine,M_routine,650,True,1,316.4,557.9,0.0,0.0,1.0,mean_0.67,0,0.67,0.15,beta,none
City-C,T4,2x,280.0,S0b_StressOracle,cross_regime,M_stress,650,True,1,316.4,316.4,0.0,0.0,1.0,mean_0.67,0,0.67,0.15,beta,none
City-C,T4,2x,280.0,S1_CapRR,routine,M_routine,650,True,1,737.0,557.9,0.0,0.2431,1.0,mean_0.67,0,0.67,0.15,beta,none
City-C,T4,2x,280.0,S1_CapRR,cross_regime,M_stress,650,True,1,737.0,316.4,0.0,0.5708,1.0,mean_0.67,0,0.67,0.15,beta,none
City-C,T4,2x,280.0,S2_Platform,routine,M_routine,650,True,1,377.7,253.8,26.2,0.328,0.0,mean_0.67,0,0.67,0.15,beta,none
City-C,T4,2x,280.0,S2_Platform,cross_regime,M_stress,650,True,1,377.7,247.4,32.6,0.3451,0.0,mean_0.67,0,0.67,0.15,beta,none
City-C,T4,2x,280.0,S3_Lin4,routine,M_routine,650,True,1,420.5,557.9,0.0,0.0,1.0,mean_0.67,0,0.67,0.15,beta,none
City-C,T4,2x,280.0,S3_Lin4,cross_regime,M_stress,650,True,1,420.5,316.4,0.0,0.2477,1.0,mean_0.67,0,0.67,0.15,beta,none
City-C,T4,2x,280.0,S4_GlobalCalib,routine,M_routine,650,True,1,491.7,557.9,0.0,0.0,1.0,mean_0.67,0,0.67,0.15,beta,none
City-C,T4,2x,280.0,S4_GlobalCalib,cross_regime,M_stress,650,True,1,491.7,316.4,0.0,0.3566,1.0,mean_0.67,0,0.67,0.15,beta,none
City-C,T4,2x,280.0,S5_CityCalib,routine,M_routine,650,True,1,492.3,557.9,0.0,0.0,1.0,mean_0.67,0,0.67,0.15,beta,none
City-C,T4,2x,280.0,S5_CityCalib,cross_regime,M_stress,650,True,1,492.3,316.4,0.0,0.3574,1.0,mean_0.67,0,0.67,0.15,beta,none
City-C,T4,2x,280.0,S6_Q10,routine,M_routine,650,True,1,337.1,557.9,0.0,0.0,1.0,mean_0.67,0,0.67,0.15,beta,none
City-C,T4,2x,280.0,S6_Q10,cross_regime,M_stress,650,True,1,337.1,316.4,0.0,0.0616,1.0,mean_0.67,0,0.67,0.15,beta,none
City-C,T4,5x,700.0,S0a_RoutineOracle,routine,M_routine,650,True,2,1041.1,1041.1,0.0,0.0,1.0,mean_0.67,0,0.67,0.15,beta,none
City-C,T4,5x,700.0,S0a_RoutineOracle,cross_regime,M_stress,650,True,2,1041.1,553.2,146.8,0.4687,0.0,mean_0.67,0,0.67,0.15,beta,none
City-C,T4,5x,700.0,S0b_StressOracle,routine,M_routine,650,True,3,852.5,1330.7,0.0,0.0,1.0,mean_0.67,0,0.67,0.15,beta,none
City-C,T4,5x,700.0,S0b_StressOracle,cross_regime,M_stress,650,True,3,852.5,852.5,0.0,0.0,1.0,mean_0.67,0,0.67,0.15,beta,none
City-C,T4,5x,700.0,S1_CapRR,routine,M_routine,650,True,1,737.0,557.9,142.1,0.2431,0.0,mean_0.67,0,0.67,0.15,beta,none
City-C,T4,5x,700.0,S1_CapRR,cross_regime,M_stress,650,True,1,737.0,316.4,383.6,0.5708,0.0,mean_0.67,0,0.67,0.15,beta,none
City-C,T4,5x,700.0,S2_Platform,routine,M_routine,650,True,2,738.2,605.4,94.6,0.1799,0.0,mean_0.67,0,0.67,0.15,beta,none
City-C,T4,5x,700.0,S2_Platform,cross_regime,M_stress,650,True,2,738.2,492.1,207.9,0.3334,0.0,mean_0.67,0,0.67,0.15,beta,none
City-C,T4,5x,700.0,S3_Lin4,routine,M_routine,650,True,2,824.1,909.5,0.0,0.0,1.0,mean_0.67,0,0.67,0.15,beta,none
City-C,T4,5x,700.0,S3_Lin4,cross_regime,M_stress,650,True,2,824.1,561.1,138.9,0.3191,0.0,mean_0.67,0,0.67,0.15,beta,none
City-C,T4,5x,700.0,S4_GlobalCalib,routine,M_routine,650,True,2,960.3,909.5,0.0,0.0529,1.0,mean_0.67,0,0.67,0.15,beta,none
City-C,T4,5x,700.0,S4_GlobalCalib,cross_regime,M_stress,650,True,2,960.3,561.1,138.9,0.4157,0.0,mean_0.67,0,0.67,0.15,beta,none
City-C,T4,5x,700.0,S5_CityCalib,routine,M_routine,650,True,2,961.5,909.5,0.0,0.0541,1.0,mean_0.67,0,0.67,0.15,beta,none
City-C,T4,5x,700.0,S5_CityCalib,cross_regime,M_stress,650,True,2,961.5,561.1,138.9,0.4164,0.0,mean_0.67,0,0.67,0.15,beta,none
City-C,T4,5x,700.0,S6_Q10,routine,M_routine,650,True,3,951.9,1352.6,0.0,0.0,1.0,mean_0.67,0,0.67,0.15,beta,none
City-C,T4,5x,700.0,S6_Q10,cross_regime,M_stress,650,True,3,951.9,784.4,0.0,0.176,1.0,mean_0.67,0,0.67,0.15,beta,none
City-C,T4,10x,1400.0,S0a_RoutineOracle,routine,M_routine,650,True,3,1492.9,1492.9,0.0,0.0,1.0,mean_0.67,0,0.67,0.15,beta,none
City-C,T4,10x,1400.0,S0a_RoutineOracle,cross_regime,M_stress,650,True,3,1492.9,795.1,604.9,0.4674,0.0,mean_0.67,0,0.67,0.15,beta,none
City-C,T4,10x,1400.0,S0b_StressOracle,routine,M_routine,650,True,6,1617.4,2228.2,0.0,0.0,1.0,mean_0.67,0,0.67,0.15,beta,none
City-C,T4,10x,1400.0,S0b_StressOracle,cross_regime,M_stress,650,True,6,1617.4,1617.4,0.0,0.0,1.0,mean_0.67,0,0.67,0.15,beta,none
City-C,T4,10x,1400.0,S1_CapRR,routine,M_routine,650,True,2,1439.5,909.5,490.5,0.3682,0.0,mean_0.67,0,0.67,0.15,beta,none
City-C,T4,10x,1400.0,S1_CapRR,cross_regime,M_stress,650,True,2,1439.5,561.1,838.9,0.6102,0.0,mean_0.67,0,0.67,0.15,beta,none
City-C,T4,10x,1400.0,S2_Platform,routine,M_routine,650,True,4,1425.4,1540.4,0.0,0.0,1.0,mean_0.67,0,0.67,0.15,beta,none
City-C,T4,10x,1400.0,S2_Platform,cross_regime,M_stress,650,True,4,1425.4,970.8,429.2,0.3189,0.0,mean_0.67,0,0.67,0.15,beta,none
City-C,T4,10x,1400.0,S3_Lin4,routine,M_routine,650,True,4,1601.7,1674.0,0.0,0.0,1.0,mean_0.67,0,0.67,0.15,beta,none
City-C,T4,10x,1400.0,S3_Lin4,cross_regime,M_stress,650,True,4,1601.7,941.5,458.5,0.4122,0.0,mean_0.67,0,0.67,0.15,beta,none
City-C,T4,10x,1400.0,S4_GlobalCalib,routine,M_routine,650,True,4,1778.7,1835.9,0.0,0.0,1.0,mean_0.67,0,0.67,0.15,beta,none
City-C,T4,10x,1400.0,S4_GlobalCalib,cross_regime,M_stress,650,True,4,1778.7,1021.2,378.8,0.4259,0.0,mean_0.67,0,0.67,0.15,beta,none
City-C,T4,10x,1400.0,S5_CityCalib,routine,M_routine,650,True,4,1780.7,1835.9,0.0,0.0,1.0,mean_0.67,0,0.67,0.15,beta,none
City-C,T4,10x,1400.0,S5_CityCalib,cross_regime,M_stress,650,True,4,1780.7,1021.2,378.8,0.4265,0.0,mean_0.67,0,0.67,0.15,beta,none
City-C,T4,10x,1400.0,S6_Q10,routine,M_routine,650,True,5,1484.6,2161.7,0.0,0.0,1.0,mean_0.67,0,0.67,0.15,beta,none
City-C,T4,10x,1400.0,S6_Q10,cross_regime,M_stress,650,True,5,1484.6,1279.3,120.7,0.1383,0.0,mean_0.67,0,0.67,0.15,beta,none
City-C,T5,1x,160.0,S0a_RoutineOracle,routine,M_routine,650,True,1,445.0,445.0,0.0,0.0,1.0,mean_0.67,0,0.67,0.15,beta,none
City-C,T5,1x,160.0,S0a_RoutineOracle,cross_regime,M_stress,650,True,1,445.0,210.4,0.0,0.5272,1.0,mean_0.67,0,0.67,0.15,beta,none
City-C,T5,1x,160.0,S0b_StressOracle,routine,M_routine,650,True,1,354.9,377.6,0.0,0.0,1.0,mean_0.67,0,0.67,0.15,beta,none
City-C,T5,1x,160.0,S0b_StressOracle,cross_regime,M_stress,650,True,1,354.9,354.9,0.0,0.0,1.0,mean_0.67,0,0.67,0.15,beta,none
City-C,T5,1x,160.0,S1_CapRR,routine,M_routine,650,True,1,648.6,377.6,0.0,0.4179,1.0,mean_0.67,0,0.67,0.15,beta,none
City-C,T5,1x,160.0,S1_CapRR,cross_regime,M_stress,650,True,1,648.6,354.9,0.0,0.4528,1.0,mean_0.67,0,0.67,0.15,beta,none
City-C,T5,1x,160.0,S2_Platform,routine,M_routine,650,True,1,451.5,377.6,0.0,0.1637,1.0,mean_0.67,0,0.67,0.15,beta,none
City-C,T5,1x,160.0,S2_Platform,cross_regime,M_stress,650,True,1,451.5,354.9,0.0,0.2139,1.0,mean_0.67,0,0.67,0.15,beta,none
City-C,T5,1x,160.0,S3_Lin4,routine,M_routine,650,True,1,403.2,377.6,0.0,0.0636,1.0,mean_0.67,0,0.67,0.15,beta,none
City-C,T5,1x,160.0,S3_Lin4,cross_regime,M_stress,650,True,1,403.2,354.9,0.0,0.1198,1.0,mean_0.67,0,0.67,0.15,beta,none
City-C,T5,1x,160.0,S4_GlobalCalib,routine,M_routine,650,True,1,429.4,377.6,0.0,0.1207,1.0,mean_0.67,0,0.67,0.15,beta,none
City-C,T5,1x,160.0,S4_GlobalCalib,cross_regime,M_stress,650,True,1,429.4,354.9,0.0,0.1735,1.0,mean_0.67,0,0.67,0.15,beta,none
City-C,T5,1x,160.0,S5_CityCalib,routine,M_routine,650,True,1,428.9,377.6,0.0,0.1197,1.0,mean_0.67,0,0.67,0.15,beta,none
City-C,T5,1x,160.0,S5_CityCalib,cross_regime,M_stress,650,True,1,428.9,354.9,0.0,0.1726,1.0,mean_0.67,0,0.67,0.15,beta,none
City-C,T5,1x,160.0,S6_Q10,routine,M_routine,650,True,1,295.0,377.6,0.0,0.0,1.0,mean_0.67,0,0.67,0.15,beta,none
City-C,T5,1x,160.0,S6_Q10,cross_regime,M_stress,650,True,1,295.0,354.9,0.0,0.0,1.0,mean_0.67,0,0.67,0.15,beta,none
City-C,T5,2x,320.0,S0a_RoutineOracle,routine,M_routine,650,True,1,445.0,445.0,0.0,0.0,1.0,mean_0.67,0,0.67,0.15,beta,none
City-C,T5,2x,320.0,S0a_RoutineOracle,cross_regime,M_stress,650,True,1,445.0,210.4,109.6,0.5272,0.0,mean_0.67,0,0.67,0.15,beta,none
City-C,T5,2x,320.0,S0b_StressOracle,routine,M_routine,650,True,1,354.9,377.6,0.0,0.0,1.0,mean_0.67,0,0.67,0.15,beta,none
City-C,T5,2x,320.0,S0b_StressOracle,cross_regime,M_stress,650,True,1,354.9,354.9,0.0,0.0,1.0,mean_0.67,0,0.67,0.15,beta,none
City-C,T5,2x,320.0,S1_CapRR,routine,M_routine,650,True,1,648.6,377.6,0.0,0.4179,1.0,mean_0.67,0,0.67,0.15,beta,none
City-C,T5,2x,320.0,S1_CapRR,cross_regime,M_stress,650,True,1,648.6,354.9,0.0,0.4528,1.0,mean_0.67,0,0.67,0.15,beta,none
City-C,T5,2x,320.0,S2_Platform,routine,M_routine,650,True,1,451.5,377.6,0.0,0.1637,1.0,mean_0.67,0,0.67,0.15,beta,none
City-C,T5,2x,320.0,S2_Platform,cross_regime,M_stress,650,True,1,451.5,354.9,0.0,0.2139,1.0,mean_0.67,0,0.67,0.15,beta,none
City-C,T5,2x,320.0,S3_Lin4,routine,M_routine,650,True,1,403.2,377.6,0.0,0.0636,1.0,mean_0.67,0,0.67,0.15,beta,none
City-C,T5,2x,320.0,S3_Lin4,cross_regime,M_stress,650,True,1,403.2,354.9,0.0,0.1198,1.0,mean_0.67,0,0.67,0.15,beta,none
City-C,T5,2x,320.0,S4_GlobalCalib,routine,M_routine,650,True,1,429.4,377.6,0.0,0.1207,1.0,mean_0.67,0,0.67,0.15,beta,none
City-C,T5,2x,320.0,S4_GlobalCalib,cross_regime,M_stress,650,True,1,429.4,354.9,0.0,0.1735,1.0,mean_0.67,0,0.67,0.15,beta,none
City-C,T5,2x,320.0,S5_CityCalib,routine,M_routine,650,True,1,428.9,377.6,0.0,0.1197,1.0,mean_0.67,0,0.67,0.15,beta,none
City-C,T5,2x,320.0,S5_CityCalib,cross_regime,M_stress,650,True,1,428.9,354.9,0.0,0.1726,1.0,mean_0.67,0,0.67,0.15,beta,none
City-C,T5,2x,320.0,S6_Q10,routine,M_routine,650,True,2,576.1,591.7,0.0,0.0,1.0,mean_0.67,0,0.67,0.15,beta,none
City-C,T5,2x,320.0,S6_Q10,cross_regime,M_stress,650,True,2,576.1,594.5,0.0,0.0,1.0,mean_0.67,0,0.67,0.15,beta,none
City-C,T5,5x,800.0,S0a_RoutineOracle,routine,M_routine,650,True,2,826.9,826.9,0.0,0.0,1.0,mean_0.67,0,0.67,0.15,beta,none
City-C,T5,5x,800.0,S0a_RoutineOracle,cross_regime,M_stress,650,True,2,826.9,412.4,387.6,0.5013,0.0,mean_0.67,0,0.67,0.15,beta,none
City-C,T5,5x,800.0,S0b_StressOracle,routine,M_routine,650,True,3,868.7,1088.7,0.0,0.0,1.0,mean_0.67,0,0.67,0.15,beta,none
City-C,T5,5x,800.0,S0b_StressOracle,cross_regime,M_stress,650,True,3,868.7,868.7,0.0,0.0,1.0,mean_0.67,0,0.67,0.15,beta,none
City-C,T5,5x,800.0,S1_CapRR,routine,M_routine,650,True,2,1266.8,591.7,208.3,0.533,0.0,mean_0.67,0,0.67,0.15,beta,none
City-C,T5,5x,800.0,S1_CapRR,cross_regime,M_stress,650,True,2,1266.8,594.5,205.5,0.5307,0.0,mean_0.67,0,0.67,0.15,beta,none
City-C,T5,5x,800.0,S2_Platform,routine,M_routine,650,True,2,882.9,717.6,82.4,0.1873,0.0,mean_0.67,0,0.67,0.15,beta,none
City-C,T5,5x,800.0,S2_Platform,cross_regime,M_stress,650,True,2,882.9,607.5,192.5,0.3119,0.0,mean_0.67,0,0.67,0.15,beta,none
City-C,T5,5x,800.0,S3_Lin4,routine,M_routine,650,True,3,1169.0,1036.7,0.0,0.1131,1.0,mean_0.67,0,0.67,0.15,beta,none
City-C,T5,5x,800.0,S3_Lin4,cross_regime,M_stress,650,True,3,1169.0,804.9,0.0,0.3114,1.0,mean_0.67,0,0.67,0.15,beta,none
City-C,T5,5x,800.0,S4_GlobalCalib,routine,M_routine,650,True,2,838.7,591.7,208.3,0.2945,0.0,mean_0.67,0,0.67,0.15,beta,none
City-C,T5,5x,800.0,S4_GlobalCalib,cross_regime,M_stress,650,True,2,838.7,594.5,205.5,0.2911,0.0,mean_0.67,0,0.67,0.15,beta,none
City-C,T5,5x,800.0,S5_CityCalib,routine,M_routine,650,True,2,837.7,591.7,208.3,0.2937,0.0,mean_0.67,0,0.67,0.15,beta,none
City-C,T5,5x,800.0,S5_CityCalib,cross_regime,M_stress,650,True,2,837.7,594.5,205.5,0.2903,0.0,mean_0.67,0,0.67,0.15,beta,none
City-C,T5,5x,800.0,S6_Q10,routine,M_routine,650,True,3,832.9,1036.7,0.0,0.0,1.0,mean_0.67,0,0.67,0.15,beta,none
City-C,T5,5x,800.0,S6_Q10,cross_regime,M_stress,650,True,3,832.9,804.9,0.0,0.0336,1.0,mean_0.67,0,0.67,0.15,beta,none
City-C,T5,10x,1600.0,S0a_RoutineOracle,routine,M_routine,650,True,5,1955.0,1955.0,0.0,0.0,1.0,mean_0.67,0,0.67,0.15,beta,none
City-C,T5,10x,1600.0,S0a_RoutineOracle,cross_regime,M_stress,650,True,5,1955.0,1259.2,340.8,0.3559,0.0,mean_0.67,0,0.67,0.15,beta,none
City-C,T5,10x,1600.0,S0b_StressOracle,routine,M_routine,650,True,7,1806.4,2289.3,0.0,0.0,1.0,mean_0.67,0,0.67,0.15,beta,none
City-C,T5,10x,1600.0,S0b_StressOracle,cross_regime,M_stress,650,True,7,1806.4,1806.4,0.0,0.0,1.0,mean_0.67,0,0.67,0.15,beta,none
City-C,T5,10x,1600.0,S1_CapRR,routine,M_routine,650,True,3,1831.4,1036.7,563.3,0.4339,0.0,mean_0.67,0,0.67,0.15,beta,none
City-C,T5,10x,1600.0,S1_CapRR,cross_regime,M_stress,650,True,3,1831.4,804.9,795.1,0.5605,0.0,mean_0.67,0,0.67,0.15,beta,none
City-C,T5,10x,1600.0,S2_Platform,routine,M_routine,650,True,4,1670.1,1422.1,177.9,0.1484,0.0,mean_0.67,0,0.67,0.15,beta,none
City-C,T5,10x,1600.0,S2_Platform,cross_regime,M_stress,650,True,4,1670.1,1090.2,509.8,0.3472,0.0,mean_0.67,0,0.67,0.15,beta,none
City-C,T5,10x,1600.0,S3_Lin4,routine,M_routine,650,True,5,1908.9,1721.2,0.0,0.0983,1.0,mean_0.67,0,0.67,0.15,beta,none
City-C,T5,10x,1600.0,S3_Lin4,cross_regime,M_stress,650,True,5,1908.9,1244.6,355.4,0.348,0.0,mean_0.67,0,0.67,0.15,beta,none
City-C,T5,10x,1600.0,S4_GlobalCalib,routine,M_routine,650,True,5,1891.1,1758.6,0.0,0.0701,1.0,mean_0.67,0,0.67,0.15,beta,none
City-C,T5,10x,1600.0,S4_GlobalCalib,cross_regime,M_stress,650,True,5,1891.1,1259.5,340.5,0.334,0.0,mean_0.67,0,0.67,0.15,beta,none
City-C,T5,10x,1600.0,S5_CityCalib,routine,M_routine,650,True,5,1888.5,1758.6,0.0,0.0688,1.0,mean_0.67,0,0.67,0.15,beta,none
City-C,T5,10x,1600.0,S5_CityCalib,cross_regime,M_stress,650,True,5,1888.5,1259.5,340.5,0.3331,0.0,mean_0.67,0,0.67,0.15,beta,none
City-C,T5,10x,1600.0,S6_Q10,routine,M_routine,650,True,7,1750.1,2427.8,0.0,0.0,1.0,mean_0.67,0,0.67,0.15,beta,none
City-C,T5,10x,1600.0,S6_Q10,cross_regime,M_stress,650,True,7,1750.1,1673.7,0.0,0.0436,1.0,mean_0.67,0,0.67,0.15,beta,none
