city,task_id,p_req_level,p_req,strategy,regime,eval_outcome,pool_size,pool_feasible,n_selected,p_commit,p_deliv,shortfall,ocr,success,config_name,seed_id,xi_mean,xi_std,xi_dist,xi_persistence
City-A,T1,1x,180.0,S0a_RoutineOracle,routine,M_routine,800,True,1,468.2,468.2,0.0,0.0,1.0,std_0.05,7,0.67,0.05,beta,none
City-A,T1,1x,180.0,S0a_RoutineOracle,cross_regime,M_stress,800,True,1,468.2,302.7,0.0,0.3535,1.0,std_0.05,7,0.67,0.05,beta,none
City-A,T1,1x,180.0,S0b_StressOracle,routine,M_routine,800,True,1,302.7,468.2,0.0,0.0,1.0,std_0.05,7,0.67,0.05,beta,none
City-A,T1,1x,180.0,S0b_StressOracle,cross_regime,M_stress,800,True,1,302.7,302.7,0.0,0.0,1.0,std_0.05,7,0.67,0.05,beta,none
City-A,T1,1x,180.0,S1_CapRR,routine,M_routine,800,True,1,678.2,468.2,0.0,0.3096,1.0,std_0.05,7,0.67,0.05,beta,none
City-A,T1,1x,180.0,S1_CapRR,cross_regime,M_stress,800,True,1,678.2,302.7,0.0,0.5536,1.0,std_0.05,7,0.67,0.05,beta,none
City-A,T1,1x,180.0,S2_Platform,routine,M_routine,800,True,1,421.1,468.2,0.0,0.0,1.0,std_0.05,7,0.67,0.05,beta,none
City-A,T1,1x,180.0,S2_Platform,cross_regime,M_stress,800,True,1,421.1,302.7,0.0,0.2811,1.0,std_0.05,7,0.67,0.05,beta,none
City-A,T1,1x,180.0,S3_Lin4,routine,M_routine,800,True,1,490.5,468.2,0.0,0.0454,1.0,std_0.05,7,0.67,0.05,beta,none
City-A,T1,1x,180.0,S3_Lin4,cross_regime,M_stress,800,True,1,490.5,302.7,0.0,0.3829,1.0,std_0.05,7,0.67,0.05,beta,none
City-A,T1,1x,180.0,S4_GlobalCalib,routine,M_routine,800,True,1,453.5,468.2,0.0,0.0,1.0,std_0.05,7,0.67,0.05,beta,none
City-A,T1,1x,180.0,S4_GlobalCalib,cross_regime,M_stress,800,True,1,453.5,302.7,0.0,0.3325,1.0,std_0.05,7,0.67,0.05,beta,none
City-A,T1,1x,180.0,S5_CityCalib,routine,M_routine,800,True,1,452.6,468.2,0.0,0.0,1.0,std_0.05,7,0.67,0.05,beta,none
City-A,T1,1x,180.0,S5_CityCalib,cross_regime,M_stress,800,True,1,452.6,302.7,0.0,0.3311,1.0,std_0.05,7,0.67,0.05,beta,none
City-A,T1,1x,180.0,S6_Q10,routine,M_routine,800,True,1,408.4,468.2,0.0,0.0,1.0,std_0.05,7,0.67,0.05,beta,none
City-A,T1,1x,180.0,S6_Q10,cross_regime,M_stress,800,True,1,408.4,302.7,0.0,0.2587,1.0,std_0.05,7,0.67,0.05,beta,none
City-A,T1,2x,360.0,S0a_RoutineOracle,routine,M_routine,800,True,1,468.2,468.2,0.0,0.0,1.0,std_0.05,7,0.67,0.05,beta,none
City-A,T1,2x,360.0,S0a_RoutineOracle,cross_regime,M_stress,800,True,1,468.2,302.7,57.3,0.3535,0.0,std_0.05,7,0.67,0.05,beta,none
City-A,T1,2x,360.0,S0b_StressOracle,routine,M_routine,800,True,2,577.9,861.3,0.0,0.0,1.0,std_0.05,7,0.67,0.05,beta,none
City-A,T1,2x,360.0,S0b_StressOracle,cross_regime,M_stress,800,True,2,577.9,577.9,0.0,0.0,1.0,std_0.05,7,0.67,0.05,beta,none
City-A,T1,2x,360.0,S1_CapRR,routine,M_routine,800,True,1,678.2,468.2,0.0,0.3096,1.0,std_0.05,7,0.67,0.05,beta,none
City-A,T1,2x,360.0,S1_CapRR,cross_regime,M_stress,800,True,1,678.2,302.7,57.3,0.5536,0.0,std_0.05,7,0.67,0.05,beta,none
City-A,T1,2x,360.0,S2_Platform,routine,M_routine,800,True,1,421.1,468.2,0.0,0.0,1.0,std_0.05,7,0.67,0.05,beta,none
City-A,T1,2x,360.0,S2_Platform,cross_regime,M_stress,800,True,1,421.1,302.7,57.3,0.2811,0.0,std_0.05,7,0.67,0.05,beta,none
City-A,T1,2x,360.0,S3_Lin4,routine,M_routine,800,True,1,490.5,468.2,0.0,0.0454,1.0,std_0.05,7,0.67,0.05,beta,none
City-A,T1,2x,360.0,S3_Lin4,cross_regime,M_stress,800,True,1,490.5,302.7,57.3,0.3829,0.0,std_0.05,7,0.67,0.05,beta,none
City-A,T1,2x,360.0,S4_GlobalCalib,routine,M_routine,800,True,1,453.5,468.2,0.0,0.0,1.0,std_0.05,7,0.67,0.05,beta,none
City-A,T1,2x,360.0,S4_GlobalCalib,cross_regime,M_stress,800,True,1,453.5,302.7,57.3,0.3325,0.0,std_0.05,7,0.67,0.05,beta,none
City-A,T1,2x,360.0,S5_CityCalib,routine,M_routine,800,True,1,452.6,468.2,0.0,0.0,1.0,std_0.05,7,0.67,0.05,beta,none
City-A,T1,2x,360.0,S5_CityCalib,cross_regime,M_stress,800,True,1,452.6,302.7,57.3,0.3311,0.0,std_0.05,7,0.67,0.05,beta,none
City-A,T1,2x,360.0,S6_Q10,routine,M_routine,800,True,1,408.4,468.2,0.0,0.0,1.0,std_0.05,7,0.67,0.05,beta,none
City-A,T1,2x,360.0,S6_Q10,cross_regime,M_stress,800,True,1,408.4,302.7,57.3,0.2587,0.0,std_0.05,7,0.67,0.05,beta,none
City-A,T1,5x,900.0,S0a_RoutineOracle,routine,M_routine,800,True,3,1291.9,1291.9,0.0,0.0,1.0,std_0.05,7,0.67,0.05,beta,none
City-A,T1,5x,900.0,S0a_RoutineOracle,cross_regime,M_stress,800,True,3,1291.9,820.6,79.4,0.3648,0.0,std_0.05,7,0.67,0.05,beta,none
City-A,T1,5x,900.0,S0b_StressOracle,routine,M_routine,800,True,4,1095.8,1685.0,0.0,0.0,1.0,std_0.05,7,0.67,0.05,beta,none
City-A,T1,5x,900.0,S0b_StressOracle,cross_regime,M_stress,800,True,4,1095.8,1095.8,0.0,0.0,1.0,std_0.05,7,0.67,0.05,beta,none
City-A,T1,5x,900.0,S1_CapRR,routine,M_routine,800,True,2,1293.4,859.1,40.9,0.3358,0.0,std_0.05,7,0.67,0.05,beta,none
City-A,T1,5x,900.0,S1_CapRR,cross_regime,M_stress,800,True,2,1293.4,540.6,359.4,0.5821,0.0,std_0.05,7,0.67,0.05,beta,none
City-A,T1,5x,900.0,S2_Platform,routine,M_routine,800,True,3,1202.1,1242.8,0.0,0.0,1.0,std_0.05,7,0.67,0.05,beta,none
City-A,T1,5x,900.0,S2_Platform,cross_regime,M_stress,800,True,3,1202.1,765.0,135.0,0.3636,0.0,std_0.05,7,0.67,0.05,beta,none
City-A,T1,5x,900.0,S3_Lin4,routine,M_routine,800,True,3,1256.9,1234.8,0.0,0.0176,1.0,std_0.05,7,0.67,0.05,beta,none
City-A,T1,5x,900.0,S3_Lin4,cross_regime,M_stress,800,True,3,1256.9,772.4,127.6,0.3855,0.0,std_0.05,7,0.67,0.05,beta,none
City-A,T1,5x,900.0,S4_GlobalCalib,routine,M_routine,800,True,3,1263.6,1271.5,0.0,0.0,1.0,std_0.05,7,0.67,0.05,beta,none
City-A,T1,5x,900.0,S4_GlobalCalib,cross_regime,M_stress,800,True,3,1263.6,788.1,111.9,0.3763,0.0,std_0.05,7,0.67,0.05,beta,none
City-A,T1,5x,900.0,S5_CityCalib,routine,M_routine,800,True,3,1261.1,1271.5,0.0,0.0,1.0,std_0.05,7,0.67,0.05,beta,none
City-A,T1,5x,900.0,S5_CityCalib,cross_regime,M_stress,800,True,3,1261.1,788.1,111.9,0.3751,0.0,std_0.05,7,0.67,0.05,beta,none
City-A,T1,5x,900.0,S6_Q10,routine,M_routine,800,True,3,1137.9,1271.5,0.0,0.0,1.0,std_0.05,7,0.67,0.05,beta,none
City-A,T1,5x,900.0,S6_Q10,cross_regime,M_stress,800,True,3,1137.9,788.1,111.9,0.3074,0.0,std_0.05,7,0.67,0.05,beta,none
City-A,T1,10x,1800.0,S0a_RoutineOracle,routine,M_routine,800,True,5,2075.9,2075.9,0.0,0.0,1.0,std_0.05,7,0.67,0.05,beta,none
City-A,T1,10x,1800.0,S0a_RoutineOracle,cross_regime,M_stress,800,True,5,2075.9,1333.6,466.4,0.3576,0.0,std_0.05,7,0.67,0.05,beta,none
City-A,T1,10x,1800.0,S0b_StressOracle,routine,M_routine,800,True,8,2002.1,3178.2,0.0,0.0,1.0,std_0.05,7,0.67,0.05,beta,none
City-A,T1,10x,1800.0,S0b_StressOracle,cross_regime,M_stress,800,True,8,2002.1,2002.1,0.0,0.0,1.0,std_0.05,7,0.67,0.05,beta,none
City-A,T1,10x,1800.0,S1_CapRR,routine,M_routine,800,True,3,1889.7,1271.5,528.5,0.3271,0.0,std_0.05,7,0.67,0.05,beta,none
City-A,T1,10x,1800.0,S1_CapRR,cross_regime,M_stress,800,True,3,1889.7,788.1,1011.9,0.5829,0.0,std_0.05,7,0.67,0.05,beta,none
City-A,T1,10x,1800.0,S2_Platform,routine,M_routine,800,True,5,1914.5,1954.6,0.0,0.0,1.0,std_0.05,7,0.67,0.05,beta,none
City-A,T1,10x,1800.0,S2_Platform,cross_regime,M_stress,800,True,5,1914.5,1248.5,551.5,0.3478,0.0,std_0.05,7,0.67,0.05,beta,none
City-A,T1,10x,1800.0,S3_Lin4,routine,M_routine,800,True,5,1977.1,2018.7,0.0,0.0,1.0,std_0.05,7,0.67,0.05,beta,none
City-A,T1,10x,1800.0,S3_Lin4,cross_regime,M_stress,800,True,5,1977.1,1285.4,514.6,0.3499,0.0,std_0.05,7,0.67,0.05,beta,none
City-A,T1,10x,1800.0,S4_GlobalCalib,routine,M_routine,800,True,5,2031.0,2075.9,0.0,0.0,1.0,std_0.05,7,0.67,0.05,beta,none
City-A,T1,10x,1800.0,S4_GlobalCalib,cross_regime,M_stress,800,True,5,2031.0,1333.6,466.4,0.3434,0.0,std_0.05,7,0.67,0.05,beta,none
City-A,T1,10x,1800.0,S5_CityCalib,routine,M_routine,800,True,5,2027.0,2075.9,0.0,0.0,1.0,std_0.05,7,0.67,0.05,beta,none
City-A,T1,10x,1800.0,S5_CityCalib,cross_regime,M_stress,800,True,5,2027.0,1333.6,466.4,0.3421,0.0,std_0.05,7,0.67,0.05,beta,none
City-A,T1,10x,1800.0,S6_Q10,routine,M_routine,800,True,5,1829.0,2075.9,0.0,0.0,1.0,std_0.05,7,0.67,0.05,beta,none
City-A,T1,10x,1800.0,S6_Q10,cross_regime,M_stress,800,True,5,1829.0,1333.6,466.4,0.2708,0.0,std_0.05,7,0.67,0.05,beta,none
City-A,T2,1x,260.0,S0a_RoutineOracle,routine,M_routine,800,True,1,416.2,416.2,0.0,0.0,1.0,std_0.05,7,0.67,0.05,beta,none
City-A,T2,1x,260.0,S0a_RoutineOracle,cross_regime,M_stress,800,True,1,416.2,282.5,0.0,0.3213,1.0,std_0.05,7,0.67,0.05,beta,none
City-A,T2,1x,260.0,S0b_StressOracle,routine,M_routine,800,True,1,282.5,416.2,0.0,0.0,1.0,std_0.05,7,0.67,0.05,beta,none
City-A,T2,1x,260.0,S0b_StressOracle,cross_regime,M_stress,800,True,1,282.5,282.5,0.0,0.0,1.0,std_0.05,7,0.67,0.05,beta,none
City-A,T2,1x,260.0,S1_CapRR,routine,M_routine,800,True,1,678.2,416.2,0.0,0.3863,1.0,std_0.05,7,0.67,0.05,beta,none
City-A,T2,1x,260.0,S1_CapRR,cross_regime,M_stress,800,True,1,678.2,282.5,0.0,0.5835,1.0,std_0.05,7,0.67,0.05,beta,none
City-A,T2,1x,260.0,S2_Platform,routine,M_routine,800,True,1,441.1,416.2,0.0,0.0565,1.0,std_0.05,7,0.67,0.05,beta,none
City-A,T2,1x,260.0,S2_Platform,cross_regime,M_stress,800,True,1,441.1,282.5,0.0,0.3597,1.0,std_0.05,7,0.67,0.05,beta,none
City-A,T2,1x,260.0,S3_Lin4,routine,M_routine,800,True,1,488.1,416.2,0.0,0.1473,1.0,std_0.05,7,0.67,0.05,beta,none
City-A,T2,1x,260.0,S3_Lin4,cross_regime,M_stress,800,True,1,488.1,282.5,0.0,0.4213,1.0,std_0.05,7,0.67,0.05,beta,none
City-A,T2,1x,260.0,S4_GlobalCalib,routine,M_routine,800,True,1,452.3,416.2,0.0,0.0799,1.0,std_0.05,7,0.67,0.05,beta,none
City-A,T2,1x,260.0,S4_GlobalCalib,cross_regime,M_stress,800,True,1,452.3,282.5,0.0,0.3755,1.0,std_0.05,7,0.67,0.05,beta,none
City-A,T2,1x,260.0,S5_CityCalib,routine,M_routine,800,True,1,454.0,416.2,0.0,0.0833,1.0,std_0.05,7,0.67,0.05,beta,none
City-A,T2,1x,260.0,S5_CityCalib,cross_regime,M_stress,800,True,1,454.0,282.5,0.0,0.3779,1.0,std_0.05,7,0.67,0.05,beta,none
City-A,T2,1x,260.0,S6_Q10,routine,M_routine,800,True,1,407.5,416.2,0.0,0.0,1.0,std_0.05,7,0.67,0.05,beta,none
City-A,T2,1x,260.0,S6_Q10,cross_regime,M_stress,800,True,1,407.5,282.5,0.0,0.3069,1.0,std_0.05,7,0.67,0.05,beta,none
City-A,T2,2x,520.0,S0a_RoutineOracle,routine,M_routine,800,True,2,804.6,804.6,0.0,0.0,1.0,std_0.05,7,0.67,0.05,beta,none
City-A,T2,2x,520.0,S0a_RoutineOracle,cross_regime,M_stress,800,True,2,804.6,543.9,0.0,0.324,1.0,std_0.05,7,0.67,0.05,beta,none
City-A,T2,2x,520.0,S0b_StressOracle,routine,M_routine,800,True,2,543.9,804.6,0.0,0.0,1.0,std_0.05,7,0.67,0.05,beta,none
City-A,T2,2x,520.0,S0b_StressOracle,cross_regime,M_stress,800,True,2,543.9,543.9,0.0,0.0,1.0,std_0.05,7,0.67,0.05,beta,none
City-A,T2,2x,520.0,S1_CapRR,routine,M_routine,800,True,1,678.2,416.2,103.8,0.3863,0.0,std_0.05,7,0.67,0.05,beta,none
City-A,T2,2x,520.0,S1_CapRR,cross_regime,M_stress,800,True,1,678.2,282.5,237.5,0.5835,0.0,std_0.05,7,0.67,0.05,beta,none
City-A,T2,2x,520.0,S2_Platform,routine,M_routine,800,True,2,849.9,804.6,0.0,0.0533,1.0,std_0.05,7,0.67,0.05,beta,none
City-A,T2,2x,520.0,S2_Platform,cross_regime,M_stress,800,True,2,849.9,543.9,0.0,0.36,1.0,std_0.05,7,0.67,0.05,beta,none
City-A,T2,2x,520.0,S3_Lin4,routine,M_routine,800,True,2,872.1,803.4,0.0,0.0788,1.0,std_0.05,7,0.67,0.05,beta,none
City-A,T2,2x,520.0,S3_Lin4,cross_regime,M_stress,800,True,2,872.1,525.9,0.0,0.3969,1.0,std_0.05,7,0.67,0.05,beta,none
City-A,T2,2x,520.0,S4_GlobalCalib,routine,M_routine,800,True,2,862.6,804.6,0.0,0.0673,1.0,std_0.05,7,0.67,0.05,beta,none
City-A,T2,2x,520.0,S4_GlobalCalib,cross_regime,M_stress,800,True,2,862.6,543.9,0.0,0.3694,1.0,std_0.05,7,0.67,0.05,beta,none
City-A,T2,2x,520.0,S5_CityCalib,routine,M_routine,800,True,2,865.9,804.6,0.0,0.0708,1.0,std_0.05,7,0.67,0.05,beta,none
City-A,T2,2x,520.0,S5_CityCalib,cross_regime,M_stress,800,True,2,865.9,543.9,0.0,0.3718,1.0,std_0.05,7,0.67,0.05,beta,none
City-A,T2,2x,520.0,S6_Q10,routine,M_routine,800,True,2,777.2,804.6,0.0,0.0,1.0,std_0.05,7,0.67,0.05,beta,none
City-A,T2,2x,520.0,S6_Q10,cross_regime,M_stress,800,True,2,777.2,543.9,0.0,0.3001,1.0,std_0.05,7,0.67,0.05,beta,none
City-A,T2,5x,1300.0,S0a_RoutineOracle,routine,M_routine,800,True,4,1566.7,1566.7,0.0,0.0,1.0,std_0.05,7,0.67,0.05,beta,none
City-A,T2,5x,1300.0,S0a_RoutineOracle,cross_regime,M_stress,800,True,4,1566.7,1047.8,252.2,0.3313,0.0,std_0.05,7,0.67,0.05,beta,none
City-A,T2,5x,1300.0,S0b_StressOracle,routine,M_routine,800,True,5,1302.5,1923.8,0.0,0.0,1.0,std_0.05,7,0.67,0.05,beta,none
City-A,T2,5x,1300.0,S0b_StressOracle,cross_regime,M_stress,800,True,5,1302.5,1302.5,0.0,0.0,1.0,std_0.05,7,0.67,0.05,beta,none
City-A,T2,5x,1300.0,S1_CapRR,routine,M_routine,800,True,3,1889.7,1191.8,108.2,0.3693,0.0,std_0.05,7,0.67,0.05,beta,none
City-A,T2,5x,1300.0,S1_CapRR,cross_regime,M_stress,800,True,3,1889.7,787.4,512.6,0.5833,0.0,std_0.05,7,0.67,0.05,beta,none
City-A,T2,5x,1300.0,S2_Platform,routine,M_routine,800,True,4,1596.5,1498.9,0.0,0.0611,1.0,std_0.05,7,0.67,0.05,beta,none
City-A,T2,5x,1300.0,S2_Platform,cross_regime,M_stress,800,True,4,1596.5,1024.0,276.0,0.3586,0.0,std_0.05,7,0.67,0.05,beta,none
City-A,T2,5x,1300.0,S3_Lin4,routine,M_routine,800,True,4,1609.8,1529.3,0.0,0.05,1.0,std_0.05,7,0.67,0.05,beta,none
City-A,T2,5x,1300.0,S3_Lin4,cross_regime,M_stress,800,True,4,1609.8,1016.3,283.7,0.3687,0.0,std_0.05,7,0.67,0.05,beta,none
City-A,T2,5x,1300.0,S4_GlobalCalib,routine,M_routine,800,True,4,1648.8,1548.9,0.0,0.0606,1.0,std_0.05,7,0.67,0.05,beta,none
City-A,T2,5x,1300.0,S4_GlobalCalib,cross_regime,M_stress,800,True,4,1648.8,1042.2,257.8,0.3679,0.0,std_0.05,7,0.67,0.05,beta,none
City-A,T2,5x,1300.0,S5_CityCalib,routine,M_routine,800,True,4,1654.9,1548.9,0.0,0.0641,1.0,std_0.05,7,0.67,0.05,beta,none
City-A,T2,5x,1300.0,S5_CityCalib,cross_regime,M_stress,800,True,4,1654.9,1042.2,257.8,0.3703,0.0,std_0.05,7,0.67,0.05,beta,none
City-A,T2,5x,1300.0,S6_Q10,routine,M_routine,800,True,4,1485.5,1548.9,0.0,0.0,1.0,std_0.05,7,0.67,0.05,beta,none
City-A,T2,5x,1300.0,S6_Q10,cross_regime,M_stress,800,True,4,1485.5,1042.2,257.8,0.2984,0.0,std_0.05,7,0.67,0.05,beta,none
City-A,T2,10x,2600.0,S0a_RoutineOracle,routine,M_routine,800,True,7,2657.2,2657.2,0.0,0.0,1.0,std_0.05,7,0.67,0.05,beta,none
City-A,T2,10x,2600.0,S0a_RoutineOracle,cross_regime,M_stress,800,True,7,2657.2,1733.6,866.4,0.3476,0.0,std_0.05,7,0.67,0.05,beta,none
City-A,T2,10x,2600.0,S0b_StressOracle,routine,M_routine,800,True,11,2623.1,3918.3,0.0,0.0,1.0,std_0.05,7,0.67,0.05,beta,none
City-A,T2,10x,2600.0,S0b_StressOracle,cross_regime,M_stress,800,True,11,2623.1,2623.1,0.0,0.0,1.0,std_0.05,7,0.67,0.05,beta,none
City-A,T2,10x,2600.0,S1_CapRR,routine,M_routine,800,True,5,3037.3,1923.8,676.2,0.3666,0.0,std_0.05,7,0.67,0.05,beta,none
City-A,T2,10x,2600.0,S1_CapRR,cross_regime,M_stress,800,True,5,3037.3,1302.5,1297.5,0.5712,0.0,std_0.05,7,0.67,0.05,beta,none
City-A,T2,10x,2600.0,S2_Platform,routine,M_routine,800,True,7,2630.1,2588.7,11.3,0.0157,0.0,std_0.05,7,0.67,0.05,beta,none
City-A,T2,10x,2600.0,S2_Platform,cross_regime,M_stress,800,True,7,2630.1,1683.4,916.6,0.36,0.0,std_0.05,7,0.67,0.05,beta,none
City-A,T2,10x,2600.0,S3_Lin4,routine,M_routine,800,True,7,2662.2,2573.5,26.5,0.0333,0.0,std_0.05,7,0.67,0.05,beta,none
City-A,T2,10x,2600.0,S3_Lin4,cross_regime,M_stress,800,True,7,2662.2,1727.2,872.8,0.3512,0.0,std_0.05,7,0.67,0.05,beta,none
City-A,T2,10x,2600.0,S4_GlobalCalib,routine,M_routine,800,True,7,2726.7,2580.7,19.3,0.0535,0.0,std_0.05,7,0.67,0.05,beta,none
City-A,T2,10x,2600.0,S4_GlobalCalib,cross_regime,M_stress,800,True,7,2726.7,1751.0,849.0,0.3578,0.0,std_0.05,7,0.67,0.05,beta,none
City-A,T2,10x,2600.0,S5_CityCalib,routine,M_routine,800,True,7,2736.7,2580.7,19.3,0.057,0.0,std_0.05,7,0.67,0.05,beta,none
City-A,T2,10x,2600.0,S5_CityCalib,cross_regime,M_stress,800,True,7,2736.7,1751.0,849.0,0.3602,0.0,std_0.05,7,0.67,0.05,beta,none
City-A,T2,10x,2600.0,S6_Q10,routine,M_routine,800,True,8,2765.4,2952.8,0.0,0.0,1.0,std_0.05,7,0.67,0.05,beta,none
City-A,T2,10x,2600.0,S6_Q10,cross_regime,M_stress,800,True,8,2765.4,1973.5,626.5,0.2864,0.0,std_0.05,7,0.67,0.05,beta,none
City-A,T3,1x,200.0,S0a_RoutineOracle,routine,M_routine,800,True,1,388.0,388.0,0.0,0.0,1.0,std_0.05,7,0.67,0.05,beta,none
City-A,T3,1x,200.0,S0a_RoutineOracle,cross_regime,M_stress,800,True,1,388.0,198.4,1.6,0.4886,0.0,std_0.05,7,0.67,0.05,beta,none
City-A,T3,1x,200.0,S0b_StressOracle,routine,M_routine,800,True,1,263.3,372.7,0.0,0.0,1.0,std_0.05,7,0.67,0.05,beta,none
City-A,T3,1x,200.0,S0b_StressOracle,cross_regime,M_stress,800,True,1,263.3,263.3,0.0,0.0,1.0,std_0.05,7,0.67,0.05,beta,none
City-A,T3,1x,200.0,S1_CapRR,routine,M_routine,800,True,1,596.8,372.7,0.0,0.3754,1.0,std_0.05,7,0.67,0.05,beta,none
City-A,T3,1x,200.0,S1_CapRR,cross_regime,M_stress,800,True,1,596.8,263.3,0.0,0.5588,1.0,std_0.05,7,0.67,0.05,beta,none
City-A,T3,1x,200.0,S2_Platform,routine,M_routine,800,True,1,470.7,372.7,0.0,0.2081,1.0,std_0.05,7,0.67,0.05,beta,none
City-A,T3,1x,200.0,S2_Platform,cross_regime,M_stress,800,True,1,470.7,263.3,0.0,0.4406,1.0,std_0.05,7,0.67,0.05,beta,none
City-A,T3,1x,200.0,S3_Lin4,routine,M_routine,800,True,1,485.4,372.7,0.0,0.2322,1.0,std_0.05,7,0.67,0.05,beta,none
City-A,T3,1x,200.0,S3_Lin4,cross_regime,M_stress,800,True,1,485.4,263.3,0.0,0.4576,1.0,std_0.05,7,0.67,0.05,beta,none
City-A,T3,1x,200.0,S4_GlobalCalib,routine,M_routine,800,True,1,397.2,372.7,0.0,0.0616,1.0,std_0.05,7,0.67,0.05,beta,none
City-A,T3,1x,200.0,S4_GlobalCalib,cross_regime,M_stress,800,True,1,397.2,263.3,0.0,0.3372,1.0,std_0.05,7,0.67,0.05,beta,none
City-A,T3,1x,200.0,S5_CityCalib,routine,M_routine,800,True,1,398.4,372.7,0.0,0.0645,1.0,std_0.05,7,0.67,0.05,beta,none
City-A,T3,1x,200.0,S5_CityCalib,cross_regime,M_stress,800,True,1,398.4,263.3,0.0,0.3391,1.0,std_0.05,7,0.67,0.05,beta,none
City-A,T3,1x,200.0,S6_Q10,routine,M_routine,800,True,1,358.4,372.7,0.0,0.0,1.0,std_0.05,7,0.67,0.05,beta,none
City-A,T3,1x,200.0,S6_Q10,cross_regime,M_stress,800,True,1,358.4,263.3,0.0,0.2655,1.0,std_0.05,7,0.67,0.05,beta,none
City-A,T3,2x,400.0,S0a_RoutineOracle,routine,M_routine,800,True,2,760.7,760.7,0.0,0.0,1.0,std_0.05,7,0.67,0.05,beta,none
City-A,T3,2x,400.0,S0a_RoutineOracle,cross_regime,M_stress,800,True,2,760.7,461.7,0.0,0.393,1.0,std_0.05,7,0.67,0.05,beta,none
City-A,T3,2x,400.0,S0b_StressOracle,routine,M_routine,800,True,2,476.7,696.6,0.0,0.0,1.0,std_0.05,7,0.67,0.05,beta,none
City-A,T3,2x,400.0,S0b_StressOracle,cross_regime,M_stress,800,True,2,476.7,476.7,0.0,0.0,1.0,std_0.05,7,0.67,0.05,beta,none
City-A,T3,2x,400.0,S1_CapRR,routine,M_routine,800,True,1,596.8,372.7,27.3,0.3754,0.0,std_0.05,7,0.67,0.05,beta,none
City-A,T3,2x,400.0,S1_CapRR,cross_regime,M_stress,800,True,1,596.8,263.3,136.7,0.5588,0.0,std_0.05,7,0.67,0.05,beta,none
City-A,T3,2x,400.0,S2_Platform,routine,M_routine,800,True,1,470.7,372.7,27.3,0.2081,0.0,std_0.05,7,0.67,0.05,beta,none
City-A,T3,2x,400.0,S2_Platform,cross_regime,M_stress,800,True,1,470.7,263.3,136.7,0.4406,0.0,std_0.05,7,0.67,0.05,beta,none
City-A,T3,2x,400.0,S3_Lin4,routine,M_routine,800,True,1,485.4,372.7,27.3,0.2322,0.0,std_0.05,7,0.67,0.05,beta,none
City-A,T3,2x,400.0,S3_Lin4,cross_regime,M_stress,800,True,1,485.4,263.3,136.7,0.4576,0.0,std_0.05,7,0.67,0.05,beta,none
City-A,T3,2x,400.0,S4_GlobalCalib,routine,M_routine,800,True,2,757.5,760.7,0.0,0.0,1.0,std_0.05,7,0.67,0.05,beta,none
City-A,T3,2x,400.0,S4_GlobalCalib,cross_regime,M_stress,800,True,2,757.5,461.7,0.0,0.3905,1.0,std_0.05,7,0.67,0.05,beta,none
City-A,T3,2x,400.0,S5_CityCalib,routine,M_routine,800,True,2,759.8,760.7,0.0,0.0,1.0,std_0.05,7,0.67,0.05,beta,none
City-A,T3,2x,400.0,S5_CityCalib,cross_regime,M_stress,800,True,2,759.8,461.7,0.0,0.3923,1.0,std_0.05,7,0.67,0.05,beta,none
City-A,T3,2x,400.0,S6_Q10,routine,M_routine,800,True,2,683.6,760.7,0.0,0.0,1.0,std_0.05,7,0.67,0.05,beta,none
City-A,T3,2x,400.0,S6_Q10,cross_regime,M_stress,800,True,2,683.6,461.7,0.0,0.3245,1.0,std_0.05,7,0.67,0.05,beta,none
City-A,T3,5x,1000.0,S0a_RoutineOracle,routine,M_routine,800,True,3,1114.6,1114.6,0.0,0.0,1.0,std_0.05,7,0.67,0.05,beta,none
City-A,T3,5x,1000.0,S0a_RoutineOracle,cross_regime,M_stress,800,True,3,1114.6,667.3,332.7,0.4013,0.0,std_0.05,7,0.67,0.05,beta,none
City-A,T3,5x,1000.0,S0b_StressOracle,routine,M_routine,800,True,5,1105.0,1676.9,0.0,0.0,1.0,std_0.05,7,0.67,0.05,beta,none
City-A,T3,5x,1000.0,S0b_StressOracle,cross_regime,M_stress,800,True,5,1105.0,1105.0,0.0,0.0,1.0,std_0.05,7,0.67,0.05,beta,none
City-A,T3,5x,1000.0,S1_CapRR,routine,M_routine,800,True,2,1138.1,760.7,239.3,0.3316,0.0,std_0.05,7,0.67,0.05,beta,none
City-A,T3,5x,1000.0,S1_CapRR,cross_regime,M_stress,800,True,2,1138.1,461.7,538.3,0.5943,0.0,std_0.05,7,0.67,0.05,beta,none
City-A,T3,5x,1000.0,S2_Platform,routine,M_routine,800,True,3,1264.8,1046.7,0.0,0.1725,1.0,std_0.05,7,0.67,0.05,beta,none
City-A,T3,5x,1000.0,S2_Platform,cross_regime,M_stress,800,True,3,1264.8,667.9,332.1,0.4719,0.0,std_0.05,7,0.67,0.05,beta,none
City-A,T3,5x,1000.0,S3_Lin4,routine,M_routine,800,True,3,1233.1,1066.5,0.0,0.1351,1.0,std_0.05,7,0.67,0.05,beta,none
City-A,T3,5x,1000.0,S3_Lin4,cross_regime,M_stress,800,True,3,1233.1,664.0,336.0,0.4615,0.0,std_0.05,7,0.67,0.05,beta,none
City-A,T3,5x,1000.0,S4_GlobalCalib,routine,M_routine,800,True,3,1106.8,1110.6,0.0,0.0,1.0,std_0.05,7,0.67,0.05,beta,none
City-A,T3,5x,1000.0,S4_GlobalCalib,cross_regime,M_stress,800,True,3,1106.8,665.7,334.3,0.3986,0.0,std_0.05,7,0.67,0.05,beta,none
City-A,T3,5x,1000.0,S5_CityCalib,routine,M_routine,800,True,3,1110.1,1110.6,0.0,0.0,1.0,std_0.05,7,0.67,0.05,beta,none
City-A,T3,5x,1000.0,S5_CityCalib,cross_regime,M_stress,800,True,3,1110.1,665.7,334.3,0.4003,0.0,std_0.05,7,0.67,0.05,beta,none
City-A,T3,5x,1000.0,S6_Q10,routine,M_routine,800,True,4,1306.5,1464.4,0.0,0.0,1.0,std_0.05,7,0.67,0.05,beta,none
City-A,T3,5x,1000.0,S6_Q10,cross_regime,M_stress,800,True,4,1306.5,871.2,128.8,0.3332,0.0,std_0.05,7,0.67,0.05,beta,none
City-A,T3,10x,2000.0,S0a_RoutineOracle,routine,M_routine,800,True,6,2133.4,2133.4,0.0,0.0,1.0,std_0.05,7,0.67,0.05,beta,none
City-A,T3,10x,2000.0,S0a_RoutineOracle,cross_regime,M_stress,800,True,6,2133.4,1281.1,718.9,0.3995,0.0,std_0.05,7,0.67,0.05,beta,none
City-A,T3,10x,2000.0,S0b_StressOracle,routine,M_routine,800,True,10,2118.0,3281.3,0.0,0.0,1.0,std_0.05,7,0.67,0.05,beta,none
City-A,T3,10x,2000.0,S0b_StressOracle,cross_regime,M_stress,800,True,10,2118.0,2118.0,0.0,0.0,1.0,std_0.05,7,0.67,0.05,beta,none
City-A,T3,10x,2000.0,S1_CapRR,routine,M_routine,800,True,4,2175.3,1464.4,535.6,0.3268,0.0,std_0.05,7,0.67,0.05,beta,none
City-A,T3,10x,2000.0,S1_CapRR,cross_regime,M_stress,800,True,4,2175.3,871.2,1128.8,0.5995,0.0,std_0.05,7,0.67,0.05,beta,none
City-A,T3,10x,2000.0,S2_Platform,routine,M_routine,800,True,6,2357.9,2090.2,0.0,0.1135,1.0,std_0.05,7,0.67,0.05,beta,none
City-A,T3,10x,2000.0,S2_Platform,cross_regime,M_stress,800,True,6,2357.9,1243.9,756.1,0.4725,0.0,std_0.05,7,0.67,0.05,beta,none
City-A,T3,10x,2000.0,S3_Lin4,routine,M_routine,800,True,6,2267.3,2132.4,0.0,0.0595,1.0,std_0.05,7,0.67,0.05,beta,none
City-A,T3,10x,2000.0,S3_Lin4,cross_regime,M_stress,800,True,6,2267.3,1268.6,731.4,0.4405,0.0,std_0.05,7,0.67,0.05,beta,none
City-A,T3,10x,2000.0,S4_GlobalCalib,routine,M_routine,800,True,6,2089.1,2132.4,0.0,0.0,1.0,std_0.05,7,0.67,0.05,beta,none
City-A,T3,10x,2000.0,S4_GlobalCalib,cross_regime,M_stress,800,True,6,2089.1,1268.6,731.4,0.3927,0.0,std_0.05,7,0.67,0.05,beta,none
City-A,T3,10x,2000.0,S5_CityCalib,routine,M_routine,800,True,6,2095.3,2132.4,0.0,0.0,1.0,std_0.05,7,0.67,0.05,beta,none
City-A,T3,10x,2000.0,S5_CityCalib,cross_regime,M_stress,800,True,6,2095.3,1268.6,731.4,0.3945,0.0,std_0.05,7,0.67,0.05,beta,none
City-A,T3,10x,2000.0,S6_Q10,routine,M_routine,800,True,7,2160.5,2457.4,0.0,0.0,1.0,std_0.05,7,0.67,0.05,beta,none
City-A,T3,10x,2000.0,S6_Q10,cross_regime,M_stress,800,True,7,2160.5,1481.8,518.2,0.3142,0.0,std_0.05,7,0.67,0.05,beta,none
City-A,T4,1x,140.0,S0a_RoutineOracle,routine,M_routine,800,True,1,416.0,416.0,0.0,0.0,1.0,std_0.05,7,0.67,0.05,beta,none
City-A,T4,1x,140.0,S0a_RoutineOracle,cross_regime,M_stress,800,True,1,416.0,260.2,0.0,0.3745,1.0,std_0.05,7,0.67,0.05,beta,none
City-A,T4,1x,140.0,S0b_StressOracle,routine,M_routine,800,True,1,272.6,412.9,0.0,0.0,1.0,std_0.05,7,0.67,0.05,beta,none
City-A,T4,1x,140.0,S0b_StressOracle,cross_regime,M_stress,800,True,1,272.6,272.6,0.0,0.0,1.0,std_0.05,7,0.67,0.05,beta,none
City-A,T4,1x,140.0,S1_CapRR,routine,M_routine,800,True,1,678.2,406.4,0.0,0.4007,1.0,std_0.05,7,0.67,0.05,beta,none
City-A,T4,1x,140.0,S1_CapRR,cross_regime,M_stress,800,True,1,678.2,258.3,0.0,0.6191,1.0,std_0.05,7,0.67,0.05,beta,none
City-A,T4,1x,140.0,S2_Platform,routine,M_routine,800,True,1,299.2,412.9,0.0,0.0,1.0,std_0.05,7,0.67,0.05,beta,none
City-A,T4,1x,140.0,S2_Platform,cross_regime,M_stress,800,True,1,299.2,272.6,0.0,0.0888,1.0,std_0.05,7,0.67,0.05,beta,none
City-A,T4,1x,140.0,S3_Lin4,routine,M_routine,800,True,1,490.0,406.4,0.0,0.1704,1.0,std_0.05,7,0.67,0.05,beta,none
City-A,T4,1x,140.0,S3_Lin4,cross_regime,M_stress,800,True,1,490.0,258.3,0.0,0.4728,1.0,std_0.05,7,0.67,0.05,beta,none
City-A,T4,1x,140.0,S4_GlobalCalib,routine,M_routine,800,True,1,451.8,406.4,0.0,0.1004,1.0,std_0.05,7,0.67,0.05,beta,none
City-A,T4,1x,140.0,S4_GlobalCalib,cross_regime,M_stress,800,True,1,451.8,258.3,0.0,0.4282,1.0,std_0.05,7,0.67,0.05,beta,none
City-A,T4,1x,140.0,S5_CityCalib,routine,M_routine,800,True,1,454.7,406.4,0.0,0.1061,1.0,std_0.05,7,0.67,0.05,beta,none
City-A,T4,1x,140.0,S5_CityCalib,cross_regime,M_stress,800,True,1,454.7,258.3,0.0,0.4319,1.0,std_0.05,7,0.67,0.05,beta,none
City-A,T4,1x,140.0,S6_Q10,routine,M_routine,800,True,1,407.3,406.4,0.0,0.0021,1.0,std_0.05,7,0.67,0.05,beta,none
City-A,T4,1x,140.0,S6_Q10,cross_regime,M_stress,800,True,1,407.3,258.3,0.0,0.3657,1.0,std_0.05,7,0.67,0.05,beta,none
City-A,T4,2x,280.0,S0a_RoutineOracle,routine,M_routine,800,True,1,416.0,416.0,0.0,0.0,1.0,std_0.05,7,0.67,0.05,beta,none
City-A,T4,2x,280.0,S0a_RoutineOracle,cross_regime,M_stress,800,True,1,416.0,260.2,19.8,0.3745,0.0,std_0.05,7,0.67,0.05,beta,none
City-A,T4,2x,280.0,S0b_StressOracle,routine,M_routine,800,True,2,534.9,788.1,0.0,0.0,1.0,std_0.05,7,0.67,0.05,beta,none
City-A,T4,2x,280.0,S0b_StressOracle,cross_regime,M_stress,800,True,2,534.9,534.9,0.0,0.0,1.0,std_0.05,7,0.67,0.05,beta,none
City-A,T4,2x,280.0,S1_CapRR,routine,M_routine,800,True,1,678.2,406.4,0.0,0.4007,1.0,std_0.05,7,0.67,0.05,beta,none
City-A,T4,2x,280.0,S1_CapRR,cross_regime,M_stress,800,True,1,678.2,258.3,21.7,0.6191,0.0,std_0.05,7,0.67,0.05,beta,none
City-A,T4,2x,280.0,S2_Platform,routine,M_routine,800,True,1,299.2,412.9,0.0,0.0,1.0,std_0.05,7,0.67,0.05,beta,none
City-A,T4,2x,280.0,S2_Platform,cross_regime,M_stress,800,True,1,299.2,272.6,7.4,0.0888,0.0,std_0.05,7,0.67,0.05,beta,none
City-A,T4,2x,280.0,S3_Lin4,routine,M_routine,800,True,1,490.0,406.4,0.0,0.1704,1.0,std_0.05,7,0.67,0.05,beta,none
City-A,T4,2x,280.0,S3_Lin4,cross_regime,M_stress,800,True,1,490.0,258.3,21.7,0.4728,0.0,std_0.05,7,0.67,0.05,beta,none
City-A,T4,2x,280.0,S4_GlobalCalib,routine,M_routine,800,True,1,451.8,406.4,0.0,0.1004,1.0,std_0.05,7,0.67,0.05,beta,none
City-A,T4,2x,280.0,S4_GlobalCalib,cross_regime,M_stress,800,True,1,451.8,258.3,21.7,0.4282,0.0,std_0.05,7,0.67,0.05,beta,none
City-A,T4,2x,280.0,S5_CityCalib,routine,M_routine,800,True,1,454.7,406.4,0.0,0.1061,1.0,std_0.05,7,0.67,0.05,beta,none
City-A,T4,2x,280.0,S5_CityCalib,cross_regime,M_stress,800,True,1,454.7,258.3,21.7,0.4319,0.0,std_0.05,7,0.67,0.05,beta,none
City-A,T4,2x,280.0,S6_Q10,routine,M_routine,800,True,1,407.3,406.4,0.0,0.0021,1.0,std_0.05,7,0.67,0.05,beta,none
City-A,T4,2x,280.0,S6_Q10,cross_regime,M_stress,800,True,1,407.3,258.3,21.7,0.3657,0.0,std_0.05,7,0.67,0.05,beta,none
City-A,T4,5x,700.0,S0a_RoutineOracle,routine,M_routine,800,True,2,828.9,828.9,0.0,0.0,1.0,std_0.05,7,0.67,0.05,beta,none
City-A,T4,5x,700.0,S0a_RoutineOracle,cross_regime,M_stress,800,True,2,828.9,532.8,167.2,0.3572,0.0,std_0.05,7,0.67,0.05,beta,none
City-A,T4,5x,700.0,S0b_StressOracle,routine,M_routine,800,True,3,795.1,1204.1,0.0,0.0,1.0,std_0.05,7,0.67,0.05,beta,none
City-A,T4,5x,700.0,S0b_StressOracle,cross_regime,M_stress,800,True,3,795.1,795.1,0.0,0.0,1.0,std_0.05,7,0.67,0.05,beta,none
City-A,T4,5x,700.0,S1_CapRR,routine,M_routine,800,True,2,1293.4,819.4,0.0,0.3665,1.0,std_0.05,7,0.67,0.05,beta,none
City-A,T4,5x,700.0,S1_CapRR,cross_regime,M_stress,800,True,2,1293.4,531.0,169.0,0.5895,0.0,std_0.05,7,0.67,0.05,beta,none
City-A,T4,5x,700.0,S2_Platform,routine,M_routine,800,True,3,870.0,1021.6,0.0,0.0,1.0,std_0.05,7,0.67,0.05,beta,none
City-A,T4,5x,700.0,S2_Platform,cross_regime,M_stress,800,True,3,870.0,723.1,0.0,0.1689,1.0,std_0.05,7,0.67,0.05,beta,none
City-A,T4,5x,700.0,S3_Lin4,routine,M_routine,800,True,2,875.7,806.4,0.0,0.0791,1.0,std_0.05,7,0.67,0.05,beta,none
City-A,T4,5x,700.0,S3_Lin4,cross_regime,M_stress,800,True,2,875.7,507.7,192.3,0.4203,0.0,std_0.05,7,0.67,0.05,beta,none
City-A,T4,5x,700.0,S4_GlobalCalib,routine,M_routine,800,True,2,861.7,819.4,0.0,0.0491,1.0,std_0.05,7,0.67,0.05,beta,none
City-A,T4,5x,700.0,S4_GlobalCalib,cross_regime,M_stress,800,True,2,861.7,531.0,169.0,0.3838,0.0,std_0.05,7,0.67,0.05,beta,none
City-A,T4,5x,700.0,S5_CityCalib,routine,M_routine,800,True,2,867.1,819.4,0.0,0.0551,1.0,std_0.05,7,0.67,0.05,beta,none
City-A,T4,5x,700.0,S5_CityCalib,cross_regime,M_stress,800,True,2,867.1,531.0,169.0,0.3877,0.0,std_0.05,7,0.67,0.05,beta,none
City-A,T4,5x,700.0,S6_Q10,routine,M_routine,800,True,2,776.7,819.4,0.0,0.0,1.0,std_0.05,7,0.67,0.05,beta,none
City-A,T4,5x,700.0,S6_Q10,cross_regime,M_stress,800,True,2,776.7,531.0,169.0,0.3164,0.0,std_0.05,7,0.67,0.05,beta,none
City-A,T4,10x,1400.0,S0a_RoutineOracle,routine,M_routine,800,True,4,1635.3,1635.3,0.0,0.0,1.0,std_0.05,7,0.67,0.05,beta,none
City-A,T4,10x,1400.0,S0a_RoutineOracle,cross_regime,M_stress,800,True,4,1635.3,1040.5,359.5,0.3637,0.0,std_0.05,7,0.67,0.05,beta,none
City-A,T4,10x,1400.0,S0b_StressOracle,routine,M_routine,800,True,6,1548.3,2357.1,0.0,0.0,1.0,std_0.05,7,0.67,0.05,beta,none
City-A,T4,10x,1400.0,S0b_StressOracle,cross_regime,M_stress,800,True,6,1548.3,1548.3,0.0,0.0,1.0,std_0.05,7,0.67,0.05,beta,none
City-A,T4,10x,1400.0,S1_CapRR,routine,M_routine,800,True,3,1889.7,1219.4,180.6,0.3547,0.0,std_0.05,7,0.67,0.05,beta,none
City-A,T4,10x,1400.0,S1_CapRR,cross_regime,M_stress,800,True,3,1889.7,780.3,619.7,0.5871,0.0,std_0.05,7,0.67,0.05,beta,none
City-A,T4,10x,1400.0,S2_Platform,routine,M_routine,800,True,5,1424.2,1613.3,0.0,0.0,1.0,std_0.05,7,0.67,0.05,beta,none
City-A,T4,10x,1400.0,S2_Platform,cross_regime,M_stress,800,True,5,1424.2,1122.4,277.6,0.2119,0.0,std_0.05,7,0.67,0.05,beta,none
City-A,T4,10x,1400.0,S3_Lin4,routine,M_routine,800,True,4,1616.9,1578.6,0.0,0.0237,1.0,std_0.05,7,0.67,0.05,beta,none
City-A,T4,10x,1400.0,S3_Lin4,cross_regime,M_stress,800,True,4,1616.9,997.5,402.5,0.3831,0.0,std_0.05,7,0.67,0.05,beta,none
City-A,T4,10x,1400.0,S4_GlobalCalib,routine,M_routine,800,True,4,1647.0,1635.3,0.0,0.0071,1.0,std_0.05,7,0.67,0.05,beta,none
City-A,T4,10x,1400.0,S4_GlobalCalib,cross_regime,M_stress,800,True,4,1647.0,1040.5,359.5,0.3682,0.0,std_0.05,7,0.67,0.05,beta,none
City-A,T4,10x,1400.0,S5_CityCalib,routine,M_routine,800,True,4,1657.2,1635.3,0.0,0.0132,1.0,std_0.05,7,0.67,0.05,beta,none
City-A,T4,10x,1400.0,S5_CityCalib,cross_regime,M_stress,800,True,4,1657.2,1040.5,359.5,0.3721,0.0,std_0.05,7,0.67,0.05,beta,none
City-A,T4,10x,1400.0,S6_Q10,routine,M_routine,800,True,4,1484.6,1635.3,0.0,0.0,1.0,std_0.05,7,0.67,0.05,beta,none
City-A,T4,10x,1400.0,S6_Q10,cross_regime,M_stress,800,True,4,1484.6,1040.5,359.5,0.2991,0.0,std_0.05,7,0.67,0.05,beta,none
City-A,T5,1x,160.0,S0a_RoutineOracle,routine,M_routine,800,True,1,378.1,378.1,0.0,0.0,1.0,std_0.05,7,0.67,0.05,beta,none
City-A,T5,1x,160.0,S0a_RoutineOracle,cross_regime,M_stress,800,True,1,378.1,248.2,0.0,0.3436,1.0,std_0.05,7,0.67,0.05,beta,none
City-A,T5,1x,160.0,S0b_StressOracle,routine,M_routine,800,True,1,267.2,370.7,0.0,0.0,1.0,std_0.05,7,0.67,0.05,beta,none
City-A,T5,1x,160.0,S0b_StressOracle,cross_regime,M_stress,800,True,1,267.2,267.2,0.0,0.0,1.0,std_0.05,7,0.67,0.05,beta,none
City-A,T5,1x,160.0,S1_CapRR,routine,M_routine,800,True,1,596.8,370.7,0.0,0.3789,1.0,std_0.05,7,0.67,0.05,beta,none
City-A,T5,1x,160.0,S1_CapRR,cross_regime,M_stress,800,True,1,596.8,267.2,0.0,0.5522,1.0,std_0.05,7,0.67,0.05,beta,none
City-A,T5,1x,160.0,S2_Platform,routine,M_routine,800,True,1,485.5,370.7,0.0,0.2365,1.0,std_0.05,7,0.67,0.05,beta,none
City-A,T5,1x,160.0,S2_Platform,cross_regime,M_stress,800,True,1,485.5,267.2,0.0,0.4496,1.0,std_0.05,7,0.67,0.05,beta,none
City-A,T5,1x,160.0,S3_Lin4,routine,M_routine,800,True,1,487.7,370.7,0.0,0.2399,1.0,std_0.05,7,0.67,0.05,beta,none
City-A,T5,1x,160.0,S3_Lin4,cross_regime,M_stress,800,True,1,487.7,267.2,0.0,0.4521,1.0,std_0.05,7,0.67,0.05,beta,none
City-A,T5,1x,160.0,S4_GlobalCalib,routine,M_routine,800,True,1,397.9,370.7,0.0,0.0685,1.0,std_0.05,7,0.67,0.05,beta,none
City-A,T5,1x,160.0,S4_GlobalCalib,cross_regime,M_stress,800,True,1,397.9,267.2,0.0,0.3285,1.0,std_0.05,7,0.67,0.05,beta,none
City-A,T5,1x,160.0,S5_CityCalib,routine,M_routine,800,True,1,399.5,370.7,0.0,0.0721,1.0,std_0.05,7,0.67,0.05,beta,none
City-A,T5,1x,160.0,S5_CityCalib,cross_regime,M_stress,800,True,1,399.5,267.2,0.0,0.3311,1.0,std_0.05,7,0.67,0.05,beta,none
City-A,T5,1x,160.0,S6_Q10,routine,M_routine,800,True,1,358.5,370.7,0.0,0.0,1.0,std_0.05,7,0.67,0.05,beta,none
City-A,T5,1x,160.0,S6_Q10,cross_regime,M_stress,800,True,1,358.5,267.2,0.0,0.2547,1.0,std_0.05,7,0.67,0.05,beta,none
City-A,T5,2x,320.0,S0a_RoutineOracle,routine,M_routine,800,True,1,378.1,378.1,0.0,0.0,1.0,std_0.05,7,0.67,0.05,beta,none
City-A,T5,2x,320.0,S0a_RoutineOracle,cross_regime,M_stress,800,True,1,378.1,248.2,71.8,0.3436,0.0,std_0.05,7,0.67,0.05,beta,none
City-A,T5,2x,320.0,S0b_StressOracle,routine,M_routine,800,True,2,515.4,748.8,0.0,0.0,1.0,std_0.05,7,0.67,0.05,beta,none
City-A,T5,2x,320.0,S0b_StressOracle,cross_regime,M_stress,800,True,2,515.4,515.4,0.0,0.0,1.0,std_0.05,7,0.67,0.05,beta,none
City-A,T5,2x,320.0,S1_CapRR,routine,M_routine,800,True,1,596.8,370.7,0.0,0.3789,1.0,std_0.05,7,0.67,0.05,beta,none
City-A,T5,2x,320.0,S1_CapRR,cross_regime,M_stress,800,True,1,596.8,267.2,52.8,0.5522,0.0,std_0.05,7,0.67,0.05,beta,none
City-A,T5,2x,320.0,S2_Platform,routine,M_routine,800,True,1,485.5,370.7,0.0,0.2365,1.0,std_0.05,7,0.67,0.05,beta,none
City-A,T5,2x,320.0,S2_Platform,cross_regime,M_stress,800,True,1,485.5,267.2,52.8,0.4496,0.0,std_0.05,7,0.67,0.05,beta,none
City-A,T5,2x,320.0,S3_Lin4,routine,M_routine,800,True,1,487.7,370.7,0.0,0.2399,1.0,std_0.05,7,0.67,0.05,beta,none
City-A,T5,2x,320.0,S3_Lin4,cross_regime,M_stress,800,True,1,487.7,267.2,52.8,0.4521,0.0,std_0.05,7,0.67,0.05,beta,none
City-A,T5,2x,320.0,S4_GlobalCalib,routine,M_routine,800,True,1,397.9,370.7,0.0,0.0685,1.0,std_0.05,7,0.67,0.05,beta,none
City-A,T5,2x,320.0,S4_GlobalCalib,cross_regime,M_stress,800,True,1,397.9,267.2,52.8,0.3285,0.0,std_0.05,7,0.67,0.05,beta,none
City-A,T5,2x,320.0,S5_CityCalib,routine,M_routine,800,True,1,399.5,370.7,0.0,0.0721,1.0,std_0.05,7,0.67,0.05,beta,none
City-A,T5,2x,320.0,S5_CityCalib,cross_regime,M_stress,800,True,1,399.5,267.2,52.8,0.3311,0.0,std_0.05,7,0.67,0.05,beta,none
City-A,T5,2x,320.0,S6_Q10,routine,M_routine,800,True,1,358.5,370.7,0.0,0.0,1.0,std_0.05,7,0.67,0.05,beta,none
City-A,T5,2x,320.0,S6_Q10,cross_regime,M_stress,800,True,1,358.5,267.2,52.8,0.2547,0.0,std_0.05,7,0.67,0.05,beta,none
City-A,T5,5x,800.0,S0a_RoutineOracle,routine,M_routine,800,True,3,1106.0,1106.0,0.0,0.0,1.0,std_0.05,7,0.67,0.05,beta,none
City-A,T5,5x,800.0,S0a_RoutineOracle,cross_regime,M_stress,800,True,3,1106.0,731.0,69.0,0.3391,0.0,std_0.05,7,0.67,0.05,beta,none
City-A,T5,5x,800.0,S0b_StressOracle,routine,M_routine,800,True,4,964.3,1380.2,0.0,0.0,1.0,std_0.05,7,0.67,0.05,beta,none
City-A,T5,5x,800.0,S0b_StressOracle,cross_regime,M_stress,800,True,4,964.3,964.3,0.0,0.0,1.0,std_0.05,7,0.67,0.05,beta,none
City-A,T5,5x,800.0,S1_CapRR,routine,M_routine,800,True,2,1138.1,696.7,103.3,0.3879,0.0,std_0.05,7,0.67,0.05,beta,none
City-A,T5,5x,800.0,S1_CapRR,cross_regime,M_stress,800,True,2,1138.1,492.9,307.1,0.5669,0.0,std_0.05,7,0.67,0.05,beta,none
City-A,T5,5x,800.0,S2_Platform,routine,M_routine,800,True,2,897.6,727.8,72.2,0.1891,0.0,std_0.05,7,0.67,0.05,beta,none
City-A,T5,5x,800.0,S2_Platform,cross_regime,M_stress,800,True,2,897.6,482.8,317.2,0.4621,0.0,std_0.05,7,0.67,0.05,beta,none
City-A,T5,5x,800.0,S3_Lin4,routine,M_routine,800,True,2,864.7,748.8,51.2,0.134,0.0,std_0.05,7,0.67,0.05,beta,none
City-A,T5,5x,800.0,S3_Lin4,cross_regime,M_stress,800,True,2,864.7,515.4,284.6,0.404,0.0,std_0.05,7,0.67,0.05,beta,none
City-A,T5,5x,800.0,S4_GlobalCalib,routine,M_routine,800,True,3,1108.8,1074.8,0.0,0.0307,1.0,std_0.05,7,0.67,0.05,beta,none
City-A,T5,5x,800.0,S4_GlobalCalib,cross_regime,M_stress,800,True,3,1108.8,741.1,58.9,0.3316,0.0,std_0.05,7,0.67,0.05,beta,none
City-A,T5,5x,800.0,S5_CityCalib,routine,M_routine,800,True,3,1113.1,1074.8,0.0,0.0345,1.0,std_0.05,7,0.67,0.05,beta,none
City-A,T5,5x,800.0,S5_CityCalib,cross_regime,M_stress,800,True,3,1113.1,741.1,58.9,0.3342,0.0,std_0.05,7,0.67,0.05,beta,none
City-A,T5,5x,800.0,S6_Q10,routine,M_routine,800,True,3,999.0,1074.8,0.0,0.0,1.0,std_0.05,7,0.67,0.05,beta,none
City-A,T5,5x,800.0,S6_Q10,cross_regime,M_stress,800,True,3,999.0,741.1,58.9,0.2581,0.0,std_0.05,7,0.67,0.05,beta,none
City-A,T5,10x,1600.0,S0a_RoutineOracle,routine,M_routine,800,True,5,1764.6,1764.6,0.0,0.0,1.0,std_0.05,7,0.67,0.05,beta,none
City-A,T5,10x,1600.0,S0a_RoutineOracle,cross_regime,M_stress,800,True,5,1764.6,1154.0,446.0,0.346,0.0,std_0.05,7,0.67,0.05,beta,none
City-A,T5,10x,1600.0,S0b_StressOracle,routine,M_routine,800,True,8,1795.2,2606.9,0.0,0.0,1.0,std_0.05,7,0.67,0.05,beta,none
City-A,T5,10x,1600.0,S0b_StressOracle,cross_regime,M_stress,800,True,8,1795.2,1795.2,0.0,0.0,1.0,std_0.05,7,0.67,0.05,beta,none
City-A,T5,10x,1600.0,S1_CapRR,routine,M_routine,800,True,3,1662.9,1074.8,525.2,0.3537,0.0,std_0.05,7,0.67,0.05,beta,none
City-A,T5,10x,1600.0,S1_CapRR,cross_regime,M_stress,800,True,3,1662.9,741.1,858.9,0.5543,0.0,std_0.05,7,0.67,0.05,beta,none
City-A,T5,10x,1600.0,S2_Platform,routine,M_routine,800,True,4,1696.8,1411.4,188.6,0.1682,0.0,std_0.05,7,0.67,0.05,beta,none
City-A,T5,10x,1600.0,S2_Platform,cross_regime,M_stress,800,True,4,1696.8,954.1,645.9,0.4377,0.0,std_0.05,7,0.67,0.05,beta,none
City-A,T5,10x,1600.0,S3_Lin4,routine,M_routine,800,True,5,1931.8,1643.1,0.0,0.1494,1.0,std_0.05,7,0.67,0.05,beta,none
City-A,T5,10x,1600.0,S3_Lin4,cross_regime,M_stress,800,True,5,1931.8,1174.6,425.4,0.392,0.0,std_0.05,7,0.67,0.05,beta,none
City-A,T5,10x,1600.0,S4_GlobalCalib,routine,M_routine,800,True,5,1782.3,1737.4,0.0,0.0252,1.0,std_0.05,7,0.67,0.05,beta,none
City-A,T5,10x,1600.0,S4_GlobalCalib,cross_regime,M_stress,800,True,5,1782.3,1179.9,420.1,0.338,0.0,std_0.05,7,0.67,0.05,beta,none
City-A,T5,10x,1600.0,S5_CityCalib,routine,M_routine,800,True,5,1789.1,1737.4,0.0,0.0289,1.0,std_0.05,7,0.67,0.05,beta,none
City-A,T5,10x,1600.0,S5_CityCalib,cross_regime,M_stress,800,True,5,1789.1,1179.9,420.1,0.3405,0.0,std_0.05,7,0.67,0.05,beta,none
City-A,T5,10x,1600.0,S6_Q10,routine,M_routine,800,True,5,1605.7,1737.4,0.0,0.0,1.0,std_0.05,7,0.67,0.05,beta,none
City-A,T5,10x,1600.0,S6_Q10,cross_regime,M_stress,800,True,5,1605.7,1179.9,420.1,0.2652,0.0,std_0.05,7,0.67,0.05,beta,none
City-B,T1,1x,180.0,S0a_RoutineOracle,routine,M_routine,500,True,1,605.9,605.9,0.0,0.0,1.0,std_0.05,7,0.67,0.05,beta,none
City-B,T1,1x,180.0,S0a_RoutineOracle,cross_regime,M_stress,500,True,1,605.9,375.1,0.0,0.3809,1.0,std_0.05,7,0.67,0.05,beta,none
City-B,T1,1x,180.0,S0b_StressOracle,routine,M_routine,500,True,1,376.0,548.4,0.0,0.0,1.0,std_0.05,7,0.67,0.05,beta,none
City-B,T1,1x,180.0,S0b_StressOracle,cross_regime,M_stress,500,True,1,376.0,376.0,0.0,0.0,1.0,std_0.05,7,0.67,0.05,beta,none
City-B,T1,1x,180.0,S1_CapRR,routine,M_routine,500,True,1,846.0,548.4,0.0,0.3518,1.0,std_0.05,7,0.67,0.05,beta,none
City-B,T1,1x,180.0,S1_CapRR,cross_regime,M_stress,500,True,1,846.0,376.0,0.0,0.5556,1.0,std_0.05,7,0.67,0.05,beta,none
City-B,T1,1x,180.0,S2_Platform,routine,M_routine,500,True,1,561.1,541.9,0.0,0.0343,1.0,std_0.05,7,0.67,0.05,beta,none
City-B,T1,1x,180.0,S2_Platform,cross_regime,M_stress,500,True,1,561.1,361.7,0.0,0.3555,1.0,std_0.05,7,0.67,0.05,beta,none
City-B,T1,1x,180.0,S3_Lin4,routine,M_routine,500,True,1,466.9,605.9,0.0,0.0,1.0,std_0.05,7,0.67,0.05,beta,none
City-B,T1,1x,180.0,S3_Lin4,cross_regime,M_stress,500,True,1,466.9,375.1,0.0,0.1966,1.0,std_0.05,7,0.67,0.05,beta,none
City-B,T1,1x,180.0,S4_GlobalCalib,routine,M_routine,500,True,1,565.8,548.4,0.0,0.0306,1.0,std_0.05,7,0.67,0.05,beta,none
City-B,T1,1x,180.0,S4_GlobalCalib,cross_regime,M_stress,500,True,1,565.8,376.0,0.0,0.3354,1.0,std_0.05,7,0.67,0.05,beta,none
City-B,T1,1x,180.0,S5_CityCalib,routine,M_routine,500,True,1,564.7,548.4,0.0,0.0289,1.0,std_0.05,7,0.67,0.05,beta,none
City-B,T1,1x,180.0,S5_CityCalib,cross_regime,M_stress,500,True,1,564.7,376.0,0.0,0.3342,1.0,std_0.05,7,0.67,0.05,beta,none
City-B,T1,1x,180.0,S6_Q10,routine,M_routine,500,True,1,509.4,548.4,0.0,0.0,1.0,std_0.05,7,0.67,0.05,beta,none
City-B,T1,1x,180.0,S6_Q10,cross_regime,M_stress,500,True,1,509.4,376.0,0.0,0.2619,1.0,std_0.05,7,0.67,0.05,beta,none
City-B,T1,2x,360.0,S0a_RoutineOracle,routine,M_routine,500,True,1,605.9,605.9,0.0,0.0,1.0,std_0.05,7,0.67,0.05,beta,none
City-B,T1,2x,360.0,S0a_RoutineOracle,cross_regime,M_stress,500,True,1,605.9,375.1,0.0,0.3809,1.0,std_0.05,7,0.67,0.05,beta,none
City-B,T1,2x,360.0,S0b_StressOracle,routine,M_routine,500,True,1,376.0,548.4,0.0,0.0,1.0,std_0.05,7,0.67,0.05,beta,none
City-B,T1,2x,360.0,S0b_StressOracle,cross_regime,M_stress,500,True,1,376.0,376.0,0.0,0.0,1.0,std_0.05,7,0.67,0.05,beta,none
City-B,T1,2x,360.0,S1_CapRR,routine,M_routine,500,True,1,846.0,548.4,0.0,0.3518,1.0,std_0.05,7,0.67,0.05,beta,none
City-B,T1,2x,360.0,S1_CapRR,cross_regime,M_stress,500,True,1,846.0,376.0,0.0,0.5556,1.0,std_0.05,7,0.67,0.05,beta,none
City-B,T1,2x,360.0,S2_Platform,routine,M_routine,500,True,1,561.1,541.9,0.0,0.0343,1.0,std_0.05,7,0.67,0.05,beta,none
City-B,T1,2x,360.0,S2_Platform,cross_regime,M_stress,500,True,1,561.1,361.7,0.0,0.3555,1.0,std_0.05,7,0.67,0.05,beta,none
City-B,T1,2x,360.0,S3_Lin4,routine,M_routine,500,True,1,466.9,605.9,0.0,0.0,1.0,std_0.05,7,0.67,0.05,beta,none
City-B,T1,2x,360.0,S3_Lin4,cross_regime,M_stress,500,True,1,466.9,375.1,0.0,0.1966,1.0,std_0.05,7,0.67,0.05,beta,none
City-B,T1,2x,360.0,S4_GlobalCalib,routine,M_routine,500,True,1,565.8,548.4,0.0,0.0306,1.0,std_0.05,7,0.67,0.05,beta,none
City-B,T1,2x,360.0,S4_GlobalCalib,cross_regime,M_stress,500,True,1,565.8,376.0,0.0,0.3354,1.0,std_0.05,7,0.67,0.05,beta,none
City-B,T1,2x,360.0,S5_CityCalib,routine,M_routine,500,True,1,564.7,548.4,0.0,0.0289,1.0,std_0.05,7,0.67,0.05,beta,none
City-B,T1,2x,360.0,S5_CityCalib,cross_regime,M_stress,500,True,1,564.7,376.0,0.0,0.3342,1.0,std_0.05,7,0.67,0.05,beta,none
City-B,T1,2x,360.0,S6_Q10,routine,M_routine,500,True,1,509.4,548.4,0.0,0.0,1.0,std_0.05,7,0.67,0.05,beta,none
City-B,T1,2x,360.0,S6_Q10,cross_regime,M_stress,500,True,1,509.4,376.0,0.0,0.2619,1.0,std_0.05,7,0.67,0.05,beta,none
City-B,T1,5x,900.0,S0a_RoutineOracle,routine,M_routine,500,True,2,1154.3,1154.3,0.0,0.0,1.0,std_0.05,7,0.67,0.05,beta,none
City-B,T1,5x,900.0,S0a_RoutineOracle,cross_regime,M_stress,500,True,2,1154.3,751.1,148.9,0.3493,0.0,std_0.05,7,0.67,0.05,beta,none
City-B,T1,5x,900.0,S0b_StressOracle,routine,M_routine,500,True,3,1112.7,1696.2,0.0,0.0,1.0,std_0.05,7,0.67,0.05,beta,none
City-B,T1,5x,900.0,S0b_StressOracle,cross_regime,M_stress,500,True,3,1112.7,1112.7,0.0,0.0,1.0,std_0.05,7,0.67,0.05,beta,none
City-B,T1,5x,900.0,S1_CapRR,routine,M_routine,500,True,2,1688.0,1044.8,0.0,0.381,1.0,std_0.05,7,0.67,0.05,beta,none
City-B,T1,5x,900.0,S1_CapRR,cross_regime,M_stress,500,True,2,1688.0,701.5,198.5,0.5844,0.0,std_0.05,7,0.67,0.05,beta,none
City-B,T1,5x,900.0,S2_Platform,routine,M_routine,500,True,2,1112.3,1147.8,0.0,0.0,1.0,std_0.05,7,0.67,0.05,beta,none
City-B,T1,5x,900.0,S2_Platform,cross_regime,M_stress,500,True,2,1112.3,736.7,163.3,0.3377,0.0,std_0.05,7,0.67,0.05,beta,none
City-B,T1,5x,900.0,S3_Lin4,routine,M_routine,500,True,2,927.6,1147.8,0.0,0.0,1.0,std_0.05,7,0.67,0.05,beta,none
City-B,T1,5x,900.0,S3_Lin4,cross_regime,M_stress,500,True,2,927.6,736.7,163.3,0.2057,0.0,std_0.05,7,0.67,0.05,beta,none
City-B,T1,5x,900.0,S4_GlobalCalib,routine,M_routine,500,True,2,1128.8,1044.8,0.0,0.0744,1.0,std_0.05,7,0.67,0.05,beta,none
City-B,T1,5x,900.0,S4_GlobalCalib,cross_regime,M_stress,500,True,2,1128.8,701.5,198.5,0.3785,0.0,std_0.05,7,0.67,0.05,beta,none
City-B,T1,5x,900.0,S5_CityCalib,routine,M_routine,500,True,2,1126.7,1044.8,0.0,0.0727,1.0,std_0.05,7,0.67,0.05,beta,none
City-B,T1,5x,900.0,S5_CityCalib,cross_regime,M_stress,500,True,2,1126.7,701.5,198.5,0.3774,0.0,std_0.05,7,0.67,0.05,beta,none
City-B,T1,5x,900.0,S6_Q10,routine,M_routine,500,True,2,1016.4,1044.8,0.0,0.0,1.0,std_0.05,7,0.67,0.05,beta,none
City-B,T1,5x,900.0,S6_Q10,cross_regime,M_stress,500,True,2,1016.4,701.5,198.5,0.3098,0.0,std_0.05,7,0.67,0.05,beta,none
City-B,T1,10x,1800.0,S0a_RoutineOracle,routine,M_routine,500,True,4,2206.7,2206.7,0.0,0.0,1.0,std_0.05,7,0.67,0.05,beta,none
City-B,T1,10x,1800.0,S0a_RoutineOracle,cross_regime,M_stress,500,True,4,2206.7,1425.1,374.9,0.3542,0.0,std_0.05,7,0.67,0.05,beta,none
City-B,T1,10x,1800.0,S0b_StressOracle,routine,M_routine,500,True,6,2075.1,3126.1,0.0,0.0,1.0,std_0.05,7,0.67,0.05,beta,none
City-B,T1,10x,1800.0,S0b_StressOracle,cross_regime,M_stress,500,True,6,2075.1,2075.1,0.0,0.0,1.0,std_0.05,7,0.67,0.05,beta,none
City-B,T1,10x,1800.0,S1_CapRR,routine,M_routine,500,True,3,2504.5,1650.6,149.4,0.3409,0.0,std_0.05,7,0.67,0.05,beta,none
City-B,T1,10x,1800.0,S1_CapRR,cross_regime,M_stress,500,True,3,2504.5,1076.6,723.4,0.5701,0.0,std_0.05,7,0.67,0.05,beta,none
City-B,T1,10x,1800.0,S2_Platform,routine,M_routine,500,True,4,2163.2,2192.6,0.0,0.0,1.0,std_0.05,7,0.67,0.05,beta,none
City-B,T1,10x,1800.0,S2_Platform,cross_regime,M_stress,500,True,4,2163.2,1438.3,361.7,0.3351,0.0,std_0.05,7,0.67,0.05,beta,none
City-B,T1,10x,1800.0,S3_Lin4,routine,M_routine,500,True,4,1839.5,2192.6,0.0,0.0,1.0,std_0.05,7,0.67,0.05,beta,none
City-B,T1,10x,1800.0,S3_Lin4,cross_regime,M_stress,500,True,4,1839.5,1438.3,361.7,0.2181,0.0,std_0.05,7,0.67,0.05,beta,none
City-B,T1,10x,1800.0,S4_GlobalCalib,routine,M_routine,500,True,4,2209.0,2192.6,0.0,0.0074,1.0,std_0.05,7,0.67,0.05,beta,none
City-B,T1,10x,1800.0,S4_GlobalCalib,cross_regime,M_stress,500,True,4,2209.0,1438.3,361.7,0.3489,0.0,std_0.05,7,0.67,0.05,beta,none
City-B,T1,10x,1800.0,S5_CityCalib,routine,M_routine,500,True,4,2204.9,2192.6,0.0,0.0056,1.0,std_0.05,7,0.67,0.05,beta,none
City-B,T1,10x,1800.0,S5_CityCalib,cross_regime,M_stress,500,True,4,2204.9,1438.3,361.7,0.3477,0.0,std_0.05,7,0.67,0.05,beta,none
City-B,T1,10x,1800.0,S6_Q10,routine,M_routine,500,True,4,1989.1,2192.6,0.0,0.0,1.0,std_0.05,7,0.67,0.05,beta,none
City-B,T1,10x,1800.0,S6_Q10,cross_regime,M_stress,500,True,4,1989.1,1438.3,361.7,0.2769,0.0,std_0.05,7,0.67,0.05,beta,none
City-B,T2,1x,260.0,S0a_RoutineOracle,routine,M_routine,500,True,1,610.4,610.4,0.0,0.0,1.0,std_0.05,7,0.67,0.05,beta,none
City-B,T2,1x,260.0,S0a_RoutineOracle,cross_regime,M_stress,500,True,1,610.4,328.1,0.0,0.4625,1.0,std_0.05,7,0.67,0.05,beta,none
City-B,T2,1x,260.0,S0b_StressOracle,routine,M_routine,500,True,1,405.5,498.8,0.0,0.0,1.0,std_0.05,7,0.67,0.05,beta,none
City-B,T2,1x,260.0,S0b_StressOracle,cross_regime,M_stress,500,True,1,405.5,405.5,0.0,0.0,1.0,std_0.05,7,0.67,0.05,beta,none
City-B,T2,1x,260.0,S1_CapRR,routine,M_routine,500,True,1,846.0,603.5,0.0,0.2867,1.0,std_0.05,7,0.67,0.05,beta,none
City-B,T2,1x,260.0,S1_CapRR,cross_regime,M_stress,500,True,1,846.0,367.5,0.0,0.5656,1.0,std_0.05,7,0.67,0.05,beta,none
City-B,T2,1x,260.0,S2_Platform,routine,M_routine,500,True,1,557.0,525.6,0.0,0.0565,1.0,std_0.05,7,0.67,0.05,beta,none
City-B,T2,1x,260.0,S2_Platform,cross_regime,M_stress,500,True,1,557.0,315.3,0.0,0.4339,1.0,std_0.05,7,0.67,0.05,beta,none
City-B,T2,1x,260.0,S3_Lin4,routine,M_routine,500,True,1,465.8,498.8,0.0,0.0,1.0,std_0.05,7,0.67,0.05,beta,none
City-B,T2,1x,260.0,S3_Lin4,cross_regime,M_stress,500,True,1,465.8,405.5,0.0,0.1295,1.0,std_0.05,7,0.67,0.05,beta,none
City-B,T2,1x,260.0,S4_GlobalCalib,routine,M_routine,500,True,1,564.2,603.5,0.0,0.0,1.0,std_0.05,7,0.67,0.05,beta,none
City-B,T2,1x,260.0,S4_GlobalCalib,cross_regime,M_stress,500,True,1,564.2,367.5,0.0,0.3486,1.0,std_0.05,7,0.67,0.05,beta,none
City-B,T2,1x,260.0,S5_CityCalib,routine,M_routine,500,True,1,563.5,603.5,0.0,0.0,1.0,std_0.05,7,0.67,0.05,beta,none
City-B,T2,1x,260.0,S5_CityCalib,cross_regime,M_stress,500,True,1,563.5,367.5,0.0,0.3478,1.0,std_0.05,7,0.67,0.05,beta,none
City-B,T2,1x,260.0,S6_Q10,routine,M_routine,500,True,1,508.4,603.5,0.0,0.0,1.0,std_0.05,7,0.67,0.05,beta,none
City-B,T2,1x,260.0,S6_Q10,cross_regime,M_stress,500,True,1,508.4,367.5,0.0,0.2771,1.0,std_0.05,7,0.67,0.05,beta,none
City-B,T2,2x,520.0,S0a_RoutineOracle,routine,M_routine,500,True,1,610.4,610.4,0.0,0.0,1.0,std_0.05,7,0.67,0.05,beta,none
City-B,T2,2x,520.0,S0a_RoutineOracle,cross_regime,M_stress,500,True,1,610.4,328.1,191.9,0.4625,0.0,std_0.05,7,0.67,0.05,beta,none
City-B,T2,2x,520.0,S0b_StressOracle,routine,M_routine,500,True,2,773.0,1102.3,0.0,0.0,1.0,std_0.05,7,0.67,0.05,beta,none
City-B,T2,2x,520.0,S0b_StressOracle,cross_regime,M_stress,500,True,2,773.0,773.0,0.0,0.0,1.0,std_0.05,7,0.67,0.05,beta,none
City-B,T2,2x,520.0,S1_CapRR,routine,M_routine,500,True,1,846.0,603.5,0.0,0.2867,1.0,std_0.05,7,0.67,0.05,beta,none
City-B,T2,2x,520.0,S1_CapRR,cross_regime,M_stress,500,True,1,846.0,367.5,152.5,0.5656,0.0,std_0.05,7,0.67,0.05,beta,none
City-B,T2,2x,520.0,S2_Platform,routine,M_routine,500,True,1,557.0,525.6,0.0,0.0565,1.0,std_0.05,7,0.67,0.05,beta,none
City-B,T2,2x,520.0,S2_Platform,cross_regime,M_stress,500,True,1,557.0,315.3,204.7,0.4339,0.0,std_0.05,7,0.67,0.05,beta,none
City-B,T2,2x,520.0,S3_Lin4,routine,M_routine,500,True,2,925.4,1024.4,0.0,0.0,1.0,std_0.05,7,0.67,0.05,beta,none
City-B,T2,2x,520.0,S3_Lin4,cross_regime,M_stress,500,True,2,925.4,720.8,0.0,0.2211,1.0,std_0.05,7,0.67,0.05,beta,none
City-B,T2,2x,520.0,S4_GlobalCalib,routine,M_routine,500,True,1,564.2,603.5,0.0,0.0,1.0,std_0.05,7,0.67,0.05,beta,none
City-B,T2,2x,520.0,S4_GlobalCalib,cross_regime,M_stress,500,True,1,564.2,367.5,152.5,0.3486,0.0,std_0.05,7,0.67,0.05,beta,none
City-B,T2,2x,520.0,S5_CityCalib,routine,M_routine,500,True,1,563.5,603.5,0.0,0.0,1.0,std_0.05,7,0.67,0.05,beta,none
City-B,T2,2x,520.0,S5_CityCalib,cross_regime,M_stress,500,True,1,563.5,367.5,152.5,0.3478,0.0,std_0.05,7,0.67,0.05,beta,none
City-B,T2,2x,520.0,S6_Q10,routine,M_routine,500,True,2,1014.3,1213.8,0.0,0.0,1.0,std_0.05,7,0.67,0.05,beta,none
City-B,T2,2x,520.0,S6_Q10,cross_regime,M_stress,500,True,2,1014.3,695.6,0.0,0.3142,1.0,std_0.05,7,0.67,0.05,beta,none
City-B,T2,5x,1300.0,S0a_RoutineOracle,routine,M_routine,500,True,3,1739.4,1739.4,0.0,0.0,1.0,std_0.05,7,0.67,0.05,beta,none
City-B,T2,5x,1300.0,S0a_RoutineOracle,cross_regime,M_stress,500,True,3,1739.4,1010.9,289.1,0.4188,0.0,std_0.05,7,0.67,0.05,beta,none
City-B,T2,5x,1300.0,S0b_StressOracle,routine,M_routine,500,True,4,1416.4,2238.3,0.0,0.0,1.0,std_0.05,7,0.67,0.05,beta,none
City-B,T2,5x,1300.0,S0b_StressOracle,cross_regime,M_stress,500,True,4,1416.4,1416.4,0.0,0.0,1.0,std_0.05,7,0.67,0.05,beta,none
City-B,T2,5x,1300.0,S1_CapRR,routine,M_routine,500,True,2,1688.0,1213.8,86.2,0.2809,0.0,std_0.05,7,0.67,0.05,beta,none
City-B,T2,5x,1300.0,S1_CapRR,cross_regime,M_stress,500,True,2,1688.0,695.6,604.4,0.5879,0.0,std_0.05,7,0.67,0.05,beta,none
City-B,T2,5x,1300.0,S2_Platform,routine,M_routine,500,True,3,1630.3,1634.8,0.0,0.0,1.0,std_0.05,7,0.67,0.05,beta,none
City-B,T2,5x,1300.0,S2_Platform,cross_regime,M_stress,500,True,3,1630.3,1048.9,251.1,0.3566,0.0,std_0.05,7,0.67,0.05,beta,none
City-B,T2,5x,1300.0,S3_Lin4,routine,M_routine,500,True,3,1381.1,1627.9,0.0,0.0,1.0,std_0.05,7,0.67,0.05,beta,none
City-B,T2,5x,1300.0,S3_Lin4,cross_regime,M_stress,500,True,3,1381.1,1088.3,211.7,0.212,0.0,std_0.05,7,0.67,0.05,beta,none
City-B,T2,5x,1300.0,S4_GlobalCalib,routine,M_routine,500,True,3,1670.2,1712.7,0.0,0.0,1.0,std_0.05,7,0.67,0.05,beta,none
City-B,T2,5x,1300.0,S4_GlobalCalib,cross_regime,M_stress,500,True,3,1670.2,1101.1,198.9,0.3408,0.0,std_0.05,7,0.67,0.05,beta,none
City-B,T2,5x,1300.0,S5_CityCalib,routine,M_routine,500,True,3,1668.1,1712.7,0.0,0.0,1.0,std_0.05,7,0.67,0.05,beta,none
City-B,T2,5x,1300.0,S5_CityCalib,cross_regime,M_stress,500,True,3,1668.1,1101.1,198.9,0.3399,0.0,std_0.05,7,0.67,0.05,beta,none
City-B,T2,5x,1300.0,S6_Q10,routine,M_routine,500,True,3,1505.0,1712.7,0.0,0.0,1.0,std_0.05,7,0.67,0.05,beta,none
City-B,T2,5x,1300.0,S6_Q10,cross_regime,M_stress,500,True,3,1505.0,1101.1,198.9,0.2684,0.0,std_0.05,7,0.67,0.05,beta,none
City-B,T2,10x,2600.0,S0a_RoutineOracle,routine,M_routine,500,True,5,2693.4,2693.4,0.0,0.0,1.0,std_0.05,7,0.67,0.05,beta,none
City-B,T2,10x,2600.0,S0a_RoutineOracle,cross_regime,M_stress,500,True,5,2693.4,1721.0,879.0,0.361,0.0,std_0.05,7,0.67,0.05,beta,none
City-B,T2,10x,2600.0,S0b_StressOracle,routine,M_routine,500,True,9,2788.5,4230.0,0.0,0.0,1.0,std_0.05,7,0.67,0.05,beta,none
City-B,T2,10x,2600.0,S0b_StressOracle,cross_regime,M_stress,500,True,9,2788.5,2788.5,0.0,0.0,1.0,std_0.05,7,0.67,0.05,beta,none
City-B,T2,10x,2600.0,S1_CapRR,routine,M_routine,500,True,4,3303.2,2238.3,361.7,0.3224,0.0,std_0.05,7,0.67,0.05,beta,none
City-B,T2,10x,2600.0,S1_CapRR,cross_regime,M_stress,500,True,4,3303.2,1416.4,1183.6,0.5712,0.0,std_0.05,7,0.67,0.05,beta,none
City-B,T2,10x,2600.0,S2_Platform,routine,M_routine,500,True,6,2974.4,3089.2,0.0,0.0,1.0,std_0.05,7,0.67,0.05,beta,none
City-B,T2,10x,2600.0,S2_Platform,cross_regime,M_stress,500,True,6,2974.4,1975.8,624.2,0.3357,0.0,std_0.05,7,0.67,0.05,beta,none
City-B,T2,10x,2600.0,S3_Lin4,routine,M_routine,500,True,6,2605.5,3089.2,0.0,0.0,1.0,std_0.05,7,0.67,0.05,beta,none
City-B,T2,10x,2600.0,S3_Lin4,cross_regime,M_stress,500,True,6,2605.5,1975.8,624.2,0.2417,0.0,std_0.05,7,0.67,0.05,beta,none
City-B,T2,10x,2600.0,S4_GlobalCalib,routine,M_routine,500,True,5,2669.0,2693.4,0.0,0.0,1.0,std_0.05,7,0.67,0.05,beta,none
City-B,T2,10x,2600.0,S4_GlobalCalib,cross_regime,M_stress,500,True,5,2669.0,1721.0,879.0,0.3552,0.0,std_0.05,7,0.67,0.05,beta,none
City-B,T2,10x,2600.0,S5_CityCalib,routine,M_routine,500,True,5,2665.5,2693.4,0.0,0.0,1.0,std_0.05,7,0.67,0.05,beta,none
City-B,T2,10x,2600.0,S5_CityCalib,cross_regime,M_stress,500,True,5,2665.5,1721.0,879.0,0.3544,0.0,std_0.05,7,0.67,0.05,beta,none
City-B,T2,10x,2600.0,S6_Q10,routine,M_routine,500,True,6,2791.6,3083.3,0.0,0.0,1.0,std_0.05,7,0.67,0.05,beta,none
City-B,T2,10x,2600.0,S6_Q10,cross_regime,M_stress,500,True,6,2791.6,2016.6,583.4,0.2776,0.0,std_0.05,7,0.67,0.05,beta,none
City-B,T3,1x,200.0,S0a_RoutineOracle,routine,M_routine,500,True,1,492.0,492.0,0.0,0.0,1.0,std_0.05,7,0.67,0.05,beta,none
City-B,T3,1x,200.0,S0a_RoutineOracle,cross_regime,M_stress,500,True,1,492.0,301.8,0.0,0.3866,1.0,std_0.05,7,0.67,0.05,beta,none
City-B,T3,1x,200.0,S0b_StressOracle,routine,M_routine,500,True,1,332.6,450.0,0.0,0.0,1.0,std_0.05,7,0.67,0.05,beta,none
City-B,T3,1x,200.0,S0b_StressOracle,cross_regime,M_stress,500,True,1,332.6,332.6,0.0,0.0,1.0,std_0.05,7,0.67,0.05,beta,none
City-B,T3,1x,200.0,S1_CapRR,routine,M_routine,500,True,1,744.5,450.0,0.0,0.3956,1.0,std_0.05,7,0.67,0.05,beta,none
City-B,T3,1x,200.0,S1_CapRR,cross_regime,M_stress,500,True,1,744.5,332.6,0.0,0.5533,1.0,std_0.05,7,0.67,0.05,beta,none
City-B,T3,1x,200.0,S2_Platform,routine,M_routine,500,True,1,543.2,492.0,0.0,0.0942,1.0,std_0.05,7,0.67,0.05,beta,none
City-B,T3,1x,200.0,S2_Platform,cross_regime,M_stress,500,True,1,543.2,301.8,0.0,0.4444,1.0,std_0.05,7,0.67,0.05,beta,none
City-B,T3,1x,200.0,S3_Lin4,routine,M_routine,500,True,1,455.5,472.6,0.0,0.0,1.0,std_0.05,7,0.67,0.05,beta,none
City-B,T3,1x,200.0,S3_Lin4,cross_regime,M_stress,500,True,1,455.5,315.3,0.0,0.3078,1.0,std_0.05,7,0.67,0.05,beta,none
City-B,T3,1x,200.0,S4_GlobalCalib,routine,M_routine,500,True,1,495.4,450.0,0.0,0.0918,1.0,std_0.05,7,0.67,0.05,beta,none
City-B,T3,1x,200.0,S4_GlobalCalib,cross_regime,M_stress,500,True,1,495.4,332.6,0.0,0.3288,1.0,std_0.05,7,0.67,0.05,beta,none
City-B,T3,1x,200.0,S5_CityCalib,routine,M_routine,500,True,1,495.1,450.0,0.0,0.0911,1.0,std_0.05,7,0.67,0.05,beta,none
City-B,T3,1x,200.0,S5_CityCalib,cross_regime,M_stress,500,True,1,495.1,332.6,0.0,0.3283,1.0,std_0.05,7,0.67,0.05,beta,none
City-B,T3,1x,200.0,S6_Q10,routine,M_routine,500,True,1,447.1,450.0,0.0,0.0,1.0,std_0.05,7,0.67,0.05,beta,none
City-B,T3,1x,200.0,S6_Q10,cross_regime,M_stress,500,True,1,447.1,332.6,0.0,0.2563,1.0,std_0.05,7,0.67,0.05,beta,none
City-B,T3,2x,400.0,S0a_RoutineOracle,routine,M_routine,500,True,1,492.0,492.0,0.0,0.0,1.0,std_0.05,7,0.67,0.05,beta,none
City-B,T3,2x,400.0,S0a_RoutineOracle,cross_regime,M_stress,500,True,1,492.0,301.8,98.2,0.3866,0.0,std_0.05,7,0.67,0.05,beta,none
City-B,T3,2x,400.0,S0b_StressOracle,routine,M_routine,500,True,2,647.8,922.6,0.0,0.0,1.0,std_0.05,7,0.67,0.05,beta,none
City-B,T3,2x,400.0,S0b_StressOracle,cross_regime,M_stress,500,True,2,647.8,647.8,0.0,0.0,1.0,std_0.05,7,0.67,0.05,beta,none
City-B,T3,2x,400.0,S1_CapRR,routine,M_routine,500,True,1,744.5,450.0,0.0,0.3956,1.0,std_0.05,7,0.67,0.05,beta,none
City-B,T3,2x,400.0,S1_CapRR,cross_regime,M_stress,500,True,1,744.5,332.6,67.4,0.5533,0.0,std_0.05,7,0.67,0.05,beta,none
City-B,T3,2x,400.0,S2_Platform,routine,M_routine,500,True,1,543.2,492.0,0.0,0.0942,1.0,std_0.05,7,0.67,0.05,beta,none
City-B,T3,2x,400.0,S2_Platform,cross_regime,M_stress,500,True,1,543.2,301.8,98.2,0.4444,0.0,std_0.05,7,0.67,0.05,beta,none
City-B,T3,2x,400.0,S3_Lin4,routine,M_routine,500,True,1,455.5,472.6,0.0,0.0,1.0,std_0.05,7,0.67,0.05,beta,none
City-B,T3,2x,400.0,S3_Lin4,cross_regime,M_stress,500,True,1,455.5,315.3,84.7,0.3078,0.0,std_0.05,7,0.67,0.05,beta,none
City-B,T3,2x,400.0,S4_GlobalCalib,routine,M_routine,500,True,1,495.4,450.0,0.0,0.0918,1.0,std_0.05,7,0.67,0.05,beta,none
City-B,T3,2x,400.0,S4_GlobalCalib,cross_regime,M_stress,500,True,1,495.4,332.6,67.4,0.3288,0.0,std_0.05,7,0.67,0.05,beta,none
City-B,T3,2x,400.0,S5_CityCalib,routine,M_routine,500,True,1,495.1,450.0,0.0,0.0911,1.0,std_0.05,7,0.67,0.05,beta,none
City-B,T3,2x,400.0,S5_CityCalib,cross_regime,M_stress,500,True,1,495.1,332.6,67.4,0.3283,0.0,std_0.05,7,0.67,0.05,beta,none
City-B,T3,2x,400.0,S6_Q10,routine,M_routine,500,True,1,447.1,450.0,0.0,0.0,1.0,std_0.05,7,0.67,0.05,beta,none
City-B,T3,2x,400.0,S6_Q10,cross_regime,M_stress,500,True,1,447.1,332.6,67.4,0.2563,0.0,std_0.05,7,0.67,0.05,beta,none
City-B,T3,5x,1000.0,S0a_RoutineOracle,routine,M_routine,500,True,3,1414.6,1414.6,0.0,0.0,1.0,std_0.05,7,0.67,0.05,beta,none
City-B,T3,5x,1000.0,S0a_RoutineOracle,cross_regime,M_stress,500,True,3,1414.6,949.6,50.4,0.3287,0.0,std_0.05,7,0.67,0.05,beta,none
City-B,T3,5x,1000.0,S0b_StressOracle,routine,M_routine,500,True,4,1226.9,1856.9,0.0,0.0,1.0,std_0.05,7,0.67,0.05,beta,none
City-B,T3,5x,1000.0,S0b_StressOracle,cross_regime,M_stress,500,True,4,1226.9,1226.9,0.0,0.0,1.0,std_0.05,7,0.67,0.05,beta,none
City-B,T3,5x,1000.0,S1_CapRR,routine,M_routine,500,True,2,1485.4,942.0,58.0,0.3659,0.0,std_0.05,7,0.67,0.05,beta,none
City-B,T3,5x,1000.0,S1_CapRR,cross_regime,M_stress,500,True,2,1485.4,634.4,365.6,0.5729,0.0,std_0.05,7,0.67,0.05,beta,none
City-B,T3,5x,1000.0,S2_Platform,routine,M_routine,500,True,2,1048.0,964.6,35.4,0.0795,0.0,std_0.05,7,0.67,0.05,beta,none
City-B,T3,5x,1000.0,S2_Platform,cross_regime,M_stress,500,True,2,1048.0,617.1,382.9,0.4112,0.0,std_0.05,7,0.67,0.05,beta,none
City-B,T3,5x,1000.0,S3_Lin4,routine,M_routine,500,True,3,1347.4,1341.3,0.0,0.0045,1.0,std_0.05,7,0.67,0.05,beta,none
City-B,T3,5x,1000.0,S3_Lin4,cross_regime,M_stress,500,True,3,1347.4,922.3,77.7,0.3154,0.0,std_0.05,7,0.67,0.05,beta,none
City-B,T3,5x,1000.0,S4_GlobalCalib,routine,M_routine,500,True,3,1466.7,1414.6,0.0,0.0355,1.0,std_0.05,7,0.67,0.05,beta,none
City-B,T3,5x,1000.0,S4_GlobalCalib,cross_regime,M_stress,500,True,3,1466.7,949.6,50.4,0.3525,0.0,std_0.05,7,0.67,0.05,beta,none
City-B,T3,5x,1000.0,S5_CityCalib,routine,M_routine,500,True,3,1465.6,1414.6,0.0,0.0348,1.0,std_0.05,7,0.67,0.05,beta,none
City-B,T3,5x,1000.0,S5_CityCalib,cross_regime,M_stress,500,True,3,1465.6,949.6,50.4,0.3521,0.0,std_0.05,7,0.67,0.05,beta,none
City-B,T3,5x,1000.0,S6_Q10,routine,M_routine,500,True,3,1323.7,1414.6,0.0,0.0,1.0,std_0.05,7,0.67,0.05,beta,none
City-B,T3,5x,1000.0,S6_Q10,cross_regime,M_stress,500,True,3,1323.7,949.6,50.4,0.2826,0.0,std_0.05,7,0.67,0.05,beta,none
City-B,T3,10x,2000.0,S0a_RoutineOracle,routine,M_routine,500,True,5,2275.5,2275.5,0.0,0.0,1.0,std_0.05,7,0.67,0.05,beta,none
City-B,T3,10x,2000.0,S0a_RoutineOracle,cross_regime,M_stress,500,True,5,2275.5,1501.4,498.6,0.3402,0.0,std_0.05,7,0.67,0.05,beta,none
City-B,T3,10x,2000.0,S0b_StressOracle,routine,M_routine,500,True,8,2194.2,3324.3,0.0,0.0,1.0,std_0.05,7,0.67,0.05,beta,none
City-B,T3,10x,2000.0,S0b_StressOracle,cross_regime,M_stress,500,True,8,2194.2,2194.2,0.0,0.0,1.0,std_0.05,7,0.67,0.05,beta,none
City-B,T3,10x,2000.0,S1_CapRR,routine,M_routine,500,True,3,2203.9,1414.6,585.4,0.3581,0.0,std_0.05,7,0.67,0.05,beta,none
City-B,T3,10x,2000.0,S1_CapRR,cross_regime,M_stress,500,True,3,2203.9,949.6,1050.4,0.5691,0.0,std_0.05,7,0.67,0.05,beta,none
City-B,T3,10x,2000.0,S2_Platform,routine,M_routine,500,True,5,2307.7,2150.5,0.0,0.0681,1.0,std_0.05,7,0.67,0.05,beta,none
City-B,T3,10x,2000.0,S2_Platform,cross_regime,M_stress,500,True,5,2307.7,1393.2,606.8,0.3963,0.0,std_0.05,7,0.67,0.05,beta,none
City-B,T3,10x,2000.0,S3_Lin4,routine,M_routine,500,True,5,2163.1,2242.1,0.0,0.0,1.0,std_0.05,7,0.67,0.05,beta,none
City-B,T3,10x,2000.0,S3_Lin4,cross_regime,M_stress,500,True,5,2163.1,1461.1,538.9,0.3245,0.0,std_0.05,7,0.67,0.05,beta,none
City-B,T3,10x,2000.0,S4_GlobalCalib,routine,M_routine,500,True,5,2343.8,2275.5,0.0,0.0291,1.0,std_0.05,7,0.67,0.05,beta,none
City-B,T3,10x,2000.0,S4_GlobalCalib,cross_regime,M_stress,500,True,5,2343.8,1501.4,498.6,0.3594,0.0,std_0.05,7,0.67,0.05,beta,none
City-B,T3,10x,2000.0,S5_CityCalib,routine,M_routine,500,True,5,2341.9,2275.5,0.0,0.0284,1.0,std_0.05,7,0.67,0.05,beta,none
City-B,T3,10x,2000.0,S5_CityCalib,cross_regime,M_stress,500,True,5,2341.9,1501.4,498.6,0.3589,0.0,std_0.05,7,0.67,0.05,beta,none
City-B,T3,10x,2000.0,S6_Q10,routine,M_routine,500,True,5,2115.2,2275.5,0.0,0.0,1.0,std_0.05,7,0.67,0.05,beta,none
City-B,T3,10x,2000.0,S6_Q10,cross_regime,M_stress,500,True,5,2115.2,1501.4,498.6,0.2902,0.0,std_0.05,7,0.67,0.05,beta,none
City-B,T4,1x,140.0,S0a_RoutineOracle,routine,M_routine,500,True,1,605.6,605.6,0.0,0.0,1.0,std_0.05,7,0.67,0.05,beta,none
City-B,T4,1x,140.0,S0a_RoutineOracle,cross_regime,M_stress,500,True,1,605.6,389.1,0.0,0.3575,1.0,std_0.05,7,0.67,0.05,beta,none
City-B,T4,1x,140.0,S0b_StressOracle,routine,M_routine,500,True,1,392.6,566.9,0.0,0.0,1.0,std_0.05,7,0.67,0.05,beta,none
City-B,T4,1x,140.0,S0b_StressOracle,cross_regime,M_stress,500,True,1,392.6,392.6,0.0,0.0,1.0,std_0.05,7,0.67,0.05,beta,none
City-B,T4,1x,140.0,S1_CapRR,routine,M_routine,500,True,1,846.0,566.9,0.0,0.3299,1.0,std_0.05,7,0.67,0.05,beta,none
City-B,T4,1x,140.0,S1_CapRR,cross_regime,M_stress,500,True,1,846.0,392.6,0.0,0.5359,1.0,std_0.05,7,0.67,0.05,beta,none
City-B,T4,1x,140.0,S2_Platform,routine,M_routine,500,True,1,480.1,566.9,0.0,0.0,1.0,std_0.05,7,0.67,0.05,beta,none
City-B,T4,1x,140.0,S2_Platform,cross_regime,M_stress,500,True,1,480.1,392.6,0.0,0.1821,1.0,std_0.05,7,0.67,0.05,beta,none
City-B,T4,1x,140.0,S3_Lin4,routine,M_routine,500,True,1,467.5,528.5,0.0,0.0,1.0,std_0.05,7,0.67,0.05,beta,none
City-B,T4,1x,140.0,S3_Lin4,cross_regime,M_stress,500,True,1,467.5,373.6,0.0,0.2009,1.0,std_0.05,7,0.67,0.05,beta,none
City-B,T4,1x,140.0,S4_GlobalCalib,routine,M_routine,500,True,1,563.6,566.9,0.0,0.0,1.0,std_0.05,7,0.67,0.05,beta,none
City-B,T4,1x,140.0,S4_GlobalCalib,cross_regime,M_stress,500,True,1,563.6,392.6,0.0,0.3033,1.0,std_0.05,7,0.67,0.05,beta,none
City-B,T4,1x,140.0,S5_CityCalib,routine,M_routine,500,True,1,560.8,566.9,0.0,0.0,1.0,std_0.05,7,0.67,0.05,beta,none
City-B,T4,1x,140.0,S5_CityCalib,cross_regime,M_stress,500,True,1,560.8,392.6,0.0,0.2998,1.0,std_0.05,7,0.67,0.05,beta,none
City-B,T4,1x,140.0,S6_Q10,routine,M_routine,500,True,1,508.1,566.9,0.0,0.0,1.0,std_0.05,7,0.67,0.05,beta,none
City-B,T4,1x,140.0,S6_Q10,cross_regime,M_stress,500,True,1,508.1,392.6,0.0,0.2272,1.0,std_0.05,7,0.67,0.05,beta,none
City-B,T4,2x,280.0,S0a_RoutineOracle,routine,M_routine,500,True,1,605.6,605.6,0.0,0.0,1.0,std_0.05,7,0.67,0.05,beta,none
City-B,T4,2x,280.0,S0a_RoutineOracle,cross_regime,M_stress,500,True,1,605.6,389.1,0.0,0.3575,1.0,std_0.05,7,0.67,0.05,beta,none
City-B,T4,2x,280.0,S0b_StressOracle,routine,M_routine,500,True,1,392.6,566.9,0.0,0.0,1.0,std_0.05,7,0.67,0.05,beta,none
City-B,T4,2x,280.0,S0b_StressOracle,cross_regime,M_stress,500,True,1,392.6,392.6,0.0,0.0,1.0,std_0.05,7,0.67,0.05,beta,none
City-B,T4,2x,280.0,S1_CapRR,routine,M_routine,500,True,1,846.0,566.9,0.0,0.3299,1.0,std_0.05,7,0.67,0.05,beta,none
City-B,T4,2x,280.0,S1_CapRR,cross_regime,M_stress,500,True,1,846.0,392.6,0.0,0.5359,1.0,std_0.05,7,0.67,0.05,beta,none
City-B,T4,2x,280.0,S2_Platform,routine,M_routine,500,True,1,480.1,566.9,0.0,0.0,1.0,std_0.05,7,0.67,0.05,beta,none
City-B,T4,2x,280.0,S2_Platform,cross_regime,M_stress,500,True,1,480.1,392.6,0.0,0.1821,1.0,std_0.05,7,0.67,0.05,beta,none
City-B,T4,2x,280.0,S3_Lin4,routine,M_routine,500,True,1,467.5,528.5,0.0,0.0,1.0,std_0.05,7,0.67,0.05,beta,none
City-B,T4,2x,280.0,S3_Lin4,cross_regime,M_stress,500,True,1,467.5,373.6,0.0,0.2009,1.0,std_0.05,7,0.67,0.05,beta,none
City-B,T4,2x,280.0,S4_GlobalCalib,routine,M_routine,500,True,1,563.6,566.9,0.0,0.0,1.0,std_0.05,7,0.67,0.05,beta,none
City-B,T4,2x,280.0,S4_GlobalCalib,cross_regime,M_stress,500,True,1,563.6,392.6,0.0,0.3033,1.0,std_0.05,7,0.67,0.05,beta,none
City-B,T4,2x,280.0,S5_CityCalib,routine,M_routine,500,True,1,560.8,566.9,0.0,0.0,1.0,std_0.05,7,0.67,0.05,beta,none
City-B,T4,2x,280.0,S5_CityCalib,cross_regime,M_stress,500,True,1,560.8,392.6,0.0,0.2998,1.0,std_0.05,7,0.67,0.05,beta,none
City-B,T4,2x,280.0,S6_Q10,routine,M_routine,500,True,1,508.1,566.9,0.0,0.0,1.0,std_0.05,7,0.67,0.05,beta,none
City-B,T4,2x,280.0,S6_Q10,cross_regime,M_stress,500,True,1,508.1,392.6,0.0,0.2272,1.0,std_0.05,7,0.67,0.05,beta,none
City-B,T4,5x,700.0,S0a_RoutineOracle,routine,M_routine,500,True,2,1196.4,1196.4,0.0,0.0,1.0,std_0.05,7,0.67,0.05,beta,none
City-B,T4,5x,700.0,S0a_RoutineOracle,cross_regime,M_stress,500,True,2,1196.4,728.1,0.0,0.3914,1.0,std_0.05,7,0.67,0.05,beta,none
City-B,T4,5x,700.0,S0b_StressOracle,routine,M_routine,500,True,2,781.7,1172.5,0.0,0.0,1.0,std_0.05,7,0.67,0.05,beta,none
City-B,T4,5x,700.0,S0b_StressOracle,cross_regime,M_stress,500,True,2,781.7,781.7,0.0,0.0,1.0,std_0.05,7,0.67,0.05,beta,none
City-B,T4,5x,700.0,S1_CapRR,routine,M_routine,500,True,1,846.0,566.9,133.1,0.3299,0.0,std_0.05,7,0.67,0.05,beta,none
City-B,T4,5x,700.0,S1_CapRR,cross_regime,M_stress,500,True,1,846.0,392.6,307.4,0.5359,0.0,std_0.05,7,0.67,0.05,beta,none
City-B,T4,5x,700.0,S2_Platform,routine,M_routine,500,True,2,912.9,1172.5,0.0,0.0,1.0,std_0.05,7,0.67,0.05,beta,none
City-B,T4,5x,700.0,S2_Platform,cross_regime,M_stress,500,True,2,912.9,781.7,0.0,0.1437,1.0,std_0.05,7,0.67,0.05,beta,none
City-B,T4,5x,700.0,S3_Lin4,routine,M_routine,500,True,2,928.8,1134.1,0.0,0.0,1.0,std_0.05,7,0.67,0.05,beta,none
City-B,T4,5x,700.0,S3_Lin4,cross_regime,M_stress,500,True,2,928.8,762.7,0.0,0.1789,1.0,std_0.05,7,0.67,0.05,beta,none
City-B,T4,5x,700.0,S4_GlobalCalib,routine,M_routine,500,True,2,1124.5,1157.6,0.0,0.0,1.0,std_0.05,7,0.67,0.05,beta,none
City-B,T4,5x,700.0,S4_GlobalCalib,cross_regime,M_stress,500,True,2,1124.5,731.7,0.0,0.3493,1.0,std_0.05,7,0.67,0.05,beta,none
City-B,T4,5x,700.0,S5_CityCalib,routine,M_routine,500,True,2,1118.8,1157.6,0.0,0.0,1.0,std_0.05,7,0.67,0.05,beta,none
City-B,T4,5x,700.0,S5_CityCalib,cross_regime,M_stress,500,True,2,1118.8,731.7,0.0,0.3461,1.0,std_0.05,7,0.67,0.05,beta,none
City-B,T4,5x,700.0,S6_Q10,routine,M_routine,500,True,2,1013.7,1157.6,0.0,0.0,1.0,std_0.05,7,0.67,0.05,beta,none
City-B,T4,5x,700.0,S6_Q10,cross_regime,M_stress,500,True,2,1013.7,731.7,0.0,0.2783,1.0,std_0.05,7,0.67,0.05,beta,none
City-B,T4,10x,1400.0,S0a_RoutineOracle,routine,M_routine,500,True,3,1763.3,1763.3,0.0,0.0,1.0,std_0.05,7,0.67,0.05,beta,none
City-B,T4,10x,1400.0,S0a_RoutineOracle,cross_regime,M_stress,500,True,3,1763.3,1120.8,279.2,0.3644,0.0,std_0.05,7,0.67,0.05,beta,none
City-B,T4,10x,1400.0,S0b_StressOracle,routine,M_routine,500,True,4,1498.9,2220.1,0.0,0.0,1.0,std_0.05,7,0.67,0.05,beta,none
City-B,T4,10x,1400.0,S0b_StressOracle,cross_regime,M_stress,500,True,4,1498.9,1498.9,0.0,0.0,1.0,std_0.05,7,0.67,0.05,beta,none
City-B,T4,10x,1400.0,S1_CapRR,routine,M_routine,500,True,2,1688.0,1157.6,242.4,0.3142,0.0,std_0.05,7,0.67,0.05,beta,none
City-B,T4,10x,1400.0,S1_CapRR,cross_regime,M_stress,500,True,2,1688.0,731.7,668.3,0.5665,0.0,std_0.05,7,0.67,0.05,beta,none
City-B,T4,10x,1400.0,S2_Platform,routine,M_routine,500,True,4,1693.5,2086.8,0.0,0.0,1.0,std_0.05,7,0.67,0.05,beta,none
City-B,T4,10x,1400.0,S2_Platform,cross_regime,M_stress,500,True,4,1693.5,1441.9,0.0,0.1485,1.0,std_0.05,7,0.67,0.05,beta,none
City-B,T4,10x,1400.0,S3_Lin4,routine,M_routine,500,True,4,1841.7,2291.7,0.0,0.0,1.0,std_0.05,7,0.67,0.05,beta,none
City-B,T4,10x,1400.0,S3_Lin4,cross_regime,M_stress,500,True,4,1841.7,1494.3,0.0,0.1886,1.0,std_0.05,7,0.67,0.05,beta,none
City-B,T4,10x,1400.0,S4_GlobalCalib,routine,M_routine,500,True,3,1668.4,1686.1,0.0,0.0,1.0,std_0.05,7,0.67,0.05,beta,none
City-B,T4,10x,1400.0,S4_GlobalCalib,cross_regime,M_stress,500,True,3,1668.4,1105.2,294.8,0.3375,0.0,std_0.05,7,0.67,0.05,beta,none
City-B,T4,10x,1400.0,S5_CityCalib,routine,M_routine,500,True,3,1660.1,1686.1,0.0,0.0,1.0,std_0.05,7,0.67,0.05,beta,none
City-B,T4,10x,1400.0,S5_CityCalib,cross_regime,M_stress,500,True,3,1660.1,1105.2,294.8,0.3342,0.0,std_0.05,7,0.67,0.05,beta,none
City-B,T4,10x,1400.0,S6_Q10,routine,M_routine,500,True,3,1504.1,1686.1,0.0,0.0,1.0,std_0.05,7,0.67,0.05,beta,none
City-B,T4,10x,1400.0,S6_Q10,cross_regime,M_stress,500,True,3,1504.1,1105.2,294.8,0.2652,0.0,std_0.05,7,0.67,0.05,beta,none
City-B,T5,1x,160.0,S0a_RoutineOracle,routine,M_routine,500,True,1,540.3,540.3,0.0,0.0,1.0,std_0.05,7,0.67,0.05,beta,none
City-B,T5,1x,160.0,S0a_RoutineOracle,cross_regime,M_stress,500,True,1,540.3,264.8,0.0,0.5099,1.0,std_0.05,7,0.67,0.05,beta,none
City-B,T5,1x,160.0,S0b_StressOracle,routine,M_routine,500,True,1,349.1,495.7,0.0,0.0,1.0,std_0.05,7,0.67,0.05,beta,none
City-B,T5,1x,160.0,S0b_StressOracle,cross_regime,M_stress,500,True,1,349.1,349.1,0.0,0.0,1.0,std_0.05,7,0.67,0.05,beta,none
City-B,T5,1x,160.0,S1_CapRR,routine,M_routine,500,True,1,744.5,540.3,0.0,0.2743,1.0,std_0.05,7,0.67,0.05,beta,none
City-B,T5,1x,160.0,S1_CapRR,cross_regime,M_stress,500,True,1,744.5,264.8,0.0,0.6443,1.0,std_0.05,7,0.67,0.05,beta,none
City-B,T5,1x,160.0,S2_Platform,routine,M_routine,500,True,1,553.3,495.7,0.0,0.1041,1.0,std_0.05,7,0.67,0.05,beta,none
City-B,T5,1x,160.0,S2_Platform,cross_regime,M_stress,500,True,1,553.3,349.1,0.0,0.369,1.0,std_0.05,7,0.67,0.05,beta,none
City-B,T5,1x,160.0,S3_Lin4,routine,M_routine,500,True,1,456.8,452.8,0.0,0.0089,1.0,std_0.05,7,0.67,0.05,beta,none
City-B,T5,1x,160.0,S3_Lin4,cross_regime,M_stress,500,True,1,456.8,324.1,0.0,0.2904,1.0,std_0.05,7,0.67,0.05,beta,none
City-B,T5,1x,160.0,S4_GlobalCalib,routine,M_routine,500,True,1,496.4,540.3,0.0,0.0,1.0,std_0.05,7,0.67,0.05,beta,none
City-B,T5,1x,160.0,S4_GlobalCalib,cross_regime,M_stress,500,True,1,496.4,264.8,0.0,0.4666,1.0,std_0.05,7,0.67,0.05,beta,none
City-B,T5,1x,160.0,S5_CityCalib,routine,M_routine,500,True,1,494.9,540.3,0.0,0.0,1.0,std_0.05,7,0.67,0.05,beta,none
City-B,T5,1x,160.0,S5_CityCalib,cross_regime,M_stress,500,True,1,494.9,264.8,0.0,0.465,1.0,std_0.05,7,0.67,0.05,beta,none
City-B,T5,1x,160.0,S6_Q10,routine,M_routine,500,True,1,447.3,540.3,0.0,0.0,1.0,std_0.05,7,0.67,0.05,beta,none
City-B,T5,1x,160.0,S6_Q10,cross_regime,M_stress,500,True,1,447.3,264.8,0.0,0.408,1.0,std_0.05,7,0.67,0.05,beta,none
City-B,T5,2x,320.0,S0a_RoutineOracle,routine,M_routine,500,True,1,540.3,540.3,0.0,0.0,1.0,std_0.05,7,0.67,0.05,beta,none
City-B,T5,2x,320.0,S0a_RoutineOracle,cross_regime,M_stress,500,True,1,540.3,264.8,55.2,0.5099,0.0,std_0.05,7,0.67,0.05,beta,none
City-B,T5,2x,320.0,S0b_StressOracle,routine,M_routine,500,True,1,349.1,495.7,0.0,0.0,1.0,std_0.05,7,0.67,0.05,beta,none
City-B,T5,2x,320.0,S0b_StressOracle,cross_regime,M_stress,500,True,1,349.1,349.1,0.0,0.0,1.0,std_0.05,7,0.67,0.05,beta,none
City-B,T5,2x,320.0,S1_CapRR,routine,M_routine,500,True,1,744.5,540.3,0.0,0.2743,1.0,std_0.05,7,0.67,0.05,beta,none
City-B,T5,2x,320.0,S1_CapRR,cross_regime,M_stress,500,True,1,744.5,264.8,55.2,0.6443,0.0,std_0.05,7,0.67,0.05,beta,none
City-B,T5,2x,320.0,S2_Platform,routine,M_routine,500,True,1,553.3,495.7,0.0,0.1041,1.0,std_0.05,7,0.67,0.05,beta,none
City-B,T5,2x,320.0,S2_Platform,cross_regime,M_stress,500,True,1,553.3,349.1,0.0,0.369,1.0,std_0.05,7,0.67,0.05,beta,none
City-B,T5,2x,320.0,S3_Lin4,routine,M_routine,500,True,1,456.8,452.8,0.0,0.0089,1.0,std_0.05,7,0.67,0.05,beta,none
City-B,T5,2x,320.0,S3_Lin4,cross_regime,M_stress,500,True,1,456.8,324.1,0.0,0.2904,1.0,std_0.05,7,0.67,0.05,beta,none
City-B,T5,2x,320.0,S4_GlobalCalib,routine,M_routine,500,True,1,496.4,540.3,0.0,0.0,1.0,std_0.05,7,0.67,0.05,beta,none
City-B,T5,2x,320.0,S4_GlobalCalib,cross_regime,M_stress,500,True,1,496.4,264.8,55.2,0.4666,0.0,std_0.05,7,0.67,0.05,beta,none
City-B,T5,2x,320.0,S5_CityCalib,routine,M_routine,500,True,1,494.9,540.3,0.0,0.0,1.0,std_0.05,7,0.67,0.05,beta,none
City-B,T5,2x,320.0,S5_CityCalib,cross_regime,M_stress,500,True,1,494.9,264.8,55.2,0.465,0.0,std_0.05,7,0.67,0.05,beta,none
City-B,T5,2x,320.0,S6_Q10,routine,M_routine,500,True,1,447.3,540.3,0.0,0.0,1.0,std_0.05,7,0.67,0.05,beta,none
City-B,T5,2x,320.0,S6_Q10,cross_regime,M_stress,500,True,1,447.3,264.8,55.2,0.408,0.0,std_0.05,7,0.67,0.05,beta,none
City-B,T5,5x,800.0,S0a_RoutineOracle,routine,M_routine,500,True,2,1054.6,1054.6,0.0,0.0,1.0,std_0.05,7,0.67,0.05,beta,none
City-B,T5,5x,800.0,S0a_RoutineOracle,cross_regime,M_stress,500,True,2,1054.6,597.2,202.8,0.4338,0.0,std_0.05,7,0.67,0.05,beta,none
City-B,T5,5x,800.0,S0b_StressOracle,routine,M_routine,500,True,3,1005.6,1462.8,0.0,0.0,1.0,std_0.05,7,0.67,0.05,beta,none
City-B,T5,5x,800.0,S0b_StressOracle,cross_regime,M_stress,500,True,3,1005.6,1005.6,0.0,0.0,1.0,std_0.05,7,0.67,0.05,beta,none
City-B,T5,5x,800.0,S1_CapRR,routine,M_routine,500,True,2,1485.4,1036.0,0.0,0.3025,1.0,std_0.05,7,0.67,0.05,beta,none
City-B,T5,5x,800.0,S1_CapRR,cross_regime,M_stress,500,True,2,1485.4,613.9,186.1,0.5867,0.0,std_0.05,7,0.67,0.05,beta,none
City-B,T5,5x,800.0,S2_Platform,routine,M_routine,500,True,2,1093.7,948.5,0.0,0.1328,1.0,std_0.05,7,0.67,0.05,beta,none
City-B,T5,5x,800.0,S2_Platform,cross_regime,M_stress,500,True,2,1093.7,673.3,126.7,0.3844,0.0,std_0.05,7,0.67,0.05,beta,none
City-B,T5,5x,800.0,S3_Lin4,routine,M_routine,500,True,2,907.6,967.1,0.0,0.0,1.0,std_0.05,7,0.67,0.05,beta,none
City-B,T5,5x,800.0,S3_Lin4,cross_regime,M_stress,500,True,2,907.6,656.5,143.5,0.2766,0.0,std_0.05,7,0.67,0.05,beta,none
City-B,T5,5x,800.0,S4_GlobalCalib,routine,M_routine,500,True,2,990.4,1036.0,0.0,0.0,1.0,std_0.05,7,0.67,0.05,beta,none
City-B,T5,5x,800.0,S4_GlobalCalib,cross_regime,M_stress,500,True,2,990.4,613.9,186.1,0.3801,0.0,std_0.05,7,0.67,0.05,beta,none
City-B,T5,5x,800.0,S5_CityCalib,routine,M_routine,500,True,2,987.5,1036.0,0.0,0.0,1.0,std_0.05,7,0.67,0.05,beta,none
City-B,T5,5x,800.0,S5_CityCalib,cross_regime,M_stress,500,True,2,987.5,613.9,186.1,0.3783,0.0,std_0.05,7,0.67,0.05,beta,none
City-B,T5,5x,800.0,S6_Q10,routine,M_routine,500,True,2,892.4,1036.0,0.0,0.0,1.0,std_0.05,7,0.67,0.05,beta,none
City-B,T5,5x,800.0,S6_Q10,cross_regime,M_stress,500,True,2,892.4,613.9,186.1,0.312,0.0,std_0.05,7,0.67,0.05,beta,none
City-B,T5,10x,1600.0,S0a_RoutineOracle,routine,M_routine,500,True,4,2003.1,2003.1,0.0,0.0,1.0,std_0.05,7,0.67,0.05,beta,none
City-B,T5,10x,1600.0,S0a_RoutineOracle,cross_regime,M_stress,500,True,4,2003.1,1270.4,329.6,0.3658,0.0,std_0.05,7,0.67,0.05,beta,none
City-B,T5,10x,1600.0,S0b_StressOracle,routine,M_routine,500,True,6,1841.2,2787.0,0.0,0.0,1.0,std_0.05,7,0.67,0.05,beta,none
City-B,T5,10x,1600.0,S0b_StressOracle,cross_regime,M_stress,500,True,6,1841.2,1841.2,0.0,0.0,1.0,std_0.05,7,0.67,0.05,beta,none
City-B,T5,10x,1600.0,S1_CapRR,routine,M_routine,500,True,3,2203.9,1488.8,111.2,0.3245,0.0,std_0.05,7,0.67,0.05,beta,none
City-B,T5,10x,1600.0,S1_CapRR,cross_regime,M_stress,500,True,3,2203.9,938.1,661.9,0.5744,0.0,std_0.05,7,0.67,0.05,beta,none
City-B,T5,10x,1600.0,S2_Platform,routine,M_routine,500,True,4,2025.8,1896.5,0.0,0.0638,1.0,std_0.05,7,0.67,0.05,beta,none
City-B,T5,10x,1600.0,S2_Platform,cross_regime,M_stress,500,True,4,2025.8,1306.0,294.0,0.3553,0.0,std_0.05,7,0.67,0.05,beta,none
City-B,T5,10x,1600.0,S3_Lin4,routine,M_routine,500,True,4,1792.7,2003.1,0.0,0.0,1.0,std_0.05,7,0.67,0.05,beta,none
City-B,T5,10x,1600.0,S3_Lin4,cross_regime,M_stress,500,True,4,1792.7,1270.4,329.6,0.2913,0.0,std_0.05,7,0.67,0.05,beta,none
City-B,T5,10x,1600.0,S4_GlobalCalib,routine,M_routine,500,True,4,1938.1,2003.1,0.0,0.0,1.0,std_0.05,7,0.67,0.05,beta,none
City-B,T5,10x,1600.0,S4_GlobalCalib,cross_regime,M_stress,500,True,4,1938.1,1270.4,329.6,0.3445,0.0,std_0.05,7,0.67,0.05,beta,none
City-B,T5,10x,1600.0,S5_CityCalib,routine,M_routine,500,True,4,1932.4,2003.1,0.0,0.0,1.0,std_0.05,7,0.67,0.05,beta,none
City-B,T5,10x,1600.0,S5_CityCalib,cross_regime,M_stress,500,True,4,1932.4,1270.4,329.6,0.3426,0.0,std_0.05,7,0.67,0.05,beta,none
City-B,T5,10x,1600.0,S6_Q10,routine,M_routine,500,True,4,1746.3,2003.1,0.0,0.0,1.0,std_0.05,7,0.67,0.05,beta,none
City-B,T5,10x,1600.0,S6_Q10,cross_regime,M_stress,500,True,4,1746.3,1270.4,329.6,0.2725,0.0,std_0.05,7,0.67,0.05,beta,none
City-C,T1,1x,180.0,S0a_RoutineOracle,routine,M_routine,650,True,1,454.5,454.5,0.0,0.0,1.0,std_0.05,7,0.67,0.05,beta,none
City-C,T1,1x,180.0,S0a_RoutineOracle,cross_regime,M_stress,650,True,1,454.5,257.8,0.0,0.4328,1.0,std_0.05,7,0.67,0.05,beta,none
City-C,T1,1x,180.0,S0b_StressOracle,routine,M_routine,650,True,1,381.3,393.6,0.0,0.0,1.0,std_0.05,7,0.67,0.05,beta,none
City-C,T1,1x,180.0,S0b_StressOracle,cross_regime,M_stress,650,True,1,381.3,381.3,0.0,0.0,1.0,std_0.05,7,0.67,0.05,beta,none
City-C,T1,1x,180.0,S1_CapRR,routine,M_routine,650,True,1,737.0,393.6,0.0,0.4659,1.0,std_0.05,7,0.67,0.05,beta,none
City-C,T1,1x,180.0,S1_CapRR,cross_regime,M_stress,650,True,1,737.0,381.3,0.0,0.4826,1.0,std_0.05,7,0.67,0.05,beta,none
City-C,T1,1x,180.0,S2_Platform,routine,M_routine,650,True,1,460.9,393.6,0.0,0.1459,1.0,std_0.05,7,0.67,0.05,beta,none
City-C,T1,1x,180.0,S2_Platform,cross_regime,M_stress,650,True,1,460.9,381.3,0.0,0.1726,1.0,std_0.05,7,0.67,0.05,beta,none
City-C,T1,1x,180.0,S3_Lin4,routine,M_routine,650,True,1,419.0,393.6,0.0,0.0604,1.0,std_0.05,7,0.67,0.05,beta,none
City-C,T1,1x,180.0,S3_Lin4,cross_regime,M_stress,650,True,1,419.0,381.3,0.0,0.0898,1.0,std_0.05,7,0.67,0.05,beta,none
City-C,T1,1x,180.0,S4_GlobalCalib,routine,M_routine,650,True,1,492.9,393.6,0.0,0.2013,1.0,std_0.05,7,0.67,0.05,beta,none
City-C,T1,1x,180.0,S4_GlobalCalib,cross_regime,M_stress,650,True,1,492.9,381.3,0.0,0.2263,1.0,std_0.05,7,0.67,0.05,beta,none
City-C,T1,1x,180.0,S5_CityCalib,routine,M_routine,650,True,1,495.7,393.6,0.0,0.2058,1.0,std_0.05,7,0.67,0.05,beta,none
City-C,T1,1x,180.0,S5_CityCalib,cross_regime,M_stress,650,True,1,495.7,381.3,0.0,0.2307,1.0,std_0.05,7,0.67,0.05,beta,none
City-C,T1,1x,180.0,S6_Q10,routine,M_routine,650,True,1,443.8,393.6,0.0,0.1131,1.0,std_0.05,7,0.67,0.05,beta,none
City-C,T1,1x,180.0,S6_Q10,cross_regime,M_stress,650,True,1,443.8,381.3,0.0,0.1408,1.0,std_0.05,7,0.67,0.05,beta,none
City-C,T1,2x,360.0,S0a_RoutineOracle,routine,M_routine,650,True,1,454.5,454.5,0.0,0.0,1.0,std_0.05,7,0.67,0.05,beta,none
City-C,T1,2x,360.0,S0a_RoutineOracle,cross_regime,M_stress,650,True,1,454.5,257.8,102.2,0.4328,0.0,std_0.05,7,0.67,0.05,beta,none
City-C,T1,2x,360.0,S0b_StressOracle,routine,M_routine,650,True,1,381.3,393.6,0.0,0.0,1.0,std_0.05,7,0.67,0.05,beta,none
City-C,T1,2x,360.0,S0b_StressOracle,cross_regime,M_stress,650,True,1,381.3,381.3,0.0,0.0,1.0,std_0.05,7,0.67,0.05,beta,none
City-C,T1,2x,360.0,S1_CapRR,routine,M_routine,650,True,1,737.0,393.6,0.0,0.4659,1.0,std_0.05,7,0.67,0.05,beta,none
City-C,T1,2x,360.0,S1_CapRR,cross_regime,M_stress,650,True,1,737.0,381.3,0.0,0.4826,1.0,std_0.05,7,0.67,0.05,beta,none
City-C,T1,2x,360.0,S2_Platform,routine,M_routine,650,True,1,460.9,393.6,0.0,0.1459,1.0,std_0.05,7,0.67,0.05,beta,none
City-C,T1,2x,360.0,S2_Platform,cross_regime,M_stress,650,True,1,460.9,381.3,0.0,0.1726,1.0,std_0.05,7,0.67,0.05,beta,none
City-C,T1,2x,360.0,S3_Lin4,routine,M_routine,650,True,1,419.0,393.6,0.0,0.0604,1.0,std_0.05,7,0.67,0.05,beta,none
City-C,T1,2x,360.0,S3_Lin4,cross_regime,M_stress,650,True,1,419.0,381.3,0.0,0.0898,1.0,std_0.05,7,0.67,0.05,beta,none
City-C,T1,2x,360.0,S4_GlobalCalib,routine,M_routine,650,True,1,492.9,393.6,0.0,0.2013,1.0,std_0.05,7,0.67,0.05,beta,none
City-C,T1,2x,360.0,S4_GlobalCalib,cross_regime,M_stress,650,True,1,492.9,381.3,0.0,0.2263,1.0,std_0.05,7,0.67,0.05,beta,none
City-C,T1,2x,360.0,S5_CityCalib,routine,M_routine,650,True,1,495.7,393.6,0.0,0.2058,1.0,std_0.05,7,0.67,0.05,beta,none
City-C,T1,2x,360.0,S5_CityCalib,cross_regime,M_stress,650,True,1,495.7,381.3,0.0,0.2307,1.0,std_0.05,7,0.67,0.05,beta,none
City-C,T1,2x,360.0,S6_Q10,routine,M_routine,650,True,1,443.8,393.6,0.0,0.1131,1.0,std_0.05,7,0.67,0.05,beta,none
City-C,T1,2x,360.0,S6_Q10,cross_regime,M_stress,650,True,1,443.8,381.3,0.0,0.1408,1.0,std_0.05,7,0.67,0.05,beta,none
City-C,T1,5x,900.0,S0a_RoutineOracle,routine,M_routine,650,True,2,902.7,902.7,0.0,0.0,1.0,std_0.05,7,0.67,0.05,beta,none
City-C,T1,5x,900.0,S0a_RoutineOracle,cross_regime,M_stress,650,True,2,902.7,577.5,322.5,0.3603,0.0,std_0.05,7,0.67,0.05,beta,none
City-C,T1,5x,900.0,S0b_StressOracle,routine,M_routine,650,True,3,972.8,1227.3,0.0,0.0,1.0,std_0.05,7,0.67,0.05,beta,none
City-C,T1,5x,900.0,S0b_StressOracle,cross_regime,M_stress,650,True,3,972.8,972.8,0.0,0.0,1.0,std_0.05,7,0.67,0.05,beta,none
City-C,T1,5x,900.0,S1_CapRR,routine,M_routine,650,True,2,1439.5,841.8,58.2,0.4152,0.0,std_0.05,7,0.67,0.05,beta,none
City-C,T1,5x,900.0,S1_CapRR,cross_regime,M_stress,650,True,2,1439.5,701.0,199.0,0.513,0.0,std_0.05,7,0.67,0.05,beta,none
City-C,T1,5x,900.0,S2_Platform,routine,M_routine,650,True,2,904.5,841.8,58.2,0.0693,0.0,std_0.05,7,0.67,0.05,beta,none
City-C,T1,5x,900.0,S2_Platform,cross_regime,M_stress,650,True,2,904.5,701.0,199.0,0.225,0.0,std_0.05,7,0.67,0.05,beta,none
City-C,T1,5x,900.0,S3_Lin4,routine,M_routine,650,True,3,1214.5,1296.3,0.0,0.0,1.0,std_0.05,7,0.67,0.05,beta,none
City-C,T1,5x,900.0,S3_Lin4,cross_regime,M_stress,650,True,3,1214.5,958.8,0.0,0.2106,1.0,std_0.05,7,0.67,0.05,beta,none
City-C,T1,5x,900.0,S4_GlobalCalib,routine,M_routine,650,True,2,962.6,841.8,58.2,0.1255,0.0,std_0.05,7,0.67,0.05,beta,none
City-C,T1,5x,900.0,S4_GlobalCalib,cross_regime,M_stress,650,True,2,962.6,701.0,199.0,0.2718,0.0,std_0.05,7,0.67,0.05,beta,none
City-C,T1,5x,900.0,S5_CityCalib,routine,M_routine,650,True,2,968.1,841.8,58.2,0.1304,0.0,std_0.05,7,0.67,0.05,beta,none
City-C,T1,5x,900.0,S5_CityCalib,cross_regime,M_stress,650,True,2,968.1,701.0,199.0,0.2759,0.0,std_0.05,7,0.67,0.05,beta,none
City-C,T1,5x,900.0,S6_Q10,routine,M_routine,650,True,3,1253.1,1296.3,0.0,0.0,1.0,std_0.05,7,0.67,0.05,beta,none
City-C,T1,5x,900.0,S6_Q10,cross_regime,M_stress,650,True,3,1253.1,958.8,0.0,0.2349,1.0,std_0.05,7,0.67,0.05,beta,none
City-C,T1,10x,1800.0,S0a_RoutineOracle,routine,M_routine,650,True,5,2054.0,2054.0,0.0,0.0,1.0,std_0.05,7,0.67,0.05,beta,none
City-C,T1,10x,1800.0,S0a_RoutineOracle,cross_regime,M_stress,650,True,5,2054.0,1463.7,336.3,0.2874,0.0,std_0.05,7,0.67,0.05,beta,none
City-C,T1,10x,1800.0,S0b_StressOracle,routine,M_routine,650,True,7,1996.0,2670.7,0.0,0.0,1.0,std_0.05,7,0.67,0.05,beta,none
City-C,T1,10x,1800.0,S0b_StressOracle,cross_regime,M_stress,650,True,7,1996.0,1996.0,0.0,0.0,1.0,std_0.05,7,0.67,0.05,beta,none
City-C,T1,10x,1800.0,S1_CapRR,routine,M_routine,650,True,3,2081.1,1296.3,503.7,0.3771,0.0,std_0.05,7,0.67,0.05,beta,none
City-C,T1,10x,1800.0,S1_CapRR,cross_regime,M_stress,650,True,3,2081.1,958.8,841.2,0.5393,0.0,std_0.05,7,0.67,0.05,beta,none
City-C,T1,10x,1800.0,S2_Platform,routine,M_routine,650,True,5,2117.9,1863.1,0.0,0.1203,1.0,std_0.05,7,0.67,0.05,beta,none
City-C,T1,10x,1800.0,S2_Platform,cross_regime,M_stress,650,True,5,2117.9,1479.8,320.2,0.3013,0.0,std_0.05,7,0.67,0.05,beta,none
City-C,T1,10x,1800.0,S3_Lin4,routine,M_routine,650,True,5,1974.8,1921.8,0.0,0.0268,1.0,std_0.05,7,0.67,0.05,beta,none
City-C,T1,10x,1800.0,S3_Lin4,cross_regime,M_stress,650,True,5,1974.8,1420.2,379.8,0.2809,0.0,std_0.05,7,0.67,0.05,beta,none
City-C,T1,10x,1800.0,S4_GlobalCalib,routine,M_routine,650,True,5,2170.4,2027.7,0.0,0.0657,1.0,std_0.05,7,0.67,0.05,beta,none
City-C,T1,10x,1800.0,S4_GlobalCalib,cross_regime,M_stress,650,True,5,2170.4,1496.0,304.0,0.3107,0.0,std_0.05,7,0.67,0.05,beta,none
City-C,T1,10x,1800.0,S5_CityCalib,routine,M_routine,650,True,5,2182.4,2027.7,0.0,0.0709,1.0,std_0.05,7,0.67,0.05,beta,none
City-C,T1,10x,1800.0,S5_CityCalib,cross_regime,M_stress,650,True,5,2182.4,1496.0,304.0,0.3145,0.0,std_0.05,7,0.67,0.05,beta,none
City-C,T1,10x,1800.0,S6_Q10,routine,M_routine,650,True,5,1954.4,2027.7,0.0,0.0,1.0,std_0.05,7,0.67,0.05,beta,none
City-C,T1,10x,1800.0,S6_Q10,cross_regime,M_stress,650,True,5,1954.4,1496.0,304.0,0.2346,0.0,std_0.05,7,0.67,0.05,beta,none
City-C,T2,1x,260.0,S0a_RoutineOracle,routine,M_routine,650,True,1,571.5,571.5,0.0,0.0,1.0,std_0.05,7,0.67,0.05,beta,none
City-C,T2,1x,260.0,S0a_RoutineOracle,cross_regime,M_stress,650,True,1,571.5,342.4,0.0,0.4009,1.0,std_0.05,7,0.67,0.05,beta,none
City-C,T2,1x,260.0,S0b_StressOracle,routine,M_routine,650,True,1,342.4,571.5,0.0,0.0,1.0,std_0.05,7,0.67,0.05,beta,none
City-C,T2,1x,260.0,S0b_StressOracle,cross_regime,M_stress,650,True,1,342.4,342.4,0.0,0.0,1.0,std_0.05,7,0.67,0.05,beta,none
City-C,T2,1x,260.0,S1_CapRR,routine,M_routine,650,True,1,737.0,571.5,0.0,0.2246,1.0,std_0.05,7,0.67,0.05,beta,none
City-C,T2,1x,260.0,S1_CapRR,cross_regime,M_stress,650,True,1,737.0,342.4,0.0,0.5355,1.0,std_0.05,7,0.67,0.05,beta,none
City-C,T2,1x,260.0,S2_Platform,routine,M_routine,650,True,1,467.3,571.5,0.0,0.0,1.0,std_0.05,7,0.67,0.05,beta,none
City-C,T2,1x,260.0,S2_Platform,cross_regime,M_stress,650,True,1,467.3,342.4,0.0,0.2673,1.0,std_0.05,7,0.67,0.05,beta,none
City-C,T2,1x,260.0,S3_Lin4,routine,M_routine,650,True,1,419.8,571.5,0.0,0.0,1.0,std_0.05,7,0.67,0.05,beta,none
City-C,T2,1x,260.0,S3_Lin4,cross_regime,M_stress,650,True,1,419.8,342.4,0.0,0.1843,1.0,std_0.05,7,0.67,0.05,beta,none
City-C,T2,1x,260.0,S4_GlobalCalib,routine,M_routine,650,True,1,491.5,571.5,0.0,0.0,1.0,std_0.05,7,0.67,0.05,beta,none
City-C,T2,1x,260.0,S4_GlobalCalib,cross_regime,M_stress,650,True,1,491.5,342.4,0.0,0.3034,1.0,std_0.05,7,0.67,0.05,beta,none
City-C,T2,1x,260.0,S5_CityCalib,routine,M_routine,650,True,1,490.9,571.5,0.0,0.0,1.0,std_0.05,7,0.67,0.05,beta,none
City-C,T2,1x,260.0,S5_CityCalib,cross_regime,M_stress,650,True,1,490.9,342.4,0.0,0.3025,1.0,std_0.05,7,0.67,0.05,beta,none
City-C,T2,1x,260.0,S6_Q10,routine,M_routine,650,True,1,442.9,571.5,0.0,0.0,1.0,std_0.05,7,0.67,0.05,beta,none
City-C,T2,1x,260.0,S6_Q10,cross_regime,M_stress,650,True,1,442.9,342.4,0.0,0.2269,1.0,std_0.05,7,0.67,0.05,beta,none
City-C,T2,2x,520.0,S0a_RoutineOracle,routine,M_routine,650,True,1,571.5,571.5,0.0,0.0,1.0,std_0.05,7,0.67,0.05,beta,none
City-C,T2,2x,520.0,S0a_RoutineOracle,cross_regime,M_stress,650,True,1,571.5,342.4,177.6,0.4009,0.0,std_0.05,7,0.67,0.05,beta,none
City-C,T2,2x,520.0,S0b_StressOracle,routine,M_routine,650,True,2,664.4,1003.3,0.0,0.0,1.0,std_0.05,7,0.67,0.05,beta,none
City-C,T2,2x,520.0,S0b_StressOracle,cross_regime,M_stress,650,True,2,664.4,664.4,0.0,0.0,1.0,std_0.05,7,0.67,0.05,beta,none
City-C,T2,2x,520.0,S1_CapRR,routine,M_routine,650,True,1,737.0,571.5,0.0,0.2246,1.0,std_0.05,7,0.67,0.05,beta,none
City-C,T2,2x,520.0,S1_CapRR,cross_regime,M_stress,650,True,1,737.0,342.4,177.6,0.5355,0.0,std_0.05,7,0.67,0.05,beta,none
City-C,T2,2x,520.0,S2_Platform,routine,M_routine,650,True,2,902.1,1003.3,0.0,0.0,1.0,std_0.05,7,0.67,0.05,beta,none
City-C,T2,2x,520.0,S2_Platform,cross_regime,M_stress,650,True,2,902.1,664.4,0.0,0.2634,1.0,std_0.05,7,0.67,0.05,beta,none
City-C,T2,2x,520.0,S3_Lin4,routine,M_routine,650,True,2,822.1,1003.3,0.0,0.0,1.0,std_0.05,7,0.67,0.05,beta,none
City-C,T2,2x,520.0,S3_Lin4,cross_regime,M_stress,650,True,2,822.1,664.4,0.0,0.1918,1.0,std_0.05,7,0.67,0.05,beta,none
City-C,T2,2x,520.0,S4_GlobalCalib,routine,M_routine,650,True,2,960.1,1003.3,0.0,0.0,1.0,std_0.05,7,0.67,0.05,beta,none
City-C,T2,2x,520.0,S4_GlobalCalib,cross_regime,M_stress,650,True,2,960.1,664.4,0.0,0.3079,1.0,std_0.05,7,0.67,0.05,beta,none
City-C,T2,2x,520.0,S5_CityCalib,routine,M_routine,650,True,2,958.7,1003.3,0.0,0.0,1.0,std_0.05,7,0.67,0.05,beta,none
City-C,T2,2x,520.0,S5_CityCalib,cross_regime,M_stress,650,True,2,958.7,664.4,0.0,0.307,1.0,std_0.05,7,0.67,0.05,beta,none
City-C,T2,2x,520.0,S6_Q10,routine,M_routine,650,True,2,865.0,1003.3,0.0,0.0,1.0,std_0.05,7,0.67,0.05,beta,none
City-C,T2,2x,520.0,S6_Q10,cross_regime,M_stress,650,True,2,865.0,664.4,0.0,0.2319,1.0,std_0.05,7,0.67,0.05,beta,none
City-C,T2,5x,1300.0,S0a_RoutineOracle,routine,M_routine,650,True,3,1439.0,1439.0,0.0,0.0,1.0,std_0.05,7,0.67,0.05,beta,none
City-C,T2,5x,1300.0,S0a_RoutineOracle,cross_regime,M_stress,650,True,3,1439.0,942.3,357.7,0.3452,0.0,std_0.05,7,0.67,0.05,beta,none
City-C,T2,5x,1300.0,S0b_StressOracle,routine,M_routine,650,True,5,1533.4,2231.1,0.0,0.0,1.0,std_0.05,7,0.67,0.05,beta,none
City-C,T2,5x,1300.0,S0b_StressOracle,cross_regime,M_stress,650,True,5,1533.4,1533.4,0.0,0.0,1.0,std_0.05,7,0.67,0.05,beta,none
City-C,T2,5x,1300.0,S1_CapRR,routine,M_routine,650,True,2,1439.5,1003.3,296.7,0.303,0.0,std_0.05,7,0.67,0.05,beta,none
City-C,T2,5x,1300.0,S1_CapRR,cross_regime,M_stress,650,True,2,1439.5,664.4,635.6,0.5384,0.0,std_0.05,7,0.67,0.05,beta,none
City-C,T2,5x,1300.0,S2_Platform,routine,M_routine,650,True,3,1301.1,1428.2,0.0,0.0,1.0,std_0.05,7,0.67,0.05,beta,none
City-C,T2,5x,1300.0,S2_Platform,cross_regime,M_stress,650,True,3,1301.1,974.5,325.5,0.251,0.0,std_0.05,7,0.67,0.05,beta,none
City-C,T2,5x,1300.0,S3_Lin4,routine,M_routine,650,True,4,1600.3,1789.5,0.0,0.0,1.0,std_0.05,7,0.67,0.05,beta,none
City-C,T2,5x,1300.0,S3_Lin4,cross_regime,M_stress,650,True,4,1600.3,1214.5,85.5,0.241,0.0,std_0.05,7,0.67,0.05,beta,none
City-C,T2,5x,1300.0,S4_GlobalCalib,routine,M_routine,650,True,3,1388.0,1428.2,0.0,0.0,1.0,std_0.05,7,0.67,0.05,beta,none
City-C,T2,5x,1300.0,S4_GlobalCalib,cross_regime,M_stress,650,True,3,1388.0,974.5,325.5,0.2979,0.0,std_0.05,7,0.67,0.05,beta,none
City-C,T2,5x,1300.0,S5_CityCalib,routine,M_routine,650,True,3,1386.1,1428.2,0.0,0.0,1.0,std_0.05,7,0.67,0.05,beta,none
City-C,T2,5x,1300.0,S5_CityCalib,cross_regime,M_stress,650,True,3,1386.1,974.5,325.5,0.2969,0.0,std_0.05,7,0.67,0.05,beta,none
City-C,T2,5x,1300.0,S6_Q10,routine,M_routine,650,True,4,1602.4,1863.8,0.0,0.0,1.0,std_0.05,7,0.67,0.05,beta,none
City-C,T2,5x,1300.0,S6_Q10,cross_regime,M_stress,650,True,4,1602.4,1252.4,47.6,0.2184,0.0,std_0.05,7,0.67,0.05,beta,none
City-C,T2,10x,2600.0,S0a_RoutineOracle,routine,M_routine,650,True,6,2640.2,2640.2,0.0,0.0,1.0,std_0.05,7,0.67,0.05,beta,none
City-C,T2,10x,2600.0,S0a_RoutineOracle,cross_regime,M_stress,650,True,6,2640.2,1728.9,871.1,0.3452,0.0,std_0.05,7,0.67,0.05,beta,none
City-C,T2,10x,2600.0,S0b_StressOracle,routine,M_routine,650,True,10,2795.7,4046.3,0.0,0.0,1.0,std_0.05,7,0.67,0.05,beta,none
City-C,T2,10x,2600.0,S0b_StressOracle,cross_regime,M_stress,650,True,10,2795.7,2795.7,0.0,0.0,1.0,std_0.05,7,0.67,0.05,beta,none
City-C,T2,10x,2600.0,S1_CapRR,routine,M_routine,650,True,4,2666.6,1863.8,736.2,0.3011,0.0,std_0.05,7,0.67,0.05,beta,none
City-C,T2,10x,2600.0,S1_CapRR,cross_regime,M_stress,650,True,4,2666.6,1252.4,1347.6,0.5304,0.0,std_0.05,7,0.67,0.05,beta,none
City-C,T2,10x,2600.0,S2_Platform,routine,M_routine,650,True,7,2815.8,2940.3,0.0,0.0,1.0,std_0.05,7,0.67,0.05,beta,none
City-C,T2,10x,2600.0,S2_Platform,cross_regime,M_stress,650,True,7,2815.8,2069.3,530.7,0.2651,0.0,std_0.05,7,0.67,0.05,beta,none
City-C,T2,10x,2600.0,S3_Lin4,routine,M_routine,650,True,7,2688.8,2857.4,0.0,0.0,1.0,std_0.05,7,0.67,0.05,beta,none
City-C,T2,10x,2600.0,S3_Lin4,cross_regime,M_stress,650,True,7,2688.8,1985.7,614.3,0.2615,0.0,std_0.05,7,0.67,0.05,beta,none
City-C,T2,10x,2600.0,S4_GlobalCalib,routine,M_routine,650,True,7,2916.6,2954.9,0.0,0.0,1.0,std_0.05,7,0.67,0.05,beta,none
City-C,T2,10x,2600.0,S4_GlobalCalib,cross_regime,M_stress,650,True,7,2916.6,1988.7,611.3,0.3182,0.0,std_0.05,7,0.67,0.05,beta,none
City-C,T2,10x,2600.0,S5_CityCalib,routine,M_routine,650,True,7,2912.8,2954.9,0.0,0.0,1.0,std_0.05,7,0.67,0.05,beta,none
City-C,T2,10x,2600.0,S5_CityCalib,cross_regime,M_stress,650,True,7,2912.8,1988.7,611.3,0.3173,0.0,std_0.05,7,0.67,0.05,beta,none
City-C,T2,10x,2600.0,S6_Q10,routine,M_routine,650,True,7,2627.7,2954.9,0.0,0.0,1.0,std_0.05,7,0.67,0.05,beta,none
City-C,T2,10x,2600.0,S6_Q10,cross_regime,M_stress,650,True,7,2627.7,1988.7,611.3,0.2432,0.0,std_0.05,7,0.67,0.05,beta,none
City-C,T3,1x,200.0,S0a_RoutineOracle,routine,M_routine,650,True,1,442.3,442.3,0.0,0.0,1.0,std_0.05,7,0.67,0.05,beta,none
City-C,T3,1x,200.0,S0a_RoutineOracle,cross_regime,M_stress,650,True,1,442.3,278.9,0.0,0.3695,1.0,std_0.05,7,0.67,0.05,beta,none
City-C,T3,1x,200.0,S0b_StressOracle,routine,M_routine,650,True,1,278.9,442.3,0.0,0.0,1.0,std_0.05,7,0.67,0.05,beta,none
City-C,T3,1x,200.0,S0b_StressOracle,cross_regime,M_stress,650,True,1,278.9,278.9,0.0,0.0,1.0,std_0.05,7,0.67,0.05,beta,none
City-C,T3,1x,200.0,S1_CapRR,routine,M_routine,650,True,1,648.6,423.0,0.0,0.3478,1.0,std_0.05,7,0.67,0.05,beta,none
City-C,T3,1x,200.0,S1_CapRR,cross_regime,M_stress,650,True,1,648.6,253.2,0.0,0.6096,1.0,std_0.05,7,0.67,0.05,beta,none
City-C,T3,1x,200.0,S2_Platform,routine,M_routine,650,True,1,456.8,423.0,0.0,0.0739,1.0,std_0.05,7,0.67,0.05,beta,none
City-C,T3,1x,200.0,S2_Platform,cross_regime,M_stress,650,True,1,456.8,253.2,0.0,0.4456,1.0,std_0.05,7,0.67,0.05,beta,none
City-C,T3,1x,200.0,S3_Lin4,routine,M_routine,650,True,1,405.6,423.0,0.0,0.0,1.0,std_0.05,7,0.67,0.05,beta,none
City-C,T3,1x,200.0,S3_Lin4,cross_regime,M_stress,650,True,1,405.6,253.2,0.0,0.3757,1.0,std_0.05,7,0.67,0.05,beta,none
City-C,T3,1x,200.0,S4_GlobalCalib,routine,M_routine,650,True,1,431.7,423.0,0.0,0.0201,1.0,std_0.05,7,0.67,0.05,beta,none
City-C,T3,1x,200.0,S4_GlobalCalib,cross_regime,M_stress,650,True,1,431.7,253.2,0.0,0.4134,1.0,std_0.05,7,0.67,0.05,beta,none
City-C,T3,1x,200.0,S5_CityCalib,routine,M_routine,650,True,1,431.2,423.0,0.0,0.019,1.0,std_0.05,7,0.67,0.05,beta,none
City-C,T3,1x,200.0,S5_CityCalib,cross_regime,M_stress,650,True,1,431.2,253.2,0.0,0.4128,1.0,std_0.05,7,0.67,0.05,beta,none
City-C,T3,1x,200.0,S6_Q10,routine,M_routine,650,True,1,389.6,423.0,0.0,0.0,1.0,std_0.05,7,0.67,0.05,beta,none
City-C,T3,1x,200.0,S6_Q10,cross_regime,M_stress,650,True,1,389.6,253.2,0.0,0.35,1.0,std_0.05,7,0.67,0.05,beta,none
City-C,T3,2x,400.0,S0a_RoutineOracle,routine,M_routine,650,True,1,442.3,442.3,0.0,0.0,1.0,std_0.05,7,0.67,0.05,beta,none
City-C,T3,2x,400.0,S0a_RoutineOracle,cross_regime,M_stress,650,True,1,442.3,278.9,121.1,0.3695,0.0,std_0.05,7,0.67,0.05,beta,none
City-C,T3,2x,400.0,S0b_StressOracle,routine,M_routine,650,True,2,537.4,816.0,0.0,0.0,1.0,std_0.05,7,0.67,0.05,beta,none
City-C,T3,2x,400.0,S0b_StressOracle,cross_regime,M_stress,650,True,2,537.4,537.4,0.0,0.0,1.0,std_0.05,7,0.67,0.05,beta,none
City-C,T3,2x,400.0,S1_CapRR,routine,M_routine,650,True,1,648.6,423.0,0.0,0.3478,1.0,std_0.05,7,0.67,0.05,beta,none
City-C,T3,2x,400.0,S1_CapRR,cross_regime,M_stress,650,True,1,648.6,253.2,146.8,0.6096,0.0,std_0.05,7,0.67,0.05,beta,none
City-C,T3,2x,400.0,S2_Platform,routine,M_routine,650,True,1,456.8,423.0,0.0,0.0739,1.0,std_0.05,7,0.67,0.05,beta,none
City-C,T3,2x,400.0,S2_Platform,cross_regime,M_stress,650,True,1,456.8,253.2,146.8,0.4456,0.0,std_0.05,7,0.67,0.05,beta,none
City-C,T3,2x,400.0,S3_Lin4,routine,M_routine,650,True,1,405.6,423.0,0.0,0.0,1.0,std_0.05,7,0.67,0.05,beta,none
City-C,T3,2x,400.0,S3_Lin4,cross_regime,M_stress,650,True,1,405.6,253.2,146.8,0.3757,0.0,std_0.05,7,0.67,0.05,beta,none
City-C,T3,2x,400.0,S4_GlobalCalib,routine,M_routine,650,True,1,431.7,423.0,0.0,0.0201,1.0,std_0.05,7,0.67,0.05,beta,none
City-C,T3,2x,400.0,S4_GlobalCalib,cross_regime,M_stress,650,True,1,431.7,253.2,146.8,0.4134,0.0,std_0.05,7,0.67,0.05,beta,none
City-C,T3,2x,400.0,S5_CityCalib,routine,M_routine,650,True,1,431.2,423.0,0.0,0.019,1.0,std_0.05,7,0.67,0.05,beta,none
City-C,T3,2x,400.0,S5_CityCalib,cross_regime,M_stress,650,True,1,431.2,253.2,146.8,0.4128,0.0,std_0.05,7,0.67,0.05,beta,none
City-C,T3,2x,400.0,S6_Q10,routine,M_routine,650,True,2,760.9,865.3,0.0,0.0,1.0,std_0.05,7,0.67,0.05,beta,none
City-C,T3,2x,400.0,S6_Q10,cross_regime,M_stress,650,True,2,760.9,532.1,0.0,0.3007,1.0,std_0.05,7,0.67,0.05,beta,none
City-C,T3,5x,1000.0,S0a_RoutineOracle,routine,M_routine,650,True,3,1243.4,1243.4,0.0,0.0,1.0,std_0.05,7,0.67,0.05,beta,none
City-C,T3,5x,1000.0,S0a_RoutineOracle,cross_regime,M_stress,650,True,3,1243.4,767.1,232.9,0.3831,0.0,std_0.05,7,0.67,0.05,beta,none
City-C,T3,5x,1000.0,S0b_StressOracle,routine,M_routine,650,True,4,1040.1,1597.6,0.0,0.0,1.0,std_0.05,7,0.67,0.05,beta,none
City-C,T3,5x,1000.0,S0b_StressOracle,cross_regime,M_stress,650,True,4,1040.1,1040.1,0.0,0.0,1.0,std_0.05,7,0.67,0.05,beta,none
City-C,T3,5x,1000.0,S1_CapRR,routine,M_routine,650,True,2,1266.8,865.3,134.7,0.317,0.0,std_0.05,7,0.67,0.05,beta,none
City-C,T3,5x,1000.0,S1_CapRR,cross_regime,M_stress,650,True,2,1266.8,532.1,467.9,0.58,0.0,std_0.05,7,0.67,0.05,beta,none
City-C,T3,5x,1000.0,S2_Platform,routine,M_routine,650,True,3,1285.7,1097.2,0.0,0.1466,1.0,std_0.05,7,0.67,0.05,beta,none
City-C,T3,5x,1000.0,S2_Platform,cross_regime,M_stress,650,True,3,1285.7,667.1,332.9,0.4811,0.0,std_0.05,7,0.67,0.05,beta,none
City-C,T3,5x,1000.0,S3_Lin4,routine,M_routine,650,True,3,1176.4,1239.0,0.0,0.0,1.0,std_0.05,7,0.67,0.05,beta,none
City-C,T3,5x,1000.0,S3_Lin4,cross_regime,M_stress,650,True,3,1176.4,790.6,209.4,0.328,0.0,std_0.05,7,0.67,0.05,beta,none
City-C,T3,5x,1000.0,S4_GlobalCalib,routine,M_routine,650,True,3,1218.9,1239.0,0.0,0.0,1.0,std_0.05,7,0.67,0.05,beta,none
City-C,T3,5x,1000.0,S4_GlobalCalib,cross_regime,M_stress,650,True,3,1218.9,790.6,209.4,0.3514,0.0,std_0.05,7,0.67,0.05,beta,none
City-C,T3,5x,1000.0,S5_CityCalib,routine,M_routine,650,True,3,1217.7,1239.0,0.0,0.0,1.0,std_0.05,7,0.67,0.05,beta,none
City-C,T3,5x,1000.0,S5_CityCalib,cross_regime,M_stress,650,True,3,1217.7,790.6,209.4,0.3507,0.0,std_0.05,7,0.67,0.05,beta,none
City-C,T3,5x,1000.0,S6_Q10,routine,M_routine,650,True,3,1100.0,1239.0,0.0,0.0,1.0,std_0.05,7,0.67,0.05,beta,none
City-C,T3,5x,1000.0,S6_Q10,cross_regime,M_stress,650,True,3,1100.0,790.6,209.4,0.2812,0.0,std_0.05,7,0.67,0.05,beta,none
City-C,T3,10x,2000.0,S0a_RoutineOracle,routine,M_routine,650,True,6,2357.2,2357.2,0.0,0.0,1.0,std_0.05,7,0.67,0.05,beta,none
City-C,T3,10x,2000.0,S0a_RoutineOracle,cross_regime,M_stress,650,True,6,2357.2,1417.5,582.5,0.3986,0.0,std_0.05,7,0.67,0.05,beta,none
City-C,T3,10x,2000.0,S0b_StressOracle,routine,M_routine,650,True,9,2149.2,3268.7,0.0,0.0,1.0,std_0.05,7,0.67,0.05,beta,none
City-C,T3,10x,2000.0,S0b_StressOracle,cross_regime,M_stress,650,True,9,2149.2,2149.2,0.0,0.0,1.0,std_0.05,7,0.67,0.05,beta,none
City-C,T3,10x,2000.0,S1_CapRR,routine,M_routine,650,True,4,2346.7,1597.6,402.4,0.3192,0.0,std_0.05,7,0.67,0.05,beta,none
City-C,T3,10x,2000.0,S1_CapRR,cross_regime,M_stress,650,True,4,2346.7,1040.1,959.9,0.5568,0.0,std_0.05,7,0.67,0.05,beta,none
City-C,T3,10x,2000.0,S2_Platform,routine,M_routine,650,True,5,2048.1,1792.8,207.2,0.1246,0.0,std_0.05,7,0.67,0.05,beta,none
City-C,T3,10x,2000.0,S2_Platform,cross_regime,M_stress,650,True,5,2048.1,1132.3,867.7,0.4472,0.0,std_0.05,7,0.67,0.05,beta,none
City-C,T3,10x,2000.0,S3_Lin4,routine,M_routine,650,True,6,2268.3,2265.1,0.0,0.0014,1.0,std_0.05,7,0.67,0.05,beta,none
City-C,T3,10x,2000.0,S3_Lin4,cross_regime,M_stress,650,True,6,2268.3,1424.8,575.2,0.3719,0.0,std_0.05,7,0.67,0.05,beta,none
City-C,T3,10x,2000.0,S4_GlobalCalib,routine,M_routine,650,True,6,2233.9,2317.2,0.0,0.0,1.0,std_0.05,7,0.67,0.05,beta,none
City-C,T3,10x,2000.0,S4_GlobalCalib,cross_regime,M_stress,650,True,6,2233.9,1504.5,495.5,0.3265,0.0,std_0.05,7,0.67,0.05,beta,none
City-C,T3,10x,2000.0,S5_CityCalib,routine,M_routine,650,True,6,2231.8,2317.2,0.0,0.0,1.0,std_0.05,7,0.67,0.05,beta,none
City-C,T3,10x,2000.0,S5_CityCalib,cross_regime,M_stress,650,True,6,2231.8,1504.5,495.5,0.3259,0.0,std_0.05,7,0.67,0.05,beta,none
City-C,T3,10x,2000.0,S6_Q10,routine,M_routine,650,True,6,2015.7,2317.2,0.0,0.0,1.0,std_0.05,7,0.67,0.05,beta,none
City-C,T3,10x,2000.0,S6_Q10,cross_regime,M_stress,650,True,6,2015.7,1504.5,495.5,0.2536,0.0,std_0.05,7,0.67,0.05,beta,none
City-C,T4,1x,140.0,S0a_RoutineOracle,routine,M_routine,650,True,1,544.4,544.4,0.0,0.0,1.0,std_0.05,7,0.67,0.05,beta,none
City-C,T4,1x,140.0,S0a_RoutineOracle,cross_regime,M_stress,650,True,1,544.4,370.3,0.0,0.3198,1.0,std_0.05,7,0.67,0.05,beta,none
City-C,T4,1x,140.0,S0b_StressOracle,routine,M_routine,650,True,1,370.3,544.4,0.0,0.0,1.0,std_0.05,7,0.67,0.05,beta,none
City-C,T4,1x,140.0,S0b_StressOracle,cross_regime,M_stress,650,True,1,370.3,370.3,0.0,0.0,1.0,std_0.05,7,0.67,0.05,beta,none
City-C,T4,1x,140.0,S1_CapRR,routine,M_routine,650,True,1,737.0,544.4,0.0,0.2614,1.0,std_0.05,7,0.67,0.05,beta,none
City-C,T4,1x,140.0,S1_CapRR,cross_regime,M_stress,650,True,1,737.0,370.3,0.0,0.4976,1.0,std_0.05,7,0.67,0.05,beta,none
City-C,T4,1x,140.0,S2_Platform,routine,M_routine,650,True,1,377.7,309.4,0.0,0.1809,1.0,std_0.05,7,0.67,0.05,beta,none
City-C,T4,1x,140.0,S2_Platform,cross_regime,M_stress,650,True,1,377.7,218.2,0.0,0.4223,1.0,std_0.05,7,0.67,0.05,beta,none
City-C,T4,1x,140.0,S3_Lin4,routine,M_routine,650,True,1,419.6,544.4,0.0,0.0,1.0,std_0.05,7,0.67,0.05,beta,none
City-C,T4,1x,140.0,S3_Lin4,cross_regime,M_stress,650,True,1,419.6,370.3,0.0,0.1175,1.0,std_0.05,7,0.67,0.05,beta,none
City-C,T4,1x,140.0,S4_GlobalCalib,routine,M_routine,650,True,1,491.0,544.4,0.0,0.0,1.0,std_0.05,7,0.67,0.05,beta,none
City-C,T4,1x,140.0,S4_GlobalCalib,cross_regime,M_stress,650,True,1,491.0,370.3,0.0,0.2458,1.0,std_0.05,7,0.67,0.05,beta,none
City-C,T4,1x,140.0,S5_CityCalib,routine,M_routine,650,True,1,491.5,544.4,0.0,0.0,1.0,std_0.05,7,0.67,0.05,beta,none
City-C,T4,1x,140.0,S5_CityCalib,cross_regime,M_stress,650,True,1,491.5,370.3,0.0,0.2465,1.0,std_0.05,7,0.67,0.05,beta,none
City-C,T4,1x,140.0,S6_Q10,routine,M_routine,650,True,1,442.6,544.4,0.0,0.0,1.0,std_0.05,7,0.67,0.05,beta,none
City-C,T4,1x,140.0,S6_Q10,cross_regime,M_stress,650,True,1,442.6,370.3,0.0,0.1634,1.0,std_0.05,7,0.67,0.05,beta,none
City-C,T4,2x,280.0,S0a_RoutineOracle,routine,M_routine,650,True,1,544.4,544.4,0.0,0.0,1.0,std_0.05,7,0.67,0.05,beta,none
City-C,T4,2x,280.0,S0a_RoutineOracle,cross_regime,M_stress,650,True,1,544.4,370.3,0.0,0.3198,1.0,std_0.05,7,0.67,0.05,beta,none
City-C,T4,2x,280.0,S0b_StressOracle,routine,M_routine,650,True,1,370.3,544.4,0.0,0.0,1.0,std_0.05,7,0.67,0.05,beta,none
City-C,T4,2x,280.0,S0b_StressOracle,cross_regime,M_stress,650,True,1,370.3,370.3,0.0,0.0,1.0,std_0.05,7,0.67,0.05,beta,none
City-C,T4,2x,280.0,S1_CapRR,routine,M_routine,650,True,1,737.0,544.4,0.0,0.2614,1.0,std_0.05,7,0.67,0.05,beta,none
City-C,T4,2x,280.0,S1_CapRR,cross_regime,M_stress,650,True,1,737.0,370.3,0.0,0.4976,1.0,std_0.05,7,0.67,0.05,beta,none
City-C,T4,2x,280.0,S2_Platform,routine,M_routine,650,True,1,377.7,309.4,0.0,0.1809,1.0,std_0.05,7,0.67,0.05,beta,none
City-C,T4,2x,280.0,S2_Platform,cross_regime,M_stress,650,True,1,377.7,218.2,61.8,0.4223,0.0,std_0.05,7,0.67,0.05,beta,none
City-C,T4,2x,280.0,S3_Lin4,routine,M_routine,650,True,1,419.6,544.4,0.0,0.0,1.0,std_0.05,7,0.67,0.05,beta,none
City-C,T4,2x,280.0,S3_Lin4,cross_regime,M_stress,650,True,1,419.6,370.3,0.0,0.1175,1.0,std_0.05,7,0.67,0.05,beta,none
City-C,T4,2x,280.0,S4_GlobalCalib,routine,M_routine,650,True,1,491.0,544.4,0.0,0.0,1.0,std_0.05,7,0.67,0.05,beta,none
City-C,T4,2x,280.0,S4_GlobalCalib,cross_regime,M_stress,650,True,1,491.0,370.3,0.0,0.2458,1.0,std_0.05,7,0.67,0.05,beta,none
City-C,T4,2x,280.0,S5_CityCalib,routine,M_routine,650,True,1,491.5,544.4,0.0,0.0,1.0,std_0.05,7,0.67,0.05,beta,none
City-C,T4,2x,280.0,S5_CityCalib,cross_regime,M_stress,650,True,1,491.5,370.3,0.0,0.2465,1.0,std_0.05,7,0.67,0.05,beta,none
City-C,T4,2x,280.0,S6_Q10,routine,M_routine,650,True,1,442.6,544.4,0.0,0.0,1.0,std_0.05,7,0.67,0.05,beta,none
City-C,T4,2x,280.0,S6_Q10,cross_regime,M_stress,650,True,1,442.6,370.3,0.0,0.1634,1.0,std_0.05,7,0.67,0.05,beta,none
City-C,T4,5x,700.0,S0a_RoutineOracle,routine,M_routine,650,True,2,1039.4,1039.4,0.0,0.0,1.0,std_0.05,7,0.67,0.05,beta,none
City-C,T4,5x,700.0,S0a_RoutineOracle,cross_regime,M_stress,650,True,2,1039.4,682.3,17.7,0.3435,0.0,std_0.05,7,0.67,0.05,beta,none
City-C,T4,5x,700.0,S0b_StressOracle,routine,M_routine,650,True,3,962.7,1426.8,0.0,0.0,1.0,std_0.05,7,0.67,0.05,beta,none
City-C,T4,5x,700.0,S0b_StressOracle,cross_regime,M_stress,650,True,3,962.7,962.7,0.0,0.0,1.0,std_0.05,7,0.67,0.05,beta,none
City-C,T4,5x,700.0,S1_CapRR,routine,M_routine,650,True,1,737.0,544.4,155.6,0.2614,0.0,std_0.05,7,0.67,0.05,beta,none
City-C,T4,5x,700.0,S1_CapRR,cross_regime,M_stress,650,True,1,737.0,370.3,329.7,0.4976,0.0,std_0.05,7,0.67,0.05,beta,none
City-C,T4,5x,700.0,S2_Platform,routine,M_routine,650,True,2,738.2,804.3,0.0,0.0,1.0,std_0.05,7,0.67,0.05,beta,none
City-C,T4,5x,700.0,S2_Platform,cross_regime,M_stress,650,True,2,738.2,530.2,169.8,0.2818,0.0,std_0.05,7,0.67,0.05,beta,none
City-C,T4,5x,700.0,S3_Lin4,routine,M_routine,650,True,2,822.0,1039.4,0.0,0.0,1.0,std_0.05,7,0.67,0.05,beta,none
City-C,T4,5x,700.0,S3_Lin4,cross_regime,M_stress,650,True,2,822.0,682.3,17.7,0.1698,0.0,std_0.05,7,0.67,0.05,beta,none
City-C,T4,5x,700.0,S4_GlobalCalib,routine,M_routine,650,True,2,959.0,1039.4,0.0,0.0,1.0,std_0.05,7,0.67,0.05,beta,none
City-C,T4,5x,700.0,S4_GlobalCalib,cross_regime,M_stress,650,True,2,959.0,682.3,17.7,0.2885,0.0,std_0.05,7,0.67,0.05,beta,none
City-C,T4,5x,700.0,S5_CityCalib,routine,M_routine,650,True,2,959.9,1039.4,0.0,0.0,1.0,std_0.05,7,0.67,0.05,beta,none
City-C,T4,5x,700.0,S5_CityCalib,cross_regime,M_stress,650,True,2,959.9,682.3,17.7,0.2892,0.0,std_0.05,7,0.67,0.05,beta,none
City-C,T4,5x,700.0,S6_Q10,routine,M_routine,650,True,2,864.5,1039.4,0.0,0.0,1.0,std_0.05,7,0.67,0.05,beta,none
City-C,T4,5x,700.0,S6_Q10,cross_regime,M_stress,650,True,2,864.5,682.3,17.7,0.2107,0.0,std_0.05,7,0.67,0.05,beta,none
City-C,T4,10x,1400.0,S0a_RoutineOracle,routine,M_routine,650,True,3,1522.3,1522.3,0.0,0.0,1.0,std_0.05,7,0.67,0.05,beta,none
City-C,T4,10x,1400.0,S0a_RoutineOracle,cross_regime,M_stress,650,True,3,1522.3,947.6,452.4,0.3775,0.0,std_0.05,7,0.67,0.05,beta,none
City-C,T4,10x,1400.0,S0b_StressOracle,routine,M_routine,650,True,5,1481.6,2248.2,0.0,0.0,1.0,std_0.05,7,0.67,0.05,beta,none
City-C,T4,10x,1400.0,S0b_StressOracle,cross_regime,M_stress,650,True,5,1481.6,1481.6,0.0,0.0,1.0,std_0.05,7,0.67,0.05,beta,none
City-C,T4,10x,1400.0,S1_CapRR,routine,M_routine,650,True,2,1439.5,1039.4,360.6,0.278,0.0,std_0.05,7,0.67,0.05,beta,none
City-C,T4,10x,1400.0,S1_CapRR,cross_regime,M_stress,650,True,2,1439.5,682.3,717.7,0.526,0.0,std_0.05,7,0.67,0.05,beta,none
City-C,T4,10x,1400.0,S2_Platform,routine,M_routine,650,True,4,1425.4,1578.3,0.0,0.0,1.0,std_0.05,7,0.67,0.05,beta,none
City-C,T4,10x,1400.0,S2_Platform,cross_regime,M_stress,650,True,4,1425.4,1016.1,383.9,0.2872,0.0,std_0.05,7,0.67,0.05,beta,none
City-C,T4,10x,1400.0,S3_Lin4,routine,M_routine,650,True,4,1600.2,1849.7,0.0,0.0,1.0,std_0.05,7,0.67,0.05,beta,none
City-C,T4,10x,1400.0,S3_Lin4,cross_regime,M_stress,650,True,4,1600.2,1175.8,224.2,0.2652,0.0,std_0.05,7,0.67,0.05,beta,none
City-C,T4,10x,1400.0,S4_GlobalCalib,routine,M_routine,650,True,4,1776.6,1909.7,0.0,0.0,1.0,std_0.05,7,0.67,0.05,beta,none
City-C,T4,10x,1400.0,S4_GlobalCalib,cross_regime,M_stress,650,True,4,1776.6,1227.9,172.1,0.3089,0.0,std_0.05,7,0.67,0.05,beta,none
City-C,T4,10x,1400.0,S5_CityCalib,routine,M_routine,650,True,4,1778.3,1909.7,0.0,0.0,1.0,std_0.05,7,0.67,0.05,beta,none
City-C,T4,10x,1400.0,S5_CityCalib,cross_regime,M_stress,650,True,4,1778.3,1227.9,172.1,0.3095,0.0,std_0.05,7,0.67,0.05,beta,none
City-C,T4,10x,1400.0,S6_Q10,routine,M_routine,650,True,4,1601.5,1909.7,0.0,0.0,1.0,std_0.05,7,0.67,0.05,beta,none
City-C,T4,10x,1400.0,S6_Q10,cross_regime,M_stress,650,True,4,1601.5,1227.9,172.1,0.2333,0.0,std_0.05,7,0.67,0.05,beta,none
City-C,T5,1x,160.0,S0a_RoutineOracle,routine,M_routine,650,True,1,459.6,459.6,0.0,0.0,1.0,std_0.05,7,0.67,0.05,beta,none
City-C,T5,1x,160.0,S0a_RoutineOracle,cross_regime,M_stress,650,True,1,459.6,270.0,0.0,0.4126,1.0,std_0.05,7,0.67,0.05,beta,none
City-C,T5,1x,160.0,S0b_StressOracle,routine,M_routine,650,True,1,277.6,362.1,0.0,0.0,1.0,std_0.05,7,0.67,0.05,beta,none
City-C,T5,1x,160.0,S0b_StressOracle,cross_regime,M_stress,650,True,1,277.6,277.6,0.0,0.0,1.0,std_0.05,7,0.67,0.05,beta,none
City-C,T5,1x,160.0,S1_CapRR,routine,M_routine,650,True,1,648.6,459.6,0.0,0.2914,1.0,std_0.05,7,0.67,0.05,beta,none
City-C,T5,1x,160.0,S1_CapRR,cross_regime,M_stress,650,True,1,648.6,270.0,0.0,0.5838,1.0,std_0.05,7,0.67,0.05,beta,none
City-C,T5,1x,160.0,S2_Platform,routine,M_routine,650,True,1,451.5,459.6,0.0,0.0,1.0,std_0.05,7,0.67,0.05,beta,none
City-C,T5,1x,160.0,S2_Platform,cross_regime,M_stress,650,True,1,451.5,270.0,0.0,0.4021,1.0,std_0.05,7,0.67,0.05,beta,none
City-C,T5,1x,160.0,S3_Lin4,routine,M_routine,650,True,1,406.9,459.6,0.0,0.0,1.0,std_0.05,7,0.67,0.05,beta,none
City-C,T5,1x,160.0,S3_Lin4,cross_regime,M_stress,650,True,1,406.9,270.0,0.0,0.3365,1.0,std_0.05,7,0.67,0.05,beta,none
City-C,T5,1x,160.0,S4_GlobalCalib,routine,M_routine,650,True,1,432.5,459.6,0.0,0.0,1.0,std_0.05,7,0.67,0.05,beta,none
City-C,T5,1x,160.0,S4_GlobalCalib,cross_regime,M_stress,650,True,1,432.5,270.0,0.0,0.3758,1.0,std_0.05,7,0.67,0.05,beta,none
City-C,T5,1x,160.0,S5_CityCalib,routine,M_routine,650,True,1,433.0,459.6,0.0,0.0,1.0,std_0.05,7,0.67,0.05,beta,none
City-C,T5,1x,160.0,S5_CityCalib,cross_regime,M_stress,650,True,1,433.0,270.0,0.0,0.3765,1.0,std_0.05,7,0.67,0.05,beta,none
City-C,T5,1x,160.0,S6_Q10,routine,M_routine,650,True,1,389.7,459.6,0.0,0.0,1.0,std_0.05,7,0.67,0.05,beta,none
City-C,T5,1x,160.0,S6_Q10,cross_regime,M_stress,650,True,1,389.7,270.0,0.0,0.3072,1.0,std_0.05,7,0.67,0.05,beta,none
City-C,T5,2x,320.0,S0a_RoutineOracle,routine,M_routine,650,True,1,459.6,459.6,0.0,0.0,1.0,std_0.05,7,0.67,0.05,beta,none
City-C,T5,2x,320.0,S0a_RoutineOracle,cross_regime,M_stress,650,True,1,459.6,270.0,50.0,0.4126,0.0,std_0.05,7,0.67,0.05,beta,none
City-C,T5,2x,320.0,S0b_StressOracle,routine,M_routine,650,True,2,550.4,785.7,0.0,0.0,1.0,std_0.05,7,0.67,0.05,beta,none
City-C,T5,2x,320.0,S0b_StressOracle,cross_regime,M_stress,650,True,2,550.4,550.4,0.0,0.0,1.0,std_0.05,7,0.67,0.05,beta,none
City-C,T5,2x,320.0,S1_CapRR,routine,M_routine,650,True,1,648.6,459.6,0.0,0.2914,1.0,std_0.05,7,0.67,0.05,beta,none
City-C,T5,2x,320.0,S1_CapRR,cross_regime,M_stress,650,True,1,648.6,270.0,50.0,0.5838,0.0,std_0.05,7,0.67,0.05,beta,none
City-C,T5,2x,320.0,S2_Platform,routine,M_routine,650,True,1,451.5,459.6,0.0,0.0,1.0,std_0.05,7,0.67,0.05,beta,none
City-C,T5,2x,320.0,S2_Platform,cross_regime,M_stress,650,True,1,451.5,270.0,50.0,0.4021,0.0,std_0.05,7,0.67,0.05,beta,none
City-C,T5,2x,320.0,S3_Lin4,routine,M_routine,650,True,1,406.9,459.6,0.0,0.0,1.0,std_0.05,7,0.67,0.05,beta,none
City-C,T5,2x,320.0,S3_Lin4,cross_regime,M_stress,650,True,1,406.9,270.0,50.0,0.3365,0.0,std_0.05,7,0.67,0.05,beta,none
City-C,T5,2x,320.0,S4_GlobalCalib,routine,M_routine,650,True,1,432.5,459.6,0.0,0.0,1.0,std_0.05,7,0.67,0.05,beta,none
City-C,T5,2x,320.0,S4_GlobalCalib,cross_regime,M_stress,650,True,1,432.5,270.0,50.0,0.3758,0.0,std_0.05,7,0.67,0.05,beta,none
City-C,T5,2x,320.0,S5_CityCalib,routine,M_routine,650,True,1,433.0,459.6,0.0,0.0,1.0,std_0.05,7,0.67,0.05,beta,none
City-C,T5,2x,320.0,S5_CityCalib,cross_regime,M_stress,650,True,1,433.0,270.0,50.0,0.3765,0.0,std_0.05,7,0.67,0.05,beta,none
City-C,T5,2x,320.0,S6_Q10,routine,M_routine,650,True,1,389.7,459.6,0.0,0.0,1.0,std_0.05,7,0.67,0.05,beta,none
City-C,T5,2x,320.0,S6_Q10,cross_regime,M_stress,650,True,1,389.7,270.0,50.0,0.3072,0.0,std_0.05,7,0.67,0.05,beta,none
City-C,T5,5x,800.0,S0a_RoutineOracle,routine,M_routine,650,True,2,883.2,883.2,0.0,0.0,1.0,std_0.05,7,0.67,0.05,beta,none
City-C,T5,5x,800.0,S0a_RoutineOracle,cross_regime,M_stress,650,True,2,883.2,542.8,257.2,0.3854,0.0,std_0.05,7,0.67,0.05,beta,none
City-C,T5,5x,800.0,S0b_StressOracle,routine,M_routine,650,True,3,820.4,1245.3,0.0,0.0,1.0,std_0.05,7,0.67,0.05,beta,none
City-C,T5,5x,800.0,S0b_StressOracle,cross_regime,M_stress,650,True,3,820.4,820.4,0.0,0.0,1.0,std_0.05,7,0.67,0.05,beta,none
City-C,T5,5x,800.0,S1_CapRR,routine,M_routine,650,True,2,1266.8,883.2,0.0,0.3029,1.0,std_0.05,7,0.67,0.05,beta,none
City-C,T5,5x,800.0,S1_CapRR,cross_regime,M_stress,650,True,2,1266.8,542.8,257.2,0.5715,0.0,std_0.05,7,0.67,0.05,beta,none
City-C,T5,5x,800.0,S2_Platform,routine,M_routine,650,True,2,882.9,856.2,0.0,0.0302,1.0,std_0.05,7,0.67,0.05,beta,none
City-C,T5,5x,800.0,S2_Platform,cross_regime,M_stress,650,True,2,882.9,471.3,328.7,0.4662,0.0,std_0.05,7,0.67,0.05,beta,none
City-C,T5,5x,800.0,S3_Lin4,routine,M_routine,650,True,3,1180.7,1245.3,0.0,0.0,1.0,std_0.05,7,0.67,0.05,beta,none
City-C,T5,5x,800.0,S3_Lin4,cross_regime,M_stress,650,True,3,1180.7,820.4,0.0,0.3052,1.0,std_0.05,7,0.67,0.05,beta,none
City-C,T5,5x,800.0,S4_GlobalCalib,routine,M_routine,650,True,2,844.7,883.2,0.0,0.0,1.0,std_0.05,7,0.67,0.05,beta,none
City-C,T5,5x,800.0,S4_GlobalCalib,cross_regime,M_stress,650,True,2,844.7,542.8,257.2,0.3574,0.0,std_0.05,7,0.67,0.05,beta,none
City-C,T5,5x,800.0,S5_CityCalib,routine,M_routine,650,True,2,845.6,883.2,0.0,0.0,1.0,std_0.05,7,0.67,0.05,beta,none
City-C,T5,5x,800.0,S5_CityCalib,cross_regime,M_stress,650,True,2,845.6,542.8,257.2,0.3581,0.0,std_0.05,7,0.67,0.05,beta,none
City-C,T5,5x,800.0,S6_Q10,routine,M_routine,650,True,3,1100.2,1245.3,0.0,0.0,1.0,std_0.05,7,0.67,0.05,beta,none
City-C,T5,5x,800.0,S6_Q10,cross_regime,M_stress,650,True,3,1100.2,820.4,0.0,0.2544,1.0,std_0.05,7,0.67,0.05,beta,none
City-C,T5,10x,1600.0,S0a_RoutineOracle,routine,M_routine,650,True,4,1641.9,1641.9,0.0,0.0,1.0,std_0.05,7,0.67,0.05,beta,none
City-C,T5,10x,1600.0,S0a_RoutineOracle,cross_regime,M_stress,650,True,4,1641.9,1021.8,578.2,0.3777,0.0,std_0.05,7,0.67,0.05,beta,none
City-C,T5,10x,1600.0,S0b_StressOracle,routine,M_routine,650,True,7,1737.3,2421.6,0.0,0.0,1.0,std_0.05,7,0.67,0.05,beta,none
City-C,T5,10x,1600.0,S0b_StressOracle,cross_regime,M_stress,650,True,7,1737.3,1737.3,0.0,0.0,1.0,std_0.05,7,0.67,0.05,beta,none
City-C,T5,10x,1600.0,S1_CapRR,routine,M_routine,650,True,3,1831.4,1245.3,354.7,0.3201,0.0,std_0.05,7,0.67,0.05,beta,none
City-C,T5,10x,1600.0,S1_CapRR,cross_regime,M_stress,650,True,3,1831.4,820.4,779.6,0.5521,0.0,std_0.05,7,0.67,0.05,beta,none
City-C,T5,10x,1600.0,S2_Platform,routine,M_routine,650,True,4,1670.1,1495.4,104.6,0.1046,0.0,std_0.05,7,0.67,0.05,beta,none
City-C,T5,10x,1600.0,S2_Platform,cross_regime,M_stress,650,True,4,1670.1,903.5,696.5,0.459,0.0,std_0.05,7,0.67,0.05,beta,none
City-C,T5,10x,1600.0,S3_Lin4,routine,M_routine,650,True,5,1930.8,1870.6,0.0,0.0312,1.0,std_0.05,7,0.67,0.05,beta,none
City-C,T5,10x,1600.0,S3_Lin4,cross_regime,M_stress,650,True,5,1930.8,1244.6,355.4,0.3554,0.0,std_0.05,7,0.67,0.05,beta,none
City-C,T5,10x,1600.0,S4_GlobalCalib,routine,M_routine,650,True,5,1904.6,1931.1,0.0,0.0,1.0,std_0.05,7,0.67,0.05,beta,none
City-C,T5,10x,1600.0,S4_GlobalCalib,cross_regime,M_stress,650,True,5,1904.6,1245.6,354.4,0.346,0.0,std_0.05,7,0.67,0.05,beta,none
City-C,T5,10x,1600.0,S5_CityCalib,routine,M_routine,650,True,5,1906.7,1931.1,0.0,0.0,1.0,std_0.05,7,0.67,0.05,beta,none
City-C,T5,10x,1600.0,S5_CityCalib,cross_regime,M_stress,650,True,5,1906.7,1245.6,354.4,0.3467,0.0,std_0.05,7,0.67,0.05,beta,none
City-C,T5,10x,1600.0,S6_Q10,routine,M_routine,650,True,5,1715.9,1931.1,0.0,0.0,1.0,std_0.05,7,0.67,0.05,beta,none
City-C,T5,10x,1600.0,S6_Q10,cross_regime,M_stress,650,True,5,1715.9,1245.6,354.4,0.2741,0.0,std_0.05,7,0.67,0.05,beta,none
