city,task_id,p_req_level,p_req,strategy,regime,eval_outcome,pool_size,pool_feasible,n_selected,p_commit,p_deliv,shortfall,ocr,success,config_name,seed_id,xi_mean,xi_std,xi_dist,xi_persistence
City-A,T1,1x,180.0,S0a_RoutineOracle,routine,M_routine,800,True,1,559.6,559.6,0.0,0.0,1.0,mean_0.75,4,0.75,0.15,beta,none
City-A,T1,1x,180.0,S0a_RoutineOracle,cross_regime,M_stress,800,True,1,559.6,337.8,0.0,0.3964,1.0,mean_0.75,4,0.75,0.15,beta,none
City-A,T1,1x,180.0,S0b_StressOracle,routine,M_routine,800,True,1,358.4,441.3,0.0,0.0,1.0,mean_0.75,4,0.75,0.15,beta,none
City-A,T1,1x,180.0,S0b_StressOracle,cross_regime,M_stress,800,True,1,358.4,358.4,0.0,0.0,1.0,mean_0.75,4,0.75,0.15,beta,none
City-A,T1,1x,180.0,S1_CapRR,routine,M_routine,800,True,1,678.2,463.2,0.0,0.317,1.0,mean_0.75,4,0.75,0.15,beta,none
City-A,T1,1x,180.0,S1_CapRR,cross_regime,M_stress,800,True,1,678.2,290.9,0.0,0.571,1.0,mean_0.75,4,0.75,0.15,beta,none
City-A,T1,1x,180.0,S2_Platform,routine,M_routine,800,True,1,421.1,463.2,0.0,0.0,1.0,mean_0.75,4,0.75,0.15,beta,none
City-A,T1,1x,180.0,S2_Platform,cross_regime,M_stress,800,True,1,421.1,290.9,0.0,0.3091,1.0,mean_0.75,4,0.75,0.15,beta,none
City-A,T1,1x,180.0,S3_Lin4,routine,M_routine,800,True,1,546.8,463.2,0.0,0.1529,1.0,mean_0.75,4,0.75,0.15,beta,none
City-A,T1,1x,180.0,S3_Lin4,cross_regime,M_stress,800,True,1,546.8,290.9,0.0,0.4679,1.0,mean_0.75,4,0.75,0.15,beta,none
City-A,T1,1x,180.0,S4_GlobalCalib,routine,M_routine,800,True,1,506.6,463.2,0.0,0.0857,1.0,mean_0.75,4,0.75,0.15,beta,none
City-A,T1,1x,180.0,S4_GlobalCalib,cross_regime,M_stress,800,True,1,506.6,290.9,0.0,0.4258,1.0,mean_0.75,4,0.75,0.15,beta,none
City-A,T1,1x,180.0,S5_CityCalib,routine,M_routine,800,True,1,504.6,463.2,0.0,0.082,1.0,mean_0.75,4,0.75,0.15,beta,none
City-A,T1,1x,180.0,S5_CityCalib,cross_regime,M_stress,800,True,1,504.6,290.9,0.0,0.4234,1.0,mean_0.75,4,0.75,0.15,beta,none
City-A,T1,1x,180.0,S6_Q10,routine,M_routine,800,True,1,366.0,463.2,0.0,0.0,1.0,mean_0.75,4,0.75,0.15,beta,none
City-A,T1,1x,180.0,S6_Q10,cross_regime,M_stress,800,True,1,366.0,290.9,0.0,0.205,1.0,mean_0.75,4,0.75,0.15,beta,none
City-A,T1,2x,360.0,S0a_RoutineOracle,routine,M_routine,800,True,1,559.6,559.6,0.0,0.0,1.0,mean_0.75,4,0.75,0.15,beta,none
City-A,T1,2x,360.0,S0a_RoutineOracle,cross_regime,M_stress,800,True,1,559.6,337.8,22.2,0.3964,0.0,mean_0.75,4,0.75,0.15,beta,none
City-A,T1,2x,360.0,S0b_StressOracle,routine,M_routine,800,True,2,696.2,1000.9,0.0,0.0,1.0,mean_0.75,4,0.75,0.15,beta,none
City-A,T1,2x,360.0,S0b_StressOracle,cross_regime,M_stress,800,True,2,696.2,696.2,0.0,0.0,1.0,mean_0.75,4,0.75,0.15,beta,none
City-A,T1,2x,360.0,S1_CapRR,routine,M_routine,800,True,1,678.2,463.2,0.0,0.317,1.0,mean_0.75,4,0.75,0.15,beta,none
City-A,T1,2x,360.0,S1_CapRR,cross_regime,M_stress,800,True,1,678.2,290.9,69.1,0.571,0.0,mean_0.75,4,0.75,0.15,beta,none
City-A,T1,2x,360.0,S2_Platform,routine,M_routine,800,True,1,421.1,463.2,0.0,0.0,1.0,mean_0.75,4,0.75,0.15,beta,none
City-A,T1,2x,360.0,S2_Platform,cross_regime,M_stress,800,True,1,421.1,290.9,69.1,0.3091,0.0,mean_0.75,4,0.75,0.15,beta,none
City-A,T1,2x,360.0,S3_Lin4,routine,M_routine,800,True,1,546.8,463.2,0.0,0.1529,1.0,mean_0.75,4,0.75,0.15,beta,none
City-A,T1,2x,360.0,S3_Lin4,cross_regime,M_stress,800,True,1,546.8,290.9,69.1,0.4679,0.0,mean_0.75,4,0.75,0.15,beta,none
City-A,T1,2x,360.0,S4_GlobalCalib,routine,M_routine,800,True,1,506.6,463.2,0.0,0.0857,1.0,mean_0.75,4,0.75,0.15,beta,none
City-A,T1,2x,360.0,S4_GlobalCalib,cross_regime,M_stress,800,True,1,506.6,290.9,69.1,0.4258,0.0,mean_0.75,4,0.75,0.15,beta,none
City-A,T1,2x,360.0,S5_CityCalib,routine,M_routine,800,True,1,504.6,463.2,0.0,0.082,1.0,mean_0.75,4,0.75,0.15,beta,none
City-A,T1,2x,360.0,S5_CityCalib,cross_regime,M_stress,800,True,1,504.6,290.9,69.1,0.4234,0.0,mean_0.75,4,0.75,0.15,beta,none
City-A,T1,2x,360.0,S6_Q10,routine,M_routine,800,True,1,366.0,463.2,0.0,0.0,1.0,mean_0.75,4,0.75,0.15,beta,none
City-A,T1,2x,360.0,S6_Q10,cross_regime,M_stress,800,True,1,366.0,290.9,69.1,0.205,0.0,mean_0.75,4,0.75,0.15,beta,none
City-A,T1,5x,900.0,S0a_RoutineOracle,routine,M_routine,800,True,2,1049.9,1049.9,0.0,0.0,1.0,mean_0.75,4,0.75,0.15,beta,none
City-A,T1,5x,900.0,S0a_RoutineOracle,cross_regime,M_stress,800,True,2,1049.9,591.5,308.5,0.4366,0.0,mean_0.75,4,0.75,0.15,beta,none
City-A,T1,5x,900.0,S0b_StressOracle,routine,M_routine,800,True,3,1023.6,1446.7,0.0,0.0,1.0,mean_0.75,4,0.75,0.15,beta,none
City-A,T1,5x,900.0,S0b_StressOracle,cross_regime,M_stress,800,True,3,1023.6,1023.6,0.0,0.0,1.0,mean_0.75,4,0.75,0.15,beta,none
City-A,T1,5x,900.0,S1_CapRR,routine,M_routine,800,True,2,1293.4,1022.8,0.0,0.2092,1.0,mean_0.75,4,0.75,0.15,beta,none
City-A,T1,5x,900.0,S1_CapRR,cross_regime,M_stress,800,True,2,1293.4,628.7,271.3,0.5139,0.0,mean_0.75,4,0.75,0.15,beta,none
City-A,T1,5x,900.0,S2_Platform,routine,M_routine,800,True,3,1202.1,1247.0,0.0,0.0,1.0,mean_0.75,4,0.75,0.15,beta,none
City-A,T1,5x,900.0,S2_Platform,cross_regime,M_stress,800,True,3,1202.1,842.1,57.9,0.2994,0.0,mean_0.75,4,0.75,0.15,beta,none
City-A,T1,5x,900.0,S3_Lin4,routine,M_routine,800,True,2,978.6,904.5,0.0,0.0757,1.0,mean_0.75,4,0.75,0.15,beta,none
City-A,T1,5x,900.0,S3_Lin4,cross_regime,M_stress,800,True,2,978.6,649.3,250.7,0.3365,0.0,mean_0.75,4,0.75,0.15,beta,none
City-A,T1,5x,900.0,S4_GlobalCalib,routine,M_routine,800,True,2,966.2,1022.8,0.0,0.0,1.0,mean_0.75,4,0.75,0.15,beta,none
City-A,T1,5x,900.0,S4_GlobalCalib,cross_regime,M_stress,800,True,2,966.2,628.7,271.3,0.3493,0.0,mean_0.75,4,0.75,0.15,beta,none
City-A,T1,5x,900.0,S5_CityCalib,routine,M_routine,800,True,2,962.4,1022.8,0.0,0.0,1.0,mean_0.75,4,0.75,0.15,beta,none
City-A,T1,5x,900.0,S5_CityCalib,cross_regime,M_stress,800,True,2,962.4,628.7,271.3,0.3467,0.0,mean_0.75,4,0.75,0.15,beta,none
City-A,T1,5x,900.0,S6_Q10,routine,M_routine,800,True,3,1019.7,1464.1,0.0,0.0,1.0,mean_0.75,4,0.75,0.15,beta,none
City-A,T1,5x,900.0,S6_Q10,cross_regime,M_stress,800,True,3,1019.7,987.1,0.0,0.032,1.0,mean_0.75,4,0.75,0.15,beta,none
City-A,T1,10x,1800.0,S0a_RoutineOracle,routine,M_routine,800,True,4,1980.7,1980.7,0.0,0.0,1.0,mean_0.75,4,0.75,0.15,beta,none
City-A,T1,10x,1800.0,S0a_RoutineOracle,cross_regime,M_stress,800,True,4,1980.7,1171.3,628.7,0.4086,0.0,mean_0.75,4,0.75,0.15,beta,none
City-A,T1,10x,1800.0,S0b_StressOracle,routine,M_routine,800,True,6,1916.0,2514.0,0.0,0.0,1.0,mean_0.75,4,0.75,0.15,beta,none
City-A,T1,10x,1800.0,S0b_StressOracle,cross_regime,M_stress,800,True,6,1916.0,1916.0,0.0,0.0,1.0,mean_0.75,4,0.75,0.15,beta,none
City-A,T1,10x,1800.0,S1_CapRR,routine,M_routine,800,True,3,1889.7,1464.1,335.9,0.2252,0.0,mean_0.75,4,0.75,0.15,beta,none
City-A,T1,10x,1800.0,S1_CapRR,cross_regime,M_stress,800,True,3,1889.7,987.1,812.9,0.4776,0.0,mean_0.75,4,0.75,0.15,beta,none
City-A,T1,10x,1800.0,S2_Platform,routine,M_routine,800,True,5,1914.5,1857.5,0.0,0.0298,1.0,mean_0.75,4,0.75,0.15,beta,none
City-A,T1,10x,1800.0,S2_Platform,cross_regime,M_stress,800,True,5,1914.5,1371.8,428.2,0.2834,0.0,mean_0.75,4,0.75,0.15,beta,none
City-A,T1,10x,1800.0,S3_Lin4,routine,M_routine,800,True,4,1808.6,1902.5,0.0,0.0,1.0,mean_0.75,4,0.75,0.15,beta,none
City-A,T1,10x,1800.0,S3_Lin4,cross_regime,M_stress,800,True,4,1808.6,1248.9,551.1,0.3095,0.0,mean_0.75,4,0.75,0.15,beta,none
City-A,T1,10x,1800.0,S4_GlobalCalib,routine,M_routine,800,True,4,1846.6,1909.9,0.0,0.0,1.0,mean_0.75,4,0.75,0.15,beta,none
City-A,T1,10x,1800.0,S4_GlobalCalib,cross_regime,M_stress,800,True,4,1846.6,1314.5,485.5,0.2882,0.0,mean_0.75,4,0.75,0.15,beta,none
City-A,T1,10x,1800.0,S5_CityCalib,routine,M_routine,800,True,4,1839.4,1909.9,0.0,0.0,1.0,mean_0.75,4,0.75,0.15,beta,none
City-A,T1,10x,1800.0,S5_CityCalib,cross_regime,M_stress,800,True,4,1839.4,1314.5,485.5,0.2854,0.0,mean_0.75,4,0.75,0.15,beta,none
City-A,T1,10x,1800.0,S6_Q10,routine,M_routine,800,True,6,1924.6,2783.9,0.0,0.0,1.0,mean_0.75,4,0.75,0.15,beta,none
City-A,T1,10x,1800.0,S6_Q10,cross_regime,M_stress,800,True,6,1924.6,1802.1,0.0,0.0637,1.0,mean_0.75,4,0.75,0.15,beta,none
City-A,T2,1x,260.0,S0a_RoutineOracle,routine,M_routine,800,True,1,532.6,532.6,0.0,0.0,1.0,mean_0.75,4,0.75,0.15,beta,none
City-A,T2,1x,260.0,S0a_RoutineOracle,cross_regime,M_stress,800,True,1,532.6,277.1,0.0,0.4797,1.0,mean_0.75,4,0.75,0.15,beta,none
City-A,T2,1x,260.0,S0b_StressOracle,routine,M_routine,800,True,1,395.9,506.9,0.0,0.0,1.0,mean_0.75,4,0.75,0.15,beta,none
City-A,T2,1x,260.0,S0b_StressOracle,cross_regime,M_stress,800,True,1,395.9,395.9,0.0,0.0,1.0,mean_0.75,4,0.75,0.15,beta,none
City-A,T2,1x,260.0,S1_CapRR,routine,M_routine,800,True,1,678.2,506.9,0.0,0.2525,1.0,mean_0.75,4,0.75,0.15,beta,none
City-A,T2,1x,260.0,S1_CapRR,cross_regime,M_stress,800,True,1,678.2,395.9,0.0,0.4162,1.0,mean_0.75,4,0.75,0.15,beta,none
City-A,T2,1x,260.0,S2_Platform,routine,M_routine,800,True,1,441.1,506.9,0.0,0.0,1.0,mean_0.75,4,0.75,0.15,beta,none
City-A,T2,1x,260.0,S2_Platform,cross_regime,M_stress,800,True,1,441.1,395.9,0.0,0.1024,1.0,mean_0.75,4,0.75,0.15,beta,none
City-A,T2,1x,260.0,S3_Lin4,routine,M_routine,800,True,1,543.4,506.9,0.0,0.067,1.0,mean_0.75,4,0.75,0.15,beta,none
City-A,T2,1x,260.0,S3_Lin4,cross_regime,M_stress,800,True,1,543.4,395.9,0.0,0.2713,1.0,mean_0.75,4,0.75,0.15,beta,none
City-A,T2,1x,260.0,S4_GlobalCalib,routine,M_routine,800,True,1,506.5,506.9,0.0,0.0,1.0,mean_0.75,4,0.75,0.15,beta,none
City-A,T2,1x,260.0,S4_GlobalCalib,cross_regime,M_stress,800,True,1,506.5,395.9,0.0,0.2182,1.0,mean_0.75,4,0.75,0.15,beta,none
City-A,T2,1x,260.0,S5_CityCalib,routine,M_routine,800,True,1,514.3,506.9,0.0,0.0143,1.0,mean_0.75,4,0.75,0.15,beta,none
City-A,T2,1x,260.0,S5_CityCalib,cross_regime,M_stress,800,True,1,514.3,395.9,0.0,0.2301,1.0,mean_0.75,4,0.75,0.15,beta,none
City-A,T2,1x,260.0,S6_Q10,routine,M_routine,800,True,1,365.6,506.9,0.0,0.0,1.0,mean_0.75,4,0.75,0.15,beta,none
City-A,T2,1x,260.0,S6_Q10,cross_regime,M_stress,800,True,1,365.6,395.9,0.0,0.0,1.0,mean_0.75,4,0.75,0.15,beta,none
City-A,T2,2x,520.0,S0a_RoutineOracle,routine,M_routine,800,True,1,532.6,532.6,0.0,0.0,1.0,mean_0.75,4,0.75,0.15,beta,none
City-A,T2,2x,520.0,S0a_RoutineOracle,cross_regime,M_stress,800,True,1,532.6,277.1,242.9,0.4797,0.0,mean_0.75,4,0.75,0.15,beta,none
City-A,T2,2x,520.0,S0b_StressOracle,routine,M_routine,800,True,2,701.9,951.9,0.0,0.0,1.0,mean_0.75,4,0.75,0.15,beta,none
City-A,T2,2x,520.0,S0b_StressOracle,cross_regime,M_stress,800,True,2,701.9,701.9,0.0,0.0,1.0,mean_0.75,4,0.75,0.15,beta,none
City-A,T2,2x,520.0,S1_CapRR,routine,M_routine,800,True,1,678.2,506.9,13.1,0.2525,0.0,mean_0.75,4,0.75,0.15,beta,none
City-A,T2,2x,520.0,S1_CapRR,cross_regime,M_stress,800,True,1,678.2,395.9,124.1,0.4162,0.0,mean_0.75,4,0.75,0.15,beta,none
City-A,T2,2x,520.0,S2_Platform,routine,M_routine,800,True,2,849.9,1039.5,0.0,0.0,1.0,mean_0.75,4,0.75,0.15,beta,none
City-A,T2,2x,520.0,S2_Platform,cross_regime,M_stress,800,True,2,849.9,673.0,0.0,0.2081,1.0,mean_0.75,4,0.75,0.15,beta,none
City-A,T2,2x,520.0,S3_Lin4,routine,M_routine,800,True,1,543.4,506.9,13.1,0.067,0.0,mean_0.75,4,0.75,0.15,beta,none
City-A,T2,2x,520.0,S3_Lin4,cross_regime,M_stress,800,True,1,543.4,395.9,124.1,0.2713,0.0,mean_0.75,4,0.75,0.15,beta,none
City-A,T2,2x,520.0,S4_GlobalCalib,routine,M_routine,800,True,2,965.9,1039.5,0.0,0.0,1.0,mean_0.75,4,0.75,0.15,beta,none
City-A,T2,2x,520.0,S4_GlobalCalib,cross_regime,M_stress,800,True,2,965.9,673.0,0.0,0.3032,1.0,mean_0.75,4,0.75,0.15,beta,none
City-A,T2,2x,520.0,S5_CityCalib,routine,M_routine,800,True,2,980.7,1039.5,0.0,0.0,1.0,mean_0.75,4,0.75,0.15,beta,none
City-A,T2,2x,520.0,S5_CityCalib,cross_regime,M_stress,800,True,2,980.7,673.0,0.0,0.3137,1.0,mean_0.75,4,0.75,0.15,beta,none
City-A,T2,2x,520.0,S6_Q10,routine,M_routine,800,True,2,697.3,1039.5,0.0,0.0,1.0,mean_0.75,4,0.75,0.15,beta,none
City-A,T2,2x,520.0,S6_Q10,cross_regime,M_stress,800,True,2,697.3,673.0,0.0,0.0348,1.0,mean_0.75,4,0.75,0.15,beta,none
City-A,T2,5x,1300.0,S0a_RoutineOracle,routine,M_routine,800,True,3,1571.6,1571.6,0.0,0.0,1.0,mean_0.75,4,0.75,0.15,beta,none
City-A,T2,5x,1300.0,S0a_RoutineOracle,cross_regime,M_stress,800,True,3,1571.6,971.6,328.4,0.3818,0.0,mean_0.75,4,0.75,0.15,beta,none
City-A,T2,5x,1300.0,S0b_StressOracle,routine,M_routine,800,True,4,1300.6,1852.6,0.0,0.0,1.0,mean_0.75,4,0.75,0.15,beta,none
City-A,T2,5x,1300.0,S0b_StressOracle,cross_regime,M_stress,800,True,4,1300.6,1300.6,0.0,0.0,1.0,mean_0.75,4,0.75,0.15,beta,none
City-A,T2,5x,1300.0,S1_CapRR,routine,M_routine,800,True,3,1889.7,1571.6,0.0,0.1683,1.0,mean_0.75,4,0.75,0.15,beta,none
City-A,T2,5x,1300.0,S1_CapRR,cross_regime,M_stress,800,True,3,1889.7,971.6,328.4,0.4858,0.0,mean_0.75,4,0.75,0.15,beta,none
City-A,T2,5x,1300.0,S2_Platform,routine,M_routine,800,True,4,1596.5,1825.1,0.0,0.0,1.0,mean_0.75,4,0.75,0.15,beta,none
City-A,T2,5x,1300.0,S2_Platform,cross_regime,M_stress,800,True,4,1596.5,1157.2,142.8,0.2751,0.0,mean_0.75,4,0.75,0.15,beta,none
City-A,T2,5x,1300.0,S3_Lin4,routine,M_routine,800,True,3,1392.6,1494.1,0.0,0.0,1.0,mean_0.75,4,0.75,0.15,beta,none
City-A,T2,5x,1300.0,S3_Lin4,cross_regime,M_stress,800,True,3,1392.6,967.6,332.4,0.3052,0.0,mean_0.75,4,0.75,0.15,beta,none
City-A,T2,5x,1300.0,S4_GlobalCalib,routine,M_routine,800,True,3,1411.2,1571.6,0.0,0.0,1.0,mean_0.75,4,0.75,0.15,beta,none
City-A,T2,5x,1300.0,S4_GlobalCalib,cross_regime,M_stress,800,True,3,1411.2,971.6,328.4,0.3115,0.0,mean_0.75,4,0.75,0.15,beta,none
City-A,T2,5x,1300.0,S5_CityCalib,routine,M_routine,800,True,3,1432.7,1571.6,0.0,0.0,1.0,mean_0.75,4,0.75,0.15,beta,none
City-A,T2,5x,1300.0,S5_CityCalib,cross_regime,M_stress,800,True,3,1432.7,971.6,328.4,0.3218,0.0,mean_0.75,4,0.75,0.15,beta,none
City-A,T2,5x,1300.0,S6_Q10,routine,M_routine,800,True,4,1332.7,1940.3,0.0,0.0,1.0,mean_0.75,4,0.75,0.15,beta,none
City-A,T2,5x,1300.0,S6_Q10,cross_regime,M_stress,800,True,4,1332.7,1271.7,28.3,0.0458,0.0,mean_0.75,4,0.75,0.15,beta,none
City-A,T2,10x,2600.0,S0a_RoutineOracle,routine,M_routine,800,True,6,2899.8,2899.8,0.0,0.0,1.0,mean_0.75,4,0.75,0.15,beta,none
City-A,T2,10x,2600.0,S0a_RoutineOracle,cross_regime,M_stress,800,True,6,2899.8,1784.5,815.5,0.3846,0.0,mean_0.75,4,0.75,0.15,beta,none
City-A,T2,10x,2600.0,S0b_StressOracle,routine,M_routine,800,True,9,2740.8,3580.4,0.0,0.0,1.0,mean_0.75,4,0.75,0.15,beta,none
City-A,T2,10x,2600.0,S0b_StressOracle,cross_regime,M_stress,800,True,9,2740.8,2740.8,0.0,0.0,1.0,mean_0.75,4,0.75,0.15,beta,none
City-A,T2,10x,2600.0,S1_CapRR,routine,M_routine,800,True,5,3037.3,2324.5,275.5,0.2347,0.0,mean_0.75,4,0.75,0.15,beta,none
City-A,T2,10x,2600.0,S1_CapRR,cross_regime,M_stress,800,True,5,3037.3,1558.3,1041.7,0.487,0.0,mean_0.75,4,0.75,0.15,beta,none
City-A,T2,10x,2600.0,S2_Platform,routine,M_routine,800,True,7,2630.1,2810.6,0.0,0.0,1.0,mean_0.75,4,0.75,0.15,beta,none
City-A,T2,10x,2600.0,S2_Platform,cross_regime,M_stress,800,True,7,2630.1,2001.7,598.3,0.2389,0.0,mean_0.75,4,0.75,0.15,beta,none
City-A,T2,10x,2600.0,S3_Lin4,routine,M_routine,800,True,7,2966.8,3175.4,0.0,0.0,1.0,mean_0.75,4,0.75,0.15,beta,none
City-A,T2,10x,2600.0,S3_Lin4,cross_regime,M_stress,800,True,7,2966.8,2124.8,475.2,0.2838,0.0,mean_0.75,4,0.75,0.15,beta,none
City-A,T2,10x,2600.0,S4_GlobalCalib,routine,M_routine,800,True,6,2663.6,2779.6,0.0,0.0,1.0,mean_0.75,4,0.75,0.15,beta,none
City-A,T2,10x,2600.0,S4_GlobalCalib,cross_regime,M_stress,800,True,6,2663.6,1831.3,768.7,0.3125,0.0,mean_0.75,4,0.75,0.15,beta,none
City-A,T2,10x,2600.0,S5_CityCalib,routine,M_routine,800,True,6,2703.5,2779.6,0.0,0.0,1.0,mean_0.75,4,0.75,0.15,beta,none
City-A,T2,10x,2600.0,S5_CityCalib,cross_regime,M_stress,800,True,6,2703.5,1831.3,768.7,0.3226,0.0,mean_0.75,4,0.75,0.15,beta,none
City-A,T2,10x,2600.0,S6_Q10,routine,M_routine,800,True,9,2756.9,3929.3,0.0,0.0,1.0,mean_0.75,4,0.75,0.15,beta,none
City-A,T2,10x,2600.0,S6_Q10,cross_regime,M_stress,800,True,9,2756.9,2460.3,139.7,0.1076,0.0,mean_0.75,4,0.75,0.15,beta,none
City-A,T3,1x,200.0,S0a_RoutineOracle,routine,M_routine,800,True,1,533.1,533.1,0.0,0.0,1.0,mean_0.75,4,0.75,0.15,beta,none
City-A,T3,1x,200.0,S0a_RoutineOracle,cross_regime,M_stress,800,True,1,533.1,315.2,0.0,0.4088,1.0,mean_0.75,4,0.75,0.15,beta,none
City-A,T3,1x,200.0,S0b_StressOracle,routine,M_routine,800,True,1,331.0,465.4,0.0,0.0,1.0,mean_0.75,4,0.75,0.15,beta,none
City-A,T3,1x,200.0,S0b_StressOracle,cross_regime,M_stress,800,True,1,331.0,331.0,0.0,0.0,1.0,mean_0.75,4,0.75,0.15,beta,none
City-A,T3,1x,200.0,S1_CapRR,routine,M_routine,800,True,1,596.8,533.1,0.0,0.1067,1.0,mean_0.75,4,0.75,0.15,beta,none
City-A,T3,1x,200.0,S1_CapRR,cross_regime,M_stress,800,True,1,596.8,315.2,0.0,0.4718,1.0,mean_0.75,4,0.75,0.15,beta,none
City-A,T3,1x,200.0,S2_Platform,routine,M_routine,800,True,1,470.7,533.1,0.0,0.0,1.0,mean_0.75,4,0.75,0.15,beta,none
City-A,T3,1x,200.0,S2_Platform,cross_regime,M_stress,800,True,1,470.7,315.2,0.0,0.3303,1.0,mean_0.75,4,0.75,0.15,beta,none
City-A,T3,1x,200.0,S3_Lin4,routine,M_routine,800,True,1,541.8,533.1,0.0,0.016,1.0,mean_0.75,4,0.75,0.15,beta,none
City-A,T3,1x,200.0,S3_Lin4,cross_regime,M_stress,800,True,1,541.8,315.2,0.0,0.4183,1.0,mean_0.75,4,0.75,0.15,beta,none
City-A,T3,1x,200.0,S4_GlobalCalib,routine,M_routine,800,True,1,443.6,533.1,0.0,0.0,1.0,mean_0.75,4,0.75,0.15,beta,none
City-A,T3,1x,200.0,S4_GlobalCalib,cross_regime,M_stress,800,True,1,443.6,315.2,0.0,0.2894,1.0,mean_0.75,4,0.75,0.15,beta,none
City-A,T3,1x,200.0,S5_CityCalib,routine,M_routine,800,True,1,446.0,533.1,0.0,0.0,1.0,mean_0.75,4,0.75,0.15,beta,none
City-A,T3,1x,200.0,S5_CityCalib,cross_regime,M_stress,800,True,1,446.0,315.2,0.0,0.2933,1.0,mean_0.75,4,0.75,0.15,beta,none
City-A,T3,1x,200.0,S6_Q10,routine,M_routine,800,True,1,320.4,533.1,0.0,0.0,1.0,mean_0.75,4,0.75,0.15,beta,none
City-A,T3,1x,200.0,S6_Q10,cross_regime,M_stress,800,True,1,320.4,315.2,0.0,0.0163,1.0,mean_0.75,4,0.75,0.15,beta,none
City-A,T3,2x,400.0,S0a_RoutineOracle,routine,M_routine,800,True,1,533.1,533.1,0.0,0.0,1.0,mean_0.75,4,0.75,0.15,beta,none
City-A,T3,2x,400.0,S0a_RoutineOracle,cross_regime,M_stress,800,True,1,533.1,315.2,84.8,0.4088,0.0,mean_0.75,4,0.75,0.15,beta,none
City-A,T3,2x,400.0,S0b_StressOracle,routine,M_routine,800,True,2,646.2,998.5,0.0,0.0,1.0,mean_0.75,4,0.75,0.15,beta,none
City-A,T3,2x,400.0,S0b_StressOracle,cross_regime,M_stress,800,True,2,646.2,646.2,0.0,0.0,1.0,mean_0.75,4,0.75,0.15,beta,none
City-A,T3,2x,400.0,S1_CapRR,routine,M_routine,800,True,1,596.8,533.1,0.0,0.1067,1.0,mean_0.75,4,0.75,0.15,beta,none
City-A,T3,2x,400.0,S1_CapRR,cross_regime,M_stress,800,True,1,596.8,315.2,84.8,0.4718,0.0,mean_0.75,4,0.75,0.15,beta,none
City-A,T3,2x,400.0,S2_Platform,routine,M_routine,800,True,1,470.7,533.1,0.0,0.0,1.0,mean_0.75,4,0.75,0.15,beta,none
City-A,T3,2x,400.0,S2_Platform,cross_regime,M_stress,800,True,1,470.7,315.2,84.8,0.3303,0.0,mean_0.75,4,0.75,0.15,beta,none
City-A,T3,2x,400.0,S3_Lin4,routine,M_routine,800,True,1,541.8,533.1,0.0,0.016,1.0,mean_0.75,4,0.75,0.15,beta,none
City-A,T3,2x,400.0,S3_Lin4,cross_regime,M_stress,800,True,1,541.8,315.2,84.8,0.4183,0.0,mean_0.75,4,0.75,0.15,beta,none
City-A,T3,2x,400.0,S4_GlobalCalib,routine,M_routine,800,True,1,443.6,533.1,0.0,0.0,1.0,mean_0.75,4,0.75,0.15,beta,none
City-A,T3,2x,400.0,S4_GlobalCalib,cross_regime,M_stress,800,True,1,443.6,315.2,84.8,0.2894,0.0,mean_0.75,4,0.75,0.15,beta,none
City-A,T3,2x,400.0,S5_CityCalib,routine,M_routine,800,True,1,446.0,533.1,0.0,0.0,1.0,mean_0.75,4,0.75,0.15,beta,none
City-A,T3,2x,400.0,S5_CityCalib,cross_regime,M_stress,800,True,1,446.0,315.2,84.8,0.2933,0.0,mean_0.75,4,0.75,0.15,beta,none
City-A,T3,2x,400.0,S6_Q10,routine,M_routine,800,True,2,611.1,931.6,0.0,0.0,1.0,mean_0.75,4,0.75,0.15,beta,none
City-A,T3,2x,400.0,S6_Q10,cross_regime,M_stress,800,True,2,611.1,505.9,0.0,0.1721,1.0,mean_0.75,4,0.75,0.15,beta,none
City-A,T3,5x,1000.0,S0a_RoutineOracle,routine,M_routine,800,True,3,1429.6,1429.6,0.0,0.0,1.0,mean_0.75,4,0.75,0.15,beta,none
City-A,T3,5x,1000.0,S0a_RoutineOracle,cross_regime,M_stress,800,True,3,1429.6,854.3,145.7,0.4024,0.0,mean_0.75,4,0.75,0.15,beta,none
City-A,T3,5x,1000.0,S0b_StressOracle,routine,M_routine,800,True,4,1201.6,1663.6,0.0,0.0,1.0,mean_0.75,4,0.75,0.15,beta,none
City-A,T3,5x,1000.0,S0b_StressOracle,cross_regime,M_stress,800,True,4,1201.6,1201.6,0.0,0.0,1.0,mean_0.75,4,0.75,0.15,beta,none
City-A,T3,5x,1000.0,S1_CapRR,routine,M_routine,800,True,2,1138.1,931.6,68.4,0.1814,0.0,mean_0.75,4,0.75,0.15,beta,none
City-A,T3,5x,1000.0,S1_CapRR,cross_regime,M_stress,800,True,2,1138.1,505.9,494.1,0.5555,0.0,mean_0.75,4,0.75,0.15,beta,none
City-A,T3,5x,1000.0,S2_Platform,routine,M_routine,800,True,3,1264.8,1260.1,0.0,0.0037,1.0,mean_0.75,4,0.75,0.15,beta,none
City-A,T3,5x,1000.0,S2_Platform,cross_regime,M_stress,800,True,3,1264.8,839.7,160.3,0.3361,0.0,mean_0.75,4,0.75,0.15,beta,none
City-A,T3,5x,1000.0,S3_Lin4,routine,M_routine,800,True,3,1377.4,1133.2,0.0,0.1773,1.0,mean_0.75,4,0.75,0.15,beta,none
City-A,T3,5x,1000.0,S3_Lin4,cross_regime,M_stress,800,True,3,1377.4,685.2,314.8,0.5025,0.0,mean_0.75,4,0.75,0.15,beta,none
City-A,T3,5x,1000.0,S4_GlobalCalib,routine,M_routine,800,True,3,1236.1,1317.1,0.0,0.0,1.0,mean_0.75,4,0.75,0.15,beta,none
City-A,T3,5x,1000.0,S4_GlobalCalib,cross_regime,M_stress,800,True,3,1236.1,740.0,260.0,0.4014,0.0,mean_0.75,4,0.75,0.15,beta,none
City-A,T3,5x,1000.0,S5_CityCalib,routine,M_routine,800,True,3,1242.7,1317.1,0.0,0.0,1.0,mean_0.75,4,0.75,0.15,beta,none
City-A,T3,5x,1000.0,S5_CityCalib,cross_regime,M_stress,800,True,3,1242.7,740.0,260.0,0.4046,0.0,mean_0.75,4,0.75,0.15,beta,none
City-A,T3,5x,1000.0,S6_Q10,routine,M_routine,800,True,4,1168.0,1782.4,0.0,0.0,1.0,mean_0.75,4,0.75,0.15,beta,none
City-A,T3,5x,1000.0,S6_Q10,cross_regime,M_stress,800,True,4,1168.0,1070.9,0.0,0.0831,1.0,mean_0.75,4,0.75,0.15,beta,none
City-A,T3,10x,2000.0,S0a_RoutineOracle,routine,M_routine,800,True,5,2247.4,2247.4,0.0,0.0,1.0,mean_0.75,4,0.75,0.15,beta,none
City-A,T3,10x,2000.0,S0a_RoutineOracle,cross_regime,M_stress,800,True,5,2247.4,1275.5,724.5,0.4325,0.0,mean_0.75,4,0.75,0.15,beta,none
City-A,T3,10x,2000.0,S0b_StressOracle,routine,M_routine,800,True,8,2193.0,2938.4,0.0,0.0,1.0,mean_0.75,4,0.75,0.15,beta,none
City-A,T3,10x,2000.0,S0b_StressOracle,cross_regime,M_stress,800,True,8,2193.0,2193.0,0.0,0.0,1.0,mean_0.75,4,0.75,0.15,beta,none
City-A,T3,10x,2000.0,S1_CapRR,routine,M_routine,800,True,4,2175.3,1782.4,217.6,0.1806,0.0,mean_0.75,4,0.75,0.15,beta,none
City-A,T3,10x,2000.0,S1_CapRR,cross_regime,M_stress,800,True,4,2175.3,1070.9,929.1,0.5077,0.0,mean_0.75,4,0.75,0.15,beta,none
City-A,T3,10x,2000.0,S2_Platform,routine,M_routine,800,True,6,2357.9,2395.6,0.0,0.0,1.0,mean_0.75,4,0.75,0.15,beta,none
City-A,T3,10x,2000.0,S2_Platform,cross_regime,M_stress,800,True,6,2357.9,1556.6,443.4,0.3398,0.0,mean_0.75,4,0.75,0.15,beta,none
City-A,T3,10x,2000.0,S3_Lin4,routine,M_routine,800,True,5,2150.0,1997.1,2.9,0.0711,0.0,mean_0.75,4,0.75,0.15,beta,none
City-A,T3,10x,2000.0,S3_Lin4,cross_regime,M_stress,800,True,5,2150.0,1206.9,793.1,0.4386,0.0,mean_0.75,4,0.75,0.15,beta,none
City-A,T3,10x,2000.0,S4_GlobalCalib,routine,M_routine,800,True,6,2333.2,2338.6,0.0,0.0,1.0,mean_0.75,4,0.75,0.15,beta,none
City-A,T3,10x,2000.0,S4_GlobalCalib,cross_regime,M_stress,800,True,6,2333.2,1497.4,502.6,0.3582,0.0,mean_0.75,4,0.75,0.15,beta,none
City-A,T3,10x,2000.0,S5_CityCalib,routine,M_routine,800,True,6,2345.4,2338.6,0.0,0.0029,1.0,mean_0.75,4,0.75,0.15,beta,none
City-A,T3,10x,2000.0,S5_CityCalib,cross_regime,M_stress,800,True,6,2345.4,1497.4,502.6,0.3616,0.0,mean_0.75,4,0.75,0.15,beta,none
City-A,T3,10x,2000.0,S6_Q10,routine,M_routine,800,True,8,2174.3,3042.6,0.0,0.0,1.0,mean_0.75,4,0.75,0.15,beta,none
City-A,T3,10x,2000.0,S6_Q10,cross_regime,M_stress,800,True,8,2174.3,1947.6,52.4,0.1043,0.0,mean_0.75,4,0.75,0.15,beta,none
City-A,T4,1x,140.0,S0a_RoutineOracle,routine,M_routine,800,True,1,566.5,566.5,0.0,0.0,1.0,mean_0.75,4,0.75,0.15,beta,none
City-A,T4,1x,140.0,S0a_RoutineOracle,cross_regime,M_stress,800,True,1,566.5,252.3,0.0,0.5547,1.0,mean_0.75,4,0.75,0.15,beta,none
City-A,T4,1x,140.0,S0b_StressOracle,routine,M_routine,800,True,1,337.7,552.1,0.0,0.0,1.0,mean_0.75,4,0.75,0.15,beta,none
City-A,T4,1x,140.0,S0b_StressOracle,cross_regime,M_stress,800,True,1,337.7,337.7,0.0,0.0,1.0,mean_0.75,4,0.75,0.15,beta,none
City-A,T4,1x,140.0,S1_CapRR,routine,M_routine,800,True,1,678.2,566.5,0.0,0.1646,1.0,mean_0.75,4,0.75,0.15,beta,none
City-A,T4,1x,140.0,S1_CapRR,cross_regime,M_stress,800,True,1,678.2,252.3,0.0,0.628,1.0,mean_0.75,4,0.75,0.15,beta,none
City-A,T4,1x,140.0,S2_Platform,routine,M_routine,800,True,1,299.2,507.8,0.0,0.0,1.0,mean_0.75,4,0.75,0.15,beta,none
City-A,T4,1x,140.0,S2_Platform,cross_regime,M_stress,800,True,1,299.2,243.4,0.0,0.1866,1.0,mean_0.75,4,0.75,0.15,beta,none
City-A,T4,1x,140.0,S3_Lin4,routine,M_routine,800,True,1,540.4,566.5,0.0,0.0,1.0,mean_0.75,4,0.75,0.15,beta,none
City-A,T4,1x,140.0,S3_Lin4,cross_regime,M_stress,800,True,1,540.4,252.3,0.0,0.5331,1.0,mean_0.75,4,0.75,0.15,beta,none
City-A,T4,1x,140.0,S4_GlobalCalib,routine,M_routine,800,True,1,499.7,566.5,0.0,0.0,1.0,mean_0.75,4,0.75,0.15,beta,none
City-A,T4,1x,140.0,S4_GlobalCalib,cross_regime,M_stress,800,True,1,499.7,252.3,0.0,0.4951,1.0,mean_0.75,4,0.75,0.15,beta,none
City-A,T4,1x,140.0,S5_CityCalib,routine,M_routine,800,True,1,505.8,566.5,0.0,0.0,1.0,mean_0.75,4,0.75,0.15,beta,none
City-A,T4,1x,140.0,S5_CityCalib,cross_regime,M_stress,800,True,1,505.8,252.3,0.0,0.5012,1.0,mean_0.75,4,0.75,0.15,beta,none
City-A,T4,1x,140.0,S6_Q10,routine,M_routine,800,True,1,364.6,566.5,0.0,0.0,1.0,mean_0.75,4,0.75,0.15,beta,none
City-A,T4,1x,140.0,S6_Q10,cross_regime,M_stress,800,True,1,364.6,252.3,0.0,0.3081,1.0,mean_0.75,4,0.75,0.15,beta,none
City-A,T4,2x,280.0,S0a_RoutineOracle,routine,M_routine,800,True,1,566.5,566.5,0.0,0.0,1.0,mean_0.75,4,0.75,0.15,beta,none
City-A,T4,2x,280.0,S0a_RoutineOracle,cross_regime,M_stress,800,True,1,566.5,252.3,27.7,0.5547,0.0,mean_0.75,4,0.75,0.15,beta,none
City-A,T4,2x,280.0,S0b_StressOracle,routine,M_routine,800,True,1,337.7,552.1,0.0,0.0,1.0,mean_0.75,4,0.75,0.15,beta,none
City-A,T4,2x,280.0,S0b_StressOracle,cross_regime,M_stress,800,True,1,337.7,337.7,0.0,0.0,1.0,mean_0.75,4,0.75,0.15,beta,none
City-A,T4,2x,280.0,S1_CapRR,routine,M_routine,800,True,1,678.2,566.5,0.0,0.1646,1.0,mean_0.75,4,0.75,0.15,beta,none
City-A,T4,2x,280.0,S1_CapRR,cross_regime,M_stress,800,True,1,678.2,252.3,27.7,0.628,0.0,mean_0.75,4,0.75,0.15,beta,none
City-A,T4,2x,280.0,S2_Platform,routine,M_routine,800,True,1,299.2,507.8,0.0,0.0,1.0,mean_0.75,4,0.75,0.15,beta,none
City-A,T4,2x,280.0,S2_Platform,cross_regime,M_stress,800,True,1,299.2,243.4,36.6,0.1866,0.0,mean_0.75,4,0.75,0.15,beta,none
City-A,T4,2x,280.0,S3_Lin4,routine,M_routine,800,True,1,540.4,566.5,0.0,0.0,1.0,mean_0.75,4,0.75,0.15,beta,none
City-A,T4,2x,280.0,S3_Lin4,cross_regime,M_stress,800,True,1,540.4,252.3,27.7,0.5331,0.0,mean_0.75,4,0.75,0.15,beta,none
City-A,T4,2x,280.0,S4_GlobalCalib,routine,M_routine,800,True,1,499.7,566.5,0.0,0.0,1.0,mean_0.75,4,0.75,0.15,beta,none
City-A,T4,2x,280.0,S4_GlobalCalib,cross_regime,M_stress,800,True,1,499.7,252.3,27.7,0.4951,0.0,mean_0.75,4,0.75,0.15,beta,none
City-A,T4,2x,280.0,S5_CityCalib,routine,M_routine,800,True,1,505.8,566.5,0.0,0.0,1.0,mean_0.75,4,0.75,0.15,beta,none
City-A,T4,2x,280.0,S5_CityCalib,cross_regime,M_stress,800,True,1,505.8,252.3,27.7,0.5012,0.0,mean_0.75,4,0.75,0.15,beta,none
City-A,T4,2x,280.0,S6_Q10,routine,M_routine,800,True,1,364.6,566.5,0.0,0.0,1.0,mean_0.75,4,0.75,0.15,beta,none
City-A,T4,2x,280.0,S6_Q10,cross_regime,M_stress,800,True,1,364.6,252.3,27.7,0.3081,0.0,mean_0.75,4,0.75,0.15,beta,none
City-A,T4,5x,700.0,S0a_RoutineOracle,routine,M_routine,800,True,2,1118.7,1118.7,0.0,0.0,1.0,mean_0.75,4,0.75,0.15,beta,none
City-A,T4,5x,700.0,S0a_RoutineOracle,cross_regime,M_stress,800,True,2,1118.7,590.0,110.0,0.4726,0.0,mean_0.75,4,0.75,0.15,beta,none
City-A,T4,5x,700.0,S0b_StressOracle,routine,M_routine,800,True,3,947.2,1157.5,0.0,0.0,1.0,mean_0.75,4,0.75,0.15,beta,none
City-A,T4,5x,700.0,S0b_StressOracle,cross_regime,M_stress,800,True,3,947.2,947.2,0.0,0.0,1.0,mean_0.75,4,0.75,0.15,beta,none
City-A,T4,5x,700.0,S1_CapRR,routine,M_routine,800,True,2,1293.4,1074.3,0.0,0.1693,1.0,mean_0.75,4,0.75,0.15,beta,none
City-A,T4,5x,700.0,S1_CapRR,cross_regime,M_stress,800,True,2,1293.4,495.7,204.3,0.6167,0.0,mean_0.75,4,0.75,0.15,beta,none
City-A,T4,5x,700.0,S2_Platform,routine,M_routine,800,True,3,870.0,1272.8,0.0,0.0,1.0,mean_0.75,4,0.75,0.15,beta,none
City-A,T4,5x,700.0,S2_Platform,cross_regime,M_stress,800,True,3,870.0,582.4,117.6,0.3307,0.0,mean_0.75,4,0.75,0.15,beta,none
City-A,T4,5x,700.0,S3_Lin4,routine,M_routine,800,True,2,967.6,837.1,0.0,0.1349,1.0,mean_0.75,4,0.75,0.15,beta,none
City-A,T4,5x,700.0,S3_Lin4,cross_regime,M_stress,800,True,2,967.6,547.5,152.5,0.4341,0.0,mean_0.75,4,0.75,0.15,beta,none
City-A,T4,5x,700.0,S4_GlobalCalib,routine,M_routine,800,True,2,953.2,1074.3,0.0,0.0,1.0,mean_0.75,4,0.75,0.15,beta,none
City-A,T4,5x,700.0,S4_GlobalCalib,cross_regime,M_stress,800,True,2,953.2,495.7,204.3,0.48,0.0,mean_0.75,4,0.75,0.15,beta,none
City-A,T4,5x,700.0,S5_CityCalib,routine,M_routine,800,True,2,964.7,1074.3,0.0,0.0,1.0,mean_0.75,4,0.75,0.15,beta,none
City-A,T4,5x,700.0,S5_CityCalib,cross_regime,M_stress,800,True,2,964.7,495.7,204.3,0.4862,0.0,mean_0.75,4,0.75,0.15,beta,none
City-A,T4,5x,700.0,S6_Q10,routine,M_routine,800,True,3,1015.9,1344.9,0.0,0.0,1.0,mean_0.75,4,0.75,0.15,beta,none
City-A,T4,5x,700.0,S6_Q10,cross_regime,M_stress,800,True,3,1015.9,790.9,0.0,0.2215,1.0,mean_0.75,4,0.75,0.15,beta,none
City-A,T4,10x,1400.0,S0a_RoutineOracle,routine,M_routine,800,True,3,1626.5,1626.5,0.0,0.0,1.0,mean_0.75,4,0.75,0.15,beta,none
City-A,T4,10x,1400.0,S0a_RoutineOracle,cross_regime,M_stress,800,True,3,1626.5,833.4,566.6,0.4876,0.0,mean_0.75,4,0.75,0.15,beta,none
City-A,T4,10x,1400.0,S0b_StressOracle,routine,M_routine,800,True,5,1543.6,1707.5,0.0,0.0,1.0,mean_0.75,4,0.75,0.15,beta,none
City-A,T4,10x,1400.0,S0b_StressOracle,cross_regime,M_stress,800,True,5,1543.6,1543.6,0.0,0.0,1.0,mean_0.75,4,0.75,0.15,beta,none
City-A,T4,10x,1400.0,S1_CapRR,routine,M_routine,800,True,3,1889.7,1344.9,55.1,0.2883,0.0,mean_0.75,4,0.75,0.15,beta,none
City-A,T4,10x,1400.0,S1_CapRR,cross_regime,M_stress,800,True,3,1889.7,790.9,609.1,0.5815,0.0,mean_0.75,4,0.75,0.15,beta,none
City-A,T4,10x,1400.0,S2_Platform,routine,M_routine,800,True,5,1424.2,1934.9,0.0,0.0,1.0,mean_0.75,4,0.75,0.15,beta,none
City-A,T4,10x,1400.0,S2_Platform,cross_regime,M_stress,800,True,5,1424.2,874.1,525.9,0.3863,0.0,mean_0.75,4,0.75,0.15,beta,none
City-A,T4,10x,1400.0,S3_Lin4,routine,M_routine,800,True,4,1788.9,1655.8,0.0,0.0744,1.0,mean_0.75,4,0.75,0.15,beta,none
City-A,T4,10x,1400.0,S3_Lin4,cross_regime,M_stress,800,True,4,1788.9,996.2,403.8,0.4431,0.0,mean_0.75,4,0.75,0.15,beta,none
City-A,T4,10x,1400.0,S4_GlobalCalib,routine,M_routine,800,True,4,1822.3,1897.0,0.0,0.0,1.0,mean_0.75,4,0.75,0.15,beta,none
City-A,T4,10x,1400.0,S4_GlobalCalib,cross_regime,M_stress,800,True,4,1822.3,1128.7,271.3,0.3806,0.0,mean_0.75,4,0.75,0.15,beta,none
City-A,T4,10x,1400.0,S5_CityCalib,routine,M_routine,800,True,3,1409.5,1344.9,55.1,0.0458,0.0,mean_0.75,4,0.75,0.15,beta,none
City-A,T4,10x,1400.0,S5_CityCalib,cross_regime,M_stress,800,True,3,1409.5,790.9,609.1,0.4389,0.0,mean_0.75,4,0.75,0.15,beta,none
City-A,T4,10x,1400.0,S6_Q10,routine,M_routine,800,True,5,1633.0,2231.5,0.0,0.0,1.0,mean_0.75,4,0.75,0.15,beta,none
City-A,T4,10x,1400.0,S6_Q10,cross_regime,M_stress,800,True,5,1633.0,1434.4,0.0,0.1216,1.0,mean_0.75,4,0.75,0.15,beta,none
City-A,T5,1x,160.0,S0a_RoutineOracle,routine,M_routine,800,True,1,424.6,424.6,0.0,0.0,1.0,mean_0.75,4,0.75,0.15,beta,none
City-A,T5,1x,160.0,S0a_RoutineOracle,cross_regime,M_stress,800,True,1,424.6,249.1,0.0,0.4134,1.0,mean_0.75,4,0.75,0.15,beta,none
City-A,T5,1x,160.0,S0b_StressOracle,routine,M_routine,800,True,1,319.1,361.5,0.0,0.0,1.0,mean_0.75,4,0.75,0.15,beta,none
City-A,T5,1x,160.0,S0b_StressOracle,cross_regime,M_stress,800,True,1,319.1,319.1,0.0,0.0,1.0,mean_0.75,4,0.75,0.15,beta,none
City-A,T5,1x,160.0,S1_CapRR,routine,M_routine,800,True,1,596.8,341.0,0.0,0.4286,1.0,mean_0.75,4,0.75,0.15,beta,none
City-A,T5,1x,160.0,S1_CapRR,cross_regime,M_stress,800,True,1,596.8,193.3,0.0,0.6762,1.0,mean_0.75,4,0.75,0.15,beta,none
City-A,T5,1x,160.0,S2_Platform,routine,M_routine,800,True,1,485.5,341.0,0.0,0.2976,1.0,mean_0.75,4,0.75,0.15,beta,none
City-A,T5,1x,160.0,S2_Platform,cross_regime,M_stress,800,True,1,485.5,193.3,0.0,0.6019,1.0,mean_0.75,4,0.75,0.15,beta,none
City-A,T5,1x,160.0,S3_Lin4,routine,M_routine,800,True,1,545.1,341.0,0.0,0.3744,1.0,mean_0.75,4,0.75,0.15,beta,none
City-A,T5,1x,160.0,S3_Lin4,cross_regime,M_stress,800,True,1,545.1,193.3,0.0,0.6454,1.0,mean_0.75,4,0.75,0.15,beta,none
City-A,T5,1x,160.0,S4_GlobalCalib,routine,M_routine,800,True,1,446.9,341.0,0.0,0.237,1.0,mean_0.75,4,0.75,0.15,beta,none
City-A,T5,1x,160.0,S4_GlobalCalib,cross_regime,M_stress,800,True,1,446.9,193.3,0.0,0.5675,1.0,mean_0.75,4,0.75,0.15,beta,none
City-A,T5,1x,160.0,S5_CityCalib,routine,M_routine,800,True,1,451.3,341.0,0.0,0.2444,1.0,mean_0.75,4,0.75,0.15,beta,none
City-A,T5,1x,160.0,S5_CityCalib,cross_regime,M_stress,800,True,1,451.3,193.3,0.0,0.5717,1.0,mean_0.75,4,0.75,0.15,beta,none
City-A,T5,1x,160.0,S6_Q10,routine,M_routine,800,True,1,321.8,341.0,0.0,0.0,1.0,mean_0.75,4,0.75,0.15,beta,none
City-A,T5,1x,160.0,S6_Q10,cross_regime,M_stress,800,True,1,321.8,193.3,0.0,0.3994,1.0,mean_0.75,4,0.75,0.15,beta,none
City-A,T5,2x,320.0,S0a_RoutineOracle,routine,M_routine,800,True,1,424.6,424.6,0.0,0.0,1.0,mean_0.75,4,0.75,0.15,beta,none
City-A,T5,2x,320.0,S0a_RoutineOracle,cross_regime,M_stress,800,True,1,424.6,249.1,70.9,0.4134,0.0,mean_0.75,4,0.75,0.15,beta,none
City-A,T5,2x,320.0,S0b_StressOracle,routine,M_routine,800,True,2,594.3,625.9,0.0,0.0,1.0,mean_0.75,4,0.75,0.15,beta,none
City-A,T5,2x,320.0,S0b_StressOracle,cross_regime,M_stress,800,True,2,594.3,594.3,0.0,0.0,1.0,mean_0.75,4,0.75,0.15,beta,none
City-A,T5,2x,320.0,S1_CapRR,routine,M_routine,800,True,1,596.8,341.0,0.0,0.4286,1.0,mean_0.75,4,0.75,0.15,beta,none
City-A,T5,2x,320.0,S1_CapRR,cross_regime,M_stress,800,True,1,596.8,193.3,126.7,0.6762,0.0,mean_0.75,4,0.75,0.15,beta,none
City-A,T5,2x,320.0,S2_Platform,routine,M_routine,800,True,1,485.5,341.0,0.0,0.2976,1.0,mean_0.75,4,0.75,0.15,beta,none
City-A,T5,2x,320.0,S2_Platform,cross_regime,M_stress,800,True,1,485.5,193.3,126.7,0.6019,0.0,mean_0.75,4,0.75,0.15,beta,none
City-A,T5,2x,320.0,S3_Lin4,routine,M_routine,800,True,1,545.1,341.0,0.0,0.3744,1.0,mean_0.75,4,0.75,0.15,beta,none
City-A,T5,2x,320.0,S3_Lin4,cross_regime,M_stress,800,True,1,545.1,193.3,126.7,0.6454,0.0,mean_0.75,4,0.75,0.15,beta,none
City-A,T5,2x,320.0,S4_GlobalCalib,routine,M_routine,800,True,1,446.9,341.0,0.0,0.237,1.0,mean_0.75,4,0.75,0.15,beta,none
City-A,T5,2x,320.0,S4_GlobalCalib,cross_regime,M_stress,800,True,1,446.9,193.3,126.7,0.5675,0.0,mean_0.75,4,0.75,0.15,beta,none
City-A,T5,2x,320.0,S5_CityCalib,routine,M_routine,800,True,1,451.3,341.0,0.0,0.2444,1.0,mean_0.75,4,0.75,0.15,beta,none
City-A,T5,2x,320.0,S5_CityCalib,cross_regime,M_stress,800,True,1,451.3,193.3,126.7,0.5717,0.0,mean_0.75,4,0.75,0.15,beta,none
City-A,T5,2x,320.0,S6_Q10,routine,M_routine,800,True,1,321.8,341.0,0.0,0.0,1.0,mean_0.75,4,0.75,0.15,beta,none
City-A,T5,2x,320.0,S6_Q10,cross_regime,M_stress,800,True,1,321.8,193.3,126.7,0.3994,0.0,mean_0.75,4,0.75,0.15,beta,none
City-A,T5,5x,800.0,S0a_RoutineOracle,routine,M_routine,800,True,2,830.3,830.3,0.0,0.0,1.0,mean_0.75,4,0.75,0.15,beta,none
City-A,T5,5x,800.0,S0a_RoutineOracle,cross_regime,M_stress,800,True,2,830.3,409.1,390.9,0.5072,0.0,mean_0.75,4,0.75,0.15,beta,none
City-A,T5,5x,800.0,S0b_StressOracle,routine,M_routine,800,True,3,867.0,927.6,0.0,0.0,1.0,mean_0.75,4,0.75,0.15,beta,none
City-A,T5,5x,800.0,S0b_StressOracle,cross_regime,M_stress,800,True,3,867.0,867.0,0.0,0.0,1.0,mean_0.75,4,0.75,0.15,beta,none
City-A,T5,5x,800.0,S1_CapRR,routine,M_routine,800,True,2,1138.1,702.5,97.5,0.3827,0.0,mean_0.75,4,0.75,0.15,beta,none
City-A,T5,5x,800.0,S1_CapRR,cross_regime,M_stress,800,True,2,1138.1,512.3,287.7,0.5499,0.0,mean_0.75,4,0.75,0.15,beta,none
City-A,T5,5x,800.0,S2_Platform,routine,M_routine,800,True,2,897.6,564.8,235.2,0.3708,0.0,mean_0.75,4,0.75,0.15,beta,none
City-A,T5,5x,800.0,S2_Platform,cross_regime,M_stress,800,True,2,897.6,362.4,437.6,0.5962,0.0,mean_0.75,4,0.75,0.15,beta,none
City-A,T5,5x,800.0,S3_Lin4,routine,M_routine,800,True,2,967.0,714.7,85.3,0.2609,0.0,mean_0.75,4,0.75,0.15,beta,none
City-A,T5,5x,800.0,S3_Lin4,cross_regime,M_stress,800,True,2,967.0,407.6,392.4,0.5785,0.0,mean_0.75,4,0.75,0.15,beta,none
City-A,T5,5x,800.0,S4_GlobalCalib,routine,M_routine,800,True,2,852.2,702.5,97.5,0.1756,0.0,mean_0.75,4,0.75,0.15,beta,none
City-A,T5,5x,800.0,S4_GlobalCalib,cross_regime,M_stress,800,True,2,852.2,512.3,287.7,0.3988,0.0,mean_0.75,4,0.75,0.15,beta,none
City-A,T5,5x,800.0,S5_CityCalib,routine,M_routine,800,True,2,860.5,702.5,97.5,0.1836,0.0,mean_0.75,4,0.75,0.15,beta,none
City-A,T5,5x,800.0,S5_CityCalib,cross_regime,M_stress,800,True,2,860.5,512.3,287.7,0.4046,0.0,mean_0.75,4,0.75,0.15,beta,none
City-A,T5,5x,800.0,S6_Q10,routine,M_routine,800,True,3,896.6,1076.3,0.0,0.0,1.0,mean_0.75,4,0.75,0.15,beta,none
City-A,T5,5x,800.0,S6_Q10,cross_regime,M_stress,800,True,3,896.6,726.6,73.4,0.1896,0.0,mean_0.75,4,0.75,0.15,beta,none
City-A,T5,10x,1600.0,S0a_RoutineOracle,routine,M_routine,800,True,5,1963.8,1963.8,0.0,0.0,1.0,mean_0.75,4,0.75,0.15,beta,none
City-A,T5,10x,1600.0,S0a_RoutineOracle,cross_regime,M_stress,800,True,5,1963.8,1103.0,497.0,0.4383,0.0,mean_0.75,4,0.75,0.15,beta,none
City-A,T5,10x,1600.0,S0b_StressOracle,routine,M_routine,800,True,6,1634.9,1814.9,0.0,0.0,1.0,mean_0.75,4,0.75,0.15,beta,none
City-A,T5,10x,1600.0,S0b_StressOracle,cross_regime,M_stress,800,True,6,1634.9,1634.9,0.0,0.0,1.0,mean_0.75,4,0.75,0.15,beta,none
City-A,T5,10x,1600.0,S1_CapRR,routine,M_routine,800,True,3,1662.9,1076.3,523.7,0.3528,0.0,mean_0.75,4,0.75,0.15,beta,none
City-A,T5,10x,1600.0,S1_CapRR,cross_regime,M_stress,800,True,3,1662.9,726.6,873.4,0.563,0.0,mean_0.75,4,0.75,0.15,beta,none
City-A,T5,10x,1600.0,S2_Platform,routine,M_routine,800,True,4,1696.8,1308.9,291.1,0.2286,0.0,mean_0.75,4,0.75,0.15,beta,none
City-A,T5,10x,1600.0,S2_Platform,cross_regime,M_stress,800,True,4,1696.8,809.0,791.0,0.5232,0.0,mean_0.75,4,0.75,0.15,beta,none
City-A,T5,10x,1600.0,S3_Lin4,routine,M_routine,800,True,4,1774.9,1500.8,99.2,0.1544,0.0,mean_0.75,4,0.75,0.15,beta,none
City-A,T5,10x,1600.0,S3_Lin4,cross_regime,M_stress,800,True,4,1774.9,975.7,624.3,0.4503,0.0,mean_0.75,4,0.75,0.15,beta,none
City-A,T5,10x,1600.0,S4_GlobalCalib,routine,M_routine,800,True,4,1628.7,1446.6,153.4,0.1118,0.0,mean_0.75,4,0.75,0.15,beta,none
City-A,T5,10x,1600.0,S4_GlobalCalib,cross_regime,M_stress,800,True,4,1628.7,958.9,641.1,0.4112,0.0,mean_0.75,4,0.75,0.15,beta,none
City-A,T5,10x,1600.0,S5_CityCalib,routine,M_routine,800,True,4,1644.4,1446.6,153.4,0.1203,0.0,mean_0.75,4,0.75,0.15,beta,none
City-A,T5,10x,1600.0,S5_CityCalib,cross_regime,M_stress,800,True,4,1644.4,958.9,641.1,0.4169,0.0,mean_0.75,4,0.75,0.15,beta,none
City-A,T5,10x,1600.0,S6_Q10,routine,M_routine,800,True,6,1692.2,2095.0,0.0,0.0,1.0,mean_0.75,4,0.75,0.15,beta,none
City-A,T5,10x,1600.0,S6_Q10,cross_regime,M_stress,800,True,6,1692.2,1377.2,222.8,0.1862,0.0,mean_0.75,4,0.75,0.15,beta,none
City-B,T1,1x,180.0,S0a_RoutineOracle,routine,M_routine,500,True,1,716.2,716.2,0.0,0.0,1.0,mean_0.75,4,0.75,0.15,beta,none
City-B,T1,1x,180.0,S0a_RoutineOracle,cross_regime,M_stress,500,True,1,716.2,460.1,0.0,0.3577,1.0,mean_0.75,4,0.75,0.15,beta,none
City-B,T1,1x,180.0,S0b_StressOracle,routine,M_routine,500,True,1,460.1,716.2,0.0,0.0,1.0,mean_0.75,4,0.75,0.15,beta,none
City-B,T1,1x,180.0,S0b_StressOracle,cross_regime,M_stress,500,True,1,460.1,460.1,0.0,0.0,1.0,mean_0.75,4,0.75,0.15,beta,none
City-B,T1,1x,180.0,S1_CapRR,routine,M_routine,500,True,1,846.0,656.8,0.0,0.2237,1.0,mean_0.75,4,0.75,0.15,beta,none
City-B,T1,1x,180.0,S1_CapRR,cross_regime,M_stress,500,True,1,846.0,423.4,0.0,0.4996,1.0,mean_0.75,4,0.75,0.15,beta,none
City-B,T1,1x,180.0,S2_Platform,routine,M_routine,500,True,1,561.1,398.6,0.0,0.2897,1.0,mean_0.75,4,0.75,0.15,beta,none
City-B,T1,1x,180.0,S2_Platform,cross_regime,M_stress,500,True,1,561.1,205.5,0.0,0.6337,1.0,mean_0.75,4,0.75,0.15,beta,none
City-B,T1,1x,180.0,S3_Lin4,routine,M_routine,500,True,1,519.3,716.2,0.0,0.0,1.0,mean_0.75,4,0.75,0.15,beta,none
City-B,T1,1x,180.0,S3_Lin4,cross_regime,M_stress,500,True,1,519.3,460.1,0.0,0.114,1.0,mean_0.75,4,0.75,0.15,beta,none
City-B,T1,1x,180.0,S4_GlobalCalib,routine,M_routine,500,True,1,632.1,656.8,0.0,0.0,1.0,mean_0.75,4,0.75,0.15,beta,none
City-B,T1,1x,180.0,S4_GlobalCalib,cross_regime,M_stress,500,True,1,632.1,423.4,0.0,0.3302,1.0,mean_0.75,4,0.75,0.15,beta,none
City-B,T1,1x,180.0,S5_CityCalib,routine,M_routine,500,True,1,629.0,656.8,0.0,0.0,1.0,mean_0.75,4,0.75,0.15,beta,none
City-B,T1,1x,180.0,S5_CityCalib,cross_regime,M_stress,500,True,1,629.0,423.4,0.0,0.3269,1.0,mean_0.75,4,0.75,0.15,beta,none
City-B,T1,1x,180.0,S6_Q10,routine,M_routine,500,True,1,456.5,656.8,0.0,0.0,1.0,mean_0.75,4,0.75,0.15,beta,none
City-B,T1,1x,180.0,S6_Q10,cross_regime,M_stress,500,True,1,456.5,423.4,0.0,0.0726,1.0,mean_0.75,4,0.75,0.15,beta,none
City-B,T1,2x,360.0,S0a_RoutineOracle,routine,M_routine,500,True,1,716.2,716.2,0.0,0.0,1.0,mean_0.75,4,0.75,0.15,beta,none
City-B,T1,2x,360.0,S0a_RoutineOracle,cross_regime,M_stress,500,True,1,716.2,460.1,0.0,0.3577,1.0,mean_0.75,4,0.75,0.15,beta,none
City-B,T1,2x,360.0,S0b_StressOracle,routine,M_routine,500,True,1,460.1,716.2,0.0,0.0,1.0,mean_0.75,4,0.75,0.15,beta,none
City-B,T1,2x,360.0,S0b_StressOracle,cross_regime,M_stress,500,True,1,460.1,460.1,0.0,0.0,1.0,mean_0.75,4,0.75,0.15,beta,none
City-B,T1,2x,360.0,S1_CapRR,routine,M_routine,500,True,1,846.0,656.8,0.0,0.2237,1.0,mean_0.75,4,0.75,0.15,beta,none
City-B,T1,2x,360.0,S1_CapRR,cross_regime,M_stress,500,True,1,846.0,423.4,0.0,0.4996,1.0,mean_0.75,4,0.75,0.15,beta,none
City-B,T1,2x,360.0,S2_Platform,routine,M_routine,500,True,1,561.1,398.6,0.0,0.2897,1.0,mean_0.75,4,0.75,0.15,beta,none
City-B,T1,2x,360.0,S2_Platform,cross_regime,M_stress,500,True,1,561.1,205.5,154.5,0.6337,0.0,mean_0.75,4,0.75,0.15,beta,none
City-B,T1,2x,360.0,S3_Lin4,routine,M_routine,500,True,1,519.3,716.2,0.0,0.0,1.0,mean_0.75,4,0.75,0.15,beta,none
City-B,T1,2x,360.0,S3_Lin4,cross_regime,M_stress,500,True,1,519.3,460.1,0.0,0.114,1.0,mean_0.75,4,0.75,0.15,beta,none
City-B,T1,2x,360.0,S4_GlobalCalib,routine,M_routine,500,True,1,632.1,656.8,0.0,0.0,1.0,mean_0.75,4,0.75,0.15,beta,none
City-B,T1,2x,360.0,S4_GlobalCalib,cross_regime,M_stress,500,True,1,632.1,423.4,0.0,0.3302,1.0,mean_0.75,4,0.75,0.15,beta,none
City-B,T1,2x,360.0,S5_CityCalib,routine,M_routine,500,True,1,629.0,656.8,0.0,0.0,1.0,mean_0.75,4,0.75,0.15,beta,none
City-B,T1,2x,360.0,S5_CityCalib,cross_regime,M_stress,500,True,1,629.0,423.4,0.0,0.3269,1.0,mean_0.75,4,0.75,0.15,beta,none
City-B,T1,2x,360.0,S6_Q10,routine,M_routine,500,True,1,456.5,656.8,0.0,0.0,1.0,mean_0.75,4,0.75,0.15,beta,none
City-B,T1,2x,360.0,S6_Q10,cross_regime,M_stress,500,True,1,456.5,423.4,0.0,0.0726,1.0,mean_0.75,4,0.75,0.15,beta,none
City-B,T1,5x,900.0,S0a_RoutineOracle,routine,M_routine,500,True,2,1373.0,1373.0,0.0,0.0,1.0,mean_0.75,4,0.75,0.15,beta,none
City-B,T1,5x,900.0,S0a_RoutineOracle,cross_regime,M_stress,500,True,2,1373.0,883.4,16.6,0.3566,0.0,mean_0.75,4,0.75,0.15,beta,none
City-B,T1,5x,900.0,S0b_StressOracle,routine,M_routine,500,True,3,1307.7,1923.6,0.0,0.0,1.0,mean_0.75,4,0.75,0.15,beta,none
City-B,T1,5x,900.0,S0b_StressOracle,cross_regime,M_stress,500,True,3,1307.7,1307.7,0.0,0.0,1.0,mean_0.75,4,0.75,0.15,beta,none
City-B,T1,5x,900.0,S1_CapRR,routine,M_routine,500,True,2,1688.0,1207.3,0.0,0.2847,1.0,mean_0.75,4,0.75,0.15,beta,none
City-B,T1,5x,900.0,S1_CapRR,cross_regime,M_stress,500,True,2,1688.0,847.6,52.4,0.4978,0.0,mean_0.75,4,0.75,0.15,beta,none
City-B,T1,5x,900.0,S2_Platform,routine,M_routine,500,True,2,1112.3,1114.8,0.0,0.0,1.0,mean_0.75,4,0.75,0.15,beta,none
City-B,T1,5x,900.0,S2_Platform,cross_regime,M_stress,500,True,2,1112.3,665.6,234.4,0.4016,0.0,mean_0.75,4,0.75,0.15,beta,none
City-B,T1,5x,900.0,S3_Lin4,routine,M_routine,500,True,2,1031.6,1114.8,0.0,0.0,1.0,mean_0.75,4,0.75,0.15,beta,none
City-B,T1,5x,900.0,S3_Lin4,cross_regime,M_stress,500,True,2,1031.6,665.6,234.4,0.3548,0.0,mean_0.75,4,0.75,0.15,beta,none
City-B,T1,5x,900.0,S4_GlobalCalib,routine,M_routine,500,True,2,1261.2,1207.3,0.0,0.0427,1.0,mean_0.75,4,0.75,0.15,beta,none
City-B,T1,5x,900.0,S4_GlobalCalib,cross_regime,M_stress,500,True,2,1261.2,847.6,52.4,0.3279,0.0,mean_0.75,4,0.75,0.15,beta,none
City-B,T1,5x,900.0,S5_CityCalib,routine,M_routine,500,True,2,1255.0,1207.3,0.0,0.038,1.0,mean_0.75,4,0.75,0.15,beta,none
City-B,T1,5x,900.0,S5_CityCalib,cross_regime,M_stress,500,True,2,1255.0,847.6,52.4,0.3246,0.0,mean_0.75,4,0.75,0.15,beta,none
City-B,T1,5x,900.0,S6_Q10,routine,M_routine,500,True,2,910.9,1207.3,0.0,0.0,1.0,mean_0.75,4,0.75,0.15,beta,none
City-B,T1,5x,900.0,S6_Q10,cross_regime,M_stress,500,True,2,910.9,847.6,52.4,0.0694,0.0,mean_0.75,4,0.75,0.15,beta,none
City-B,T1,10x,1800.0,S0a_RoutineOracle,routine,M_routine,500,True,3,1923.6,1923.6,0.0,0.0,1.0,mean_0.75,4,0.75,0.15,beta,none
City-B,T1,10x,1800.0,S0a_RoutineOracle,cross_regime,M_stress,500,True,3,1923.6,1307.7,492.3,0.3202,0.0,mean_0.75,4,0.75,0.15,beta,none
City-B,T1,10x,1800.0,S0b_StressOracle,routine,M_routine,500,True,5,2028.6,2808.9,0.0,0.0,1.0,mean_0.75,4,0.75,0.15,beta,none
City-B,T1,10x,1800.0,S0b_StressOracle,cross_regime,M_stress,500,True,5,2028.6,2028.6,0.0,0.0,1.0,mean_0.75,4,0.75,0.15,beta,none
City-B,T1,10x,1800.0,S1_CapRR,routine,M_routine,500,True,3,2504.5,1923.6,0.0,0.232,1.0,mean_0.75,4,0.75,0.15,beta,none
City-B,T1,10x,1800.0,S1_CapRR,cross_regime,M_stress,500,True,3,2504.5,1307.7,492.3,0.4779,0.0,mean_0.75,4,0.75,0.15,beta,none
City-B,T1,10x,1800.0,S2_Platform,routine,M_routine,500,True,4,2163.2,2322.2,0.0,0.0,1.0,mean_0.75,4,0.75,0.15,beta,none
City-B,T1,10x,1800.0,S2_Platform,cross_regime,M_stress,500,True,4,2163.2,1513.3,286.7,0.3004,0.0,mean_0.75,4,0.75,0.15,beta,none
City-B,T1,10x,1800.0,S3_Lin4,routine,M_routine,500,True,4,2047.2,2322.2,0.0,0.0,1.0,mean_0.75,4,0.75,0.15,beta,none
City-B,T1,10x,1800.0,S3_Lin4,cross_regime,M_stress,500,True,4,2047.2,1513.3,286.7,0.2608,0.0,mean_0.75,4,0.75,0.15,beta,none
City-B,T1,10x,1800.0,S4_GlobalCalib,routine,M_routine,500,True,3,1871.2,1923.6,0.0,0.0,1.0,mean_0.75,4,0.75,0.15,beta,none
City-B,T1,10x,1800.0,S4_GlobalCalib,cross_regime,M_stress,500,True,3,1871.2,1307.7,492.3,0.3011,0.0,mean_0.75,4,0.75,0.15,beta,none
City-B,T1,10x,1800.0,S5_CityCalib,routine,M_routine,500,True,3,1862.1,1923.6,0.0,0.0,1.0,mean_0.75,4,0.75,0.15,beta,none
City-B,T1,10x,1800.0,S5_CityCalib,cross_regime,M_stress,500,True,3,1862.1,1307.7,492.3,0.2977,0.0,mean_0.75,4,0.75,0.15,beta,none
City-B,T1,10x,1800.0,S6_Q10,routine,M_routine,500,True,5,2159.7,2834.9,0.0,0.0,1.0,mean_0.75,4,0.75,0.15,beta,none
City-B,T1,10x,1800.0,S6_Q10,cross_regime,M_stress,500,True,5,2159.7,1904.1,0.0,0.1183,1.0,mean_0.75,4,0.75,0.15,beta,none
City-B,T2,1x,260.0,S0a_RoutineOracle,routine,M_routine,501,True,1,641.1,641.1,0.0,0.0,1.0,mean_0.75,4,0.75,0.15,beta,none
City-B,T2,1x,260.0,S0a_RoutineOracle,cross_regime,M_stress,501,True,1,641.1,187.2,72.8,0.708,0.0,mean_0.75,4,0.75,0.15,beta,none
City-B,T2,1x,260.0,S0b_StressOracle,routine,M_routine,501,True,1,493.4,479.0,0.0,0.0292,1.0,mean_0.75,4,0.75,0.15,beta,none
City-B,T2,1x,260.0,S0b_StressOracle,cross_regime,M_stress,501,True,1,493.4,493.4,0.0,0.0,1.0,mean_0.75,4,0.75,0.15,beta,none
City-B,T2,1x,260.0,S1_CapRR,routine,M_routine,501,True,1,846.0,443.4,0.0,0.476,1.0,mean_0.75,4,0.75,0.15,beta,none
City-B,T2,1x,260.0,S1_CapRR,cross_regime,M_stress,501,True,1,846.0,468.2,0.0,0.4465,1.0,mean_0.75,4,0.75,0.15,beta,none
City-B,T2,1x,260.0,S2_Platform,routine,M_routine,501,True,1,557.0,641.1,0.0,0.0,1.0,mean_0.75,4,0.75,0.15,beta,none
City-B,T2,1x,260.0,S2_Platform,cross_regime,M_stress,501,True,1,557.0,187.2,72.8,0.6639,0.0,mean_0.75,4,0.75,0.15,beta,none
City-B,T2,1x,260.0,S3_Lin4,routine,M_routine,501,True,1,519.7,479.0,0.0,0.0784,1.0,mean_0.75,4,0.75,0.15,beta,none
City-B,T2,1x,260.0,S3_Lin4,cross_regime,M_stress,501,True,1,519.7,493.4,0.0,0.0506,1.0,mean_0.75,4,0.75,0.15,beta,none
City-B,T2,1x,260.0,S4_GlobalCalib,routine,M_routine,501,True,1,631.7,443.4,0.0,0.2982,1.0,mean_0.75,4,0.75,0.15,beta,none
City-B,T2,1x,260.0,S4_GlobalCalib,cross_regime,M_stress,501,True,1,631.7,468.2,0.0,0.2588,1.0,mean_0.75,4,0.75,0.15,beta,none
City-B,T2,1x,260.0,S5_CityCalib,routine,M_routine,501,True,1,629.5,443.4,0.0,0.2957,1.0,mean_0.75,4,0.75,0.15,beta,none
City-B,T2,1x,260.0,S5_CityCalib,cross_regime,M_stress,501,True,1,629.5,468.2,0.0,0.2562,1.0,mean_0.75,4,0.75,0.15,beta,none
City-B,T2,1x,260.0,S6_Q10,routine,M_routine,501,True,1,456.1,443.4,0.0,0.028,1.0,mean_0.75,4,0.75,0.15,beta,none
City-B,T2,1x,260.0,S6_Q10,cross_regime,M_stress,501,True,1,456.1,468.2,0.0,0.0,1.0,mean_0.75,4,0.75,0.15,beta,none
City-B,T2,2x,520.0,S0a_RoutineOracle,routine,M_routine,501,True,1,641.1,641.1,0.0,0.0,1.0,mean_0.75,4,0.75,0.15,beta,none
City-B,T2,2x,520.0,S0a_RoutineOracle,cross_regime,M_stress,501,True,1,641.1,187.2,332.8,0.708,0.0,mean_0.75,4,0.75,0.15,beta,none
City-B,T2,2x,520.0,S0b_StressOracle,routine,M_routine,501,True,2,961.6,922.3,0.0,0.0409,1.0,mean_0.75,4,0.75,0.15,beta,none
City-B,T2,2x,520.0,S0b_StressOracle,cross_regime,M_stress,501,True,2,961.6,961.6,0.0,0.0,1.0,mean_0.75,4,0.75,0.15,beta,none
City-B,T2,2x,520.0,S1_CapRR,routine,M_routine,501,True,1,846.0,443.4,76.6,0.476,0.0,mean_0.75,4,0.75,0.15,beta,none
City-B,T2,2x,520.0,S1_CapRR,cross_regime,M_stress,501,True,1,846.0,468.2,51.8,0.4465,0.0,mean_0.75,4,0.75,0.15,beta,none
City-B,T2,2x,520.0,S2_Platform,routine,M_routine,501,True,1,557.0,641.1,0.0,0.0,1.0,mean_0.75,4,0.75,0.15,beta,none
City-B,T2,2x,520.0,S2_Platform,cross_regime,M_stress,501,True,1,557.0,187.2,332.8,0.6639,0.0,mean_0.75,4,0.75,0.15,beta,none
City-B,T2,2x,520.0,S3_Lin4,routine,M_routine,501,True,2,1032.4,1120.0,0.0,0.0,1.0,mean_0.75,4,0.75,0.15,beta,none
City-B,T2,2x,520.0,S3_Lin4,cross_regime,M_stress,501,True,2,1032.4,680.6,0.0,0.3408,1.0,mean_0.75,4,0.75,0.15,beta,none
City-B,T2,2x,520.0,S4_GlobalCalib,routine,M_routine,501,True,1,631.7,443.4,76.6,0.2982,0.0,mean_0.75,4,0.75,0.15,beta,none
City-B,T2,2x,520.0,S4_GlobalCalib,cross_regime,M_stress,501,True,1,631.7,468.2,51.8,0.2588,0.0,mean_0.75,4,0.75,0.15,beta,none
City-B,T2,2x,520.0,S5_CityCalib,routine,M_routine,501,True,1,629.5,443.4,76.6,0.2957,0.0,mean_0.75,4,0.75,0.15,beta,none
City-B,T2,2x,520.0,S5_CityCalib,cross_regime,M_stress,501,True,1,629.5,468.2,51.8,0.2562,0.0,mean_0.75,4,0.75,0.15,beta,none
City-B,T2,2x,520.0,S6_Q10,routine,M_routine,501,True,2,910.0,900.2,0.0,0.0108,1.0,mean_0.75,4,0.75,0.15,beta,none
City-B,T2,2x,520.0,S6_Q10,cross_regime,M_stress,501,True,2,910.0,739.7,0.0,0.1872,1.0,mean_0.75,4,0.75,0.15,beta,none
City-B,T2,5x,1300.0,S0a_RoutineOracle,routine,M_routine,501,True,3,1817.0,1817.0,0.0,0.0,1.0,mean_0.75,4,0.75,0.15,beta,none
City-B,T2,5x,1300.0,S0a_RoutineOracle,cross_regime,M_stress,501,True,3,1817.0,874.3,425.7,0.5188,0.0,mean_0.75,4,0.75,0.15,beta,none
City-B,T2,5x,1300.0,S0b_StressOracle,routine,M_routine,501,True,3,1308.0,1519.5,0.0,0.0,1.0,mean_0.75,4,0.75,0.15,beta,none
City-B,T2,5x,1300.0,S0b_StressOracle,cross_regime,M_stress,501,True,3,1308.0,1308.0,0.0,0.0,1.0,mean_0.75,4,0.75,0.15,beta,none
City-B,T2,5x,1300.0,S1_CapRR,routine,M_routine,501,True,2,1688.0,900.2,399.8,0.4667,0.0,mean_0.75,4,0.75,0.15,beta,none
City-B,T2,5x,1300.0,S1_CapRR,cross_regime,M_stress,501,True,2,1688.0,739.7,560.3,0.5618,0.0,mean_0.75,4,0.75,0.15,beta,none
City-B,T2,5x,1300.0,S2_Platform,routine,M_routine,501,True,3,1630.3,1576.9,0.0,0.0327,1.0,mean_0.75,4,0.75,0.15,beta,none
City-B,T2,5x,1300.0,S2_Platform,cross_regime,M_stress,501,True,3,1630.3,952.1,347.9,0.416,0.0,mean_0.75,4,0.75,0.15,beta,none
City-B,T2,5x,1300.0,S3_Lin4,routine,M_routine,501,True,3,1541.7,1563.4,0.0,0.0,1.0,mean_0.75,4,0.75,0.15,beta,none
City-B,T2,5x,1300.0,S3_Lin4,cross_regime,M_stress,501,True,3,1541.7,1148.8,151.2,0.2548,0.0,mean_0.75,4,0.75,0.15,beta,none
City-B,T2,5x,1300.0,S4_GlobalCalib,routine,M_routine,501,True,3,1870.2,1379.2,0.0,0.2625,1.0,mean_0.75,4,0.75,0.15,beta,none
City-B,T2,5x,1300.0,S4_GlobalCalib,cross_regime,M_stress,501,True,3,1870.2,1233.1,66.9,0.3407,0.0,mean_0.75,4,0.75,0.15,beta,none
City-B,T2,5x,1300.0,S5_CityCalib,routine,M_routine,501,True,3,1863.5,1379.2,0.0,0.2599,1.0,mean_0.75,4,0.75,0.15,beta,none
City-B,T2,5x,1300.0,S5_CityCalib,cross_regime,M_stress,501,True,3,1863.5,1233.1,66.9,0.3383,0.0,mean_0.75,4,0.75,0.15,beta,none
City-B,T2,5x,1300.0,S6_Q10,routine,M_routine,501,True,3,1350.2,1379.2,0.0,0.0,1.0,mean_0.75,4,0.75,0.15,beta,none
City-B,T2,5x,1300.0,S6_Q10,cross_regime,M_stress,501,True,3,1350.2,1233.1,66.9,0.0868,0.0,mean_0.75,4,0.75,0.15,beta,none
City-B,T2,10x,2600.0,S0a_RoutineOracle,routine,M_routine,501,True,5,2772.4,2772.4,0.0,0.0,1.0,mean_0.75,4,0.75,0.15,beta,none
City-B,T2,10x,2600.0,S0a_RoutineOracle,cross_regime,M_stress,501,True,5,2772.4,1545.0,1055.0,0.4427,0.0,mean_0.75,4,0.75,0.15,beta,none
City-B,T2,10x,2600.0,S0b_StressOracle,routine,M_routine,501,True,7,2659.0,3251.7,0.0,0.0,1.0,mean_0.75,4,0.75,0.15,beta,none
City-B,T2,10x,2600.0,S0b_StressOracle,cross_regime,M_stress,501,True,7,2659.0,2659.0,0.0,0.0,1.0,mean_0.75,4,0.75,0.15,beta,none
City-B,T2,10x,2600.0,S1_CapRR,routine,M_routine,501,True,4,3303.2,2020.3,579.7,0.3884,0.0,mean_0.75,4,0.75,0.15,beta,none
City-B,T2,10x,2600.0,S1_CapRR,cross_regime,M_stress,501,True,4,3303.2,1420.3,1179.7,0.57,0.0,mean_0.75,4,0.75,0.15,beta,none
City-B,T2,10x,2600.0,S2_Platform,routine,M_routine,501,True,6,2974.4,3068.6,0.0,0.0,1.0,mean_0.75,4,0.75,0.15,beta,none
City-B,T2,10x,2600.0,S2_Platform,cross_regime,M_stress,501,True,6,2974.4,2077.9,522.1,0.3014,0.0,mean_0.75,4,0.75,0.15,beta,none
City-B,T2,10x,2600.0,S3_Lin4,routine,M_routine,501,True,6,2908.9,3068.6,0.0,0.0,1.0,mean_0.75,4,0.75,0.15,beta,none
City-B,T2,10x,2600.0,S3_Lin4,cross_regime,M_stress,501,True,6,2908.9,2077.9,522.1,0.2857,0.0,mean_0.75,4,0.75,0.15,beta,none
City-B,T2,10x,2600.0,S4_GlobalCalib,routine,M_routine,501,True,5,2988.5,2617.4,0.0,0.1242,1.0,mean_0.75,4,0.75,0.15,beta,none
City-B,T2,10x,2600.0,S4_GlobalCalib,cross_regime,M_stress,501,True,5,2988.5,1766.7,833.3,0.4088,0.0,mean_0.75,4,0.75,0.15,beta,none
City-B,T2,10x,2600.0,S5_CityCalib,routine,M_routine,501,True,5,2978.0,2617.4,0.0,0.1211,1.0,mean_0.75,4,0.75,0.15,beta,none
City-B,T2,10x,2600.0,S5_CityCalib,cross_regime,M_stress,501,True,5,2978.0,1766.7,833.3,0.4068,0.0,mean_0.75,4,0.75,0.15,beta,none
City-B,T2,10x,2600.0,S6_Q10,routine,M_routine,501,True,7,2837.1,3647.3,0.0,0.0,1.0,mean_0.75,4,0.75,0.15,beta,none
City-B,T2,10x,2600.0,S6_Q10,cross_regime,M_stress,501,True,7,2837.1,2418.6,181.4,0.1475,0.0,mean_0.75,4,0.75,0.15,beta,none
City-B,T3,1x,200.0,S0a_RoutineOracle,routine,M_routine,500,True,1,630.3,630.3,0.0,0.0,1.0,mean_0.75,4,0.75,0.15,beta,none
City-B,T3,1x,200.0,S0a_RoutineOracle,cross_regime,M_stress,500,True,1,630.3,319.4,0.0,0.4932,1.0,mean_0.75,4,0.75,0.15,beta,none
City-B,T3,1x,200.0,S0b_StressOracle,routine,M_routine,500,True,1,326.9,544.1,0.0,0.0,1.0,mean_0.75,4,0.75,0.15,beta,none
City-B,T3,1x,200.0,S0b_StressOracle,cross_regime,M_stress,500,True,1,326.9,326.9,0.0,0.0,1.0,mean_0.75,4,0.75,0.15,beta,none
City-B,T3,1x,200.0,S1_CapRR,routine,M_routine,500,True,1,744.5,532.4,0.0,0.2849,1.0,mean_0.75,4,0.75,0.15,beta,none
City-B,T3,1x,200.0,S1_CapRR,cross_regime,M_stress,500,True,1,744.5,161.3,38.7,0.7833,0.0,mean_0.75,4,0.75,0.15,beta,none
City-B,T3,1x,200.0,S2_Platform,routine,M_routine,500,True,1,543.2,518.0,0.0,0.0463,1.0,mean_0.75,4,0.75,0.15,beta,none
City-B,T3,1x,200.0,S2_Platform,cross_regime,M_stress,500,True,1,543.2,220.5,0.0,0.5941,1.0,mean_0.75,4,0.75,0.15,beta,none
City-B,T3,1x,200.0,S3_Lin4,routine,M_routine,500,True,1,508.7,544.1,0.0,0.0,1.0,mean_0.75,4,0.75,0.15,beta,none
City-B,T3,1x,200.0,S3_Lin4,cross_regime,M_stress,500,True,1,508.7,326.9,0.0,0.3573,1.0,mean_0.75,4,0.75,0.15,beta,none
City-B,T3,1x,200.0,S4_GlobalCalib,routine,M_routine,500,True,1,553.2,532.4,0.0,0.0377,1.0,mean_0.75,4,0.75,0.15,beta,none
City-B,T3,1x,200.0,S4_GlobalCalib,cross_regime,M_stress,500,True,1,553.2,161.3,38.7,0.7084,0.0,mean_0.75,4,0.75,0.15,beta,none
City-B,T3,1x,200.0,S5_CityCalib,routine,M_routine,500,True,1,547.6,532.4,0.0,0.0277,1.0,mean_0.75,4,0.75,0.15,beta,none
City-B,T3,1x,200.0,S5_CityCalib,cross_regime,M_stress,500,True,1,547.6,161.3,38.7,0.7054,0.0,mean_0.75,4,0.75,0.15,beta,none
City-B,T3,1x,200.0,S6_Q10,routine,M_routine,500,True,1,399.7,532.4,0.0,0.0,1.0,mean_0.75,4,0.75,0.15,beta,none
City-B,T3,1x,200.0,S6_Q10,cross_regime,M_stress,500,True,1,399.7,161.3,38.7,0.5964,0.0,mean_0.75,4,0.75,0.15,beta,none
City-B,T3,2x,400.0,S0a_RoutineOracle,routine,M_routine,500,True,1,630.3,630.3,0.0,0.0,1.0,mean_0.75,4,0.75,0.15,beta,none
City-B,T3,2x,400.0,S0a_RoutineOracle,cross_regime,M_stress,500,True,1,630.3,319.4,80.6,0.4932,0.0,mean_0.75,4,0.75,0.15,beta,none
City-B,T3,2x,400.0,S0b_StressOracle,routine,M_routine,500,True,2,646.3,1174.4,0.0,0.0,1.0,mean_0.75,4,0.75,0.15,beta,none
City-B,T3,2x,400.0,S0b_StressOracle,cross_regime,M_stress,500,True,2,646.3,646.3,0.0,0.0,1.0,mean_0.75,4,0.75,0.15,beta,none
City-B,T3,2x,400.0,S1_CapRR,routine,M_routine,500,True,1,744.5,532.4,0.0,0.2849,1.0,mean_0.75,4,0.75,0.15,beta,none
City-B,T3,2x,400.0,S1_CapRR,cross_regime,M_stress,500,True,1,744.5,161.3,238.7,0.7833,0.0,mean_0.75,4,0.75,0.15,beta,none
City-B,T3,2x,400.0,S2_Platform,routine,M_routine,500,True,1,543.2,518.0,0.0,0.0463,1.0,mean_0.75,4,0.75,0.15,beta,none
City-B,T3,2x,400.0,S2_Platform,cross_regime,M_stress,500,True,1,543.2,220.5,179.5,0.5941,0.0,mean_0.75,4,0.75,0.15,beta,none
City-B,T3,2x,400.0,S3_Lin4,routine,M_routine,500,True,1,508.7,544.1,0.0,0.0,1.0,mean_0.75,4,0.75,0.15,beta,none
City-B,T3,2x,400.0,S3_Lin4,cross_regime,M_stress,500,True,1,508.7,326.9,73.1,0.3573,0.0,mean_0.75,4,0.75,0.15,beta,none
City-B,T3,2x,400.0,S4_GlobalCalib,routine,M_routine,500,True,1,553.2,532.4,0.0,0.0377,1.0,mean_0.75,4,0.75,0.15,beta,none
City-B,T3,2x,400.0,S4_GlobalCalib,cross_regime,M_stress,500,True,1,553.2,161.3,238.7,0.7084,0.0,mean_0.75,4,0.75,0.15,beta,none
City-B,T3,2x,400.0,S5_CityCalib,routine,M_routine,500,True,1,547.6,532.4,0.0,0.0277,1.0,mean_0.75,4,0.75,0.15,beta,none
City-B,T3,2x,400.0,S5_CityCalib,cross_regime,M_stress,500,True,1,547.6,161.3,238.7,0.7054,0.0,mean_0.75,4,0.75,0.15,beta,none
City-B,T3,2x,400.0,S6_Q10,routine,M_routine,500,True,2,797.5,1050.4,0.0,0.0,1.0,mean_0.75,4,0.75,0.15,beta,none
City-B,T3,2x,400.0,S6_Q10,cross_regime,M_stress,500,True,2,797.5,381.8,18.2,0.5213,0.0,mean_0.75,4,0.75,0.15,beta,none
City-B,T3,5x,1000.0,S0a_RoutineOracle,routine,M_routine,500,True,2,1195.5,1195.5,0.0,0.0,1.0,mean_0.75,4,0.75,0.15,beta,none
City-B,T3,5x,1000.0,S0a_RoutineOracle,cross_regime,M_stress,500,True,2,1195.5,577.9,422.1,0.5166,0.0,mean_0.75,4,0.75,0.15,beta,none
City-B,T3,5x,1000.0,S0b_StressOracle,routine,M_routine,500,True,4,1258.2,1809.4,0.0,0.0,1.0,mean_0.75,4,0.75,0.15,beta,none
City-B,T3,5x,1000.0,S0b_StressOracle,cross_regime,M_stress,500,True,4,1258.2,1258.2,0.0,0.0,1.0,mean_0.75,4,0.75,0.15,beta,none
City-B,T3,5x,1000.0,S1_CapRR,routine,M_routine,500,True,2,1485.4,1050.4,0.0,0.2929,1.0,mean_0.75,4,0.75,0.15,beta,none
City-B,T3,5x,1000.0,S1_CapRR,cross_regime,M_stress,500,True,2,1485.4,381.8,618.2,0.743,0.0,mean_0.75,4,0.75,0.15,beta,none
City-B,T3,5x,1000.0,S2_Platform,routine,M_routine,500,True,2,1048.0,1062.1,0.0,0.0,1.0,mean_0.75,4,0.75,0.15,beta,none
City-B,T3,5x,1000.0,S2_Platform,cross_regime,M_stress,500,True,2,1048.0,547.4,452.6,0.4777,0.0,mean_0.75,4,0.75,0.15,beta,none
City-B,T3,5x,1000.0,S3_Lin4,routine,M_routine,500,True,2,1010.6,1174.4,0.0,0.0,1.0,mean_0.75,4,0.75,0.15,beta,none
City-B,T3,5x,1000.0,S3_Lin4,cross_regime,M_stress,500,True,2,1010.6,646.3,353.7,0.3605,0.0,mean_0.75,4,0.75,0.15,beta,none
City-B,T3,5x,1000.0,S4_GlobalCalib,routine,M_routine,500,True,2,1103.8,1050.4,0.0,0.0484,1.0,mean_0.75,4,0.75,0.15,beta,none
City-B,T3,5x,1000.0,S4_GlobalCalib,cross_regime,M_stress,500,True,2,1103.8,381.8,618.2,0.6541,0.0,mean_0.75,4,0.75,0.15,beta,none
City-B,T3,5x,1000.0,S5_CityCalib,routine,M_routine,500,True,2,1092.5,1050.4,0.0,0.0385,1.0,mean_0.75,4,0.75,0.15,beta,none
City-B,T3,5x,1000.0,S5_CityCalib,cross_regime,M_stress,500,True,2,1092.5,381.8,618.2,0.6505,0.0,mean_0.75,4,0.75,0.15,beta,none
City-B,T3,5x,1000.0,S6_Q10,routine,M_routine,500,True,3,1183.3,1594.5,0.0,0.0,1.0,mean_0.75,4,0.75,0.15,beta,none
City-B,T3,5x,1000.0,S6_Q10,cross_regime,M_stress,500,True,3,1183.3,708.7,291.3,0.4011,0.0,mean_0.75,4,0.75,0.15,beta,none
City-B,T3,10x,2000.0,S0a_RoutineOracle,routine,M_routine,500,True,4,2272.0,2272.0,0.0,0.0,1.0,mean_0.75,4,0.75,0.15,beta,none
City-B,T3,10x,2000.0,S0a_RoutineOracle,cross_regime,M_stress,500,True,4,2272.0,1066.1,933.9,0.5308,0.0,mean_0.75,4,0.75,0.15,beta,none
City-B,T3,10x,2000.0,S0b_StressOracle,routine,M_routine,500,True,7,2110.6,2680.7,0.0,0.0,1.0,mean_0.75,4,0.75,0.15,beta,none
City-B,T3,10x,2000.0,S0b_StressOracle,cross_regime,M_stress,500,True,7,2110.6,2110.6,0.0,0.0,1.0,mean_0.75,4,0.75,0.15,beta,none
City-B,T3,10x,2000.0,S1_CapRR,routine,M_routine,500,True,3,2203.9,1594.5,405.5,0.2765,0.0,mean_0.75,4,0.75,0.15,beta,none
City-B,T3,10x,2000.0,S1_CapRR,cross_regime,M_stress,500,True,3,2203.9,708.7,1291.3,0.6784,0.0,mean_0.75,4,0.75,0.15,beta,none
City-B,T3,10x,2000.0,S2_Platform,routine,M_routine,500,True,5,2307.7,2542.5,0.0,0.0,1.0,mean_0.75,4,0.75,0.15,beta,none
City-B,T3,10x,2000.0,S2_Platform,cross_regime,M_stress,500,True,5,2307.7,1379.9,620.1,0.4021,0.0,mean_0.75,4,0.75,0.15,beta,none
City-B,T3,10x,2000.0,S3_Lin4,routine,M_routine,500,True,5,2416.4,2689.1,0.0,0.0,1.0,mean_0.75,4,0.75,0.15,beta,none
City-B,T3,10x,2000.0,S3_Lin4,cross_regime,M_stress,500,True,5,2416.4,1343.6,656.4,0.444,0.0,mean_0.75,4,0.75,0.15,beta,none
City-B,T3,10x,2000.0,S4_GlobalCalib,routine,M_routine,500,True,4,2160.1,2224.8,0.0,0.0,1.0,mean_0.75,4,0.75,0.15,beta,none
City-B,T3,10x,2000.0,S4_GlobalCalib,cross_regime,M_stress,500,True,4,2160.1,1028.1,971.9,0.5241,0.0,mean_0.75,4,0.75,0.15,beta,none
City-B,T3,10x,2000.0,S5_CityCalib,routine,M_routine,500,True,4,2138.1,2224.8,0.0,0.0,1.0,mean_0.75,4,0.75,0.15,beta,none
City-B,T3,10x,2000.0,S5_CityCalib,cross_regime,M_stress,500,True,4,2138.1,1028.1,971.9,0.5192,0.0,mean_0.75,4,0.75,0.15,beta,none
City-B,T3,10x,2000.0,S6_Q10,routine,M_routine,500,True,6,2195.0,3265.1,0.0,0.0,1.0,mean_0.75,4,0.75,0.15,beta,none
City-B,T3,10x,2000.0,S6_Q10,cross_regime,M_stress,500,True,6,2195.0,1551.5,448.5,0.2931,0.0,mean_0.75,4,0.75,0.15,beta,none
City-B,T4,1x,140.0,S0a_RoutineOracle,routine,M_routine,500,True,1,840.1,840.1,0.0,0.0,1.0,mean_0.75,4,0.75,0.15,beta,none
City-B,T4,1x,140.0,S0a_RoutineOracle,cross_regime,M_stress,500,True,1,840.1,380.5,0.0,0.5471,1.0,mean_0.75,4,0.75,0.15,beta,none
City-B,T4,1x,140.0,S0b_StressOracle,routine,M_routine,500,True,1,423.6,781.5,0.0,0.0,1.0,mean_0.75,4,0.75,0.15,beta,none
City-B,T4,1x,140.0,S0b_StressOracle,cross_regime,M_stress,500,True,1,423.6,423.6,0.0,0.0,1.0,mean_0.75,4,0.75,0.15,beta,none
City-B,T4,1x,140.0,S1_CapRR,routine,M_routine,500,True,1,846.0,840.1,0.0,0.007,1.0,mean_0.75,4,0.75,0.15,beta,none
City-B,T4,1x,140.0,S1_CapRR,cross_regime,M_stress,500,True,1,846.0,380.5,0.0,0.5502,1.0,mean_0.75,4,0.75,0.15,beta,none
City-B,T4,1x,140.0,S2_Platform,routine,M_routine,500,True,1,480.1,840.1,0.0,0.0,1.0,mean_0.75,4,0.75,0.15,beta,none
City-B,T4,1x,140.0,S2_Platform,cross_regime,M_stress,500,True,1,480.1,380.5,0.0,0.2074,1.0,mean_0.75,4,0.75,0.15,beta,none
City-B,T4,1x,140.0,S3_Lin4,routine,M_routine,500,True,1,517.9,558.1,0.0,0.0,1.0,mean_0.75,4,0.75,0.15,beta,none
City-B,T4,1x,140.0,S3_Lin4,cross_regime,M_stress,500,True,1,517.9,348.0,0.0,0.328,1.0,mean_0.75,4,0.75,0.15,beta,none
City-B,T4,1x,140.0,S4_GlobalCalib,routine,M_routine,500,True,1,622.9,840.1,0.0,0.0,1.0,mean_0.75,4,0.75,0.15,beta,none
City-B,T4,1x,140.0,S4_GlobalCalib,cross_regime,M_stress,500,True,1,622.9,380.5,0.0,0.3891,1.0,mean_0.75,4,0.75,0.15,beta,none
City-B,T4,1x,140.0,S5_CityCalib,routine,M_routine,500,True,1,618.2,840.1,0.0,0.0,1.0,mean_0.75,4,0.75,0.15,beta,none
City-B,T4,1x,140.0,S5_CityCalib,cross_regime,M_stress,500,True,1,618.2,380.5,0.0,0.3845,1.0,mean_0.75,4,0.75,0.15,beta,none
City-B,T4,1x,140.0,S6_Q10,routine,M_routine,500,True,1,454.8,840.1,0.0,0.0,1.0,mean_0.75,4,0.75,0.15,beta,none
City-B,T4,1x,140.0,S6_Q10,cross_regime,M_stress,500,True,1,454.8,380.5,0.0,0.1634,1.0,mean_0.75,4,0.75,0.15,beta,none
City-B,T4,2x,280.0,S0a_RoutineOracle,routine,M_routine,500,True,1,840.1,840.1,0.0,0.0,1.0,mean_0.75,4,0.75,0.15,beta,none
City-B,T4,2x,280.0,S0a_RoutineOracle,cross_regime,M_stress,500,True,1,840.1,380.5,0.0,0.5471,1.0,mean_0.75,4,0.75,0.15,beta,none
City-B,T4,2x,280.0,S0b_StressOracle,routine,M_routine,500,True,1,423.6,781.5,0.0,0.0,1.0,mean_0.75,4,0.75,0.15,beta,none
City-B,T4,2x,280.0,S0b_StressOracle,cross_regime,M_stress,500,True,1,423.6,423.6,0.0,0.0,1.0,mean_0.75,4,0.75,0.15,beta,none
City-B,T4,2x,280.0,S1_CapRR,routine,M_routine,500,True,1,846.0,840.1,0.0,0.007,1.0,mean_0.75,4,0.75,0.15,beta,none
City-B,T4,2x,280.0,S1_CapRR,cross_regime,M_stress,500,True,1,846.0,380.5,0.0,0.5502,1.0,mean_0.75,4,0.75,0.15,beta,none
City-B,T4,2x,280.0,S2_Platform,routine,M_routine,500,True,1,480.1,840.1,0.0,0.0,1.0,mean_0.75,4,0.75,0.15,beta,none
City-B,T4,2x,280.0,S2_Platform,cross_regime,M_stress,500,True,1,480.1,380.5,0.0,0.2074,1.0,mean_0.75,4,0.75,0.15,beta,none
City-B,T4,2x,280.0,S3_Lin4,routine,M_routine,500,True,1,517.9,558.1,0.0,0.0,1.0,mean_0.75,4,0.75,0.15,beta,none
City-B,T4,2x,280.0,S3_Lin4,cross_regime,M_stress,500,True,1,517.9,348.0,0.0,0.328,1.0,mean_0.75,4,0.75,0.15,beta,none
City-B,T4,2x,280.0,S4_GlobalCalib,routine,M_routine,500,True,1,622.9,840.1,0.0,0.0,1.0,mean_0.75,4,0.75,0.15,beta,none
City-B,T4,2x,280.0,S4_GlobalCalib,cross_regime,M_stress,500,True,1,622.9,380.5,0.0,0.3891,1.0,mean_0.75,4,0.75,0.15,beta,none
City-B,T4,2x,280.0,S5_CityCalib,routine,M_routine,500,True,1,618.2,840.1,0.0,0.0,1.0,mean_0.75,4,0.75,0.15,beta,none
City-B,T4,2x,280.0,S5_CityCalib,cross_regime,M_stress,500,True,1,618.2,380.5,0.0,0.3845,1.0,mean_0.75,4,0.75,0.15,beta,none
City-B,T4,2x,280.0,S6_Q10,routine,M_routine,500,True,1,454.8,840.1,0.0,0.0,1.0,mean_0.75,4,0.75,0.15,beta,none
City-B,T4,2x,280.0,S6_Q10,cross_regime,M_stress,500,True,1,454.8,380.5,0.0,0.1634,1.0,mean_0.75,4,0.75,0.15,beta,none
City-B,T4,5x,700.0,S0a_RoutineOracle,routine,M_routine,500,True,1,840.1,840.1,0.0,0.0,1.0,mean_0.75,4,0.75,0.15,beta,none
City-B,T4,5x,700.0,S0a_RoutineOracle,cross_regime,M_stress,500,True,1,840.1,380.5,319.5,0.5471,0.0,mean_0.75,4,0.75,0.15,beta,none
City-B,T4,5x,700.0,S0b_StressOracle,routine,M_routine,500,True,2,833.6,1477.0,0.0,0.0,1.0,mean_0.75,4,0.75,0.15,beta,none
City-B,T4,5x,700.0,S0b_StressOracle,cross_regime,M_stress,500,True,2,833.6,833.6,0.0,0.0,1.0,mean_0.75,4,0.75,0.15,beta,none
City-B,T4,5x,700.0,S1_CapRR,routine,M_routine,500,True,1,846.0,840.1,0.0,0.007,1.0,mean_0.75,4,0.75,0.15,beta,none
City-B,T4,5x,700.0,S1_CapRR,cross_regime,M_stress,500,True,1,846.0,380.5,319.5,0.5502,0.0,mean_0.75,4,0.75,0.15,beta,none
City-B,T4,5x,700.0,S2_Platform,routine,M_routine,500,True,2,912.9,1535.6,0.0,0.0,1.0,mean_0.75,4,0.75,0.15,beta,none
City-B,T4,5x,700.0,S2_Platform,cross_regime,M_stress,500,True,2,912.9,790.5,0.0,0.1341,1.0,mean_0.75,4,0.75,0.15,beta,none
City-B,T4,5x,700.0,S3_Lin4,routine,M_routine,500,True,2,1028.8,1253.5,0.0,0.0,1.0,mean_0.75,4,0.75,0.15,beta,none
City-B,T4,5x,700.0,S3_Lin4,cross_regime,M_stress,500,True,2,1028.8,758.0,0.0,0.2633,1.0,mean_0.75,4,0.75,0.15,beta,none
City-B,T4,5x,700.0,S4_GlobalCalib,routine,M_routine,500,True,2,1242.8,1621.6,0.0,0.0,1.0,mean_0.75,4,0.75,0.15,beta,none
City-B,T4,5x,700.0,S4_GlobalCalib,cross_regime,M_stress,500,True,2,1242.8,804.1,0.0,0.353,1.0,mean_0.75,4,0.75,0.15,beta,none
City-B,T4,5x,700.0,S5_CityCalib,routine,M_routine,500,True,2,1233.5,1621.6,0.0,0.0,1.0,mean_0.75,4,0.75,0.15,beta,none
City-B,T4,5x,700.0,S5_CityCalib,cross_regime,M_stress,500,True,2,1233.5,804.1,0.0,0.3481,1.0,mean_0.75,4,0.75,0.15,beta,none
City-B,T4,5x,700.0,S6_Q10,routine,M_routine,500,True,2,907.5,1621.6,0.0,0.0,1.0,mean_0.75,4,0.75,0.15,beta,none
City-B,T4,5x,700.0,S6_Q10,cross_regime,M_stress,500,True,2,907.5,804.1,0.0,0.1139,1.0,mean_0.75,4,0.75,0.15,beta,none
City-B,T4,10x,1400.0,S0a_RoutineOracle,routine,M_routine,500,True,2,1621.6,1621.6,0.0,0.0,1.0,mean_0.75,4,0.75,0.15,beta,none
City-B,T4,10x,1400.0,S0a_RoutineOracle,cross_regime,M_stress,500,True,2,1621.6,804.1,595.9,0.5041,0.0,mean_0.75,4,0.75,0.15,beta,none
City-B,T4,10x,1400.0,S0b_StressOracle,routine,M_routine,500,True,4,1600.2,2693.4,0.0,0.0,1.0,mean_0.75,4,0.75,0.15,beta,none
City-B,T4,10x,1400.0,S0b_StressOracle,cross_regime,M_stress,500,True,4,1600.2,1600.2,0.0,0.0,1.0,mean_0.75,4,0.75,0.15,beta,none
City-B,T4,10x,1400.0,S1_CapRR,routine,M_routine,500,True,2,1688.0,1621.6,0.0,0.0393,1.0,mean_0.75,4,0.75,0.15,beta,none
City-B,T4,10x,1400.0,S1_CapRR,cross_regime,M_stress,500,True,2,1688.0,804.1,595.9,0.5236,0.0,mean_0.75,4,0.75,0.15,beta,none
City-B,T4,10x,1400.0,S2_Platform,routine,M_routine,500,True,4,1693.5,2469.9,0.0,0.0,1.0,mean_0.75,4,0.75,0.15,beta,none
City-B,T4,10x,1400.0,S2_Platform,cross_regime,M_stress,500,True,4,1693.5,1524.6,0.0,0.0997,1.0,mean_0.75,4,0.75,0.15,beta,none
City-B,T4,10x,1400.0,S3_Lin4,routine,M_routine,500,True,3,1536.5,2093.6,0.0,0.0,1.0,mean_0.75,4,0.75,0.15,beta,none
City-B,T4,10x,1400.0,S3_Lin4,cross_regime,M_stress,500,True,3,1536.5,1138.5,261.5,0.2591,0.0,mean_0.75,4,0.75,0.15,beta,none
City-B,T4,10x,1400.0,S4_GlobalCalib,routine,M_routine,500,True,3,1844.1,2179.7,0.0,0.0,1.0,mean_0.75,4,0.75,0.15,beta,none
City-B,T4,10x,1400.0,S4_GlobalCalib,cross_regime,M_stress,500,True,3,1844.1,1152.1,247.9,0.3752,0.0,mean_0.75,4,0.75,0.15,beta,none
City-B,T4,10x,1400.0,S5_CityCalib,routine,M_routine,500,True,3,1830.2,2179.7,0.0,0.0,1.0,mean_0.75,4,0.75,0.15,beta,none
City-B,T4,10x,1400.0,S5_CityCalib,cross_regime,M_stress,500,True,3,1830.2,1152.1,247.9,0.3705,0.0,mean_0.75,4,0.75,0.15,beta,none
City-B,T4,10x,1400.0,S6_Q10,routine,M_routine,500,True,4,1775.9,2875.2,0.0,0.0,1.0,mean_0.75,4,0.75,0.15,beta,none
City-B,T4,10x,1400.0,S6_Q10,cross_regime,M_stress,500,True,4,1775.9,1562.1,0.0,0.1204,1.0,mean_0.75,4,0.75,0.15,beta,none
City-B,T5,1x,160.0,S0a_RoutineOracle,routine,M_routine,500,True,1,691.0,691.0,0.0,0.0,1.0,mean_0.75,4,0.75,0.15,beta,none
City-B,T5,1x,160.0,S0a_RoutineOracle,cross_regime,M_stress,500,True,1,691.0,430.2,0.0,0.3775,1.0,mean_0.75,4,0.75,0.15,beta,none
City-B,T5,1x,160.0,S0b_StressOracle,routine,M_routine,500,True,1,430.2,691.0,0.0,0.0,1.0,mean_0.75,4,0.75,0.15,beta,none
City-B,T5,1x,160.0,S0b_StressOracle,cross_regime,M_stress,500,True,1,430.2,430.2,0.0,0.0,1.0,mean_0.75,4,0.75,0.15,beta,none
City-B,T5,1x,160.0,S1_CapRR,routine,M_routine,500,True,1,744.5,691.0,0.0,0.0718,1.0,mean_0.75,4,0.75,0.15,beta,none
City-B,T5,1x,160.0,S1_CapRR,cross_regime,M_stress,500,True,1,744.5,430.2,0.0,0.4222,1.0,mean_0.75,4,0.75,0.15,beta,none
City-B,T5,1x,160.0,S2_Platform,routine,M_routine,500,True,1,553.3,226.4,0.0,0.5908,1.0,mean_0.75,4,0.75,0.15,beta,none
City-B,T5,1x,160.0,S2_Platform,cross_regime,M_stress,500,True,1,553.3,398.8,0.0,0.2793,1.0,mean_0.75,4,0.75,0.15,beta,none
City-B,T5,1x,160.0,S3_Lin4,routine,M_routine,500,True,1,513.2,652.5,0.0,0.0,1.0,mean_0.75,4,0.75,0.15,beta,none
City-B,T5,1x,160.0,S3_Lin4,cross_regime,M_stress,500,True,1,513.2,320.0,0.0,0.3765,1.0,mean_0.75,4,0.75,0.15,beta,none
City-B,T5,1x,160.0,S4_GlobalCalib,routine,M_routine,500,True,1,557.7,691.0,0.0,0.0,1.0,mean_0.75,4,0.75,0.15,beta,none
City-B,T5,1x,160.0,S4_GlobalCalib,cross_regime,M_stress,500,True,1,557.7,430.2,0.0,0.2286,1.0,mean_0.75,4,0.75,0.15,beta,none
City-B,T5,1x,160.0,S5_CityCalib,routine,M_routine,500,True,1,554.5,691.0,0.0,0.0,1.0,mean_0.75,4,0.75,0.15,beta,none
City-B,T5,1x,160.0,S5_CityCalib,cross_regime,M_stress,500,True,1,554.5,430.2,0.0,0.2242,1.0,mean_0.75,4,0.75,0.15,beta,none
City-B,T5,1x,160.0,S6_Q10,routine,M_routine,500,True,1,401.4,691.0,0.0,0.0,1.0,mean_0.75,4,0.75,0.15,beta,none
City-B,T5,1x,160.0,S6_Q10,cross_regime,M_stress,500,True,1,401.4,430.2,0.0,0.0,1.0,mean_0.75,4,0.75,0.15,beta,none
City-B,T5,2x,320.0,S0a_RoutineOracle,routine,M_routine,500,True,1,691.0,691.0,0.0,0.0,1.0,mean_0.75,4,0.75,0.15,beta,none
City-B,T5,2x,320.0,S0a_RoutineOracle,cross_regime,M_stress,500,True,1,691.0,430.2,0.0,0.3775,1.0,mean_0.75,4,0.75,0.15,beta,none
City-B,T5,2x,320.0,S0b_StressOracle,routine,M_routine,500,True,1,430.2,691.0,0.0,0.0,1.0,mean_0.75,4,0.75,0.15,beta,none
City-B,T5,2x,320.0,S0b_StressOracle,cross_regime,M_stress,500,True,1,430.2,430.2,0.0,0.0,1.0,mean_0.75,4,0.75,0.15,beta,none
City-B,T5,2x,320.0,S1_CapRR,routine,M_routine,500,True,1,744.5,691.0,0.0,0.0718,1.0,mean_0.75,4,0.75,0.15,beta,none
City-B,T5,2x,320.0,S1_CapRR,cross_regime,M_stress,500,True,1,744.5,430.2,0.0,0.4222,1.0,mean_0.75,4,0.75,0.15,beta,none
City-B,T5,2x,320.0,S2_Platform,routine,M_routine,500,True,1,553.3,226.4,93.6,0.5908,0.0,mean_0.75,4,0.75,0.15,beta,none
City-B,T5,2x,320.0,S2_Platform,cross_regime,M_stress,500,True,1,553.3,398.8,0.0,0.2793,1.0,mean_0.75,4,0.75,0.15,beta,none
City-B,T5,2x,320.0,S3_Lin4,routine,M_routine,500,True,1,513.2,652.5,0.0,0.0,1.0,mean_0.75,4,0.75,0.15,beta,none
City-B,T5,2x,320.0,S3_Lin4,cross_regime,M_stress,500,True,1,513.2,320.0,0.0,0.3765,1.0,mean_0.75,4,0.75,0.15,beta,none
City-B,T5,2x,320.0,S4_GlobalCalib,routine,M_routine,500,True,1,557.7,691.0,0.0,0.0,1.0,mean_0.75,4,0.75,0.15,beta,none
City-B,T5,2x,320.0,S4_GlobalCalib,cross_regime,M_stress,500,True,1,557.7,430.2,0.0,0.2286,1.0,mean_0.75,4,0.75,0.15,beta,none
City-B,T5,2x,320.0,S5_CityCalib,routine,M_routine,500,True,1,554.5,691.0,0.0,0.0,1.0,mean_0.75,4,0.75,0.15,beta,none
City-B,T5,2x,320.0,S5_CityCalib,cross_regime,M_stress,500,True,1,554.5,430.2,0.0,0.2242,1.0,mean_0.75,4,0.75,0.15,beta,none
City-B,T5,2x,320.0,S6_Q10,routine,M_routine,500,True,1,401.4,691.0,0.0,0.0,1.0,mean_0.75,4,0.75,0.15,beta,none
City-B,T5,2x,320.0,S6_Q10,cross_regime,M_stress,500,True,1,401.4,430.2,0.0,0.0,1.0,mean_0.75,4,0.75,0.15,beta,none
City-B,T5,5x,800.0,S0a_RoutineOracle,routine,M_routine,500,True,2,1343.6,1343.6,0.0,0.0,1.0,mean_0.75,4,0.75,0.15,beta,none
City-B,T5,5x,800.0,S0a_RoutineOracle,cross_regime,M_stress,500,True,2,1343.6,750.2,49.8,0.4416,0.0,mean_0.75,4,0.75,0.15,beta,none
City-B,T5,5x,800.0,S0b_StressOracle,routine,M_routine,500,True,2,829.0,917.4,0.0,0.0,1.0,mean_0.75,4,0.75,0.15,beta,none
City-B,T5,5x,800.0,S0b_StressOracle,cross_regime,M_stress,500,True,2,829.0,829.0,0.0,0.0,1.0,mean_0.75,4,0.75,0.15,beta,none
City-B,T5,5x,800.0,S1_CapRR,routine,M_routine,500,True,2,1485.4,917.4,0.0,0.3824,1.0,mean_0.75,4,0.75,0.15,beta,none
City-B,T5,5x,800.0,S1_CapRR,cross_regime,M_stress,500,True,2,1485.4,829.0,0.0,0.4419,1.0,mean_0.75,4,0.75,0.15,beta,none
City-B,T5,5x,800.0,S2_Platform,routine,M_routine,500,True,2,1093.7,878.9,0.0,0.1963,1.0,mean_0.75,4,0.75,0.15,beta,none
City-B,T5,5x,800.0,S2_Platform,cross_regime,M_stress,500,True,2,1093.7,718.8,81.2,0.3428,0.0,mean_0.75,4,0.75,0.15,beta,none
City-B,T5,5x,800.0,S3_Lin4,routine,M_routine,500,True,2,1019.5,970.1,0.0,0.0484,1.0,mean_0.75,4,0.75,0.15,beta,none
City-B,T5,5x,800.0,S3_Lin4,cross_regime,M_stress,500,True,2,1019.5,664.0,136.0,0.3487,0.0,mean_0.75,4,0.75,0.15,beta,none
City-B,T5,5x,800.0,S4_GlobalCalib,routine,M_routine,500,True,2,1112.7,917.4,0.0,0.1755,1.0,mean_0.75,4,0.75,0.15,beta,none
City-B,T5,5x,800.0,S4_GlobalCalib,cross_regime,M_stress,500,True,2,1112.7,829.0,0.0,0.255,1.0,mean_0.75,4,0.75,0.15,beta,none
City-B,T5,5x,800.0,S5_CityCalib,routine,M_routine,500,True,2,1106.3,917.4,0.0,0.1707,1.0,mean_0.75,4,0.75,0.15,beta,none
City-B,T5,5x,800.0,S5_CityCalib,cross_regime,M_stress,500,True,2,1106.3,829.0,0.0,0.2507,1.0,mean_0.75,4,0.75,0.15,beta,none
City-B,T5,5x,800.0,S6_Q10,routine,M_routine,500,True,2,800.9,917.4,0.0,0.0,1.0,mean_0.75,4,0.75,0.15,beta,none
City-B,T5,5x,800.0,S6_Q10,cross_regime,M_stress,500,True,2,800.9,829.0,0.0,0.0,1.0,mean_0.75,4,0.75,0.15,beta,none
City-B,T5,10x,1600.0,S0a_RoutineOracle,routine,M_routine,500,True,3,1759.7,1759.7,0.0,0.0,1.0,mean_0.75,4,0.75,0.15,beta,none
City-B,T5,10x,1600.0,S0a_RoutineOracle,cross_regime,M_stress,500,True,3,1759.7,953.1,646.9,0.4584,0.0,mean_0.75,4,0.75,0.15,beta,none
City-B,T5,10x,1600.0,S0b_StressOracle,routine,M_routine,500,True,5,1899.4,1911.2,0.0,0.0,1.0,mean_0.75,4,0.75,0.15,beta,none
City-B,T5,10x,1600.0,S0b_StressOracle,cross_regime,M_stress,500,True,5,1899.4,1899.4,0.0,0.0,1.0,mean_0.75,4,0.75,0.15,beta,none
City-B,T5,10x,1600.0,S1_CapRR,routine,M_routine,500,True,3,2203.9,1570.0,30.0,0.2876,0.0,mean_0.75,4,0.75,0.15,beta,none
City-B,T5,10x,1600.0,S1_CapRR,cross_regime,M_stress,500,True,3,2203.9,1149.0,451.0,0.4787,0.0,mean_0.75,4,0.75,0.15,beta,none
City-B,T5,10x,1600.0,S2_Platform,routine,M_routine,500,True,4,2025.8,1537.5,62.5,0.2411,0.0,mean_0.75,4,0.75,0.15,beta,none
City-B,T5,10x,1600.0,S2_Platform,cross_regime,M_stress,500,True,4,2025.8,1434.6,165.4,0.2918,0.0,mean_0.75,4,0.75,0.15,beta,none
City-B,T5,10x,1600.0,S3_Lin4,routine,M_routine,500,True,4,2015.6,1887.5,0.0,0.0636,1.0,mean_0.75,4,0.75,0.15,beta,none
City-B,T5,10x,1600.0,S3_Lin4,cross_regime,M_stress,500,True,4,2015.6,1493.0,107.0,0.2593,0.0,mean_0.75,4,0.75,0.15,beta,none
City-B,T5,10x,1600.0,S4_GlobalCalib,routine,M_routine,500,True,3,1650.8,1570.0,30.0,0.049,0.0,mean_0.75,4,0.75,0.15,beta,none
City-B,T5,10x,1600.0,S4_GlobalCalib,cross_regime,M_stress,500,True,3,1650.8,1149.0,451.0,0.304,0.0,mean_0.75,4,0.75,0.15,beta,none
City-B,T5,10x,1600.0,S5_CityCalib,routine,M_routine,500,True,3,1641.5,1570.0,30.0,0.0436,0.0,mean_0.75,4,0.75,0.15,beta,none
City-B,T5,10x,1600.0,S5_CityCalib,cross_regime,M_stress,500,True,3,1641.5,1149.0,451.0,0.3,0.0,mean_0.75,4,0.75,0.15,beta,none
City-B,T5,10x,1600.0,S6_Q10,routine,M_routine,500,True,5,1898.9,2228.5,0.0,0.0,1.0,mean_0.75,4,0.75,0.15,beta,none
City-B,T5,10x,1600.0,S6_Q10,cross_regime,M_stress,500,True,5,1898.9,1864.8,0.0,0.0179,1.0,mean_0.75,4,0.75,0.15,beta,none
City-C,T1,1x,180.0,S0a_RoutineOracle,routine,M_routine,650,True,1,525.9,525.9,0.0,0.0,1.0,mean_0.75,4,0.75,0.15,beta,none
City-C,T1,1x,180.0,S0a_RoutineOracle,cross_regime,M_stress,650,True,1,525.9,74.1,105.9,0.8592,0.0,mean_0.75,4,0.75,0.15,beta,none
City-C,T1,1x,180.0,S0b_StressOracle,routine,M_routine,650,True,1,417.9,481.6,0.0,0.0,1.0,mean_0.75,4,0.75,0.15,beta,none
City-C,T1,1x,180.0,S0b_StressOracle,cross_regime,M_stress,650,True,1,417.9,417.9,0.0,0.0,1.0,mean_0.75,4,0.75,0.15,beta,none
City-C,T1,1x,180.0,S1_CapRR,routine,M_routine,650,True,1,737.0,481.6,0.0,0.3466,1.0,mean_0.75,4,0.75,0.15,beta,none
City-C,T1,1x,180.0,S1_CapRR,cross_regime,M_stress,650,True,1,737.0,417.9,0.0,0.433,1.0,mean_0.75,4,0.75,0.15,beta,none
City-C,T1,1x,180.0,S2_Platform,routine,M_routine,650,True,1,460.9,481.6,0.0,0.0,1.0,mean_0.75,4,0.75,0.15,beta,none
City-C,T1,1x,180.0,S2_Platform,cross_regime,M_stress,650,True,1,460.9,417.9,0.0,0.0932,1.0,mean_0.75,4,0.75,0.15,beta,none
City-C,T1,1x,180.0,S3_Lin4,routine,M_routine,650,True,1,465.9,481.6,0.0,0.0,1.0,mean_0.75,4,0.75,0.15,beta,none
City-C,T1,1x,180.0,S3_Lin4,cross_regime,M_stress,650,True,1,465.9,417.9,0.0,0.103,1.0,mean_0.75,4,0.75,0.15,beta,none
City-C,T1,1x,180.0,S4_GlobalCalib,routine,M_routine,650,True,1,550.6,481.6,0.0,0.1254,1.0,mean_0.75,4,0.75,0.15,beta,none
City-C,T1,1x,180.0,S4_GlobalCalib,cross_regime,M_stress,650,True,1,550.6,417.9,0.0,0.241,1.0,mean_0.75,4,0.75,0.15,beta,none
City-C,T1,1x,180.0,S5_CityCalib,routine,M_routine,650,True,1,556.2,481.6,0.0,0.1341,1.0,mean_0.75,4,0.75,0.15,beta,none
City-C,T1,1x,180.0,S5_CityCalib,cross_regime,M_stress,650,True,1,556.2,417.9,0.0,0.2486,1.0,mean_0.75,4,0.75,0.15,beta,none
City-C,T1,1x,180.0,S6_Q10,routine,M_routine,650,True,1,397.7,481.6,0.0,0.0,1.0,mean_0.75,4,0.75,0.15,beta,none
City-C,T1,1x,180.0,S6_Q10,cross_regime,M_stress,650,True,1,397.7,417.9,0.0,0.0,1.0,mean_0.75,4,0.75,0.15,beta,none
City-C,T1,2x,360.0,S0a_RoutineOracle,routine,M_routine,650,True,1,525.9,525.9,0.0,0.0,1.0,mean_0.75,4,0.75,0.15,beta,none
City-C,T1,2x,360.0,S0a_RoutineOracle,cross_regime,M_stress,650,True,1,525.9,74.1,285.9,0.8592,0.0,mean_0.75,4,0.75,0.15,beta,none
City-C,T1,2x,360.0,S0b_StressOracle,routine,M_routine,650,True,1,417.9,481.6,0.0,0.0,1.0,mean_0.75,4,0.75,0.15,beta,none
City-C,T1,2x,360.0,S0b_StressOracle,cross_regime,M_stress,650,True,1,417.9,417.9,0.0,0.0,1.0,mean_0.75,4,0.75,0.15,beta,none
City-C,T1,2x,360.0,S1_CapRR,routine,M_routine,650,True,1,737.0,481.6,0.0,0.3466,1.0,mean_0.75,4,0.75,0.15,beta,none
City-C,T1,2x,360.0,S1_CapRR,cross_regime,M_stress,650,True,1,737.0,417.9,0.0,0.433,1.0,mean_0.75,4,0.75,0.15,beta,none
City-C,T1,2x,360.0,S2_Platform,routine,M_routine,650,True,1,460.9,481.6,0.0,0.0,1.0,mean_0.75,4,0.75,0.15,beta,none
City-C,T1,2x,360.0,S2_Platform,cross_regime,M_stress,650,True,1,460.9,417.9,0.0,0.0932,1.0,mean_0.75,4,0.75,0.15,beta,none
City-C,T1,2x,360.0,S3_Lin4,routine,M_routine,650,True,1,465.9,481.6,0.0,0.0,1.0,mean_0.75,4,0.75,0.15,beta,none
City-C,T1,2x,360.0,S3_Lin4,cross_regime,M_stress,650,True,1,465.9,417.9,0.0,0.103,1.0,mean_0.75,4,0.75,0.15,beta,none
City-C,T1,2x,360.0,S4_GlobalCalib,routine,M_routine,650,True,1,550.6,481.6,0.0,0.1254,1.0,mean_0.75,4,0.75,0.15,beta,none
City-C,T1,2x,360.0,S4_GlobalCalib,cross_regime,M_stress,650,True,1,550.6,417.9,0.0,0.241,1.0,mean_0.75,4,0.75,0.15,beta,none
City-C,T1,2x,360.0,S5_CityCalib,routine,M_routine,650,True,1,556.2,481.6,0.0,0.1341,1.0,mean_0.75,4,0.75,0.15,beta,none
City-C,T1,2x,360.0,S5_CityCalib,cross_regime,M_stress,650,True,1,556.2,417.9,0.0,0.2486,1.0,mean_0.75,4,0.75,0.15,beta,none
City-C,T1,2x,360.0,S6_Q10,routine,M_routine,650,True,1,397.7,481.6,0.0,0.0,1.0,mean_0.75,4,0.75,0.15,beta,none
City-C,T1,2x,360.0,S6_Q10,cross_regime,M_stress,650,True,1,397.7,417.9,0.0,0.0,1.0,mean_0.75,4,0.75,0.15,beta,none
City-C,T1,5x,900.0,S0a_RoutineOracle,routine,M_routine,650,True,2,1009.9,1009.9,0.0,0.0,1.0,mean_0.75,4,0.75,0.15,beta,none
City-C,T1,5x,900.0,S0a_RoutineOracle,cross_regime,M_stress,650,True,2,1009.9,417.5,482.5,0.5866,0.0,mean_0.75,4,0.75,0.15,beta,none
City-C,T1,5x,900.0,S0b_StressOracle,routine,M_routine,650,True,3,1109.7,1398.3,0.0,0.0,1.0,mean_0.75,4,0.75,0.15,beta,none
City-C,T1,5x,900.0,S0b_StressOracle,cross_regime,M_stress,650,True,3,1109.7,1109.7,0.0,0.0,1.0,mean_0.75,4,0.75,0.15,beta,none
City-C,T1,5x,900.0,S1_CapRR,routine,M_routine,650,True,2,1439.5,842.5,57.5,0.4148,0.0,mean_0.75,4,0.75,0.15,beta,none
City-C,T1,5x,900.0,S1_CapRR,cross_regime,M_stress,650,True,2,1439.5,742.3,157.7,0.4843,0.0,mean_0.75,4,0.75,0.15,beta,none
City-C,T1,5x,900.0,S2_Platform,routine,M_routine,650,True,2,904.5,842.5,57.5,0.0686,0.0,mean_0.75,4,0.75,0.15,beta,none
City-C,T1,5x,900.0,S2_Platform,cross_regime,M_stress,650,True,2,904.5,742.3,157.7,0.1793,0.0,mean_0.75,4,0.75,0.15,beta,none
City-C,T1,5x,900.0,S3_Lin4,routine,M_routine,650,True,2,913.5,842.5,57.5,0.0778,0.0,mean_0.75,4,0.75,0.15,beta,none
City-C,T1,5x,900.0,S3_Lin4,cross_regime,M_stress,650,True,2,913.5,742.3,157.7,0.1874,0.0,mean_0.75,4,0.75,0.15,beta,none
City-C,T1,5x,900.0,S4_GlobalCalib,routine,M_routine,650,True,2,1075.5,842.5,57.5,0.2166,0.0,mean_0.75,4,0.75,0.15,beta,none
City-C,T1,5x,900.0,S4_GlobalCalib,cross_regime,M_stress,650,True,2,1075.5,742.3,157.7,0.3097,0.0,mean_0.75,4,0.75,0.15,beta,none
City-C,T1,5x,900.0,S5_CityCalib,routine,M_routine,650,True,2,1086.3,842.5,57.5,0.2244,0.0,mean_0.75,4,0.75,0.15,beta,none
City-C,T1,5x,900.0,S5_CityCalib,cross_regime,M_stress,650,True,2,1086.3,742.3,157.7,0.3166,0.0,mean_0.75,4,0.75,0.15,beta,none
City-C,T1,5x,900.0,S6_Q10,routine,M_routine,650,True,3,1123.0,1326.5,0.0,0.0,1.0,mean_0.75,4,0.75,0.15,beta,none
City-C,T1,5x,900.0,S6_Q10,cross_regime,M_stress,650,True,3,1123.0,1085.8,0.0,0.0332,1.0,mean_0.75,4,0.75,0.15,beta,none
City-C,T1,10x,1800.0,S0a_RoutineOracle,routine,M_routine,650,True,4,1940.2,1940.2,0.0,0.0,1.0,mean_0.75,4,0.75,0.15,beta,none
City-C,T1,10x,1800.0,S0a_RoutineOracle,cross_regime,M_stress,650,True,4,1940.2,1098.8,701.2,0.4337,0.0,mean_0.75,4,0.75,0.15,beta,none
City-C,T1,10x,1800.0,S0b_StressOracle,routine,M_routine,650,True,6,2065.6,2421.5,0.0,0.0,1.0,mean_0.75,4,0.75,0.15,beta,none
City-C,T1,10x,1800.0,S0b_StressOracle,cross_regime,M_stress,650,True,6,2065.6,2065.6,0.0,0.0,1.0,mean_0.75,4,0.75,0.15,beta,none
City-C,T1,10x,1800.0,S1_CapRR,routine,M_routine,650,True,3,2081.1,1326.5,473.5,0.3626,0.0,mean_0.75,4,0.75,0.15,beta,none
City-C,T1,10x,1800.0,S1_CapRR,cross_regime,M_stress,650,True,3,2081.1,1085.8,714.2,0.4783,0.0,mean_0.75,4,0.75,0.15,beta,none
City-C,T1,10x,1800.0,S2_Platform,routine,M_routine,650,True,5,2117.9,2225.8,0.0,0.0,1.0,mean_0.75,4,0.75,0.15,beta,none
City-C,T1,10x,1800.0,S2_Platform,cross_regime,M_stress,650,True,5,2117.9,1317.6,482.4,0.3778,0.0,mean_0.75,4,0.75,0.15,beta,none
City-C,T1,10x,1800.0,S3_Lin4,routine,M_routine,650,True,5,2193.2,2024.8,0.0,0.0768,1.0,mean_0.75,4,0.75,0.15,beta,none
City-C,T1,10x,1800.0,S3_Lin4,cross_regime,M_stress,650,True,5,2193.2,1683.7,116.3,0.2323,0.0,mean_0.75,4,0.75,0.15,beta,none
City-C,T1,10x,1800.0,S4_GlobalCalib,routine,M_routine,650,True,4,1992.1,1852.3,0.0,0.0702,1.0,mean_0.75,4,0.75,0.15,beta,none
City-C,T1,10x,1800.0,S4_GlobalCalib,cross_regime,M_stress,650,True,4,1992.1,1159.8,640.2,0.4178,0.0,mean_0.75,4,0.75,0.15,beta,none
City-C,T1,10x,1800.0,S5_CityCalib,routine,M_routine,650,True,4,2011.6,1852.3,0.0,0.0792,1.0,mean_0.75,4,0.75,0.15,beta,none
City-C,T1,10x,1800.0,S5_CityCalib,cross_regime,M_stress,650,True,4,2011.6,1159.8,640.2,0.4235,0.0,mean_0.75,4,0.75,0.15,beta,none
City-C,T1,10x,1800.0,S6_Q10,routine,M_routine,650,True,6,2058.0,2570.6,0.0,0.0,1.0,mean_0.75,4,0.75,0.15,beta,none
City-C,T1,10x,1800.0,S6_Q10,cross_regime,M_stress,650,True,6,2058.0,1569.3,230.7,0.2374,0.0,mean_0.75,4,0.75,0.15,beta,none
City-C,T2,1x,260.0,S0a_RoutineOracle,routine,M_routine,650,True,1,554.5,554.5,0.0,0.0,1.0,mean_0.75,4,0.75,0.15,beta,none
City-C,T2,1x,260.0,S0a_RoutineOracle,cross_regime,M_stress,650,True,1,554.5,260.0,0.0,0.5312,0.0,mean_0.75,4,0.75,0.15,beta,none
City-C,T2,1x,260.0,S0b_StressOracle,routine,M_routine,650,True,1,395.1,496.6,0.0,0.0,1.0,mean_0.75,4,0.75,0.15,beta,none
City-C,T2,1x,260.0,S0b_StressOracle,cross_regime,M_stress,650,True,1,395.1,395.1,0.0,0.0,1.0,mean_0.75,4,0.75,0.15,beta,none
City-C,T2,1x,260.0,S1_CapRR,routine,M_routine,650,True,1,737.0,496.6,0.0,0.3262,1.0,mean_0.75,4,0.75,0.15,beta,none
City-C,T2,1x,260.0,S1_CapRR,cross_regime,M_stress,650,True,1,737.0,395.1,0.0,0.464,1.0,mean_0.75,4,0.75,0.15,beta,none
City-C,T2,1x,260.0,S2_Platform,routine,M_routine,650,True,1,467.3,496.6,0.0,0.0,1.0,mean_0.75,4,0.75,0.15,beta,none
City-C,T2,1x,260.0,S2_Platform,cross_regime,M_stress,650,True,1,467.3,395.1,0.0,0.1546,1.0,mean_0.75,4,0.75,0.15,beta,none
City-C,T2,1x,260.0,S3_Lin4,routine,M_routine,650,True,1,470.0,496.6,0.0,0.0,1.0,mean_0.75,4,0.75,0.15,beta,none
City-C,T2,1x,260.0,S3_Lin4,cross_regime,M_stress,650,True,1,470.0,395.1,0.0,0.1595,1.0,mean_0.75,4,0.75,0.15,beta,none
City-C,T2,1x,260.0,S4_GlobalCalib,routine,M_routine,650,True,1,550.4,496.6,0.0,0.0977,1.0,mean_0.75,4,0.75,0.15,beta,none
City-C,T2,1x,260.0,S4_GlobalCalib,cross_regime,M_stress,650,True,1,550.4,395.1,0.0,0.2822,1.0,mean_0.75,4,0.75,0.15,beta,none
City-C,T2,1x,260.0,S5_CityCalib,routine,M_routine,650,True,1,543.8,496.6,0.0,0.0868,1.0,mean_0.75,4,0.75,0.15,beta,none
City-C,T2,1x,260.0,S5_CityCalib,cross_regime,M_stress,650,True,1,543.8,395.1,0.0,0.2736,1.0,mean_0.75,4,0.75,0.15,beta,none
City-C,T2,1x,260.0,S6_Q10,routine,M_routine,650,True,1,397.4,496.6,0.0,0.0,1.0,mean_0.75,4,0.75,0.15,beta,none
City-C,T2,1x,260.0,S6_Q10,cross_regime,M_stress,650,True,1,397.4,395.1,0.0,0.0058,1.0,mean_0.75,4,0.75,0.15,beta,none
City-C,T2,2x,520.0,S0a_RoutineOracle,routine,M_routine,650,True,1,554.5,554.5,0.0,0.0,1.0,mean_0.75,4,0.75,0.15,beta,none
City-C,T2,2x,520.0,S0a_RoutineOracle,cross_regime,M_stress,650,True,1,554.5,260.0,260.0,0.5312,0.0,mean_0.75,4,0.75,0.15,beta,none
City-C,T2,2x,520.0,S0b_StressOracle,routine,M_routine,650,True,2,745.5,901.3,0.0,0.0,1.0,mean_0.75,4,0.75,0.15,beta,none
City-C,T2,2x,520.0,S0b_StressOracle,cross_regime,M_stress,650,True,2,745.5,745.5,0.0,0.0,1.0,mean_0.75,4,0.75,0.15,beta,none
City-C,T2,2x,520.0,S1_CapRR,routine,M_routine,650,True,1,737.0,496.6,23.4,0.3262,0.0,mean_0.75,4,0.75,0.15,beta,none
City-C,T2,2x,520.0,S1_CapRR,cross_regime,M_stress,650,True,1,737.0,395.1,124.9,0.464,0.0,mean_0.75,4,0.75,0.15,beta,none
City-C,T2,2x,520.0,S2_Platform,routine,M_routine,650,True,2,902.1,1034.9,0.0,0.0,1.0,mean_0.75,4,0.75,0.15,beta,none
City-C,T2,2x,520.0,S2_Platform,cross_regime,M_stress,650,True,2,902.1,716.1,0.0,0.2061,1.0,mean_0.75,4,0.75,0.15,beta,none
City-C,T2,2x,520.0,S3_Lin4,routine,M_routine,650,True,2,921.6,1034.9,0.0,0.0,1.0,mean_0.75,4,0.75,0.15,beta,none
City-C,T2,2x,520.0,S3_Lin4,cross_regime,M_stress,650,True,2,921.6,716.1,0.0,0.2229,1.0,mean_0.75,4,0.75,0.15,beta,none
City-C,T2,2x,520.0,S4_GlobalCalib,routine,M_routine,650,True,1,550.4,496.6,23.4,0.0977,0.0,mean_0.75,4,0.75,0.15,beta,none
City-C,T2,2x,520.0,S4_GlobalCalib,cross_regime,M_stress,650,True,1,550.4,395.1,124.9,0.2822,0.0,mean_0.75,4,0.75,0.15,beta,none
City-C,T2,2x,520.0,S5_CityCalib,routine,M_routine,650,True,1,543.8,496.6,23.4,0.0868,0.0,mean_0.75,4,0.75,0.15,beta,none
City-C,T2,2x,520.0,S5_CityCalib,cross_regime,M_stress,650,True,1,543.8,395.1,124.9,0.2736,0.0,mean_0.75,4,0.75,0.15,beta,none
City-C,T2,2x,520.0,S6_Q10,routine,M_routine,650,True,2,776.1,1034.9,0.0,0.0,1.0,mean_0.75,4,0.75,0.15,beta,none
City-C,T2,2x,520.0,S6_Q10,cross_regime,M_stress,650,True,2,776.1,716.1,0.0,0.0773,1.0,mean_0.75,4,0.75,0.15,beta,none
City-C,T2,5x,1300.0,S0a_RoutineOracle,routine,M_routine,650,True,3,1625.0,1625.0,0.0,0.0,1.0,mean_0.75,4,0.75,0.15,beta,none
City-C,T2,5x,1300.0,S0a_RoutineOracle,cross_regime,M_stress,650,True,3,1625.0,819.6,480.4,0.4956,0.0,mean_0.75,4,0.75,0.15,beta,none
City-C,T2,5x,1300.0,S0b_StressOracle,routine,M_routine,650,True,4,1418.2,1598.2,0.0,0.0,1.0,mean_0.75,4,0.75,0.15,beta,none
City-C,T2,5x,1300.0,S0b_StressOracle,cross_regime,M_stress,650,True,4,1418.2,1418.2,0.0,0.0,1.0,mean_0.75,4,0.75,0.15,beta,none
City-C,T2,5x,1300.0,S1_CapRR,routine,M_routine,650,True,2,1439.5,1034.9,265.1,0.2811,0.0,mean_0.75,4,0.75,0.15,beta,none
City-C,T2,5x,1300.0,S1_CapRR,cross_regime,M_stress,650,True,2,1439.5,716.1,583.9,0.5025,0.0,mean_0.75,4,0.75,0.15,beta,none
City-C,T2,5x,1300.0,S2_Platform,routine,M_routine,650,True,3,1301.1,1567.1,0.0,0.0,1.0,mean_0.75,4,0.75,0.15,beta,none
City-C,T2,5x,1300.0,S2_Platform,cross_regime,M_stress,650,True,3,1301.1,954.7,345.3,0.2662,0.0,mean_0.75,4,0.75,0.15,beta,none
City-C,T2,5x,1300.0,S3_Lin4,routine,M_routine,650,True,3,1363.6,1567.1,0.0,0.0,1.0,mean_0.75,4,0.75,0.15,beta,none
City-C,T2,5x,1300.0,S3_Lin4,cross_regime,M_stress,650,True,3,1363.6,954.7,345.3,0.2999,0.0,mean_0.75,4,0.75,0.15,beta,none
City-C,T2,5x,1300.0,S4_GlobalCalib,routine,M_routine,650,True,3,1554.1,1567.1,0.0,0.0,1.0,mean_0.75,4,0.75,0.15,beta,none
City-C,T2,5x,1300.0,S4_GlobalCalib,cross_regime,M_stress,650,True,3,1554.1,954.7,345.3,0.3857,0.0,mean_0.75,4,0.75,0.15,beta,none
City-C,T2,5x,1300.0,S5_CityCalib,routine,M_routine,650,True,3,1535.8,1567.1,0.0,0.0,1.0,mean_0.75,4,0.75,0.15,beta,none
City-C,T2,5x,1300.0,S5_CityCalib,cross_regime,M_stress,650,True,3,1535.8,954.7,345.3,0.3783,0.0,mean_0.75,4,0.75,0.15,beta,none
City-C,T2,5x,1300.0,S6_Q10,routine,M_routine,650,True,4,1437.7,2121.6,0.0,0.0,1.0,mean_0.75,4,0.75,0.15,beta,none
City-C,T2,5x,1300.0,S6_Q10,cross_regime,M_stress,650,True,4,1437.7,1214.7,85.3,0.1551,0.0,mean_0.75,4,0.75,0.15,beta,none
City-C,T2,10x,2600.0,S0a_RoutineOracle,routine,M_routine,650,True,5,2648.3,2648.3,0.0,0.0,1.0,mean_0.75,4,0.75,0.15,beta,none
City-C,T2,10x,2600.0,S0a_RoutineOracle,cross_regime,M_stress,650,True,5,2648.3,1381.5,1218.5,0.4784,0.0,mean_0.75,4,0.75,0.15,beta,none
City-C,T2,10x,2600.0,S0b_StressOracle,routine,M_routine,650,True,8,2649.3,3317.0,0.0,0.0,1.0,mean_0.75,4,0.75,0.15,beta,none
City-C,T2,10x,2600.0,S0b_StressOracle,cross_regime,M_stress,650,True,8,2649.3,2649.3,0.0,0.0,1.0,mean_0.75,4,0.75,0.15,beta,none
City-C,T2,10x,2600.0,S1_CapRR,routine,M_routine,650,True,4,2666.6,2121.6,478.4,0.2044,0.0,mean_0.75,4,0.75,0.15,beta,none
City-C,T2,10x,2600.0,S1_CapRR,cross_regime,M_stress,650,True,4,2666.6,1214.7,1385.3,0.5445,0.0,mean_0.75,4,0.75,0.15,beta,none
City-C,T2,10x,2600.0,S2_Platform,routine,M_routine,650,True,7,2815.8,3138.8,0.0,0.0,1.0,mean_0.75,4,0.75,0.15,beta,none
City-C,T2,10x,2600.0,S2_Platform,cross_regime,M_stress,650,True,7,2815.8,2092.8,507.2,0.2568,0.0,mean_0.75,4,0.75,0.15,beta,none
City-C,T2,10x,2600.0,S3_Lin4,routine,M_routine,650,True,6,2613.7,2566.3,33.7,0.0181,0.0,mean_0.75,4,0.75,0.15,beta,none
City-C,T2,10x,2600.0,S3_Lin4,cross_regime,M_stress,650,True,6,2613.7,1896.2,703.8,0.2745,0.0,mean_0.75,4,0.75,0.15,beta,none
City-C,T2,10x,2600.0,S4_GlobalCalib,routine,M_routine,650,True,6,2848.1,3094.0,0.0,0.0,1.0,mean_0.75,4,0.75,0.15,beta,none
City-C,T2,10x,2600.0,S4_GlobalCalib,cross_regime,M_stress,650,True,6,2848.1,1870.3,729.7,0.3433,0.0,mean_0.75,4,0.75,0.15,beta,none
City-C,T2,10x,2600.0,S5_CityCalib,routine,M_routine,650,True,6,2814.9,3094.0,0.0,0.0,1.0,mean_0.75,4,0.75,0.15,beta,none
City-C,T2,10x,2600.0,S5_CityCalib,cross_regime,M_stress,650,True,6,2814.9,1870.3,729.7,0.3356,0.0,mean_0.75,4,0.75,0.15,beta,none
City-C,T2,10x,2600.0,S6_Q10,routine,M_routine,650,True,8,2653.2,3671.3,0.0,0.0,1.0,mean_0.75,4,0.75,0.15,beta,none
City-C,T2,10x,2600.0,S6_Q10,cross_regime,M_stress,650,True,8,2653.2,2559.8,40.2,0.0352,0.0,mean_0.75,4,0.75,0.15,beta,none
City-C,T3,1x,200.0,S0a_RoutineOracle,routine,M_routine,650,True,1,476.5,476.5,0.0,0.0,1.0,mean_0.75,4,0.75,0.15,beta,none
City-C,T3,1x,200.0,S0a_RoutineOracle,cross_regime,M_stress,650,True,1,476.5,248.5,0.0,0.4784,1.0,mean_0.75,4,0.75,0.15,beta,none
City-C,T3,1x,200.0,S0b_StressOracle,routine,M_routine,650,True,1,342.4,472.9,0.0,0.0,1.0,mean_0.75,4,0.75,0.15,beta,none
City-C,T3,1x,200.0,S0b_StressOracle,cross_regime,M_stress,650,True,1,342.4,342.4,0.0,0.0,1.0,mean_0.75,4,0.75,0.15,beta,none
City-C,T3,1x,200.0,S1_CapRR,routine,M_routine,650,True,1,648.6,476.5,0.0,0.2654,1.0,mean_0.75,4,0.75,0.15,beta,none
City-C,T3,1x,200.0,S1_CapRR,cross_regime,M_stress,650,True,1,648.6,248.5,0.0,0.6168,1.0,mean_0.75,4,0.75,0.15,beta,none
City-C,T3,1x,200.0,S2_Platform,routine,M_routine,650,True,1,456.8,476.5,0.0,0.0,1.0,mean_0.75,4,0.75,0.15,beta,none
City-C,T3,1x,200.0,S2_Platform,cross_regime,M_stress,650,True,1,456.8,248.5,0.0,0.4558,1.0,mean_0.75,4,0.75,0.15,beta,none
City-C,T3,1x,200.0,S3_Lin4,routine,M_routine,650,True,1,453.1,476.5,0.0,0.0,1.0,mean_0.75,4,0.75,0.15,beta,none
City-C,T3,1x,200.0,S3_Lin4,cross_regime,M_stress,650,True,1,453.1,248.5,0.0,0.4515,1.0,mean_0.75,4,0.75,0.15,beta,none
City-C,T3,1x,200.0,S4_GlobalCalib,routine,M_routine,650,True,1,482.1,476.5,0.0,0.0116,1.0,mean_0.75,4,0.75,0.15,beta,none
City-C,T3,1x,200.0,S4_GlobalCalib,cross_regime,M_stress,650,True,1,482.1,248.5,0.0,0.4844,1.0,mean_0.75,4,0.75,0.15,beta,none
City-C,T3,1x,200.0,S5_CityCalib,routine,M_routine,650,True,1,485.7,476.5,0.0,0.0189,1.0,mean_0.75,4,0.75,0.15,beta,none
City-C,T3,1x,200.0,S5_CityCalib,cross_regime,M_stress,650,True,1,485.7,248.5,0.0,0.4882,1.0,mean_0.75,4,0.75,0.15,beta,none
City-C,T3,1x,200.0,S6_Q10,routine,M_routine,650,True,1,348.3,476.5,0.0,0.0,1.0,mean_0.75,4,0.75,0.15,beta,none
City-C,T3,1x,200.0,S6_Q10,cross_regime,M_stress,650,True,1,348.3,248.5,0.0,0.2863,1.0,mean_0.75,4,0.75,0.15,beta,none
City-C,T3,2x,400.0,S0a_RoutineOracle,routine,M_routine,650,True,1,476.5,476.5,0.0,0.0,1.0,mean_0.75,4,0.75,0.15,beta,none
City-C,T3,2x,400.0,S0a_RoutineOracle,cross_regime,M_stress,650,True,1,476.5,248.5,151.5,0.4784,0.0,mean_0.75,4,0.75,0.15,beta,none
City-C,T3,2x,400.0,S0b_StressOracle,routine,M_routine,650,True,2,630.5,921.7,0.0,0.0,1.0,mean_0.75,4,0.75,0.15,beta,none
City-C,T3,2x,400.0,S0b_StressOracle,cross_regime,M_stress,650,True,2,630.5,630.5,0.0,0.0,1.0,mean_0.75,4,0.75,0.15,beta,none
City-C,T3,2x,400.0,S1_CapRR,routine,M_routine,650,True,1,648.6,476.5,0.0,0.2654,1.0,mean_0.75,4,0.75,0.15,beta,none
City-C,T3,2x,400.0,S1_CapRR,cross_regime,M_stress,650,True,1,648.6,248.5,151.5,0.6168,0.0,mean_0.75,4,0.75,0.15,beta,none
City-C,T3,2x,400.0,S2_Platform,routine,M_routine,650,True,1,456.8,476.5,0.0,0.0,1.0,mean_0.75,4,0.75,0.15,beta,none
City-C,T3,2x,400.0,S2_Platform,cross_regime,M_stress,650,True,1,456.8,248.5,151.5,0.4558,0.0,mean_0.75,4,0.75,0.15,beta,none
City-C,T3,2x,400.0,S3_Lin4,routine,M_routine,650,True,1,453.1,476.5,0.0,0.0,1.0,mean_0.75,4,0.75,0.15,beta,none
City-C,T3,2x,400.0,S3_Lin4,cross_regime,M_stress,650,True,1,453.1,248.5,151.5,0.4515,0.0,mean_0.75,4,0.75,0.15,beta,none
City-C,T3,2x,400.0,S4_GlobalCalib,routine,M_routine,650,True,1,482.1,476.5,0.0,0.0116,1.0,mean_0.75,4,0.75,0.15,beta,none
City-C,T3,2x,400.0,S4_GlobalCalib,cross_regime,M_stress,650,True,1,482.1,248.5,151.5,0.4844,0.0,mean_0.75,4,0.75,0.15,beta,none
City-C,T3,2x,400.0,S5_CityCalib,routine,M_routine,650,True,1,485.7,476.5,0.0,0.0189,1.0,mean_0.75,4,0.75,0.15,beta,none
City-C,T3,2x,400.0,S5_CityCalib,cross_regime,M_stress,650,True,1,485.7,248.5,151.5,0.4882,0.0,mean_0.75,4,0.75,0.15,beta,none
City-C,T3,2x,400.0,S6_Q10,routine,M_routine,650,True,2,680.2,949.4,0.0,0.0,1.0,mean_0.75,4,0.75,0.15,beta,none
City-C,T3,2x,400.0,S6_Q10,cross_regime,M_stress,650,True,2,680.2,591.0,0.0,0.1311,1.0,mean_0.75,4,0.75,0.15,beta,none
City-C,T3,5x,1000.0,S0a_RoutineOracle,routine,M_routine,650,True,3,1398.2,1398.2,0.0,0.0,1.0,mean_0.75,4,0.75,0.15,beta,none
City-C,T3,5x,1000.0,S0a_RoutineOracle,cross_regime,M_stress,650,True,3,1398.2,879.1,120.9,0.3713,0.0,mean_0.75,4,0.75,0.15,beta,none
City-C,T3,5x,1000.0,S0b_StressOracle,routine,M_routine,650,True,4,1177.9,1726.0,0.0,0.0,1.0,mean_0.75,4,0.75,0.15,beta,none
City-C,T3,5x,1000.0,S0b_StressOracle,cross_regime,M_stress,650,True,4,1177.9,1177.9,0.0,0.0,1.0,mean_0.75,4,0.75,0.15,beta,none
City-C,T3,5x,1000.0,S1_CapRR,routine,M_routine,650,True,2,1266.8,949.4,50.6,0.2506,0.0,mean_0.75,4,0.75,0.15,beta,none
City-C,T3,5x,1000.0,S1_CapRR,cross_regime,M_stress,650,True,2,1266.8,591.0,409.0,0.5335,0.0,mean_0.75,4,0.75,0.15,beta,none
City-C,T3,5x,1000.0,S2_Platform,routine,M_routine,650,True,3,1285.7,1161.5,0.0,0.0967,1.0,mean_0.75,4,0.75,0.15,beta,none
City-C,T3,5x,1000.0,S2_Platform,cross_regime,M_stress,650,True,3,1285.7,737.8,262.2,0.4262,0.0,mean_0.75,4,0.75,0.15,beta,none
City-C,T3,5x,1000.0,S3_Lin4,routine,M_routine,650,True,3,1315.5,1197.3,0.0,0.0898,1.0,mean_0.75,4,0.75,0.15,beta,none
City-C,T3,5x,1000.0,S3_Lin4,cross_regime,M_stress,650,True,3,1315.5,813.5,186.5,0.3816,0.0,mean_0.75,4,0.75,0.15,beta,none
City-C,T3,5x,1000.0,S4_GlobalCalib,routine,M_routine,650,True,3,1361.2,1197.3,0.0,0.1204,1.0,mean_0.75,4,0.75,0.15,beta,none
City-C,T3,5x,1000.0,S4_GlobalCalib,cross_regime,M_stress,650,True,3,1361.2,813.5,186.5,0.4024,0.0,mean_0.75,4,0.75,0.15,beta,none
City-C,T3,5x,1000.0,S5_CityCalib,routine,M_routine,650,True,3,1371.1,1197.3,0.0,0.1268,1.0,mean_0.75,4,0.75,0.15,beta,none
City-C,T3,5x,1000.0,S5_CityCalib,cross_regime,M_stress,650,True,3,1371.1,813.5,186.5,0.4067,0.0,mean_0.75,4,0.75,0.15,beta,none
City-C,T3,5x,1000.0,S6_Q10,routine,M_routine,650,True,4,1260.0,1629.6,0.0,0.0,1.0,mean_0.75,4,0.75,0.15,beta,none
City-C,T3,5x,1000.0,S6_Q10,cross_regime,M_stress,650,True,4,1260.0,1046.1,0.0,0.1698,1.0,mean_0.75,4,0.75,0.15,beta,none
City-C,T3,10x,2000.0,S0a_RoutineOracle,routine,M_routine,650,True,5,2263.7,2263.7,0.0,0.0,1.0,mean_0.75,4,0.75,0.15,beta,none
City-C,T3,10x,2000.0,S0a_RoutineOracle,cross_regime,M_stress,650,True,5,2263.7,1389.4,610.6,0.3862,0.0,mean_0.75,4,0.75,0.15,beta,none
City-C,T3,10x,2000.0,S0b_StressOracle,routine,M_routine,650,True,8,2168.3,3134.8,0.0,0.0,1.0,mean_0.75,4,0.75,0.15,beta,none
City-C,T3,10x,2000.0,S0b_StressOracle,cross_regime,M_stress,650,True,8,2168.3,2168.3,0.0,0.0,1.0,mean_0.75,4,0.75,0.15,beta,none
City-C,T3,10x,2000.0,S1_CapRR,routine,M_routine,650,True,4,2346.7,1629.6,370.4,0.3056,0.0,mean_0.75,4,0.75,0.15,beta,none
City-C,T3,10x,2000.0,S1_CapRR,cross_regime,M_stress,650,True,4,2346.7,1046.1,953.9,0.5542,0.0,mean_0.75,4,0.75,0.15,beta,none
City-C,T3,10x,2000.0,S2_Platform,routine,M_routine,650,True,5,2048.1,1693.2,306.8,0.1733,0.0,mean_0.75,4,0.75,0.15,beta,none
City-C,T3,10x,2000.0,S2_Platform,cross_regime,M_stress,650,True,5,2048.1,1216.1,783.9,0.4062,0.0,mean_0.75,4,0.75,0.15,beta,none
City-C,T3,10x,2000.0,S3_Lin4,routine,M_routine,650,True,5,2147.9,2001.6,0.0,0.0681,1.0,mean_0.75,4,0.75,0.15,beta,none
City-C,T3,10x,2000.0,S3_Lin4,cross_regime,M_stress,650,True,5,2147.9,1360.9,639.1,0.3664,0.0,mean_0.75,4,0.75,0.15,beta,none
City-C,T3,10x,2000.0,S4_GlobalCalib,routine,M_routine,650,True,5,2123.2,1943.5,56.5,0.0847,0.0,mean_0.75,4,0.75,0.15,beta,none
City-C,T3,10x,2000.0,S4_GlobalCalib,cross_regime,M_stress,650,True,5,2123.2,1265.7,734.3,0.4039,0.0,mean_0.75,4,0.75,0.15,beta,none
City-C,T3,10x,2000.0,S5_CityCalib,routine,M_routine,650,True,5,2138.1,1943.5,56.5,0.091,0.0,mean_0.75,4,0.75,0.15,beta,none
City-C,T3,10x,2000.0,S5_CityCalib,cross_regime,M_stress,650,True,5,2138.1,1265.7,734.3,0.408,0.0,mean_0.75,4,0.75,0.15,beta,none
City-C,T3,10x,2000.0,S6_Q10,routine,M_routine,650,True,7,2066.1,2749.7,0.0,0.0,1.0,mean_0.75,4,0.75,0.15,beta,none
City-C,T3,10x,2000.0,S6_Q10,cross_regime,M_stress,650,True,7,2066.1,1723.7,276.3,0.1657,0.0,mean_0.75,4,0.75,0.15,beta,none
City-C,T4,1x,140.0,S0a_RoutineOracle,routine,M_routine,650,True,1,717.0,717.0,0.0,0.0,1.0,mean_0.75,4,0.75,0.15,beta,none
City-C,T4,1x,140.0,S0a_RoutineOracle,cross_regime,M_stress,650,True,1,717.0,424.9,0.0,0.4073,1.0,mean_0.75,4,0.75,0.15,beta,none
City-C,T4,1x,140.0,S0b_StressOracle,routine,M_routine,650,True,1,424.9,717.0,0.0,0.0,1.0,mean_0.75,4,0.75,0.15,beta,none
City-C,T4,1x,140.0,S0b_StressOracle,cross_regime,M_stress,650,True,1,424.9,424.9,0.0,0.0,1.0,mean_0.75,4,0.75,0.15,beta,none
City-C,T4,1x,140.0,S1_CapRR,routine,M_routine,650,True,1,737.0,717.0,0.0,0.0272,1.0,mean_0.75,4,0.75,0.15,beta,none
City-C,T4,1x,140.0,S1_CapRR,cross_regime,M_stress,650,True,1,737.0,424.9,0.0,0.4234,1.0,mean_0.75,4,0.75,0.15,beta,none
City-C,T4,1x,140.0,S2_Platform,routine,M_routine,650,True,1,377.7,528.9,0.0,0.0,1.0,mean_0.75,4,0.75,0.15,beta,none
City-C,T4,1x,140.0,S2_Platform,cross_regime,M_stress,650,True,1,377.7,220.6,0.0,0.4159,1.0,mean_0.75,4,0.75,0.15,beta,none
City-C,T4,1x,140.0,S3_Lin4,routine,M_routine,650,True,1,465.4,717.0,0.0,0.0,1.0,mean_0.75,4,0.75,0.15,beta,none
City-C,T4,1x,140.0,S3_Lin4,cross_regime,M_stress,650,True,1,465.4,424.9,0.0,0.0869,1.0,mean_0.75,4,0.75,0.15,beta,none
City-C,T4,1x,140.0,S4_GlobalCalib,routine,M_routine,650,True,1,542.9,717.0,0.0,0.0,1.0,mean_0.75,4,0.75,0.15,beta,none
City-C,T4,1x,140.0,S4_GlobalCalib,cross_regime,M_stress,650,True,1,542.9,424.9,0.0,0.2173,1.0,mean_0.75,4,0.75,0.15,beta,none
City-C,T4,1x,140.0,S5_CityCalib,routine,M_routine,650,True,1,540.9,717.0,0.0,0.0,1.0,mean_0.75,4,0.75,0.15,beta,none
City-C,T4,1x,140.0,S5_CityCalib,cross_regime,M_stress,650,True,1,540.9,424.9,0.0,0.2144,1.0,mean_0.75,4,0.75,0.15,beta,none
City-C,T4,1x,140.0,S6_Q10,routine,M_routine,650,True,1,396.3,717.0,0.0,0.0,1.0,mean_0.75,4,0.75,0.15,beta,none
City-C,T4,1x,140.0,S6_Q10,cross_regime,M_stress,650,True,1,396.3,424.9,0.0,0.0,1.0,mean_0.75,4,0.75,0.15,beta,none
City-C,T4,2x,280.0,S0a_RoutineOracle,routine,M_routine,650,True,1,717.0,717.0,0.0,0.0,1.0,mean_0.75,4,0.75,0.15,beta,none
City-C,T4,2x,280.0,S0a_RoutineOracle,cross_regime,M_stress,650,True,1,717.0,424.9,0.0,0.4073,1.0,mean_0.75,4,0.75,0.15,beta,none
City-C,T4,2x,280.0,S0b_StressOracle,routine,M_routine,650,True,1,424.9,717.0,0.0,0.0,1.0,mean_0.75,4,0.75,0.15,beta,none
City-C,T4,2x,280.0,S0b_StressOracle,cross_regime,M_stress,650,True,1,424.9,424.9,0.0,0.0,1.0,mean_0.75,4,0.75,0.15,beta,none
City-C,T4,2x,280.0,S1_CapRR,routine,M_routine,650,True,1,737.0,717.0,0.0,0.0272,1.0,mean_0.75,4,0.75,0.15,beta,none
City-C,T4,2x,280.0,S1_CapRR,cross_regime,M_stress,650,True,1,737.0,424.9,0.0,0.4234,1.0,mean_0.75,4,0.75,0.15,beta,none
City-C,T4,2x,280.0,S2_Platform,routine,M_routine,650,True,1,377.7,528.9,0.0,0.0,1.0,mean_0.75,4,0.75,0.15,beta,none
City-C,T4,2x,280.0,S2_Platform,cross_regime,M_stress,650,True,1,377.7,220.6,59.4,0.4159,0.0,mean_0.75,4,0.75,0.15,beta,none
City-C,T4,2x,280.0,S3_Lin4,routine,M_routine,650,True,1,465.4,717.0,0.0,0.0,1.0,mean_0.75,4,0.75,0.15,beta,none
City-C,T4,2x,280.0,S3_Lin4,cross_regime,M_stress,650,True,1,465.4,424.9,0.0,0.0869,1.0,mean_0.75,4,0.75,0.15,beta,none
City-C,T4,2x,280.0,S4_GlobalCalib,routine,M_routine,650,True,1,542.9,717.0,0.0,0.0,1.0,mean_0.75,4,0.75,0.15,beta,none
City-C,T4,2x,280.0,S4_GlobalCalib,cross_regime,M_stress,650,True,1,542.9,424.9,0.0,0.2173,1.0,mean_0.75,4,0.75,0.15,beta,none
City-C,T4,2x,280.0,S5_CityCalib,routine,M_routine,650,True,1,540.9,717.0,0.0,0.0,1.0,mean_0.75,4,0.75,0.15,beta,none
City-C,T4,2x,280.0,S5_CityCalib,cross_regime,M_stress,650,True,1,540.9,424.9,0.0,0.2144,1.0,mean_0.75,4,0.75,0.15,beta,none
City-C,T4,2x,280.0,S6_Q10,routine,M_routine,650,True,1,396.3,717.0,0.0,0.0,1.0,mean_0.75,4,0.75,0.15,beta,none
City-C,T4,2x,280.0,S6_Q10,cross_regime,M_stress,650,True,1,396.3,424.9,0.0,0.0,1.0,mean_0.75,4,0.75,0.15,beta,none
City-C,T4,5x,700.0,S0a_RoutineOracle,routine,M_routine,650,True,1,717.0,717.0,0.0,0.0,1.0,mean_0.75,4,0.75,0.15,beta,none
City-C,T4,5x,700.0,S0a_RoutineOracle,cross_regime,M_stress,650,True,1,717.0,424.9,275.1,0.4073,0.0,mean_0.75,4,0.75,0.15,beta,none
City-C,T4,5x,700.0,S0b_StressOracle,routine,M_routine,650,True,2,802.0,1299.6,0.0,0.0,1.0,mean_0.75,4,0.75,0.15,beta,none
City-C,T4,5x,700.0,S0b_StressOracle,cross_regime,M_stress,650,True,2,802.0,802.0,0.0,0.0,1.0,mean_0.75,4,0.75,0.15,beta,none
City-C,T4,5x,700.0,S1_CapRR,routine,M_routine,650,True,1,737.0,717.0,0.0,0.0272,1.0,mean_0.75,4,0.75,0.15,beta,none
City-C,T4,5x,700.0,S1_CapRR,cross_regime,M_stress,650,True,1,737.0,424.9,275.1,0.4234,0.0,mean_0.75,4,0.75,0.15,beta,none
City-C,T4,5x,700.0,S2_Platform,routine,M_routine,650,True,2,738.2,1111.6,0.0,0.0,1.0,mean_0.75,4,0.75,0.15,beta,none
City-C,T4,5x,700.0,S2_Platform,cross_regime,M_stress,650,True,2,738.2,597.6,102.4,0.1904,0.0,mean_0.75,4,0.75,0.15,beta,none
City-C,T4,5x,700.0,S3_Lin4,routine,M_routine,650,True,2,912.4,1299.6,0.0,0.0,1.0,mean_0.75,4,0.75,0.15,beta,none
City-C,T4,5x,700.0,S3_Lin4,cross_regime,M_stress,650,True,2,912.4,802.0,0.0,0.121,1.0,mean_0.75,4,0.75,0.15,beta,none
City-C,T4,5x,700.0,S4_GlobalCalib,routine,M_routine,650,True,2,1060.5,1299.6,0.0,0.0,1.0,mean_0.75,4,0.75,0.15,beta,none
City-C,T4,5x,700.0,S4_GlobalCalib,cross_regime,M_stress,650,True,2,1060.5,802.0,0.0,0.2438,1.0,mean_0.75,4,0.75,0.15,beta,none
City-C,T4,5x,700.0,S5_CityCalib,routine,M_routine,650,True,2,1056.5,1299.6,0.0,0.0,1.0,mean_0.75,4,0.75,0.15,beta,none
City-C,T4,5x,700.0,S5_CityCalib,cross_regime,M_stress,650,True,2,1056.5,802.0,0.0,0.2409,1.0,mean_0.75,4,0.75,0.15,beta,none
City-C,T4,5x,700.0,S6_Q10,routine,M_routine,650,True,2,773.9,1299.6,0.0,0.0,1.0,mean_0.75,4,0.75,0.15,beta,none
City-C,T4,5x,700.0,S6_Q10,cross_regime,M_stress,650,True,2,773.9,802.0,0.0,0.0,1.0,mean_0.75,4,0.75,0.15,beta,none
City-C,T4,10x,1400.0,S0a_RoutineOracle,routine,M_routine,650,True,3,1862.2,1862.2,0.0,0.0,1.0,mean_0.75,4,0.75,0.15,beta,none
City-C,T4,10x,1400.0,S0a_RoutineOracle,cross_regime,M_stress,650,True,3,1862.2,998.4,401.6,0.4638,0.0,mean_0.75,4,0.75,0.15,beta,none
City-C,T4,10x,1400.0,S0b_StressOracle,routine,M_routine,650,True,4,1453.2,2155.4,0.0,0.0,1.0,mean_0.75,4,0.75,0.15,beta,none
City-C,T4,10x,1400.0,S0b_StressOracle,cross_regime,M_stress,650,True,4,1453.2,1453.2,0.0,0.0,1.0,mean_0.75,4,0.75,0.15,beta,none
City-C,T4,10x,1400.0,S1_CapRR,routine,M_routine,650,True,2,1439.5,1299.6,100.4,0.0972,0.0,mean_0.75,4,0.75,0.15,beta,none
City-C,T4,10x,1400.0,S1_CapRR,cross_regime,M_stress,650,True,2,1439.5,802.0,598.0,0.4429,0.0,mean_0.75,4,0.75,0.15,beta,none
City-C,T4,10x,1400.0,S2_Platform,routine,M_routine,650,True,4,1425.4,2153.9,0.0,0.0,1.0,mean_0.75,4,0.75,0.15,beta,none
City-C,T4,10x,1400.0,S2_Platform,cross_regime,M_stress,650,True,4,1425.4,1212.0,188.0,0.1498,0.0,mean_0.75,4,0.75,0.15,beta,none
City-C,T4,10x,1400.0,S3_Lin4,routine,M_routine,650,True,4,1772.8,2199.1,0.0,0.0,1.0,mean_0.75,4,0.75,0.15,beta,none
City-C,T4,10x,1400.0,S3_Lin4,cross_regime,M_stress,650,True,4,1772.8,1367.1,32.9,0.2288,0.0,mean_0.75,4,0.75,0.15,beta,none
City-C,T4,10x,1400.0,S4_GlobalCalib,routine,M_routine,650,True,3,1533.4,1797.0,0.0,0.0,1.0,mean_0.75,4,0.75,0.15,beta,none
City-C,T4,10x,1400.0,S4_GlobalCalib,cross_regime,M_stress,650,True,3,1533.4,1095.5,304.5,0.2856,0.0,mean_0.75,4,0.75,0.15,beta,none
City-C,T4,10x,1400.0,S5_CityCalib,routine,M_routine,650,True,3,1527.7,1797.0,0.0,0.0,1.0,mean_0.75,4,0.75,0.15,beta,none
City-C,T4,10x,1400.0,S5_CityCalib,cross_regime,M_stress,650,True,3,1527.7,1095.5,304.5,0.2829,0.0,mean_0.75,4,0.75,0.15,beta,none
City-C,T4,10x,1400.0,S6_Q10,routine,M_routine,650,True,4,1433.7,2355.8,0.0,0.0,1.0,mean_0.75,4,0.75,0.15,beta,none
City-C,T4,10x,1400.0,S6_Q10,cross_regime,M_stress,650,True,4,1433.7,1390.1,9.9,0.0304,0.0,mean_0.75,4,0.75,0.15,beta,none
City-C,T5,1x,160.0,S0a_RoutineOracle,routine,M_routine,650,True,1,532.1,532.1,0.0,0.0,1.0,mean_0.75,4,0.75,0.15,beta,none
City-C,T5,1x,160.0,S0a_RoutineOracle,cross_regime,M_stress,650,True,1,532.1,348.9,0.0,0.3443,1.0,mean_0.75,4,0.75,0.15,beta,none
City-C,T5,1x,160.0,S0b_StressOracle,routine,M_routine,650,True,1,348.9,532.1,0.0,0.0,1.0,mean_0.75,4,0.75,0.15,beta,none
City-C,T5,1x,160.0,S0b_StressOracle,cross_regime,M_stress,650,True,1,348.9,348.9,0.0,0.0,1.0,mean_0.75,4,0.75,0.15,beta,none
City-C,T5,1x,160.0,S1_CapRR,routine,M_routine,650,True,1,648.6,450.7,0.0,0.3051,1.0,mean_0.75,4,0.75,0.15,beta,none
City-C,T5,1x,160.0,S1_CapRR,cross_regime,M_stress,650,True,1,648.6,310.7,0.0,0.521,1.0,mean_0.75,4,0.75,0.15,beta,none
City-C,T5,1x,160.0,S2_Platform,routine,M_routine,650,True,1,451.5,450.7,0.0,0.0018,1.0,mean_0.75,4,0.75,0.15,beta,none
City-C,T5,1x,160.0,S2_Platform,cross_regime,M_stress,650,True,1,451.5,310.7,0.0,0.3119,1.0,mean_0.75,4,0.75,0.15,beta,none
City-C,T5,1x,160.0,S3_Lin4,routine,M_routine,650,True,1,457.6,450.7,0.0,0.015,1.0,mean_0.75,4,0.75,0.15,beta,none
City-C,T5,1x,160.0,S3_Lin4,cross_regime,M_stress,650,True,1,457.6,310.7,0.0,0.321,1.0,mean_0.75,4,0.75,0.15,beta,none
City-C,T5,1x,160.0,S4_GlobalCalib,routine,M_routine,650,True,1,485.8,450.7,0.0,0.0722,1.0,mean_0.75,4,0.75,0.15,beta,none
City-C,T5,1x,160.0,S4_GlobalCalib,cross_regime,M_stress,650,True,1,485.8,310.7,0.0,0.3604,1.0,mean_0.75,4,0.75,0.15,beta,none
City-C,T5,1x,160.0,S5_CityCalib,routine,M_routine,650,True,1,484.4,450.7,0.0,0.0697,1.0,mean_0.75,4,0.75,0.15,beta,none
City-C,T5,1x,160.0,S5_CityCalib,cross_regime,M_stress,650,True,1,484.4,310.7,0.0,0.3587,1.0,mean_0.75,4,0.75,0.15,beta,none
City-C,T5,1x,160.0,S6_Q10,routine,M_routine,650,True,1,349.7,450.7,0.0,0.0,1.0,mean_0.75,4,0.75,0.15,beta,none
City-C,T5,1x,160.0,S6_Q10,cross_regime,M_stress,650,True,1,349.7,310.7,0.0,0.1116,1.0,mean_0.75,4,0.75,0.15,beta,none
City-C,T5,2x,320.0,S0a_RoutineOracle,routine,M_routine,650,True,1,532.1,532.1,0.0,0.0,1.0,mean_0.75,4,0.75,0.15,beta,none
City-C,T5,2x,320.0,S0a_RoutineOracle,cross_regime,M_stress,650,True,1,532.1,348.9,0.0,0.3443,1.0,mean_0.75,4,0.75,0.15,beta,none
City-C,T5,2x,320.0,S0b_StressOracle,routine,M_routine,650,True,1,348.9,532.1,0.0,0.0,1.0,mean_0.75,4,0.75,0.15,beta,none
City-C,T5,2x,320.0,S0b_StressOracle,cross_regime,M_stress,650,True,1,348.9,348.9,0.0,0.0,1.0,mean_0.75,4,0.75,0.15,beta,none
City-C,T5,2x,320.0,S1_CapRR,routine,M_routine,650,True,1,648.6,450.7,0.0,0.3051,1.0,mean_0.75,4,0.75,0.15,beta,none
City-C,T5,2x,320.0,S1_CapRR,cross_regime,M_stress,650,True,1,648.6,310.7,9.3,0.521,0.0,mean_0.75,4,0.75,0.15,beta,none
City-C,T5,2x,320.0,S2_Platform,routine,M_routine,650,True,1,451.5,450.7,0.0,0.0018,1.0,mean_0.75,4,0.75,0.15,beta,none
City-C,T5,2x,320.0,S2_Platform,cross_regime,M_stress,650,True,1,451.5,310.7,9.3,0.3119,0.0,mean_0.75,4,0.75,0.15,beta,none
City-C,T5,2x,320.0,S3_Lin4,routine,M_routine,650,True,1,457.6,450.7,0.0,0.015,1.0,mean_0.75,4,0.75,0.15,beta,none
City-C,T5,2x,320.0,S3_Lin4,cross_regime,M_stress,650,True,1,457.6,310.7,9.3,0.321,0.0,mean_0.75,4,0.75,0.15,beta,none
City-C,T5,2x,320.0,S4_GlobalCalib,routine,M_routine,650,True,1,485.8,450.7,0.0,0.0722,1.0,mean_0.75,4,0.75,0.15,beta,none
City-C,T5,2x,320.0,S4_GlobalCalib,cross_regime,M_stress,650,True,1,485.8,310.7,9.3,0.3604,0.0,mean_0.75,4,0.75,0.15,beta,none
City-C,T5,2x,320.0,S5_CityCalib,routine,M_routine,650,True,1,484.4,450.7,0.0,0.0697,1.0,mean_0.75,4,0.75,0.15,beta,none
City-C,T5,2x,320.0,S5_CityCalib,cross_regime,M_stress,650,True,1,484.4,310.7,9.3,0.3587,0.0,mean_0.75,4,0.75,0.15,beta,none
City-C,T5,2x,320.0,S6_Q10,routine,M_routine,650,True,1,349.7,450.7,0.0,0.0,1.0,mean_0.75,4,0.75,0.15,beta,none
City-C,T5,2x,320.0,S6_Q10,cross_regime,M_stress,650,True,1,349.7,310.7,9.3,0.1116,0.0,mean_0.75,4,0.75,0.15,beta,none
City-C,T5,5x,800.0,S0a_RoutineOracle,routine,M_routine,650,True,2,985.8,985.8,0.0,0.0,1.0,mean_0.75,4,0.75,0.15,beta,none
City-C,T5,5x,800.0,S0a_RoutineOracle,cross_regime,M_stress,650,True,2,985.8,602.0,198.0,0.3893,0.0,mean_0.75,4,0.75,0.15,beta,none
City-C,T5,5x,800.0,S0b_StressOracle,routine,M_routine,650,True,3,1016.3,1262.0,0.0,0.0,1.0,mean_0.75,4,0.75,0.15,beta,none
City-C,T5,5x,800.0,S0b_StressOracle,cross_regime,M_stress,650,True,3,1016.3,1016.3,0.0,0.0,1.0,mean_0.75,4,0.75,0.15,beta,none
City-C,T5,5x,800.0,S1_CapRR,routine,M_routine,650,True,2,1266.8,783.5,16.5,0.3815,0.0,mean_0.75,4,0.75,0.15,beta,none
City-C,T5,5x,800.0,S1_CapRR,cross_regime,M_stress,650,True,2,1266.8,649.8,150.2,0.4871,0.0,mean_0.75,4,0.75,0.15,beta,none
City-C,T5,5x,800.0,S2_Platform,routine,M_routine,650,True,2,882.9,644.1,155.9,0.2705,0.0,mean_0.75,4,0.75,0.15,beta,none
City-C,T5,5x,800.0,S2_Platform,cross_regime,M_stress,650,True,2,882.9,539.6,260.4,0.3888,0.0,mean_0.75,4,0.75,0.15,beta,none
City-C,T5,5x,800.0,S3_Lin4,routine,M_routine,650,True,2,894.6,783.5,16.5,0.1242,0.0,mean_0.75,4,0.75,0.15,beta,none
City-C,T5,5x,800.0,S3_Lin4,cross_regime,M_stress,650,True,2,894.6,649.8,150.2,0.2736,0.0,mean_0.75,4,0.75,0.15,beta,none
City-C,T5,5x,800.0,S4_GlobalCalib,routine,M_routine,650,True,2,948.7,783.5,16.5,0.1742,0.0,mean_0.75,4,0.75,0.15,beta,none
City-C,T5,5x,800.0,S4_GlobalCalib,cross_regime,M_stress,650,True,2,948.7,649.8,150.2,0.3151,0.0,mean_0.75,4,0.75,0.15,beta,none
City-C,T5,5x,800.0,S5_CityCalib,routine,M_routine,650,True,2,946.1,783.5,16.5,0.1719,0.0,mean_0.75,4,0.75,0.15,beta,none
City-C,T5,5x,800.0,S5_CityCalib,cross_regime,M_stress,650,True,2,946.1,649.8,150.2,0.3132,0.0,mean_0.75,4,0.75,0.15,beta,none
City-C,T5,5x,800.0,S6_Q10,routine,M_routine,650,True,3,987.5,1315.6,0.0,0.0,1.0,mean_0.75,4,0.75,0.15,beta,none
City-C,T5,5x,800.0,S6_Q10,cross_regime,M_stress,650,True,3,987.5,998.7,0.0,0.0,1.0,mean_0.75,4,0.75,0.15,beta,none
City-C,T5,10x,1600.0,S0a_RoutineOracle,routine,M_routine,650,True,4,1880.0,1880.0,0.0,0.0,1.0,mean_0.75,4,0.75,0.15,beta,none
City-C,T5,10x,1600.0,S0a_RoutineOracle,cross_regime,M_stress,650,True,4,1880.0,1124.8,475.2,0.4017,0.0,mean_0.75,4,0.75,0.15,beta,none
City-C,T5,10x,1600.0,S0b_StressOracle,routine,M_routine,650,True,5,1608.3,2130.8,0.0,0.0,1.0,mean_0.75,4,0.75,0.15,beta,none
City-C,T5,10x,1600.0,S0b_StressOracle,cross_regime,M_stress,650,True,5,1608.3,1608.3,0.0,0.0,1.0,mean_0.75,4,0.75,0.15,beta,none
City-C,T5,10x,1600.0,S1_CapRR,routine,M_routine,650,True,3,1831.4,1315.6,284.4,0.2817,0.0,mean_0.75,4,0.75,0.15,beta,none
City-C,T5,10x,1600.0,S1_CapRR,cross_regime,M_stress,650,True,3,1831.4,998.7,601.3,0.4547,0.0,mean_0.75,4,0.75,0.15,beta,none
City-C,T5,10x,1600.0,S2_Platform,routine,M_routine,650,True,4,1670.1,1289.6,310.4,0.2278,0.0,mean_0.75,4,0.75,0.15,beta,none
City-C,T5,10x,1600.0,S2_Platform,cross_regime,M_stress,650,True,4,1670.1,952.2,647.8,0.4298,0.0,mean_0.75,4,0.75,0.15,beta,none
City-C,T5,10x,1600.0,S3_Lin4,routine,M_routine,650,True,4,1748.6,1584.8,15.2,0.0936,0.0,mean_0.75,4,0.75,0.15,beta,none
City-C,T5,10x,1600.0,S3_Lin4,cross_regime,M_stress,650,True,4,1748.6,1221.2,378.8,0.3016,0.0,mean_0.75,4,0.75,0.15,beta,none
City-C,T5,10x,1600.0,S4_GlobalCalib,routine,M_routine,650,True,4,1757.3,1712.7,0.0,0.0254,1.0,mean_0.75,4,0.75,0.15,beta,none
City-C,T5,10x,1600.0,S4_GlobalCalib,cross_regime,M_stress,650,True,4,1757.3,1327.0,273.0,0.2448,0.0,mean_0.75,4,0.75,0.15,beta,none
City-C,T5,10x,1600.0,S5_CityCalib,routine,M_routine,650,True,4,1752.2,1712.7,0.0,0.0226,1.0,mean_0.75,4,0.75,0.15,beta,none
City-C,T5,10x,1600.0,S5_CityCalib,cross_regime,M_stress,650,True,4,1752.2,1327.0,273.0,0.2427,0.0,mean_0.75,4,0.75,0.15,beta,none
City-C,T5,10x,1600.0,S6_Q10,routine,M_routine,650,True,6,1809.5,2185.1,0.0,0.0,1.0,mean_0.75,4,0.75,0.15,beta,none
City-C,T5,10x,1600.0,S6_Q10,cross_regime,M_stress,650,True,6,1809.5,1770.2,0.0,0.0217,1.0,mean_0.75,4,0.75,0.15,beta,none
