city,task_id,p_req_level,p_req,strategy,regime,eval_outcome,pool_size,pool_feasible,n_selected,p_commit,p_deliv,shortfall,ocr,success,config_name,seed_id,xi_mean,xi_std,xi_dist,xi_persistence
City-A,T1,1x,180.0,S0a_RoutineOracle,routine,M_routine,800,True,1,581.2,581.2,0.0,0.0,1.0,mean_0.75,7,0.75,0.15,beta,none
City-A,T1,1x,180.0,S0a_RoutineOracle,cross_regime,M_stress,800,True,1,581.2,355.3,0.0,0.3887,1.0,mean_0.75,7,0.75,0.15,beta,none
City-A,T1,1x,180.0,S0b_StressOracle,routine,M_routine,800,True,1,355.3,581.2,0.0,0.0,1.0,mean_0.75,7,0.75,0.15,beta,none
City-A,T1,1x,180.0,S0b_StressOracle,cross_regime,M_stress,800,True,1,355.3,355.3,0.0,0.0,1.0,mean_0.75,7,0.75,0.15,beta,none
City-A,T1,1x,180.0,S1_CapRR,routine,M_routine,800,True,1,678.2,581.2,0.0,0.143,1.0,mean_0.75,7,0.75,0.15,beta,none
City-A,T1,1x,180.0,S1_CapRR,cross_regime,M_stress,800,True,1,678.2,355.3,0.0,0.4761,1.0,mean_0.75,7,0.75,0.15,beta,none
City-A,T1,1x,180.0,S2_Platform,routine,M_routine,800,True,1,421.1,581.2,0.0,0.0,1.0,mean_0.75,7,0.75,0.15,beta,none
City-A,T1,1x,180.0,S2_Platform,cross_regime,M_stress,800,True,1,421.1,355.3,0.0,0.1562,1.0,mean_0.75,7,0.75,0.15,beta,none
City-A,T1,1x,180.0,S3_Lin4,routine,M_routine,800,True,1,552.1,581.2,0.0,0.0,1.0,mean_0.75,7,0.75,0.15,beta,none
City-A,T1,1x,180.0,S3_Lin4,cross_regime,M_stress,800,True,1,552.1,355.3,0.0,0.3564,1.0,mean_0.75,7,0.75,0.15,beta,none
City-A,T1,1x,180.0,S4_GlobalCalib,routine,M_routine,800,True,1,509.6,581.2,0.0,0.0,1.0,mean_0.75,7,0.75,0.15,beta,none
City-A,T1,1x,180.0,S4_GlobalCalib,cross_regime,M_stress,800,True,1,509.6,355.3,0.0,0.3027,1.0,mean_0.75,7,0.75,0.15,beta,none
City-A,T1,1x,180.0,S5_CityCalib,routine,M_routine,800,True,1,516.8,581.2,0.0,0.0,1.0,mean_0.75,7,0.75,0.15,beta,none
City-A,T1,1x,180.0,S5_CityCalib,cross_regime,M_stress,800,True,1,516.8,355.3,0.0,0.3124,1.0,mean_0.75,7,0.75,0.15,beta,none
City-A,T1,1x,180.0,S6_Q10,routine,M_routine,800,True,1,363.9,581.2,0.0,0.0,1.0,mean_0.75,7,0.75,0.15,beta,none
City-A,T1,1x,180.0,S6_Q10,cross_regime,M_stress,800,True,1,363.9,355.3,0.0,0.0238,1.0,mean_0.75,7,0.75,0.15,beta,none
City-A,T1,2x,360.0,S0a_RoutineOracle,routine,M_routine,800,True,1,581.2,581.2,0.0,0.0,1.0,mean_0.75,7,0.75,0.15,beta,none
City-A,T1,2x,360.0,S0a_RoutineOracle,cross_regime,M_stress,800,True,1,581.2,355.3,4.7,0.3887,0.0,mean_0.75,7,0.75,0.15,beta,none
City-A,T1,2x,360.0,S0b_StressOracle,routine,M_routine,800,True,2,707.6,1017.4,0.0,0.0,1.0,mean_0.75,7,0.75,0.15,beta,none
City-A,T1,2x,360.0,S0b_StressOracle,cross_regime,M_stress,800,True,2,707.6,707.6,0.0,0.0,1.0,mean_0.75,7,0.75,0.15,beta,none
City-A,T1,2x,360.0,S1_CapRR,routine,M_routine,800,True,1,678.2,581.2,0.0,0.143,1.0,mean_0.75,7,0.75,0.15,beta,none
City-A,T1,2x,360.0,S1_CapRR,cross_regime,M_stress,800,True,1,678.2,355.3,4.7,0.4761,0.0,mean_0.75,7,0.75,0.15,beta,none
City-A,T1,2x,360.0,S2_Platform,routine,M_routine,800,True,1,421.1,581.2,0.0,0.0,1.0,mean_0.75,7,0.75,0.15,beta,none
City-A,T1,2x,360.0,S2_Platform,cross_regime,M_stress,800,True,1,421.1,355.3,4.7,0.1562,0.0,mean_0.75,7,0.75,0.15,beta,none
City-A,T1,2x,360.0,S3_Lin4,routine,M_routine,800,True,1,552.1,581.2,0.0,0.0,1.0,mean_0.75,7,0.75,0.15,beta,none
City-A,T1,2x,360.0,S3_Lin4,cross_regime,M_stress,800,True,1,552.1,355.3,4.7,0.3564,0.0,mean_0.75,7,0.75,0.15,beta,none
City-A,T1,2x,360.0,S4_GlobalCalib,routine,M_routine,800,True,1,509.6,581.2,0.0,0.0,1.0,mean_0.75,7,0.75,0.15,beta,none
City-A,T1,2x,360.0,S4_GlobalCalib,cross_regime,M_stress,800,True,1,509.6,355.3,4.7,0.3027,0.0,mean_0.75,7,0.75,0.15,beta,none
City-A,T1,2x,360.0,S5_CityCalib,routine,M_routine,800,True,1,516.8,581.2,0.0,0.0,1.0,mean_0.75,7,0.75,0.15,beta,none
City-A,T1,2x,360.0,S5_CityCalib,cross_regime,M_stress,800,True,1,516.8,355.3,4.7,0.3124,0.0,mean_0.75,7,0.75,0.15,beta,none
City-A,T1,2x,360.0,S6_Q10,routine,M_routine,800,True,1,363.9,581.2,0.0,0.0,1.0,mean_0.75,7,0.75,0.15,beta,none
City-A,T1,2x,360.0,S6_Q10,cross_regime,M_stress,800,True,1,363.9,355.3,4.7,0.0238,0.0,mean_0.75,7,0.75,0.15,beta,none
City-A,T1,5x,900.0,S0a_RoutineOracle,routine,M_routine,800,True,2,1053.8,1053.8,0.0,0.0,1.0,mean_0.75,7,0.75,0.15,beta,none
City-A,T1,5x,900.0,S0a_RoutineOracle,cross_regime,M_stress,800,True,2,1053.8,579.1,320.9,0.4505,0.0,mean_0.75,7,0.75,0.15,beta,none
City-A,T1,5x,900.0,S0b_StressOracle,routine,M_routine,800,True,3,1050.7,1423.8,0.0,0.0,1.0,mean_0.75,7,0.75,0.15,beta,none
City-A,T1,5x,900.0,S0b_StressOracle,cross_regime,M_stress,800,True,3,1050.7,1050.7,0.0,0.0,1.0,mean_0.75,7,0.75,0.15,beta,none
City-A,T1,5x,900.0,S1_CapRR,routine,M_routine,800,True,2,1293.4,892.0,8.0,0.3103,0.0,mean_0.75,7,0.75,0.15,beta,none
City-A,T1,5x,900.0,S1_CapRR,cross_regime,M_stress,800,True,2,1293.4,549.4,350.6,0.5752,0.0,mean_0.75,7,0.75,0.15,beta,none
City-A,T1,5x,900.0,S2_Platform,routine,M_routine,800,True,3,1202.1,1216.8,0.0,0.0,1.0,mean_0.75,7,0.75,0.15,beta,none
City-A,T1,5x,900.0,S2_Platform,cross_regime,M_stress,800,True,3,1202.1,804.1,95.9,0.331,0.0,mean_0.75,7,0.75,0.15,beta,none
City-A,T1,5x,900.0,S3_Lin4,routine,M_routine,800,True,2,987.0,1033.5,0.0,0.0,1.0,mean_0.75,7,0.75,0.15,beta,none
City-A,T1,5x,900.0,S3_Lin4,cross_regime,M_stress,800,True,2,987.0,601.8,298.2,0.3902,0.0,mean_0.75,7,0.75,0.15,beta,none
City-A,T1,5x,900.0,S4_GlobalCalib,routine,M_routine,800,True,2,971.8,892.0,8.0,0.0821,0.0,mean_0.75,7,0.75,0.15,beta,none
City-A,T1,5x,900.0,S4_GlobalCalib,cross_regime,M_stress,800,True,2,971.8,549.4,350.6,0.4346,0.0,mean_0.75,7,0.75,0.15,beta,none
City-A,T1,5x,900.0,S5_CityCalib,routine,M_routine,800,True,2,985.2,892.0,8.0,0.0946,0.0,mean_0.75,7,0.75,0.15,beta,none
City-A,T1,5x,900.0,S5_CityCalib,cross_regime,M_stress,800,True,2,985.2,549.4,350.6,0.4423,0.0,mean_0.75,7,0.75,0.15,beta,none
City-A,T1,5x,900.0,S6_Q10,routine,M_routine,800,True,3,1014.1,1344.3,0.0,0.0,1.0,mean_0.75,7,0.75,0.15,beta,none
City-A,T1,5x,900.0,S6_Q10,cross_regime,M_stress,800,True,3,1014.1,796.0,104.0,0.2151,0.0,mean_0.75,7,0.75,0.15,beta,none
City-A,T1,10x,1800.0,S0a_RoutineOracle,routine,M_routine,800,True,4,1973.7,1973.7,0.0,0.0,1.0,mean_0.75,7,0.75,0.15,beta,none
City-A,T1,10x,1800.0,S0a_RoutineOracle,cross_regime,M_stress,800,True,4,1973.7,981.9,818.1,0.5025,0.0,mean_0.75,7,0.75,0.15,beta,none
City-A,T1,10x,1800.0,S0b_StressOracle,routine,M_routine,800,True,6,1823.3,2510.1,0.0,0.0,1.0,mean_0.75,7,0.75,0.15,beta,none
City-A,T1,10x,1800.0,S0b_StressOracle,cross_regime,M_stress,800,True,6,1823.3,1823.3,0.0,0.0,1.0,mean_0.75,7,0.75,0.15,beta,none
City-A,T1,10x,1800.0,S1_CapRR,routine,M_routine,800,True,3,1889.7,1344.3,455.7,0.2886,0.0,mean_0.75,7,0.75,0.15,beta,none
City-A,T1,10x,1800.0,S1_CapRR,cross_regime,M_stress,800,True,3,1889.7,796.0,1004.0,0.5788,0.0,mean_0.75,7,0.75,0.15,beta,none
City-A,T1,10x,1800.0,S2_Platform,routine,M_routine,800,True,5,1914.5,1891.1,0.0,0.0122,1.0,mean_0.75,7,0.75,0.15,beta,none
City-A,T1,10x,1800.0,S2_Platform,cross_regime,M_stress,800,True,5,1914.5,1381.0,419.0,0.2786,0.0,mean_0.75,7,0.75,0.15,beta,none
City-A,T1,10x,1800.0,S3_Lin4,routine,M_routine,800,True,4,1822.9,1679.3,120.7,0.0788,0.0,mean_0.75,7,0.75,0.15,beta,none
City-A,T1,10x,1800.0,S3_Lin4,cross_regime,M_stress,800,True,4,1822.9,1027.5,772.5,0.4363,0.0,mean_0.75,7,0.75,0.15,beta,none
City-A,T1,10x,1800.0,S4_GlobalCalib,routine,M_routine,800,True,4,1857.4,1750.7,49.3,0.0574,0.0,mean_0.75,7,0.75,0.15,beta,none
City-A,T1,10x,1800.0,S4_GlobalCalib,cross_regime,M_stress,800,True,4,1857.4,1139.0,661.0,0.3868,0.0,mean_0.75,7,0.75,0.15,beta,none
City-A,T1,10x,1800.0,S5_CityCalib,routine,M_routine,800,True,4,1882.5,1750.7,49.3,0.07,0.0,mean_0.75,7,0.75,0.15,beta,none
City-A,T1,10x,1800.0,S5_CityCalib,cross_regime,M_stress,800,True,4,1882.5,1139.0,661.0,0.3949,0.0,mean_0.75,7,0.75,0.15,beta,none
City-A,T1,10x,1800.0,S6_Q10,routine,M_routine,800,True,6,1914.0,2521.8,0.0,0.0,1.0,mean_0.75,7,0.75,0.15,beta,none
City-A,T1,10x,1800.0,S6_Q10,cross_regime,M_stress,800,True,6,1914.0,1722.8,77.2,0.0999,0.0,mean_0.75,7,0.75,0.15,beta,none
City-A,T2,1x,260.0,S0a_RoutineOracle,routine,M_routine,800,True,1,609.8,609.8,0.0,0.0,1.0,mean_0.75,7,0.75,0.15,beta,none
City-A,T2,1x,260.0,S0a_RoutineOracle,cross_regime,M_stress,800,True,1,609.8,313.5,0.0,0.4859,1.0,mean_0.75,7,0.75,0.15,beta,none
City-A,T2,1x,260.0,S0b_StressOracle,routine,M_routine,800,True,1,322.2,486.3,0.0,0.0,1.0,mean_0.75,7,0.75,0.15,beta,none
City-A,T2,1x,260.0,S0b_StressOracle,cross_regime,M_stress,800,True,1,322.2,322.2,0.0,0.0,1.0,mean_0.75,7,0.75,0.15,beta,none
City-A,T2,1x,260.0,S1_CapRR,routine,M_routine,800,True,1,678.2,609.8,0.0,0.1008,1.0,mean_0.75,7,0.75,0.15,beta,none
City-A,T2,1x,260.0,S1_CapRR,cross_regime,M_stress,800,True,1,678.2,313.5,0.0,0.5377,1.0,mean_0.75,7,0.75,0.15,beta,none
City-A,T2,1x,260.0,S2_Platform,routine,M_routine,800,True,1,441.1,609.8,0.0,0.0,1.0,mean_0.75,7,0.75,0.15,beta,none
City-A,T2,1x,260.0,S2_Platform,cross_regime,M_stress,800,True,1,441.1,313.5,0.0,0.2893,1.0,mean_0.75,7,0.75,0.15,beta,none
City-A,T2,1x,260.0,S3_Lin4,routine,M_routine,800,True,1,548.0,609.8,0.0,0.0,1.0,mean_0.75,7,0.75,0.15,beta,none
City-A,T2,1x,260.0,S3_Lin4,cross_regime,M_stress,800,True,1,548.0,313.5,0.0,0.4279,1.0,mean_0.75,7,0.75,0.15,beta,none
City-A,T2,1x,260.0,S4_GlobalCalib,routine,M_routine,800,True,1,507.5,609.8,0.0,0.0,1.0,mean_0.75,7,0.75,0.15,beta,none
City-A,T2,1x,260.0,S4_GlobalCalib,cross_regime,M_stress,800,True,1,507.5,313.5,0.0,0.3823,1.0,mean_0.75,7,0.75,0.15,beta,none
City-A,T2,1x,260.0,S5_CityCalib,routine,M_routine,800,True,1,518.6,609.8,0.0,0.0,1.0,mean_0.75,7,0.75,0.15,beta,none
City-A,T2,1x,260.0,S5_CityCalib,cross_regime,M_stress,800,True,1,518.6,313.5,0.0,0.3955,1.0,mean_0.75,7,0.75,0.15,beta,none
City-A,T2,1x,260.0,S6_Q10,routine,M_routine,800,True,1,364.7,609.8,0.0,0.0,1.0,mean_0.75,7,0.75,0.15,beta,none
City-A,T2,1x,260.0,S6_Q10,cross_regime,M_stress,800,True,1,364.7,313.5,0.0,0.1403,1.0,mean_0.75,7,0.75,0.15,beta,none
City-A,T2,2x,520.0,S0a_RoutineOracle,routine,M_routine,800,True,1,609.8,609.8,0.0,0.0,1.0,mean_0.75,7,0.75,0.15,beta,none
City-A,T2,2x,520.0,S0a_RoutineOracle,cross_regime,M_stress,800,True,1,609.8,313.5,206.5,0.4859,0.0,mean_0.75,7,0.75,0.15,beta,none
City-A,T2,2x,520.0,S0b_StressOracle,routine,M_routine,800,True,2,635.7,1096.1,0.0,0.0,1.0,mean_0.75,7,0.75,0.15,beta,none
City-A,T2,2x,520.0,S0b_StressOracle,cross_regime,M_stress,800,True,2,635.7,635.7,0.0,0.0,1.0,mean_0.75,7,0.75,0.15,beta,none
City-A,T2,2x,520.0,S1_CapRR,routine,M_routine,800,True,1,678.2,609.8,0.0,0.1008,1.0,mean_0.75,7,0.75,0.15,beta,none
City-A,T2,2x,520.0,S1_CapRR,cross_regime,M_stress,800,True,1,678.2,313.5,206.5,0.5377,0.0,mean_0.75,7,0.75,0.15,beta,none
City-A,T2,2x,520.0,S2_Platform,routine,M_routine,800,True,2,849.9,971.1,0.0,0.0,1.0,mean_0.75,7,0.75,0.15,beta,none
City-A,T2,2x,520.0,S2_Platform,cross_regime,M_stress,800,True,2,849.9,601.8,0.0,0.2919,1.0,mean_0.75,7,0.75,0.15,beta,none
City-A,T2,2x,520.0,S3_Lin4,routine,M_routine,800,True,1,548.0,609.8,0.0,0.0,1.0,mean_0.75,7,0.75,0.15,beta,none
City-A,T2,2x,520.0,S3_Lin4,cross_regime,M_stress,800,True,1,548.0,313.5,206.5,0.4279,0.0,mean_0.75,7,0.75,0.15,beta,none
City-A,T2,2x,520.0,S4_GlobalCalib,routine,M_routine,800,True,2,967.9,971.1,0.0,0.0,1.0,mean_0.75,7,0.75,0.15,beta,none
City-A,T2,2x,520.0,S4_GlobalCalib,cross_regime,M_stress,800,True,2,967.9,601.8,0.0,0.3782,1.0,mean_0.75,7,0.75,0.15,beta,none
City-A,T2,2x,520.0,S5_CityCalib,routine,M_routine,800,True,2,988.8,971.1,0.0,0.0179,1.0,mean_0.75,7,0.75,0.15,beta,none
City-A,T2,2x,520.0,S5_CityCalib,cross_regime,M_stress,800,True,2,988.8,601.8,0.0,0.3914,1.0,mean_0.75,7,0.75,0.15,beta,none
City-A,T2,2x,520.0,S6_Q10,routine,M_routine,800,True,2,695.5,971.1,0.0,0.0,1.0,mean_0.75,7,0.75,0.15,beta,none
City-A,T2,2x,520.0,S6_Q10,cross_regime,M_stress,800,True,2,695.5,601.8,0.0,0.1346,1.0,mean_0.75,7,0.75,0.15,beta,none
City-A,T2,5x,1300.0,S0a_RoutineOracle,routine,M_routine,800,True,3,1621.2,1621.2,0.0,0.0,1.0,mean_0.75,7,0.75,0.15,beta,none
City-A,T2,5x,1300.0,S0a_RoutineOracle,cross_regime,M_stress,800,True,3,1621.2,874.1,425.9,0.4608,0.0,mean_0.75,7,0.75,0.15,beta,none
City-A,T2,5x,1300.0,S0b_StressOracle,routine,M_routine,800,True,5,1494.3,2098.4,0.0,0.0,1.0,mean_0.75,7,0.75,0.15,beta,none
City-A,T2,5x,1300.0,S0b_StressOracle,cross_regime,M_stress,800,True,5,1494.3,1494.3,0.0,0.0,1.0,mean_0.75,7,0.75,0.15,beta,none
City-A,T2,5x,1300.0,S1_CapRR,routine,M_routine,800,True,3,1889.7,1496.2,0.0,0.2082,1.0,mean_0.75,7,0.75,0.15,beta,none
City-A,T2,5x,1300.0,S1_CapRR,cross_regime,M_stress,800,True,3,1889.7,840.2,459.8,0.5554,0.0,mean_0.75,7,0.75,0.15,beta,none
City-A,T2,5x,1300.0,S2_Platform,routine,M_routine,800,True,4,1596.5,1906.4,0.0,0.0,1.0,mean_0.75,7,0.75,0.15,beta,none
City-A,T2,5x,1300.0,S2_Platform,cross_regime,M_stress,800,True,4,1596.5,1162.5,137.5,0.2719,0.0,mean_0.75,7,0.75,0.15,beta,none
City-A,T2,5x,1300.0,S3_Lin4,routine,M_routine,800,True,3,1402.8,1543.7,0.0,0.0,1.0,mean_0.75,7,0.75,0.15,beta,none
City-A,T2,5x,1300.0,S3_Lin4,cross_regime,M_stress,800,True,3,1402.8,812.0,488.0,0.4212,0.0,mean_0.75,7,0.75,0.15,beta,none
City-A,T2,5x,1300.0,S4_GlobalCalib,routine,M_routine,800,True,3,1414.3,1496.2,0.0,0.0,1.0,mean_0.75,7,0.75,0.15,beta,none
City-A,T2,5x,1300.0,S4_GlobalCalib,cross_regime,M_stress,800,True,3,1414.3,840.2,459.8,0.4059,0.0,mean_0.75,7,0.75,0.15,beta,none
City-A,T2,5x,1300.0,S5_CityCalib,routine,M_routine,800,True,3,1444.5,1496.2,0.0,0.0,1.0,mean_0.75,7,0.75,0.15,beta,none
City-A,T2,5x,1300.0,S5_CityCalib,cross_regime,M_stress,800,True,3,1444.5,840.2,459.8,0.4183,0.0,mean_0.75,7,0.75,0.15,beta,none
City-A,T2,5x,1300.0,S6_Q10,routine,M_routine,800,True,4,1329.3,1813.4,0.0,0.0,1.0,mean_0.75,7,0.75,0.15,beta,none
City-A,T2,5x,1300.0,S6_Q10,cross_regime,M_stress,800,True,4,1329.3,1138.5,161.5,0.1435,0.0,mean_0.75,7,0.75,0.15,beta,none
City-A,T2,10x,2600.0,S0a_RoutineOracle,routine,M_routine,800,True,6,2976.5,2976.5,0.0,0.0,1.0,mean_0.75,7,0.75,0.15,beta,none
City-A,T2,10x,2600.0,S0a_RoutineOracle,cross_regime,M_stress,800,True,6,2976.5,1522.8,1077.2,0.4884,0.0,mean_0.75,7,0.75,0.15,beta,none
City-A,T2,10x,2600.0,S0b_StressOracle,routine,M_routine,800,True,10,2773.7,4058.4,0.0,0.0,1.0,mean_0.75,7,0.75,0.15,beta,none
City-A,T2,10x,2600.0,S0b_StressOracle,cross_regime,M_stress,800,True,10,2773.7,2773.7,0.0,0.0,1.0,mean_0.75,7,0.75,0.15,beta,none
City-A,T2,10x,2600.0,S1_CapRR,routine,M_routine,800,True,5,3037.3,2299.7,300.3,0.2429,0.0,mean_0.75,7,0.75,0.15,beta,none
City-A,T2,10x,2600.0,S1_CapRR,cross_regime,M_stress,800,True,5,3037.3,1460.7,1139.3,0.5191,0.0,mean_0.75,7,0.75,0.15,beta,none
City-A,T2,10x,2600.0,S2_Platform,routine,M_routine,800,True,7,2630.1,3306.8,0.0,0.0,1.0,mean_0.75,7,0.75,0.15,beta,none
City-A,T2,10x,2600.0,S2_Platform,cross_regime,M_stress,800,True,7,2630.1,1865.6,734.4,0.2907,0.0,mean_0.75,7,0.75,0.15,beta,none
City-A,T2,10x,2600.0,S3_Lin4,routine,M_routine,800,True,6,2600.8,2708.5,0.0,0.0,1.0,mean_0.75,7,0.75,0.15,beta,none
City-A,T2,10x,2600.0,S3_Lin4,cross_regime,M_stress,800,True,6,2600.8,1720.7,879.3,0.3384,0.0,mean_0.75,7,0.75,0.15,beta,none
City-A,T2,10x,2600.0,S4_GlobalCalib,routine,M_routine,800,True,6,2669.4,2708.5,0.0,0.0,1.0,mean_0.75,7,0.75,0.15,beta,none
City-A,T2,10x,2600.0,S4_GlobalCalib,cross_regime,M_stress,800,True,6,2669.4,1720.7,879.3,0.3554,0.0,mean_0.75,7,0.75,0.15,beta,none
City-A,T2,10x,2600.0,S5_CityCalib,routine,M_routine,800,True,6,2725.3,2708.5,0.0,0.0062,1.0,mean_0.75,7,0.75,0.15,beta,none
City-A,T2,10x,2600.0,S5_CityCalib,cross_regime,M_stress,800,True,6,2725.3,1720.7,879.3,0.3686,0.0,mean_0.75,7,0.75,0.15,beta,none
City-A,T2,10x,2600.0,S6_Q10,routine,M_routine,800,True,9,2749.7,3949.1,0.0,0.0,1.0,mean_0.75,7,0.75,0.15,beta,none
City-A,T2,10x,2600.0,S6_Q10,cross_regime,M_stress,800,True,9,2749.7,2469.8,130.2,0.1018,0.0,mean_0.75,7,0.75,0.15,beta,none
City-A,T3,1x,200.0,S0a_RoutineOracle,routine,M_routine,800,True,1,508.5,508.5,0.0,0.0,1.0,mean_0.75,7,0.75,0.15,beta,none
City-A,T3,1x,200.0,S0a_RoutineOracle,cross_regime,M_stress,800,True,1,508.5,166.5,33.5,0.6725,0.0,mean_0.75,7,0.75,0.15,beta,none
City-A,T3,1x,200.0,S0b_StressOracle,routine,M_routine,800,True,1,300.2,480.0,0.0,0.0,1.0,mean_0.75,7,0.75,0.15,beta,none
City-A,T3,1x,200.0,S0b_StressOracle,cross_regime,M_stress,800,True,1,300.2,300.2,0.0,0.0,1.0,mean_0.75,7,0.75,0.15,beta,none
City-A,T3,1x,200.0,S1_CapRR,routine,M_routine,800,True,1,596.8,480.0,0.0,0.1956,1.0,mean_0.75,7,0.75,0.15,beta,none
City-A,T3,1x,200.0,S1_CapRR,cross_regime,M_stress,800,True,1,596.8,300.2,0.0,0.497,1.0,mean_0.75,7,0.75,0.15,beta,none
City-A,T3,1x,200.0,S2_Platform,routine,M_routine,800,True,1,470.7,480.0,0.0,0.0,1.0,mean_0.75,7,0.75,0.15,beta,none
City-A,T3,1x,200.0,S2_Platform,cross_regime,M_stress,800,True,1,470.7,300.2,0.0,0.3622,1.0,mean_0.75,7,0.75,0.15,beta,none
City-A,T3,1x,200.0,S3_Lin4,routine,M_routine,800,True,1,548.7,480.0,0.0,0.1252,1.0,mean_0.75,7,0.75,0.15,beta,none
City-A,T3,1x,200.0,S3_Lin4,cross_regime,M_stress,800,True,1,548.7,300.2,0.0,0.453,1.0,mean_0.75,7,0.75,0.15,beta,none
City-A,T3,1x,200.0,S4_GlobalCalib,routine,M_routine,800,True,1,447.6,480.0,0.0,0.0,1.0,mean_0.75,7,0.75,0.15,beta,none
City-A,T3,1x,200.0,S4_GlobalCalib,cross_regime,M_stress,800,True,1,447.6,300.2,0.0,0.3294,1.0,mean_0.75,7,0.75,0.15,beta,none
City-A,T3,1x,200.0,S5_CityCalib,routine,M_routine,800,True,1,452.7,480.0,0.0,0.0,1.0,mean_0.75,7,0.75,0.15,beta,none
City-A,T3,1x,200.0,S5_CityCalib,cross_regime,M_stress,800,True,1,452.7,300.2,0.0,0.3369,1.0,mean_0.75,7,0.75,0.15,beta,none
City-A,T3,1x,200.0,S6_Q10,routine,M_routine,800,True,1,318.9,480.0,0.0,0.0,1.0,mean_0.75,7,0.75,0.15,beta,none
City-A,T3,1x,200.0,S6_Q10,cross_regime,M_stress,800,True,1,318.9,300.2,0.0,0.0587,1.0,mean_0.75,7,0.75,0.15,beta,none
City-A,T3,2x,400.0,S0a_RoutineOracle,routine,M_routine,800,True,1,508.5,508.5,0.0,0.0,1.0,mean_0.75,7,0.75,0.15,beta,none
City-A,T3,2x,400.0,S0a_RoutineOracle,cross_regime,M_stress,800,True,1,508.5,166.5,233.5,0.6725,0.0,mean_0.75,7,0.75,0.15,beta,none
City-A,T3,2x,400.0,S0b_StressOracle,routine,M_routine,800,True,2,571.7,860.5,0.0,0.0,1.0,mean_0.75,7,0.75,0.15,beta,none
City-A,T3,2x,400.0,S0b_StressOracle,cross_regime,M_stress,800,True,2,571.7,571.7,0.0,0.0,1.0,mean_0.75,7,0.75,0.15,beta,none
City-A,T3,2x,400.0,S1_CapRR,routine,M_routine,800,True,1,596.8,480.0,0.0,0.1956,1.0,mean_0.75,7,0.75,0.15,beta,none
City-A,T3,2x,400.0,S1_CapRR,cross_regime,M_stress,800,True,1,596.8,300.2,99.8,0.497,0.0,mean_0.75,7,0.75,0.15,beta,none
City-A,T3,2x,400.0,S2_Platform,routine,M_routine,800,True,1,470.7,480.0,0.0,0.0,1.0,mean_0.75,7,0.75,0.15,beta,none
City-A,T3,2x,400.0,S2_Platform,cross_regime,M_stress,800,True,1,470.7,300.2,99.8,0.3622,0.0,mean_0.75,7,0.75,0.15,beta,none
City-A,T3,2x,400.0,S3_Lin4,routine,M_routine,800,True,1,548.7,480.0,0.0,0.1252,1.0,mean_0.75,7,0.75,0.15,beta,none
City-A,T3,2x,400.0,S3_Lin4,cross_regime,M_stress,800,True,1,548.7,300.2,99.8,0.453,0.0,mean_0.75,7,0.75,0.15,beta,none
City-A,T3,2x,400.0,S4_GlobalCalib,routine,M_routine,800,True,1,447.6,480.0,0.0,0.0,1.0,mean_0.75,7,0.75,0.15,beta,none
City-A,T3,2x,400.0,S4_GlobalCalib,cross_regime,M_stress,800,True,1,447.6,300.2,99.8,0.3294,0.0,mean_0.75,7,0.75,0.15,beta,none
City-A,T3,2x,400.0,S5_CityCalib,routine,M_routine,800,True,1,452.7,480.0,0.0,0.0,1.0,mean_0.75,7,0.75,0.15,beta,none
City-A,T3,2x,400.0,S5_CityCalib,cross_regime,M_stress,800,True,1,452.7,300.2,99.8,0.3369,0.0,mean_0.75,7,0.75,0.15,beta,none
City-A,T3,2x,400.0,S6_Q10,routine,M_routine,800,True,2,608.2,869.8,0.0,0.0,1.0,mean_0.75,7,0.75,0.15,beta,none
City-A,T3,2x,400.0,S6_Q10,cross_regime,M_stress,800,True,2,608.2,430.9,0.0,0.2915,1.0,mean_0.75,7,0.75,0.15,beta,none
City-A,T3,5x,1000.0,S0a_RoutineOracle,routine,M_routine,800,True,3,1430.7,1430.7,0.0,0.0,1.0,mean_0.75,7,0.75,0.15,beta,none
City-A,T3,5x,1000.0,S0a_RoutineOracle,cross_regime,M_stress,800,True,3,1430.7,652.9,347.1,0.5436,0.0,mean_0.75,7,0.75,0.15,beta,none
City-A,T3,5x,1000.0,S0b_StressOracle,routine,M_routine,800,True,4,1102.4,1515.0,0.0,0.0,1.0,mean_0.75,7,0.75,0.15,beta,none
City-A,T3,5x,1000.0,S0b_StressOracle,cross_regime,M_stress,800,True,4,1102.4,1102.4,0.0,0.0,1.0,mean_0.75,7,0.75,0.15,beta,none
City-A,T3,5x,1000.0,S1_CapRR,routine,M_routine,800,True,2,1138.1,869.8,130.2,0.2357,0.0,mean_0.75,7,0.75,0.15,beta,none
City-A,T3,5x,1000.0,S1_CapRR,cross_regime,M_stress,800,True,2,1138.1,430.9,569.1,0.6214,0.0,mean_0.75,7,0.75,0.15,beta,none
City-A,T3,5x,1000.0,S2_Platform,routine,M_routine,800,True,3,1264.8,1430.7,0.0,0.0,1.0,mean_0.75,7,0.75,0.15,beta,none
City-A,T3,5x,1000.0,S2_Platform,cross_regime,M_stress,800,True,3,1264.8,652.9,347.1,0.4838,0.0,mean_0.75,7,0.75,0.15,beta,none
City-A,T3,5x,1000.0,S3_Lin4,routine,M_routine,800,True,3,1393.9,1337.1,0.0,0.0408,1.0,mean_0.75,7,0.75,0.15,beta,none
City-A,T3,5x,1000.0,S3_Lin4,cross_regime,M_stress,800,True,3,1393.9,673.2,326.8,0.517,0.0,mean_0.75,7,0.75,0.15,beta,none
City-A,T3,5x,1000.0,S4_GlobalCalib,routine,M_routine,800,True,3,1247.1,1378.3,0.0,0.0,1.0,mean_0.75,7,0.75,0.15,beta,none
City-A,T3,5x,1000.0,S4_GlobalCalib,cross_regime,M_stress,800,True,3,1247.1,597.4,402.6,0.521,0.0,mean_0.75,7,0.75,0.15,beta,none
City-A,T3,5x,1000.0,S5_CityCalib,routine,M_routine,800,True,3,1260.8,1378.3,0.0,0.0,1.0,mean_0.75,7,0.75,0.15,beta,none
City-A,T3,5x,1000.0,S5_CityCalib,cross_regime,M_stress,800,True,3,1260.8,597.4,402.6,0.5262,0.0,mean_0.75,7,0.75,0.15,beta,none
City-A,T3,5x,1000.0,S6_Q10,routine,M_routine,800,True,4,1162.4,1697.3,0.0,0.0,1.0,mean_0.75,7,0.75,0.15,beta,none
City-A,T3,5x,1000.0,S6_Q10,cross_regime,M_stress,800,True,4,1162.4,787.5,212.5,0.3225,0.0,mean_0.75,7,0.75,0.15,beta,none
City-A,T3,10x,2000.0,S0a_RoutineOracle,routine,M_routine,800,True,5,2248.7,2248.7,0.0,0.0,1.0,mean_0.75,7,0.75,0.15,beta,none
City-A,T3,10x,2000.0,S0a_RoutineOracle,cross_regime,M_stress,800,True,5,2248.7,1016.9,983.1,0.5478,0.0,mean_0.75,7,0.75,0.15,beta,none
City-A,T3,10x,2000.0,S0b_StressOracle,routine,M_routine,800,True,8,2056.5,2941.2,0.0,0.0,1.0,mean_0.75,7,0.75,0.15,beta,none
City-A,T3,10x,2000.0,S0b_StressOracle,cross_regime,M_stress,800,True,8,2056.5,2056.5,0.0,0.0,1.0,mean_0.75,7,0.75,0.15,beta,none
City-A,T3,10x,2000.0,S1_CapRR,routine,M_routine,800,True,4,2175.3,1697.3,302.7,0.2197,0.0,mean_0.75,7,0.75,0.15,beta,none
City-A,T3,10x,2000.0,S1_CapRR,cross_regime,M_stress,800,True,4,2175.3,787.5,1212.5,0.638,0.0,mean_0.75,7,0.75,0.15,beta,none
City-A,T3,10x,2000.0,S2_Platform,routine,M_routine,800,True,6,2357.9,2491.0,0.0,0.0,1.0,mean_0.75,7,0.75,0.15,beta,none
City-A,T3,10x,2000.0,S2_Platform,cross_regime,M_stress,800,True,6,2357.9,1137.3,862.7,0.5177,0.0,mean_0.75,7,0.75,0.15,beta,none
City-A,T3,10x,2000.0,S3_Lin4,routine,M_routine,800,True,5,2175.1,2045.8,0.0,0.0594,1.0,mean_0.75,7,0.75,0.15,beta,none
City-A,T3,10x,2000.0,S3_Lin4,cross_regime,M_stress,800,True,5,2175.1,994.0,1006.0,0.543,0.0,mean_0.75,7,0.75,0.15,beta,none
City-A,T3,10x,2000.0,S4_GlobalCalib,routine,M_routine,800,True,5,2004.4,2139.5,0.0,0.0,1.0,mean_0.75,7,0.75,0.15,beta,none
City-A,T3,10x,2000.0,S4_GlobalCalib,cross_regime,M_stress,800,True,5,2004.4,973.8,1026.2,0.5142,0.0,mean_0.75,7,0.75,0.15,beta,none
City-A,T3,10x,2000.0,S5_CityCalib,routine,M_routine,800,True,5,2026.0,2139.5,0.0,0.0,1.0,mean_0.75,7,0.75,0.15,beta,none
City-A,T3,10x,2000.0,S5_CityCalib,cross_regime,M_stress,800,True,5,2026.0,973.8,1026.2,0.5194,0.0,mean_0.75,7,0.75,0.15,beta,none
City-A,T3,10x,2000.0,S6_Q10,routine,M_routine,800,True,8,2164.0,3248.0,0.0,0.0,1.0,mean_0.75,7,0.75,0.15,beta,none
City-A,T3,10x,2000.0,S6_Q10,cross_regime,M_stress,800,True,8,2164.0,1718.0,282.0,0.2061,0.0,mean_0.75,7,0.75,0.15,beta,none
City-A,T4,1x,140.0,S0a_RoutineOracle,routine,M_routine,800,True,1,587.6,587.6,0.0,0.0,1.0,mean_0.75,7,0.75,0.15,beta,none
City-A,T4,1x,140.0,S0a_RoutineOracle,cross_regime,M_stress,800,True,1,587.6,258.1,0.0,0.5608,1.0,mean_0.75,7,0.75,0.15,beta,none
City-A,T4,1x,140.0,S0b_StressOracle,routine,M_routine,800,True,1,327.9,298.0,0.0,0.0914,1.0,mean_0.75,7,0.75,0.15,beta,none
City-A,T4,1x,140.0,S0b_StressOracle,cross_regime,M_stress,800,True,1,327.9,327.9,0.0,0.0,1.0,mean_0.75,7,0.75,0.15,beta,none
City-A,T4,1x,140.0,S1_CapRR,routine,M_routine,800,True,1,678.2,569.8,0.0,0.1599,1.0,mean_0.75,7,0.75,0.15,beta,none
City-A,T4,1x,140.0,S1_CapRR,cross_regime,M_stress,800,True,1,678.2,198.6,0.0,0.7072,1.0,mean_0.75,7,0.75,0.15,beta,none
City-A,T4,1x,140.0,S2_Platform,routine,M_routine,800,True,1,299.2,513.4,0.0,0.0,1.0,mean_0.75,7,0.75,0.15,beta,none
City-A,T4,1x,140.0,S2_Platform,cross_regime,M_stress,800,True,1,299.2,323.9,0.0,0.0,1.0,mean_0.75,7,0.75,0.15,beta,none
City-A,T4,1x,140.0,S3_Lin4,routine,M_routine,800,True,1,548.8,569.8,0.0,0.0,1.0,mean_0.75,7,0.75,0.15,beta,none
City-A,T4,1x,140.0,S3_Lin4,cross_regime,M_stress,800,True,1,548.8,198.6,0.0,0.6381,1.0,mean_0.75,7,0.75,0.15,beta,none
City-A,T4,1x,140.0,S4_GlobalCalib,routine,M_routine,800,True,1,505.8,569.8,0.0,0.0,1.0,mean_0.75,7,0.75,0.15,beta,none
City-A,T4,1x,140.0,S4_GlobalCalib,cross_regime,M_stress,800,True,1,505.8,198.6,0.0,0.6074,1.0,mean_0.75,7,0.75,0.15,beta,none
City-A,T4,1x,140.0,S5_CityCalib,routine,M_routine,800,True,1,510.8,569.8,0.0,0.0,1.0,mean_0.75,7,0.75,0.15,beta,none
City-A,T4,1x,140.0,S5_CityCalib,cross_regime,M_stress,800,True,1,510.8,198.6,0.0,0.6112,1.0,mean_0.75,7,0.75,0.15,beta,none
City-A,T4,1x,140.0,S6_Q10,routine,M_routine,800,True,1,363.9,569.8,0.0,0.0,1.0,mean_0.75,7,0.75,0.15,beta,none
City-A,T4,1x,140.0,S6_Q10,cross_regime,M_stress,800,True,1,363.9,198.6,0.0,0.4543,1.0,mean_0.75,7,0.75,0.15,beta,none
City-A,T4,2x,280.0,S0a_RoutineOracle,routine,M_routine,800,True,1,587.6,587.6,0.0,0.0,1.0,mean_0.75,7,0.75,0.15,beta,none
City-A,T4,2x,280.0,S0a_RoutineOracle,cross_regime,M_stress,800,True,1,587.6,258.1,21.9,0.5608,0.0,mean_0.75,7,0.75,0.15,beta,none
City-A,T4,2x,280.0,S0b_StressOracle,routine,M_routine,800,True,1,327.9,298.0,0.0,0.0914,1.0,mean_0.75,7,0.75,0.15,beta,none
City-A,T4,2x,280.0,S0b_StressOracle,cross_regime,M_stress,800,True,1,327.9,327.9,0.0,0.0,1.0,mean_0.75,7,0.75,0.15,beta,none
City-A,T4,2x,280.0,S1_CapRR,routine,M_routine,800,True,1,678.2,569.8,0.0,0.1599,1.0,mean_0.75,7,0.75,0.15,beta,none
City-A,T4,2x,280.0,S1_CapRR,cross_regime,M_stress,800,True,1,678.2,198.6,81.4,0.7072,0.0,mean_0.75,7,0.75,0.15,beta,none
City-A,T4,2x,280.0,S2_Platform,routine,M_routine,800,True,1,299.2,513.4,0.0,0.0,1.0,mean_0.75,7,0.75,0.15,beta,none
City-A,T4,2x,280.0,S2_Platform,cross_regime,M_stress,800,True,1,299.2,323.9,0.0,0.0,1.0,mean_0.75,7,0.75,0.15,beta,none
City-A,T4,2x,280.0,S3_Lin4,routine,M_routine,800,True,1,548.8,569.8,0.0,0.0,1.0,mean_0.75,7,0.75,0.15,beta,none
City-A,T4,2x,280.0,S3_Lin4,cross_regime,M_stress,800,True,1,548.8,198.6,81.4,0.6381,0.0,mean_0.75,7,0.75,0.15,beta,none
City-A,T4,2x,280.0,S4_GlobalCalib,routine,M_routine,800,True,1,505.8,569.8,0.0,0.0,1.0,mean_0.75,7,0.75,0.15,beta,none
City-A,T4,2x,280.0,S4_GlobalCalib,cross_regime,M_stress,800,True,1,505.8,198.6,81.4,0.6074,0.0,mean_0.75,7,0.75,0.15,beta,none
City-A,T4,2x,280.0,S5_CityCalib,routine,M_routine,800,True,1,510.8,569.8,0.0,0.0,1.0,mean_0.75,7,0.75,0.15,beta,none
City-A,T4,2x,280.0,S5_CityCalib,cross_regime,M_stress,800,True,1,510.8,198.6,81.4,0.6112,0.0,mean_0.75,7,0.75,0.15,beta,none
City-A,T4,2x,280.0,S6_Q10,routine,M_routine,800,True,1,363.9,569.8,0.0,0.0,1.0,mean_0.75,7,0.75,0.15,beta,none
City-A,T4,2x,280.0,S6_Q10,cross_regime,M_stress,800,True,1,363.9,198.6,81.4,0.4543,0.0,mean_0.75,7,0.75,0.15,beta,none
City-A,T4,5x,700.0,S0a_RoutineOracle,routine,M_routine,800,True,2,1157.4,1157.4,0.0,0.0,1.0,mean_0.75,7,0.75,0.15,beta,none
City-A,T4,5x,700.0,S0a_RoutineOracle,cross_regime,M_stress,800,True,2,1157.4,456.7,243.3,0.6054,0.0,mean_0.75,7,0.75,0.15,beta,none
City-A,T4,5x,700.0,S0b_StressOracle,routine,M_routine,800,True,3,960.9,1259.6,0.0,0.0,1.0,mean_0.75,7,0.75,0.15,beta,none
City-A,T4,5x,700.0,S0b_StressOracle,cross_regime,M_stress,800,True,3,960.9,960.9,0.0,0.0,1.0,mean_0.75,7,0.75,0.15,beta,none
City-A,T4,5x,700.0,S1_CapRR,routine,M_routine,800,True,2,1293.4,1083.2,0.0,0.1625,1.0,mean_0.75,7,0.75,0.15,beta,none
City-A,T4,5x,700.0,S1_CapRR,cross_regime,M_stress,800,True,2,1293.4,522.5,177.5,0.596,0.0,mean_0.75,7,0.75,0.15,beta,none
City-A,T4,5x,700.0,S2_Platform,routine,M_routine,800,True,3,870.0,1361.3,0.0,0.0,1.0,mean_0.75,7,0.75,0.15,beta,none
City-A,T4,5x,700.0,S2_Platform,cross_regime,M_stress,800,True,3,870.0,886.2,0.0,0.0,1.0,mean_0.75,7,0.75,0.15,beta,none
City-A,T4,5x,700.0,S3_Lin4,routine,M_routine,800,True,2,981.5,1157.4,0.0,0.0,1.0,mean_0.75,7,0.75,0.15,beta,none
City-A,T4,5x,700.0,S3_Lin4,cross_regime,M_stress,800,True,2,981.5,456.7,243.3,0.5347,0.0,mean_0.75,7,0.75,0.15,beta,none
City-A,T4,5x,700.0,S4_GlobalCalib,routine,M_routine,800,True,2,964.7,1083.2,0.0,0.0,1.0,mean_0.75,7,0.75,0.15,beta,none
City-A,T4,5x,700.0,S4_GlobalCalib,cross_regime,M_stress,800,True,2,964.7,522.5,177.5,0.4584,0.0,mean_0.75,7,0.75,0.15,beta,none
City-A,T4,5x,700.0,S5_CityCalib,routine,M_routine,800,True,2,974.0,1083.2,0.0,0.0,1.0,mean_0.75,7,0.75,0.15,beta,none
City-A,T4,5x,700.0,S5_CityCalib,cross_regime,M_stress,800,True,2,974.0,522.5,177.5,0.4636,0.0,mean_0.75,7,0.75,0.15,beta,none
City-A,T4,5x,700.0,S6_Q10,routine,M_routine,800,True,3,1014.1,1670.8,0.0,0.0,1.0,mean_0.75,7,0.75,0.15,beta,none
City-A,T4,5x,700.0,S6_Q10,cross_regime,M_stress,800,True,3,1014.1,780.6,0.0,0.2303,1.0,mean_0.75,7,0.75,0.15,beta,none
City-A,T4,10x,1400.0,S0a_RoutineOracle,routine,M_routine,800,True,3,1685.9,1685.9,0.0,0.0,1.0,mean_0.75,7,0.75,0.15,beta,none
City-A,T4,10x,1400.0,S0a_RoutineOracle,cross_regime,M_stress,800,True,3,1685.9,755.8,644.2,0.5517,0.0,mean_0.75,7,0.75,0.15,beta,none
City-A,T4,10x,1400.0,S0b_StressOracle,routine,M_routine,800,True,5,1548.0,2142.5,0.0,0.0,1.0,mean_0.75,7,0.75,0.15,beta,none
City-A,T4,10x,1400.0,S0b_StressOracle,cross_regime,M_stress,800,True,5,1548.0,1548.0,0.0,0.0,1.0,mean_0.75,7,0.75,0.15,beta,none
City-A,T4,10x,1400.0,S1_CapRR,routine,M_routine,800,True,3,1889.7,1670.8,0.0,0.1158,1.0,mean_0.75,7,0.75,0.15,beta,none
City-A,T4,10x,1400.0,S1_CapRR,cross_regime,M_stress,800,True,3,1889.7,780.6,619.4,0.5869,0.0,mean_0.75,7,0.75,0.15,beta,none
City-A,T4,10x,1400.0,S2_Platform,routine,M_routine,800,True,5,1424.2,2096.9,0.0,0.0,1.0,mean_0.75,7,0.75,0.15,beta,none
City-A,T4,10x,1400.0,S2_Platform,cross_regime,M_stress,800,True,5,1424.2,1397.7,2.3,0.0186,0.0,mean_0.75,7,0.75,0.15,beta,none
City-A,T4,10x,1400.0,S3_Lin4,routine,M_routine,800,True,3,1407.0,1616.2,0.0,0.0,1.0,mean_0.75,7,0.75,0.15,beta,none
City-A,T4,10x,1400.0,S3_Lin4,cross_regime,M_stress,800,True,3,1407.0,673.9,726.1,0.521,0.0,mean_0.75,7,0.75,0.15,beta,none
City-A,T4,10x,1400.0,S4_GlobalCalib,routine,M_routine,800,True,3,1409.5,1670.8,0.0,0.0,1.0,mean_0.75,7,0.75,0.15,beta,none
City-A,T4,10x,1400.0,S4_GlobalCalib,cross_regime,M_stress,800,True,3,1409.5,780.6,619.4,0.4462,0.0,mean_0.75,7,0.75,0.15,beta,none
City-A,T4,10x,1400.0,S5_CityCalib,routine,M_routine,800,True,3,1422.9,1670.8,0.0,0.0,1.0,mean_0.75,7,0.75,0.15,beta,none
City-A,T4,10x,1400.0,S5_CityCalib,cross_regime,M_stress,800,True,3,1422.9,780.6,619.4,0.4514,0.0,mean_0.75,7,0.75,0.15,beta,none
City-A,T4,10x,1400.0,S6_Q10,routine,M_routine,800,True,5,1630.0,2497.2,0.0,0.0,1.0,mean_0.75,7,0.75,0.15,beta,none
City-A,T4,10x,1400.0,S6_Q10,cross_regime,M_stress,800,True,5,1630.0,1407.7,0.0,0.1364,1.0,mean_0.75,7,0.75,0.15,beta,none
City-A,T5,1x,160.0,S0a_RoutineOracle,routine,M_routine,800,True,1,508.5,508.5,0.0,0.0,1.0,mean_0.75,7,0.75,0.15,beta,none
City-A,T5,1x,160.0,S0a_RoutineOracle,cross_regime,M_stress,800,True,1,508.5,233.7,0.0,0.5404,1.0,mean_0.75,7,0.75,0.15,beta,none
City-A,T5,1x,160.0,S0b_StressOracle,routine,M_routine,800,True,1,324.7,396.0,0.0,0.0,1.0,mean_0.75,7,0.75,0.15,beta,none
City-A,T5,1x,160.0,S0b_StressOracle,cross_regime,M_stress,800,True,1,324.7,324.7,0.0,0.0,1.0,mean_0.75,7,0.75,0.15,beta,none
City-A,T5,1x,160.0,S1_CapRR,routine,M_routine,800,True,1,596.8,486.4,0.0,0.1849,1.0,mean_0.75,7,0.75,0.15,beta,none
City-A,T5,1x,160.0,S1_CapRR,cross_regime,M_stress,800,True,1,596.8,312.6,0.0,0.4762,1.0,mean_0.75,7,0.75,0.15,beta,none
City-A,T5,1x,160.0,S2_Platform,routine,M_routine,800,True,1,485.5,486.4,0.0,0.0,1.0,mean_0.75,7,0.75,0.15,beta,none
City-A,T5,1x,160.0,S2_Platform,cross_regime,M_stress,800,True,1,485.5,312.6,0.0,0.3562,1.0,mean_0.75,7,0.75,0.15,beta,none
City-A,T5,1x,160.0,S3_Lin4,routine,M_routine,800,True,1,548.9,486.4,0.0,0.1138,1.0,mean_0.75,7,0.75,0.15,beta,none
City-A,T5,1x,160.0,S3_Lin4,cross_regime,M_stress,800,True,1,548.9,312.6,0.0,0.4306,1.0,mean_0.75,7,0.75,0.15,beta,none
City-A,T5,1x,160.0,S4_GlobalCalib,routine,M_routine,800,True,1,446.6,486.4,0.0,0.0,1.0,mean_0.75,7,0.75,0.15,beta,none
City-A,T5,1x,160.0,S4_GlobalCalib,cross_regime,M_stress,800,True,1,446.6,312.6,0.0,0.3001,1.0,mean_0.75,7,0.75,0.15,beta,none
City-A,T5,1x,160.0,S5_CityCalib,routine,M_routine,800,True,1,452.9,486.4,0.0,0.0,1.0,mean_0.75,7,0.75,0.15,beta,none
City-A,T5,1x,160.0,S5_CityCalib,cross_regime,M_stress,800,True,1,452.9,312.6,0.0,0.3098,1.0,mean_0.75,7,0.75,0.15,beta,none
City-A,T5,1x,160.0,S6_Q10,routine,M_routine,800,True,1,316.9,486.4,0.0,0.0,1.0,mean_0.75,7,0.75,0.15,beta,none
City-A,T5,1x,160.0,S6_Q10,cross_regime,M_stress,800,True,1,316.9,312.6,0.0,0.0137,1.0,mean_0.75,7,0.75,0.15,beta,none
City-A,T5,2x,320.0,S0a_RoutineOracle,routine,M_routine,800,True,1,508.5,508.5,0.0,0.0,1.0,mean_0.75,7,0.75,0.15,beta,none
City-A,T5,2x,320.0,S0a_RoutineOracle,cross_regime,M_stress,800,True,1,508.5,233.7,86.3,0.5404,0.0,mean_0.75,7,0.75,0.15,beta,none
City-A,T5,2x,320.0,S0b_StressOracle,routine,M_routine,800,True,1,324.7,396.0,0.0,0.0,1.0,mean_0.75,7,0.75,0.15,beta,none
City-A,T5,2x,320.0,S0b_StressOracle,cross_regime,M_stress,800,True,1,324.7,324.7,0.0,0.0,1.0,mean_0.75,7,0.75,0.15,beta,none
City-A,T5,2x,320.0,S1_CapRR,routine,M_routine,800,True,1,596.8,486.4,0.0,0.1849,1.0,mean_0.75,7,0.75,0.15,beta,none
City-A,T5,2x,320.0,S1_CapRR,cross_regime,M_stress,800,True,1,596.8,312.6,7.4,0.4762,0.0,mean_0.75,7,0.75,0.15,beta,none
City-A,T5,2x,320.0,S2_Platform,routine,M_routine,800,True,1,485.5,486.4,0.0,0.0,1.0,mean_0.75,7,0.75,0.15,beta,none
City-A,T5,2x,320.0,S2_Platform,cross_regime,M_stress,800,True,1,485.5,312.6,7.4,0.3562,0.0,mean_0.75,7,0.75,0.15,beta,none
City-A,T5,2x,320.0,S3_Lin4,routine,M_routine,800,True,1,548.9,486.4,0.0,0.1138,1.0,mean_0.75,7,0.75,0.15,beta,none
City-A,T5,2x,320.0,S3_Lin4,cross_regime,M_stress,800,True,1,548.9,312.6,7.4,0.4306,0.0,mean_0.75,7,0.75,0.15,beta,none
City-A,T5,2x,320.0,S4_GlobalCalib,routine,M_routine,800,True,1,446.6,486.4,0.0,0.0,1.0,mean_0.75,7,0.75,0.15,beta,none
City-A,T5,2x,320.0,S4_GlobalCalib,cross_regime,M_stress,800,True,1,446.6,312.6,7.4,0.3001,0.0,mean_0.75,7,0.75,0.15,beta,none
City-A,T5,2x,320.0,S5_CityCalib,routine,M_routine,800,True,1,452.9,486.4,0.0,0.0,1.0,mean_0.75,7,0.75,0.15,beta,none
City-A,T5,2x,320.0,S5_CityCalib,cross_regime,M_stress,800,True,1,452.9,312.6,7.4,0.3098,0.0,mean_0.75,7,0.75,0.15,beta,none
City-A,T5,2x,320.0,S6_Q10,routine,M_routine,800,True,2,604.4,994.9,0.0,0.0,1.0,mean_0.75,7,0.75,0.15,beta,none
City-A,T5,2x,320.0,S6_Q10,cross_regime,M_stress,800,True,2,604.4,546.3,0.0,0.0962,1.0,mean_0.75,7,0.75,0.15,beta,none
City-A,T5,5x,800.0,S0a_RoutineOracle,routine,M_routine,800,True,2,994.9,994.9,0.0,0.0,1.0,mean_0.75,7,0.75,0.15,beta,none
City-A,T5,5x,800.0,S0a_RoutineOracle,cross_regime,M_stress,800,True,2,994.9,546.3,253.7,0.4509,0.0,mean_0.75,7,0.75,0.15,beta,none
City-A,T5,5x,800.0,S0b_StressOracle,routine,M_routine,800,True,3,892.7,1339.9,0.0,0.0,1.0,mean_0.75,7,0.75,0.15,beta,none
City-A,T5,5x,800.0,S0b_StressOracle,cross_regime,M_stress,800,True,3,892.7,892.7,0.0,0.0,1.0,mean_0.75,7,0.75,0.15,beta,none
City-A,T5,5x,800.0,S1_CapRR,routine,M_routine,800,True,2,1138.1,994.9,0.0,0.1258,1.0,mean_0.75,7,0.75,0.15,beta,none
City-A,T5,5x,800.0,S1_CapRR,cross_regime,M_stress,800,True,2,1138.1,546.3,253.7,0.52,0.0,mean_0.75,7,0.75,0.15,beta,none
City-A,T5,5x,800.0,S2_Platform,routine,M_routine,800,True,2,897.6,837.9,0.0,0.0664,1.0,mean_0.75,7,0.75,0.15,beta,none
City-A,T5,5x,800.0,S2_Platform,cross_regime,M_stress,800,True,2,897.6,546.9,253.1,0.3907,0.0,mean_0.75,7,0.75,0.15,beta,none
City-A,T5,5x,800.0,S3_Lin4,routine,M_routine,800,True,2,973.2,882.4,0.0,0.0932,1.0,mean_0.75,7,0.75,0.15,beta,none
City-A,T5,5x,800.0,S3_Lin4,cross_regime,M_stress,800,True,2,973.2,637.3,162.7,0.3451,0.0,mean_0.75,7,0.75,0.15,beta,none
City-A,T5,5x,800.0,S4_GlobalCalib,routine,M_routine,800,True,2,851.7,994.9,0.0,0.0,1.0,mean_0.75,7,0.75,0.15,beta,none
City-A,T5,5x,800.0,S4_GlobalCalib,cross_regime,M_stress,800,True,2,851.7,546.3,253.7,0.3586,0.0,mean_0.75,7,0.75,0.15,beta,none
City-A,T5,5x,800.0,S5_CityCalib,routine,M_routine,800,True,2,863.4,994.9,0.0,0.0,1.0,mean_0.75,7,0.75,0.15,beta,none
City-A,T5,5x,800.0,S5_CityCalib,cross_regime,M_stress,800,True,2,863.4,546.3,253.7,0.3673,0.0,mean_0.75,7,0.75,0.15,beta,none
City-A,T5,5x,800.0,S6_Q10,routine,M_routine,800,True,3,883.0,1390.9,0.0,0.0,1.0,mean_0.75,7,0.75,0.15,beta,none
City-A,T5,5x,800.0,S6_Q10,cross_regime,M_stress,800,True,3,883.0,871.0,0.0,0.0136,1.0,mean_0.75,7,0.75,0.15,beta,none
City-A,T5,10x,1600.0,S0a_RoutineOracle,routine,M_routine,800,True,4,1865.4,1865.4,0.0,0.0,1.0,mean_0.75,7,0.75,0.15,beta,none
City-A,T5,10x,1600.0,S0a_RoutineOracle,cross_regime,M_stress,800,True,4,1865.4,1021.3,578.7,0.4525,0.0,mean_0.75,7,0.75,0.15,beta,none
City-A,T5,10x,1600.0,S0b_StressOracle,routine,M_routine,800,True,6,1632.7,2245.9,0.0,0.0,1.0,mean_0.75,7,0.75,0.15,beta,none
City-A,T5,10x,1600.0,S0b_StressOracle,cross_regime,M_stress,800,True,6,1632.7,1632.7,0.0,0.0,1.0,mean_0.75,7,0.75,0.15,beta,none
City-A,T5,10x,1600.0,S1_CapRR,routine,M_routine,800,True,3,1662.9,1390.9,209.1,0.1635,0.0,mean_0.75,7,0.75,0.15,beta,none
City-A,T5,10x,1600.0,S1_CapRR,cross_regime,M_stress,800,True,3,1662.9,871.0,729.0,0.4762,0.0,mean_0.75,7,0.75,0.15,beta,none
City-A,T5,10x,1600.0,S2_Platform,routine,M_routine,800,True,4,1696.8,1691.4,0.0,0.0032,1.0,mean_0.75,7,0.75,0.15,beta,none
City-A,T5,10x,1600.0,S2_Platform,cross_regime,M_stress,800,True,4,1696.8,1127.1,472.9,0.3358,0.0,mean_0.75,7,0.75,0.15,beta,none
City-A,T5,10x,1600.0,S3_Lin4,routine,M_routine,800,True,4,1785.1,1697.5,0.0,0.0491,1.0,mean_0.75,7,0.75,0.15,beta,none
City-A,T5,10x,1600.0,S3_Lin4,cross_regime,M_stress,800,True,4,1785.1,1113.5,486.5,0.3762,0.0,mean_0.75,7,0.75,0.15,beta,none
City-A,T5,10x,1600.0,S4_GlobalCalib,routine,M_routine,800,True,4,1627.8,1848.4,0.0,0.0,1.0,mean_0.75,7,0.75,0.15,beta,none
City-A,T5,10x,1600.0,S4_GlobalCalib,cross_regime,M_stress,800,True,4,1627.8,1126.4,473.6,0.308,0.0,mean_0.75,7,0.75,0.15,beta,none
City-A,T5,10x,1600.0,S5_CityCalib,routine,M_routine,800,True,4,1649.6,1848.4,0.0,0.0,1.0,mean_0.75,7,0.75,0.15,beta,none
City-A,T5,10x,1600.0,S5_CityCalib,cross_regime,M_stress,800,True,4,1649.6,1126.4,473.6,0.3172,0.0,mean_0.75,7,0.75,0.15,beta,none
City-A,T5,10x,1600.0,S6_Q10,routine,M_routine,800,True,6,1666.6,2506.5,0.0,0.0,1.0,mean_0.75,7,0.75,0.15,beta,none
City-A,T5,10x,1600.0,S6_Q10,cross_regime,M_stress,800,True,6,1666.6,1603.3,0.0,0.038,1.0,mean_0.75,7,0.75,0.15,beta,none
City-B,T1,1x,180.0,S0a_RoutineOracle,routine,M_routine,500,True,1,689.4,689.4,0.0,0.0,1.0,mean_0.75,7,0.75,0.15,beta,none
City-B,T1,1x,180.0,S0a_RoutineOracle,cross_regime,M_stress,500,True,1,689.4,459.2,0.0,0.3339,1.0,mean_0.75,7,0.75,0.15,beta,none
City-B,T1,1x,180.0,S0b_StressOracle,routine,M_routine,500,True,1,475.2,632.0,0.0,0.0,1.0,mean_0.75,7,0.75,0.15,beta,none
City-B,T1,1x,180.0,S0b_StressOracle,cross_regime,M_stress,500,True,1,475.2,475.2,0.0,0.0,1.0,mean_0.75,7,0.75,0.15,beta,none
City-B,T1,1x,180.0,S1_CapRR,routine,M_routine,500,True,1,846.0,511.8,0.0,0.3951,1.0,mean_0.75,7,0.75,0.15,beta,none
City-B,T1,1x,180.0,S1_CapRR,cross_regime,M_stress,500,True,1,846.0,459.2,0.0,0.4572,1.0,mean_0.75,7,0.75,0.15,beta,none
City-B,T1,1x,180.0,S2_Platform,routine,M_routine,500,True,1,561.1,632.0,0.0,0.0,1.0,mean_0.75,7,0.75,0.15,beta,none
City-B,T1,1x,180.0,S2_Platform,cross_regime,M_stress,500,True,1,561.1,475.2,0.0,0.1531,1.0,mean_0.75,7,0.75,0.15,beta,none
City-B,T1,1x,180.0,S3_Lin4,routine,M_routine,500,True,1,523.0,689.4,0.0,0.0,1.0,mean_0.75,7,0.75,0.15,beta,none
City-B,T1,1x,180.0,S3_Lin4,cross_regime,M_stress,500,True,1,523.0,459.2,0.0,0.1219,1.0,mean_0.75,7,0.75,0.15,beta,none
City-B,T1,1x,180.0,S4_GlobalCalib,routine,M_routine,500,True,1,635.7,511.8,0.0,0.195,1.0,mean_0.75,7,0.75,0.15,beta,none
City-B,T1,1x,180.0,S4_GlobalCalib,cross_regime,M_stress,500,True,1,635.7,459.2,0.0,0.2777,1.0,mean_0.75,7,0.75,0.15,beta,none
City-B,T1,1x,180.0,S5_CityCalib,routine,M_routine,500,True,1,625.8,511.8,0.0,0.1823,1.0,mean_0.75,7,0.75,0.15,beta,none
City-B,T1,1x,180.0,S5_CityCalib,cross_regime,M_stress,500,True,1,625.8,459.2,0.0,0.2663,1.0,mean_0.75,7,0.75,0.15,beta,none
City-B,T1,1x,180.0,S6_Q10,routine,M_routine,500,True,1,454.0,511.8,0.0,0.0,1.0,mean_0.75,7,0.75,0.15,beta,none
City-B,T1,1x,180.0,S6_Q10,cross_regime,M_stress,500,True,1,454.0,459.2,0.0,0.0,1.0,mean_0.75,7,0.75,0.15,beta,none
City-B,T1,2x,360.0,S0a_RoutineOracle,routine,M_routine,500,True,1,689.4,689.4,0.0,0.0,1.0,mean_0.75,7,0.75,0.15,beta,none
City-B,T1,2x,360.0,S0a_RoutineOracle,cross_regime,M_stress,500,True,1,689.4,459.2,0.0,0.3339,1.0,mean_0.75,7,0.75,0.15,beta,none
City-B,T1,2x,360.0,S0b_StressOracle,routine,M_routine,500,True,1,475.2,632.0,0.0,0.0,1.0,mean_0.75,7,0.75,0.15,beta,none
City-B,T1,2x,360.0,S0b_StressOracle,cross_regime,M_stress,500,True,1,475.2,475.2,0.0,0.0,1.0,mean_0.75,7,0.75,0.15,beta,none
City-B,T1,2x,360.0,S1_CapRR,routine,M_routine,500,True,1,846.0,511.8,0.0,0.3951,1.0,mean_0.75,7,0.75,0.15,beta,none
City-B,T1,2x,360.0,S1_CapRR,cross_regime,M_stress,500,True,1,846.0,459.2,0.0,0.4572,1.0,mean_0.75,7,0.75,0.15,beta,none
City-B,T1,2x,360.0,S2_Platform,routine,M_routine,500,True,1,561.1,632.0,0.0,0.0,1.0,mean_0.75,7,0.75,0.15,beta,none
City-B,T1,2x,360.0,S2_Platform,cross_regime,M_stress,500,True,1,561.1,475.2,0.0,0.1531,1.0,mean_0.75,7,0.75,0.15,beta,none
City-B,T1,2x,360.0,S3_Lin4,routine,M_routine,500,True,1,523.0,689.4,0.0,0.0,1.0,mean_0.75,7,0.75,0.15,beta,none
City-B,T1,2x,360.0,S3_Lin4,cross_regime,M_stress,500,True,1,523.0,459.2,0.0,0.1219,1.0,mean_0.75,7,0.75,0.15,beta,none
City-B,T1,2x,360.0,S4_GlobalCalib,routine,M_routine,500,True,1,635.7,511.8,0.0,0.195,1.0,mean_0.75,7,0.75,0.15,beta,none
City-B,T1,2x,360.0,S4_GlobalCalib,cross_regime,M_stress,500,True,1,635.7,459.2,0.0,0.2777,1.0,mean_0.75,7,0.75,0.15,beta,none
City-B,T1,2x,360.0,S5_CityCalib,routine,M_routine,500,True,1,625.8,511.8,0.0,0.1823,1.0,mean_0.75,7,0.75,0.15,beta,none
City-B,T1,2x,360.0,S5_CityCalib,cross_regime,M_stress,500,True,1,625.8,459.2,0.0,0.2663,1.0,mean_0.75,7,0.75,0.15,beta,none
City-B,T1,2x,360.0,S6_Q10,routine,M_routine,500,True,1,454.0,511.8,0.0,0.0,1.0,mean_0.75,7,0.75,0.15,beta,none
City-B,T1,2x,360.0,S6_Q10,cross_regime,M_stress,500,True,1,454.0,459.2,0.0,0.0,1.0,mean_0.75,7,0.75,0.15,beta,none
City-B,T1,5x,900.0,S0a_RoutineOracle,routine,M_routine,500,True,2,1321.4,1321.4,0.0,0.0,1.0,mean_0.75,7,0.75,0.15,beta,none
City-B,T1,5x,900.0,S0a_RoutineOracle,cross_regime,M_stress,500,True,2,1321.4,934.5,0.0,0.2928,1.0,mean_0.75,7,0.75,0.15,beta,none
City-B,T1,5x,900.0,S0b_StressOracle,routine,M_routine,500,True,2,934.5,1321.4,0.0,0.0,1.0,mean_0.75,7,0.75,0.15,beta,none
City-B,T1,5x,900.0,S0b_StressOracle,cross_regime,M_stress,500,True,2,934.5,934.5,0.0,0.0,1.0,mean_0.75,7,0.75,0.15,beta,none
City-B,T1,5x,900.0,S1_CapRR,routine,M_routine,500,True,2,1688.0,1038.7,0.0,0.3846,1.0,mean_0.75,7,0.75,0.15,beta,none
City-B,T1,5x,900.0,S1_CapRR,cross_regime,M_stress,500,True,2,1688.0,735.2,164.8,0.5644,0.0,mean_0.75,7,0.75,0.15,beta,none
City-B,T1,5x,900.0,S2_Platform,routine,M_routine,500,True,2,1112.3,1321.4,0.0,0.0,1.0,mean_0.75,7,0.75,0.15,beta,none
City-B,T1,5x,900.0,S2_Platform,cross_regime,M_stress,500,True,2,1112.3,934.5,0.0,0.1599,1.0,mean_0.75,7,0.75,0.15,beta,none
City-B,T1,5x,900.0,S3_Lin4,routine,M_routine,500,True,2,1038.9,1321.4,0.0,0.0,1.0,mean_0.75,7,0.75,0.15,beta,none
City-B,T1,5x,900.0,S3_Lin4,cross_regime,M_stress,500,True,2,1038.9,934.5,0.0,0.1006,1.0,mean_0.75,7,0.75,0.15,beta,none
City-B,T1,5x,900.0,S4_GlobalCalib,routine,M_routine,500,True,2,1268.4,1038.7,0.0,0.181,1.0,mean_0.75,7,0.75,0.15,beta,none
City-B,T1,5x,900.0,S4_GlobalCalib,cross_regime,M_stress,500,True,2,1268.4,735.2,164.8,0.4204,0.0,mean_0.75,7,0.75,0.15,beta,none
City-B,T1,5x,900.0,S5_CityCalib,routine,M_routine,500,True,2,1248.7,1038.7,0.0,0.1681,1.0,mean_0.75,7,0.75,0.15,beta,none
City-B,T1,5x,900.0,S5_CityCalib,cross_regime,M_stress,500,True,2,1248.7,735.2,164.8,0.4112,0.0,mean_0.75,7,0.75,0.15,beta,none
City-B,T1,5x,900.0,S6_Q10,routine,M_routine,500,True,2,905.9,1038.7,0.0,0.0,1.0,mean_0.75,7,0.75,0.15,beta,none
City-B,T1,5x,900.0,S6_Q10,cross_regime,M_stress,500,True,2,905.9,735.2,164.8,0.1884,0.0,mean_0.75,7,0.75,0.15,beta,none
City-B,T1,10x,1800.0,S0a_RoutineOracle,routine,M_routine,500,True,3,1898.9,1898.9,0.0,0.0,1.0,mean_0.75,7,0.75,0.15,beta,none
City-B,T1,10x,1800.0,S0a_RoutineOracle,cross_regime,M_stress,500,True,3,1898.9,1371.0,429.0,0.278,0.0,mean_0.75,7,0.75,0.15,beta,none
City-B,T1,10x,1800.0,S0b_StressOracle,routine,M_routine,500,True,4,1830.2,2410.6,0.0,0.0,1.0,mean_0.75,7,0.75,0.15,beta,none
City-B,T1,10x,1800.0,S0b_StressOracle,cross_regime,M_stress,500,True,4,1830.2,1830.2,0.0,0.0,1.0,mean_0.75,7,0.75,0.15,beta,none
City-B,T1,10x,1800.0,S1_CapRR,routine,M_routine,500,True,3,2504.5,1728.2,71.8,0.31,0.0,mean_0.75,7,0.75,0.15,beta,none
City-B,T1,10x,1800.0,S1_CapRR,cross_regime,M_stress,500,True,3,2504.5,1194.4,605.6,0.5231,0.0,mean_0.75,7,0.75,0.15,beta,none
City-B,T1,10x,1800.0,S2_Platform,routine,M_routine,500,True,4,2163.2,2360.1,0.0,0.0,1.0,mean_0.75,7,0.75,0.15,beta,none
City-B,T1,10x,1800.0,S2_Platform,cross_regime,M_stress,500,True,4,2163.2,1669.7,130.3,0.2281,0.0,mean_0.75,7,0.75,0.15,beta,none
City-B,T1,10x,1800.0,S3_Lin4,routine,M_routine,500,True,4,2060.5,2360.1,0.0,0.0,1.0,mean_0.75,7,0.75,0.15,beta,none
City-B,T1,10x,1800.0,S3_Lin4,cross_regime,M_stress,500,True,4,2060.5,1669.7,130.3,0.1897,0.0,mean_0.75,7,0.75,0.15,beta,none
City-B,T1,10x,1800.0,S4_GlobalCalib,routine,M_routine,500,True,3,1881.9,1728.2,71.8,0.0817,0.0,mean_0.75,7,0.75,0.15,beta,none
City-B,T1,10x,1800.0,S4_GlobalCalib,cross_regime,M_stress,500,True,3,1881.9,1194.4,605.6,0.3653,0.0,mean_0.75,7,0.75,0.15,beta,none
City-B,T1,10x,1800.0,S5_CityCalib,routine,M_routine,500,True,3,1852.8,1728.2,71.8,0.0673,0.0,mean_0.75,7,0.75,0.15,beta,none
City-B,T1,10x,1800.0,S5_CityCalib,cross_regime,M_stress,500,True,3,1852.8,1194.4,605.6,0.3553,0.0,mean_0.75,7,0.75,0.15,beta,none
City-B,T1,10x,1800.0,S6_Q10,routine,M_routine,500,True,5,2147.8,2937.6,0.0,0.0,1.0,mean_0.75,7,0.75,0.15,beta,none
City-B,T1,10x,1800.0,S6_Q10,cross_regime,M_stress,500,True,5,2147.8,2106.2,0.0,0.0194,1.0,mean_0.75,7,0.75,0.15,beta,none
City-B,T2,1x,260.0,S0a_RoutineOracle,routine,M_routine,500,True,1,710.4,710.4,0.0,0.0,1.0,mean_0.75,7,0.75,0.15,beta,none
City-B,T2,1x,260.0,S0a_RoutineOracle,cross_regime,M_stress,500,True,1,710.4,416.6,0.0,0.4135,1.0,mean_0.75,7,0.75,0.15,beta,none
City-B,T2,1x,260.0,S0b_StressOracle,routine,M_routine,500,True,1,509.1,567.2,0.0,0.0,1.0,mean_0.75,7,0.75,0.15,beta,none
City-B,T2,1x,260.0,S0b_StressOracle,cross_regime,M_stress,500,True,1,509.1,509.1,0.0,0.0,1.0,mean_0.75,7,0.75,0.15,beta,none
City-B,T2,1x,260.0,S1_CapRR,routine,M_routine,500,True,1,846.0,710.4,0.0,0.1603,1.0,mean_0.75,7,0.75,0.15,beta,none
City-B,T2,1x,260.0,S1_CapRR,cross_regime,M_stress,500,True,1,846.0,416.6,0.0,0.5075,1.0,mean_0.75,7,0.75,0.15,beta,none
City-B,T2,1x,260.0,S2_Platform,routine,M_routine,500,True,1,557.0,637.4,0.0,0.0,1.0,mean_0.75,7,0.75,0.15,beta,none
City-B,T2,1x,260.0,S2_Platform,cross_regime,M_stress,500,True,1,557.0,292.7,0.0,0.4745,1.0,mean_0.75,7,0.75,0.15,beta,none
City-B,T2,1x,260.0,S3_Lin4,routine,M_routine,500,True,1,521.9,567.2,0.0,0.0,1.0,mean_0.75,7,0.75,0.15,beta,none
City-B,T2,1x,260.0,S3_Lin4,cross_regime,M_stress,500,True,1,521.9,509.1,0.0,0.0246,1.0,mean_0.75,7,0.75,0.15,beta,none
City-B,T2,1x,260.0,S4_GlobalCalib,routine,M_routine,500,True,1,633.0,710.4,0.0,0.0,1.0,mean_0.75,7,0.75,0.15,beta,none
City-B,T2,1x,260.0,S4_GlobalCalib,cross_regime,M_stress,500,True,1,633.0,416.6,0.0,0.3418,1.0,mean_0.75,7,0.75,0.15,beta,none
City-B,T2,1x,260.0,S5_CityCalib,routine,M_routine,500,True,1,622.5,710.4,0.0,0.0,1.0,mean_0.75,7,0.75,0.15,beta,none
City-B,T2,1x,260.0,S5_CityCalib,cross_regime,M_stress,500,True,1,622.5,416.6,0.0,0.3307,1.0,mean_0.75,7,0.75,0.15,beta,none
City-B,T2,1x,260.0,S6_Q10,routine,M_routine,500,True,1,454.9,710.4,0.0,0.0,1.0,mean_0.75,7,0.75,0.15,beta,none
City-B,T2,1x,260.0,S6_Q10,cross_regime,M_stress,500,True,1,454.9,416.6,0.0,0.0842,1.0,mean_0.75,7,0.75,0.15,beta,none
City-B,T2,2x,520.0,S0a_RoutineOracle,routine,M_routine,500,True,1,710.4,710.4,0.0,0.0,1.0,mean_0.75,7,0.75,0.15,beta,none
City-B,T2,2x,520.0,S0a_RoutineOracle,cross_regime,M_stress,500,True,1,710.4,416.6,103.4,0.4135,0.0,mean_0.75,7,0.75,0.15,beta,none
City-B,T2,2x,520.0,S0b_StressOracle,routine,M_routine,500,True,2,925.7,1277.6,0.0,0.0,1.0,mean_0.75,7,0.75,0.15,beta,none
City-B,T2,2x,520.0,S0b_StressOracle,cross_regime,M_stress,500,True,2,925.7,925.7,0.0,0.0,1.0,mean_0.75,7,0.75,0.15,beta,none
City-B,T2,2x,520.0,S1_CapRR,routine,M_routine,500,True,1,846.0,710.4,0.0,0.1603,1.0,mean_0.75,7,0.75,0.15,beta,none
City-B,T2,2x,520.0,S1_CapRR,cross_regime,M_stress,500,True,1,846.0,416.6,103.4,0.5075,0.0,mean_0.75,7,0.75,0.15,beta,none
City-B,T2,2x,520.0,S2_Platform,routine,M_routine,500,True,1,557.0,637.4,0.0,0.0,1.0,mean_0.75,7,0.75,0.15,beta,none
City-B,T2,2x,520.0,S2_Platform,cross_regime,M_stress,500,True,1,557.0,292.7,227.3,0.4745,0.0,mean_0.75,7,0.75,0.15,beta,none
City-B,T2,2x,520.0,S3_Lin4,routine,M_routine,500,True,1,521.9,567.2,0.0,0.0,1.0,mean_0.75,7,0.75,0.15,beta,none
City-B,T2,2x,520.0,S3_Lin4,cross_regime,M_stress,500,True,1,521.9,509.1,10.9,0.0246,0.0,mean_0.75,7,0.75,0.15,beta,none
City-B,T2,2x,520.0,S4_GlobalCalib,routine,M_routine,500,True,1,633.0,710.4,0.0,0.0,1.0,mean_0.75,7,0.75,0.15,beta,none
City-B,T2,2x,520.0,S4_GlobalCalib,cross_regime,M_stress,500,True,1,633.0,416.6,103.4,0.3418,0.0,mean_0.75,7,0.75,0.15,beta,none
City-B,T2,2x,520.0,S5_CityCalib,routine,M_routine,500,True,1,622.5,710.4,0.0,0.0,1.0,mean_0.75,7,0.75,0.15,beta,none
City-B,T2,2x,520.0,S5_CityCalib,cross_regime,M_stress,500,True,1,622.5,416.6,103.4,0.3307,0.0,mean_0.75,7,0.75,0.15,beta,none
City-B,T2,2x,520.0,S6_Q10,routine,M_routine,500,True,2,907.7,1292.0,0.0,0.0,1.0,mean_0.75,7,0.75,0.15,beta,none
City-B,T2,2x,520.0,S6_Q10,cross_regime,M_stress,500,True,2,907.7,707.4,0.0,0.2207,1.0,mean_0.75,7,0.75,0.15,beta,none
City-B,T2,5x,1300.0,S0a_RoutineOracle,routine,M_routine,500,True,2,1347.8,1347.8,0.0,0.0,1.0,mean_0.75,7,0.75,0.15,beta,none
City-B,T2,5x,1300.0,S0a_RoutineOracle,cross_regime,M_stress,500,True,2,1347.8,709.4,590.6,0.4737,0.0,mean_0.75,7,0.75,0.15,beta,none
City-B,T2,5x,1300.0,S0b_StressOracle,routine,M_routine,500,True,3,1300.6,1558.2,0.0,0.0,1.0,mean_0.75,7,0.75,0.15,beta,none
City-B,T2,5x,1300.0,S0b_StressOracle,cross_regime,M_stress,500,True,3,1300.6,1300.6,0.0,0.0,1.0,mean_0.75,7,0.75,0.15,beta,none
City-B,T2,5x,1300.0,S1_CapRR,routine,M_routine,500,True,2,1688.0,1292.0,8.0,0.2346,0.0,mean_0.75,7,0.75,0.15,beta,none
City-B,T2,5x,1300.0,S1_CapRR,cross_regime,M_stress,500,True,2,1688.0,707.4,592.6,0.5809,0.0,mean_0.75,7,0.75,0.15,beta,none
City-B,T2,5x,1300.0,S2_Platform,routine,M_routine,500,True,3,1630.3,1786.1,0.0,0.0,1.0,mean_0.75,7,0.75,0.15,beta,none
City-B,T2,5x,1300.0,S2_Platform,cross_regime,M_stress,500,True,3,1630.3,1092.5,207.5,0.3298,0.0,mean_0.75,7,0.75,0.15,beta,none
City-B,T2,5x,1300.0,S3_Lin4,routine,M_routine,500,True,3,1547.3,1915.0,0.0,0.0,1.0,mean_0.75,7,0.75,0.15,beta,none
City-B,T2,5x,1300.0,S3_Lin4,cross_regime,M_stress,500,True,3,1547.3,1218.4,81.6,0.2125,0.0,mean_0.75,7,0.75,0.15,beta,none
City-B,T2,5x,1300.0,S4_GlobalCalib,routine,M_routine,500,True,3,1873.9,1859.2,0.0,0.0079,1.0,mean_0.75,7,0.75,0.15,beta,none
City-B,T2,5x,1300.0,S4_GlobalCalib,cross_regime,M_stress,500,True,3,1873.9,1216.5,83.5,0.3509,0.0,mean_0.75,7,0.75,0.15,beta,none
City-B,T2,5x,1300.0,S5_CityCalib,routine,M_routine,500,True,3,1842.8,1859.2,0.0,0.0,1.0,mean_0.75,7,0.75,0.15,beta,none
City-B,T2,5x,1300.0,S5_CityCalib,cross_regime,M_stress,500,True,3,1842.8,1216.5,83.5,0.3399,0.0,mean_0.75,7,0.75,0.15,beta,none
City-B,T2,5x,1300.0,S6_Q10,routine,M_routine,500,True,3,1346.7,1859.2,0.0,0.0,1.0,mean_0.75,7,0.75,0.15,beta,none
City-B,T2,5x,1300.0,S6_Q10,cross_regime,M_stress,500,True,3,1346.7,1216.5,83.5,0.0967,0.0,mean_0.75,7,0.75,0.15,beta,none
City-B,T2,10x,2600.0,S0a_RoutineOracle,routine,M_routine,500,True,5,3036.0,3036.0,0.0,0.0,1.0,mean_0.75,7,0.75,0.15,beta,none
City-B,T2,10x,2600.0,S0a_RoutineOracle,cross_regime,M_stress,500,True,5,3036.0,1791.6,808.4,0.4099,0.0,mean_0.75,7,0.75,0.15,beta,none
City-B,T2,10x,2600.0,S0b_StressOracle,routine,M_routine,500,True,7,2615.5,3492.7,0.0,0.0,1.0,mean_0.75,7,0.75,0.15,beta,none
City-B,T2,10x,2600.0,S0b_StressOracle,cross_regime,M_stress,500,True,7,2615.5,2615.5,0.0,0.0,1.0,mean_0.75,7,0.75,0.15,beta,none
City-B,T2,10x,2600.0,S1_CapRR,routine,M_routine,500,True,4,3303.2,2496.6,103.4,0.2442,0.0,mean_0.75,7,0.75,0.15,beta,none
City-B,T2,10x,2600.0,S1_CapRR,cross_regime,M_stress,500,True,4,3303.2,1509.2,1090.8,0.5431,0.0,mean_0.75,7,0.75,0.15,beta,none
City-B,T2,10x,2600.0,S2_Platform,routine,M_routine,500,True,6,2974.4,3441.1,0.0,0.0,1.0,mean_0.75,7,0.75,0.15,beta,none
City-B,T2,10x,2600.0,S2_Platform,cross_regime,M_stress,500,True,6,2974.4,2121.5,478.5,0.2867,0.0,mean_0.75,7,0.75,0.15,beta,none
City-B,T2,10x,2600.0,S3_Lin4,routine,M_routine,500,True,6,2918.2,3441.1,0.0,0.0,1.0,mean_0.75,7,0.75,0.15,beta,none
City-B,T2,10x,2600.0,S3_Lin4,cross_regime,M_stress,500,True,6,2918.2,2121.5,478.5,0.273,0.0,mean_0.75,7,0.75,0.15,beta,none
City-B,T2,10x,2600.0,S4_GlobalCalib,routine,M_routine,500,True,5,2994.6,2908.6,0.0,0.0287,1.0,mean_0.75,7,0.75,0.15,beta,none
City-B,T2,10x,2600.0,S4_GlobalCalib,cross_regime,M_stress,500,True,5,2994.6,1858.7,741.3,0.3793,0.0,mean_0.75,7,0.75,0.15,beta,none
City-B,T2,10x,2600.0,S5_CityCalib,routine,M_routine,500,True,5,2945.5,2908.6,0.0,0.0125,1.0,mean_0.75,7,0.75,0.15,beta,none
City-B,T2,10x,2600.0,S5_CityCalib,cross_regime,M_stress,500,True,5,2945.5,1858.7,741.3,0.3689,0.0,mean_0.75,7,0.75,0.15,beta,none
City-B,T2,10x,2600.0,S6_Q10,routine,M_routine,500,True,7,2829.8,3721.7,0.0,0.0,1.0,mean_0.75,7,0.75,0.15,beta,none
City-B,T2,10x,2600.0,S6_Q10,cross_regime,M_stress,500,True,7,2829.8,2496.4,103.6,0.1178,0.0,mean_0.75,7,0.75,0.15,beta,none
City-B,T3,1x,200.0,S0a_RoutineOracle,routine,M_routine,500,True,1,683.7,683.7,0.0,0.0,1.0,mean_0.75,7,0.75,0.15,beta,none
City-B,T3,1x,200.0,S0a_RoutineOracle,cross_regime,M_stress,500,True,1,683.7,231.9,0.0,0.6608,1.0,mean_0.75,7,0.75,0.15,beta,none
City-B,T3,1x,200.0,S0b_StressOracle,routine,M_routine,500,True,1,384.2,463.0,0.0,0.0,1.0,mean_0.75,7,0.75,0.15,beta,none
City-B,T3,1x,200.0,S0b_StressOracle,cross_regime,M_stress,500,True,1,384.2,384.2,0.0,0.0,1.0,mean_0.75,7,0.75,0.15,beta,none
City-B,T3,1x,200.0,S1_CapRR,routine,M_routine,500,True,1,744.5,463.0,0.0,0.3782,1.0,mean_0.75,7,0.75,0.15,beta,none
City-B,T3,1x,200.0,S1_CapRR,cross_regime,M_stress,500,True,1,744.5,384.2,0.0,0.4839,1.0,mean_0.75,7,0.75,0.15,beta,none
City-B,T3,1x,200.0,S2_Platform,routine,M_routine,500,True,1,543.2,324.1,0.0,0.4033,1.0,mean_0.75,7,0.75,0.15,beta,none
City-B,T3,1x,200.0,S2_Platform,cross_regime,M_stress,500,True,1,543.2,293.5,0.0,0.4596,1.0,mean_0.75,7,0.75,0.15,beta,none
City-B,T3,1x,200.0,S3_Lin4,routine,M_routine,500,True,1,515.0,506.8,0.0,0.0159,1.0,mean_0.75,7,0.75,0.15,beta,none
City-B,T3,1x,200.0,S3_Lin4,cross_regime,M_stress,500,True,1,515.0,356.2,0.0,0.3084,1.0,mean_0.75,7,0.75,0.15,beta,none
City-B,T3,1x,200.0,S4_GlobalCalib,routine,M_routine,500,True,1,558.6,463.0,0.0,0.1712,1.0,mean_0.75,7,0.75,0.15,beta,none
City-B,T3,1x,200.0,S4_GlobalCalib,cross_regime,M_stress,500,True,1,558.6,384.2,0.0,0.3121,1.0,mean_0.75,7,0.75,0.15,beta,none
City-B,T3,1x,200.0,S5_CityCalib,routine,M_routine,500,True,1,551.1,463.0,0.0,0.1599,1.0,mean_0.75,7,0.75,0.15,beta,none
City-B,T3,1x,200.0,S5_CityCalib,cross_regime,M_stress,500,True,1,551.1,384.2,0.0,0.3028,1.0,mean_0.75,7,0.75,0.15,beta,none
City-B,T3,1x,200.0,S6_Q10,routine,M_routine,500,True,1,397.8,463.0,0.0,0.0,1.0,mean_0.75,7,0.75,0.15,beta,none
City-B,T3,1x,200.0,S6_Q10,cross_regime,M_stress,500,True,1,397.8,384.2,0.0,0.0342,1.0,mean_0.75,7,0.75,0.15,beta,none
City-B,T3,2x,400.0,S0a_RoutineOracle,routine,M_routine,500,True,1,683.7,683.7,0.0,0.0,1.0,mean_0.75,7,0.75,0.15,beta,none
City-B,T3,2x,400.0,S0a_RoutineOracle,cross_regime,M_stress,500,True,1,683.7,231.9,168.1,0.6608,0.0,mean_0.75,7,0.75,0.15,beta,none
City-B,T3,2x,400.0,S0b_StressOracle,routine,M_routine,500,True,2,740.4,969.8,0.0,0.0,1.0,mean_0.75,7,0.75,0.15,beta,none
City-B,T3,2x,400.0,S0b_StressOracle,cross_regime,M_stress,500,True,2,740.4,740.4,0.0,0.0,1.0,mean_0.75,7,0.75,0.15,beta,none
City-B,T3,2x,400.0,S1_CapRR,routine,M_routine,500,True,1,744.5,463.0,0.0,0.3782,1.0,mean_0.75,7,0.75,0.15,beta,none
City-B,T3,2x,400.0,S1_CapRR,cross_regime,M_stress,500,True,1,744.5,384.2,15.8,0.4839,0.0,mean_0.75,7,0.75,0.15,beta,none
City-B,T3,2x,400.0,S2_Platform,routine,M_routine,500,True,1,543.2,324.1,75.9,0.4033,0.0,mean_0.75,7,0.75,0.15,beta,none
City-B,T3,2x,400.0,S2_Platform,cross_regime,M_stress,500,True,1,543.2,293.5,106.5,0.4596,0.0,mean_0.75,7,0.75,0.15,beta,none
City-B,T3,2x,400.0,S3_Lin4,routine,M_routine,500,True,1,515.0,506.8,0.0,0.0159,1.0,mean_0.75,7,0.75,0.15,beta,none
City-B,T3,2x,400.0,S3_Lin4,cross_regime,M_stress,500,True,1,515.0,356.2,43.8,0.3084,0.0,mean_0.75,7,0.75,0.15,beta,none
City-B,T3,2x,400.0,S4_GlobalCalib,routine,M_routine,500,True,1,558.6,463.0,0.0,0.1712,1.0,mean_0.75,7,0.75,0.15,beta,none
City-B,T3,2x,400.0,S4_GlobalCalib,cross_regime,M_stress,500,True,1,558.6,384.2,15.8,0.3121,0.0,mean_0.75,7,0.75,0.15,beta,none
City-B,T3,2x,400.0,S5_CityCalib,routine,M_routine,500,True,1,551.1,463.0,0.0,0.1599,1.0,mean_0.75,7,0.75,0.15,beta,none
City-B,T3,2x,400.0,S5_CityCalib,cross_regime,M_stress,500,True,1,551.1,384.2,15.8,0.3028,0.0,mean_0.75,7,0.75,0.15,beta,none
City-B,T3,2x,400.0,S6_Q10,routine,M_routine,500,True,2,793.8,787.1,0.0,0.0084,1.0,mean_0.75,7,0.75,0.15,beta,none
City-B,T3,2x,400.0,S6_Q10,cross_regime,M_stress,500,True,2,793.8,677.8,0.0,0.1461,1.0,mean_0.75,7,0.75,0.15,beta,none
City-B,T3,5x,1000.0,S0a_RoutineOracle,routine,M_routine,500,True,2,1198.7,1198.7,0.0,0.0,1.0,mean_0.75,7,0.75,0.15,beta,none
City-B,T3,5x,1000.0,S0a_RoutineOracle,cross_regime,M_stress,500,True,2,1198.7,431.3,568.7,0.6402,0.0,mean_0.75,7,0.75,0.15,beta,none
City-B,T3,5x,1000.0,S0b_StressOracle,routine,M_routine,500,True,3,1037.9,1401.7,0.0,0.0,1.0,mean_0.75,7,0.75,0.15,beta,none
City-B,T3,5x,1000.0,S0b_StressOracle,cross_regime,M_stress,500,True,3,1037.9,1037.9,0.0,0.0,1.0,mean_0.75,7,0.75,0.15,beta,none
City-B,T3,5x,1000.0,S1_CapRR,routine,M_routine,500,True,2,1485.4,787.1,212.9,0.4701,0.0,mean_0.75,7,0.75,0.15,beta,none
City-B,T3,5x,1000.0,S1_CapRR,cross_regime,M_stress,500,True,2,1485.4,677.8,322.2,0.5437,0.0,mean_0.75,7,0.75,0.15,beta,none
City-B,T3,5x,1000.0,S2_Platform,routine,M_routine,500,True,2,1048.0,830.9,169.1,0.2071,0.0,mean_0.75,7,0.75,0.15,beta,none
City-B,T3,5x,1000.0,S2_Platform,cross_regime,M_stress,500,True,2,1048.0,649.7,350.3,0.38,0.0,mean_0.75,7,0.75,0.15,beta,none
City-B,T3,5x,1000.0,S3_Lin4,routine,M_routine,500,True,2,1023.1,1190.5,0.0,0.0,1.0,mean_0.75,7,0.75,0.15,beta,none
City-B,T3,5x,1000.0,S3_Lin4,cross_regime,M_stress,500,True,2,1023.1,588.1,411.9,0.4252,0.0,mean_0.75,7,0.75,0.15,beta,none
City-B,T3,5x,1000.0,S4_GlobalCalib,routine,M_routine,500,True,2,1114.4,787.1,212.9,0.2938,0.0,mean_0.75,7,0.75,0.15,beta,none
City-B,T3,5x,1000.0,S4_GlobalCalib,cross_regime,M_stress,500,True,2,1114.4,677.8,322.2,0.3918,0.0,mean_0.75,7,0.75,0.15,beta,none
City-B,T3,5x,1000.0,S5_CityCalib,routine,M_routine,500,True,2,1099.6,787.1,212.9,0.2842,0.0,mean_0.75,7,0.75,0.15,beta,none
City-B,T3,5x,1000.0,S5_CityCalib,cross_regime,M_stress,500,True,2,1099.6,677.8,322.2,0.3836,0.0,mean_0.75,7,0.75,0.15,beta,none
City-B,T3,5x,1000.0,S6_Q10,routine,M_routine,500,True,3,1177.7,1293.9,0.0,0.0,1.0,mean_0.75,7,0.75,0.15,beta,none
City-B,T3,5x,1000.0,S6_Q10,cross_regime,M_stress,500,True,3,1177.7,1033.9,0.0,0.1221,1.0,mean_0.75,7,0.75,0.15,beta,none
City-B,T3,10x,2000.0,S0a_RoutineOracle,routine,M_routine,500,True,4,2168.5,2168.5,0.0,0.0,1.0,mean_0.75,7,0.75,0.15,beta,none
City-B,T3,10x,2000.0,S0a_RoutineOracle,cross_regime,M_stress,500,True,4,2168.5,1171.7,828.3,0.4597,0.0,mean_0.75,7,0.75,0.15,beta,none
City-B,T3,10x,2000.0,S0b_StressOracle,routine,M_routine,500,True,7,2173.4,2953.4,0.0,0.0,1.0,mean_0.75,7,0.75,0.15,beta,none
City-B,T3,10x,2000.0,S0b_StressOracle,cross_regime,M_stress,500,True,7,2173.4,2173.4,0.0,0.0,1.0,mean_0.75,7,0.75,0.15,beta,none
City-B,T3,10x,2000.0,S1_CapRR,routine,M_routine,500,True,3,2203.9,1293.9,706.1,0.4129,0.0,mean_0.75,7,0.75,0.15,beta,none
City-B,T3,10x,2000.0,S1_CapRR,cross_regime,M_stress,500,True,3,2203.9,1033.9,966.1,0.5309,0.0,mean_0.75,7,0.75,0.15,beta,none
City-B,T3,10x,2000.0,S2_Platform,routine,M_routine,500,True,5,2307.7,2213.8,0.0,0.0407,1.0,mean_0.75,7,0.75,0.15,beta,none
City-B,T3,10x,2000.0,S2_Platform,cross_regime,M_stress,500,True,5,2307.7,1360.6,639.4,0.4104,0.0,mean_0.75,7,0.75,0.15,beta,none
City-B,T3,10x,2000.0,S3_Lin4,routine,M_routine,500,True,4,2021.8,1977.5,22.5,0.0219,0.0,mean_0.75,7,0.75,0.15,beta,none
City-B,T3,10x,2000.0,S3_Lin4,cross_regime,M_stress,500,True,4,2021.8,1265.9,734.1,0.3739,0.0,mean_0.75,7,0.75,0.15,beta,none
City-B,T3,10x,2000.0,S4_GlobalCalib,routine,M_routine,500,True,4,2180.8,1977.5,22.5,0.0932,0.0,mean_0.75,7,0.75,0.15,beta,none
City-B,T3,10x,2000.0,S4_GlobalCalib,cross_regime,M_stress,500,True,4,2180.8,1265.9,734.1,0.4195,0.0,mean_0.75,7,0.75,0.15,beta,none
City-B,T3,10x,2000.0,S5_CityCalib,routine,M_routine,500,True,4,2151.9,1977.5,22.5,0.081,0.0,mean_0.75,7,0.75,0.15,beta,none
City-B,T3,10x,2000.0,S5_CityCalib,cross_regime,M_stress,500,True,4,2151.9,1265.9,734.1,0.4117,0.0,mean_0.75,7,0.75,0.15,beta,none
City-B,T3,10x,2000.0,S6_Q10,routine,M_routine,500,True,6,2184.6,2928.2,0.0,0.0,1.0,mean_0.75,7,0.75,0.15,beta,none
City-B,T3,10x,2000.0,S6_Q10,cross_regime,M_stress,500,True,6,2184.6,1683.6,316.4,0.2293,0.0,mean_0.75,7,0.75,0.15,beta,none
City-B,T4,1x,140.0,S0a_RoutineOracle,routine,M_routine,500,True,1,766.8,766.8,0.0,0.0,1.0,mean_0.75,7,0.75,0.15,beta,none
City-B,T4,1x,140.0,S0a_RoutineOracle,cross_regime,M_stress,500,True,1,766.8,478.3,0.0,0.3762,1.0,mean_0.75,7,0.75,0.15,beta,none
City-B,T4,1x,140.0,S0b_StressOracle,routine,M_routine,500,True,1,484.5,734.6,0.0,0.0,1.0,mean_0.75,7,0.75,0.15,beta,none
City-B,T4,1x,140.0,S0b_StressOracle,cross_regime,M_stress,500,True,1,484.5,484.5,0.0,0.0,1.0,mean_0.75,7,0.75,0.15,beta,none
City-B,T4,1x,140.0,S1_CapRR,routine,M_routine,500,True,1,846.0,766.8,0.0,0.0936,1.0,mean_0.75,7,0.75,0.15,beta,none
City-B,T4,1x,140.0,S1_CapRR,cross_regime,M_stress,500,True,1,846.0,478.3,0.0,0.4346,1.0,mean_0.75,7,0.75,0.15,beta,none
City-B,T4,1x,140.0,S2_Platform,routine,M_routine,500,True,1,480.1,766.8,0.0,0.0,1.0,mean_0.75,7,0.75,0.15,beta,none
City-B,T4,1x,140.0,S2_Platform,cross_regime,M_stress,500,True,1,480.1,478.3,0.0,0.0036,1.0,mean_0.75,7,0.75,0.15,beta,none
City-B,T4,1x,140.0,S3_Lin4,routine,M_routine,500,True,1,524.5,728.5,0.0,0.0,1.0,mean_0.75,7,0.75,0.15,beta,none
City-B,T4,1x,140.0,S3_Lin4,cross_regime,M_stress,500,True,1,524.5,470.2,0.0,0.1035,1.0,mean_0.75,7,0.75,0.15,beta,none
City-B,T4,1x,140.0,S4_GlobalCalib,routine,M_routine,500,True,1,631.0,766.8,0.0,0.0,1.0,mean_0.75,7,0.75,0.15,beta,none
City-B,T4,1x,140.0,S4_GlobalCalib,cross_regime,M_stress,500,True,1,631.0,478.3,0.0,0.242,1.0,mean_0.75,7,0.75,0.15,beta,none
City-B,T4,1x,140.0,S5_CityCalib,routine,M_routine,500,True,1,626.0,766.8,0.0,0.0,1.0,mean_0.75,7,0.75,0.15,beta,none
City-B,T4,1x,140.0,S5_CityCalib,cross_regime,M_stress,500,True,1,626.0,478.3,0.0,0.236,1.0,mean_0.75,7,0.75,0.15,beta,none
City-B,T4,1x,140.0,S6_Q10,routine,M_routine,500,True,1,454.0,766.8,0.0,0.0,1.0,mean_0.75,7,0.75,0.15,beta,none
City-B,T4,1x,140.0,S6_Q10,cross_regime,M_stress,500,True,1,454.0,478.3,0.0,0.0,1.0,mean_0.75,7,0.75,0.15,beta,none
City-B,T4,2x,280.0,S0a_RoutineOracle,routine,M_routine,500,True,1,766.8,766.8,0.0,0.0,1.0,mean_0.75,7,0.75,0.15,beta,none
City-B,T4,2x,280.0,S0a_RoutineOracle,cross_regime,M_stress,500,True,1,766.8,478.3,0.0,0.3762,1.0,mean_0.75,7,0.75,0.15,beta,none
City-B,T4,2x,280.0,S0b_StressOracle,routine,M_routine,500,True,1,484.5,734.6,0.0,0.0,1.0,mean_0.75,7,0.75,0.15,beta,none
City-B,T4,2x,280.0,S0b_StressOracle,cross_regime,M_stress,500,True,1,484.5,484.5,0.0,0.0,1.0,mean_0.75,7,0.75,0.15,beta,none
City-B,T4,2x,280.0,S1_CapRR,routine,M_routine,500,True,1,846.0,766.8,0.0,0.0936,1.0,mean_0.75,7,0.75,0.15,beta,none
City-B,T4,2x,280.0,S1_CapRR,cross_regime,M_stress,500,True,1,846.0,478.3,0.0,0.4346,1.0,mean_0.75,7,0.75,0.15,beta,none
City-B,T4,2x,280.0,S2_Platform,routine,M_routine,500,True,1,480.1,766.8,0.0,0.0,1.0,mean_0.75,7,0.75,0.15,beta,none
City-B,T4,2x,280.0,S2_Platform,cross_regime,M_stress,500,True,1,480.1,478.3,0.0,0.0036,1.0,mean_0.75,7,0.75,0.15,beta,none
City-B,T4,2x,280.0,S3_Lin4,routine,M_routine,500,True,1,524.5,728.5,0.0,0.0,1.0,mean_0.75,7,0.75,0.15,beta,none
City-B,T4,2x,280.0,S3_Lin4,cross_regime,M_stress,500,True,1,524.5,470.2,0.0,0.1035,1.0,mean_0.75,7,0.75,0.15,beta,none
City-B,T4,2x,280.0,S4_GlobalCalib,routine,M_routine,500,True,1,631.0,766.8,0.0,0.0,1.0,mean_0.75,7,0.75,0.15,beta,none
City-B,T4,2x,280.0,S4_GlobalCalib,cross_regime,M_stress,500,True,1,631.0,478.3,0.0,0.242,1.0,mean_0.75,7,0.75,0.15,beta,none
City-B,T4,2x,280.0,S5_CityCalib,routine,M_routine,500,True,1,626.0,766.8,0.0,0.0,1.0,mean_0.75,7,0.75,0.15,beta,none
City-B,T4,2x,280.0,S5_CityCalib,cross_regime,M_stress,500,True,1,626.0,478.3,0.0,0.236,1.0,mean_0.75,7,0.75,0.15,beta,none
City-B,T4,2x,280.0,S6_Q10,routine,M_routine,500,True,1,454.0,766.8,0.0,0.0,1.0,mean_0.75,7,0.75,0.15,beta,none
City-B,T4,2x,280.0,S6_Q10,cross_regime,M_stress,500,True,1,454.0,478.3,0.0,0.0,1.0,mean_0.75,7,0.75,0.15,beta,none
City-B,T4,5x,700.0,S0a_RoutineOracle,routine,M_routine,500,True,1,766.8,766.8,0.0,0.0,1.0,mean_0.75,7,0.75,0.15,beta,none
City-B,T4,5x,700.0,S0a_RoutineOracle,cross_regime,M_stress,500,True,1,766.8,478.3,221.7,0.3762,0.0,mean_0.75,7,0.75,0.15,beta,none
City-B,T4,5x,700.0,S0b_StressOracle,routine,M_routine,500,True,2,962.8,1501.5,0.0,0.0,1.0,mean_0.75,7,0.75,0.15,beta,none
City-B,T4,5x,700.0,S0b_StressOracle,cross_regime,M_stress,500,True,2,962.8,962.8,0.0,0.0,1.0,mean_0.75,7,0.75,0.15,beta,none
City-B,T4,5x,700.0,S1_CapRR,routine,M_routine,500,True,1,846.0,766.8,0.0,0.0936,1.0,mean_0.75,7,0.75,0.15,beta,none
City-B,T4,5x,700.0,S1_CapRR,cross_regime,M_stress,500,True,1,846.0,478.3,221.7,0.4346,0.0,mean_0.75,7,0.75,0.15,beta,none
City-B,T4,5x,700.0,S2_Platform,routine,M_routine,500,True,2,912.9,1501.5,0.0,0.0,1.0,mean_0.75,7,0.75,0.15,beta,none
City-B,T4,5x,700.0,S2_Platform,cross_regime,M_stress,500,True,2,912.9,962.8,0.0,0.0,1.0,mean_0.75,7,0.75,0.15,beta,none
City-B,T4,5x,700.0,S3_Lin4,routine,M_routine,500,True,2,1042.1,1463.1,0.0,0.0,1.0,mean_0.75,7,0.75,0.15,beta,none
City-B,T4,5x,700.0,S3_Lin4,cross_regime,M_stress,500,True,2,1042.1,954.7,0.0,0.0838,1.0,mean_0.75,7,0.75,0.15,beta,none
City-B,T4,5x,700.0,S4_GlobalCalib,routine,M_routine,500,True,2,1259.0,1221.5,0.0,0.0298,1.0,mean_0.75,7,0.75,0.15,beta,none
City-B,T4,5x,700.0,S4_GlobalCalib,cross_regime,M_stress,500,True,2,1259.0,788.2,0.0,0.3739,1.0,mean_0.75,7,0.75,0.15,beta,none
City-B,T4,5x,700.0,S5_CityCalib,routine,M_routine,500,True,2,1249.1,1221.5,0.0,0.0221,1.0,mean_0.75,7,0.75,0.15,beta,none
City-B,T4,5x,700.0,S5_CityCalib,cross_regime,M_stress,500,True,2,1249.1,788.2,0.0,0.3689,1.0,mean_0.75,7,0.75,0.15,beta,none
City-B,T4,5x,700.0,S6_Q10,routine,M_routine,500,True,2,905.8,1221.5,0.0,0.0,1.0,mean_0.75,7,0.75,0.15,beta,none
City-B,T4,5x,700.0,S6_Q10,cross_regime,M_stress,500,True,2,905.8,788.2,0.0,0.1298,1.0,mean_0.75,7,0.75,0.15,beta,none
City-B,T4,10x,1400.0,S0a_RoutineOracle,routine,M_routine,500,True,2,1501.5,1501.5,0.0,0.0,1.0,mean_0.75,7,0.75,0.15,beta,none
City-B,T4,10x,1400.0,S0a_RoutineOracle,cross_regime,M_stress,500,True,2,1501.5,962.8,437.2,0.3588,0.0,mean_0.75,7,0.75,0.15,beta,none
City-B,T4,10x,1400.0,S0b_StressOracle,routine,M_routine,500,True,3,1433.0,2230.0,0.0,0.0,1.0,mean_0.75,7,0.75,0.15,beta,none
City-B,T4,10x,1400.0,S0b_StressOracle,cross_regime,M_stress,500,True,3,1433.0,1433.0,0.0,0.0,1.0,mean_0.75,7,0.75,0.15,beta,none
City-B,T4,10x,1400.0,S1_CapRR,routine,M_routine,500,True,2,1688.0,1221.5,178.5,0.2763,0.0,mean_0.75,7,0.75,0.15,beta,none
City-B,T4,10x,1400.0,S1_CapRR,cross_regime,M_stress,500,True,2,1688.0,788.2,611.8,0.533,0.0,mean_0.75,7,0.75,0.15,beta,none
City-B,T4,10x,1400.0,S2_Platform,routine,M_routine,500,True,4,1693.5,2522.6,0.0,0.0,1.0,mean_0.75,7,0.75,0.15,beta,none
City-B,T4,10x,1400.0,S2_Platform,cross_regime,M_stress,500,True,4,1693.5,1786.0,0.0,0.0,1.0,mean_0.75,7,0.75,0.15,beta,none
City-B,T4,10x,1400.0,S3_Lin4,routine,M_routine,500,True,3,1555.6,2230.0,0.0,0.0,1.0,mean_0.75,7,0.75,0.15,beta,none
City-B,T4,10x,1400.0,S3_Lin4,cross_regime,M_stress,500,True,3,1555.6,1433.0,0.0,0.0788,1.0,mean_0.75,7,0.75,0.15,beta,none
City-B,T4,10x,1400.0,S4_GlobalCalib,routine,M_routine,500,True,3,1868.0,1950.0,0.0,0.0,1.0,mean_0.75,7,0.75,0.15,beta,none
City-B,T4,10x,1400.0,S4_GlobalCalib,cross_regime,M_stress,500,True,3,1868.0,1258.5,141.5,0.3263,0.0,mean_0.75,7,0.75,0.15,beta,none
City-B,T4,10x,1400.0,S5_CityCalib,routine,M_routine,500,True,3,1853.3,1950.0,0.0,0.0,1.0,mean_0.75,7,0.75,0.15,beta,none
City-B,T4,10x,1400.0,S5_CityCalib,cross_regime,M_stress,500,True,3,1853.3,1258.5,141.5,0.321,0.0,mean_0.75,7,0.75,0.15,beta,none
City-B,T4,10x,1400.0,S6_Q10,routine,M_routine,500,True,4,1772.7,2684.7,0.0,0.0,1.0,mean_0.75,7,0.75,0.15,beta,none
City-B,T4,10x,1400.0,S6_Q10,cross_regime,M_stress,500,True,4,1772.7,1743.0,0.0,0.0167,1.0,mean_0.75,7,0.75,0.15,beta,none
City-B,T5,1x,160.0,S0a_RoutineOracle,routine,M_routine,500,True,1,624.4,624.4,0.0,0.0,1.0,mean_0.75,7,0.75,0.15,beta,none
City-B,T5,1x,160.0,S0a_RoutineOracle,cross_regime,M_stress,500,True,1,624.4,428.7,0.0,0.3135,1.0,mean_0.75,7,0.75,0.15,beta,none
City-B,T5,1x,160.0,S0b_StressOracle,routine,M_routine,500,True,1,428.7,624.4,0.0,0.0,1.0,mean_0.75,7,0.75,0.15,beta,none
City-B,T5,1x,160.0,S0b_StressOracle,cross_regime,M_stress,500,True,1,428.7,428.7,0.0,0.0,1.0,mean_0.75,7,0.75,0.15,beta,none
City-B,T5,1x,160.0,S1_CapRR,routine,M_routine,500,True,1,744.5,548.3,0.0,0.2635,1.0,mean_0.75,7,0.75,0.15,beta,none
City-B,T5,1x,160.0,S1_CapRR,cross_regime,M_stress,500,True,1,744.5,157.1,2.9,0.789,0.0,mean_0.75,7,0.75,0.15,beta,none
City-B,T5,1x,160.0,S2_Platform,routine,M_routine,500,True,1,553.3,624.4,0.0,0.0,1.0,mean_0.75,7,0.75,0.15,beta,none
City-B,T5,1x,160.0,S2_Platform,cross_regime,M_stress,500,True,1,553.3,428.7,0.0,0.2252,1.0,mean_0.75,7,0.75,0.15,beta,none
City-B,T5,1x,160.0,S3_Lin4,routine,M_routine,500,True,1,514.3,308.0,0.0,0.4012,1.0,mean_0.75,7,0.75,0.15,beta,none
City-B,T5,1x,160.0,S3_Lin4,cross_regime,M_stress,500,True,1,514.3,383.2,0.0,0.255,1.0,mean_0.75,7,0.75,0.15,beta,none
City-B,T5,1x,160.0,S4_GlobalCalib,routine,M_routine,500,True,1,557.3,548.3,0.0,0.0162,1.0,mean_0.75,7,0.75,0.15,beta,none
City-B,T5,1x,160.0,S4_GlobalCalib,cross_regime,M_stress,500,True,1,557.3,157.1,2.9,0.7181,0.0,mean_0.75,7,0.75,0.15,beta,none
City-B,T5,1x,160.0,S5_CityCalib,routine,M_routine,500,True,1,547.2,548.3,0.0,0.0,1.0,mean_0.75,7,0.75,0.15,beta,none
City-B,T5,1x,160.0,S5_CityCalib,cross_regime,M_stress,500,True,1,547.2,157.1,2.9,0.7129,0.0,mean_0.75,7,0.75,0.15,beta,none
City-B,T5,1x,160.0,S6_Q10,routine,M_routine,500,True,1,395.3,548.3,0.0,0.0,1.0,mean_0.75,7,0.75,0.15,beta,none
City-B,T5,1x,160.0,S6_Q10,cross_regime,M_stress,500,True,1,395.3,157.1,2.9,0.6027,0.0,mean_0.75,7,0.75,0.15,beta,none
City-B,T5,2x,320.0,S0a_RoutineOracle,routine,M_routine,500,True,1,624.4,624.4,0.0,0.0,1.0,mean_0.75,7,0.75,0.15,beta,none
City-B,T5,2x,320.0,S0a_RoutineOracle,cross_regime,M_stress,500,True,1,624.4,428.7,0.0,0.3135,1.0,mean_0.75,7,0.75,0.15,beta,none
City-B,T5,2x,320.0,S0b_StressOracle,routine,M_routine,500,True,1,428.7,624.4,0.0,0.0,1.0,mean_0.75,7,0.75,0.15,beta,none
City-B,T5,2x,320.0,S0b_StressOracle,cross_regime,M_stress,500,True,1,428.7,428.7,0.0,0.0,1.0,mean_0.75,7,0.75,0.15,beta,none
City-B,T5,2x,320.0,S1_CapRR,routine,M_routine,500,True,1,744.5,548.3,0.0,0.2635,1.0,mean_0.75,7,0.75,0.15,beta,none
City-B,T5,2x,320.0,S1_CapRR,cross_regime,M_stress,500,True,1,744.5,157.1,162.9,0.789,0.0,mean_0.75,7,0.75,0.15,beta,none
City-B,T5,2x,320.0,S2_Platform,routine,M_routine,500,True,1,553.3,624.4,0.0,0.0,1.0,mean_0.75,7,0.75,0.15,beta,none
City-B,T5,2x,320.0,S2_Platform,cross_regime,M_stress,500,True,1,553.3,428.7,0.0,0.2252,1.0,mean_0.75,7,0.75,0.15,beta,none
City-B,T5,2x,320.0,S3_Lin4,routine,M_routine,500,True,1,514.3,308.0,12.0,0.4012,0.0,mean_0.75,7,0.75,0.15,beta,none
City-B,T5,2x,320.0,S3_Lin4,cross_regime,M_stress,500,True,1,514.3,383.2,0.0,0.255,1.0,mean_0.75,7,0.75,0.15,beta,none
City-B,T5,2x,320.0,S4_GlobalCalib,routine,M_routine,500,True,1,557.3,548.3,0.0,0.0162,1.0,mean_0.75,7,0.75,0.15,beta,none
City-B,T5,2x,320.0,S4_GlobalCalib,cross_regime,M_stress,500,True,1,557.3,157.1,162.9,0.7181,0.0,mean_0.75,7,0.75,0.15,beta,none
City-B,T5,2x,320.0,S5_CityCalib,routine,M_routine,500,True,1,547.2,548.3,0.0,0.0,1.0,mean_0.75,7,0.75,0.15,beta,none
City-B,T5,2x,320.0,S5_CityCalib,cross_regime,M_stress,500,True,1,547.2,157.1,162.9,0.7129,0.0,mean_0.75,7,0.75,0.15,beta,none
City-B,T5,2x,320.0,S6_Q10,routine,M_routine,500,True,1,395.3,548.3,0.0,0.0,1.0,mean_0.75,7,0.75,0.15,beta,none
City-B,T5,2x,320.0,S6_Q10,cross_regime,M_stress,500,True,1,395.3,157.1,162.9,0.6027,0.0,mean_0.75,7,0.75,0.15,beta,none
City-B,T5,5x,800.0,S0a_RoutineOracle,routine,M_routine,500,True,2,1172.7,1172.7,0.0,0.0,1.0,mean_0.75,7,0.75,0.15,beta,none
City-B,T5,5x,800.0,S0a_RoutineOracle,cross_regime,M_stress,500,True,2,1172.7,585.8,214.2,0.5005,0.0,mean_0.75,7,0.75,0.15,beta,none
City-B,T5,5x,800.0,S0b_StressOracle,routine,M_routine,500,True,2,848.6,987.9,0.0,0.0,1.0,mean_0.75,7,0.75,0.15,beta,none
City-B,T5,5x,800.0,S0b_StressOracle,cross_regime,M_stress,500,True,2,848.6,848.6,0.0,0.0,1.0,mean_0.75,7,0.75,0.15,beta,none
City-B,T5,5x,800.0,S1_CapRR,routine,M_routine,500,True,2,1485.4,1172.7,0.0,0.2105,1.0,mean_0.75,7,0.75,0.15,beta,none
City-B,T5,5x,800.0,S1_CapRR,cross_regime,M_stress,500,True,2,1485.4,585.8,214.2,0.6056,0.0,mean_0.75,7,0.75,0.15,beta,none
City-B,T5,5x,800.0,S2_Platform,routine,M_routine,500,True,2,1093.7,932.4,0.0,0.1475,1.0,mean_0.75,7,0.75,0.15,beta,none
City-B,T5,5x,800.0,S2_Platform,cross_regime,M_stress,500,True,2,1093.7,811.9,0.0,0.2577,1.0,mean_0.75,7,0.75,0.15,beta,none
City-B,T5,5x,800.0,S3_Lin4,routine,M_routine,500,True,2,1021.8,671.5,128.5,0.3429,0.0,mean_0.75,7,0.75,0.15,beta,none
City-B,T5,5x,800.0,S3_Lin4,cross_regime,M_stress,500,True,2,1021.8,803.0,0.0,0.2141,1.0,mean_0.75,7,0.75,0.15,beta,none
City-B,T5,5x,800.0,S4_GlobalCalib,routine,M_routine,500,True,2,1112.0,1172.7,0.0,0.0,1.0,mean_0.75,7,0.75,0.15,beta,none
City-B,T5,5x,800.0,S4_GlobalCalib,cross_regime,M_stress,500,True,2,1112.0,585.8,214.2,0.4732,0.0,mean_0.75,7,0.75,0.15,beta,none
City-B,T5,5x,800.0,S5_CityCalib,routine,M_routine,500,True,2,1091.8,1172.7,0.0,0.0,1.0,mean_0.75,7,0.75,0.15,beta,none
City-B,T5,5x,800.0,S5_CityCalib,cross_regime,M_stress,500,True,2,1091.8,585.8,214.2,0.4635,0.0,mean_0.75,7,0.75,0.15,beta,none
City-B,T5,5x,800.0,S6_Q10,routine,M_routine,500,True,3,1170.3,1480.7,0.0,0.0,1.0,mean_0.75,7,0.75,0.15,beta,none
City-B,T5,5x,800.0,S6_Q10,cross_regime,M_stress,500,True,3,1170.3,969.0,0.0,0.1721,1.0,mean_0.75,7,0.75,0.15,beta,none
City-B,T5,10x,1600.0,S0a_RoutineOracle,routine,M_routine,500,True,3,1665.8,1665.8,0.0,0.0,1.0,mean_0.75,7,0.75,0.15,beta,none
City-B,T5,10x,1600.0,S0a_RoutineOracle,cross_regime,M_stress,500,True,3,1665.8,813.1,786.9,0.5119,0.0,mean_0.75,7,0.75,0.15,beta,none
City-B,T5,10x,1600.0,S0b_StressOracle,routine,M_routine,500,True,5,1887.7,2084.4,0.0,0.0,1.0,mean_0.75,7,0.75,0.15,beta,none
City-B,T5,10x,1600.0,S0b_StressOracle,cross_regime,M_stress,500,True,5,1887.7,1887.7,0.0,0.0,1.0,mean_0.75,7,0.75,0.15,beta,none
City-B,T5,10x,1600.0,S1_CapRR,routine,M_routine,500,True,3,2203.9,1480.7,119.3,0.3282,0.0,mean_0.75,7,0.75,0.15,beta,none
City-B,T5,10x,1600.0,S1_CapRR,cross_regime,M_stress,500,True,3,2203.9,969.0,631.0,0.5603,0.0,mean_0.75,7,0.75,0.15,beta,none
City-B,T5,10x,1600.0,S2_Platform,routine,M_routine,500,True,4,2025.8,1628.2,0.0,0.1963,1.0,mean_0.75,7,0.75,0.15,beta,none
City-B,T5,10x,1600.0,S2_Platform,cross_regime,M_stress,500,True,4,2025.8,1561.1,38.9,0.2294,0.0,mean_0.75,7,0.75,0.15,beta,none
City-B,T5,10x,1600.0,S3_Lin4,routine,M_routine,500,True,4,2018.4,1844.2,0.0,0.0863,1.0,mean_0.75,7,0.75,0.15,beta,none
City-B,T5,10x,1600.0,S3_Lin4,cross_regime,M_stress,500,True,4,2018.4,1388.8,211.2,0.3119,0.0,mean_0.75,7,0.75,0.15,beta,none
City-B,T5,10x,1600.0,S4_GlobalCalib,routine,M_routine,500,True,3,1649.8,1480.7,119.3,0.1025,0.0,mean_0.75,7,0.75,0.15,beta,none
City-B,T5,10x,1600.0,S4_GlobalCalib,cross_regime,M_stress,500,True,3,1649.8,969.0,631.0,0.4127,0.0,mean_0.75,7,0.75,0.15,beta,none
City-B,T5,10x,1600.0,S5_CityCalib,routine,M_routine,500,True,3,1619.9,1480.7,119.3,0.086,0.0,mean_0.75,7,0.75,0.15,beta,none
City-B,T5,10x,1600.0,S5_CityCalib,cross_regime,M_stress,500,True,3,1619.9,969.0,631.0,0.4019,0.0,mean_0.75,7,0.75,0.15,beta,none
City-B,T5,10x,1600.0,S6_Q10,routine,M_routine,500,True,5,1870.2,2176.5,0.0,0.0,1.0,mean_0.75,7,0.75,0.15,beta,none
City-B,T5,10x,1600.0,S6_Q10,cross_regime,M_stress,500,True,5,1870.2,1718.2,0.0,0.0813,1.0,mean_0.75,7,0.75,0.15,beta,none
City-C,T1,1x,180.0,S0a_RoutineOracle,routine,M_routine,650,True,1,575.9,575.9,0.0,0.0,1.0,mean_0.75,7,0.75,0.15,beta,none
City-C,T1,1x,180.0,S0a_RoutineOracle,cross_regime,M_stress,650,True,1,575.9,471.6,0.0,0.1812,1.0,mean_0.75,7,0.75,0.15,beta,none
City-C,T1,1x,180.0,S0b_StressOracle,routine,M_routine,650,True,1,471.6,575.9,0.0,0.0,1.0,mean_0.75,7,0.75,0.15,beta,none
City-C,T1,1x,180.0,S0b_StressOracle,cross_regime,M_stress,650,True,1,471.6,471.6,0.0,0.0,1.0,mean_0.75,7,0.75,0.15,beta,none
City-C,T1,1x,180.0,S1_CapRR,routine,M_routine,650,True,1,737.0,575.9,0.0,0.2186,1.0,mean_0.75,7,0.75,0.15,beta,none
City-C,T1,1x,180.0,S1_CapRR,cross_regime,M_stress,650,True,1,737.0,471.6,0.0,0.3602,1.0,mean_0.75,7,0.75,0.15,beta,none
City-C,T1,1x,180.0,S2_Platform,routine,M_routine,650,True,1,460.9,575.9,0.0,0.0,1.0,mean_0.75,7,0.75,0.15,beta,none
City-C,T1,1x,180.0,S2_Platform,cross_regime,M_stress,650,True,1,460.9,471.6,0.0,0.0,1.0,mean_0.75,7,0.75,0.15,beta,none
City-C,T1,1x,180.0,S3_Lin4,routine,M_routine,650,True,1,468.9,575.9,0.0,0.0,1.0,mean_0.75,7,0.75,0.15,beta,none
City-C,T1,1x,180.0,S3_Lin4,cross_regime,M_stress,650,True,1,468.9,471.6,0.0,0.0,1.0,mean_0.75,7,0.75,0.15,beta,none
City-C,T1,1x,180.0,S4_GlobalCalib,routine,M_routine,650,True,1,553.8,575.9,0.0,0.0,1.0,mean_0.75,7,0.75,0.15,beta,none
City-C,T1,1x,180.0,S4_GlobalCalib,cross_regime,M_stress,650,True,1,553.8,471.6,0.0,0.1485,1.0,mean_0.75,7,0.75,0.15,beta,none
City-C,T1,1x,180.0,S5_CityCalib,routine,M_routine,650,True,1,556.2,575.9,0.0,0.0,1.0,mean_0.75,7,0.75,0.15,beta,none
City-C,T1,1x,180.0,S5_CityCalib,cross_regime,M_stress,650,True,1,556.2,471.6,0.0,0.1522,1.0,mean_0.75,7,0.75,0.15,beta,none
City-C,T1,1x,180.0,S6_Q10,routine,M_routine,650,True,1,395.5,575.9,0.0,0.0,1.0,mean_0.75,7,0.75,0.15,beta,none
City-C,T1,1x,180.0,S6_Q10,cross_regime,M_stress,650,True,1,395.5,471.6,0.0,0.0,1.0,mean_0.75,7,0.75,0.15,beta,none
City-C,T1,2x,360.0,S0a_RoutineOracle,routine,M_routine,650,True,1,575.9,575.9,0.0,0.0,1.0,mean_0.75,7,0.75,0.15,beta,none
City-C,T1,2x,360.0,S0a_RoutineOracle,cross_regime,M_stress,650,True,1,575.9,471.6,0.0,0.1812,1.0,mean_0.75,7,0.75,0.15,beta,none
City-C,T1,2x,360.0,S0b_StressOracle,routine,M_routine,650,True,1,471.6,575.9,0.0,0.0,1.0,mean_0.75,7,0.75,0.15,beta,none
City-C,T1,2x,360.0,S0b_StressOracle,cross_regime,M_stress,650,True,1,471.6,471.6,0.0,0.0,1.0,mean_0.75,7,0.75,0.15,beta,none
City-C,T1,2x,360.0,S1_CapRR,routine,M_routine,650,True,1,737.0,575.9,0.0,0.2186,1.0,mean_0.75,7,0.75,0.15,beta,none
City-C,T1,2x,360.0,S1_CapRR,cross_regime,M_stress,650,True,1,737.0,471.6,0.0,0.3602,1.0,mean_0.75,7,0.75,0.15,beta,none
City-C,T1,2x,360.0,S2_Platform,routine,M_routine,650,True,1,460.9,575.9,0.0,0.0,1.0,mean_0.75,7,0.75,0.15,beta,none
City-C,T1,2x,360.0,S2_Platform,cross_regime,M_stress,650,True,1,460.9,471.6,0.0,0.0,1.0,mean_0.75,7,0.75,0.15,beta,none
City-C,T1,2x,360.0,S3_Lin4,routine,M_routine,650,True,1,468.9,575.9,0.0,0.0,1.0,mean_0.75,7,0.75,0.15,beta,none
City-C,T1,2x,360.0,S3_Lin4,cross_regime,M_stress,650,True,1,468.9,471.6,0.0,0.0,1.0,mean_0.75,7,0.75,0.15,beta,none
City-C,T1,2x,360.0,S4_GlobalCalib,routine,M_routine,650,True,1,553.8,575.9,0.0,0.0,1.0,mean_0.75,7,0.75,0.15,beta,none
City-C,T1,2x,360.0,S4_GlobalCalib,cross_regime,M_stress,650,True,1,553.8,471.6,0.0,0.1485,1.0,mean_0.75,7,0.75,0.15,beta,none
City-C,T1,2x,360.0,S5_CityCalib,routine,M_routine,650,True,1,556.2,575.9,0.0,0.0,1.0,mean_0.75,7,0.75,0.15,beta,none
City-C,T1,2x,360.0,S5_CityCalib,cross_regime,M_stress,650,True,1,556.2,471.6,0.0,0.1522,1.0,mean_0.75,7,0.75,0.15,beta,none
City-C,T1,2x,360.0,S6_Q10,routine,M_routine,650,True,1,395.5,575.9,0.0,0.0,1.0,mean_0.75,7,0.75,0.15,beta,none
City-C,T1,2x,360.0,S6_Q10,cross_regime,M_stress,650,True,1,395.5,471.6,0.0,0.0,1.0,mean_0.75,7,0.75,0.15,beta,none
City-C,T1,5x,900.0,S0a_RoutineOracle,routine,M_routine,650,True,2,1106.5,1106.5,0.0,0.0,1.0,mean_0.75,7,0.75,0.15,beta,none
City-C,T1,5x,900.0,S0a_RoutineOracle,cross_regime,M_stress,650,True,2,1106.5,802.9,97.1,0.2744,0.0,mean_0.75,7,0.75,0.15,beta,none
City-C,T1,5x,900.0,S0b_StressOracle,routine,M_routine,650,True,3,1220.4,1399.3,0.0,0.0,1.0,mean_0.75,7,0.75,0.15,beta,none
City-C,T1,5x,900.0,S0b_StressOracle,cross_regime,M_stress,650,True,3,1220.4,1220.4,0.0,0.0,1.0,mean_0.75,7,0.75,0.15,beta,none
City-C,T1,5x,900.0,S1_CapRR,routine,M_routine,650,True,2,1439.5,992.0,0.0,0.3109,1.0,mean_0.75,7,0.75,0.15,beta,none
City-C,T1,5x,900.0,S1_CapRR,cross_regime,M_stress,650,True,2,1439.5,872.4,27.6,0.394,0.0,mean_0.75,7,0.75,0.15,beta,none
City-C,T1,5x,900.0,S2_Platform,routine,M_routine,650,True,2,904.5,992.0,0.0,0.0,1.0,mean_0.75,7,0.75,0.15,beta,none
City-C,T1,5x,900.0,S2_Platform,cross_regime,M_stress,650,True,2,904.5,872.4,27.6,0.0355,0.0,mean_0.75,7,0.75,0.15,beta,none
City-C,T1,5x,900.0,S3_Lin4,routine,M_routine,650,True,2,918.4,992.0,0.0,0.0,1.0,mean_0.75,7,0.75,0.15,beta,none
City-C,T1,5x,900.0,S3_Lin4,cross_regime,M_stress,650,True,2,918.4,872.4,27.6,0.0501,0.0,mean_0.75,7,0.75,0.15,beta,none
City-C,T1,5x,900.0,S4_GlobalCalib,routine,M_routine,650,True,2,1081.6,992.0,0.0,0.0829,1.0,mean_0.75,7,0.75,0.15,beta,none
City-C,T1,5x,900.0,S4_GlobalCalib,cross_regime,M_stress,650,True,2,1081.6,872.4,27.6,0.1935,0.0,mean_0.75,7,0.75,0.15,beta,none
City-C,T1,5x,900.0,S5_CityCalib,routine,M_routine,650,True,2,1086.4,992.0,0.0,0.087,1.0,mean_0.75,7,0.75,0.15,beta,none
City-C,T1,5x,900.0,S5_CityCalib,cross_regime,M_stress,650,True,2,1086.4,872.4,27.6,0.197,0.0,mean_0.75,7,0.75,0.15,beta,none
City-C,T1,5x,900.0,S6_Q10,routine,M_routine,650,True,3,1116.8,1455.6,0.0,0.0,1.0,mean_0.75,7,0.75,0.15,beta,none
City-C,T1,5x,900.0,S6_Q10,cross_regime,M_stress,650,True,3,1116.8,1127.3,0.0,0.0,1.0,mean_0.75,7,0.75,0.15,beta,none
City-C,T1,10x,1800.0,S0a_RoutineOracle,routine,M_routine,650,True,4,2049.3,2049.3,0.0,0.0,1.0,mean_0.75,7,0.75,0.15,beta,none
City-C,T1,10x,1800.0,S0a_RoutineOracle,cross_regime,M_stress,650,True,4,2049.3,1255.4,544.6,0.3874,0.0,mean_0.75,7,0.75,0.15,beta,none
City-C,T1,10x,1800.0,S0b_StressOracle,routine,M_routine,650,True,5,1873.4,2345.9,0.0,0.0,1.0,mean_0.75,7,0.75,0.15,beta,none
City-C,T1,10x,1800.0,S0b_StressOracle,cross_regime,M_stress,650,True,5,1873.4,1873.4,0.0,0.0,1.0,mean_0.75,7,0.75,0.15,beta,none
City-C,T1,10x,1800.0,S1_CapRR,routine,M_routine,650,True,3,2081.1,1455.6,344.4,0.3006,0.0,mean_0.75,7,0.75,0.15,beta,none
City-C,T1,10x,1800.0,S1_CapRR,cross_regime,M_stress,650,True,3,2081.1,1127.3,672.7,0.4583,0.0,mean_0.75,7,0.75,0.15,beta,none
City-C,T1,10x,1800.0,S2_Platform,routine,M_routine,650,True,5,2117.9,2325.9,0.0,0.0,1.0,mean_0.75,7,0.75,0.15,beta,none
City-C,T1,10x,1800.0,S2_Platform,cross_regime,M_stress,650,True,5,2117.9,1834.9,0.0,0.1336,1.0,mean_0.75,7,0.75,0.15,beta,none
City-C,T1,10x,1800.0,S3_Lin4,routine,M_routine,650,True,5,2208.9,2290.2,0.0,0.0,1.0,mean_0.75,7,0.75,0.15,beta,none
City-C,T1,10x,1800.0,S3_Lin4,cross_regime,M_stress,650,True,5,2208.9,1642.3,157.7,0.2565,0.0,mean_0.75,7,0.75,0.15,beta,none
City-C,T1,10x,1800.0,S4_GlobalCalib,routine,M_routine,650,True,4,2003.6,1862.9,0.0,0.0702,1.0,mean_0.75,7,0.75,0.15,beta,none
City-C,T1,10x,1800.0,S4_GlobalCalib,cross_regime,M_stress,650,True,4,2003.6,1475.4,324.6,0.2637,0.0,mean_0.75,7,0.75,0.15,beta,none
City-C,T1,10x,1800.0,S5_CityCalib,routine,M_routine,650,True,4,2012.7,1862.9,0.0,0.0744,1.0,mean_0.75,7,0.75,0.15,beta,none
City-C,T1,10x,1800.0,S5_CityCalib,cross_regime,M_stress,650,True,4,2012.7,1475.4,324.6,0.267,0.0,mean_0.75,7,0.75,0.15,beta,none
City-C,T1,10x,1800.0,S6_Q10,routine,M_routine,650,True,6,2046.6,2872.7,0.0,0.0,1.0,mean_0.75,7,0.75,0.15,beta,none
City-C,T1,10x,1800.0,S6_Q10,cross_regime,M_stress,650,True,6,2046.6,2004.3,0.0,0.0207,1.0,mean_0.75,7,0.75,0.15,beta,none
City-C,T2,1x,260.0,S0a_RoutineOracle,routine,M_routine,650,True,1,657.2,657.2,0.0,0.0,1.0,mean_0.75,7,0.75,0.15,beta,none
City-C,T2,1x,260.0,S0a_RoutineOracle,cross_regime,M_stress,650,True,1,657.2,423.7,0.0,0.3553,1.0,mean_0.75,7,0.75,0.15,beta,none
City-C,T2,1x,260.0,S0b_StressOracle,routine,M_routine,650,True,1,423.7,657.2,0.0,0.0,1.0,mean_0.75,7,0.75,0.15,beta,none
City-C,T2,1x,260.0,S0b_StressOracle,cross_regime,M_stress,650,True,1,423.7,423.7,0.0,0.0,1.0,mean_0.75,7,0.75,0.15,beta,none
City-C,T2,1x,260.0,S1_CapRR,routine,M_routine,650,True,1,737.0,657.2,0.0,0.1083,1.0,mean_0.75,7,0.75,0.15,beta,none
City-C,T2,1x,260.0,S1_CapRR,cross_regime,M_stress,650,True,1,737.0,423.7,0.0,0.4251,1.0,mean_0.75,7,0.75,0.15,beta,none
City-C,T2,1x,260.0,S2_Platform,routine,M_routine,650,True,1,467.3,657.2,0.0,0.0,1.0,mean_0.75,7,0.75,0.15,beta,none
City-C,T2,1x,260.0,S2_Platform,cross_regime,M_stress,650,True,1,467.3,423.7,0.0,0.0932,1.0,mean_0.75,7,0.75,0.15,beta,none
City-C,T2,1x,260.0,S3_Lin4,routine,M_routine,650,True,1,471.9,657.2,0.0,0.0,1.0,mean_0.75,7,0.75,0.15,beta,none
City-C,T2,1x,260.0,S3_Lin4,cross_regime,M_stress,650,True,1,471.9,423.7,0.0,0.102,1.0,mean_0.75,7,0.75,0.15,beta,none
City-C,T2,1x,260.0,S4_GlobalCalib,routine,M_routine,650,True,1,551.5,657.2,0.0,0.0,1.0,mean_0.75,7,0.75,0.15,beta,none
City-C,T2,1x,260.0,S4_GlobalCalib,cross_regime,M_stress,650,True,1,551.5,423.7,0.0,0.2317,1.0,mean_0.75,7,0.75,0.15,beta,none
City-C,T2,1x,260.0,S5_CityCalib,routine,M_routine,650,True,1,550.3,657.2,0.0,0.0,1.0,mean_0.75,7,0.75,0.15,beta,none
City-C,T2,1x,260.0,S5_CityCalib,cross_regime,M_stress,650,True,1,550.3,423.7,0.0,0.2299,1.0,mean_0.75,7,0.75,0.15,beta,none
City-C,T2,1x,260.0,S6_Q10,routine,M_routine,650,True,1,396.3,657.2,0.0,0.0,1.0,mean_0.75,7,0.75,0.15,beta,none
City-C,T2,1x,260.0,S6_Q10,cross_regime,M_stress,650,True,1,396.3,423.7,0.0,0.0,1.0,mean_0.75,7,0.75,0.15,beta,none
City-C,T2,2x,520.0,S0a_RoutineOracle,routine,M_routine,650,True,1,657.2,657.2,0.0,0.0,1.0,mean_0.75,7,0.75,0.15,beta,none
City-C,T2,2x,520.0,S0a_RoutineOracle,cross_regime,M_stress,650,True,1,657.2,423.7,96.3,0.3553,0.0,mean_0.75,7,0.75,0.15,beta,none
City-C,T2,2x,520.0,S0b_StressOracle,routine,M_routine,650,True,2,819.9,898.6,0.0,0.0,1.0,mean_0.75,7,0.75,0.15,beta,none
City-C,T2,2x,520.0,S0b_StressOracle,cross_regime,M_stress,650,True,2,819.9,819.9,0.0,0.0,1.0,mean_0.75,7,0.75,0.15,beta,none
City-C,T2,2x,520.0,S1_CapRR,routine,M_routine,650,True,1,737.0,657.2,0.0,0.1083,1.0,mean_0.75,7,0.75,0.15,beta,none
City-C,T2,2x,520.0,S1_CapRR,cross_regime,M_stress,650,True,1,737.0,423.7,96.3,0.4251,0.0,mean_0.75,7,0.75,0.15,beta,none
City-C,T2,2x,520.0,S2_Platform,routine,M_routine,650,True,2,902.1,1254.3,0.0,0.0,1.0,mean_0.75,7,0.75,0.15,beta,none
City-C,T2,2x,520.0,S2_Platform,cross_regime,M_stress,650,True,2,902.1,814.3,0.0,0.0973,1.0,mean_0.75,7,0.75,0.15,beta,none
City-C,T2,2x,520.0,S3_Lin4,routine,M_routine,650,True,2,924.8,1254.3,0.0,0.0,1.0,mean_0.75,7,0.75,0.15,beta,none
City-C,T2,2x,520.0,S3_Lin4,cross_regime,M_stress,650,True,2,924.8,814.3,0.0,0.1195,1.0,mean_0.75,7,0.75,0.15,beta,none
City-C,T2,2x,520.0,S4_GlobalCalib,routine,M_routine,650,True,1,551.5,657.2,0.0,0.0,1.0,mean_0.75,7,0.75,0.15,beta,none
City-C,T2,2x,520.0,S4_GlobalCalib,cross_regime,M_stress,650,True,1,551.5,423.7,96.3,0.2317,0.0,mean_0.75,7,0.75,0.15,beta,none
City-C,T2,2x,520.0,S5_CityCalib,routine,M_routine,650,True,1,550.3,657.2,0.0,0.0,1.0,mean_0.75,7,0.75,0.15,beta,none
City-C,T2,2x,520.0,S5_CityCalib,cross_regime,M_stress,650,True,1,550.3,423.7,96.3,0.2299,0.0,mean_0.75,7,0.75,0.15,beta,none
City-C,T2,2x,520.0,S6_Q10,routine,M_routine,650,True,2,774.1,1254.3,0.0,0.0,1.0,mean_0.75,7,0.75,0.15,beta,none
City-C,T2,2x,520.0,S6_Q10,cross_regime,M_stress,650,True,2,774.1,814.3,0.0,0.0,1.0,mean_0.75,7,0.75,0.15,beta,none
City-C,T2,5x,1300.0,S0a_RoutineOracle,routine,M_routine,650,True,3,1771.2,1771.2,0.0,0.0,1.0,mean_0.75,7,0.75,0.15,beta,none
City-C,T2,5x,1300.0,S0a_RoutineOracle,cross_regime,M_stress,650,True,3,1771.2,1164.3,135.7,0.3426,0.0,mean_0.75,7,0.75,0.15,beta,none
City-C,T2,5x,1300.0,S0b_StressOracle,routine,M_routine,650,True,4,1568.3,1729.9,0.0,0.0,1.0,mean_0.75,7,0.75,0.15,beta,none
City-C,T2,5x,1300.0,S0b_StressOracle,cross_regime,M_stress,650,True,4,1568.3,1568.3,0.0,0.0,1.0,mean_0.75,7,0.75,0.15,beta,none
City-C,T2,5x,1300.0,S1_CapRR,routine,M_routine,650,True,2,1439.5,1254.3,45.7,0.1287,0.0,mean_0.75,7,0.75,0.15,beta,none
City-C,T2,5x,1300.0,S1_CapRR,cross_regime,M_stress,650,True,2,1439.5,814.3,485.7,0.4344,0.0,mean_0.75,7,0.75,0.15,beta,none
City-C,T2,5x,1300.0,S2_Platform,routine,M_routine,650,True,3,1301.1,1495.7,0.0,0.0,1.0,mean_0.75,7,0.75,0.15,beta,none
City-C,T2,5x,1300.0,S2_Platform,cross_regime,M_stress,650,True,3,1301.1,1210.5,89.5,0.0697,0.0,mean_0.75,7,0.75,0.15,beta,none
City-C,T2,5x,1300.0,S3_Lin4,routine,M_routine,650,True,3,1369.2,1495.7,0.0,0.0,1.0,mean_0.75,7,0.75,0.15,beta,none
City-C,T2,5x,1300.0,S3_Lin4,cross_regime,M_stress,650,True,3,1369.2,1210.5,89.5,0.1159,0.0,mean_0.75,7,0.75,0.15,beta,none
City-C,T2,5x,1300.0,S4_GlobalCalib,routine,M_routine,650,True,3,1557.4,1495.7,0.0,0.0396,1.0,mean_0.75,7,0.75,0.15,beta,none
City-C,T2,5x,1300.0,S4_GlobalCalib,cross_regime,M_stress,650,True,3,1557.4,1210.5,89.5,0.2228,0.0,mean_0.75,7,0.75,0.15,beta,none
City-C,T2,5x,1300.0,S5_CityCalib,routine,M_routine,650,True,3,1553.9,1495.7,0.0,0.0374,1.0,mean_0.75,7,0.75,0.15,beta,none
City-C,T2,5x,1300.0,S5_CityCalib,cross_regime,M_stress,650,True,3,1553.9,1210.5,89.5,0.221,0.0,mean_0.75,7,0.75,0.15,beta,none
City-C,T2,5x,1300.0,S6_Q10,routine,M_routine,650,True,4,1433.9,2012.6,0.0,0.0,1.0,mean_0.75,7,0.75,0.15,beta,none
City-C,T2,5x,1300.0,S6_Q10,cross_regime,M_stress,650,True,4,1433.9,1560.5,0.0,0.0,1.0,mean_0.75,7,0.75,0.15,beta,none
City-C,T2,10x,2600.0,S0a_RoutineOracle,routine,M_routine,650,True,5,2791.9,2791.9,0.0,0.0,1.0,mean_0.75,7,0.75,0.15,beta,none
City-C,T2,10x,2600.0,S0a_RoutineOracle,cross_regime,M_stress,650,True,5,2791.9,1764.1,835.9,0.3681,0.0,mean_0.75,7,0.75,0.15,beta,none
City-C,T2,10x,2600.0,S0b_StressOracle,routine,M_routine,650,True,8,2824.7,3678.4,0.0,0.0,1.0,mean_0.75,7,0.75,0.15,beta,none
City-C,T2,10x,2600.0,S0b_StressOracle,cross_regime,M_stress,650,True,8,2824.7,2824.7,0.0,0.0,1.0,mean_0.75,7,0.75,0.15,beta,none
City-C,T2,10x,2600.0,S1_CapRR,routine,M_routine,650,True,4,2666.6,2012.6,587.4,0.2453,0.0,mean_0.75,7,0.75,0.15,beta,none
City-C,T2,10x,2600.0,S1_CapRR,cross_regime,M_stress,650,True,4,2666.6,1560.5,1039.5,0.4148,0.0,mean_0.75,7,0.75,0.15,beta,none
City-C,T2,10x,2600.0,S2_Platform,routine,M_routine,650,True,7,2815.8,3267.5,0.0,0.0,1.0,mean_0.75,7,0.75,0.15,beta,none
City-C,T2,10x,2600.0,S2_Platform,cross_regime,M_stress,650,True,7,2815.8,2518.1,81.9,0.1057,0.0,mean_0.75,7,0.75,0.15,beta,none
City-C,T2,10x,2600.0,S3_Lin4,routine,M_routine,650,True,6,2629.2,2678.5,0.0,0.0,1.0,mean_0.75,7,0.75,0.15,beta,none
City-C,T2,10x,2600.0,S3_Lin4,cross_regime,M_stress,650,True,6,2629.2,2174.6,425.4,0.1729,0.0,mean_0.75,7,0.75,0.15,beta,none
City-C,T2,10x,2600.0,S4_GlobalCalib,routine,M_routine,650,True,6,2854.2,2957.0,0.0,0.0,1.0,mean_0.75,7,0.75,0.15,beta,none
City-C,T2,10x,2600.0,S4_GlobalCalib,cross_regime,M_stress,650,True,6,2854.2,2089.0,511.0,0.2681,0.0,mean_0.75,7,0.75,0.15,beta,none
City-C,T2,10x,2600.0,S5_CityCalib,routine,M_routine,650,True,6,2848.1,2957.0,0.0,0.0,1.0,mean_0.75,7,0.75,0.15,beta,none
City-C,T2,10x,2600.0,S5_CityCalib,cross_regime,M_stress,650,True,6,2848.1,2089.0,511.0,0.2665,0.0,mean_0.75,7,0.75,0.15,beta,none
City-C,T2,10x,2600.0,S6_Q10,routine,M_routine,650,True,8,2646.3,3674.2,0.0,0.0,1.0,mean_0.75,7,0.75,0.15,beta,none
City-C,T2,10x,2600.0,S6_Q10,cross_regime,M_stress,650,True,8,2646.3,2746.9,0.0,0.0,1.0,mean_0.75,7,0.75,0.15,beta,none
City-C,T3,1x,200.0,S0a_RoutineOracle,routine,M_routine,650,True,1,480.4,480.4,0.0,0.0,1.0,mean_0.75,7,0.75,0.15,beta,none
City-C,T3,1x,200.0,S0a_RoutineOracle,cross_regime,M_stress,650,True,1,480.4,311.6,0.0,0.3514,1.0,mean_0.75,7,0.75,0.15,beta,none
City-C,T3,1x,200.0,S0b_StressOracle,routine,M_routine,650,True,1,331.2,457.5,0.0,0.0,1.0,mean_0.75,7,0.75,0.15,beta,none
City-C,T3,1x,200.0,S0b_StressOracle,cross_regime,M_stress,650,True,1,331.2,331.2,0.0,0.0,1.0,mean_0.75,7,0.75,0.15,beta,none
City-C,T3,1x,200.0,S1_CapRR,routine,M_routine,650,True,1,648.6,349.7,0.0,0.4609,1.0,mean_0.75,7,0.75,0.15,beta,none
City-C,T3,1x,200.0,S1_CapRR,cross_regime,M_stress,650,True,1,648.6,212.1,0.0,0.6731,1.0,mean_0.75,7,0.75,0.15,beta,none
City-C,T3,1x,200.0,S2_Platform,routine,M_routine,650,True,1,456.8,349.7,0.0,0.2344,1.0,mean_0.75,7,0.75,0.15,beta,none
City-C,T3,1x,200.0,S2_Platform,cross_regime,M_stress,650,True,1,456.8,212.1,0.0,0.5357,1.0,mean_0.75,7,0.75,0.15,beta,none
City-C,T3,1x,200.0,S3_Lin4,routine,M_routine,650,True,1,458.5,349.7,0.0,0.2374,1.0,mean_0.75,7,0.75,0.15,beta,none
City-C,T3,1x,200.0,S3_Lin4,cross_regime,M_stress,650,True,1,458.5,212.1,0.0,0.5375,1.0,mean_0.75,7,0.75,0.15,beta,none
City-C,T3,1x,200.0,S4_GlobalCalib,routine,M_routine,650,True,1,486.6,349.7,0.0,0.2813,1.0,mean_0.75,7,0.75,0.15,beta,none
City-C,T3,1x,200.0,S4_GlobalCalib,cross_regime,M_stress,650,True,1,486.6,212.1,0.0,0.5642,1.0,mean_0.75,7,0.75,0.15,beta,none
City-C,T3,1x,200.0,S5_CityCalib,routine,M_routine,650,True,1,489.1,349.7,0.0,0.2851,1.0,mean_0.75,7,0.75,0.15,beta,none
City-C,T3,1x,200.0,S5_CityCalib,cross_regime,M_stress,650,True,1,489.1,212.1,0.0,0.5665,1.0,mean_0.75,7,0.75,0.15,beta,none
City-C,T3,1x,200.0,S6_Q10,routine,M_routine,650,True,1,346.6,349.7,0.0,0.0,1.0,mean_0.75,7,0.75,0.15,beta,none
City-C,T3,1x,200.0,S6_Q10,cross_regime,M_stress,650,True,1,346.6,212.1,0.0,0.3882,1.0,mean_0.75,7,0.75,0.15,beta,none
City-C,T3,2x,400.0,S0a_RoutineOracle,routine,M_routine,650,True,1,480.4,480.4,0.0,0.0,1.0,mean_0.75,7,0.75,0.15,beta,none
City-C,T3,2x,400.0,S0a_RoutineOracle,cross_regime,M_stress,650,True,1,480.4,311.6,88.4,0.3514,0.0,mean_0.75,7,0.75,0.15,beta,none
City-C,T3,2x,400.0,S0b_StressOracle,routine,M_routine,650,True,2,657.4,932.1,0.0,0.0,1.0,mean_0.75,7,0.75,0.15,beta,none
City-C,T3,2x,400.0,S0b_StressOracle,cross_regime,M_stress,650,True,2,657.4,657.4,0.0,0.0,1.0,mean_0.75,7,0.75,0.15,beta,none
City-C,T3,2x,400.0,S1_CapRR,routine,M_routine,650,True,1,648.6,349.7,50.3,0.4609,0.0,mean_0.75,7,0.75,0.15,beta,none
City-C,T3,2x,400.0,S1_CapRR,cross_regime,M_stress,650,True,1,648.6,212.1,187.9,0.6731,0.0,mean_0.75,7,0.75,0.15,beta,none
City-C,T3,2x,400.0,S2_Platform,routine,M_routine,650,True,1,456.8,349.7,50.3,0.2344,0.0,mean_0.75,7,0.75,0.15,beta,none
City-C,T3,2x,400.0,S2_Platform,cross_regime,M_stress,650,True,1,456.8,212.1,187.9,0.5357,0.0,mean_0.75,7,0.75,0.15,beta,none
City-C,T3,2x,400.0,S3_Lin4,routine,M_routine,650,True,1,458.5,349.7,50.3,0.2374,0.0,mean_0.75,7,0.75,0.15,beta,none
City-C,T3,2x,400.0,S3_Lin4,cross_regime,M_stress,650,True,1,458.5,212.1,187.9,0.5375,0.0,mean_0.75,7,0.75,0.15,beta,none
City-C,T3,2x,400.0,S4_GlobalCalib,routine,M_routine,650,True,1,486.6,349.7,50.3,0.2813,0.0,mean_0.75,7,0.75,0.15,beta,none
City-C,T3,2x,400.0,S4_GlobalCalib,cross_regime,M_stress,650,True,1,486.6,212.1,187.9,0.5642,0.0,mean_0.75,7,0.75,0.15,beta,none
City-C,T3,2x,400.0,S5_CityCalib,routine,M_routine,650,True,1,489.1,349.7,50.3,0.2851,0.0,mean_0.75,7,0.75,0.15,beta,none
City-C,T3,2x,400.0,S5_CityCalib,cross_regime,M_stress,650,True,1,489.1,212.1,187.9,0.5665,0.0,mean_0.75,7,0.75,0.15,beta,none
City-C,T3,2x,400.0,S6_Q10,routine,M_routine,650,True,2,677.0,807.2,0.0,0.0,1.0,mean_0.75,7,0.75,0.15,beta,none
City-C,T3,2x,400.0,S6_Q10,cross_regime,M_stress,650,True,2,677.0,543.3,0.0,0.1975,1.0,mean_0.75,7,0.75,0.15,beta,none
City-C,T3,5x,1000.0,S0a_RoutineOracle,routine,M_routine,650,True,3,1412.4,1412.4,0.0,0.0,1.0,mean_0.75,7,0.75,0.15,beta,none
City-C,T3,5x,1000.0,S0a_RoutineOracle,cross_regime,M_stress,650,True,3,1412.4,968.9,31.1,0.314,0.0,mean_0.75,7,0.75,0.15,beta,none
City-C,T3,5x,1000.0,S0b_StressOracle,routine,M_routine,650,True,4,1275.2,1717.1,0.0,0.0,1.0,mean_0.75,7,0.75,0.15,beta,none
City-C,T3,5x,1000.0,S0b_StressOracle,cross_regime,M_stress,650,True,4,1275.2,1275.2,0.0,0.0,1.0,mean_0.75,7,0.75,0.15,beta,none
City-C,T3,5x,1000.0,S1_CapRR,routine,M_routine,650,True,2,1266.8,807.2,192.8,0.3628,0.0,mean_0.75,7,0.75,0.15,beta,none
City-C,T3,5x,1000.0,S1_CapRR,cross_regime,M_stress,650,True,2,1266.8,543.3,456.7,0.5712,0.0,mean_0.75,7,0.75,0.15,beta,none
City-C,T3,5x,1000.0,S2_Platform,routine,M_routine,650,True,3,1285.7,1084.8,0.0,0.1563,1.0,mean_0.75,7,0.75,0.15,beta,none
City-C,T3,5x,1000.0,S2_Platform,cross_regime,M_stress,650,True,3,1285.7,652.7,347.3,0.4924,0.0,mean_0.75,7,0.75,0.15,beta,none
City-C,T3,5x,1000.0,S3_Lin4,routine,M_routine,650,True,3,1329.9,1287.6,0.0,0.0318,1.0,mean_0.75,7,0.75,0.15,beta,none
City-C,T3,5x,1000.0,S3_Lin4,cross_regime,M_stress,650,True,3,1329.9,854.8,145.2,0.3572,0.0,mean_0.75,7,0.75,0.15,beta,none
City-C,T3,5x,1000.0,S4_GlobalCalib,routine,M_routine,650,True,3,1373.7,1287.6,0.0,0.0627,1.0,mean_0.75,7,0.75,0.15,beta,none
City-C,T3,5x,1000.0,S4_GlobalCalib,cross_regime,M_stress,650,True,3,1373.7,854.8,145.2,0.3777,0.0,mean_0.75,7,0.75,0.15,beta,none
City-C,T3,5x,1000.0,S5_CityCalib,routine,M_routine,650,True,3,1380.9,1287.6,0.0,0.0676,1.0,mean_0.75,7,0.75,0.15,beta,none
City-C,T3,5x,1000.0,S5_CityCalib,cross_regime,M_stress,650,True,3,1380.9,854.8,145.2,0.381,0.0,mean_0.75,7,0.75,0.15,beta,none
City-C,T3,5x,1000.0,S6_Q10,routine,M_routine,650,True,4,1254.0,1762.1,0.0,0.0,1.0,mean_0.75,7,0.75,0.15,beta,none
City-C,T3,5x,1000.0,S6_Q10,cross_regime,M_stress,650,True,4,1254.0,1181.0,0.0,0.0582,1.0,mean_0.75,7,0.75,0.15,beta,none
City-C,T3,10x,2000.0,S0a_RoutineOracle,routine,M_routine,650,True,5,2247.8,2247.8,0.0,0.0,1.0,mean_0.75,7,0.75,0.15,beta,none
City-C,T3,10x,2000.0,S0a_RoutineOracle,cross_regime,M_stress,650,True,5,2247.8,1419.1,580.9,0.3686,0.0,mean_0.75,7,0.75,0.15,beta,none
City-C,T3,10x,2000.0,S0b_StressOracle,routine,M_routine,650,True,7,2080.6,2837.3,0.0,0.0,1.0,mean_0.75,7,0.75,0.15,beta,none
City-C,T3,10x,2000.0,S0b_StressOracle,cross_regime,M_stress,650,True,7,2080.6,2080.6,0.0,0.0,1.0,mean_0.75,7,0.75,0.15,beta,none
City-C,T3,10x,2000.0,S1_CapRR,routine,M_routine,650,True,4,2346.7,1762.1,237.9,0.2491,0.0,mean_0.75,7,0.75,0.15,beta,none
City-C,T3,10x,2000.0,S1_CapRR,cross_regime,M_stress,650,True,4,2346.7,1181.0,819.0,0.4967,0.0,mean_0.75,7,0.75,0.15,beta,none
City-C,T3,10x,2000.0,S2_Platform,routine,M_routine,650,True,5,2048.1,1939.2,60.8,0.0532,0.0,mean_0.75,7,0.75,0.15,beta,none
City-C,T3,10x,2000.0,S2_Platform,cross_regime,M_stress,650,True,5,2048.1,1214.1,785.9,0.4072,0.0,mean_0.75,7,0.75,0.15,beta,none
City-C,T3,10x,2000.0,S3_Lin4,routine,M_routine,650,True,5,2173.4,2018.3,0.0,0.0714,1.0,mean_0.75,7,0.75,0.15,beta,none
City-C,T3,10x,2000.0,S3_Lin4,cross_regime,M_stress,650,True,5,2173.4,1299.7,700.3,0.402,0.0,mean_0.75,7,0.75,0.15,beta,none
City-C,T3,10x,2000.0,S4_GlobalCalib,routine,M_routine,650,True,5,2142.3,2137.4,0.0,0.0023,1.0,mean_0.75,7,0.75,0.15,beta,none
City-C,T3,10x,2000.0,S4_GlobalCalib,cross_regime,M_stress,650,True,5,2142.3,1456.6,543.4,0.3201,0.0,mean_0.75,7,0.75,0.15,beta,none
City-C,T3,10x,2000.0,S5_CityCalib,routine,M_routine,650,True,5,2153.4,2137.4,0.0,0.0075,1.0,mean_0.75,7,0.75,0.15,beta,none
City-C,T3,10x,2000.0,S5_CityCalib,cross_regime,M_stress,650,True,5,2153.4,1456.6,543.4,0.3236,0.0,mean_0.75,7,0.75,0.15,beta,none
City-C,T3,10x,2000.0,S6_Q10,routine,M_routine,650,True,7,2056.4,2827.2,0.0,0.0,1.0,mean_0.75,7,0.75,0.15,beta,none
City-C,T3,10x,2000.0,S6_Q10,cross_regime,M_stress,650,True,7,2056.4,1947.8,52.2,0.0528,0.0,mean_0.75,7,0.75,0.15,beta,none
City-C,T4,1x,140.0,S0a_RoutineOracle,routine,M_routine,650,True,1,583.3,583.3,0.0,0.0,1.0,mean_0.75,7,0.75,0.15,beta,none
City-C,T4,1x,140.0,S0a_RoutineOracle,cross_regime,M_stress,650,True,1,583.3,462.9,0.0,0.2064,1.0,mean_0.75,7,0.75,0.15,beta,none
City-C,T4,1x,140.0,S0b_StressOracle,routine,M_routine,650,True,1,462.9,583.3,0.0,0.0,1.0,mean_0.75,7,0.75,0.15,beta,none
City-C,T4,1x,140.0,S0b_StressOracle,cross_regime,M_stress,650,True,1,462.9,462.9,0.0,0.0,1.0,mean_0.75,7,0.75,0.15,beta,none
City-C,T4,1x,140.0,S1_CapRR,routine,M_routine,650,True,1,737.0,583.3,0.0,0.2086,1.0,mean_0.75,7,0.75,0.15,beta,none
City-C,T4,1x,140.0,S1_CapRR,cross_regime,M_stress,650,True,1,737.0,462.9,0.0,0.3719,1.0,mean_0.75,7,0.75,0.15,beta,none
City-C,T4,1x,140.0,S2_Platform,routine,M_routine,650,True,1,377.7,420.8,0.0,0.0,1.0,mean_0.75,7,0.75,0.15,beta,none
City-C,T4,1x,140.0,S2_Platform,cross_regime,M_stress,650,True,1,377.7,193.7,0.0,0.4873,1.0,mean_0.75,7,0.75,0.15,beta,none
City-C,T4,1x,140.0,S3_Lin4,routine,M_routine,650,True,1,470.8,583.3,0.0,0.0,1.0,mean_0.75,7,0.75,0.15,beta,none
City-C,T4,1x,140.0,S3_Lin4,cross_regime,M_stress,650,True,1,470.8,462.9,0.0,0.0168,1.0,mean_0.75,7,0.75,0.15,beta,none
City-C,T4,1x,140.0,S4_GlobalCalib,routine,M_routine,650,True,1,549.7,583.3,0.0,0.0,1.0,mean_0.75,7,0.75,0.15,beta,none
City-C,T4,1x,140.0,S4_GlobalCalib,cross_regime,M_stress,650,True,1,549.7,462.9,0.0,0.1579,1.0,mean_0.75,7,0.75,0.15,beta,none
City-C,T4,1x,140.0,S5_CityCalib,routine,M_routine,650,True,1,549.9,583.3,0.0,0.0,1.0,mean_0.75,7,0.75,0.15,beta,none
City-C,T4,1x,140.0,S5_CityCalib,cross_regime,M_stress,650,True,1,549.9,462.9,0.0,0.1582,1.0,mean_0.75,7,0.75,0.15,beta,none
City-C,T4,1x,140.0,S6_Q10,routine,M_routine,650,True,1,395.5,583.3,0.0,0.0,1.0,mean_0.75,7,0.75,0.15,beta,none
City-C,T4,1x,140.0,S6_Q10,cross_regime,M_stress,650,True,1,395.5,462.9,0.0,0.0,1.0,mean_0.75,7,0.75,0.15,beta,none
City-C,T4,2x,280.0,S0a_RoutineOracle,routine,M_routine,650,True,1,583.3,583.3,0.0,0.0,1.0,mean_0.75,7,0.75,0.15,beta,none
City-C,T4,2x,280.0,S0a_RoutineOracle,cross_regime,M_stress,650,True,1,583.3,462.9,0.0,0.2064,1.0,mean_0.75,7,0.75,0.15,beta,none
City-C,T4,2x,280.0,S0b_StressOracle,routine,M_routine,650,True,1,462.9,583.3,0.0,0.0,1.0,mean_0.75,7,0.75,0.15,beta,none
City-C,T4,2x,280.0,S0b_StressOracle,cross_regime,M_stress,650,True,1,462.9,462.9,0.0,0.0,1.0,mean_0.75,7,0.75,0.15,beta,none
City-C,T4,2x,280.0,S1_CapRR,routine,M_routine,650,True,1,737.0,583.3,0.0,0.2086,1.0,mean_0.75,7,0.75,0.15,beta,none
City-C,T4,2x,280.0,S1_CapRR,cross_regime,M_stress,650,True,1,737.0,462.9,0.0,0.3719,1.0,mean_0.75,7,0.75,0.15,beta,none
City-C,T4,2x,280.0,S2_Platform,routine,M_routine,650,True,1,377.7,420.8,0.0,0.0,1.0,mean_0.75,7,0.75,0.15,beta,none
City-C,T4,2x,280.0,S2_Platform,cross_regime,M_stress,650,True,1,377.7,193.7,86.3,0.4873,0.0,mean_0.75,7,0.75,0.15,beta,none
City-C,T4,2x,280.0,S3_Lin4,routine,M_routine,650,True,1,470.8,583.3,0.0,0.0,1.0,mean_0.75,7,0.75,0.15,beta,none
City-C,T4,2x,280.0,S3_Lin4,cross_regime,M_stress,650,True,1,470.8,462.9,0.0,0.0168,1.0,mean_0.75,7,0.75,0.15,beta,none
City-C,T4,2x,280.0,S4_GlobalCalib,routine,M_routine,650,True,1,549.7,583.3,0.0,0.0,1.0,mean_0.75,7,0.75,0.15,beta,none
City-C,T4,2x,280.0,S4_GlobalCalib,cross_regime,M_stress,650,True,1,549.7,462.9,0.0,0.1579,1.0,mean_0.75,7,0.75,0.15,beta,none
City-C,T4,2x,280.0,S5_CityCalib,routine,M_routine,650,True,1,549.9,583.3,0.0,0.0,1.0,mean_0.75,7,0.75,0.15,beta,none
City-C,T4,2x,280.0,S5_CityCalib,cross_regime,M_stress,650,True,1,549.9,462.9,0.0,0.1582,1.0,mean_0.75,7,0.75,0.15,beta,none
City-C,T4,2x,280.0,S6_Q10,routine,M_routine,650,True,1,395.5,583.3,0.0,0.0,1.0,mean_0.75,7,0.75,0.15,beta,none
City-C,T4,2x,280.0,S6_Q10,cross_regime,M_stress,650,True,1,395.5,462.9,0.0,0.0,1.0,mean_0.75,7,0.75,0.15,beta,none
City-C,T4,5x,700.0,S0a_RoutineOracle,routine,M_routine,650,True,2,1124.8,1124.8,0.0,0.0,1.0,mean_0.75,7,0.75,0.15,beta,none
City-C,T4,5x,700.0,S0a_RoutineOracle,cross_regime,M_stress,650,True,2,1124.8,742.6,0.0,0.3398,1.0,mean_0.75,7,0.75,0.15,beta,none
City-C,T4,5x,700.0,S0b_StressOracle,routine,M_routine,650,True,2,834.7,1041.4,0.0,0.0,1.0,mean_0.75,7,0.75,0.15,beta,none
City-C,T4,5x,700.0,S0b_StressOracle,cross_regime,M_stress,650,True,2,834.7,834.7,0.0,0.0,1.0,mean_0.75,7,0.75,0.15,beta,none
City-C,T4,5x,700.0,S1_CapRR,routine,M_routine,650,True,1,737.0,583.3,116.7,0.2086,0.0,mean_0.75,7,0.75,0.15,beta,none
City-C,T4,5x,700.0,S1_CapRR,cross_regime,M_stress,650,True,1,737.0,462.9,237.1,0.3719,0.0,mean_0.75,7,0.75,0.15,beta,none
City-C,T4,5x,700.0,S2_Platform,routine,M_routine,650,True,2,738.2,878.9,0.0,0.0,1.0,mean_0.75,7,0.75,0.15,beta,none
City-C,T4,5x,700.0,S2_Platform,cross_regime,M_stress,650,True,2,738.2,565.4,134.6,0.2341,0.0,mean_0.75,7,0.75,0.15,beta,none
City-C,T4,5x,700.0,S3_Lin4,routine,M_routine,650,True,2,922.6,1041.4,0.0,0.0,1.0,mean_0.75,7,0.75,0.15,beta,none
City-C,T4,5x,700.0,S3_Lin4,cross_regime,M_stress,650,True,2,922.6,834.7,0.0,0.0953,1.0,mean_0.75,7,0.75,0.15,beta,none
City-C,T4,5x,700.0,S4_GlobalCalib,routine,M_routine,650,True,2,1073.7,1041.4,0.0,0.0301,1.0,mean_0.75,7,0.75,0.15,beta,none
City-C,T4,5x,700.0,S4_GlobalCalib,cross_regime,M_stress,650,True,2,1073.7,834.7,0.0,0.2226,1.0,mean_0.75,7,0.75,0.15,beta,none
City-C,T4,5x,700.0,S5_CityCalib,routine,M_routine,650,True,2,1074.1,1041.4,0.0,0.0305,1.0,mean_0.75,7,0.75,0.15,beta,none
City-C,T4,5x,700.0,S5_CityCalib,cross_regime,M_stress,650,True,2,1074.1,834.7,0.0,0.2229,1.0,mean_0.75,7,0.75,0.15,beta,none
City-C,T4,5x,700.0,S6_Q10,routine,M_routine,650,True,2,772.5,1041.4,0.0,0.0,1.0,mean_0.75,7,0.75,0.15,beta,none
City-C,T4,5x,700.0,S6_Q10,cross_regime,M_stress,650,True,2,772.5,834.7,0.0,0.0,1.0,mean_0.75,7,0.75,0.15,beta,none
City-C,T4,10x,1400.0,S0a_RoutineOracle,routine,M_routine,650,True,3,1608.0,1608.0,0.0,0.0,1.0,mean_0.75,7,0.75,0.15,beta,none
City-C,T4,10x,1400.0,S0a_RoutineOracle,cross_regime,M_stress,650,True,3,1608.0,1047.6,352.4,0.3485,0.0,mean_0.75,7,0.75,0.15,beta,none
City-C,T4,10x,1400.0,S0b_StressOracle,routine,M_routine,650,True,4,1509.8,1913.1,0.0,0.0,1.0,mean_0.75,7,0.75,0.15,beta,none
City-C,T4,10x,1400.0,S0b_StressOracle,cross_regime,M_stress,650,True,4,1509.8,1509.8,0.0,0.0,1.0,mean_0.75,7,0.75,0.15,beta,none
City-C,T4,10x,1400.0,S1_CapRR,routine,M_routine,650,True,2,1439.5,1041.4,358.6,0.2766,0.0,mean_0.75,7,0.75,0.15,beta,none
City-C,T4,10x,1400.0,S1_CapRR,cross_regime,M_stress,650,True,2,1439.5,834.7,565.3,0.4202,0.0,mean_0.75,7,0.75,0.15,beta,none
City-C,T4,10x,1400.0,S2_Platform,routine,M_routine,650,True,4,1425.4,1738.1,0.0,0.0,1.0,mean_0.75,7,0.75,0.15,beta,none
City-C,T4,10x,1400.0,S2_Platform,cross_regime,M_stress,650,True,4,1425.4,1049.9,350.1,0.2634,0.0,mean_0.75,7,0.75,0.15,beta,none
City-C,T4,10x,1400.0,S3_Lin4,routine,M_routine,650,True,4,1794.8,1992.3,0.0,0.0,1.0,mean_0.75,7,0.75,0.15,beta,none
City-C,T4,10x,1400.0,S3_Lin4,cross_regime,M_stress,650,True,4,1794.8,1366.5,33.5,0.2386,0.0,mean_0.75,7,0.75,0.15,beta,none
City-C,T4,10x,1400.0,S4_GlobalCalib,routine,M_routine,650,True,3,1552.2,1582.9,0.0,0.0,1.0,mean_0.75,7,0.75,0.15,beta,none
City-C,T4,10x,1400.0,S4_GlobalCalib,cross_regime,M_stress,650,True,3,1552.2,1114.3,285.7,0.2821,0.0,mean_0.75,7,0.75,0.15,beta,none
City-C,T4,10x,1400.0,S5_CityCalib,routine,M_routine,650,True,3,1552.9,1582.9,0.0,0.0,1.0,mean_0.75,7,0.75,0.15,beta,none
City-C,T4,10x,1400.0,S5_CityCalib,cross_regime,M_stress,650,True,3,1552.9,1114.3,285.7,0.2824,0.0,mean_0.75,7,0.75,0.15,beta,none
City-C,T4,10x,1400.0,S6_Q10,routine,M_routine,650,True,4,1431.0,2064.3,0.0,0.0,1.0,mean_0.75,7,0.75,0.15,beta,none
City-C,T4,10x,1400.0,S6_Q10,cross_regime,M_stress,650,True,4,1431.0,1471.7,0.0,0.0,1.0,mean_0.75,7,0.75,0.15,beta,none
City-C,T5,1x,160.0,S0a_RoutineOracle,routine,M_routine,650,True,1,617.2,617.2,0.0,0.0,1.0,mean_0.75,7,0.75,0.15,beta,none
City-C,T5,1x,160.0,S0a_RoutineOracle,cross_regime,M_stress,650,True,1,617.2,311.2,0.0,0.4958,1.0,mean_0.75,7,0.75,0.15,beta,none
City-C,T5,1x,160.0,S0b_StressOracle,routine,M_routine,650,True,1,355.9,441.5,0.0,0.0,1.0,mean_0.75,7,0.75,0.15,beta,none
City-C,T5,1x,160.0,S0b_StressOracle,cross_regime,M_stress,650,True,1,355.9,355.9,0.0,0.0,1.0,mean_0.75,7,0.75,0.15,beta,none
City-C,T5,1x,160.0,S1_CapRR,routine,M_routine,650,True,1,648.6,401.8,0.0,0.3805,1.0,mean_0.75,7,0.75,0.15,beta,none
City-C,T5,1x,160.0,S1_CapRR,cross_regime,M_stress,650,True,1,648.6,292.7,0.0,0.5487,1.0,mean_0.75,7,0.75,0.15,beta,none
City-C,T5,1x,160.0,S2_Platform,routine,M_routine,650,True,1,451.5,401.8,0.0,0.11,1.0,mean_0.75,7,0.75,0.15,beta,none
City-C,T5,1x,160.0,S2_Platform,cross_regime,M_stress,650,True,1,451.5,292.7,0.0,0.3517,1.0,mean_0.75,7,0.75,0.15,beta,none
City-C,T5,1x,160.0,S3_Lin4,routine,M_routine,650,True,1,458.1,401.8,0.0,0.1229,1.0,mean_0.75,7,0.75,0.15,beta,none
City-C,T5,1x,160.0,S3_Lin4,cross_regime,M_stress,650,True,1,458.1,292.7,0.0,0.3611,1.0,mean_0.75,7,0.75,0.15,beta,none
City-C,T5,1x,160.0,S4_GlobalCalib,routine,M_routine,650,True,1,485.5,401.8,0.0,0.1723,1.0,mean_0.75,7,0.75,0.15,beta,none
City-C,T5,1x,160.0,S4_GlobalCalib,cross_regime,M_stress,650,True,1,485.5,292.7,0.0,0.3971,1.0,mean_0.75,7,0.75,0.15,beta,none
City-C,T5,1x,160.0,S5_CityCalib,routine,M_routine,650,True,1,490.0,401.8,0.0,0.1799,1.0,mean_0.75,7,0.75,0.15,beta,none
City-C,T5,1x,160.0,S5_CityCalib,cross_regime,M_stress,650,True,1,490.0,292.7,0.0,0.4026,1.0,mean_0.75,7,0.75,0.15,beta,none
City-C,T5,1x,160.0,S6_Q10,routine,M_routine,650,True,1,344.4,401.8,0.0,0.0,1.0,mean_0.75,7,0.75,0.15,beta,none
City-C,T5,1x,160.0,S6_Q10,cross_regime,M_stress,650,True,1,344.4,292.7,0.0,0.1502,1.0,mean_0.75,7,0.75,0.15,beta,none
City-C,T5,2x,320.0,S0a_RoutineOracle,routine,M_routine,650,True,1,617.2,617.2,0.0,0.0,1.0,mean_0.75,7,0.75,0.15,beta,none
City-C,T5,2x,320.0,S0a_RoutineOracle,cross_regime,M_stress,650,True,1,617.2,311.2,8.8,0.4958,0.0,mean_0.75,7,0.75,0.15,beta,none
City-C,T5,2x,320.0,S0b_StressOracle,routine,M_routine,650,True,1,355.9,441.5,0.0,0.0,1.0,mean_0.75,7,0.75,0.15,beta,none
City-C,T5,2x,320.0,S0b_StressOracle,cross_regime,M_stress,650,True,1,355.9,355.9,0.0,0.0,1.0,mean_0.75,7,0.75,0.15,beta,none
City-C,T5,2x,320.0,S1_CapRR,routine,M_routine,650,True,1,648.6,401.8,0.0,0.3805,1.0,mean_0.75,7,0.75,0.15,beta,none
City-C,T5,2x,320.0,S1_CapRR,cross_regime,M_stress,650,True,1,648.6,292.7,27.3,0.5487,0.0,mean_0.75,7,0.75,0.15,beta,none
City-C,T5,2x,320.0,S2_Platform,routine,M_routine,650,True,1,451.5,401.8,0.0,0.11,1.0,mean_0.75,7,0.75,0.15,beta,none
City-C,T5,2x,320.0,S2_Platform,cross_regime,M_stress,650,True,1,451.5,292.7,27.3,0.3517,0.0,mean_0.75,7,0.75,0.15,beta,none
City-C,T5,2x,320.0,S3_Lin4,routine,M_routine,650,True,1,458.1,401.8,0.0,0.1229,1.0,mean_0.75,7,0.75,0.15,beta,none
City-C,T5,2x,320.0,S3_Lin4,cross_regime,M_stress,650,True,1,458.1,292.7,27.3,0.3611,0.0,mean_0.75,7,0.75,0.15,beta,none
City-C,T5,2x,320.0,S4_GlobalCalib,routine,M_routine,650,True,1,485.5,401.8,0.0,0.1723,1.0,mean_0.75,7,0.75,0.15,beta,none
City-C,T5,2x,320.0,S4_GlobalCalib,cross_regime,M_stress,650,True,1,485.5,292.7,27.3,0.3971,0.0,mean_0.75,7,0.75,0.15,beta,none
City-C,T5,2x,320.0,S5_CityCalib,routine,M_routine,650,True,1,490.0,401.8,0.0,0.1799,1.0,mean_0.75,7,0.75,0.15,beta,none
City-C,T5,2x,320.0,S5_CityCalib,cross_regime,M_stress,650,True,1,490.0,292.7,27.3,0.4026,0.0,mean_0.75,7,0.75,0.15,beta,none
City-C,T5,2x,320.0,S6_Q10,routine,M_routine,650,True,1,344.4,401.8,0.0,0.0,1.0,mean_0.75,7,0.75,0.15,beta,none
City-C,T5,2x,320.0,S6_Q10,cross_regime,M_stress,650,True,1,344.4,292.7,27.3,0.1502,0.0,mean_0.75,7,0.75,0.15,beta,none
City-C,T5,5x,800.0,S0a_RoutineOracle,routine,M_routine,650,True,2,1100.8,1100.8,0.0,0.0,1.0,mean_0.75,7,0.75,0.15,beta,none
City-C,T5,5x,800.0,S0a_RoutineOracle,cross_regime,M_stress,650,True,2,1100.8,554.5,245.5,0.4963,0.0,mean_0.75,7,0.75,0.15,beta,none
City-C,T5,5x,800.0,S0b_StressOracle,routine,M_routine,650,True,3,979.0,1347.0,0.0,0.0,1.0,mean_0.75,7,0.75,0.15,beta,none
City-C,T5,5x,800.0,S0b_StressOracle,cross_regime,M_stress,650,True,3,979.0,979.0,0.0,0.0,1.0,mean_0.75,7,0.75,0.15,beta,none
City-C,T5,5x,800.0,S1_CapRR,routine,M_routine,650,True,2,1266.8,1019.1,0.0,0.1956,1.0,mean_0.75,7,0.75,0.15,beta,none
City-C,T5,5x,800.0,S1_CapRR,cross_regime,M_stress,650,True,2,1266.8,603.9,196.1,0.5233,0.0,mean_0.75,7,0.75,0.15,beta,none
City-C,T5,5x,800.0,S2_Platform,routine,M_routine,650,True,2,882.9,794.2,5.8,0.1004,0.0,mean_0.75,7,0.75,0.15,beta,none
City-C,T5,5x,800.0,S2_Platform,cross_regime,M_stress,650,True,2,882.9,468.6,331.4,0.4693,0.0,mean_0.75,7,0.75,0.15,beta,none
City-C,T5,5x,800.0,S3_Lin4,routine,M_routine,650,True,2,896.2,1019.1,0.0,0.0,1.0,mean_0.75,7,0.75,0.15,beta,none
City-C,T5,5x,800.0,S3_Lin4,cross_regime,M_stress,650,True,2,896.2,603.9,196.1,0.3261,0.0,mean_0.75,7,0.75,0.15,beta,none
City-C,T5,5x,800.0,S4_GlobalCalib,routine,M_routine,650,True,2,948.2,1019.1,0.0,0.0,1.0,mean_0.75,7,0.75,0.15,beta,none
City-C,T5,5x,800.0,S4_GlobalCalib,cross_regime,M_stress,650,True,2,948.2,603.9,196.1,0.363,0.0,mean_0.75,7,0.75,0.15,beta,none
City-C,T5,5x,800.0,S5_CityCalib,routine,M_routine,650,True,2,956.9,1019.1,0.0,0.0,1.0,mean_0.75,7,0.75,0.15,beta,none
City-C,T5,5x,800.0,S5_CityCalib,cross_regime,M_stress,650,True,2,956.9,603.9,196.1,0.3689,0.0,mean_0.75,7,0.75,0.15,beta,none
City-C,T5,5x,800.0,S6_Q10,routine,M_routine,650,True,3,972.5,1460.6,0.0,0.0,1.0,mean_0.75,7,0.75,0.15,beta,none
City-C,T5,5x,800.0,S6_Q10,cross_regime,M_stress,650,True,3,972.5,959.8,0.0,0.0131,1.0,mean_0.75,7,0.75,0.15,beta,none
City-C,T5,10x,1600.0,S0a_RoutineOracle,routine,M_routine,650,True,4,1996.5,1996.5,0.0,0.0,1.0,mean_0.75,7,0.75,0.15,beta,none
City-C,T5,10x,1600.0,S0a_RoutineOracle,cross_regime,M_stress,650,True,4,1996.5,1148.6,451.4,0.4247,0.0,mean_0.75,7,0.75,0.15,beta,none
City-C,T5,10x,1600.0,S0b_StressOracle,routine,M_routine,650,True,6,1812.3,2243.3,0.0,0.0,1.0,mean_0.75,7,0.75,0.15,beta,none
City-C,T5,10x,1600.0,S0b_StressOracle,cross_regime,M_stress,650,True,6,1812.3,1812.3,0.0,0.0,1.0,mean_0.75,7,0.75,0.15,beta,none
City-C,T5,10x,1600.0,S1_CapRR,routine,M_routine,650,True,3,1831.4,1460.6,139.4,0.2025,0.0,mean_0.75,7,0.75,0.15,beta,none
City-C,T5,10x,1600.0,S1_CapRR,cross_regime,M_stress,650,True,3,1831.4,959.8,640.2,0.4759,0.0,mean_0.75,7,0.75,0.15,beta,none
City-C,T5,10x,1600.0,S2_Platform,routine,M_routine,650,True,4,1670.1,1151.6,448.4,0.3104,0.0,mean_0.75,7,0.75,0.15,beta,none
City-C,T5,10x,1600.0,S2_Platform,cross_regime,M_stress,650,True,4,1670.1,992.5,607.5,0.4057,0.0,mean_0.75,7,0.75,0.15,beta,none
City-C,T5,10x,1600.0,S3_Lin4,routine,M_routine,650,True,4,1754.7,1623.3,0.0,0.0749,1.0,mean_0.75,7,0.75,0.15,beta,none
City-C,T5,10x,1600.0,S3_Lin4,cross_regime,M_stress,650,True,4,1754.7,1207.7,392.3,0.3117,0.0,mean_0.75,7,0.75,0.15,beta,none
City-C,T5,10x,1600.0,S4_GlobalCalib,routine,M_routine,650,True,4,1756.2,1747.8,0.0,0.0048,1.0,mean_0.75,7,0.75,0.15,beta,none
City-C,T5,10x,1600.0,S4_GlobalCalib,cross_regime,M_stress,650,True,4,1756.2,1212.6,387.4,0.3095,0.0,mean_0.75,7,0.75,0.15,beta,none
City-C,T5,10x,1600.0,S5_CityCalib,routine,M_routine,650,True,4,1772.4,1747.8,0.0,0.0138,1.0,mean_0.75,7,0.75,0.15,beta,none
City-C,T5,10x,1600.0,S5_CityCalib,cross_regime,M_stress,650,True,4,1772.4,1212.6,387.4,0.3158,0.0,mean_0.75,7,0.75,0.15,beta,none
City-C,T5,10x,1600.0,S6_Q10,routine,M_routine,650,True,6,1782.2,2623.8,0.0,0.0,1.0,mean_0.75,7,0.75,0.15,beta,none
City-C,T5,10x,1600.0,S6_Q10,cross_regime,M_stress,650,True,6,1782.2,1631.7,0.0,0.0845,1.0,mean_0.75,7,0.75,0.15,beta,none
