city,task_id,p_req_level,p_req,strategy,regime,eval_outcome,pool_size,pool_feasible,n_selected,p_commit,p_deliv,shortfall,ocr,success,config_name,seed_id,xi_mean,xi_std,xi_dist,xi_persistence
City-A,T1,1x,180.0,S0a_RoutineOracle,routine,M_routine,800,True,1,471.9,471.9,0.0,0.0,1.0,mean_0.67,2,0.67,0.15,beta,none
City-A,T1,1x,180.0,S0a_RoutineOracle,cross_regime,M_stress,800,True,1,471.9,303.6,0.0,0.3567,1.0,mean_0.67,2,0.67,0.15,beta,none
City-A,T1,1x,180.0,S0b_StressOracle,routine,M_routine,800,True,1,312.9,431.5,0.0,0.0,1.0,mean_0.67,2,0.67,0.15,beta,none
City-A,T1,1x,180.0,S0b_StressOracle,cross_regime,M_stress,800,True,1,312.9,312.9,0.0,0.0,1.0,mean_0.67,2,0.67,0.15,beta,none
City-A,T1,1x,180.0,S1_CapRR,routine,M_routine,800,True,1,678.2,431.5,0.0,0.3637,1.0,mean_0.67,2,0.67,0.15,beta,none
City-A,T1,1x,180.0,S1_CapRR,cross_regime,M_stress,800,True,1,678.2,312.9,0.0,0.5387,1.0,mean_0.67,2,0.67,0.15,beta,none
City-A,T1,1x,180.0,S2_Platform,routine,M_routine,800,True,1,421.1,431.5,0.0,0.0,1.0,mean_0.67,2,0.67,0.15,beta,none
City-A,T1,1x,180.0,S2_Platform,cross_regime,M_stress,800,True,1,421.1,312.9,0.0,0.257,1.0,mean_0.67,2,0.67,0.15,beta,none
City-A,T1,1x,180.0,S3_Lin4,routine,M_routine,800,True,1,497.0,431.5,0.0,0.1319,1.0,mean_0.67,2,0.67,0.15,beta,none
City-A,T1,1x,180.0,S3_Lin4,cross_regime,M_stress,800,True,1,497.0,312.9,0.0,0.3705,1.0,mean_0.67,2,0.67,0.15,beta,none
City-A,T1,1x,180.0,S4_GlobalCalib,routine,M_routine,800,True,1,457.9,431.5,0.0,0.0577,1.0,mean_0.67,2,0.67,0.15,beta,none
City-A,T1,1x,180.0,S4_GlobalCalib,cross_regime,M_stress,800,True,1,457.9,312.9,0.0,0.3167,1.0,mean_0.67,2,0.67,0.15,beta,none
City-A,T1,1x,180.0,S5_CityCalib,routine,M_routine,800,True,1,455.4,431.5,0.0,0.0526,1.0,mean_0.67,2,0.67,0.15,beta,none
City-A,T1,1x,180.0,S5_CityCalib,cross_regime,M_stress,800,True,1,455.4,312.9,0.0,0.313,1.0,mean_0.67,2,0.67,0.15,beta,none
City-A,T1,1x,180.0,S6_Q10,routine,M_routine,800,True,1,312.7,431.5,0.0,0.0,1.0,mean_0.67,2,0.67,0.15,beta,none
City-A,T1,1x,180.0,S6_Q10,cross_regime,M_stress,800,True,1,312.7,312.9,0.0,0.0,1.0,mean_0.67,2,0.67,0.15,beta,none
City-A,T1,2x,360.0,S0a_RoutineOracle,routine,M_routine,800,True,1,471.9,471.9,0.0,0.0,1.0,mean_0.67,2,0.67,0.15,beta,none
City-A,T1,2x,360.0,S0a_RoutineOracle,cross_regime,M_stress,800,True,1,471.9,303.6,56.4,0.3567,0.0,mean_0.67,2,0.67,0.15,beta,none
City-A,T1,2x,360.0,S0b_StressOracle,routine,M_routine,800,True,2,616.5,903.4,0.0,0.0,1.0,mean_0.67,2,0.67,0.15,beta,none
City-A,T1,2x,360.0,S0b_StressOracle,cross_regime,M_stress,800,True,2,616.5,616.5,0.0,0.0,1.0,mean_0.67,2,0.67,0.15,beta,none
City-A,T1,2x,360.0,S1_CapRR,routine,M_routine,800,True,1,678.2,431.5,0.0,0.3637,1.0,mean_0.67,2,0.67,0.15,beta,none
City-A,T1,2x,360.0,S1_CapRR,cross_regime,M_stress,800,True,1,678.2,312.9,47.1,0.5387,0.0,mean_0.67,2,0.67,0.15,beta,none
City-A,T1,2x,360.0,S2_Platform,routine,M_routine,800,True,1,421.1,431.5,0.0,0.0,1.0,mean_0.67,2,0.67,0.15,beta,none
City-A,T1,2x,360.0,S2_Platform,cross_regime,M_stress,800,True,1,421.1,312.9,47.1,0.257,0.0,mean_0.67,2,0.67,0.15,beta,none
City-A,T1,2x,360.0,S3_Lin4,routine,M_routine,800,True,1,497.0,431.5,0.0,0.1319,1.0,mean_0.67,2,0.67,0.15,beta,none
City-A,T1,2x,360.0,S3_Lin4,cross_regime,M_stress,800,True,1,497.0,312.9,47.1,0.3705,0.0,mean_0.67,2,0.67,0.15,beta,none
City-A,T1,2x,360.0,S4_GlobalCalib,routine,M_routine,800,True,1,457.9,431.5,0.0,0.0577,1.0,mean_0.67,2,0.67,0.15,beta,none
City-A,T1,2x,360.0,S4_GlobalCalib,cross_regime,M_stress,800,True,1,457.9,312.9,47.1,0.3167,0.0,mean_0.67,2,0.67,0.15,beta,none
City-A,T1,2x,360.0,S5_CityCalib,routine,M_routine,800,True,1,455.4,431.5,0.0,0.0526,1.0,mean_0.67,2,0.67,0.15,beta,none
City-A,T1,2x,360.0,S5_CityCalib,cross_regime,M_stress,800,True,1,455.4,312.9,47.1,0.313,0.0,mean_0.67,2,0.67,0.15,beta,none
City-A,T1,2x,360.0,S6_Q10,routine,M_routine,800,True,2,596.4,879.8,0.0,0.0,1.0,mean_0.67,2,0.67,0.15,beta,none
City-A,T1,2x,360.0,S6_Q10,cross_regime,M_stress,800,True,2,596.4,595.0,0.0,0.0024,1.0,mean_0.67,2,0.67,0.15,beta,none
City-A,T1,5x,900.0,S0a_RoutineOracle,routine,M_routine,800,True,2,924.1,924.1,0.0,0.0,1.0,mean_0.67,2,0.67,0.15,beta,none
City-A,T1,5x,900.0,S0a_RoutineOracle,cross_regime,M_stress,800,True,2,924.1,575.8,324.2,0.3769,0.0,mean_0.67,2,0.67,0.15,beta,none
City-A,T1,5x,900.0,S0b_StressOracle,routine,M_routine,800,True,3,901.7,1322.9,0.0,0.0,1.0,mean_0.67,2,0.67,0.15,beta,none
City-A,T1,5x,900.0,S0b_StressOracle,cross_regime,M_stress,800,True,3,901.7,901.7,0.0,0.0,1.0,mean_0.67,2,0.67,0.15,beta,none
City-A,T1,5x,900.0,S1_CapRR,routine,M_routine,800,True,2,1293.4,879.8,20.2,0.3198,0.0,mean_0.67,2,0.67,0.15,beta,none
City-A,T1,5x,900.0,S1_CapRR,cross_regime,M_stress,800,True,2,1293.4,595.0,305.0,0.54,0.0,mean_0.67,2,0.67,0.15,beta,none
City-A,T1,5x,900.0,S2_Platform,routine,M_routine,800,True,3,1202.1,1299.2,0.0,0.0,1.0,mean_0.67,2,0.67,0.15,beta,none
City-A,T1,5x,900.0,S2_Platform,cross_regime,M_stress,800,True,3,1202.1,880.2,19.8,0.2678,0.0,mean_0.67,2,0.67,0.15,beta,none
City-A,T1,5x,900.0,S3_Lin4,routine,M_routine,800,True,3,1273.1,1272.5,0.0,0.0005,1.0,mean_0.67,2,0.67,0.15,beta,none
City-A,T1,5x,900.0,S3_Lin4,cross_regime,M_stress,800,True,3,1273.1,838.4,61.6,0.3414,0.0,mean_0.67,2,0.67,0.15,beta,none
City-A,T1,5x,900.0,S4_GlobalCalib,routine,M_routine,800,True,3,1275.7,1332.0,0.0,0.0,1.0,mean_0.67,2,0.67,0.15,beta,none
City-A,T1,5x,900.0,S4_GlobalCalib,cross_regime,M_stress,800,True,3,1275.7,867.2,32.8,0.3202,0.0,mean_0.67,2,0.67,0.15,beta,none
City-A,T1,5x,900.0,S5_CityCalib,routine,M_routine,800,True,3,1269.2,1332.0,0.0,0.0,1.0,mean_0.67,2,0.67,0.15,beta,none
City-A,T1,5x,900.0,S5_CityCalib,cross_regime,M_stress,800,True,3,1269.2,867.2,32.8,0.3167,0.0,mean_0.67,2,0.67,0.15,beta,none
City-A,T1,5x,900.0,S6_Q10,routine,M_routine,800,True,4,1140.0,1803.9,0.0,0.0,1.0,mean_0.67,2,0.67,0.15,beta,none
City-A,T1,5x,900.0,S6_Q10,cross_regime,M_stress,800,True,4,1140.0,1170.8,0.0,0.0,1.0,mean_0.67,2,0.67,0.15,beta,none
City-A,T1,10x,1800.0,S0a_RoutineOracle,routine,M_routine,800,True,4,1803.9,1803.9,0.0,0.0,1.0,mean_0.67,2,0.67,0.15,beta,none
City-A,T1,10x,1800.0,S0a_RoutineOracle,cross_regime,M_stress,800,True,4,1803.9,1170.8,629.2,0.3509,0.0,mean_0.67,2,0.67,0.15,beta,none
City-A,T1,10x,1800.0,S0b_StressOracle,routine,M_routine,800,True,7,1989.9,2736.7,0.0,0.0,1.0,mean_0.67,2,0.67,0.15,beta,none
City-A,T1,10x,1800.0,S0b_StressOracle,cross_regime,M_stress,800,True,7,1989.9,1989.9,0.0,0.0,1.0,mean_0.67,2,0.67,0.15,beta,none
City-A,T1,10x,1800.0,S1_CapRR,routine,M_routine,800,True,3,1889.7,1332.0,468.0,0.2951,0.0,mean_0.67,2,0.67,0.15,beta,none
City-A,T1,10x,1800.0,S1_CapRR,cross_regime,M_stress,800,True,3,1889.7,867.2,932.8,0.5411,0.0,mean_0.67,2,0.67,0.15,beta,none
City-A,T1,10x,1800.0,S2_Platform,routine,M_routine,800,True,5,1914.5,1766.5,33.5,0.0773,0.0,mean_0.67,2,0.67,0.15,beta,none
City-A,T1,10x,1800.0,S2_Platform,cross_regime,M_stress,800,True,5,1914.5,1322.7,477.3,0.3091,0.0,mean_0.67,2,0.67,0.15,beta,none
City-A,T1,10x,1800.0,S3_Lin4,routine,M_routine,800,True,5,1999.6,2192.6,0.0,0.0,1.0,mean_0.67,2,0.67,0.15,beta,none
City-A,T1,10x,1800.0,S3_Lin4,cross_regime,M_stress,800,True,5,1999.6,1424.1,375.9,0.2878,0.0,mean_0.67,2,0.67,0.15,beta,none
City-A,T1,10x,1800.0,S4_GlobalCalib,routine,M_routine,800,True,5,2050.3,2003.6,0.0,0.0227,1.0,mean_0.67,2,0.67,0.15,beta,none
City-A,T1,10x,1800.0,S4_GlobalCalib,cross_regime,M_stress,800,True,5,2050.3,1424.9,375.1,0.305,0.0,mean_0.67,2,0.67,0.15,beta,none
City-A,T1,10x,1800.0,S5_CityCalib,routine,M_routine,800,True,5,2040.1,2003.6,0.0,0.0179,1.0,mean_0.67,2,0.67,0.15,beta,none
City-A,T1,10x,1800.0,S5_CityCalib,cross_regime,M_stress,800,True,5,2040.1,1424.9,375.1,0.3016,0.0,mean_0.67,2,0.67,0.15,beta,none
City-A,T1,10x,1800.0,S6_Q10,routine,M_routine,800,True,7,1885.2,2811.9,0.0,0.0,1.0,mean_0.67,2,0.67,0.15,beta,none
City-A,T1,10x,1800.0,S6_Q10,cross_regime,M_stress,800,True,7,1885.2,1963.4,0.0,0.0,1.0,mean_0.67,2,0.67,0.15,beta,none
City-A,T2,1x,260.0,S0a_RoutineOracle,routine,M_routine,800,True,1,447.6,447.6,0.0,0.0,1.0,mean_0.67,2,0.67,0.15,beta,none
City-A,T2,1x,260.0,S0a_RoutineOracle,cross_regime,M_stress,800,True,1,447.6,208.6,51.4,0.534,0.0,mean_0.67,2,0.67,0.15,beta,none
City-A,T2,1x,260.0,S0b_StressOracle,routine,M_routine,800,True,1,331.3,446.3,0.0,0.0,1.0,mean_0.67,2,0.67,0.15,beta,none
City-A,T2,1x,260.0,S0b_StressOracle,cross_regime,M_stress,800,True,1,331.3,331.3,0.0,0.0,1.0,mean_0.67,2,0.67,0.15,beta,none
City-A,T2,1x,260.0,S1_CapRR,routine,M_routine,800,True,1,678.2,446.3,0.0,0.342,1.0,mean_0.67,2,0.67,0.15,beta,none
City-A,T2,1x,260.0,S1_CapRR,cross_regime,M_stress,800,True,1,678.2,331.3,0.0,0.5115,1.0,mean_0.67,2,0.67,0.15,beta,none
City-A,T2,1x,260.0,S2_Platform,routine,M_routine,800,True,1,441.1,446.3,0.0,0.0,1.0,mean_0.67,2,0.67,0.15,beta,none
City-A,T2,1x,260.0,S2_Platform,cross_regime,M_stress,800,True,1,441.1,331.3,0.0,0.2489,1.0,mean_0.67,2,0.67,0.15,beta,none
City-A,T2,1x,260.0,S3_Lin4,routine,M_routine,800,True,1,488.4,446.3,0.0,0.0863,1.0,mean_0.67,2,0.67,0.15,beta,none
City-A,T2,1x,260.0,S3_Lin4,cross_regime,M_stress,800,True,1,488.4,331.3,0.0,0.3217,1.0,mean_0.67,2,0.67,0.15,beta,none
City-A,T2,1x,260.0,S4_GlobalCalib,routine,M_routine,800,True,1,452.6,446.3,0.0,0.014,1.0,mean_0.67,2,0.67,0.15,beta,none
City-A,T2,1x,260.0,S4_GlobalCalib,cross_regime,M_stress,800,True,1,452.6,331.3,0.0,0.268,1.0,mean_0.67,2,0.67,0.15,beta,none
City-A,T2,1x,260.0,S5_CityCalib,routine,M_routine,800,True,1,453.3,446.3,0.0,0.0155,1.0,mean_0.67,2,0.67,0.15,beta,none
City-A,T2,1x,260.0,S5_CityCalib,cross_regime,M_stress,800,True,1,453.3,331.3,0.0,0.2691,1.0,mean_0.67,2,0.67,0.15,beta,none
City-A,T2,1x,260.0,S6_Q10,routine,M_routine,800,True,1,310.4,446.3,0.0,0.0,1.0,mean_0.67,2,0.67,0.15,beta,none
City-A,T2,1x,260.0,S6_Q10,cross_regime,M_stress,800,True,1,310.4,331.3,0.0,0.0,1.0,mean_0.67,2,0.67,0.15,beta,none
City-A,T2,2x,520.0,S0a_RoutineOracle,routine,M_routine,800,True,2,893.9,893.9,0.0,0.0,1.0,mean_0.67,2,0.67,0.15,beta,none
City-A,T2,2x,520.0,S0a_RoutineOracle,cross_regime,M_stress,800,True,2,893.9,539.9,0.0,0.396,1.0,mean_0.67,2,0.67,0.15,beta,none
City-A,T2,2x,520.0,S0b_StressOracle,routine,M_routine,800,True,2,621.8,828.2,0.0,0.0,1.0,mean_0.67,2,0.67,0.15,beta,none
City-A,T2,2x,520.0,S0b_StressOracle,cross_regime,M_stress,800,True,2,621.8,621.8,0.0,0.0,1.0,mean_0.67,2,0.67,0.15,beta,none
City-A,T2,2x,520.0,S1_CapRR,routine,M_routine,800,True,1,678.2,446.3,73.7,0.342,0.0,mean_0.67,2,0.67,0.15,beta,none
City-A,T2,2x,520.0,S1_CapRR,cross_regime,M_stress,800,True,1,678.2,331.3,188.7,0.5115,0.0,mean_0.67,2,0.67,0.15,beta,none
City-A,T2,2x,520.0,S2_Platform,routine,M_routine,800,True,2,849.9,893.9,0.0,0.0,1.0,mean_0.67,2,0.67,0.15,beta,none
City-A,T2,2x,520.0,S2_Platform,cross_regime,M_stress,800,True,2,849.9,539.9,0.0,0.3648,1.0,mean_0.67,2,0.67,0.15,beta,none
City-A,T2,2x,520.0,S3_Lin4,routine,M_routine,800,True,2,873.2,819.5,0.0,0.0615,1.0,mean_0.67,2,0.67,0.15,beta,none
City-A,T2,2x,520.0,S3_Lin4,cross_regime,M_stress,800,True,2,873.2,603.6,0.0,0.3087,1.0,mean_0.67,2,0.67,0.15,beta,none
City-A,T2,2x,520.0,S4_GlobalCalib,routine,M_routine,800,True,2,863.1,893.9,0.0,0.0,1.0,mean_0.67,2,0.67,0.15,beta,none
City-A,T2,2x,520.0,S4_GlobalCalib,cross_regime,M_stress,800,True,2,863.1,539.9,0.0,0.3745,1.0,mean_0.67,2,0.67,0.15,beta,none
City-A,T2,2x,520.0,S5_CityCalib,routine,M_routine,800,True,2,864.6,893.9,0.0,0.0,1.0,mean_0.67,2,0.67,0.15,beta,none
City-A,T2,2x,520.0,S5_CityCalib,cross_regime,M_stress,800,True,2,864.6,539.9,0.0,0.3755,1.0,mean_0.67,2,0.67,0.15,beta,none
City-A,T2,2x,520.0,S6_Q10,routine,M_routine,800,True,2,591.9,893.9,0.0,0.0,1.0,mean_0.67,2,0.67,0.15,beta,none
City-A,T2,2x,520.0,S6_Q10,cross_regime,M_stress,800,True,2,591.9,539.9,0.0,0.0879,1.0,mean_0.67,2,0.67,0.15,beta,none
City-A,T2,5x,1300.0,S0a_RoutineOracle,routine,M_routine,800,True,3,1318.9,1318.9,0.0,0.0,1.0,mean_0.67,2,0.67,0.15,beta,none
City-A,T2,5x,1300.0,S0a_RoutineOracle,cross_regime,M_stress,800,True,3,1318.9,798.5,501.5,0.3945,0.0,mean_0.67,2,0.67,0.15,beta,none
City-A,T2,5x,1300.0,S0b_StressOracle,routine,M_routine,800,True,5,1412.2,1802.2,0.0,0.0,1.0,mean_0.67,2,0.67,0.15,beta,none
City-A,T2,5x,1300.0,S0b_StressOracle,cross_regime,M_stress,800,True,5,1412.2,1412.2,0.0,0.0,1.0,mean_0.67,2,0.67,0.15,beta,none
City-A,T2,5x,1300.0,S1_CapRR,routine,M_routine,800,True,3,1889.7,1267.1,32.9,0.3295,0.0,mean_0.67,2,0.67,0.15,beta,none
City-A,T2,5x,1300.0,S1_CapRR,cross_regime,M_stress,800,True,3,1889.7,812.2,487.8,0.5702,0.0,mean_0.67,2,0.67,0.15,beta,none
City-A,T2,5x,1300.0,S2_Platform,routine,M_routine,800,True,4,1596.5,1646.3,0.0,0.0,1.0,mean_0.67,2,0.67,0.15,beta,none
City-A,T2,5x,1300.0,S2_Platform,cross_regime,M_stress,800,True,4,1596.5,1070.7,229.3,0.3293,0.0,mean_0.67,2,0.67,0.15,beta,none
City-A,T2,5x,1300.0,S3_Lin4,routine,M_routine,800,True,4,1612.1,1595.0,0.0,0.0106,1.0,mean_0.67,2,0.67,0.15,beta,none
City-A,T2,5x,1300.0,S3_Lin4,cross_regime,M_stress,800,True,4,1612.1,1062.0,238.0,0.3412,0.0,mean_0.67,2,0.67,0.15,beta,none
City-A,T2,5x,1300.0,S4_GlobalCalib,routine,M_routine,800,True,4,1649.8,1442.9,0.0,0.1254,1.0,mean_0.67,2,0.67,0.15,beta,none
City-A,T2,5x,1300.0,S4_GlobalCalib,cross_regime,M_stress,800,True,4,1649.8,1071.7,228.3,0.3504,0.0,mean_0.67,2,0.67,0.15,beta,none
City-A,T2,5x,1300.0,S5_CityCalib,routine,M_routine,800,True,4,1652.7,1442.9,0.0,0.1269,1.0,mean_0.67,2,0.67,0.15,beta,none
City-A,T2,5x,1300.0,S5_CityCalib,cross_regime,M_stress,800,True,4,1652.7,1071.7,228.3,0.3516,0.0,mean_0.67,2,0.67,0.15,beta,none
City-A,T2,5x,1300.0,S6_Q10,routine,M_routine,800,True,5,1390.1,1824.9,0.0,0.0,1.0,mean_0.67,2,0.67,0.15,beta,none
City-A,T2,5x,1300.0,S6_Q10,cross_regime,M_stress,800,True,5,1390.1,1362.1,0.0,0.0201,1.0,mean_0.67,2,0.67,0.15,beta,none
City-A,T2,10x,2600.0,S0a_RoutineOracle,routine,M_routine,800,True,7,2875.5,2875.5,0.0,0.0,1.0,mean_0.67,2,0.67,0.15,beta,none
City-A,T2,10x,2600.0,S0a_RoutineOracle,cross_regime,M_stress,800,True,7,2875.5,1776.7,823.3,0.3821,0.0,mean_0.67,2,0.67,0.15,beta,none
City-A,T2,10x,2600.0,S0b_StressOracle,routine,M_routine,800,True,10,2640.2,3450.7,0.0,0.0,1.0,mean_0.67,2,0.67,0.15,beta,none
City-A,T2,10x,2600.0,S0b_StressOracle,cross_regime,M_stress,800,True,10,2640.2,2640.2,0.0,0.0,1.0,mean_0.67,2,0.67,0.15,beta,none
City-A,T2,10x,2600.0,S1_CapRR,routine,M_routine,800,True,5,3037.3,1824.9,775.1,0.3992,0.0,mean_0.67,2,0.67,0.15,beta,none
City-A,T2,10x,2600.0,S1_CapRR,cross_regime,M_stress,800,True,5,3037.3,1362.1,1237.9,0.5515,0.0,mean_0.67,2,0.67,0.15,beta,none
City-A,T2,10x,2600.0,S2_Platform,routine,M_routine,800,True,7,2630.1,2619.7,0.0,0.004,1.0,mean_0.67,2,0.67,0.15,beta,none
City-A,T2,10x,2600.0,S2_Platform,cross_regime,M_stress,800,True,7,2630.1,1811.2,788.8,0.3114,0.0,mean_0.67,2,0.67,0.15,beta,none
City-A,T2,10x,2600.0,S3_Lin4,routine,M_routine,800,True,7,2662.2,2539.4,60.6,0.0461,0.0,mean_0.67,2,0.67,0.15,beta,none
City-A,T2,10x,2600.0,S3_Lin4,cross_regime,M_stress,800,True,7,2662.2,1849.9,750.1,0.3051,0.0,mean_0.67,2,0.67,0.15,beta,none
City-A,T2,10x,2600.0,S4_GlobalCalib,routine,M_routine,800,True,7,2728.2,2523.2,76.8,0.0751,0.0,mean_0.67,2,0.67,0.15,beta,none
City-A,T2,10x,2600.0,S4_GlobalCalib,cross_regime,M_stress,800,True,7,2728.2,1852.3,747.7,0.321,0.0,mean_0.67,2,0.67,0.15,beta,none
City-A,T2,10x,2600.0,S5_CityCalib,routine,M_routine,800,True,7,2733.5,2523.2,76.8,0.0769,0.0,mean_0.67,2,0.67,0.15,beta,none
City-A,T2,10x,2600.0,S5_CityCalib,cross_regime,M_stress,800,True,7,2733.5,1852.3,747.7,0.3224,0.0,mean_0.67,2,0.67,0.15,beta,none
City-A,T2,10x,2600.0,S6_Q10,routine,M_routine,800,True,11,2801.1,4098.6,0.0,0.0,1.0,mean_0.67,2,0.67,0.15,beta,none
City-A,T2,10x,2600.0,S6_Q10,cross_regime,M_stress,800,True,11,2801.1,2734.7,0.0,0.0237,1.0,mean_0.67,2,0.67,0.15,beta,none
City-A,T3,1x,200.0,S0a_RoutineOracle,routine,M_routine,800,True,1,517.8,517.8,0.0,0.0,1.0,mean_0.67,2,0.67,0.15,beta,none
City-A,T3,1x,200.0,S0a_RoutineOracle,cross_regime,M_stress,800,True,1,517.8,216.9,0.0,0.581,1.0,mean_0.67,2,0.67,0.15,beta,none
City-A,T3,1x,200.0,S0b_StressOracle,routine,M_routine,800,True,1,266.7,372.0,0.0,0.0,1.0,mean_0.67,2,0.67,0.15,beta,none
City-A,T3,1x,200.0,S0b_StressOracle,cross_regime,M_stress,800,True,1,266.7,266.7,0.0,0.0,1.0,mean_0.67,2,0.67,0.15,beta,none
City-A,T3,1x,200.0,S1_CapRR,routine,M_routine,800,True,1,596.8,517.8,0.0,0.1323,1.0,mean_0.67,2,0.67,0.15,beta,none
City-A,T3,1x,200.0,S1_CapRR,cross_regime,M_stress,800,True,1,596.8,216.9,0.0,0.6365,1.0,mean_0.67,2,0.67,0.15,beta,none
City-A,T3,1x,200.0,S2_Platform,routine,M_routine,800,True,1,470.7,517.8,0.0,0.0,1.0,mean_0.67,2,0.67,0.15,beta,none
City-A,T3,1x,200.0,S2_Platform,cross_regime,M_stress,800,True,1,470.7,216.9,0.0,0.5391,1.0,mean_0.67,2,0.67,0.15,beta,none
City-A,T3,1x,200.0,S3_Lin4,routine,M_routine,800,True,1,492.5,517.8,0.0,0.0,1.0,mean_0.67,2,0.67,0.15,beta,none
City-A,T3,1x,200.0,S3_Lin4,cross_regime,M_stress,800,True,1,492.5,216.9,0.0,0.5595,1.0,mean_0.67,2,0.67,0.15,beta,none
City-A,T3,1x,200.0,S4_GlobalCalib,routine,M_routine,800,True,1,402.3,517.8,0.0,0.0,1.0,mean_0.67,2,0.67,0.15,beta,none
City-A,T3,1x,200.0,S4_GlobalCalib,cross_regime,M_stress,800,True,1,402.3,216.9,0.0,0.4607,1.0,mean_0.67,2,0.67,0.15,beta,none
City-A,T3,1x,200.0,S5_CityCalib,routine,M_routine,800,True,1,397.4,517.8,0.0,0.0,1.0,mean_0.67,2,0.67,0.15,beta,none
City-A,T3,1x,200.0,S5_CityCalib,cross_regime,M_stress,800,True,1,397.4,216.9,0.0,0.4541,1.0,mean_0.67,2,0.67,0.15,beta,none
City-A,T3,1x,200.0,S6_Q10,routine,M_routine,800,True,1,275.6,517.8,0.0,0.0,1.0,mean_0.67,2,0.67,0.15,beta,none
City-A,T3,1x,200.0,S6_Q10,cross_regime,M_stress,800,True,1,275.6,216.9,0.0,0.2127,1.0,mean_0.67,2,0.67,0.15,beta,none
City-A,T3,2x,400.0,S0a_RoutineOracle,routine,M_routine,800,True,1,517.8,517.8,0.0,0.0,1.0,mean_0.67,2,0.67,0.15,beta,none
City-A,T3,2x,400.0,S0a_RoutineOracle,cross_regime,M_stress,800,True,1,517.8,216.9,183.1,0.581,0.0,mean_0.67,2,0.67,0.15,beta,none
City-A,T3,2x,400.0,S0b_StressOracle,routine,M_routine,800,True,2,508.0,717.1,0.0,0.0,1.0,mean_0.67,2,0.67,0.15,beta,none
City-A,T3,2x,400.0,S0b_StressOracle,cross_regime,M_stress,800,True,2,508.0,508.0,0.0,0.0,1.0,mean_0.67,2,0.67,0.15,beta,none
City-A,T3,2x,400.0,S1_CapRR,routine,M_routine,800,True,1,596.8,517.8,0.0,0.1323,1.0,mean_0.67,2,0.67,0.15,beta,none
City-A,T3,2x,400.0,S1_CapRR,cross_regime,M_stress,800,True,1,596.8,216.9,183.1,0.6365,0.0,mean_0.67,2,0.67,0.15,beta,none
City-A,T3,2x,400.0,S2_Platform,routine,M_routine,800,True,1,470.7,517.8,0.0,0.0,1.0,mean_0.67,2,0.67,0.15,beta,none
City-A,T3,2x,400.0,S2_Platform,cross_regime,M_stress,800,True,1,470.7,216.9,183.1,0.5391,0.0,mean_0.67,2,0.67,0.15,beta,none
City-A,T3,2x,400.0,S3_Lin4,routine,M_routine,800,True,1,492.5,517.8,0.0,0.0,1.0,mean_0.67,2,0.67,0.15,beta,none
City-A,T3,2x,400.0,S3_Lin4,cross_regime,M_stress,800,True,1,492.5,216.9,183.1,0.5595,0.0,mean_0.67,2,0.67,0.15,beta,none
City-A,T3,2x,400.0,S4_GlobalCalib,routine,M_routine,800,True,1,402.3,517.8,0.0,0.0,1.0,mean_0.67,2,0.67,0.15,beta,none
City-A,T3,2x,400.0,S4_GlobalCalib,cross_regime,M_stress,800,True,1,402.3,216.9,183.1,0.4607,0.0,mean_0.67,2,0.67,0.15,beta,none
City-A,T3,2x,400.0,S5_CityCalib,routine,M_routine,800,True,2,758.0,892.9,0.0,0.0,1.0,mean_0.67,2,0.67,0.15,beta,none
City-A,T3,2x,400.0,S5_CityCalib,cross_regime,M_stress,800,True,2,758.0,362.7,37.3,0.5215,0.0,mean_0.67,2,0.67,0.15,beta,none
City-A,T3,2x,400.0,S6_Q10,routine,M_routine,800,True,2,525.5,892.9,0.0,0.0,1.0,mean_0.67,2,0.67,0.15,beta,none
City-A,T3,2x,400.0,S6_Q10,cross_regime,M_stress,800,True,2,525.5,362.7,37.3,0.3097,0.0,mean_0.67,2,0.67,0.15,beta,none
City-A,T3,5x,1000.0,S0a_RoutineOracle,routine,M_routine,800,True,3,1335.9,1335.9,0.0,0.0,1.0,mean_0.67,2,0.67,0.15,beta,none
City-A,T3,5x,1000.0,S0a_RoutineOracle,cross_regime,M_stress,800,True,3,1335.9,529.2,470.8,0.6039,0.0,mean_0.67,2,0.67,0.15,beta,none
City-A,T3,5x,1000.0,S0b_StressOracle,routine,M_routine,800,True,5,1206.8,1672.3,0.0,0.0,1.0,mean_0.67,2,0.67,0.15,beta,none
City-A,T3,5x,1000.0,S0b_StressOracle,cross_regime,M_stress,800,True,5,1206.8,1206.8,0.0,0.0,1.0,mean_0.67,2,0.67,0.15,beta,none
City-A,T3,5x,1000.0,S1_CapRR,routine,M_routine,800,True,2,1138.1,892.9,107.1,0.2154,0.0,mean_0.67,2,0.67,0.15,beta,none
City-A,T3,5x,1000.0,S1_CapRR,cross_regime,M_stress,800,True,2,1138.1,362.7,637.3,0.6813,0.0,mean_0.67,2,0.67,0.15,beta,none
City-A,T3,5x,1000.0,S2_Platform,routine,M_routine,800,True,3,1264.8,1251.6,0.0,0.0104,1.0,mean_0.67,2,0.67,0.15,beta,none
City-A,T3,5x,1000.0,S2_Platform,cross_regime,M_stress,800,True,3,1264.8,724.8,275.2,0.4269,0.0,mean_0.67,2,0.67,0.15,beta,none
City-A,T3,5x,1000.0,S3_Lin4,routine,M_routine,800,True,3,1250.1,1165.2,0.0,0.0679,1.0,mean_0.67,2,0.67,0.15,beta,none
City-A,T3,5x,1000.0,S3_Lin4,cross_regime,M_stress,800,True,3,1250.1,655.6,344.4,0.4755,0.0,mean_0.67,2,0.67,0.15,beta,none
City-A,T3,5x,1000.0,S4_GlobalCalib,routine,M_routine,800,True,3,1120.7,1254.7,0.0,0.0,1.0,mean_0.67,2,0.67,0.15,beta,none
City-A,T3,5x,1000.0,S4_GlobalCalib,cross_regime,M_stress,800,True,3,1120.7,604.0,396.0,0.4611,0.0,mean_0.67,2,0.67,0.15,beta,none
City-A,T3,5x,1000.0,S5_CityCalib,routine,M_routine,800,True,3,1107.7,1254.7,0.0,0.0,1.0,mean_0.67,2,0.67,0.15,beta,none
City-A,T3,5x,1000.0,S5_CityCalib,cross_regime,M_stress,800,True,3,1107.7,604.0,396.0,0.4548,0.0,mean_0.67,2,0.67,0.15,beta,none
City-A,T3,5x,1000.0,S6_Q10,routine,M_routine,800,True,4,1004.4,1697.7,0.0,0.0,1.0,mean_0.67,2,0.67,0.15,beta,none
City-A,T3,5x,1000.0,S6_Q10,cross_regime,M_stress,800,True,4,1004.4,770.4,229.6,0.233,0.0,mean_0.67,2,0.67,0.15,beta,none
City-A,T3,10x,2000.0,S0a_RoutineOracle,routine,M_routine,800,True,5,2069.7,2069.7,0.0,0.0,1.0,mean_0.67,2,0.67,0.15,beta,none
City-A,T3,10x,2000.0,S0a_RoutineOracle,cross_regime,M_stress,800,True,5,2069.7,1037.1,962.9,0.4989,0.0,mean_0.67,2,0.67,0.15,beta,none
City-A,T3,10x,2000.0,S0b_StressOracle,routine,M_routine,800,True,9,2091.1,2918.7,0.0,0.0,1.0,mean_0.67,2,0.67,0.15,beta,none
City-A,T3,10x,2000.0,S0b_StressOracle,cross_regime,M_stress,800,True,9,2091.1,2091.1,0.0,0.0,1.0,mean_0.67,2,0.67,0.15,beta,none
City-A,T3,10x,2000.0,S1_CapRR,routine,M_routine,800,True,4,2175.3,1697.7,302.3,0.2196,0.0,mean_0.67,2,0.67,0.15,beta,none
City-A,T3,10x,2000.0,S1_CapRR,cross_regime,M_stress,800,True,4,2175.3,770.4,1229.6,0.6459,0.0,mean_0.67,2,0.67,0.15,beta,none
City-A,T3,10x,2000.0,S2_Platform,routine,M_routine,800,True,6,2357.9,2414.8,0.0,0.0,1.0,mean_0.67,2,0.67,0.15,beta,none
City-A,T3,10x,2000.0,S2_Platform,cross_regime,M_stress,800,True,6,2357.9,1278.4,721.6,0.4578,0.0,mean_0.67,2,0.67,0.15,beta,none
City-A,T3,10x,2000.0,S3_Lin4,routine,M_routine,800,True,6,2296.9,2355.3,0.0,0.0,1.0,mean_0.67,2,0.67,0.15,beta,none
City-A,T3,10x,2000.0,S3_Lin4,cross_regime,M_stress,800,True,6,2296.9,1234.5,765.5,0.4625,0.0,mean_0.67,2,0.67,0.15,beta,none
City-A,T3,10x,2000.0,S4_GlobalCalib,routine,M_routine,800,True,6,2114.7,2355.3,0.0,0.0,1.0,mean_0.67,2,0.67,0.15,beta,none
City-A,T3,10x,2000.0,S4_GlobalCalib,cross_regime,M_stress,800,True,6,2114.7,1234.5,765.5,0.4162,0.0,mean_0.67,2,0.67,0.15,beta,none
City-A,T3,10x,2000.0,S5_CityCalib,routine,M_routine,800,True,6,2091.2,2355.3,0.0,0.0,1.0,mean_0.67,2,0.67,0.15,beta,none
City-A,T3,10x,2000.0,S5_CityCalib,cross_regime,M_stress,800,True,6,2091.2,1234.5,765.5,0.4097,0.0,mean_0.67,2,0.67,0.15,beta,none
City-A,T3,10x,2000.0,S6_Q10,routine,M_routine,800,True,9,2077.7,3344.1,0.0,0.0,1.0,mean_0.67,2,0.67,0.15,beta,none
City-A,T3,10x,2000.0,S6_Q10,cross_regime,M_stress,800,True,9,2077.7,1795.8,204.2,0.1357,0.0,mean_0.67,2,0.67,0.15,beta,none
City-A,T4,1x,140.0,S0a_RoutineOracle,routine,M_routine,800,True,1,518.6,518.6,0.0,0.0,1.0,mean_0.67,2,0.67,0.15,beta,none
City-A,T4,1x,140.0,S0a_RoutineOracle,cross_regime,M_stress,800,True,1,518.6,232.3,0.0,0.552,1.0,mean_0.67,2,0.67,0.15,beta,none
City-A,T4,1x,140.0,S0b_StressOracle,routine,M_routine,800,True,1,334.0,381.4,0.0,0.0,1.0,mean_0.67,2,0.67,0.15,beta,none
City-A,T4,1x,140.0,S0b_StressOracle,cross_regime,M_stress,800,True,1,334.0,334.0,0.0,0.0,1.0,mean_0.67,2,0.67,0.15,beta,none
City-A,T4,1x,140.0,S1_CapRR,routine,M_routine,800,True,1,678.2,347.0,0.0,0.4883,1.0,mean_0.67,2,0.67,0.15,beta,none
City-A,T4,1x,140.0,S1_CapRR,cross_regime,M_stress,800,True,1,678.2,314.0,0.0,0.537,1.0,mean_0.67,2,0.67,0.15,beta,none
City-A,T4,1x,140.0,S2_Platform,routine,M_routine,800,True,1,299.2,518.6,0.0,0.0,1.0,mean_0.67,2,0.67,0.15,beta,none
City-A,T4,1x,140.0,S2_Platform,cross_regime,M_stress,800,True,1,299.2,232.3,0.0,0.2236,1.0,mean_0.67,2,0.67,0.15,beta,none
City-A,T4,1x,140.0,S3_Lin4,routine,M_routine,800,True,1,494.5,347.0,0.0,0.2982,1.0,mean_0.67,2,0.67,0.15,beta,none
City-A,T4,1x,140.0,S3_Lin4,cross_regime,M_stress,800,True,1,494.5,314.0,0.0,0.365,1.0,mean_0.67,2,0.67,0.15,beta,none
City-A,T4,1x,140.0,S4_GlobalCalib,routine,M_routine,800,True,1,457.1,347.0,0.0,0.2408,1.0,mean_0.67,2,0.67,0.15,beta,none
City-A,T4,1x,140.0,S4_GlobalCalib,cross_regime,M_stress,800,True,1,457.1,314.0,0.0,0.3131,1.0,mean_0.67,2,0.67,0.15,beta,none
City-A,T4,1x,140.0,S5_CityCalib,routine,M_routine,800,True,1,454.4,347.0,0.0,0.2364,1.0,mean_0.67,2,0.67,0.15,beta,none
City-A,T4,1x,140.0,S5_CityCalib,cross_regime,M_stress,800,True,1,454.4,314.0,0.0,0.309,1.0,mean_0.67,2,0.67,0.15,beta,none
City-A,T4,1x,140.0,S6_Q10,routine,M_routine,800,True,1,313.9,347.0,0.0,0.0,1.0,mean_0.67,2,0.67,0.15,beta,none
City-A,T4,1x,140.0,S6_Q10,cross_regime,M_stress,800,True,1,313.9,314.0,0.0,0.0,1.0,mean_0.67,2,0.67,0.15,beta,none
City-A,T4,2x,280.0,S0a_RoutineOracle,routine,M_routine,800,True,1,518.6,518.6,0.0,0.0,1.0,mean_0.67,2,0.67,0.15,beta,none
City-A,T4,2x,280.0,S0a_RoutineOracle,cross_regime,M_stress,800,True,1,518.6,232.3,47.7,0.552,0.0,mean_0.67,2,0.67,0.15,beta,none
City-A,T4,2x,280.0,S0b_StressOracle,routine,M_routine,800,True,1,334.0,381.4,0.0,0.0,1.0,mean_0.67,2,0.67,0.15,beta,none
City-A,T4,2x,280.0,S0b_StressOracle,cross_regime,M_stress,800,True,1,334.0,334.0,0.0,0.0,1.0,mean_0.67,2,0.67,0.15,beta,none
City-A,T4,2x,280.0,S1_CapRR,routine,M_routine,800,True,1,678.2,347.0,0.0,0.4883,1.0,mean_0.67,2,0.67,0.15,beta,none
City-A,T4,2x,280.0,S1_CapRR,cross_regime,M_stress,800,True,1,678.2,314.0,0.0,0.537,1.0,mean_0.67,2,0.67,0.15,beta,none
City-A,T4,2x,280.0,S2_Platform,routine,M_routine,800,True,1,299.2,518.6,0.0,0.0,1.0,mean_0.67,2,0.67,0.15,beta,none
City-A,T4,2x,280.0,S2_Platform,cross_regime,M_stress,800,True,1,299.2,232.3,47.7,0.2236,0.0,mean_0.67,2,0.67,0.15,beta,none
City-A,T4,2x,280.0,S3_Lin4,routine,M_routine,800,True,1,494.5,347.0,0.0,0.2982,1.0,mean_0.67,2,0.67,0.15,beta,none
City-A,T4,2x,280.0,S3_Lin4,cross_regime,M_stress,800,True,1,494.5,314.0,0.0,0.365,1.0,mean_0.67,2,0.67,0.15,beta,none
City-A,T4,2x,280.0,S4_GlobalCalib,routine,M_routine,800,True,1,457.1,347.0,0.0,0.2408,1.0,mean_0.67,2,0.67,0.15,beta,none
City-A,T4,2x,280.0,S4_GlobalCalib,cross_regime,M_stress,800,True,1,457.1,314.0,0.0,0.3131,1.0,mean_0.67,2,0.67,0.15,beta,none
City-A,T4,2x,280.0,S5_CityCalib,routine,M_routine,800,True,1,454.4,347.0,0.0,0.2364,1.0,mean_0.67,2,0.67,0.15,beta,none
City-A,T4,2x,280.0,S5_CityCalib,cross_regime,M_stress,800,True,1,454.4,314.0,0.0,0.309,1.0,mean_0.67,2,0.67,0.15,beta,none
City-A,T4,2x,280.0,S6_Q10,routine,M_routine,800,True,1,313.9,347.0,0.0,0.0,1.0,mean_0.67,2,0.67,0.15,beta,none
City-A,T4,2x,280.0,S6_Q10,cross_regime,M_stress,800,True,1,313.9,314.0,0.0,0.0,1.0,mean_0.67,2,0.67,0.15,beta,none
City-A,T4,5x,700.0,S0a_RoutineOracle,routine,M_routine,800,True,2,975.4,975.4,0.0,0.0,1.0,mean_0.67,2,0.67,0.15,beta,none
City-A,T4,5x,700.0,S0a_RoutineOracle,cross_regime,M_stress,800,True,2,975.4,491.2,208.8,0.4964,0.0,mean_0.67,2,0.67,0.15,beta,none
City-A,T4,5x,700.0,S0b_StressOracle,routine,M_routine,800,True,3,925.5,934.9,0.0,0.0,1.0,mean_0.67,2,0.67,0.15,beta,none
City-A,T4,5x,700.0,S0b_StressOracle,cross_regime,M_stress,800,True,3,925.5,925.5,0.0,0.0,1.0,mean_0.67,2,0.67,0.15,beta,none
City-A,T4,5x,700.0,S1_CapRR,routine,M_routine,800,True,2,1293.4,865.6,0.0,0.3307,1.0,mean_0.67,2,0.67,0.15,beta,none
City-A,T4,5x,700.0,S1_CapRR,cross_regime,M_stress,800,True,2,1293.4,546.3,153.7,0.5776,0.0,mean_0.67,2,0.67,0.15,beta,none
City-A,T4,5x,700.0,S2_Platform,routine,M_routine,800,True,3,870.0,908.1,0.0,0.0,1.0,mean_0.67,2,0.67,0.15,beta,none
City-A,T4,5x,700.0,S2_Platform,cross_regime,M_stress,800,True,3,870.0,725.7,0.0,0.1659,1.0,mean_0.67,2,0.67,0.15,beta,none
City-A,T4,5x,700.0,S3_Lin4,routine,M_routine,800,True,2,883.5,728.5,0.0,0.1755,1.0,mean_0.67,2,0.67,0.15,beta,none
City-A,T4,5x,700.0,S3_Lin4,cross_regime,M_stress,800,True,2,883.5,648.0,52.0,0.2666,0.0,mean_0.67,2,0.67,0.15,beta,none
City-A,T4,5x,700.0,S4_GlobalCalib,routine,M_routine,800,True,2,871.6,865.6,0.0,0.0069,1.0,mean_0.67,2,0.67,0.15,beta,none
City-A,T4,5x,700.0,S4_GlobalCalib,cross_regime,M_stress,800,True,2,871.6,546.3,153.7,0.3732,0.0,mean_0.67,2,0.67,0.15,beta,none
City-A,T4,5x,700.0,S5_CityCalib,routine,M_routine,800,True,2,866.7,865.6,0.0,0.0013,1.0,mean_0.67,2,0.67,0.15,beta,none
City-A,T4,5x,700.0,S5_CityCalib,cross_regime,M_stress,800,True,2,866.7,546.3,153.7,0.3697,0.0,mean_0.67,2,0.67,0.15,beta,none
City-A,T4,5x,700.0,S6_Q10,routine,M_routine,800,True,3,874.6,1247.1,0.0,0.0,1.0,mean_0.67,2,0.67,0.15,beta,none
City-A,T4,5x,700.0,S6_Q10,cross_regime,M_stress,800,True,3,874.6,880.3,0.0,0.0,1.0,mean_0.67,2,0.67,0.15,beta,none
City-A,T4,10x,1400.0,S0a_RoutineOracle,routine,M_routine,800,True,4,1744.1,1744.1,0.0,0.0,1.0,mean_0.67,2,0.67,0.15,beta,none
City-A,T4,10x,1400.0,S0a_RoutineOracle,cross_regime,M_stress,800,True,4,1744.1,1066.2,333.8,0.3887,0.0,mean_0.67,2,0.67,0.15,beta,none
City-A,T4,10x,1400.0,S0b_StressOracle,routine,M_routine,800,True,5,1474.4,1479.6,0.0,0.0,1.0,mean_0.67,2,0.67,0.15,beta,none
City-A,T4,10x,1400.0,S0b_StressOracle,cross_regime,M_stress,800,True,5,1474.4,1474.4,0.0,0.0,1.0,mean_0.67,2,0.67,0.15,beta,none
City-A,T4,10x,1400.0,S1_CapRR,routine,M_routine,800,True,3,1889.7,1247.1,152.9,0.3401,0.0,mean_0.67,2,0.67,0.15,beta,none
City-A,T4,10x,1400.0,S1_CapRR,cross_regime,M_stress,800,True,3,1889.7,880.3,519.7,0.5341,0.0,mean_0.67,2,0.67,0.15,beta,none
City-A,T4,10x,1400.0,S2_Platform,routine,M_routine,800,True,5,1424.2,1416.0,0.0,0.0058,1.0,mean_0.67,2,0.67,0.15,beta,none
City-A,T4,10x,1400.0,S2_Platform,cross_regime,M_stress,800,True,5,1424.2,1077.3,322.7,0.2435,0.0,mean_0.67,2,0.67,0.15,beta,none
City-A,T4,10x,1400.0,S3_Lin4,routine,M_routine,800,True,4,1631.1,1703.9,0.0,0.0,1.0,mean_0.67,2,0.67,0.15,beta,none
City-A,T4,10x,1400.0,S3_Lin4,cross_regime,M_stress,800,True,4,1631.1,1139.2,260.8,0.3016,0.0,mean_0.67,2,0.67,0.15,beta,none
City-A,T4,10x,1400.0,S4_GlobalCalib,routine,M_routine,800,True,4,1665.8,1487.8,0.0,0.1069,1.0,mean_0.67,2,0.67,0.15,beta,none
City-A,T4,10x,1400.0,S4_GlobalCalib,cross_regime,M_stress,800,True,4,1665.8,1152.1,247.9,0.3084,0.0,mean_0.67,2,0.67,0.15,beta,none
City-A,T4,10x,1400.0,S5_CityCalib,routine,M_routine,800,True,4,1656.7,1487.8,0.0,0.1019,1.0,mean_0.67,2,0.67,0.15,beta,none
City-A,T4,10x,1400.0,S5_CityCalib,cross_regime,M_stress,800,True,4,1656.7,1152.1,247.9,0.3046,0.0,mean_0.67,2,0.67,0.15,beta,none
City-A,T4,10x,1400.0,S6_Q10,routine,M_routine,800,True,5,1405.8,1720.2,0.0,0.0,1.0,mean_0.67,2,0.67,0.15,beta,none
City-A,T4,10x,1400.0,S6_Q10,cross_regime,M_stress,800,True,5,1405.8,1428.4,0.0,0.0,1.0,mean_0.67,2,0.67,0.15,beta,none
City-A,T5,1x,160.0,S0a_RoutineOracle,routine,M_routine,800,True,1,480.1,480.1,0.0,0.0,1.0,mean_0.67,2,0.67,0.15,beta,none
City-A,T5,1x,160.0,S0a_RoutineOracle,cross_regime,M_stress,800,True,1,480.1,303.2,0.0,0.3685,1.0,mean_0.67,2,0.67,0.15,beta,none
City-A,T5,1x,160.0,S0b_StressOracle,routine,M_routine,800,True,1,303.2,480.1,0.0,0.0,1.0,mean_0.67,2,0.67,0.15,beta,none
City-A,T5,1x,160.0,S0b_StressOracle,cross_regime,M_stress,800,True,1,303.2,303.2,0.0,0.0,1.0,mean_0.67,2,0.67,0.15,beta,none
City-A,T5,1x,160.0,S1_CapRR,routine,M_routine,800,True,1,596.8,480.1,0.0,0.1955,1.0,mean_0.67,2,0.67,0.15,beta,none
City-A,T5,1x,160.0,S1_CapRR,cross_regime,M_stress,800,True,1,596.8,303.2,0.0,0.492,1.0,mean_0.67,2,0.67,0.15,beta,none
City-A,T5,1x,160.0,S2_Platform,routine,M_routine,800,True,1,485.5,480.1,0.0,0.0111,1.0,mean_0.67,2,0.67,0.15,beta,none
City-A,T5,1x,160.0,S2_Platform,cross_regime,M_stress,800,True,1,485.5,303.2,0.0,0.3755,1.0,mean_0.67,2,0.67,0.15,beta,none
City-A,T5,1x,160.0,S3_Lin4,routine,M_routine,800,True,1,487.8,480.1,0.0,0.0157,1.0,mean_0.67,2,0.67,0.15,beta,none
City-A,T5,1x,160.0,S3_Lin4,cross_regime,M_stress,800,True,1,487.8,303.2,0.0,0.3785,1.0,mean_0.67,2,0.67,0.15,beta,none
City-A,T5,1x,160.0,S4_GlobalCalib,routine,M_routine,800,True,1,399.2,480.1,0.0,0.0,1.0,mean_0.67,2,0.67,0.15,beta,none
City-A,T5,1x,160.0,S4_GlobalCalib,cross_regime,M_stress,800,True,1,399.2,303.2,0.0,0.2406,1.0,mean_0.67,2,0.67,0.15,beta,none
City-A,T5,1x,160.0,S5_CityCalib,routine,M_routine,800,True,1,397.8,480.1,0.0,0.0,1.0,mean_0.67,2,0.67,0.15,beta,none
City-A,T5,1x,160.0,S5_CityCalib,cross_regime,M_stress,800,True,1,397.8,303.2,0.0,0.2378,1.0,mean_0.67,2,0.67,0.15,beta,none
City-A,T5,1x,160.0,S6_Q10,routine,M_routine,800,True,1,273.2,480.1,0.0,0.0,1.0,mean_0.67,2,0.67,0.15,beta,none
City-A,T5,1x,160.0,S6_Q10,cross_regime,M_stress,800,True,1,273.2,303.2,0.0,0.0,1.0,mean_0.67,2,0.67,0.15,beta,none
City-A,T5,2x,320.0,S0a_RoutineOracle,routine,M_routine,800,True,1,480.1,480.1,0.0,0.0,1.0,mean_0.67,2,0.67,0.15,beta,none
City-A,T5,2x,320.0,S0a_RoutineOracle,cross_regime,M_stress,800,True,1,480.1,303.2,16.8,0.3685,0.0,mean_0.67,2,0.67,0.15,beta,none
City-A,T5,2x,320.0,S0b_StressOracle,routine,M_routine,800,True,2,591.3,887.5,0.0,0.0,1.0,mean_0.67,2,0.67,0.15,beta,none
City-A,T5,2x,320.0,S0b_StressOracle,cross_regime,M_stress,800,True,2,591.3,591.3,0.0,0.0,1.0,mean_0.67,2,0.67,0.15,beta,none
City-A,T5,2x,320.0,S1_CapRR,routine,M_routine,800,True,1,596.8,480.1,0.0,0.1955,1.0,mean_0.67,2,0.67,0.15,beta,none
City-A,T5,2x,320.0,S1_CapRR,cross_regime,M_stress,800,True,1,596.8,303.2,16.8,0.492,0.0,mean_0.67,2,0.67,0.15,beta,none
City-A,T5,2x,320.0,S2_Platform,routine,M_routine,800,True,1,485.5,480.1,0.0,0.0111,1.0,mean_0.67,2,0.67,0.15,beta,none
City-A,T5,2x,320.0,S2_Platform,cross_regime,M_stress,800,True,1,485.5,303.2,16.8,0.3755,0.0,mean_0.67,2,0.67,0.15,beta,none
City-A,T5,2x,320.0,S3_Lin4,routine,M_routine,800,True,1,487.8,480.1,0.0,0.0157,1.0,mean_0.67,2,0.67,0.15,beta,none
City-A,T5,2x,320.0,S3_Lin4,cross_regime,M_stress,800,True,1,487.8,303.2,16.8,0.3785,0.0,mean_0.67,2,0.67,0.15,beta,none
City-A,T5,2x,320.0,S4_GlobalCalib,routine,M_routine,800,True,1,399.2,480.1,0.0,0.0,1.0,mean_0.67,2,0.67,0.15,beta,none
City-A,T5,2x,320.0,S4_GlobalCalib,cross_regime,M_stress,800,True,1,399.2,303.2,16.8,0.2406,0.0,mean_0.67,2,0.67,0.15,beta,none
City-A,T5,2x,320.0,S5_CityCalib,routine,M_routine,800,True,1,397.8,480.1,0.0,0.0,1.0,mean_0.67,2,0.67,0.15,beta,none
City-A,T5,2x,320.0,S5_CityCalib,cross_regime,M_stress,800,True,1,397.8,303.2,16.8,0.2378,0.0,mean_0.67,2,0.67,0.15,beta,none
City-A,T5,2x,320.0,S6_Q10,routine,M_routine,800,True,2,521.1,726.5,0.0,0.0,1.0,mean_0.67,2,0.67,0.15,beta,none
City-A,T5,2x,320.0,S6_Q10,cross_regime,M_stress,800,True,2,521.1,473.6,0.0,0.0911,1.0,mean_0.67,2,0.67,0.15,beta,none
City-A,T5,5x,800.0,S0a_RoutineOracle,routine,M_routine,800,True,2,887.5,887.5,0.0,0.0,1.0,mean_0.67,2,0.67,0.15,beta,none
City-A,T5,5x,800.0,S0a_RoutineOracle,cross_regime,M_stress,800,True,2,887.5,591.3,208.7,0.3337,0.0,mean_0.67,2,0.67,0.15,beta,none
City-A,T5,5x,800.0,S0b_StressOracle,routine,M_routine,800,True,3,844.8,1167.6,0.0,0.0,1.0,mean_0.67,2,0.67,0.15,beta,none
City-A,T5,5x,800.0,S0b_StressOracle,cross_regime,M_stress,800,True,3,844.8,844.8,0.0,0.0,1.0,mean_0.67,2,0.67,0.15,beta,none
City-A,T5,5x,800.0,S1_CapRR,routine,M_routine,800,True,2,1138.1,726.5,73.5,0.3617,0.0,mean_0.67,2,0.67,0.15,beta,none
City-A,T5,5x,800.0,S1_CapRR,cross_regime,M_stress,800,True,2,1138.1,473.6,326.4,0.5839,0.0,mean_0.67,2,0.67,0.15,beta,none
City-A,T5,5x,800.0,S2_Platform,routine,M_routine,800,True,2,897.6,887.5,0.0,0.0113,1.0,mean_0.67,2,0.67,0.15,beta,none
City-A,T5,5x,800.0,S2_Platform,cross_regime,M_stress,800,True,2,897.6,591.3,208.7,0.3412,0.0,mean_0.67,2,0.67,0.15,beta,none
City-A,T5,5x,800.0,S3_Lin4,routine,M_routine,800,True,2,865.1,686.8,113.2,0.2061,0.0,mean_0.67,2,0.67,0.15,beta,none
City-A,T5,5x,800.0,S3_Lin4,cross_regime,M_stress,800,True,2,865.1,521.7,278.3,0.3969,0.0,mean_0.67,2,0.67,0.15,beta,none
City-A,T5,5x,800.0,S4_GlobalCalib,routine,M_routine,800,True,3,1112.2,933.1,0.0,0.161,1.0,mean_0.67,2,0.67,0.15,beta,none
City-A,T5,5x,800.0,S4_GlobalCalib,cross_regime,M_stress,800,True,3,1112.2,692.1,107.9,0.3777,0.0,mean_0.67,2,0.67,0.15,beta,none
City-A,T5,5x,800.0,S5_CityCalib,routine,M_routine,800,True,3,1108.5,933.1,0.0,0.1582,1.0,mean_0.67,2,0.67,0.15,beta,none
City-A,T5,5x,800.0,S5_CityCalib,cross_regime,M_stress,800,True,3,1108.5,692.1,107.9,0.3756,0.0,mean_0.67,2,0.67,0.15,beta,none
City-A,T5,5x,800.0,S6_Q10,routine,M_routine,800,True,4,995.9,1333.0,0.0,0.0,1.0,mean_0.67,2,0.67,0.15,beta,none
City-A,T5,5x,800.0,S6_Q10,cross_regime,M_stress,800,True,4,995.9,908.4,0.0,0.0879,1.0,mean_0.67,2,0.67,0.15,beta,none
City-A,T5,10x,1600.0,S0a_RoutineOracle,routine,M_routine,800,True,4,1667.9,1667.9,0.0,0.0,1.0,mean_0.67,2,0.67,0.15,beta,none
City-A,T5,10x,1600.0,S0a_RoutineOracle,cross_regime,M_stress,800,True,4,1667.9,1020.4,579.6,0.3882,0.0,mean_0.67,2,0.67,0.15,beta,none
City-A,T5,10x,1600.0,S0b_StressOracle,routine,M_routine,800,True,7,1769.2,2284.9,0.0,0.0,1.0,mean_0.67,2,0.67,0.15,beta,none
City-A,T5,10x,1600.0,S0b_StressOracle,cross_regime,M_stress,800,True,7,1769.2,1769.2,0.0,0.0,1.0,mean_0.67,2,0.67,0.15,beta,none
City-A,T5,10x,1600.0,S1_CapRR,routine,M_routine,800,True,3,1662.9,933.1,666.9,0.4388,0.0,mean_0.67,2,0.67,0.15,beta,none
City-A,T5,10x,1600.0,S1_CapRR,cross_regime,M_stress,800,True,3,1662.9,692.1,907.9,0.5838,0.0,mean_0.67,2,0.67,0.15,beta,none
City-A,T5,10x,1600.0,S2_Platform,routine,M_routine,800,True,4,1696.8,1494.0,106.0,0.1195,0.0,mean_0.67,2,0.67,0.15,beta,none
City-A,T5,10x,1600.0,S2_Platform,cross_regime,M_stress,800,True,4,1696.8,1026.1,573.9,0.3953,0.0,mean_0.67,2,0.67,0.15,beta,none
City-A,T5,10x,1600.0,S3_Lin4,routine,M_routine,800,True,5,1931.9,1688.7,0.0,0.1259,1.0,mean_0.67,2,0.67,0.15,beta,none
City-A,T5,10x,1600.0,S3_Lin4,cross_regime,M_stress,800,True,5,1931.9,1106.4,493.6,0.4273,0.0,mean_0.67,2,0.67,0.15,beta,none
City-A,T5,10x,1600.0,S4_GlobalCalib,routine,M_routine,800,True,5,1787.6,1740.3,0.0,0.0264,1.0,mean_0.67,2,0.67,0.15,beta,none
City-A,T5,10x,1600.0,S4_GlobalCalib,cross_regime,M_stress,800,True,5,1787.6,1196.5,403.5,0.3306,0.0,mean_0.67,2,0.67,0.15,beta,none
City-A,T5,10x,1600.0,S5_CityCalib,routine,M_routine,800,True,5,1782.0,1740.3,0.0,0.0234,1.0,mean_0.67,2,0.67,0.15,beta,none
City-A,T5,10x,1600.0,S5_CityCalib,cross_regime,M_stress,800,True,5,1782.0,1196.5,403.5,0.3285,0.0,mean_0.67,2,0.67,0.15,beta,none
City-A,T5,10x,1600.0,S6_Q10,routine,M_routine,800,True,7,1646.9,2362.6,0.0,0.0,1.0,mean_0.67,2,0.67,0.15,beta,none
City-A,T5,10x,1600.0,S6_Q10,cross_regime,M_stress,800,True,7,1646.9,1648.0,0.0,0.0,1.0,mean_0.67,2,0.67,0.15,beta,none
City-B,T1,1x,180.0,S0a_RoutineOracle,routine,M_routine,500,True,1,698.0,698.0,0.0,0.0,1.0,mean_0.67,2,0.67,0.15,beta,none
City-B,T1,1x,180.0,S0a_RoutineOracle,cross_regime,M_stress,500,True,1,698.0,346.0,0.0,0.5044,1.0,mean_0.67,2,0.67,0.15,beta,none
City-B,T1,1x,180.0,S0b_StressOracle,routine,M_routine,500,True,1,446.8,433.6,0.0,0.0294,1.0,mean_0.67,2,0.67,0.15,beta,none
City-B,T1,1x,180.0,S0b_StressOracle,cross_regime,M_stress,500,True,1,446.8,446.8,0.0,0.0,1.0,mean_0.67,2,0.67,0.15,beta,none
City-B,T1,1x,180.0,S1_CapRR,routine,M_routine,500,True,1,846.0,698.0,0.0,0.175,1.0,mean_0.67,2,0.67,0.15,beta,none
City-B,T1,1x,180.0,S1_CapRR,cross_regime,M_stress,500,True,1,846.0,346.0,0.0,0.5911,1.0,mean_0.67,2,0.67,0.15,beta,none
City-B,T1,1x,180.0,S2_Platform,routine,M_routine,500,True,1,561.1,541.4,0.0,0.0352,1.0,mean_0.67,2,0.67,0.15,beta,none
City-B,T1,1x,180.0,S2_Platform,cross_regime,M_stress,500,True,1,561.1,305.9,0.0,0.4548,1.0,mean_0.67,2,0.67,0.15,beta,none
City-B,T1,1x,180.0,S3_Lin4,routine,M_routine,500,True,1,473.3,694.9,0.0,0.0,1.0,mean_0.67,2,0.67,0.15,beta,none
City-B,T1,1x,180.0,S3_Lin4,cross_regime,M_stress,500,True,1,473.3,335.4,0.0,0.2913,1.0,mean_0.67,2,0.67,0.15,beta,none
City-B,T1,1x,180.0,S4_GlobalCalib,routine,M_routine,500,True,1,571.5,698.0,0.0,0.0,1.0,mean_0.67,2,0.67,0.15,beta,none
City-B,T1,1x,180.0,S4_GlobalCalib,cross_regime,M_stress,500,True,1,571.5,346.0,0.0,0.3946,1.0,mean_0.67,2,0.67,0.15,beta,none
City-B,T1,1x,180.0,S5_CityCalib,routine,M_routine,500,True,1,572.7,698.0,0.0,0.0,1.0,mean_0.67,2,0.67,0.15,beta,none
City-B,T1,1x,180.0,S5_CityCalib,cross_regime,M_stress,500,True,1,572.7,346.0,0.0,0.3959,1.0,mean_0.67,2,0.67,0.15,beta,none
City-B,T1,1x,180.0,S6_Q10,routine,M_routine,500,True,1,390.1,698.0,0.0,0.0,1.0,mean_0.67,2,0.67,0.15,beta,none
City-B,T1,1x,180.0,S6_Q10,cross_regime,M_stress,500,True,1,390.1,346.0,0.0,0.1133,1.0,mean_0.67,2,0.67,0.15,beta,none
City-B,T1,2x,360.0,S0a_RoutineOracle,routine,M_routine,500,True,1,698.0,698.0,0.0,0.0,1.0,mean_0.67,2,0.67,0.15,beta,none
City-B,T1,2x,360.0,S0a_RoutineOracle,cross_regime,M_stress,500,True,1,698.0,346.0,14.0,0.5044,0.0,mean_0.67,2,0.67,0.15,beta,none
City-B,T1,2x,360.0,S0b_StressOracle,routine,M_routine,500,True,1,446.8,433.6,0.0,0.0294,1.0,mean_0.67,2,0.67,0.15,beta,none
City-B,T1,2x,360.0,S0b_StressOracle,cross_regime,M_stress,500,True,1,446.8,446.8,0.0,0.0,1.0,mean_0.67,2,0.67,0.15,beta,none
City-B,T1,2x,360.0,S1_CapRR,routine,M_routine,500,True,1,846.0,698.0,0.0,0.175,1.0,mean_0.67,2,0.67,0.15,beta,none
City-B,T1,2x,360.0,S1_CapRR,cross_regime,M_stress,500,True,1,846.0,346.0,14.0,0.5911,0.0,mean_0.67,2,0.67,0.15,beta,none
City-B,T1,2x,360.0,S2_Platform,routine,M_routine,500,True,1,561.1,541.4,0.0,0.0352,1.0,mean_0.67,2,0.67,0.15,beta,none
City-B,T1,2x,360.0,S2_Platform,cross_regime,M_stress,500,True,1,561.1,305.9,54.1,0.4548,0.0,mean_0.67,2,0.67,0.15,beta,none
City-B,T1,2x,360.0,S3_Lin4,routine,M_routine,500,True,1,473.3,694.9,0.0,0.0,1.0,mean_0.67,2,0.67,0.15,beta,none
City-B,T1,2x,360.0,S3_Lin4,cross_regime,M_stress,500,True,1,473.3,335.4,24.6,0.2913,0.0,mean_0.67,2,0.67,0.15,beta,none
City-B,T1,2x,360.0,S4_GlobalCalib,routine,M_routine,500,True,1,571.5,698.0,0.0,0.0,1.0,mean_0.67,2,0.67,0.15,beta,none
City-B,T1,2x,360.0,S4_GlobalCalib,cross_regime,M_stress,500,True,1,571.5,346.0,14.0,0.3946,0.0,mean_0.67,2,0.67,0.15,beta,none
City-B,T1,2x,360.0,S5_CityCalib,routine,M_routine,500,True,1,572.7,698.0,0.0,0.0,1.0,mean_0.67,2,0.67,0.15,beta,none
City-B,T1,2x,360.0,S5_CityCalib,cross_regime,M_stress,500,True,1,572.7,346.0,14.0,0.3959,0.0,mean_0.67,2,0.67,0.15,beta,none
City-B,T1,2x,360.0,S6_Q10,routine,M_routine,500,True,1,390.1,698.0,0.0,0.0,1.0,mean_0.67,2,0.67,0.15,beta,none
City-B,T1,2x,360.0,S6_Q10,cross_regime,M_stress,500,True,1,390.1,346.0,14.0,0.1133,0.0,mean_0.67,2,0.67,0.15,beta,none
City-B,T1,5x,900.0,S0a_RoutineOracle,routine,M_routine,500,True,2,1392.9,1392.9,0.0,0.0,1.0,mean_0.67,2,0.67,0.15,beta,none
City-B,T1,5x,900.0,S0a_RoutineOracle,cross_regime,M_stress,500,True,2,1392.9,681.4,218.6,0.5108,0.0,mean_0.67,2,0.67,0.15,beta,none
City-B,T1,5x,900.0,S0b_StressOracle,routine,M_routine,500,True,3,1128.1,1826.5,0.0,0.0,1.0,mean_0.67,2,0.67,0.15,beta,none
City-B,T1,5x,900.0,S0b_StressOracle,cross_regime,M_stress,500,True,3,1128.1,1128.1,0.0,0.0,1.0,mean_0.67,2,0.67,0.15,beta,none
City-B,T1,5x,900.0,S1_CapRR,routine,M_routine,500,True,2,1688.0,1131.6,0.0,0.3296,1.0,mean_0.67,2,0.67,0.15,beta,none
City-B,T1,5x,900.0,S1_CapRR,cross_regime,M_stress,500,True,2,1688.0,792.7,107.3,0.5304,0.0,mean_0.67,2,0.67,0.15,beta,none
City-B,T1,5x,900.0,S2_Platform,routine,M_routine,500,True,2,1112.3,1236.3,0.0,0.0,1.0,mean_0.67,2,0.67,0.15,beta,none
City-B,T1,5x,900.0,S2_Platform,cross_regime,M_stress,500,True,2,1112.3,641.4,258.6,0.4234,0.0,mean_0.67,2,0.67,0.15,beta,none
City-B,T1,5x,900.0,S3_Lin4,routine,M_routine,500,True,2,940.4,1236.3,0.0,0.0,1.0,mean_0.67,2,0.67,0.15,beta,none
City-B,T1,5x,900.0,S3_Lin4,cross_regime,M_stress,500,True,2,940.4,641.4,258.6,0.318,0.0,mean_0.67,2,0.67,0.15,beta,none
City-B,T1,5x,900.0,S4_GlobalCalib,routine,M_routine,500,True,2,1140.2,1131.6,0.0,0.0076,1.0,mean_0.67,2,0.67,0.15,beta,none
City-B,T1,5x,900.0,S4_GlobalCalib,cross_regime,M_stress,500,True,2,1140.2,792.7,107.3,0.3048,0.0,mean_0.67,2,0.67,0.15,beta,none
City-B,T1,5x,900.0,S5_CityCalib,routine,M_routine,500,True,2,1142.6,1131.6,0.0,0.0096,1.0,mean_0.67,2,0.67,0.15,beta,none
City-B,T1,5x,900.0,S5_CityCalib,cross_regime,M_stress,500,True,2,1142.6,792.7,107.3,0.3062,0.0,mean_0.67,2,0.67,0.15,beta,none
City-B,T1,5x,900.0,S6_Q10,routine,M_routine,500,True,3,1155.0,1826.5,0.0,0.0,1.0,mean_0.67,2,0.67,0.15,beta,none
City-B,T1,5x,900.0,S6_Q10,cross_regime,M_stress,500,True,3,1155.0,1128.1,0.0,0.0232,1.0,mean_0.67,2,0.67,0.15,beta,none
City-B,T1,10x,1800.0,S0a_RoutineOracle,routine,M_routine,500,True,3,1934.3,1934.3,0.0,0.0,1.0,mean_0.67,2,0.67,0.15,beta,none
City-B,T1,10x,1800.0,S0a_RoutineOracle,cross_regime,M_stress,500,True,3,1934.3,987.3,812.7,0.4896,0.0,mean_0.67,2,0.67,0.15,beta,none
City-B,T1,10x,1800.0,S0b_StressOracle,routine,M_routine,500,True,6,2067.2,3252.8,0.0,0.0,1.0,mean_0.67,2,0.67,0.15,beta,none
City-B,T1,10x,1800.0,S0b_StressOracle,cross_regime,M_stress,500,True,6,2067.2,2067.2,0.0,0.0,1.0,mean_0.67,2,0.67,0.15,beta,none
City-B,T1,10x,1800.0,S1_CapRR,routine,M_routine,500,True,3,2504.5,1826.5,0.0,0.2707,1.0,mean_0.67,2,0.67,0.15,beta,none
City-B,T1,10x,1800.0,S1_CapRR,cross_regime,M_stress,500,True,3,2504.5,1128.1,671.9,0.5496,0.0,mean_0.67,2,0.67,0.15,beta,none
City-B,T1,10x,1800.0,S2_Platform,routine,M_routine,500,True,4,2163.2,2367.9,0.0,0.0,1.0,mean_0.67,2,0.67,0.15,beta,none
City-B,T1,10x,1800.0,S2_Platform,cross_regime,M_stress,500,True,4,2163.2,1434.1,365.9,0.337,0.0,mean_0.67,2,0.67,0.15,beta,none
City-B,T1,10x,1800.0,S3_Lin4,routine,M_routine,500,True,4,1863.8,2367.9,0.0,0.0,1.0,mean_0.67,2,0.67,0.15,beta,none
City-B,T1,10x,1800.0,S3_Lin4,cross_regime,M_stress,500,True,4,1863.8,1434.1,365.9,0.2306,0.0,mean_0.67,2,0.67,0.15,beta,none
City-B,T1,10x,1800.0,S4_GlobalCalib,routine,M_routine,500,True,4,2231.3,2367.9,0.0,0.0,1.0,mean_0.67,2,0.67,0.15,beta,none
City-B,T1,10x,1800.0,S4_GlobalCalib,cross_regime,M_stress,500,True,4,2231.3,1434.1,365.9,0.3573,0.0,mean_0.67,2,0.67,0.15,beta,none
City-B,T1,10x,1800.0,S5_CityCalib,routine,M_routine,500,True,4,2235.8,2367.9,0.0,0.0,1.0,mean_0.67,2,0.67,0.15,beta,none
City-B,T1,10x,1800.0,S5_CityCalib,cross_regime,M_stress,500,True,4,2235.8,1434.1,365.9,0.3586,0.0,mean_0.67,2,0.67,0.15,beta,none
City-B,T1,10x,1800.0,S6_Q10,routine,M_routine,500,True,5,1845.6,2889.4,0.0,0.0,1.0,mean_0.67,2,0.67,0.15,beta,none
City-B,T1,10x,1800.0,S6_Q10,cross_regime,M_stress,500,True,5,1845.6,1758.8,41.2,0.047,0.0,mean_0.67,2,0.67,0.15,beta,none
City-B,T2,1x,260.0,S0a_RoutineOracle,routine,M_routine,500,True,1,712.1,712.1,0.0,0.0,1.0,mean_0.67,2,0.67,0.15,beta,none
City-B,T2,1x,260.0,S0a_RoutineOracle,cross_regime,M_stress,500,True,1,712.1,257.1,2.9,0.6389,0.0,mean_0.67,2,0.67,0.15,beta,none
City-B,T2,1x,260.0,S0b_StressOracle,routine,M_routine,500,True,1,412.1,479.5,0.0,0.0,1.0,mean_0.67,2,0.67,0.15,beta,none
City-B,T2,1x,260.0,S0b_StressOracle,cross_regime,M_stress,500,True,1,412.1,412.1,0.0,0.0,1.0,mean_0.67,2,0.67,0.15,beta,none
City-B,T2,1x,260.0,S1_CapRR,routine,M_routine,500,True,1,846.0,653.0,0.0,0.2281,1.0,mean_0.67,2,0.67,0.15,beta,none
City-B,T2,1x,260.0,S1_CapRR,cross_regime,M_stress,500,True,1,846.0,205.9,54.1,0.7566,0.0,mean_0.67,2,0.67,0.15,beta,none
City-B,T2,1x,260.0,S2_Platform,routine,M_routine,500,True,1,557.0,479.5,0.0,0.1392,1.0,mean_0.67,2,0.67,0.15,beta,none
City-B,T2,1x,260.0,S2_Platform,cross_regime,M_stress,500,True,1,557.0,412.1,0.0,0.2601,1.0,mean_0.67,2,0.67,0.15,beta,none
City-B,T2,1x,260.0,S3_Lin4,routine,M_routine,500,True,1,465.1,712.1,0.0,0.0,1.0,mean_0.67,2,0.67,0.15,beta,none
City-B,T2,1x,260.0,S3_Lin4,cross_regime,M_stress,500,True,1,465.1,257.1,2.9,0.4471,0.0,mean_0.67,2,0.67,0.15,beta,none
City-B,T2,1x,260.0,S4_GlobalCalib,routine,M_routine,500,True,1,564.6,653.0,0.0,0.0,1.0,mean_0.67,2,0.67,0.15,beta,none
City-B,T2,1x,260.0,S4_GlobalCalib,cross_regime,M_stress,500,True,1,564.6,205.9,54.1,0.6353,0.0,mean_0.67,2,0.67,0.15,beta,none
City-B,T2,1x,260.0,S5_CityCalib,routine,M_routine,500,True,1,566.1,653.0,0.0,0.0,1.0,mean_0.67,2,0.67,0.15,beta,none
City-B,T2,1x,260.0,S5_CityCalib,cross_regime,M_stress,500,True,1,566.1,205.9,54.1,0.6362,0.0,mean_0.67,2,0.67,0.15,beta,none
City-B,T2,1x,260.0,S6_Q10,routine,M_routine,500,True,1,387.2,653.0,0.0,0.0,1.0,mean_0.67,2,0.67,0.15,beta,none
City-B,T2,1x,260.0,S6_Q10,cross_regime,M_stress,500,True,1,387.2,205.9,54.1,0.4682,0.0,mean_0.67,2,0.67,0.15,beta,none
City-B,T2,2x,520.0,S0a_RoutineOracle,routine,M_routine,500,True,1,712.1,712.1,0.0,0.0,1.0,mean_0.67,2,0.67,0.15,beta,none
City-B,T2,2x,520.0,S0a_RoutineOracle,cross_regime,M_stress,500,True,1,712.1,257.1,262.9,0.6389,0.0,mean_0.67,2,0.67,0.15,beta,none
City-B,T2,2x,520.0,S0b_StressOracle,routine,M_routine,500,True,2,728.5,913.2,0.0,0.0,1.0,mean_0.67,2,0.67,0.15,beta,none
City-B,T2,2x,520.0,S0b_StressOracle,cross_regime,M_stress,500,True,2,728.5,728.5,0.0,0.0,1.0,mean_0.67,2,0.67,0.15,beta,none
City-B,T2,2x,520.0,S1_CapRR,routine,M_routine,500,True,1,846.0,653.0,0.0,0.2281,1.0,mean_0.67,2,0.67,0.15,beta,none
City-B,T2,2x,520.0,S1_CapRR,cross_regime,M_stress,500,True,1,846.0,205.9,314.1,0.7566,0.0,mean_0.67,2,0.67,0.15,beta,none
City-B,T2,2x,520.0,S2_Platform,routine,M_routine,500,True,1,557.0,479.5,40.5,0.1392,0.0,mean_0.67,2,0.67,0.15,beta,none
City-B,T2,2x,520.0,S2_Platform,cross_regime,M_stress,500,True,1,557.0,412.1,107.9,0.2601,0.0,mean_0.67,2,0.67,0.15,beta,none
City-B,T2,2x,520.0,S3_Lin4,routine,M_routine,500,True,2,924.0,1191.6,0.0,0.0,1.0,mean_0.67,2,0.67,0.15,beta,none
City-B,T2,2x,520.0,S3_Lin4,cross_regime,M_stress,500,True,2,924.0,669.3,0.0,0.2757,1.0,mean_0.67,2,0.67,0.15,beta,none
City-B,T2,2x,520.0,S4_GlobalCalib,routine,M_routine,500,True,1,564.6,653.0,0.0,0.0,1.0,mean_0.67,2,0.67,0.15,beta,none
City-B,T2,2x,520.0,S4_GlobalCalib,cross_regime,M_stress,500,True,1,564.6,205.9,314.1,0.6353,0.0,mean_0.67,2,0.67,0.15,beta,none
City-B,T2,2x,520.0,S5_CityCalib,routine,M_routine,500,True,1,566.1,653.0,0.0,0.0,1.0,mean_0.67,2,0.67,0.15,beta,none
City-B,T2,2x,520.0,S5_CityCalib,cross_regime,M_stress,500,True,1,566.1,205.9,314.1,0.6362,0.0,mean_0.67,2,0.67,0.15,beta,none
City-B,T2,2x,520.0,S6_Q10,routine,M_routine,500,True,2,772.5,1232.7,0.0,0.0,1.0,mean_0.67,2,0.67,0.15,beta,none
City-B,T2,2x,520.0,S6_Q10,cross_regime,M_stress,500,True,2,772.5,510.4,9.6,0.3393,0.0,mean_0.67,2,0.67,0.15,beta,none
City-B,T2,5x,1300.0,S0a_RoutineOracle,routine,M_routine,500,True,2,1365.1,1365.1,0.0,0.0,1.0,mean_0.67,2,0.67,0.15,beta,none
City-B,T2,5x,1300.0,S0a_RoutineOracle,cross_regime,M_stress,500,True,2,1365.1,463.1,836.9,0.6608,0.0,mean_0.67,2,0.67,0.15,beta,none
City-B,T2,5x,1300.0,S0b_StressOracle,routine,M_routine,500,True,4,1348.2,1920.8,0.0,0.0,1.0,mean_0.67,2,0.67,0.15,beta,none
City-B,T2,5x,1300.0,S0b_StressOracle,cross_regime,M_stress,500,True,4,1348.2,1348.2,0.0,0.0,1.0,mean_0.67,2,0.67,0.15,beta,none
City-B,T2,5x,1300.0,S1_CapRR,routine,M_routine,500,True,2,1688.0,1232.7,67.3,0.2697,0.0,mean_0.67,2,0.67,0.15,beta,none
City-B,T2,5x,1300.0,S1_CapRR,cross_regime,M_stress,500,True,2,1688.0,510.4,789.6,0.6976,0.0,mean_0.67,2,0.67,0.15,beta,none
City-B,T2,5x,1300.0,S2_Platform,routine,M_routine,500,True,3,1630.3,1771.3,0.0,0.0,1.0,mean_0.67,2,0.67,0.15,beta,none
City-B,T2,5x,1300.0,S2_Platform,cross_regime,M_stress,500,True,3,1630.3,973.7,326.3,0.4027,0.0,mean_0.67,2,0.67,0.15,beta,none
City-B,T2,5x,1300.0,S3_Lin4,routine,M_routine,500,True,3,1379.1,1844.6,0.0,0.0,1.0,mean_0.67,2,0.67,0.15,beta,none
City-B,T2,5x,1300.0,S3_Lin4,cross_regime,M_stress,500,True,3,1379.1,875.2,424.8,0.3654,0.0,mean_0.67,2,0.67,0.15,beta,none
City-B,T2,5x,1300.0,S4_GlobalCalib,routine,M_routine,500,True,3,1671.4,1944.8,0.0,0.0,1.0,mean_0.67,2,0.67,0.15,beta,none
City-B,T2,5x,1300.0,S4_GlobalCalib,cross_regime,M_stress,500,True,3,1671.4,767.5,532.5,0.5408,0.0,mean_0.67,2,0.67,0.15,beta,none
City-B,T2,5x,1300.0,S5_CityCalib,routine,M_routine,500,True,3,1675.7,1944.8,0.0,0.0,1.0,mean_0.67,2,0.67,0.15,beta,none
City-B,T2,5x,1300.0,S5_CityCalib,cross_regime,M_stress,500,True,3,1675.7,767.5,532.5,0.542,0.0,mean_0.67,2,0.67,0.15,beta,none
City-B,T2,5x,1300.0,S6_Q10,routine,M_routine,500,True,4,1511.8,2424.3,0.0,0.0,1.0,mean_0.67,2,0.67,0.15,beta,none
City-B,T2,5x,1300.0,S6_Q10,cross_regime,M_stress,500,True,4,1511.8,1179.7,120.3,0.2197,0.0,mean_0.67,2,0.67,0.15,beta,none
City-B,T2,10x,2600.0,S0a_RoutineOracle,routine,M_routine,500,True,5,3067.6,3067.6,0.0,0.0,1.0,mean_0.67,2,0.67,0.15,beta,none
City-B,T2,10x,2600.0,S0a_RoutineOracle,cross_regime,M_stress,500,True,5,3067.6,1296.5,1303.5,0.5774,0.0,mean_0.67,2,0.67,0.15,beta,none
City-B,T2,10x,2600.0,S0b_StressOracle,routine,M_routine,500,True,9,2729.8,3813.4,0.0,0.0,1.0,mean_0.67,2,0.67,0.15,beta,none
City-B,T2,10x,2600.0,S0b_StressOracle,cross_regime,M_stress,500,True,9,2729.8,2729.8,0.0,0.0,1.0,mean_0.67,2,0.67,0.15,beta,none
City-B,T2,10x,2600.0,S1_CapRR,routine,M_routine,500,True,4,3303.2,2424.3,175.7,0.2661,0.0,mean_0.67,2,0.67,0.15,beta,none
City-B,T2,10x,2600.0,S1_CapRR,cross_regime,M_stress,500,True,4,3303.2,1179.7,1420.3,0.6429,0.0,mean_0.67,2,0.67,0.15,beta,none
City-B,T2,10x,2600.0,S2_Platform,routine,M_routine,500,True,6,2974.4,3394.2,0.0,0.0,1.0,mean_0.67,2,0.67,0.15,beta,none
City-B,T2,10x,2600.0,S2_Platform,cross_regime,M_stress,500,True,6,2974.4,1685.4,914.6,0.4333,0.0,mean_0.67,2,0.67,0.15,beta,none
City-B,T2,10x,2600.0,S3_Lin4,routine,M_routine,500,True,6,2601.5,3394.2,0.0,0.0,1.0,mean_0.67,2,0.67,0.15,beta,none
City-B,T2,10x,2600.0,S3_Lin4,cross_regime,M_stress,500,True,6,2601.5,1685.4,914.6,0.3521,0.0,mean_0.67,2,0.67,0.15,beta,none
City-B,T2,10x,2600.0,S4_GlobalCalib,routine,M_routine,500,True,5,2670.8,2983.3,0.0,0.0,1.0,mean_0.67,2,0.67,0.15,beta,none
City-B,T2,10x,2600.0,S4_GlobalCalib,cross_regime,M_stress,500,True,5,2670.8,1463.8,1136.2,0.4519,0.0,mean_0.67,2,0.67,0.15,beta,none
City-B,T2,10x,2600.0,S5_CityCalib,routine,M_routine,500,True,5,2677.7,2983.3,0.0,0.0,1.0,mean_0.67,2,0.67,0.15,beta,none
City-B,T2,10x,2600.0,S5_CityCalib,cross_regime,M_stress,500,True,5,2677.7,1463.8,1136.2,0.4533,0.0,mean_0.67,2,0.67,0.15,beta,none
City-B,T2,10x,2600.0,S6_Q10,routine,M_routine,500,True,8,2675.7,4332.8,0.0,0.0,1.0,mean_0.67,2,0.67,0.15,beta,none
City-B,T2,10x,2600.0,S6_Q10,cross_regime,M_stress,500,True,8,2675.7,2182.2,417.8,0.1845,0.0,mean_0.67,2,0.67,0.15,beta,none
City-B,T3,1x,200.0,S0a_RoutineOracle,routine,M_routine,500,True,1,575.0,575.0,0.0,0.0,1.0,mean_0.67,2,0.67,0.15,beta,none
City-B,T3,1x,200.0,S0a_RoutineOracle,cross_regime,M_stress,500,True,1,575.0,288.0,0.0,0.4991,1.0,mean_0.67,2,0.67,0.15,beta,none
City-B,T3,1x,200.0,S0b_StressOracle,routine,M_routine,500,True,1,377.0,325.2,0.0,0.1373,1.0,mean_0.67,2,0.67,0.15,beta,none
City-B,T3,1x,200.0,S0b_StressOracle,cross_regime,M_stress,500,True,1,377.0,377.0,0.0,0.0,1.0,mean_0.67,2,0.67,0.15,beta,none
City-B,T3,1x,200.0,S1_CapRR,routine,M_routine,500,True,1,744.5,327.1,0.0,0.5606,1.0,mean_0.67,2,0.67,0.15,beta,none
City-B,T3,1x,200.0,S1_CapRR,cross_regime,M_stress,500,True,1,744.5,142.4,57.6,0.8088,0.0,mean_0.67,2,0.67,0.15,beta,none
City-B,T3,1x,200.0,S2_Platform,routine,M_routine,500,True,1,543.2,476.6,0.0,0.1226,1.0,mean_0.67,2,0.67,0.15,beta,none
City-B,T3,1x,200.0,S2_Platform,cross_regime,M_stress,500,True,1,543.2,342.4,0.0,0.3695,1.0,mean_0.67,2,0.67,0.15,beta,none
City-B,T3,1x,200.0,S3_Lin4,routine,M_routine,500,True,1,461.5,325.2,0.0,0.2952,1.0,mean_0.67,2,0.67,0.15,beta,none
City-B,T3,1x,200.0,S3_Lin4,cross_regime,M_stress,500,True,1,461.5,377.0,0.0,0.183,1.0,mean_0.67,2,0.67,0.15,beta,none
City-B,T3,1x,200.0,S4_GlobalCalib,routine,M_routine,500,True,1,502.2,327.1,0.0,0.3486,1.0,mean_0.67,2,0.67,0.15,beta,none
City-B,T3,1x,200.0,S4_GlobalCalib,cross_regime,M_stress,500,True,1,502.2,142.4,57.6,0.7165,0.0,mean_0.67,2,0.67,0.15,beta,none
City-B,T3,1x,200.0,S5_CityCalib,routine,M_routine,500,True,1,507.7,327.1,0.0,0.3557,1.0,mean_0.67,2,0.67,0.15,beta,none
City-B,T3,1x,200.0,S5_CityCalib,cross_regime,M_stress,500,True,1,507.7,142.4,57.6,0.7196,0.0,mean_0.67,2,0.67,0.15,beta,none
City-B,T3,1x,200.0,S6_Q10,routine,M_routine,500,True,1,343.7,327.1,0.0,0.0484,1.0,mean_0.67,2,0.67,0.15,beta,none
City-B,T3,1x,200.0,S6_Q10,cross_regime,M_stress,500,True,1,343.7,142.4,57.6,0.5858,0.0,mean_0.67,2,0.67,0.15,beta,none
City-B,T3,2x,400.0,S0a_RoutineOracle,routine,M_routine,500,True,1,575.0,575.0,0.0,0.0,1.0,mean_0.67,2,0.67,0.15,beta,none
City-B,T3,2x,400.0,S0a_RoutineOracle,cross_regime,M_stress,500,True,1,575.0,288.0,112.0,0.4991,0.0,mean_0.67,2,0.67,0.15,beta,none
City-B,T3,2x,400.0,S0b_StressOracle,routine,M_routine,500,True,2,719.4,801.8,0.0,0.0,1.0,mean_0.67,2,0.67,0.15,beta,none
City-B,T3,2x,400.0,S0b_StressOracle,cross_regime,M_stress,500,True,2,719.4,719.4,0.0,0.0,1.0,mean_0.67,2,0.67,0.15,beta,none
City-B,T3,2x,400.0,S1_CapRR,routine,M_routine,500,True,1,744.5,327.1,72.9,0.5606,0.0,mean_0.67,2,0.67,0.15,beta,none
City-B,T3,2x,400.0,S1_CapRR,cross_regime,M_stress,500,True,1,744.5,142.4,257.6,0.8088,0.0,mean_0.67,2,0.67,0.15,beta,none
City-B,T3,2x,400.0,S2_Platform,routine,M_routine,500,True,1,543.2,476.6,0.0,0.1226,1.0,mean_0.67,2,0.67,0.15,beta,none
City-B,T3,2x,400.0,S2_Platform,cross_regime,M_stress,500,True,1,543.2,342.4,57.6,0.3695,0.0,mean_0.67,2,0.67,0.15,beta,none
City-B,T3,2x,400.0,S3_Lin4,routine,M_routine,500,True,1,461.5,325.2,74.8,0.2952,0.0,mean_0.67,2,0.67,0.15,beta,none
City-B,T3,2x,400.0,S3_Lin4,cross_regime,M_stress,500,True,1,461.5,377.0,23.0,0.183,0.0,mean_0.67,2,0.67,0.15,beta,none
City-B,T3,2x,400.0,S4_GlobalCalib,routine,M_routine,500,True,1,502.2,327.1,72.9,0.3486,0.0,mean_0.67,2,0.67,0.15,beta,none
City-B,T3,2x,400.0,S4_GlobalCalib,cross_regime,M_stress,500,True,1,502.2,142.4,257.6,0.7165,0.0,mean_0.67,2,0.67,0.15,beta,none
City-B,T3,2x,400.0,S5_CityCalib,routine,M_routine,500,True,1,507.7,327.1,72.9,0.3557,0.0,mean_0.67,2,0.67,0.15,beta,none
City-B,T3,2x,400.0,S5_CityCalib,cross_regime,M_stress,500,True,1,507.7,142.4,257.6,0.7196,0.0,mean_0.67,2,0.67,0.15,beta,none
City-B,T3,2x,400.0,S6_Q10,routine,M_routine,500,True,2,685.8,803.7,0.0,0.0,1.0,mean_0.67,2,0.67,0.15,beta,none
City-B,T3,2x,400.0,S6_Q10,cross_regime,M_stress,500,True,2,685.8,484.8,0.0,0.2931,1.0,mean_0.67,2,0.67,0.15,beta,none
City-B,T3,5x,1000.0,S0a_RoutineOracle,routine,M_routine,500,True,2,1063.1,1063.1,0.0,0.0,1.0,mean_0.67,2,0.67,0.15,beta,none
City-B,T3,5x,1000.0,S0a_RoutineOracle,cross_regime,M_stress,500,True,2,1063.1,565.9,434.1,0.4677,0.0,mean_0.67,2,0.67,0.15,beta,none
City-B,T3,5x,1000.0,S0b_StressOracle,routine,M_routine,500,True,3,1028.5,1281.6,0.0,0.0,1.0,mean_0.67,2,0.67,0.15,beta,none
City-B,T3,5x,1000.0,S0b_StressOracle,cross_regime,M_stress,500,True,3,1028.5,1028.5,0.0,0.0,1.0,mean_0.67,2,0.67,0.15,beta,none
City-B,T3,5x,1000.0,S1_CapRR,routine,M_routine,500,True,2,1485.4,803.7,196.3,0.4589,0.0,mean_0.67,2,0.67,0.15,beta,none
City-B,T3,5x,1000.0,S1_CapRR,cross_regime,M_stress,500,True,2,1485.4,484.8,515.2,0.6736,0.0,mean_0.67,2,0.67,0.15,beta,none
City-B,T3,5x,1000.0,S2_Platform,routine,M_routine,500,True,2,1048.0,801.8,198.2,0.2349,0.0,mean_0.67,2,0.67,0.15,beta,none
City-B,T3,5x,1000.0,S2_Platform,cross_regime,M_stress,500,True,2,1048.0,719.4,280.6,0.3135,0.0,mean_0.67,2,0.67,0.15,beta,none
City-B,T3,5x,1000.0,S3_Lin4,routine,M_routine,500,True,3,1364.8,1227.4,0.0,0.1007,1.0,mean_0.67,2,0.67,0.15,beta,none
City-B,T3,5x,1000.0,S3_Lin4,cross_regime,M_stress,500,True,3,1364.8,807.4,192.6,0.4084,0.0,mean_0.67,2,0.67,0.15,beta,none
City-B,T3,5x,1000.0,S4_GlobalCalib,routine,M_routine,500,True,2,1001.9,803.7,196.3,0.1978,0.0,mean_0.67,2,0.67,0.15,beta,none
City-B,T3,5x,1000.0,S4_GlobalCalib,cross_regime,M_stress,500,True,2,1001.9,484.8,515.2,0.5161,0.0,mean_0.67,2,0.67,0.15,beta,none
City-B,T3,5x,1000.0,S5_CityCalib,routine,M_routine,500,True,2,1013.0,803.7,196.3,0.2066,0.0,mean_0.67,2,0.67,0.15,beta,none
City-B,T3,5x,1000.0,S5_CityCalib,cross_regime,M_stress,500,True,2,1013.0,484.8,515.2,0.5214,0.0,mean_0.67,2,0.67,0.15,beta,none
City-B,T3,5x,1000.0,S6_Q10,routine,M_routine,500,True,3,1017.6,1128.9,0.0,0.0,1.0,mean_0.67,2,0.67,0.15,beta,none
City-B,T3,5x,1000.0,S6_Q10,cross_regime,M_stress,500,True,3,1017.6,861.8,138.2,0.1531,0.0,mean_0.67,2,0.67,0.15,beta,none
City-B,T3,10x,2000.0,S0a_RoutineOracle,routine,M_routine,500,True,4,2019.5,2019.5,0.0,0.0,1.0,mean_0.67,2,0.67,0.15,beta,none
City-B,T3,10x,2000.0,S0a_RoutineOracle,cross_regime,M_stress,500,True,4,2019.5,1217.4,782.6,0.3972,0.0,mean_0.67,2,0.67,0.15,beta,none
City-B,T3,10x,2000.0,S0b_StressOracle,routine,M_routine,500,True,7,2201.1,3024.4,0.0,0.0,1.0,mean_0.67,2,0.67,0.15,beta,none
City-B,T3,10x,2000.0,S0b_StressOracle,cross_regime,M_stress,500,True,7,2201.1,2201.1,0.0,0.0,1.0,mean_0.67,2,0.67,0.15,beta,none
City-B,T3,10x,2000.0,S1_CapRR,routine,M_routine,500,True,3,2203.9,1128.9,871.1,0.4878,0.0,mean_0.67,2,0.67,0.15,beta,none
City-B,T3,10x,2000.0,S1_CapRR,cross_regime,M_stress,500,True,3,2203.9,861.8,1138.2,0.609,0.0,mean_0.67,2,0.67,0.15,beta,none
City-B,T3,10x,2000.0,S2_Platform,routine,M_routine,500,True,5,2307.7,2028.2,0.0,0.1211,1.0,mean_0.67,2,0.67,0.15,beta,none
City-B,T3,10x,2000.0,S2_Platform,cross_regime,M_stress,500,True,5,2307.7,1464.5,535.5,0.3654,0.0,mean_0.67,2,0.67,0.15,beta,none
City-B,T3,10x,2000.0,S3_Lin4,routine,M_routine,500,True,5,2190.9,2026.4,0.0,0.0751,1.0,mean_0.67,2,0.67,0.15,beta,none
City-B,T3,10x,2000.0,S3_Lin4,cross_regime,M_stress,500,True,5,2190.9,1356.5,643.5,0.3808,0.0,mean_0.67,2,0.67,0.15,beta,none
City-B,T3,10x,2000.0,S4_GlobalCalib,routine,M_routine,500,True,5,2375.1,2192.1,0.0,0.0771,1.0,mean_0.67,2,0.67,0.15,beta,none
City-B,T3,10x,2000.0,S4_GlobalCalib,cross_regime,M_stress,500,True,5,2375.1,1427.7,572.3,0.3989,0.0,mean_0.67,2,0.67,0.15,beta,none
City-B,T3,10x,2000.0,S5_CityCalib,routine,M_routine,500,True,5,2400.9,2192.1,0.0,0.087,1.0,mean_0.67,2,0.67,0.15,beta,none
City-B,T3,10x,2000.0,S5_CityCalib,cross_regime,M_stress,500,True,5,2400.9,1427.7,572.3,0.4054,0.0,mean_0.67,2,0.67,0.15,beta,none
City-B,T3,10x,2000.0,S6_Q10,routine,M_routine,500,True,7,2138.2,2826.0,0.0,0.0,1.0,mean_0.67,2,0.67,0.15,beta,none
City-B,T3,10x,2000.0,S6_Q10,cross_regime,M_stress,500,True,7,2138.2,1871.3,128.7,0.1248,0.0,mean_0.67,2,0.67,0.15,beta,none
City-B,T4,1x,140.0,S0a_RoutineOracle,routine,M_routine,500,True,1,644.5,644.5,0.0,0.0,1.0,mean_0.67,2,0.67,0.15,beta,none
City-B,T4,1x,140.0,S0a_RoutineOracle,cross_regime,M_stress,500,True,1,644.5,343.6,0.0,0.4669,1.0,mean_0.67,2,0.67,0.15,beta,none
City-B,T4,1x,140.0,S0b_StressOracle,routine,M_routine,500,True,1,504.1,594.1,0.0,0.0,1.0,mean_0.67,2,0.67,0.15,beta,none
City-B,T4,1x,140.0,S0b_StressOracle,cross_regime,M_stress,500,True,1,504.1,504.1,0.0,0.0,1.0,mean_0.67,2,0.67,0.15,beta,none
City-B,T4,1x,140.0,S1_CapRR,routine,M_routine,500,True,1,846.0,534.7,0.0,0.3679,1.0,mean_0.67,2,0.67,0.15,beta,none
City-B,T4,1x,140.0,S1_CapRR,cross_regime,M_stress,500,True,1,846.0,289.6,0.0,0.6577,1.0,mean_0.67,2,0.67,0.15,beta,none
City-B,T4,1x,140.0,S2_Platform,routine,M_routine,500,True,1,480.1,534.7,0.0,0.0,1.0,mean_0.67,2,0.67,0.15,beta,none
City-B,T4,1x,140.0,S2_Platform,cross_regime,M_stress,500,True,1,480.1,289.6,0.0,0.3967,1.0,mean_0.67,2,0.67,0.15,beta,none
City-B,T4,1x,140.0,S3_Lin4,routine,M_routine,500,True,1,472.5,644.5,0.0,0.0,1.0,mean_0.67,2,0.67,0.15,beta,none
City-B,T4,1x,140.0,S3_Lin4,cross_regime,M_stress,500,True,1,472.5,343.6,0.0,0.2728,1.0,mean_0.67,2,0.67,0.15,beta,none
City-B,T4,1x,140.0,S4_GlobalCalib,routine,M_routine,500,True,1,570.5,534.7,0.0,0.0626,1.0,mean_0.67,2,0.67,0.15,beta,none
City-B,T4,1x,140.0,S4_GlobalCalib,cross_regime,M_stress,500,True,1,570.5,289.6,0.0,0.4923,1.0,mean_0.67,2,0.67,0.15,beta,none
City-B,T4,1x,140.0,S5_CityCalib,routine,M_routine,500,True,1,575.3,534.7,0.0,0.0705,1.0,mean_0.67,2,0.67,0.15,beta,none
City-B,T4,1x,140.0,S5_CityCalib,cross_regime,M_stress,500,True,1,575.3,289.6,0.0,0.4966,1.0,mean_0.67,2,0.67,0.15,beta,none
City-B,T4,1x,140.0,S6_Q10,routine,M_routine,500,True,1,391.6,534.7,0.0,0.0,1.0,mean_0.67,2,0.67,0.15,beta,none
City-B,T4,1x,140.0,S6_Q10,cross_regime,M_stress,500,True,1,391.6,289.6,0.0,0.2604,1.0,mean_0.67,2,0.67,0.15,beta,none
City-B,T4,2x,280.0,S0a_RoutineOracle,routine,M_routine,500,True,1,644.5,644.5,0.0,0.0,1.0,mean_0.67,2,0.67,0.15,beta,none
City-B,T4,2x,280.0,S0a_RoutineOracle,cross_regime,M_stress,500,True,1,644.5,343.6,0.0,0.4669,1.0,mean_0.67,2,0.67,0.15,beta,none
City-B,T4,2x,280.0,S0b_StressOracle,routine,M_routine,500,True,1,504.1,594.1,0.0,0.0,1.0,mean_0.67,2,0.67,0.15,beta,none
City-B,T4,2x,280.0,S0b_StressOracle,cross_regime,M_stress,500,True,1,504.1,504.1,0.0,0.0,1.0,mean_0.67,2,0.67,0.15,beta,none
City-B,T4,2x,280.0,S1_CapRR,routine,M_routine,500,True,1,846.0,534.7,0.0,0.3679,1.0,mean_0.67,2,0.67,0.15,beta,none
City-B,T4,2x,280.0,S1_CapRR,cross_regime,M_stress,500,True,1,846.0,289.6,0.0,0.6577,1.0,mean_0.67,2,0.67,0.15,beta,none
City-B,T4,2x,280.0,S2_Platform,routine,M_routine,500,True,1,480.1,534.7,0.0,0.0,1.0,mean_0.67,2,0.67,0.15,beta,none
City-B,T4,2x,280.0,S2_Platform,cross_regime,M_stress,500,True,1,480.1,289.6,0.0,0.3967,1.0,mean_0.67,2,0.67,0.15,beta,none
City-B,T4,2x,280.0,S3_Lin4,routine,M_routine,500,True,1,472.5,644.5,0.0,0.0,1.0,mean_0.67,2,0.67,0.15,beta,none
City-B,T4,2x,280.0,S3_Lin4,cross_regime,M_stress,500,True,1,472.5,343.6,0.0,0.2728,1.0,mean_0.67,2,0.67,0.15,beta,none
City-B,T4,2x,280.0,S4_GlobalCalib,routine,M_routine,500,True,1,570.5,534.7,0.0,0.0626,1.0,mean_0.67,2,0.67,0.15,beta,none
City-B,T4,2x,280.0,S4_GlobalCalib,cross_regime,M_stress,500,True,1,570.5,289.6,0.0,0.4923,1.0,mean_0.67,2,0.67,0.15,beta,none
City-B,T4,2x,280.0,S5_CityCalib,routine,M_routine,500,True,1,575.3,534.7,0.0,0.0705,1.0,mean_0.67,2,0.67,0.15,beta,none
City-B,T4,2x,280.0,S5_CityCalib,cross_regime,M_stress,500,True,1,575.3,289.6,0.0,0.4966,1.0,mean_0.67,2,0.67,0.15,beta,none
City-B,T4,2x,280.0,S6_Q10,routine,M_routine,500,True,1,391.6,534.7,0.0,0.0,1.0,mean_0.67,2,0.67,0.15,beta,none
City-B,T4,2x,280.0,S6_Q10,cross_regime,M_stress,500,True,1,391.6,289.6,0.0,0.2604,1.0,mean_0.67,2,0.67,0.15,beta,none
City-B,T4,5x,700.0,S0a_RoutineOracle,routine,M_routine,500,True,2,1238.6,1238.6,0.0,0.0,1.0,mean_0.67,2,0.67,0.15,beta,none
City-B,T4,5x,700.0,S0a_RoutineOracle,cross_regime,M_stress,500,True,2,1238.6,847.7,0.0,0.3156,1.0,mean_0.67,2,0.67,0.15,beta,none
City-B,T4,5x,700.0,S0b_StressOracle,routine,M_routine,500,True,2,913.8,1166.8,0.0,0.0,1.0,mean_0.67,2,0.67,0.15,beta,none
City-B,T4,5x,700.0,S0b_StressOracle,cross_regime,M_stress,500,True,2,913.8,913.8,0.0,0.0,1.0,mean_0.67,2,0.67,0.15,beta,none
City-B,T4,5x,700.0,S1_CapRR,routine,M_routine,500,True,1,846.0,534.7,165.3,0.3679,0.0,mean_0.67,2,0.67,0.15,beta,none
City-B,T4,5x,700.0,S1_CapRR,cross_regime,M_stress,500,True,1,846.0,289.6,410.4,0.6577,0.0,mean_0.67,2,0.67,0.15,beta,none
City-B,T4,5x,700.0,S2_Platform,routine,M_routine,500,True,2,912.9,1107.4,0.0,0.0,1.0,mean_0.67,2,0.67,0.15,beta,none
City-B,T4,5x,700.0,S2_Platform,cross_regime,M_stress,500,True,2,912.9,699.3,0.7,0.234,0.0,mean_0.67,2,0.67,0.15,beta,none
City-B,T4,5x,700.0,S3_Lin4,routine,M_routine,500,True,2,938.6,1217.2,0.0,0.0,1.0,mean_0.67,2,0.67,0.15,beta,none
City-B,T4,5x,700.0,S3_Lin4,cross_regime,M_stress,500,True,2,938.6,753.2,0.0,0.1975,1.0,mean_0.67,2,0.67,0.15,beta,none
City-B,T4,5x,700.0,S4_GlobalCalib,routine,M_routine,500,True,2,1138.2,1128.9,0.0,0.0082,1.0,mean_0.67,2,0.67,0.15,beta,none
City-B,T4,5x,700.0,S4_GlobalCalib,cross_regime,M_stress,500,True,2,1138.2,793.8,0.0,0.3026,1.0,mean_0.67,2,0.67,0.15,beta,none
City-B,T4,5x,700.0,S5_CityCalib,routine,M_routine,500,True,2,1147.9,1128.9,0.0,0.0166,1.0,mean_0.67,2,0.67,0.15,beta,none
City-B,T4,5x,700.0,S5_CityCalib,cross_regime,M_stress,500,True,2,1147.9,793.8,0.0,0.3085,1.0,mean_0.67,2,0.67,0.15,beta,none
City-B,T4,5x,700.0,S6_Q10,routine,M_routine,500,True,2,781.2,1128.9,0.0,0.0,1.0,mean_0.67,2,0.67,0.15,beta,none
City-B,T4,5x,700.0,S6_Q10,cross_regime,M_stress,500,True,2,781.2,793.8,0.0,0.0,1.0,mean_0.67,2,0.67,0.15,beta,none
City-B,T4,10x,1400.0,S0a_RoutineOracle,routine,M_routine,500,True,3,1811.3,1811.3,0.0,0.0,1.0,mean_0.67,2,0.67,0.15,beta,none
City-B,T4,10x,1400.0,S0a_RoutineOracle,cross_regime,M_stress,500,True,3,1811.3,1257.4,142.6,0.3058,0.0,mean_0.67,2,0.67,0.15,beta,none
City-B,T4,10x,1400.0,S0b_StressOracle,routine,M_routine,500,True,4,1580.3,2221.1,0.0,0.0,1.0,mean_0.67,2,0.67,0.15,beta,none
City-B,T4,10x,1400.0,S0b_StressOracle,cross_regime,M_stress,500,True,4,1580.3,1580.3,0.0,0.0,1.0,mean_0.67,2,0.67,0.15,beta,none
City-B,T4,10x,1400.0,S1_CapRR,routine,M_routine,500,True,2,1688.0,1128.9,271.1,0.3312,0.0,mean_0.67,2,0.67,0.15,beta,none
City-B,T4,10x,1400.0,S1_CapRR,cross_regime,M_stress,500,True,2,1688.0,793.8,606.2,0.5298,0.0,mean_0.67,2,0.67,0.15,beta,none
City-B,T4,10x,1400.0,S2_Platform,routine,M_routine,500,True,4,1693.5,2161.7,0.0,0.0,1.0,mean_0.67,2,0.67,0.15,beta,none
City-B,T4,10x,1400.0,S2_Platform,cross_regime,M_stress,500,True,4,1693.5,1365.8,34.2,0.1935,0.0,mean_0.67,2,0.67,0.15,beta,none
City-B,T4,10x,1400.0,S3_Lin4,routine,M_routine,500,True,3,1401.0,1751.9,0.0,0.0,1.0,mean_0.67,2,0.67,0.15,beta,none
City-B,T4,10x,1400.0,S3_Lin4,cross_regime,M_stress,500,True,3,1401.0,1042.9,357.1,0.2556,0.0,mean_0.67,2,0.67,0.15,beta,none
City-B,T4,10x,1400.0,S4_GlobalCalib,routine,M_routine,500,True,3,1688.8,1773.3,0.0,0.0,1.0,mean_0.67,2,0.67,0.15,beta,none
City-B,T4,10x,1400.0,S4_GlobalCalib,cross_regime,M_stress,500,True,3,1688.8,1137.3,262.7,0.3265,0.0,mean_0.67,2,0.67,0.15,beta,none
City-B,T4,10x,1400.0,S5_CityCalib,routine,M_routine,500,True,3,1703.0,1773.3,0.0,0.0,1.0,mean_0.67,2,0.67,0.15,beta,none
City-B,T4,10x,1400.0,S5_CityCalib,cross_regime,M_stress,500,True,3,1703.0,1137.3,262.7,0.3322,0.0,mean_0.67,2,0.67,0.15,beta,none
City-B,T4,10x,1400.0,S6_Q10,routine,M_routine,500,True,4,1528.8,2346.0,0.0,0.0,1.0,mean_0.67,2,0.67,0.15,beta,none
City-B,T4,10x,1400.0,S6_Q10,cross_regime,M_stress,500,True,4,1528.8,1547.0,0.0,0.0,1.0,mean_0.67,2,0.67,0.15,beta,none
City-B,T5,1x,160.0,S0a_RoutineOracle,routine,M_routine,500,True,1,583.5,583.5,0.0,0.0,1.0,mean_0.67,2,0.67,0.15,beta,none
City-B,T5,1x,160.0,S0a_RoutineOracle,cross_regime,M_stress,500,True,1,583.5,298.1,0.0,0.4891,1.0,mean_0.67,2,0.67,0.15,beta,none
City-B,T5,1x,160.0,S0b_StressOracle,routine,M_routine,500,True,1,405.2,450.9,0.0,0.0,1.0,mean_0.67,2,0.67,0.15,beta,none
City-B,T5,1x,160.0,S0b_StressOracle,cross_regime,M_stress,500,True,1,405.2,405.2,0.0,0.0,1.0,mean_0.67,2,0.67,0.15,beta,none
City-B,T5,1x,160.0,S1_CapRR,routine,M_routine,500,True,1,744.5,424.2,0.0,0.4302,1.0,mean_0.67,2,0.67,0.15,beta,none
City-B,T5,1x,160.0,S1_CapRR,cross_regime,M_stress,500,True,1,744.5,300.5,0.0,0.5963,1.0,mean_0.67,2,0.67,0.15,beta,none
City-B,T5,1x,160.0,S2_Platform,routine,M_routine,500,True,1,553.3,562.1,0.0,0.0,1.0,mean_0.67,2,0.67,0.15,beta,none
City-B,T5,1x,160.0,S2_Platform,cross_regime,M_stress,500,True,1,553.3,342.0,0.0,0.3818,1.0,mean_0.67,2,0.67,0.15,beta,none
City-B,T5,1x,160.0,S3_Lin4,routine,M_routine,500,True,1,456.5,495.7,0.0,0.0,1.0,mean_0.67,2,0.67,0.15,beta,none
City-B,T5,1x,160.0,S3_Lin4,cross_regime,M_stress,500,True,1,456.5,308.9,0.0,0.3233,1.0,mean_0.67,2,0.67,0.15,beta,none
City-B,T5,1x,160.0,S4_GlobalCalib,routine,M_routine,500,True,1,498.1,424.2,0.0,0.1484,1.0,mean_0.67,2,0.67,0.15,beta,none
City-B,T5,1x,160.0,S4_GlobalCalib,cross_regime,M_stress,500,True,1,498.1,300.5,0.0,0.3967,1.0,mean_0.67,2,0.67,0.15,beta,none
City-B,T5,1x,160.0,S5_CityCalib,routine,M_routine,500,True,1,500.8,424.2,0.0,0.1529,1.0,mean_0.67,2,0.67,0.15,beta,none
City-B,T5,1x,160.0,S5_CityCalib,cross_regime,M_stress,500,True,1,500.8,300.5,0.0,0.3999,1.0,mean_0.67,2,0.67,0.15,beta,none
City-B,T5,1x,160.0,S6_Q10,routine,M_routine,500,True,1,340.8,424.2,0.0,0.0,1.0,mean_0.67,2,0.67,0.15,beta,none
City-B,T5,1x,160.0,S6_Q10,cross_regime,M_stress,500,True,1,340.8,300.5,0.0,0.1183,1.0,mean_0.67,2,0.67,0.15,beta,none
City-B,T5,2x,320.0,S0a_RoutineOracle,routine,M_routine,500,True,1,583.5,583.5,0.0,0.0,1.0,mean_0.67,2,0.67,0.15,beta,none
City-B,T5,2x,320.0,S0a_RoutineOracle,cross_regime,M_stress,500,True,1,583.5,298.1,21.9,0.4891,0.0,mean_0.67,2,0.67,0.15,beta,none
City-B,T5,2x,320.0,S0b_StressOracle,routine,M_routine,500,True,1,405.2,450.9,0.0,0.0,1.0,mean_0.67,2,0.67,0.15,beta,none
City-B,T5,2x,320.0,S0b_StressOracle,cross_regime,M_stress,500,True,1,405.2,405.2,0.0,0.0,1.0,mean_0.67,2,0.67,0.15,beta,none
City-B,T5,2x,320.0,S1_CapRR,routine,M_routine,500,True,1,744.5,424.2,0.0,0.4302,1.0,mean_0.67,2,0.67,0.15,beta,none
City-B,T5,2x,320.0,S1_CapRR,cross_regime,M_stress,500,True,1,744.5,300.5,19.5,0.5963,0.0,mean_0.67,2,0.67,0.15,beta,none
City-B,T5,2x,320.0,S2_Platform,routine,M_routine,500,True,1,553.3,562.1,0.0,0.0,1.0,mean_0.67,2,0.67,0.15,beta,none
City-B,T5,2x,320.0,S2_Platform,cross_regime,M_stress,500,True,1,553.3,342.0,0.0,0.3818,1.0,mean_0.67,2,0.67,0.15,beta,none
City-B,T5,2x,320.0,S3_Lin4,routine,M_routine,500,True,1,456.5,495.7,0.0,0.0,1.0,mean_0.67,2,0.67,0.15,beta,none
City-B,T5,2x,320.0,S3_Lin4,cross_regime,M_stress,500,True,1,456.5,308.9,11.1,0.3233,0.0,mean_0.67,2,0.67,0.15,beta,none
City-B,T5,2x,320.0,S4_GlobalCalib,routine,M_routine,500,True,1,498.1,424.2,0.0,0.1484,1.0,mean_0.67,2,0.67,0.15,beta,none
City-B,T5,2x,320.0,S4_GlobalCalib,cross_regime,M_stress,500,True,1,498.1,300.5,19.5,0.3967,0.0,mean_0.67,2,0.67,0.15,beta,none
City-B,T5,2x,320.0,S5_CityCalib,routine,M_routine,500,True,1,500.8,424.2,0.0,0.1529,1.0,mean_0.67,2,0.67,0.15,beta,none
City-B,T5,2x,320.0,S5_CityCalib,cross_regime,M_stress,500,True,1,500.8,300.5,19.5,0.3999,0.0,mean_0.67,2,0.67,0.15,beta,none
City-B,T5,2x,320.0,S6_Q10,routine,M_routine,500,True,1,340.8,424.2,0.0,0.0,1.0,mean_0.67,2,0.67,0.15,beta,none
City-B,T5,2x,320.0,S6_Q10,cross_regime,M_stress,500,True,1,340.8,300.5,19.5,0.1183,0.0,mean_0.67,2,0.67,0.15,beta,none
City-B,T5,5x,800.0,S0a_RoutineOracle,routine,M_routine,500,True,2,1145.5,1145.5,0.0,0.0,1.0,mean_0.67,2,0.67,0.15,beta,none
City-B,T5,5x,800.0,S0a_RoutineOracle,cross_regime,M_stress,500,True,2,1145.5,640.2,159.8,0.4412,0.0,mean_0.67,2,0.67,0.15,beta,none
City-B,T5,5x,800.0,S0b_StressOracle,routine,M_routine,500,True,3,1056.2,1508.7,0.0,0.0,1.0,mean_0.67,2,0.67,0.15,beta,none
City-B,T5,5x,800.0,S0b_StressOracle,cross_regime,M_stress,500,True,3,1056.2,1056.2,0.0,0.0,1.0,mean_0.67,2,0.67,0.15,beta,none
City-B,T5,5x,800.0,S1_CapRR,routine,M_routine,500,True,2,1485.4,986.3,0.0,0.336,1.0,mean_0.67,2,0.67,0.15,beta,none
City-B,T5,5x,800.0,S1_CapRR,cross_regime,M_stress,500,True,2,1485.4,642.6,157.4,0.5674,0.0,mean_0.67,2,0.67,0.15,beta,none
City-B,T5,5x,800.0,S2_Platform,routine,M_routine,500,True,2,1093.7,1057.8,0.0,0.0328,1.0,mean_0.67,2,0.67,0.15,beta,none
City-B,T5,5x,800.0,S2_Platform,cross_regime,M_stress,500,True,2,1093.7,651.0,149.0,0.4048,0.0,mean_0.67,2,0.67,0.15,beta,none
City-B,T5,5x,800.0,S3_Lin4,routine,M_routine,500,True,2,907.0,946.6,0.0,0.0,1.0,mean_0.67,2,0.67,0.15,beta,none
City-B,T5,5x,800.0,S3_Lin4,cross_regime,M_stress,500,True,2,907.0,714.1,85.9,0.2127,0.0,mean_0.67,2,0.67,0.15,beta,none
City-B,T5,5x,800.0,S4_GlobalCalib,routine,M_routine,500,True,2,993.9,986.3,0.0,0.0076,1.0,mean_0.67,2,0.67,0.15,beta,none
City-B,T5,5x,800.0,S4_GlobalCalib,cross_regime,M_stress,500,True,2,993.9,642.6,157.4,0.3535,0.0,mean_0.67,2,0.67,0.15,beta,none
City-B,T5,5x,800.0,S5_CityCalib,routine,M_routine,500,True,2,999.2,986.3,0.0,0.0129,1.0,mean_0.67,2,0.67,0.15,beta,none
City-B,T5,5x,800.0,S5_CityCalib,cross_regime,M_stress,500,True,2,999.2,642.6,157.4,0.3569,0.0,mean_0.67,2,0.67,0.15,beta,none
City-B,T5,5x,800.0,S6_Q10,routine,M_routine,500,True,3,1009.0,1482.0,0.0,0.0,1.0,mean_0.67,2,0.67,0.15,beta,none
City-B,T5,5x,800.0,S6_Q10,cross_regime,M_stress,500,True,3,1009.0,951.5,0.0,0.057,1.0,mean_0.67,2,0.67,0.15,beta,none
City-B,T5,10x,1600.0,S0a_RoutineOracle,routine,M_routine,500,True,3,1641.3,1641.3,0.0,0.0,1.0,mean_0.67,2,0.67,0.15,beta,none
City-B,T5,10x,1600.0,S0a_RoutineOracle,cross_regime,M_stress,500,True,3,1641.3,949.1,650.9,0.4217,0.0,mean_0.67,2,0.67,0.15,beta,none
City-B,T5,10x,1600.0,S0b_StressOracle,routine,M_routine,500,True,5,1657.6,2306.8,0.0,0.0,1.0,mean_0.67,2,0.67,0.15,beta,none
City-B,T5,10x,1600.0,S0b_StressOracle,cross_regime,M_stress,500,True,5,1657.6,1657.6,0.0,0.0,1.0,mean_0.67,2,0.67,0.15,beta,none
City-B,T5,10x,1600.0,S1_CapRR,routine,M_routine,500,True,3,2203.9,1482.0,118.0,0.3275,0.0,mean_0.67,2,0.67,0.15,beta,none
City-B,T5,10x,1600.0,S1_CapRR,cross_regime,M_stress,500,True,3,2203.9,951.5,648.5,0.5683,0.0,mean_0.67,2,0.67,0.15,beta,none
City-B,T5,10x,1600.0,S2_Platform,routine,M_routine,500,True,4,2025.8,2092.2,0.0,0.0,1.0,mean_0.67,2,0.67,0.15,beta,none
City-B,T5,10x,1600.0,S2_Platform,cross_regime,M_stress,500,True,4,2025.8,1354.3,245.7,0.3315,0.0,mean_0.67,2,0.67,0.15,beta,none
City-B,T5,10x,1600.0,S3_Lin4,routine,M_routine,500,True,4,1791.8,1932.9,0.0,0.0,1.0,mean_0.67,2,0.67,0.15,beta,none
City-B,T5,10x,1600.0,S3_Lin4,cross_regime,M_stress,500,True,4,1791.8,1356.7,243.3,0.2428,0.0,mean_0.67,2,0.67,0.15,beta,none
City-B,T5,10x,1600.0,S4_GlobalCalib,routine,M_routine,500,True,4,1944.9,1932.9,0.0,0.0062,1.0,mean_0.67,2,0.67,0.15,beta,none
City-B,T5,10x,1600.0,S4_GlobalCalib,cross_regime,M_stress,500,True,4,1944.9,1356.7,243.3,0.3024,0.0,mean_0.67,2,0.67,0.15,beta,none
City-B,T5,10x,1600.0,S5_CityCalib,routine,M_routine,500,True,4,1955.1,1932.9,0.0,0.0113,1.0,mean_0.67,2,0.67,0.15,beta,none
City-B,T5,10x,1600.0,S5_CityCalib,cross_regime,M_stress,500,True,4,1955.1,1356.7,243.3,0.3061,0.0,mean_0.67,2,0.67,0.15,beta,none
City-B,T5,10x,1600.0,S6_Q10,routine,M_routine,500,True,5,1612.4,2516.4,0.0,0.0,1.0,mean_0.67,2,0.67,0.15,beta,none
City-B,T5,10x,1600.0,S6_Q10,cross_regime,M_stress,500,True,5,1612.4,1654.8,0.0,0.0,1.0,mean_0.67,2,0.67,0.15,beta,none
City-C,T1,1x,180.0,S0a_RoutineOracle,routine,M_routine,650,True,1,652.6,652.6,0.0,0.0,1.0,mean_0.67,2,0.67,0.15,beta,none
City-C,T1,1x,180.0,S0a_RoutineOracle,cross_regime,M_stress,650,True,1,652.6,285.4,0.0,0.5626,1.0,mean_0.67,2,0.67,0.15,beta,none
City-C,T1,1x,180.0,S0b_StressOracle,routine,M_routine,650,True,1,309.0,364.9,0.0,0.0,1.0,mean_0.67,2,0.67,0.15,beta,none
City-C,T1,1x,180.0,S0b_StressOracle,cross_regime,M_stress,650,True,1,309.0,309.0,0.0,0.0,1.0,mean_0.67,2,0.67,0.15,beta,none
City-C,T1,1x,180.0,S1_CapRR,routine,M_routine,650,True,1,737.0,515.9,0.0,0.3,1.0,mean_0.67,2,0.67,0.15,beta,none
City-C,T1,1x,180.0,S1_CapRR,cross_regime,M_stress,650,True,1,737.0,270.3,0.0,0.6333,1.0,mean_0.67,2,0.67,0.15,beta,none
City-C,T1,1x,180.0,S2_Platform,routine,M_routine,650,True,1,460.9,515.9,0.0,0.0,1.0,mean_0.67,2,0.67,0.15,beta,none
City-C,T1,1x,180.0,S2_Platform,cross_regime,M_stress,650,True,1,460.9,270.3,0.0,0.4136,1.0,mean_0.67,2,0.67,0.15,beta,none
City-C,T1,1x,180.0,S3_Lin4,routine,M_routine,650,True,1,424.6,515.9,0.0,0.0,1.0,mean_0.67,2,0.67,0.15,beta,none
City-C,T1,1x,180.0,S3_Lin4,cross_regime,M_stress,650,True,1,424.6,270.3,0.0,0.3635,1.0,mean_0.67,2,0.67,0.15,beta,none
City-C,T1,1x,180.0,S4_GlobalCalib,routine,M_routine,650,True,1,497.8,515.9,0.0,0.0,1.0,mean_0.67,2,0.67,0.15,beta,none
City-C,T1,1x,180.0,S4_GlobalCalib,cross_regime,M_stress,650,True,1,497.8,270.3,0.0,0.457,1.0,mean_0.67,2,0.67,0.15,beta,none
City-C,T1,1x,180.0,S5_CityCalib,routine,M_routine,650,True,1,500.2,515.9,0.0,0.0,1.0,mean_0.67,2,0.67,0.15,beta,none
City-C,T1,1x,180.0,S5_CityCalib,cross_regime,M_stress,650,True,1,500.2,270.3,0.0,0.4597,1.0,mean_0.67,2,0.67,0.15,beta,none
City-C,T1,1x,180.0,S6_Q10,routine,M_routine,650,True,1,339.9,515.9,0.0,0.0,1.0,mean_0.67,2,0.67,0.15,beta,none
City-C,T1,1x,180.0,S6_Q10,cross_regime,M_stress,650,True,1,339.9,270.3,0.0,0.2048,1.0,mean_0.67,2,0.67,0.15,beta,none
City-C,T1,2x,360.0,S0a_RoutineOracle,routine,M_routine,650,True,1,652.6,652.6,0.0,0.0,1.0,mean_0.67,2,0.67,0.15,beta,none
City-C,T1,2x,360.0,S0a_RoutineOracle,cross_regime,M_stress,650,True,1,652.6,285.4,74.6,0.5626,0.0,mean_0.67,2,0.67,0.15,beta,none
City-C,T1,2x,360.0,S0b_StressOracle,routine,M_routine,650,True,2,608.3,751.4,0.0,0.0,1.0,mean_0.67,2,0.67,0.15,beta,none
City-C,T1,2x,360.0,S0b_StressOracle,cross_regime,M_stress,650,True,2,608.3,608.3,0.0,0.0,1.0,mean_0.67,2,0.67,0.15,beta,none
City-C,T1,2x,360.0,S1_CapRR,routine,M_routine,650,True,1,737.0,515.9,0.0,0.3,1.0,mean_0.67,2,0.67,0.15,beta,none
City-C,T1,2x,360.0,S1_CapRR,cross_regime,M_stress,650,True,1,737.0,270.3,89.7,0.6333,0.0,mean_0.67,2,0.67,0.15,beta,none
City-C,T1,2x,360.0,S2_Platform,routine,M_routine,650,True,1,460.9,515.9,0.0,0.0,1.0,mean_0.67,2,0.67,0.15,beta,none
City-C,T1,2x,360.0,S2_Platform,cross_regime,M_stress,650,True,1,460.9,270.3,89.7,0.4136,0.0,mean_0.67,2,0.67,0.15,beta,none
City-C,T1,2x,360.0,S3_Lin4,routine,M_routine,650,True,1,424.6,515.9,0.0,0.0,1.0,mean_0.67,2,0.67,0.15,beta,none
City-C,T1,2x,360.0,S3_Lin4,cross_regime,M_stress,650,True,1,424.6,270.3,89.7,0.3635,0.0,mean_0.67,2,0.67,0.15,beta,none
City-C,T1,2x,360.0,S4_GlobalCalib,routine,M_routine,650,True,1,497.8,515.9,0.0,0.0,1.0,mean_0.67,2,0.67,0.15,beta,none
City-C,T1,2x,360.0,S4_GlobalCalib,cross_regime,M_stress,650,True,1,497.8,270.3,89.7,0.457,0.0,mean_0.67,2,0.67,0.15,beta,none
City-C,T1,2x,360.0,S5_CityCalib,routine,M_routine,650,True,1,500.2,515.9,0.0,0.0,1.0,mean_0.67,2,0.67,0.15,beta,none
City-C,T1,2x,360.0,S5_CityCalib,cross_regime,M_stress,650,True,1,500.2,270.3,89.7,0.4597,0.0,mean_0.67,2,0.67,0.15,beta,none
City-C,T1,2x,360.0,S6_Q10,routine,M_routine,650,True,2,663.9,1168.5,0.0,0.0,1.0,mean_0.67,2,0.67,0.15,beta,none
City-C,T1,2x,360.0,S6_Q10,cross_regime,M_stress,650,True,2,663.9,555.7,0.0,0.1629,1.0,mean_0.67,2,0.67,0.15,beta,none
City-C,T1,5x,900.0,S0a_RoutineOracle,routine,M_routine,650,True,2,1168.5,1168.5,0.0,0.0,1.0,mean_0.67,2,0.67,0.15,beta,none
City-C,T1,5x,900.0,S0a_RoutineOracle,cross_regime,M_stress,650,True,2,1168.5,555.7,344.3,0.5244,0.0,mean_0.67,2,0.67,0.15,beta,none
City-C,T1,5x,900.0,S0b_StressOracle,routine,M_routine,650,True,3,907.0,1147.4,0.0,0.0,1.0,mean_0.67,2,0.67,0.15,beta,none
City-C,T1,5x,900.0,S0b_StressOracle,cross_regime,M_stress,650,True,3,907.0,907.0,0.0,0.0,1.0,mean_0.67,2,0.67,0.15,beta,none
City-C,T1,5x,900.0,S1_CapRR,routine,M_routine,650,True,2,1439.5,1168.5,0.0,0.1883,1.0,mean_0.67,2,0.67,0.15,beta,none
City-C,T1,5x,900.0,S1_CapRR,cross_regime,M_stress,650,True,2,1439.5,555.7,344.3,0.614,0.0,mean_0.67,2,0.67,0.15,beta,none
City-C,T1,5x,900.0,S2_Platform,routine,M_routine,650,True,2,904.5,1168.5,0.0,0.0,1.0,mean_0.67,2,0.67,0.15,beta,none
City-C,T1,5x,900.0,S2_Platform,cross_regime,M_stress,650,True,2,904.5,555.7,344.3,0.3856,0.0,mean_0.67,2,0.67,0.15,beta,none
City-C,T1,5x,900.0,S3_Lin4,routine,M_routine,650,True,3,1233.3,1680.2,0.0,0.0,1.0,mean_0.67,2,0.67,0.15,beta,none
City-C,T1,5x,900.0,S3_Lin4,cross_regime,M_stress,650,True,3,1233.3,837.9,62.1,0.3206,0.0,mean_0.67,2,0.67,0.15,beta,none
City-C,T1,5x,900.0,S4_GlobalCalib,routine,M_routine,650,True,2,972.1,1168.5,0.0,0.0,1.0,mean_0.67,2,0.67,0.15,beta,none
City-C,T1,5x,900.0,S4_GlobalCalib,cross_regime,M_stress,650,True,2,972.1,555.7,344.3,0.4283,0.0,mean_0.67,2,0.67,0.15,beta,none
City-C,T1,5x,900.0,S5_CityCalib,routine,M_routine,650,True,2,976.9,1168.5,0.0,0.0,1.0,mean_0.67,2,0.67,0.15,beta,none
City-C,T1,5x,900.0,S5_CityCalib,cross_regime,M_stress,650,True,2,976.9,555.7,344.3,0.4311,0.0,mean_0.67,2,0.67,0.15,beta,none
City-C,T1,5x,900.0,S6_Q10,routine,M_routine,650,True,3,959.7,1680.2,0.0,0.0,1.0,mean_0.67,2,0.67,0.15,beta,none
City-C,T1,5x,900.0,S6_Q10,cross_regime,M_stress,650,True,3,959.7,837.9,62.1,0.127,0.0,mean_0.67,2,0.67,0.15,beta,none
City-C,T1,10x,1800.0,S0a_RoutineOracle,routine,M_routine,650,True,4,2160.2,2160.2,0.0,0.0,1.0,mean_0.67,2,0.67,0.15,beta,none
City-C,T1,10x,1800.0,S0a_RoutineOracle,cross_regime,M_stress,650,True,4,2160.2,1070.9,729.1,0.5042,0.0,mean_0.67,2,0.67,0.15,beta,none
City-C,T1,10x,1800.0,S0b_StressOracle,routine,M_routine,650,True,7,2020.4,3055.5,0.0,0.0,1.0,mean_0.67,2,0.67,0.15,beta,none
City-C,T1,10x,1800.0,S0b_StressOracle,cross_regime,M_stress,650,True,7,2020.4,2020.4,0.0,0.0,1.0,mean_0.67,2,0.67,0.15,beta,none
City-C,T1,10x,1800.0,S1_CapRR,routine,M_routine,650,True,3,2081.1,1680.2,119.8,0.1926,0.0,mean_0.67,2,0.67,0.15,beta,none
City-C,T1,10x,1800.0,S1_CapRR,cross_regime,M_stress,650,True,3,2081.1,837.9,962.1,0.5974,0.0,mean_0.67,2,0.67,0.15,beta,none
City-C,T1,10x,1800.0,S2_Platform,routine,M_routine,650,True,5,2117.9,2233.7,0.0,0.0,1.0,mean_0.67,2,0.67,0.15,beta,none
City-C,T1,10x,1800.0,S2_Platform,cross_regime,M_stress,650,True,5,2117.9,1293.9,506.1,0.3891,0.0,mean_0.67,2,0.67,0.15,beta,none
City-C,T1,10x,1800.0,S3_Lin4,routine,M_routine,650,True,5,2006.5,2096.6,0.0,0.0,1.0,mean_0.67,2,0.67,0.15,beta,none
City-C,T1,10x,1800.0,S3_Lin4,cross_regime,M_stress,650,True,5,2006.5,1287.8,512.2,0.3582,0.0,mean_0.67,2,0.67,0.15,beta,none
City-C,T1,10x,1800.0,S4_GlobalCalib,routine,M_routine,650,True,4,1800.5,2037.4,0.0,0.0,1.0,mean_0.67,2,0.67,0.15,beta,none
City-C,T1,10x,1800.0,S4_GlobalCalib,cross_regime,M_stress,650,True,4,1800.5,1067.4,732.6,0.4072,0.0,mean_0.67,2,0.67,0.15,beta,none
City-C,T1,10x,1800.0,S5_CityCalib,routine,M_routine,650,True,4,1808.8,2037.4,0.0,0.0,1.0,mean_0.67,2,0.67,0.15,beta,none
City-C,T1,10x,1800.0,S5_CityCalib,cross_regime,M_stress,650,True,4,1808.8,1067.4,732.6,0.4099,0.0,mean_0.67,2,0.67,0.15,beta,none
City-C,T1,10x,1800.0,S6_Q10,routine,M_routine,650,True,7,2016.6,3233.2,0.0,0.0,1.0,mean_0.67,2,0.67,0.15,beta,none
City-C,T1,10x,1800.0,S6_Q10,cross_regime,M_stress,650,True,7,2016.6,1722.8,77.2,0.1457,0.0,mean_0.67,2,0.67,0.15,beta,none
City-C,T2,1x,260.0,S0a_RoutineOracle,routine,M_routine,650,True,1,526.3,526.3,0.0,0.0,1.0,mean_0.67,2,0.67,0.15,beta,none
City-C,T2,1x,260.0,S0a_RoutineOracle,cross_regime,M_stress,650,True,1,526.3,377.6,0.0,0.2825,1.0,mean_0.67,2,0.67,0.15,beta,none
City-C,T2,1x,260.0,S0b_StressOracle,routine,M_routine,650,True,1,401.7,517.3,0.0,0.0,1.0,mean_0.67,2,0.67,0.15,beta,none
City-C,T2,1x,260.0,S0b_StressOracle,cross_regime,M_stress,650,True,1,401.7,401.7,0.0,0.0,1.0,mean_0.67,2,0.67,0.15,beta,none
City-C,T2,1x,260.0,S1_CapRR,routine,M_routine,650,True,1,737.0,526.3,0.0,0.2859,1.0,mean_0.67,2,0.67,0.15,beta,none
City-C,T2,1x,260.0,S1_CapRR,cross_regime,M_stress,650,True,1,737.0,377.6,0.0,0.4877,1.0,mean_0.67,2,0.67,0.15,beta,none
City-C,T2,1x,260.0,S2_Platform,routine,M_routine,650,True,1,467.3,526.3,0.0,0.0,1.0,mean_0.67,2,0.67,0.15,beta,none
City-C,T2,1x,260.0,S2_Platform,cross_regime,M_stress,650,True,1,467.3,377.6,0.0,0.1919,1.0,mean_0.67,2,0.67,0.15,beta,none
City-C,T2,1x,260.0,S3_Lin4,routine,M_routine,650,True,1,419.6,526.3,0.0,0.0,1.0,mean_0.67,2,0.67,0.15,beta,none
City-C,T2,1x,260.0,S3_Lin4,cross_regime,M_stress,650,True,1,419.6,377.6,0.0,0.1001,1.0,mean_0.67,2,0.67,0.15,beta,none
City-C,T2,1x,260.0,S4_GlobalCalib,routine,M_routine,650,True,1,491.9,526.3,0.0,0.0,1.0,mean_0.67,2,0.67,0.15,beta,none
City-C,T2,1x,260.0,S4_GlobalCalib,cross_regime,M_stress,650,True,1,491.9,377.6,0.0,0.2323,1.0,mean_0.67,2,0.67,0.15,beta,none
City-C,T2,1x,260.0,S5_CityCalib,routine,M_routine,650,True,1,490.0,526.3,0.0,0.0,1.0,mean_0.67,2,0.67,0.15,beta,none
City-C,T2,1x,260.0,S5_CityCalib,cross_regime,M_stress,650,True,1,490.0,377.6,0.0,0.2294,1.0,mean_0.67,2,0.67,0.15,beta,none
City-C,T2,1x,260.0,S6_Q10,routine,M_routine,650,True,1,337.3,526.3,0.0,0.0,1.0,mean_0.67,2,0.67,0.15,beta,none
City-C,T2,1x,260.0,S6_Q10,cross_regime,M_stress,650,True,1,337.3,377.6,0.0,0.0,1.0,mean_0.67,2,0.67,0.15,beta,none
City-C,T2,2x,520.0,S0a_RoutineOracle,routine,M_routine,650,True,1,526.3,526.3,0.0,0.0,1.0,mean_0.67,2,0.67,0.15,beta,none
City-C,T2,2x,520.0,S0a_RoutineOracle,cross_regime,M_stress,650,True,1,526.3,377.6,142.4,0.2825,0.0,mean_0.67,2,0.67,0.15,beta,none
City-C,T2,2x,520.0,S0b_StressOracle,routine,M_routine,650,True,2,779.4,1043.6,0.0,0.0,1.0,mean_0.67,2,0.67,0.15,beta,none
City-C,T2,2x,520.0,S0b_StressOracle,cross_regime,M_stress,650,True,2,779.4,779.4,0.0,0.0,1.0,mean_0.67,2,0.67,0.15,beta,none
City-C,T2,2x,520.0,S1_CapRR,routine,M_routine,650,True,1,737.0,526.3,0.0,0.2859,1.0,mean_0.67,2,0.67,0.15,beta,none
City-C,T2,2x,520.0,S1_CapRR,cross_regime,M_stress,650,True,1,737.0,377.6,142.4,0.4877,0.0,mean_0.67,2,0.67,0.15,beta,none
City-C,T2,2x,520.0,S2_Platform,routine,M_routine,650,True,2,902.1,1043.6,0.0,0.0,1.0,mean_0.67,2,0.67,0.15,beta,none
City-C,T2,2x,520.0,S2_Platform,cross_regime,M_stress,650,True,2,902.1,779.4,0.0,0.136,1.0,mean_0.67,2,0.67,0.15,beta,none
City-C,T2,2x,520.0,S3_Lin4,routine,M_routine,650,True,2,823.4,1043.6,0.0,0.0,1.0,mean_0.67,2,0.67,0.15,beta,none
City-C,T2,2x,520.0,S3_Lin4,cross_regime,M_stress,650,True,2,823.4,779.4,0.0,0.0535,1.0,mean_0.67,2,0.67,0.15,beta,none
City-C,T2,2x,520.0,S4_GlobalCalib,routine,M_routine,650,True,2,960.7,1043.6,0.0,0.0,1.0,mean_0.67,2,0.67,0.15,beta,none
City-C,T2,2x,520.0,S4_GlobalCalib,cross_regime,M_stress,650,True,2,960.7,779.4,0.0,0.1888,1.0,mean_0.67,2,0.67,0.15,beta,none
City-C,T2,2x,520.0,S5_CityCalib,routine,M_routine,650,True,2,957.0,1043.6,0.0,0.0,1.0,mean_0.67,2,0.67,0.15,beta,none
City-C,T2,2x,520.0,S5_CityCalib,cross_regime,M_stress,650,True,2,957.0,779.4,0.0,0.1857,1.0,mean_0.67,2,0.67,0.15,beta,none
City-C,T2,2x,520.0,S6_Q10,routine,M_routine,650,True,2,658.8,1043.6,0.0,0.0,1.0,mean_0.67,2,0.67,0.15,beta,none
City-C,T2,2x,520.0,S6_Q10,cross_regime,M_stress,650,True,2,658.8,779.4,0.0,0.0,1.0,mean_0.67,2,0.67,0.15,beta,none
City-C,T2,5x,1300.0,S0a_RoutineOracle,routine,M_routine,650,True,3,1502.4,1502.4,0.0,0.0,1.0,mean_0.67,2,0.67,0.15,beta,none
City-C,T2,5x,1300.0,S0a_RoutineOracle,cross_regime,M_stress,650,True,3,1502.4,998.6,301.4,0.3353,0.0,mean_0.67,2,0.67,0.15,beta,none
City-C,T2,5x,1300.0,S0b_StressOracle,routine,M_routine,650,True,4,1392.2,1903.5,0.0,0.0,1.0,mean_0.67,2,0.67,0.15,beta,none
City-C,T2,5x,1300.0,S0b_StressOracle,cross_regime,M_stress,650,True,4,1392.2,1392.2,0.0,0.0,1.0,mean_0.67,2,0.67,0.15,beta,none
City-C,T2,5x,1300.0,S1_CapRR,routine,M_routine,650,True,2,1439.5,1043.6,256.4,0.2751,0.0,mean_0.67,2,0.67,0.15,beta,none
City-C,T2,5x,1300.0,S1_CapRR,cross_regime,M_stress,650,True,2,1439.5,779.4,520.6,0.4586,0.0,mean_0.67,2,0.67,0.15,beta,none
City-C,T2,5x,1300.0,S2_Platform,routine,M_routine,650,True,3,1301.1,1311.4,0.0,0.0,1.0,mean_0.67,2,0.67,0.15,beta,none
City-C,T2,5x,1300.0,S2_Platform,cross_regime,M_stress,650,True,3,1301.1,1034.2,265.8,0.2051,0.0,mean_0.67,2,0.67,0.15,beta,none
City-C,T2,5x,1300.0,S3_Lin4,routine,M_routine,650,True,4,1602.5,1770.2,0.0,0.0,1.0,mean_0.67,2,0.67,0.15,beta,none
City-C,T2,5x,1300.0,S3_Lin4,cross_regime,M_stress,650,True,4,1602.5,1253.5,46.5,0.2178,0.0,mean_0.67,2,0.67,0.15,beta,none
City-C,T2,5x,1300.0,S4_GlobalCalib,routine,M_routine,650,True,3,1388.8,1311.4,0.0,0.0558,1.0,mean_0.67,2,0.67,0.15,beta,none
City-C,T2,5x,1300.0,S4_GlobalCalib,cross_regime,M_stress,650,True,3,1388.8,1034.2,265.8,0.2553,0.0,mean_0.67,2,0.67,0.15,beta,none
City-C,T2,5x,1300.0,S5_CityCalib,routine,M_routine,650,True,3,1383.5,1311.4,0.0,0.0521,1.0,mean_0.67,2,0.67,0.15,beta,none
City-C,T2,5x,1300.0,S5_CityCalib,cross_regime,M_stress,650,True,3,1383.5,1034.2,265.8,0.2524,0.0,mean_0.67,2,0.67,0.15,beta,none
City-C,T2,5x,1300.0,S6_Q10,routine,M_routine,650,True,5,1485.5,2162.3,0.0,0.0,1.0,mean_0.67,2,0.67,0.15,beta,none
City-C,T2,5x,1300.0,S6_Q10,cross_regime,M_stress,650,True,5,1485.5,1622.5,0.0,0.0,1.0,mean_0.67,2,0.67,0.15,beta,none
City-C,T2,10x,2600.0,S0a_RoutineOracle,routine,M_routine,650,True,6,2799.5,2799.5,0.0,0.0,1.0,mean_0.67,2,0.67,0.15,beta,none
City-C,T2,10x,2600.0,S0a_RoutineOracle,cross_regime,M_stress,650,True,6,2799.5,1842.8,757.2,0.3417,0.0,mean_0.67,2,0.67,0.15,beta,none
City-C,T2,10x,2600.0,S0b_StressOracle,routine,M_routine,650,True,9,2779.1,3914.7,0.0,0.0,1.0,mean_0.67,2,0.67,0.15,beta,none
City-C,T2,10x,2600.0,S0b_StressOracle,cross_regime,M_stress,650,True,9,2779.1,2779.1,0.0,0.0,1.0,mean_0.67,2,0.67,0.15,beta,none
City-C,T2,10x,2600.0,S1_CapRR,routine,M_routine,650,True,4,2666.6,1740.1,859.9,0.3475,0.0,mean_0.67,2,0.67,0.15,beta,none
City-C,T2,10x,2600.0,S1_CapRR,cross_regime,M_stress,650,True,4,2666.6,1310.8,1289.2,0.5085,0.0,mean_0.67,2,0.67,0.15,beta,none
City-C,T2,10x,2600.0,S2_Platform,routine,M_routine,650,True,7,2815.8,2973.1,0.0,0.0,1.0,mean_0.67,2,0.67,0.15,beta,none
City-C,T2,10x,2600.0,S2_Platform,cross_regime,M_stress,650,True,7,2815.8,2115.8,484.2,0.2486,0.0,mean_0.67,2,0.67,0.15,beta,none
City-C,T2,10x,2600.0,S3_Lin4,routine,M_routine,650,True,7,2691.8,2988.2,0.0,0.0,1.0,mean_0.67,2,0.67,0.15,beta,none
City-C,T2,10x,2600.0,S3_Lin4,cross_regime,M_stress,650,True,7,2691.8,2075.2,524.8,0.2291,0.0,mean_0.67,2,0.67,0.15,beta,none
City-C,T2,10x,2600.0,S4_GlobalCalib,routine,M_routine,650,True,7,2918.3,2914.9,0.0,0.0012,1.0,mean_0.67,2,0.67,0.15,beta,none
City-C,T2,10x,2600.0,S4_GlobalCalib,cross_regime,M_stress,650,True,7,2918.3,2163.2,436.8,0.2588,0.0,mean_0.67,2,0.67,0.15,beta,none
City-C,T2,10x,2600.0,S5_CityCalib,routine,M_routine,650,True,7,2906.2,2914.9,0.0,0.0,1.0,mean_0.67,2,0.67,0.15,beta,none
City-C,T2,10x,2600.0,S5_CityCalib,cross_regime,M_stress,650,True,7,2906.2,2163.2,436.8,0.2557,0.0,mean_0.67,2,0.67,0.15,beta,none
City-C,T2,10x,2600.0,S6_Q10,routine,M_routine,650,True,10,2747.8,4124.5,0.0,0.0,1.0,mean_0.67,2,0.67,0.15,beta,none
City-C,T2,10x,2600.0,S6_Q10,cross_regime,M_stress,650,True,10,2747.8,2861.9,0.0,0.0,1.0,mean_0.67,2,0.67,0.15,beta,none
City-C,T3,1x,200.0,S0a_RoutineOracle,routine,M_routine,650,True,1,428.2,428.2,0.0,0.0,1.0,mean_0.67,2,0.67,0.15,beta,none
City-C,T3,1x,200.0,S0a_RoutineOracle,cross_regime,M_stress,650,True,1,428.2,307.3,0.0,0.2825,1.0,mean_0.67,2,0.67,0.15,beta,none
City-C,T3,1x,200.0,S0b_StressOracle,routine,M_routine,650,True,1,349.9,372.4,0.0,0.0,1.0,mean_0.67,2,0.67,0.15,beta,none
City-C,T3,1x,200.0,S0b_StressOracle,cross_regime,M_stress,650,True,1,349.9,349.9,0.0,0.0,1.0,mean_0.67,2,0.67,0.15,beta,none
City-C,T3,1x,200.0,S1_CapRR,routine,M_routine,650,True,1,648.6,372.4,0.0,0.4259,1.0,mean_0.67,2,0.67,0.15,beta,none
City-C,T3,1x,200.0,S1_CapRR,cross_regime,M_stress,650,True,1,648.6,349.9,0.0,0.4605,1.0,mean_0.67,2,0.67,0.15,beta,none
City-C,T3,1x,200.0,S2_Platform,routine,M_routine,650,True,1,456.8,372.4,0.0,0.1848,1.0,mean_0.67,2,0.67,0.15,beta,none
City-C,T3,1x,200.0,S2_Platform,cross_regime,M_stress,650,True,1,456.8,349.9,0.0,0.2339,1.0,mean_0.67,2,0.67,0.15,beta,none
City-C,T3,1x,200.0,S3_Lin4,routine,M_routine,650,True,1,410.7,372.4,0.0,0.0934,1.0,mean_0.67,2,0.67,0.15,beta,none
City-C,T3,1x,200.0,S3_Lin4,cross_regime,M_stress,650,True,1,410.7,349.9,0.0,0.1481,1.0,mean_0.67,2,0.67,0.15,beta,none
City-C,T3,1x,200.0,S4_GlobalCalib,routine,M_routine,650,True,1,437.3,372.4,0.0,0.1486,1.0,mean_0.67,2,0.67,0.15,beta,none
City-C,T3,1x,200.0,S4_GlobalCalib,cross_regime,M_stress,650,True,1,437.3,349.9,0.0,0.1999,1.0,mean_0.67,2,0.67,0.15,beta,none
City-C,T3,1x,200.0,S5_CityCalib,routine,M_routine,650,True,1,437.7,372.4,0.0,0.1492,1.0,mean_0.67,2,0.67,0.15,beta,none
City-C,T3,1x,200.0,S5_CityCalib,cross_regime,M_stress,650,True,1,437.7,349.9,0.0,0.2005,1.0,mean_0.67,2,0.67,0.15,beta,none
City-C,T3,1x,200.0,S6_Q10,routine,M_routine,650,True,1,299.5,372.4,0.0,0.0,1.0,mean_0.67,2,0.67,0.15,beta,none
City-C,T3,1x,200.0,S6_Q10,cross_regime,M_stress,650,True,1,299.5,349.9,0.0,0.0,1.0,mean_0.67,2,0.67,0.15,beta,none
City-C,T3,2x,400.0,S0a_RoutineOracle,routine,M_routine,650,True,1,428.2,428.2,0.0,0.0,1.0,mean_0.67,2,0.67,0.15,beta,none
City-C,T3,2x,400.0,S0a_RoutineOracle,cross_regime,M_stress,650,True,1,428.2,307.3,92.7,0.2825,0.0,mean_0.67,2,0.67,0.15,beta,none
City-C,T3,2x,400.0,S0b_StressOracle,routine,M_routine,650,True,2,657.2,800.6,0.0,0.0,1.0,mean_0.67,2,0.67,0.15,beta,none
City-C,T3,2x,400.0,S0b_StressOracle,cross_regime,M_stress,650,True,2,657.2,657.2,0.0,0.0,1.0,mean_0.67,2,0.67,0.15,beta,none
City-C,T3,2x,400.0,S1_CapRR,routine,M_routine,650,True,1,648.6,372.4,27.6,0.4259,0.0,mean_0.67,2,0.67,0.15,beta,none
City-C,T3,2x,400.0,S1_CapRR,cross_regime,M_stress,650,True,1,648.6,349.9,50.1,0.4605,0.0,mean_0.67,2,0.67,0.15,beta,none
City-C,T3,2x,400.0,S2_Platform,routine,M_routine,650,True,1,456.8,372.4,27.6,0.1848,0.0,mean_0.67,2,0.67,0.15,beta,none
City-C,T3,2x,400.0,S2_Platform,cross_regime,M_stress,650,True,1,456.8,349.9,50.1,0.2339,0.0,mean_0.67,2,0.67,0.15,beta,none
City-C,T3,2x,400.0,S3_Lin4,routine,M_routine,650,True,1,410.7,372.4,27.6,0.0934,0.0,mean_0.67,2,0.67,0.15,beta,none
City-C,T3,2x,400.0,S3_Lin4,cross_regime,M_stress,650,True,1,410.7,349.9,50.1,0.1481,0.0,mean_0.67,2,0.67,0.15,beta,none
City-C,T3,2x,400.0,S4_GlobalCalib,routine,M_routine,650,True,1,437.3,372.4,27.6,0.1486,0.0,mean_0.67,2,0.67,0.15,beta,none
City-C,T3,2x,400.0,S4_GlobalCalib,cross_regime,M_stress,650,True,1,437.3,349.9,50.1,0.1999,0.0,mean_0.67,2,0.67,0.15,beta,none
City-C,T3,2x,400.0,S5_CityCalib,routine,M_routine,650,True,1,437.7,372.4,27.6,0.1492,0.0,mean_0.67,2,0.67,0.15,beta,none
City-C,T3,2x,400.0,S5_CityCalib,cross_regime,M_stress,650,True,1,437.7,349.9,50.1,0.2005,0.0,mean_0.67,2,0.67,0.15,beta,none
City-C,T3,2x,400.0,S6_Q10,routine,M_routine,650,True,2,584.9,800.6,0.0,0.0,1.0,mean_0.67,2,0.67,0.15,beta,none
City-C,T3,2x,400.0,S6_Q10,cross_regime,M_stress,650,True,2,584.9,657.2,0.0,0.0,1.0,mean_0.67,2,0.67,0.15,beta,none
City-C,T3,5x,1000.0,S0a_RoutineOracle,routine,M_routine,650,True,3,1191.2,1191.2,0.0,0.0,1.0,mean_0.67,2,0.67,0.15,beta,none
City-C,T3,5x,1000.0,S0a_RoutineOracle,cross_regime,M_stress,650,True,3,1191.2,724.6,275.4,0.3917,0.0,mean_0.67,2,0.67,0.15,beta,none
City-C,T3,5x,1000.0,S0b_StressOracle,routine,M_routine,650,True,4,1206.1,1474.1,0.0,0.0,1.0,mean_0.67,2,0.67,0.15,beta,none
City-C,T3,5x,1000.0,S0b_StressOracle,cross_regime,M_stress,650,True,4,1206.1,1206.1,0.0,0.0,1.0,mean_0.67,2,0.67,0.15,beta,none
City-C,T3,5x,1000.0,S1_CapRR,routine,M_routine,650,True,2,1266.8,800.6,199.4,0.368,0.0,mean_0.67,2,0.67,0.15,beta,none
City-C,T3,5x,1000.0,S1_CapRR,cross_regime,M_stress,650,True,2,1266.8,657.2,342.8,0.4813,0.0,mean_0.67,2,0.67,0.15,beta,none
City-C,T3,5x,1000.0,S2_Platform,routine,M_routine,650,True,3,1285.7,1102.7,0.0,0.1423,1.0,mean_0.67,2,0.67,0.15,beta,none
City-C,T3,5x,1000.0,S2_Platform,cross_regime,M_stress,650,True,3,1285.7,799.4,200.6,0.3782,0.0,mean_0.67,2,0.67,0.15,beta,none
City-C,T3,5x,1000.0,S3_Lin4,routine,M_routine,650,True,3,1191.2,1140.4,0.0,0.0426,1.0,mean_0.67,2,0.67,0.15,beta,none
City-C,T3,5x,1000.0,S3_Lin4,cross_regime,M_stress,650,True,3,1191.2,904.6,95.4,0.2406,0.0,mean_0.67,2,0.67,0.15,beta,none
City-C,T3,5x,1000.0,S4_GlobalCalib,routine,M_routine,650,True,3,1234.6,1140.4,0.0,0.0763,1.0,mean_0.67,2,0.67,0.15,beta,none
City-C,T3,5x,1000.0,S4_GlobalCalib,cross_regime,M_stress,650,True,3,1234.6,904.6,95.4,0.2673,0.0,mean_0.67,2,0.67,0.15,beta,none
City-C,T3,5x,1000.0,S5_CityCalib,routine,M_routine,650,True,3,1235.3,1140.4,0.0,0.0768,1.0,mean_0.67,2,0.67,0.15,beta,none
City-C,T3,5x,1000.0,S5_CityCalib,cross_regime,M_stress,650,True,3,1235.3,904.6,95.4,0.2677,0.0,mean_0.67,2,0.67,0.15,beta,none
City-C,T3,5x,1000.0,S6_Q10,routine,M_routine,650,True,4,1083.5,1469.6,0.0,0.0,1.0,mean_0.67,2,0.67,0.15,beta,none
City-C,T3,5x,1000.0,S6_Q10,cross_regime,M_stress,650,True,4,1083.5,1184.1,0.0,0.0,1.0,mean_0.67,2,0.67,0.15,beta,none
City-C,T3,10x,2000.0,S0a_RoutineOracle,routine,M_routine,650,True,6,2290.9,2290.9,0.0,0.0,1.0,mean_0.67,2,0.67,0.15,beta,none
City-C,T3,10x,2000.0,S0a_RoutineOracle,cross_regime,M_stress,650,True,6,2290.9,1420.3,579.7,0.38,0.0,mean_0.67,2,0.67,0.15,beta,none
City-C,T3,10x,2000.0,S0b_StressOracle,routine,M_routine,650,True,8,2162.6,2630.3,0.0,0.0,1.0,mean_0.67,2,0.67,0.15,beta,none
City-C,T3,10x,2000.0,S0b_StressOracle,cross_regime,M_stress,650,True,8,2162.6,2162.6,0.0,0.0,1.0,mean_0.67,2,0.67,0.15,beta,none
City-C,T3,10x,2000.0,S1_CapRR,routine,M_routine,650,True,4,2346.7,1469.6,530.4,0.3738,0.0,mean_0.67,2,0.67,0.15,beta,none
City-C,T3,10x,2000.0,S1_CapRR,cross_regime,M_stress,650,True,4,2346.7,1184.1,815.9,0.4954,0.0,mean_0.67,2,0.67,0.15,beta,none
City-C,T3,10x,2000.0,S2_Platform,routine,M_routine,650,True,5,2048.1,1790.2,209.8,0.1259,0.0,mean_0.67,2,0.67,0.15,beta,none
City-C,T3,10x,2000.0,S2_Platform,cross_regime,M_stress,650,True,5,2048.1,1227.3,772.7,0.4008,0.0,mean_0.67,2,0.67,0.15,beta,none
City-C,T3,10x,2000.0,S3_Lin4,routine,M_routine,650,True,6,2297.6,2245.1,0.0,0.0229,1.0,mean_0.67,2,0.67,0.15,beta,none
City-C,T3,10x,2000.0,S3_Lin4,cross_regime,M_stress,650,True,6,2297.6,1498.3,501.7,0.3479,0.0,mean_0.67,2,0.67,0.15,beta,none
City-C,T3,10x,2000.0,S4_GlobalCalib,routine,M_routine,650,True,6,2261.9,2117.3,0.0,0.0639,1.0,mean_0.67,2,0.67,0.15,beta,none
City-C,T3,10x,2000.0,S4_GlobalCalib,cross_regime,M_stress,650,True,6,2261.9,1566.9,433.1,0.3073,0.0,mean_0.67,2,0.67,0.15,beta,none
City-C,T3,10x,2000.0,S5_CityCalib,routine,M_routine,650,True,6,2262.5,2117.3,0.0,0.0642,1.0,mean_0.67,2,0.67,0.15,beta,none
City-C,T3,10x,2000.0,S5_CityCalib,cross_regime,M_stress,650,True,6,2262.5,1566.9,433.1,0.3075,0.0,mean_0.67,2,0.67,0.15,beta,none
City-C,T3,10x,2000.0,S6_Q10,routine,M_routine,650,True,9,2220.8,3119.8,0.0,0.0,1.0,mean_0.67,2,0.67,0.15,beta,none
City-C,T3,10x,2000.0,S6_Q10,cross_regime,M_stress,650,True,9,2220.8,2135.0,0.0,0.0386,1.0,mean_0.67,2,0.67,0.15,beta,none
City-C,T4,1x,140.0,S0a_RoutineOracle,routine,M_routine,650,True,1,526.7,526.7,0.0,0.0,1.0,mean_0.67,2,0.67,0.15,beta,none
City-C,T4,1x,140.0,S0a_RoutineOracle,cross_regime,M_stress,650,True,1,526.7,258.7,0.0,0.5088,1.0,mean_0.67,2,0.67,0.15,beta,none
City-C,T4,1x,140.0,S0b_StressOracle,routine,M_routine,650,True,1,359.7,510.0,0.0,0.0,1.0,mean_0.67,2,0.67,0.15,beta,none
City-C,T4,1x,140.0,S0b_StressOracle,cross_regime,M_stress,650,True,1,359.7,359.7,0.0,0.0,1.0,mean_0.67,2,0.67,0.15,beta,none
City-C,T4,1x,140.0,S1_CapRR,routine,M_routine,650,True,1,737.0,510.0,0.0,0.308,1.0,mean_0.67,2,0.67,0.15,beta,none
City-C,T4,1x,140.0,S1_CapRR,cross_regime,M_stress,650,True,1,737.0,359.7,0.0,0.5119,1.0,mean_0.67,2,0.67,0.15,beta,none
City-C,T4,1x,140.0,S2_Platform,routine,M_routine,650,True,1,377.7,412.5,0.0,0.0,1.0,mean_0.67,2,0.67,0.15,beta,none
City-C,T4,1x,140.0,S2_Platform,cross_regime,M_stress,650,True,1,377.7,243.9,0.0,0.3541,1.0,mean_0.67,2,0.67,0.15,beta,none
City-C,T4,1x,140.0,S3_Lin4,routine,M_routine,650,True,1,424.0,510.0,0.0,0.0,1.0,mean_0.67,2,0.67,0.15,beta,none
City-C,T4,1x,140.0,S3_Lin4,cross_regime,M_stress,650,True,1,424.0,359.7,0.0,0.1517,1.0,mean_0.67,2,0.67,0.15,beta,none
City-C,T4,1x,140.0,S4_GlobalCalib,routine,M_routine,650,True,1,496.9,510.0,0.0,0.0,1.0,mean_0.67,2,0.67,0.15,beta,none
City-C,T4,1x,140.0,S4_GlobalCalib,cross_regime,M_stress,650,True,1,496.9,359.7,0.0,0.276,1.0,mean_0.67,2,0.67,0.15,beta,none
City-C,T4,1x,140.0,S5_CityCalib,routine,M_routine,650,True,1,495.8,510.0,0.0,0.0,1.0,mean_0.67,2,0.67,0.15,beta,none
City-C,T4,1x,140.0,S5_CityCalib,cross_regime,M_stress,650,True,1,495.8,359.7,0.0,0.2745,1.0,mean_0.67,2,0.67,0.15,beta,none
City-C,T4,1x,140.0,S6_Q10,routine,M_routine,650,True,1,341.1,510.0,0.0,0.0,1.0,mean_0.67,2,0.67,0.15,beta,none
City-C,T4,1x,140.0,S6_Q10,cross_regime,M_stress,650,True,1,341.1,359.7,0.0,0.0,1.0,mean_0.67,2,0.67,0.15,beta,none
City-C,T4,2x,280.0,S0a_RoutineOracle,routine,M_routine,650,True,1,526.7,526.7,0.0,0.0,1.0,mean_0.67,2,0.67,0.15,beta,none
City-C,T4,2x,280.0,S0a_RoutineOracle,cross_regime,M_stress,650,True,1,526.7,258.7,21.3,0.5088,0.0,mean_0.67,2,0.67,0.15,beta,none
City-C,T4,2x,280.0,S0b_StressOracle,routine,M_routine,650,True,1,359.7,510.0,0.0,0.0,1.0,mean_0.67,2,0.67,0.15,beta,none
City-C,T4,2x,280.0,S0b_StressOracle,cross_regime,M_stress,650,True,1,359.7,359.7,0.0,0.0,1.0,mean_0.67,2,0.67,0.15,beta,none
City-C,T4,2x,280.0,S1_CapRR,routine,M_routine,650,True,1,737.0,510.0,0.0,0.308,1.0,mean_0.67,2,0.67,0.15,beta,none
City-C,T4,2x,280.0,S1_CapRR,cross_regime,M_stress,650,True,1,737.0,359.7,0.0,0.5119,1.0,mean_0.67,2,0.67,0.15,beta,none
City-C,T4,2x,280.0,S2_Platform,routine,M_routine,650,True,1,377.7,412.5,0.0,0.0,1.0,mean_0.67,2,0.67,0.15,beta,none
City-C,T4,2x,280.0,S2_Platform,cross_regime,M_stress,650,True,1,377.7,243.9,36.1,0.3541,0.0,mean_0.67,2,0.67,0.15,beta,none
City-C,T4,2x,280.0,S3_Lin4,routine,M_routine,650,True,1,424.0,510.0,0.0,0.0,1.0,mean_0.67,2,0.67,0.15,beta,none
City-C,T4,2x,280.0,S3_Lin4,cross_regime,M_stress,650,True,1,424.0,359.7,0.0,0.1517,1.0,mean_0.67,2,0.67,0.15,beta,none
City-C,T4,2x,280.0,S4_GlobalCalib,routine,M_routine,650,True,1,496.9,510.0,0.0,0.0,1.0,mean_0.67,2,0.67,0.15,beta,none
City-C,T4,2x,280.0,S4_GlobalCalib,cross_regime,M_stress,650,True,1,496.9,359.7,0.0,0.276,1.0,mean_0.67,2,0.67,0.15,beta,none
City-C,T4,2x,280.0,S5_CityCalib,routine,M_routine,650,True,1,495.8,510.0,0.0,0.0,1.0,mean_0.67,2,0.67,0.15,beta,none
City-C,T4,2x,280.0,S5_CityCalib,cross_regime,M_stress,650,True,1,495.8,359.7,0.0,0.2745,1.0,mean_0.67,2,0.67,0.15,beta,none
City-C,T4,2x,280.0,S6_Q10,routine,M_routine,650,True,1,341.1,510.0,0.0,0.0,1.0,mean_0.67,2,0.67,0.15,beta,none
City-C,T4,2x,280.0,S6_Q10,cross_regime,M_stress,650,True,1,341.1,359.7,0.0,0.0,1.0,mean_0.67,2,0.67,0.15,beta,none
City-C,T4,5x,700.0,S0a_RoutineOracle,routine,M_routine,650,True,2,1048.5,1048.5,0.0,0.0,1.0,mean_0.67,2,0.67,0.15,beta,none
City-C,T4,5x,700.0,S0a_RoutineOracle,cross_regime,M_stress,650,True,2,1048.5,553.4,146.6,0.4722,0.0,mean_0.67,2,0.67,0.15,beta,none
City-C,T4,5x,700.0,S0b_StressOracle,routine,M_routine,650,True,3,954.9,1501.5,0.0,0.0,1.0,mean_0.67,2,0.67,0.15,beta,none
City-C,T4,5x,700.0,S0b_StressOracle,cross_regime,M_stress,650,True,3,954.9,954.9,0.0,0.0,1.0,mean_0.67,2,0.67,0.15,beta,none
City-C,T4,5x,700.0,S1_CapRR,routine,M_routine,650,True,1,737.0,510.0,190.0,0.308,0.0,mean_0.67,2,0.67,0.15,beta,none
City-C,T4,5x,700.0,S1_CapRR,cross_regime,M_stress,650,True,1,737.0,359.7,340.3,0.5119,0.0,mean_0.67,2,0.67,0.15,beta,none
City-C,T4,5x,700.0,S2_Platform,routine,M_routine,650,True,2,738.2,939.2,0.0,0.0,1.0,mean_0.67,2,0.67,0.15,beta,none
City-C,T4,5x,700.0,S2_Platform,cross_regime,M_stress,650,True,2,738.2,502.6,197.4,0.3191,0.0,mean_0.67,2,0.67,0.15,beta,none
City-C,T4,5x,700.0,S3_Lin4,routine,M_routine,650,True,2,830.0,1036.7,0.0,0.0,1.0,mean_0.67,2,0.67,0.15,beta,none
City-C,T4,5x,700.0,S3_Lin4,cross_regime,M_stress,650,True,2,830.0,618.4,81.6,0.2549,0.0,mean_0.67,2,0.67,0.15,beta,none
City-C,T4,5x,700.0,S4_GlobalCalib,routine,M_routine,650,True,2,970.4,1036.7,0.0,0.0,1.0,mean_0.67,2,0.67,0.15,beta,none
City-C,T4,5x,700.0,S4_GlobalCalib,cross_regime,M_stress,650,True,2,970.4,618.4,81.6,0.3627,0.0,mean_0.67,2,0.67,0.15,beta,none
City-C,T4,5x,700.0,S5_CityCalib,routine,M_routine,650,True,2,968.3,1036.7,0.0,0.0,1.0,mean_0.67,2,0.67,0.15,beta,none
City-C,T4,5x,700.0,S5_CityCalib,cross_regime,M_stress,650,True,2,968.3,618.4,81.6,0.3614,0.0,mean_0.67,2,0.67,0.15,beta,none
City-C,T4,5x,700.0,S6_Q10,routine,M_routine,650,True,3,963.2,1506.4,0.0,0.0,1.0,mean_0.67,2,0.67,0.15,beta,none
City-C,T4,5x,700.0,S6_Q10,cross_regime,M_stress,650,True,3,963.2,919.0,0.0,0.0459,1.0,mean_0.67,2,0.67,0.15,beta,none
City-C,T4,10x,1400.0,S0a_RoutineOracle,routine,M_routine,650,True,3,1558.5,1558.5,0.0,0.0,1.0,mean_0.67,2,0.67,0.15,beta,none
City-C,T4,10x,1400.0,S0a_RoutineOracle,cross_regime,M_stress,650,True,3,1558.5,913.1,486.9,0.4141,0.0,mean_0.67,2,0.67,0.15,beta,none
City-C,T4,10x,1400.0,S0b_StressOracle,routine,M_routine,650,True,5,1476.3,2286.9,0.0,0.0,1.0,mean_0.67,2,0.67,0.15,beta,none
City-C,T4,10x,1400.0,S0b_StressOracle,cross_regime,M_stress,650,True,5,1476.3,1476.3,0.0,0.0,1.0,mean_0.67,2,0.67,0.15,beta,none
City-C,T4,10x,1400.0,S1_CapRR,routine,M_routine,650,True,2,1439.5,1036.7,363.3,0.2798,0.0,mean_0.67,2,0.67,0.15,beta,none
City-C,T4,10x,1400.0,S1_CapRR,cross_regime,M_stress,650,True,2,1439.5,618.4,781.6,0.5704,0.0,mean_0.67,2,0.67,0.15,beta,none
City-C,T4,10x,1400.0,S2_Platform,routine,M_routine,650,True,4,1425.4,1812.5,0.0,0.0,1.0,mean_0.67,2,0.67,0.15,beta,none
City-C,T4,10x,1400.0,S2_Platform,cross_regime,M_stress,650,True,4,1425.4,958.1,441.9,0.3279,0.0,mean_0.67,2,0.67,0.15,beta,none
City-C,T4,10x,1400.0,S3_Lin4,routine,M_routine,650,True,4,1615.5,1765.1,0.0,0.0,1.0,mean_0.67,2,0.67,0.15,beta,none
City-C,T4,10x,1400.0,S3_Lin4,cross_regime,M_stress,650,True,4,1615.5,1181.6,218.4,0.2686,0.0,mean_0.67,2,0.67,0.15,beta,none
City-C,T4,10x,1400.0,S4_GlobalCalib,routine,M_routine,650,True,3,1402.8,1506.4,0.0,0.0,1.0,mean_0.67,2,0.67,0.15,beta,none
City-C,T4,10x,1400.0,S4_GlobalCalib,cross_regime,M_stress,650,True,3,1402.8,919.0,481.0,0.3449,0.0,mean_0.67,2,0.67,0.15,beta,none
City-C,T4,10x,1400.0,S5_CityCalib,routine,M_routine,650,True,4,1793.4,2028.1,0.0,0.0,1.0,mean_0.67,2,0.67,0.15,beta,none
City-C,T4,10x,1400.0,S5_CityCalib,cross_regime,M_stress,650,True,4,1793.4,1213.7,186.3,0.3233,0.0,mean_0.67,2,0.67,0.15,beta,none
City-C,T4,10x,1400.0,S6_Q10,routine,M_routine,650,True,5,1502.2,2385.5,0.0,0.0,1.0,mean_0.67,2,0.67,0.15,beta,none
City-C,T4,10x,1400.0,S6_Q10,cross_regime,M_stress,650,True,5,1502.2,1414.5,0.0,0.0584,1.0,mean_0.67,2,0.67,0.15,beta,none
City-C,T5,1x,160.0,S0a_RoutineOracle,routine,M_routine,650,True,1,492.4,492.4,0.0,0.0,1.0,mean_0.67,2,0.67,0.15,beta,none
City-C,T5,1x,160.0,S0a_RoutineOracle,cross_regime,M_stress,650,True,1,492.4,364.2,0.0,0.2605,1.0,mean_0.67,2,0.67,0.15,beta,none
City-C,T5,1x,160.0,S0b_StressOracle,routine,M_routine,650,True,1,364.2,492.4,0.0,0.0,1.0,mean_0.67,2,0.67,0.15,beta,none
City-C,T5,1x,160.0,S0b_StressOracle,cross_regime,M_stress,650,True,1,364.2,364.2,0.0,0.0,1.0,mean_0.67,2,0.67,0.15,beta,none
City-C,T5,1x,160.0,S1_CapRR,routine,M_routine,650,True,1,648.6,436.7,0.0,0.3267,1.0,mean_0.67,2,0.67,0.15,beta,none
City-C,T5,1x,160.0,S1_CapRR,cross_regime,M_stress,650,True,1,648.6,304.0,0.0,0.5313,1.0,mean_0.67,2,0.67,0.15,beta,none
City-C,T5,1x,160.0,S2_Platform,routine,M_routine,650,True,1,451.5,436.7,0.0,0.0328,1.0,mean_0.67,2,0.67,0.15,beta,none
City-C,T5,1x,160.0,S2_Platform,cross_regime,M_stress,650,True,1,451.5,304.0,0.0,0.3267,1.0,mean_0.67,2,0.67,0.15,beta,none
City-C,T5,1x,160.0,S3_Lin4,routine,M_routine,650,True,1,406.5,436.7,0.0,0.0,1.0,mean_0.67,2,0.67,0.15,beta,none
City-C,T5,1x,160.0,S3_Lin4,cross_regime,M_stress,650,True,1,406.5,304.0,0.0,0.252,1.0,mean_0.67,2,0.67,0.15,beta,none
City-C,T5,1x,160.0,S4_GlobalCalib,routine,M_routine,650,True,1,433.9,436.7,0.0,0.0,1.0,mean_0.67,2,0.67,0.15,beta,none
City-C,T5,1x,160.0,S4_GlobalCalib,cross_regime,M_stress,650,True,1,433.9,304.0,0.0,0.2994,1.0,mean_0.67,2,0.67,0.15,beta,none
City-C,T5,1x,160.0,S5_CityCalib,routine,M_routine,650,True,1,433.3,436.7,0.0,0.0,1.0,mean_0.67,2,0.67,0.15,beta,none
City-C,T5,1x,160.0,S5_CityCalib,cross_regime,M_stress,650,True,1,433.3,304.0,0.0,0.2985,1.0,mean_0.67,2,0.67,0.15,beta,none
City-C,T5,1x,160.0,S6_Q10,routine,M_routine,650,True,1,297.0,436.7,0.0,0.0,1.0,mean_0.67,2,0.67,0.15,beta,none
City-C,T5,1x,160.0,S6_Q10,cross_regime,M_stress,650,True,1,297.0,304.0,0.0,0.0,1.0,mean_0.67,2,0.67,0.15,beta,none
City-C,T5,2x,320.0,S0a_RoutineOracle,routine,M_routine,650,True,1,492.4,492.4,0.0,0.0,1.0,mean_0.67,2,0.67,0.15,beta,none
City-C,T5,2x,320.0,S0a_RoutineOracle,cross_regime,M_stress,650,True,1,492.4,364.2,0.0,0.2605,1.0,mean_0.67,2,0.67,0.15,beta,none
City-C,T5,2x,320.0,S0b_StressOracle,routine,M_routine,650,True,1,364.2,492.4,0.0,0.0,1.0,mean_0.67,2,0.67,0.15,beta,none
City-C,T5,2x,320.0,S0b_StressOracle,cross_regime,M_stress,650,True,1,364.2,364.2,0.0,0.0,1.0,mean_0.67,2,0.67,0.15,beta,none
City-C,T5,2x,320.0,S1_CapRR,routine,M_routine,650,True,1,648.6,436.7,0.0,0.3267,1.0,mean_0.67,2,0.67,0.15,beta,none
City-C,T5,2x,320.0,S1_CapRR,cross_regime,M_stress,650,True,1,648.6,304.0,16.0,0.5313,0.0,mean_0.67,2,0.67,0.15,beta,none
City-C,T5,2x,320.0,S2_Platform,routine,M_routine,650,True,1,451.5,436.7,0.0,0.0328,1.0,mean_0.67,2,0.67,0.15,beta,none
City-C,T5,2x,320.0,S2_Platform,cross_regime,M_stress,650,True,1,451.5,304.0,16.0,0.3267,0.0,mean_0.67,2,0.67,0.15,beta,none
City-C,T5,2x,320.0,S3_Lin4,routine,M_routine,650,True,1,406.5,436.7,0.0,0.0,1.0,mean_0.67,2,0.67,0.15,beta,none
City-C,T5,2x,320.0,S3_Lin4,cross_regime,M_stress,650,True,1,406.5,304.0,16.0,0.252,0.0,mean_0.67,2,0.67,0.15,beta,none
City-C,T5,2x,320.0,S4_GlobalCalib,routine,M_routine,650,True,1,433.9,436.7,0.0,0.0,1.0,mean_0.67,2,0.67,0.15,beta,none
City-C,T5,2x,320.0,S4_GlobalCalib,cross_regime,M_stress,650,True,1,433.9,304.0,16.0,0.2994,0.0,mean_0.67,2,0.67,0.15,beta,none
City-C,T5,2x,320.0,S5_CityCalib,routine,M_routine,650,True,1,433.3,436.7,0.0,0.0,1.0,mean_0.67,2,0.67,0.15,beta,none
City-C,T5,2x,320.0,S5_CityCalib,cross_regime,M_stress,650,True,1,433.3,304.0,16.0,0.2985,0.0,mean_0.67,2,0.67,0.15,beta,none
City-C,T5,2x,320.0,S6_Q10,routine,M_routine,650,True,2,580.0,929.1,0.0,0.0,1.0,mean_0.67,2,0.67,0.15,beta,none
City-C,T5,2x,320.0,S6_Q10,cross_regime,M_stress,650,True,2,580.0,668.2,0.0,0.0,1.0,mean_0.67,2,0.67,0.15,beta,none
City-C,T5,5x,800.0,S0a_RoutineOracle,routine,M_routine,650,True,2,929.1,929.1,0.0,0.0,1.0,mean_0.67,2,0.67,0.15,beta,none
City-C,T5,5x,800.0,S0a_RoutineOracle,cross_regime,M_stress,650,True,2,929.1,668.2,131.8,0.2809,0.0,mean_0.67,2,0.67,0.15,beta,none
City-C,T5,5x,800.0,S0b_StressOracle,routine,M_routine,650,True,3,944.4,1118.5,0.0,0.0,1.0,mean_0.67,2,0.67,0.15,beta,none
City-C,T5,5x,800.0,S0b_StressOracle,cross_regime,M_stress,650,True,3,944.4,944.4,0.0,0.0,1.0,mean_0.67,2,0.67,0.15,beta,none
City-C,T5,5x,800.0,S1_CapRR,routine,M_routine,650,True,2,1266.8,929.1,0.0,0.2666,1.0,mean_0.67,2,0.67,0.15,beta,none
City-C,T5,5x,800.0,S1_CapRR,cross_regime,M_stress,650,True,2,1266.8,668.2,131.8,0.4726,0.0,mean_0.67,2,0.67,0.15,beta,none
City-C,T5,5x,800.0,S2_Platform,routine,M_routine,650,True,2,882.9,759.1,40.9,0.1402,0.0,mean_0.67,2,0.67,0.15,beta,none
City-C,T5,5x,800.0,S2_Platform,cross_regime,M_stress,650,True,2,882.9,555.3,244.7,0.3711,0.0,mean_0.67,2,0.67,0.15,beta,none
City-C,T5,5x,800.0,S3_Lin4,routine,M_routine,650,True,3,1181.0,1307.7,0.0,0.0,1.0,mean_0.67,2,0.67,0.15,beta,none
City-C,T5,5x,800.0,S3_Lin4,cross_regime,M_stress,650,True,3,1181.0,876.7,0.0,0.2576,1.0,mean_0.67,2,0.67,0.15,beta,none
City-C,T5,5x,800.0,S4_GlobalCalib,routine,M_routine,650,True,2,847.5,929.1,0.0,0.0,1.0,mean_0.67,2,0.67,0.15,beta,none
City-C,T5,5x,800.0,S4_GlobalCalib,cross_regime,M_stress,650,True,2,847.5,668.2,131.8,0.2116,0.0,mean_0.67,2,0.67,0.15,beta,none
City-C,T5,5x,800.0,S5_CityCalib,routine,M_routine,650,True,2,846.3,929.1,0.0,0.0,1.0,mean_0.67,2,0.67,0.15,beta,none
City-C,T5,5x,800.0,S5_CityCalib,cross_regime,M_stress,650,True,2,846.3,668.2,131.8,0.2105,0.0,mean_0.67,2,0.67,0.15,beta,none
City-C,T5,5x,800.0,S6_Q10,routine,M_routine,650,True,3,838.5,1307.7,0.0,0.0,1.0,mean_0.67,2,0.67,0.15,beta,none
City-C,T5,5x,800.0,S6_Q10,cross_regime,M_stress,650,True,3,838.5,876.7,0.0,0.0,1.0,mean_0.67,2,0.67,0.15,beta,none
City-C,T5,10x,1600.0,S0a_RoutineOracle,routine,M_routine,650,True,4,1719.4,1719.4,0.0,0.0,1.0,mean_0.67,2,0.67,0.15,beta,none
City-C,T5,10x,1600.0,S0a_RoutineOracle,cross_regime,M_stress,650,True,4,1719.4,1009.0,591.0,0.4132,0.0,mean_0.67,2,0.67,0.15,beta,none
City-C,T5,10x,1600.0,S0b_StressOracle,routine,M_routine,650,True,6,1711.0,2014.2,0.0,0.0,1.0,mean_0.67,2,0.67,0.15,beta,none
City-C,T5,10x,1600.0,S0b_StressOracle,cross_regime,M_stress,650,True,6,1711.0,1711.0,0.0,0.0,1.0,mean_0.67,2,0.67,0.15,beta,none
City-C,T5,10x,1600.0,S1_CapRR,routine,M_routine,650,True,3,1831.4,1307.7,292.3,0.2859,0.0,mean_0.67,2,0.67,0.15,beta,none
City-C,T5,10x,1600.0,S1_CapRR,cross_regime,M_stress,650,True,3,1831.4,876.7,723.3,0.5213,0.0,mean_0.67,2,0.67,0.15,beta,none
City-C,T5,10x,1600.0,S2_Platform,routine,M_routine,650,True,4,1670.1,1390.7,209.3,0.1673,0.0,mean_0.67,2,0.67,0.15,beta,none
City-C,T5,10x,1600.0,S2_Platform,cross_regime,M_stress,650,True,4,1670.1,934.9,665.1,0.4402,0.0,mean_0.67,2,0.67,0.15,beta,none
City-C,T5,10x,1600.0,S3_Lin4,routine,M_routine,650,True,5,1929.8,1896.0,0.0,0.0175,1.0,mean_0.67,2,0.67,0.15,beta,none
City-C,T5,10x,1600.0,S3_Lin4,cross_regime,M_stress,650,True,5,1929.8,1226.7,373.3,0.3643,0.0,mean_0.67,2,0.67,0.15,beta,none
City-C,T5,10x,1600.0,S4_GlobalCalib,routine,M_routine,650,True,5,1910.5,1819.5,0.0,0.0476,1.0,mean_0.67,2,0.67,0.15,beta,none
City-C,T5,10x,1600.0,S4_GlobalCalib,cross_regime,M_stress,650,True,5,1910.5,1404.2,195.8,0.265,0.0,mean_0.67,2,0.67,0.15,beta,none
City-C,T5,10x,1600.0,S5_CityCalib,routine,M_routine,650,True,5,1907.4,1819.5,0.0,0.0461,1.0,mean_0.67,2,0.67,0.15,beta,none
City-C,T5,10x,1600.0,S5_CityCalib,cross_regime,M_stress,650,True,5,1907.4,1404.2,195.8,0.2638,0.0,mean_0.67,2,0.67,0.15,beta,none
City-C,T5,10x,1600.0,S6_Q10,routine,M_routine,650,True,7,1761.8,2558.6,0.0,0.0,1.0,mean_0.67,2,0.67,0.15,beta,none
City-C,T5,10x,1600.0,S6_Q10,cross_regime,M_stress,650,True,7,1761.8,1764.0,0.0,0.0,1.0,mean_0.67,2,0.67,0.15,beta,none
