city,task_id,p_req_level,p_req,strategy,regime,eval_outcome,pool_size,pool_feasible,n_selected,p_commit,p_deliv,shortfall,ocr,success,config_name,seed_id,xi_mean,xi_std,xi_dist,xi_persistence
City-A,T1,1x,180.0,S0a_RoutineOracle,routine,M_routine,800,True,1,617.8,617.8,0.0,0.0,1.0,mean_0.8,7,0.8,0.15,beta,none
City-A,T1,1x,180.0,S0a_RoutineOracle,cross_regime,M_stress,800,True,1,617.8,382.1,0.0,0.3815,1.0,mean_0.8,7,0.8,0.15,beta,none
City-A,T1,1x,180.0,S0b_StressOracle,routine,M_routine,800,True,1,382.1,617.8,0.0,0.0,1.0,mean_0.8,7,0.8,0.15,beta,none
City-A,T1,1x,180.0,S0b_StressOracle,cross_regime,M_stress,800,True,1,382.1,382.1,0.0,0.0,1.0,mean_0.8,7,0.8,0.15,beta,none
City-A,T1,1x,180.0,S1_CapRR,routine,M_routine,800,True,1,678.2,617.8,0.0,0.089,1.0,mean_0.8,7,0.8,0.15,beta,none
City-A,T1,1x,180.0,S1_CapRR,cross_regime,M_stress,800,True,1,678.2,382.1,0.0,0.4365,1.0,mean_0.8,7,0.8,0.15,beta,none
City-A,T1,1x,180.0,S2_Platform,routine,M_routine,800,True,1,421.1,617.8,0.0,0.0,1.0,mean_0.8,7,0.8,0.15,beta,none
City-A,T1,1x,180.0,S2_Platform,cross_regime,M_stress,800,True,1,421.1,382.1,0.0,0.0925,1.0,mean_0.8,7,0.8,0.15,beta,none
City-A,T1,1x,180.0,S3_Lin4,routine,M_routine,800,True,1,589.0,617.8,0.0,0.0,1.0,mean_0.8,7,0.8,0.15,beta,none
City-A,T1,1x,180.0,S3_Lin4,cross_regime,M_stress,800,True,1,589.0,382.1,0.0,0.3512,1.0,mean_0.8,7,0.8,0.15,beta,none
City-A,T1,1x,180.0,S4_GlobalCalib,routine,M_routine,800,True,1,544.4,617.8,0.0,0.0,1.0,mean_0.8,7,0.8,0.15,beta,none
City-A,T1,1x,180.0,S4_GlobalCalib,cross_regime,M_stress,800,True,1,544.4,382.1,0.0,0.2981,1.0,mean_0.8,7,0.8,0.15,beta,none
City-A,T1,1x,180.0,S5_CityCalib,routine,M_routine,800,True,1,545.4,617.8,0.0,0.0,1.0,mean_0.8,7,0.8,0.15,beta,none
City-A,T1,1x,180.0,S5_CityCalib,cross_regime,M_stress,800,True,1,545.4,382.1,0.0,0.2993,1.0,mean_0.8,7,0.8,0.15,beta,none
City-A,T1,1x,180.0,S6_Q10,routine,M_routine,800,True,1,395.3,617.8,0.0,0.0,1.0,mean_0.8,7,0.8,0.15,beta,none
City-A,T1,1x,180.0,S6_Q10,cross_regime,M_stress,800,True,1,395.3,382.1,0.0,0.0332,1.0,mean_0.8,7,0.8,0.15,beta,none
City-A,T1,2x,360.0,S0a_RoutineOracle,routine,M_routine,800,True,1,617.8,617.8,0.0,0.0,1.0,mean_0.8,7,0.8,0.15,beta,none
City-A,T1,2x,360.0,S0a_RoutineOracle,cross_regime,M_stress,800,True,1,617.8,382.1,0.0,0.3815,1.0,mean_0.8,7,0.8,0.15,beta,none
City-A,T1,2x,360.0,S0b_StressOracle,routine,M_routine,800,True,1,382.1,617.8,0.0,0.0,1.0,mean_0.8,7,0.8,0.15,beta,none
City-A,T1,2x,360.0,S0b_StressOracle,cross_regime,M_stress,800,True,1,382.1,382.1,0.0,0.0,1.0,mean_0.8,7,0.8,0.15,beta,none
City-A,T1,2x,360.0,S1_CapRR,routine,M_routine,800,True,1,678.2,617.8,0.0,0.089,1.0,mean_0.8,7,0.8,0.15,beta,none
City-A,T1,2x,360.0,S1_CapRR,cross_regime,M_stress,800,True,1,678.2,382.1,0.0,0.4365,1.0,mean_0.8,7,0.8,0.15,beta,none
City-A,T1,2x,360.0,S2_Platform,routine,M_routine,800,True,1,421.1,617.8,0.0,0.0,1.0,mean_0.8,7,0.8,0.15,beta,none
City-A,T1,2x,360.0,S2_Platform,cross_regime,M_stress,800,True,1,421.1,382.1,0.0,0.0925,1.0,mean_0.8,7,0.8,0.15,beta,none
City-A,T1,2x,360.0,S3_Lin4,routine,M_routine,800,True,1,589.0,617.8,0.0,0.0,1.0,mean_0.8,7,0.8,0.15,beta,none
City-A,T1,2x,360.0,S3_Lin4,cross_regime,M_stress,800,True,1,589.0,382.1,0.0,0.3512,1.0,mean_0.8,7,0.8,0.15,beta,none
City-A,T1,2x,360.0,S4_GlobalCalib,routine,M_routine,800,True,1,544.4,617.8,0.0,0.0,1.0,mean_0.8,7,0.8,0.15,beta,none
City-A,T1,2x,360.0,S4_GlobalCalib,cross_regime,M_stress,800,True,1,544.4,382.1,0.0,0.2981,1.0,mean_0.8,7,0.8,0.15,beta,none
City-A,T1,2x,360.0,S5_CityCalib,routine,M_routine,800,True,1,545.4,617.8,0.0,0.0,1.0,mean_0.8,7,0.8,0.15,beta,none
City-A,T1,2x,360.0,S5_CityCalib,cross_regime,M_stress,800,True,1,545.4,382.1,0.0,0.2993,1.0,mean_0.8,7,0.8,0.15,beta,none
City-A,T1,2x,360.0,S6_Q10,routine,M_routine,800,True,1,395.3,617.8,0.0,0.0,1.0,mean_0.8,7,0.8,0.15,beta,none
City-A,T1,2x,360.0,S6_Q10,cross_regime,M_stress,800,True,1,395.3,382.1,0.0,0.0332,1.0,mean_0.8,7,0.8,0.15,beta,none
City-A,T1,5x,900.0,S0a_RoutineOracle,routine,M_routine,800,True,2,1225.1,1225.1,0.0,0.0,1.0,mean_0.8,7,0.8,0.15,beta,none
City-A,T1,5x,900.0,S0a_RoutineOracle,cross_regime,M_stress,800,True,2,1225.1,588.2,311.8,0.5199,0.0,mean_0.8,7,0.8,0.15,beta,none
City-A,T1,5x,900.0,S0b_StressOracle,routine,M_routine,800,True,3,1108.2,1388.6,0.0,0.0,1.0,mean_0.8,7,0.8,0.15,beta,none
City-A,T1,5x,900.0,S0b_StressOracle,cross_regime,M_stress,800,True,3,1108.2,1108.2,0.0,0.0,1.0,mean_0.8,7,0.8,0.15,beta,none
City-A,T1,5x,900.0,S1_CapRR,routine,M_routine,800,True,2,1293.4,1225.1,0.0,0.0528,1.0,mean_0.8,7,0.8,0.15,beta,none
City-A,T1,5x,900.0,S1_CapRR,cross_regime,M_stress,800,True,2,1293.4,588.2,311.8,0.5452,0.0,mean_0.8,7,0.8,0.15,beta,none
City-A,T1,5x,900.0,S2_Platform,routine,M_routine,800,True,3,1202.1,1702.6,0.0,0.0,1.0,mean_0.8,7,0.8,0.15,beta,none
City-A,T1,5x,900.0,S2_Platform,cross_regime,M_stress,800,True,3,1202.1,867.2,32.8,0.2786,0.0,mean_0.8,7,0.8,0.15,beta,none
City-A,T1,5x,900.0,S3_Lin4,routine,M_routine,800,True,2,1052.3,1081.9,0.0,0.0,1.0,mean_0.8,7,0.8,0.15,beta,none
City-A,T1,5x,900.0,S3_Lin4,cross_regime,M_stress,800,True,2,1052.3,645.3,254.7,0.3868,0.0,mean_0.8,7,0.8,0.15,beta,none
City-A,T1,5x,900.0,S4_GlobalCalib,routine,M_routine,800,True,2,1038.2,1225.1,0.0,0.0,1.0,mean_0.8,7,0.8,0.15,beta,none
City-A,T1,5x,900.0,S4_GlobalCalib,cross_regime,M_stress,800,True,2,1038.2,588.2,311.8,0.4334,0.0,mean_0.8,7,0.8,0.15,beta,none
City-A,T1,5x,900.0,S5_CityCalib,routine,M_routine,800,True,2,1040.0,1225.1,0.0,0.0,1.0,mean_0.8,7,0.8,0.15,beta,none
City-A,T1,5x,900.0,S5_CityCalib,cross_regime,M_stress,800,True,2,1040.0,588.2,311.8,0.4344,0.0,mean_0.8,7,0.8,0.15,beta,none
City-A,T1,5x,900.0,S6_Q10,routine,M_routine,800,True,3,1101.4,1689.1,0.0,0.0,1.0,mean_0.8,7,0.8,0.15,beta,none
City-A,T1,5x,900.0,S6_Q10,cross_regime,M_stress,800,True,3,1101.4,851.4,48.6,0.227,0.0,mean_0.8,7,0.8,0.15,beta,none
City-A,T1,10x,1800.0,S0a_RoutineOracle,routine,M_routine,800,True,4,2195.8,2195.8,0.0,0.0,1.0,mean_0.8,7,0.8,0.15,beta,none
City-A,T1,10x,1800.0,S0a_RoutineOracle,cross_regime,M_stress,800,True,4,2195.8,1111.2,688.8,0.4939,0.0,mean_0.8,7,0.8,0.15,beta,none
City-A,T1,10x,1800.0,S0b_StressOracle,routine,M_routine,800,True,6,1927.0,2740.1,0.0,0.0,1.0,mean_0.8,7,0.8,0.15,beta,none
City-A,T1,10x,1800.0,S0b_StressOracle,cross_regime,M_stress,800,True,6,1927.0,1927.0,0.0,0.0,1.0,mean_0.8,7,0.8,0.15,beta,none
City-A,T1,10x,1800.0,S1_CapRR,routine,M_routine,800,True,3,1889.7,1689.1,110.9,0.1061,0.0,mean_0.8,7,0.8,0.15,beta,none
City-A,T1,10x,1800.0,S1_CapRR,cross_regime,M_stress,800,True,3,1889.7,851.4,948.6,0.5495,0.0,mean_0.8,7,0.8,0.15,beta,none
City-A,T1,10x,1800.0,S2_Platform,routine,M_routine,800,True,5,1914.5,2493.5,0.0,0.0,1.0,mean_0.8,7,0.8,0.15,beta,none
City-A,T1,10x,1800.0,S2_Platform,cross_regime,M_stress,800,True,5,1914.5,1480.0,320.0,0.2269,0.0,mean_0.8,7,0.8,0.15,beta,none
City-A,T1,10x,1800.0,S3_Lin4,routine,M_routine,800,True,4,1942.7,2034.2,0.0,0.0,1.0,mean_0.8,7,0.8,0.15,beta,none
City-A,T1,10x,1800.0,S3_Lin4,cross_regime,M_stress,800,True,4,1942.7,1103.7,696.3,0.4319,0.0,mean_0.8,7,0.8,0.15,beta,none
City-A,T1,10x,1800.0,S4_GlobalCalib,routine,M_routine,800,True,4,1984.2,2108.8,0.0,0.0,1.0,mean_0.8,7,0.8,0.15,beta,none
City-A,T1,10x,1800.0,S4_GlobalCalib,cross_regime,M_stress,800,True,4,1984.2,1211.6,588.4,0.3894,0.0,mean_0.8,7,0.8,0.15,beta,none
City-A,T1,10x,1800.0,S5_CityCalib,routine,M_routine,800,True,4,1987.5,2108.8,0.0,0.0,1.0,mean_0.8,7,0.8,0.15,beta,none
City-A,T1,10x,1800.0,S5_CityCalib,cross_regime,M_stress,800,True,4,1987.5,1211.6,588.4,0.3904,0.0,mean_0.8,7,0.8,0.15,beta,none
City-A,T1,10x,1800.0,S6_Q10,routine,M_routine,800,True,6,2078.7,2804.9,0.0,0.0,1.0,mean_0.8,7,0.8,0.15,beta,none
City-A,T1,10x,1800.0,S6_Q10,cross_regime,M_stress,800,True,6,2078.7,1829.8,0.0,0.1198,1.0,mean_0.8,7,0.8,0.15,beta,none
City-A,T2,1x,260.0,S0a_RoutineOracle,routine,M_routine,800,True,1,609.2,609.2,0.0,0.0,1.0,mean_0.8,7,0.8,0.15,beta,none
City-A,T2,1x,260.0,S0a_RoutineOracle,cross_regime,M_stress,800,True,1,609.2,353.4,0.0,0.4199,1.0,mean_0.8,7,0.8,0.15,beta,none
City-A,T2,1x,260.0,S0b_StressOracle,routine,M_routine,800,True,1,353.4,609.2,0.0,0.0,1.0,mean_0.8,7,0.8,0.15,beta,none
City-A,T2,1x,260.0,S0b_StressOracle,cross_regime,M_stress,800,True,1,353.4,353.4,0.0,0.0,1.0,mean_0.8,7,0.8,0.15,beta,none
City-A,T2,1x,260.0,S1_CapRR,routine,M_routine,800,True,1,678.2,609.2,0.0,0.1017,1.0,mean_0.8,7,0.8,0.15,beta,none
City-A,T2,1x,260.0,S1_CapRR,cross_regime,M_stress,800,True,1,678.2,353.4,0.0,0.4789,1.0,mean_0.8,7,0.8,0.15,beta,none
City-A,T2,1x,260.0,S2_Platform,routine,M_routine,800,True,1,441.1,609.2,0.0,0.0,1.0,mean_0.8,7,0.8,0.15,beta,none
City-A,T2,1x,260.0,S2_Platform,cross_regime,M_stress,800,True,1,441.1,353.4,0.0,0.1989,1.0,mean_0.8,7,0.8,0.15,beta,none
City-A,T2,1x,260.0,S3_Lin4,routine,M_routine,800,True,1,584.5,609.2,0.0,0.0,1.0,mean_0.8,7,0.8,0.15,beta,none
City-A,T2,1x,260.0,S3_Lin4,cross_regime,M_stress,800,True,1,584.5,353.4,0.0,0.3954,1.0,mean_0.8,7,0.8,0.15,beta,none
City-A,T2,1x,260.0,S4_GlobalCalib,routine,M_routine,800,True,1,542.6,609.2,0.0,0.0,1.0,mean_0.8,7,0.8,0.15,beta,none
City-A,T2,1x,260.0,S4_GlobalCalib,cross_regime,M_stress,800,True,1,542.6,353.4,0.0,0.3487,1.0,mean_0.8,7,0.8,0.15,beta,none
City-A,T2,1x,260.0,S5_CityCalib,routine,M_routine,800,True,1,548.5,609.2,0.0,0.0,1.0,mean_0.8,7,0.8,0.15,beta,none
City-A,T2,1x,260.0,S5_CityCalib,cross_regime,M_stress,800,True,1,548.5,353.4,0.0,0.3558,1.0,mean_0.8,7,0.8,0.15,beta,none
City-A,T2,1x,260.0,S6_Q10,routine,M_routine,800,True,1,394.3,609.2,0.0,0.0,1.0,mean_0.8,7,0.8,0.15,beta,none
City-A,T2,1x,260.0,S6_Q10,cross_regime,M_stress,800,True,1,394.3,353.4,0.0,0.1038,1.0,mean_0.8,7,0.8,0.15,beta,none
City-A,T2,2x,520.0,S0a_RoutineOracle,routine,M_routine,800,True,1,609.2,609.2,0.0,0.0,1.0,mean_0.8,7,0.8,0.15,beta,none
City-A,T2,2x,520.0,S0a_RoutineOracle,cross_regime,M_stress,800,True,1,609.2,353.4,166.6,0.4199,0.0,mean_0.8,7,0.8,0.15,beta,none
City-A,T2,2x,520.0,S0b_StressOracle,routine,M_routine,800,True,2,692.7,990.6,0.0,0.0,1.0,mean_0.8,7,0.8,0.15,beta,none
City-A,T2,2x,520.0,S0b_StressOracle,cross_regime,M_stress,800,True,2,692.7,692.7,0.0,0.0,1.0,mean_0.8,7,0.8,0.15,beta,none
City-A,T2,2x,520.0,S1_CapRR,routine,M_routine,800,True,1,678.2,609.2,0.0,0.1017,1.0,mean_0.8,7,0.8,0.15,beta,none
City-A,T2,2x,520.0,S1_CapRR,cross_regime,M_stress,800,True,1,678.2,353.4,166.6,0.4789,0.0,mean_0.8,7,0.8,0.15,beta,none
City-A,T2,2x,520.0,S2_Platform,routine,M_routine,800,True,2,849.9,1061.1,0.0,0.0,1.0,mean_0.8,7,0.8,0.15,beta,none
City-A,T2,2x,520.0,S2_Platform,cross_regime,M_stress,800,True,2,849.9,666.3,0.0,0.216,1.0,mean_0.8,7,0.8,0.15,beta,none
City-A,T2,2x,520.0,S3_Lin4,routine,M_routine,800,True,1,584.5,609.2,0.0,0.0,1.0,mean_0.8,7,0.8,0.15,beta,none
City-A,T2,2x,520.0,S3_Lin4,cross_regime,M_stress,800,True,1,584.5,353.4,166.6,0.3954,0.0,mean_0.8,7,0.8,0.15,beta,none
City-A,T2,2x,520.0,S4_GlobalCalib,routine,M_routine,800,True,1,542.6,609.2,0.0,0.0,1.0,mean_0.8,7,0.8,0.15,beta,none
City-A,T2,2x,520.0,S4_GlobalCalib,cross_regime,M_stress,800,True,1,542.6,353.4,166.6,0.3487,0.0,mean_0.8,7,0.8,0.15,beta,none
City-A,T2,2x,520.0,S5_CityCalib,routine,M_routine,800,True,1,548.5,609.2,0.0,0.0,1.0,mean_0.8,7,0.8,0.15,beta,none
City-A,T2,2x,520.0,S5_CityCalib,cross_regime,M_stress,800,True,1,548.5,353.4,166.6,0.3558,0.0,mean_0.8,7,0.8,0.15,beta,none
City-A,T2,2x,520.0,S6_Q10,routine,M_routine,800,True,2,752.0,1061.1,0.0,0.0,1.0,mean_0.8,7,0.8,0.15,beta,none
City-A,T2,2x,520.0,S6_Q10,cross_regime,M_stress,800,True,2,752.0,666.3,0.0,0.114,1.0,mean_0.8,7,0.8,0.15,beta,none
City-A,T2,5x,1300.0,S0a_RoutineOracle,routine,M_routine,800,True,3,1598.3,1598.3,0.0,0.0,1.0,mean_0.8,7,0.8,0.15,beta,none
City-A,T2,5x,1300.0,S0a_RoutineOracle,cross_regime,M_stress,800,True,3,1598.3,933.9,366.1,0.4157,0.0,mean_0.8,7,0.8,0.15,beta,none
City-A,T2,5x,1300.0,S0b_StressOracle,routine,M_routine,800,True,4,1325.5,1929.9,0.0,0.0,1.0,mean_0.8,7,0.8,0.15,beta,none
City-A,T2,5x,1300.0,S0b_StressOracle,cross_regime,M_stress,800,True,4,1325.5,1325.5,0.0,0.0,1.0,mean_0.8,7,0.8,0.15,beta,none
City-A,T2,5x,1300.0,S1_CapRR,routine,M_routine,800,True,3,1889.7,1487.1,0.0,0.213,1.0,mean_0.8,7,0.8,0.15,beta,none
City-A,T2,5x,1300.0,S1_CapRR,cross_regime,M_stress,800,True,3,1889.7,917.5,382.5,0.5145,0.0,mean_0.8,7,0.8,0.15,beta,none
City-A,T2,5x,1300.0,S2_Platform,routine,M_routine,800,True,4,1596.5,1944.1,0.0,0.0,1.0,mean_0.8,7,0.8,0.15,beta,none
City-A,T2,5x,1300.0,S2_Platform,cross_regime,M_stress,800,True,4,1596.5,1266.3,33.7,0.2068,0.0,mean_0.8,7,0.8,0.15,beta,none
City-A,T2,5x,1300.0,S3_Lin4,routine,M_routine,800,True,3,1495.1,1458.7,0.0,0.0244,1.0,mean_0.8,7,0.8,0.15,beta,none
City-A,T2,5x,1300.0,S3_Lin4,cross_regime,M_stress,800,True,3,1495.1,884.9,415.1,0.4081,0.0,mean_0.8,7,0.8,0.15,beta,none
City-A,T2,5x,1300.0,S4_GlobalCalib,routine,M_routine,800,True,3,1511.9,1487.1,0.0,0.0164,1.0,mean_0.8,7,0.8,0.15,beta,none
City-A,T2,5x,1300.0,S4_GlobalCalib,cross_regime,M_stress,800,True,3,1511.9,917.5,382.5,0.3931,0.0,mean_0.8,7,0.8,0.15,beta,none
City-A,T2,5x,1300.0,S5_CityCalib,routine,M_routine,800,True,3,1528.2,1487.1,0.0,0.0269,1.0,mean_0.8,7,0.8,0.15,beta,none
City-A,T2,5x,1300.0,S5_CityCalib,cross_regime,M_stress,800,True,3,1528.2,917.5,382.5,0.3996,0.0,mean_0.8,7,0.8,0.15,beta,none
City-A,T2,5x,1300.0,S6_Q10,routine,M_routine,800,True,4,1437.4,1974.5,0.0,0.0,1.0,mean_0.8,7,0.8,0.15,beta,none
City-A,T2,5x,1300.0,S6_Q10,cross_regime,M_stress,800,True,4,1437.4,1237.4,62.6,0.1392,0.0,mean_0.8,7,0.8,0.15,beta,none
City-A,T2,10x,2600.0,S0a_RoutineOracle,routine,M_routine,800,True,6,2923.8,2923.8,0.0,0.0,1.0,mean_0.8,7,0.8,0.15,beta,none
City-A,T2,10x,2600.0,S0a_RoutineOracle,cross_regime,M_stress,800,True,6,2923.8,1767.3,832.7,0.3955,0.0,mean_0.8,7,0.8,0.15,beta,none
City-A,T2,10x,2600.0,S0b_StressOracle,routine,M_routine,800,True,9,2716.0,3854.5,0.0,0.0,1.0,mean_0.8,7,0.8,0.15,beta,none
City-A,T2,10x,2600.0,S0b_StressOracle,cross_regime,M_stress,800,True,9,2716.0,2716.0,0.0,0.0,1.0,mean_0.8,7,0.8,0.15,beta,none
City-A,T2,10x,2600.0,S1_CapRR,routine,M_routine,800,True,5,3037.3,2355.9,244.1,0.2244,0.0,mean_0.8,7,0.8,0.15,beta,none
City-A,T2,10x,2600.0,S1_CapRR,cross_regime,M_stress,800,True,5,3037.3,1576.7,1023.3,0.4809,0.0,mean_0.8,7,0.8,0.15,beta,none
City-A,T2,10x,2600.0,S2_Platform,routine,M_routine,800,True,7,2630.1,3157.7,0.0,0.0,1.0,mean_0.8,7,0.8,0.15,beta,none
City-A,T2,10x,2600.0,S2_Platform,cross_regime,M_stress,800,True,7,2630.1,2018.4,581.6,0.2326,0.0,mean_0.8,7,0.8,0.15,beta,none
City-A,T2,10x,2600.0,S3_Lin4,routine,M_routine,800,True,6,2773.7,2779.4,0.0,0.0,1.0,mean_0.8,7,0.8,0.15,beta,none
City-A,T2,10x,2600.0,S3_Lin4,cross_regime,M_stress,800,True,6,2773.7,1857.0,743.0,0.3305,0.0,mean_0.8,7,0.8,0.15,beta,none
City-A,T2,10x,2600.0,S4_GlobalCalib,routine,M_routine,800,True,6,2853.4,2779.4,0.0,0.0259,1.0,mean_0.8,7,0.8,0.15,beta,none
City-A,T2,10x,2600.0,S4_GlobalCalib,cross_regime,M_stress,800,True,6,2853.4,1857.0,743.0,0.3492,0.0,mean_0.8,7,0.8,0.15,beta,none
City-A,T2,10x,2600.0,S5_CityCalib,routine,M_routine,800,True,6,2883.8,2779.4,0.0,0.0362,1.0,mean_0.8,7,0.8,0.15,beta,none
City-A,T2,10x,2600.0,S5_CityCalib,cross_regime,M_stress,800,True,6,2883.8,1857.0,743.0,0.356,0.0,mean_0.8,7,0.8,0.15,beta,none
City-A,T2,10x,2600.0,S6_Q10,routine,M_routine,800,True,8,2676.0,3614.2,0.0,0.0,1.0,mean_0.8,7,0.8,0.15,beta,none
City-A,T2,10x,2600.0,S6_Q10,cross_regime,M_stress,800,True,8,2676.0,2392.5,207.5,0.106,0.0,mean_0.8,7,0.8,0.15,beta,none
City-A,T3,1x,200.0,S0a_RoutineOracle,routine,M_routine,800,True,1,482.9,482.9,0.0,0.0,1.0,mean_0.8,7,0.8,0.15,beta,none
City-A,T3,1x,200.0,S0a_RoutineOracle,cross_regime,M_stress,800,True,1,482.9,136.8,63.2,0.7168,0.0,mean_0.8,7,0.8,0.15,beta,none
City-A,T3,1x,200.0,S0b_StressOracle,routine,M_routine,800,True,1,321.2,467.0,0.0,0.0,1.0,mean_0.8,7,0.8,0.15,beta,none
City-A,T3,1x,200.0,S0b_StressOracle,cross_regime,M_stress,800,True,1,321.2,321.2,0.0,0.0,1.0,mean_0.8,7,0.8,0.15,beta,none
City-A,T3,1x,200.0,S1_CapRR,routine,M_routine,800,True,1,596.8,467.0,0.0,0.2174,1.0,mean_0.8,7,0.8,0.15,beta,none
City-A,T3,1x,200.0,S1_CapRR,cross_regime,M_stress,800,True,1,596.8,321.2,0.0,0.4617,1.0,mean_0.8,7,0.8,0.15,beta,none
City-A,T3,1x,200.0,S2_Platform,routine,M_routine,800,True,1,470.7,467.0,0.0,0.0077,1.0,mean_0.8,7,0.8,0.15,beta,none
City-A,T3,1x,200.0,S2_Platform,cross_regime,M_stress,800,True,1,470.7,321.2,0.0,0.3175,1.0,mean_0.8,7,0.8,0.15,beta,none
City-A,T3,1x,200.0,S3_Lin4,routine,M_routine,800,True,1,583.2,467.0,0.0,0.1992,1.0,mean_0.8,7,0.8,0.15,beta,none
City-A,T3,1x,200.0,S3_Lin4,cross_regime,M_stress,800,True,1,583.2,321.2,0.0,0.4492,1.0,mean_0.8,7,0.8,0.15,beta,none
City-A,T3,1x,200.0,S4_GlobalCalib,routine,M_routine,800,True,1,474.8,467.0,0.0,0.0163,1.0,mean_0.8,7,0.8,0.15,beta,none
City-A,T3,1x,200.0,S4_GlobalCalib,cross_regime,M_stress,800,True,1,474.8,321.2,0.0,0.3233,1.0,mean_0.8,7,0.8,0.15,beta,none
City-A,T3,1x,200.0,S5_CityCalib,routine,M_routine,800,True,1,478.7,467.0,0.0,0.0243,1.0,mean_0.8,7,0.8,0.15,beta,none
City-A,T3,1x,200.0,S5_CityCalib,cross_regime,M_stress,800,True,1,478.7,321.2,0.0,0.3289,1.0,mean_0.8,7,0.8,0.15,beta,none
City-A,T3,1x,200.0,S6_Q10,routine,M_routine,800,True,1,347.3,467.0,0.0,0.0,1.0,mean_0.8,7,0.8,0.15,beta,none
City-A,T3,1x,200.0,S6_Q10,cross_regime,M_stress,800,True,1,347.3,321.2,0.0,0.075,1.0,mean_0.8,7,0.8,0.15,beta,none
City-A,T3,2x,400.0,S0a_RoutineOracle,routine,M_routine,800,True,1,482.9,482.9,0.0,0.0,1.0,mean_0.8,7,0.8,0.15,beta,none
City-A,T3,2x,400.0,S0a_RoutineOracle,cross_regime,M_stress,800,True,1,482.9,136.8,263.2,0.7168,0.0,mean_0.8,7,0.8,0.15,beta,none
City-A,T3,2x,400.0,S0b_StressOracle,routine,M_routine,800,True,2,609.0,820.8,0.0,0.0,1.0,mean_0.8,7,0.8,0.15,beta,none
City-A,T3,2x,400.0,S0b_StressOracle,cross_regime,M_stress,800,True,2,609.0,609.0,0.0,0.0,1.0,mean_0.8,7,0.8,0.15,beta,none
City-A,T3,2x,400.0,S1_CapRR,routine,M_routine,800,True,1,596.8,467.0,0.0,0.2174,1.0,mean_0.8,7,0.8,0.15,beta,none
City-A,T3,2x,400.0,S1_CapRR,cross_regime,M_stress,800,True,1,596.8,321.2,78.8,0.4617,0.0,mean_0.8,7,0.8,0.15,beta,none
City-A,T3,2x,400.0,S2_Platform,routine,M_routine,800,True,1,470.7,467.0,0.0,0.0077,1.0,mean_0.8,7,0.8,0.15,beta,none
City-A,T3,2x,400.0,S2_Platform,cross_regime,M_stress,800,True,1,470.7,321.2,78.8,0.3175,0.0,mean_0.8,7,0.8,0.15,beta,none
City-A,T3,2x,400.0,S3_Lin4,routine,M_routine,800,True,1,583.2,467.0,0.0,0.1992,1.0,mean_0.8,7,0.8,0.15,beta,none
City-A,T3,2x,400.0,S3_Lin4,cross_regime,M_stress,800,True,1,583.2,321.2,78.8,0.4492,0.0,mean_0.8,7,0.8,0.15,beta,none
City-A,T3,2x,400.0,S4_GlobalCalib,routine,M_routine,800,True,1,474.8,467.0,0.0,0.0163,1.0,mean_0.8,7,0.8,0.15,beta,none
City-A,T3,2x,400.0,S4_GlobalCalib,cross_regime,M_stress,800,True,1,474.8,321.2,78.8,0.3233,0.0,mean_0.8,7,0.8,0.15,beta,none
City-A,T3,2x,400.0,S5_CityCalib,routine,M_routine,800,True,1,478.7,467.0,0.0,0.0243,1.0,mean_0.8,7,0.8,0.15,beta,none
City-A,T3,2x,400.0,S5_CityCalib,cross_regime,M_stress,800,True,1,478.7,321.2,78.8,0.3289,0.0,mean_0.8,7,0.8,0.15,beta,none
City-A,T3,2x,400.0,S6_Q10,routine,M_routine,800,True,2,662.3,950.0,0.0,0.0,1.0,mean_0.8,7,0.8,0.15,beta,none
City-A,T3,2x,400.0,S6_Q10,cross_regime,M_stress,800,True,2,662.3,458.0,0.0,0.3085,1.0,mean_0.8,7,0.8,0.15,beta,none
City-A,T3,5x,1000.0,S0a_RoutineOracle,routine,M_routine,800,True,3,1397.5,1397.5,0.0,0.0,1.0,mean_0.8,7,0.8,0.15,beta,none
City-A,T3,5x,1000.0,S0a_RoutineOracle,cross_regime,M_stress,800,True,3,1397.5,710.4,289.6,0.4917,0.0,mean_0.8,7,0.8,0.15,beta,none
City-A,T3,5x,1000.0,S0b_StressOracle,routine,M_routine,800,True,4,1160.2,1480.7,0.0,0.0,1.0,mean_0.8,7,0.8,0.15,beta,none
City-A,T3,5x,1000.0,S0b_StressOracle,cross_regime,M_stress,800,True,4,1160.2,1160.2,0.0,0.0,1.0,mean_0.8,7,0.8,0.15,beta,none
City-A,T3,5x,1000.0,S1_CapRR,routine,M_routine,800,True,2,1138.1,950.0,50.0,0.1653,0.0,mean_0.8,7,0.8,0.15,beta,none
City-A,T3,5x,1000.0,S1_CapRR,cross_regime,M_stress,800,True,2,1138.1,458.0,542.0,0.5976,0.0,mean_0.8,7,0.8,0.15,beta,none
City-A,T3,5x,1000.0,S2_Platform,routine,M_routine,800,True,3,1264.8,1123.4,0.0,0.1118,1.0,mean_0.8,7,0.8,0.15,beta,none
City-A,T3,5x,1000.0,S2_Platform,cross_regime,M_stress,800,True,3,1264.8,715.2,284.8,0.4345,0.0,mean_0.8,7,0.8,0.15,beta,none
City-A,T3,5x,1000.0,S3_Lin4,routine,M_routine,800,True,2,1033.6,747.9,252.1,0.2765,0.0,mean_0.8,7,0.8,0.15,beta,none
City-A,T3,5x,1000.0,S3_Lin4,cross_regime,M_stress,800,True,2,1033.6,504.9,495.1,0.5115,0.0,mean_0.8,7,0.8,0.15,beta,none
City-A,T3,5x,1000.0,S4_GlobalCalib,routine,M_routine,800,True,3,1322.9,1230.8,0.0,0.0696,1.0,mean_0.8,7,0.8,0.15,beta,none
City-A,T3,5x,1000.0,S4_GlobalCalib,cross_regime,M_stress,800,True,3,1322.9,641.7,358.3,0.5149,0.0,mean_0.8,7,0.8,0.15,beta,none
City-A,T3,5x,1000.0,S5_CityCalib,routine,M_routine,800,True,3,1333.5,1230.8,0.0,0.077,1.0,mean_0.8,7,0.8,0.15,beta,none
City-A,T3,5x,1000.0,S5_CityCalib,cross_regime,M_stress,800,True,3,1333.5,641.7,358.3,0.5188,0.0,mean_0.8,7,0.8,0.15,beta,none
City-A,T3,5x,1000.0,S6_Q10,routine,M_routine,800,True,4,1265.9,1612.9,0.0,0.0,1.0,mean_0.8,7,0.8,0.15,beta,none
City-A,T3,5x,1000.0,S6_Q10,cross_regime,M_stress,800,True,4,1265.9,858.0,142.0,0.3222,0.0,mean_0.8,7,0.8,0.15,beta,none
City-A,T3,10x,2000.0,S0a_RoutineOracle,routine,M_routine,800,True,5,2246.8,2246.8,0.0,0.0,1.0,mean_0.8,7,0.8,0.15,beta,none
City-A,T3,10x,2000.0,S0a_RoutineOracle,cross_regime,M_stress,800,True,5,2246.8,1162.8,837.2,0.4824,0.0,mean_0.8,7,0.8,0.15,beta,none
City-A,T3,10x,2000.0,S0b_StressOracle,routine,M_routine,800,True,8,2164.9,2877.5,0.0,0.0,1.0,mean_0.8,7,0.8,0.15,beta,none
City-A,T3,10x,2000.0,S0b_StressOracle,cross_regime,M_stress,800,True,8,2164.9,2164.9,0.0,0.0,1.0,mean_0.8,7,0.8,0.15,beta,none
City-A,T3,10x,2000.0,S1_CapRR,routine,M_routine,800,True,4,2175.3,1612.9,387.1,0.2585,0.0,mean_0.8,7,0.8,0.15,beta,none
City-A,T3,10x,2000.0,S1_CapRR,cross_regime,M_stress,800,True,4,2175.3,858.0,1142.0,0.6056,0.0,mean_0.8,7,0.8,0.15,beta,none
City-A,T3,10x,2000.0,S2_Platform,routine,M_routine,800,True,6,2357.9,2213.8,0.0,0.0611,1.0,mean_0.8,7,0.8,0.15,beta,none
City-A,T3,10x,2000.0,S2_Platform,cross_regime,M_stress,800,True,6,2357.9,1244.4,755.6,0.4722,0.0,mean_0.8,7,0.8,0.15,beta,none
City-A,T3,10x,2000.0,S3_Lin4,routine,M_routine,800,True,5,2309.4,2059.3,0.0,0.1083,1.0,mean_0.8,7,0.8,0.15,beta,none
City-A,T3,10x,2000.0,S3_Lin4,cross_regime,M_stress,800,True,5,2309.4,1084.8,915.2,0.5303,0.0,mean_0.8,7,0.8,0.15,beta,none
City-A,T3,10x,2000.0,S4_GlobalCalib,routine,M_routine,800,True,5,2126.4,1988.5,11.5,0.0648,0.0,mean_0.8,7,0.8,0.15,beta,none
City-A,T3,10x,2000.0,S4_GlobalCalib,cross_regime,M_stress,800,True,5,2126.4,1068.4,931.6,0.4976,0.0,mean_0.8,7,0.8,0.15,beta,none
City-A,T3,10x,2000.0,S5_CityCalib,routine,M_routine,800,True,5,2143.2,1988.5,11.5,0.0722,0.0,mean_0.8,7,0.8,0.15,beta,none
City-A,T3,10x,2000.0,S5_CityCalib,cross_regime,M_stress,800,True,5,2143.2,1068.4,931.6,0.5015,0.0,mean_0.8,7,0.8,0.15,beta,none
City-A,T3,10x,2000.0,S6_Q10,routine,M_routine,800,True,7,2093.4,2788.6,0.0,0.0,1.0,mean_0.8,7,0.8,0.15,beta,none
City-A,T3,10x,2000.0,S6_Q10,cross_regime,M_stress,800,True,7,2093.4,1582.9,417.1,0.2439,0.0,mean_0.8,7,0.8,0.15,beta,none
City-A,T4,1x,140.0,S0a_RoutineOracle,routine,M_routine,800,True,1,628.8,628.8,0.0,0.0,1.0,mean_0.8,7,0.8,0.15,beta,none
City-A,T4,1x,140.0,S0a_RoutineOracle,cross_regime,M_stress,800,True,1,628.8,213.4,0.0,0.6607,1.0,mean_0.8,7,0.8,0.15,beta,none
City-A,T4,1x,140.0,S0b_StressOracle,routine,M_routine,800,True,1,352.4,377.5,0.0,0.0,1.0,mean_0.8,7,0.8,0.15,beta,none
City-A,T4,1x,140.0,S0b_StressOracle,cross_regime,M_stress,800,True,1,352.4,352.4,0.0,0.0,1.0,mean_0.8,7,0.8,0.15,beta,none
City-A,T4,1x,140.0,S1_CapRR,routine,M_routine,800,True,1,678.2,628.8,0.0,0.0727,1.0,mean_0.8,7,0.8,0.15,beta,none
City-A,T4,1x,140.0,S1_CapRR,cross_regime,M_stress,800,True,1,678.2,213.4,0.0,0.6854,1.0,mean_0.8,7,0.8,0.15,beta,none
City-A,T4,1x,140.0,S2_Platform,routine,M_routine,800,True,1,299.2,377.5,0.0,0.0,1.0,mean_0.8,7,0.8,0.15,beta,none
City-A,T4,1x,140.0,S2_Platform,cross_regime,M_stress,800,True,1,299.2,352.4,0.0,0.0,1.0,mean_0.8,7,0.8,0.15,beta,none
City-A,T4,1x,140.0,S3_Lin4,routine,M_routine,800,True,1,587.5,628.8,0.0,0.0,1.0,mean_0.8,7,0.8,0.15,beta,none
City-A,T4,1x,140.0,S3_Lin4,cross_regime,M_stress,800,True,1,587.5,213.4,0.0,0.6368,1.0,mean_0.8,7,0.8,0.15,beta,none
City-A,T4,1x,140.0,S4_GlobalCalib,routine,M_routine,800,True,1,540.2,628.8,0.0,0.0,1.0,mean_0.8,7,0.8,0.15,beta,none
City-A,T4,1x,140.0,S4_GlobalCalib,cross_regime,M_stress,800,True,1,540.2,213.4,0.0,0.605,1.0,mean_0.8,7,0.8,0.15,beta,none
City-A,T4,1x,140.0,S5_CityCalib,routine,M_routine,800,True,1,545.4,628.8,0.0,0.0,1.0,mean_0.8,7,0.8,0.15,beta,none
City-A,T4,1x,140.0,S5_CityCalib,cross_regime,M_stress,800,True,1,545.4,213.4,0.0,0.6087,1.0,mean_0.8,7,0.8,0.15,beta,none
City-A,T4,1x,140.0,S6_Q10,routine,M_routine,800,True,1,394.9,628.8,0.0,0.0,1.0,mean_0.8,7,0.8,0.15,beta,none
City-A,T4,1x,140.0,S6_Q10,cross_regime,M_stress,800,True,1,394.9,213.4,0.0,0.4597,1.0,mean_0.8,7,0.8,0.15,beta,none
City-A,T4,2x,280.0,S0a_RoutineOracle,routine,M_routine,800,True,1,628.8,628.8,0.0,0.0,1.0,mean_0.8,7,0.8,0.15,beta,none
City-A,T4,2x,280.0,S0a_RoutineOracle,cross_regime,M_stress,800,True,1,628.8,213.4,66.6,0.6607,0.0,mean_0.8,7,0.8,0.15,beta,none
City-A,T4,2x,280.0,S0b_StressOracle,routine,M_routine,800,True,1,352.4,377.5,0.0,0.0,1.0,mean_0.8,7,0.8,0.15,beta,none
City-A,T4,2x,280.0,S0b_StressOracle,cross_regime,M_stress,800,True,1,352.4,352.4,0.0,0.0,1.0,mean_0.8,7,0.8,0.15,beta,none
City-A,T4,2x,280.0,S1_CapRR,routine,M_routine,800,True,1,678.2,628.8,0.0,0.0727,1.0,mean_0.8,7,0.8,0.15,beta,none
City-A,T4,2x,280.0,S1_CapRR,cross_regime,M_stress,800,True,1,678.2,213.4,66.6,0.6854,0.0,mean_0.8,7,0.8,0.15,beta,none
City-A,T4,2x,280.0,S2_Platform,routine,M_routine,800,True,1,299.2,377.5,0.0,0.0,1.0,mean_0.8,7,0.8,0.15,beta,none
City-A,T4,2x,280.0,S2_Platform,cross_regime,M_stress,800,True,1,299.2,352.4,0.0,0.0,1.0,mean_0.8,7,0.8,0.15,beta,none
City-A,T4,2x,280.0,S3_Lin4,routine,M_routine,800,True,1,587.5,628.8,0.0,0.0,1.0,mean_0.8,7,0.8,0.15,beta,none
City-A,T4,2x,280.0,S3_Lin4,cross_regime,M_stress,800,True,1,587.5,213.4,66.6,0.6368,0.0,mean_0.8,7,0.8,0.15,beta,none
City-A,T4,2x,280.0,S4_GlobalCalib,routine,M_routine,800,True,1,540.2,628.8,0.0,0.0,1.0,mean_0.8,7,0.8,0.15,beta,none
City-A,T4,2x,280.0,S4_GlobalCalib,cross_regime,M_stress,800,True,1,540.2,213.4,66.6,0.605,0.0,mean_0.8,7,0.8,0.15,beta,none
City-A,T4,2x,280.0,S5_CityCalib,routine,M_routine,800,True,1,545.4,628.8,0.0,0.0,1.0,mean_0.8,7,0.8,0.15,beta,none
City-A,T4,2x,280.0,S5_CityCalib,cross_regime,M_stress,800,True,1,545.4,213.4,66.6,0.6087,0.0,mean_0.8,7,0.8,0.15,beta,none
City-A,T4,2x,280.0,S6_Q10,routine,M_routine,800,True,1,394.9,628.8,0.0,0.0,1.0,mean_0.8,7,0.8,0.15,beta,none
City-A,T4,2x,280.0,S6_Q10,cross_regime,M_stress,800,True,1,394.9,213.4,66.6,0.4597,0.0,mean_0.8,7,0.8,0.15,beta,none
City-A,T4,5x,700.0,S0a_RoutineOracle,routine,M_routine,800,True,2,1163.4,1163.4,0.0,0.0,1.0,mean_0.8,7,0.8,0.15,beta,none
City-A,T4,5x,700.0,S0a_RoutineOracle,cross_regime,M_stress,800,True,2,1163.4,560.9,139.1,0.5179,0.0,mean_0.8,7,0.8,0.15,beta,none
City-A,T4,5x,700.0,S0b_StressOracle,routine,M_routine,800,True,3,1024.8,1312.7,0.0,0.0,1.0,mean_0.8,7,0.8,0.15,beta,none
City-A,T4,5x,700.0,S0b_StressOracle,cross_regime,M_stress,800,True,3,1024.8,1024.8,0.0,0.0,1.0,mean_0.8,7,0.8,0.15,beta,none
City-A,T4,5x,700.0,S1_CapRR,routine,M_routine,800,True,2,1293.4,1006.3,0.0,0.2219,1.0,mean_0.8,7,0.8,0.15,beta,none
City-A,T4,5x,700.0,S1_CapRR,cross_regime,M_stress,800,True,2,1293.4,565.8,134.2,0.5625,0.0,mean_0.8,7,0.8,0.15,beta,none
City-A,T4,5x,700.0,S2_Platform,routine,M_routine,800,True,3,870.0,1100.0,0.0,0.0,1.0,mean_0.8,7,0.8,0.15,beta,none
City-A,T4,5x,700.0,S2_Platform,cross_regime,M_stress,800,True,3,870.0,941.8,0.0,0.0,1.0,mean_0.8,7,0.8,0.15,beta,none
City-A,T4,5x,700.0,S3_Lin4,routine,M_routine,800,True,2,1050.1,976.2,0.0,0.0704,1.0,mean_0.8,7,0.8,0.15,beta,none
City-A,T4,5x,700.0,S3_Lin4,cross_regime,M_stress,800,True,2,1050.1,495.1,204.9,0.5285,0.0,mean_0.8,7,0.8,0.15,beta,none
City-A,T4,5x,700.0,S4_GlobalCalib,routine,M_routine,800,True,2,1030.2,1006.3,0.0,0.0232,1.0,mean_0.8,7,0.8,0.15,beta,none
City-A,T4,5x,700.0,S4_GlobalCalib,cross_regime,M_stress,800,True,2,1030.2,565.8,134.2,0.4508,0.0,mean_0.8,7,0.8,0.15,beta,none
City-A,T4,5x,700.0,S5_CityCalib,routine,M_routine,800,True,2,1039.9,1006.3,0.0,0.0323,1.0,mean_0.8,7,0.8,0.15,beta,none
City-A,T4,5x,700.0,S5_CityCalib,cross_regime,M_stress,800,True,2,1039.9,565.8,134.2,0.4559,0.0,mean_0.8,7,0.8,0.15,beta,none
City-A,T4,5x,700.0,S6_Q10,routine,M_routine,800,True,2,753.2,1006.3,0.0,0.0,1.0,mean_0.8,7,0.8,0.15,beta,none
City-A,T4,5x,700.0,S6_Q10,cross_regime,M_stress,800,True,2,753.2,565.8,134.2,0.2488,0.0,mean_0.8,7,0.8,0.15,beta,none
City-A,T4,10x,1400.0,S0a_RoutineOracle,routine,M_routine,800,True,3,1674.4,1674.4,0.0,0.0,1.0,mean_0.8,7,0.8,0.15,beta,none
City-A,T4,10x,1400.0,S0a_RoutineOracle,cross_regime,M_stress,800,True,3,1674.4,879.2,520.8,0.4749,0.0,mean_0.8,7,0.8,0.15,beta,none
City-A,T4,10x,1400.0,S0b_StressOracle,routine,M_routine,800,True,5,1636.4,2240.4,0.0,0.0,1.0,mean_0.8,7,0.8,0.15,beta,none
City-A,T4,10x,1400.0,S0b_StressOracle,cross_regime,M_stress,800,True,5,1636.4,1636.4,0.0,0.0,1.0,mean_0.8,7,0.8,0.15,beta,none
City-A,T4,10x,1400.0,S1_CapRR,routine,M_routine,800,True,3,1889.7,1353.7,46.3,0.2836,0.0,mean_0.8,7,0.8,0.15,beta,none
City-A,T4,10x,1400.0,S1_CapRR,cross_regime,M_stress,800,True,3,1889.7,847.5,552.5,0.5515,0.0,mean_0.8,7,0.8,0.15,beta,none
City-A,T4,10x,1400.0,S2_Platform,routine,M_routine,800,True,5,1424.2,1886.3,0.0,0.0,1.0,mean_0.8,7,0.8,0.15,beta,none
City-A,T4,10x,1400.0,S2_Platform,cross_regime,M_stress,800,True,5,1424.2,1483.8,0.0,0.0,1.0,mean_0.8,7,0.8,0.15,beta,none
City-A,T4,10x,1400.0,S3_Lin4,routine,M_routine,800,True,3,1505.6,1264.0,136.0,0.1605,0.0,mean_0.8,7,0.8,0.15,beta,none
City-A,T4,10x,1400.0,S3_Lin4,cross_regime,M_stress,800,True,3,1505.6,737.8,662.2,0.51,0.0,mean_0.8,7,0.8,0.15,beta,none
City-A,T4,10x,1400.0,S4_GlobalCalib,routine,M_routine,800,True,3,1505.2,1353.7,46.3,0.1006,0.0,mean_0.8,7,0.8,0.15,beta,none
City-A,T4,10x,1400.0,S4_GlobalCalib,cross_regime,M_stress,800,True,3,1505.2,847.5,552.5,0.4369,0.0,mean_0.8,7,0.8,0.15,beta,none
City-A,T4,10x,1400.0,S5_CityCalib,routine,M_routine,800,True,3,1519.2,1353.7,46.3,0.109,0.0,mean_0.8,7,0.8,0.15,beta,none
City-A,T4,10x,1400.0,S5_CityCalib,cross_regime,M_stress,800,True,3,1519.2,847.5,552.5,0.4421,0.0,mean_0.8,7,0.8,0.15,beta,none
City-A,T4,10x,1400.0,S6_Q10,routine,M_routine,800,True,4,1439.6,1864.6,0.0,0.0,1.0,mean_0.8,7,0.8,0.15,beta,none
City-A,T4,10x,1400.0,S6_Q10,cross_regime,M_stress,800,True,4,1439.6,1165.8,234.2,0.1902,0.0,mean_0.8,7,0.8,0.15,beta,none
City-A,T5,1x,160.0,S0a_RoutineOracle,routine,M_routine,800,True,1,483.3,483.3,0.0,0.0,1.0,mean_0.8,7,0.8,0.15,beta,none
City-A,T5,1x,160.0,S0a_RoutineOracle,cross_regime,M_stress,800,True,1,483.3,335.1,0.0,0.3067,1.0,mean_0.8,7,0.8,0.15,beta,none
City-A,T5,1x,160.0,S0b_StressOracle,routine,M_routine,800,True,1,339.2,406.0,0.0,0.0,1.0,mean_0.8,7,0.8,0.15,beta,none
City-A,T5,1x,160.0,S0b_StressOracle,cross_regime,M_stress,800,True,1,339.2,339.2,0.0,0.0,1.0,mean_0.8,7,0.8,0.15,beta,none
City-A,T5,1x,160.0,S1_CapRR,routine,M_routine,800,True,1,596.8,483.3,0.0,0.1902,1.0,mean_0.8,7,0.8,0.15,beta,none
City-A,T5,1x,160.0,S1_CapRR,cross_regime,M_stress,800,True,1,596.8,335.1,0.0,0.4386,1.0,mean_0.8,7,0.8,0.15,beta,none
City-A,T5,1x,160.0,S2_Platform,routine,M_routine,800,True,1,485.5,483.3,0.0,0.0046,1.0,mean_0.8,7,0.8,0.15,beta,none
City-A,T5,1x,160.0,S2_Platform,cross_regime,M_stress,800,True,1,485.5,335.1,0.0,0.3099,1.0,mean_0.8,7,0.8,0.15,beta,none
City-A,T5,1x,160.0,S3_Lin4,routine,M_routine,800,True,1,585.9,483.3,0.0,0.1752,1.0,mean_0.8,7,0.8,0.15,beta,none
City-A,T5,1x,160.0,S3_Lin4,cross_regime,M_stress,800,True,1,585.9,335.1,0.0,0.4282,1.0,mean_0.8,7,0.8,0.15,beta,none
City-A,T5,1x,160.0,S4_GlobalCalib,routine,M_routine,800,True,1,476.4,483.3,0.0,0.0,1.0,mean_0.8,7,0.8,0.15,beta,none
City-A,T5,1x,160.0,S4_GlobalCalib,cross_regime,M_stress,800,True,1,476.4,335.1,0.0,0.2967,1.0,mean_0.8,7,0.8,0.15,beta,none
City-A,T5,1x,160.0,S5_CityCalib,routine,M_routine,800,True,1,480.2,483.3,0.0,0.0,1.0,mean_0.8,7,0.8,0.15,beta,none
City-A,T5,1x,160.0,S5_CityCalib,cross_regime,M_stress,800,True,1,480.2,335.1,0.0,0.3022,1.0,mean_0.8,7,0.8,0.15,beta,none
City-A,T5,1x,160.0,S6_Q10,routine,M_routine,800,True,1,345.6,483.3,0.0,0.0,1.0,mean_0.8,7,0.8,0.15,beta,none
City-A,T5,1x,160.0,S6_Q10,cross_regime,M_stress,800,True,1,345.6,335.1,0.0,0.0306,1.0,mean_0.8,7,0.8,0.15,beta,none
City-A,T5,2x,320.0,S0a_RoutineOracle,routine,M_routine,800,True,1,483.3,483.3,0.0,0.0,1.0,mean_0.8,7,0.8,0.15,beta,none
City-A,T5,2x,320.0,S0a_RoutineOracle,cross_regime,M_stress,800,True,1,483.3,335.1,0.0,0.3067,1.0,mean_0.8,7,0.8,0.15,beta,none
City-A,T5,2x,320.0,S0b_StressOracle,routine,M_routine,800,True,1,339.2,406.0,0.0,0.0,1.0,mean_0.8,7,0.8,0.15,beta,none
City-A,T5,2x,320.0,S0b_StressOracle,cross_regime,M_stress,800,True,1,339.2,339.2,0.0,0.0,1.0,mean_0.8,7,0.8,0.15,beta,none
City-A,T5,2x,320.0,S1_CapRR,routine,M_routine,800,True,1,596.8,483.3,0.0,0.1902,1.0,mean_0.8,7,0.8,0.15,beta,none
City-A,T5,2x,320.0,S1_CapRR,cross_regime,M_stress,800,True,1,596.8,335.1,0.0,0.4386,1.0,mean_0.8,7,0.8,0.15,beta,none
City-A,T5,2x,320.0,S2_Platform,routine,M_routine,800,True,1,485.5,483.3,0.0,0.0046,1.0,mean_0.8,7,0.8,0.15,beta,none
City-A,T5,2x,320.0,S2_Platform,cross_regime,M_stress,800,True,1,485.5,335.1,0.0,0.3099,1.0,mean_0.8,7,0.8,0.15,beta,none
City-A,T5,2x,320.0,S3_Lin4,routine,M_routine,800,True,1,585.9,483.3,0.0,0.1752,1.0,mean_0.8,7,0.8,0.15,beta,none
City-A,T5,2x,320.0,S3_Lin4,cross_regime,M_stress,800,True,1,585.9,335.1,0.0,0.4282,1.0,mean_0.8,7,0.8,0.15,beta,none
City-A,T5,2x,320.0,S4_GlobalCalib,routine,M_routine,800,True,1,476.4,483.3,0.0,0.0,1.0,mean_0.8,7,0.8,0.15,beta,none
City-A,T5,2x,320.0,S4_GlobalCalib,cross_regime,M_stress,800,True,1,476.4,335.1,0.0,0.2967,1.0,mean_0.8,7,0.8,0.15,beta,none
City-A,T5,2x,320.0,S5_CityCalib,routine,M_routine,800,True,1,480.2,483.3,0.0,0.0,1.0,mean_0.8,7,0.8,0.15,beta,none
City-A,T5,2x,320.0,S5_CityCalib,cross_regime,M_stress,800,True,1,480.2,335.1,0.0,0.3022,1.0,mean_0.8,7,0.8,0.15,beta,none
City-A,T5,2x,320.0,S6_Q10,routine,M_routine,800,True,1,345.6,483.3,0.0,0.0,1.0,mean_0.8,7,0.8,0.15,beta,none
City-A,T5,2x,320.0,S6_Q10,cross_regime,M_stress,800,True,1,345.6,335.1,0.0,0.0306,1.0,mean_0.8,7,0.8,0.15,beta,none
City-A,T5,5x,800.0,S0a_RoutineOracle,routine,M_routine,800,True,2,933.5,933.5,0.0,0.0,1.0,mean_0.8,7,0.8,0.15,beta,none
City-A,T5,5x,800.0,S0a_RoutineOracle,cross_regime,M_stress,800,True,2,933.5,578.4,221.6,0.3804,0.0,mean_0.8,7,0.8,0.15,beta,none
City-A,T5,5x,800.0,S0b_StressOracle,routine,M_routine,800,True,3,954.8,1238.4,0.0,0.0,1.0,mean_0.8,7,0.8,0.15,beta,none
City-A,T5,5x,800.0,S0b_StressOracle,cross_regime,M_stress,800,True,3,954.8,954.8,0.0,0.0,1.0,mean_0.8,7,0.8,0.15,beta,none
City-A,T5,5x,800.0,S1_CapRR,routine,M_routine,800,True,2,1138.1,795.7,4.3,0.3008,0.0,mean_0.8,7,0.8,0.15,beta,none
City-A,T5,5x,800.0,S1_CapRR,cross_regime,M_stress,800,True,2,1138.1,591.4,208.6,0.4804,0.0,mean_0.8,7,0.8,0.15,beta,none
City-A,T5,5x,800.0,S2_Platform,routine,M_routine,800,True,2,897.6,805.0,0.0,0.1031,1.0,mean_0.8,7,0.8,0.15,beta,none
City-A,T5,5x,800.0,S2_Platform,cross_regime,M_stress,800,True,2,897.6,584.7,215.3,0.3486,0.0,mean_0.8,7,0.8,0.15,beta,none
City-A,T5,5x,800.0,S3_Lin4,routine,M_routine,800,True,2,1038.7,889.3,0.0,0.1439,1.0,mean_0.8,7,0.8,0.15,beta,none
City-A,T5,5x,800.0,S3_Lin4,cross_regime,M_stress,800,True,2,1038.7,674.2,125.8,0.3509,0.0,mean_0.8,7,0.8,0.15,beta,none
City-A,T5,5x,800.0,S4_GlobalCalib,routine,M_routine,800,True,2,908.4,795.7,4.3,0.124,0.0,mean_0.8,7,0.8,0.15,beta,none
City-A,T5,5x,800.0,S4_GlobalCalib,cross_regime,M_stress,800,True,2,908.4,591.4,208.6,0.349,0.0,mean_0.8,7,0.8,0.15,beta,none
City-A,T5,5x,800.0,S5_CityCalib,routine,M_routine,800,True,2,915.7,795.7,4.3,0.131,0.0,mean_0.8,7,0.8,0.15,beta,none
City-A,T5,5x,800.0,S5_CityCalib,cross_regime,M_stress,800,True,2,915.7,591.4,208.6,0.3541,0.0,mean_0.8,7,0.8,0.15,beta,none
City-A,T5,5x,800.0,S6_Q10,routine,M_routine,800,True,3,963.0,1201.7,0.0,0.0,1.0,mean_0.8,7,0.8,0.15,beta,none
City-A,T5,5x,800.0,S6_Q10,cross_regime,M_stress,800,True,3,963.0,930.6,0.0,0.0337,1.0,mean_0.8,7,0.8,0.15,beta,none
City-A,T5,10x,1600.0,S0a_RoutineOracle,routine,M_routine,800,True,4,1763.3,1763.3,0.0,0.0,1.0,mean_0.8,7,0.8,0.15,beta,none
City-A,T5,10x,1600.0,S0a_RoutineOracle,cross_regime,M_stress,800,True,4,1763.3,1072.5,527.5,0.3918,0.0,mean_0.8,7,0.8,0.15,beta,none
City-A,T5,10x,1600.0,S0b_StressOracle,routine,M_routine,800,True,6,1745.5,2237.9,0.0,0.0,1.0,mean_0.8,7,0.8,0.15,beta,none
City-A,T5,10x,1600.0,S0b_StressOracle,cross_regime,M_stress,800,True,6,1745.5,1745.5,0.0,0.0,1.0,mean_0.8,7,0.8,0.15,beta,none
City-A,T5,10x,1600.0,S1_CapRR,routine,M_routine,800,True,3,1662.9,1201.7,398.3,0.2773,0.0,mean_0.8,7,0.8,0.15,beta,none
City-A,T5,10x,1600.0,S1_CapRR,cross_regime,M_stress,800,True,3,1662.9,930.6,669.4,0.4404,0.0,mean_0.8,7,0.8,0.15,beta,none
City-A,T5,10x,1600.0,S2_Platform,routine,M_routine,800,True,4,1696.8,1560.1,39.9,0.0805,0.0,mean_0.8,7,0.8,0.15,beta,none
City-A,T5,10x,1600.0,S2_Platform,cross_regime,M_stress,800,True,4,1696.8,1204.5,395.5,0.2901,0.0,mean_0.8,7,0.8,0.15,beta,none
City-A,T5,10x,1600.0,S3_Lin4,routine,M_routine,800,True,4,1905.3,1625.2,0.0,0.147,1.0,mean_0.8,7,0.8,0.15,beta,none
City-A,T5,10x,1600.0,S3_Lin4,cross_regime,M_stress,800,True,4,1905.3,1186.1,413.9,0.3775,0.0,mean_0.8,7,0.8,0.15,beta,none
City-A,T5,10x,1600.0,S4_GlobalCalib,routine,M_routine,800,True,4,1736.3,1550.9,49.1,0.1068,0.0,mean_0.8,7,0.8,0.15,beta,none
City-A,T5,10x,1600.0,S4_GlobalCalib,cross_regime,M_stress,800,True,4,1736.3,1211.2,388.8,0.3024,0.0,mean_0.8,7,0.8,0.15,beta,none
City-A,T5,10x,1600.0,S5_CityCalib,routine,M_routine,800,True,4,1750.0,1550.9,49.1,0.1138,0.0,mean_0.8,7,0.8,0.15,beta,none
City-A,T5,10x,1600.0,S5_CityCalib,cross_regime,M_stress,800,True,4,1750.0,1211.2,388.8,0.3079,0.0,mean_0.8,7,0.8,0.15,beta,none
City-A,T5,10x,1600.0,S6_Q10,routine,M_routine,800,True,6,1817.6,2296.1,0.0,0.0,1.0,mean_0.8,7,0.8,0.15,beta,none
City-A,T5,10x,1600.0,S6_Q10,cross_regime,M_stress,800,True,6,1817.6,1716.3,0.0,0.0557,1.0,mean_0.8,7,0.8,0.15,beta,none
City-B,T1,1x,180.0,S0a_RoutineOracle,routine,M_routine,500,True,1,731.3,731.3,0.0,0.0,1.0,mean_0.8,7,0.8,0.15,beta,none
City-B,T1,1x,180.0,S0a_RoutineOracle,cross_regime,M_stress,500,True,1,731.3,493.0,0.0,0.3258,1.0,mean_0.8,7,0.8,0.15,beta,none
City-B,T1,1x,180.0,S0b_StressOracle,routine,M_routine,500,True,1,504.5,368.5,0.0,0.2695,1.0,mean_0.8,7,0.8,0.15,beta,none
City-B,T1,1x,180.0,S0b_StressOracle,cross_regime,M_stress,500,True,1,504.5,504.5,0.0,0.0,1.0,mean_0.8,7,0.8,0.15,beta,none
City-B,T1,1x,180.0,S1_CapRR,routine,M_routine,500,True,1,846.0,731.3,0.0,0.1356,1.0,mean_0.8,7,0.8,0.15,beta,none
City-B,T1,1x,180.0,S1_CapRR,cross_regime,M_stress,500,True,1,846.0,493.0,0.0,0.4172,1.0,mean_0.8,7,0.8,0.15,beta,none
City-B,T1,1x,180.0,S2_Platform,routine,M_routine,500,True,1,561.1,368.5,0.0,0.3433,1.0,mean_0.8,7,0.8,0.15,beta,none
City-B,T1,1x,180.0,S2_Platform,cross_regime,M_stress,500,True,1,561.1,504.5,0.0,0.101,1.0,mean_0.8,7,0.8,0.15,beta,none
City-B,T1,1x,180.0,S3_Lin4,routine,M_routine,500,True,1,559.6,527.2,0.0,0.058,1.0,mean_0.8,7,0.8,0.15,beta,none
City-B,T1,1x,180.0,S3_Lin4,cross_regime,M_stress,500,True,1,559.6,482.7,0.0,0.1374,1.0,mean_0.8,7,0.8,0.15,beta,none
City-B,T1,1x,180.0,S4_GlobalCalib,routine,M_routine,500,True,1,679.3,731.3,0.0,0.0,1.0,mean_0.8,7,0.8,0.15,beta,none
City-B,T1,1x,180.0,S4_GlobalCalib,cross_regime,M_stress,500,True,1,679.3,493.0,0.0,0.2743,1.0,mean_0.8,7,0.8,0.15,beta,none
City-B,T1,1x,180.0,S5_CityCalib,routine,M_routine,500,True,1,678.4,731.3,0.0,0.0,1.0,mean_0.8,7,0.8,0.15,beta,none
City-B,T1,1x,180.0,S5_CityCalib,cross_regime,M_stress,500,True,1,678.4,493.0,0.0,0.2732,1.0,mean_0.8,7,0.8,0.15,beta,none
City-B,T1,1x,180.0,S6_Q10,routine,M_routine,500,True,1,493.1,731.3,0.0,0.0,1.0,mean_0.8,7,0.8,0.15,beta,none
City-B,T1,1x,180.0,S6_Q10,cross_regime,M_stress,500,True,1,493.1,493.0,0.0,0.0001,1.0,mean_0.8,7,0.8,0.15,beta,none
City-B,T1,2x,360.0,S0a_RoutineOracle,routine,M_routine,500,True,1,731.3,731.3,0.0,0.0,1.0,mean_0.8,7,0.8,0.15,beta,none
City-B,T1,2x,360.0,S0a_RoutineOracle,cross_regime,M_stress,500,True,1,731.3,493.0,0.0,0.3258,1.0,mean_0.8,7,0.8,0.15,beta,none
City-B,T1,2x,360.0,S0b_StressOracle,routine,M_routine,500,True,1,504.5,368.5,0.0,0.2695,1.0,mean_0.8,7,0.8,0.15,beta,none
City-B,T1,2x,360.0,S0b_StressOracle,cross_regime,M_stress,500,True,1,504.5,504.5,0.0,0.0,1.0,mean_0.8,7,0.8,0.15,beta,none
City-B,T1,2x,360.0,S1_CapRR,routine,M_routine,500,True,1,846.0,731.3,0.0,0.1356,1.0,mean_0.8,7,0.8,0.15,beta,none
City-B,T1,2x,360.0,S1_CapRR,cross_regime,M_stress,500,True,1,846.0,493.0,0.0,0.4172,1.0,mean_0.8,7,0.8,0.15,beta,none
City-B,T1,2x,360.0,S2_Platform,routine,M_routine,500,True,1,561.1,368.5,0.0,0.3433,1.0,mean_0.8,7,0.8,0.15,beta,none
City-B,T1,2x,360.0,S2_Platform,cross_regime,M_stress,500,True,1,561.1,504.5,0.0,0.101,1.0,mean_0.8,7,0.8,0.15,beta,none
City-B,T1,2x,360.0,S3_Lin4,routine,M_routine,500,True,1,559.6,527.2,0.0,0.058,1.0,mean_0.8,7,0.8,0.15,beta,none
City-B,T1,2x,360.0,S3_Lin4,cross_regime,M_stress,500,True,1,559.6,482.7,0.0,0.1374,1.0,mean_0.8,7,0.8,0.15,beta,none
City-B,T1,2x,360.0,S4_GlobalCalib,routine,M_routine,500,True,1,679.3,731.3,0.0,0.0,1.0,mean_0.8,7,0.8,0.15,beta,none
City-B,T1,2x,360.0,S4_GlobalCalib,cross_regime,M_stress,500,True,1,679.3,493.0,0.0,0.2743,1.0,mean_0.8,7,0.8,0.15,beta,none
City-B,T1,2x,360.0,S5_CityCalib,routine,M_routine,500,True,1,678.4,731.3,0.0,0.0,1.0,mean_0.8,7,0.8,0.15,beta,none
City-B,T1,2x,360.0,S5_CityCalib,cross_regime,M_stress,500,True,1,678.4,493.0,0.0,0.2732,1.0,mean_0.8,7,0.8,0.15,beta,none
City-B,T1,2x,360.0,S6_Q10,routine,M_routine,500,True,1,493.1,731.3,0.0,0.0,1.0,mean_0.8,7,0.8,0.15,beta,none
City-B,T1,2x,360.0,S6_Q10,cross_regime,M_stress,500,True,1,493.1,493.0,0.0,0.0001,1.0,mean_0.8,7,0.8,0.15,beta,none
City-B,T1,5x,900.0,S0a_RoutineOracle,routine,M_routine,500,True,2,1314.5,1314.5,0.0,0.0,1.0,mean_0.8,7,0.8,0.15,beta,none
City-B,T1,5x,900.0,S0a_RoutineOracle,cross_regime,M_stress,500,True,2,1314.5,820.9,79.1,0.3755,0.0,mean_0.8,7,0.8,0.15,beta,none
City-B,T1,5x,900.0,S0b_StressOracle,routine,M_routine,500,True,2,997.5,1099.8,0.0,0.0,1.0,mean_0.8,7,0.8,0.15,beta,none
City-B,T1,5x,900.0,S0b_StressOracle,cross_regime,M_stress,500,True,2,997.5,997.5,0.0,0.0,1.0,mean_0.8,7,0.8,0.15,beta,none
City-B,T1,5x,900.0,S1_CapRR,routine,M_routine,500,True,2,1688.0,1314.5,0.0,0.2213,1.0,mean_0.8,7,0.8,0.15,beta,none
City-B,T1,5x,900.0,S1_CapRR,cross_regime,M_stress,500,True,2,1688.0,820.9,79.1,0.5137,0.0,mean_0.8,7,0.8,0.15,beta,none
City-B,T1,5x,900.0,S2_Platform,routine,M_routine,500,True,2,1112.3,895.7,4.3,0.1948,0.0,mean_0.8,7,0.8,0.15,beta,none
City-B,T1,5x,900.0,S2_Platform,cross_regime,M_stress,500,True,2,1112.3,987.2,0.0,0.1125,1.0,mean_0.8,7,0.8,0.15,beta,none
City-B,T1,5x,900.0,S3_Lin4,routine,M_routine,500,True,2,1111.6,895.7,4.3,0.1942,0.0,mean_0.8,7,0.8,0.15,beta,none
City-B,T1,5x,900.0,S3_Lin4,cross_regime,M_stress,500,True,2,1111.6,987.2,0.0,0.1119,1.0,mean_0.8,7,0.8,0.15,beta,none
City-B,T1,5x,900.0,S4_GlobalCalib,routine,M_routine,500,True,2,1355.4,1314.5,0.0,0.0302,1.0,mean_0.8,7,0.8,0.15,beta,none
City-B,T1,5x,900.0,S4_GlobalCalib,cross_regime,M_stress,500,True,2,1355.4,820.9,79.1,0.3943,0.0,mean_0.8,7,0.8,0.15,beta,none
City-B,T1,5x,900.0,S5_CityCalib,routine,M_routine,500,True,2,1353.5,1314.5,0.0,0.0288,1.0,mean_0.8,7,0.8,0.15,beta,none
City-B,T1,5x,900.0,S5_CityCalib,cross_regime,M_stress,500,True,2,1353.5,820.9,79.1,0.3935,0.0,mean_0.8,7,0.8,0.15,beta,none
City-B,T1,5x,900.0,S6_Q10,routine,M_routine,500,True,2,983.8,1314.5,0.0,0.0,1.0,mean_0.8,7,0.8,0.15,beta,none
City-B,T1,5x,900.0,S6_Q10,cross_regime,M_stress,500,True,2,983.8,820.9,79.1,0.1656,0.0,mean_0.8,7,0.8,0.15,beta,none
City-B,T1,10x,1800.0,S0a_RoutineOracle,routine,M_routine,500,True,3,1896.9,1896.9,0.0,0.0,1.0,mean_0.8,7,0.8,0.15,beta,none
City-B,T1,10x,1800.0,S0a_RoutineOracle,cross_regime,M_stress,500,True,3,1896.9,1233.7,566.3,0.3496,0.0,mean_0.8,7,0.8,0.15,beta,none
City-B,T1,10x,1800.0,S0b_StressOracle,routine,M_routine,500,True,4,1927.0,2192.9,0.0,0.0,1.0,mean_0.8,7,0.8,0.15,beta,none
City-B,T1,10x,1800.0,S0b_StressOracle,cross_regime,M_stress,500,True,4,1927.0,1927.0,0.0,0.0,1.0,mean_0.8,7,0.8,0.15,beta,none
City-B,T1,10x,1800.0,S1_CapRR,routine,M_routine,500,True,3,2504.5,1841.6,0.0,0.2647,1.0,mean_0.8,7,0.8,0.15,beta,none
City-B,T1,10x,1800.0,S1_CapRR,cross_regime,M_stress,500,True,3,2504.5,1303.6,496.4,0.4795,0.0,mean_0.8,7,0.8,0.15,beta,none
City-B,T1,10x,1800.0,S2_Platform,routine,M_routine,500,True,4,2163.2,2210.1,0.0,0.0,1.0,mean_0.8,7,0.8,0.15,beta,none
City-B,T1,10x,1800.0,S2_Platform,cross_regime,M_stress,500,True,4,2163.2,1808.1,0.0,0.1641,1.0,mean_0.8,7,0.8,0.15,beta,none
City-B,T1,10x,1800.0,S3_Lin4,routine,M_routine,500,True,4,2204.4,2210.1,0.0,0.0,1.0,mean_0.8,7,0.8,0.15,beta,none
City-B,T1,10x,1800.0,S3_Lin4,cross_regime,M_stress,500,True,4,2204.4,1808.1,0.0,0.1798,1.0,mean_0.8,7,0.8,0.15,beta,none
City-B,T1,10x,1800.0,S4_GlobalCalib,routine,M_routine,500,True,3,2011.0,1841.6,0.0,0.0842,1.0,mean_0.8,7,0.8,0.15,beta,none
City-B,T1,10x,1800.0,S4_GlobalCalib,cross_regime,M_stress,500,True,3,2011.0,1303.6,496.4,0.3518,0.0,mean_0.8,7,0.8,0.15,beta,none
City-B,T1,10x,1800.0,S5_CityCalib,routine,M_routine,500,True,3,2008.1,1841.6,0.0,0.0829,1.0,mean_0.8,7,0.8,0.15,beta,none
City-B,T1,10x,1800.0,S5_CityCalib,cross_regime,M_stress,500,True,3,2008.1,1303.6,496.4,0.3508,0.0,mean_0.8,7,0.8,0.15,beta,none
City-B,T1,10x,1800.0,S6_Q10,routine,M_routine,500,True,4,1925.2,2210.1,0.0,0.0,1.0,mean_0.8,7,0.8,0.15,beta,none
City-B,T1,10x,1800.0,S6_Q10,cross_regime,M_stress,500,True,4,1925.2,1808.1,0.0,0.0608,1.0,mean_0.8,7,0.8,0.15,beta,none
City-B,T2,1x,260.0,S0a_RoutineOracle,routine,M_routine,500,True,1,688.3,688.3,0.0,0.0,1.0,mean_0.8,7,0.8,0.15,beta,none
City-B,T2,1x,260.0,S0a_RoutineOracle,cross_regime,M_stress,500,True,1,688.3,442.6,0.0,0.357,1.0,mean_0.8,7,0.8,0.15,beta,none
City-B,T2,1x,260.0,S0b_StressOracle,routine,M_routine,500,True,1,520.2,645.2,0.0,0.0,1.0,mean_0.8,7,0.8,0.15,beta,none
City-B,T2,1x,260.0,S0b_StressOracle,cross_regime,M_stress,500,True,1,520.2,520.2,0.0,0.0,1.0,mean_0.8,7,0.8,0.15,beta,none
City-B,T2,1x,260.0,S1_CapRR,routine,M_routine,500,True,1,846.0,688.3,0.0,0.1864,1.0,mean_0.8,7,0.8,0.15,beta,none
City-B,T2,1x,260.0,S1_CapRR,cross_regime,M_stress,500,True,1,846.0,442.6,0.0,0.4768,1.0,mean_0.8,7,0.8,0.15,beta,none
City-B,T2,1x,260.0,S2_Platform,routine,M_routine,500,True,1,557.0,673.4,0.0,0.0,1.0,mean_0.8,7,0.8,0.15,beta,none
City-B,T2,1x,260.0,S2_Platform,cross_regime,M_stress,500,True,1,557.0,319.2,0.0,0.4269,1.0,mean_0.8,7,0.8,0.15,beta,none
City-B,T2,1x,260.0,S3_Lin4,routine,M_routine,500,True,1,557.7,645.2,0.0,0.0,1.0,mean_0.8,7,0.8,0.15,beta,none
City-B,T2,1x,260.0,S3_Lin4,cross_regime,M_stress,500,True,1,557.7,520.2,0.0,0.0674,1.0,mean_0.8,7,0.8,0.15,beta,none
City-B,T2,1x,260.0,S4_GlobalCalib,routine,M_routine,500,True,1,677.0,688.3,0.0,0.0,1.0,mean_0.8,7,0.8,0.15,beta,none
City-B,T2,1x,260.0,S4_GlobalCalib,cross_regime,M_stress,500,True,1,677.0,442.6,0.0,0.3462,1.0,mean_0.8,7,0.8,0.15,beta,none
City-B,T2,1x,260.0,S5_CityCalib,routine,M_routine,500,True,1,671.3,688.3,0.0,0.0,1.0,mean_0.8,7,0.8,0.15,beta,none
City-B,T2,1x,260.0,S5_CityCalib,cross_regime,M_stress,500,True,1,671.3,442.6,0.0,0.3407,1.0,mean_0.8,7,0.8,0.15,beta,none
City-B,T2,1x,260.0,S6_Q10,routine,M_routine,500,True,1,491.9,688.3,0.0,0.0,1.0,mean_0.8,7,0.8,0.15,beta,none
City-B,T2,1x,260.0,S6_Q10,cross_regime,M_stress,500,True,1,491.9,442.6,0.0,0.1003,1.0,mean_0.8,7,0.8,0.15,beta,none
City-B,T2,2x,520.0,S0a_RoutineOracle,routine,M_routine,500,True,1,688.3,688.3,0.0,0.0,1.0,mean_0.8,7,0.8,0.15,beta,none
City-B,T2,2x,520.0,S0a_RoutineOracle,cross_regime,M_stress,500,True,1,688.3,442.6,77.4,0.357,0.0,mean_0.8,7,0.8,0.15,beta,none
City-B,T2,2x,520.0,S0b_StressOracle,routine,M_routine,500,True,1,520.2,645.2,0.0,0.0,1.0,mean_0.8,7,0.8,0.15,beta,none
City-B,T2,2x,520.0,S0b_StressOracle,cross_regime,M_stress,500,True,1,520.2,520.2,0.0,0.0,1.0,mean_0.8,7,0.8,0.15,beta,none
City-B,T2,2x,520.0,S1_CapRR,routine,M_routine,500,True,1,846.0,688.3,0.0,0.1864,1.0,mean_0.8,7,0.8,0.15,beta,none
City-B,T2,2x,520.0,S1_CapRR,cross_regime,M_stress,500,True,1,846.0,442.6,77.4,0.4768,0.0,mean_0.8,7,0.8,0.15,beta,none
City-B,T2,2x,520.0,S2_Platform,routine,M_routine,500,True,1,557.0,673.4,0.0,0.0,1.0,mean_0.8,7,0.8,0.15,beta,none
City-B,T2,2x,520.0,S2_Platform,cross_regime,M_stress,500,True,1,557.0,319.2,200.8,0.4269,0.0,mean_0.8,7,0.8,0.15,beta,none
City-B,T2,2x,520.0,S3_Lin4,routine,M_routine,500,True,1,557.7,645.2,0.0,0.0,1.0,mean_0.8,7,0.8,0.15,beta,none
City-B,T2,2x,520.0,S3_Lin4,cross_regime,M_stress,500,True,1,557.7,520.2,0.0,0.0674,1.0,mean_0.8,7,0.8,0.15,beta,none
City-B,T2,2x,520.0,S4_GlobalCalib,routine,M_routine,500,True,1,677.0,688.3,0.0,0.0,1.0,mean_0.8,7,0.8,0.15,beta,none
City-B,T2,2x,520.0,S4_GlobalCalib,cross_regime,M_stress,500,True,1,677.0,442.6,77.4,0.3462,0.0,mean_0.8,7,0.8,0.15,beta,none
City-B,T2,2x,520.0,S5_CityCalib,routine,M_routine,500,True,1,671.3,688.3,0.0,0.0,1.0,mean_0.8,7,0.8,0.15,beta,none
City-B,T2,2x,520.0,S5_CityCalib,cross_regime,M_stress,500,True,1,671.3,442.6,77.4,0.3407,0.0,mean_0.8,7,0.8,0.15,beta,none
City-B,T2,2x,520.0,S6_Q10,routine,M_routine,500,True,2,981.5,1200.0,0.0,0.0,1.0,mean_0.8,7,0.8,0.15,beta,none
City-B,T2,2x,520.0,S6_Q10,cross_regime,M_stress,500,True,2,981.5,757.8,0.0,0.2279,1.0,mean_0.8,7,0.8,0.15,beta,none
City-B,T2,5x,1300.0,S0a_RoutineOracle,routine,M_routine,500,True,2,1361.7,1361.7,0.0,0.0,1.0,mean_0.8,7,0.8,0.15,beta,none
City-B,T2,5x,1300.0,S0a_RoutineOracle,cross_regime,M_stress,500,True,2,1361.7,761.8,538.2,0.4405,0.0,mean_0.8,7,0.8,0.15,beta,none
City-B,T2,5x,1300.0,S0b_StressOracle,routine,M_routine,500,True,3,1358.9,1822.6,0.0,0.0,1.0,mean_0.8,7,0.8,0.15,beta,none
City-B,T2,5x,1300.0,S0b_StressOracle,cross_regime,M_stress,500,True,3,1358.9,1358.9,0.0,0.0,1.0,mean_0.8,7,0.8,0.15,beta,none
City-B,T2,5x,1300.0,S1_CapRR,routine,M_routine,500,True,2,1688.0,1200.0,100.0,0.2891,0.0,mean_0.8,7,0.8,0.15,beta,none
City-B,T2,5x,1300.0,S1_CapRR,cross_regime,M_stress,500,True,2,1688.0,757.8,542.2,0.5511,0.0,mean_0.8,7,0.8,0.15,beta,none
City-B,T2,5x,1300.0,S2_Platform,routine,M_routine,500,True,3,1630.3,1830.3,0.0,0.0,1.0,mean_0.8,7,0.8,0.15,beta,none
City-B,T2,5x,1300.0,S2_Platform,cross_regime,M_stress,500,True,3,1630.3,1154.6,145.4,0.2918,0.0,mean_0.8,7,0.8,0.15,beta,none
City-B,T2,5x,1300.0,S3_Lin4,routine,M_routine,500,True,3,1653.4,2007.0,0.0,0.0,1.0,mean_0.8,7,0.8,0.15,beta,none
City-B,T2,5x,1300.0,S3_Lin4,cross_regime,M_stress,500,True,3,1653.4,1282.0,18.0,0.2246,0.0,mean_0.8,7,0.8,0.15,beta,none
City-B,T2,5x,1300.0,S4_GlobalCalib,routine,M_routine,500,True,2,1350.7,1200.0,100.0,0.1116,0.0,mean_0.8,7,0.8,0.15,beta,none
City-B,T2,5x,1300.0,S4_GlobalCalib,cross_regime,M_stress,500,True,2,1350.7,757.8,542.2,0.439,0.0,mean_0.8,7,0.8,0.15,beta,none
City-B,T2,5x,1300.0,S5_CityCalib,routine,M_routine,500,True,2,1339.4,1200.0,100.0,0.1041,0.0,mean_0.8,7,0.8,0.15,beta,none
City-B,T2,5x,1300.0,S5_CityCalib,cross_regime,M_stress,500,True,2,1339.4,757.8,542.2,0.4342,0.0,mean_0.8,7,0.8,0.15,beta,none
City-B,T2,5x,1300.0,S6_Q10,routine,M_routine,500,True,3,1456.3,1845.3,0.0,0.0,1.0,mean_0.8,7,0.8,0.15,beta,none
City-B,T2,5x,1300.0,S6_Q10,cross_regime,M_stress,500,True,3,1456.3,1277.9,22.1,0.1225,0.0,mean_0.8,7,0.8,0.15,beta,none
City-B,T2,10x,2600.0,S0a_RoutineOracle,routine,M_routine,500,True,5,3074.6,3074.6,0.0,0.0,1.0,mean_0.8,7,0.8,0.15,beta,none
City-B,T2,10x,2600.0,S0a_RoutineOracle,cross_regime,M_stress,500,True,5,3074.6,1903.2,696.8,0.381,0.0,mean_0.8,7,0.8,0.15,beta,none
City-B,T2,10x,2600.0,S0b_StressOracle,routine,M_routine,500,True,7,2759.9,3958.7,0.0,0.0,1.0,mean_0.8,7,0.8,0.15,beta,none
City-B,T2,10x,2600.0,S0b_StressOracle,cross_regime,M_stress,500,True,7,2759.9,2759.9,0.0,0.0,1.0,mean_0.8,7,0.8,0.15,beta,none
City-B,T2,10x,2600.0,S1_CapRR,routine,M_routine,500,True,4,3303.2,2518.7,81.3,0.2375,0.0,mean_0.8,7,0.8,0.15,beta,none
City-B,T2,10x,2600.0,S1_CapRR,cross_regime,M_stress,500,True,4,3303.2,1597.2,1002.8,0.5165,0.0,mean_0.8,7,0.8,0.15,beta,none
City-B,T2,10x,2600.0,S2_Platform,routine,M_routine,500,True,6,2974.4,3532.9,0.0,0.0,1.0,mean_0.8,7,0.8,0.15,beta,none
City-B,T2,10x,2600.0,S2_Platform,cross_regime,M_stress,500,True,6,2974.4,2263.7,336.3,0.2389,0.0,mean_0.8,7,0.8,0.15,beta,none
City-B,T2,10x,2600.0,S3_Lin4,routine,M_routine,500,True,5,2657.7,3011.2,0.0,0.0,1.0,mean_0.8,7,0.8,0.15,beta,none
City-B,T2,10x,2600.0,S3_Lin4,cross_regime,M_stress,500,True,5,2657.7,1983.8,616.2,0.2536,0.0,mean_0.8,7,0.8,0.15,beta,none
City-B,T2,10x,2600.0,S4_GlobalCalib,routine,M_routine,500,True,4,2643.2,2518.7,81.3,0.0471,0.0,mean_0.8,7,0.8,0.15,beta,none
City-B,T2,10x,2600.0,S4_GlobalCalib,cross_regime,M_stress,500,True,4,2643.2,1597.2,1002.8,0.3957,0.0,mean_0.8,7,0.8,0.15,beta,none
City-B,T2,10x,2600.0,S5_CityCalib,routine,M_routine,500,True,4,2621.1,2518.7,81.3,0.0391,0.0,mean_0.8,7,0.8,0.15,beta,none
City-B,T2,10x,2600.0,S5_CityCalib,cross_regime,M_stress,500,True,4,2621.1,1597.2,1002.8,0.3907,0.0,mean_0.8,7,0.8,0.15,beta,none
City-B,T2,10x,2600.0,S6_Q10,routine,M_routine,500,True,6,2701.3,3500.3,0.0,0.0,1.0,mean_0.8,7,0.8,0.15,beta,none
City-B,T2,10x,2600.0,S6_Q10,cross_regime,M_stress,500,True,6,2701.3,2380.0,220.0,0.1189,0.0,mean_0.8,7,0.8,0.15,beta,none
City-B,T3,1x,200.0,S0a_RoutineOracle,routine,M_routine,500,True,1,687.4,687.4,0.0,0.0,1.0,mean_0.8,7,0.8,0.15,beta,none
City-B,T3,1x,200.0,S0a_RoutineOracle,cross_regime,M_stress,500,True,1,687.4,381.2,0.0,0.4455,1.0,mean_0.8,7,0.8,0.15,beta,none
City-B,T3,1x,200.0,S0b_StressOracle,routine,M_routine,500,True,1,409.3,454.3,0.0,0.0,1.0,mean_0.8,7,0.8,0.15,beta,none
City-B,T3,1x,200.0,S0b_StressOracle,cross_regime,M_stress,500,True,1,409.3,409.3,0.0,0.0,1.0,mean_0.8,7,0.8,0.15,beta,none
City-B,T3,1x,200.0,S1_CapRR,routine,M_routine,500,True,1,744.5,454.3,0.0,0.3898,1.0,mean_0.8,7,0.8,0.15,beta,none
City-B,T3,1x,200.0,S1_CapRR,cross_regime,M_stress,500,True,1,744.5,409.3,0.0,0.4503,1.0,mean_0.8,7,0.8,0.15,beta,none
City-B,T3,1x,200.0,S2_Platform,routine,M_routine,500,True,1,543.2,679.3,0.0,0.0,1.0,mean_0.8,7,0.8,0.15,beta,none
City-B,T3,1x,200.0,S2_Platform,cross_regime,M_stress,500,True,1,543.2,332.4,0.0,0.388,1.0,mean_0.8,7,0.8,0.15,beta,none
City-B,T3,1x,200.0,S3_Lin4,routine,M_routine,500,True,1,546.7,687.4,0.0,0.0,1.0,mean_0.8,7,0.8,0.15,beta,none
City-B,T3,1x,200.0,S3_Lin4,cross_regime,M_stress,500,True,1,546.7,381.2,0.0,0.3028,1.0,mean_0.8,7,0.8,0.15,beta,none
City-B,T3,1x,200.0,S4_GlobalCalib,routine,M_routine,500,True,1,592.2,454.3,0.0,0.2329,1.0,mean_0.8,7,0.8,0.15,beta,none
City-B,T3,1x,200.0,S4_GlobalCalib,cross_regime,M_stress,500,True,1,592.2,409.3,0.0,0.3089,1.0,mean_0.8,7,0.8,0.15,beta,none
City-B,T3,1x,200.0,S5_CityCalib,routine,M_routine,500,True,1,589.4,454.3,0.0,0.2292,1.0,mean_0.8,7,0.8,0.15,beta,none
City-B,T3,1x,200.0,S5_CityCalib,cross_regime,M_stress,500,True,1,589.4,409.3,0.0,0.3056,1.0,mean_0.8,7,0.8,0.15,beta,none
City-B,T3,1x,200.0,S6_Q10,routine,M_routine,500,True,1,433.3,454.3,0.0,0.0,1.0,mean_0.8,7,0.8,0.15,beta,none
City-B,T3,1x,200.0,S6_Q10,cross_regime,M_stress,500,True,1,433.3,409.3,0.0,0.0554,1.0,mean_0.8,7,0.8,0.15,beta,none
City-B,T3,2x,400.0,S0a_RoutineOracle,routine,M_routine,500,True,1,687.4,687.4,0.0,0.0,1.0,mean_0.8,7,0.8,0.15,beta,none
City-B,T3,2x,400.0,S0a_RoutineOracle,cross_regime,M_stress,500,True,1,687.4,381.2,18.8,0.4455,0.0,mean_0.8,7,0.8,0.15,beta,none
City-B,T3,2x,400.0,S0b_StressOracle,routine,M_routine,500,True,1,409.3,454.3,0.0,0.0,1.0,mean_0.8,7,0.8,0.15,beta,none
City-B,T3,2x,400.0,S0b_StressOracle,cross_regime,M_stress,500,True,1,409.3,409.3,0.0,0.0,1.0,mean_0.8,7,0.8,0.15,beta,none
City-B,T3,2x,400.0,S1_CapRR,routine,M_routine,500,True,1,744.5,454.3,0.0,0.3898,1.0,mean_0.8,7,0.8,0.15,beta,none
City-B,T3,2x,400.0,S1_CapRR,cross_regime,M_stress,500,True,1,744.5,409.3,0.0,0.4503,1.0,mean_0.8,7,0.8,0.15,beta,none
City-B,T3,2x,400.0,S2_Platform,routine,M_routine,500,True,1,543.2,679.3,0.0,0.0,1.0,mean_0.8,7,0.8,0.15,beta,none
City-B,T3,2x,400.0,S2_Platform,cross_regime,M_stress,500,True,1,543.2,332.4,67.6,0.388,0.0,mean_0.8,7,0.8,0.15,beta,none
City-B,T3,2x,400.0,S3_Lin4,routine,M_routine,500,True,1,546.7,687.4,0.0,0.0,1.0,mean_0.8,7,0.8,0.15,beta,none
City-B,T3,2x,400.0,S3_Lin4,cross_regime,M_stress,500,True,1,546.7,381.2,18.8,0.3028,0.0,mean_0.8,7,0.8,0.15,beta,none
City-B,T3,2x,400.0,S4_GlobalCalib,routine,M_routine,500,True,1,592.2,454.3,0.0,0.2329,1.0,mean_0.8,7,0.8,0.15,beta,none
City-B,T3,2x,400.0,S4_GlobalCalib,cross_regime,M_stress,500,True,1,592.2,409.3,0.0,0.3089,1.0,mean_0.8,7,0.8,0.15,beta,none
City-B,T3,2x,400.0,S5_CityCalib,routine,M_routine,500,True,1,589.4,454.3,0.0,0.2292,1.0,mean_0.8,7,0.8,0.15,beta,none
City-B,T3,2x,400.0,S5_CityCalib,cross_regime,M_stress,500,True,1,589.4,409.3,0.0,0.3056,1.0,mean_0.8,7,0.8,0.15,beta,none
City-B,T3,2x,400.0,S6_Q10,routine,M_routine,500,True,1,433.3,454.3,0.0,0.0,1.0,mean_0.8,7,0.8,0.15,beta,none
City-B,T3,2x,400.0,S6_Q10,cross_regime,M_stress,500,True,1,433.3,409.3,0.0,0.0554,1.0,mean_0.8,7,0.8,0.15,beta,none
City-B,T3,5x,1000.0,S0a_RoutineOracle,routine,M_routine,500,True,2,1366.7,1366.7,0.0,0.0,1.0,mean_0.8,7,0.8,0.15,beta,none
City-B,T3,5x,1000.0,S0a_RoutineOracle,cross_regime,M_stress,500,True,2,1366.7,713.6,286.4,0.4779,0.0,mean_0.8,7,0.8,0.15,beta,none
City-B,T3,5x,1000.0,S0b_StressOracle,routine,M_routine,500,True,3,1122.9,1821.0,0.0,0.0,1.0,mean_0.8,7,0.8,0.15,beta,none
City-B,T3,5x,1000.0,S0b_StressOracle,cross_regime,M_stress,500,True,3,1122.9,1122.9,0.0,0.0,1.0,mean_0.8,7,0.8,0.15,beta,none
City-B,T3,5x,1000.0,S1_CapRR,routine,M_routine,500,True,2,1485.4,1133.5,0.0,0.2369,1.0,mean_0.8,7,0.8,0.15,beta,none
City-B,T3,5x,1000.0,S1_CapRR,cross_regime,M_stress,500,True,2,1485.4,741.7,258.3,0.5007,0.0,mean_0.8,7,0.8,0.15,beta,none
City-B,T3,5x,1000.0,S2_Platform,routine,M_routine,500,True,2,1048.0,1366.7,0.0,0.0,1.0,mean_0.8,7,0.8,0.15,beta,none
City-B,T3,5x,1000.0,S2_Platform,cross_regime,M_stress,500,True,2,1048.0,713.6,286.4,0.3191,0.0,mean_0.8,7,0.8,0.15,beta,none
City-B,T3,5x,1000.0,S3_Lin4,routine,M_routine,500,True,2,1086.2,1234.2,0.0,0.0,1.0,mean_0.8,7,0.8,0.15,beta,none
City-B,T3,5x,1000.0,S3_Lin4,cross_regime,M_stress,500,True,2,1086.2,628.3,371.7,0.4216,0.0,mean_0.8,7,0.8,0.15,beta,none
City-B,T3,5x,1000.0,S4_GlobalCalib,routine,M_routine,500,True,2,1181.5,1133.5,0.0,0.0406,1.0,mean_0.8,7,0.8,0.15,beta,none
City-B,T3,5x,1000.0,S4_GlobalCalib,cross_regime,M_stress,500,True,2,1181.5,741.7,258.3,0.3723,0.0,mean_0.8,7,0.8,0.15,beta,none
City-B,T3,5x,1000.0,S5_CityCalib,routine,M_routine,500,True,2,1175.9,1133.5,0.0,0.036,1.0,mean_0.8,7,0.8,0.15,beta,none
City-B,T3,5x,1000.0,S5_CityCalib,cross_regime,M_stress,500,True,2,1175.9,741.7,258.3,0.3693,0.0,mean_0.8,7,0.8,0.15,beta,none
City-B,T3,5x,1000.0,S6_Q10,routine,M_routine,500,True,3,1282.5,1821.0,0.0,0.0,1.0,mean_0.8,7,0.8,0.15,beta,none
City-B,T3,5x,1000.0,S6_Q10,cross_regime,M_stress,500,True,3,1282.5,1122.9,0.0,0.1245,1.0,mean_0.8,7,0.8,0.15,beta,none
City-B,T3,10x,2000.0,S0a_RoutineOracle,routine,M_routine,500,True,4,2429.6,2429.6,0.0,0.0,1.0,mean_0.8,7,0.8,0.15,beta,none
City-B,T3,10x,2000.0,S0a_RoutineOracle,cross_regime,M_stress,500,True,4,2429.6,1180.6,819.4,0.5141,0.0,mean_0.8,7,0.8,0.15,beta,none
City-B,T3,10x,2000.0,S0b_StressOracle,routine,M_routine,500,True,6,2025.4,2939.4,0.0,0.0,1.0,mean_0.8,7,0.8,0.15,beta,none
City-B,T3,10x,2000.0,S0b_StressOracle,cross_regime,M_stress,500,True,6,2025.4,2025.4,0.0,0.0,1.0,mean_0.8,7,0.8,0.15,beta,none
City-B,T3,10x,2000.0,S1_CapRR,routine,M_routine,500,True,3,2203.9,1821.0,179.0,0.1737,0.0,mean_0.8,7,0.8,0.15,beta,none
City-B,T3,10x,2000.0,S1_CapRR,cross_regime,M_stress,500,True,3,2203.9,1122.9,877.1,0.4905,0.0,mean_0.8,7,0.8,0.15,beta,none
City-B,T3,10x,2000.0,S2_Platform,routine,M_routine,500,True,5,2307.7,2797.9,0.0,0.0,1.0,mean_0.8,7,0.8,0.15,beta,none
City-B,T3,10x,2000.0,S2_Platform,cross_regime,M_stress,500,True,5,2307.7,1474.2,525.8,0.3612,0.0,mean_0.8,7,0.8,0.15,beta,none
City-B,T3,10x,2000.0,S3_Lin4,routine,M_routine,500,True,4,2145.2,2367.7,0.0,0.0,1.0,mean_0.8,7,0.8,0.15,beta,none
City-B,T3,10x,2000.0,S3_Lin4,cross_regime,M_stress,500,True,4,2145.2,1370.0,630.0,0.3614,0.0,mean_0.8,7,0.8,0.15,beta,none
City-B,T3,10x,2000.0,S4_GlobalCalib,routine,M_routine,500,True,4,2312.1,2367.7,0.0,0.0,1.0,mean_0.8,7,0.8,0.15,beta,none
City-B,T3,10x,2000.0,S4_GlobalCalib,cross_regime,M_stress,500,True,4,2312.1,1370.0,630.0,0.4075,0.0,mean_0.8,7,0.8,0.15,beta,none
City-B,T3,10x,2000.0,S5_CityCalib,routine,M_routine,500,True,4,2301.1,2367.7,0.0,0.0,1.0,mean_0.8,7,0.8,0.15,beta,none
City-B,T3,10x,2000.0,S5_CityCalib,cross_regime,M_stress,500,True,4,2301.1,1370.0,630.0,0.4046,0.0,mean_0.8,7,0.8,0.15,beta,none
City-B,T3,10x,2000.0,S6_Q10,routine,M_routine,500,True,5,2049.5,2830.8,0.0,0.0,1.0,mean_0.8,7,0.8,0.15,beta,none
City-B,T3,10x,2000.0,S6_Q10,cross_regime,M_stress,500,True,5,2049.5,1607.5,392.5,0.2157,0.0,mean_0.8,7,0.8,0.15,beta,none
City-B,T4,1x,140.0,S0a_RoutineOracle,routine,M_routine,500,True,1,788.3,788.3,0.0,0.0,1.0,mean_0.8,7,0.8,0.15,beta,none
City-B,T4,1x,140.0,S0a_RoutineOracle,cross_regime,M_stress,500,True,1,788.3,502.1,0.0,0.3631,1.0,mean_0.8,7,0.8,0.15,beta,none
City-B,T4,1x,140.0,S0b_StressOracle,routine,M_routine,500,True,1,504.5,753.8,0.0,0.0,1.0,mean_0.8,7,0.8,0.15,beta,none
City-B,T4,1x,140.0,S0b_StressOracle,cross_regime,M_stress,500,True,1,504.5,504.5,0.0,0.0,1.0,mean_0.8,7,0.8,0.15,beta,none
City-B,T4,1x,140.0,S1_CapRR,routine,M_routine,500,True,1,846.0,753.8,0.0,0.109,1.0,mean_0.8,7,0.8,0.15,beta,none
City-B,T4,1x,140.0,S1_CapRR,cross_regime,M_stress,500,True,1,846.0,504.5,0.0,0.4037,1.0,mean_0.8,7,0.8,0.15,beta,none
City-B,T4,1x,140.0,S2_Platform,routine,M_routine,500,True,1,480.1,753.8,0.0,0.0,1.0,mean_0.8,7,0.8,0.15,beta,none
City-B,T4,1x,140.0,S2_Platform,cross_regime,M_stress,500,True,1,480.1,504.5,0.0,0.0,1.0,mean_0.8,7,0.8,0.15,beta,none
City-B,T4,1x,140.0,S3_Lin4,routine,M_routine,500,True,1,560.4,651.9,0.0,0.0,1.0,mean_0.8,7,0.8,0.15,beta,none
City-B,T4,1x,140.0,S3_Lin4,cross_regime,M_stress,500,True,1,560.4,504.2,0.0,0.1002,1.0,mean_0.8,7,0.8,0.15,beta,none
City-B,T4,1x,140.0,S4_GlobalCalib,routine,M_routine,500,True,1,673.8,753.8,0.0,0.0,1.0,mean_0.8,7,0.8,0.15,beta,none
City-B,T4,1x,140.0,S4_GlobalCalib,cross_regime,M_stress,500,True,1,673.8,504.5,0.0,0.2514,1.0,mean_0.8,7,0.8,0.15,beta,none
City-B,T4,1x,140.0,S5_CityCalib,routine,M_routine,500,True,1,667.1,753.8,0.0,0.0,1.0,mean_0.8,7,0.8,0.15,beta,none
City-B,T4,1x,140.0,S5_CityCalib,cross_regime,M_stress,500,True,1,667.1,504.5,0.0,0.2438,1.0,mean_0.8,7,0.8,0.15,beta,none
City-B,T4,1x,140.0,S6_Q10,routine,M_routine,500,True,1,492.7,753.8,0.0,0.0,1.0,mean_0.8,7,0.8,0.15,beta,none
City-B,T4,1x,140.0,S6_Q10,cross_regime,M_stress,500,True,1,492.7,504.5,0.0,0.0,1.0,mean_0.8,7,0.8,0.15,beta,none
City-B,T4,2x,280.0,S0a_RoutineOracle,routine,M_routine,500,True,1,788.3,788.3,0.0,0.0,1.0,mean_0.8,7,0.8,0.15,beta,none
City-B,T4,2x,280.0,S0a_RoutineOracle,cross_regime,M_stress,500,True,1,788.3,502.1,0.0,0.3631,1.0,mean_0.8,7,0.8,0.15,beta,none
City-B,T4,2x,280.0,S0b_StressOracle,routine,M_routine,500,True,1,504.5,753.8,0.0,0.0,1.0,mean_0.8,7,0.8,0.15,beta,none
City-B,T4,2x,280.0,S0b_StressOracle,cross_regime,M_stress,500,True,1,504.5,504.5,0.0,0.0,1.0,mean_0.8,7,0.8,0.15,beta,none
City-B,T4,2x,280.0,S1_CapRR,routine,M_routine,500,True,1,846.0,753.8,0.0,0.109,1.0,mean_0.8,7,0.8,0.15,beta,none
City-B,T4,2x,280.0,S1_CapRR,cross_regime,M_stress,500,True,1,846.0,504.5,0.0,0.4037,1.0,mean_0.8,7,0.8,0.15,beta,none
City-B,T4,2x,280.0,S2_Platform,routine,M_routine,500,True,1,480.1,753.8,0.0,0.0,1.0,mean_0.8,7,0.8,0.15,beta,none
City-B,T4,2x,280.0,S2_Platform,cross_regime,M_stress,500,True,1,480.1,504.5,0.0,0.0,1.0,mean_0.8,7,0.8,0.15,beta,none
City-B,T4,2x,280.0,S3_Lin4,routine,M_routine,500,True,1,560.4,651.9,0.0,0.0,1.0,mean_0.8,7,0.8,0.15,beta,none
City-B,T4,2x,280.0,S3_Lin4,cross_regime,M_stress,500,True,1,560.4,504.2,0.0,0.1002,1.0,mean_0.8,7,0.8,0.15,beta,none
City-B,T4,2x,280.0,S4_GlobalCalib,routine,M_routine,500,True,1,673.8,753.8,0.0,0.0,1.0,mean_0.8,7,0.8,0.15,beta,none
City-B,T4,2x,280.0,S4_GlobalCalib,cross_regime,M_stress,500,True,1,673.8,504.5,0.0,0.2514,1.0,mean_0.8,7,0.8,0.15,beta,none
City-B,T4,2x,280.0,S5_CityCalib,routine,M_routine,500,True,1,667.1,753.8,0.0,0.0,1.0,mean_0.8,7,0.8,0.15,beta,none
City-B,T4,2x,280.0,S5_CityCalib,cross_regime,M_stress,500,True,1,667.1,504.5,0.0,0.2438,1.0,mean_0.8,7,0.8,0.15,beta,none
City-B,T4,2x,280.0,S6_Q10,routine,M_routine,500,True,1,492.7,753.8,0.0,0.0,1.0,mean_0.8,7,0.8,0.15,beta,none
City-B,T4,2x,280.0,S6_Q10,cross_regime,M_stress,500,True,1,492.7,504.5,0.0,0.0,1.0,mean_0.8,7,0.8,0.15,beta,none
City-B,T4,5x,700.0,S0a_RoutineOracle,routine,M_routine,500,True,1,788.3,788.3,0.0,0.0,1.0,mean_0.8,7,0.8,0.15,beta,none
City-B,T4,5x,700.0,S0a_RoutineOracle,cross_regime,M_stress,500,True,1,788.3,502.1,197.9,0.3631,0.0,mean_0.8,7,0.8,0.15,beta,none
City-B,T4,5x,700.0,S0b_StressOracle,routine,M_routine,500,True,2,1008.6,1405.7,0.0,0.0,1.0,mean_0.8,7,0.8,0.15,beta,none
City-B,T4,5x,700.0,S0b_StressOracle,cross_regime,M_stress,500,True,2,1008.6,1008.6,0.0,0.0,1.0,mean_0.8,7,0.8,0.15,beta,none
City-B,T4,5x,700.0,S1_CapRR,routine,M_routine,500,True,1,846.0,753.8,0.0,0.109,1.0,mean_0.8,7,0.8,0.15,beta,none
City-B,T4,5x,700.0,S1_CapRR,cross_regime,M_stress,500,True,1,846.0,504.5,195.5,0.4037,0.0,mean_0.8,7,0.8,0.15,beta,none
City-B,T4,5x,700.0,S2_Platform,routine,M_routine,500,True,2,912.9,1542.1,0.0,0.0,1.0,mean_0.8,7,0.8,0.15,beta,none
City-B,T4,5x,700.0,S2_Platform,cross_regime,M_stress,500,True,2,912.9,1006.6,0.0,0.0,1.0,mean_0.8,7,0.8,0.15,beta,none
City-B,T4,5x,700.0,S3_Lin4,routine,M_routine,500,True,2,1113.3,1440.3,0.0,0.0,1.0,mean_0.8,7,0.8,0.15,beta,none
City-B,T4,5x,700.0,S3_Lin4,cross_regime,M_stress,500,True,2,1113.3,1006.3,0.0,0.0961,1.0,mean_0.8,7,0.8,0.15,beta,none
City-B,T4,5x,700.0,S4_GlobalCalib,routine,M_routine,500,True,2,1344.4,1432.2,0.0,0.0,1.0,mean_0.8,7,0.8,0.15,beta,none
City-B,T4,5x,700.0,S4_GlobalCalib,cross_regime,M_stress,500,True,2,1344.4,827.7,0.0,0.3844,1.0,mean_0.8,7,0.8,0.15,beta,none
City-B,T4,5x,700.0,S5_CityCalib,routine,M_routine,500,True,2,1331.0,1432.2,0.0,0.0,1.0,mean_0.8,7,0.8,0.15,beta,none
City-B,T4,5x,700.0,S5_CityCalib,cross_regime,M_stress,500,True,2,1331.0,827.7,0.0,0.3782,1.0,mean_0.8,7,0.8,0.15,beta,none
City-B,T4,5x,700.0,S6_Q10,routine,M_routine,500,True,2,983.0,1432.2,0.0,0.0,1.0,mean_0.8,7,0.8,0.15,beta,none
City-B,T4,5x,700.0,S6_Q10,cross_regime,M_stress,500,True,2,983.0,827.7,0.0,0.158,1.0,mean_0.8,7,0.8,0.15,beta,none
City-B,T4,10x,1400.0,S0a_RoutineOracle,routine,M_routine,500,True,2,1542.1,1542.1,0.0,0.0,1.0,mean_0.8,7,0.8,0.15,beta,none
City-B,T4,10x,1400.0,S0a_RoutineOracle,cross_regime,M_stress,500,True,2,1542.1,1006.6,393.4,0.3473,0.0,mean_0.8,7,0.8,0.15,beta,none
City-B,T4,10x,1400.0,S0b_StressOracle,routine,M_routine,500,True,3,1510.7,2194.0,0.0,0.0,1.0,mean_0.8,7,0.8,0.15,beta,none
City-B,T4,10x,1400.0,S0b_StressOracle,cross_regime,M_stress,500,True,3,1510.7,1510.7,0.0,0.0,1.0,mean_0.8,7,0.8,0.15,beta,none
City-B,T4,10x,1400.0,S1_CapRR,routine,M_routine,500,True,2,1688.0,1432.2,0.0,0.1515,1.0,mean_0.8,7,0.8,0.15,beta,none
City-B,T4,10x,1400.0,S1_CapRR,cross_regime,M_stress,500,True,2,1688.0,827.7,572.3,0.5097,0.0,mean_0.8,7,0.8,0.15,beta,none
City-B,T4,10x,1400.0,S2_Platform,routine,M_routine,500,True,4,1693.5,2565.3,0.0,0.0,1.0,mean_0.8,7,0.8,0.15,beta,none
City-B,T4,10x,1400.0,S2_Platform,cross_regime,M_stress,500,True,4,1693.5,1884.7,0.0,0.0,1.0,mean_0.8,7,0.8,0.15,beta,none
City-B,T4,10x,1400.0,S3_Lin4,routine,M_routine,500,True,3,1661.5,2194.0,0.0,0.0,1.0,mean_0.8,7,0.8,0.15,beta,none
City-B,T4,10x,1400.0,S3_Lin4,cross_regime,M_stress,500,True,3,1661.5,1510.7,0.0,0.0907,1.0,mean_0.8,7,0.8,0.15,beta,none
City-B,T4,10x,1400.0,S4_GlobalCalib,routine,M_routine,500,True,3,1994.8,2084.1,0.0,0.0,1.0,mean_0.8,7,0.8,0.15,beta,none
City-B,T4,10x,1400.0,S4_GlobalCalib,cross_regime,M_stress,500,True,3,1994.8,1331.9,68.1,0.3323,0.0,mean_0.8,7,0.8,0.15,beta,none
City-B,T4,10x,1400.0,S5_CityCalib,routine,M_routine,500,True,3,1974.9,2084.1,0.0,0.0,1.0,mean_0.8,7,0.8,0.15,beta,none
City-B,T4,10x,1400.0,S5_CityCalib,cross_regime,M_stress,500,True,3,1974.9,1331.9,68.1,0.3256,0.0,mean_0.8,7,0.8,0.15,beta,none
City-B,T4,10x,1400.0,S6_Q10,routine,M_routine,500,True,3,1458.5,2084.1,0.0,0.0,1.0,mean_0.8,7,0.8,0.15,beta,none
City-B,T4,10x,1400.0,S6_Q10,cross_regime,M_stress,500,True,3,1458.5,1331.9,68.1,0.0868,0.0,mean_0.8,7,0.8,0.15,beta,none
City-B,T5,1x,160.0,S0a_RoutineOracle,routine,M_routine,500,True,1,716.5,716.5,0.0,0.0,1.0,mean_0.8,7,0.8,0.15,beta,none
City-B,T5,1x,160.0,S0a_RoutineOracle,cross_regime,M_stress,500,True,1,716.5,160.3,0.0,0.7763,1.0,mean_0.8,7,0.8,0.15,beta,none
City-B,T5,1x,160.0,S0b_StressOracle,routine,M_routine,500,True,1,449.5,687.7,0.0,0.0,1.0,mean_0.8,7,0.8,0.15,beta,none
City-B,T5,1x,160.0,S0b_StressOracle,cross_regime,M_stress,500,True,1,449.5,449.5,0.0,0.0,1.0,mean_0.8,7,0.8,0.15,beta,none
City-B,T5,1x,160.0,S1_CapRR,routine,M_routine,500,True,1,744.5,716.5,0.0,0.0376,1.0,mean_0.8,7,0.8,0.15,beta,none
City-B,T5,1x,160.0,S1_CapRR,cross_regime,M_stress,500,True,1,744.5,160.3,0.0,0.7847,1.0,mean_0.8,7,0.8,0.15,beta,none
City-B,T5,1x,160.0,S2_Platform,routine,M_routine,500,True,1,553.3,687.7,0.0,0.0,1.0,mean_0.8,7,0.8,0.15,beta,none
City-B,T5,1x,160.0,S2_Platform,cross_regime,M_stress,500,True,1,553.3,449.5,0.0,0.1875,1.0,mean_0.8,7,0.8,0.15,beta,none
City-B,T5,1x,160.0,S3_Lin4,routine,M_routine,500,True,1,548.3,523.6,0.0,0.045,1.0,mean_0.8,7,0.8,0.15,beta,none
City-B,T5,1x,160.0,S3_Lin4,cross_regime,M_stress,500,True,1,548.3,408.9,0.0,0.2542,1.0,mean_0.8,7,0.8,0.15,beta,none
City-B,T5,1x,160.0,S4_GlobalCalib,routine,M_routine,500,True,1,594.4,716.5,0.0,0.0,1.0,mean_0.8,7,0.8,0.15,beta,none
City-B,T5,1x,160.0,S4_GlobalCalib,cross_regime,M_stress,500,True,1,594.4,160.3,0.0,0.7304,1.0,mean_0.8,7,0.8,0.15,beta,none
City-B,T5,1x,160.0,S5_CityCalib,routine,M_routine,500,True,1,587.6,716.5,0.0,0.0,1.0,mean_0.8,7,0.8,0.15,beta,none
City-B,T5,1x,160.0,S5_CityCalib,cross_regime,M_stress,500,True,1,587.6,160.3,0.0,0.7272,1.0,mean_0.8,7,0.8,0.15,beta,none
City-B,T5,1x,160.0,S6_Q10,routine,M_routine,500,True,1,431.2,716.5,0.0,0.0,1.0,mean_0.8,7,0.8,0.15,beta,none
City-B,T5,1x,160.0,S6_Q10,cross_regime,M_stress,500,True,1,431.2,160.3,0.0,0.6283,1.0,mean_0.8,7,0.8,0.15,beta,none
City-B,T5,2x,320.0,S0a_RoutineOracle,routine,M_routine,500,True,1,716.5,716.5,0.0,0.0,1.0,mean_0.8,7,0.8,0.15,beta,none
City-B,T5,2x,320.0,S0a_RoutineOracle,cross_regime,M_stress,500,True,1,716.5,160.3,159.7,0.7763,0.0,mean_0.8,7,0.8,0.15,beta,none
City-B,T5,2x,320.0,S0b_StressOracle,routine,M_routine,500,True,1,449.5,687.7,0.0,0.0,1.0,mean_0.8,7,0.8,0.15,beta,none
City-B,T5,2x,320.0,S0b_StressOracle,cross_regime,M_stress,500,True,1,449.5,449.5,0.0,0.0,1.0,mean_0.8,7,0.8,0.15,beta,none
City-B,T5,2x,320.0,S1_CapRR,routine,M_routine,500,True,1,744.5,716.5,0.0,0.0376,1.0,mean_0.8,7,0.8,0.15,beta,none
City-B,T5,2x,320.0,S1_CapRR,cross_regime,M_stress,500,True,1,744.5,160.3,159.7,0.7847,0.0,mean_0.8,7,0.8,0.15,beta,none
City-B,T5,2x,320.0,S2_Platform,routine,M_routine,500,True,1,553.3,687.7,0.0,0.0,1.0,mean_0.8,7,0.8,0.15,beta,none
City-B,T5,2x,320.0,S2_Platform,cross_regime,M_stress,500,True,1,553.3,449.5,0.0,0.1875,1.0,mean_0.8,7,0.8,0.15,beta,none
City-B,T5,2x,320.0,S3_Lin4,routine,M_routine,500,True,1,548.3,523.6,0.0,0.045,1.0,mean_0.8,7,0.8,0.15,beta,none
City-B,T5,2x,320.0,S3_Lin4,cross_regime,M_stress,500,True,1,548.3,408.9,0.0,0.2542,1.0,mean_0.8,7,0.8,0.15,beta,none
City-B,T5,2x,320.0,S4_GlobalCalib,routine,M_routine,500,True,1,594.4,716.5,0.0,0.0,1.0,mean_0.8,7,0.8,0.15,beta,none
City-B,T5,2x,320.0,S4_GlobalCalib,cross_regime,M_stress,500,True,1,594.4,160.3,159.7,0.7304,0.0,mean_0.8,7,0.8,0.15,beta,none
City-B,T5,2x,320.0,S5_CityCalib,routine,M_routine,500,True,1,587.6,716.5,0.0,0.0,1.0,mean_0.8,7,0.8,0.15,beta,none
City-B,T5,2x,320.0,S5_CityCalib,cross_regime,M_stress,500,True,1,587.6,160.3,159.7,0.7272,0.0,mean_0.8,7,0.8,0.15,beta,none
City-B,T5,2x,320.0,S6_Q10,routine,M_routine,500,True,1,431.2,716.5,0.0,0.0,1.0,mean_0.8,7,0.8,0.15,beta,none
City-B,T5,2x,320.0,S6_Q10,cross_regime,M_stress,500,True,1,431.2,160.3,159.7,0.6283,0.0,mean_0.8,7,0.8,0.15,beta,none
City-B,T5,5x,800.0,S0a_RoutineOracle,routine,M_routine,500,True,2,1404.2,1404.2,0.0,0.0,1.0,mean_0.8,7,0.8,0.15,beta,none
City-B,T5,5x,800.0,S0a_RoutineOracle,cross_regime,M_stress,500,True,2,1404.2,609.8,190.2,0.5657,0.0,mean_0.8,7,0.8,0.15,beta,none
City-B,T5,5x,800.0,S0b_StressOracle,routine,M_routine,500,True,2,890.1,1165.3,0.0,0.0,1.0,mean_0.8,7,0.8,0.15,beta,none
City-B,T5,5x,800.0,S0b_StressOracle,cross_regime,M_stress,500,True,2,890.1,890.1,0.0,0.0,1.0,mean_0.8,7,0.8,0.15,beta,none
City-B,T5,5x,800.0,S1_CapRR,routine,M_routine,500,True,2,1485.4,1404.2,0.0,0.0547,1.0,mean_0.8,7,0.8,0.15,beta,none
City-B,T5,5x,800.0,S1_CapRR,cross_regime,M_stress,500,True,2,1485.4,609.8,190.2,0.5895,0.0,mean_0.8,7,0.8,0.15,beta,none
City-B,T5,5x,800.0,S2_Platform,routine,M_routine,500,True,2,1093.7,1211.3,0.0,0.0,1.0,mean_0.8,7,0.8,0.15,beta,none
City-B,T5,5x,800.0,S2_Platform,cross_regime,M_stress,500,True,2,1093.7,858.5,0.0,0.2151,1.0,mean_0.8,7,0.8,0.15,beta,none
City-B,T5,5x,800.0,S3_Lin4,routine,M_routine,500,True,2,1089.3,1001.3,0.0,0.0808,1.0,mean_0.8,7,0.8,0.15,beta,none
City-B,T5,5x,800.0,S3_Lin4,cross_regime,M_stress,500,True,2,1089.3,849.5,0.0,0.2201,1.0,mean_0.8,7,0.8,0.15,beta,none
City-B,T5,5x,800.0,S4_GlobalCalib,routine,M_routine,500,True,2,1185.9,1404.2,0.0,0.0,1.0,mean_0.8,7,0.8,0.15,beta,none
City-B,T5,5x,800.0,S4_GlobalCalib,cross_regime,M_stress,500,True,2,1185.9,609.8,190.2,0.4858,0.0,mean_0.8,7,0.8,0.15,beta,none
City-B,T5,5x,800.0,S5_CityCalib,routine,M_routine,500,True,2,1172.4,1404.2,0.0,0.0,1.0,mean_0.8,7,0.8,0.15,beta,none
City-B,T5,5x,800.0,S5_CityCalib,cross_regime,M_stress,500,True,2,1172.4,609.8,190.2,0.4799,0.0,mean_0.8,7,0.8,0.15,beta,none
City-B,T5,5x,800.0,S6_Q10,routine,M_routine,500,True,2,860.3,1404.2,0.0,0.0,1.0,mean_0.8,7,0.8,0.15,beta,none
City-B,T5,5x,800.0,S6_Q10,cross_regime,M_stress,500,True,2,860.3,609.8,190.2,0.2911,0.0,mean_0.8,7,0.8,0.15,beta,none
City-B,T5,10x,1600.0,S0a_RoutineOracle,routine,M_routine,500,True,3,1927.8,1927.8,0.0,0.0,1.0,mean_0.8,7,0.8,0.15,beta,none
City-B,T5,10x,1600.0,S0a_RoutineOracle,cross_regime,M_stress,500,True,3,1927.8,1018.7,581.3,0.4716,0.0,mean_0.8,7,0.8,0.15,beta,none
City-B,T5,10x,1600.0,S0b_StressOracle,routine,M_routine,500,True,4,1665.9,2183.6,0.0,0.0,1.0,mean_0.8,7,0.8,0.15,beta,none
City-B,T5,10x,1600.0,S0b_StressOracle,cross_regime,M_stress,500,True,4,1665.9,1665.9,0.0,0.0,1.0,mean_0.8,7,0.8,0.15,beta,none
City-B,T5,10x,1600.0,S1_CapRR,routine,M_routine,500,True,3,2203.9,1927.8,0.0,0.1253,1.0,mean_0.8,7,0.8,0.15,beta,none
City-B,T5,10x,1600.0,S1_CapRR,cross_regime,M_stress,500,True,3,2203.9,1018.7,581.3,0.5378,0.0,mean_0.8,7,0.8,0.15,beta,none
City-B,T5,10x,1600.0,S2_Platform,routine,M_routine,500,True,4,2025.8,2183.6,0.0,0.0,1.0,mean_0.8,7,0.8,0.15,beta,none
City-B,T5,10x,1600.0,S2_Platform,cross_regime,M_stress,500,True,4,2025.8,1665.9,0.0,0.1777,1.0,mean_0.8,7,0.8,0.15,beta,none
City-B,T5,10x,1600.0,S3_Lin4,routine,M_routine,500,True,3,1621.5,1717.8,0.0,0.0,1.0,mean_0.8,7,0.8,0.15,beta,none
City-B,T5,10x,1600.0,S3_Lin4,cross_regime,M_stress,500,True,3,1621.5,1009.8,590.2,0.3772,0.0,mean_0.8,7,0.8,0.15,beta,none
City-B,T5,10x,1600.0,S4_GlobalCalib,routine,M_routine,500,True,3,1759.5,1927.8,0.0,0.0,1.0,mean_0.8,7,0.8,0.15,beta,none
City-B,T5,10x,1600.0,S4_GlobalCalib,cross_regime,M_stress,500,True,3,1759.5,1018.7,581.3,0.421,0.0,mean_0.8,7,0.8,0.15,beta,none
City-B,T5,10x,1600.0,S5_CityCalib,routine,M_routine,500,True,3,1739.4,1927.8,0.0,0.0,1.0,mean_0.8,7,0.8,0.15,beta,none
City-B,T5,10x,1600.0,S5_CityCalib,cross_regime,M_stress,500,True,3,1739.4,1018.7,581.3,0.4143,0.0,mean_0.8,7,0.8,0.15,beta,none
City-B,T5,10x,1600.0,S6_Q10,routine,M_routine,500,True,4,1683.5,2405.4,0.0,0.0,1.0,mean_0.8,7,0.8,0.15,beta,none
City-B,T5,10x,1600.0,S6_Q10,cross_regime,M_stress,500,True,4,1683.5,1459.3,140.7,0.1331,0.0,mean_0.8,7,0.8,0.15,beta,none
City-C,T1,1x,180.0,S0a_RoutineOracle,routine,M_routine,650,True,1,685.4,685.4,0.0,0.0,1.0,mean_0.8,7,0.8,0.15,beta,none
City-C,T1,1x,180.0,S0a_RoutineOracle,cross_regime,M_stress,650,True,1,685.4,425.4,0.0,0.3793,1.0,mean_0.8,7,0.8,0.15,beta,none
City-C,T1,1x,180.0,S0b_StressOracle,routine,M_routine,650,True,1,425.4,685.4,0.0,0.0,1.0,mean_0.8,7,0.8,0.15,beta,none
City-C,T1,1x,180.0,S0b_StressOracle,cross_regime,M_stress,650,True,1,425.4,425.4,0.0,0.0,1.0,mean_0.8,7,0.8,0.15,beta,none
City-C,T1,1x,180.0,S1_CapRR,routine,M_routine,650,True,1,737.0,485.4,0.0,0.3414,1.0,mean_0.8,7,0.8,0.15,beta,none
City-C,T1,1x,180.0,S1_CapRR,cross_regime,M_stress,650,True,1,737.0,419.9,0.0,0.4303,1.0,mean_0.8,7,0.8,0.15,beta,none
City-C,T1,1x,180.0,S2_Platform,routine,M_routine,650,True,1,460.9,485.4,0.0,0.0,1.0,mean_0.8,7,0.8,0.15,beta,none
City-C,T1,1x,180.0,S2_Platform,cross_regime,M_stress,650,True,1,460.9,419.9,0.0,0.0889,1.0,mean_0.8,7,0.8,0.15,beta,none
City-C,T1,1x,180.0,S3_Lin4,routine,M_routine,650,True,1,501.8,485.4,0.0,0.0327,1.0,mean_0.8,7,0.8,0.15,beta,none
City-C,T1,1x,180.0,S3_Lin4,cross_regime,M_stress,650,True,1,501.8,419.9,0.0,0.1632,1.0,mean_0.8,7,0.8,0.15,beta,none
City-C,T1,1x,180.0,S4_GlobalCalib,routine,M_routine,650,True,1,591.7,485.4,0.0,0.1797,1.0,mean_0.8,7,0.8,0.15,beta,none
City-C,T1,1x,180.0,S4_GlobalCalib,cross_regime,M_stress,650,True,1,591.7,419.9,0.0,0.2904,1.0,mean_0.8,7,0.8,0.15,beta,none
City-C,T1,1x,180.0,S5_CityCalib,routine,M_routine,650,True,1,593.1,485.4,0.0,0.1816,1.0,mean_0.8,7,0.8,0.15,beta,none
City-C,T1,1x,180.0,S5_CityCalib,cross_regime,M_stress,650,True,1,593.1,419.9,0.0,0.292,1.0,mean_0.8,7,0.8,0.15,beta,none
City-C,T1,1x,180.0,S6_Q10,routine,M_routine,650,True,1,429.6,485.4,0.0,0.0,1.0,mean_0.8,7,0.8,0.15,beta,none
City-C,T1,1x,180.0,S6_Q10,cross_regime,M_stress,650,True,1,429.6,419.9,0.0,0.0225,1.0,mean_0.8,7,0.8,0.15,beta,none
City-C,T1,2x,360.0,S0a_RoutineOracle,routine,M_routine,650,True,1,685.4,685.4,0.0,0.0,1.0,mean_0.8,7,0.8,0.15,beta,none
City-C,T1,2x,360.0,S0a_RoutineOracle,cross_regime,M_stress,650,True,1,685.4,425.4,0.0,0.3793,1.0,mean_0.8,7,0.8,0.15,beta,none
City-C,T1,2x,360.0,S0b_StressOracle,routine,M_routine,650,True,1,425.4,685.4,0.0,0.0,1.0,mean_0.8,7,0.8,0.15,beta,none
City-C,T1,2x,360.0,S0b_StressOracle,cross_regime,M_stress,650,True,1,425.4,425.4,0.0,0.0,1.0,mean_0.8,7,0.8,0.15,beta,none
City-C,T1,2x,360.0,S1_CapRR,routine,M_routine,650,True,1,737.0,485.4,0.0,0.3414,1.0,mean_0.8,7,0.8,0.15,beta,none
City-C,T1,2x,360.0,S1_CapRR,cross_regime,M_stress,650,True,1,737.0,419.9,0.0,0.4303,1.0,mean_0.8,7,0.8,0.15,beta,none
City-C,T1,2x,360.0,S2_Platform,routine,M_routine,650,True,1,460.9,485.4,0.0,0.0,1.0,mean_0.8,7,0.8,0.15,beta,none
City-C,T1,2x,360.0,S2_Platform,cross_regime,M_stress,650,True,1,460.9,419.9,0.0,0.0889,1.0,mean_0.8,7,0.8,0.15,beta,none
City-C,T1,2x,360.0,S3_Lin4,routine,M_routine,650,True,1,501.8,485.4,0.0,0.0327,1.0,mean_0.8,7,0.8,0.15,beta,none
City-C,T1,2x,360.0,S3_Lin4,cross_regime,M_stress,650,True,1,501.8,419.9,0.0,0.1632,1.0,mean_0.8,7,0.8,0.15,beta,none
City-C,T1,2x,360.0,S4_GlobalCalib,routine,M_routine,650,True,1,591.7,485.4,0.0,0.1797,1.0,mean_0.8,7,0.8,0.15,beta,none
City-C,T1,2x,360.0,S4_GlobalCalib,cross_regime,M_stress,650,True,1,591.7,419.9,0.0,0.2904,1.0,mean_0.8,7,0.8,0.15,beta,none
City-C,T1,2x,360.0,S5_CityCalib,routine,M_routine,650,True,1,593.1,485.4,0.0,0.1816,1.0,mean_0.8,7,0.8,0.15,beta,none
City-C,T1,2x,360.0,S5_CityCalib,cross_regime,M_stress,650,True,1,593.1,419.9,0.0,0.292,1.0,mean_0.8,7,0.8,0.15,beta,none
City-C,T1,2x,360.0,S6_Q10,routine,M_routine,650,True,1,429.6,485.4,0.0,0.0,1.0,mean_0.8,7,0.8,0.15,beta,none
City-C,T1,2x,360.0,S6_Q10,cross_regime,M_stress,650,True,1,429.6,419.9,0.0,0.0225,1.0,mean_0.8,7,0.8,0.15,beta,none
City-C,T1,5x,900.0,S0a_RoutineOracle,routine,M_routine,650,True,2,1267.6,1267.6,0.0,0.0,1.0,mean_0.8,7,0.8,0.15,beta,none
City-C,T1,5x,900.0,S0a_RoutineOracle,cross_regime,M_stress,650,True,2,1267.6,718.3,181.7,0.4333,0.0,mean_0.8,7,0.8,0.15,beta,none
City-C,T1,5x,900.0,S0b_StressOracle,routine,M_routine,650,True,3,1209.8,1702.6,0.0,0.0,1.0,mean_0.8,7,0.8,0.15,beta,none
City-C,T1,5x,900.0,S0b_StressOracle,cross_regime,M_stress,650,True,3,1209.8,1209.8,0.0,0.0,1.0,mean_0.8,7,0.8,0.15,beta,none
City-C,T1,5x,900.0,S1_CapRR,routine,M_routine,650,True,2,1439.5,1170.8,0.0,0.1867,1.0,mean_0.8,7,0.8,0.15,beta,none
City-C,T1,5x,900.0,S1_CapRR,cross_regime,M_stress,650,True,2,1439.5,845.4,54.6,0.4128,0.0,mean_0.8,7,0.8,0.15,beta,none
City-C,T1,5x,900.0,S2_Platform,routine,M_routine,650,True,2,904.5,1170.8,0.0,0.0,1.0,mean_0.8,7,0.8,0.15,beta,none
City-C,T1,5x,900.0,S2_Platform,cross_regime,M_stress,650,True,2,904.5,845.4,54.6,0.0654,0.0,mean_0.8,7,0.8,0.15,beta,none
City-C,T1,5x,900.0,S3_Lin4,routine,M_routine,650,True,2,981.8,1170.8,0.0,0.0,1.0,mean_0.8,7,0.8,0.15,beta,none
City-C,T1,5x,900.0,S3_Lin4,cross_regime,M_stress,650,True,2,981.8,845.4,54.6,0.1389,0.0,mean_0.8,7,0.8,0.15,beta,none
City-C,T1,5x,900.0,S4_GlobalCalib,routine,M_routine,650,True,2,1155.7,1170.8,0.0,0.0,1.0,mean_0.8,7,0.8,0.15,beta,none
City-C,T1,5x,900.0,S4_GlobalCalib,cross_regime,M_stress,650,True,2,1155.7,845.4,54.6,0.2685,0.0,mean_0.8,7,0.8,0.15,beta,none
City-C,T1,5x,900.0,S5_CityCalib,routine,M_routine,650,True,2,1158.4,1170.8,0.0,0.0,1.0,mean_0.8,7,0.8,0.15,beta,none
City-C,T1,5x,900.0,S5_CityCalib,cross_regime,M_stress,650,True,2,1158.4,845.4,54.6,0.2702,0.0,mean_0.8,7,0.8,0.15,beta,none
City-C,T1,5x,900.0,S6_Q10,routine,M_routine,650,True,3,1212.9,1753.0,0.0,0.0,1.0,mean_0.8,7,0.8,0.15,beta,none
City-C,T1,5x,900.0,S6_Q10,cross_regime,M_stress,650,True,3,1212.9,1138.2,0.0,0.0616,1.0,mean_0.8,7,0.8,0.15,beta,none
City-C,T1,10x,1800.0,S0a_RoutineOracle,routine,M_routine,650,True,4,2303.6,2303.6,0.0,0.0,1.0,mean_0.8,7,0.8,0.15,beta,none
City-C,T1,10x,1800.0,S0a_RoutineOracle,cross_regime,M_stress,650,True,4,2303.6,1293.3,506.7,0.4386,0.0,mean_0.8,7,0.8,0.15,beta,none
City-C,T1,10x,1800.0,S0b_StressOracle,routine,M_routine,650,True,5,1892.7,2646.9,0.0,0.0,1.0,mean_0.8,7,0.8,0.15,beta,none
City-C,T1,10x,1800.0,S0b_StressOracle,cross_regime,M_stress,650,True,5,1892.7,1892.7,0.0,0.0,1.0,mean_0.8,7,0.8,0.15,beta,none
City-C,T1,10x,1800.0,S1_CapRR,routine,M_routine,650,True,3,2081.1,1753.0,47.0,0.1577,0.0,mean_0.8,7,0.8,0.15,beta,none
City-C,T1,10x,1800.0,S1_CapRR,cross_regime,M_stress,650,True,3,2081.1,1138.2,661.8,0.4531,0.0,mean_0.8,7,0.8,0.15,beta,none
City-C,T1,10x,1800.0,S2_Platform,routine,M_routine,650,True,5,2117.9,2552.6,0.0,0.0,1.0,mean_0.8,7,0.8,0.15,beta,none
City-C,T1,10x,1800.0,S2_Platform,cross_regime,M_stress,650,True,5,2117.9,1861.0,0.0,0.1213,1.0,mean_0.8,7,0.8,0.15,beta,none
City-C,T1,10x,1800.0,S3_Lin4,routine,M_routine,650,True,4,1910.4,2100.3,0.0,0.0,1.0,mean_0.8,7,0.8,0.15,beta,none
City-C,T1,10x,1800.0,S3_Lin4,cross_regime,M_stress,650,True,4,1910.4,1386.9,413.1,0.274,0.0,mean_0.8,7,0.8,0.15,beta,none
City-C,T1,10x,1800.0,S4_GlobalCalib,routine,M_routine,650,True,4,2140.7,2284.8,0.0,0.0,1.0,mean_0.8,7,0.8,0.15,beta,none
City-C,T1,10x,1800.0,S4_GlobalCalib,cross_regime,M_stress,650,True,4,2140.7,1502.6,297.4,0.298,0.0,mean_0.8,7,0.8,0.15,beta,none
City-C,T1,10x,1800.0,S5_CityCalib,routine,M_routine,650,True,4,2145.9,2284.8,0.0,0.0,1.0,mean_0.8,7,0.8,0.15,beta,none
City-C,T1,10x,1800.0,S5_CityCalib,cross_regime,M_stress,650,True,4,2145.9,1502.6,297.4,0.2998,0.0,mean_0.8,7,0.8,0.15,beta,none
City-C,T1,10x,1800.0,S6_Q10,routine,M_routine,650,True,5,1891.7,2766.6,0.0,0.0,1.0,mean_0.8,7,0.8,0.15,beta,none
City-C,T1,10x,1800.0,S6_Q10,cross_regime,M_stress,650,True,5,1891.7,1852.2,0.0,0.0209,1.0,mean_0.8,7,0.8,0.15,beta,none
City-C,T2,1x,260.0,S0a_RoutineOracle,routine,M_routine,650,True,1,626.4,626.4,0.0,0.0,1.0,mean_0.8,7,0.8,0.15,beta,none
City-C,T2,1x,260.0,S0a_RoutineOracle,cross_regime,M_stress,650,True,1,626.4,471.8,0.0,0.2468,1.0,mean_0.8,7,0.8,0.15,beta,none
City-C,T2,1x,260.0,S0b_StressOracle,routine,M_routine,650,True,1,471.8,626.4,0.0,0.0,1.0,mean_0.8,7,0.8,0.15,beta,none
City-C,T2,1x,260.0,S0b_StressOracle,cross_regime,M_stress,650,True,1,471.8,471.8,0.0,0.0,1.0,mean_0.8,7,0.8,0.15,beta,none
City-C,T2,1x,260.0,S1_CapRR,routine,M_routine,650,True,1,737.0,626.4,0.0,0.1501,1.0,mean_0.8,7,0.8,0.15,beta,none
City-C,T2,1x,260.0,S1_CapRR,cross_regime,M_stress,650,True,1,737.0,471.8,0.0,0.3599,1.0,mean_0.8,7,0.8,0.15,beta,none
City-C,T2,1x,260.0,S2_Platform,routine,M_routine,650,True,1,467.3,626.4,0.0,0.0,1.0,mean_0.8,7,0.8,0.15,beta,none
City-C,T2,1x,260.0,S2_Platform,cross_regime,M_stress,650,True,1,467.3,471.8,0.0,0.0,1.0,mean_0.8,7,0.8,0.15,beta,none
City-C,T2,1x,260.0,S3_Lin4,routine,M_routine,650,True,1,504.3,626.4,0.0,0.0,1.0,mean_0.8,7,0.8,0.15,beta,none
City-C,T2,1x,260.0,S3_Lin4,cross_regime,M_stress,650,True,1,504.3,471.8,0.0,0.0645,1.0,mean_0.8,7,0.8,0.15,beta,none
City-C,T2,1x,260.0,S4_GlobalCalib,routine,M_routine,650,True,1,589.7,626.4,0.0,0.0,1.0,mean_0.8,7,0.8,0.15,beta,none
City-C,T2,1x,260.0,S4_GlobalCalib,cross_regime,M_stress,650,True,1,589.7,471.8,0.0,0.2,1.0,mean_0.8,7,0.8,0.15,beta,none
City-C,T2,1x,260.0,S5_CityCalib,routine,M_routine,650,True,1,590.7,626.4,0.0,0.0,1.0,mean_0.8,7,0.8,0.15,beta,none
City-C,T2,1x,260.0,S5_CityCalib,cross_regime,M_stress,650,True,1,590.7,471.8,0.0,0.2014,1.0,mean_0.8,7,0.8,0.15,beta,none
City-C,T2,1x,260.0,S6_Q10,routine,M_routine,650,True,1,428.6,626.4,0.0,0.0,1.0,mean_0.8,7,0.8,0.15,beta,none
City-C,T2,1x,260.0,S6_Q10,cross_regime,M_stress,650,True,1,428.6,471.8,0.0,0.0,1.0,mean_0.8,7,0.8,0.15,beta,none
City-C,T2,2x,520.0,S0a_RoutineOracle,routine,M_routine,650,True,1,626.4,626.4,0.0,0.0,1.0,mean_0.8,7,0.8,0.15,beta,none
City-C,T2,2x,520.0,S0a_RoutineOracle,cross_regime,M_stress,650,True,1,626.4,471.8,48.2,0.2468,0.0,mean_0.8,7,0.8,0.15,beta,none
City-C,T2,2x,520.0,S0b_StressOracle,routine,M_routine,650,True,2,886.9,1139.4,0.0,0.0,1.0,mean_0.8,7,0.8,0.15,beta,none
City-C,T2,2x,520.0,S0b_StressOracle,cross_regime,M_stress,650,True,2,886.9,886.9,0.0,0.0,1.0,mean_0.8,7,0.8,0.15,beta,none
City-C,T2,2x,520.0,S1_CapRR,routine,M_routine,650,True,1,737.0,626.4,0.0,0.1501,1.0,mean_0.8,7,0.8,0.15,beta,none
City-C,T2,2x,520.0,S1_CapRR,cross_regime,M_stress,650,True,1,737.0,471.8,48.2,0.3599,0.0,mean_0.8,7,0.8,0.15,beta,none
City-C,T2,2x,520.0,S2_Platform,routine,M_routine,650,True,2,902.1,1139.4,0.0,0.0,1.0,mean_0.8,7,0.8,0.15,beta,none
City-C,T2,2x,520.0,S2_Platform,cross_regime,M_stress,650,True,2,902.1,886.9,0.0,0.0168,1.0,mean_0.8,7,0.8,0.15,beta,none
City-C,T2,2x,520.0,S3_Lin4,routine,M_routine,650,True,2,986.7,1139.4,0.0,0.0,1.0,mean_0.8,7,0.8,0.15,beta,none
City-C,T2,2x,520.0,S3_Lin4,cross_regime,M_stress,650,True,2,986.7,886.9,0.0,0.1011,1.0,mean_0.8,7,0.8,0.15,beta,none
City-C,T2,2x,520.0,S4_GlobalCalib,routine,M_routine,650,True,1,589.7,626.4,0.0,0.0,1.0,mean_0.8,7,0.8,0.15,beta,none
City-C,T2,2x,520.0,S4_GlobalCalib,cross_regime,M_stress,650,True,1,589.7,471.8,48.2,0.2,0.0,mean_0.8,7,0.8,0.15,beta,none
City-C,T2,2x,520.0,S5_CityCalib,routine,M_routine,650,True,1,590.7,626.4,0.0,0.0,1.0,mean_0.8,7,0.8,0.15,beta,none
City-C,T2,2x,520.0,S5_CityCalib,cross_regime,M_stress,650,True,1,590.7,471.8,48.2,0.2014,0.0,mean_0.8,7,0.8,0.15,beta,none
City-C,T2,2x,520.0,S6_Q10,routine,M_routine,650,True,2,837.0,1139.4,0.0,0.0,1.0,mean_0.8,7,0.8,0.15,beta,none
City-C,T2,2x,520.0,S6_Q10,cross_regime,M_stress,650,True,2,837.0,886.9,0.0,0.0,1.0,mean_0.8,7,0.8,0.15,beta,none
City-C,T2,5x,1300.0,S0a_RoutineOracle,routine,M_routine,650,True,3,1708.2,1708.2,0.0,0.0,1.0,mean_0.8,7,0.8,0.15,beta,none
City-C,T2,5x,1300.0,S0a_RoutineOracle,cross_regime,M_stress,650,True,3,1708.2,1223.2,76.8,0.2839,0.0,mean_0.8,7,0.8,0.15,beta,none
City-C,T2,5x,1300.0,S0b_StressOracle,routine,M_routine,650,True,4,1664.2,2217.1,0.0,0.0,1.0,mean_0.8,7,0.8,0.15,beta,none
City-C,T2,5x,1300.0,S0b_StressOracle,cross_regime,M_stress,650,True,4,1664.2,1664.2,0.0,0.0,1.0,mean_0.8,7,0.8,0.15,beta,none
City-C,T2,5x,1300.0,S1_CapRR,routine,M_routine,650,True,2,1439.5,1139.4,160.6,0.2085,0.0,mean_0.8,7,0.8,0.15,beta,none
City-C,T2,5x,1300.0,S1_CapRR,cross_regime,M_stress,650,True,2,1439.5,886.9,413.1,0.3839,0.0,mean_0.8,7,0.8,0.15,beta,none
City-C,T2,5x,1300.0,S2_Platform,routine,M_routine,650,True,3,1301.1,1696.4,0.0,0.0,1.0,mean_0.8,7,0.8,0.15,beta,none
City-C,T2,5x,1300.0,S2_Platform,cross_regime,M_stress,650,True,3,1301.1,1297.9,2.1,0.0025,0.0,mean_0.8,7,0.8,0.15,beta,none
City-C,T2,5x,1300.0,S3_Lin4,routine,M_routine,650,True,3,1460.2,1696.4,0.0,0.0,1.0,mean_0.8,7,0.8,0.15,beta,none
City-C,T2,5x,1300.0,S3_Lin4,cross_regime,M_stress,650,True,3,1460.2,1297.9,2.1,0.1112,0.0,mean_0.8,7,0.8,0.15,beta,none
City-C,T2,5x,1300.0,S4_GlobalCalib,routine,M_routine,650,True,3,1665.1,1696.4,0.0,0.0,1.0,mean_0.8,7,0.8,0.15,beta,none
City-C,T2,5x,1300.0,S4_GlobalCalib,cross_regime,M_stress,650,True,3,1665.1,1297.9,2.1,0.2206,0.0,mean_0.8,7,0.8,0.15,beta,none
City-C,T2,5x,1300.0,S5_CityCalib,routine,M_routine,650,True,3,1667.9,1696.4,0.0,0.0,1.0,mean_0.8,7,0.8,0.15,beta,none
City-C,T2,5x,1300.0,S5_CityCalib,cross_regime,M_stress,650,True,3,1667.9,1297.9,2.1,0.2218,0.0,mean_0.8,7,0.8,0.15,beta,none
City-C,T2,5x,1300.0,S6_Q10,routine,M_routine,650,True,4,1550.6,2217.1,0.0,0.0,1.0,mean_0.8,7,0.8,0.15,beta,none
City-C,T2,5x,1300.0,S6_Q10,cross_regime,M_stress,650,True,4,1550.6,1664.2,0.0,0.0,1.0,mean_0.8,7,0.8,0.15,beta,none
City-C,T2,10x,2600.0,S0a_RoutineOracle,routine,M_routine,650,True,5,2749.8,2749.8,0.0,0.0,1.0,mean_0.8,7,0.8,0.15,beta,none
City-C,T2,10x,2600.0,S0a_RoutineOracle,cross_regime,M_stress,650,True,5,2749.8,1873.8,726.2,0.3186,0.0,mean_0.8,7,0.8,0.15,beta,none
City-C,T2,10x,2600.0,S0b_StressOracle,routine,M_routine,650,True,7,2695.3,3537.5,0.0,0.0,1.0,mean_0.8,7,0.8,0.15,beta,none
City-C,T2,10x,2600.0,S0b_StressOracle,cross_regime,M_stress,650,True,7,2695.3,2695.3,0.0,0.0,1.0,mean_0.8,7,0.8,0.15,beta,none
City-C,T2,10x,2600.0,S1_CapRR,routine,M_routine,650,True,4,2666.6,2217.1,382.9,0.1686,0.0,mean_0.8,7,0.8,0.15,beta,none
City-C,T2,10x,2600.0,S1_CapRR,cross_regime,M_stress,650,True,4,2666.6,1664.2,935.8,0.3759,0.0,mean_0.8,7,0.8,0.15,beta,none
City-C,T2,10x,2600.0,S2_Platform,routine,M_routine,650,True,7,2815.8,3569.3,0.0,0.0,1.0,mean_0.8,7,0.8,0.15,beta,none
City-C,T2,10x,2600.0,S2_Platform,cross_regime,M_stress,650,True,7,2815.8,2666.9,0.0,0.0529,1.0,mean_0.8,7,0.8,0.15,beta,none
City-C,T2,10x,2600.0,S3_Lin4,routine,M_routine,650,True,6,2807.0,3053.8,0.0,0.0,1.0,mean_0.8,7,0.8,0.15,beta,none
City-C,T2,10x,2600.0,S3_Lin4,cross_regime,M_stress,650,True,6,2807.0,2307.0,293.0,0.1781,0.0,mean_0.8,7,0.8,0.15,beta,none
City-C,T2,10x,2600.0,S4_GlobalCalib,routine,M_routine,650,True,6,3051.2,3110.7,0.0,0.0,1.0,mean_0.8,7,0.8,0.15,beta,none
City-C,T2,10x,2600.0,S4_GlobalCalib,cross_regime,M_stress,650,True,6,3051.2,2231.5,368.5,0.2687,0.0,mean_0.8,7,0.8,0.15,beta,none
City-C,T2,10x,2600.0,S5_CityCalib,routine,M_routine,650,True,5,2601.1,2741.9,0.0,0.0,1.0,mean_0.8,7,0.8,0.15,beta,none
City-C,T2,10x,2600.0,S5_CityCalib,cross_regime,M_stress,650,True,5,2601.1,2004.7,595.3,0.2293,0.0,mean_0.8,7,0.8,0.15,beta,none
City-C,T2,10x,2600.0,S6_Q10,routine,M_routine,650,True,8,2861.6,3906.3,0.0,0.0,1.0,mean_0.8,7,0.8,0.15,beta,none
City-C,T2,10x,2600.0,S6_Q10,cross_regime,M_stress,650,True,8,2861.6,2922.1,0.0,0.0,1.0,mean_0.8,7,0.8,0.15,beta,none
City-C,T3,1x,200.0,S0a_RoutineOracle,routine,M_routine,650,True,1,558.4,558.4,0.0,0.0,1.0,mean_0.8,7,0.8,0.15,beta,none
City-C,T3,1x,200.0,S0a_RoutineOracle,cross_regime,M_stress,650,True,1,558.4,355.0,0.0,0.3643,1.0,mean_0.8,7,0.8,0.15,beta,none
City-C,T3,1x,200.0,S0b_StressOracle,routine,M_routine,650,True,1,355.0,558.4,0.0,0.0,1.0,mean_0.8,7,0.8,0.15,beta,none
City-C,T3,1x,200.0,S0b_StressOracle,cross_regime,M_stress,650,True,1,355.0,355.0,0.0,0.0,1.0,mean_0.8,7,0.8,0.15,beta,none
City-C,T3,1x,200.0,S1_CapRR,routine,M_routine,650,True,1,648.6,501.9,0.0,0.2262,1.0,mean_0.8,7,0.8,0.15,beta,none
City-C,T3,1x,200.0,S1_CapRR,cross_regime,M_stress,650,True,1,648.6,243.3,0.0,0.6248,1.0,mean_0.8,7,0.8,0.15,beta,none
City-C,T3,1x,200.0,S2_Platform,routine,M_routine,650,True,1,456.8,501.9,0.0,0.0,1.0,mean_0.8,7,0.8,0.15,beta,none
City-C,T3,1x,200.0,S2_Platform,cross_regime,M_stress,650,True,1,456.8,243.3,0.0,0.4672,1.0,mean_0.8,7,0.8,0.15,beta,none
City-C,T3,1x,200.0,S3_Lin4,routine,M_routine,650,True,1,486.7,501.9,0.0,0.0,1.0,mean_0.8,7,0.8,0.15,beta,none
City-C,T3,1x,200.0,S3_Lin4,cross_regime,M_stress,650,True,1,486.7,243.3,0.0,0.5001,1.0,mean_0.8,7,0.8,0.15,beta,none
City-C,T3,1x,200.0,S4_GlobalCalib,routine,M_routine,650,True,1,516.0,501.9,0.0,0.0273,1.0,mean_0.8,7,0.8,0.15,beta,none
City-C,T3,1x,200.0,S4_GlobalCalib,cross_regime,M_stress,650,True,1,516.0,243.3,0.0,0.5284,1.0,mean_0.8,7,0.8,0.15,beta,none
City-C,T3,1x,200.0,S5_CityCalib,routine,M_routine,650,True,1,515.4,501.9,0.0,0.0263,1.0,mean_0.8,7,0.8,0.15,beta,none
City-C,T3,1x,200.0,S5_CityCalib,cross_regime,M_stress,650,True,1,515.4,243.3,0.0,0.5279,1.0,mean_0.8,7,0.8,0.15,beta,none
City-C,T3,1x,200.0,S6_Q10,routine,M_routine,650,True,1,377.5,501.9,0.0,0.0,1.0,mean_0.8,7,0.8,0.15,beta,none
City-C,T3,1x,200.0,S6_Q10,cross_regime,M_stress,650,True,1,377.5,243.3,0.0,0.3553,1.0,mean_0.8,7,0.8,0.15,beta,none
City-C,T3,2x,400.0,S0a_RoutineOracle,routine,M_routine,650,True,1,558.4,558.4,0.0,0.0,1.0,mean_0.8,7,0.8,0.15,beta,none
City-C,T3,2x,400.0,S0a_RoutineOracle,cross_regime,M_stress,650,True,1,558.4,355.0,45.0,0.3643,0.0,mean_0.8,7,0.8,0.15,beta,none
City-C,T3,2x,400.0,S0b_StressOracle,routine,M_routine,650,True,2,689.8,974.1,0.0,0.0,1.0,mean_0.8,7,0.8,0.15,beta,none
City-C,T3,2x,400.0,S0b_StressOracle,cross_regime,M_stress,650,True,2,689.8,689.8,0.0,0.0,1.0,mean_0.8,7,0.8,0.15,beta,none
City-C,T3,2x,400.0,S1_CapRR,routine,M_routine,650,True,1,648.6,501.9,0.0,0.2262,1.0,mean_0.8,7,0.8,0.15,beta,none
City-C,T3,2x,400.0,S1_CapRR,cross_regime,M_stress,650,True,1,648.6,243.3,156.7,0.6248,0.0,mean_0.8,7,0.8,0.15,beta,none
City-C,T3,2x,400.0,S2_Platform,routine,M_routine,650,True,1,456.8,501.9,0.0,0.0,1.0,mean_0.8,7,0.8,0.15,beta,none
City-C,T3,2x,400.0,S2_Platform,cross_regime,M_stress,650,True,1,456.8,243.3,156.7,0.4672,0.0,mean_0.8,7,0.8,0.15,beta,none
City-C,T3,2x,400.0,S3_Lin4,routine,M_routine,650,True,1,486.7,501.9,0.0,0.0,1.0,mean_0.8,7,0.8,0.15,beta,none
City-C,T3,2x,400.0,S3_Lin4,cross_regime,M_stress,650,True,1,486.7,243.3,156.7,0.5001,0.0,mean_0.8,7,0.8,0.15,beta,none
City-C,T3,2x,400.0,S4_GlobalCalib,routine,M_routine,650,True,1,516.0,501.9,0.0,0.0273,1.0,mean_0.8,7,0.8,0.15,beta,none
City-C,T3,2x,400.0,S4_GlobalCalib,cross_regime,M_stress,650,True,1,516.0,243.3,156.7,0.5284,0.0,mean_0.8,7,0.8,0.15,beta,none
City-C,T3,2x,400.0,S5_CityCalib,routine,M_routine,650,True,1,515.4,501.9,0.0,0.0263,1.0,mean_0.8,7,0.8,0.15,beta,none
City-C,T3,2x,400.0,S5_CityCalib,cross_regime,M_stress,650,True,1,515.4,243.3,156.7,0.5279,0.0,mean_0.8,7,0.8,0.15,beta,none
City-C,T3,2x,400.0,S6_Q10,routine,M_routine,650,True,2,737.2,1060.3,0.0,0.0,1.0,mean_0.8,7,0.8,0.15,beta,none
City-C,T3,2x,400.0,S6_Q10,cross_regime,M_stress,650,True,2,737.2,598.3,0.0,0.1884,1.0,mean_0.8,7,0.8,0.15,beta,none
City-C,T3,5x,1000.0,S0a_RoutineOracle,routine,M_routine,650,True,2,1060.3,1060.3,0.0,0.0,1.0,mean_0.8,7,0.8,0.15,beta,none
City-C,T3,5x,1000.0,S0a_RoutineOracle,cross_regime,M_stress,650,True,2,1060.3,598.3,401.7,0.4357,0.0,mean_0.8,7,0.8,0.15,beta,none
City-C,T3,5x,1000.0,S0b_StressOracle,routine,M_routine,650,True,3,1020.2,1419.9,0.0,0.0,1.0,mean_0.8,7,0.8,0.15,beta,none
City-C,T3,5x,1000.0,S0b_StressOracle,cross_regime,M_stress,650,True,3,1020.2,1020.2,0.0,0.0,1.0,mean_0.8,7,0.8,0.15,beta,none
City-C,T3,5x,1000.0,S1_CapRR,routine,M_routine,650,True,2,1266.8,1060.3,0.0,0.163,1.0,mean_0.8,7,0.8,0.15,beta,none
City-C,T3,5x,1000.0,S1_CapRR,cross_regime,M_stress,650,True,2,1266.8,598.3,401.7,0.5277,0.0,mean_0.8,7,0.8,0.15,beta,none
City-C,T3,5x,1000.0,S2_Platform,routine,M_routine,650,True,3,1285.7,1363.1,0.0,0.0,1.0,mean_0.8,7,0.8,0.15,beta,none
City-C,T3,5x,1000.0,S2_Platform,cross_regime,M_stress,650,True,3,1285.7,720.8,279.2,0.4394,0.0,mean_0.8,7,0.8,0.15,beta,none
City-C,T3,5x,1000.0,S3_Lin4,routine,M_routine,650,True,3,1410.1,1506.1,0.0,0.0,1.0,mean_0.8,7,0.8,0.15,beta,none
City-C,T3,5x,1000.0,S3_Lin4,cross_regime,M_stress,650,True,3,1410.1,928.7,71.3,0.3414,0.0,mean_0.8,7,0.8,0.15,beta,none
City-C,T3,5x,1000.0,S4_GlobalCalib,routine,M_routine,650,True,2,1007.7,1060.3,0.0,0.0,1.0,mean_0.8,7,0.8,0.15,beta,none
City-C,T3,5x,1000.0,S4_GlobalCalib,cross_regime,M_stress,650,True,2,1007.7,598.3,401.7,0.4063,0.0,mean_0.8,7,0.8,0.15,beta,none
City-C,T3,5x,1000.0,S5_CityCalib,routine,M_routine,650,True,2,1006.7,1060.3,0.0,0.0,1.0,mean_0.8,7,0.8,0.15,beta,none
City-C,T3,5x,1000.0,S5_CityCalib,cross_regime,M_stress,650,True,2,1006.7,598.3,401.7,0.4057,0.0,mean_0.8,7,0.8,0.15,beta,none
City-C,T3,5x,1000.0,S6_Q10,routine,M_routine,650,True,3,1065.8,1506.1,0.0,0.0,1.0,mean_0.8,7,0.8,0.15,beta,none
City-C,T3,5x,1000.0,S6_Q10,cross_regime,M_stress,650,True,3,1065.8,928.7,71.3,0.1286,0.0,mean_0.8,7,0.8,0.15,beta,none
City-C,T3,10x,2000.0,S0a_RoutineOracle,routine,M_routine,650,True,5,2437.6,2437.6,0.0,0.0,1.0,mean_0.8,7,0.8,0.15,beta,none
City-C,T3,10x,2000.0,S0a_RoutineOracle,cross_regime,M_stress,650,True,5,2437.6,1468.9,531.1,0.3974,0.0,mean_0.8,7,0.8,0.15,beta,none
City-C,T3,10x,2000.0,S0b_StressOracle,routine,M_routine,650,True,7,2195.7,3101.7,0.0,0.0,1.0,mean_0.8,7,0.8,0.15,beta,none
City-C,T3,10x,2000.0,S0b_StressOracle,cross_regime,M_stress,650,True,7,2195.7,2195.7,0.0,0.0,1.0,mean_0.8,7,0.8,0.15,beta,none
City-C,T3,10x,2000.0,S1_CapRR,routine,M_routine,650,True,4,2346.7,1921.8,78.2,0.1811,0.0,mean_0.8,7,0.8,0.15,beta,none
City-C,T3,10x,2000.0,S1_CapRR,cross_regime,M_stress,650,True,4,2346.7,1263.6,736.4,0.4616,0.0,mean_0.8,7,0.8,0.15,beta,none
City-C,T3,10x,2000.0,S2_Platform,routine,M_routine,650,True,5,2048.1,2152.1,0.0,0.0,1.0,mean_0.8,7,0.8,0.15,beta,none
City-C,T3,10x,2000.0,S2_Platform,cross_regime,M_stress,650,True,5,2048.1,1317.0,683.0,0.357,0.0,mean_0.8,7,0.8,0.15,beta,none
City-C,T3,10x,2000.0,S3_Lin4,routine,M_routine,650,True,5,2308.7,2335.9,0.0,0.0,1.0,mean_0.8,7,0.8,0.15,beta,none
City-C,T3,10x,2000.0,S3_Lin4,cross_regime,M_stress,650,True,5,2308.7,1409.5,590.5,0.3895,0.0,mean_0.8,7,0.8,0.15,beta,none
City-C,T3,10x,2000.0,S4_GlobalCalib,routine,M_routine,650,True,5,2272.3,2370.8,0.0,0.0,1.0,mean_0.8,7,0.8,0.15,beta,none
City-C,T3,10x,2000.0,S4_GlobalCalib,cross_regime,M_stress,650,True,5,2272.3,1560.6,439.4,0.3132,0.0,mean_0.8,7,0.8,0.15,beta,none
City-C,T3,10x,2000.0,S5_CityCalib,routine,M_routine,650,True,5,2270.4,2370.8,0.0,0.0,1.0,mean_0.8,7,0.8,0.15,beta,none
City-C,T3,10x,2000.0,S5_CityCalib,cross_regime,M_stress,650,True,5,2270.4,1560.6,439.4,0.3126,0.0,mean_0.8,7,0.8,0.15,beta,none
City-C,T3,10x,2000.0,S6_Q10,routine,M_routine,650,True,7,2239.4,3291.6,0.0,0.0,1.0,mean_0.8,7,0.8,0.15,beta,none
City-C,T3,10x,2000.0,S6_Q10,cross_regime,M_stress,650,True,7,2239.4,2071.4,0.0,0.075,1.0,mean_0.8,7,0.8,0.15,beta,none
City-C,T4,1x,140.0,S0a_RoutineOracle,routine,M_routine,650,True,1,645.0,645.0,0.0,0.0,1.0,mean_0.8,7,0.8,0.15,beta,none
City-C,T4,1x,140.0,S0a_RoutineOracle,cross_regime,M_stress,650,True,1,645.0,449.9,0.0,0.3026,1.0,mean_0.8,7,0.8,0.15,beta,none
City-C,T4,1x,140.0,S0b_StressOracle,routine,M_routine,650,True,1,449.9,645.0,0.0,0.0,1.0,mean_0.8,7,0.8,0.15,beta,none
City-C,T4,1x,140.0,S0b_StressOracle,cross_regime,M_stress,650,True,1,449.9,449.9,0.0,0.0,1.0,mean_0.8,7,0.8,0.15,beta,none
City-C,T4,1x,140.0,S1_CapRR,routine,M_routine,650,True,1,737.0,645.0,0.0,0.1248,1.0,mean_0.8,7,0.8,0.15,beta,none
City-C,T4,1x,140.0,S1_CapRR,cross_regime,M_stress,650,True,1,737.0,449.9,0.0,0.3897,1.0,mean_0.8,7,0.8,0.15,beta,none
City-C,T4,1x,140.0,S2_Platform,routine,M_routine,650,True,1,377.7,453.2,0.0,0.0,1.0,mean_0.8,7,0.8,0.15,beta,none
City-C,T4,1x,140.0,S2_Platform,cross_regime,M_stress,650,True,1,377.7,212.5,0.0,0.4373,1.0,mean_0.8,7,0.8,0.15,beta,none
City-C,T4,1x,140.0,S3_Lin4,routine,M_routine,650,True,1,502.8,645.0,0.0,0.0,1.0,mean_0.8,7,0.8,0.15,beta,none
City-C,T4,1x,140.0,S3_Lin4,cross_regime,M_stress,650,True,1,502.8,449.9,0.0,0.1053,1.0,mean_0.8,7,0.8,0.15,beta,none
City-C,T4,1x,140.0,S4_GlobalCalib,routine,M_routine,650,True,1,587.1,645.0,0.0,0.0,1.0,mean_0.8,7,0.8,0.15,beta,none
City-C,T4,1x,140.0,S4_GlobalCalib,cross_regime,M_stress,650,True,1,587.1,449.9,0.0,0.2337,1.0,mean_0.8,7,0.8,0.15,beta,none
City-C,T4,1x,140.0,S5_CityCalib,routine,M_routine,650,True,1,589.9,645.0,0.0,0.0,1.0,mean_0.8,7,0.8,0.15,beta,none
City-C,T4,1x,140.0,S5_CityCalib,cross_regime,M_stress,650,True,1,589.9,449.9,0.0,0.2373,1.0,mean_0.8,7,0.8,0.15,beta,none
City-C,T4,1x,140.0,S6_Q10,routine,M_routine,650,True,1,429.2,645.0,0.0,0.0,1.0,mean_0.8,7,0.8,0.15,beta,none
City-C,T4,1x,140.0,S6_Q10,cross_regime,M_stress,650,True,1,429.2,449.9,0.0,0.0,1.0,mean_0.8,7,0.8,0.15,beta,none
City-C,T4,2x,280.0,S0a_RoutineOracle,routine,M_routine,650,True,1,645.0,645.0,0.0,0.0,1.0,mean_0.8,7,0.8,0.15,beta,none
City-C,T4,2x,280.0,S0a_RoutineOracle,cross_regime,M_stress,650,True,1,645.0,449.9,0.0,0.3026,1.0,mean_0.8,7,0.8,0.15,beta,none
City-C,T4,2x,280.0,S0b_StressOracle,routine,M_routine,650,True,1,449.9,645.0,0.0,0.0,1.0,mean_0.8,7,0.8,0.15,beta,none
City-C,T4,2x,280.0,S0b_StressOracle,cross_regime,M_stress,650,True,1,449.9,449.9,0.0,0.0,1.0,mean_0.8,7,0.8,0.15,beta,none
City-C,T4,2x,280.0,S1_CapRR,routine,M_routine,650,True,1,737.0,645.0,0.0,0.1248,1.0,mean_0.8,7,0.8,0.15,beta,none
City-C,T4,2x,280.0,S1_CapRR,cross_regime,M_stress,650,True,1,737.0,449.9,0.0,0.3897,1.0,mean_0.8,7,0.8,0.15,beta,none
City-C,T4,2x,280.0,S2_Platform,routine,M_routine,650,True,1,377.7,453.2,0.0,0.0,1.0,mean_0.8,7,0.8,0.15,beta,none
City-C,T4,2x,280.0,S2_Platform,cross_regime,M_stress,650,True,1,377.7,212.5,67.5,0.4373,0.0,mean_0.8,7,0.8,0.15,beta,none
City-C,T4,2x,280.0,S3_Lin4,routine,M_routine,650,True,1,502.8,645.0,0.0,0.0,1.0,mean_0.8,7,0.8,0.15,beta,none
City-C,T4,2x,280.0,S3_Lin4,cross_regime,M_stress,650,True,1,502.8,449.9,0.0,0.1053,1.0,mean_0.8,7,0.8,0.15,beta,none
City-C,T4,2x,280.0,S4_GlobalCalib,routine,M_routine,650,True,1,587.1,645.0,0.0,0.0,1.0,mean_0.8,7,0.8,0.15,beta,none
City-C,T4,2x,280.0,S4_GlobalCalib,cross_regime,M_stress,650,True,1,587.1,449.9,0.0,0.2337,1.0,mean_0.8,7,0.8,0.15,beta,none
City-C,T4,2x,280.0,S5_CityCalib,routine,M_routine,650,True,1,589.9,645.0,0.0,0.0,1.0,mean_0.8,7,0.8,0.15,beta,none
City-C,T4,2x,280.0,S5_CityCalib,cross_regime,M_stress,650,True,1,589.9,449.9,0.0,0.2373,1.0,mean_0.8,7,0.8,0.15,beta,none
City-C,T4,2x,280.0,S6_Q10,routine,M_routine,650,True,1,429.2,645.0,0.0,0.0,1.0,mean_0.8,7,0.8,0.15,beta,none
City-C,T4,2x,280.0,S6_Q10,cross_regime,M_stress,650,True,1,429.2,449.9,0.0,0.0,1.0,mean_0.8,7,0.8,0.15,beta,none
City-C,T4,5x,700.0,S0a_RoutineOracle,routine,M_routine,650,True,2,1201.4,1201.4,0.0,0.0,1.0,mean_0.8,7,0.8,0.15,beta,none
City-C,T4,5x,700.0,S0a_RoutineOracle,cross_regime,M_stress,650,True,2,1201.4,821.9,0.0,0.3159,1.0,mean_0.8,7,0.8,0.15,beta,none
City-C,T4,5x,700.0,S0b_StressOracle,routine,M_routine,650,True,2,853.1,1152.1,0.0,0.0,1.0,mean_0.8,7,0.8,0.15,beta,none
City-C,T4,5x,700.0,S0b_StressOracle,cross_regime,M_stress,650,True,2,853.1,853.1,0.0,0.0,1.0,mean_0.8,7,0.8,0.15,beta,none
City-C,T4,5x,700.0,S1_CapRR,routine,M_routine,650,True,1,737.0,645.0,55.0,0.1248,0.0,mean_0.8,7,0.8,0.15,beta,none
City-C,T4,5x,700.0,S1_CapRR,cross_regime,M_stress,650,True,1,737.0,449.9,250.1,0.3897,0.0,mean_0.8,7,0.8,0.15,beta,none
City-C,T4,5x,700.0,S2_Platform,routine,M_routine,650,True,2,738.2,960.3,0.0,0.0,1.0,mean_0.8,7,0.8,0.15,beta,none
City-C,T4,5x,700.0,S2_Platform,cross_regime,M_stress,650,True,2,738.2,615.8,84.2,0.1659,0.0,mean_0.8,7,0.8,0.15,beta,none
City-C,T4,5x,700.0,S3_Lin4,routine,M_routine,650,True,2,985.2,1152.1,0.0,0.0,1.0,mean_0.8,7,0.8,0.15,beta,none
City-C,T4,5x,700.0,S3_Lin4,cross_regime,M_stress,650,True,2,985.2,853.1,0.0,0.1341,1.0,mean_0.8,7,0.8,0.15,beta,none
City-C,T4,5x,700.0,S4_GlobalCalib,routine,M_routine,650,True,2,1146.6,1152.1,0.0,0.0,1.0,mean_0.8,7,0.8,0.15,beta,none
City-C,T4,5x,700.0,S4_GlobalCalib,cross_regime,M_stress,650,True,2,1146.6,853.1,0.0,0.256,1.0,mean_0.8,7,0.8,0.15,beta,none
City-C,T4,5x,700.0,S5_CityCalib,routine,M_routine,650,True,2,1152.1,1152.1,0.0,0.0,1.0,mean_0.8,7,0.8,0.15,beta,none
City-C,T4,5x,700.0,S5_CityCalib,cross_regime,M_stress,650,True,2,1152.1,853.1,0.0,0.2595,1.0,mean_0.8,7,0.8,0.15,beta,none
City-C,T4,5x,700.0,S6_Q10,routine,M_routine,650,True,2,838.3,1152.1,0.0,0.0,1.0,mean_0.8,7,0.8,0.15,beta,none
City-C,T4,5x,700.0,S6_Q10,cross_regime,M_stress,650,True,2,838.3,853.1,0.0,0.0,1.0,mean_0.8,7,0.8,0.15,beta,none
City-C,T4,10x,1400.0,S0a_RoutineOracle,routine,M_routine,650,True,3,1719.5,1719.5,0.0,0.0,1.0,mean_0.8,7,0.8,0.15,beta,none
City-C,T4,10x,1400.0,S0a_RoutineOracle,cross_regime,M_stress,650,True,3,1719.5,1115.6,284.4,0.3512,0.0,mean_0.8,7,0.8,0.15,beta,none
City-C,T4,10x,1400.0,S0b_StressOracle,routine,M_routine,650,True,4,1560.8,2198.1,0.0,0.0,1.0,mean_0.8,7,0.8,0.15,beta,none
City-C,T4,10x,1400.0,S0b_StressOracle,cross_regime,M_stress,650,True,4,1560.8,1560.8,0.0,0.0,1.0,mean_0.8,7,0.8,0.15,beta,none
City-C,T4,10x,1400.0,S1_CapRR,routine,M_routine,650,True,2,1439.5,1152.1,247.9,0.1997,0.0,mean_0.8,7,0.8,0.15,beta,none
City-C,T4,10x,1400.0,S1_CapRR,cross_regime,M_stress,650,True,2,1439.5,853.1,546.9,0.4074,0.0,mean_0.8,7,0.8,0.15,beta,none
City-C,T4,10x,1400.0,S2_Platform,routine,M_routine,650,True,4,1425.4,2021.5,0.0,0.0,1.0,mean_0.8,7,0.8,0.15,beta,none
City-C,T4,10x,1400.0,S2_Platform,cross_regime,M_stress,650,True,4,1425.4,1315.8,84.2,0.0769,0.0,mean_0.8,7,0.8,0.15,beta,none
City-C,T4,10x,1400.0,S3_Lin4,routine,M_routine,650,True,3,1458.5,1574.6,0.0,0.0,1.0,mean_0.8,7,0.8,0.15,beta,none
City-C,T4,10x,1400.0,S3_Lin4,cross_regime,M_stress,650,True,3,1458.5,1175.0,225.0,0.1944,0.0,mean_0.8,7,0.8,0.15,beta,none
City-C,T4,10x,1400.0,S4_GlobalCalib,routine,M_routine,650,True,3,1657.6,1574.6,0.0,0.0501,1.0,mean_0.8,7,0.8,0.15,beta,none
City-C,T4,10x,1400.0,S4_GlobalCalib,cross_regime,M_stress,650,True,3,1657.6,1175.0,225.0,0.2911,0.0,mean_0.8,7,0.8,0.15,beta,none
City-C,T4,10x,1400.0,S5_CityCalib,routine,M_routine,650,True,3,1665.6,1574.6,0.0,0.0546,1.0,mean_0.8,7,0.8,0.15,beta,none
City-C,T4,10x,1400.0,S5_CityCalib,cross_regime,M_stress,650,True,3,1665.6,1175.0,225.0,0.2945,0.0,mean_0.8,7,0.8,0.15,beta,none
City-C,T4,10x,1400.0,S6_Q10,routine,M_routine,650,True,4,1552.9,2131.0,0.0,0.0,1.0,mean_0.8,7,0.8,0.15,beta,none
City-C,T4,10x,1400.0,S6_Q10,cross_regime,M_stress,650,True,4,1552.9,1547.0,0.0,0.0038,1.0,mean_0.8,7,0.8,0.15,beta,none
City-C,T5,1x,160.0,S0a_RoutineOracle,routine,M_routine,650,True,1,541.7,541.7,0.0,0.0,1.0,mean_0.8,7,0.8,0.15,beta,none
City-C,T5,1x,160.0,S0a_RoutineOracle,cross_regime,M_stress,650,True,1,541.7,334.7,0.0,0.3821,1.0,mean_0.8,7,0.8,0.15,beta,none
City-C,T5,1x,160.0,S0b_StressOracle,routine,M_routine,650,True,1,365.8,391.6,0.0,0.0,1.0,mean_0.8,7,0.8,0.15,beta,none
City-C,T5,1x,160.0,S0b_StressOracle,cross_regime,M_stress,650,True,1,365.8,365.8,0.0,0.0,1.0,mean_0.8,7,0.8,0.15,beta,none
City-C,T5,1x,160.0,S1_CapRR,routine,M_routine,650,True,1,648.6,380.6,0.0,0.4132,1.0,mean_0.8,7,0.8,0.15,beta,none
City-C,T5,1x,160.0,S1_CapRR,cross_regime,M_stress,650,True,1,648.6,316.3,0.0,0.5123,1.0,mean_0.8,7,0.8,0.15,beta,none
City-C,T5,1x,160.0,S2_Platform,routine,M_routine,650,True,1,451.5,380.6,0.0,0.1571,1.0,mean_0.8,7,0.8,0.15,beta,none
City-C,T5,1x,160.0,S2_Platform,cross_regime,M_stress,650,True,1,451.5,316.3,0.0,0.2994,1.0,mean_0.8,7,0.8,0.15,beta,none
City-C,T5,1x,160.0,S3_Lin4,routine,M_routine,650,True,1,488.3,380.6,0.0,0.2206,1.0,mean_0.8,7,0.8,0.15,beta,none
City-C,T5,1x,160.0,S3_Lin4,cross_regime,M_stress,650,True,1,488.3,316.3,0.0,0.3522,1.0,mean_0.8,7,0.8,0.15,beta,none
City-C,T5,1x,160.0,S4_GlobalCalib,routine,M_routine,650,True,1,517.8,380.6,0.0,0.265,1.0,mean_0.8,7,0.8,0.15,beta,none
City-C,T5,1x,160.0,S4_GlobalCalib,cross_regime,M_stress,650,True,1,517.8,316.3,0.0,0.3891,1.0,mean_0.8,7,0.8,0.15,beta,none
City-C,T5,1x,160.0,S5_CityCalib,routine,M_routine,650,True,1,522.7,380.6,0.0,0.2719,1.0,mean_0.8,7,0.8,0.15,beta,none
City-C,T5,1x,160.0,S5_CityCalib,cross_regime,M_stress,650,True,1,522.7,316.3,0.0,0.3949,1.0,mean_0.8,7,0.8,0.15,beta,none
City-C,T5,1x,160.0,S6_Q10,routine,M_routine,650,True,1,375.6,380.6,0.0,0.0,1.0,mean_0.8,7,0.8,0.15,beta,none
City-C,T5,1x,160.0,S6_Q10,cross_regime,M_stress,650,True,1,375.6,316.3,0.0,0.158,1.0,mean_0.8,7,0.8,0.15,beta,none
City-C,T5,2x,320.0,S0a_RoutineOracle,routine,M_routine,650,True,1,541.7,541.7,0.0,0.0,1.0,mean_0.8,7,0.8,0.15,beta,none
City-C,T5,2x,320.0,S0a_RoutineOracle,cross_regime,M_stress,650,True,1,541.7,334.7,0.0,0.3821,1.0,mean_0.8,7,0.8,0.15,beta,none
City-C,T5,2x,320.0,S0b_StressOracle,routine,M_routine,650,True,1,365.8,391.6,0.0,0.0,1.0,mean_0.8,7,0.8,0.15,beta,none
City-C,T5,2x,320.0,S0b_StressOracle,cross_regime,M_stress,650,True,1,365.8,365.8,0.0,0.0,1.0,mean_0.8,7,0.8,0.15,beta,none
City-C,T5,2x,320.0,S1_CapRR,routine,M_routine,650,True,1,648.6,380.6,0.0,0.4132,1.0,mean_0.8,7,0.8,0.15,beta,none
City-C,T5,2x,320.0,S1_CapRR,cross_regime,M_stress,650,True,1,648.6,316.3,3.7,0.5123,0.0,mean_0.8,7,0.8,0.15,beta,none
City-C,T5,2x,320.0,S2_Platform,routine,M_routine,650,True,1,451.5,380.6,0.0,0.1571,1.0,mean_0.8,7,0.8,0.15,beta,none
City-C,T5,2x,320.0,S2_Platform,cross_regime,M_stress,650,True,1,451.5,316.3,3.7,0.2994,0.0,mean_0.8,7,0.8,0.15,beta,none
City-C,T5,2x,320.0,S3_Lin4,routine,M_routine,650,True,1,488.3,380.6,0.0,0.2206,1.0,mean_0.8,7,0.8,0.15,beta,none
City-C,T5,2x,320.0,S3_Lin4,cross_regime,M_stress,650,True,1,488.3,316.3,3.7,0.3522,0.0,mean_0.8,7,0.8,0.15,beta,none
City-C,T5,2x,320.0,S4_GlobalCalib,routine,M_routine,650,True,1,517.8,380.6,0.0,0.265,1.0,mean_0.8,7,0.8,0.15,beta,none
City-C,T5,2x,320.0,S4_GlobalCalib,cross_regime,M_stress,650,True,1,517.8,316.3,3.7,0.3891,0.0,mean_0.8,7,0.8,0.15,beta,none
City-C,T5,2x,320.0,S5_CityCalib,routine,M_routine,650,True,1,522.7,380.6,0.0,0.2719,1.0,mean_0.8,7,0.8,0.15,beta,none
City-C,T5,2x,320.0,S5_CityCalib,cross_regime,M_stress,650,True,1,522.7,316.3,3.7,0.3949,0.0,mean_0.8,7,0.8,0.15,beta,none
City-C,T5,2x,320.0,S6_Q10,routine,M_routine,650,True,1,375.6,380.6,0.0,0.0,1.0,mean_0.8,7,0.8,0.15,beta,none
City-C,T5,2x,320.0,S6_Q10,cross_regime,M_stress,650,True,1,375.6,316.3,3.7,0.158,0.0,mean_0.8,7,0.8,0.15,beta,none
City-C,T5,5x,800.0,S0a_RoutineOracle,routine,M_routine,650,True,2,1047.4,1047.4,0.0,0.0,1.0,mean_0.8,7,0.8,0.15,beta,none
City-C,T5,5x,800.0,S0a_RoutineOracle,cross_regime,M_stress,650,True,2,1047.4,609.2,190.8,0.4184,0.0,mean_0.8,7,0.8,0.15,beta,none
City-C,T5,5x,800.0,S0b_StressOracle,routine,M_routine,650,True,3,1018.9,1116.3,0.0,0.0,1.0,mean_0.8,7,0.8,0.15,beta,none
City-C,T5,5x,800.0,S0b_StressOracle,cross_regime,M_stress,650,True,3,1018.9,1018.9,0.0,0.0,1.0,mean_0.8,7,0.8,0.15,beta,none
City-C,T5,5x,800.0,S1_CapRR,routine,M_routine,650,True,2,1266.8,922.3,0.0,0.272,1.0,mean_0.8,7,0.8,0.15,beta,none
City-C,T5,5x,800.0,S1_CapRR,cross_regime,M_stress,650,True,2,1266.8,651.0,149.0,0.4861,0.0,mean_0.8,7,0.8,0.15,beta,none
City-C,T5,5x,800.0,S2_Platform,routine,M_routine,650,True,2,882.9,809.6,0.0,0.083,1.0,mean_0.8,7,0.8,0.15,beta,none
City-C,T5,5x,800.0,S2_Platform,cross_regime,M_stress,650,True,2,882.9,515.3,284.7,0.4164,0.0,mean_0.8,7,0.8,0.15,beta,none
City-C,T5,5x,800.0,S3_Lin4,routine,M_routine,650,True,2,955.5,922.3,0.0,0.0347,1.0,mean_0.8,7,0.8,0.15,beta,none
City-C,T5,5x,800.0,S3_Lin4,cross_regime,M_stress,650,True,2,955.5,651.0,149.0,0.3187,0.0,mean_0.8,7,0.8,0.15,beta,none
City-C,T5,5x,800.0,S4_GlobalCalib,routine,M_routine,650,True,2,1011.3,922.3,0.0,0.088,1.0,mean_0.8,7,0.8,0.15,beta,none
City-C,T5,5x,800.0,S4_GlobalCalib,cross_regime,M_stress,650,True,2,1011.3,651.0,149.0,0.3562,0.0,mean_0.8,7,0.8,0.15,beta,none
City-C,T5,5x,800.0,S5_CityCalib,routine,M_routine,650,True,2,1020.8,922.3,0.0,0.0965,1.0,mean_0.8,7,0.8,0.15,beta,none
City-C,T5,5x,800.0,S5_CityCalib,cross_regime,M_stress,650,True,2,1020.8,651.0,149.0,0.3622,0.0,mean_0.8,7,0.8,0.15,beta,none
City-C,T5,5x,800.0,S6_Q10,routine,M_routine,650,True,3,1060.7,1313.9,0.0,0.0,1.0,mean_0.8,7,0.8,0.15,beta,none
City-C,T5,5x,800.0,S6_Q10,cross_regime,M_stress,650,True,3,1060.7,1016.9,0.0,0.0413,1.0,mean_0.8,7,0.8,0.15,beta,none
City-C,T5,10x,1600.0,S0a_RoutineOracle,routine,M_routine,650,True,4,1973.5,1973.5,0.0,0.0,1.0,mean_0.8,7,0.8,0.15,beta,none
City-C,T5,10x,1600.0,S0a_RoutineOracle,cross_regime,M_stress,650,True,4,1973.5,1087.5,512.5,0.449,0.0,mean_0.8,7,0.8,0.15,beta,none
City-C,T5,10x,1600.0,S0b_StressOracle,routine,M_routine,650,True,5,1621.7,1710.2,0.0,0.0,1.0,mean_0.8,7,0.8,0.15,beta,none
City-C,T5,10x,1600.0,S0b_StressOracle,cross_regime,M_stress,650,True,5,1621.7,1621.7,0.0,0.0,1.0,mean_0.8,7,0.8,0.15,beta,none
City-C,T5,10x,1600.0,S1_CapRR,routine,M_routine,650,True,3,1831.4,1313.9,286.1,0.2826,0.0,mean_0.8,7,0.8,0.15,beta,none
City-C,T5,10x,1600.0,S1_CapRR,cross_regime,M_stress,650,True,3,1831.4,1016.9,583.1,0.4448,0.0,mean_0.8,7,0.8,0.15,beta,none
City-C,T5,10x,1600.0,S2_Platform,routine,M_routine,650,True,4,1670.1,1443.8,156.2,0.1355,0.0,mean_0.8,7,0.8,0.15,beta,none
City-C,T5,10x,1600.0,S2_Platform,cross_regime,M_stress,650,True,4,1670.1,1064.0,536.0,0.3629,0.0,mean_0.8,7,0.8,0.15,beta,none
City-C,T5,10x,1600.0,S3_Lin4,routine,M_routine,650,True,4,1871.6,1734.7,0.0,0.0732,1.0,mean_0.8,7,0.8,0.15,beta,none
City-C,T5,10x,1600.0,S3_Lin4,cross_regime,M_stress,650,True,4,1871.6,1279.0,321.0,0.3166,0.0,mean_0.8,7,0.8,0.15,beta,none
City-C,T5,10x,1600.0,S4_GlobalCalib,routine,M_routine,650,True,4,1873.2,1819.6,0.0,0.0286,1.0,mean_0.8,7,0.8,0.15,beta,none
City-C,T5,10x,1600.0,S4_GlobalCalib,cross_regime,M_stress,650,True,4,1873.2,1291.3,308.7,0.3106,0.0,mean_0.8,7,0.8,0.15,beta,none
City-C,T5,10x,1600.0,S5_CityCalib,routine,M_routine,650,True,4,1890.5,1819.6,0.0,0.0375,1.0,mean_0.8,7,0.8,0.15,beta,none
City-C,T5,10x,1600.0,S5_CityCalib,cross_regime,M_stress,650,True,4,1890.5,1291.3,308.7,0.3169,0.0,mean_0.8,7,0.8,0.15,beta,none
City-C,T5,10x,1600.0,S6_Q10,routine,M_routine,650,True,5,1654.2,2248.6,0.0,0.0,1.0,mean_0.8,7,0.8,0.15,beta,none
City-C,T5,10x,1600.0,S6_Q10,cross_regime,M_stress,650,True,5,1654.2,1490.3,109.7,0.0991,0.0,mean_0.8,7,0.8,0.15,beta,none
