city,task_id,p_req_level,p_req,strategy,regime,eval_outcome,pool_size,pool_feasible,n_selected,p_commit,p_deliv,shortfall,ocr,success,config_name,seed_id,xi_mean,xi_std,xi_dist,xi_persistence
City-A,T1,1x,180.0,S0a_RoutineOracle,routine,M_routine,800,True,1,455.4,455.4,0.0,0.0,1.0,persistence_half,4,0.67,0.15,beta,half
City-A,T1,1x,180.0,S0a_RoutineOracle,cross_regime,M_stress,800,True,1,455.4,288.7,0.0,0.3661,1.0,persistence_half,4,0.67,0.15,beta,half
City-A,T1,1x,180.0,S0b_StressOracle,routine,M_routine,800,True,1,288.7,455.4,0.0,0.0,1.0,persistence_half,4,0.67,0.15,beta,half
City-A,T1,1x,180.0,S0b_StressOracle,cross_regime,M_stress,800,True,1,288.7,288.7,0.0,0.0,1.0,persistence_half,4,0.67,0.15,beta,half
City-A,T1,1x,180.0,S1_CapRR,routine,M_routine,800,True,1,678.2,455.4,0.0,0.3286,1.0,persistence_half,4,0.67,0.15,beta,half
City-A,T1,1x,180.0,S1_CapRR,cross_regime,M_stress,800,True,1,678.2,288.7,0.0,0.5744,1.0,persistence_half,4,0.67,0.15,beta,half
City-A,T1,1x,180.0,S2_Platform,routine,M_routine,800,True,1,421.1,455.4,0.0,0.0,1.0,persistence_half,4,0.67,0.15,beta,half
City-A,T1,1x,180.0,S2_Platform,cross_regime,M_stress,800,True,1,421.1,288.7,0.0,0.3145,1.0,persistence_half,4,0.67,0.15,beta,half
City-A,T1,1x,180.0,S3_Lin4,routine,M_routine,800,True,1,489.0,455.4,0.0,0.0688,1.0,persistence_half,4,0.67,0.15,beta,half
City-A,T1,1x,180.0,S3_Lin4,cross_regime,M_stress,800,True,1,489.0,288.7,0.0,0.4097,1.0,persistence_half,4,0.67,0.15,beta,half
City-A,T1,1x,180.0,S4_GlobalCalib,routine,M_routine,800,True,1,452.3,455.4,0.0,0.0,1.0,persistence_half,4,0.67,0.15,beta,half
City-A,T1,1x,180.0,S4_GlobalCalib,cross_regime,M_stress,800,True,1,452.3,288.7,0.0,0.3618,1.0,persistence_half,4,0.67,0.15,beta,half
City-A,T1,1x,180.0,S5_CityCalib,routine,M_routine,800,True,1,447.9,455.4,0.0,0.0,1.0,persistence_half,4,0.67,0.15,beta,half
City-A,T1,1x,180.0,S5_CityCalib,cross_regime,M_stress,800,True,1,447.9,288.7,0.0,0.3555,1.0,persistence_half,4,0.67,0.15,beta,half
City-A,T1,1x,180.0,S6_Q10,routine,M_routine,800,True,1,422.4,455.4,0.0,0.0,1.0,persistence_half,4,0.67,0.15,beta,half
City-A,T1,1x,180.0,S6_Q10,cross_regime,M_stress,800,True,1,422.4,288.7,0.0,0.3167,1.0,persistence_half,4,0.67,0.15,beta,half
City-A,T1,2x,360.0,S0a_RoutineOracle,routine,M_routine,800,True,1,455.4,455.4,0.0,0.0,1.0,persistence_half,4,0.67,0.15,beta,half
City-A,T1,2x,360.0,S0a_RoutineOracle,cross_regime,M_stress,800,True,1,455.4,288.7,71.3,0.3661,0.0,persistence_half,4,0.67,0.15,beta,half
City-A,T1,2x,360.0,S0b_StressOracle,routine,M_routine,800,True,2,555.8,852.7,0.0,0.0,1.0,persistence_half,4,0.67,0.15,beta,half
City-A,T1,2x,360.0,S0b_StressOracle,cross_regime,M_stress,800,True,2,555.8,555.8,0.0,0.0,1.0,persistence_half,4,0.67,0.15,beta,half
City-A,T1,2x,360.0,S1_CapRR,routine,M_routine,800,True,1,678.2,455.4,0.0,0.3286,1.0,persistence_half,4,0.67,0.15,beta,half
City-A,T1,2x,360.0,S1_CapRR,cross_regime,M_stress,800,True,1,678.2,288.7,71.3,0.5744,0.0,persistence_half,4,0.67,0.15,beta,half
City-A,T1,2x,360.0,S2_Platform,routine,M_routine,800,True,1,421.1,455.4,0.0,0.0,1.0,persistence_half,4,0.67,0.15,beta,half
City-A,T1,2x,360.0,S2_Platform,cross_regime,M_stress,800,True,1,421.1,288.7,71.3,0.3145,0.0,persistence_half,4,0.67,0.15,beta,half
City-A,T1,2x,360.0,S3_Lin4,routine,M_routine,800,True,1,489.0,455.4,0.0,0.0688,1.0,persistence_half,4,0.67,0.15,beta,half
City-A,T1,2x,360.0,S3_Lin4,cross_regime,M_stress,800,True,1,489.0,288.7,71.3,0.4097,0.0,persistence_half,4,0.67,0.15,beta,half
City-A,T1,2x,360.0,S4_GlobalCalib,routine,M_routine,800,True,1,452.3,455.4,0.0,0.0,1.0,persistence_half,4,0.67,0.15,beta,half
City-A,T1,2x,360.0,S4_GlobalCalib,cross_regime,M_stress,800,True,1,452.3,288.7,71.3,0.3618,0.0,persistence_half,4,0.67,0.15,beta,half
City-A,T1,2x,360.0,S5_CityCalib,routine,M_routine,800,True,1,447.9,455.4,0.0,0.0,1.0,persistence_half,4,0.67,0.15,beta,half
City-A,T1,2x,360.0,S5_CityCalib,cross_regime,M_stress,800,True,1,447.9,288.7,71.3,0.3555,0.0,persistence_half,4,0.67,0.15,beta,half
City-A,T1,2x,360.0,S6_Q10,routine,M_routine,800,True,1,422.4,455.4,0.0,0.0,1.0,persistence_half,4,0.67,0.15,beta,half
City-A,T1,2x,360.0,S6_Q10,cross_regime,M_stress,800,True,1,422.4,288.7,71.3,0.3167,0.0,persistence_half,4,0.67,0.15,beta,half
City-A,T1,5x,900.0,S0a_RoutineOracle,routine,M_routine,800,True,3,1251.0,1251.0,0.0,0.0,1.0,persistence_half,4,0.67,0.15,beta,half
City-A,T1,5x,900.0,S0a_RoutineOracle,cross_regime,M_stress,800,True,3,1251.0,816.1,83.9,0.3476,0.0,persistence_half,4,0.67,0.15,beta,half
City-A,T1,5x,900.0,S0b_StressOracle,routine,M_routine,800,True,4,1068.1,1647.8,0.0,0.0,1.0,persistence_half,4,0.67,0.15,beta,half
City-A,T1,5x,900.0,S0b_StressOracle,cross_regime,M_stress,800,True,4,1068.1,1068.1,0.0,0.0,1.0,persistence_half,4,0.67,0.15,beta,half
City-A,T1,5x,900.0,S1_CapRR,routine,M_routine,800,True,2,1293.4,852.7,47.3,0.3407,0.0,persistence_half,4,0.67,0.15,beta,half
City-A,T1,5x,900.0,S1_CapRR,cross_regime,M_stress,800,True,2,1293.4,555.8,344.2,0.5702,0.0,persistence_half,4,0.67,0.15,beta,half
City-A,T1,5x,900.0,S2_Platform,routine,M_routine,800,True,3,1202.1,1204.1,0.0,0.0,1.0,persistence_half,4,0.67,0.15,beta,half
City-A,T1,5x,900.0,S2_Platform,cross_regime,M_stress,800,True,3,1202.1,757.9,142.1,0.3695,0.0,persistence_half,4,0.67,0.15,beta,half
City-A,T1,5x,900.0,S3_Lin4,routine,M_routine,800,True,3,1253.0,1177.6,0.0,0.0602,1.0,persistence_half,4,0.67,0.15,beta,half
City-A,T1,5x,900.0,S3_Lin4,cross_regime,M_stress,800,True,3,1253.0,779.7,120.3,0.3777,0.0,persistence_half,4,0.67,0.15,beta,half
City-A,T1,5x,900.0,S4_GlobalCalib,routine,M_routine,800,True,3,1260.3,1208.1,0.0,0.0414,1.0,persistence_half,4,0.67,0.15,beta,half
City-A,T1,5x,900.0,S4_GlobalCalib,cross_regime,M_stress,800,True,3,1260.3,801.3,98.7,0.3642,0.0,persistence_half,4,0.67,0.15,beta,half
City-A,T1,5x,900.0,S5_CityCalib,routine,M_routine,800,True,3,1248.2,1208.1,0.0,0.0321,1.0,persistence_half,4,0.67,0.15,beta,half
City-A,T1,5x,900.0,S5_CityCalib,cross_regime,M_stress,800,True,3,1248.2,801.3,98.7,0.3581,0.0,persistence_half,4,0.67,0.15,beta,half
City-A,T1,5x,900.0,S6_Q10,routine,M_routine,800,True,3,1177.1,1208.1,0.0,0.0,1.0,persistence_half,4,0.67,0.15,beta,half
City-A,T1,5x,900.0,S6_Q10,cross_regime,M_stress,800,True,3,1177.1,801.3,98.7,0.3193,0.0,persistence_half,4,0.67,0.15,beta,half
City-A,T1,10x,1800.0,S0a_RoutineOracle,routine,M_routine,800,True,5,2014.5,2014.5,0.0,0.0,1.0,persistence_half,4,0.67,0.15,beta,half
City-A,T1,10x,1800.0,S0a_RoutineOracle,cross_regime,M_stress,800,True,5,2014.5,1313.7,486.3,0.3479,0.0,persistence_half,4,0.67,0.15,beta,half
City-A,T1,10x,1800.0,S0b_StressOracle,routine,M_routine,800,True,8,2018.2,3051.3,0.0,0.0,1.0,persistence_half,4,0.67,0.15,beta,half
City-A,T1,10x,1800.0,S0b_StressOracle,cross_regime,M_stress,800,True,8,2018.2,2018.2,0.0,0.0,1.0,persistence_half,4,0.67,0.15,beta,half
City-A,T1,10x,1800.0,S1_CapRR,routine,M_routine,800,True,3,1889.7,1208.1,591.9,0.3607,0.0,persistence_half,4,0.67,0.15,beta,half
City-A,T1,10x,1800.0,S1_CapRR,cross_regime,M_stress,800,True,3,1889.7,801.3,998.7,0.576,0.0,persistence_half,4,0.67,0.15,beta,half
City-A,T1,10x,1800.0,S2_Platform,routine,M_routine,800,True,5,1914.5,1918.5,0.0,0.0,1.0,persistence_half,4,0.67,0.15,beta,half
City-A,T1,10x,1800.0,S2_Platform,cross_regime,M_stress,800,True,5,1914.5,1232.7,567.3,0.3561,0.0,persistence_half,4,0.67,0.15,beta,half
City-A,T1,10x,1800.0,S3_Lin4,routine,M_routine,800,True,5,1971.7,1973.2,0.0,0.0,1.0,persistence_half,4,0.67,0.15,beta,half
City-A,T1,10x,1800.0,S3_Lin4,cross_regime,M_stress,800,True,5,1971.7,1307.1,492.9,0.337,0.0,persistence_half,4,0.67,0.15,beta,half
City-A,T1,10x,1800.0,S4_GlobalCalib,routine,M_routine,800,True,5,2025.8,2003.3,0.0,0.0111,1.0,persistence_half,4,0.67,0.15,beta,half
City-A,T1,10x,1800.0,S4_GlobalCalib,cross_regime,M_stress,800,True,5,2025.8,1313.5,486.5,0.3516,0.0,persistence_half,4,0.67,0.15,beta,half
City-A,T1,10x,1800.0,S5_CityCalib,routine,M_routine,800,True,5,2006.6,2003.3,0.0,0.0016,1.0,persistence_half,4,0.67,0.15,beta,half
City-A,T1,10x,1800.0,S5_CityCalib,cross_regime,M_stress,800,True,5,2006.6,1313.5,486.5,0.3454,0.0,persistence_half,4,0.67,0.15,beta,half
City-A,T1,10x,1800.0,S6_Q10,routine,M_routine,800,True,5,1892.0,2003.3,0.0,0.0,1.0,persistence_half,4,0.67,0.15,beta,half
City-A,T1,10x,1800.0,S6_Q10,cross_regime,M_stress,800,True,5,1892.0,1313.5,486.5,0.3057,0.0,persistence_half,4,0.67,0.15,beta,half
City-A,T2,1x,260.0,S0a_RoutineOracle,routine,M_routine,800,True,1,443.8,443.8,0.0,0.0,1.0,persistence_half,4,0.67,0.15,beta,half
City-A,T2,1x,260.0,S0a_RoutineOracle,cross_regime,M_stress,800,True,1,443.8,288.0,0.0,0.351,1.0,persistence_half,4,0.67,0.15,beta,half
City-A,T2,1x,260.0,S0b_StressOracle,routine,M_routine,800,True,1,288.0,443.8,0.0,0.0,1.0,persistence_half,4,0.67,0.15,beta,half
City-A,T2,1x,260.0,S0b_StressOracle,cross_regime,M_stress,800,True,1,288.0,288.0,0.0,0.0,1.0,persistence_half,4,0.67,0.15,beta,half
City-A,T2,1x,260.0,S1_CapRR,routine,M_routine,800,True,1,678.2,443.8,0.0,0.3457,1.0,persistence_half,4,0.67,0.15,beta,half
City-A,T2,1x,260.0,S1_CapRR,cross_regime,M_stress,800,True,1,678.2,288.0,0.0,0.5754,1.0,persistence_half,4,0.67,0.15,beta,half
City-A,T2,1x,260.0,S2_Platform,routine,M_routine,800,True,1,441.1,443.8,0.0,0.0,1.0,persistence_half,4,0.67,0.15,beta,half
City-A,T2,1x,260.0,S2_Platform,cross_regime,M_stress,800,True,1,441.1,288.0,0.0,0.3471,1.0,persistence_half,4,0.67,0.15,beta,half
City-A,T2,1x,260.0,S3_Lin4,routine,M_routine,800,True,1,487.4,443.8,0.0,0.0896,1.0,persistence_half,4,0.67,0.15,beta,half
City-A,T2,1x,260.0,S3_Lin4,cross_regime,M_stress,800,True,1,487.4,288.0,0.0,0.4092,1.0,persistence_half,4,0.67,0.15,beta,half
City-A,T2,1x,260.0,S4_GlobalCalib,routine,M_routine,800,True,1,452.7,443.8,0.0,0.0199,1.0,persistence_half,4,0.67,0.15,beta,half
City-A,T2,1x,260.0,S4_GlobalCalib,cross_regime,M_stress,800,True,1,452.7,288.0,0.0,0.3639,1.0,persistence_half,4,0.67,0.15,beta,half
City-A,T2,1x,260.0,S5_CityCalib,routine,M_routine,800,True,1,450.5,443.8,0.0,0.0149,1.0,persistence_half,4,0.67,0.15,beta,half
City-A,T2,1x,260.0,S5_CityCalib,cross_regime,M_stress,800,True,1,450.5,288.0,0.0,0.3607,1.0,persistence_half,4,0.67,0.15,beta,half
City-A,T2,1x,260.0,S6_Q10,routine,M_routine,800,True,1,421.7,443.8,0.0,0.0,1.0,persistence_half,4,0.67,0.15,beta,half
City-A,T2,1x,260.0,S6_Q10,cross_regime,M_stress,800,True,1,421.7,288.0,0.0,0.317,1.0,persistence_half,4,0.67,0.15,beta,half
City-A,T2,2x,520.0,S0a_RoutineOracle,routine,M_routine,800,True,2,842.9,842.9,0.0,0.0,1.0,persistence_half,4,0.67,0.15,beta,half
City-A,T2,2x,520.0,S0a_RoutineOracle,cross_regime,M_stress,800,True,2,842.9,537.0,0.0,0.3629,1.0,persistence_half,4,0.67,0.15,beta,half
City-A,T2,2x,520.0,S0b_StressOracle,routine,M_routine,800,True,2,551.5,827.0,0.0,0.0,1.0,persistence_half,4,0.67,0.15,beta,half
City-A,T2,2x,520.0,S0b_StressOracle,cross_regime,M_stress,800,True,2,551.5,551.5,0.0,0.0,1.0,persistence_half,4,0.67,0.15,beta,half
City-A,T2,2x,520.0,S1_CapRR,routine,M_routine,800,True,1,678.2,443.8,76.2,0.3457,0.0,persistence_half,4,0.67,0.15,beta,half
City-A,T2,2x,520.0,S1_CapRR,cross_regime,M_stress,800,True,1,678.2,288.0,232.0,0.5754,0.0,persistence_half,4,0.67,0.15,beta,half
City-A,T2,2x,520.0,S2_Platform,routine,M_routine,800,True,2,849.9,827.0,0.0,0.0269,1.0,persistence_half,4,0.67,0.15,beta,half
City-A,T2,2x,520.0,S2_Platform,cross_regime,M_stress,800,True,2,849.9,551.5,0.0,0.3511,1.0,persistence_half,4,0.67,0.15,beta,half
City-A,T2,2x,520.0,S3_Lin4,routine,M_routine,800,True,2,870.9,772.9,0.0,0.1125,1.0,persistence_half,4,0.67,0.15,beta,half
City-A,T2,2x,520.0,S3_Lin4,cross_regime,M_stress,800,True,2,870.9,541.9,0.0,0.3778,1.0,persistence_half,4,0.67,0.15,beta,half
City-A,T2,2x,520.0,S4_GlobalCalib,routine,M_routine,800,True,2,863.4,827.0,0.0,0.0421,1.0,persistence_half,4,0.67,0.15,beta,half
City-A,T2,2x,520.0,S4_GlobalCalib,cross_regime,M_stress,800,True,2,863.4,551.5,0.0,0.3613,1.0,persistence_half,4,0.67,0.15,beta,half
City-A,T2,2x,520.0,S5_CityCalib,routine,M_routine,800,True,2,859.2,827.0,0.0,0.0375,1.0,persistence_half,4,0.67,0.15,beta,half
City-A,T2,2x,520.0,S5_CityCalib,cross_regime,M_stress,800,True,2,859.2,551.5,0.0,0.3582,1.0,persistence_half,4,0.67,0.15,beta,half
City-A,T2,2x,520.0,S6_Q10,routine,M_routine,800,True,2,804.2,827.0,0.0,0.0,1.0,persistence_half,4,0.67,0.15,beta,half
City-A,T2,2x,520.0,S6_Q10,cross_regime,M_stress,800,True,2,804.2,551.5,0.0,0.3142,1.0,persistence_half,4,0.67,0.15,beta,half
City-A,T2,5x,1300.0,S0a_RoutineOracle,routine,M_routine,800,True,4,1617.6,1617.6,0.0,0.0,1.0,persistence_half,4,0.67,0.15,beta,half
City-A,T2,5x,1300.0,S0a_RoutineOracle,cross_regime,M_stress,800,True,4,1617.6,1054.3,245.7,0.3482,0.0,persistence_half,4,0.67,0.15,beta,half
City-A,T2,5x,1300.0,S0b_StressOracle,routine,M_routine,800,True,5,1308.2,1946.7,0.0,0.0,1.0,persistence_half,4,0.67,0.15,beta,half
City-A,T2,5x,1300.0,S0b_StressOracle,cross_regime,M_stress,800,True,5,1308.2,1308.2,0.0,0.0,1.0,persistence_half,4,0.67,0.15,beta,half
City-A,T2,5x,1300.0,S1_CapRR,routine,M_routine,800,True,3,1889.7,1156.2,143.8,0.3881,0.0,persistence_half,4,0.67,0.15,beta,half
City-A,T2,5x,1300.0,S1_CapRR,cross_regime,M_stress,800,True,3,1889.7,805.4,494.6,0.5738,0.0,persistence_half,4,0.67,0.15,beta,half
City-A,T2,5x,1300.0,S2_Platform,routine,M_routine,800,True,4,1596.5,1577.9,0.0,0.0116,1.0,persistence_half,4,0.67,0.15,beta,half
City-A,T2,5x,1300.0,S2_Platform,cross_regime,M_stress,800,True,4,1596.5,1024.3,275.7,0.3584,0.0,persistence_half,4,0.67,0.15,beta,half
City-A,T2,5x,1300.0,S3_Lin4,routine,M_routine,800,True,4,1607.8,1499.4,0.0,0.0674,1.0,persistence_half,4,0.67,0.15,beta,half
City-A,T2,5x,1300.0,S3_Lin4,cross_regime,M_stress,800,True,4,1607.8,1038.0,262.0,0.3543,0.0,persistence_half,4,0.67,0.15,beta,half
City-A,T2,5x,1300.0,S4_GlobalCalib,routine,M_routine,800,True,4,1650.3,1555.3,0.0,0.0575,1.0,persistence_half,4,0.67,0.15,beta,half
City-A,T2,5x,1300.0,S4_GlobalCalib,cross_regime,M_stress,800,True,4,1650.3,1054.4,245.6,0.3611,0.0,persistence_half,4,0.67,0.15,beta,half
City-A,T2,5x,1300.0,S5_CityCalib,routine,M_routine,800,True,4,1642.4,1555.3,0.0,0.053,1.0,persistence_half,4,0.67,0.15,beta,half
City-A,T2,5x,1300.0,S5_CityCalib,cross_regime,M_stress,800,True,4,1642.4,1054.4,245.6,0.358,0.0,persistence_half,4,0.67,0.15,beta,half
City-A,T2,5x,1300.0,S6_Q10,routine,M_routine,800,True,4,1537.1,1555.3,0.0,0.0,1.0,persistence_half,4,0.67,0.15,beta,half
City-A,T2,5x,1300.0,S6_Q10,cross_regime,M_stress,800,True,4,1537.1,1054.4,245.6,0.314,0.0,persistence_half,4,0.67,0.15,beta,half
City-A,T2,10x,2600.0,S0a_RoutineOracle,routine,M_routine,800,True,7,2657.3,2657.3,0.0,0.0,1.0,persistence_half,4,0.67,0.15,beta,half
City-A,T2,10x,2600.0,S0a_RoutineOracle,cross_regime,M_stress,800,True,7,2657.3,1707.2,892.8,0.3576,0.0,persistence_half,4,0.67,0.15,beta,half
City-A,T2,10x,2600.0,S0b_StressOracle,routine,M_routine,800,True,11,2669.1,3908.4,0.0,0.0,1.0,persistence_half,4,0.67,0.15,beta,half
City-A,T2,10x,2600.0,S0b_StressOracle,cross_regime,M_stress,800,True,11,2669.1,2669.1,0.0,0.0,1.0,persistence_half,4,0.67,0.15,beta,half
City-A,T2,10x,2600.0,S1_CapRR,routine,M_routine,800,True,5,3037.3,1946.7,653.3,0.3591,0.0,persistence_half,4,0.67,0.15,beta,half
City-A,T2,10x,2600.0,S1_CapRR,cross_regime,M_stress,800,True,5,3037.3,1308.2,1291.8,0.5693,0.0,persistence_half,4,0.67,0.15,beta,half
City-A,T2,10x,2600.0,S2_Platform,routine,M_routine,800,True,7,2630.1,2529.9,70.1,0.0381,0.0,persistence_half,4,0.67,0.15,beta,half
City-A,T2,10x,2600.0,S2_Platform,cross_regime,M_stress,800,True,7,2630.1,1696.9,903.1,0.3548,0.0,persistence_half,4,0.67,0.15,beta,half
City-A,T2,10x,2600.0,S3_Lin4,routine,M_routine,800,True,7,2659.2,2578.4,21.6,0.0304,0.0,persistence_half,4,0.67,0.15,beta,half
City-A,T2,10x,2600.0,S3_Lin4,cross_regime,M_stress,800,True,7,2659.2,1741.1,858.9,0.3452,0.0,persistence_half,4,0.67,0.15,beta,half
City-A,T2,10x,2600.0,S4_GlobalCalib,routine,M_routine,800,True,7,2728.9,2649.4,0.0,0.0292,1.0,persistence_half,4,0.67,0.15,beta,half
City-A,T2,10x,2600.0,S4_GlobalCalib,cross_regime,M_stress,800,True,7,2728.9,1759.9,840.1,0.3551,0.0,persistence_half,4,0.67,0.15,beta,half
City-A,T2,10x,2600.0,S5_CityCalib,routine,M_routine,800,True,7,2716.4,2649.4,0.0,0.0247,1.0,persistence_half,4,0.67,0.15,beta,half
City-A,T2,10x,2600.0,S5_CityCalib,cross_regime,M_stress,800,True,7,2716.4,1759.9,840.1,0.3521,0.0,persistence_half,4,0.67,0.15,beta,half
City-A,T2,10x,2600.0,S6_Q10,routine,M_routine,800,True,8,2861.5,2979.4,0.0,0.0,1.0,persistence_half,4,0.67,0.15,beta,half
City-A,T2,10x,2600.0,S6_Q10,cross_regime,M_stress,800,True,8,2861.5,1996.4,603.6,0.3023,0.0,persistence_half,4,0.67,0.15,beta,half
City-A,T3,1x,200.0,S0a_RoutineOracle,routine,M_routine,800,True,1,408.7,408.7,0.0,0.0,1.0,persistence_half,4,0.67,0.15,beta,half
City-A,T3,1x,200.0,S0a_RoutineOracle,cross_regime,M_stress,800,True,1,408.7,250.3,0.0,0.3877,1.0,persistence_half,4,0.67,0.15,beta,half
City-A,T3,1x,200.0,S0b_StressOracle,routine,M_routine,800,True,1,250.3,408.7,0.0,0.0,1.0,persistence_half,4,0.67,0.15,beta,half
City-A,T3,1x,200.0,S0b_StressOracle,cross_regime,M_stress,800,True,1,250.3,250.3,0.0,0.0,1.0,persistence_half,4,0.67,0.15,beta,half
City-A,T3,1x,200.0,S1_CapRR,routine,M_routine,800,True,1,596.8,408.7,0.0,0.3152,1.0,persistence_half,4,0.67,0.15,beta,half
City-A,T3,1x,200.0,S1_CapRR,cross_regime,M_stress,800,True,1,596.8,250.3,0.0,0.5807,1.0,persistence_half,4,0.67,0.15,beta,half
City-A,T3,1x,200.0,S2_Platform,routine,M_routine,800,True,1,470.7,408.7,0.0,0.1316,1.0,persistence_half,4,0.67,0.15,beta,half
City-A,T3,1x,200.0,S2_Platform,cross_regime,M_stress,800,True,1,470.7,250.3,0.0,0.4683,1.0,persistence_half,4,0.67,0.15,beta,half
City-A,T3,1x,200.0,S3_Lin4,routine,M_routine,800,True,1,486.4,408.7,0.0,0.1598,1.0,persistence_half,4,0.67,0.15,beta,half
City-A,T3,1x,200.0,S3_Lin4,cross_regime,M_stress,800,True,1,486.4,250.3,0.0,0.4855,1.0,persistence_half,4,0.67,0.15,beta,half
City-A,T3,1x,200.0,S4_GlobalCalib,routine,M_routine,800,True,1,397.7,408.7,0.0,0.0,1.0,persistence_half,4,0.67,0.15,beta,half
City-A,T3,1x,200.0,S4_GlobalCalib,cross_regime,M_stress,800,True,1,397.7,250.3,0.0,0.3708,1.0,persistence_half,4,0.67,0.15,beta,half
City-A,T3,1x,200.0,S5_CityCalib,routine,M_routine,800,True,1,395.2,408.7,0.0,0.0,1.0,persistence_half,4,0.67,0.15,beta,half
City-A,T3,1x,200.0,S5_CityCalib,cross_regime,M_stress,800,True,1,395.2,250.3,0.0,0.3667,1.0,persistence_half,4,0.67,0.15,beta,half
City-A,T3,1x,200.0,S6_Q10,routine,M_routine,800,True,1,370.3,408.7,0.0,0.0,1.0,persistence_half,4,0.67,0.15,beta,half
City-A,T3,1x,200.0,S6_Q10,cross_regime,M_stress,800,True,1,370.3,250.3,0.0,0.3242,1.0,persistence_half,4,0.67,0.15,beta,half
City-A,T3,2x,400.0,S0a_RoutineOracle,routine,M_routine,800,True,1,408.7,408.7,0.0,0.0,1.0,persistence_half,4,0.67,0.15,beta,half
City-A,T3,2x,400.0,S0a_RoutineOracle,cross_regime,M_stress,800,True,1,408.7,250.3,149.7,0.3877,0.0,persistence_half,4,0.67,0.15,beta,half
City-A,T3,2x,400.0,S0b_StressOracle,routine,M_routine,800,True,2,489.5,726.3,0.0,0.0,1.0,persistence_half,4,0.67,0.15,beta,half
City-A,T3,2x,400.0,S0b_StressOracle,cross_regime,M_stress,800,True,2,489.5,489.5,0.0,0.0,1.0,persistence_half,4,0.67,0.15,beta,half
City-A,T3,2x,400.0,S1_CapRR,routine,M_routine,800,True,1,596.8,408.7,0.0,0.3152,1.0,persistence_half,4,0.67,0.15,beta,half
City-A,T3,2x,400.0,S1_CapRR,cross_regime,M_stress,800,True,1,596.8,250.3,149.7,0.5807,0.0,persistence_half,4,0.67,0.15,beta,half
City-A,T3,2x,400.0,S2_Platform,routine,M_routine,800,True,1,470.7,408.7,0.0,0.1316,1.0,persistence_half,4,0.67,0.15,beta,half
City-A,T3,2x,400.0,S2_Platform,cross_regime,M_stress,800,True,1,470.7,250.3,149.7,0.4683,0.0,persistence_half,4,0.67,0.15,beta,half
City-A,T3,2x,400.0,S3_Lin4,routine,M_routine,800,True,1,486.4,408.7,0.0,0.1598,1.0,persistence_half,4,0.67,0.15,beta,half
City-A,T3,2x,400.0,S3_Lin4,cross_regime,M_stress,800,True,1,486.4,250.3,149.7,0.4855,0.0,persistence_half,4,0.67,0.15,beta,half
City-A,T3,2x,400.0,S4_GlobalCalib,routine,M_routine,800,True,2,758.5,754.9,0.0,0.0046,1.0,persistence_half,4,0.67,0.15,beta,half
City-A,T3,2x,400.0,S4_GlobalCalib,cross_regime,M_stress,800,True,2,758.5,487.7,0.0,0.357,1.0,persistence_half,4,0.67,0.15,beta,half
City-A,T3,2x,400.0,S5_CityCalib,routine,M_routine,800,True,2,753.7,754.9,0.0,0.0,1.0,persistence_half,4,0.67,0.15,beta,half
City-A,T3,2x,400.0,S5_CityCalib,cross_regime,M_stress,800,True,2,753.7,487.7,0.0,0.3529,1.0,persistence_half,4,0.67,0.15,beta,half
City-A,T3,2x,400.0,S6_Q10,routine,M_routine,800,True,2,706.2,754.9,0.0,0.0,1.0,persistence_half,4,0.67,0.15,beta,half
City-A,T3,2x,400.0,S6_Q10,cross_regime,M_stress,800,True,2,706.2,487.7,0.0,0.3094,1.0,persistence_half,4,0.67,0.15,beta,half
City-A,T3,5x,1000.0,S0a_RoutineOracle,routine,M_routine,800,True,3,1108.2,1108.2,0.0,0.0,1.0,persistence_half,4,0.67,0.15,beta,half
City-A,T3,5x,1000.0,S0a_RoutineOracle,cross_regime,M_stress,800,True,3,1108.2,713.0,287.0,0.3567,0.0,persistence_half,4,0.67,0.15,beta,half
City-A,T3,5x,1000.0,S0b_StressOracle,routine,M_routine,800,True,5,1164.0,1724.7,0.0,0.0,1.0,persistence_half,4,0.67,0.15,beta,half
City-A,T3,5x,1000.0,S0b_StressOracle,cross_regime,M_stress,800,True,5,1164.0,1164.0,0.0,0.0,1.0,persistence_half,4,0.67,0.15,beta,half
City-A,T3,5x,1000.0,S1_CapRR,routine,M_routine,800,True,2,1138.1,754.9,245.1,0.3367,0.0,persistence_half,4,0.67,0.15,beta,half
City-A,T3,5x,1000.0,S1_CapRR,cross_regime,M_stress,800,True,2,1138.1,487.7,512.3,0.5715,0.0,persistence_half,4,0.67,0.15,beta,half
City-A,T3,5x,1000.0,S2_Platform,routine,M_routine,800,True,3,1264.8,1058.8,0.0,0.1628,1.0,persistence_half,4,0.67,0.15,beta,half
City-A,T3,5x,1000.0,S2_Platform,cross_regime,M_stress,800,True,3,1264.8,701.1,298.9,0.4457,0.0,persistence_half,4,0.67,0.15,beta,half
City-A,T3,5x,1000.0,S3_Lin4,routine,M_routine,800,True,3,1235.4,922.3,77.7,0.2534,0.0,persistence_half,4,0.67,0.15,beta,half
City-A,T3,5x,1000.0,S3_Lin4,cross_regime,M_stress,800,True,3,1235.4,689.4,310.6,0.442,0.0,persistence_half,4,0.67,0.15,beta,half
City-A,T3,5x,1000.0,S4_GlobalCalib,routine,M_routine,800,True,3,1108.1,1072.6,0.0,0.0321,1.0,persistence_half,4,0.67,0.15,beta,half
City-A,T3,5x,1000.0,S4_GlobalCalib,cross_regime,M_stress,800,True,3,1108.1,726.9,273.1,0.344,0.0,persistence_half,4,0.67,0.15,beta,half
City-A,T3,5x,1000.0,S5_CityCalib,routine,M_routine,800,True,3,1101.3,1072.6,0.0,0.0261,1.0,persistence_half,4,0.67,0.15,beta,half
City-A,T3,5x,1000.0,S5_CityCalib,cross_regime,M_stress,800,True,3,1101.3,726.9,273.1,0.3399,0.0,persistence_half,4,0.67,0.15,beta,half
City-A,T3,5x,1000.0,S6_Q10,routine,M_routine,800,True,3,1031.8,1072.6,0.0,0.0,1.0,persistence_half,4,0.67,0.15,beta,half
City-A,T3,5x,1000.0,S6_Q10,cross_regime,M_stress,800,True,3,1031.8,726.9,273.1,0.2955,0.0,persistence_half,4,0.67,0.15,beta,half
City-A,T3,10x,2000.0,S0a_RoutineOracle,routine,M_routine,800,True,6,2081.6,2081.6,0.0,0.0,1.0,persistence_half,4,0.67,0.15,beta,half
City-A,T3,10x,2000.0,S0a_RoutineOracle,cross_regime,M_stress,800,True,6,2081.6,1352.4,647.6,0.3503,0.0,persistence_half,4,0.67,0.15,beta,half
City-A,T3,10x,2000.0,S0b_StressOracle,routine,M_routine,800,True,10,2175.1,3090.3,0.0,0.0,1.0,persistence_half,4,0.67,0.15,beta,half
City-A,T3,10x,2000.0,S0b_StressOracle,cross_regime,M_stress,800,True,10,2175.1,2175.1,0.0,0.0,1.0,persistence_half,4,0.67,0.15,beta,half
City-A,T3,10x,2000.0,S1_CapRR,routine,M_routine,800,True,4,2175.3,1425.9,574.1,0.3445,0.0,persistence_half,4,0.67,0.15,beta,half
City-A,T3,10x,2000.0,S1_CapRR,cross_regime,M_stress,800,True,4,2175.3,952.2,1047.8,0.5623,0.0,persistence_half,4,0.67,0.15,beta,half
City-A,T3,10x,2000.0,S2_Platform,routine,M_routine,800,True,6,2357.9,2024.5,0.0,0.1414,1.0,persistence_half,4,0.67,0.15,beta,half
City-A,T3,10x,2000.0,S2_Platform,cross_regime,M_stress,800,True,6,2357.9,1340.9,659.1,0.4313,0.0,persistence_half,4,0.67,0.15,beta,half
City-A,T3,10x,2000.0,S3_Lin4,routine,M_routine,800,True,6,2271.9,1954.4,45.6,0.1398,0.0,persistence_half,4,0.67,0.15,beta,half
City-A,T3,10x,2000.0,S3_Lin4,cross_regime,M_stress,800,True,6,2271.9,1363.7,636.3,0.3998,0.0,persistence_half,4,0.67,0.15,beta,half
City-A,T3,10x,2000.0,S4_GlobalCalib,routine,M_routine,800,True,6,2091.4,1954.4,45.6,0.0655,0.0,persistence_half,4,0.67,0.15,beta,half
City-A,T3,10x,2000.0,S4_GlobalCalib,cross_regime,M_stress,800,True,6,2091.4,1363.7,636.3,0.348,0.0,persistence_half,4,0.67,0.15,beta,half
City-A,T3,10x,2000.0,S5_CityCalib,routine,M_routine,800,True,6,2078.9,1954.4,45.6,0.0599,0.0,persistence_half,4,0.67,0.15,beta,half
City-A,T3,10x,2000.0,S5_CityCalib,cross_regime,M_stress,800,True,6,2078.9,1363.7,636.3,0.344,0.0,persistence_half,4,0.67,0.15,beta,half
City-A,T3,10x,2000.0,S6_Q10,routine,M_routine,800,True,7,2232.1,2257.1,0.0,0.0,1.0,persistence_half,4,0.67,0.15,beta,half
City-A,T3,10x,2000.0,S6_Q10,cross_regime,M_stress,800,True,7,2232.1,1553.7,446.3,0.3039,0.0,persistence_half,4,0.67,0.15,beta,half
City-A,T4,1x,140.0,S0a_RoutineOracle,routine,M_routine,800,True,1,451.8,451.8,0.0,0.0,1.0,persistence_half,4,0.67,0.15,beta,half
City-A,T4,1x,140.0,S0a_RoutineOracle,cross_regime,M_stress,800,True,1,451.8,292.7,0.0,0.3522,1.0,persistence_half,4,0.67,0.15,beta,half
City-A,T4,1x,140.0,S0b_StressOracle,routine,M_routine,800,True,1,292.7,451.8,0.0,0.0,1.0,persistence_half,4,0.67,0.15,beta,half
City-A,T4,1x,140.0,S0b_StressOracle,cross_regime,M_stress,800,True,1,292.7,292.7,0.0,0.0,1.0,persistence_half,4,0.67,0.15,beta,half
City-A,T4,1x,140.0,S1_CapRR,routine,M_routine,800,True,1,678.2,451.8,0.0,0.3338,1.0,persistence_half,4,0.67,0.15,beta,half
City-A,T4,1x,140.0,S1_CapRR,cross_regime,M_stress,800,True,1,678.2,292.7,0.0,0.5685,1.0,persistence_half,4,0.67,0.15,beta,half
City-A,T4,1x,140.0,S2_Platform,routine,M_routine,800,True,1,299.2,363.5,0.0,0.0,1.0,persistence_half,4,0.67,0.15,beta,half
City-A,T4,1x,140.0,S2_Platform,cross_regime,M_stress,800,True,1,299.2,274.6,0.0,0.0821,1.0,persistence_half,4,0.67,0.15,beta,half
City-A,T4,1x,140.0,S3_Lin4,routine,M_routine,800,True,1,488.5,451.8,0.0,0.0752,1.0,persistence_half,4,0.67,0.15,beta,half
City-A,T4,1x,140.0,S3_Lin4,cross_regime,M_stress,800,True,1,488.5,292.7,0.0,0.4009,1.0,persistence_half,4,0.67,0.15,beta,half
City-A,T4,1x,140.0,S4_GlobalCalib,routine,M_routine,800,True,1,451.3,451.8,0.0,0.0,1.0,persistence_half,4,0.67,0.15,beta,half
City-A,T4,1x,140.0,S4_GlobalCalib,cross_regime,M_stress,800,True,1,451.3,292.7,0.0,0.3515,1.0,persistence_half,4,0.67,0.15,beta,half
City-A,T4,1x,140.0,S5_CityCalib,routine,M_routine,800,True,1,448.8,451.8,0.0,0.0,1.0,persistence_half,4,0.67,0.15,beta,half
City-A,T4,1x,140.0,S5_CityCalib,cross_regime,M_stress,800,True,1,448.8,292.7,0.0,0.3478,1.0,persistence_half,4,0.67,0.15,beta,half
City-A,T4,1x,140.0,S6_Q10,routine,M_routine,800,True,1,421.1,451.8,0.0,0.0,1.0,persistence_half,4,0.67,0.15,beta,half
City-A,T4,1x,140.0,S6_Q10,cross_regime,M_stress,800,True,1,421.1,292.7,0.0,0.3049,1.0,persistence_half,4,0.67,0.15,beta,half
City-A,T4,2x,280.0,S0a_RoutineOracle,routine,M_routine,800,True,1,451.8,451.8,0.0,0.0,1.0,persistence_half,4,0.67,0.15,beta,half
City-A,T4,2x,280.0,S0a_RoutineOracle,cross_regime,M_stress,800,True,1,451.8,292.7,0.0,0.3522,1.0,persistence_half,4,0.67,0.15,beta,half
City-A,T4,2x,280.0,S0b_StressOracle,routine,M_routine,800,True,1,292.7,451.8,0.0,0.0,1.0,persistence_half,4,0.67,0.15,beta,half
City-A,T4,2x,280.0,S0b_StressOracle,cross_regime,M_stress,800,True,1,292.7,292.7,0.0,0.0,1.0,persistence_half,4,0.67,0.15,beta,half
City-A,T4,2x,280.0,S1_CapRR,routine,M_routine,800,True,1,678.2,451.8,0.0,0.3338,1.0,persistence_half,4,0.67,0.15,beta,half
City-A,T4,2x,280.0,S1_CapRR,cross_regime,M_stress,800,True,1,678.2,292.7,0.0,0.5685,1.0,persistence_half,4,0.67,0.15,beta,half
City-A,T4,2x,280.0,S2_Platform,routine,M_routine,800,True,1,299.2,363.5,0.0,0.0,1.0,persistence_half,4,0.67,0.15,beta,half
City-A,T4,2x,280.0,S2_Platform,cross_regime,M_stress,800,True,1,299.2,274.6,5.4,0.0821,0.0,persistence_half,4,0.67,0.15,beta,half
City-A,T4,2x,280.0,S3_Lin4,routine,M_routine,800,True,1,488.5,451.8,0.0,0.0752,1.0,persistence_half,4,0.67,0.15,beta,half
City-A,T4,2x,280.0,S3_Lin4,cross_regime,M_stress,800,True,1,488.5,292.7,0.0,0.4009,1.0,persistence_half,4,0.67,0.15,beta,half
City-A,T4,2x,280.0,S4_GlobalCalib,routine,M_routine,800,True,1,451.3,451.8,0.0,0.0,1.0,persistence_half,4,0.67,0.15,beta,half
City-A,T4,2x,280.0,S4_GlobalCalib,cross_regime,M_stress,800,True,1,451.3,292.7,0.0,0.3515,1.0,persistence_half,4,0.67,0.15,beta,half
City-A,T4,2x,280.0,S5_CityCalib,routine,M_routine,800,True,1,448.8,451.8,0.0,0.0,1.0,persistence_half,4,0.67,0.15,beta,half
City-A,T4,2x,280.0,S5_CityCalib,cross_regime,M_stress,800,True,1,448.8,292.7,0.0,0.3478,1.0,persistence_half,4,0.67,0.15,beta,half
City-A,T4,2x,280.0,S6_Q10,routine,M_routine,800,True,1,421.1,451.8,0.0,0.0,1.0,persistence_half,4,0.67,0.15,beta,half
City-A,T4,2x,280.0,S6_Q10,cross_regime,M_stress,800,True,1,421.1,292.7,0.0,0.3049,1.0,persistence_half,4,0.67,0.15,beta,half
City-A,T4,5x,700.0,S0a_RoutineOracle,routine,M_routine,800,True,2,846.3,846.3,0.0,0.0,1.0,persistence_half,4,0.67,0.15,beta,half
City-A,T4,5x,700.0,S0a_RoutineOracle,cross_regime,M_stress,800,True,2,846.3,556.1,143.9,0.3429,0.0,persistence_half,4,0.67,0.15,beta,half
City-A,T4,5x,700.0,S0b_StressOracle,routine,M_routine,800,True,3,831.0,1149.2,0.0,0.0,1.0,persistence_half,4,0.67,0.15,beta,half
City-A,T4,5x,700.0,S0b_StressOracle,cross_regime,M_stress,800,True,3,831.0,831.0,0.0,0.0,1.0,persistence_half,4,0.67,0.15,beta,half
City-A,T4,5x,700.0,S1_CapRR,routine,M_routine,800,True,2,1293.4,815.3,0.0,0.3696,1.0,persistence_half,4,0.67,0.15,beta,half
City-A,T4,5x,700.0,S1_CapRR,cross_regime,M_stress,800,True,2,1293.4,567.3,132.7,0.5614,0.0,persistence_half,4,0.67,0.15,beta,half
City-A,T4,5x,700.0,S2_Platform,routine,M_routine,800,True,3,870.0,1015.4,0.0,0.0,1.0,persistence_half,4,0.67,0.15,beta,half
City-A,T4,5x,700.0,S2_Platform,cross_regime,M_stress,800,True,3,870.0,673.8,26.2,0.2256,0.0,persistence_half,4,0.67,0.15,beta,half
City-A,T4,5x,700.0,S3_Lin4,routine,M_routine,800,True,2,873.5,785.6,0.0,0.1006,1.0,persistence_half,4,0.67,0.15,beta,half
City-A,T4,5x,700.0,S3_Lin4,cross_regime,M_stress,800,True,2,873.5,556.4,143.6,0.363,0.0,persistence_half,4,0.67,0.15,beta,half
City-A,T4,5x,700.0,S4_GlobalCalib,routine,M_routine,800,True,2,860.7,815.3,0.0,0.0527,1.0,persistence_half,4,0.67,0.15,beta,half
City-A,T4,5x,700.0,S4_GlobalCalib,cross_regime,M_stress,800,True,2,860.7,567.3,132.7,0.3409,0.0,persistence_half,4,0.67,0.15,beta,half
City-A,T4,5x,700.0,S5_CityCalib,routine,M_routine,800,True,2,855.9,815.3,0.0,0.0474,1.0,persistence_half,4,0.67,0.15,beta,half
City-A,T4,5x,700.0,S5_CityCalib,cross_regime,M_stress,800,True,2,855.9,567.3,132.7,0.3372,0.0,persistence_half,4,0.67,0.15,beta,half
City-A,T4,5x,700.0,S6_Q10,routine,M_routine,800,True,2,803.0,815.3,0.0,0.0,1.0,persistence_half,4,0.67,0.15,beta,half
City-A,T4,5x,700.0,S6_Q10,cross_regime,M_stress,800,True,2,803.0,567.3,132.7,0.2935,0.0,persistence_half,4,0.67,0.15,beta,half
City-A,T4,10x,1400.0,S0a_RoutineOracle,routine,M_routine,800,True,4,1569.9,1569.9,0.0,0.0,1.0,persistence_half,4,0.67,0.15,beta,half
City-A,T4,10x,1400.0,S0a_RoutineOracle,cross_regime,M_stress,800,True,4,1569.9,1073.1,326.9,0.3165,0.0,persistence_half,4,0.67,0.15,beta,half
City-A,T4,10x,1400.0,S0b_StressOracle,routine,M_routine,800,True,6,1583.9,2251.4,0.0,0.0,1.0,persistence_half,4,0.67,0.15,beta,half
City-A,T4,10x,1400.0,S0b_StressOracle,cross_regime,M_stress,800,True,6,1583.9,1583.9,0.0,0.0,1.0,persistence_half,4,0.67,0.15,beta,half
City-A,T4,10x,1400.0,S1_CapRR,routine,M_routine,800,True,3,1889.7,1149.2,250.8,0.3919,0.0,persistence_half,4,0.67,0.15,beta,half
City-A,T4,10x,1400.0,S1_CapRR,cross_regime,M_stress,800,True,3,1889.7,831.0,569.0,0.5602,0.0,persistence_half,4,0.67,0.15,beta,half
City-A,T4,10x,1400.0,S2_Platform,routine,M_routine,800,True,5,1424.2,1587.2,0.0,0.0,1.0,persistence_half,4,0.67,0.15,beta,half
City-A,T4,10x,1400.0,S2_Platform,cross_regime,M_stress,800,True,5,1424.2,1053.5,346.5,0.2602,0.0,persistence_half,4,0.67,0.15,beta,half
City-A,T4,10x,1400.0,S3_Lin4,routine,M_routine,800,True,4,1613.3,1504.9,0.0,0.0672,1.0,persistence_half,4,0.67,0.15,beta,half
City-A,T4,10x,1400.0,S3_Lin4,cross_regime,M_stress,800,True,4,1613.3,1073.6,326.4,0.3345,0.0,persistence_half,4,0.67,0.15,beta,half
City-A,T4,10x,1400.0,S4_GlobalCalib,routine,M_routine,800,True,4,1645.1,1543.7,0.0,0.0617,1.0,persistence_half,4,0.67,0.15,beta,half
City-A,T4,10x,1400.0,S4_GlobalCalib,cross_regime,M_stress,800,True,4,1645.1,1094.5,305.5,0.3347,0.0,persistence_half,4,0.67,0.15,beta,half
City-A,T4,10x,1400.0,S5_CityCalib,routine,M_routine,800,True,4,1636.1,1543.7,0.0,0.0565,1.0,persistence_half,4,0.67,0.15,beta,half
City-A,T4,10x,1400.0,S5_CityCalib,cross_regime,M_stress,800,True,4,1636.1,1094.5,305.5,0.3311,0.0,persistence_half,4,0.67,0.15,beta,half
City-A,T4,10x,1400.0,S6_Q10,routine,M_routine,800,True,4,1534.8,1543.7,0.0,0.0,1.0,persistence_half,4,0.67,0.15,beta,half
City-A,T4,10x,1400.0,S6_Q10,cross_regime,M_stress,800,True,4,1534.8,1094.5,305.5,0.2869,0.0,persistence_half,4,0.67,0.15,beta,half
City-A,T5,1x,160.0,S0a_RoutineOracle,routine,M_routine,800,True,1,411.5,411.5,0.0,0.0,1.0,persistence_half,4,0.67,0.15,beta,half
City-A,T5,1x,160.0,S0a_RoutineOracle,cross_regime,M_stress,800,True,1,411.5,252.2,0.0,0.3871,1.0,persistence_half,4,0.67,0.15,beta,half
City-A,T5,1x,160.0,S0b_StressOracle,routine,M_routine,800,True,1,252.2,411.5,0.0,0.0,1.0,persistence_half,4,0.67,0.15,beta,half
City-A,T5,1x,160.0,S0b_StressOracle,cross_regime,M_stress,800,True,1,252.2,252.2,0.0,0.0,1.0,persistence_half,4,0.67,0.15,beta,half
City-A,T5,1x,160.0,S1_CapRR,routine,M_routine,800,True,1,596.8,411.5,0.0,0.3105,1.0,persistence_half,4,0.67,0.15,beta,half
City-A,T5,1x,160.0,S1_CapRR,cross_regime,M_stress,800,True,1,596.8,252.2,0.0,0.5774,1.0,persistence_half,4,0.67,0.15,beta,half
City-A,T5,1x,160.0,S2_Platform,routine,M_routine,800,True,1,485.5,411.5,0.0,0.1524,1.0,persistence_half,4,0.67,0.15,beta,half
City-A,T5,1x,160.0,S2_Platform,cross_regime,M_stress,800,True,1,485.5,252.2,0.0,0.4805,1.0,persistence_half,4,0.67,0.15,beta,half
City-A,T5,1x,160.0,S3_Lin4,routine,M_routine,800,True,1,485.8,411.5,0.0,0.1529,1.0,persistence_half,4,0.67,0.15,beta,half
City-A,T5,1x,160.0,S3_Lin4,cross_regime,M_stress,800,True,1,485.8,252.2,0.0,0.4809,1.0,persistence_half,4,0.67,0.15,beta,half
City-A,T5,1x,160.0,S4_GlobalCalib,routine,M_routine,800,True,1,397.4,411.5,0.0,0.0,1.0,persistence_half,4,0.67,0.15,beta,half
City-A,T5,1x,160.0,S4_GlobalCalib,cross_regime,M_stress,800,True,1,397.4,252.2,0.0,0.3654,1.0,persistence_half,4,0.67,0.15,beta,half
City-A,T5,1x,160.0,S5_CityCalib,routine,M_routine,800,True,1,395.1,411.5,0.0,0.0,1.0,persistence_half,4,0.67,0.15,beta,half
City-A,T5,1x,160.0,S5_CityCalib,cross_regime,M_stress,800,True,1,395.1,252.2,0.0,0.3616,1.0,persistence_half,4,0.67,0.15,beta,half
City-A,T5,1x,160.0,S6_Q10,routine,M_routine,800,True,1,370.3,411.5,0.0,0.0,1.0,persistence_half,4,0.67,0.15,beta,half
City-A,T5,1x,160.0,S6_Q10,cross_regime,M_stress,800,True,1,370.3,252.2,0.0,0.3189,1.0,persistence_half,4,0.67,0.15,beta,half
City-A,T5,2x,320.0,S0a_RoutineOracle,routine,M_routine,800,True,1,411.5,411.5,0.0,0.0,1.0,persistence_half,4,0.67,0.15,beta,half
City-A,T5,2x,320.0,S0a_RoutineOracle,cross_regime,M_stress,800,True,1,411.5,252.2,67.8,0.3871,0.0,persistence_half,4,0.67,0.15,beta,half
City-A,T5,2x,320.0,S0b_StressOracle,routine,M_routine,800,True,2,492.7,728.7,0.0,0.0,1.0,persistence_half,4,0.67,0.15,beta,half
City-A,T5,2x,320.0,S0b_StressOracle,cross_regime,M_stress,800,True,2,492.7,492.7,0.0,0.0,1.0,persistence_half,4,0.67,0.15,beta,half
City-A,T5,2x,320.0,S1_CapRR,routine,M_routine,800,True,1,596.8,411.5,0.0,0.3105,1.0,persistence_half,4,0.67,0.15,beta,half
City-A,T5,2x,320.0,S1_CapRR,cross_regime,M_stress,800,True,1,596.8,252.2,67.8,0.5774,0.0,persistence_half,4,0.67,0.15,beta,half
City-A,T5,2x,320.0,S2_Platform,routine,M_routine,800,True,1,485.5,411.5,0.0,0.1524,1.0,persistence_half,4,0.67,0.15,beta,half
City-A,T5,2x,320.0,S2_Platform,cross_regime,M_stress,800,True,1,485.5,252.2,67.8,0.4805,0.0,persistence_half,4,0.67,0.15,beta,half
City-A,T5,2x,320.0,S3_Lin4,routine,M_routine,800,True,1,485.8,411.5,0.0,0.1529,1.0,persistence_half,4,0.67,0.15,beta,half
City-A,T5,2x,320.0,S3_Lin4,cross_regime,M_stress,800,True,1,485.8,252.2,67.8,0.4809,0.0,persistence_half,4,0.67,0.15,beta,half
City-A,T5,2x,320.0,S4_GlobalCalib,routine,M_routine,800,True,1,397.4,411.5,0.0,0.0,1.0,persistence_half,4,0.67,0.15,beta,half
City-A,T5,2x,320.0,S4_GlobalCalib,cross_regime,M_stress,800,True,1,397.4,252.2,67.8,0.3654,0.0,persistence_half,4,0.67,0.15,beta,half
City-A,T5,2x,320.0,S5_CityCalib,routine,M_routine,800,True,1,395.1,411.5,0.0,0.0,1.0,persistence_half,4,0.67,0.15,beta,half
City-A,T5,2x,320.0,S5_CityCalib,cross_regime,M_stress,800,True,1,395.1,252.2,67.8,0.3616,0.0,persistence_half,4,0.67,0.15,beta,half
City-A,T5,2x,320.0,S6_Q10,routine,M_routine,800,True,1,370.3,411.5,0.0,0.0,1.0,persistence_half,4,0.67,0.15,beta,half
City-A,T5,2x,320.0,S6_Q10,cross_regime,M_stress,800,True,1,370.3,252.2,67.8,0.3189,0.0,persistence_half,4,0.67,0.15,beta,half
City-A,T5,5x,800.0,S0a_RoutineOracle,routine,M_routine,800,True,3,1094.3,1094.3,0.0,0.0,1.0,persistence_half,4,0.67,0.15,beta,half
City-A,T5,5x,800.0,S0a_RoutineOracle,cross_regime,M_stress,800,True,3,1094.3,705.5,94.5,0.3553,0.0,persistence_half,4,0.67,0.15,beta,half
City-A,T5,5x,800.0,S0b_StressOracle,routine,M_routine,800,True,4,961.4,1405.2,0.0,0.0,1.0,persistence_half,4,0.67,0.15,beta,half
City-A,T5,5x,800.0,S0b_StressOracle,cross_regime,M_stress,800,True,4,961.4,961.4,0.0,0.0,1.0,persistence_half,4,0.67,0.15,beta,half
City-A,T5,5x,800.0,S1_CapRR,routine,M_routine,800,True,2,1138.1,727.6,72.4,0.3607,0.0,persistence_half,4,0.67,0.15,beta,half
City-A,T5,5x,800.0,S1_CapRR,cross_regime,M_stress,800,True,2,1138.1,488.9,311.1,0.5704,0.0,persistence_half,4,0.67,0.15,beta,half
City-A,T5,5x,800.0,S2_Platform,routine,M_routine,800,True,2,897.6,733.9,66.1,0.1824,0.0,persistence_half,4,0.67,0.15,beta,half
City-A,T5,5x,800.0,S2_Platform,cross_regime,M_stress,800,True,2,897.6,473.5,326.5,0.4725,0.0,persistence_half,4,0.67,0.15,beta,half
City-A,T5,5x,800.0,S3_Lin4,routine,M_routine,800,True,2,861.5,728.7,71.3,0.1542,0.0,persistence_half,4,0.67,0.15,beta,half
City-A,T5,5x,800.0,S3_Lin4,cross_regime,M_stress,800,True,2,861.5,492.7,307.3,0.428,0.0,persistence_half,4,0.67,0.15,beta,half
City-A,T5,5x,800.0,S4_GlobalCalib,routine,M_routine,800,True,3,1107.3,1044.8,0.0,0.0564,1.0,persistence_half,4,0.67,0.15,beta,half
City-A,T5,5x,800.0,S4_GlobalCalib,cross_regime,M_stress,800,True,3,1107.3,729.4,70.6,0.3412,0.0,persistence_half,4,0.67,0.15,beta,half
City-A,T5,5x,800.0,S5_CityCalib,routine,M_routine,800,True,3,1101.0,1044.8,0.0,0.0511,1.0,persistence_half,4,0.67,0.15,beta,half
City-A,T5,5x,800.0,S5_CityCalib,cross_regime,M_stress,800,True,3,1101.0,729.4,70.6,0.3375,0.0,persistence_half,4,0.67,0.15,beta,half
City-A,T5,5x,800.0,S6_Q10,routine,M_routine,800,True,3,1031.8,1044.8,0.0,0.0,1.0,persistence_half,4,0.67,0.15,beta,half
City-A,T5,5x,800.0,S6_Q10,cross_regime,M_stress,800,True,3,1031.8,729.4,70.6,0.2931,0.0,persistence_half,4,0.67,0.15,beta,half
City-A,T5,10x,1600.0,S0a_RoutineOracle,routine,M_routine,800,True,5,1727.6,1727.6,0.0,0.0,1.0,persistence_half,4,0.67,0.15,beta,half
City-A,T5,10x,1600.0,S0a_RoutineOracle,cross_regime,M_stress,800,True,5,1727.6,1182.7,417.3,0.3154,0.0,persistence_half,4,0.67,0.15,beta,half
City-A,T5,10x,1600.0,S0b_StressOracle,routine,M_routine,800,True,7,1600.1,2316.1,0.0,0.0,1.0,persistence_half,4,0.67,0.15,beta,half
City-A,T5,10x,1600.0,S0b_StressOracle,cross_regime,M_stress,800,True,7,1600.1,1600.1,0.0,0.0,1.0,persistence_half,4,0.67,0.15,beta,half
City-A,T5,10x,1600.0,S1_CapRR,routine,M_routine,800,True,3,1662.9,1044.8,555.2,0.3717,0.0,persistence_half,4,0.67,0.15,beta,half
City-A,T5,10x,1600.0,S1_CapRR,cross_regime,M_stress,800,True,3,1662.9,729.4,870.6,0.5613,0.0,persistence_half,4,0.67,0.15,beta,half
City-A,T5,10x,1600.0,S2_Platform,routine,M_routine,800,True,4,1696.8,1411.5,188.5,0.1682,0.0,persistence_half,4,0.67,0.15,beta,half
City-A,T5,10x,1600.0,S2_Platform,cross_regime,M_stress,800,True,4,1696.8,946.0,654.0,0.4425,0.0,persistence_half,4,0.67,0.15,beta,half
City-A,T5,10x,1600.0,S3_Lin4,routine,M_routine,800,True,5,1925.5,1703.1,0.0,0.1155,1.0,persistence_half,4,0.67,0.15,beta,half
City-A,T5,10x,1600.0,S3_Lin4,cross_regime,M_stress,800,True,5,1925.5,1165.5,434.5,0.3947,0.0,persistence_half,4,0.67,0.15,beta,half
City-A,T5,10x,1600.0,S4_GlobalCalib,routine,M_routine,800,True,5,1779.7,1727.6,0.0,0.0293,1.0,persistence_half,4,0.67,0.15,beta,half
City-A,T5,10x,1600.0,S4_GlobalCalib,cross_regime,M_stress,800,True,5,1779.7,1182.7,417.3,0.3354,0.0,persistence_half,4,0.67,0.15,beta,half
City-A,T5,10x,1600.0,S5_CityCalib,routine,M_routine,800,True,5,1769.8,1727.6,0.0,0.0239,1.0,persistence_half,4,0.67,0.15,beta,half
City-A,T5,10x,1600.0,S5_CityCalib,cross_regime,M_stress,800,True,5,1769.8,1182.7,417.3,0.3317,0.0,persistence_half,4,0.67,0.15,beta,half
City-A,T5,10x,1600.0,S6_Q10,routine,M_routine,800,True,5,1658.5,1727.6,0.0,0.0,1.0,persistence_half,4,0.67,0.15,beta,half
City-A,T5,10x,1600.0,S6_Q10,cross_regime,M_stress,800,True,5,1658.5,1182.7,417.3,0.2868,0.0,persistence_half,4,0.67,0.15,beta,half
City-B,T1,1x,180.0,S0a_RoutineOracle,routine,M_routine,500,True,1,601.6,601.6,0.0,0.0,1.0,persistence_half,4,0.67,0.15,beta,half
City-B,T1,1x,180.0,S0a_RoutineOracle,cross_regime,M_stress,500,True,1,601.6,375.9,0.0,0.3752,1.0,persistence_half,4,0.67,0.15,beta,half
City-B,T1,1x,180.0,S0b_StressOracle,routine,M_routine,500,True,1,381.1,559.6,0.0,0.0,1.0,persistence_half,4,0.67,0.15,beta,half
City-B,T1,1x,180.0,S0b_StressOracle,cross_regime,M_stress,500,True,1,381.1,381.1,0.0,0.0,1.0,persistence_half,4,0.67,0.15,beta,half
City-B,T1,1x,180.0,S1_CapRR,routine,M_routine,500,True,1,846.0,601.6,0.0,0.2889,1.0,persistence_half,4,0.67,0.15,beta,half
City-B,T1,1x,180.0,S1_CapRR,cross_regime,M_stress,500,True,1,846.0,375.9,0.0,0.5557,1.0,persistence_half,4,0.67,0.15,beta,half
City-B,T1,1x,180.0,S2_Platform,routine,M_routine,500,True,1,561.1,560.7,0.0,0.0008,1.0,persistence_half,4,0.67,0.15,beta,half
City-B,T1,1x,180.0,S2_Platform,cross_regime,M_stress,500,True,1,561.1,318.2,0.0,0.4329,1.0,persistence_half,4,0.67,0.15,beta,half
City-B,T1,1x,180.0,S3_Lin4,routine,M_routine,500,True,1,465.1,549.2,0.0,0.0,1.0,persistence_half,4,0.67,0.15,beta,half
City-B,T1,1x,180.0,S3_Lin4,cross_regime,M_stress,500,True,1,465.1,361.5,0.0,0.2227,1.0,persistence_half,4,0.67,0.15,beta,half
City-B,T1,1x,180.0,S4_GlobalCalib,routine,M_routine,500,True,1,564.2,601.6,0.0,0.0,1.0,persistence_half,4,0.67,0.15,beta,half
City-B,T1,1x,180.0,S4_GlobalCalib,cross_regime,M_stress,500,True,1,564.2,375.9,0.0,0.3338,1.0,persistence_half,4,0.67,0.15,beta,half
City-B,T1,1x,180.0,S5_CityCalib,routine,M_routine,500,True,1,562.9,601.6,0.0,0.0,1.0,persistence_half,4,0.67,0.15,beta,half
City-B,T1,1x,180.0,S5_CityCalib,cross_regime,M_stress,500,True,1,562.9,375.9,0.0,0.3322,1.0,persistence_half,4,0.67,0.15,beta,half
City-B,T1,1x,180.0,S6_Q10,routine,M_routine,500,True,1,527.0,601.6,0.0,0.0,1.0,persistence_half,4,0.67,0.15,beta,half
City-B,T1,1x,180.0,S6_Q10,cross_regime,M_stress,500,True,1,527.0,375.9,0.0,0.2867,1.0,persistence_half,4,0.67,0.15,beta,half
City-B,T1,2x,360.0,S0a_RoutineOracle,routine,M_routine,500,True,1,601.6,601.6,0.0,0.0,1.0,persistence_half,4,0.67,0.15,beta,half
City-B,T1,2x,360.0,S0a_RoutineOracle,cross_regime,M_stress,500,True,1,601.6,375.9,0.0,0.3752,1.0,persistence_half,4,0.67,0.15,beta,half
City-B,T1,2x,360.0,S0b_StressOracle,routine,M_routine,500,True,1,381.1,559.6,0.0,0.0,1.0,persistence_half,4,0.67,0.15,beta,half
City-B,T1,2x,360.0,S0b_StressOracle,cross_regime,M_stress,500,True,1,381.1,381.1,0.0,0.0,1.0,persistence_half,4,0.67,0.15,beta,half
City-B,T1,2x,360.0,S1_CapRR,routine,M_routine,500,True,1,846.0,601.6,0.0,0.2889,1.0,persistence_half,4,0.67,0.15,beta,half
City-B,T1,2x,360.0,S1_CapRR,cross_regime,M_stress,500,True,1,846.0,375.9,0.0,0.5557,1.0,persistence_half,4,0.67,0.15,beta,half
City-B,T1,2x,360.0,S2_Platform,routine,M_routine,500,True,1,561.1,560.7,0.0,0.0008,1.0,persistence_half,4,0.67,0.15,beta,half
City-B,T1,2x,360.0,S2_Platform,cross_regime,M_stress,500,True,1,561.1,318.2,41.8,0.4329,0.0,persistence_half,4,0.67,0.15,beta,half
City-B,T1,2x,360.0,S3_Lin4,routine,M_routine,500,True,1,465.1,549.2,0.0,0.0,1.0,persistence_half,4,0.67,0.15,beta,half
City-B,T1,2x,360.0,S3_Lin4,cross_regime,M_stress,500,True,1,465.1,361.5,0.0,0.2227,1.0,persistence_half,4,0.67,0.15,beta,half
City-B,T1,2x,360.0,S4_GlobalCalib,routine,M_routine,500,True,1,564.2,601.6,0.0,0.0,1.0,persistence_half,4,0.67,0.15,beta,half
City-B,T1,2x,360.0,S4_GlobalCalib,cross_regime,M_stress,500,True,1,564.2,375.9,0.0,0.3338,1.0,persistence_half,4,0.67,0.15,beta,half
City-B,T1,2x,360.0,S5_CityCalib,routine,M_routine,500,True,1,562.9,601.6,0.0,0.0,1.0,persistence_half,4,0.67,0.15,beta,half
City-B,T1,2x,360.0,S5_CityCalib,cross_regime,M_stress,500,True,1,562.9,375.9,0.0,0.3322,1.0,persistence_half,4,0.67,0.15,beta,half
City-B,T1,2x,360.0,S6_Q10,routine,M_routine,500,True,1,527.0,601.6,0.0,0.0,1.0,persistence_half,4,0.67,0.15,beta,half
City-B,T1,2x,360.0,S6_Q10,cross_regime,M_stress,500,True,1,527.0,375.9,0.0,0.2867,1.0,persistence_half,4,0.67,0.15,beta,half
City-B,T1,5x,900.0,S0a_RoutineOracle,routine,M_routine,500,True,2,1162.3,1162.3,0.0,0.0,1.0,persistence_half,4,0.67,0.15,beta,half
City-B,T1,5x,900.0,S0a_RoutineOracle,cross_regime,M_stress,500,True,2,1162.3,694.1,205.9,0.4028,0.0,persistence_half,4,0.67,0.15,beta,half
City-B,T1,5x,900.0,S0b_StressOracle,routine,M_routine,500,True,3,1118.5,1710.4,0.0,0.0,1.0,persistence_half,4,0.67,0.15,beta,half
City-B,T1,5x,900.0,S0b_StressOracle,cross_regime,M_stress,500,True,3,1118.5,1118.5,0.0,0.0,1.0,persistence_half,4,0.67,0.15,beta,half
City-B,T1,5x,900.0,S1_CapRR,routine,M_routine,500,True,2,1688.0,1161.2,0.0,0.3121,1.0,persistence_half,4,0.67,0.15,beta,half
City-B,T1,5x,900.0,S1_CapRR,cross_regime,M_stress,500,True,2,1688.0,757.0,143.0,0.5516,0.0,persistence_half,4,0.67,0.15,beta,half
City-B,T1,5x,900.0,S2_Platform,routine,M_routine,500,True,2,1112.3,1109.9,0.0,0.0022,1.0,persistence_half,4,0.67,0.15,beta,half
City-B,T1,5x,900.0,S2_Platform,cross_regime,M_stress,500,True,2,1112.3,679.8,220.2,0.3889,0.0,persistence_half,4,0.67,0.15,beta,half
City-B,T1,5x,900.0,S3_Lin4,routine,M_routine,500,True,2,924.0,1109.9,0.0,0.0,1.0,persistence_half,4,0.67,0.15,beta,half
City-B,T1,5x,900.0,S3_Lin4,cross_regime,M_stress,500,True,2,924.0,679.8,220.2,0.2643,0.0,persistence_half,4,0.67,0.15,beta,half
City-B,T1,5x,900.0,S4_GlobalCalib,routine,M_routine,500,True,2,1125.8,1161.2,0.0,0.0,1.0,persistence_half,4,0.67,0.15,beta,half
City-B,T1,5x,900.0,S4_GlobalCalib,cross_regime,M_stress,500,True,2,1125.8,757.0,143.0,0.3276,0.0,persistence_half,4,0.67,0.15,beta,half
City-B,T1,5x,900.0,S5_CityCalib,routine,M_routine,500,True,2,1123.2,1161.2,0.0,0.0,1.0,persistence_half,4,0.67,0.15,beta,half
City-B,T1,5x,900.0,S5_CityCalib,cross_regime,M_stress,500,True,2,1123.2,757.0,143.0,0.326,0.0,persistence_half,4,0.67,0.15,beta,half
City-B,T1,5x,900.0,S6_Q10,routine,M_routine,500,True,2,1051.5,1161.2,0.0,0.0,1.0,persistence_half,4,0.67,0.15,beta,half
City-B,T1,5x,900.0,S6_Q10,cross_regime,M_stress,500,True,2,1051.5,757.0,143.0,0.2801,0.0,persistence_half,4,0.67,0.15,beta,half
City-B,T1,10x,1800.0,S0a_RoutineOracle,routine,M_routine,500,True,4,2271.1,2271.1,0.0,0.0,1.0,persistence_half,4,0.67,0.15,beta,half
City-B,T1,10x,1800.0,S0a_RoutineOracle,cross_regime,M_stress,500,True,4,2271.1,1436.7,363.3,0.3674,0.0,persistence_half,4,0.67,0.15,beta,half
City-B,T1,10x,1800.0,S0b_StressOracle,routine,M_routine,500,True,6,2032.4,3183.2,0.0,0.0,1.0,persistence_half,4,0.67,0.15,beta,half
City-B,T1,10x,1800.0,S0b_StressOracle,cross_regime,M_stress,500,True,6,2032.4,2032.4,0.0,0.0,1.0,persistence_half,4,0.67,0.15,beta,half
City-B,T1,10x,1800.0,S1_CapRR,routine,M_routine,500,True,3,2504.5,1710.4,89.6,0.3171,0.0,persistence_half,4,0.67,0.15,beta,half
City-B,T1,10x,1800.0,S1_CapRR,cross_regime,M_stress,500,True,3,2504.5,1118.5,681.5,0.5534,0.0,persistence_half,4,0.67,0.15,beta,half
City-B,T1,10x,1800.0,S2_Platform,routine,M_routine,500,True,4,2163.2,2271.1,0.0,0.0,1.0,persistence_half,4,0.67,0.15,beta,half
City-B,T1,10x,1800.0,S2_Platform,cross_regime,M_stress,500,True,4,2163.2,1436.7,363.3,0.3358,0.0,persistence_half,4,0.67,0.15,beta,half
City-B,T1,10x,1800.0,S3_Lin4,routine,M_routine,500,True,4,1832.7,2271.1,0.0,0.0,1.0,persistence_half,4,0.67,0.15,beta,half
City-B,T1,10x,1800.0,S3_Lin4,cross_regime,M_stress,500,True,4,1832.7,1436.7,363.3,0.216,0.0,persistence_half,4,0.67,0.15,beta,half
City-B,T1,10x,1800.0,S4_GlobalCalib,routine,M_routine,500,True,4,2203.1,2271.1,0.0,0.0,1.0,persistence_half,4,0.67,0.15,beta,half
City-B,T1,10x,1800.0,S4_GlobalCalib,cross_regime,M_stress,500,True,4,2203.1,1436.7,363.3,0.3478,0.0,persistence_half,4,0.67,0.15,beta,half
City-B,T1,10x,1800.0,S5_CityCalib,routine,M_routine,500,True,4,2198.0,2271.1,0.0,0.0,1.0,persistence_half,4,0.67,0.15,beta,half
City-B,T1,10x,1800.0,S5_CityCalib,cross_regime,M_stress,500,True,4,2198.0,1436.7,363.3,0.3463,0.0,persistence_half,4,0.67,0.15,beta,half
City-B,T1,10x,1800.0,S6_Q10,routine,M_routine,500,True,4,2057.6,2271.1,0.0,0.0,1.0,persistence_half,4,0.67,0.15,beta,half
City-B,T1,10x,1800.0,S6_Q10,cross_regime,M_stress,500,True,4,2057.6,1436.7,363.3,0.3018,0.0,persistence_half,4,0.67,0.15,beta,half
City-B,T2,1x,260.0,S0a_RoutineOracle,routine,M_routine,501,True,1,582.2,582.2,0.0,0.0,1.0,persistence_half,4,0.67,0.15,beta,half
City-B,T2,1x,260.0,S0a_RoutineOracle,cross_regime,M_stress,501,True,1,582.2,373.3,0.0,0.3588,1.0,persistence_half,4,0.67,0.15,beta,half
City-B,T2,1x,260.0,S0b_StressOracle,routine,M_routine,501,True,1,380.8,571.7,0.0,0.0,1.0,persistence_half,4,0.67,0.15,beta,half
City-B,T2,1x,260.0,S0b_StressOracle,cross_regime,M_stress,501,True,1,380.8,380.8,0.0,0.0,1.0,persistence_half,4,0.67,0.15,beta,half
City-B,T2,1x,260.0,S1_CapRR,routine,M_routine,501,True,1,846.0,582.2,0.0,0.3119,1.0,persistence_half,4,0.67,0.15,beta,half
City-B,T2,1x,260.0,S1_CapRR,cross_regime,M_stress,501,True,1,846.0,373.3,0.0,0.5588,1.0,persistence_half,4,0.67,0.15,beta,half
City-B,T2,1x,260.0,S2_Platform,routine,M_routine,501,True,1,557.0,545.8,0.0,0.0202,1.0,persistence_half,4,0.67,0.15,beta,half
City-B,T2,1x,260.0,S2_Platform,cross_regime,M_stress,501,True,1,557.0,335.2,0.0,0.3982,1.0,persistence_half,4,0.67,0.15,beta,half
City-B,T2,1x,260.0,S3_Lin4,routine,M_routine,501,True,1,465.7,571.7,0.0,0.0,1.0,persistence_half,4,0.67,0.15,beta,half
City-B,T2,1x,260.0,S3_Lin4,cross_regime,M_stress,501,True,1,465.7,380.8,0.0,0.1823,1.0,persistence_half,4,0.67,0.15,beta,half
City-B,T2,1x,260.0,S4_GlobalCalib,routine,M_routine,501,True,1,564.8,582.2,0.0,0.0,1.0,persistence_half,4,0.67,0.15,beta,half
City-B,T2,1x,260.0,S4_GlobalCalib,cross_regime,M_stress,501,True,1,564.8,373.3,0.0,0.3392,1.0,persistence_half,4,0.67,0.15,beta,half
City-B,T2,1x,260.0,S5_CityCalib,routine,M_routine,501,True,1,564.4,582.2,0.0,0.0,1.0,persistence_half,4,0.67,0.15,beta,half
City-B,T2,1x,260.0,S5_CityCalib,cross_regime,M_stress,501,True,1,564.4,373.3,0.0,0.3387,1.0,persistence_half,4,0.67,0.15,beta,half
City-B,T2,1x,260.0,S6_Q10,routine,M_routine,501,True,1,526.0,582.2,0.0,0.0,1.0,persistence_half,4,0.67,0.15,beta,half
City-B,T2,1x,260.0,S6_Q10,cross_regime,M_stress,501,True,1,526.0,373.3,0.0,0.2904,1.0,persistence_half,4,0.67,0.15,beta,half
City-B,T2,2x,520.0,S0a_RoutineOracle,routine,M_routine,501,True,1,582.2,582.2,0.0,0.0,1.0,persistence_half,4,0.67,0.15,beta,half
City-B,T2,2x,520.0,S0a_RoutineOracle,cross_regime,M_stress,501,True,1,582.2,373.3,146.7,0.3588,0.0,persistence_half,4,0.67,0.15,beta,half
City-B,T2,2x,520.0,S0b_StressOracle,routine,M_routine,501,True,2,754.0,1153.9,0.0,0.0,1.0,persistence_half,4,0.67,0.15,beta,half
City-B,T2,2x,520.0,S0b_StressOracle,cross_regime,M_stress,501,True,2,754.0,754.0,0.0,0.0,1.0,persistence_half,4,0.67,0.15,beta,half
City-B,T2,2x,520.0,S1_CapRR,routine,M_routine,501,True,1,846.0,582.2,0.0,0.3119,1.0,persistence_half,4,0.67,0.15,beta,half
City-B,T2,2x,520.0,S1_CapRR,cross_regime,M_stress,501,True,1,846.0,373.3,146.7,0.5588,0.0,persistence_half,4,0.67,0.15,beta,half
City-B,T2,2x,520.0,S2_Platform,routine,M_routine,501,True,1,557.0,545.8,0.0,0.0202,1.0,persistence_half,4,0.67,0.15,beta,half
City-B,T2,2x,520.0,S2_Platform,cross_regime,M_stress,501,True,1,557.0,335.2,184.8,0.3982,0.0,persistence_half,4,0.67,0.15,beta,half
City-B,T2,2x,520.0,S3_Lin4,routine,M_routine,501,True,2,925.1,1117.5,0.0,0.0,1.0,persistence_half,4,0.67,0.15,beta,half
City-B,T2,2x,520.0,S3_Lin4,cross_regime,M_stress,501,True,2,925.1,716.0,0.0,0.2261,1.0,persistence_half,4,0.67,0.15,beta,half
City-B,T2,2x,520.0,S4_GlobalCalib,routine,M_routine,501,True,1,564.8,582.2,0.0,0.0,1.0,persistence_half,4,0.67,0.15,beta,half
City-B,T2,2x,520.0,S4_GlobalCalib,cross_regime,M_stress,501,True,1,564.8,373.3,146.7,0.3392,0.0,persistence_half,4,0.67,0.15,beta,half
City-B,T2,2x,520.0,S5_CityCalib,routine,M_routine,501,True,1,564.4,582.2,0.0,0.0,1.0,persistence_half,4,0.67,0.15,beta,half
City-B,T2,2x,520.0,S5_CityCalib,cross_regime,M_stress,501,True,1,564.4,373.3,146.7,0.3387,0.0,persistence_half,4,0.67,0.15,beta,half
City-B,T2,2x,520.0,S6_Q10,routine,M_routine,501,True,1,526.0,582.2,0.0,0.0,1.0,persistence_half,4,0.67,0.15,beta,half
City-B,T2,2x,520.0,S6_Q10,cross_regime,M_stress,501,True,1,526.0,373.3,146.7,0.2904,0.0,persistence_half,4,0.67,0.15,beta,half
City-B,T2,5x,1300.0,S0a_RoutineOracle,routine,M_routine,501,True,3,1699.7,1699.7,0.0,0.0,1.0,persistence_half,4,0.67,0.15,beta,half
City-B,T2,5x,1300.0,S0a_RoutineOracle,cross_regime,M_stress,501,True,3,1699.7,1089.2,210.8,0.3592,0.0,persistence_half,4,0.67,0.15,beta,half
City-B,T2,5x,1300.0,S0b_StressOracle,routine,M_routine,501,True,4,1448.2,2193.7,0.0,0.0,1.0,persistence_half,4,0.67,0.15,beta,half
City-B,T2,5x,1300.0,S0b_StressOracle,cross_regime,M_stress,501,True,4,1448.2,1448.2,0.0,0.0,1.0,persistence_half,4,0.67,0.15,beta,half
City-B,T2,5x,1300.0,S1_CapRR,routine,M_routine,501,True,2,1688.0,1076.2,223.8,0.3624,0.0,persistence_half,4,0.67,0.15,beta,half
City-B,T2,5x,1300.0,S1_CapRR,cross_regime,M_stress,501,True,2,1688.0,732.3,567.7,0.5662,0.0,persistence_half,4,0.67,0.15,beta,half
City-B,T2,5x,1300.0,S2_Platform,routine,M_routine,501,True,3,1630.3,1611.6,0.0,0.0115,1.0,persistence_half,4,0.67,0.15,beta,half
City-B,T2,5x,1300.0,S2_Platform,cross_regime,M_stress,501,True,3,1630.3,1075.0,225.0,0.3406,0.0,persistence_half,4,0.67,0.15,beta,half
City-B,T2,5x,1300.0,S3_Lin4,routine,M_routine,501,True,3,1380.9,1699.7,0.0,0.0,1.0,persistence_half,4,0.67,0.15,beta,half
City-B,T2,5x,1300.0,S3_Lin4,cross_regime,M_stress,501,True,3,1380.9,1089.2,210.8,0.2112,0.0,persistence_half,4,0.67,0.15,beta,half
City-B,T2,5x,1300.0,S4_GlobalCalib,routine,M_routine,501,True,3,1672.1,1647.9,0.0,0.0144,1.0,persistence_half,4,0.67,0.15,beta,half
City-B,T2,5x,1300.0,S4_GlobalCalib,cross_regime,M_stress,501,True,3,1672.1,1113.0,187.0,0.3343,0.0,persistence_half,4,0.67,0.15,beta,half
City-B,T2,5x,1300.0,S5_CityCalib,routine,M_routine,501,True,3,1670.8,1647.9,0.0,0.0137,1.0,persistence_half,4,0.67,0.15,beta,half
City-B,T2,5x,1300.0,S5_CityCalib,cross_regime,M_stress,501,True,3,1670.8,1113.0,187.0,0.3338,0.0,persistence_half,4,0.67,0.15,beta,half
City-B,T2,5x,1300.0,S6_Q10,routine,M_routine,501,True,3,1557.2,1647.9,0.0,0.0,1.0,persistence_half,4,0.67,0.15,beta,half
City-B,T2,5x,1300.0,S6_Q10,cross_regime,M_stress,501,True,3,1557.2,1113.0,187.0,0.2853,0.0,persistence_half,4,0.67,0.15,beta,half
City-B,T2,10x,2600.0,S0a_RoutineOracle,routine,M_routine,501,True,5,2662.2,2662.2,0.0,0.0,1.0,persistence_half,4,0.67,0.15,beta,half
City-B,T2,10x,2600.0,S0a_RoutineOracle,cross_regime,M_stress,501,True,5,2662.2,1751.3,848.7,0.3422,0.0,persistence_half,4,0.67,0.15,beta,half
City-B,T2,10x,2600.0,S0b_StressOracle,routine,M_routine,501,True,9,2803.2,4156.1,0.0,0.0,1.0,persistence_half,4,0.67,0.15,beta,half
City-B,T2,10x,2600.0,S0b_StressOracle,cross_regime,M_stress,501,True,9,2803.2,2803.2,0.0,0.0,1.0,persistence_half,4,0.67,0.15,beta,half
City-B,T2,10x,2600.0,S1_CapRR,routine,M_routine,501,True,4,3303.2,2193.7,406.3,0.3359,0.0,persistence_half,4,0.67,0.15,beta,half
City-B,T2,10x,2600.0,S1_CapRR,cross_regime,M_stress,501,True,4,3303.2,1448.2,1151.8,0.5616,0.0,persistence_half,4,0.67,0.15,beta,half
City-B,T2,10x,2600.0,S2_Platform,routine,M_routine,501,True,6,2974.4,3022.3,0.0,0.0,1.0,persistence_half,4,0.67,0.15,beta,half
City-B,T2,10x,2600.0,S2_Platform,cross_regime,M_stress,501,True,6,2974.4,2023.3,576.7,0.3197,0.0,persistence_half,4,0.67,0.15,beta,half
City-B,T2,10x,2600.0,S3_Lin4,routine,M_routine,501,True,6,2605.0,3022.3,0.0,0.0,1.0,persistence_half,4,0.67,0.15,beta,half
City-B,T2,10x,2600.0,S3_Lin4,cross_regime,M_stress,501,True,6,2605.0,2023.3,576.7,0.2233,0.0,persistence_half,4,0.67,0.15,beta,half
City-B,T2,10x,2600.0,S4_GlobalCalib,routine,M_routine,501,True,5,2671.9,2662.2,0.0,0.0036,1.0,persistence_half,4,0.67,0.15,beta,half
City-B,T2,10x,2600.0,S4_GlobalCalib,cross_regime,M_stress,501,True,5,2671.9,1751.3,848.7,0.3445,0.0,persistence_half,4,0.67,0.15,beta,half
City-B,T2,10x,2600.0,S5_CityCalib,routine,M_routine,501,True,5,2669.9,2662.2,0.0,0.0029,1.0,persistence_half,4,0.67,0.15,beta,half
City-B,T2,10x,2600.0,S5_CityCalib,cross_regime,M_stress,501,True,5,2669.9,1751.3,848.7,0.344,0.0,persistence_half,4,0.67,0.15,beta,half
City-B,T2,10x,2600.0,S6_Q10,routine,M_routine,501,True,6,2888.6,3062.1,0.0,0.0,1.0,persistence_half,4,0.67,0.15,beta,half
City-B,T2,10x,2600.0,S6_Q10,cross_regime,M_stress,501,True,6,2888.6,2041.5,558.5,0.2933,0.0,persistence_half,4,0.67,0.15,beta,half
City-B,T3,1x,200.0,S0a_RoutineOracle,routine,M_routine,500,True,1,509.2,509.2,0.0,0.0,1.0,persistence_half,4,0.67,0.15,beta,half
City-B,T3,1x,200.0,S0a_RoutineOracle,cross_regime,M_stress,500,True,1,509.2,348.9,0.0,0.3147,1.0,persistence_half,4,0.67,0.15,beta,half
City-B,T3,1x,200.0,S0b_StressOracle,routine,M_routine,500,True,1,348.9,509.2,0.0,0.0,1.0,persistence_half,4,0.67,0.15,beta,half
City-B,T3,1x,200.0,S0b_StressOracle,cross_regime,M_stress,500,True,1,348.9,348.9,0.0,0.0,1.0,persistence_half,4,0.67,0.15,beta,half
City-B,T3,1x,200.0,S1_CapRR,routine,M_routine,500,True,1,744.5,509.2,0.0,0.316,1.0,persistence_half,4,0.67,0.15,beta,half
City-B,T3,1x,200.0,S1_CapRR,cross_regime,M_stress,500,True,1,744.5,348.9,0.0,0.5313,1.0,persistence_half,4,0.67,0.15,beta,half
City-B,T3,1x,200.0,S2_Platform,routine,M_routine,500,True,1,543.2,465.3,0.0,0.1432,1.0,persistence_half,4,0.67,0.15,beta,half
City-B,T3,1x,200.0,S2_Platform,cross_regime,M_stress,500,True,1,543.2,317.7,0.0,0.415,1.0,persistence_half,4,0.67,0.15,beta,half
City-B,T3,1x,200.0,S3_Lin4,routine,M_routine,500,True,1,456.7,472.3,0.0,0.0,1.0,persistence_half,4,0.67,0.15,beta,half
City-B,T3,1x,200.0,S3_Lin4,cross_regime,M_stress,500,True,1,456.7,335.9,0.0,0.2644,1.0,persistence_half,4,0.67,0.15,beta,half
City-B,T3,1x,200.0,S4_GlobalCalib,routine,M_routine,500,True,1,496.2,509.2,0.0,0.0,1.0,persistence_half,4,0.67,0.15,beta,half
City-B,T3,1x,200.0,S4_GlobalCalib,cross_regime,M_stress,500,True,1,496.2,348.9,0.0,0.2968,1.0,persistence_half,4,0.67,0.15,beta,half
City-B,T3,1x,200.0,S5_CityCalib,routine,M_routine,500,True,1,495.5,509.2,0.0,0.0,1.0,persistence_half,4,0.67,0.15,beta,half
City-B,T3,1x,200.0,S5_CityCalib,cross_regime,M_stress,500,True,1,495.5,348.9,0.0,0.2958,1.0,persistence_half,4,0.67,0.15,beta,half
City-B,T3,1x,200.0,S6_Q10,routine,M_routine,500,True,1,462.0,509.2,0.0,0.0,1.0,persistence_half,4,0.67,0.15,beta,half
City-B,T3,1x,200.0,S6_Q10,cross_regime,M_stress,500,True,1,462.0,348.9,0.0,0.2446,1.0,persistence_half,4,0.67,0.15,beta,half
City-B,T3,2x,400.0,S0a_RoutineOracle,routine,M_routine,500,True,1,509.2,509.2,0.0,0.0,1.0,persistence_half,4,0.67,0.15,beta,half
City-B,T3,2x,400.0,S0a_RoutineOracle,cross_regime,M_stress,500,True,1,509.2,348.9,51.1,0.3147,0.0,persistence_half,4,0.67,0.15,beta,half
City-B,T3,2x,400.0,S0b_StressOracle,routine,M_routine,500,True,2,684.9,981.5,0.0,0.0,1.0,persistence_half,4,0.67,0.15,beta,half
City-B,T3,2x,400.0,S0b_StressOracle,cross_regime,M_stress,500,True,2,684.9,684.9,0.0,0.0,1.0,persistence_half,4,0.67,0.15,beta,half
City-B,T3,2x,400.0,S1_CapRR,routine,M_routine,500,True,1,744.5,509.2,0.0,0.316,1.0,persistence_half,4,0.67,0.15,beta,half
City-B,T3,2x,400.0,S1_CapRR,cross_regime,M_stress,500,True,1,744.5,348.9,51.1,0.5313,0.0,persistence_half,4,0.67,0.15,beta,half
City-B,T3,2x,400.0,S2_Platform,routine,M_routine,500,True,1,543.2,465.3,0.0,0.1432,1.0,persistence_half,4,0.67,0.15,beta,half
City-B,T3,2x,400.0,S2_Platform,cross_regime,M_stress,500,True,1,543.2,317.7,82.3,0.415,0.0,persistence_half,4,0.67,0.15,beta,half
City-B,T3,2x,400.0,S3_Lin4,routine,M_routine,500,True,1,456.7,472.3,0.0,0.0,1.0,persistence_half,4,0.67,0.15,beta,half
City-B,T3,2x,400.0,S3_Lin4,cross_regime,M_stress,500,True,1,456.7,335.9,64.1,0.2644,0.0,persistence_half,4,0.67,0.15,beta,half
City-B,T3,2x,400.0,S4_GlobalCalib,routine,M_routine,500,True,1,496.2,509.2,0.0,0.0,1.0,persistence_half,4,0.67,0.15,beta,half
City-B,T3,2x,400.0,S4_GlobalCalib,cross_regime,M_stress,500,True,1,496.2,348.9,51.1,0.2968,0.0,persistence_half,4,0.67,0.15,beta,half
City-B,T3,2x,400.0,S5_CityCalib,routine,M_routine,500,True,1,495.5,509.2,0.0,0.0,1.0,persistence_half,4,0.67,0.15,beta,half
City-B,T3,2x,400.0,S5_CityCalib,cross_regime,M_stress,500,True,1,495.5,348.9,51.1,0.2958,0.0,persistence_half,4,0.67,0.15,beta,half
City-B,T3,2x,400.0,S6_Q10,routine,M_routine,500,True,1,462.0,509.2,0.0,0.0,1.0,persistence_half,4,0.67,0.15,beta,half
City-B,T3,2x,400.0,S6_Q10,cross_regime,M_stress,500,True,1,462.0,348.9,51.1,0.2446,0.0,persistence_half,4,0.67,0.15,beta,half
City-B,T3,5x,1000.0,S0a_RoutineOracle,routine,M_routine,500,True,3,1455.7,1455.7,0.0,0.0,1.0,persistence_half,4,0.67,0.15,beta,half
City-B,T3,5x,1000.0,S0a_RoutineOracle,cross_regime,M_stress,500,True,3,1455.7,961.9,38.1,0.3392,0.0,persistence_half,4,0.67,0.15,beta,half
City-B,T3,5x,1000.0,S0b_StressOracle,routine,M_routine,500,True,3,1002.6,1446.9,0.0,0.0,1.0,persistence_half,4,0.67,0.15,beta,half
City-B,T3,5x,1000.0,S0b_StressOracle,cross_regime,M_stress,500,True,3,1002.6,1002.6,0.0,0.0,1.0,persistence_half,4,0.67,0.15,beta,half
City-B,T3,5x,1000.0,S1_CapRR,routine,M_routine,500,True,2,1485.4,974.6,25.4,0.3439,0.0,persistence_half,4,0.67,0.15,beta,half
City-B,T3,5x,1000.0,S1_CapRR,cross_regime,M_stress,500,True,2,1485.4,666.7,333.3,0.5512,0.0,persistence_half,4,0.67,0.15,beta,half
City-B,T3,5x,1000.0,S2_Platform,routine,M_routine,500,True,2,1048.0,937.7,62.3,0.1053,0.0,persistence_half,4,0.67,0.15,beta,half
City-B,T3,5x,1000.0,S2_Platform,cross_regime,M_stress,500,True,2,1048.0,653.6,346.4,0.3763,0.0,persistence_half,4,0.67,0.15,beta,half
City-B,T3,5x,1000.0,S3_Lin4,routine,M_routine,500,True,3,1350.9,1455.7,0.0,0.0,1.0,persistence_half,4,0.67,0.15,beta,half
City-B,T3,5x,1000.0,S3_Lin4,cross_regime,M_stress,500,True,3,1350.9,961.9,38.1,0.2879,0.0,persistence_half,4,0.67,0.15,beta,half
City-B,T3,5x,1000.0,S4_GlobalCalib,routine,M_routine,500,True,3,1468.9,1446.9,0.0,0.015,1.0,persistence_half,4,0.67,0.15,beta,half
City-B,T3,5x,1000.0,S4_GlobalCalib,cross_regime,M_stress,500,True,3,1468.9,1002.6,0.0,0.3175,1.0,persistence_half,4,0.67,0.15,beta,half
City-B,T3,5x,1000.0,S5_CityCalib,routine,M_routine,500,True,3,1466.8,1446.9,0.0,0.0136,1.0,persistence_half,4,0.67,0.15,beta,half
City-B,T3,5x,1000.0,S5_CityCalib,cross_regime,M_stress,500,True,3,1466.8,1002.6,0.0,0.3165,1.0,persistence_half,4,0.67,0.15,beta,half
City-B,T3,5x,1000.0,S6_Q10,routine,M_routine,500,True,3,1367.5,1446.9,0.0,0.0,1.0,persistence_half,4,0.67,0.15,beta,half
City-B,T3,5x,1000.0,S6_Q10,cross_regime,M_stress,500,True,3,1367.5,1002.6,0.0,0.2669,1.0,persistence_half,4,0.67,0.15,beta,half
City-B,T3,10x,2000.0,S0a_RoutineOracle,routine,M_routine,500,True,5,2338.3,2338.3,0.0,0.0,1.0,persistence_half,4,0.67,0.15,beta,half
City-B,T3,10x,2000.0,S0a_RoutineOracle,cross_regime,M_stress,500,True,5,2338.3,1544.7,455.3,0.3394,0.0,persistence_half,4,0.67,0.15,beta,half
City-B,T3,10x,2000.0,S0b_StressOracle,routine,M_routine,500,True,7,2040.5,3010.8,0.0,0.0,1.0,persistence_half,4,0.67,0.15,beta,half
City-B,T3,10x,2000.0,S0b_StressOracle,cross_regime,M_stress,500,True,7,2040.5,2040.5,0.0,0.0,1.0,persistence_half,4,0.67,0.15,beta,half
City-B,T3,10x,2000.0,S1_CapRR,routine,M_routine,500,True,3,2203.9,1446.9,553.1,0.3435,0.0,persistence_half,4,0.67,0.15,beta,half
City-B,T3,10x,2000.0,S1_CapRR,cross_regime,M_stress,500,True,3,2203.9,1002.6,997.4,0.5451,0.0,persistence_half,4,0.67,0.15,beta,half
City-B,T3,10x,2000.0,S2_Platform,routine,M_routine,500,True,5,2307.7,2155.9,0.0,0.0658,1.0,persistence_half,4,0.67,0.15,beta,half
City-B,T3,10x,2000.0,S2_Platform,cross_regime,M_stress,500,True,5,2307.7,1420.8,579.2,0.3843,0.0,persistence_half,4,0.67,0.15,beta,half
City-B,T3,10x,2000.0,S3_Lin4,routine,M_routine,500,True,5,2168.7,2244.7,0.0,0.0,1.0,persistence_half,4,0.67,0.15,beta,half
City-B,T3,10x,2000.0,S3_Lin4,cross_regime,M_stress,500,True,5,2168.7,1522.0,478.0,0.2982,0.0,persistence_half,4,0.67,0.15,beta,half
City-B,T3,10x,2000.0,S4_GlobalCalib,routine,M_routine,500,True,5,2347.3,2338.3,0.0,0.0038,1.0,persistence_half,4,0.67,0.15,beta,half
City-B,T3,10x,2000.0,S4_GlobalCalib,cross_regime,M_stress,500,True,5,2347.3,1544.7,455.3,0.3419,0.0,persistence_half,4,0.67,0.15,beta,half
City-B,T3,10x,2000.0,S5_CityCalib,routine,M_routine,500,True,5,2343.9,2338.3,0.0,0.0024,1.0,persistence_half,4,0.67,0.15,beta,half
City-B,T3,10x,2000.0,S5_CityCalib,cross_regime,M_stress,500,True,5,2343.9,1544.7,455.3,0.341,0.0,persistence_half,4,0.67,0.15,beta,half
City-B,T3,10x,2000.0,S6_Q10,routine,M_routine,500,True,5,2185.3,2338.3,0.0,0.0,1.0,persistence_half,4,0.67,0.15,beta,half
City-B,T3,10x,2000.0,S6_Q10,cross_regime,M_stress,500,True,5,2185.3,1544.7,455.3,0.2932,0.0,persistence_half,4,0.67,0.15,beta,half
City-B,T4,1x,140.0,S0a_RoutineOracle,routine,M_routine,500,True,1,604.2,604.2,0.0,0.0,1.0,persistence_half,4,0.67,0.15,beta,half
City-B,T4,1x,140.0,S0a_RoutineOracle,cross_regime,M_stress,500,True,1,604.2,380.1,0.0,0.371,1.0,persistence_half,4,0.67,0.15,beta,half
City-B,T4,1x,140.0,S0b_StressOracle,routine,M_routine,500,True,1,402.3,527.0,0.0,0.0,1.0,persistence_half,4,0.67,0.15,beta,half
City-B,T4,1x,140.0,S0b_StressOracle,cross_regime,M_stress,500,True,1,402.3,402.3,0.0,0.0,1.0,persistence_half,4,0.67,0.15,beta,half
City-B,T4,1x,140.0,S1_CapRR,routine,M_routine,500,True,1,846.0,604.2,0.0,0.2858,1.0,persistence_half,4,0.67,0.15,beta,half
City-B,T4,1x,140.0,S1_CapRR,cross_regime,M_stress,500,True,1,846.0,380.1,0.0,0.5507,1.0,persistence_half,4,0.67,0.15,beta,half
City-B,T4,1x,140.0,S2_Platform,routine,M_routine,500,True,1,480.1,604.2,0.0,0.0,1.0,persistence_half,4,0.67,0.15,beta,half
City-B,T4,1x,140.0,S2_Platform,cross_regime,M_stress,500,True,1,480.1,380.1,0.0,0.2083,1.0,persistence_half,4,0.67,0.15,beta,half
City-B,T4,1x,140.0,S3_Lin4,routine,M_routine,500,True,1,467.1,527.0,0.0,0.0,1.0,persistence_half,4,0.67,0.15,beta,half
City-B,T4,1x,140.0,S3_Lin4,cross_regime,M_stress,500,True,1,467.1,402.3,0.0,0.1387,1.0,persistence_half,4,0.67,0.15,beta,half
City-B,T4,1x,140.0,S4_GlobalCalib,routine,M_routine,500,True,1,563.0,604.2,0.0,0.0,1.0,persistence_half,4,0.67,0.15,beta,half
City-B,T4,1x,140.0,S4_GlobalCalib,cross_regime,M_stress,500,True,1,563.0,380.1,0.0,0.3249,1.0,persistence_half,4,0.67,0.15,beta,half
City-B,T4,1x,140.0,S5_CityCalib,routine,M_routine,500,True,1,562.3,604.2,0.0,0.0,1.0,persistence_half,4,0.67,0.15,beta,half
City-B,T4,1x,140.0,S5_CityCalib,cross_regime,M_stress,500,True,1,562.3,380.1,0.0,0.324,1.0,persistence_half,4,0.67,0.15,beta,half
City-B,T4,1x,140.0,S6_Q10,routine,M_routine,500,True,1,525.3,604.2,0.0,0.0,1.0,persistence_half,4,0.67,0.15,beta,half
City-B,T4,1x,140.0,S6_Q10,cross_regime,M_stress,500,True,1,525.3,380.1,0.0,0.2764,1.0,persistence_half,4,0.67,0.15,beta,half
City-B,T4,2x,280.0,S0a_RoutineOracle,routine,M_routine,500,True,1,604.2,604.2,0.0,0.0,1.0,persistence_half,4,0.67,0.15,beta,half
City-B,T4,2x,280.0,S0a_RoutineOracle,cross_regime,M_stress,500,True,1,604.2,380.1,0.0,0.371,1.0,persistence_half,4,0.67,0.15,beta,half
City-B,T4,2x,280.0,S0b_StressOracle,routine,M_routine,500,True,1,402.3,527.0,0.0,0.0,1.0,persistence_half,4,0.67,0.15,beta,half
City-B,T4,2x,280.0,S0b_StressOracle,cross_regime,M_stress,500,True,1,402.3,402.3,0.0,0.0,1.0,persistence_half,4,0.67,0.15,beta,half
City-B,T4,2x,280.0,S1_CapRR,routine,M_routine,500,True,1,846.0,604.2,0.0,0.2858,1.0,persistence_half,4,0.67,0.15,beta,half
City-B,T4,2x,280.0,S1_CapRR,cross_regime,M_stress,500,True,1,846.0,380.1,0.0,0.5507,1.0,persistence_half,4,0.67,0.15,beta,half
City-B,T4,2x,280.0,S2_Platform,routine,M_routine,500,True,1,480.1,604.2,0.0,0.0,1.0,persistence_half,4,0.67,0.15,beta,half
City-B,T4,2x,280.0,S2_Platform,cross_regime,M_stress,500,True,1,480.1,380.1,0.0,0.2083,1.0,persistence_half,4,0.67,0.15,beta,half
City-B,T4,2x,280.0,S3_Lin4,routine,M_routine,500,True,1,467.1,527.0,0.0,0.0,1.0,persistence_half,4,0.67,0.15,beta,half
City-B,T4,2x,280.0,S3_Lin4,cross_regime,M_stress,500,True,1,467.1,402.3,0.0,0.1387,1.0,persistence_half,4,0.67,0.15,beta,half
City-B,T4,2x,280.0,S4_GlobalCalib,routine,M_routine,500,True,1,563.0,604.2,0.0,0.0,1.0,persistence_half,4,0.67,0.15,beta,half
City-B,T4,2x,280.0,S4_GlobalCalib,cross_regime,M_stress,500,True,1,563.0,380.1,0.0,0.3249,1.0,persistence_half,4,0.67,0.15,beta,half
City-B,T4,2x,280.0,S5_CityCalib,routine,M_routine,500,True,1,562.3,604.2,0.0,0.0,1.0,persistence_half,4,0.67,0.15,beta,half
City-B,T4,2x,280.0,S5_CityCalib,cross_regime,M_stress,500,True,1,562.3,380.1,0.0,0.324,1.0,persistence_half,4,0.67,0.15,beta,half
City-B,T4,2x,280.0,S6_Q10,routine,M_routine,500,True,1,525.3,604.2,0.0,0.0,1.0,persistence_half,4,0.67,0.15,beta,half
City-B,T4,2x,280.0,S6_Q10,cross_regime,M_stress,500,True,1,525.3,380.1,0.0,0.2764,1.0,persistence_half,4,0.67,0.15,beta,half
City-B,T4,5x,700.0,S0a_RoutineOracle,routine,M_routine,500,True,2,1131.2,1131.2,0.0,0.0,1.0,persistence_half,4,0.67,0.15,beta,half
City-B,T4,5x,700.0,S0a_RoutineOracle,cross_regime,M_stress,500,True,2,1131.2,782.4,0.0,0.3084,1.0,persistence_half,4,0.67,0.15,beta,half
City-B,T4,5x,700.0,S0b_StressOracle,routine,M_routine,500,True,2,782.4,1131.2,0.0,0.0,1.0,persistence_half,4,0.67,0.15,beta,half
City-B,T4,5x,700.0,S0b_StressOracle,cross_regime,M_stress,500,True,2,782.4,782.4,0.0,0.0,1.0,persistence_half,4,0.67,0.15,beta,half
City-B,T4,5x,700.0,S1_CapRR,routine,M_routine,500,True,1,846.0,604.2,95.8,0.2858,0.0,persistence_half,4,0.67,0.15,beta,half
City-B,T4,5x,700.0,S1_CapRR,cross_regime,M_stress,500,True,1,846.0,380.1,319.9,0.5507,0.0,persistence_half,4,0.67,0.15,beta,half
City-B,T4,5x,700.0,S2_Platform,routine,M_routine,500,True,2,912.9,1112.9,0.0,0.0,1.0,persistence_half,4,0.67,0.15,beta,half
City-B,T4,5x,700.0,S2_Platform,cross_regime,M_stress,500,True,2,912.9,688.6,11.4,0.2457,0.0,persistence_half,4,0.67,0.15,beta,half
City-B,T4,5x,700.0,S3_Lin4,routine,M_routine,500,True,2,928.0,1035.7,0.0,0.0,1.0,persistence_half,4,0.67,0.15,beta,half
City-B,T4,5x,700.0,S3_Lin4,cross_regime,M_stress,500,True,2,928.0,710.8,0.0,0.234,1.0,persistence_half,4,0.67,0.15,beta,half
City-B,T4,5x,700.0,S4_GlobalCalib,routine,M_routine,500,True,2,1123.4,1129.5,0.0,0.0,1.0,persistence_half,4,0.67,0.15,beta,half
City-B,T4,5x,700.0,S4_GlobalCalib,cross_regime,M_stress,500,True,2,1123.4,744.0,0.0,0.3377,1.0,persistence_half,4,0.67,0.15,beta,half
City-B,T4,5x,700.0,S5_CityCalib,routine,M_routine,500,True,2,1121.8,1129.5,0.0,0.0,1.0,persistence_half,4,0.67,0.15,beta,half
City-B,T4,5x,700.0,S5_CityCalib,cross_regime,M_stress,500,True,2,1121.8,744.0,0.0,0.3368,1.0,persistence_half,4,0.67,0.15,beta,half
City-B,T4,5x,700.0,S6_Q10,routine,M_routine,500,True,2,1048.0,1129.5,0.0,0.0,1.0,persistence_half,4,0.67,0.15,beta,half
City-B,T4,5x,700.0,S6_Q10,cross_regime,M_stress,500,True,2,1048.0,744.0,0.0,0.29,1.0,persistence_half,4,0.67,0.15,beta,half
City-B,T4,10x,1400.0,S0a_RoutineOracle,routine,M_routine,500,True,3,1656.5,1656.5,0.0,0.0,1.0,persistence_half,4,0.67,0.15,beta,half
City-B,T4,10x,1400.0,S0a_RoutineOracle,cross_regime,M_stress,500,True,3,1656.5,1146.4,253.6,0.308,0.0,persistence_half,4,0.67,0.15,beta,half
City-B,T4,10x,1400.0,S0b_StressOracle,routine,M_routine,500,True,4,1467.3,2119.1,0.0,0.0,1.0,persistence_half,4,0.67,0.15,beta,half
City-B,T4,10x,1400.0,S0b_StressOracle,cross_regime,M_stress,500,True,4,1467.3,1467.3,0.0,0.0,1.0,persistence_half,4,0.67,0.15,beta,half
City-B,T4,10x,1400.0,S1_CapRR,routine,M_routine,500,True,2,1688.0,1129.5,270.5,0.3308,0.0,persistence_half,4,0.67,0.15,beta,half
City-B,T4,10x,1400.0,S1_CapRR,cross_regime,M_stress,500,True,2,1688.0,744.0,656.0,0.5592,0.0,persistence_half,4,0.67,0.15,beta,half
City-B,T4,10x,1400.0,S2_Platform,routine,M_routine,500,True,4,1693.5,2047.4,0.0,0.0,1.0,persistence_half,4,0.67,0.15,beta,half
City-B,T4,10x,1400.0,S2_Platform,cross_regime,M_stress,500,True,4,1693.5,1360.7,39.3,0.1965,0.0,persistence_half,4,0.67,0.15,beta,half
City-B,T4,10x,1400.0,S3_Lin4,routine,M_routine,500,True,4,1840.7,2165.2,0.0,0.0,1.0,persistence_half,4,0.67,0.15,beta,half
City-B,T4,10x,1400.0,S3_Lin4,cross_regime,M_stress,500,True,4,1840.7,1454.9,0.0,0.2096,1.0,persistence_half,4,0.67,0.15,beta,half
City-B,T4,10x,1400.0,S4_GlobalCalib,routine,M_routine,500,True,3,1666.8,1656.5,0.0,0.0061,1.0,persistence_half,4,0.67,0.15,beta,half
City-B,T4,10x,1400.0,S4_GlobalCalib,cross_regime,M_stress,500,True,3,1666.8,1146.4,253.6,0.3122,0.0,persistence_half,4,0.67,0.15,beta,half
City-B,T4,10x,1400.0,S5_CityCalib,routine,M_routine,500,True,3,1664.5,1656.5,0.0,0.0048,1.0,persistence_half,4,0.67,0.15,beta,half
City-B,T4,10x,1400.0,S5_CityCalib,cross_regime,M_stress,500,True,3,1664.5,1146.4,253.6,0.3113,0.0,persistence_half,4,0.67,0.15,beta,half
City-B,T4,10x,1400.0,S6_Q10,routine,M_routine,500,True,3,1554.9,1656.5,0.0,0.0,1.0,persistence_half,4,0.67,0.15,beta,half
City-B,T4,10x,1400.0,S6_Q10,cross_regime,M_stress,500,True,3,1554.9,1146.4,253.6,0.2628,0.0,persistence_half,4,0.67,0.15,beta,half
City-B,T5,1x,160.0,S0a_RoutineOracle,routine,M_routine,500,True,1,509.2,509.2,0.0,0.0,1.0,persistence_half,4,0.67,0.15,beta,half
City-B,T5,1x,160.0,S0a_RoutineOracle,cross_regime,M_stress,500,True,1,509.2,334.6,0.0,0.3428,1.0,persistence_half,4,0.67,0.15,beta,half
City-B,T5,1x,160.0,S0b_StressOracle,routine,M_routine,500,True,1,334.6,509.2,0.0,0.0,1.0,persistence_half,4,0.67,0.15,beta,half
City-B,T5,1x,160.0,S0b_StressOracle,cross_regime,M_stress,500,True,1,334.6,334.6,0.0,0.0,1.0,persistence_half,4,0.67,0.15,beta,half
City-B,T5,1x,160.0,S1_CapRR,routine,M_routine,500,True,1,744.5,496.4,0.0,0.3332,1.0,persistence_half,4,0.67,0.15,beta,half
City-B,T5,1x,160.0,S1_CapRR,cross_regime,M_stress,500,True,1,744.5,329.4,0.0,0.5575,1.0,persistence_half,4,0.67,0.15,beta,half
City-B,T5,1x,160.0,S2_Platform,routine,M_routine,500,True,1,553.3,472.4,0.0,0.1463,1.0,persistence_half,4,0.67,0.15,beta,half
City-B,T5,1x,160.0,S2_Platform,cross_regime,M_stress,500,True,1,553.3,327.3,0.0,0.4085,1.0,persistence_half,4,0.67,0.15,beta,half
City-B,T5,1x,160.0,S3_Lin4,routine,M_routine,500,True,1,456.1,509.2,0.0,0.0,1.0,persistence_half,4,0.67,0.15,beta,half
City-B,T5,1x,160.0,S3_Lin4,cross_regime,M_stress,500,True,1,456.1,334.6,0.0,0.2664,1.0,persistence_half,4,0.67,0.15,beta,half
City-B,T5,1x,160.0,S4_GlobalCalib,routine,M_routine,500,True,1,495.8,496.4,0.0,0.0,1.0,persistence_half,4,0.67,0.15,beta,half
City-B,T5,1x,160.0,S4_GlobalCalib,cross_regime,M_stress,500,True,1,495.8,329.4,0.0,0.3355,1.0,persistence_half,4,0.67,0.15,beta,half
City-B,T5,1x,160.0,S5_CityCalib,routine,M_routine,500,True,1,494.9,496.4,0.0,0.0,1.0,persistence_half,4,0.67,0.15,beta,half
City-B,T5,1x,160.0,S5_CityCalib,cross_regime,M_stress,500,True,1,494.9,329.4,0.0,0.3343,1.0,persistence_half,4,0.67,0.15,beta,half
City-B,T5,1x,160.0,S6_Q10,routine,M_routine,500,True,1,462.0,496.4,0.0,0.0,1.0,persistence_half,4,0.67,0.15,beta,half
City-B,T5,1x,160.0,S6_Q10,cross_regime,M_stress,500,True,1,462.0,329.4,0.0,0.2869,1.0,persistence_half,4,0.67,0.15,beta,half
City-B,T5,2x,320.0,S0a_RoutineOracle,routine,M_routine,500,True,1,509.2,509.2,0.0,0.0,1.0,persistence_half,4,0.67,0.15,beta,half
City-B,T5,2x,320.0,S0a_RoutineOracle,cross_regime,M_stress,500,True,1,509.2,334.6,0.0,0.3428,1.0,persistence_half,4,0.67,0.15,beta,half
City-B,T5,2x,320.0,S0b_StressOracle,routine,M_routine,500,True,1,334.6,509.2,0.0,0.0,1.0,persistence_half,4,0.67,0.15,beta,half
City-B,T5,2x,320.0,S0b_StressOracle,cross_regime,M_stress,500,True,1,334.6,334.6,0.0,0.0,1.0,persistence_half,4,0.67,0.15,beta,half
City-B,T5,2x,320.0,S1_CapRR,routine,M_routine,500,True,1,744.5,496.4,0.0,0.3332,1.0,persistence_half,4,0.67,0.15,beta,half
City-B,T5,2x,320.0,S1_CapRR,cross_regime,M_stress,500,True,1,744.5,329.4,0.0,0.5575,1.0,persistence_half,4,0.67,0.15,beta,half
City-B,T5,2x,320.0,S2_Platform,routine,M_routine,500,True,1,553.3,472.4,0.0,0.1463,1.0,persistence_half,4,0.67,0.15,beta,half
City-B,T5,2x,320.0,S2_Platform,cross_regime,M_stress,500,True,1,553.3,327.3,0.0,0.4085,1.0,persistence_half,4,0.67,0.15,beta,half
City-B,T5,2x,320.0,S3_Lin4,routine,M_routine,500,True,1,456.1,509.2,0.0,0.0,1.0,persistence_half,4,0.67,0.15,beta,half
City-B,T5,2x,320.0,S3_Lin4,cross_regime,M_stress,500,True,1,456.1,334.6,0.0,0.2664,1.0,persistence_half,4,0.67,0.15,beta,half
City-B,T5,2x,320.0,S4_GlobalCalib,routine,M_routine,500,True,1,495.8,496.4,0.0,0.0,1.0,persistence_half,4,0.67,0.15,beta,half
City-B,T5,2x,320.0,S4_GlobalCalib,cross_regime,M_stress,500,True,1,495.8,329.4,0.0,0.3355,1.0,persistence_half,4,0.67,0.15,beta,half
City-B,T5,2x,320.0,S5_CityCalib,routine,M_routine,500,True,1,494.9,496.4,0.0,0.0,1.0,persistence_half,4,0.67,0.15,beta,half
City-B,T5,2x,320.0,S5_CityCalib,cross_regime,M_stress,500,True,1,494.9,329.4,0.0,0.3343,1.0,persistence_half,4,0.67,0.15,beta,half
City-B,T5,2x,320.0,S6_Q10,routine,M_routine,500,True,1,462.0,496.4,0.0,0.0,1.0,persistence_half,4,0.67,0.15,beta,half
City-B,T5,2x,320.0,S6_Q10,cross_regime,M_stress,500,True,1,462.0,329.4,0.0,0.2869,1.0,persistence_half,4,0.67,0.15,beta,half
City-B,T5,5x,800.0,S0a_RoutineOracle,routine,M_routine,500,True,2,1005.6,1005.6,0.0,0.0,1.0,persistence_half,4,0.67,0.15,beta,half
City-B,T5,5x,800.0,S0a_RoutineOracle,cross_regime,M_stress,500,True,2,1005.6,664.0,136.0,0.3396,0.0,persistence_half,4,0.67,0.15,beta,half
City-B,T5,5x,800.0,S0b_StressOracle,routine,M_routine,500,True,3,991.3,1477.9,0.0,0.0,1.0,persistence_half,4,0.67,0.15,beta,half
City-B,T5,5x,800.0,S0b_StressOracle,cross_regime,M_stress,500,True,3,991.3,991.3,0.0,0.0,1.0,persistence_half,4,0.67,0.15,beta,half
City-B,T5,5x,800.0,S1_CapRR,routine,M_routine,500,True,2,1485.4,968.8,0.0,0.3478,1.0,persistence_half,4,0.67,0.15,beta,half
City-B,T5,5x,800.0,S1_CapRR,cross_regime,M_stress,500,True,2,1485.4,656.7,143.3,0.5579,0.0,persistence_half,4,0.67,0.15,beta,half
City-B,T5,5x,800.0,S2_Platform,routine,M_routine,500,True,2,1093.7,981.5,0.0,0.1026,1.0,persistence_half,4,0.67,0.15,beta,half
City-B,T5,5x,800.0,S2_Platform,cross_regime,M_stress,500,True,2,1093.7,661.9,138.1,0.3948,0.0,persistence_half,4,0.67,0.15,beta,half
City-B,T5,5x,800.0,S3_Lin4,routine,M_routine,500,True,2,906.1,975.0,0.0,0.0,1.0,persistence_half,4,0.67,0.15,beta,half
City-B,T5,5x,800.0,S3_Lin4,cross_regime,M_stress,500,True,2,906.1,630.4,169.6,0.3044,0.0,persistence_half,4,0.67,0.15,beta,half
City-B,T5,5x,800.0,S4_GlobalCalib,routine,M_routine,500,True,2,989.2,968.8,0.0,0.0206,1.0,persistence_half,4,0.67,0.15,beta,half
City-B,T5,5x,800.0,S4_GlobalCalib,cross_regime,M_stress,500,True,2,989.2,656.7,143.3,0.3361,0.0,persistence_half,4,0.67,0.15,beta,half
City-B,T5,5x,800.0,S5_CityCalib,routine,M_routine,500,True,2,987.4,968.8,0.0,0.0188,1.0,persistence_half,4,0.67,0.15,beta,half
City-B,T5,5x,800.0,S5_CityCalib,cross_regime,M_stress,500,True,2,987.4,656.7,143.3,0.3349,0.0,persistence_half,4,0.67,0.15,beta,half
City-B,T5,5x,800.0,S6_Q10,routine,M_routine,500,True,2,921.7,968.8,0.0,0.0,1.0,persistence_half,4,0.67,0.15,beta,half
City-B,T5,5x,800.0,S6_Q10,cross_regime,M_stress,500,True,2,921.7,656.7,143.3,0.2875,0.0,persistence_half,4,0.67,0.15,beta,half
City-B,T5,10x,1600.0,S0a_RoutineOracle,routine,M_routine,500,True,4,1943.8,1943.8,0.0,0.0,1.0,persistence_half,4,0.67,0.15,beta,half
City-B,T5,10x,1600.0,S0a_RoutineOracle,cross_regime,M_stress,500,True,4,1943.8,1287.1,312.9,0.3378,0.0,persistence_half,4,0.67,0.15,beta,half
City-B,T5,10x,1600.0,S0b_StressOracle,routine,M_routine,500,True,6,1812.3,2739.6,0.0,0.0,1.0,persistence_half,4,0.67,0.15,beta,half
City-B,T5,10x,1600.0,S0b_StressOracle,cross_regime,M_stress,500,True,6,1812.3,1812.3,0.0,0.0,1.0,persistence_half,4,0.67,0.15,beta,half
City-B,T5,10x,1600.0,S1_CapRR,routine,M_routine,500,True,3,2203.9,1477.9,122.1,0.3294,0.0,persistence_half,4,0.67,0.15,beta,half
City-B,T5,10x,1600.0,S1_CapRR,cross_regime,M_stress,500,True,3,2203.9,991.3,608.7,0.5502,0.0,persistence_half,4,0.67,0.15,beta,half
City-B,T5,10x,1600.0,S2_Platform,routine,M_routine,500,True,4,2025.8,1881.1,0.0,0.0714,1.0,persistence_half,4,0.67,0.15,beta,half
City-B,T5,10x,1600.0,S2_Platform,cross_regime,M_stress,500,True,4,2025.8,1217.5,382.5,0.399,0.0,persistence_half,4,0.67,0.15,beta,half
City-B,T5,10x,1600.0,S3_Lin4,routine,M_routine,500,True,4,1790.6,1943.8,0.0,0.0,1.0,persistence_half,4,0.67,0.15,beta,half
City-B,T5,10x,1600.0,S3_Lin4,cross_regime,M_stress,500,True,4,1790.6,1287.1,312.9,0.2812,0.0,persistence_half,4,0.67,0.15,beta,half
City-B,T5,10x,1600.0,S4_GlobalCalib,routine,M_routine,500,True,4,1935.7,1943.8,0.0,0.0,1.0,persistence_half,4,0.67,0.15,beta,half
City-B,T5,10x,1600.0,S4_GlobalCalib,cross_regime,M_stress,500,True,4,1935.7,1287.1,312.9,0.3351,0.0,persistence_half,4,0.67,0.15,beta,half
City-B,T5,10x,1600.0,S5_CityCalib,routine,M_routine,500,True,4,1932.1,1943.8,0.0,0.0,1.0,persistence_half,4,0.67,0.15,beta,half
City-B,T5,10x,1600.0,S5_CityCalib,cross_regime,M_stress,500,True,4,1932.1,1287.1,312.9,0.3339,0.0,persistence_half,4,0.67,0.15,beta,half
City-B,T5,10x,1600.0,S6_Q10,routine,M_routine,500,True,4,1803.7,1943.8,0.0,0.0,1.0,persistence_half,4,0.67,0.15,beta,half
City-B,T5,10x,1600.0,S6_Q10,cross_regime,M_stress,500,True,4,1803.7,1287.1,312.9,0.2864,0.0,persistence_half,4,0.67,0.15,beta,half
City-C,T1,1x,180.0,S0a_RoutineOracle,routine,M_routine,650,True,1,526.0,526.0,0.0,0.0,1.0,persistence_half,4,0.67,0.15,beta,half
City-C,T1,1x,180.0,S0a_RoutineOracle,cross_regime,M_stress,650,True,1,526.0,313.6,0.0,0.4037,1.0,persistence_half,4,0.67,0.15,beta,half
City-C,T1,1x,180.0,S0b_StressOracle,routine,M_routine,650,True,1,313.6,526.0,0.0,0.0,1.0,persistence_half,4,0.67,0.15,beta,half
City-C,T1,1x,180.0,S0b_StressOracle,cross_regime,M_stress,650,True,1,313.6,313.6,0.0,0.0,1.0,persistence_half,4,0.67,0.15,beta,half
City-C,T1,1x,180.0,S1_CapRR,routine,M_routine,650,True,1,737.0,526.0,0.0,0.2863,1.0,persistence_half,4,0.67,0.15,beta,half
City-C,T1,1x,180.0,S1_CapRR,cross_regime,M_stress,650,True,1,737.0,313.6,0.0,0.5745,1.0,persistence_half,4,0.67,0.15,beta,half
City-C,T1,1x,180.0,S2_Platform,routine,M_routine,650,True,1,460.9,526.0,0.0,0.0,1.0,persistence_half,4,0.67,0.15,beta,half
City-C,T1,1x,180.0,S2_Platform,cross_regime,M_stress,650,True,1,460.9,313.6,0.0,0.3195,1.0,persistence_half,4,0.67,0.15,beta,half
City-C,T1,1x,180.0,S3_Lin4,routine,M_routine,650,True,1,417.3,526.0,0.0,0.0,1.0,persistence_half,4,0.67,0.15,beta,half
City-C,T1,1x,180.0,S3_Lin4,cross_regime,M_stress,650,True,1,417.3,313.6,0.0,0.2484,1.0,persistence_half,4,0.67,0.15,beta,half
City-C,T1,1x,180.0,S4_GlobalCalib,routine,M_routine,650,True,1,491.6,526.0,0.0,0.0,1.0,persistence_half,4,0.67,0.15,beta,half
City-C,T1,1x,180.0,S4_GlobalCalib,cross_regime,M_stress,650,True,1,491.6,313.6,0.0,0.362,1.0,persistence_half,4,0.67,0.15,beta,half
City-C,T1,1x,180.0,S5_CityCalib,routine,M_routine,650,True,1,498.3,526.0,0.0,0.0,1.0,persistence_half,4,0.67,0.15,beta,half
City-C,T1,1x,180.0,S5_CityCalib,cross_regime,M_stress,650,True,1,498.3,313.6,0.0,0.3705,1.0,persistence_half,4,0.67,0.15,beta,half
City-C,T1,1x,180.0,S6_Q10,routine,M_routine,650,True,1,459.1,526.0,0.0,0.0,1.0,persistence_half,4,0.67,0.15,beta,half
City-C,T1,1x,180.0,S6_Q10,cross_regime,M_stress,650,True,1,459.1,313.6,0.0,0.3169,1.0,persistence_half,4,0.67,0.15,beta,half
City-C,T1,2x,360.0,S0a_RoutineOracle,routine,M_routine,650,True,1,526.0,526.0,0.0,0.0,1.0,persistence_half,4,0.67,0.15,beta,half
City-C,T1,2x,360.0,S0a_RoutineOracle,cross_regime,M_stress,650,True,1,526.0,313.6,46.4,0.4037,0.0,persistence_half,4,0.67,0.15,beta,half
City-C,T1,2x,360.0,S0b_StressOracle,routine,M_routine,650,True,2,621.1,1010.5,0.0,0.0,1.0,persistence_half,4,0.67,0.15,beta,half
City-C,T1,2x,360.0,S0b_StressOracle,cross_regime,M_stress,650,True,2,621.1,621.1,0.0,0.0,1.0,persistence_half,4,0.67,0.15,beta,half
City-C,T1,2x,360.0,S1_CapRR,routine,M_routine,650,True,1,737.0,526.0,0.0,0.2863,1.0,persistence_half,4,0.67,0.15,beta,half
City-C,T1,2x,360.0,S1_CapRR,cross_regime,M_stress,650,True,1,737.0,313.6,46.4,0.5745,0.0,persistence_half,4,0.67,0.15,beta,half
City-C,T1,2x,360.0,S2_Platform,routine,M_routine,650,True,1,460.9,526.0,0.0,0.0,1.0,persistence_half,4,0.67,0.15,beta,half
City-C,T1,2x,360.0,S2_Platform,cross_regime,M_stress,650,True,1,460.9,313.6,46.4,0.3195,0.0,persistence_half,4,0.67,0.15,beta,half
City-C,T1,2x,360.0,S3_Lin4,routine,M_routine,650,True,1,417.3,526.0,0.0,0.0,1.0,persistence_half,4,0.67,0.15,beta,half
City-C,T1,2x,360.0,S3_Lin4,cross_regime,M_stress,650,True,1,417.3,313.6,46.4,0.2484,0.0,persistence_half,4,0.67,0.15,beta,half
City-C,T1,2x,360.0,S4_GlobalCalib,routine,M_routine,650,True,1,491.6,526.0,0.0,0.0,1.0,persistence_half,4,0.67,0.15,beta,half
City-C,T1,2x,360.0,S4_GlobalCalib,cross_regime,M_stress,650,True,1,491.6,313.6,46.4,0.362,0.0,persistence_half,4,0.67,0.15,beta,half
City-C,T1,2x,360.0,S5_CityCalib,routine,M_routine,650,True,1,498.3,526.0,0.0,0.0,1.0,persistence_half,4,0.67,0.15,beta,half
City-C,T1,2x,360.0,S5_CityCalib,cross_regime,M_stress,650,True,1,498.3,313.6,46.4,0.3705,0.0,persistence_half,4,0.67,0.15,beta,half
City-C,T1,2x,360.0,S6_Q10,routine,M_routine,650,True,1,459.1,526.0,0.0,0.0,1.0,persistence_half,4,0.67,0.15,beta,half
City-C,T1,2x,360.0,S6_Q10,cross_regime,M_stress,650,True,1,459.1,313.6,46.4,0.3169,0.0,persistence_half,4,0.67,0.15,beta,half
City-C,T1,5x,900.0,S0a_RoutineOracle,routine,M_routine,650,True,2,1010.5,1010.5,0.0,0.0,1.0,persistence_half,4,0.67,0.15,beta,half
City-C,T1,5x,900.0,S0a_RoutineOracle,cross_regime,M_stress,650,True,2,1010.5,621.1,278.9,0.3854,0.0,persistence_half,4,0.67,0.15,beta,half
City-C,T1,5x,900.0,S0b_StressOracle,routine,M_routine,650,True,3,902.8,1404.3,0.0,0.0,1.0,persistence_half,4,0.67,0.15,beta,half
City-C,T1,5x,900.0,S0b_StressOracle,cross_regime,M_stress,650,True,3,902.8,902.8,0.0,0.0,1.0,persistence_half,4,0.67,0.15,beta,half
City-C,T1,5x,900.0,S1_CapRR,routine,M_routine,650,True,2,1439.5,1010.5,0.0,0.298,1.0,persistence_half,4,0.67,0.15,beta,half
City-C,T1,5x,900.0,S1_CapRR,cross_regime,M_stress,650,True,2,1439.5,621.1,278.9,0.5685,0.0,persistence_half,4,0.67,0.15,beta,half
City-C,T1,5x,900.0,S2_Platform,routine,M_routine,650,True,2,904.5,1010.5,0.0,0.0,1.0,persistence_half,4,0.67,0.15,beta,half
City-C,T1,5x,900.0,S2_Platform,cross_regime,M_stress,650,True,2,904.5,621.1,278.9,0.3133,0.0,persistence_half,4,0.67,0.15,beta,half
City-C,T1,5x,900.0,S3_Lin4,routine,M_routine,650,True,3,1208.8,1404.3,0.0,0.0,1.0,persistence_half,4,0.67,0.15,beta,half
City-C,T1,5x,900.0,S3_Lin4,cross_regime,M_stress,650,True,3,1208.8,902.8,0.0,0.2532,1.0,persistence_half,4,0.67,0.15,beta,half
City-C,T1,5x,900.0,S4_GlobalCalib,routine,M_routine,650,True,2,960.1,1010.5,0.0,0.0,1.0,persistence_half,4,0.67,0.15,beta,half
City-C,T1,5x,900.0,S4_GlobalCalib,cross_regime,M_stress,650,True,2,960.1,621.1,278.9,0.3531,0.0,persistence_half,4,0.67,0.15,beta,half
City-C,T1,5x,900.0,S5_CityCalib,routine,M_routine,650,True,2,973.1,1010.5,0.0,0.0,1.0,persistence_half,4,0.67,0.15,beta,half
City-C,T1,5x,900.0,S5_CityCalib,cross_regime,M_stress,650,True,2,973.1,621.1,278.9,0.3617,0.0,persistence_half,4,0.67,0.15,beta,half
City-C,T1,5x,900.0,S6_Q10,routine,M_routine,650,True,3,1296.3,1404.3,0.0,0.0,1.0,persistence_half,4,0.67,0.15,beta,half
City-C,T1,5x,900.0,S6_Q10,cross_regime,M_stress,650,True,3,1296.3,902.8,0.0,0.3036,1.0,persistence_half,4,0.67,0.15,beta,half
City-C,T1,10x,1800.0,S0a_RoutineOracle,routine,M_routine,650,True,4,1818.0,1818.0,0.0,0.0,1.0,persistence_half,4,0.67,0.15,beta,half
City-C,T1,10x,1800.0,S0a_RoutineOracle,cross_regime,M_stress,650,True,4,1818.0,1092.5,707.5,0.399,0.0,persistence_half,4,0.67,0.15,beta,half
City-C,T1,10x,1800.0,S0b_StressOracle,routine,M_routine,650,True,7,1885.7,2847.8,0.0,0.0,1.0,persistence_half,4,0.67,0.15,beta,half
City-C,T1,10x,1800.0,S0b_StressOracle,cross_regime,M_stress,650,True,7,1885.7,1885.7,0.0,0.0,1.0,persistence_half,4,0.67,0.15,beta,half
City-C,T1,10x,1800.0,S1_CapRR,routine,M_routine,650,True,3,2081.1,1404.3,395.7,0.3252,0.0,persistence_half,4,0.67,0.15,beta,half
City-C,T1,10x,1800.0,S1_CapRR,cross_regime,M_stress,650,True,3,2081.1,902.8,897.2,0.5662,0.0,persistence_half,4,0.67,0.15,beta,half
City-C,T1,10x,1800.0,S2_Platform,routine,M_routine,650,True,5,2117.9,2159.5,0.0,0.0,1.0,persistence_half,4,0.67,0.15,beta,half
City-C,T1,10x,1800.0,S2_Platform,cross_regime,M_stress,650,True,5,2117.9,1312.7,487.3,0.3802,0.0,persistence_half,4,0.67,0.15,beta,half
City-C,T1,10x,1800.0,S3_Lin4,routine,M_routine,650,True,5,1965.4,2115.4,0.0,0.0,1.0,persistence_half,4,0.67,0.15,beta,half
City-C,T1,10x,1800.0,S3_Lin4,cross_regime,M_stress,650,True,5,1965.4,1389.4,410.6,0.2931,0.0,persistence_half,4,0.67,0.15,beta,half
City-C,T1,10x,1800.0,S4_GlobalCalib,routine,M_routine,650,True,5,2164.7,2197.2,0.0,0.0,1.0,persistence_half,4,0.67,0.15,beta,half
City-C,T1,10x,1800.0,S4_GlobalCalib,cross_regime,M_stress,650,True,5,2164.7,1350.6,449.4,0.3761,0.0,persistence_half,4,0.67,0.15,beta,half
City-C,T1,10x,1800.0,S5_CityCalib,routine,M_routine,650,True,4,1802.2,1803.8,0.0,0.0,1.0,persistence_half,4,0.67,0.15,beta,half
City-C,T1,10x,1800.0,S5_CityCalib,cross_regime,M_stress,650,True,4,1802.2,1133.3,666.7,0.3712,0.0,persistence_half,4,0.67,0.15,beta,half
City-C,T1,10x,1800.0,S6_Q10,routine,M_routine,650,True,5,2021.8,2197.2,0.0,0.0,1.0,persistence_half,4,0.67,0.15,beta,half
City-C,T1,10x,1800.0,S6_Q10,cross_regime,M_stress,650,True,5,2021.8,1350.6,449.4,0.332,0.0,persistence_half,4,0.67,0.15,beta,half
City-C,T2,1x,260.0,S0a_RoutineOracle,routine,M_routine,650,True,1,519.9,519.9,0.0,0.0,1.0,persistence_half,4,0.67,0.15,beta,half
City-C,T2,1x,260.0,S0a_RoutineOracle,cross_regime,M_stress,650,True,1,519.9,310.3,0.0,0.4032,1.0,persistence_half,4,0.67,0.15,beta,half
City-C,T2,1x,260.0,S0b_StressOracle,routine,M_routine,650,True,1,314.7,503.6,0.0,0.0,1.0,persistence_half,4,0.67,0.15,beta,half
City-C,T2,1x,260.0,S0b_StressOracle,cross_regime,M_stress,650,True,1,314.7,314.7,0.0,0.0,1.0,persistence_half,4,0.67,0.15,beta,half
City-C,T2,1x,260.0,S1_CapRR,routine,M_routine,650,True,1,737.0,503.6,0.0,0.3167,1.0,persistence_half,4,0.67,0.15,beta,half
City-C,T2,1x,260.0,S1_CapRR,cross_regime,M_stress,650,True,1,737.0,314.7,0.0,0.573,1.0,persistence_half,4,0.67,0.15,beta,half
City-C,T2,1x,260.0,S2_Platform,routine,M_routine,650,True,1,467.3,503.6,0.0,0.0,1.0,persistence_half,4,0.67,0.15,beta,half
City-C,T2,1x,260.0,S2_Platform,cross_regime,M_stress,650,True,1,467.3,314.7,0.0,0.3265,1.0,persistence_half,4,0.67,0.15,beta,half
City-C,T2,1x,260.0,S3_Lin4,routine,M_routine,650,True,1,420.1,503.6,0.0,0.0,1.0,persistence_half,4,0.67,0.15,beta,half
City-C,T2,1x,260.0,S3_Lin4,cross_regime,M_stress,650,True,1,420.1,314.7,0.0,0.2508,1.0,persistence_half,4,0.67,0.15,beta,half
City-C,T2,1x,260.0,S4_GlobalCalib,routine,M_routine,650,True,1,492.1,503.6,0.0,0.0,1.0,persistence_half,4,0.67,0.15,beta,half
City-C,T2,1x,260.0,S4_GlobalCalib,cross_regime,M_stress,650,True,1,492.1,314.7,0.0,0.3604,1.0,persistence_half,4,0.67,0.15,beta,half
City-C,T2,1x,260.0,S5_CityCalib,routine,M_routine,650,True,1,495.7,503.6,0.0,0.0,1.0,persistence_half,4,0.67,0.15,beta,half
City-C,T2,1x,260.0,S5_CityCalib,cross_regime,M_stress,650,True,1,495.7,314.7,0.0,0.3651,1.0,persistence_half,4,0.67,0.15,beta,half
City-C,T2,1x,260.0,S6_Q10,routine,M_routine,650,True,1,458.3,503.6,0.0,0.0,1.0,persistence_half,4,0.67,0.15,beta,half
City-C,T2,1x,260.0,S6_Q10,cross_regime,M_stress,650,True,1,458.3,314.7,0.0,0.3133,1.0,persistence_half,4,0.67,0.15,beta,half
City-C,T2,2x,520.0,S0a_RoutineOracle,routine,M_routine,650,True,2,1023.5,1023.5,0.0,0.0,1.0,persistence_half,4,0.67,0.15,beta,half
City-C,T2,2x,520.0,S0a_RoutineOracle,cross_regime,M_stress,650,True,2,1023.5,625.0,0.0,0.3894,1.0,persistence_half,4,0.67,0.15,beta,half
City-C,T2,2x,520.0,S0b_StressOracle,routine,M_routine,650,True,2,625.0,1023.5,0.0,0.0,1.0,persistence_half,4,0.67,0.15,beta,half
City-C,T2,2x,520.0,S0b_StressOracle,cross_regime,M_stress,650,True,2,625.0,625.0,0.0,0.0,1.0,persistence_half,4,0.67,0.15,beta,half
City-C,T2,2x,520.0,S1_CapRR,routine,M_routine,650,True,1,737.0,503.6,16.4,0.3167,0.0,persistence_half,4,0.67,0.15,beta,half
City-C,T2,2x,520.0,S1_CapRR,cross_regime,M_stress,650,True,1,737.0,314.7,205.3,0.573,0.0,persistence_half,4,0.67,0.15,beta,half
City-C,T2,2x,520.0,S2_Platform,routine,M_routine,650,True,2,902.1,1023.5,0.0,0.0,1.0,persistence_half,4,0.67,0.15,beta,half
City-C,T2,2x,520.0,S2_Platform,cross_regime,M_stress,650,True,2,902.1,625.0,0.0,0.3072,1.0,persistence_half,4,0.67,0.15,beta,half
City-C,T2,2x,520.0,S3_Lin4,routine,M_routine,650,True,2,822.6,1023.5,0.0,0.0,1.0,persistence_half,4,0.67,0.15,beta,half
City-C,T2,2x,520.0,S3_Lin4,cross_regime,M_stress,650,True,2,822.6,625.0,0.0,0.2402,1.0,persistence_half,4,0.67,0.15,beta,half
City-C,T2,2x,520.0,S4_GlobalCalib,routine,M_routine,650,True,2,961.0,1023.5,0.0,0.0,1.0,persistence_half,4,0.67,0.15,beta,half
City-C,T2,2x,520.0,S4_GlobalCalib,cross_regime,M_stress,650,True,2,961.0,625.0,0.0,0.3497,1.0,persistence_half,4,0.67,0.15,beta,half
City-C,T2,2x,520.0,S5_CityCalib,routine,M_routine,650,True,2,968.1,1023.5,0.0,0.0,1.0,persistence_half,4,0.67,0.15,beta,half
City-C,T2,2x,520.0,S5_CityCalib,cross_regime,M_stress,650,True,2,968.1,625.0,0.0,0.3544,1.0,persistence_half,4,0.67,0.15,beta,half
City-C,T2,2x,520.0,S6_Q10,routine,M_routine,650,True,2,895.1,1023.5,0.0,0.0,1.0,persistence_half,4,0.67,0.15,beta,half
City-C,T2,2x,520.0,S6_Q10,cross_regime,M_stress,650,True,2,895.1,625.0,0.0,0.3018,1.0,persistence_half,4,0.67,0.15,beta,half
City-C,T2,5x,1300.0,S0a_RoutineOracle,routine,M_routine,650,True,3,1453.1,1453.1,0.0,0.0,1.0,persistence_half,4,0.67,0.15,beta,half
City-C,T2,5x,1300.0,S0a_RoutineOracle,cross_regime,M_stress,650,True,3,1453.1,896.9,403.1,0.3828,0.0,persistence_half,4,0.67,0.15,beta,half
City-C,T2,5x,1300.0,S0b_StressOracle,routine,M_routine,650,True,5,1403.1,2212.9,0.0,0.0,1.0,persistence_half,4,0.67,0.15,beta,half
City-C,T2,5x,1300.0,S0b_StressOracle,cross_regime,M_stress,650,True,5,1403.1,1403.1,0.0,0.0,1.0,persistence_half,4,0.67,0.15,beta,half
City-C,T2,5x,1300.0,S1_CapRR,routine,M_routine,650,True,2,1439.5,1023.5,276.5,0.289,0.0,persistence_half,4,0.67,0.15,beta,half
City-C,T2,5x,1300.0,S1_CapRR,cross_regime,M_stress,650,True,2,1439.5,625.0,675.0,0.5658,0.0,persistence_half,4,0.67,0.15,beta,half
City-C,T2,5x,1300.0,S2_Platform,routine,M_routine,650,True,3,1301.1,1453.1,0.0,0.0,1.0,persistence_half,4,0.67,0.15,beta,half
City-C,T2,5x,1300.0,S2_Platform,cross_regime,M_stress,650,True,3,1301.1,896.9,403.1,0.3106,0.0,persistence_half,4,0.67,0.15,beta,half
City-C,T2,5x,1300.0,S3_Lin4,routine,M_routine,650,True,4,1600.5,1807.6,0.0,0.0,1.0,persistence_half,4,0.67,0.15,beta,half
City-C,T2,5x,1300.0,S3_Lin4,cross_regime,M_stress,650,True,4,1600.5,1138.6,161.4,0.2886,0.0,persistence_half,4,0.67,0.15,beta,half
City-C,T2,5x,1300.0,S4_GlobalCalib,routine,M_routine,650,True,3,1389.3,1453.1,0.0,0.0,1.0,persistence_half,4,0.67,0.15,beta,half
City-C,T2,5x,1300.0,S4_GlobalCalib,cross_regime,M_stress,650,True,3,1389.3,896.9,403.1,0.3544,0.0,persistence_half,4,0.67,0.15,beta,half
City-C,T2,5x,1300.0,S5_CityCalib,routine,M_routine,650,True,3,1399.4,1453.1,0.0,0.0,1.0,persistence_half,4,0.67,0.15,beta,half
City-C,T2,5x,1300.0,S5_CityCalib,cross_regime,M_stress,650,True,3,1399.4,896.9,403.1,0.3591,0.0,persistence_half,4,0.67,0.15,beta,half
City-C,T2,5x,1300.0,S6_Q10,routine,M_routine,650,True,4,1658.1,1852.5,0.0,0.0,1.0,persistence_half,4,0.67,0.15,beta,half
City-C,T2,5x,1300.0,S6_Q10,cross_regime,M_stress,650,True,4,1658.1,1143.6,156.4,0.3103,0.0,persistence_half,4,0.67,0.15,beta,half
City-C,T2,10x,2600.0,S0a_RoutineOracle,routine,M_routine,650,True,6,2635.3,2635.3,0.0,0.0,1.0,persistence_half,4,0.67,0.15,beta,half
City-C,T2,10x,2600.0,S0a_RoutineOracle,cross_regime,M_stress,650,True,6,2635.3,1630.9,969.1,0.3812,0.0,persistence_half,4,0.67,0.15,beta,half
City-C,T2,10x,2600.0,S0b_StressOracle,routine,M_routine,650,True,11,2805.4,4461.6,0.0,0.0,1.0,persistence_half,4,0.67,0.15,beta,half
City-C,T2,10x,2600.0,S0b_StressOracle,cross_regime,M_stress,650,True,11,2805.4,2805.4,0.0,0.0,1.0,persistence_half,4,0.67,0.15,beta,half
City-C,T2,10x,2600.0,S1_CapRR,routine,M_routine,650,True,4,2666.6,1852.5,747.5,0.3053,0.0,persistence_half,4,0.67,0.15,beta,half
City-C,T2,10x,2600.0,S1_CapRR,cross_regime,M_stress,650,True,4,2666.6,1143.6,1456.4,0.5711,0.0,persistence_half,4,0.67,0.15,beta,half
City-C,T2,10x,2600.0,S2_Platform,routine,M_routine,650,True,7,2815.8,2960.5,0.0,0.0,1.0,persistence_half,4,0.67,0.15,beta,half
City-C,T2,10x,2600.0,S2_Platform,cross_regime,M_stress,650,True,7,2815.8,1847.9,752.1,0.3437,0.0,persistence_half,4,0.67,0.15,beta,half
City-C,T2,10x,2600.0,S3_Lin4,routine,M_routine,650,True,7,2688.9,2942.5,0.0,0.0,1.0,persistence_half,4,0.67,0.15,beta,half
City-C,T2,10x,2600.0,S3_Lin4,cross_regime,M_stress,650,True,7,2688.9,1848.2,751.8,0.3127,0.0,persistence_half,4,0.67,0.15,beta,half
City-C,T2,10x,2600.0,S4_GlobalCalib,routine,M_routine,650,True,7,2919.2,3022.5,0.0,0.0,1.0,persistence_half,4,0.67,0.15,beta,half
City-C,T2,10x,2600.0,S4_GlobalCalib,cross_regime,M_stress,650,True,7,2919.2,1865.5,734.5,0.361,0.0,persistence_half,4,0.67,0.15,beta,half
City-C,T2,10x,2600.0,S5_CityCalib,routine,M_routine,650,True,7,2939.4,3022.5,0.0,0.0,1.0,persistence_half,4,0.67,0.15,beta,half
City-C,T2,10x,2600.0,S5_CityCalib,cross_regime,M_stress,650,True,7,2939.4,1865.5,734.5,0.3653,0.0,persistence_half,4,0.67,0.15,beta,half
City-C,T2,10x,2600.0,S6_Q10,routine,M_routine,650,True,7,2719.0,3022.5,0.0,0.0,1.0,persistence_half,4,0.67,0.15,beta,half
City-C,T2,10x,2600.0,S6_Q10,cross_regime,M_stress,650,True,7,2719.0,1865.5,734.5,0.3139,0.0,persistence_half,4,0.67,0.15,beta,half
City-C,T3,1x,200.0,S0a_RoutineOracle,routine,M_routine,650,True,1,482.0,482.0,0.0,0.0,1.0,persistence_half,4,0.67,0.15,beta,half
City-C,T3,1x,200.0,S0a_RoutineOracle,cross_regime,M_stress,650,True,1,482.0,294.1,0.0,0.3897,1.0,persistence_half,4,0.67,0.15,beta,half
City-C,T3,1x,200.0,S0b_StressOracle,routine,M_routine,650,True,1,294.1,482.0,0.0,0.0,1.0,persistence_half,4,0.67,0.15,beta,half
City-C,T3,1x,200.0,S0b_StressOracle,cross_regime,M_stress,650,True,1,294.1,294.1,0.0,0.0,1.0,persistence_half,4,0.67,0.15,beta,half
City-C,T3,1x,200.0,S1_CapRR,routine,M_routine,650,True,1,648.6,482.0,0.0,0.2569,1.0,persistence_half,4,0.67,0.15,beta,half
City-C,T3,1x,200.0,S1_CapRR,cross_regime,M_stress,650,True,1,648.6,294.1,0.0,0.5465,1.0,persistence_half,4,0.67,0.15,beta,half
City-C,T3,1x,200.0,S2_Platform,routine,M_routine,650,True,1,456.8,482.0,0.0,0.0,1.0,persistence_half,4,0.67,0.15,beta,half
City-C,T3,1x,200.0,S2_Platform,cross_regime,M_stress,650,True,1,456.8,294.1,0.0,0.356,1.0,persistence_half,4,0.67,0.15,beta,half
City-C,T3,1x,200.0,S3_Lin4,routine,M_routine,650,True,1,406.7,482.0,0.0,0.0,1.0,persistence_half,4,0.67,0.15,beta,half
City-C,T3,1x,200.0,S3_Lin4,cross_regime,M_stress,650,True,1,406.7,294.1,0.0,0.2767,1.0,persistence_half,4,0.67,0.15,beta,half
City-C,T3,1x,200.0,S4_GlobalCalib,routine,M_routine,650,True,1,432.3,482.0,0.0,0.0,1.0,persistence_half,4,0.67,0.15,beta,half
City-C,T3,1x,200.0,S4_GlobalCalib,cross_regime,M_stress,650,True,1,432.3,294.1,0.0,0.3196,1.0,persistence_half,4,0.67,0.15,beta,half
City-C,T3,1x,200.0,S5_CityCalib,routine,M_routine,650,True,1,436.5,482.0,0.0,0.0,1.0,persistence_half,4,0.67,0.15,beta,half
City-C,T3,1x,200.0,S5_CityCalib,cross_regime,M_stress,650,True,1,436.5,294.1,0.0,0.3262,1.0,persistence_half,4,0.67,0.15,beta,half
City-C,T3,1x,200.0,S6_Q10,routine,M_routine,650,True,1,402.5,482.0,0.0,0.0,1.0,persistence_half,4,0.67,0.15,beta,half
City-C,T3,1x,200.0,S6_Q10,cross_regime,M_stress,650,True,1,402.5,294.1,0.0,0.2691,1.0,persistence_half,4,0.67,0.15,beta,half
City-C,T3,2x,400.0,S0a_RoutineOracle,routine,M_routine,650,True,1,482.0,482.0,0.0,0.0,1.0,persistence_half,4,0.67,0.15,beta,half
City-C,T3,2x,400.0,S0a_RoutineOracle,cross_regime,M_stress,650,True,1,482.0,294.1,105.9,0.3897,0.0,persistence_half,4,0.67,0.15,beta,half
City-C,T3,2x,400.0,S0b_StressOracle,routine,M_routine,650,True,2,560.6,923.8,0.0,0.0,1.0,persistence_half,4,0.67,0.15,beta,half
City-C,T3,2x,400.0,S0b_StressOracle,cross_regime,M_stress,650,True,2,560.6,560.6,0.0,0.0,1.0,persistence_half,4,0.67,0.15,beta,half
City-C,T3,2x,400.0,S1_CapRR,routine,M_routine,650,True,1,648.6,482.0,0.0,0.2569,1.0,persistence_half,4,0.67,0.15,beta,half
City-C,T3,2x,400.0,S1_CapRR,cross_regime,M_stress,650,True,1,648.6,294.1,105.9,0.5465,0.0,persistence_half,4,0.67,0.15,beta,half
City-C,T3,2x,400.0,S2_Platform,routine,M_routine,650,True,1,456.8,482.0,0.0,0.0,1.0,persistence_half,4,0.67,0.15,beta,half
City-C,T3,2x,400.0,S2_Platform,cross_regime,M_stress,650,True,1,456.8,294.1,105.9,0.356,0.0,persistence_half,4,0.67,0.15,beta,half
City-C,T3,2x,400.0,S3_Lin4,routine,M_routine,650,True,1,406.7,482.0,0.0,0.0,1.0,persistence_half,4,0.67,0.15,beta,half
City-C,T3,2x,400.0,S3_Lin4,cross_regime,M_stress,650,True,1,406.7,294.1,105.9,0.2767,0.0,persistence_half,4,0.67,0.15,beta,half
City-C,T3,2x,400.0,S4_GlobalCalib,routine,M_routine,650,True,1,432.3,482.0,0.0,0.0,1.0,persistence_half,4,0.67,0.15,beta,half
City-C,T3,2x,400.0,S4_GlobalCalib,cross_regime,M_stress,650,True,1,432.3,294.1,105.9,0.3196,0.0,persistence_half,4,0.67,0.15,beta,half
City-C,T3,2x,400.0,S5_CityCalib,routine,M_routine,650,True,1,436.5,482.0,0.0,0.0,1.0,persistence_half,4,0.67,0.15,beta,half
City-C,T3,2x,400.0,S5_CityCalib,cross_regime,M_stress,650,True,1,436.5,294.1,105.9,0.3262,0.0,persistence_half,4,0.67,0.15,beta,half
City-C,T3,2x,400.0,S6_Q10,routine,M_routine,650,True,1,402.5,482.0,0.0,0.0,1.0,persistence_half,4,0.67,0.15,beta,half
City-C,T3,2x,400.0,S6_Q10,cross_regime,M_stress,650,True,1,402.5,294.1,105.9,0.2691,0.0,persistence_half,4,0.67,0.15,beta,half
City-C,T3,5x,1000.0,S0a_RoutineOracle,routine,M_routine,650,True,3,1293.1,1293.1,0.0,0.0,1.0,persistence_half,4,0.67,0.15,beta,half
City-C,T3,5x,1000.0,S0a_RoutineOracle,cross_regime,M_stress,650,True,3,1293.1,810.3,189.7,0.3734,0.0,persistence_half,4,0.67,0.15,beta,half
City-C,T3,5x,1000.0,S0b_StressOracle,routine,M_routine,650,True,4,1038.8,1637.3,0.0,0.0,1.0,persistence_half,4,0.67,0.15,beta,half
City-C,T3,5x,1000.0,S0b_StressOracle,cross_regime,M_stress,650,True,4,1038.8,1038.8,0.0,0.0,1.0,persistence_half,4,0.67,0.15,beta,half
City-C,T3,5x,1000.0,S1_CapRR,routine,M_routine,650,True,2,1266.8,923.8,76.2,0.2707,0.0,persistence_half,4,0.67,0.15,beta,half
City-C,T3,5x,1000.0,S1_CapRR,cross_regime,M_stress,650,True,2,1266.8,560.6,439.4,0.5575,0.0,persistence_half,4,0.67,0.15,beta,half
City-C,T3,5x,1000.0,S2_Platform,routine,M_routine,650,True,3,1285.7,1118.1,0.0,0.1304,1.0,persistence_half,4,0.67,0.15,beta,half
City-C,T3,5x,1000.0,S2_Platform,cross_regime,M_stress,650,True,3,1285.7,720.3,279.7,0.4398,0.0,persistence_half,4,0.67,0.15,beta,half
City-C,T3,5x,1000.0,S3_Lin4,routine,M_routine,650,True,3,1178.8,1293.1,0.0,0.0,1.0,persistence_half,4,0.67,0.15,beta,half
City-C,T3,5x,1000.0,S3_Lin4,cross_regime,M_stress,650,True,3,1178.8,810.3,189.7,0.3126,0.0,persistence_half,4,0.67,0.15,beta,half
City-C,T3,5x,1000.0,S4_GlobalCalib,routine,M_routine,650,True,3,1220.5,1293.1,0.0,0.0,1.0,persistence_half,4,0.67,0.15,beta,half
City-C,T3,5x,1000.0,S4_GlobalCalib,cross_regime,M_stress,650,True,3,1220.5,810.3,189.7,0.3361,0.0,persistence_half,4,0.67,0.15,beta,half
City-C,T3,5x,1000.0,S5_CityCalib,routine,M_routine,650,True,3,1232.3,1293.1,0.0,0.0,1.0,persistence_half,4,0.67,0.15,beta,half
City-C,T3,5x,1000.0,S5_CityCalib,cross_regime,M_stress,650,True,3,1232.3,810.3,189.7,0.3425,0.0,persistence_half,4,0.67,0.15,beta,half
City-C,T3,5x,1000.0,S6_Q10,routine,M_routine,650,True,3,1136.4,1293.1,0.0,0.0,1.0,persistence_half,4,0.67,0.15,beta,half
City-C,T3,5x,1000.0,S6_Q10,cross_regime,M_stress,650,True,3,1136.4,810.3,189.7,0.287,0.0,persistence_half,4,0.67,0.15,beta,half
City-C,T3,10x,2000.0,S0a_RoutineOracle,routine,M_routine,650,True,5,2003.7,2003.7,0.0,0.0,1.0,persistence_half,4,0.67,0.15,beta,half
City-C,T3,10x,2000.0,S0a_RoutineOracle,cross_regime,M_stress,650,True,5,2003.7,1218.7,781.3,0.3918,0.0,persistence_half,4,0.67,0.15,beta,half
City-C,T3,10x,2000.0,S0b_StressOracle,routine,M_routine,650,True,9,2096.1,3278.9,0.0,0.0,1.0,persistence_half,4,0.67,0.15,beta,half
City-C,T3,10x,2000.0,S0b_StressOracle,cross_regime,M_stress,650,True,9,2096.1,2096.1,0.0,0.0,1.0,persistence_half,4,0.67,0.15,beta,half
City-C,T3,10x,2000.0,S1_CapRR,routine,M_routine,650,True,4,2346.7,1654.4,345.6,0.295,0.0,persistence_half,4,0.67,0.15,beta,half
City-C,T3,10x,2000.0,S1_CapRR,cross_regime,M_stress,650,True,4,2346.7,1006.6,993.4,0.5711,0.0,persistence_half,4,0.67,0.15,beta,half
City-C,T3,10x,2000.0,S2_Platform,routine,M_routine,650,True,5,2048.1,1780.3,219.7,0.1307,0.0,persistence_half,4,0.67,0.15,beta,half
City-C,T3,10x,2000.0,S2_Platform,cross_regime,M_stress,650,True,5,2048.1,1167.7,832.3,0.4299,0.0,persistence_half,4,0.67,0.15,beta,half
City-C,T3,10x,2000.0,S3_Lin4,routine,M_routine,650,True,6,2273.1,2249.9,0.0,0.0102,1.0,persistence_half,4,0.67,0.15,beta,half
City-C,T3,10x,2000.0,S3_Lin4,cross_regime,M_stress,650,True,6,2273.1,1446.8,553.2,0.3635,0.0,persistence_half,4,0.67,0.15,beta,half
City-C,T3,10x,2000.0,S4_GlobalCalib,routine,M_routine,650,True,6,2236.6,2340.6,0.0,0.0,1.0,persistence_half,4,0.67,0.15,beta,half
City-C,T3,10x,2000.0,S4_GlobalCalib,cross_regime,M_stress,650,True,6,2236.6,1447.3,552.7,0.3529,0.0,persistence_half,4,0.67,0.15,beta,half
City-C,T3,10x,2000.0,S5_CityCalib,routine,M_routine,650,True,6,2257.4,2340.6,0.0,0.0,1.0,persistence_half,4,0.67,0.15,beta,half
City-C,T3,10x,2000.0,S5_CityCalib,cross_regime,M_stress,650,True,6,2257.4,1447.3,552.7,0.3589,0.0,persistence_half,4,0.67,0.15,beta,half
City-C,T3,10x,2000.0,S6_Q10,routine,M_routine,650,True,6,2082.5,2340.6,0.0,0.0,1.0,persistence_half,4,0.67,0.15,beta,half
City-C,T3,10x,2000.0,S6_Q10,cross_regime,M_stress,650,True,6,2082.5,1447.3,552.7,0.305,0.0,persistence_half,4,0.67,0.15,beta,half
City-C,T4,1x,140.0,S0a_RoutineOracle,routine,M_routine,650,True,1,519.3,519.3,0.0,0.0,1.0,persistence_half,4,0.67,0.15,beta,half
City-C,T4,1x,140.0,S0a_RoutineOracle,cross_regime,M_stress,650,True,1,519.3,314.0,0.0,0.3954,1.0,persistence_half,4,0.67,0.15,beta,half
City-C,T4,1x,140.0,S0b_StressOracle,routine,M_routine,650,True,1,323.1,498.9,0.0,0.0,1.0,persistence_half,4,0.67,0.15,beta,half
City-C,T4,1x,140.0,S0b_StressOracle,cross_regime,M_stress,650,True,1,323.1,323.1,0.0,0.0,1.0,persistence_half,4,0.67,0.15,beta,half
City-C,T4,1x,140.0,S1_CapRR,routine,M_routine,650,True,1,737.0,498.9,0.0,0.3231,1.0,persistence_half,4,0.67,0.15,beta,half
City-C,T4,1x,140.0,S1_CapRR,cross_regime,M_stress,650,True,1,737.0,323.1,0.0,0.5616,1.0,persistence_half,4,0.67,0.15,beta,half
City-C,T4,1x,140.0,S2_Platform,routine,M_routine,650,True,1,377.7,352.1,0.0,0.0677,1.0,persistence_half,4,0.67,0.15,beta,half
City-C,T4,1x,140.0,S2_Platform,cross_regime,M_stress,650,True,1,377.7,232.6,0.0,0.3842,1.0,persistence_half,4,0.67,0.15,beta,half
City-C,T4,1x,140.0,S3_Lin4,routine,M_routine,650,True,1,419.4,498.9,0.0,0.0,1.0,persistence_half,4,0.67,0.15,beta,half
City-C,T4,1x,140.0,S3_Lin4,cross_regime,M_stress,650,True,1,419.4,323.1,0.0,0.2295,1.0,persistence_half,4,0.67,0.15,beta,half
City-C,T4,1x,140.0,S4_GlobalCalib,routine,M_routine,650,True,1,490.5,498.9,0.0,0.0,1.0,persistence_half,4,0.67,0.15,beta,half
City-C,T4,1x,140.0,S4_GlobalCalib,cross_regime,M_stress,650,True,1,490.5,323.1,0.0,0.3413,1.0,persistence_half,4,0.67,0.15,beta,half
City-C,T4,1x,140.0,S5_CityCalib,routine,M_routine,650,True,1,495.0,498.9,0.0,0.0,1.0,persistence_half,4,0.67,0.15,beta,half
City-C,T4,1x,140.0,S5_CityCalib,cross_regime,M_stress,650,True,1,495.0,323.1,0.0,0.3472,1.0,persistence_half,4,0.67,0.15,beta,half
City-C,T4,1x,140.0,S6_Q10,routine,M_routine,650,True,1,457.6,498.9,0.0,0.0,1.0,persistence_half,4,0.67,0.15,beta,half
City-C,T4,1x,140.0,S6_Q10,cross_regime,M_stress,650,True,1,457.6,323.1,0.0,0.2939,1.0,persistence_half,4,0.67,0.15,beta,half
City-C,T4,2x,280.0,S0a_RoutineOracle,routine,M_routine,650,True,1,519.3,519.3,0.0,0.0,1.0,persistence_half,4,0.67,0.15,beta,half
City-C,T4,2x,280.0,S0a_RoutineOracle,cross_regime,M_stress,650,True,1,519.3,314.0,0.0,0.3954,1.0,persistence_half,4,0.67,0.15,beta,half
City-C,T4,2x,280.0,S0b_StressOracle,routine,M_routine,650,True,1,323.1,498.9,0.0,0.0,1.0,persistence_half,4,0.67,0.15,beta,half
City-C,T4,2x,280.0,S0b_StressOracle,cross_regime,M_stress,650,True,1,323.1,323.1,0.0,0.0,1.0,persistence_half,4,0.67,0.15,beta,half
City-C,T4,2x,280.0,S1_CapRR,routine,M_routine,650,True,1,737.0,498.9,0.0,0.3231,1.0,persistence_half,4,0.67,0.15,beta,half
City-C,T4,2x,280.0,S1_CapRR,cross_regime,M_stress,650,True,1,737.0,323.1,0.0,0.5616,1.0,persistence_half,4,0.67,0.15,beta,half
City-C,T4,2x,280.0,S2_Platform,routine,M_routine,650,True,1,377.7,352.1,0.0,0.0677,1.0,persistence_half,4,0.67,0.15,beta,half
City-C,T4,2x,280.0,S2_Platform,cross_regime,M_stress,650,True,1,377.7,232.6,47.4,0.3842,0.0,persistence_half,4,0.67,0.15,beta,half
City-C,T4,2x,280.0,S3_Lin4,routine,M_routine,650,True,1,419.4,498.9,0.0,0.0,1.0,persistence_half,4,0.67,0.15,beta,half
City-C,T4,2x,280.0,S3_Lin4,cross_regime,M_stress,650,True,1,419.4,323.1,0.0,0.2295,1.0,persistence_half,4,0.67,0.15,beta,half
City-C,T4,2x,280.0,S4_GlobalCalib,routine,M_routine,650,True,1,490.5,498.9,0.0,0.0,1.0,persistence_half,4,0.67,0.15,beta,half
City-C,T4,2x,280.0,S4_GlobalCalib,cross_regime,M_stress,650,True,1,490.5,323.1,0.0,0.3413,1.0,persistence_half,4,0.67,0.15,beta,half
City-C,T4,2x,280.0,S5_CityCalib,routine,M_routine,650,True,1,495.0,498.9,0.0,0.0,1.0,persistence_half,4,0.67,0.15,beta,half
City-C,T4,2x,280.0,S5_CityCalib,cross_regime,M_stress,650,True,1,495.0,323.1,0.0,0.3472,1.0,persistence_half,4,0.67,0.15,beta,half
City-C,T4,2x,280.0,S6_Q10,routine,M_routine,650,True,1,457.6,498.9,0.0,0.0,1.0,persistence_half,4,0.67,0.15,beta,half
City-C,T4,2x,280.0,S6_Q10,cross_regime,M_stress,650,True,1,457.6,323.1,0.0,0.2939,1.0,persistence_half,4,0.67,0.15,beta,half
City-C,T4,5x,700.0,S0a_RoutineOracle,routine,M_routine,650,True,2,1018.2,1018.2,0.0,0.0,1.0,persistence_half,4,0.67,0.15,beta,half
City-C,T4,5x,700.0,S0a_RoutineOracle,cross_regime,M_stress,650,True,2,1018.2,637.1,62.9,0.3743,0.0,persistence_half,4,0.67,0.15,beta,half
City-C,T4,5x,700.0,S0b_StressOracle,routine,M_routine,650,True,3,909.8,1440.7,0.0,0.0,1.0,persistence_half,4,0.67,0.15,beta,half
City-C,T4,5x,700.0,S0b_StressOracle,cross_regime,M_stress,650,True,3,909.8,909.8,0.0,0.0,1.0,persistence_half,4,0.67,0.15,beta,half
City-C,T4,5x,700.0,S1_CapRR,routine,M_routine,650,True,1,737.0,498.9,201.1,0.3231,0.0,persistence_half,4,0.67,0.15,beta,half
City-C,T4,5x,700.0,S1_CapRR,cross_regime,M_stress,650,True,1,737.0,323.1,376.9,0.5616,0.0,persistence_half,4,0.67,0.15,beta,half
City-C,T4,5x,700.0,S2_Platform,routine,M_routine,650,True,2,738.2,871.4,0.0,0.0,1.0,persistence_half,4,0.67,0.15,beta,half
City-C,T4,5x,700.0,S2_Platform,cross_regime,M_stress,650,True,2,738.2,546.5,153.5,0.2596,0.0,persistence_half,4,0.67,0.15,beta,half
City-C,T4,5x,700.0,S3_Lin4,routine,M_routine,650,True,2,821.3,1018.2,0.0,0.0,1.0,persistence_half,4,0.67,0.15,beta,half
City-C,T4,5x,700.0,S3_Lin4,cross_regime,M_stress,650,True,2,821.3,637.1,62.9,0.2243,0.0,persistence_half,4,0.67,0.15,beta,half
City-C,T4,5x,700.0,S4_GlobalCalib,routine,M_routine,650,True,2,958.0,1018.2,0.0,0.0,1.0,persistence_half,4,0.67,0.15,beta,half
City-C,T4,5x,700.0,S4_GlobalCalib,cross_regime,M_stress,650,True,2,958.0,637.1,62.9,0.335,0.0,persistence_half,4,0.67,0.15,beta,half
City-C,T4,5x,700.0,S5_CityCalib,routine,M_routine,650,True,2,966.6,1018.2,0.0,0.0,1.0,persistence_half,4,0.67,0.15,beta,half
City-C,T4,5x,700.0,S5_CityCalib,cross_regime,M_stress,650,True,2,966.6,637.1,62.9,0.3409,0.0,persistence_half,4,0.67,0.15,beta,half
City-C,T4,5x,700.0,S6_Q10,routine,M_routine,650,True,2,893.8,1018.2,0.0,0.0,1.0,persistence_half,4,0.67,0.15,beta,half
City-C,T4,5x,700.0,S6_Q10,cross_regime,M_stress,650,True,2,893.8,637.1,62.9,0.2872,0.0,persistence_half,4,0.67,0.15,beta,half
City-C,T4,10x,1400.0,S0a_RoutineOracle,routine,M_routine,650,True,3,1444.2,1444.2,0.0,0.0,1.0,persistence_half,4,0.67,0.15,beta,half
City-C,T4,10x,1400.0,S0a_RoutineOracle,cross_regime,M_stress,650,True,3,1444.2,856.9,543.1,0.4067,0.0,persistence_half,4,0.67,0.15,beta,half
City-C,T4,10x,1400.0,S0b_StressOracle,routine,M_routine,650,True,5,1422.2,2209.7,0.0,0.0,1.0,persistence_half,4,0.67,0.15,beta,half
City-C,T4,10x,1400.0,S0b_StressOracle,cross_regime,M_stress,650,True,5,1422.2,1422.2,0.0,0.0,1.0,persistence_half,4,0.67,0.15,beta,half
City-C,T4,10x,1400.0,S1_CapRR,routine,M_routine,650,True,2,1439.5,1018.2,381.8,0.2927,0.0,persistence_half,4,0.67,0.15,beta,half
City-C,T4,10x,1400.0,S1_CapRR,cross_regime,M_stress,650,True,2,1439.5,637.1,762.9,0.5574,0.0,persistence_half,4,0.67,0.15,beta,half
City-C,T4,10x,1400.0,S2_Platform,routine,M_routine,650,True,4,1425.4,1694.9,0.0,0.0,1.0,persistence_half,4,0.67,0.15,beta,half
City-C,T4,10x,1400.0,S2_Platform,cross_regime,M_stress,650,True,4,1425.4,1018.2,381.8,0.2857,0.0,persistence_half,4,0.67,0.15,beta,half
City-C,T4,10x,1400.0,S3_Lin4,routine,M_routine,650,True,4,1597.8,1805.3,0.0,0.0,1.0,persistence_half,4,0.67,0.15,beta,half
City-C,T4,10x,1400.0,S3_Lin4,cross_regime,M_stress,650,True,4,1597.8,1149.9,250.1,0.2804,0.0,persistence_half,4,0.67,0.15,beta,half
City-C,T4,10x,1400.0,S4_GlobalCalib,routine,M_routine,650,True,4,1774.6,1866.7,0.0,0.0,1.0,persistence_half,4,0.67,0.15,beta,half
City-C,T4,10x,1400.0,S4_GlobalCalib,cross_regime,M_stress,650,True,4,1774.6,1129.6,270.4,0.3635,0.0,persistence_half,4,0.67,0.15,beta,half
City-C,T4,10x,1400.0,S5_CityCalib,routine,M_routine,650,True,4,1790.3,1866.7,0.0,0.0,1.0,persistence_half,4,0.67,0.15,beta,half
City-C,T4,10x,1400.0,S5_CityCalib,cross_regime,M_stress,650,True,4,1790.3,1129.6,270.4,0.369,0.0,persistence_half,4,0.67,0.15,beta,half
City-C,T4,10x,1400.0,S6_Q10,routine,M_routine,650,True,4,1655.6,1866.7,0.0,0.0,1.0,persistence_half,4,0.67,0.15,beta,half
City-C,T4,10x,1400.0,S6_Q10,cross_regime,M_stress,650,True,4,1655.6,1129.6,270.4,0.3177,0.0,persistence_half,4,0.67,0.15,beta,half
City-C,T5,1x,160.0,S0a_RoutineOracle,routine,M_routine,650,True,1,460.9,460.9,0.0,0.0,1.0,persistence_half,4,0.67,0.15,beta,half
City-C,T5,1x,160.0,S0a_RoutineOracle,cross_regime,M_stress,650,True,1,460.9,273.9,0.0,0.4058,1.0,persistence_half,4,0.67,0.15,beta,half
City-C,T5,1x,160.0,S0b_StressOracle,routine,M_routine,650,True,1,273.9,460.9,0.0,0.0,1.0,persistence_half,4,0.67,0.15,beta,half
City-C,T5,1x,160.0,S0b_StressOracle,cross_regime,M_stress,650,True,1,273.9,273.9,0.0,0.0,1.0,persistence_half,4,0.67,0.15,beta,half
City-C,T5,1x,160.0,S1_CapRR,routine,M_routine,650,True,1,648.6,437.8,0.0,0.325,1.0,persistence_half,4,0.67,0.15,beta,half
City-C,T5,1x,160.0,S1_CapRR,cross_regime,M_stress,650,True,1,648.6,271.4,0.0,0.5816,1.0,persistence_half,4,0.67,0.15,beta,half
City-C,T5,1x,160.0,S2_Platform,routine,M_routine,650,True,1,451.5,437.8,0.0,0.0303,1.0,persistence_half,4,0.67,0.15,beta,half
City-C,T5,1x,160.0,S2_Platform,cross_regime,M_stress,650,True,1,451.5,271.4,0.0,0.3989,1.0,persistence_half,4,0.67,0.15,beta,half
City-C,T5,1x,160.0,S3_Lin4,routine,M_routine,650,True,1,406.4,437.8,0.0,0.0,1.0,persistence_half,4,0.67,0.15,beta,half
City-C,T5,1x,160.0,S3_Lin4,cross_regime,M_stress,650,True,1,406.4,271.4,0.0,0.3323,1.0,persistence_half,4,0.67,0.15,beta,half
City-C,T5,1x,160.0,S4_GlobalCalib,routine,M_routine,650,True,1,431.9,437.8,0.0,0.0,1.0,persistence_half,4,0.67,0.15,beta,half
City-C,T5,1x,160.0,S4_GlobalCalib,cross_regime,M_stress,650,True,1,431.9,271.4,0.0,0.3717,1.0,persistence_half,4,0.67,0.15,beta,half
City-C,T5,1x,160.0,S5_CityCalib,routine,M_routine,650,True,1,436.2,437.8,0.0,0.0,1.0,persistence_half,4,0.67,0.15,beta,half
City-C,T5,1x,160.0,S5_CityCalib,cross_regime,M_stress,650,True,1,436.2,271.4,0.0,0.3778,1.0,persistence_half,4,0.67,0.15,beta,half
City-C,T5,1x,160.0,S6_Q10,routine,M_routine,650,True,1,402.5,437.8,0.0,0.0,1.0,persistence_half,4,0.67,0.15,beta,half
City-C,T5,1x,160.0,S6_Q10,cross_regime,M_stress,650,True,1,402.5,271.4,0.0,0.3257,1.0,persistence_half,4,0.67,0.15,beta,half
City-C,T5,2x,320.0,S0a_RoutineOracle,routine,M_routine,650,True,1,460.9,460.9,0.0,0.0,1.0,persistence_half,4,0.67,0.15,beta,half
City-C,T5,2x,320.0,S0a_RoutineOracle,cross_regime,M_stress,650,True,1,460.9,273.9,46.1,0.4058,0.0,persistence_half,4,0.67,0.15,beta,half
City-C,T5,2x,320.0,S0b_StressOracle,routine,M_routine,650,True,2,545.3,898.7,0.0,0.0,1.0,persistence_half,4,0.67,0.15,beta,half
City-C,T5,2x,320.0,S0b_StressOracle,cross_regime,M_stress,650,True,2,545.3,545.3,0.0,0.0,1.0,persistence_half,4,0.67,0.15,beta,half
City-C,T5,2x,320.0,S1_CapRR,routine,M_routine,650,True,1,648.6,437.8,0.0,0.325,1.0,persistence_half,4,0.67,0.15,beta,half
City-C,T5,2x,320.0,S1_CapRR,cross_regime,M_stress,650,True,1,648.6,271.4,48.6,0.5816,0.0,persistence_half,4,0.67,0.15,beta,half
City-C,T5,2x,320.0,S2_Platform,routine,M_routine,650,True,1,451.5,437.8,0.0,0.0303,1.0,persistence_half,4,0.67,0.15,beta,half
City-C,T5,2x,320.0,S2_Platform,cross_regime,M_stress,650,True,1,451.5,271.4,48.6,0.3989,0.0,persistence_half,4,0.67,0.15,beta,half
City-C,T5,2x,320.0,S3_Lin4,routine,M_routine,650,True,1,406.4,437.8,0.0,0.0,1.0,persistence_half,4,0.67,0.15,beta,half
City-C,T5,2x,320.0,S3_Lin4,cross_regime,M_stress,650,True,1,406.4,271.4,48.6,0.3323,0.0,persistence_half,4,0.67,0.15,beta,half
City-C,T5,2x,320.0,S4_GlobalCalib,routine,M_routine,650,True,1,431.9,437.8,0.0,0.0,1.0,persistence_half,4,0.67,0.15,beta,half
City-C,T5,2x,320.0,S4_GlobalCalib,cross_regime,M_stress,650,True,1,431.9,271.4,48.6,0.3717,0.0,persistence_half,4,0.67,0.15,beta,half
City-C,T5,2x,320.0,S5_CityCalib,routine,M_routine,650,True,1,436.2,437.8,0.0,0.0,1.0,persistence_half,4,0.67,0.15,beta,half
City-C,T5,2x,320.0,S5_CityCalib,cross_regime,M_stress,650,True,1,436.2,271.4,48.6,0.3778,0.0,persistence_half,4,0.67,0.15,beta,half
City-C,T5,2x,320.0,S6_Q10,routine,M_routine,650,True,1,402.5,437.8,0.0,0.0,1.0,persistence_half,4,0.67,0.15,beta,half
City-C,T5,2x,320.0,S6_Q10,cross_regime,M_stress,650,True,1,402.5,271.4,48.6,0.3257,0.0,persistence_half,4,0.67,0.15,beta,half
City-C,T5,5x,800.0,S0a_RoutineOracle,routine,M_routine,650,True,2,898.7,898.7,0.0,0.0,1.0,persistence_half,4,0.67,0.15,beta,half
City-C,T5,5x,800.0,S0a_RoutineOracle,cross_regime,M_stress,650,True,2,898.7,545.3,254.7,0.3933,0.0,persistence_half,4,0.67,0.15,beta,half
City-C,T5,5x,800.0,S0b_StressOracle,routine,M_routine,650,True,4,1012.3,1598.4,0.0,0.0,1.0,persistence_half,4,0.67,0.15,beta,half
City-C,T5,5x,800.0,S0b_StressOracle,cross_regime,M_stress,650,True,4,1012.3,1012.3,0.0,0.0,1.0,persistence_half,4,0.67,0.15,beta,half
City-C,T5,5x,800.0,S1_CapRR,routine,M_routine,650,True,2,1266.8,898.7,0.0,0.2906,1.0,persistence_half,4,0.67,0.15,beta,half
City-C,T5,5x,800.0,S1_CapRR,cross_regime,M_stress,650,True,2,1266.8,545.3,254.7,0.5696,0.0,persistence_half,4,0.67,0.15,beta,half
City-C,T5,5x,800.0,S2_Platform,routine,M_routine,650,True,2,882.9,793.3,6.7,0.1015,0.0,persistence_half,4,0.67,0.15,beta,half
City-C,T5,5x,800.0,S2_Platform,cross_regime,M_stress,650,True,2,882.9,476.0,324.0,0.4609,0.0,persistence_half,4,0.67,0.15,beta,half
City-C,T5,5x,800.0,S3_Lin4,routine,M_routine,650,True,3,1178.1,1276.9,0.0,0.0,1.0,persistence_half,4,0.67,0.15,beta,half
City-C,T5,5x,800.0,S3_Lin4,cross_regime,M_stress,650,True,3,1178.1,797.1,2.9,0.3234,0.0,persistence_half,4,0.67,0.15,beta,half
City-C,T5,5x,800.0,S4_GlobalCalib,routine,M_routine,650,True,2,843.6,898.7,0.0,0.0,1.0,persistence_half,4,0.67,0.15,beta,half
City-C,T5,5x,800.0,S4_GlobalCalib,cross_regime,M_stress,650,True,2,843.6,545.3,254.7,0.3536,0.0,persistence_half,4,0.67,0.15,beta,half
City-C,T5,5x,800.0,S5_CityCalib,routine,M_routine,650,True,2,851.9,898.7,0.0,0.0,1.0,persistence_half,4,0.67,0.15,beta,half
City-C,T5,5x,800.0,S5_CityCalib,cross_regime,M_stress,650,True,2,851.9,545.3,254.7,0.3599,0.0,persistence_half,4,0.67,0.15,beta,half
City-C,T5,5x,800.0,S6_Q10,routine,M_routine,650,True,3,1136.4,1276.9,0.0,0.0,1.0,persistence_half,4,0.67,0.15,beta,half
City-C,T5,5x,800.0,S6_Q10,cross_regime,M_stress,650,True,3,1136.4,797.1,2.9,0.2986,0.0,persistence_half,4,0.67,0.15,beta,half
City-C,T5,10x,1600.0,S0a_RoutineOracle,routine,M_routine,650,True,4,1644.1,1644.1,0.0,0.0,1.0,persistence_half,4,0.67,0.15,beta,half
City-C,T5,10x,1600.0,S0a_RoutineOracle,cross_regime,M_stress,650,True,4,1644.1,999.2,600.8,0.3922,0.0,persistence_half,4,0.67,0.15,beta,half
City-C,T5,10x,1600.0,S0b_StressOracle,routine,M_routine,650,True,7,1651.6,2557.2,0.0,0.0,1.0,persistence_half,4,0.67,0.15,beta,half
City-C,T5,10x,1600.0,S0b_StressOracle,cross_regime,M_stress,650,True,7,1651.6,1651.6,0.0,0.0,1.0,persistence_half,4,0.67,0.15,beta,half
City-C,T5,10x,1600.0,S1_CapRR,routine,M_routine,650,True,3,1831.4,1276.9,323.1,0.3028,0.0,persistence_half,4,0.67,0.15,beta,half
City-C,T5,10x,1600.0,S1_CapRR,cross_regime,M_stress,650,True,3,1831.4,797.1,802.9,0.5648,0.0,persistence_half,4,0.67,0.15,beta,half
City-C,T5,10x,1600.0,S2_Platform,routine,M_routine,650,True,4,1670.1,1382.8,217.2,0.172,0.0,persistence_half,4,0.67,0.15,beta,half
City-C,T5,10x,1600.0,S2_Platform,cross_regime,M_stress,650,True,4,1670.1,870.5,729.5,0.4788,0.0,persistence_half,4,0.67,0.15,beta,half
City-C,T5,10x,1600.0,S3_Lin4,routine,M_routine,650,True,5,1926.1,1895.3,0.0,0.016,1.0,persistence_half,4,0.67,0.15,beta,half
City-C,T5,10x,1600.0,S3_Lin4,cross_regime,M_stress,650,True,5,1926.1,1222.6,377.4,0.3652,0.0,persistence_half,4,0.67,0.15,beta,half
City-C,T5,10x,1600.0,S4_GlobalCalib,routine,M_routine,650,True,5,1901.9,1999.6,0.0,0.0,1.0,persistence_half,4,0.67,0.15,beta,half
City-C,T5,10x,1600.0,S4_GlobalCalib,cross_regime,M_stress,650,True,5,1901.9,1203.8,396.2,0.3671,0.0,persistence_half,4,0.67,0.15,beta,half
City-C,T5,10x,1600.0,S5_CityCalib,routine,M_routine,650,True,5,1919.9,1999.6,0.0,0.0,1.0,persistence_half,4,0.67,0.15,beta,half
City-C,T5,10x,1600.0,S5_CityCalib,cross_regime,M_stress,650,True,5,1919.9,1203.8,396.2,0.373,0.0,persistence_half,4,0.67,0.15,beta,half
City-C,T5,10x,1600.0,S6_Q10,routine,M_routine,650,True,5,1772.4,1999.6,0.0,0.0,1.0,persistence_half,4,0.67,0.15,beta,half
City-C,T5,10x,1600.0,S6_Q10,cross_regime,M_stress,650,True,5,1772.4,1203.8,396.2,0.3208,0.0,persistence_half,4,0.67,0.15,beta,half
