city,task_id,p_req_level,p_req,strategy,regime,eval_outcome,pool_size,pool_feasible,n_selected,p_commit,p_deliv,shortfall,ocr,success,config_name,seed_id,xi_mean,xi_std,xi_dist,xi_persistence
City-A,T1,1x,180.0,S0a_RoutineOracle,routine,M_routine,800,True,1,647.0,647.0,0.0,0.0,1.0,mean_0.8,9,0.8,0.15,beta,none
City-A,T1,1x,180.0,S0a_RoutineOracle,cross_regime,M_stress,800,True,1,647.0,159.0,21.0,0.7543,0.0,mean_0.8,9,0.8,0.15,beta,none
City-A,T1,1x,180.0,S0b_StressOracle,routine,M_routine,800,True,1,346.7,480.9,0.0,0.0,1.0,mean_0.8,9,0.8,0.15,beta,none
City-A,T1,1x,180.0,S0b_StressOracle,cross_regime,M_stress,800,True,1,346.7,346.7,0.0,0.0,1.0,mean_0.8,9,0.8,0.15,beta,none
City-A,T1,1x,180.0,S1_CapRR,routine,M_routine,800,True,1,678.2,647.0,0.0,0.046,1.0,mean_0.8,9,0.8,0.15,beta,none
City-A,T1,1x,180.0,S1_CapRR,cross_regime,M_stress,800,True,1,678.2,159.0,21.0,0.7656,0.0,mean_0.8,9,0.8,0.15,beta,none
City-A,T1,1x,180.0,S2_Platform,routine,M_routine,800,True,1,421.1,647.0,0.0,0.0,1.0,mean_0.8,9,0.8,0.15,beta,none
City-A,T1,1x,180.0,S2_Platform,cross_regime,M_stress,800,True,1,421.1,159.0,21.0,0.6224,0.0,mean_0.8,9,0.8,0.15,beta,none
City-A,T1,1x,180.0,S3_Lin4,routine,M_routine,800,True,1,585.2,647.0,0.0,0.0,1.0,mean_0.8,9,0.8,0.15,beta,none
City-A,T1,1x,180.0,S3_Lin4,cross_regime,M_stress,800,True,1,585.2,159.0,21.0,0.7283,0.0,mean_0.8,9,0.8,0.15,beta,none
City-A,T1,1x,180.0,S4_GlobalCalib,routine,M_routine,800,True,1,541.8,647.0,0.0,0.0,1.0,mean_0.8,9,0.8,0.15,beta,none
City-A,T1,1x,180.0,S4_GlobalCalib,cross_regime,M_stress,800,True,1,541.8,159.0,21.0,0.7066,0.0,mean_0.8,9,0.8,0.15,beta,none
City-A,T1,1x,180.0,S5_CityCalib,routine,M_routine,800,True,1,539.2,647.0,0.0,0.0,1.0,mean_0.8,9,0.8,0.15,beta,none
City-A,T1,1x,180.0,S5_CityCalib,cross_regime,M_stress,800,True,1,539.2,159.0,21.0,0.7052,0.0,mean_0.8,9,0.8,0.15,beta,none
City-A,T1,1x,180.0,S6_Q10,routine,M_routine,800,True,1,391.9,647.0,0.0,0.0,1.0,mean_0.8,9,0.8,0.15,beta,none
City-A,T1,1x,180.0,S6_Q10,cross_regime,M_stress,800,True,1,391.9,159.0,21.0,0.5944,0.0,mean_0.8,9,0.8,0.15,beta,none
City-A,T1,2x,360.0,S0a_RoutineOracle,routine,M_routine,800,True,1,647.0,647.0,0.0,0.0,1.0,mean_0.8,9,0.8,0.15,beta,none
City-A,T1,2x,360.0,S0a_RoutineOracle,cross_regime,M_stress,800,True,1,647.0,159.0,201.0,0.7543,0.0,mean_0.8,9,0.8,0.15,beta,none
City-A,T1,2x,360.0,S0b_StressOracle,routine,M_routine,800,True,2,684.9,995.4,0.0,0.0,1.0,mean_0.8,9,0.8,0.15,beta,none
City-A,T1,2x,360.0,S0b_StressOracle,cross_regime,M_stress,800,True,2,684.9,684.9,0.0,0.0,1.0,mean_0.8,9,0.8,0.15,beta,none
City-A,T1,2x,360.0,S1_CapRR,routine,M_routine,800,True,1,678.2,647.0,0.0,0.046,1.0,mean_0.8,9,0.8,0.15,beta,none
City-A,T1,2x,360.0,S1_CapRR,cross_regime,M_stress,800,True,1,678.2,159.0,201.0,0.7656,0.0,mean_0.8,9,0.8,0.15,beta,none
City-A,T1,2x,360.0,S2_Platform,routine,M_routine,800,True,1,421.1,647.0,0.0,0.0,1.0,mean_0.8,9,0.8,0.15,beta,none
City-A,T1,2x,360.0,S2_Platform,cross_regime,M_stress,800,True,1,421.1,159.0,201.0,0.6224,0.0,mean_0.8,9,0.8,0.15,beta,none
City-A,T1,2x,360.0,S3_Lin4,routine,M_routine,800,True,1,585.2,647.0,0.0,0.0,1.0,mean_0.8,9,0.8,0.15,beta,none
City-A,T1,2x,360.0,S3_Lin4,cross_regime,M_stress,800,True,1,585.2,159.0,201.0,0.7283,0.0,mean_0.8,9,0.8,0.15,beta,none
City-A,T1,2x,360.0,S4_GlobalCalib,routine,M_routine,800,True,1,541.8,647.0,0.0,0.0,1.0,mean_0.8,9,0.8,0.15,beta,none
City-A,T1,2x,360.0,S4_GlobalCalib,cross_regime,M_stress,800,True,1,541.8,159.0,201.0,0.7066,0.0,mean_0.8,9,0.8,0.15,beta,none
City-A,T1,2x,360.0,S5_CityCalib,routine,M_routine,800,True,1,539.2,647.0,0.0,0.0,1.0,mean_0.8,9,0.8,0.15,beta,none
City-A,T1,2x,360.0,S5_CityCalib,cross_regime,M_stress,800,True,1,539.2,159.0,201.0,0.7052,0.0,mean_0.8,9,0.8,0.15,beta,none
City-A,T1,2x,360.0,S6_Q10,routine,M_routine,800,True,1,391.9,647.0,0.0,0.0,1.0,mean_0.8,9,0.8,0.15,beta,none
City-A,T1,2x,360.0,S6_Q10,cross_regime,M_stress,800,True,1,391.9,159.0,201.0,0.5944,0.0,mean_0.8,9,0.8,0.15,beta,none
City-A,T1,5x,900.0,S0a_RoutineOracle,routine,M_routine,800,True,2,1232.6,1232.6,0.0,0.0,1.0,mean_0.8,9,0.8,0.15,beta,none
City-A,T1,5x,900.0,S0a_RoutineOracle,cross_regime,M_stress,800,True,2,1232.6,497.1,402.9,0.5967,0.0,mean_0.8,9,0.8,0.15,beta,none
City-A,T1,5x,900.0,S0b_StressOracle,routine,M_routine,800,True,3,1023.0,1581.0,0.0,0.0,1.0,mean_0.8,9,0.8,0.15,beta,none
City-A,T1,5x,900.0,S0b_StressOracle,cross_regime,M_stress,800,True,3,1023.0,1023.0,0.0,0.0,1.0,mean_0.8,9,0.8,0.15,beta,none
City-A,T1,5x,900.0,S1_CapRR,routine,M_routine,800,True,2,1293.4,1232.6,0.0,0.047,1.0,mean_0.8,9,0.8,0.15,beta,none
City-A,T1,5x,900.0,S1_CapRR,cross_regime,M_stress,800,True,2,1293.4,497.1,402.9,0.6156,0.0,mean_0.8,9,0.8,0.15,beta,none
City-A,T1,5x,900.0,S2_Platform,routine,M_routine,800,True,3,1202.1,1432.0,0.0,0.0,1.0,mean_0.8,9,0.8,0.15,beta,none
City-A,T1,5x,900.0,S2_Platform,cross_regime,M_stress,800,True,3,1202.1,727.1,172.9,0.3951,0.0,mean_0.8,9,0.8,0.15,beta,none
City-A,T1,5x,900.0,S3_Lin4,routine,M_routine,800,True,2,1046.2,1113.0,0.0,0.0,1.0,mean_0.8,9,0.8,0.15,beta,none
City-A,T1,5x,900.0,S3_Lin4,cross_regime,M_stress,800,True,2,1046.2,394.3,505.7,0.6231,0.0,mean_0.8,9,0.8,0.15,beta,none
City-A,T1,5x,900.0,S4_GlobalCalib,routine,M_routine,800,True,2,1033.3,1232.6,0.0,0.0,1.0,mean_0.8,9,0.8,0.15,beta,none
City-A,T1,5x,900.0,S4_GlobalCalib,cross_regime,M_stress,800,True,2,1033.3,497.1,402.9,0.5189,0.0,mean_0.8,9,0.8,0.15,beta,none
City-A,T1,5x,900.0,S5_CityCalib,routine,M_routine,800,True,2,1028.4,1232.6,0.0,0.0,1.0,mean_0.8,9,0.8,0.15,beta,none
City-A,T1,5x,900.0,S5_CityCalib,cross_regime,M_stress,800,True,2,1028.4,497.1,402.9,0.5166,0.0,mean_0.8,9,0.8,0.15,beta,none
City-A,T1,5x,900.0,S6_Q10,routine,M_routine,800,True,3,1092.1,1698.6,0.0,0.0,1.0,mean_0.8,9,0.8,0.15,beta,none
City-A,T1,5x,900.0,S6_Q10,cross_regime,M_stress,800,True,3,1092.1,732.4,167.6,0.3293,0.0,mean_0.8,9,0.8,0.15,beta,none
City-A,T1,10x,1800.0,S0a_RoutineOracle,routine,M_routine,800,True,4,2236.9,2236.9,0.0,0.0,1.0,mean_0.8,9,0.8,0.15,beta,none
City-A,T1,10x,1800.0,S0a_RoutineOracle,cross_regime,M_stress,800,True,4,2236.9,1147.2,652.8,0.4872,0.0,mean_0.8,9,0.8,0.15,beta,none
City-A,T1,10x,1800.0,S0b_StressOracle,routine,M_routine,800,True,6,1918.3,2813.3,0.0,0.0,1.0,mean_0.8,9,0.8,0.15,beta,none
City-A,T1,10x,1800.0,S0b_StressOracle,cross_regime,M_stress,800,True,6,1918.3,1918.3,0.0,0.0,1.0,mean_0.8,9,0.8,0.15,beta,none
City-A,T1,10x,1800.0,S1_CapRR,routine,M_routine,800,True,3,1889.7,1698.6,101.4,0.1011,0.0,mean_0.8,9,0.8,0.15,beta,none
City-A,T1,10x,1800.0,S1_CapRR,cross_regime,M_stress,800,True,3,1889.7,732.4,1067.6,0.6124,0.0,mean_0.8,9,0.8,0.15,beta,none
City-A,T1,10x,1800.0,S2_Platform,routine,M_routine,800,True,5,1914.5,2231.3,0.0,0.0,1.0,mean_0.8,9,0.8,0.15,beta,none
City-A,T1,10x,1800.0,S2_Platform,cross_regime,M_stress,800,True,5,1914.5,1274.0,526.0,0.3345,0.0,mean_0.8,9,0.8,0.15,beta,none
City-A,T1,10x,1800.0,S3_Lin4,routine,M_routine,800,True,4,1932.1,2213.1,0.0,0.0,1.0,mean_0.8,9,0.8,0.15,beta,none
City-A,T1,10x,1800.0,S3_Lin4,cross_regime,M_stress,800,True,4,1932.1,1070.7,729.3,0.4459,0.0,mean_0.8,9,0.8,0.15,beta,none
City-A,T1,10x,1800.0,S4_GlobalCalib,routine,M_routine,800,True,4,1974.9,2179.5,0.0,0.0,1.0,mean_0.8,9,0.8,0.15,beta,none
City-A,T1,10x,1800.0,S4_GlobalCalib,cross_regime,M_stress,800,True,4,1974.9,1079.1,720.9,0.4536,0.0,mean_0.8,9,0.8,0.15,beta,none
City-A,T1,10x,1800.0,S5_CityCalib,routine,M_routine,800,True,4,1965.7,2179.5,0.0,0.0,1.0,mean_0.8,9,0.8,0.15,beta,none
City-A,T1,10x,1800.0,S5_CityCalib,cross_regime,M_stress,800,True,4,1965.7,1079.1,720.9,0.451,0.0,mean_0.8,9,0.8,0.15,beta,none
City-A,T1,10x,1800.0,S6_Q10,routine,M_routine,800,True,6,2061.2,3183.8,0.0,0.0,1.0,mean_0.8,9,0.8,0.15,beta,none
City-A,T1,10x,1800.0,S6_Q10,cross_regime,M_stress,800,True,6,2061.2,1729.2,70.8,0.1611,0.0,mean_0.8,9,0.8,0.15,beta,none
City-A,T2,1x,260.0,S0a_RoutineOracle,routine,M_routine,800,True,1,558.7,558.7,0.0,0.0,1.0,mean_0.8,9,0.8,0.15,beta,none
City-A,T2,1x,260.0,S0a_RoutineOracle,cross_regime,M_stress,800,True,1,558.7,290.7,0.0,0.4797,1.0,mean_0.8,9,0.8,0.15,beta,none
City-A,T2,1x,260.0,S0b_StressOracle,routine,M_routine,800,True,1,418.1,514.8,0.0,0.0,1.0,mean_0.8,9,0.8,0.15,beta,none
City-A,T2,1x,260.0,S0b_StressOracle,cross_regime,M_stress,800,True,1,418.1,418.1,0.0,0.0,1.0,mean_0.8,9,0.8,0.15,beta,none
City-A,T2,1x,260.0,S1_CapRR,routine,M_routine,800,True,1,678.2,514.8,0.0,0.241,1.0,mean_0.8,9,0.8,0.15,beta,none
City-A,T2,1x,260.0,S1_CapRR,cross_regime,M_stress,800,True,1,678.2,418.1,0.0,0.3836,1.0,mean_0.8,9,0.8,0.15,beta,none
City-A,T2,1x,260.0,S2_Platform,routine,M_routine,800,True,1,441.1,514.8,0.0,0.0,1.0,mean_0.8,9,0.8,0.15,beta,none
City-A,T2,1x,260.0,S2_Platform,cross_regime,M_stress,800,True,1,441.1,418.1,0.0,0.0523,1.0,mean_0.8,9,0.8,0.15,beta,none
City-A,T2,1x,260.0,S3_Lin4,routine,M_routine,800,True,1,581.8,514.8,0.0,0.1153,1.0,mean_0.8,9,0.8,0.15,beta,none
City-A,T2,1x,260.0,S3_Lin4,cross_regime,M_stress,800,True,1,581.8,418.1,0.0,0.2815,1.0,mean_0.8,9,0.8,0.15,beta,none
City-A,T2,1x,260.0,S4_GlobalCalib,routine,M_routine,800,True,1,541.5,514.8,0.0,0.0495,1.0,mean_0.8,9,0.8,0.15,beta,none
City-A,T2,1x,260.0,S4_GlobalCalib,cross_regime,M_stress,800,True,1,541.5,418.1,0.0,0.228,1.0,mean_0.8,9,0.8,0.15,beta,none
City-A,T2,1x,260.0,S5_CityCalib,routine,M_routine,800,True,1,537.9,514.8,0.0,0.043,1.0,mean_0.8,9,0.8,0.15,beta,none
City-A,T2,1x,260.0,S5_CityCalib,cross_regime,M_stress,800,True,1,537.9,418.1,0.0,0.2227,1.0,mean_0.8,9,0.8,0.15,beta,none
City-A,T2,1x,260.0,S6_Q10,routine,M_routine,800,True,1,391.5,514.8,0.0,0.0,1.0,mean_0.8,9,0.8,0.15,beta,none
City-A,T2,1x,260.0,S6_Q10,cross_regime,M_stress,800,True,1,391.5,418.1,0.0,0.0,1.0,mean_0.8,9,0.8,0.15,beta,none
City-A,T2,2x,520.0,S0a_RoutineOracle,routine,M_routine,800,True,1,558.7,558.7,0.0,0.0,1.0,mean_0.8,9,0.8,0.15,beta,none
City-A,T2,2x,520.0,S0a_RoutineOracle,cross_regime,M_stress,800,True,1,558.7,290.7,229.3,0.4797,0.0,mean_0.8,9,0.8,0.15,beta,none
City-A,T2,2x,520.0,S0b_StressOracle,routine,M_routine,800,True,2,786.5,1023.0,0.0,0.0,1.0,mean_0.8,9,0.8,0.15,beta,none
City-A,T2,2x,520.0,S0b_StressOracle,cross_regime,M_stress,800,True,2,786.5,786.5,0.0,0.0,1.0,mean_0.8,9,0.8,0.15,beta,none
City-A,T2,2x,520.0,S1_CapRR,routine,M_routine,800,True,1,678.2,514.8,5.2,0.241,0.0,mean_0.8,9,0.8,0.15,beta,none
City-A,T2,2x,520.0,S1_CapRR,cross_regime,M_stress,800,True,1,678.2,418.1,101.9,0.3836,0.0,mean_0.8,9,0.8,0.15,beta,none
City-A,T2,2x,520.0,S2_Platform,routine,M_routine,800,True,2,849.9,830.6,0.0,0.0227,1.0,mean_0.8,9,0.8,0.15,beta,none
City-A,T2,2x,520.0,S2_Platform,cross_regime,M_stress,800,True,2,849.9,784.5,0.0,0.077,1.0,mean_0.8,9,0.8,0.15,beta,none
City-A,T2,2x,520.0,S3_Lin4,routine,M_routine,800,True,1,581.8,514.8,5.2,0.1153,0.0,mean_0.8,9,0.8,0.15,beta,none
City-A,T2,2x,520.0,S3_Lin4,cross_regime,M_stress,800,True,1,581.8,418.1,101.9,0.2815,0.0,mean_0.8,9,0.8,0.15,beta,none
City-A,T2,2x,520.0,S4_GlobalCalib,routine,M_routine,800,True,1,541.5,514.8,5.2,0.0495,0.0,mean_0.8,9,0.8,0.15,beta,none
City-A,T2,2x,520.0,S4_GlobalCalib,cross_regime,M_stress,800,True,1,541.5,418.1,101.9,0.228,0.0,mean_0.8,9,0.8,0.15,beta,none
City-A,T2,2x,520.0,S5_CityCalib,routine,M_routine,800,True,1,537.9,514.8,5.2,0.043,0.0,mean_0.8,9,0.8,0.15,beta,none
City-A,T2,2x,520.0,S5_CityCalib,cross_regime,M_stress,800,True,1,537.9,418.1,101.9,0.2227,0.0,mean_0.8,9,0.8,0.15,beta,none
City-A,T2,2x,520.0,S6_Q10,routine,M_routine,800,True,2,746.5,830.6,0.0,0.0,1.0,mean_0.8,9,0.8,0.15,beta,none
City-A,T2,2x,520.0,S6_Q10,cross_regime,M_stress,800,True,2,746.5,784.5,0.0,0.0,1.0,mean_0.8,9,0.8,0.15,beta,none
City-A,T2,5x,1300.0,S0a_RoutineOracle,routine,M_routine,800,True,3,1622.4,1622.4,0.0,0.0,1.0,mean_0.8,9,0.8,0.15,beta,none
City-A,T2,5x,1300.0,S0a_RoutineOracle,cross_regime,M_stress,800,True,3,1622.4,856.5,443.5,0.472,0.0,mean_0.8,9,0.8,0.15,beta,none
City-A,T2,5x,1300.0,S0b_StressOracle,routine,M_routine,800,True,4,1491.2,1885.3,0.0,0.0,1.0,mean_0.8,9,0.8,0.15,beta,none
City-A,T2,5x,1300.0,S0b_StressOracle,cross_regime,M_stress,800,True,4,1491.2,1491.2,0.0,0.0,1.0,mean_0.8,9,0.8,0.15,beta,none
City-A,T2,5x,1300.0,S1_CapRR,routine,M_routine,800,True,3,1889.7,1389.3,0.0,0.2648,1.0,mean_0.8,9,0.8,0.15,beta,none
City-A,T2,5x,1300.0,S1_CapRR,cross_regime,M_stress,800,True,3,1889.7,1075.1,224.9,0.431,0.0,mean_0.8,9,0.8,0.15,beta,none
City-A,T2,5x,1300.0,S2_Platform,routine,M_routine,800,True,4,1596.5,1718.4,0.0,0.0,1.0,mean_0.8,9,0.8,0.15,beta,none
City-A,T2,5x,1300.0,S2_Platform,cross_regime,M_stress,800,True,4,1596.5,1279.6,20.4,0.1985,0.0,mean_0.8,9,0.8,0.15,beta,none
City-A,T2,5x,1300.0,S3_Lin4,routine,M_routine,800,True,3,1490.4,1590.7,0.0,0.0,1.0,mean_0.8,9,0.8,0.15,beta,none
City-A,T2,5x,1300.0,S3_Lin4,cross_regime,M_stress,800,True,3,1490.4,936.2,363.8,0.3718,0.0,mean_0.8,9,0.8,0.15,beta,none
City-A,T2,5x,1300.0,S4_GlobalCalib,routine,M_routine,800,True,3,1508.9,1389.3,0.0,0.0793,1.0,mean_0.8,9,0.8,0.15,beta,none
City-A,T2,5x,1300.0,S4_GlobalCalib,cross_regime,M_stress,800,True,3,1508.9,1075.1,224.9,0.2875,0.0,mean_0.8,9,0.8,0.15,beta,none
City-A,T2,5x,1300.0,S5_CityCalib,routine,M_routine,800,True,3,1499.0,1389.3,0.0,0.0732,1.0,mean_0.8,9,0.8,0.15,beta,none
City-A,T2,5x,1300.0,S5_CityCalib,cross_regime,M_stress,800,True,3,1499.0,1075.1,224.9,0.2828,0.0,mean_0.8,9,0.8,0.15,beta,none
City-A,T2,5x,1300.0,S6_Q10,routine,M_routine,800,True,4,1426.9,1897.5,0.0,0.0,1.0,mean_0.8,9,0.8,0.15,beta,none
City-A,T2,5x,1300.0,S6_Q10,cross_regime,M_stress,800,True,4,1426.9,1443.5,0.0,0.0,1.0,mean_0.8,9,0.8,0.15,beta,none
City-A,T2,10x,2600.0,S0a_RoutineOracle,routine,M_routine,800,True,5,2645.4,2645.4,0.0,0.0,1.0,mean_0.8,9,0.8,0.15,beta,none
City-A,T2,10x,2600.0,S0a_RoutineOracle,cross_regime,M_stress,800,True,5,2645.4,1643.0,957.0,0.3789,0.0,mean_0.8,9,0.8,0.15,beta,none
City-A,T2,10x,2600.0,S0b_StressOracle,routine,M_routine,800,True,8,2698.4,3840.2,0.0,0.0,1.0,mean_0.8,9,0.8,0.15,beta,none
City-A,T2,10x,2600.0,S0b_StressOracle,cross_regime,M_stress,800,True,8,2698.4,2698.4,0.0,0.0,1.0,mean_0.8,9,0.8,0.15,beta,none
City-A,T2,10x,2600.0,S1_CapRR,routine,M_routine,800,True,5,3037.3,2444.0,156.0,0.1953,0.0,mean_0.8,9,0.8,0.15,beta,none
City-A,T2,10x,2600.0,S1_CapRR,cross_regime,M_stress,800,True,5,3037.3,1781.9,818.1,0.4133,0.0,mean_0.8,9,0.8,0.15,beta,none
City-A,T2,10x,2600.0,S2_Platform,routine,M_routine,800,True,7,2630.1,3083.0,0.0,0.0,1.0,mean_0.8,9,0.8,0.15,beta,none
City-A,T2,10x,2600.0,S2_Platform,cross_regime,M_stress,800,True,7,2630.1,2136.6,463.4,0.1876,0.0,mean_0.8,9,0.8,0.15,beta,none
City-A,T2,10x,2600.0,S3_Lin4,routine,M_routine,800,True,6,2768.4,2961.2,0.0,0.0,1.0,mean_0.8,9,0.8,0.15,beta,none
City-A,T2,10x,2600.0,S3_Lin4,cross_regime,M_stress,800,True,6,2768.4,2009.4,590.6,0.2742,0.0,mean_0.8,9,0.8,0.15,beta,none
City-A,T2,10x,2600.0,S4_GlobalCalib,routine,M_routine,800,True,6,2847.8,2961.2,0.0,0.0,1.0,mean_0.8,9,0.8,0.15,beta,none
City-A,T2,10x,2600.0,S4_GlobalCalib,cross_regime,M_stress,800,True,6,2847.8,2009.4,590.6,0.2944,0.0,mean_0.8,9,0.8,0.15,beta,none
City-A,T2,10x,2600.0,S5_CityCalib,routine,M_routine,800,True,6,2829.6,2961.2,0.0,0.0,1.0,mean_0.8,9,0.8,0.15,beta,none
City-A,T2,10x,2600.0,S5_CityCalib,cross_regime,M_stress,800,True,6,2829.6,2009.4,590.6,0.2899,0.0,mean_0.8,9,0.8,0.15,beta,none
City-A,T2,10x,2600.0,S6_Q10,routine,M_routine,800,True,8,2656.4,3738.0,0.0,0.0,1.0,mean_0.8,9,0.8,0.15,beta,none
City-A,T2,10x,2600.0,S6_Q10,cross_regime,M_stress,800,True,8,2656.4,2455.5,144.5,0.0756,0.0,mean_0.8,9,0.8,0.15,beta,none
City-A,T3,1x,200.0,S0a_RoutineOracle,routine,M_routine,800,True,1,490.3,490.3,0.0,0.0,1.0,mean_0.8,9,0.8,0.15,beta,none
City-A,T3,1x,200.0,S0a_RoutineOracle,cross_regime,M_stress,800,True,1,490.3,161.3,38.7,0.6709,0.0,mean_0.8,9,0.8,0.15,beta,none
City-A,T3,1x,200.0,S0b_StressOracle,routine,M_routine,800,True,1,327.4,255.2,0.0,0.2207,1.0,mean_0.8,9,0.8,0.15,beta,none
City-A,T3,1x,200.0,S0b_StressOracle,cross_regime,M_stress,800,True,1,327.4,327.4,0.0,0.0,1.0,mean_0.8,9,0.8,0.15,beta,none
City-A,T3,1x,200.0,S1_CapRR,routine,M_routine,800,True,1,596.8,490.3,0.0,0.1785,1.0,mean_0.8,9,0.8,0.15,beta,none
City-A,T3,1x,200.0,S1_CapRR,cross_regime,M_stress,800,True,1,596.8,161.3,38.7,0.7297,0.0,mean_0.8,9,0.8,0.15,beta,none
City-A,T3,1x,200.0,S2_Platform,routine,M_routine,800,True,1,470.7,490.3,0.0,0.0,1.0,mean_0.8,9,0.8,0.15,beta,none
City-A,T3,1x,200.0,S2_Platform,cross_regime,M_stress,800,True,1,470.7,161.3,38.7,0.6572,0.0,mean_0.8,9,0.8,0.15,beta,none
City-A,T3,1x,200.0,S3_Lin4,routine,M_routine,800,True,1,581.1,490.3,0.0,0.1564,1.0,mean_0.8,9,0.8,0.15,beta,none
City-A,T3,1x,200.0,S3_Lin4,cross_regime,M_stress,800,True,1,581.1,161.3,38.7,0.7224,0.0,mean_0.8,9,0.8,0.15,beta,none
City-A,T3,1x,200.0,S4_GlobalCalib,routine,M_routine,800,True,1,475.6,490.3,0.0,0.0,1.0,mean_0.8,9,0.8,0.15,beta,none
City-A,T3,1x,200.0,S4_GlobalCalib,cross_regime,M_stress,800,True,1,475.6,161.3,38.7,0.6608,0.0,mean_0.8,9,0.8,0.15,beta,none
City-A,T3,1x,200.0,S5_CityCalib,routine,M_routine,800,True,1,473.0,490.3,0.0,0.0,1.0,mean_0.8,9,0.8,0.15,beta,none
City-A,T3,1x,200.0,S5_CityCalib,cross_regime,M_stress,800,True,1,473.0,161.3,38.7,0.6589,0.0,mean_0.8,9,0.8,0.15,beta,none
City-A,T3,1x,200.0,S6_Q10,routine,M_routine,800,True,1,344.0,490.3,0.0,0.0,1.0,mean_0.8,9,0.8,0.15,beta,none
City-A,T3,1x,200.0,S6_Q10,cross_regime,M_stress,800,True,1,344.0,161.3,38.7,0.531,0.0,mean_0.8,9,0.8,0.15,beta,none
City-A,T3,2x,400.0,S0a_RoutineOracle,routine,M_routine,800,True,1,490.3,490.3,0.0,0.0,1.0,mean_0.8,9,0.8,0.15,beta,none
City-A,T3,2x,400.0,S0a_RoutineOracle,cross_regime,M_stress,800,True,1,490.3,161.3,238.7,0.6709,0.0,mean_0.8,9,0.8,0.15,beta,none
City-A,T3,2x,400.0,S0b_StressOracle,routine,M_routine,800,True,2,635.7,720.4,0.0,0.0,1.0,mean_0.8,9,0.8,0.15,beta,none
City-A,T3,2x,400.0,S0b_StressOracle,cross_regime,M_stress,800,True,2,635.7,635.7,0.0,0.0,1.0,mean_0.8,9,0.8,0.15,beta,none
City-A,T3,2x,400.0,S1_CapRR,routine,M_routine,800,True,1,596.8,490.3,0.0,0.1785,1.0,mean_0.8,9,0.8,0.15,beta,none
City-A,T3,2x,400.0,S1_CapRR,cross_regime,M_stress,800,True,1,596.8,161.3,238.7,0.7297,0.0,mean_0.8,9,0.8,0.15,beta,none
City-A,T3,2x,400.0,S2_Platform,routine,M_routine,800,True,1,470.7,490.3,0.0,0.0,1.0,mean_0.8,9,0.8,0.15,beta,none
City-A,T3,2x,400.0,S2_Platform,cross_regime,M_stress,800,True,1,470.7,161.3,238.7,0.6572,0.0,mean_0.8,9,0.8,0.15,beta,none
City-A,T3,2x,400.0,S3_Lin4,routine,M_routine,800,True,1,581.1,490.3,0.0,0.1564,1.0,mean_0.8,9,0.8,0.15,beta,none
City-A,T3,2x,400.0,S3_Lin4,cross_regime,M_stress,800,True,1,581.1,161.3,238.7,0.7224,0.0,mean_0.8,9,0.8,0.15,beta,none
City-A,T3,2x,400.0,S4_GlobalCalib,routine,M_routine,800,True,1,475.6,490.3,0.0,0.0,1.0,mean_0.8,9,0.8,0.15,beta,none
City-A,T3,2x,400.0,S4_GlobalCalib,cross_regime,M_stress,800,True,1,475.6,161.3,238.7,0.6608,0.0,mean_0.8,9,0.8,0.15,beta,none
City-A,T3,2x,400.0,S5_CityCalib,routine,M_routine,800,True,1,473.0,490.3,0.0,0.0,1.0,mean_0.8,9,0.8,0.15,beta,none
City-A,T3,2x,400.0,S5_CityCalib,cross_regime,M_stress,800,True,1,473.0,161.3,238.7,0.6589,0.0,mean_0.8,9,0.8,0.15,beta,none
City-A,T3,2x,400.0,S6_Q10,routine,M_routine,800,True,2,656.0,955.5,0.0,0.0,1.0,mean_0.8,9,0.8,0.15,beta,none
City-A,T3,2x,400.0,S6_Q10,cross_regime,M_stress,800,True,2,656.0,469.6,0.0,0.284,1.0,mean_0.8,9,0.8,0.15,beta,none
City-A,T3,5x,1000.0,S0a_RoutineOracle,routine,M_routine,800,True,3,1367.4,1367.4,0.0,0.0,1.0,mean_0.8,9,0.8,0.15,beta,none
City-A,T3,5x,1000.0,S0a_RoutineOracle,cross_regime,M_stress,800,True,3,1367.4,736.0,264.0,0.4617,0.0,mean_0.8,9,0.8,0.15,beta,none
City-A,T3,5x,1000.0,S0b_StressOracle,routine,M_routine,800,True,4,1203.9,1489.5,0.0,0.0,1.0,mean_0.8,9,0.8,0.15,beta,none
City-A,T3,5x,1000.0,S0b_StressOracle,cross_regime,M_stress,800,True,4,1203.9,1203.9,0.0,0.0,1.0,mean_0.8,9,0.8,0.15,beta,none
City-A,T3,5x,1000.0,S1_CapRR,routine,M_routine,800,True,2,1138.1,955.5,44.5,0.1604,0.0,mean_0.8,9,0.8,0.15,beta,none
City-A,T3,5x,1000.0,S1_CapRR,cross_regime,M_stress,800,True,2,1138.1,469.6,530.4,0.5873,0.0,mean_0.8,9,0.8,0.15,beta,none
City-A,T3,5x,1000.0,S2_Platform,routine,M_routine,800,True,3,1264.8,1232.6,0.0,0.0255,1.0,mean_0.8,9,0.8,0.15,beta,none
City-A,T3,5x,1000.0,S2_Platform,cross_regime,M_stress,800,True,3,1264.8,667.8,332.2,0.472,0.0,mean_0.8,9,0.8,0.15,beta,none
City-A,T3,5x,1000.0,S3_Lin4,routine,M_routine,800,True,2,1030.5,884.8,115.2,0.1414,0.0,mean_0.8,9,0.8,0.15,beta,none
City-A,T3,5x,1000.0,S3_Lin4,cross_regime,M_stress,800,True,2,1030.5,418.9,581.1,0.5935,0.0,mean_0.8,9,0.8,0.15,beta,none
City-A,T3,5x,1000.0,S4_GlobalCalib,routine,M_routine,800,True,3,1325.2,1350.0,0.0,0.0,1.0,mean_0.8,9,0.8,0.15,beta,none
City-A,T3,5x,1000.0,S4_GlobalCalib,cross_regime,M_stress,800,True,3,1325.2,727.2,272.8,0.4513,0.0,mean_0.8,9,0.8,0.15,beta,none
City-A,T3,5x,1000.0,S5_CityCalib,routine,M_routine,800,True,3,1318.0,1350.0,0.0,0.0,1.0,mean_0.8,9,0.8,0.15,beta,none
City-A,T3,5x,1000.0,S5_CityCalib,cross_regime,M_stress,800,True,3,1318.0,727.2,272.8,0.4483,0.0,mean_0.8,9,0.8,0.15,beta,none
City-A,T3,5x,1000.0,S6_Q10,routine,M_routine,800,True,4,1253.8,1605.2,0.0,0.0,1.0,mean_0.8,9,0.8,0.15,beta,none
City-A,T3,5x,1000.0,S6_Q10,cross_regime,M_stress,800,True,4,1253.8,1054.6,0.0,0.1589,1.0,mean_0.8,9,0.8,0.15,beta,none
City-A,T3,10x,2000.0,S0a_RoutineOracle,routine,M_routine,800,True,5,2177.0,2177.0,0.0,0.0,1.0,mean_0.8,9,0.8,0.15,beta,none
City-A,T3,10x,2000.0,S0a_RoutineOracle,cross_regime,M_stress,800,True,5,2177.0,1227.6,772.4,0.4361,0.0,mean_0.8,9,0.8,0.15,beta,none
City-A,T3,10x,2000.0,S0b_StressOracle,routine,M_routine,800,True,7,2010.6,2649.9,0.0,0.0,1.0,mean_0.8,9,0.8,0.15,beta,none
City-A,T3,10x,2000.0,S0b_StressOracle,cross_regime,M_stress,800,True,7,2010.6,2010.6,0.0,0.0,1.0,mean_0.8,9,0.8,0.15,beta,none
City-A,T3,10x,2000.0,S1_CapRR,routine,M_routine,800,True,4,2175.3,1605.2,394.8,0.2621,0.0,mean_0.8,9,0.8,0.15,beta,none
City-A,T3,10x,2000.0,S1_CapRR,cross_regime,M_stress,800,True,4,2175.3,1054.6,945.4,0.5152,0.0,mean_0.8,9,0.8,0.15,beta,none
City-A,T3,10x,2000.0,S2_Platform,routine,M_routine,800,True,6,2357.9,2332.6,0.0,0.0107,1.0,mean_0.8,9,0.8,0.15,beta,none
City-A,T3,10x,2000.0,S2_Platform,cross_regime,M_stress,800,True,6,2357.9,1570.3,429.7,0.334,0.0,mean_0.8,9,0.8,0.15,beta,none
City-A,T3,10x,2000.0,S3_Lin4,routine,M_routine,800,True,5,2303.1,2012.8,0.0,0.126,1.0,mean_0.8,9,0.8,0.15,beta,none
City-A,T3,10x,2000.0,S3_Lin4,cross_regime,M_stress,800,True,5,2303.1,1285.8,714.2,0.4417,0.0,mean_0.8,9,0.8,0.15,beta,none
City-A,T3,10x,2000.0,S4_GlobalCalib,routine,M_routine,800,True,5,2130.0,1953.0,47.0,0.0831,0.0,mean_0.8,9,0.8,0.15,beta,none
City-A,T3,10x,2000.0,S4_GlobalCalib,cross_regime,M_stress,800,True,5,2130.0,1303.5,696.5,0.388,0.0,mean_0.8,9,0.8,0.15,beta,none
City-A,T3,10x,2000.0,S5_CityCalib,routine,M_routine,800,True,5,2118.6,1953.0,47.0,0.0782,0.0,mean_0.8,9,0.8,0.15,beta,none
City-A,T3,10x,2000.0,S5_CityCalib,cross_regime,M_stress,800,True,5,2118.6,1303.5,696.5,0.3847,0.0,mean_0.8,9,0.8,0.15,beta,none
City-A,T3,10x,2000.0,S6_Q10,routine,M_routine,800,True,7,2073.3,2742.1,0.0,0.0,1.0,mean_0.8,9,0.8,0.15,beta,none
City-A,T3,10x,2000.0,S6_Q10,cross_regime,M_stress,800,True,7,2073.3,1808.6,191.4,0.1277,0.0,mean_0.8,9,0.8,0.15,beta,none
City-A,T4,1x,140.0,S0a_RoutineOracle,routine,M_routine,800,True,1,587.5,587.5,0.0,0.0,1.0,mean_0.8,9,0.8,0.15,beta,none
City-A,T4,1x,140.0,S0a_RoutineOracle,cross_regime,M_stress,800,True,1,587.5,330.3,0.0,0.4378,1.0,mean_0.8,9,0.8,0.15,beta,none
City-A,T4,1x,140.0,S0b_StressOracle,routine,M_routine,800,True,1,333.7,317.0,0.0,0.05,1.0,mean_0.8,9,0.8,0.15,beta,none
City-A,T4,1x,140.0,S0b_StressOracle,cross_regime,M_stress,800,True,1,333.7,333.7,0.0,0.0,1.0,mean_0.8,9,0.8,0.15,beta,none
City-A,T4,1x,140.0,S1_CapRR,routine,M_routine,800,True,1,678.2,587.5,0.0,0.1336,1.0,mean_0.8,9,0.8,0.15,beta,none
City-A,T4,1x,140.0,S1_CapRR,cross_regime,M_stress,800,True,1,678.2,330.3,0.0,0.513,1.0,mean_0.8,9,0.8,0.15,beta,none
City-A,T4,1x,140.0,S2_Platform,routine,M_routine,800,True,1,299.2,419.9,0.0,0.0,1.0,mean_0.8,9,0.8,0.15,beta,none
City-A,T4,1x,140.0,S2_Platform,cross_regime,M_stress,800,True,1,299.2,229.9,0.0,0.2316,1.0,mean_0.8,9,0.8,0.15,beta,none
City-A,T4,1x,140.0,S3_Lin4,routine,M_routine,800,True,1,584.3,587.5,0.0,0.0,1.0,mean_0.8,9,0.8,0.15,beta,none
City-A,T4,1x,140.0,S3_Lin4,cross_regime,M_stress,800,True,1,584.3,330.3,0.0,0.4347,1.0,mean_0.8,9,0.8,0.15,beta,none
City-A,T4,1x,140.0,S4_GlobalCalib,routine,M_routine,800,True,1,539.8,587.5,0.0,0.0,1.0,mean_0.8,9,0.8,0.15,beta,none
City-A,T4,1x,140.0,S4_GlobalCalib,cross_regime,M_stress,800,True,1,539.8,330.3,0.0,0.3881,1.0,mean_0.8,9,0.8,0.15,beta,none
City-A,T4,1x,140.0,S5_CityCalib,routine,M_routine,800,True,1,539.9,587.5,0.0,0.0,1.0,mean_0.8,9,0.8,0.15,beta,none
City-A,T4,1x,140.0,S5_CityCalib,cross_regime,M_stress,800,True,1,539.9,330.3,0.0,0.3882,1.0,mean_0.8,9,0.8,0.15,beta,none
City-A,T4,1x,140.0,S6_Q10,routine,M_routine,800,True,1,390.9,587.5,0.0,0.0,1.0,mean_0.8,9,0.8,0.15,beta,none
City-A,T4,1x,140.0,S6_Q10,cross_regime,M_stress,800,True,1,390.9,330.3,0.0,0.1551,1.0,mean_0.8,9,0.8,0.15,beta,none
City-A,T4,2x,280.0,S0a_RoutineOracle,routine,M_routine,800,True,1,587.5,587.5,0.0,0.0,1.0,mean_0.8,9,0.8,0.15,beta,none
City-A,T4,2x,280.0,S0a_RoutineOracle,cross_regime,M_stress,800,True,1,587.5,330.3,0.0,0.4378,1.0,mean_0.8,9,0.8,0.15,beta,none
City-A,T4,2x,280.0,S0b_StressOracle,routine,M_routine,800,True,1,333.7,317.0,0.0,0.05,1.0,mean_0.8,9,0.8,0.15,beta,none
City-A,T4,2x,280.0,S0b_StressOracle,cross_regime,M_stress,800,True,1,333.7,333.7,0.0,0.0,1.0,mean_0.8,9,0.8,0.15,beta,none
City-A,T4,2x,280.0,S1_CapRR,routine,M_routine,800,True,1,678.2,587.5,0.0,0.1336,1.0,mean_0.8,9,0.8,0.15,beta,none
City-A,T4,2x,280.0,S1_CapRR,cross_regime,M_stress,800,True,1,678.2,330.3,0.0,0.513,1.0,mean_0.8,9,0.8,0.15,beta,none
City-A,T4,2x,280.0,S2_Platform,routine,M_routine,800,True,1,299.2,419.9,0.0,0.0,1.0,mean_0.8,9,0.8,0.15,beta,none
City-A,T4,2x,280.0,S2_Platform,cross_regime,M_stress,800,True,1,299.2,229.9,50.1,0.2316,0.0,mean_0.8,9,0.8,0.15,beta,none
City-A,T4,2x,280.0,S3_Lin4,routine,M_routine,800,True,1,584.3,587.5,0.0,0.0,1.0,mean_0.8,9,0.8,0.15,beta,none
City-A,T4,2x,280.0,S3_Lin4,cross_regime,M_stress,800,True,1,584.3,330.3,0.0,0.4347,1.0,mean_0.8,9,0.8,0.15,beta,none
City-A,T4,2x,280.0,S4_GlobalCalib,routine,M_routine,800,True,1,539.8,587.5,0.0,0.0,1.0,mean_0.8,9,0.8,0.15,beta,none
City-A,T4,2x,280.0,S4_GlobalCalib,cross_regime,M_stress,800,True,1,539.8,330.3,0.0,0.3881,1.0,mean_0.8,9,0.8,0.15,beta,none
City-A,T4,2x,280.0,S5_CityCalib,routine,M_routine,800,True,1,539.9,587.5,0.0,0.0,1.0,mean_0.8,9,0.8,0.15,beta,none
City-A,T4,2x,280.0,S5_CityCalib,cross_regime,M_stress,800,True,1,539.9,330.3,0.0,0.3882,1.0,mean_0.8,9,0.8,0.15,beta,none
City-A,T4,2x,280.0,S6_Q10,routine,M_routine,800,True,1,390.9,587.5,0.0,0.0,1.0,mean_0.8,9,0.8,0.15,beta,none
City-A,T4,2x,280.0,S6_Q10,cross_regime,M_stress,800,True,1,390.9,330.3,0.0,0.1551,1.0,mean_0.8,9,0.8,0.15,beta,none
City-A,T4,5x,700.0,S0a_RoutineOracle,routine,M_routine,800,True,2,1140.3,1140.3,0.0,0.0,1.0,mean_0.8,9,0.8,0.15,beta,none
City-A,T4,5x,700.0,S0a_RoutineOracle,cross_regime,M_stress,800,True,2,1140.3,620.8,79.2,0.4555,0.0,mean_0.8,9,0.8,0.15,beta,none
City-A,T4,5x,700.0,S0b_StressOracle,routine,M_routine,800,True,3,991.7,1299.6,0.0,0.0,1.0,mean_0.8,9,0.8,0.15,beta,none
City-A,T4,5x,700.0,S0b_StressOracle,cross_regime,M_stress,800,True,3,991.7,991.7,0.0,0.0,1.0,mean_0.8,9,0.8,0.15,beta,none
City-A,T4,5x,700.0,S1_CapRR,routine,M_routine,800,True,2,1293.4,1007.5,0.0,0.221,1.0,mean_0.8,9,0.8,0.15,beta,none
City-A,T4,5x,700.0,S1_CapRR,cross_regime,M_stress,800,True,2,1293.4,560.2,139.8,0.5669,0.0,mean_0.8,9,0.8,0.15,beta,none
City-A,T4,5x,700.0,S2_Platform,routine,M_routine,800,True,3,870.0,1149.5,0.0,0.0,1.0,mean_0.8,9,0.8,0.15,beta,none
City-A,T4,5x,700.0,S2_Platform,cross_regime,M_stress,800,True,3,870.0,761.6,0.0,0.1246,1.0,mean_0.8,9,0.8,0.15,beta,none
City-A,T4,5x,700.0,S3_Lin4,routine,M_routine,800,True,2,1045.1,1140.3,0.0,0.0,1.0,mean_0.8,9,0.8,0.15,beta,none
City-A,T4,5x,700.0,S3_Lin4,cross_regime,M_stress,800,True,2,1045.1,620.8,79.2,0.406,0.0,mean_0.8,9,0.8,0.15,beta,none
City-A,T4,5x,700.0,S4_GlobalCalib,routine,M_routine,800,True,2,1029.4,1007.5,0.0,0.0214,1.0,mean_0.8,9,0.8,0.15,beta,none
City-A,T4,5x,700.0,S4_GlobalCalib,cross_regime,M_stress,800,True,2,1029.4,560.2,139.8,0.4558,0.0,mean_0.8,9,0.8,0.15,beta,none
City-A,T4,5x,700.0,S5_CityCalib,routine,M_routine,800,True,2,1029.6,1007.5,0.0,0.0215,1.0,mean_0.8,9,0.8,0.15,beta,none
City-A,T4,5x,700.0,S5_CityCalib,cross_regime,M_stress,800,True,2,1029.6,560.2,139.8,0.4559,0.0,mean_0.8,9,0.8,0.15,beta,none
City-A,T4,5x,700.0,S6_Q10,routine,M_routine,800,True,2,745.5,1007.5,0.0,0.0,1.0,mean_0.8,9,0.8,0.15,beta,none
City-A,T4,5x,700.0,S6_Q10,cross_regime,M_stress,800,True,2,745.5,560.2,139.8,0.2486,0.0,mean_0.8,9,0.8,0.15,beta,none
City-A,T4,10x,1400.0,S0a_RoutineOracle,routine,M_routine,800,True,3,1640.3,1640.3,0.0,0.0,1.0,mean_0.8,9,0.8,0.15,beta,none
City-A,T4,10x,1400.0,S0a_RoutineOracle,cross_regime,M_stress,800,True,3,1640.3,927.1,472.9,0.4348,0.0,mean_0.8,9,0.8,0.15,beta,none
City-A,T4,10x,1400.0,S0b_StressOracle,routine,M_routine,800,True,5,1604.6,2257.9,0.0,0.0,1.0,mean_0.8,9,0.8,0.15,beta,none
City-A,T4,10x,1400.0,S0b_StressOracle,cross_regime,M_stress,800,True,5,1604.6,1604.6,0.0,0.0,1.0,mean_0.8,9,0.8,0.15,beta,none
City-A,T4,10x,1400.0,S1_CapRR,routine,M_routine,800,True,3,1889.7,1560.2,0.0,0.1743,1.0,mean_0.8,9,0.8,0.15,beta,none
City-A,T4,10x,1400.0,S1_CapRR,cross_regime,M_stress,800,True,3,1889.7,850.8,549.2,0.5498,0.0,mean_0.8,9,0.8,0.15,beta,none
City-A,T4,10x,1400.0,S2_Platform,routine,M_routine,800,True,5,1424.2,1765.0,0.0,0.0,1.0,mean_0.8,9,0.8,0.15,beta,none
City-A,T4,10x,1400.0,S2_Platform,cross_regime,M_stress,800,True,5,1424.2,1298.5,101.5,0.0883,0.0,mean_0.8,9,0.8,0.15,beta,none
City-A,T4,10x,1400.0,S3_Lin4,routine,M_routine,800,True,3,1498.3,1640.3,0.0,0.0,1.0,mean_0.8,9,0.8,0.15,beta,none
City-A,T4,10x,1400.0,S3_Lin4,cross_regime,M_stress,800,True,3,1498.3,927.1,472.9,0.3812,0.0,mean_0.8,9,0.8,0.15,beta,none
City-A,T4,10x,1400.0,S4_GlobalCalib,routine,M_routine,800,True,3,1504.1,1560.2,0.0,0.0,1.0,mean_0.8,9,0.8,0.15,beta,none
City-A,T4,10x,1400.0,S4_GlobalCalib,cross_regime,M_stress,800,True,3,1504.1,850.8,549.2,0.4344,0.0,mean_0.8,9,0.8,0.15,beta,none
City-A,T4,10x,1400.0,S5_CityCalib,routine,M_routine,800,True,3,1504.4,1560.2,0.0,0.0,1.0,mean_0.8,9,0.8,0.15,beta,none
City-A,T4,10x,1400.0,S5_CityCalib,cross_regime,M_stress,800,True,3,1504.4,850.8,549.2,0.4345,0.0,mean_0.8,9,0.8,0.15,beta,none
City-A,T4,10x,1400.0,S6_Q10,routine,M_routine,800,True,4,1425.0,1892.5,0.0,0.0,1.0,mean_0.8,9,0.8,0.15,beta,none
City-A,T4,10x,1400.0,S6_Q10,cross_regime,M_stress,800,True,4,1425.0,985.2,414.8,0.3086,0.0,mean_0.8,9,0.8,0.15,beta,none
City-A,T5,1x,160.0,S0a_RoutineOracle,routine,M_routine,800,True,1,498.2,498.2,0.0,0.0,1.0,mean_0.8,9,0.8,0.15,beta,none
City-A,T5,1x,160.0,S0a_RoutineOracle,cross_regime,M_stress,800,True,1,498.2,220.7,0.0,0.5571,1.0,mean_0.8,9,0.8,0.15,beta,none
City-A,T5,1x,160.0,S0b_StressOracle,routine,M_routine,800,True,1,295.1,464.2,0.0,0.0,1.0,mean_0.8,9,0.8,0.15,beta,none
City-A,T5,1x,160.0,S0b_StressOracle,cross_regime,M_stress,800,True,1,295.1,295.1,0.0,0.0,1.0,mean_0.8,9,0.8,0.15,beta,none
City-A,T5,1x,160.0,S1_CapRR,routine,M_routine,800,True,1,596.8,366.7,0.0,0.3855,1.0,mean_0.8,9,0.8,0.15,beta,none
City-A,T5,1x,160.0,S1_CapRR,cross_regime,M_stress,800,True,1,596.8,242.1,0.0,0.5943,1.0,mean_0.8,9,0.8,0.15,beta,none
City-A,T5,1x,160.0,S2_Platform,routine,M_routine,800,True,1,485.5,366.7,0.0,0.2447,1.0,mean_0.8,9,0.8,0.15,beta,none
City-A,T5,1x,160.0,S2_Platform,cross_regime,M_stress,800,True,1,485.5,242.1,0.0,0.5013,1.0,mean_0.8,9,0.8,0.15,beta,none
City-A,T5,1x,160.0,S3_Lin4,routine,M_routine,800,True,1,583.1,366.7,0.0,0.3711,1.0,mean_0.8,9,0.8,0.15,beta,none
City-A,T5,1x,160.0,S3_Lin4,cross_regime,M_stress,800,True,1,583.1,242.1,0.0,0.5848,1.0,mean_0.8,9,0.8,0.15,beta,none
City-A,T5,1x,160.0,S4_GlobalCalib,routine,M_routine,800,True,1,477.3,366.7,0.0,0.2317,1.0,mean_0.8,9,0.8,0.15,beta,none
City-A,T5,1x,160.0,S4_GlobalCalib,cross_regime,M_stress,800,True,1,477.3,242.1,0.0,0.4927,1.0,mean_0.8,9,0.8,0.15,beta,none
City-A,T5,1x,160.0,S5_CityCalib,routine,M_routine,800,True,1,477.2,366.7,0.0,0.2316,1.0,mean_0.8,9,0.8,0.15,beta,none
City-A,T5,1x,160.0,S5_CityCalib,cross_regime,M_stress,800,True,1,477.2,242.1,0.0,0.4926,1.0,mean_0.8,9,0.8,0.15,beta,none
City-A,T5,1x,160.0,S6_Q10,routine,M_routine,800,True,1,344.2,366.7,0.0,0.0,1.0,mean_0.8,9,0.8,0.15,beta,none
City-A,T5,1x,160.0,S6_Q10,cross_regime,M_stress,800,True,1,344.2,242.1,0.0,0.2965,1.0,mean_0.8,9,0.8,0.15,beta,none
City-A,T5,2x,320.0,S0a_RoutineOracle,routine,M_routine,800,True,1,498.2,498.2,0.0,0.0,1.0,mean_0.8,9,0.8,0.15,beta,none
City-A,T5,2x,320.0,S0a_RoutineOracle,cross_regime,M_stress,800,True,1,498.2,220.7,99.3,0.5571,0.0,mean_0.8,9,0.8,0.15,beta,none
City-A,T5,2x,320.0,S0b_StressOracle,routine,M_routine,800,True,2,566.3,692.9,0.0,0.0,1.0,mean_0.8,9,0.8,0.15,beta,none
City-A,T5,2x,320.0,S0b_StressOracle,cross_regime,M_stress,800,True,2,566.3,566.3,0.0,0.0,1.0,mean_0.8,9,0.8,0.15,beta,none
City-A,T5,2x,320.0,S1_CapRR,routine,M_routine,800,True,1,596.8,366.7,0.0,0.3855,1.0,mean_0.8,9,0.8,0.15,beta,none
City-A,T5,2x,320.0,S1_CapRR,cross_regime,M_stress,800,True,1,596.8,242.1,77.9,0.5943,0.0,mean_0.8,9,0.8,0.15,beta,none
City-A,T5,2x,320.0,S2_Platform,routine,M_routine,800,True,1,485.5,366.7,0.0,0.2447,1.0,mean_0.8,9,0.8,0.15,beta,none
City-A,T5,2x,320.0,S2_Platform,cross_regime,M_stress,800,True,1,485.5,242.1,77.9,0.5013,0.0,mean_0.8,9,0.8,0.15,beta,none
City-A,T5,2x,320.0,S3_Lin4,routine,M_routine,800,True,1,583.1,366.7,0.0,0.3711,1.0,mean_0.8,9,0.8,0.15,beta,none
City-A,T5,2x,320.0,S3_Lin4,cross_regime,M_stress,800,True,1,583.1,242.1,77.9,0.5848,0.0,mean_0.8,9,0.8,0.15,beta,none
City-A,T5,2x,320.0,S4_GlobalCalib,routine,M_routine,800,True,1,477.3,366.7,0.0,0.2317,1.0,mean_0.8,9,0.8,0.15,beta,none
City-A,T5,2x,320.0,S4_GlobalCalib,cross_regime,M_stress,800,True,1,477.3,242.1,77.9,0.4927,0.0,mean_0.8,9,0.8,0.15,beta,none
City-A,T5,2x,320.0,S5_CityCalib,routine,M_routine,800,True,1,477.2,366.7,0.0,0.2316,1.0,mean_0.8,9,0.8,0.15,beta,none
City-A,T5,2x,320.0,S5_CityCalib,cross_regime,M_stress,800,True,1,477.2,242.1,77.9,0.4926,0.0,mean_0.8,9,0.8,0.15,beta,none
City-A,T5,2x,320.0,S6_Q10,routine,M_routine,800,True,1,344.2,366.7,0.0,0.0,1.0,mean_0.8,9,0.8,0.15,beta,none
City-A,T5,2x,320.0,S6_Q10,cross_regime,M_stress,800,True,1,344.2,242.1,77.9,0.2965,0.0,mean_0.8,9,0.8,0.15,beta,none
City-A,T5,5x,800.0,S0a_RoutineOracle,routine,M_routine,800,True,2,962.3,962.3,0.0,0.0,1.0,mean_0.8,9,0.8,0.15,beta,none
City-A,T5,5x,800.0,S0a_RoutineOracle,cross_regime,M_stress,800,True,2,962.3,515.7,284.3,0.4641,0.0,mean_0.8,9,0.8,0.15,beta,none
City-A,T5,5x,800.0,S0b_StressOracle,routine,M_routine,800,True,3,815.8,1024.4,0.0,0.0,1.0,mean_0.8,9,0.8,0.15,beta,none
City-A,T5,5x,800.0,S0b_StressOracle,cross_regime,M_stress,800,True,3,815.8,815.8,0.0,0.0,1.0,mean_0.8,9,0.8,0.15,beta,none
City-A,T5,5x,800.0,S1_CapRR,routine,M_routine,800,True,2,1138.1,657.2,142.8,0.4225,0.0,mean_0.8,9,0.8,0.15,beta,none
City-A,T5,5x,800.0,S1_CapRR,cross_regime,M_stress,800,True,2,1138.1,451.1,348.9,0.6036,0.0,mean_0.8,9,0.8,0.15,beta,none
City-A,T5,5x,800.0,S2_Platform,routine,M_routine,800,True,2,897.6,698.2,101.8,0.2221,0.0,mean_0.8,9,0.8,0.15,beta,none
City-A,T5,5x,800.0,S2_Platform,cross_regime,M_stress,800,True,2,897.6,491.7,308.3,0.4522,0.0,mean_0.8,9,0.8,0.15,beta,none
City-A,T5,5x,800.0,S3_Lin4,routine,M_routine,800,True,2,1034.2,830.9,0.0,0.1966,1.0,mean_0.8,9,0.8,0.15,beta,none
City-A,T5,5x,800.0,S3_Lin4,cross_regime,M_stress,800,True,2,1034.2,537.2,262.8,0.4805,0.0,mean_0.8,9,0.8,0.15,beta,none
City-A,T5,5x,800.0,S4_GlobalCalib,routine,M_routine,800,True,2,910.1,657.2,142.8,0.2778,0.0,mean_0.8,9,0.8,0.15,beta,none
City-A,T5,5x,800.0,S4_GlobalCalib,cross_regime,M_stress,800,True,2,910.1,451.1,348.9,0.5043,0.0,mean_0.8,9,0.8,0.15,beta,none
City-A,T5,5x,800.0,S5_CityCalib,routine,M_routine,800,True,2,910.1,657.2,142.8,0.2779,0.0,mean_0.8,9,0.8,0.15,beta,none
City-A,T5,5x,800.0,S5_CityCalib,cross_regime,M_stress,800,True,2,910.1,451.1,348.9,0.5043,0.0,mean_0.8,9,0.8,0.15,beta,none
City-A,T5,5x,800.0,S6_Q10,routine,M_routine,800,True,3,959.0,1121.4,0.0,0.0,1.0,mean_0.8,9,0.8,0.15,beta,none
City-A,T5,5x,800.0,S6_Q10,cross_regime,M_stress,800,True,3,959.0,746.2,53.8,0.2219,0.0,mean_0.8,9,0.8,0.15,beta,none
City-A,T5,10x,1600.0,S0a_RoutineOracle,routine,M_routine,800,True,4,1813.1,1813.1,0.0,0.0,1.0,mean_0.8,9,0.8,0.15,beta,none
City-A,T5,10x,1600.0,S0a_RoutineOracle,cross_regime,M_stress,800,True,4,1813.1,864.7,735.3,0.5231,0.0,mean_0.8,9,0.8,0.15,beta,none
City-A,T5,10x,1600.0,S0b_StressOracle,routine,M_routine,800,True,7,1783.5,2407.5,0.0,0.0,1.0,mean_0.8,9,0.8,0.15,beta,none
City-A,T5,10x,1600.0,S0b_StressOracle,cross_regime,M_stress,800,True,7,1783.5,1783.5,0.0,0.0,1.0,mean_0.8,9,0.8,0.15,beta,none
City-A,T5,10x,1600.0,S1_CapRR,routine,M_routine,800,True,3,1662.9,1121.4,478.6,0.3256,0.0,mean_0.8,9,0.8,0.15,beta,none
City-A,T5,10x,1600.0,S1_CapRR,cross_regime,M_stress,800,True,3,1662.9,746.2,853.8,0.5513,0.0,mean_0.8,9,0.8,0.15,beta,none
City-A,T5,10x,1600.0,S2_Platform,routine,M_routine,800,True,4,1696.8,1660.6,0.0,0.0214,1.0,mean_0.8,9,0.8,0.15,beta,none
City-A,T5,10x,1600.0,S2_Platform,cross_regime,M_stress,800,True,4,1696.8,1007.4,592.6,0.4063,0.0,mean_0.8,9,0.8,0.15,beta,none
City-A,T5,10x,1600.0,S3_Lin4,routine,M_routine,800,True,4,1897.6,1550.4,49.6,0.183,0.0,mean_0.8,9,0.8,0.15,beta,none
City-A,T5,10x,1600.0,S3_Lin4,cross_regime,M_stress,800,True,4,1897.6,895.1,704.9,0.5283,0.0,mean_0.8,9,0.8,0.15,beta,none
City-A,T5,10x,1600.0,S4_GlobalCalib,routine,M_routine,800,True,4,1739.4,1619.6,0.0,0.0689,1.0,mean_0.8,9,0.8,0.15,beta,none
City-A,T5,10x,1600.0,S4_GlobalCalib,cross_regime,M_stress,800,True,4,1739.4,966.9,633.1,0.4441,0.0,mean_0.8,9,0.8,0.15,beta,none
City-A,T5,10x,1600.0,S5_CityCalib,routine,M_routine,800,True,4,1739.6,1619.6,0.0,0.069,1.0,mean_0.8,9,0.8,0.15,beta,none
City-A,T5,10x,1600.0,S5_CityCalib,cross_regime,M_stress,800,True,4,1739.6,966.9,633.1,0.4442,0.0,mean_0.8,9,0.8,0.15,beta,none
City-A,T5,10x,1600.0,S6_Q10,routine,M_routine,800,True,6,1810.0,2380.1,0.0,0.0,1.0,mean_0.8,9,0.8,0.15,beta,none
City-A,T5,10x,1600.0,S6_Q10,cross_regime,M_stress,800,True,6,1810.0,1365.3,234.7,0.2457,0.0,mean_0.8,9,0.8,0.15,beta,none
City-B,T1,1x,180.0,S0a_RoutineOracle,routine,M_routine,500,True,1,828.2,828.2,0.0,0.0,1.0,mean_0.8,9,0.8,0.15,beta,none
City-B,T1,1x,180.0,S0a_RoutineOracle,cross_regime,M_stress,500,True,1,828.2,504.1,0.0,0.3913,1.0,mean_0.8,9,0.8,0.15,beta,none
City-B,T1,1x,180.0,S0b_StressOracle,routine,M_routine,500,True,1,504.1,828.2,0.0,0.0,1.0,mean_0.8,9,0.8,0.15,beta,none
City-B,T1,1x,180.0,S0b_StressOracle,cross_regime,M_stress,500,True,1,504.1,504.1,0.0,0.0,1.0,mean_0.8,9,0.8,0.15,beta,none
City-B,T1,1x,180.0,S1_CapRR,routine,M_routine,500,True,1,846.0,828.2,0.0,0.021,1.0,mean_0.8,9,0.8,0.15,beta,none
City-B,T1,1x,180.0,S1_CapRR,cross_regime,M_stress,500,True,1,846.0,504.1,0.0,0.4041,1.0,mean_0.8,9,0.8,0.15,beta,none
City-B,T1,1x,180.0,S2_Platform,routine,M_routine,500,True,1,561.1,487.2,0.0,0.1318,1.0,mean_0.8,9,0.8,0.15,beta,none
City-B,T1,1x,180.0,S2_Platform,cross_regime,M_stress,500,True,1,561.1,286.2,0.0,0.4899,1.0,mean_0.8,9,0.8,0.15,beta,none
City-B,T1,1x,180.0,S3_Lin4,routine,M_routine,500,True,1,557.2,703.2,0.0,0.0,1.0,mean_0.8,9,0.8,0.15,beta,none
City-B,T1,1x,180.0,S3_Lin4,cross_regime,M_stress,500,True,1,557.2,383.4,0.0,0.3119,1.0,mean_0.8,9,0.8,0.15,beta,none
City-B,T1,1x,180.0,S4_GlobalCalib,routine,M_routine,500,True,1,675.9,828.2,0.0,0.0,1.0,mean_0.8,9,0.8,0.15,beta,none
City-B,T1,1x,180.0,S4_GlobalCalib,cross_regime,M_stress,500,True,1,675.9,504.1,0.0,0.2542,1.0,mean_0.8,9,0.8,0.15,beta,none
City-B,T1,1x,180.0,S5_CityCalib,routine,M_routine,500,True,1,674.6,828.2,0.0,0.0,1.0,mean_0.8,9,0.8,0.15,beta,none
City-B,T1,1x,180.0,S5_CityCalib,cross_regime,M_stress,500,True,1,674.6,504.1,0.0,0.2527,1.0,mean_0.8,9,0.8,0.15,beta,none
City-B,T1,1x,180.0,S6_Q10,routine,M_routine,500,True,1,488.9,828.2,0.0,0.0,1.0,mean_0.8,9,0.8,0.15,beta,none
City-B,T1,1x,180.0,S6_Q10,cross_regime,M_stress,500,True,1,488.9,504.1,0.0,0.0,1.0,mean_0.8,9,0.8,0.15,beta,none
City-B,T1,2x,360.0,S0a_RoutineOracle,routine,M_routine,500,True,1,828.2,828.2,0.0,0.0,1.0,mean_0.8,9,0.8,0.15,beta,none
City-B,T1,2x,360.0,S0a_RoutineOracle,cross_regime,M_stress,500,True,1,828.2,504.1,0.0,0.3913,1.0,mean_0.8,9,0.8,0.15,beta,none
City-B,T1,2x,360.0,S0b_StressOracle,routine,M_routine,500,True,1,504.1,828.2,0.0,0.0,1.0,mean_0.8,9,0.8,0.15,beta,none
City-B,T1,2x,360.0,S0b_StressOracle,cross_regime,M_stress,500,True,1,504.1,504.1,0.0,0.0,1.0,mean_0.8,9,0.8,0.15,beta,none
City-B,T1,2x,360.0,S1_CapRR,routine,M_routine,500,True,1,846.0,828.2,0.0,0.021,1.0,mean_0.8,9,0.8,0.15,beta,none
City-B,T1,2x,360.0,S1_CapRR,cross_regime,M_stress,500,True,1,846.0,504.1,0.0,0.4041,1.0,mean_0.8,9,0.8,0.15,beta,none
City-B,T1,2x,360.0,S2_Platform,routine,M_routine,500,True,1,561.1,487.2,0.0,0.1318,1.0,mean_0.8,9,0.8,0.15,beta,none
City-B,T1,2x,360.0,S2_Platform,cross_regime,M_stress,500,True,1,561.1,286.2,73.8,0.4899,0.0,mean_0.8,9,0.8,0.15,beta,none
City-B,T1,2x,360.0,S3_Lin4,routine,M_routine,500,True,1,557.2,703.2,0.0,0.0,1.0,mean_0.8,9,0.8,0.15,beta,none
City-B,T1,2x,360.0,S3_Lin4,cross_regime,M_stress,500,True,1,557.2,383.4,0.0,0.3119,1.0,mean_0.8,9,0.8,0.15,beta,none
City-B,T1,2x,360.0,S4_GlobalCalib,routine,M_routine,500,True,1,675.9,828.2,0.0,0.0,1.0,mean_0.8,9,0.8,0.15,beta,none
City-B,T1,2x,360.0,S4_GlobalCalib,cross_regime,M_stress,500,True,1,675.9,504.1,0.0,0.2542,1.0,mean_0.8,9,0.8,0.15,beta,none
City-B,T1,2x,360.0,S5_CityCalib,routine,M_routine,500,True,1,674.6,828.2,0.0,0.0,1.0,mean_0.8,9,0.8,0.15,beta,none
City-B,T1,2x,360.0,S5_CityCalib,cross_regime,M_stress,500,True,1,674.6,504.1,0.0,0.2527,1.0,mean_0.8,9,0.8,0.15,beta,none
City-B,T1,2x,360.0,S6_Q10,routine,M_routine,500,True,1,488.9,828.2,0.0,0.0,1.0,mean_0.8,9,0.8,0.15,beta,none
City-B,T1,2x,360.0,S6_Q10,cross_regime,M_stress,500,True,1,488.9,504.1,0.0,0.0,1.0,mean_0.8,9,0.8,0.15,beta,none
City-B,T1,5x,900.0,S0a_RoutineOracle,routine,M_routine,500,True,2,1531.4,1531.4,0.0,0.0,1.0,mean_0.8,9,0.8,0.15,beta,none
City-B,T1,5x,900.0,S0a_RoutineOracle,cross_regime,M_stress,500,True,2,1531.4,887.6,12.4,0.4204,0.0,mean_0.8,9,0.8,0.15,beta,none
City-B,T1,5x,900.0,S0b_StressOracle,routine,M_routine,500,True,2,965.1,1460.4,0.0,0.0,1.0,mean_0.8,9,0.8,0.15,beta,none
City-B,T1,5x,900.0,S0b_StressOracle,cross_regime,M_stress,500,True,2,965.1,965.1,0.0,0.0,1.0,mean_0.8,9,0.8,0.15,beta,none
City-B,T1,5x,900.0,S1_CapRR,routine,M_routine,500,True,2,1688.0,1460.4,0.0,0.1348,1.0,mean_0.8,9,0.8,0.15,beta,none
City-B,T1,5x,900.0,S1_CapRR,cross_regime,M_stress,500,True,2,1688.0,965.1,0.0,0.4282,1.0,mean_0.8,9,0.8,0.15,beta,none
City-B,T1,5x,900.0,S2_Platform,routine,M_routine,500,True,2,1112.3,1190.4,0.0,0.0,1.0,mean_0.8,9,0.8,0.15,beta,none
City-B,T1,5x,900.0,S2_Platform,cross_regime,M_stress,500,True,2,1112.3,669.7,230.3,0.398,0.0,mean_0.8,9,0.8,0.15,beta,none
City-B,T1,5x,900.0,S3_Lin4,routine,M_routine,500,True,2,1107.0,1190.4,0.0,0.0,1.0,mean_0.8,9,0.8,0.15,beta,none
City-B,T1,5x,900.0,S3_Lin4,cross_regime,M_stress,500,True,2,1107.0,669.7,230.3,0.3951,0.0,mean_0.8,9,0.8,0.15,beta,none
City-B,T1,5x,900.0,S4_GlobalCalib,routine,M_routine,500,True,2,1348.6,1460.4,0.0,0.0,1.0,mean_0.8,9,0.8,0.15,beta,none
City-B,T1,5x,900.0,S4_GlobalCalib,cross_regime,M_stress,500,True,2,1348.6,965.1,0.0,0.2844,1.0,mean_0.8,9,0.8,0.15,beta,none
City-B,T1,5x,900.0,S5_CityCalib,routine,M_routine,500,True,2,1345.9,1460.4,0.0,0.0,1.0,mean_0.8,9,0.8,0.15,beta,none
City-B,T1,5x,900.0,S5_CityCalib,cross_regime,M_stress,500,True,2,1345.9,965.1,0.0,0.283,1.0,mean_0.8,9,0.8,0.15,beta,none
City-B,T1,5x,900.0,S6_Q10,routine,M_routine,500,True,2,975.5,1460.4,0.0,0.0,1.0,mean_0.8,9,0.8,0.15,beta,none
City-B,T1,5x,900.0,S6_Q10,cross_regime,M_stress,500,True,2,975.5,965.1,0.0,0.0107,1.0,mean_0.8,9,0.8,0.15,beta,none
City-B,T1,10x,1800.0,S0a_RoutineOracle,routine,M_routine,500,True,3,2163.6,2163.6,0.0,0.0,1.0,mean_0.8,9,0.8,0.15,beta,none
City-B,T1,10x,1800.0,S0a_RoutineOracle,cross_regime,M_stress,500,True,3,2163.6,1348.5,451.5,0.3767,0.0,mean_0.8,9,0.8,0.15,beta,none
City-B,T1,10x,1800.0,S0b_StressOracle,routine,M_routine,500,True,5,2164.0,3274.9,0.0,0.0,1.0,mean_0.8,9,0.8,0.15,beta,none
City-B,T1,10x,1800.0,S0b_StressOracle,cross_regime,M_stress,500,True,5,2164.0,2164.0,0.0,0.0,1.0,mean_0.8,9,0.8,0.15,beta,none
City-B,T1,10x,1800.0,S1_CapRR,routine,M_routine,500,True,3,2504.5,2163.6,0.0,0.1361,1.0,mean_0.8,9,0.8,0.15,beta,none
City-B,T1,10x,1800.0,S1_CapRR,cross_regime,M_stress,500,True,3,2504.5,1348.5,451.5,0.4616,0.0,mean_0.8,9,0.8,0.15,beta,none
City-B,T1,10x,1800.0,S2_Platform,routine,M_routine,500,True,4,2163.2,2650.8,0.0,0.0,1.0,mean_0.8,9,0.8,0.15,beta,none
City-B,T1,10x,1800.0,S2_Platform,cross_regime,M_stress,500,True,4,2163.2,1634.8,165.2,0.2443,0.0,mean_0.8,9,0.8,0.15,beta,none
City-B,T1,10x,1800.0,S3_Lin4,routine,M_routine,500,True,4,2195.7,2650.8,0.0,0.0,1.0,mean_0.8,9,0.8,0.15,beta,none
City-B,T1,10x,1800.0,S3_Lin4,cross_regime,M_stress,500,True,4,2195.7,1634.8,165.2,0.2555,0.0,mean_0.8,9,0.8,0.15,beta,none
City-B,T1,10x,1800.0,S4_GlobalCalib,routine,M_routine,500,True,3,2001.0,2163.6,0.0,0.0,1.0,mean_0.8,9,0.8,0.15,beta,none
City-B,T1,10x,1800.0,S4_GlobalCalib,cross_regime,M_stress,500,True,3,2001.0,1348.5,451.5,0.3261,0.0,mean_0.8,9,0.8,0.15,beta,none
City-B,T1,10x,1800.0,S5_CityCalib,routine,M_routine,500,True,3,1997.0,2163.6,0.0,0.0,1.0,mean_0.8,9,0.8,0.15,beta,none
City-B,T1,10x,1800.0,S5_CityCalib,cross_regime,M_stress,500,True,3,1997.0,1348.5,451.5,0.3247,0.0,mean_0.8,9,0.8,0.15,beta,none
City-B,T1,10x,1800.0,S6_Q10,routine,M_routine,500,True,4,1909.0,2650.8,0.0,0.0,1.0,mean_0.8,9,0.8,0.15,beta,none
City-B,T1,10x,1800.0,S6_Q10,cross_regime,M_stress,500,True,4,1909.0,1634.8,165.2,0.1437,0.0,mean_0.8,9,0.8,0.15,beta,none
City-B,T2,1x,260.0,S0a_RoutineOracle,routine,M_routine,500,True,1,782.5,782.5,0.0,0.0,1.0,mean_0.8,9,0.8,0.15,beta,none
City-B,T2,1x,260.0,S0a_RoutineOracle,cross_regime,M_stress,500,True,1,782.5,465.9,0.0,0.4047,1.0,mean_0.8,9,0.8,0.15,beta,none
City-B,T2,1x,260.0,S0b_StressOracle,routine,M_routine,500,True,1,517.0,676.6,0.0,0.0,1.0,mean_0.8,9,0.8,0.15,beta,none
City-B,T2,1x,260.0,S0b_StressOracle,cross_regime,M_stress,500,True,1,517.0,517.0,0.0,0.0,1.0,mean_0.8,9,0.8,0.15,beta,none
City-B,T2,1x,260.0,S1_CapRR,routine,M_routine,500,True,1,846.0,782.5,0.0,0.075,1.0,mean_0.8,9,0.8,0.15,beta,none
City-B,T2,1x,260.0,S1_CapRR,cross_regime,M_stress,500,True,1,846.0,465.9,0.0,0.4494,1.0,mean_0.8,9,0.8,0.15,beta,none
City-B,T2,1x,260.0,S2_Platform,routine,M_routine,500,True,1,557.0,667.1,0.0,0.0,1.0,mean_0.8,9,0.8,0.15,beta,none
City-B,T2,1x,260.0,S2_Platform,cross_regime,M_stress,500,True,1,557.0,436.9,0.0,0.2157,1.0,mean_0.8,9,0.8,0.15,beta,none
City-B,T2,1x,260.0,S3_Lin4,routine,M_routine,500,True,1,556.8,676.6,0.0,0.0,1.0,mean_0.8,9,0.8,0.15,beta,none
City-B,T2,1x,260.0,S3_Lin4,cross_regime,M_stress,500,True,1,556.8,517.0,0.0,0.0714,1.0,mean_0.8,9,0.8,0.15,beta,none
City-B,T2,1x,260.0,S4_GlobalCalib,routine,M_routine,500,True,1,675.6,782.5,0.0,0.0,1.0,mean_0.8,9,0.8,0.15,beta,none
City-B,T2,1x,260.0,S4_GlobalCalib,cross_regime,M_stress,500,True,1,675.6,465.9,0.0,0.3105,1.0,mean_0.8,9,0.8,0.15,beta,none
City-B,T2,1x,260.0,S5_CityCalib,routine,M_routine,500,True,1,677.5,782.5,0.0,0.0,1.0,mean_0.8,9,0.8,0.15,beta,none
City-B,T2,1x,260.0,S5_CityCalib,cross_regime,M_stress,500,True,1,677.5,465.9,0.0,0.3124,1.0,mean_0.8,9,0.8,0.15,beta,none
City-B,T2,1x,260.0,S6_Q10,routine,M_routine,500,True,1,488.3,782.5,0.0,0.0,1.0,mean_0.8,9,0.8,0.15,beta,none
City-B,T2,1x,260.0,S6_Q10,cross_regime,M_stress,500,True,1,488.3,465.9,0.0,0.046,1.0,mean_0.8,9,0.8,0.15,beta,none
City-B,T2,2x,520.0,S0a_RoutineOracle,routine,M_routine,500,True,1,782.5,782.5,0.0,0.0,1.0,mean_0.8,9,0.8,0.15,beta,none
City-B,T2,2x,520.0,S0a_RoutineOracle,cross_regime,M_stress,500,True,1,782.5,465.9,54.1,0.4047,0.0,mean_0.8,9,0.8,0.15,beta,none
City-B,T2,2x,520.0,S0b_StressOracle,routine,M_routine,500,True,2,982.8,1459.1,0.0,0.0,1.0,mean_0.8,9,0.8,0.15,beta,none
City-B,T2,2x,520.0,S0b_StressOracle,cross_regime,M_stress,500,True,2,982.8,982.8,0.0,0.0,1.0,mean_0.8,9,0.8,0.15,beta,none
City-B,T2,2x,520.0,S1_CapRR,routine,M_routine,500,True,1,846.0,782.5,0.0,0.075,1.0,mean_0.8,9,0.8,0.15,beta,none
City-B,T2,2x,520.0,S1_CapRR,cross_regime,M_stress,500,True,1,846.0,465.9,54.1,0.4494,0.0,mean_0.8,9,0.8,0.15,beta,none
City-B,T2,2x,520.0,S2_Platform,routine,M_routine,500,True,1,557.0,667.1,0.0,0.0,1.0,mean_0.8,9,0.8,0.15,beta,none
City-B,T2,2x,520.0,S2_Platform,cross_regime,M_stress,500,True,1,557.0,436.9,83.1,0.2157,0.0,mean_0.8,9,0.8,0.15,beta,none
City-B,T2,2x,520.0,S3_Lin4,routine,M_routine,500,True,1,556.8,676.6,0.0,0.0,1.0,mean_0.8,9,0.8,0.15,beta,none
City-B,T2,2x,520.0,S3_Lin4,cross_regime,M_stress,500,True,1,556.8,517.0,3.0,0.0714,0.0,mean_0.8,9,0.8,0.15,beta,none
City-B,T2,2x,520.0,S4_GlobalCalib,routine,M_routine,500,True,1,675.6,782.5,0.0,0.0,1.0,mean_0.8,9,0.8,0.15,beta,none
City-B,T2,2x,520.0,S4_GlobalCalib,cross_regime,M_stress,500,True,1,675.6,465.9,54.1,0.3105,0.0,mean_0.8,9,0.8,0.15,beta,none
City-B,T2,2x,520.0,S5_CityCalib,routine,M_routine,500,True,1,677.5,782.5,0.0,0.0,1.0,mean_0.8,9,0.8,0.15,beta,none
City-B,T2,2x,520.0,S5_CityCalib,cross_regime,M_stress,500,True,1,677.5,465.9,54.1,0.3124,0.0,mean_0.8,9,0.8,0.15,beta,none
City-B,T2,2x,520.0,S6_Q10,routine,M_routine,500,True,2,974.3,1284.8,0.0,0.0,1.0,mean_0.8,9,0.8,0.15,beta,none
City-B,T2,2x,520.0,S6_Q10,cross_regime,M_stress,500,True,2,974.3,894.5,0.0,0.082,1.0,mean_0.8,9,0.8,0.15,beta,none
City-B,T2,5x,1300.0,S0a_RoutineOracle,routine,M_routine,500,True,2,1459.1,1459.1,0.0,0.0,1.0,mean_0.8,9,0.8,0.15,beta,none
City-B,T2,5x,1300.0,S0a_RoutineOracle,cross_regime,M_stress,500,True,2,1459.1,982.8,317.2,0.3264,0.0,mean_0.8,9,0.8,0.15,beta,none
City-B,T2,5x,1300.0,S0b_StressOracle,routine,M_routine,500,True,3,1419.7,2126.3,0.0,0.0,1.0,mean_0.8,9,0.8,0.15,beta,none
City-B,T2,5x,1300.0,S0b_StressOracle,cross_regime,M_stress,500,True,3,1419.7,1419.7,0.0,0.0,1.0,mean_0.8,9,0.8,0.15,beta,none
City-B,T2,5x,1300.0,S1_CapRR,routine,M_routine,500,True,2,1688.0,1284.8,15.2,0.2389,0.0,mean_0.8,9,0.8,0.15,beta,none
City-B,T2,5x,1300.0,S1_CapRR,cross_regime,M_stress,500,True,2,1688.0,894.5,405.5,0.4701,0.0,mean_0.8,9,0.8,0.15,beta,none
City-B,T2,5x,1300.0,S2_Platform,routine,M_routine,500,True,3,1630.3,1846.0,0.0,0.0,1.0,mean_0.8,9,0.8,0.15,beta,none
City-B,T2,5x,1300.0,S2_Platform,cross_regime,M_stress,500,True,3,1630.3,1382.5,0.0,0.152,1.0,mean_0.8,9,0.8,0.15,beta,none
City-B,T2,5x,1300.0,S3_Lin4,routine,M_routine,500,True,3,1651.4,2126.3,0.0,0.0,1.0,mean_0.8,9,0.8,0.15,beta,none
City-B,T2,5x,1300.0,S3_Lin4,cross_regime,M_stress,500,True,3,1651.4,1419.7,0.0,0.1403,1.0,mean_0.8,9,0.8,0.15,beta,none
City-B,T2,5x,1300.0,S4_GlobalCalib,routine,M_routine,500,True,2,1348.0,1284.8,15.2,0.0469,0.0,mean_0.8,9,0.8,0.15,beta,none
City-B,T2,5x,1300.0,S4_GlobalCalib,cross_regime,M_stress,500,True,2,1348.0,894.5,405.5,0.3365,0.0,mean_0.8,9,0.8,0.15,beta,none
City-B,T2,5x,1300.0,S5_CityCalib,routine,M_routine,500,True,2,1351.8,1284.8,15.2,0.0496,0.0,mean_0.8,9,0.8,0.15,beta,none
City-B,T2,5x,1300.0,S5_CityCalib,cross_regime,M_stress,500,True,2,1351.8,894.5,405.5,0.3383,0.0,mean_0.8,9,0.8,0.15,beta,none
City-B,T2,5x,1300.0,S6_Q10,routine,M_routine,500,True,3,1445.6,1961.4,0.0,0.0,1.0,mean_0.8,9,0.8,0.15,beta,none
City-B,T2,5x,1300.0,S6_Q10,cross_regime,M_stress,500,True,3,1445.6,1411.4,0.0,0.0236,1.0,mean_0.8,9,0.8,0.15,beta,none
City-B,T2,10x,2600.0,S0a_RoutineOracle,routine,M_routine,500,True,4,2694.5,2694.5,0.0,0.0,1.0,mean_0.8,9,0.8,0.15,beta,none
City-B,T2,10x,2600.0,S0a_RoutineOracle,cross_regime,M_stress,500,True,4,2694.5,1806.5,793.5,0.3296,0.0,mean_0.8,9,0.8,0.15,beta,none
City-B,T2,10x,2600.0,S0b_StressOracle,routine,M_routine,500,True,6,2623.8,3737.5,0.0,0.0,1.0,mean_0.8,9,0.8,0.15,beta,none
City-B,T2,10x,2600.0,S0b_StressOracle,cross_regime,M_stress,500,True,6,2623.8,2623.8,0.0,0.0,1.0,mean_0.8,9,0.8,0.15,beta,none
City-B,T2,10x,2600.0,S1_CapRR,routine,M_routine,500,True,4,3303.2,2628.5,0.0,0.2043,1.0,mean_0.8,9,0.8,0.15,beta,none
City-B,T2,10x,2600.0,S1_CapRR,cross_regime,M_stress,500,True,4,3303.2,1848.3,751.7,0.4404,0.0,mean_0.8,9,0.8,0.15,beta,none
City-B,T2,10x,2600.0,S2_Platform,routine,M_routine,500,True,6,2974.4,3699.0,0.0,0.0,1.0,mean_0.8,9,0.8,0.15,beta,none
City-B,T2,10x,2600.0,S2_Platform,cross_regime,M_stress,500,True,6,2974.4,2492.2,107.8,0.1621,0.0,mean_0.8,9,0.8,0.15,beta,none
City-B,T2,10x,2600.0,S3_Lin4,routine,M_routine,500,True,5,2656.3,3169.3,0.0,0.0,1.0,mean_0.8,9,0.8,0.15,beta,none
City-B,T2,10x,2600.0,S3_Lin4,cross_regime,M_stress,500,True,5,2656.3,2237.1,362.9,0.1578,0.0,mean_0.8,9,0.8,0.15,beta,none
City-B,T2,10x,2600.0,S4_GlobalCalib,routine,M_routine,500,True,4,2638.0,2628.5,0.0,0.0036,1.0,mean_0.8,9,0.8,0.15,beta,none
City-B,T2,10x,2600.0,S4_GlobalCalib,cross_regime,M_stress,500,True,4,2638.0,1848.3,751.7,0.2993,0.0,mean_0.8,9,0.8,0.15,beta,none
City-B,T2,10x,2600.0,S5_CityCalib,routine,M_routine,500,True,4,2645.4,2628.5,0.0,0.0064,1.0,mean_0.8,9,0.8,0.15,beta,none
City-B,T2,10x,2600.0,S5_CityCalib,cross_regime,M_stress,500,True,4,2645.4,1848.3,751.7,0.3013,0.0,mean_0.8,9,0.8,0.15,beta,none
City-B,T2,10x,2600.0,S6_Q10,routine,M_routine,500,True,6,2681.5,3737.5,0.0,0.0,1.0,mean_0.8,9,0.8,0.15,beta,none
City-B,T2,10x,2600.0,S6_Q10,cross_regime,M_stress,500,True,6,2681.5,2623.8,0.0,0.0215,1.0,mean_0.8,9,0.8,0.15,beta,none
City-B,T3,1x,200.0,S0a_RoutineOracle,routine,M_routine,500,True,1,703.2,703.2,0.0,0.0,1.0,mean_0.8,9,0.8,0.15,beta,none
City-B,T3,1x,200.0,S0a_RoutineOracle,cross_regime,M_stress,500,True,1,703.2,270.9,0.0,0.6148,1.0,mean_0.8,9,0.8,0.15,beta,none
City-B,T3,1x,200.0,S0b_StressOracle,routine,M_routine,500,True,1,463.3,509.5,0.0,0.0,1.0,mean_0.8,9,0.8,0.15,beta,none
City-B,T3,1x,200.0,S0b_StressOracle,cross_regime,M_stress,500,True,1,463.3,463.3,0.0,0.0,1.0,mean_0.8,9,0.8,0.15,beta,none
City-B,T3,1x,200.0,S1_CapRR,routine,M_routine,500,True,1,744.5,509.5,0.0,0.3156,1.0,mean_0.8,9,0.8,0.15,beta,none
City-B,T3,1x,200.0,S1_CapRR,cross_regime,M_stress,500,True,1,744.5,463.3,0.0,0.3777,1.0,mean_0.8,9,0.8,0.15,beta,none
City-B,T3,1x,200.0,S2_Platform,routine,M_routine,500,True,1,543.2,703.2,0.0,0.0,1.0,mean_0.8,9,0.8,0.15,beta,none
City-B,T3,1x,200.0,S2_Platform,cross_regime,M_stress,500,True,1,543.2,270.9,0.0,0.5012,1.0,mean_0.8,9,0.8,0.15,beta,none
City-B,T3,1x,200.0,S3_Lin4,routine,M_routine,500,True,1,545.7,615.5,0.0,0.0,1.0,mean_0.8,9,0.8,0.15,beta,none
City-B,T3,1x,200.0,S3_Lin4,cross_regime,M_stress,500,True,1,545.7,381.5,0.0,0.3009,1.0,mean_0.8,9,0.8,0.15,beta,none
City-B,T3,1x,200.0,S4_GlobalCalib,routine,M_routine,500,True,1,593.4,509.5,0.0,0.1414,1.0,mean_0.8,9,0.8,0.15,beta,none
City-B,T3,1x,200.0,S4_GlobalCalib,cross_regime,M_stress,500,True,1,593.4,463.3,0.0,0.2193,1.0,mean_0.8,9,0.8,0.15,beta,none
City-B,T3,1x,200.0,S5_CityCalib,routine,M_routine,500,True,1,592.1,509.5,0.0,0.1395,1.0,mean_0.8,9,0.8,0.15,beta,none
City-B,T3,1x,200.0,S5_CityCalib,cross_regime,M_stress,500,True,1,592.1,463.3,0.0,0.2176,1.0,mean_0.8,9,0.8,0.15,beta,none
City-B,T3,1x,200.0,S6_Q10,routine,M_routine,500,True,1,429.1,509.5,0.0,0.0,1.0,mean_0.8,9,0.8,0.15,beta,none
City-B,T3,1x,200.0,S6_Q10,cross_regime,M_stress,500,True,1,429.1,463.3,0.0,0.0,1.0,mean_0.8,9,0.8,0.15,beta,none
City-B,T3,2x,400.0,S0a_RoutineOracle,routine,M_routine,500,True,1,703.2,703.2,0.0,0.0,1.0,mean_0.8,9,0.8,0.15,beta,none
City-B,T3,2x,400.0,S0a_RoutineOracle,cross_regime,M_stress,500,True,1,703.2,270.9,129.1,0.6148,0.0,mean_0.8,9,0.8,0.15,beta,none
City-B,T3,2x,400.0,S0b_StressOracle,routine,M_routine,500,True,1,463.3,509.5,0.0,0.0,1.0,mean_0.8,9,0.8,0.15,beta,none
City-B,T3,2x,400.0,S0b_StressOracle,cross_regime,M_stress,500,True,1,463.3,463.3,0.0,0.0,1.0,mean_0.8,9,0.8,0.15,beta,none
City-B,T3,2x,400.0,S1_CapRR,routine,M_routine,500,True,1,744.5,509.5,0.0,0.3156,1.0,mean_0.8,9,0.8,0.15,beta,none
City-B,T3,2x,400.0,S1_CapRR,cross_regime,M_stress,500,True,1,744.5,463.3,0.0,0.3777,1.0,mean_0.8,9,0.8,0.15,beta,none
City-B,T3,2x,400.0,S2_Platform,routine,M_routine,500,True,1,543.2,703.2,0.0,0.0,1.0,mean_0.8,9,0.8,0.15,beta,none
City-B,T3,2x,400.0,S2_Platform,cross_regime,M_stress,500,True,1,543.2,270.9,129.1,0.5012,0.0,mean_0.8,9,0.8,0.15,beta,none
City-B,T3,2x,400.0,S3_Lin4,routine,M_routine,500,True,1,545.7,615.5,0.0,0.0,1.0,mean_0.8,9,0.8,0.15,beta,none
City-B,T3,2x,400.0,S3_Lin4,cross_regime,M_stress,500,True,1,545.7,381.5,18.5,0.3009,0.0,mean_0.8,9,0.8,0.15,beta,none
City-B,T3,2x,400.0,S4_GlobalCalib,routine,M_routine,500,True,1,593.4,509.5,0.0,0.1414,1.0,mean_0.8,9,0.8,0.15,beta,none
City-B,T3,2x,400.0,S4_GlobalCalib,cross_regime,M_stress,500,True,1,593.4,463.3,0.0,0.2193,1.0,mean_0.8,9,0.8,0.15,beta,none
City-B,T3,2x,400.0,S5_CityCalib,routine,M_routine,500,True,1,592.1,509.5,0.0,0.1395,1.0,mean_0.8,9,0.8,0.15,beta,none
City-B,T3,2x,400.0,S5_CityCalib,cross_regime,M_stress,500,True,1,592.1,463.3,0.0,0.2176,1.0,mean_0.8,9,0.8,0.15,beta,none
City-B,T3,2x,400.0,S6_Q10,routine,M_routine,500,True,1,429.1,509.5,0.0,0.0,1.0,mean_0.8,9,0.8,0.15,beta,none
City-B,T3,2x,400.0,S6_Q10,cross_regime,M_stress,500,True,1,429.1,463.3,0.0,0.0,1.0,mean_0.8,9,0.8,0.15,beta,none
City-B,T3,5x,1000.0,S0a_RoutineOracle,routine,M_routine,500,True,2,1318.7,1318.7,0.0,0.0,1.0,mean_0.8,9,0.8,0.15,beta,none
City-B,T3,5x,1000.0,S0a_RoutineOracle,cross_regime,M_stress,500,True,2,1318.7,652.4,347.6,0.5053,0.0,mean_0.8,9,0.8,0.15,beta,none
City-B,T3,5x,1000.0,S0b_StressOracle,routine,M_routine,500,True,3,1290.4,1458.6,0.0,0.0,1.0,mean_0.8,9,0.8,0.15,beta,none
City-B,T3,5x,1000.0,S0b_StressOracle,cross_regime,M_stress,500,True,3,1290.4,1290.4,0.0,0.0,1.0,mean_0.8,9,0.8,0.15,beta,none
City-B,T3,5x,1000.0,S1_CapRR,routine,M_routine,500,True,2,1485.4,1212.7,0.0,0.1836,1.0,mean_0.8,9,0.8,0.15,beta,none
City-B,T3,5x,1000.0,S1_CapRR,cross_regime,M_stress,500,True,2,1485.4,734.2,265.8,0.5057,0.0,mean_0.8,9,0.8,0.15,beta,none
City-B,T3,5x,1000.0,S2_Platform,routine,M_routine,500,True,2,1048.0,1318.7,0.0,0.0,1.0,mean_0.8,9,0.8,0.15,beta,none
City-B,T3,5x,1000.0,S2_Platform,cross_regime,M_stress,500,True,2,1048.0,652.4,347.6,0.3775,0.0,mean_0.8,9,0.8,0.15,beta,none
City-B,T3,5x,1000.0,S3_Lin4,routine,M_routine,500,True,2,1084.0,1046.6,0.0,0.0345,1.0,mean_0.8,9,0.8,0.15,beta,none
City-B,T3,5x,1000.0,S3_Lin4,cross_regime,M_stress,500,True,2,1084.0,825.8,174.2,0.2381,0.0,mean_0.8,9,0.8,0.15,beta,none
City-B,T3,5x,1000.0,S4_GlobalCalib,routine,M_routine,500,True,2,1184.0,1212.7,0.0,0.0,1.0,mean_0.8,9,0.8,0.15,beta,none
City-B,T3,5x,1000.0,S4_GlobalCalib,cross_regime,M_stress,500,True,2,1184.0,734.2,265.8,0.3799,0.0,mean_0.8,9,0.8,0.15,beta,none
City-B,T3,5x,1000.0,S5_CityCalib,routine,M_routine,500,True,2,1181.4,1212.7,0.0,0.0,1.0,mean_0.8,9,0.8,0.15,beta,none
City-B,T3,5x,1000.0,S5_CityCalib,cross_regime,M_stress,500,True,2,1181.4,734.2,265.8,0.3786,0.0,mean_0.8,9,0.8,0.15,beta,none
City-B,T3,5x,1000.0,S6_Q10,routine,M_routine,500,True,3,1270.2,1828.2,0.0,0.0,1.0,mean_0.8,9,0.8,0.15,beta,none
City-B,T3,5x,1000.0,S6_Q10,cross_regime,M_stress,500,True,3,1270.2,1115.7,0.0,0.1217,1.0,mean_0.8,9,0.8,0.15,beta,none
City-B,T3,10x,2000.0,S0a_RoutineOracle,routine,M_routine,500,True,4,2380.3,2380.3,0.0,0.0,1.0,mean_0.8,9,0.8,0.15,beta,none
City-B,T3,10x,2000.0,S0a_RoutineOracle,cross_regime,M_stress,500,True,4,2380.3,1307.3,692.7,0.4508,0.0,mean_0.8,9,0.8,0.15,beta,none
City-B,T3,10x,2000.0,S0b_StressOracle,routine,M_routine,500,True,5,2017.5,2615.8,0.0,0.0,1.0,mean_0.8,9,0.8,0.15,beta,none
City-B,T3,10x,2000.0,S0b_StressOracle,cross_regime,M_stress,500,True,5,2017.5,2017.5,0.0,0.0,1.0,mean_0.8,9,0.8,0.15,beta,none
City-B,T3,10x,2000.0,S1_CapRR,routine,M_routine,500,True,3,2203.9,1828.2,171.8,0.1705,0.0,mean_0.8,9,0.8,0.15,beta,none
City-B,T3,10x,2000.0,S1_CapRR,cross_regime,M_stress,500,True,3,2203.9,1115.7,884.3,0.4938,0.0,mean_0.8,9,0.8,0.15,beta,none
City-B,T3,10x,2000.0,S2_Platform,routine,M_routine,500,True,5,2307.7,2641.1,0.0,0.0,1.0,mean_0.8,9,0.8,0.15,beta,none
City-B,T3,10x,2000.0,S2_Platform,cross_regime,M_stress,500,True,5,2307.7,1763.6,236.4,0.2358,0.0,mean_0.8,9,0.8,0.15,beta,none
City-B,T3,10x,2000.0,S3_Lin4,routine,M_routine,500,True,4,2142.1,2259.4,0.0,0.0,1.0,mean_0.8,9,0.8,0.15,beta,none
City-B,T3,10x,2000.0,S3_Lin4,cross_regime,M_stress,500,True,4,2142.1,1560.0,440.0,0.2717,0.0,mean_0.8,9,0.8,0.15,beta,none
City-B,T3,10x,2000.0,S4_GlobalCalib,routine,M_routine,500,True,4,2317.0,2259.4,0.0,0.0249,1.0,mean_0.8,9,0.8,0.15,beta,none
City-B,T3,10x,2000.0,S4_GlobalCalib,cross_regime,M_stress,500,True,4,2317.0,1560.0,440.0,0.3267,0.0,mean_0.8,9,0.8,0.15,beta,none
City-B,T3,10x,2000.0,S5_CityCalib,routine,M_routine,500,True,4,2312.0,2259.4,0.0,0.0227,1.0,mean_0.8,9,0.8,0.15,beta,none
City-B,T3,10x,2000.0,S5_CityCalib,cross_regime,M_stress,500,True,4,2312.0,1560.0,440.0,0.3252,0.0,mean_0.8,9,0.8,0.15,beta,none
City-B,T3,10x,2000.0,S6_Q10,routine,M_routine,500,True,5,2029.8,2777.3,0.0,0.0,1.0,mean_0.8,9,0.8,0.15,beta,none
City-B,T3,10x,2000.0,S6_Q10,cross_regime,M_stress,500,True,5,2029.8,1942.8,57.2,0.0429,0.0,mean_0.8,9,0.8,0.15,beta,none
City-B,T4,1x,140.0,S0a_RoutineOracle,routine,M_routine,500,True,1,832.3,832.3,0.0,0.0,1.0,mean_0.8,9,0.8,0.15,beta,none
City-B,T4,1x,140.0,S0a_RoutineOracle,cross_regime,M_stress,500,True,1,832.3,521.2,0.0,0.3737,1.0,mean_0.8,9,0.8,0.15,beta,none
City-B,T4,1x,140.0,S0b_StressOracle,routine,M_routine,500,True,1,539.4,432.0,0.0,0.199,1.0,mean_0.8,9,0.8,0.15,beta,none
City-B,T4,1x,140.0,S0b_StressOracle,cross_regime,M_stress,500,True,1,539.4,539.4,0.0,0.0,1.0,mean_0.8,9,0.8,0.15,beta,none
City-B,T4,1x,140.0,S1_CapRR,routine,M_routine,500,True,1,846.0,832.3,0.0,0.0162,1.0,mean_0.8,9,0.8,0.15,beta,none
City-B,T4,1x,140.0,S1_CapRR,cross_regime,M_stress,500,True,1,846.0,521.2,0.0,0.3839,1.0,mean_0.8,9,0.8,0.15,beta,none
City-B,T4,1x,140.0,S2_Platform,routine,M_routine,500,True,1,480.1,832.3,0.0,0.0,1.0,mean_0.8,9,0.8,0.15,beta,none
City-B,T4,1x,140.0,S2_Platform,cross_regime,M_stress,500,True,1,480.1,521.2,0.0,0.0,1.0,mean_0.8,9,0.8,0.15,beta,none
City-B,T4,1x,140.0,S3_Lin4,routine,M_routine,500,True,1,557.9,712.0,0.0,0.0,1.0,mean_0.8,9,0.8,0.15,beta,none
City-B,T4,1x,140.0,S3_Lin4,cross_regime,M_stress,500,True,1,557.9,445.8,0.0,0.201,1.0,mean_0.8,9,0.8,0.15,beta,none
City-B,T4,1x,140.0,S4_GlobalCalib,routine,M_routine,500,True,1,673.4,832.3,0.0,0.0,1.0,mean_0.8,9,0.8,0.15,beta,none
City-B,T4,1x,140.0,S4_GlobalCalib,cross_regime,M_stress,500,True,1,673.4,521.2,0.0,0.226,1.0,mean_0.8,9,0.8,0.15,beta,none
City-B,T4,1x,140.0,S5_CityCalib,routine,M_routine,500,True,1,672.1,832.3,0.0,0.0,1.0,mean_0.8,9,0.8,0.15,beta,none
City-B,T4,1x,140.0,S5_CityCalib,cross_regime,M_stress,500,True,1,672.1,521.2,0.0,0.2245,1.0,mean_0.8,9,0.8,0.15,beta,none
City-B,T4,1x,140.0,S6_Q10,routine,M_routine,500,True,1,487.7,832.3,0.0,0.0,1.0,mean_0.8,9,0.8,0.15,beta,none
City-B,T4,1x,140.0,S6_Q10,cross_regime,M_stress,500,True,1,487.7,521.2,0.0,0.0,1.0,mean_0.8,9,0.8,0.15,beta,none
City-B,T4,2x,280.0,S0a_RoutineOracle,routine,M_routine,500,True,1,832.3,832.3,0.0,0.0,1.0,mean_0.8,9,0.8,0.15,beta,none
City-B,T4,2x,280.0,S0a_RoutineOracle,cross_regime,M_stress,500,True,1,832.3,521.2,0.0,0.3737,1.0,mean_0.8,9,0.8,0.15,beta,none
City-B,T4,2x,280.0,S0b_StressOracle,routine,M_routine,500,True,1,539.4,432.0,0.0,0.199,1.0,mean_0.8,9,0.8,0.15,beta,none
City-B,T4,2x,280.0,S0b_StressOracle,cross_regime,M_stress,500,True,1,539.4,539.4,0.0,0.0,1.0,mean_0.8,9,0.8,0.15,beta,none
City-B,T4,2x,280.0,S1_CapRR,routine,M_routine,500,True,1,846.0,832.3,0.0,0.0162,1.0,mean_0.8,9,0.8,0.15,beta,none
City-B,T4,2x,280.0,S1_CapRR,cross_regime,M_stress,500,True,1,846.0,521.2,0.0,0.3839,1.0,mean_0.8,9,0.8,0.15,beta,none
City-B,T4,2x,280.0,S2_Platform,routine,M_routine,500,True,1,480.1,832.3,0.0,0.0,1.0,mean_0.8,9,0.8,0.15,beta,none
City-B,T4,2x,280.0,S2_Platform,cross_regime,M_stress,500,True,1,480.1,521.2,0.0,0.0,1.0,mean_0.8,9,0.8,0.15,beta,none
City-B,T4,2x,280.0,S3_Lin4,routine,M_routine,500,True,1,557.9,712.0,0.0,0.0,1.0,mean_0.8,9,0.8,0.15,beta,none
City-B,T4,2x,280.0,S3_Lin4,cross_regime,M_stress,500,True,1,557.9,445.8,0.0,0.201,1.0,mean_0.8,9,0.8,0.15,beta,none
City-B,T4,2x,280.0,S4_GlobalCalib,routine,M_routine,500,True,1,673.4,832.3,0.0,0.0,1.0,mean_0.8,9,0.8,0.15,beta,none
City-B,T4,2x,280.0,S4_GlobalCalib,cross_regime,M_stress,500,True,1,673.4,521.2,0.0,0.226,1.0,mean_0.8,9,0.8,0.15,beta,none
City-B,T4,2x,280.0,S5_CityCalib,routine,M_routine,500,True,1,672.1,832.3,0.0,0.0,1.0,mean_0.8,9,0.8,0.15,beta,none
City-B,T4,2x,280.0,S5_CityCalib,cross_regime,M_stress,500,True,1,672.1,521.2,0.0,0.2245,1.0,mean_0.8,9,0.8,0.15,beta,none
City-B,T4,2x,280.0,S6_Q10,routine,M_routine,500,True,1,487.7,832.3,0.0,0.0,1.0,mean_0.8,9,0.8,0.15,beta,none
City-B,T4,2x,280.0,S6_Q10,cross_regime,M_stress,500,True,1,487.7,521.2,0.0,0.0,1.0,mean_0.8,9,0.8,0.15,beta,none
City-B,T4,5x,700.0,S0a_RoutineOracle,routine,M_routine,500,True,1,832.3,832.3,0.0,0.0,1.0,mean_0.8,9,0.8,0.15,beta,none
City-B,T4,5x,700.0,S0a_RoutineOracle,cross_regime,M_stress,500,True,1,832.3,521.2,178.8,0.3737,0.0,mean_0.8,9,0.8,0.15,beta,none
City-B,T4,5x,700.0,S0b_StressOracle,routine,M_routine,500,True,2,1062.4,1199.3,0.0,0.0,1.0,mean_0.8,9,0.8,0.15,beta,none
City-B,T4,5x,700.0,S0b_StressOracle,cross_regime,M_stress,500,True,2,1062.4,1062.4,0.0,0.0,1.0,mean_0.8,9,0.8,0.15,beta,none
City-B,T4,5x,700.0,S1_CapRR,routine,M_routine,500,True,1,846.0,832.3,0.0,0.0162,1.0,mean_0.8,9,0.8,0.15,beta,none
City-B,T4,5x,700.0,S1_CapRR,cross_regime,M_stress,500,True,1,846.0,521.2,178.8,0.3839,0.0,mean_0.8,9,0.8,0.15,beta,none
City-B,T4,5x,700.0,S2_Platform,routine,M_routine,500,True,2,912.9,1599.6,0.0,0.0,1.0,mean_0.8,9,0.8,0.15,beta,none
City-B,T4,5x,700.0,S2_Platform,cross_regime,M_stress,500,True,2,912.9,1044.2,0.0,0.0,1.0,mean_0.8,9,0.8,0.15,beta,none
City-B,T4,5x,700.0,S3_Lin4,routine,M_routine,500,True,2,1108.4,1479.3,0.0,0.0,1.0,mean_0.8,9,0.8,0.15,beta,none
City-B,T4,5x,700.0,S3_Lin4,cross_regime,M_stress,500,True,2,1108.4,968.8,0.0,0.126,1.0,mean_0.8,9,0.8,0.15,beta,none
City-B,T4,5x,700.0,S4_GlobalCalib,routine,M_routine,500,True,2,1343.6,1264.3,0.0,0.059,1.0,mean_0.8,9,0.8,0.15,beta,none
City-B,T4,5x,700.0,S4_GlobalCalib,cross_regime,M_stress,500,True,2,1343.6,1060.6,0.0,0.2106,1.0,mean_0.8,9,0.8,0.15,beta,none
City-B,T4,5x,700.0,S5_CityCalib,routine,M_routine,500,True,2,1340.9,1264.3,0.0,0.0571,1.0,mean_0.8,9,0.8,0.15,beta,none
City-B,T4,5x,700.0,S5_CityCalib,cross_regime,M_stress,500,True,2,1340.9,1060.6,0.0,0.2091,1.0,mean_0.8,9,0.8,0.15,beta,none
City-B,T4,5x,700.0,S6_Q10,routine,M_routine,500,True,2,973.0,1264.3,0.0,0.0,1.0,mean_0.8,9,0.8,0.15,beta,none
City-B,T4,5x,700.0,S6_Q10,cross_regime,M_stress,500,True,2,973.0,1060.6,0.0,0.0,1.0,mean_0.8,9,0.8,0.15,beta,none
City-B,T4,10x,1400.0,S0a_RoutineOracle,routine,M_routine,500,True,2,1599.6,1599.6,0.0,0.0,1.0,mean_0.8,9,0.8,0.15,beta,none
City-B,T4,10x,1400.0,S0a_RoutineOracle,cross_regime,M_stress,500,True,2,1599.6,1044.2,355.8,0.3472,0.0,mean_0.8,9,0.8,0.15,beta,none
City-B,T4,10x,1400.0,S0b_StressOracle,routine,M_routine,500,True,3,1583.6,2031.6,0.0,0.0,1.0,mean_0.8,9,0.8,0.15,beta,none
City-B,T4,10x,1400.0,S0b_StressOracle,cross_regime,M_stress,500,True,3,1583.6,1583.6,0.0,0.0,1.0,mean_0.8,9,0.8,0.15,beta,none
City-B,T4,10x,1400.0,S1_CapRR,routine,M_routine,500,True,2,1688.0,1264.3,135.7,0.251,0.0,mean_0.8,9,0.8,0.15,beta,none
City-B,T4,10x,1400.0,S1_CapRR,cross_regime,M_stress,500,True,2,1688.0,1060.6,339.4,0.3717,0.0,mean_0.8,9,0.8,0.15,beta,none
City-B,T4,10x,1400.0,S2_Platform,routine,M_routine,500,True,4,1693.5,2834.4,0.0,0.0,1.0,mean_0.8,9,0.8,0.15,beta,none
City-B,T4,10x,1400.0,S2_Platform,cross_regime,M_stress,500,True,4,1693.5,1835.6,0.0,0.0,1.0,mean_0.8,9,0.8,0.15,beta,none
City-B,T4,10x,1400.0,S3_Lin4,routine,M_routine,500,True,3,1654.8,2311.6,0.0,0.0,1.0,mean_0.8,9,0.8,0.15,beta,none
City-B,T4,10x,1400.0,S3_Lin4,cross_regime,M_stress,500,True,3,1654.8,1490.0,0.0,0.0996,1.0,mean_0.8,9,0.8,0.15,beta,none
City-B,T4,10x,1400.0,S4_GlobalCalib,routine,M_routine,500,True,3,1993.6,1976.3,0.0,0.0087,1.0,mean_0.8,9,0.8,0.15,beta,none
City-B,T4,10x,1400.0,S4_GlobalCalib,cross_regime,M_stress,500,True,3,1993.6,1506.4,0.0,0.2444,1.0,mean_0.8,9,0.8,0.15,beta,none
City-B,T4,10x,1400.0,S5_CityCalib,routine,M_routine,500,True,3,1989.6,1976.3,0.0,0.0067,1.0,mean_0.8,9,0.8,0.15,beta,none
City-B,T4,10x,1400.0,S5_CityCalib,cross_regime,M_stress,500,True,3,1989.6,1506.4,0.0,0.2429,1.0,mean_0.8,9,0.8,0.15,beta,none
City-B,T4,10x,1400.0,S6_Q10,routine,M_routine,500,True,3,1443.7,1976.3,0.0,0.0,1.0,mean_0.8,9,0.8,0.15,beta,none
City-B,T4,10x,1400.0,S6_Q10,cross_regime,M_stress,500,True,3,1443.7,1506.4,0.0,0.0,1.0,mean_0.8,9,0.8,0.15,beta,none
City-B,T5,1x,160.0,S0a_RoutineOracle,routine,M_routine,500,True,1,684.9,684.9,0.0,0.0,1.0,mean_0.8,9,0.8,0.15,beta,none
City-B,T5,1x,160.0,S0a_RoutineOracle,cross_regime,M_stress,500,True,1,684.9,331.2,0.0,0.5165,1.0,mean_0.8,9,0.8,0.15,beta,none
City-B,T5,1x,160.0,S0b_StressOracle,routine,M_routine,500,True,1,453.8,418.4,0.0,0.0779,1.0,mean_0.8,9,0.8,0.15,beta,none
City-B,T5,1x,160.0,S0b_StressOracle,cross_regime,M_stress,500,True,1,453.8,453.8,0.0,0.0,1.0,mean_0.8,9,0.8,0.15,beta,none
City-B,T5,1x,160.0,S1_CapRR,routine,M_routine,500,True,1,744.5,573.9,0.0,0.2292,1.0,mean_0.8,9,0.8,0.15,beta,none
City-B,T5,1x,160.0,S1_CapRR,cross_regime,M_stress,500,True,1,744.5,257.0,0.0,0.6548,1.0,mean_0.8,9,0.8,0.15,beta,none
City-B,T5,1x,160.0,S2_Platform,routine,M_routine,500,True,1,553.3,418.4,0.0,0.2437,1.0,mean_0.8,9,0.8,0.15,beta,none
City-B,T5,1x,160.0,S2_Platform,cross_regime,M_stress,500,True,1,553.3,453.8,0.0,0.1799,1.0,mean_0.8,9,0.8,0.15,beta,none
City-B,T5,1x,160.0,S3_Lin4,routine,M_routine,500,True,1,547.2,684.9,0.0,0.0,1.0,mean_0.8,9,0.8,0.15,beta,none
City-B,T5,1x,160.0,S3_Lin4,cross_regime,M_stress,500,True,1,547.2,331.2,0.0,0.3948,1.0,mean_0.8,9,0.8,0.15,beta,none
City-B,T5,1x,160.0,S4_GlobalCalib,routine,M_routine,500,True,1,595.6,573.9,0.0,0.0365,1.0,mean_0.8,9,0.8,0.15,beta,none
City-B,T5,1x,160.0,S4_GlobalCalib,cross_regime,M_stress,500,True,1,595.6,257.0,0.0,0.5685,1.0,mean_0.8,9,0.8,0.15,beta,none
City-B,T5,1x,160.0,S5_CityCalib,routine,M_routine,500,True,1,594.1,573.9,0.0,0.0341,1.0,mean_0.8,9,0.8,0.15,beta,none
City-B,T5,1x,160.0,S5_CityCalib,cross_regime,M_stress,500,True,1,594.1,257.0,0.0,0.5674,1.0,mean_0.8,9,0.8,0.15,beta,none
City-B,T5,1x,160.0,S6_Q10,routine,M_routine,500,True,1,429.4,573.9,0.0,0.0,1.0,mean_0.8,9,0.8,0.15,beta,none
City-B,T5,1x,160.0,S6_Q10,cross_regime,M_stress,500,True,1,429.4,257.0,0.0,0.4014,1.0,mean_0.8,9,0.8,0.15,beta,none
City-B,T5,2x,320.0,S0a_RoutineOracle,routine,M_routine,500,True,1,684.9,684.9,0.0,0.0,1.0,mean_0.8,9,0.8,0.15,beta,none
City-B,T5,2x,320.0,S0a_RoutineOracle,cross_regime,M_stress,500,True,1,684.9,331.2,0.0,0.5165,1.0,mean_0.8,9,0.8,0.15,beta,none
City-B,T5,2x,320.0,S0b_StressOracle,routine,M_routine,500,True,1,453.8,418.4,0.0,0.0779,1.0,mean_0.8,9,0.8,0.15,beta,none
City-B,T5,2x,320.0,S0b_StressOracle,cross_regime,M_stress,500,True,1,453.8,453.8,0.0,0.0,1.0,mean_0.8,9,0.8,0.15,beta,none
City-B,T5,2x,320.0,S1_CapRR,routine,M_routine,500,True,1,744.5,573.9,0.0,0.2292,1.0,mean_0.8,9,0.8,0.15,beta,none
City-B,T5,2x,320.0,S1_CapRR,cross_regime,M_stress,500,True,1,744.5,257.0,63.0,0.6548,0.0,mean_0.8,9,0.8,0.15,beta,none
City-B,T5,2x,320.0,S2_Platform,routine,M_routine,500,True,1,553.3,418.4,0.0,0.2437,1.0,mean_0.8,9,0.8,0.15,beta,none
City-B,T5,2x,320.0,S2_Platform,cross_regime,M_stress,500,True,1,553.3,453.8,0.0,0.1799,1.0,mean_0.8,9,0.8,0.15,beta,none
City-B,T5,2x,320.0,S3_Lin4,routine,M_routine,500,True,1,547.2,684.9,0.0,0.0,1.0,mean_0.8,9,0.8,0.15,beta,none
City-B,T5,2x,320.0,S3_Lin4,cross_regime,M_stress,500,True,1,547.2,331.2,0.0,0.3948,1.0,mean_0.8,9,0.8,0.15,beta,none
City-B,T5,2x,320.0,S4_GlobalCalib,routine,M_routine,500,True,1,595.6,573.9,0.0,0.0365,1.0,mean_0.8,9,0.8,0.15,beta,none
City-B,T5,2x,320.0,S4_GlobalCalib,cross_regime,M_stress,500,True,1,595.6,257.0,63.0,0.5685,0.0,mean_0.8,9,0.8,0.15,beta,none
City-B,T5,2x,320.0,S5_CityCalib,routine,M_routine,500,True,1,594.1,573.9,0.0,0.0341,1.0,mean_0.8,9,0.8,0.15,beta,none
City-B,T5,2x,320.0,S5_CityCalib,cross_regime,M_stress,500,True,1,594.1,257.0,63.0,0.5674,0.0,mean_0.8,9,0.8,0.15,beta,none
City-B,T5,2x,320.0,S6_Q10,routine,M_routine,500,True,1,429.4,573.9,0.0,0.0,1.0,mean_0.8,9,0.8,0.15,beta,none
City-B,T5,2x,320.0,S6_Q10,cross_regime,M_stress,500,True,1,429.4,257.0,63.0,0.4014,0.0,mean_0.8,9,0.8,0.15,beta,none
City-B,T5,5x,800.0,S0a_RoutineOracle,routine,M_routine,500,True,2,1258.8,1258.8,0.0,0.0,1.0,mean_0.8,9,0.8,0.15,beta,none
City-B,T5,5x,800.0,S0a_RoutineOracle,cross_regime,M_stress,500,True,2,1258.8,588.2,211.8,0.5328,0.0,mean_0.8,9,0.8,0.15,beta,none
City-B,T5,5x,800.0,S0b_StressOracle,routine,M_routine,500,True,2,874.1,934.3,0.0,0.0,1.0,mean_0.8,9,0.8,0.15,beta,none
City-B,T5,5x,800.0,S0b_StressOracle,cross_regime,M_stress,500,True,2,874.1,874.1,0.0,0.0,1.0,mean_0.8,9,0.8,0.15,beta,none
City-B,T5,5x,800.0,S1_CapRR,routine,M_routine,500,True,2,1485.4,992.3,0.0,0.332,1.0,mean_0.8,9,0.8,0.15,beta,none
City-B,T5,5x,800.0,S1_CapRR,cross_regime,M_stress,500,True,2,1485.4,710.8,89.2,0.5215,0.0,mean_0.8,9,0.8,0.15,beta,none
City-B,T5,5x,800.0,S2_Platform,routine,M_routine,500,True,2,1093.7,1103.4,0.0,0.0,1.0,mean_0.8,9,0.8,0.15,beta,none
City-B,T5,5x,800.0,S2_Platform,cross_regime,M_stress,500,True,2,1093.7,785.0,15.0,0.2823,0.0,mean_0.8,9,0.8,0.15,beta,none
City-B,T5,5x,800.0,S3_Lin4,routine,M_routine,500,True,2,1087.0,1200.8,0.0,0.0,1.0,mean_0.8,9,0.8,0.15,beta,none
City-B,T5,5x,800.0,S3_Lin4,cross_regime,M_stress,500,True,2,1087.0,751.5,48.5,0.3087,0.0,mean_0.8,9,0.8,0.15,beta,none
City-B,T5,5x,800.0,S4_GlobalCalib,routine,M_routine,500,True,2,1188.4,992.3,0.0,0.165,1.0,mean_0.8,9,0.8,0.15,beta,none
City-B,T5,5x,800.0,S4_GlobalCalib,cross_regime,M_stress,500,True,2,1188.4,710.8,89.2,0.4019,0.0,mean_0.8,9,0.8,0.15,beta,none
City-B,T5,5x,800.0,S5_CityCalib,routine,M_routine,500,True,2,1185.4,992.3,0.0,0.1629,1.0,mean_0.8,9,0.8,0.15,beta,none
City-B,T5,5x,800.0,S5_CityCalib,cross_regime,M_stress,500,True,2,1185.4,710.8,89.2,0.4004,0.0,mean_0.8,9,0.8,0.15,beta,none
City-B,T5,5x,800.0,S6_Q10,routine,M_routine,500,True,2,856.7,992.3,0.0,0.0,1.0,mean_0.8,9,0.8,0.15,beta,none
City-B,T5,5x,800.0,S6_Q10,cross_regime,M_stress,500,True,2,856.7,710.8,89.2,0.1703,0.0,mean_0.8,9,0.8,0.15,beta,none
City-B,T5,10x,1600.0,S0a_RoutineOracle,routine,M_routine,500,True,3,1774.6,1774.6,0.0,0.0,1.0,mean_0.8,9,0.8,0.15,beta,none
City-B,T5,10x,1600.0,S0a_RoutineOracle,cross_regime,M_stress,500,True,3,1774.6,1008.5,591.5,0.4317,0.0,mean_0.8,9,0.8,0.15,beta,none
City-B,T5,10x,1600.0,S0b_StressOracle,routine,M_routine,500,True,5,1894.5,2536.0,0.0,0.0,1.0,mean_0.8,9,0.8,0.15,beta,none
City-B,T5,10x,1600.0,S0b_StressOracle,cross_regime,M_stress,500,True,5,1894.5,1894.5,0.0,0.0,1.0,mean_0.8,9,0.8,0.15,beta,none
City-B,T5,10x,1600.0,S1_CapRR,routine,M_routine,500,True,3,2203.9,1677.3,0.0,0.239,1.0,mean_0.8,9,0.8,0.15,beta,none
City-B,T5,10x,1600.0,S1_CapRR,cross_regime,M_stress,500,True,3,2203.9,1042.0,558.0,0.5272,0.0,mean_0.8,9,0.8,0.15,beta,none
City-B,T5,10x,1600.0,S2_Platform,routine,M_routine,500,True,4,2025.8,2108.1,0.0,0.0,1.0,mean_0.8,9,0.8,0.15,beta,none
City-B,T5,10x,1600.0,S2_Platform,cross_regime,M_stress,500,True,4,2025.8,1574.9,25.1,0.2226,0.0,mean_0.8,9,0.8,0.15,beta,none
City-B,T5,10x,1600.0,S3_Lin4,routine,M_routine,500,True,3,1618.8,1774.6,0.0,0.0,1.0,mean_0.8,9,0.8,0.15,beta,none
City-B,T5,10x,1600.0,S3_Lin4,cross_regime,M_stress,500,True,3,1618.8,1008.5,591.5,0.377,0.0,mean_0.8,9,0.8,0.15,beta,none
City-B,T5,10x,1600.0,S4_GlobalCalib,routine,M_routine,500,True,3,1763.2,1677.3,0.0,0.0487,1.0,mean_0.8,9,0.8,0.15,beta,none
City-B,T5,10x,1600.0,S4_GlobalCalib,cross_regime,M_stress,500,True,3,1763.2,1042.0,558.0,0.4091,0.0,mean_0.8,9,0.8,0.15,beta,none
City-B,T5,10x,1600.0,S5_CityCalib,routine,M_routine,500,True,3,1758.8,1677.3,0.0,0.0463,1.0,mean_0.8,9,0.8,0.15,beta,none
City-B,T5,10x,1600.0,S5_CityCalib,cross_regime,M_stress,500,True,3,1758.8,1042.0,558.0,0.4076,0.0,mean_0.8,9,0.8,0.15,beta,none
City-B,T5,10x,1600.0,S6_Q10,routine,M_routine,500,True,4,1676.4,2193.1,0.0,0.0,1.0,mean_0.8,9,0.8,0.15,beta,none
City-B,T5,10x,1600.0,S6_Q10,cross_regime,M_stress,500,True,4,1676.4,1462.2,137.8,0.1278,0.0,mean_0.8,9,0.8,0.15,beta,none
City-C,T1,1x,180.0,S0a_RoutineOracle,routine,M_routine,650,True,1,642.4,642.4,0.0,0.0,1.0,mean_0.8,9,0.8,0.15,beta,none
City-C,T1,1x,180.0,S0a_RoutineOracle,cross_regime,M_stress,650,True,1,642.4,428.7,0.0,0.3327,1.0,mean_0.8,9,0.8,0.15,beta,none
City-C,T1,1x,180.0,S0b_StressOracle,routine,M_routine,650,True,1,428.7,642.4,0.0,0.0,1.0,mean_0.8,9,0.8,0.15,beta,none
City-C,T1,1x,180.0,S0b_StressOracle,cross_regime,M_stress,650,True,1,428.7,428.7,0.0,0.0,1.0,mean_0.8,9,0.8,0.15,beta,none
City-C,T1,1x,180.0,S1_CapRR,routine,M_routine,650,True,1,737.0,554.2,0.0,0.248,1.0,mean_0.8,9,0.8,0.15,beta,none
City-C,T1,1x,180.0,S1_CapRR,cross_regime,M_stress,650,True,1,737.0,356.3,0.0,0.5166,1.0,mean_0.8,9,0.8,0.15,beta,none
City-C,T1,1x,180.0,S2_Platform,routine,M_routine,650,True,1,460.9,554.2,0.0,0.0,1.0,mean_0.8,9,0.8,0.15,beta,none
City-C,T1,1x,180.0,S2_Platform,cross_regime,M_stress,650,True,1,460.9,356.3,0.0,0.2269,1.0,mean_0.8,9,0.8,0.15,beta,none
City-C,T1,1x,180.0,S3_Lin4,routine,M_routine,650,True,1,500.0,554.2,0.0,0.0,1.0,mean_0.8,9,0.8,0.15,beta,none
City-C,T1,1x,180.0,S3_Lin4,cross_regime,M_stress,650,True,1,500.0,356.3,0.0,0.2874,1.0,mean_0.8,9,0.8,0.15,beta,none
City-C,T1,1x,180.0,S4_GlobalCalib,routine,M_routine,650,True,1,588.9,554.2,0.0,0.0588,1.0,mean_0.8,9,0.8,0.15,beta,none
City-C,T1,1x,180.0,S4_GlobalCalib,cross_regime,M_stress,650,True,1,588.9,356.3,0.0,0.3949,1.0,mean_0.8,9,0.8,0.15,beta,none
City-C,T1,1x,180.0,S5_CityCalib,routine,M_routine,650,True,1,593.5,554.2,0.0,0.0663,1.0,mean_0.8,9,0.8,0.15,beta,none
City-C,T1,1x,180.0,S5_CityCalib,cross_regime,M_stress,650,True,1,593.5,356.3,0.0,0.3997,1.0,mean_0.8,9,0.8,0.15,beta,none
City-C,T1,1x,180.0,S6_Q10,routine,M_routine,650,True,1,426.0,554.2,0.0,0.0,1.0,mean_0.8,9,0.8,0.15,beta,none
City-C,T1,1x,180.0,S6_Q10,cross_regime,M_stress,650,True,1,426.0,356.3,0.0,0.1635,1.0,mean_0.8,9,0.8,0.15,beta,none
City-C,T1,2x,360.0,S0a_RoutineOracle,routine,M_routine,650,True,1,642.4,642.4,0.0,0.0,1.0,mean_0.8,9,0.8,0.15,beta,none
City-C,T1,2x,360.0,S0a_RoutineOracle,cross_regime,M_stress,650,True,1,642.4,428.7,0.0,0.3327,1.0,mean_0.8,9,0.8,0.15,beta,none
City-C,T1,2x,360.0,S0b_StressOracle,routine,M_routine,650,True,1,428.7,642.4,0.0,0.0,1.0,mean_0.8,9,0.8,0.15,beta,none
City-C,T1,2x,360.0,S0b_StressOracle,cross_regime,M_stress,650,True,1,428.7,428.7,0.0,0.0,1.0,mean_0.8,9,0.8,0.15,beta,none
City-C,T1,2x,360.0,S1_CapRR,routine,M_routine,650,True,1,737.0,554.2,0.0,0.248,1.0,mean_0.8,9,0.8,0.15,beta,none
City-C,T1,2x,360.0,S1_CapRR,cross_regime,M_stress,650,True,1,737.0,356.3,3.7,0.5166,0.0,mean_0.8,9,0.8,0.15,beta,none
City-C,T1,2x,360.0,S2_Platform,routine,M_routine,650,True,1,460.9,554.2,0.0,0.0,1.0,mean_0.8,9,0.8,0.15,beta,none
City-C,T1,2x,360.0,S2_Platform,cross_regime,M_stress,650,True,1,460.9,356.3,3.7,0.2269,0.0,mean_0.8,9,0.8,0.15,beta,none
City-C,T1,2x,360.0,S3_Lin4,routine,M_routine,650,True,1,500.0,554.2,0.0,0.0,1.0,mean_0.8,9,0.8,0.15,beta,none
City-C,T1,2x,360.0,S3_Lin4,cross_regime,M_stress,650,True,1,500.0,356.3,3.7,0.2874,0.0,mean_0.8,9,0.8,0.15,beta,none
City-C,T1,2x,360.0,S4_GlobalCalib,routine,M_routine,650,True,1,588.9,554.2,0.0,0.0588,1.0,mean_0.8,9,0.8,0.15,beta,none
City-C,T1,2x,360.0,S4_GlobalCalib,cross_regime,M_stress,650,True,1,588.9,356.3,3.7,0.3949,0.0,mean_0.8,9,0.8,0.15,beta,none
City-C,T1,2x,360.0,S5_CityCalib,routine,M_routine,650,True,1,593.5,554.2,0.0,0.0663,1.0,mean_0.8,9,0.8,0.15,beta,none
City-C,T1,2x,360.0,S5_CityCalib,cross_regime,M_stress,650,True,1,593.5,356.3,3.7,0.3997,0.0,mean_0.8,9,0.8,0.15,beta,none
City-C,T1,2x,360.0,S6_Q10,routine,M_routine,650,True,1,426.0,554.2,0.0,0.0,1.0,mean_0.8,9,0.8,0.15,beta,none
City-C,T1,2x,360.0,S6_Q10,cross_regime,M_stress,650,True,1,426.0,356.3,3.7,0.1635,0.0,mean_0.8,9,0.8,0.15,beta,none
City-C,T1,5x,900.0,S0a_RoutineOracle,routine,M_routine,650,True,2,1196.6,1196.6,0.0,0.0,1.0,mean_0.8,9,0.8,0.15,beta,none
City-C,T1,5x,900.0,S0a_RoutineOracle,cross_regime,M_stress,650,True,2,1196.6,785.0,115.0,0.344,0.0,mean_0.8,9,0.8,0.15,beta,none
City-C,T1,5x,900.0,S0b_StressOracle,routine,M_routine,650,True,3,1199.8,1582.7,0.0,0.0,1.0,mean_0.8,9,0.8,0.15,beta,none
City-C,T1,5x,900.0,S0b_StressOracle,cross_regime,M_stress,650,True,3,1199.8,1199.8,0.0,0.0,1.0,mean_0.8,9,0.8,0.15,beta,none
City-C,T1,5x,900.0,S1_CapRR,routine,M_routine,650,True,2,1439.5,1196.6,0.0,0.1688,1.0,mean_0.8,9,0.8,0.15,beta,none
City-C,T1,5x,900.0,S1_CapRR,cross_regime,M_stress,650,True,2,1439.5,785.0,115.0,0.4547,0.0,mean_0.8,9,0.8,0.15,beta,none
City-C,T1,5x,900.0,S2_Platform,routine,M_routine,650,True,2,904.5,1196.6,0.0,0.0,1.0,mean_0.8,9,0.8,0.15,beta,none
City-C,T1,5x,900.0,S2_Platform,cross_regime,M_stress,650,True,2,904.5,785.0,115.0,0.1322,0.0,mean_0.8,9,0.8,0.15,beta,none
City-C,T1,5x,900.0,S3_Lin4,routine,M_routine,650,True,2,979.2,1196.6,0.0,0.0,1.0,mean_0.8,9,0.8,0.15,beta,none
City-C,T1,5x,900.0,S3_Lin4,cross_regime,M_stress,650,True,2,979.2,785.0,115.0,0.1983,0.0,mean_0.8,9,0.8,0.15,beta,none
City-C,T1,5x,900.0,S4_GlobalCalib,routine,M_routine,650,True,2,1150.1,1196.6,0.0,0.0,1.0,mean_0.8,9,0.8,0.15,beta,none
City-C,T1,5x,900.0,S4_GlobalCalib,cross_regime,M_stress,650,True,2,1150.1,785.0,115.0,0.3175,0.0,mean_0.8,9,0.8,0.15,beta,none
City-C,T1,5x,900.0,S5_CityCalib,routine,M_routine,650,True,2,1159.2,1196.6,0.0,0.0,1.0,mean_0.8,9,0.8,0.15,beta,none
City-C,T1,5x,900.0,S5_CityCalib,cross_regime,M_stress,650,True,2,1159.2,785.0,115.0,0.3228,0.0,mean_0.8,9,0.8,0.15,beta,none
City-C,T1,5x,900.0,S6_Q10,routine,M_routine,650,True,3,1202.7,1647.6,0.0,0.0,1.0,mean_0.8,9,0.8,0.15,beta,none
City-C,T1,5x,900.0,S6_Q10,cross_regime,M_stress,650,True,3,1202.7,1185.6,0.0,0.0142,1.0,mean_0.8,9,0.8,0.15,beta,none
City-C,T1,10x,1800.0,S0a_RoutineOracle,routine,M_routine,650,True,4,2263.0,2263.0,0.0,0.0,1.0,mean_0.8,9,0.8,0.15,beta,none
City-C,T1,10x,1800.0,S0a_RoutineOracle,cross_regime,M_stress,650,True,4,2263.0,1307.7,492.3,0.4221,0.0,mean_0.8,9,0.8,0.15,beta,none
City-C,T1,10x,1800.0,S0b_StressOracle,routine,M_routine,650,True,5,1867.0,2527.3,0.0,0.0,1.0,mean_0.8,9,0.8,0.15,beta,none
City-C,T1,10x,1800.0,S0b_StressOracle,cross_regime,M_stress,650,True,5,1867.0,1867.0,0.0,0.0,1.0,mean_0.8,9,0.8,0.15,beta,none
City-C,T1,10x,1800.0,S1_CapRR,routine,M_routine,650,True,3,2081.1,1647.6,152.4,0.2083,0.0,mean_0.8,9,0.8,0.15,beta,none
City-C,T1,10x,1800.0,S1_CapRR,cross_regime,M_stress,650,True,3,2081.1,1185.6,614.4,0.4303,0.0,mean_0.8,9,0.8,0.15,beta,none
City-C,T1,10x,1800.0,S2_Platform,routine,M_routine,650,True,5,2117.9,2736.5,0.0,0.0,1.0,mean_0.8,9,0.8,0.15,beta,none
City-C,T1,10x,1800.0,S2_Platform,cross_regime,M_stress,650,True,5,2117.9,1618.0,182.0,0.236,0.0,mean_0.8,9,0.8,0.15,beta,none
City-C,T1,10x,1800.0,S3_Lin4,routine,M_routine,650,True,4,1904.7,1975.1,0.0,0.0,1.0,mean_0.8,9,0.8,0.15,beta,none
City-C,T1,10x,1800.0,S3_Lin4,cross_regime,M_stress,650,True,4,1904.7,1437.7,362.3,0.2452,0.0,mean_0.8,9,0.8,0.15,beta,none
City-C,T1,10x,1800.0,S4_GlobalCalib,routine,M_routine,650,True,4,2130.4,2165.6,0.0,0.0,1.0,mean_0.8,9,0.8,0.15,beta,none
City-C,T1,10x,1800.0,S4_GlobalCalib,cross_regime,M_stress,650,True,4,2130.4,1391.4,408.6,0.3469,0.0,mean_0.8,9,0.8,0.15,beta,none
City-C,T1,10x,1800.0,S5_CityCalib,routine,M_routine,650,True,4,2146.9,2165.6,0.0,0.0,1.0,mean_0.8,9,0.8,0.15,beta,none
City-C,T1,10x,1800.0,S5_CityCalib,cross_regime,M_stress,650,True,4,2146.9,1391.4,408.6,0.3519,0.0,mean_0.8,9,0.8,0.15,beta,none
City-C,T1,10x,1800.0,S6_Q10,routine,M_routine,650,True,5,1875.7,2654.9,0.0,0.0,1.0,mean_0.8,9,0.8,0.15,beta,none
City-C,T1,10x,1800.0,S6_Q10,cross_regime,M_stress,650,True,5,1875.7,1761.9,38.1,0.0607,0.0,mean_0.8,9,0.8,0.15,beta,none
City-C,T2,1x,260.0,S0a_RoutineOracle,routine,M_routine,650,True,1,663.5,663.5,0.0,0.0,1.0,mean_0.8,9,0.8,0.15,beta,none
City-C,T2,1x,260.0,S0a_RoutineOracle,cross_regime,M_stress,650,True,1,663.5,451.6,0.0,0.3194,1.0,mean_0.8,9,0.8,0.15,beta,none
City-C,T2,1x,260.0,S0b_StressOracle,routine,M_routine,650,True,1,451.6,663.5,0.0,0.0,1.0,mean_0.8,9,0.8,0.15,beta,none
City-C,T2,1x,260.0,S0b_StressOracle,cross_regime,M_stress,650,True,1,451.6,451.6,0.0,0.0,1.0,mean_0.8,9,0.8,0.15,beta,none
City-C,T2,1x,260.0,S1_CapRR,routine,M_routine,650,True,1,737.0,602.9,0.0,0.182,1.0,mean_0.8,9,0.8,0.15,beta,none
City-C,T2,1x,260.0,S1_CapRR,cross_regime,M_stress,650,True,1,737.0,336.2,0.0,0.5438,1.0,mean_0.8,9,0.8,0.15,beta,none
City-C,T2,1x,260.0,S2_Platform,routine,M_routine,650,True,1,467.3,602.9,0.0,0.0,1.0,mean_0.8,9,0.8,0.15,beta,none
City-C,T2,1x,260.0,S2_Platform,cross_regime,M_stress,650,True,1,467.3,336.2,0.0,0.2805,1.0,mean_0.8,9,0.8,0.15,beta,none
City-C,T2,1x,260.0,S3_Lin4,routine,M_routine,650,True,1,502.4,602.9,0.0,0.0,1.0,mean_0.8,9,0.8,0.15,beta,none
City-C,T2,1x,260.0,S3_Lin4,cross_regime,M_stress,650,True,1,502.4,336.2,0.0,0.3308,1.0,mean_0.8,9,0.8,0.15,beta,none
City-C,T2,1x,260.0,S4_GlobalCalib,routine,M_routine,650,True,1,588.6,602.9,0.0,0.0,1.0,mean_0.8,9,0.8,0.15,beta,none
City-C,T2,1x,260.0,S4_GlobalCalib,cross_regime,M_stress,650,True,1,588.6,336.2,0.0,0.4288,1.0,mean_0.8,9,0.8,0.15,beta,none
City-C,T2,1x,260.0,S5_CityCalib,routine,M_routine,650,True,1,591.0,602.9,0.0,0.0,1.0,mean_0.8,9,0.8,0.15,beta,none
City-C,T2,1x,260.0,S5_CityCalib,cross_regime,M_stress,650,True,1,591.0,336.2,0.0,0.431,1.0,mean_0.8,9,0.8,0.15,beta,none
City-C,T2,1x,260.0,S6_Q10,routine,M_routine,650,True,1,425.4,602.9,0.0,0.0,1.0,mean_0.8,9,0.8,0.15,beta,none
City-C,T2,1x,260.0,S6_Q10,cross_regime,M_stress,650,True,1,425.4,336.2,0.0,0.2097,1.0,mean_0.8,9,0.8,0.15,beta,none
City-C,T2,2x,520.0,S0a_RoutineOracle,routine,M_routine,650,True,1,663.5,663.5,0.0,0.0,1.0,mean_0.8,9,0.8,0.15,beta,none
City-C,T2,2x,520.0,S0a_RoutineOracle,cross_regime,M_stress,650,True,1,663.5,451.6,68.4,0.3194,0.0,mean_0.8,9,0.8,0.15,beta,none
City-C,T2,2x,520.0,S0b_StressOracle,routine,M_routine,650,True,2,821.2,901.1,0.0,0.0,1.0,mean_0.8,9,0.8,0.15,beta,none
City-C,T2,2x,520.0,S0b_StressOracle,cross_regime,M_stress,650,True,2,821.2,821.2,0.0,0.0,1.0,mean_0.8,9,0.8,0.15,beta,none
City-C,T2,2x,520.0,S1_CapRR,routine,M_routine,650,True,1,737.0,602.9,0.0,0.182,1.0,mean_0.8,9,0.8,0.15,beta,none
City-C,T2,2x,520.0,S1_CapRR,cross_regime,M_stress,650,True,1,737.0,336.2,183.8,0.5438,0.0,mean_0.8,9,0.8,0.15,beta,none
City-C,T2,2x,520.0,S2_Platform,routine,M_routine,650,True,2,902.1,1266.4,0.0,0.0,1.0,mean_0.8,9,0.8,0.15,beta,none
City-C,T2,2x,520.0,S2_Platform,cross_regime,M_stress,650,True,2,902.1,787.8,0.0,0.1266,1.0,mean_0.8,9,0.8,0.15,beta,none
City-C,T2,2x,520.0,S3_Lin4,routine,M_routine,650,True,2,984.0,1266.4,0.0,0.0,1.0,mean_0.8,9,0.8,0.15,beta,none
City-C,T2,2x,520.0,S3_Lin4,cross_regime,M_stress,650,True,2,984.0,787.8,0.0,0.1994,1.0,mean_0.8,9,0.8,0.15,beta,none
City-C,T2,2x,520.0,S4_GlobalCalib,routine,M_routine,650,True,1,588.6,602.9,0.0,0.0,1.0,mean_0.8,9,0.8,0.15,beta,none
City-C,T2,2x,520.0,S4_GlobalCalib,cross_regime,M_stress,650,True,1,588.6,336.2,183.8,0.4288,0.0,mean_0.8,9,0.8,0.15,beta,none
City-C,T2,2x,520.0,S5_CityCalib,routine,M_routine,650,True,1,591.0,602.9,0.0,0.0,1.0,mean_0.8,9,0.8,0.15,beta,none
City-C,T2,2x,520.0,S5_CityCalib,cross_regime,M_stress,650,True,1,591.0,336.2,183.8,0.431,0.0,mean_0.8,9,0.8,0.15,beta,none
City-C,T2,2x,520.0,S6_Q10,routine,M_routine,650,True,2,830.9,1266.4,0.0,0.0,1.0,mean_0.8,9,0.8,0.15,beta,none
City-C,T2,2x,520.0,S6_Q10,cross_regime,M_stress,650,True,2,830.9,787.8,0.0,0.0519,1.0,mean_0.8,9,0.8,0.15,beta,none
City-C,T2,5x,1300.0,S0a_RoutineOracle,routine,M_routine,650,True,3,1899.9,1899.9,0.0,0.0,1.0,mean_0.8,9,0.8,0.15,beta,none
City-C,T2,5x,1300.0,S0a_RoutineOracle,cross_regime,M_stress,650,True,3,1899.9,1112.1,187.9,0.4147,0.0,mean_0.8,9,0.8,0.15,beta,none
City-C,T2,5x,1300.0,S0b_StressOracle,routine,M_routine,650,True,4,1489.9,1988.6,0.0,0.0,1.0,mean_0.8,9,0.8,0.15,beta,none
City-C,T2,5x,1300.0,S0b_StressOracle,cross_regime,M_stress,650,True,4,1489.9,1489.9,0.0,0.0,1.0,mean_0.8,9,0.8,0.15,beta,none
City-C,T2,5x,1300.0,S1_CapRR,routine,M_routine,650,True,2,1439.5,1266.4,33.6,0.1203,0.0,mean_0.8,9,0.8,0.15,beta,none
City-C,T2,5x,1300.0,S1_CapRR,cross_regime,M_stress,650,True,2,1439.5,787.8,512.2,0.4527,0.0,mean_0.8,9,0.8,0.15,beta,none
City-C,T2,5x,1300.0,S2_Platform,routine,M_routine,650,True,3,1301.1,1899.9,0.0,0.0,1.0,mean_0.8,9,0.8,0.15,beta,none
City-C,T2,5x,1300.0,S2_Platform,cross_regime,M_stress,650,True,3,1301.1,1112.1,187.9,0.1453,0.0,mean_0.8,9,0.8,0.15,beta,none
City-C,T2,5x,1300.0,S3_Lin4,routine,M_routine,650,True,3,1455.8,1899.9,0.0,0.0,1.0,mean_0.8,9,0.8,0.15,beta,none
City-C,T2,5x,1300.0,S3_Lin4,cross_regime,M_stress,650,True,3,1455.8,1112.1,187.9,0.2361,0.0,mean_0.8,9,0.8,0.15,beta,none
City-C,T2,5x,1300.0,S4_GlobalCalib,routine,M_routine,650,True,3,1661.8,1899.9,0.0,0.0,1.0,mean_0.8,9,0.8,0.15,beta,none
City-C,T2,5x,1300.0,S4_GlobalCalib,cross_regime,M_stress,650,True,3,1661.8,1112.1,187.9,0.3308,0.0,mean_0.8,9,0.8,0.15,beta,none
City-C,T2,5x,1300.0,S5_CityCalib,routine,M_routine,650,True,3,1668.3,1899.9,0.0,0.0,1.0,mean_0.8,9,0.8,0.15,beta,none
City-C,T2,5x,1300.0,S5_CityCalib,cross_regime,M_stress,650,True,3,1668.3,1112.1,187.9,0.3334,0.0,mean_0.8,9,0.8,0.15,beta,none
City-C,T2,5x,1300.0,S6_Q10,routine,M_routine,650,True,4,1539.2,2485.5,0.0,0.0,1.0,mean_0.8,9,0.8,0.15,beta,none
City-C,T2,5x,1300.0,S6_Q10,cross_regime,M_stress,650,True,4,1539.2,1435.2,0.0,0.0676,1.0,mean_0.8,9,0.8,0.15,beta,none
City-C,T2,10x,2600.0,S0a_RoutineOracle,routine,M_routine,650,True,5,3007.0,3007.0,0.0,0.0,1.0,mean_0.8,9,0.8,0.15,beta,none
City-C,T2,10x,2600.0,S0a_RoutineOracle,cross_regime,M_stress,650,True,5,3007.0,1690.7,909.3,0.4377,0.0,mean_0.8,9,0.8,0.15,beta,none
City-C,T2,10x,2600.0,S0b_StressOracle,routine,M_routine,650,True,8,2768.9,4016.6,0.0,0.0,1.0,mean_0.8,9,0.8,0.15,beta,none
City-C,T2,10x,2600.0,S0b_StressOracle,cross_regime,M_stress,650,True,8,2768.9,2768.9,0.0,0.0,1.0,mean_0.8,9,0.8,0.15,beta,none
City-C,T2,10x,2600.0,S1_CapRR,routine,M_routine,650,True,4,2666.6,2485.5,114.5,0.0679,0.0,mean_0.8,9,0.8,0.15,beta,none
City-C,T2,10x,2600.0,S1_CapRR,cross_regime,M_stress,650,True,4,2666.6,1435.2,1164.8,0.4618,0.0,mean_0.8,9,0.8,0.15,beta,none
City-C,T2,10x,2600.0,S2_Platform,routine,M_routine,650,True,7,2815.8,3568.4,0.0,0.0,1.0,mean_0.8,9,0.8,0.15,beta,none
City-C,T2,10x,2600.0,S2_Platform,cross_regime,M_stress,650,True,7,2815.8,2361.4,238.6,0.1614,0.0,mean_0.8,9,0.8,0.15,beta,none
City-C,T2,10x,2600.0,S3_Lin4,routine,M_routine,650,True,6,2793.2,2957.3,0.0,0.0,1.0,mean_0.8,9,0.8,0.15,beta,none
City-C,T2,10x,2600.0,S3_Lin4,cross_regime,M_stress,650,True,6,2793.2,2037.6,562.4,0.2705,0.0,mean_0.8,9,0.8,0.15,beta,none
City-C,T2,10x,2600.0,S4_GlobalCalib,routine,M_routine,650,True,6,3045.2,3244.5,0.0,0.0,1.0,mean_0.8,9,0.8,0.15,beta,none
City-C,T2,10x,2600.0,S4_GlobalCalib,cross_regime,M_stress,650,True,6,3045.2,2060.3,539.7,0.3234,0.0,mean_0.8,9,0.8,0.15,beta,none
City-C,T2,10x,2600.0,S5_CityCalib,routine,M_routine,650,True,5,2601.4,2723.0,0.0,0.0,1.0,mean_0.8,9,0.8,0.15,beta,none
City-C,T2,10x,2600.0,S5_CityCalib,cross_regime,M_stress,650,True,5,2601.4,1804.8,795.2,0.3062,0.0,mean_0.8,9,0.8,0.15,beta,none
City-C,T2,10x,2600.0,S6_Q10,routine,M_routine,650,True,8,2840.7,4006.3,0.0,0.0,1.0,mean_0.8,9,0.8,0.15,beta,none
City-C,T2,10x,2600.0,S6_Q10,cross_regime,M_stress,650,True,8,2840.7,2589.8,10.2,0.0883,0.0,mean_0.8,9,0.8,0.15,beta,none
City-C,T3,1x,200.0,S0a_RoutineOracle,routine,M_routine,650,True,1,606.0,606.0,0.0,0.0,1.0,mean_0.8,9,0.8,0.15,beta,none
City-C,T3,1x,200.0,S0a_RoutineOracle,cross_regime,M_stress,650,True,1,606.0,420.7,0.0,0.3057,1.0,mean_0.8,9,0.8,0.15,beta,none
City-C,T3,1x,200.0,S0b_StressOracle,routine,M_routine,650,True,1,420.7,606.0,0.0,0.0,1.0,mean_0.8,9,0.8,0.15,beta,none
City-C,T3,1x,200.0,S0b_StressOracle,cross_regime,M_stress,650,True,1,420.7,420.7,0.0,0.0,1.0,mean_0.8,9,0.8,0.15,beta,none
City-C,T3,1x,200.0,S1_CapRR,routine,M_routine,650,True,1,648.6,606.0,0.0,0.0657,1.0,mean_0.8,9,0.8,0.15,beta,none
City-C,T3,1x,200.0,S1_CapRR,cross_regime,M_stress,650,True,1,648.6,420.7,0.0,0.3514,1.0,mean_0.8,9,0.8,0.15,beta,none
City-C,T3,1x,200.0,S2_Platform,routine,M_routine,650,True,1,456.8,606.0,0.0,0.0,1.0,mean_0.8,9,0.8,0.15,beta,none
City-C,T3,1x,200.0,S2_Platform,cross_regime,M_stress,650,True,1,456.8,420.7,0.0,0.0789,1.0,mean_0.8,9,0.8,0.15,beta,none
City-C,T3,1x,200.0,S3_Lin4,routine,M_routine,650,True,1,485.9,606.0,0.0,0.0,1.0,mean_0.8,9,0.8,0.15,beta,none
City-C,T3,1x,200.0,S3_Lin4,cross_regime,M_stress,650,True,1,485.9,420.7,0.0,0.1342,1.0,mean_0.8,9,0.8,0.15,beta,none
City-C,T3,1x,200.0,S4_GlobalCalib,routine,M_routine,650,True,1,517.0,606.0,0.0,0.0,1.0,mean_0.8,9,0.8,0.15,beta,none
City-C,T3,1x,200.0,S4_GlobalCalib,cross_regime,M_stress,650,True,1,517.0,420.7,0.0,0.1862,1.0,mean_0.8,9,0.8,0.15,beta,none
City-C,T3,1x,200.0,S5_CityCalib,routine,M_routine,650,True,1,521.4,606.0,0.0,0.0,1.0,mean_0.8,9,0.8,0.15,beta,none
City-C,T3,1x,200.0,S5_CityCalib,cross_regime,M_stress,650,True,1,521.4,420.7,0.0,0.193,1.0,mean_0.8,9,0.8,0.15,beta,none
City-C,T3,1x,200.0,S6_Q10,routine,M_routine,650,True,1,373.8,606.0,0.0,0.0,1.0,mean_0.8,9,0.8,0.15,beta,none
City-C,T3,1x,200.0,S6_Q10,cross_regime,M_stress,650,True,1,373.8,420.7,0.0,0.0,1.0,mean_0.8,9,0.8,0.15,beta,none
City-C,T3,2x,400.0,S0a_RoutineOracle,routine,M_routine,650,True,1,606.0,606.0,0.0,0.0,1.0,mean_0.8,9,0.8,0.15,beta,none
City-C,T3,2x,400.0,S0a_RoutineOracle,cross_regime,M_stress,650,True,1,606.0,420.7,0.0,0.3057,1.0,mean_0.8,9,0.8,0.15,beta,none
City-C,T3,2x,400.0,S0b_StressOracle,routine,M_routine,650,True,1,420.7,606.0,0.0,0.0,1.0,mean_0.8,9,0.8,0.15,beta,none
City-C,T3,2x,400.0,S0b_StressOracle,cross_regime,M_stress,650,True,1,420.7,420.7,0.0,0.0,1.0,mean_0.8,9,0.8,0.15,beta,none
City-C,T3,2x,400.0,S1_CapRR,routine,M_routine,650,True,1,648.6,606.0,0.0,0.0657,1.0,mean_0.8,9,0.8,0.15,beta,none
City-C,T3,2x,400.0,S1_CapRR,cross_regime,M_stress,650,True,1,648.6,420.7,0.0,0.3514,1.0,mean_0.8,9,0.8,0.15,beta,none
City-C,T3,2x,400.0,S2_Platform,routine,M_routine,650,True,1,456.8,606.0,0.0,0.0,1.0,mean_0.8,9,0.8,0.15,beta,none
City-C,T3,2x,400.0,S2_Platform,cross_regime,M_stress,650,True,1,456.8,420.7,0.0,0.0789,1.0,mean_0.8,9,0.8,0.15,beta,none
City-C,T3,2x,400.0,S3_Lin4,routine,M_routine,650,True,1,485.9,606.0,0.0,0.0,1.0,mean_0.8,9,0.8,0.15,beta,none
City-C,T3,2x,400.0,S3_Lin4,cross_regime,M_stress,650,True,1,485.9,420.7,0.0,0.1342,1.0,mean_0.8,9,0.8,0.15,beta,none
City-C,T3,2x,400.0,S4_GlobalCalib,routine,M_routine,650,True,1,517.0,606.0,0.0,0.0,1.0,mean_0.8,9,0.8,0.15,beta,none
City-C,T3,2x,400.0,S4_GlobalCalib,cross_regime,M_stress,650,True,1,517.0,420.7,0.0,0.1862,1.0,mean_0.8,9,0.8,0.15,beta,none
City-C,T3,2x,400.0,S5_CityCalib,routine,M_routine,650,True,1,521.4,606.0,0.0,0.0,1.0,mean_0.8,9,0.8,0.15,beta,none
City-C,T3,2x,400.0,S5_CityCalib,cross_regime,M_stress,650,True,1,521.4,420.7,0.0,0.193,1.0,mean_0.8,9,0.8,0.15,beta,none
City-C,T3,2x,400.0,S6_Q10,routine,M_routine,650,True,2,730.1,1126.7,0.0,0.0,1.0,mean_0.8,9,0.8,0.15,beta,none
City-C,T3,2x,400.0,S6_Q10,cross_regime,M_stress,650,True,2,730.1,609.8,0.0,0.1648,1.0,mean_0.8,9,0.8,0.15,beta,none
City-C,T3,5x,1000.0,S0a_RoutineOracle,routine,M_routine,650,True,2,1126.7,1126.7,0.0,0.0,1.0,mean_0.8,9,0.8,0.15,beta,none
City-C,T3,5x,1000.0,S0a_RoutineOracle,cross_regime,M_stress,650,True,2,1126.7,609.8,390.2,0.4588,0.0,mean_0.8,9,0.8,0.15,beta,none
City-C,T3,5x,1000.0,S0b_StressOracle,routine,M_routine,650,True,3,1075.8,1482.0,0.0,0.0,1.0,mean_0.8,9,0.8,0.15,beta,none
City-C,T3,5x,1000.0,S0b_StressOracle,cross_regime,M_stress,650,True,3,1075.8,1075.8,0.0,0.0,1.0,mean_0.8,9,0.8,0.15,beta,none
City-C,T3,5x,1000.0,S1_CapRR,routine,M_routine,650,True,2,1266.8,1126.7,0.0,0.1107,1.0,mean_0.8,9,0.8,0.15,beta,none
City-C,T3,5x,1000.0,S1_CapRR,cross_regime,M_stress,650,True,2,1266.8,609.8,390.2,0.5186,0.0,mean_0.8,9,0.8,0.15,beta,none
City-C,T3,5x,1000.0,S2_Platform,routine,M_routine,650,True,3,1285.7,1454.1,0.0,0.0,1.0,mean_0.8,9,0.8,0.15,beta,none
City-C,T3,5x,1000.0,S2_Platform,cross_regime,M_stress,650,True,3,1285.7,869.4,130.6,0.3238,0.0,mean_0.8,9,0.8,0.15,beta,none
City-C,T3,5x,1000.0,S3_Lin4,routine,M_routine,650,True,3,1408.8,1553.7,0.0,0.0,1.0,mean_0.8,9,0.8,0.15,beta,none
City-C,T3,5x,1000.0,S3_Lin4,cross_regime,M_stress,650,True,3,1408.8,954.8,45.2,0.3223,0.0,mean_0.8,9,0.8,0.15,beta,none
City-C,T3,5x,1000.0,S4_GlobalCalib,routine,M_routine,650,True,2,1009.7,1126.7,0.0,0.0,1.0,mean_0.8,9,0.8,0.15,beta,none
City-C,T3,5x,1000.0,S4_GlobalCalib,cross_regime,M_stress,650,True,2,1009.7,609.8,390.2,0.3961,0.0,mean_0.8,9,0.8,0.15,beta,none
City-C,T3,5x,1000.0,S5_CityCalib,routine,M_routine,650,True,2,1018.2,1126.7,0.0,0.0,1.0,mean_0.8,9,0.8,0.15,beta,none
City-C,T3,5x,1000.0,S5_CityCalib,cross_regime,M_stress,650,True,2,1018.2,609.8,390.2,0.4011,0.0,mean_0.8,9,0.8,0.15,beta,none
City-C,T3,5x,1000.0,S6_Q10,routine,M_routine,650,True,3,1055.5,1553.7,0.0,0.0,1.0,mean_0.8,9,0.8,0.15,beta,none
City-C,T3,5x,1000.0,S6_Q10,cross_regime,M_stress,650,True,3,1055.5,954.8,45.2,0.0954,0.0,mean_0.8,9,0.8,0.15,beta,none
City-C,T3,10x,2000.0,S0a_RoutineOracle,routine,M_routine,650,True,4,2036.3,2036.3,0.0,0.0,1.0,mean_0.8,9,0.8,0.15,beta,none
City-C,T3,10x,2000.0,S0a_RoutineOracle,cross_regime,M_stress,650,True,4,2036.3,1048.1,951.9,0.4853,0.0,mean_0.8,9,0.8,0.15,beta,none
City-C,T3,10x,2000.0,S0b_StressOracle,routine,M_routine,650,True,7,2191.0,2899.2,0.0,0.0,1.0,mean_0.8,9,0.8,0.15,beta,none
City-C,T3,10x,2000.0,S0b_StressOracle,cross_regime,M_stress,650,True,7,2191.0,2191.0,0.0,0.0,1.0,mean_0.8,9,0.8,0.15,beta,none
City-C,T3,10x,2000.0,S1_CapRR,routine,M_routine,650,True,4,2346.7,1967.3,32.7,0.1617,0.0,mean_0.8,9,0.8,0.15,beta,none
City-C,T3,10x,2000.0,S1_CapRR,cross_regime,M_stress,650,True,4,2346.7,1137.3,862.7,0.5154,0.0,mean_0.8,9,0.8,0.15,beta,none
City-C,T3,10x,2000.0,S2_Platform,routine,M_routine,650,True,5,2048.1,2242.5,0.0,0.0,1.0,mean_0.8,9,0.8,0.15,beta,none
City-C,T3,10x,2000.0,S2_Platform,cross_regime,M_stress,650,True,5,2048.1,1491.4,508.6,0.2718,0.0,mean_0.8,9,0.8,0.15,beta,none
City-C,T3,10x,2000.0,S3_Lin4,routine,M_routine,650,True,5,2302.7,2400.8,0.0,0.0,1.0,mean_0.8,9,0.8,0.15,beta,none
City-C,T3,10x,2000.0,S3_Lin4,cross_regime,M_stress,650,True,5,2302.7,1539.0,461.0,0.3317,0.0,mean_0.8,9,0.8,0.15,beta,none
City-C,T3,10x,2000.0,S4_GlobalCalib,routine,M_routine,650,True,5,2276.4,2417.2,0.0,0.0,1.0,mean_0.8,9,0.8,0.15,beta,none
City-C,T3,10x,2000.0,S4_GlobalCalib,cross_regime,M_stress,650,True,5,2276.4,1311.9,688.1,0.4237,0.0,mean_0.8,9,0.8,0.15,beta,none
City-C,T3,10x,2000.0,S5_CityCalib,routine,M_routine,650,True,5,2294.8,2417.2,0.0,0.0,1.0,mean_0.8,9,0.8,0.15,beta,none
City-C,T3,10x,2000.0,S5_CityCalib,cross_regime,M_stress,650,True,5,2294.8,1311.9,688.1,0.4283,0.0,mean_0.8,9,0.8,0.15,beta,none
City-C,T3,10x,2000.0,S6_Q10,routine,M_routine,650,True,7,2217.9,3159.3,0.0,0.0,1.0,mean_0.8,9,0.8,0.15,beta,none
City-C,T3,10x,2000.0,S6_Q10,cross_regime,M_stress,650,True,7,2217.9,1794.6,205.4,0.1909,0.0,mean_0.8,9,0.8,0.15,beta,none
City-C,T4,1x,140.0,S0a_RoutineOracle,routine,M_routine,650,True,1,684.1,684.1,0.0,0.0,1.0,mean_0.8,9,0.8,0.15,beta,none
City-C,T4,1x,140.0,S0a_RoutineOracle,cross_regime,M_stress,650,True,1,684.1,447.6,0.0,0.3457,1.0,mean_0.8,9,0.8,0.15,beta,none
City-C,T4,1x,140.0,S0b_StressOracle,routine,M_routine,650,True,1,447.6,684.1,0.0,0.0,1.0,mean_0.8,9,0.8,0.15,beta,none
City-C,T4,1x,140.0,S0b_StressOracle,cross_regime,M_stress,650,True,1,447.6,447.6,0.0,0.0,1.0,mean_0.8,9,0.8,0.15,beta,none
City-C,T4,1x,140.0,S1_CapRR,routine,M_routine,650,True,1,737.0,599.7,0.0,0.1863,1.0,mean_0.8,9,0.8,0.15,beta,none
City-C,T4,1x,140.0,S1_CapRR,cross_regime,M_stress,650,True,1,737.0,422.9,0.0,0.4262,1.0,mean_0.8,9,0.8,0.15,beta,none
City-C,T4,1x,140.0,S2_Platform,routine,M_routine,650,True,1,377.7,382.5,0.0,0.0,1.0,mean_0.8,9,0.8,0.15,beta,none
City-C,T4,1x,140.0,S2_Platform,cross_regime,M_stress,650,True,1,377.7,348.8,0.0,0.0764,1.0,mean_0.8,9,0.8,0.15,beta,none
City-C,T4,1x,140.0,S3_Lin4,routine,M_routine,650,True,1,500.9,599.7,0.0,0.0,1.0,mean_0.8,9,0.8,0.15,beta,none
City-C,T4,1x,140.0,S3_Lin4,cross_regime,M_stress,650,True,1,500.9,422.9,0.0,0.1557,1.0,mean_0.8,9,0.8,0.15,beta,none
City-C,T4,1x,140.0,S4_GlobalCalib,routine,M_routine,650,True,1,586.7,599.7,0.0,0.0,1.0,mean_0.8,9,0.8,0.15,beta,none
City-C,T4,1x,140.0,S4_GlobalCalib,cross_regime,M_stress,650,True,1,586.7,422.9,0.0,0.2791,1.0,mean_0.8,9,0.8,0.15,beta,none
City-C,T4,1x,140.0,S5_CityCalib,routine,M_routine,650,True,1,588.7,599.7,0.0,0.0,1.0,mean_0.8,9,0.8,0.15,beta,none
City-C,T4,1x,140.0,S5_CityCalib,cross_regime,M_stress,650,True,1,588.7,422.9,0.0,0.2816,1.0,mean_0.8,9,0.8,0.15,beta,none
City-C,T4,1x,140.0,S6_Q10,routine,M_routine,650,True,1,424.9,599.7,0.0,0.0,1.0,mean_0.8,9,0.8,0.15,beta,none
City-C,T4,1x,140.0,S6_Q10,cross_regime,M_stress,650,True,1,424.9,422.9,0.0,0.0045,1.0,mean_0.8,9,0.8,0.15,beta,none
City-C,T4,2x,280.0,S0a_RoutineOracle,routine,M_routine,650,True,1,684.1,684.1,0.0,0.0,1.0,mean_0.8,9,0.8,0.15,beta,none
City-C,T4,2x,280.0,S0a_RoutineOracle,cross_regime,M_stress,650,True,1,684.1,447.6,0.0,0.3457,1.0,mean_0.8,9,0.8,0.15,beta,none
City-C,T4,2x,280.0,S0b_StressOracle,routine,M_routine,650,True,1,447.6,684.1,0.0,0.0,1.0,mean_0.8,9,0.8,0.15,beta,none
City-C,T4,2x,280.0,S0b_StressOracle,cross_regime,M_stress,650,True,1,447.6,447.6,0.0,0.0,1.0,mean_0.8,9,0.8,0.15,beta,none
City-C,T4,2x,280.0,S1_CapRR,routine,M_routine,650,True,1,737.0,599.7,0.0,0.1863,1.0,mean_0.8,9,0.8,0.15,beta,none
City-C,T4,2x,280.0,S1_CapRR,cross_regime,M_stress,650,True,1,737.0,422.9,0.0,0.4262,1.0,mean_0.8,9,0.8,0.15,beta,none
City-C,T4,2x,280.0,S2_Platform,routine,M_routine,650,True,1,377.7,382.5,0.0,0.0,1.0,mean_0.8,9,0.8,0.15,beta,none
City-C,T4,2x,280.0,S2_Platform,cross_regime,M_stress,650,True,1,377.7,348.8,0.0,0.0764,1.0,mean_0.8,9,0.8,0.15,beta,none
City-C,T4,2x,280.0,S3_Lin4,routine,M_routine,650,True,1,500.9,599.7,0.0,0.0,1.0,mean_0.8,9,0.8,0.15,beta,none
City-C,T4,2x,280.0,S3_Lin4,cross_regime,M_stress,650,True,1,500.9,422.9,0.0,0.1557,1.0,mean_0.8,9,0.8,0.15,beta,none
City-C,T4,2x,280.0,S4_GlobalCalib,routine,M_routine,650,True,1,586.7,599.7,0.0,0.0,1.0,mean_0.8,9,0.8,0.15,beta,none
City-C,T4,2x,280.0,S4_GlobalCalib,cross_regime,M_stress,650,True,1,586.7,422.9,0.0,0.2791,1.0,mean_0.8,9,0.8,0.15,beta,none
City-C,T4,2x,280.0,S5_CityCalib,routine,M_routine,650,True,1,588.7,599.7,0.0,0.0,1.0,mean_0.8,9,0.8,0.15,beta,none
City-C,T4,2x,280.0,S5_CityCalib,cross_regime,M_stress,650,True,1,588.7,422.9,0.0,0.2816,1.0,mean_0.8,9,0.8,0.15,beta,none
City-C,T4,2x,280.0,S6_Q10,routine,M_routine,650,True,1,424.9,599.7,0.0,0.0,1.0,mean_0.8,9,0.8,0.15,beta,none
City-C,T4,2x,280.0,S6_Q10,cross_regime,M_stress,650,True,1,424.9,422.9,0.0,0.0045,1.0,mean_0.8,9,0.8,0.15,beta,none
City-C,T4,5x,700.0,S0a_RoutineOracle,routine,M_routine,650,True,2,1283.8,1283.8,0.0,0.0,1.0,mean_0.8,9,0.8,0.15,beta,none
City-C,T4,5x,700.0,S0a_RoutineOracle,cross_regime,M_stress,650,True,2,1283.8,870.5,0.0,0.3219,1.0,mean_0.8,9,0.8,0.15,beta,none
City-C,T4,5x,700.0,S0b_StressOracle,routine,M_routine,650,True,2,870.5,1283.8,0.0,0.0,1.0,mean_0.8,9,0.8,0.15,beta,none
City-C,T4,5x,700.0,S0b_StressOracle,cross_regime,M_stress,650,True,2,870.5,870.5,0.0,0.0,1.0,mean_0.8,9,0.8,0.15,beta,none
City-C,T4,5x,700.0,S1_CapRR,routine,M_routine,650,True,1,737.0,599.7,100.3,0.1863,0.0,mean_0.8,9,0.8,0.15,beta,none
City-C,T4,5x,700.0,S1_CapRR,cross_regime,M_stress,650,True,1,737.0,422.9,277.1,0.4262,0.0,mean_0.8,9,0.8,0.15,beta,none
City-C,T4,5x,700.0,S2_Platform,routine,M_routine,650,True,2,738.2,1066.5,0.0,0.0,1.0,mean_0.8,9,0.8,0.15,beta,none
City-C,T4,5x,700.0,S2_Platform,cross_regime,M_stress,650,True,2,738.2,796.4,0.0,0.0,1.0,mean_0.8,9,0.8,0.15,beta,none
City-C,T4,5x,700.0,S3_Lin4,routine,M_routine,650,True,2,982.3,1283.8,0.0,0.0,1.0,mean_0.8,9,0.8,0.15,beta,none
City-C,T4,5x,700.0,S3_Lin4,cross_regime,M_stress,650,True,2,982.3,870.5,0.0,0.1138,1.0,mean_0.8,9,0.8,0.15,beta,none
City-C,T4,5x,700.0,S4_GlobalCalib,routine,M_routine,650,True,2,1145.8,1283.8,0.0,0.0,1.0,mean_0.8,9,0.8,0.15,beta,none
City-C,T4,5x,700.0,S4_GlobalCalib,cross_regime,M_stress,650,True,2,1145.8,870.5,0.0,0.2403,1.0,mean_0.8,9,0.8,0.15,beta,none
City-C,T4,5x,700.0,S5_CityCalib,routine,M_routine,650,True,2,1149.8,1283.8,0.0,0.0,1.0,mean_0.8,9,0.8,0.15,beta,none
City-C,T4,5x,700.0,S5_CityCalib,cross_regime,M_stress,650,True,2,1149.8,870.5,0.0,0.2429,1.0,mean_0.8,9,0.8,0.15,beta,none
City-C,T4,5x,700.0,S6_Q10,routine,M_routine,650,True,2,829.8,1283.8,0.0,0.0,1.0,mean_0.8,9,0.8,0.15,beta,none
City-C,T4,5x,700.0,S6_Q10,cross_regime,M_stress,650,True,2,829.8,870.5,0.0,0.0,1.0,mean_0.8,9,0.8,0.15,beta,none
City-C,T4,10x,1400.0,S0a_RoutineOracle,routine,M_routine,650,True,3,1861.4,1861.4,0.0,0.0,1.0,mean_0.8,9,0.8,0.15,beta,none
City-C,T4,10x,1400.0,S0a_RoutineOracle,cross_regime,M_stress,650,True,3,1861.4,1020.8,379.2,0.4516,0.0,mean_0.8,9,0.8,0.15,beta,none
City-C,T4,10x,1400.0,S0b_StressOracle,routine,M_routine,650,True,4,1576.1,2184.6,0.0,0.0,1.0,mean_0.8,9,0.8,0.15,beta,none
City-C,T4,10x,1400.0,S0b_StressOracle,cross_regime,M_stress,650,True,4,1576.1,1576.1,0.0,0.0,1.0,mean_0.8,9,0.8,0.15,beta,none
City-C,T4,10x,1400.0,S1_CapRR,routine,M_routine,650,True,2,1439.5,1283.8,116.2,0.1082,0.0,mean_0.8,9,0.8,0.15,beta,none
City-C,T4,10x,1400.0,S1_CapRR,cross_regime,M_stress,650,True,2,1439.5,870.5,529.5,0.3953,0.0,mean_0.8,9,0.8,0.15,beta,none
City-C,T4,10x,1400.0,S2_Platform,routine,M_routine,650,True,4,1425.4,2080.0,0.0,0.0,1.0,mean_0.8,9,0.8,0.15,beta,none
City-C,T4,10x,1400.0,S2_Platform,cross_regime,M_stress,650,True,4,1425.4,1302.8,97.2,0.086,0.0,mean_0.8,9,0.8,0.15,beta,none
City-C,T4,10x,1400.0,S3_Lin4,routine,M_routine,650,True,3,1454.1,1861.4,0.0,0.0,1.0,mean_0.8,9,0.8,0.15,beta,none
City-C,T4,10x,1400.0,S3_Lin4,cross_regime,M_stress,650,True,3,1454.1,1020.8,379.2,0.298,0.0,mean_0.8,9,0.8,0.15,beta,none
City-C,T4,10x,1400.0,S4_GlobalCalib,routine,M_routine,650,True,3,1656.5,1861.4,0.0,0.0,1.0,mean_0.8,9,0.8,0.15,beta,none
City-C,T4,10x,1400.0,S4_GlobalCalib,cross_regime,M_stress,650,True,3,1656.5,1020.8,379.2,0.3838,0.0,mean_0.8,9,0.8,0.15,beta,none
City-C,T4,10x,1400.0,S5_CityCalib,routine,M_routine,650,True,3,1662.1,1861.4,0.0,0.0,1.0,mean_0.8,9,0.8,0.15,beta,none
City-C,T4,10x,1400.0,S5_CityCalib,cross_regime,M_stress,650,True,3,1662.1,1020.8,379.2,0.3858,0.0,mean_0.8,9,0.8,0.15,beta,none
City-C,T4,10x,1400.0,S6_Q10,routine,M_routine,650,True,4,1537.2,2435.9,0.0,0.0,1.0,mean_0.8,9,0.8,0.15,beta,none
City-C,T4,10x,1400.0,S6_Q10,cross_regime,M_stress,650,True,4,1537.2,1213.6,186.4,0.2105,0.0,mean_0.8,9,0.8,0.15,beta,none
City-C,T5,1x,160.0,S0a_RoutineOracle,routine,M_routine,650,True,1,570.8,570.8,0.0,0.0,1.0,mean_0.8,9,0.8,0.15,beta,none
City-C,T5,1x,160.0,S0a_RoutineOracle,cross_regime,M_stress,650,True,1,570.8,298.2,0.0,0.4775,1.0,mean_0.8,9,0.8,0.15,beta,none
City-C,T5,1x,160.0,S0b_StressOracle,routine,M_routine,650,True,1,318.2,404.0,0.0,0.0,1.0,mean_0.8,9,0.8,0.15,beta,none
City-C,T5,1x,160.0,S0b_StressOracle,cross_regime,M_stress,650,True,1,318.2,318.2,0.0,0.0,1.0,mean_0.8,9,0.8,0.15,beta,none
City-C,T5,1x,160.0,S1_CapRR,routine,M_routine,650,True,1,648.6,570.8,0.0,0.1199,1.0,mean_0.8,9,0.8,0.15,beta,none
City-C,T5,1x,160.0,S1_CapRR,cross_regime,M_stress,650,True,1,648.6,298.2,0.0,0.5402,1.0,mean_0.8,9,0.8,0.15,beta,none
City-C,T5,1x,160.0,S2_Platform,routine,M_routine,650,True,1,451.5,570.8,0.0,0.0,1.0,mean_0.8,9,0.8,0.15,beta,none
City-C,T5,1x,160.0,S2_Platform,cross_regime,M_stress,650,True,1,451.5,298.2,0.0,0.3394,1.0,mean_0.8,9,0.8,0.15,beta,none
City-C,T5,1x,160.0,S3_Lin4,routine,M_routine,650,True,1,487.5,570.8,0.0,0.0,1.0,mean_0.8,9,0.8,0.15,beta,none
City-C,T5,1x,160.0,S3_Lin4,cross_regime,M_stress,650,True,1,487.5,298.2,0.0,0.3882,1.0,mean_0.8,9,0.8,0.15,beta,none
City-C,T5,1x,160.0,S4_GlobalCalib,routine,M_routine,650,True,1,518.8,570.8,0.0,0.0,1.0,mean_0.8,9,0.8,0.15,beta,none
City-C,T5,1x,160.0,S4_GlobalCalib,cross_regime,M_stress,650,True,1,518.8,298.2,0.0,0.4251,1.0,mean_0.8,9,0.8,0.15,beta,none
City-C,T5,1x,160.0,S5_CityCalib,routine,M_routine,650,True,1,521.3,570.8,0.0,0.0,1.0,mean_0.8,9,0.8,0.15,beta,none
City-C,T5,1x,160.0,S5_CityCalib,cross_regime,M_stress,650,True,1,521.3,298.2,0.0,0.4279,1.0,mean_0.8,9,0.8,0.15,beta,none
City-C,T5,1x,160.0,S6_Q10,routine,M_routine,650,True,1,374.1,570.8,0.0,0.0,1.0,mean_0.8,9,0.8,0.15,beta,none
City-C,T5,1x,160.0,S6_Q10,cross_regime,M_stress,650,True,1,374.1,298.2,0.0,0.2027,1.0,mean_0.8,9,0.8,0.15,beta,none
City-C,T5,2x,320.0,S0a_RoutineOracle,routine,M_routine,650,True,1,570.8,570.8,0.0,0.0,1.0,mean_0.8,9,0.8,0.15,beta,none
City-C,T5,2x,320.0,S0a_RoutineOracle,cross_regime,M_stress,650,True,1,570.8,298.2,21.8,0.4775,0.0,mean_0.8,9,0.8,0.15,beta,none
City-C,T5,2x,320.0,S0b_StressOracle,routine,M_routine,650,True,2,619.0,796.4,0.0,0.0,1.0,mean_0.8,9,0.8,0.15,beta,none
City-C,T5,2x,320.0,S0b_StressOracle,cross_regime,M_stress,650,True,2,619.0,619.0,0.0,0.0,1.0,mean_0.8,9,0.8,0.15,beta,none
City-C,T5,2x,320.0,S1_CapRR,routine,M_routine,650,True,1,648.6,570.8,0.0,0.1199,1.0,mean_0.8,9,0.8,0.15,beta,none
City-C,T5,2x,320.0,S1_CapRR,cross_regime,M_stress,650,True,1,648.6,298.2,21.8,0.5402,0.0,mean_0.8,9,0.8,0.15,beta,none
City-C,T5,2x,320.0,S2_Platform,routine,M_routine,650,True,1,451.5,570.8,0.0,0.0,1.0,mean_0.8,9,0.8,0.15,beta,none
City-C,T5,2x,320.0,S2_Platform,cross_regime,M_stress,650,True,1,451.5,298.2,21.8,0.3394,0.0,mean_0.8,9,0.8,0.15,beta,none
City-C,T5,2x,320.0,S3_Lin4,routine,M_routine,650,True,1,487.5,570.8,0.0,0.0,1.0,mean_0.8,9,0.8,0.15,beta,none
City-C,T5,2x,320.0,S3_Lin4,cross_regime,M_stress,650,True,1,487.5,298.2,21.8,0.3882,0.0,mean_0.8,9,0.8,0.15,beta,none
City-C,T5,2x,320.0,S4_GlobalCalib,routine,M_routine,650,True,1,518.8,570.8,0.0,0.0,1.0,mean_0.8,9,0.8,0.15,beta,none
City-C,T5,2x,320.0,S4_GlobalCalib,cross_regime,M_stress,650,True,1,518.8,298.2,21.8,0.4251,0.0,mean_0.8,9,0.8,0.15,beta,none
City-C,T5,2x,320.0,S5_CityCalib,routine,M_routine,650,True,1,521.3,570.8,0.0,0.0,1.0,mean_0.8,9,0.8,0.15,beta,none
City-C,T5,2x,320.0,S5_CityCalib,cross_regime,M_stress,650,True,1,521.3,298.2,21.8,0.4279,0.0,mean_0.8,9,0.8,0.15,beta,none
City-C,T5,2x,320.0,S6_Q10,routine,M_routine,650,True,1,374.1,570.8,0.0,0.0,1.0,mean_0.8,9,0.8,0.15,beta,none
City-C,T5,2x,320.0,S6_Q10,cross_regime,M_stress,650,True,1,374.1,298.2,21.8,0.2027,0.0,mean_0.8,9,0.8,0.15,beta,none
City-C,T5,5x,800.0,S0a_RoutineOracle,routine,M_routine,650,True,2,1063.9,1063.9,0.0,0.0,1.0,mean_0.8,9,0.8,0.15,beta,none
City-C,T5,5x,800.0,S0a_RoutineOracle,cross_regime,M_stress,650,True,2,1063.9,539.8,260.2,0.4926,0.0,mean_0.8,9,0.8,0.15,beta,none
City-C,T5,5x,800.0,S0b_StressOracle,routine,M_routine,650,True,3,917.3,1367.3,0.0,0.0,1.0,mean_0.8,9,0.8,0.15,beta,none
City-C,T5,5x,800.0,S0b_StressOracle,cross_regime,M_stress,650,True,3,917.3,917.3,0.0,0.0,1.0,mean_0.8,9,0.8,0.15,beta,none
City-C,T5,5x,800.0,S1_CapRR,routine,M_routine,650,True,2,1266.8,968.4,0.0,0.2355,1.0,mean_0.8,9,0.8,0.15,beta,none
City-C,T5,5x,800.0,S1_CapRR,cross_regime,M_stress,650,True,2,1266.8,570.0,230.0,0.55,0.0,mean_0.8,9,0.8,0.15,beta,none
City-C,T5,5x,800.0,S2_Platform,routine,M_routine,650,True,2,882.9,1063.9,0.0,0.0,1.0,mean_0.8,9,0.8,0.15,beta,none
City-C,T5,5x,800.0,S2_Platform,cross_regime,M_stress,650,True,2,882.9,539.8,260.2,0.3886,0.0,mean_0.8,9,0.8,0.15,beta,none
City-C,T5,5x,800.0,S3_Lin4,routine,M_routine,650,True,2,954.0,968.4,0.0,0.0,1.0,mean_0.8,9,0.8,0.15,beta,none
City-C,T5,5x,800.0,S3_Lin4,cross_regime,M_stress,650,True,2,954.0,570.0,230.0,0.4025,0.0,mean_0.8,9,0.8,0.15,beta,none
City-C,T5,5x,800.0,S4_GlobalCalib,routine,M_routine,650,True,2,1013.3,968.4,0.0,0.0442,1.0,mean_0.8,9,0.8,0.15,beta,none
City-C,T5,5x,800.0,S4_GlobalCalib,cross_regime,M_stress,650,True,2,1013.3,570.0,230.0,0.4374,0.0,mean_0.8,9,0.8,0.15,beta,none
City-C,T5,5x,800.0,S5_CityCalib,routine,M_routine,650,True,2,1018.0,968.4,0.0,0.0487,1.0,mean_0.8,9,0.8,0.15,beta,none
City-C,T5,5x,800.0,S5_CityCalib,cross_regime,M_stress,650,True,2,1018.0,570.0,230.0,0.44,0.0,mean_0.8,9,0.8,0.15,beta,none
City-C,T5,5x,800.0,S6_Q10,routine,M_routine,650,True,3,1056.2,1422.2,0.0,0.0,1.0,mean_0.8,9,0.8,0.15,beta,none
City-C,T5,5x,800.0,S6_Q10,cross_regime,M_stress,650,True,3,1056.2,836.3,0.0,0.2083,1.0,mean_0.8,9,0.8,0.15,beta,none
City-C,T5,10x,1600.0,S0a_RoutineOracle,routine,M_routine,650,True,4,1996.5,1996.5,0.0,0.0,1.0,mean_0.8,9,0.8,0.15,beta,none
City-C,T5,10x,1600.0,S0a_RoutineOracle,cross_regime,M_stress,650,True,4,1996.5,1086.1,513.9,0.456,0.0,mean_0.8,9,0.8,0.15,beta,none
City-C,T5,10x,1600.0,S0b_StressOracle,routine,M_routine,650,True,6,1791.2,2535.3,0.0,0.0,1.0,mean_0.8,9,0.8,0.15,beta,none
City-C,T5,10x,1600.0,S0b_StressOracle,cross_regime,M_stress,650,True,6,1791.2,1791.2,0.0,0.0,1.0,mean_0.8,9,0.8,0.15,beta,none
City-C,T5,10x,1600.0,S1_CapRR,routine,M_routine,650,True,3,1831.4,1422.2,177.8,0.2235,0.0,mean_0.8,9,0.8,0.15,beta,none
City-C,T5,10x,1600.0,S1_CapRR,cross_regime,M_stress,650,True,3,1831.4,836.3,763.7,0.5434,0.0,mean_0.8,9,0.8,0.15,beta,none
City-C,T5,10x,1600.0,S2_Platform,routine,M_routine,650,True,4,1670.1,1746.1,0.0,0.0,1.0,mean_0.8,9,0.8,0.15,beta,none
City-C,T5,10x,1600.0,S2_Platform,cross_regime,M_stress,650,True,4,1670.1,1074.4,525.6,0.3567,0.0,mean_0.8,9,0.8,0.15,beta,none
City-C,T5,10x,1600.0,S3_Lin4,routine,M_routine,650,True,4,1866.1,1795.3,0.0,0.0379,1.0,mean_0.8,9,0.8,0.15,beta,none
City-C,T5,10x,1600.0,S3_Lin4,cross_regime,M_stress,650,True,4,1866.1,1131.7,468.3,0.3936,0.0,mean_0.8,9,0.8,0.15,beta,none
City-C,T5,10x,1600.0,S4_GlobalCalib,routine,M_routine,650,True,4,1876.7,1827.1,0.0,0.0264,1.0,mean_0.8,9,0.8,0.15,beta,none
City-C,T5,10x,1600.0,S4_GlobalCalib,cross_regime,M_stress,650,True,4,1876.7,1007.3,592.7,0.4633,0.0,mean_0.8,9,0.8,0.15,beta,none
City-C,T5,10x,1600.0,S5_CityCalib,routine,M_routine,650,True,4,1885.0,1827.1,0.0,0.0307,1.0,mean_0.8,9,0.8,0.15,beta,none
City-C,T5,10x,1600.0,S5_CityCalib,cross_regime,M_stress,650,True,4,1885.0,1007.3,592.7,0.4656,0.0,mean_0.8,9,0.8,0.15,beta,none
City-C,T5,10x,1600.0,S6_Q10,routine,M_routine,650,True,5,1647.3,2320.2,0.0,0.0,1.0,mean_0.8,9,0.8,0.15,beta,none
City-C,T5,10x,1600.0,S6_Q10,cross_regime,M_stress,650,True,5,1647.3,1248.9,351.1,0.2418,0.0,mean_0.8,9,0.8,0.15,beta,none
