city,task_id,p_req_level,p_req,strategy,regime,eval_outcome,pool_size,pool_feasible,n_selected,p_commit,p_deliv,shortfall,ocr,success,config_name,seed_id,xi_mean,xi_std,xi_dist,xi_persistence
City-A,T1,1x,180.0,S0a_RoutineOracle,routine,M_routine,800,True,1,456.6,456.6,0.0,0.0,1.0,dist_truncnorm,6,0.67,0.15,truncnorm,none
City-A,T1,1x,180.0,S0a_RoutineOracle,cross_regime,M_stress,800,True,1,456.6,344.9,0.0,0.2447,1.0,dist_truncnorm,6,0.67,0.15,truncnorm,none
City-A,T1,1x,180.0,S0b_StressOracle,routine,M_routine,800,True,1,344.9,456.6,0.0,0.0,1.0,dist_truncnorm,6,0.67,0.15,truncnorm,none
City-A,T1,1x,180.0,S0b_StressOracle,cross_regime,M_stress,800,True,1,344.9,344.9,0.0,0.0,1.0,dist_truncnorm,6,0.67,0.15,truncnorm,none
City-A,T1,1x,180.0,S1_CapRR,routine,M_routine,800,True,1,678.2,456.6,0.0,0.3267,1.0,dist_truncnorm,6,0.67,0.15,truncnorm,none
City-A,T1,1x,180.0,S1_CapRR,cross_regime,M_stress,800,True,1,678.2,344.9,0.0,0.4914,1.0,dist_truncnorm,6,0.67,0.15,truncnorm,none
City-A,T1,1x,180.0,S2_Platform,routine,M_routine,800,True,1,421.1,456.6,0.0,0.0,1.0,dist_truncnorm,6,0.67,0.15,truncnorm,none
City-A,T1,1x,180.0,S2_Platform,cross_regime,M_stress,800,True,1,421.1,344.9,0.0,0.1809,1.0,dist_truncnorm,6,0.67,0.15,truncnorm,none
City-A,T1,1x,180.0,S3_Lin4,routine,M_routine,800,True,1,487.9,456.6,0.0,0.0641,1.0,dist_truncnorm,6,0.67,0.15,truncnorm,none
City-A,T1,1x,180.0,S3_Lin4,cross_regime,M_stress,800,True,1,487.9,344.9,0.0,0.2931,1.0,dist_truncnorm,6,0.67,0.15,truncnorm,none
City-A,T1,1x,180.0,S4_GlobalCalib,routine,M_routine,800,True,1,450.1,456.6,0.0,0.0,1.0,dist_truncnorm,6,0.67,0.15,truncnorm,none
City-A,T1,1x,180.0,S4_GlobalCalib,cross_regime,M_stress,800,True,1,450.1,344.9,0.0,0.2337,1.0,dist_truncnorm,6,0.67,0.15,truncnorm,none
City-A,T1,1x,180.0,S5_CityCalib,routine,M_routine,800,True,1,445.2,456.6,0.0,0.0,1.0,dist_truncnorm,6,0.67,0.15,truncnorm,none
City-A,T1,1x,180.0,S5_CityCalib,cross_regime,M_stress,800,True,1,445.2,344.9,0.0,0.2252,1.0,dist_truncnorm,6,0.67,0.15,truncnorm,none
City-A,T1,1x,180.0,S6_Q10,routine,M_routine,800,True,1,324.2,456.6,0.0,0.0,1.0,dist_truncnorm,6,0.67,0.15,truncnorm,none
City-A,T1,1x,180.0,S6_Q10,cross_regime,M_stress,800,True,1,324.2,344.9,0.0,0.0,1.0,dist_truncnorm,6,0.67,0.15,truncnorm,none
City-A,T1,2x,360.0,S0a_RoutineOracle,routine,M_routine,800,True,1,456.6,456.6,0.0,0.0,1.0,dist_truncnorm,6,0.67,0.15,truncnorm,none
City-A,T1,2x,360.0,S0a_RoutineOracle,cross_regime,M_stress,800,True,1,456.6,344.9,15.1,0.2447,0.0,dist_truncnorm,6,0.67,0.15,truncnorm,none
City-A,T1,2x,360.0,S0b_StressOracle,routine,M_routine,800,True,2,637.8,739.7,0.0,0.0,1.0,dist_truncnorm,6,0.67,0.15,truncnorm,none
City-A,T1,2x,360.0,S0b_StressOracle,cross_regime,M_stress,800,True,2,637.8,637.8,0.0,0.0,1.0,dist_truncnorm,6,0.67,0.15,truncnorm,none
City-A,T1,2x,360.0,S1_CapRR,routine,M_routine,800,True,1,678.2,456.6,0.0,0.3267,1.0,dist_truncnorm,6,0.67,0.15,truncnorm,none
City-A,T1,2x,360.0,S1_CapRR,cross_regime,M_stress,800,True,1,678.2,344.9,15.1,0.4914,0.0,dist_truncnorm,6,0.67,0.15,truncnorm,none
City-A,T1,2x,360.0,S2_Platform,routine,M_routine,800,True,1,421.1,456.6,0.0,0.0,1.0,dist_truncnorm,6,0.67,0.15,truncnorm,none
City-A,T1,2x,360.0,S2_Platform,cross_regime,M_stress,800,True,1,421.1,344.9,15.1,0.1809,0.0,dist_truncnorm,6,0.67,0.15,truncnorm,none
City-A,T1,2x,360.0,S3_Lin4,routine,M_routine,800,True,1,487.9,456.6,0.0,0.0641,1.0,dist_truncnorm,6,0.67,0.15,truncnorm,none
City-A,T1,2x,360.0,S3_Lin4,cross_regime,M_stress,800,True,1,487.9,344.9,15.1,0.2931,0.0,dist_truncnorm,6,0.67,0.15,truncnorm,none
City-A,T1,2x,360.0,S4_GlobalCalib,routine,M_routine,800,True,1,450.1,456.6,0.0,0.0,1.0,dist_truncnorm,6,0.67,0.15,truncnorm,none
City-A,T1,2x,360.0,S4_GlobalCalib,cross_regime,M_stress,800,True,1,450.1,344.9,15.1,0.2337,0.0,dist_truncnorm,6,0.67,0.15,truncnorm,none
City-A,T1,2x,360.0,S5_CityCalib,routine,M_routine,800,True,1,445.2,456.6,0.0,0.0,1.0,dist_truncnorm,6,0.67,0.15,truncnorm,none
City-A,T1,2x,360.0,S5_CityCalib,cross_regime,M_stress,800,True,1,445.2,344.9,15.1,0.2252,0.0,dist_truncnorm,6,0.67,0.15,truncnorm,none
City-A,T1,2x,360.0,S6_Q10,routine,M_routine,800,True,2,618.3,724.7,0.0,0.0,1.0,dist_truncnorm,6,0.67,0.15,truncnorm,none
City-A,T1,2x,360.0,S6_Q10,cross_regime,M_stress,800,True,2,618.3,561.6,0.0,0.0916,1.0,dist_truncnorm,6,0.67,0.15,truncnorm,none
City-A,T1,5x,900.0,S0a_RoutineOracle,routine,M_routine,800,True,2,910.5,910.5,0.0,0.0,1.0,dist_truncnorm,6,0.67,0.15,truncnorm,none
City-A,T1,5x,900.0,S0a_RoutineOracle,cross_regime,M_stress,800,True,2,910.5,501.1,398.9,0.4496,0.0,dist_truncnorm,6,0.67,0.15,truncnorm,none
City-A,T1,5x,900.0,S0b_StressOracle,routine,M_routine,800,True,3,913.7,1011.9,0.0,0.0,1.0,dist_truncnorm,6,0.67,0.15,truncnorm,none
City-A,T1,5x,900.0,S0b_StressOracle,cross_regime,M_stress,800,True,3,913.7,913.7,0.0,0.0,1.0,dist_truncnorm,6,0.67,0.15,truncnorm,none
City-A,T1,5x,900.0,S1_CapRR,routine,M_routine,800,True,2,1293.4,724.7,175.3,0.4397,0.0,dist_truncnorm,6,0.67,0.15,truncnorm,none
City-A,T1,5x,900.0,S1_CapRR,cross_regime,M_stress,800,True,2,1293.4,561.6,338.4,0.5657,0.0,dist_truncnorm,6,0.67,0.15,truncnorm,none
City-A,T1,5x,900.0,S2_Platform,routine,M_routine,800,True,3,1202.1,1155.7,0.0,0.0386,1.0,dist_truncnorm,6,0.67,0.15,truncnorm,none
City-A,T1,5x,900.0,S2_Platform,cross_regime,M_stress,800,True,3,1202.1,831.3,68.7,0.3084,0.0,dist_truncnorm,6,0.67,0.15,truncnorm,none
City-A,T1,5x,900.0,S3_Lin4,routine,M_routine,800,True,3,1250.5,1246.1,0.0,0.0036,1.0,dist_truncnorm,6,0.67,0.15,truncnorm,none
City-A,T1,5x,900.0,S3_Lin4,cross_regime,M_stress,800,True,3,1250.5,695.2,204.8,0.444,0.0,dist_truncnorm,6,0.67,0.15,truncnorm,none
City-A,T1,5x,900.0,S4_GlobalCalib,routine,M_routine,800,True,3,1254.3,1090.2,0.0,0.1308,1.0,dist_truncnorm,6,0.67,0.15,truncnorm,none
City-A,T1,5x,900.0,S4_GlobalCalib,cross_regime,M_stress,800,True,3,1254.3,691.3,208.7,0.4488,0.0,dist_truncnorm,6,0.67,0.15,truncnorm,none
City-A,T1,5x,900.0,S5_CityCalib,routine,M_routine,800,True,3,1240.7,1090.2,0.0,0.1213,1.0,dist_truncnorm,6,0.67,0.15,truncnorm,none
City-A,T1,5x,900.0,S5_CityCalib,cross_regime,M_stress,800,True,3,1240.7,691.3,208.7,0.4428,0.0,dist_truncnorm,6,0.67,0.15,truncnorm,none
City-A,T1,5x,900.0,S6_Q10,routine,M_routine,800,True,3,903.3,1090.2,0.0,0.0,1.0,dist_truncnorm,6,0.67,0.15,truncnorm,none
City-A,T1,5x,900.0,S6_Q10,cross_regime,M_stress,800,True,3,903.3,691.3,208.7,0.2347,0.0,dist_truncnorm,6,0.67,0.15,truncnorm,none
City-A,T1,10x,1800.0,S0a_RoutineOracle,routine,M_routine,800,True,5,2197.6,2197.6,0.0,0.0,1.0,dist_truncnorm,6,0.67,0.15,truncnorm,none
City-A,T1,10x,1800.0,S0a_RoutineOracle,cross_regime,M_stress,800,True,5,2197.6,1187.3,612.7,0.4597,0.0,dist_truncnorm,6,0.67,0.15,truncnorm,none
City-A,T1,10x,1800.0,S0b_StressOracle,routine,M_routine,800,True,7,1976.0,2296.1,0.0,0.0,1.0,dist_truncnorm,6,0.67,0.15,truncnorm,none
City-A,T1,10x,1800.0,S0b_StressOracle,cross_regime,M_stress,800,True,7,1976.0,1976.0,0.0,0.0,1.0,dist_truncnorm,6,0.67,0.15,truncnorm,none
City-A,T1,10x,1800.0,S1_CapRR,routine,M_routine,800,True,3,1889.7,1090.2,709.8,0.4231,0.0,dist_truncnorm,6,0.67,0.15,truncnorm,none
City-A,T1,10x,1800.0,S1_CapRR,cross_regime,M_stress,800,True,3,1889.7,691.3,1108.7,0.6342,0.0,dist_truncnorm,6,0.67,0.15,truncnorm,none
City-A,T1,10x,1800.0,S2_Platform,routine,M_routine,800,True,5,1914.5,1754.0,46.0,0.0838,0.0,dist_truncnorm,6,0.67,0.15,truncnorm,none
City-A,T1,10x,1800.0,S2_Platform,cross_regime,M_stress,800,True,5,1914.5,1266.6,533.4,0.3384,0.0,dist_truncnorm,6,0.67,0.15,truncnorm,none
City-A,T1,10x,1800.0,S3_Lin4,routine,M_routine,800,True,5,1967.6,1860.5,0.0,0.0544,1.0,dist_truncnorm,6,0.67,0.15,truncnorm,none
City-A,T1,10x,1800.0,S3_Lin4,cross_regime,M_stress,800,True,5,1967.6,1130.5,669.5,0.4254,0.0,dist_truncnorm,6,0.67,0.15,truncnorm,none
City-A,T1,10x,1800.0,S4_GlobalCalib,routine,M_routine,800,True,5,2016.2,1807.0,0.0,0.1038,1.0,dist_truncnorm,6,0.67,0.15,truncnorm,none
City-A,T1,10x,1800.0,S4_GlobalCalib,cross_regime,M_stress,800,True,5,2016.2,1137.3,662.7,0.4359,0.0,dist_truncnorm,6,0.67,0.15,truncnorm,none
City-A,T1,10x,1800.0,S5_CityCalib,routine,M_routine,800,True,5,1994.5,1807.0,0.0,0.094,1.0,dist_truncnorm,6,0.67,0.15,truncnorm,none
City-A,T1,10x,1800.0,S5_CityCalib,cross_regime,M_stress,800,True,5,1994.5,1137.3,662.7,0.4298,0.0,dist_truncnorm,6,0.67,0.15,truncnorm,none
City-A,T1,10x,1800.0,S6_Q10,routine,M_routine,800,True,7,1954.1,2661.8,0.0,0.0,1.0,dist_truncnorm,6,0.67,0.15,truncnorm,none
City-A,T1,10x,1800.0,S6_Q10,cross_regime,M_stress,800,True,7,1954.1,1627.7,172.3,0.1671,0.0,dist_truncnorm,6,0.67,0.15,truncnorm,none
City-A,T2,1x,260.0,S0a_RoutineOracle,routine,M_routine,800,True,1,487.5,487.5,0.0,0.0,1.0,dist_truncnorm,6,0.67,0.15,truncnorm,none
City-A,T2,1x,260.0,S0a_RoutineOracle,cross_regime,M_stress,800,True,1,487.5,195.1,64.9,0.5999,0.0,dist_truncnorm,6,0.67,0.15,truncnorm,none
City-A,T2,1x,260.0,S0b_StressOracle,routine,M_routine,800,True,1,387.9,348.5,0.0,0.1015,1.0,dist_truncnorm,6,0.67,0.15,truncnorm,none
City-A,T2,1x,260.0,S0b_StressOracle,cross_regime,M_stress,800,True,1,387.9,387.9,0.0,0.0,1.0,dist_truncnorm,6,0.67,0.15,truncnorm,none
City-A,T2,1x,260.0,S1_CapRR,routine,M_routine,800,True,1,678.2,348.5,0.0,0.4861,1.0,dist_truncnorm,6,0.67,0.15,truncnorm,none
City-A,T2,1x,260.0,S1_CapRR,cross_regime,M_stress,800,True,1,678.2,387.9,0.0,0.428,1.0,dist_truncnorm,6,0.67,0.15,truncnorm,none
City-A,T2,1x,260.0,S2_Platform,routine,M_routine,800,True,1,441.1,348.5,0.0,0.2099,1.0,dist_truncnorm,6,0.67,0.15,truncnorm,none
City-A,T2,1x,260.0,S2_Platform,cross_regime,M_stress,800,True,1,441.1,387.9,0.0,0.1206,1.0,dist_truncnorm,6,0.67,0.15,truncnorm,none
City-A,T2,1x,260.0,S3_Lin4,routine,M_routine,800,True,1,489.2,348.5,0.0,0.2876,1.0,dist_truncnorm,6,0.67,0.15,truncnorm,none
City-A,T2,1x,260.0,S3_Lin4,cross_regime,M_stress,800,True,1,489.2,387.9,0.0,0.207,1.0,dist_truncnorm,6,0.67,0.15,truncnorm,none
City-A,T2,1x,260.0,S4_GlobalCalib,routine,M_routine,800,True,1,452.8,348.5,0.0,0.2303,1.0,dist_truncnorm,6,0.67,0.15,truncnorm,none
City-A,T2,1x,260.0,S4_GlobalCalib,cross_regime,M_stress,800,True,1,452.8,387.9,0.0,0.1433,1.0,dist_truncnorm,6,0.67,0.15,truncnorm,none
City-A,T2,1x,260.0,S5_CityCalib,routine,M_routine,800,True,1,451.8,348.5,0.0,0.2287,1.0,dist_truncnorm,6,0.67,0.15,truncnorm,none
City-A,T2,1x,260.0,S5_CityCalib,cross_regime,M_stress,800,True,1,451.8,387.9,0.0,0.1415,1.0,dist_truncnorm,6,0.67,0.15,truncnorm,none
City-A,T2,1x,260.0,S6_Q10,routine,M_routine,800,True,1,323.9,348.5,0.0,0.0,1.0,dist_truncnorm,6,0.67,0.15,truncnorm,none
City-A,T2,1x,260.0,S6_Q10,cross_regime,M_stress,800,True,1,323.9,387.9,0.0,0.0,1.0,dist_truncnorm,6,0.67,0.15,truncnorm,none
City-A,T2,2x,520.0,S0a_RoutineOracle,routine,M_routine,800,True,2,947.9,947.9,0.0,0.0,1.0,dist_truncnorm,6,0.67,0.15,truncnorm,none
City-A,T2,2x,520.0,S0a_RoutineOracle,cross_regime,M_stress,800,True,2,947.9,416.5,103.5,0.5606,0.0,dist_truncnorm,6,0.67,0.15,truncnorm,none
City-A,T2,2x,520.0,S0b_StressOracle,routine,M_routine,800,True,2,659.2,543.8,0.0,0.175,1.0,dist_truncnorm,6,0.67,0.15,truncnorm,none
City-A,T2,2x,520.0,S0b_StressOracle,cross_regime,M_stress,800,True,2,659.2,659.2,0.0,0.0,1.0,dist_truncnorm,6,0.67,0.15,truncnorm,none
City-A,T2,2x,520.0,S1_CapRR,routine,M_routine,800,True,1,678.2,348.5,171.5,0.4861,0.0,dist_truncnorm,6,0.67,0.15,truncnorm,none
City-A,T2,2x,520.0,S1_CapRR,cross_regime,M_stress,800,True,1,678.2,387.9,132.1,0.428,0.0,dist_truncnorm,6,0.67,0.15,truncnorm,none
City-A,T2,2x,520.0,S2_Platform,routine,M_routine,800,True,2,849.9,729.6,0.0,0.1416,1.0,dist_truncnorm,6,0.67,0.15,truncnorm,none
City-A,T2,2x,520.0,S2_Platform,cross_regime,M_stress,800,True,2,849.9,578.7,0.0,0.3191,1.0,dist_truncnorm,6,0.67,0.15,truncnorm,none
City-A,T2,2x,520.0,S3_Lin4,routine,M_routine,800,True,2,874.0,693.7,0.0,0.2063,1.0,dist_truncnorm,6,0.67,0.15,truncnorm,none
City-A,T2,2x,520.0,S3_Lin4,cross_regime,M_stress,800,True,2,874.0,642.3,0.0,0.2651,1.0,dist_truncnorm,6,0.67,0.15,truncnorm,none
City-A,T2,2x,520.0,S4_GlobalCalib,routine,M_routine,800,True,2,863.5,729.6,0.0,0.155,1.0,dist_truncnorm,6,0.67,0.15,truncnorm,none
City-A,T2,2x,520.0,S4_GlobalCalib,cross_regime,M_stress,800,True,2,863.5,578.7,0.0,0.3298,1.0,dist_truncnorm,6,0.67,0.15,truncnorm,none
City-A,T2,2x,520.0,S5_CityCalib,routine,M_routine,800,True,2,861.7,729.6,0.0,0.1533,1.0,dist_truncnorm,6,0.67,0.15,truncnorm,none
City-A,T2,2x,520.0,S5_CityCalib,cross_regime,M_stress,800,True,2,861.7,578.7,0.0,0.3285,1.0,dist_truncnorm,6,0.67,0.15,truncnorm,none
City-A,T2,2x,520.0,S6_Q10,routine,M_routine,800,True,2,617.7,729.6,0.0,0.0,1.0,dist_truncnorm,6,0.67,0.15,truncnorm,none
City-A,T2,2x,520.0,S6_Q10,cross_regime,M_stress,800,True,2,617.7,578.7,0.0,0.0632,1.0,dist_truncnorm,6,0.67,0.15,truncnorm,none
City-A,T2,5x,1300.0,S0a_RoutineOracle,routine,M_routine,800,True,3,1330.9,1330.9,0.0,0.0,1.0,dist_truncnorm,6,0.67,0.15,truncnorm,none
City-A,T2,5x,1300.0,S0a_RoutineOracle,cross_regime,M_stress,800,True,3,1330.9,615.4,684.6,0.5376,0.0,dist_truncnorm,6,0.67,0.15,truncnorm,none
City-A,T2,5x,1300.0,S0b_StressOracle,routine,M_routine,800,True,5,1408.1,1383.3,0.0,0.0176,1.0,dist_truncnorm,6,0.67,0.15,truncnorm,none
City-A,T2,5x,1300.0,S0b_StressOracle,cross_regime,M_stress,800,True,5,1408.1,1408.1,0.0,0.0,1.0,dist_truncnorm,6,0.67,0.15,truncnorm,none
City-A,T2,5x,1300.0,S1_CapRR,routine,M_routine,800,True,3,1889.7,1074.8,225.2,0.4312,0.0,dist_truncnorm,6,0.67,0.15,truncnorm,none
City-A,T2,5x,1300.0,S1_CapRR,cross_regime,M_stress,800,True,3,1889.7,833.0,467.0,0.5592,0.0,dist_truncnorm,6,0.67,0.15,truncnorm,none
City-A,T2,5x,1300.0,S2_Platform,routine,M_routine,800,True,4,1596.5,1508.5,0.0,0.0551,1.0,dist_truncnorm,6,0.67,0.15,truncnorm,none
City-A,T2,5x,1300.0,S2_Platform,cross_regime,M_stress,800,True,4,1596.5,1015.0,285.0,0.3642,0.0,dist_truncnorm,6,0.67,0.15,truncnorm,none
City-A,T2,5x,1300.0,S3_Lin4,routine,M_routine,800,True,4,1613.1,1345.4,0.0,0.1659,1.0,dist_truncnorm,6,0.67,0.15,truncnorm,none
City-A,T2,5x,1300.0,S3_Lin4,cross_regime,M_stress,800,True,4,1613.1,968.7,331.3,0.3995,0.0,dist_truncnorm,6,0.67,0.15,truncnorm,none
City-A,T2,5x,1300.0,S4_GlobalCalib,routine,M_routine,800,True,4,1650.4,1367.7,0.0,0.1713,1.0,dist_truncnorm,6,0.67,0.15,truncnorm,none
City-A,T2,5x,1300.0,S4_GlobalCalib,cross_regime,M_stress,800,True,4,1650.4,1037.3,262.7,0.3715,0.0,dist_truncnorm,6,0.67,0.15,truncnorm,none
City-A,T2,5x,1300.0,S5_CityCalib,routine,M_routine,800,True,4,1647.0,1367.7,0.0,0.1696,1.0,dist_truncnorm,6,0.67,0.15,truncnorm,none
City-A,T2,5x,1300.0,S5_CityCalib,cross_regime,M_stress,800,True,4,1647.0,1037.3,262.7,0.3702,0.0,dist_truncnorm,6,0.67,0.15,truncnorm,none
City-A,T2,5x,1300.0,S6_Q10,routine,M_routine,800,True,5,1450.6,1828.1,0.0,0.0,1.0,dist_truncnorm,6,0.67,0.15,truncnorm,none
City-A,T2,5x,1300.0,S6_Q10,cross_regime,M_stress,800,True,5,1450.6,1258.7,41.3,0.1323,0.0,dist_truncnorm,6,0.67,0.15,truncnorm,none
City-A,T2,10x,2600.0,S0a_RoutineOracle,routine,M_routine,800,True,7,2828.7,2828.7,0.0,0.0,1.0,dist_truncnorm,6,0.67,0.15,truncnorm,none
City-A,T2,10x,2600.0,S0a_RoutineOracle,cross_regime,M_stress,800,True,7,2828.7,1316.5,1283.5,0.5346,0.0,dist_truncnorm,6,0.67,0.15,truncnorm,none
City-A,T2,10x,2600.0,S0b_StressOracle,routine,M_routine,800,True,11,2792.9,2559.4,40.6,0.0836,0.0,dist_truncnorm,6,0.67,0.15,truncnorm,none
City-A,T2,10x,2600.0,S0b_StressOracle,cross_regime,M_stress,800,True,11,2792.9,2792.9,0.0,0.0,1.0,dist_truncnorm,6,0.67,0.15,truncnorm,none
City-A,T2,10x,2600.0,S1_CapRR,routine,M_routine,800,True,5,3037.3,1828.1,771.9,0.3981,0.0,dist_truncnorm,6,0.67,0.15,truncnorm,none
City-A,T2,10x,2600.0,S1_CapRR,cross_regime,M_stress,800,True,5,3037.3,1258.7,1341.3,0.5856,0.0,dist_truncnorm,6,0.67,0.15,truncnorm,none
City-A,T2,10x,2600.0,S2_Platform,routine,M_routine,800,True,7,2630.1,2406.3,193.7,0.0851,0.0,dist_truncnorm,6,0.67,0.15,truncnorm,none
City-A,T2,10x,2600.0,S2_Platform,cross_regime,M_stress,800,True,7,2630.1,1639.4,960.6,0.3767,0.0,dist_truncnorm,6,0.67,0.15,truncnorm,none
City-A,T2,10x,2600.0,S3_Lin4,routine,M_routine,800,True,7,2666.0,2460.5,139.5,0.0771,0.0,dist_truncnorm,6,0.67,0.15,truncnorm,none
City-A,T2,10x,2600.0,S3_Lin4,cross_regime,M_stress,800,True,7,2666.0,1579.1,1020.9,0.4077,0.0,dist_truncnorm,6,0.67,0.15,truncnorm,none
City-A,T2,10x,2600.0,S4_GlobalCalib,routine,M_routine,800,True,7,2729.1,2417.2,182.8,0.1143,0.0,dist_truncnorm,6,0.67,0.15,truncnorm,none
City-A,T2,10x,2600.0,S4_GlobalCalib,cross_regime,M_stress,800,True,7,2729.1,1609.3,990.7,0.4103,0.0,dist_truncnorm,6,0.67,0.15,truncnorm,none
City-A,T2,10x,2600.0,S5_CityCalib,routine,M_routine,800,True,7,2723.5,2417.2,182.8,0.1125,0.0,dist_truncnorm,6,0.67,0.15,truncnorm,none
City-A,T2,10x,2600.0,S5_CityCalib,cross_regime,M_stress,800,True,7,2723.5,1609.3,990.7,0.4091,0.0,dist_truncnorm,6,0.67,0.15,truncnorm,none
City-A,T2,10x,2600.0,S6_Q10,routine,M_routine,800,True,10,2683.9,3012.1,0.0,0.0,1.0,dist_truncnorm,6,0.67,0.15,truncnorm,none
City-A,T2,10x,2600.0,S6_Q10,cross_regime,M_stress,800,True,10,2683.9,2205.5,394.5,0.1783,0.0,dist_truncnorm,6,0.67,0.15,truncnorm,none
City-A,T3,1x,200.0,S0a_RoutineOracle,routine,M_routine,800,True,1,424.6,424.6,0.0,0.0,1.0,dist_truncnorm,6,0.67,0.15,truncnorm,none
City-A,T3,1x,200.0,S0a_RoutineOracle,cross_regime,M_stress,800,True,1,424.6,69.2,130.8,0.8369,0.0,dist_truncnorm,6,0.67,0.15,truncnorm,none
City-A,T3,1x,200.0,S0b_StressOracle,routine,M_routine,800,True,1,282.4,300.3,0.0,0.0,1.0,dist_truncnorm,6,0.67,0.15,truncnorm,none
City-A,T3,1x,200.0,S0b_StressOracle,cross_regime,M_stress,800,True,1,282.4,282.4,0.0,0.0,1.0,dist_truncnorm,6,0.67,0.15,truncnorm,none
City-A,T3,1x,200.0,S1_CapRR,routine,M_routine,800,True,1,596.8,348.9,0.0,0.4154,1.0,dist_truncnorm,6,0.67,0.15,truncnorm,none
City-A,T3,1x,200.0,S1_CapRR,cross_regime,M_stress,800,True,1,596.8,171.2,28.8,0.7132,0.0,dist_truncnorm,6,0.67,0.15,truncnorm,none
City-A,T3,1x,200.0,S2_Platform,routine,M_routine,800,True,1,470.7,348.9,0.0,0.2587,1.0,dist_truncnorm,6,0.67,0.15,truncnorm,none
City-A,T3,1x,200.0,S2_Platform,cross_regime,M_stress,800,True,1,470.7,171.2,28.8,0.6363,0.0,dist_truncnorm,6,0.67,0.15,truncnorm,none
City-A,T3,1x,200.0,S3_Lin4,routine,M_routine,800,True,1,482.4,348.9,0.0,0.2767,1.0,dist_truncnorm,6,0.67,0.15,truncnorm,none
City-A,T3,1x,200.0,S3_Lin4,cross_regime,M_stress,800,True,1,482.4,171.2,28.8,0.6452,0.0,dist_truncnorm,6,0.67,0.15,truncnorm,none
City-A,T3,1x,200.0,S4_GlobalCalib,routine,M_routine,800,True,1,394.1,348.9,0.0,0.1146,1.0,dist_truncnorm,6,0.67,0.15,truncnorm,none
City-A,T3,1x,200.0,S4_GlobalCalib,cross_regime,M_stress,800,True,1,394.1,171.2,28.8,0.5656,0.0,dist_truncnorm,6,0.67,0.15,truncnorm,none
City-A,T3,1x,200.0,S5_CityCalib,routine,M_routine,800,True,1,389.3,348.9,0.0,0.1038,1.0,dist_truncnorm,6,0.67,0.15,truncnorm,none
City-A,T3,1x,200.0,S5_CityCalib,cross_regime,M_stress,800,True,1,389.3,171.2,28.8,0.5603,0.0,dist_truncnorm,6,0.67,0.15,truncnorm,none
City-A,T3,1x,200.0,S6_Q10,routine,M_routine,800,True,1,283.5,348.9,0.0,0.0,1.0,dist_truncnorm,6,0.67,0.15,truncnorm,none
City-A,T3,1x,200.0,S6_Q10,cross_regime,M_stress,800,True,1,283.5,171.2,28.8,0.3962,0.0,dist_truncnorm,6,0.67,0.15,truncnorm,none
City-A,T3,2x,400.0,S0a_RoutineOracle,routine,M_routine,800,True,1,424.6,424.6,0.0,0.0,1.0,dist_truncnorm,6,0.67,0.15,truncnorm,none
City-A,T3,2x,400.0,S0a_RoutineOracle,cross_regime,M_stress,800,True,1,424.6,69.2,330.8,0.8369,0.0,dist_truncnorm,6,0.67,0.15,truncnorm,none
City-A,T3,2x,400.0,S0b_StressOracle,routine,M_routine,800,True,2,533.7,711.1,0.0,0.0,1.0,dist_truncnorm,6,0.67,0.15,truncnorm,none
City-A,T3,2x,400.0,S0b_StressOracle,cross_regime,M_stress,800,True,2,533.7,533.7,0.0,0.0,1.0,dist_truncnorm,6,0.67,0.15,truncnorm,none
City-A,T3,2x,400.0,S1_CapRR,routine,M_routine,800,True,1,596.8,348.9,51.1,0.4154,0.0,dist_truncnorm,6,0.67,0.15,truncnorm,none
City-A,T3,2x,400.0,S1_CapRR,cross_regime,M_stress,800,True,1,596.8,171.2,228.8,0.7132,0.0,dist_truncnorm,6,0.67,0.15,truncnorm,none
City-A,T3,2x,400.0,S2_Platform,routine,M_routine,800,True,1,470.7,348.9,51.1,0.2587,0.0,dist_truncnorm,6,0.67,0.15,truncnorm,none
City-A,T3,2x,400.0,S2_Platform,cross_regime,M_stress,800,True,1,470.7,171.2,228.8,0.6363,0.0,dist_truncnorm,6,0.67,0.15,truncnorm,none
City-A,T3,2x,400.0,S3_Lin4,routine,M_routine,800,True,1,482.4,348.9,51.1,0.2767,0.0,dist_truncnorm,6,0.67,0.15,truncnorm,none
City-A,T3,2x,400.0,S3_Lin4,cross_regime,M_stress,800,True,1,482.4,171.2,228.8,0.6452,0.0,dist_truncnorm,6,0.67,0.15,truncnorm,none
City-A,T3,2x,400.0,S4_GlobalCalib,routine,M_routine,800,True,2,751.6,759.7,0.0,0.0,1.0,dist_truncnorm,6,0.67,0.15,truncnorm,none
City-A,T3,2x,400.0,S4_GlobalCalib,cross_regime,M_stress,800,True,2,751.6,422.4,0.0,0.438,1.0,dist_truncnorm,6,0.67,0.15,truncnorm,none
City-A,T3,2x,400.0,S5_CityCalib,routine,M_routine,800,True,2,742.7,759.7,0.0,0.0,1.0,dist_truncnorm,6,0.67,0.15,truncnorm,none
City-A,T3,2x,400.0,S5_CityCalib,cross_regime,M_stress,800,True,2,742.7,422.4,0.0,0.4312,1.0,dist_truncnorm,6,0.67,0.15,truncnorm,none
City-A,T3,2x,400.0,S6_Q10,routine,M_routine,800,True,2,540.6,759.7,0.0,0.0,1.0,dist_truncnorm,6,0.67,0.15,truncnorm,none
City-A,T3,2x,400.0,S6_Q10,cross_regime,M_stress,800,True,2,540.6,422.4,0.0,0.2187,1.0,dist_truncnorm,6,0.67,0.15,truncnorm,none
City-A,T3,5x,1000.0,S0a_RoutineOracle,routine,M_routine,800,True,3,1239.2,1239.2,0.0,0.0,1.0,dist_truncnorm,6,0.67,0.15,truncnorm,none
City-A,T3,5x,1000.0,S0a_RoutineOracle,cross_regime,M_stress,800,True,3,1239.2,537.0,463.0,0.5666,0.0,dist_truncnorm,6,0.67,0.15,truncnorm,none
City-A,T3,5x,1000.0,S0b_StressOracle,routine,M_routine,800,True,5,1195.2,1711.3,0.0,0.0,1.0,dist_truncnorm,6,0.67,0.15,truncnorm,none
City-A,T3,5x,1000.0,S0b_StressOracle,cross_regime,M_stress,800,True,5,1195.2,1195.2,0.0,0.0,1.0,dist_truncnorm,6,0.67,0.15,truncnorm,none
City-A,T3,5x,1000.0,S1_CapRR,routine,M_routine,800,True,2,1138.1,759.7,240.3,0.3325,0.0,dist_truncnorm,6,0.67,0.15,truncnorm,none
City-A,T3,5x,1000.0,S1_CapRR,cross_regime,M_stress,800,True,2,1138.1,422.4,577.6,0.6288,0.0,dist_truncnorm,6,0.67,0.15,truncnorm,none
City-A,T3,5x,1000.0,S2_Platform,routine,M_routine,800,True,3,1264.8,1027.9,0.0,0.1873,1.0,dist_truncnorm,6,0.67,0.15,truncnorm,none
City-A,T3,5x,1000.0,S2_Platform,cross_regime,M_stress,800,True,3,1264.8,663.5,336.5,0.4754,0.0,dist_truncnorm,6,0.67,0.15,truncnorm,none
City-A,T3,5x,1000.0,S3_Lin4,routine,M_routine,800,True,3,1226.4,1073.9,0.0,0.1244,1.0,dist_truncnorm,6,0.67,0.15,truncnorm,none
City-A,T3,5x,1000.0,S3_Lin4,cross_regime,M_stress,800,True,3,1226.4,522.8,477.2,0.5737,0.0,dist_truncnorm,6,0.67,0.15,truncnorm,none
City-A,T3,5x,1000.0,S4_GlobalCalib,routine,M_routine,800,True,3,1098.2,1060.0,0.0,0.0348,1.0,dist_truncnorm,6,0.67,0.15,truncnorm,none
City-A,T3,5x,1000.0,S4_GlobalCalib,cross_regime,M_stress,800,True,3,1098.2,704.8,295.2,0.3582,0.0,dist_truncnorm,6,0.67,0.15,truncnorm,none
City-A,T3,5x,1000.0,S5_CityCalib,routine,M_routine,800,True,3,1085.3,1060.0,0.0,0.0233,1.0,dist_truncnorm,6,0.67,0.15,truncnorm,none
City-A,T3,5x,1000.0,S5_CityCalib,cross_regime,M_stress,800,True,3,1085.3,704.8,295.2,0.3506,0.0,dist_truncnorm,6,0.67,0.15,truncnorm,none
City-A,T3,5x,1000.0,S6_Q10,routine,M_routine,800,True,4,1033.4,1359.6,0.0,0.0,1.0,dist_truncnorm,6,0.67,0.15,truncnorm,none
City-A,T3,5x,1000.0,S6_Q10,cross_regime,M_stress,800,True,4,1033.4,848.0,152.0,0.1794,0.0,dist_truncnorm,6,0.67,0.15,truncnorm,none
City-A,T3,10x,2000.0,S0a_RoutineOracle,routine,M_routine,800,True,5,2002.4,2002.4,0.0,0.0,1.0,dist_truncnorm,6,0.67,0.15,truncnorm,none
City-A,T3,10x,2000.0,S0a_RoutineOracle,cross_regime,M_stress,800,True,5,2002.4,901.4,1098.6,0.5498,0.0,dist_truncnorm,6,0.67,0.15,truncnorm,none
City-A,T3,10x,2000.0,S0b_StressOracle,routine,M_routine,800,True,9,2030.5,2920.0,0.0,0.0,1.0,dist_truncnorm,6,0.67,0.15,truncnorm,none
City-A,T3,10x,2000.0,S0b_StressOracle,cross_regime,M_stress,800,True,9,2030.5,2030.5,0.0,0.0,1.0,dist_truncnorm,6,0.67,0.15,truncnorm,none
City-A,T3,10x,2000.0,S1_CapRR,routine,M_routine,800,True,4,2175.3,1359.6,640.4,0.375,0.0,dist_truncnorm,6,0.67,0.15,truncnorm,none
City-A,T3,10x,2000.0,S1_CapRR,cross_regime,M_stress,800,True,4,2175.3,848.0,1152.0,0.6102,0.0,dist_truncnorm,6,0.67,0.15,truncnorm,none
City-A,T3,10x,2000.0,S2_Platform,routine,M_routine,800,True,6,2357.9,2038.6,0.0,0.1354,1.0,dist_truncnorm,6,0.67,0.15,truncnorm,none
City-A,T3,10x,2000.0,S2_Platform,cross_regime,M_stress,800,True,6,2357.9,1248.0,752.0,0.4707,0.0,dist_truncnorm,6,0.67,0.15,truncnorm,none
City-A,T3,10x,2000.0,S3_Lin4,routine,M_routine,800,True,6,2254.7,2162.9,0.0,0.0407,1.0,dist_truncnorm,6,0.67,0.15,truncnorm,none
City-A,T3,10x,2000.0,S3_Lin4,cross_regime,M_stress,800,True,6,2254.7,1127.2,872.8,0.5001,0.0,dist_truncnorm,6,0.67,0.15,truncnorm,none
City-A,T3,10x,2000.0,S4_GlobalCalib,routine,M_routine,800,True,6,2073.1,2162.9,0.0,0.0,1.0,dist_truncnorm,6,0.67,0.15,truncnorm,none
City-A,T3,10x,2000.0,S4_GlobalCalib,cross_regime,M_stress,800,True,6,2073.1,1127.2,872.8,0.4563,0.0,dist_truncnorm,6,0.67,0.15,truncnorm,none
City-A,T3,10x,2000.0,S5_CityCalib,routine,M_routine,800,True,6,2049.2,2162.9,0.0,0.0,1.0,dist_truncnorm,6,0.67,0.15,truncnorm,none
City-A,T3,10x,2000.0,S5_CityCalib,cross_regime,M_stress,800,True,6,2049.2,1127.2,872.8,0.4499,0.0,dist_truncnorm,6,0.67,0.15,truncnorm,none
City-A,T3,10x,2000.0,S6_Q10,routine,M_routine,800,True,9,2137.6,3195.4,0.0,0.0,1.0,dist_truncnorm,6,0.67,0.15,truncnorm,none
City-A,T3,10x,2000.0,S6_Q10,cross_regime,M_stress,800,True,9,2137.6,1674.8,325.2,0.2165,0.0,dist_truncnorm,6,0.67,0.15,truncnorm,none
City-A,T4,1x,140.0,S0a_RoutineOracle,routine,M_routine,800,True,1,503.0,503.0,0.0,0.0,1.0,dist_truncnorm,6,0.67,0.15,truncnorm,none
City-A,T4,1x,140.0,S0a_RoutineOracle,cross_regime,M_stress,800,True,1,503.0,315.4,0.0,0.373,1.0,dist_truncnorm,6,0.67,0.15,truncnorm,none
City-A,T4,1x,140.0,S0b_StressOracle,routine,M_routine,800,True,1,376.4,494.4,0.0,0.0,1.0,dist_truncnorm,6,0.67,0.15,truncnorm,none
City-A,T4,1x,140.0,S0b_StressOracle,cross_regime,M_stress,800,True,1,376.4,376.4,0.0,0.0,1.0,dist_truncnorm,6,0.67,0.15,truncnorm,none
City-A,T4,1x,140.0,S1_CapRR,routine,M_routine,800,True,1,678.2,494.4,0.0,0.271,1.0,dist_truncnorm,6,0.67,0.15,truncnorm,none
City-A,T4,1x,140.0,S1_CapRR,cross_regime,M_stress,800,True,1,678.2,376.4,0.0,0.445,1.0,dist_truncnorm,6,0.67,0.15,truncnorm,none
City-A,T4,1x,140.0,S2_Platform,routine,M_routine,800,True,1,299.2,389.4,0.0,0.0,1.0,dist_truncnorm,6,0.67,0.15,truncnorm,none
City-A,T4,1x,140.0,S2_Platform,cross_regime,M_stress,800,True,1,299.2,196.7,0.0,0.3426,1.0,dist_truncnorm,6,0.67,0.15,truncnorm,none
City-A,T4,1x,140.0,S3_Lin4,routine,M_routine,800,True,1,485.9,494.4,0.0,0.0,1.0,dist_truncnorm,6,0.67,0.15,truncnorm,none
City-A,T4,1x,140.0,S3_Lin4,cross_regime,M_stress,800,True,1,485.9,376.4,0.0,0.2253,1.0,dist_truncnorm,6,0.67,0.15,truncnorm,none
City-A,T4,1x,140.0,S4_GlobalCalib,routine,M_routine,800,True,1,446.5,494.4,0.0,0.0,1.0,dist_truncnorm,6,0.67,0.15,truncnorm,none
City-A,T4,1x,140.0,S4_GlobalCalib,cross_regime,M_stress,800,True,1,446.5,376.4,0.0,0.157,1.0,dist_truncnorm,6,0.67,0.15,truncnorm,none
City-A,T4,1x,140.0,S5_CityCalib,routine,M_routine,800,True,1,444.4,494.4,0.0,0.0,1.0,dist_truncnorm,6,0.67,0.15,truncnorm,none
City-A,T4,1x,140.0,S5_CityCalib,cross_regime,M_stress,800,True,1,444.4,376.4,0.0,0.153,1.0,dist_truncnorm,6,0.67,0.15,truncnorm,none
City-A,T4,1x,140.0,S6_Q10,routine,M_routine,800,True,1,323.1,494.4,0.0,0.0,1.0,dist_truncnorm,6,0.67,0.15,truncnorm,none
City-A,T4,1x,140.0,S6_Q10,cross_regime,M_stress,800,True,1,323.1,376.4,0.0,0.0,1.0,dist_truncnorm,6,0.67,0.15,truncnorm,none
City-A,T4,2x,280.0,S0a_RoutineOracle,routine,M_routine,800,True,1,503.0,503.0,0.0,0.0,1.0,dist_truncnorm,6,0.67,0.15,truncnorm,none
City-A,T4,2x,280.0,S0a_RoutineOracle,cross_regime,M_stress,800,True,1,503.0,315.4,0.0,0.373,1.0,dist_truncnorm,6,0.67,0.15,truncnorm,none
City-A,T4,2x,280.0,S0b_StressOracle,routine,M_routine,800,True,1,376.4,494.4,0.0,0.0,1.0,dist_truncnorm,6,0.67,0.15,truncnorm,none
City-A,T4,2x,280.0,S0b_StressOracle,cross_regime,M_stress,800,True,1,376.4,376.4,0.0,0.0,1.0,dist_truncnorm,6,0.67,0.15,truncnorm,none
City-A,T4,2x,280.0,S1_CapRR,routine,M_routine,800,True,1,678.2,494.4,0.0,0.271,1.0,dist_truncnorm,6,0.67,0.15,truncnorm,none
City-A,T4,2x,280.0,S1_CapRR,cross_regime,M_stress,800,True,1,678.2,376.4,0.0,0.445,1.0,dist_truncnorm,6,0.67,0.15,truncnorm,none
City-A,T4,2x,280.0,S2_Platform,routine,M_routine,800,True,1,299.2,389.4,0.0,0.0,1.0,dist_truncnorm,6,0.67,0.15,truncnorm,none
City-A,T4,2x,280.0,S2_Platform,cross_regime,M_stress,800,True,1,299.2,196.7,83.3,0.3426,0.0,dist_truncnorm,6,0.67,0.15,truncnorm,none
City-A,T4,2x,280.0,S3_Lin4,routine,M_routine,800,True,1,485.9,494.4,0.0,0.0,1.0,dist_truncnorm,6,0.67,0.15,truncnorm,none
City-A,T4,2x,280.0,S3_Lin4,cross_regime,M_stress,800,True,1,485.9,376.4,0.0,0.2253,1.0,dist_truncnorm,6,0.67,0.15,truncnorm,none
City-A,T4,2x,280.0,S4_GlobalCalib,routine,M_routine,800,True,1,446.5,494.4,0.0,0.0,1.0,dist_truncnorm,6,0.67,0.15,truncnorm,none
City-A,T4,2x,280.0,S4_GlobalCalib,cross_regime,M_stress,800,True,1,446.5,376.4,0.0,0.157,1.0,dist_truncnorm,6,0.67,0.15,truncnorm,none
City-A,T4,2x,280.0,S5_CityCalib,routine,M_routine,800,True,1,444.4,494.4,0.0,0.0,1.0,dist_truncnorm,6,0.67,0.15,truncnorm,none
City-A,T4,2x,280.0,S5_CityCalib,cross_regime,M_stress,800,True,1,444.4,376.4,0.0,0.153,1.0,dist_truncnorm,6,0.67,0.15,truncnorm,none
City-A,T4,2x,280.0,S6_Q10,routine,M_routine,800,True,1,323.1,494.4,0.0,0.0,1.0,dist_truncnorm,6,0.67,0.15,truncnorm,none
City-A,T4,2x,280.0,S6_Q10,cross_regime,M_stress,800,True,1,323.1,376.4,0.0,0.0,1.0,dist_truncnorm,6,0.67,0.15,truncnorm,none
City-A,T4,5x,700.0,S0a_RoutineOracle,routine,M_routine,800,True,2,997.4,997.4,0.0,0.0,1.0,dist_truncnorm,6,0.67,0.15,truncnorm,none
City-A,T4,5x,700.0,S0a_RoutineOracle,cross_regime,M_stress,800,True,2,997.4,691.8,8.2,0.3064,0.0,dist_truncnorm,6,0.67,0.15,truncnorm,none
City-A,T4,5x,700.0,S0b_StressOracle,routine,M_routine,800,True,2,708.3,708.7,0.0,0.0,1.0,dist_truncnorm,6,0.67,0.15,truncnorm,none
City-A,T4,5x,700.0,S0b_StressOracle,cross_regime,M_stress,800,True,2,708.3,708.3,0.0,0.0,1.0,dist_truncnorm,6,0.67,0.15,truncnorm,none
City-A,T4,5x,700.0,S1_CapRR,routine,M_routine,800,True,2,1293.4,883.8,0.0,0.3167,1.0,dist_truncnorm,6,0.67,0.15,truncnorm,none
City-A,T4,5x,700.0,S1_CapRR,cross_regime,M_stress,800,True,2,1293.4,573.1,126.9,0.5569,0.0,dist_truncnorm,6,0.67,0.15,truncnorm,none
City-A,T4,5x,700.0,S2_Platform,routine,M_routine,800,True,3,870.0,945.0,0.0,0.0,1.0,dist_truncnorm,6,0.67,0.15,truncnorm,none
City-A,T4,5x,700.0,S2_Platform,cross_regime,M_stress,800,True,3,870.0,696.1,3.9,0.2,0.0,dist_truncnorm,6,0.67,0.15,truncnorm,none
City-A,T4,5x,700.0,S3_Lin4,routine,M_routine,800,True,2,869.2,997.4,0.0,0.0,1.0,dist_truncnorm,6,0.67,0.15,truncnorm,none
City-A,T4,5x,700.0,S3_Lin4,cross_regime,M_stress,800,True,2,869.2,691.8,8.2,0.2041,0.0,dist_truncnorm,6,0.67,0.15,truncnorm,none
City-A,T4,5x,700.0,S4_GlobalCalib,routine,M_routine,800,True,2,851.6,883.8,0.0,0.0,1.0,dist_truncnorm,6,0.67,0.15,truncnorm,none
City-A,T4,5x,700.0,S4_GlobalCalib,cross_regime,M_stress,800,True,2,851.6,573.1,126.9,0.3271,0.0,dist_truncnorm,6,0.67,0.15,truncnorm,none
City-A,T4,5x,700.0,S5_CityCalib,routine,M_routine,800,True,2,847.6,883.8,0.0,0.0,1.0,dist_truncnorm,6,0.67,0.15,truncnorm,none
City-A,T4,5x,700.0,S5_CityCalib,cross_regime,M_stress,800,True,2,847.6,573.1,126.9,0.3239,0.0,dist_truncnorm,6,0.67,0.15,truncnorm,none
City-A,T4,5x,700.0,S6_Q10,routine,M_routine,800,True,3,900.3,1386.8,0.0,0.0,1.0,dist_truncnorm,6,0.67,0.15,truncnorm,none
City-A,T4,5x,700.0,S6_Q10,cross_regime,M_stress,800,True,3,900.3,888.5,0.0,0.0131,1.0,dist_truncnorm,6,0.67,0.15,truncnorm,none
City-A,T4,10x,1400.0,S0a_RoutineOracle,routine,M_routine,800,True,3,1417.9,1417.9,0.0,0.0,1.0,dist_truncnorm,6,0.67,0.15,truncnorm,none
City-A,T4,10x,1400.0,S0a_RoutineOracle,cross_regime,M_stress,800,True,3,1417.9,926.0,474.0,0.3469,0.0,dist_truncnorm,6,0.67,0.15,truncnorm,none
City-A,T4,10x,1400.0,S0b_StressOracle,routine,M_routine,800,True,5,1658.5,1824.2,0.0,0.0,1.0,dist_truncnorm,6,0.67,0.15,truncnorm,none
City-A,T4,10x,1400.0,S0b_StressOracle,cross_regime,M_stress,800,True,5,1658.5,1658.5,0.0,0.0,1.0,dist_truncnorm,6,0.67,0.15,truncnorm,none
City-A,T4,10x,1400.0,S1_CapRR,routine,M_routine,800,True,3,1889.7,1386.8,13.2,0.2661,0.0,dist_truncnorm,6,0.67,0.15,truncnorm,none
City-A,T4,10x,1400.0,S1_CapRR,cross_regime,M_stress,800,True,3,1889.7,888.5,511.5,0.5298,0.0,dist_truncnorm,6,0.67,0.15,truncnorm,none
City-A,T4,10x,1400.0,S2_Platform,routine,M_routine,800,True,5,1424.2,1459.0,0.0,0.0,1.0,dist_truncnorm,6,0.67,0.15,truncnorm,none
City-A,T4,10x,1400.0,S2_Platform,cross_regime,M_stress,800,True,5,1424.2,1046.4,353.6,0.2653,0.0,dist_truncnorm,6,0.67,0.15,truncnorm,none
City-A,T4,10x,1400.0,S3_Lin4,routine,M_routine,800,True,4,1605.7,1709.4,0.0,0.0,1.0,dist_truncnorm,6,0.67,0.15,truncnorm,none
City-A,T4,10x,1400.0,S3_Lin4,cross_regime,M_stress,800,True,4,1605.7,1030.4,369.6,0.3582,0.0,dist_truncnorm,6,0.67,0.15,truncnorm,none
City-A,T4,10x,1400.0,S4_GlobalCalib,routine,M_routine,800,True,4,1628.0,1744.8,0.0,0.0,1.0,dist_truncnorm,6,0.67,0.15,truncnorm,none
City-A,T4,10x,1400.0,S4_GlobalCalib,cross_regime,M_stress,800,True,4,1628.0,1077.9,322.1,0.3379,0.0,dist_truncnorm,6,0.67,0.15,truncnorm,none
City-A,T4,10x,1400.0,S5_CityCalib,routine,M_routine,800,True,4,1620.4,1744.8,0.0,0.0,1.0,dist_truncnorm,6,0.67,0.15,truncnorm,none
City-A,T4,10x,1400.0,S5_CityCalib,cross_regime,M_stress,800,True,4,1620.4,1077.9,322.1,0.3348,0.0,dist_truncnorm,6,0.67,0.15,truncnorm,none
City-A,T4,10x,1400.0,S6_Q10,routine,M_routine,800,True,5,1447.1,2069.9,0.0,0.0,1.0,dist_truncnorm,6,0.67,0.15,truncnorm,none
City-A,T4,10x,1400.0,S6_Q10,cross_regime,M_stress,800,True,5,1447.1,1404.2,0.0,0.0296,1.0,dist_truncnorm,6,0.67,0.15,truncnorm,none
City-A,T5,1x,160.0,S0a_RoutineOracle,routine,M_routine,800,True,1,434.2,434.2,0.0,0.0,1.0,dist_truncnorm,6,0.67,0.15,truncnorm,none
City-A,T5,1x,160.0,S0a_RoutineOracle,cross_regime,M_stress,800,True,1,434.2,167.7,0.0,0.6137,1.0,dist_truncnorm,6,0.67,0.15,truncnorm,none
City-A,T5,1x,160.0,S0b_StressOracle,routine,M_routine,800,True,1,229.9,387.1,0.0,0.0,1.0,dist_truncnorm,6,0.67,0.15,truncnorm,none
City-A,T5,1x,160.0,S0b_StressOracle,cross_regime,M_stress,800,True,1,229.9,229.9,0.0,0.0,1.0,dist_truncnorm,6,0.67,0.15,truncnorm,none
City-A,T5,1x,160.0,S1_CapRR,routine,M_routine,800,True,1,596.8,434.2,0.0,0.2725,1.0,dist_truncnorm,6,0.67,0.15,truncnorm,none
City-A,T5,1x,160.0,S1_CapRR,cross_regime,M_stress,800,True,1,596.8,167.7,0.0,0.719,1.0,dist_truncnorm,6,0.67,0.15,truncnorm,none
City-A,T5,1x,160.0,S2_Platform,routine,M_routine,800,True,1,485.5,434.2,0.0,0.1057,1.0,dist_truncnorm,6,0.67,0.15,truncnorm,none
City-A,T5,1x,160.0,S2_Platform,cross_regime,M_stress,800,True,1,485.5,167.7,0.0,0.6545,1.0,dist_truncnorm,6,0.67,0.15,truncnorm,none
City-A,T5,1x,160.0,S3_Lin4,routine,M_routine,800,True,1,482.1,434.2,0.0,0.0994,1.0,dist_truncnorm,6,0.67,0.15,truncnorm,none
City-A,T5,1x,160.0,S3_Lin4,cross_regime,M_stress,800,True,1,482.1,167.7,0.0,0.6521,1.0,dist_truncnorm,6,0.67,0.15,truncnorm,none
City-A,T5,1x,160.0,S4_GlobalCalib,routine,M_routine,800,True,1,393.1,434.2,0.0,0.0,1.0,dist_truncnorm,6,0.67,0.15,truncnorm,none
City-A,T5,1x,160.0,S4_GlobalCalib,cross_regime,M_stress,800,True,1,393.1,167.7,0.0,0.5734,1.0,dist_truncnorm,6,0.67,0.15,truncnorm,none
City-A,T5,1x,160.0,S5_CityCalib,routine,M_routine,800,True,1,392.4,434.2,0.0,0.0,1.0,dist_truncnorm,6,0.67,0.15,truncnorm,none
City-A,T5,1x,160.0,S5_CityCalib,cross_regime,M_stress,800,True,1,392.4,167.7,0.0,0.5726,1.0,dist_truncnorm,6,0.67,0.15,truncnorm,none
City-A,T5,1x,160.0,S6_Q10,routine,M_routine,800,True,1,285.2,434.2,0.0,0.0,1.0,dist_truncnorm,6,0.67,0.15,truncnorm,none
City-A,T5,1x,160.0,S6_Q10,cross_regime,M_stress,800,True,1,285.2,167.7,0.0,0.412,1.0,dist_truncnorm,6,0.67,0.15,truncnorm,none
City-A,T5,2x,320.0,S0a_RoutineOracle,routine,M_routine,800,True,1,434.2,434.2,0.0,0.0,1.0,dist_truncnorm,6,0.67,0.15,truncnorm,none
City-A,T5,2x,320.0,S0a_RoutineOracle,cross_regime,M_stress,800,True,1,434.2,167.7,152.3,0.6137,0.0,dist_truncnorm,6,0.67,0.15,truncnorm,none
City-A,T5,2x,320.0,S0b_StressOracle,routine,M_routine,800,True,2,459.1,651.6,0.0,0.0,1.0,dist_truncnorm,6,0.67,0.15,truncnorm,none
City-A,T5,2x,320.0,S0b_StressOracle,cross_regime,M_stress,800,True,2,459.1,459.1,0.0,0.0,1.0,dist_truncnorm,6,0.67,0.15,truncnorm,none
City-A,T5,2x,320.0,S1_CapRR,routine,M_routine,800,True,1,596.8,434.2,0.0,0.2725,1.0,dist_truncnorm,6,0.67,0.15,truncnorm,none
City-A,T5,2x,320.0,S1_CapRR,cross_regime,M_stress,800,True,1,596.8,167.7,152.3,0.719,0.0,dist_truncnorm,6,0.67,0.15,truncnorm,none
City-A,T5,2x,320.0,S2_Platform,routine,M_routine,800,True,1,485.5,434.2,0.0,0.1057,1.0,dist_truncnorm,6,0.67,0.15,truncnorm,none
City-A,T5,2x,320.0,S2_Platform,cross_regime,M_stress,800,True,1,485.5,167.7,152.3,0.6545,0.0,dist_truncnorm,6,0.67,0.15,truncnorm,none
City-A,T5,2x,320.0,S3_Lin4,routine,M_routine,800,True,1,482.1,434.2,0.0,0.0994,1.0,dist_truncnorm,6,0.67,0.15,truncnorm,none
City-A,T5,2x,320.0,S3_Lin4,cross_regime,M_stress,800,True,1,482.1,167.7,152.3,0.6521,0.0,dist_truncnorm,6,0.67,0.15,truncnorm,none
City-A,T5,2x,320.0,S4_GlobalCalib,routine,M_routine,800,True,1,393.1,434.2,0.0,0.0,1.0,dist_truncnorm,6,0.67,0.15,truncnorm,none
City-A,T5,2x,320.0,S4_GlobalCalib,cross_regime,M_stress,800,True,1,393.1,167.7,152.3,0.5734,0.0,dist_truncnorm,6,0.67,0.15,truncnorm,none
City-A,T5,2x,320.0,S5_CityCalib,routine,M_routine,800,True,1,392.4,434.2,0.0,0.0,1.0,dist_truncnorm,6,0.67,0.15,truncnorm,none
City-A,T5,2x,320.0,S5_CityCalib,cross_regime,M_stress,800,True,1,392.4,167.7,152.3,0.5726,0.0,dist_truncnorm,6,0.67,0.15,truncnorm,none
City-A,T5,2x,320.0,S6_Q10,routine,M_routine,800,True,2,543.9,707.4,0.0,0.0,1.0,dist_truncnorm,6,0.67,0.15,truncnorm,none
City-A,T5,2x,320.0,S6_Q10,cross_regime,M_stress,800,True,2,543.9,378.0,0.0,0.3051,1.0,dist_truncnorm,6,0.67,0.15,truncnorm,none
City-A,T5,5x,800.0,S0a_RoutineOracle,routine,M_routine,800,True,2,821.3,821.3,0.0,0.0,1.0,dist_truncnorm,6,0.67,0.15,truncnorm,none
City-A,T5,5x,800.0,S0a_RoutineOracle,cross_regime,M_stress,800,True,2,821.3,397.6,402.4,0.5159,0.0,dist_truncnorm,6,0.67,0.15,truncnorm,none
City-A,T5,5x,800.0,S0b_StressOracle,routine,M_routine,800,True,4,907.3,1305.6,0.0,0.0,1.0,dist_truncnorm,6,0.67,0.15,truncnorm,none
City-A,T5,5x,800.0,S0b_StressOracle,cross_regime,M_stress,800,True,4,907.3,907.3,0.0,0.0,1.0,dist_truncnorm,6,0.67,0.15,truncnorm,none
City-A,T5,5x,800.0,S1_CapRR,routine,M_routine,800,True,2,1138.1,707.4,92.6,0.3784,0.0,dist_truncnorm,6,0.67,0.15,truncnorm,none
City-A,T5,5x,800.0,S1_CapRR,cross_regime,M_stress,800,True,2,1138.1,378.0,422.0,0.6679,0.0,dist_truncnorm,6,0.67,0.15,truncnorm,none
City-A,T5,5x,800.0,S2_Platform,routine,M_routine,800,True,2,897.6,621.3,178.7,0.3078,0.0,dist_truncnorm,6,0.67,0.15,truncnorm,none
City-A,T5,5x,800.0,S2_Platform,cross_regime,M_stress,800,True,2,897.6,373.0,427.0,0.5845,0.0,dist_truncnorm,6,0.67,0.15,truncnorm,none
City-A,T5,5x,800.0,S3_Lin4,routine,M_routine,800,True,2,855.6,704.2,95.8,0.177,0.0,dist_truncnorm,6,0.67,0.15,truncnorm,none
City-A,T5,5x,800.0,S3_Lin4,cross_regime,M_stress,800,True,2,855.6,354.9,445.1,0.5852,0.0,dist_truncnorm,6,0.67,0.15,truncnorm,none
City-A,T5,5x,800.0,S4_GlobalCalib,routine,M_routine,800,True,3,1095.7,977.5,0.0,0.1079,1.0,dist_truncnorm,6,0.67,0.15,truncnorm,none
City-A,T5,5x,800.0,S4_GlobalCalib,cross_regime,M_stress,800,True,3,1095.7,565.2,234.8,0.4842,0.0,dist_truncnorm,6,0.67,0.15,truncnorm,none
City-A,T5,5x,800.0,S5_CityCalib,routine,M_routine,800,True,3,1093.6,977.5,0.0,0.1062,1.0,dist_truncnorm,6,0.67,0.15,truncnorm,none
City-A,T5,5x,800.0,S5_CityCalib,cross_regime,M_stress,800,True,3,1093.6,565.2,234.8,0.4832,0.0,dist_truncnorm,6,0.67,0.15,truncnorm,none
City-A,T5,5x,800.0,S6_Q10,routine,M_routine,800,True,4,1039.7,1284.8,0.0,0.0,1.0,dist_truncnorm,6,0.67,0.15,truncnorm,none
City-A,T5,5x,800.0,S6_Q10,cross_regime,M_stress,800,True,4,1039.7,784.0,16.0,0.2459,0.0,dist_truncnorm,6,0.67,0.15,truncnorm,none
City-A,T5,10x,1600.0,S0a_RoutineOracle,routine,M_routine,800,True,5,1852.1,1852.1,0.0,0.0,1.0,dist_truncnorm,6,0.67,0.15,truncnorm,none
City-A,T5,10x,1600.0,S0a_RoutineOracle,cross_regime,M_stress,800,True,5,1852.1,1018.3,581.7,0.4502,0.0,dist_truncnorm,6,0.67,0.15,truncnorm,none
City-A,T5,10x,1600.0,S0b_StressOracle,routine,M_routine,800,True,8,1758.3,2508.9,0.0,0.0,1.0,dist_truncnorm,6,0.67,0.15,truncnorm,none
City-A,T5,10x,1600.0,S0b_StressOracle,cross_regime,M_stress,800,True,8,1758.3,1758.3,0.0,0.0,1.0,dist_truncnorm,6,0.67,0.15,truncnorm,none
City-A,T5,10x,1600.0,S1_CapRR,routine,M_routine,800,True,3,1662.9,977.5,622.5,0.4122,0.0,dist_truncnorm,6,0.67,0.15,truncnorm,none
City-A,T5,10x,1600.0,S1_CapRR,cross_regime,M_stress,800,True,3,1662.9,565.2,1034.8,0.6601,0.0,dist_truncnorm,6,0.67,0.15,truncnorm,none
City-A,T5,10x,1600.0,S2_Platform,routine,M_routine,800,True,4,1696.8,1198.7,401.3,0.2936,0.0,dist_truncnorm,6,0.67,0.15,truncnorm,none
City-A,T5,10x,1600.0,S2_Platform,cross_regime,M_stress,800,True,4,1696.8,779.0,821.0,0.5409,0.0,dist_truncnorm,6,0.67,0.15,truncnorm,none
City-A,T5,10x,1600.0,S3_Lin4,routine,M_routine,800,True,5,1912.6,1561.0,39.0,0.1839,0.0,dist_truncnorm,6,0.67,0.15,truncnorm,none
City-A,T5,10x,1600.0,S3_Lin4,cross_regime,M_stress,800,True,5,1912.6,991.1,608.9,0.4818,0.0,dist_truncnorm,6,0.67,0.15,truncnorm,none
City-A,T5,10x,1600.0,S4_GlobalCalib,routine,M_routine,800,True,5,1761.4,1471.9,128.1,0.1644,0.0,dist_truncnorm,6,0.67,0.15,truncnorm,none
City-A,T5,10x,1600.0,S4_GlobalCalib,cross_regime,M_stress,800,True,5,1761.4,989.2,610.8,0.4384,0.0,dist_truncnorm,6,0.67,0.15,truncnorm,none
City-A,T5,10x,1600.0,S5_CityCalib,routine,M_routine,800,True,5,1758.0,1471.9,128.1,0.1627,0.0,dist_truncnorm,6,0.67,0.15,truncnorm,none
City-A,T5,10x,1600.0,S5_CityCalib,cross_regime,M_stress,800,True,5,1758.0,989.2,610.8,0.4373,0.0,dist_truncnorm,6,0.67,0.15,truncnorm,none
City-A,T5,10x,1600.0,S6_Q10,routine,M_routine,800,True,7,1719.2,2135.2,0.0,0.0,1.0,dist_truncnorm,6,0.67,0.15,truncnorm,none
City-A,T5,10x,1600.0,S6_Q10,cross_regime,M_stress,800,True,7,1719.2,1426.2,173.8,0.1704,0.0,dist_truncnorm,6,0.67,0.15,truncnorm,none
City-B,T1,1x,180.0,S0a_RoutineOracle,routine,M_routine,500,True,1,598.4,598.4,0.0,0.0,1.0,dist_truncnorm,6,0.67,0.15,truncnorm,none
City-B,T1,1x,180.0,S0a_RoutineOracle,cross_regime,M_stress,500,True,1,598.4,229.4,0.0,0.6167,1.0,dist_truncnorm,6,0.67,0.15,truncnorm,none
City-B,T1,1x,180.0,S0b_StressOracle,routine,M_routine,500,True,1,421.1,524.3,0.0,0.0,1.0,dist_truncnorm,6,0.67,0.15,truncnorm,none
City-B,T1,1x,180.0,S0b_StressOracle,cross_regime,M_stress,500,True,1,421.1,421.1,0.0,0.0,1.0,dist_truncnorm,6,0.67,0.15,truncnorm,none
City-B,T1,1x,180.0,S1_CapRR,routine,M_routine,500,True,1,846.0,598.4,0.0,0.2927,1.0,dist_truncnorm,6,0.67,0.15,truncnorm,none
City-B,T1,1x,180.0,S1_CapRR,cross_regime,M_stress,500,True,1,846.0,229.4,0.0,0.7289,1.0,dist_truncnorm,6,0.67,0.15,truncnorm,none
City-B,T1,1x,180.0,S2_Platform,routine,M_routine,500,True,1,561.1,462.8,0.0,0.1753,1.0,dist_truncnorm,6,0.67,0.15,truncnorm,none
City-B,T1,1x,180.0,S2_Platform,cross_regime,M_stress,500,True,1,561.1,272.9,0.0,0.5137,1.0,dist_truncnorm,6,0.67,0.15,truncnorm,none
City-B,T1,1x,180.0,S3_Lin4,routine,M_routine,500,True,1,461.8,413.2,0.0,0.1054,1.0,dist_truncnorm,6,0.67,0.15,truncnorm,none
City-B,T1,1x,180.0,S3_Lin4,cross_regime,M_stress,500,True,1,461.8,360.0,0.0,0.2206,1.0,dist_truncnorm,6,0.67,0.15,truncnorm,none
City-B,T1,1x,180.0,S4_GlobalCalib,routine,M_routine,500,True,1,561.3,598.4,0.0,0.0,1.0,dist_truncnorm,6,0.67,0.15,truncnorm,none
City-B,T1,1x,180.0,S4_GlobalCalib,cross_regime,M_stress,500,True,1,561.3,229.4,0.0,0.5914,1.0,dist_truncnorm,6,0.67,0.15,truncnorm,none
City-B,T1,1x,180.0,S5_CityCalib,routine,M_routine,500,True,1,562.7,598.4,0.0,0.0,1.0,dist_truncnorm,6,0.67,0.15,truncnorm,none
City-B,T1,1x,180.0,S5_CityCalib,cross_regime,M_stress,500,True,1,562.7,229.4,0.0,0.5924,1.0,dist_truncnorm,6,0.67,0.15,truncnorm,none
City-B,T1,1x,180.0,S6_Q10,routine,M_routine,500,True,1,404.4,598.4,0.0,0.0,1.0,dist_truncnorm,6,0.67,0.15,truncnorm,none
City-B,T1,1x,180.0,S6_Q10,cross_regime,M_stress,500,True,1,404.4,229.4,0.0,0.4328,1.0,dist_truncnorm,6,0.67,0.15,truncnorm,none
City-B,T1,2x,360.0,S0a_RoutineOracle,routine,M_routine,500,True,1,598.4,598.4,0.0,0.0,1.0,dist_truncnorm,6,0.67,0.15,truncnorm,none
City-B,T1,2x,360.0,S0a_RoutineOracle,cross_regime,M_stress,500,True,1,598.4,229.4,130.6,0.6167,0.0,dist_truncnorm,6,0.67,0.15,truncnorm,none
City-B,T1,2x,360.0,S0b_StressOracle,routine,M_routine,500,True,1,421.1,524.3,0.0,0.0,1.0,dist_truncnorm,6,0.67,0.15,truncnorm,none
City-B,T1,2x,360.0,S0b_StressOracle,cross_regime,M_stress,500,True,1,421.1,421.1,0.0,0.0,1.0,dist_truncnorm,6,0.67,0.15,truncnorm,none
City-B,T1,2x,360.0,S1_CapRR,routine,M_routine,500,True,1,846.0,598.4,0.0,0.2927,1.0,dist_truncnorm,6,0.67,0.15,truncnorm,none
City-B,T1,2x,360.0,S1_CapRR,cross_regime,M_stress,500,True,1,846.0,229.4,130.6,0.7289,0.0,dist_truncnorm,6,0.67,0.15,truncnorm,none
City-B,T1,2x,360.0,S2_Platform,routine,M_routine,500,True,1,561.1,462.8,0.0,0.1753,1.0,dist_truncnorm,6,0.67,0.15,truncnorm,none
City-B,T1,2x,360.0,S2_Platform,cross_regime,M_stress,500,True,1,561.1,272.9,87.1,0.5137,0.0,dist_truncnorm,6,0.67,0.15,truncnorm,none
City-B,T1,2x,360.0,S3_Lin4,routine,M_routine,500,True,1,461.8,413.2,0.0,0.1054,1.0,dist_truncnorm,6,0.67,0.15,truncnorm,none
City-B,T1,2x,360.0,S3_Lin4,cross_regime,M_stress,500,True,1,461.8,360.0,0.0,0.2206,0.0,dist_truncnorm,6,0.67,0.15,truncnorm,none
City-B,T1,2x,360.0,S4_GlobalCalib,routine,M_routine,500,True,1,561.3,598.4,0.0,0.0,1.0,dist_truncnorm,6,0.67,0.15,truncnorm,none
City-B,T1,2x,360.0,S4_GlobalCalib,cross_regime,M_stress,500,True,1,561.3,229.4,130.6,0.5914,0.0,dist_truncnorm,6,0.67,0.15,truncnorm,none
City-B,T1,2x,360.0,S5_CityCalib,routine,M_routine,500,True,1,562.7,598.4,0.0,0.0,1.0,dist_truncnorm,6,0.67,0.15,truncnorm,none
City-B,T1,2x,360.0,S5_CityCalib,cross_regime,M_stress,500,True,1,562.7,229.4,130.6,0.5924,0.0,dist_truncnorm,6,0.67,0.15,truncnorm,none
City-B,T1,2x,360.0,S6_Q10,routine,M_routine,500,True,1,404.4,598.4,0.0,0.0,1.0,dist_truncnorm,6,0.67,0.15,truncnorm,none
City-B,T1,2x,360.0,S6_Q10,cross_regime,M_stress,500,True,1,404.4,229.4,130.6,0.4328,0.0,dist_truncnorm,6,0.67,0.15,truncnorm,none
City-B,T1,5x,900.0,S0a_RoutineOracle,routine,M_routine,500,True,2,1192.4,1192.4,0.0,0.0,1.0,dist_truncnorm,6,0.67,0.15,truncnorm,none
City-B,T1,5x,900.0,S0a_RoutineOracle,cross_regime,M_stress,500,True,2,1192.4,348.7,551.3,0.7075,0.0,dist_truncnorm,6,0.67,0.15,truncnorm,none
City-B,T1,5x,900.0,S0b_StressOracle,routine,M_routine,500,True,3,1086.4,1193.5,0.0,0.0,1.0,dist_truncnorm,6,0.67,0.15,truncnorm,none
City-B,T1,5x,900.0,S0b_StressOracle,cross_regime,M_stress,500,True,3,1086.4,1086.4,0.0,0.0,1.0,dist_truncnorm,6,0.67,0.15,truncnorm,none
City-B,T1,5x,900.0,S1_CapRR,routine,M_routine,500,True,2,1688.0,1122.7,0.0,0.3349,1.0,dist_truncnorm,6,0.67,0.15,truncnorm,none
City-B,T1,5x,900.0,S1_CapRR,cross_regime,M_stress,500,True,2,1688.0,650.5,249.5,0.6146,0.0,dist_truncnorm,6,0.67,0.15,truncnorm,none
City-B,T1,5x,900.0,S2_Platform,routine,M_routine,500,True,2,1112.3,875.9,24.1,0.2125,0.0,dist_truncnorm,6,0.67,0.15,truncnorm,none
City-B,T1,5x,900.0,S2_Platform,cross_regime,M_stress,500,True,2,1112.3,632.8,267.2,0.4311,0.0,dist_truncnorm,6,0.67,0.15,truncnorm,none
City-B,T1,5x,900.0,S3_Lin4,routine,M_routine,500,True,2,917.4,875.9,24.1,0.0453,0.0,dist_truncnorm,6,0.67,0.15,truncnorm,none
City-B,T1,5x,900.0,S3_Lin4,cross_regime,M_stress,500,True,2,917.4,632.8,267.2,0.3102,0.0,dist_truncnorm,6,0.67,0.15,truncnorm,none
City-B,T1,5x,900.0,S4_GlobalCalib,routine,M_routine,500,True,2,1120.0,1122.7,0.0,0.0,1.0,dist_truncnorm,6,0.67,0.15,truncnorm,none
City-B,T1,5x,900.0,S4_GlobalCalib,cross_regime,M_stress,500,True,2,1120.0,650.5,249.5,0.4192,0.0,dist_truncnorm,6,0.67,0.15,truncnorm,none
City-B,T1,5x,900.0,S5_CityCalib,routine,M_routine,500,True,2,1122.7,1122.7,0.0,0.0,1.0,dist_truncnorm,6,0.67,0.15,truncnorm,none
City-B,T1,5x,900.0,S5_CityCalib,cross_regime,M_stress,500,True,2,1122.7,650.5,249.5,0.4206,0.0,dist_truncnorm,6,0.67,0.15,truncnorm,none
City-B,T1,5x,900.0,S6_Q10,routine,M_routine,500,True,3,1197.2,1535.9,0.0,0.0,1.0,dist_truncnorm,6,0.67,0.15,truncnorm,none
City-B,T1,5x,900.0,S6_Q10,cross_regime,M_stress,500,True,3,1197.2,1010.4,0.0,0.156,1.0,dist_truncnorm,6,0.67,0.15,truncnorm,none
City-B,T1,10x,1800.0,S0a_RoutineOracle,routine,M_routine,500,True,4,2179.5,2179.5,0.0,0.0,1.0,dist_truncnorm,6,0.67,0.15,truncnorm,none
City-B,T1,10x,1800.0,S0a_RoutineOracle,cross_regime,M_stress,500,True,4,2179.5,1042.7,757.3,0.5216,0.0,dist_truncnorm,6,0.67,0.15,truncnorm,none
City-B,T1,10x,1800.0,S0b_StressOracle,routine,M_routine,500,True,6,1936.4,2139.6,0.0,0.0,1.0,dist_truncnorm,6,0.67,0.15,truncnorm,none
City-B,T1,10x,1800.0,S0b_StressOracle,cross_regime,M_stress,500,True,6,1936.4,1936.4,0.0,0.0,1.0,dist_truncnorm,6,0.67,0.15,truncnorm,none
City-B,T1,10x,1800.0,S1_CapRR,routine,M_routine,500,True,3,2504.5,1535.9,264.1,0.3868,0.0,dist_truncnorm,6,0.67,0.15,truncnorm,none
City-B,T1,10x,1800.0,S1_CapRR,cross_regime,M_stress,500,True,3,2504.5,1010.4,789.6,0.5966,0.0,dist_truncnorm,6,0.67,0.15,truncnorm,none
City-B,T1,10x,1800.0,S2_Platform,routine,M_routine,500,True,4,2163.2,1998.6,0.0,0.0761,1.0,dist_truncnorm,6,0.67,0.15,truncnorm,none
City-B,T1,10x,1800.0,S2_Platform,cross_regime,M_stress,500,True,4,2163.2,1283.3,516.7,0.4067,0.0,dist_truncnorm,6,0.67,0.15,truncnorm,none
City-B,T1,10x,1800.0,S3_Lin4,routine,M_routine,500,True,4,1819.5,1998.6,0.0,0.0,1.0,dist_truncnorm,6,0.67,0.15,truncnorm,none
City-B,T1,10x,1800.0,S3_Lin4,cross_regime,M_stress,500,True,4,1819.5,1283.3,516.7,0.2947,0.0,dist_truncnorm,6,0.67,0.15,truncnorm,none
City-B,T1,10x,1800.0,S4_GlobalCalib,routine,M_routine,500,True,4,2191.8,1998.6,0.0,0.0881,1.0,dist_truncnorm,6,0.67,0.15,truncnorm,none
City-B,T1,10x,1800.0,S4_GlobalCalib,cross_regime,M_stress,500,True,4,2191.8,1283.3,516.7,0.4145,0.0,dist_truncnorm,6,0.67,0.15,truncnorm,none
City-B,T1,10x,1800.0,S5_CityCalib,routine,M_routine,500,True,4,2197.0,1998.6,0.0,0.0903,1.0,dist_truncnorm,6,0.67,0.15,truncnorm,none
City-B,T1,10x,1800.0,S5_CityCalib,cross_regime,M_stress,500,True,4,2197.0,1283.3,516.7,0.4159,0.0,dist_truncnorm,6,0.67,0.15,truncnorm,none
City-B,T1,10x,1800.0,S6_Q10,routine,M_routine,500,True,5,1913.1,2254.7,0.0,0.0,1.0,dist_truncnorm,6,0.67,0.15,truncnorm,none
City-B,T1,10x,1800.0,S6_Q10,cross_regime,M_stress,500,True,5,1913.1,1588.6,211.4,0.1696,0.0,dist_truncnorm,6,0.67,0.15,truncnorm,none
City-B,T2,1x,260.0,S0a_RoutineOracle,routine,M_routine,501,True,1,558.0,558.0,0.0,0.0,1.0,dist_truncnorm,6,0.67,0.15,truncnorm,none
City-B,T2,1x,260.0,S0a_RoutineOracle,cross_regime,M_stress,501,True,1,558.0,419.3,0.0,0.2486,1.0,dist_truncnorm,6,0.67,0.15,truncnorm,none
City-B,T2,1x,260.0,S0b_StressOracle,routine,M_routine,501,True,1,469.1,507.6,0.0,0.0,1.0,dist_truncnorm,6,0.67,0.15,truncnorm,none
City-B,T2,1x,260.0,S0b_StressOracle,cross_regime,M_stress,501,True,1,469.1,469.1,0.0,0.0,1.0,dist_truncnorm,6,0.67,0.15,truncnorm,none
City-B,T2,1x,260.0,S1_CapRR,routine,M_routine,501,True,1,846.0,508.9,0.0,0.3985,1.0,dist_truncnorm,6,0.67,0.15,truncnorm,none
City-B,T2,1x,260.0,S1_CapRR,cross_regime,M_stress,501,True,1,846.0,387.9,0.0,0.5415,1.0,dist_truncnorm,6,0.67,0.15,truncnorm,none
City-B,T2,1x,260.0,S2_Platform,routine,M_routine,501,True,1,557.0,531.8,0.0,0.0454,1.0,dist_truncnorm,6,0.67,0.15,truncnorm,none
City-B,T2,1x,260.0,S2_Platform,cross_regime,M_stress,501,True,1,557.0,180.0,80.0,0.6768,0.0,dist_truncnorm,6,0.67,0.15,truncnorm,none
City-B,T2,1x,260.0,S3_Lin4,routine,M_routine,501,True,1,466.3,507.6,0.0,0.0,1.0,dist_truncnorm,6,0.67,0.15,truncnorm,none
City-B,T2,1x,260.0,S3_Lin4,cross_regime,M_stress,501,True,1,466.3,469.1,0.0,0.0,1.0,dist_truncnorm,6,0.67,0.15,truncnorm,none
City-B,T2,1x,260.0,S4_GlobalCalib,routine,M_routine,501,True,1,564.8,508.9,0.0,0.0991,1.0,dist_truncnorm,6,0.67,0.15,truncnorm,none
City-B,T2,1x,260.0,S4_GlobalCalib,cross_regime,M_stress,501,True,1,564.8,387.9,0.0,0.3133,1.0,dist_truncnorm,6,0.67,0.15,truncnorm,none
City-B,T2,1x,260.0,S5_CityCalib,routine,M_routine,501,True,1,564.6,508.9,0.0,0.0987,1.0,dist_truncnorm,6,0.67,0.15,truncnorm,none
City-B,T2,1x,260.0,S5_CityCalib,cross_regime,M_stress,501,True,1,564.6,387.9,0.0,0.313,1.0,dist_truncnorm,6,0.67,0.15,truncnorm,none
City-B,T2,1x,260.0,S6_Q10,routine,M_routine,501,True,1,404.0,508.9,0.0,0.0,1.0,dist_truncnorm,6,0.67,0.15,truncnorm,none
City-B,T2,1x,260.0,S6_Q10,cross_regime,M_stress,501,True,1,404.0,387.9,0.0,0.04,1.0,dist_truncnorm,6,0.67,0.15,truncnorm,none
City-B,T2,2x,520.0,S0a_RoutineOracle,routine,M_routine,501,True,1,558.0,558.0,0.0,0.0,1.0,dist_truncnorm,6,0.67,0.15,truncnorm,none
City-B,T2,2x,520.0,S0a_RoutineOracle,cross_regime,M_stress,501,True,1,558.0,419.3,100.7,0.2486,0.0,dist_truncnorm,6,0.67,0.15,truncnorm,none
City-B,T2,2x,520.0,S0b_StressOracle,routine,M_routine,501,True,2,888.3,1065.7,0.0,0.0,1.0,dist_truncnorm,6,0.67,0.15,truncnorm,none
City-B,T2,2x,520.0,S0b_StressOracle,cross_regime,M_stress,501,True,2,888.3,888.3,0.0,0.0,1.0,dist_truncnorm,6,0.67,0.15,truncnorm,none
City-B,T2,2x,520.0,S1_CapRR,routine,M_routine,501,True,1,846.0,508.9,11.1,0.3985,0.0,dist_truncnorm,6,0.67,0.15,truncnorm,none
City-B,T2,2x,520.0,S1_CapRR,cross_regime,M_stress,501,True,1,846.0,387.9,132.1,0.5415,0.0,dist_truncnorm,6,0.67,0.15,truncnorm,none
City-B,T2,2x,520.0,S2_Platform,routine,M_routine,501,True,1,557.0,531.8,0.0,0.0454,1.0,dist_truncnorm,6,0.67,0.15,truncnorm,none
City-B,T2,2x,520.0,S2_Platform,cross_regime,M_stress,501,True,1,557.0,180.0,340.0,0.6768,0.0,dist_truncnorm,6,0.67,0.15,truncnorm,none
City-B,T2,2x,520.0,S3_Lin4,routine,M_routine,501,True,2,926.4,1039.4,0.0,0.0,1.0,dist_truncnorm,6,0.67,0.15,truncnorm,none
City-B,T2,2x,520.0,S3_Lin4,cross_regime,M_stress,501,True,2,926.4,649.1,0.0,0.2993,1.0,dist_truncnorm,6,0.67,0.15,truncnorm,none
City-B,T2,2x,520.0,S4_GlobalCalib,routine,M_routine,501,True,1,564.8,508.9,11.1,0.0991,0.0,dist_truncnorm,6,0.67,0.15,truncnorm,none
City-B,T2,2x,520.0,S4_GlobalCalib,cross_regime,M_stress,501,True,1,564.8,387.9,132.1,0.3133,0.0,dist_truncnorm,6,0.67,0.15,truncnorm,none
City-B,T2,2x,520.0,S5_CityCalib,routine,M_routine,501,True,1,564.6,508.9,11.1,0.0987,0.0,dist_truncnorm,6,0.67,0.15,truncnorm,none
City-B,T2,2x,520.0,S5_CityCalib,cross_regime,M_stress,501,True,1,564.6,387.9,132.1,0.313,0.0,dist_truncnorm,6,0.67,0.15,truncnorm,none
City-B,T2,2x,520.0,S6_Q10,routine,M_routine,501,True,2,806.1,977.1,0.0,0.0,1.0,dist_truncnorm,6,0.67,0.15,truncnorm,none
City-B,T2,2x,520.0,S6_Q10,cross_regime,M_stress,501,True,2,806.1,701.6,0.0,0.1297,1.0,dist_truncnorm,6,0.67,0.15,truncnorm,none
City-B,T2,5x,1300.0,S0a_RoutineOracle,routine,M_routine,501,True,3,1598.7,1598.7,0.0,0.0,1.0,dist_truncnorm,6,0.67,0.15,truncnorm,none
City-B,T2,5x,1300.0,S0a_RoutineOracle,cross_regime,M_stress,501,True,3,1598.7,987.2,312.8,0.3825,0.0,dist_truncnorm,6,0.67,0.15,truncnorm,none
City-B,T2,5x,1300.0,S0b_StressOracle,routine,M_routine,501,True,4,1594.2,1884.5,0.0,0.0,1.0,dist_truncnorm,6,0.67,0.15,truncnorm,none
City-B,T2,5x,1300.0,S0b_StressOracle,cross_regime,M_stress,501,True,4,1594.2,1594.2,0.0,0.0,1.0,dist_truncnorm,6,0.67,0.15,truncnorm,none
City-B,T2,5x,1300.0,S1_CapRR,routine,M_routine,501,True,2,1688.0,977.1,322.9,0.4211,0.0,dist_truncnorm,6,0.67,0.15,truncnorm,none
City-B,T2,5x,1300.0,S1_CapRR,cross_regime,M_stress,501,True,2,1688.0,701.6,598.4,0.5844,0.0,dist_truncnorm,6,0.67,0.15,truncnorm,none
City-B,T2,5x,1300.0,S2_Platform,routine,M_routine,501,True,3,1630.3,1507.6,0.0,0.0753,1.0,dist_truncnorm,6,0.67,0.15,truncnorm,none
City-B,T2,5x,1300.0,S2_Platform,cross_regime,M_stress,501,True,3,1630.3,962.8,337.2,0.4095,0.0,dist_truncnorm,6,0.67,0.15,truncnorm,none
City-B,T2,5x,1300.0,S3_Lin4,routine,M_routine,501,True,3,1382.6,1548.3,0.0,0.0,1.0,dist_truncnorm,6,0.67,0.15,truncnorm,none
City-B,T2,5x,1300.0,S3_Lin4,cross_regime,M_stress,501,True,3,1382.6,1036.9,263.1,0.25,0.0,dist_truncnorm,6,0.67,0.15,truncnorm,none
City-B,T2,5x,1300.0,S4_GlobalCalib,routine,M_routine,501,True,3,1672.1,1484.7,0.0,0.1121,1.0,dist_truncnorm,6,0.67,0.15,truncnorm,none
City-B,T2,5x,1300.0,S4_GlobalCalib,cross_regime,M_stress,501,True,3,1672.1,1170.6,129.4,0.2999,0.0,dist_truncnorm,6,0.67,0.15,truncnorm,none
City-B,T2,5x,1300.0,S5_CityCalib,routine,M_routine,501,True,3,1671.4,1484.7,0.0,0.1117,1.0,dist_truncnorm,6,0.67,0.15,truncnorm,none
City-B,T2,5x,1300.0,S5_CityCalib,cross_regime,M_stress,501,True,3,1671.4,1170.6,129.4,0.2996,0.0,dist_truncnorm,6,0.67,0.15,truncnorm,none
City-B,T2,5x,1300.0,S6_Q10,routine,M_routine,501,True,4,1577.6,2016.5,0.0,0.0,1.0,dist_truncnorm,6,0.67,0.15,truncnorm,none
City-B,T2,5x,1300.0,S6_Q10,cross_regime,M_stress,501,True,4,1577.6,1350.6,0.0,0.1438,1.0,dist_truncnorm,6,0.67,0.15,truncnorm,none
City-B,T2,10x,2600.0,S0a_RoutineOracle,routine,M_routine,501,True,6,3023.1,3023.1,0.0,0.0,1.0,dist_truncnorm,6,0.67,0.15,truncnorm,none
City-B,T2,10x,2600.0,S0a_RoutineOracle,cross_regime,M_stress,501,True,6,3023.1,2038.9,561.1,0.3255,0.0,dist_truncnorm,6,0.67,0.15,truncnorm,none
City-B,T2,10x,2600.0,S0b_StressOracle,routine,M_routine,501,True,8,2779.3,3411.6,0.0,0.0,1.0,dist_truncnorm,6,0.67,0.15,truncnorm,none
City-B,T2,10x,2600.0,S0b_StressOracle,cross_regime,M_stress,501,True,8,2779.3,2779.3,0.0,0.0,1.0,dist_truncnorm,6,0.67,0.15,truncnorm,none
City-B,T2,10x,2600.0,S1_CapRR,routine,M_routine,501,True,4,3303.2,2016.5,583.5,0.3895,0.0,dist_truncnorm,6,0.67,0.15,truncnorm,none
City-B,T2,10x,2600.0,S1_CapRR,cross_regime,M_stress,501,True,4,3303.2,1350.6,1249.4,0.5911,0.0,dist_truncnorm,6,0.67,0.15,truncnorm,none
City-B,T2,10x,2600.0,S2_Platform,routine,M_routine,501,True,6,2974.4,2926.2,0.0,0.0162,1.0,dist_truncnorm,6,0.67,0.15,truncnorm,none
City-B,T2,10x,2600.0,S2_Platform,cross_regime,M_stress,501,True,6,2974.4,2058.9,541.1,0.3078,0.0,dist_truncnorm,6,0.67,0.15,truncnorm,none
City-B,T2,10x,2600.0,S3_Lin4,routine,M_routine,501,True,6,2607.9,2926.2,0.0,0.0,1.0,dist_truncnorm,6,0.67,0.15,truncnorm,none
City-B,T2,10x,2600.0,S3_Lin4,cross_regime,M_stress,501,True,6,2607.9,2058.9,541.1,0.2105,0.0,dist_truncnorm,6,0.67,0.15,truncnorm,none
City-B,T2,10x,2600.0,S4_GlobalCalib,routine,M_routine,501,True,5,2672.0,2574.5,25.5,0.0365,0.0,dist_truncnorm,6,0.67,0.15,truncnorm,none
City-B,T2,10x,2600.0,S4_GlobalCalib,cross_regime,M_stress,501,True,5,2672.0,1769.9,830.1,0.3376,0.0,dist_truncnorm,6,0.67,0.15,truncnorm,none
City-B,T2,10x,2600.0,S5_CityCalib,routine,M_routine,501,True,5,2670.8,2574.5,25.5,0.0361,0.0,dist_truncnorm,6,0.67,0.15,truncnorm,none
City-B,T2,10x,2600.0,S5_CityCalib,cross_regime,M_stress,501,True,5,2670.8,1769.9,830.1,0.3373,0.0,dist_truncnorm,6,0.67,0.15,truncnorm,none
City-B,T2,10x,2600.0,S6_Q10,routine,M_routine,501,True,8,2792.0,3728.5,0.0,0.0,1.0,dist_truncnorm,6,0.67,0.15,truncnorm,none
City-B,T2,10x,2600.0,S6_Q10,cross_regime,M_stress,501,True,8,2792.0,2561.3,38.7,0.0826,0.0,dist_truncnorm,6,0.67,0.15,truncnorm,none
City-B,T3,1x,200.0,S0a_RoutineOracle,routine,M_routine,500,True,1,584.8,584.8,0.0,0.0,1.0,dist_truncnorm,6,0.67,0.15,truncnorm,none
City-B,T3,1x,200.0,S0a_RoutineOracle,cross_regime,M_stress,500,True,1,584.8,289.7,0.0,0.5046,1.0,dist_truncnorm,6,0.67,0.15,truncnorm,none
City-B,T3,1x,200.0,S0b_StressOracle,routine,M_routine,500,True,1,359.6,295.7,0.0,0.1778,1.0,dist_truncnorm,6,0.67,0.15,truncnorm,none
City-B,T3,1x,200.0,S0b_StressOracle,cross_regime,M_stress,500,True,1,359.6,359.6,0.0,0.0,1.0,dist_truncnorm,6,0.67,0.15,truncnorm,none
City-B,T3,1x,200.0,S1_CapRR,routine,M_routine,500,True,1,744.5,295.7,0.0,0.6028,1.0,dist_truncnorm,6,0.67,0.15,truncnorm,none
City-B,T3,1x,200.0,S1_CapRR,cross_regime,M_stress,500,True,1,744.5,359.6,0.0,0.5169,1.0,dist_truncnorm,6,0.67,0.15,truncnorm,none
City-B,T3,1x,200.0,S2_Platform,routine,M_routine,500,True,1,543.2,584.8,0.0,0.0,1.0,dist_truncnorm,6,0.67,0.15,truncnorm,none
City-B,T3,1x,200.0,S2_Platform,cross_regime,M_stress,500,True,1,543.2,289.7,0.0,0.4666,1.0,dist_truncnorm,6,0.67,0.15,truncnorm,none
City-B,T3,1x,200.0,S3_Lin4,routine,M_routine,500,True,1,452.3,469.9,0.0,0.0,1.0,dist_truncnorm,6,0.67,0.15,truncnorm,none
City-B,T3,1x,200.0,S3_Lin4,cross_regime,M_stress,500,True,1,452.3,322.9,0.0,0.2862,1.0,dist_truncnorm,6,0.67,0.15,truncnorm,none
City-B,T3,1x,200.0,S4_GlobalCalib,routine,M_routine,500,True,1,491.4,295.7,0.0,0.3983,1.0,dist_truncnorm,6,0.67,0.15,truncnorm,none
City-B,T3,1x,200.0,S4_GlobalCalib,cross_regime,M_stress,500,True,1,491.4,359.6,0.0,0.2681,1.0,dist_truncnorm,6,0.67,0.15,truncnorm,none
City-B,T3,1x,200.0,S5_CityCalib,routine,M_routine,500,True,1,495.4,295.7,0.0,0.4032,1.0,dist_truncnorm,6,0.67,0.15,truncnorm,none
City-B,T3,1x,200.0,S5_CityCalib,cross_regime,M_stress,500,True,1,495.4,359.6,0.0,0.2741,1.0,dist_truncnorm,6,0.67,0.15,truncnorm,none
City-B,T3,1x,200.0,S6_Q10,routine,M_routine,500,True,1,353.7,295.7,0.0,0.1639,1.0,dist_truncnorm,6,0.67,0.15,truncnorm,none
City-B,T3,1x,200.0,S6_Q10,cross_regime,M_stress,500,True,1,353.7,359.6,0.0,0.0,1.0,dist_truncnorm,6,0.67,0.15,truncnorm,none
City-B,T3,2x,400.0,S0a_RoutineOracle,routine,M_routine,500,True,1,584.8,584.8,0.0,0.0,1.0,dist_truncnorm,6,0.67,0.15,truncnorm,none
City-B,T3,2x,400.0,S0a_RoutineOracle,cross_regime,M_stress,500,True,1,584.8,289.7,110.3,0.5046,0.0,dist_truncnorm,6,0.67,0.15,truncnorm,none
City-B,T3,2x,400.0,S0b_StressOracle,routine,M_routine,500,True,2,682.5,765.6,0.0,0.0,1.0,dist_truncnorm,6,0.67,0.15,truncnorm,none
City-B,T3,2x,400.0,S0b_StressOracle,cross_regime,M_stress,500,True,2,682.5,682.5,0.0,0.0,1.0,dist_truncnorm,6,0.67,0.15,truncnorm,none
City-B,T3,2x,400.0,S1_CapRR,routine,M_routine,500,True,1,744.5,295.7,104.3,0.6028,0.0,dist_truncnorm,6,0.67,0.15,truncnorm,none
City-B,T3,2x,400.0,S1_CapRR,cross_regime,M_stress,500,True,1,744.5,359.6,40.4,0.5169,0.0,dist_truncnorm,6,0.67,0.15,truncnorm,none
City-B,T3,2x,400.0,S2_Platform,routine,M_routine,500,True,1,543.2,584.8,0.0,0.0,1.0,dist_truncnorm,6,0.67,0.15,truncnorm,none
City-B,T3,2x,400.0,S2_Platform,cross_regime,M_stress,500,True,1,543.2,289.7,110.3,0.4666,0.0,dist_truncnorm,6,0.67,0.15,truncnorm,none
City-B,T3,2x,400.0,S3_Lin4,routine,M_routine,500,True,1,452.3,469.9,0.0,0.0,1.0,dist_truncnorm,6,0.67,0.15,truncnorm,none
City-B,T3,2x,400.0,S3_Lin4,cross_regime,M_stress,500,True,1,452.3,322.9,77.1,0.2862,0.0,dist_truncnorm,6,0.67,0.15,truncnorm,none
City-B,T3,2x,400.0,S4_GlobalCalib,routine,M_routine,500,True,1,491.4,295.7,104.3,0.3983,0.0,dist_truncnorm,6,0.67,0.15,truncnorm,none
City-B,T3,2x,400.0,S4_GlobalCalib,cross_regime,M_stress,500,True,1,491.4,359.6,40.4,0.2681,0.0,dist_truncnorm,6,0.67,0.15,truncnorm,none
City-B,T3,2x,400.0,S5_CityCalib,routine,M_routine,500,True,1,495.4,295.7,104.3,0.4032,0.0,dist_truncnorm,6,0.67,0.15,truncnorm,none
City-B,T3,2x,400.0,S5_CityCalib,cross_regime,M_stress,500,True,1,495.4,359.6,40.4,0.2741,0.0,dist_truncnorm,6,0.67,0.15,truncnorm,none
City-B,T3,2x,400.0,S6_Q10,routine,M_routine,500,True,2,705.6,880.5,0.0,0.0,1.0,dist_truncnorm,6,0.67,0.15,truncnorm,none
City-B,T3,2x,400.0,S6_Q10,cross_regime,M_stress,500,True,2,705.6,649.4,0.0,0.0797,1.0,dist_truncnorm,6,0.67,0.15,truncnorm,none
City-B,T3,5x,1000.0,S0a_RoutineOracle,routine,M_routine,500,True,2,1054.7,1054.7,0.0,0.0,1.0,dist_truncnorm,6,0.67,0.15,truncnorm,none
City-B,T3,5x,1000.0,S0a_RoutineOracle,cross_regime,M_stress,500,True,2,1054.7,612.6,387.4,0.4192,0.0,dist_truncnorm,6,0.67,0.15,truncnorm,none
City-B,T3,5x,1000.0,S0b_StressOracle,routine,M_routine,500,True,4,1287.0,1626.8,0.0,0.0,1.0,dist_truncnorm,6,0.67,0.15,truncnorm,none
City-B,T3,5x,1000.0,S0b_StressOracle,cross_regime,M_stress,500,True,4,1287.0,1287.0,0.0,0.0,1.0,dist_truncnorm,6,0.67,0.15,truncnorm,none
City-B,T3,5x,1000.0,S1_CapRR,routine,M_routine,500,True,2,1485.4,880.5,119.5,0.4072,0.0,dist_truncnorm,6,0.67,0.15,truncnorm,none
City-B,T3,5x,1000.0,S1_CapRR,cross_regime,M_stress,500,True,2,1485.4,649.4,350.6,0.5628,0.0,dist_truncnorm,6,0.67,0.15,truncnorm,none
City-B,T3,5x,1000.0,S2_Platform,routine,M_routine,500,True,2,1048.0,1054.7,0.0,0.0,1.0,dist_truncnorm,6,0.67,0.15,truncnorm,none
City-B,T3,5x,1000.0,S2_Platform,cross_regime,M_stress,500,True,2,1048.0,612.6,387.4,0.4154,0.0,dist_truncnorm,6,0.67,0.15,truncnorm,none
City-B,T3,5x,1000.0,S3_Lin4,routine,M_routine,500,True,3,1338.2,1214.9,0.0,0.0921,1.0,dist_truncnorm,6,0.67,0.15,truncnorm,none
City-B,T3,5x,1000.0,S3_Lin4,cross_regime,M_stress,500,True,3,1338.2,966.0,34.0,0.2782,0.0,dist_truncnorm,6,0.67,0.15,truncnorm,none
City-B,T3,5x,1000.0,S4_GlobalCalib,routine,M_routine,500,True,3,1454.7,1350.4,0.0,0.0717,1.0,dist_truncnorm,6,0.67,0.15,truncnorm,none
City-B,T3,5x,1000.0,S4_GlobalCalib,cross_regime,M_stress,500,True,3,1454.7,972.2,27.8,0.3317,0.0,dist_truncnorm,6,0.67,0.15,truncnorm,none
City-B,T3,5x,1000.0,S5_CityCalib,routine,M_routine,500,True,3,1466.6,1350.4,0.0,0.0792,1.0,dist_truncnorm,6,0.67,0.15,truncnorm,none
City-B,T3,5x,1000.0,S5_CityCalib,cross_regime,M_stress,500,True,3,1466.6,972.2,27.8,0.3371,0.0,dist_truncnorm,6,0.67,0.15,truncnorm,none
City-B,T3,5x,1000.0,S6_Q10,routine,M_routine,500,True,3,1046.9,1350.4,0.0,0.0,1.0,dist_truncnorm,6,0.67,0.15,truncnorm,none
City-B,T3,5x,1000.0,S6_Q10,cross_regime,M_stress,500,True,3,1046.9,972.2,27.8,0.0713,0.0,dist_truncnorm,6,0.67,0.15,truncnorm,none
City-B,T3,10x,2000.0,S0a_RoutineOracle,routine,M_routine,500,True,5,2355.3,2355.3,0.0,0.0,1.0,dist_truncnorm,6,0.67,0.15,truncnorm,none
City-B,T3,10x,2000.0,S0a_RoutineOracle,cross_regime,M_stress,500,True,5,2355.3,1140.4,859.6,0.5158,0.0,dist_truncnorm,6,0.67,0.15,truncnorm,none
City-B,T3,10x,2000.0,S0b_StressOracle,routine,M_routine,500,True,7,2103.7,2520.8,0.0,0.0,1.0,dist_truncnorm,6,0.67,0.15,truncnorm,none
City-B,T3,10x,2000.0,S0b_StressOracle,cross_regime,M_stress,500,True,7,2103.7,2103.7,0.0,0.0,1.0,dist_truncnorm,6,0.67,0.15,truncnorm,none
City-B,T3,10x,2000.0,S1_CapRR,routine,M_routine,500,True,3,2203.9,1350.4,649.6,0.3873,0.0,dist_truncnorm,6,0.67,0.15,truncnorm,none
City-B,T3,10x,2000.0,S1_CapRR,cross_regime,M_stress,500,True,3,2203.9,972.2,1027.8,0.5589,0.0,dist_truncnorm,6,0.67,0.15,truncnorm,none
City-B,T3,10x,2000.0,S2_Platform,routine,M_routine,500,True,5,2307.7,2138.9,0.0,0.0731,1.0,dist_truncnorm,6,0.67,0.15,truncnorm,none
City-B,T3,10x,2000.0,S2_Platform,cross_regime,M_stress,500,True,5,2307.7,1457.8,542.2,0.3683,0.0,dist_truncnorm,6,0.67,0.15,truncnorm,none
City-B,T3,10x,2000.0,S3_Lin4,routine,M_routine,500,True,5,2148.6,2247.9,0.0,0.0,1.0,dist_truncnorm,6,0.67,0.15,truncnorm,none
City-B,T3,10x,2000.0,S3_Lin4,cross_regime,M_stress,500,True,5,2148.6,1434.9,565.1,0.3321,0.0,dist_truncnorm,6,0.67,0.15,truncnorm,none
City-B,T3,10x,2000.0,S4_GlobalCalib,routine,M_routine,500,True,5,2324.8,2076.2,0.0,0.1069,1.0,dist_truncnorm,6,0.67,0.15,truncnorm,none
City-B,T3,10x,2000.0,S4_GlobalCalib,cross_regime,M_stress,500,True,5,2324.8,1570.4,429.6,0.3245,0.0,dist_truncnorm,6,0.67,0.15,truncnorm,none
City-B,T3,10x,2000.0,S5_CityCalib,routine,M_routine,500,True,5,2343.4,2076.2,0.0,0.114,1.0,dist_truncnorm,6,0.67,0.15,truncnorm,none
City-B,T3,10x,2000.0,S5_CityCalib,cross_regime,M_stress,500,True,5,2343.4,1570.4,429.6,0.3298,0.0,dist_truncnorm,6,0.67,0.15,truncnorm,none
City-B,T3,10x,2000.0,S6_Q10,routine,M_routine,500,True,7,2199.8,2853.1,0.0,0.0,1.0,dist_truncnorm,6,0.67,0.15,truncnorm,none
City-B,T3,10x,2000.0,S6_Q10,cross_regime,M_stress,500,True,7,2199.8,1994.5,5.5,0.0933,0.0,dist_truncnorm,6,0.67,0.15,truncnorm,none
City-B,T4,1x,140.0,S0a_RoutineOracle,routine,M_routine,500,True,1,744.9,744.9,0.0,0.0,1.0,dist_truncnorm,6,0.67,0.15,truncnorm,none
City-B,T4,1x,140.0,S0a_RoutineOracle,cross_regime,M_stress,500,True,1,744.9,338.5,0.0,0.5456,1.0,dist_truncnorm,6,0.67,0.15,truncnorm,none
City-B,T4,1x,140.0,S0b_StressOracle,routine,M_routine,500,True,1,368.4,595.6,0.0,0.0,1.0,dist_truncnorm,6,0.67,0.15,truncnorm,none
City-B,T4,1x,140.0,S0b_StressOracle,cross_regime,M_stress,500,True,1,368.4,368.4,0.0,0.0,1.0,dist_truncnorm,6,0.67,0.15,truncnorm,none
City-B,T4,1x,140.0,S1_CapRR,routine,M_routine,500,True,1,846.0,744.9,0.0,0.1195,1.0,dist_truncnorm,6,0.67,0.15,truncnorm,none
City-B,T4,1x,140.0,S1_CapRR,cross_regime,M_stress,500,True,1,846.0,338.5,0.0,0.5999,1.0,dist_truncnorm,6,0.67,0.15,truncnorm,none
City-B,T4,1x,140.0,S2_Platform,routine,M_routine,500,True,1,480.1,744.9,0.0,0.0,1.0,dist_truncnorm,6,0.67,0.15,truncnorm,none
City-B,T4,1x,140.0,S2_Platform,cross_regime,M_stress,500,True,1,480.1,338.5,0.0,0.2948,1.0,dist_truncnorm,6,0.67,0.15,truncnorm,none
City-B,T4,1x,140.0,S3_Lin4,routine,M_routine,500,True,1,463.2,486.2,0.0,0.0,1.0,dist_truncnorm,6,0.67,0.15,truncnorm,none
City-B,T4,1x,140.0,S3_Lin4,cross_regime,M_stress,500,True,1,463.2,356.6,0.0,0.2301,1.0,dist_truncnorm,6,0.67,0.15,truncnorm,none
City-B,T4,1x,140.0,S4_GlobalCalib,routine,M_routine,500,True,1,556.6,744.9,0.0,0.0,1.0,dist_truncnorm,6,0.67,0.15,truncnorm,none
City-B,T4,1x,140.0,S4_GlobalCalib,cross_regime,M_stress,500,True,1,556.6,338.5,0.0,0.3918,1.0,dist_truncnorm,6,0.67,0.15,truncnorm,none
City-B,T4,1x,140.0,S5_CityCalib,routine,M_routine,500,True,1,555.6,744.9,0.0,0.0,1.0,dist_truncnorm,6,0.67,0.15,truncnorm,none
City-B,T4,1x,140.0,S5_CityCalib,cross_regime,M_stress,500,True,1,555.6,338.5,0.0,0.3907,1.0,dist_truncnorm,6,0.67,0.15,truncnorm,none
City-B,T4,1x,140.0,S6_Q10,routine,M_routine,500,True,1,403.1,744.9,0.0,0.0,1.0,dist_truncnorm,6,0.67,0.15,truncnorm,none
City-B,T4,1x,140.0,S6_Q10,cross_regime,M_stress,500,True,1,403.1,338.5,0.0,0.1601,1.0,dist_truncnorm,6,0.67,0.15,truncnorm,none
City-B,T4,2x,280.0,S0a_RoutineOracle,routine,M_routine,500,True,1,744.9,744.9,0.0,0.0,1.0,dist_truncnorm,6,0.67,0.15,truncnorm,none
City-B,T4,2x,280.0,S0a_RoutineOracle,cross_regime,M_stress,500,True,1,744.9,338.5,0.0,0.5456,1.0,dist_truncnorm,6,0.67,0.15,truncnorm,none
City-B,T4,2x,280.0,S0b_StressOracle,routine,M_routine,500,True,1,368.4,595.6,0.0,0.0,1.0,dist_truncnorm,6,0.67,0.15,truncnorm,none
City-B,T4,2x,280.0,S0b_StressOracle,cross_regime,M_stress,500,True,1,368.4,368.4,0.0,0.0,1.0,dist_truncnorm,6,0.67,0.15,truncnorm,none
City-B,T4,2x,280.0,S1_CapRR,routine,M_routine,500,True,1,846.0,744.9,0.0,0.1195,1.0,dist_truncnorm,6,0.67,0.15,truncnorm,none
City-B,T4,2x,280.0,S1_CapRR,cross_regime,M_stress,500,True,1,846.0,338.5,0.0,0.5999,1.0,dist_truncnorm,6,0.67,0.15,truncnorm,none
City-B,T4,2x,280.0,S2_Platform,routine,M_routine,500,True,1,480.1,744.9,0.0,0.0,1.0,dist_truncnorm,6,0.67,0.15,truncnorm,none
City-B,T4,2x,280.0,S2_Platform,cross_regime,M_stress,500,True,1,480.1,338.5,0.0,0.2948,1.0,dist_truncnorm,6,0.67,0.15,truncnorm,none
City-B,T4,2x,280.0,S3_Lin4,routine,M_routine,500,True,1,463.2,486.2,0.0,0.0,1.0,dist_truncnorm,6,0.67,0.15,truncnorm,none
City-B,T4,2x,280.0,S3_Lin4,cross_regime,M_stress,500,True,1,463.2,356.6,0.0,0.2301,1.0,dist_truncnorm,6,0.67,0.15,truncnorm,none
City-B,T4,2x,280.0,S4_GlobalCalib,routine,M_routine,500,True,1,556.6,744.9,0.0,0.0,1.0,dist_truncnorm,6,0.67,0.15,truncnorm,none
City-B,T4,2x,280.0,S4_GlobalCalib,cross_regime,M_stress,500,True,1,556.6,338.5,0.0,0.3918,1.0,dist_truncnorm,6,0.67,0.15,truncnorm,none
City-B,T4,2x,280.0,S5_CityCalib,routine,M_routine,500,True,1,555.6,744.9,0.0,0.0,1.0,dist_truncnorm,6,0.67,0.15,truncnorm,none
City-B,T4,2x,280.0,S5_CityCalib,cross_regime,M_stress,500,True,1,555.6,338.5,0.0,0.3907,1.0,dist_truncnorm,6,0.67,0.15,truncnorm,none
City-B,T4,2x,280.0,S6_Q10,routine,M_routine,500,True,1,403.1,744.9,0.0,0.0,1.0,dist_truncnorm,6,0.67,0.15,truncnorm,none
City-B,T4,2x,280.0,S6_Q10,cross_regime,M_stress,500,True,1,403.1,338.5,0.0,0.1601,1.0,dist_truncnorm,6,0.67,0.15,truncnorm,none
City-B,T4,5x,700.0,S0a_RoutineOracle,routine,M_routine,500,True,1,744.9,744.9,0.0,0.0,1.0,dist_truncnorm,6,0.67,0.15,truncnorm,none
City-B,T4,5x,700.0,S0a_RoutineOracle,cross_regime,M_stress,500,True,1,744.9,338.5,361.5,0.5456,0.0,dist_truncnorm,6,0.67,0.15,truncnorm,none
City-B,T4,5x,700.0,S0b_StressOracle,routine,M_routine,500,True,2,736.5,1067.8,0.0,0.0,1.0,dist_truncnorm,6,0.67,0.15,truncnorm,none
City-B,T4,5x,700.0,S0b_StressOracle,cross_regime,M_stress,500,True,2,736.5,736.5,0.0,0.0,1.0,dist_truncnorm,6,0.67,0.15,truncnorm,none
City-B,T4,5x,700.0,S1_CapRR,routine,M_routine,500,True,1,846.0,744.9,0.0,0.1195,1.0,dist_truncnorm,6,0.67,0.15,truncnorm,none
City-B,T4,5x,700.0,S1_CapRR,cross_regime,M_stress,500,True,1,846.0,338.5,361.5,0.5999,0.0,dist_truncnorm,6,0.67,0.15,truncnorm,none
City-B,T4,5x,700.0,S2_Platform,routine,M_routine,500,True,2,912.9,1257.8,0.0,0.0,1.0,dist_truncnorm,6,0.67,0.15,truncnorm,none
City-B,T4,5x,700.0,S2_Platform,cross_regime,M_stress,500,True,2,912.9,672.5,27.5,0.2634,0.0,dist_truncnorm,6,0.67,0.15,truncnorm,none
City-B,T4,5x,700.0,S3_Lin4,routine,M_routine,500,True,2,920.2,999.1,0.0,0.0,1.0,dist_truncnorm,6,0.67,0.15,truncnorm,none
City-B,T4,5x,700.0,S3_Lin4,cross_regime,M_stress,500,True,2,920.2,690.6,9.4,0.2496,0.0,dist_truncnorm,6,0.67,0.15,truncnorm,none
City-B,T4,5x,700.0,S4_GlobalCalib,routine,M_routine,500,True,2,1110.6,1340.5,0.0,0.0,1.0,dist_truncnorm,6,0.67,0.15,truncnorm,none
City-B,T4,5x,700.0,S4_GlobalCalib,cross_regime,M_stress,500,True,2,1110.6,707.0,0.0,0.3635,1.0,dist_truncnorm,6,0.67,0.15,truncnorm,none
City-B,T4,5x,700.0,S5_CityCalib,routine,M_routine,500,True,2,1108.5,1340.5,0.0,0.0,1.0,dist_truncnorm,6,0.67,0.15,truncnorm,none
City-B,T4,5x,700.0,S5_CityCalib,cross_regime,M_stress,500,True,2,1108.5,707.0,0.0,0.3622,1.0,dist_truncnorm,6,0.67,0.15,truncnorm,none
City-B,T4,5x,700.0,S6_Q10,routine,M_routine,500,True,2,804.2,1340.5,0.0,0.0,1.0,dist_truncnorm,6,0.67,0.15,truncnorm,none
City-B,T4,5x,700.0,S6_Q10,cross_regime,M_stress,500,True,2,804.2,707.0,0.0,0.1209,1.0,dist_truncnorm,6,0.67,0.15,truncnorm,none
City-B,T4,10x,1400.0,S0a_RoutineOracle,routine,M_routine,500,True,3,1853.4,1853.4,0.0,0.0,1.0,dist_truncnorm,6,0.67,0.15,truncnorm,none
City-B,T4,10x,1400.0,S0a_RoutineOracle,cross_regime,M_stress,500,True,3,1853.4,1040.9,359.1,0.4384,0.0,dist_truncnorm,6,0.67,0.15,truncnorm,none
City-B,T4,10x,1400.0,S0b_StressOracle,routine,M_routine,500,True,4,1438.2,1983.7,0.0,0.0,1.0,dist_truncnorm,6,0.67,0.15,truncnorm,none
City-B,T4,10x,1400.0,S0b_StressOracle,cross_regime,M_stress,500,True,4,1438.2,1438.2,0.0,0.0,1.0,dist_truncnorm,6,0.67,0.15,truncnorm,none
City-B,T4,10x,1400.0,S1_CapRR,routine,M_routine,500,True,2,1688.0,1340.5,59.5,0.2058,0.0,dist_truncnorm,6,0.67,0.15,truncnorm,none
City-B,T4,10x,1400.0,S1_CapRR,cross_regime,M_stress,500,True,2,1688.0,707.0,693.0,0.5812,0.0,dist_truncnorm,6,0.67,0.15,truncnorm,none
City-B,T4,10x,1400.0,S2_Platform,routine,M_routine,500,True,4,1693.5,2169.0,0.0,0.0,1.0,dist_truncnorm,6,0.67,0.15,truncnorm,none
City-B,T4,10x,1400.0,S2_Platform,cross_regime,M_stress,500,True,4,1693.5,1294.4,105.6,0.2356,0.0,dist_truncnorm,6,0.67,0.15,truncnorm,none
City-B,T4,10x,1400.0,S3_Lin4,routine,M_routine,500,True,4,1824.9,2339.6,0.0,0.0,1.0,dist_truncnorm,6,0.67,0.15,truncnorm,none
City-B,T4,10x,1400.0,S3_Lin4,cross_regime,M_stress,500,True,4,1824.9,1397.5,2.5,0.2342,0.0,dist_truncnorm,6,0.67,0.15,truncnorm,none
City-B,T4,10x,1400.0,S4_GlobalCalib,routine,M_routine,500,True,3,1647.9,1826.7,0.0,0.0,1.0,dist_truncnorm,6,0.67,0.15,truncnorm,none
City-B,T4,10x,1400.0,S4_GlobalCalib,cross_regime,M_stress,500,True,3,1647.9,1063.5,336.5,0.3546,0.0,dist_truncnorm,6,0.67,0.15,truncnorm,none
City-B,T4,10x,1400.0,S5_CityCalib,routine,M_routine,500,True,3,1644.7,1826.7,0.0,0.0,1.0,dist_truncnorm,6,0.67,0.15,truncnorm,none
City-B,T4,10x,1400.0,S5_CityCalib,cross_regime,M_stress,500,True,3,1644.7,1063.5,336.5,0.3534,0.0,dist_truncnorm,6,0.67,0.15,truncnorm,none
City-B,T4,10x,1400.0,S6_Q10,routine,M_routine,500,True,4,1573.8,2339.6,0.0,0.0,1.0,dist_truncnorm,6,0.67,0.15,truncnorm,none
City-B,T4,10x,1400.0,S6_Q10,cross_regime,M_stress,500,True,4,1573.8,1397.5,2.5,0.112,0.0,dist_truncnorm,6,0.67,0.15,truncnorm,none
City-B,T5,1x,160.0,S0a_RoutineOracle,routine,M_routine,500,True,1,618.7,618.7,0.0,0.0,1.0,dist_truncnorm,6,0.67,0.15,truncnorm,none
City-B,T5,1x,160.0,S0a_RoutineOracle,cross_regime,M_stress,500,True,1,618.7,219.0,0.0,0.646,1.0,dist_truncnorm,6,0.67,0.15,truncnorm,none
City-B,T5,1x,160.0,S0b_StressOracle,routine,M_routine,500,True,1,368.0,576.5,0.0,0.0,1.0,dist_truncnorm,6,0.67,0.15,truncnorm,none
City-B,T5,1x,160.0,S0b_StressOracle,cross_regime,M_stress,500,True,1,368.0,368.0,0.0,0.0,1.0,dist_truncnorm,6,0.67,0.15,truncnorm,none
City-B,T5,1x,160.0,S1_CapRR,routine,M_routine,500,True,1,744.5,496.4,0.0,0.3332,1.0,dist_truncnorm,6,0.67,0.15,truncnorm,none
City-B,T5,1x,160.0,S1_CapRR,cross_regime,M_stress,500,True,1,744.5,277.1,0.0,0.6277,1.0,dist_truncnorm,6,0.67,0.15,truncnorm,none
City-B,T5,1x,160.0,S2_Platform,routine,M_routine,500,True,1,553.3,618.7,0.0,0.0,1.0,dist_truncnorm,6,0.67,0.15,truncnorm,none
City-B,T5,1x,160.0,S2_Platform,cross_regime,M_stress,500,True,1,553.3,219.0,0.0,0.6041,1.0,dist_truncnorm,6,0.67,0.15,truncnorm,none
City-B,T5,1x,160.0,S3_Lin4,routine,M_routine,500,True,1,451.7,601.0,0.0,0.0,1.0,dist_truncnorm,6,0.67,0.15,truncnorm,none
City-B,T5,1x,160.0,S3_Lin4,cross_regime,M_stress,500,True,1,451.7,251.9,0.0,0.4424,1.0,dist_truncnorm,6,0.67,0.15,truncnorm,none
City-B,T5,1x,160.0,S4_GlobalCalib,routine,M_routine,500,True,1,490.0,496.4,0.0,0.0,1.0,dist_truncnorm,6,0.67,0.15,truncnorm,none
City-B,T5,1x,160.0,S4_GlobalCalib,cross_regime,M_stress,500,True,1,490.0,277.1,0.0,0.4344,1.0,dist_truncnorm,6,0.67,0.15,truncnorm,none
City-B,T5,1x,160.0,S5_CityCalib,routine,M_routine,500,True,1,487.5,496.4,0.0,0.0,1.0,dist_truncnorm,6,0.67,0.15,truncnorm,none
City-B,T5,1x,160.0,S5_CityCalib,cross_regime,M_stress,500,True,1,487.5,277.1,0.0,0.4315,1.0,dist_truncnorm,6,0.67,0.15,truncnorm,none
City-B,T5,1x,160.0,S6_Q10,routine,M_routine,500,True,1,355.8,496.4,0.0,0.0,1.0,dist_truncnorm,6,0.67,0.15,truncnorm,none
City-B,T5,1x,160.0,S6_Q10,cross_regime,M_stress,500,True,1,355.8,277.1,0.0,0.2211,1.0,dist_truncnorm,6,0.67,0.15,truncnorm,none
City-B,T5,2x,320.0,S0a_RoutineOracle,routine,M_routine,500,True,1,618.7,618.7,0.0,0.0,1.0,dist_truncnorm,6,0.67,0.15,truncnorm,none
City-B,T5,2x,320.0,S0a_RoutineOracle,cross_regime,M_stress,500,True,1,618.7,219.0,101.0,0.646,0.0,dist_truncnorm,6,0.67,0.15,truncnorm,none
City-B,T5,2x,320.0,S0b_StressOracle,routine,M_routine,500,True,1,368.0,576.5,0.0,0.0,1.0,dist_truncnorm,6,0.67,0.15,truncnorm,none
City-B,T5,2x,320.0,S0b_StressOracle,cross_regime,M_stress,500,True,1,368.0,368.0,0.0,0.0,1.0,dist_truncnorm,6,0.67,0.15,truncnorm,none
City-B,T5,2x,320.0,S1_CapRR,routine,M_routine,500,True,1,744.5,496.4,0.0,0.3332,1.0,dist_truncnorm,6,0.67,0.15,truncnorm,none
City-B,T5,2x,320.0,S1_CapRR,cross_regime,M_stress,500,True,1,744.5,277.1,42.9,0.6277,0.0,dist_truncnorm,6,0.67,0.15,truncnorm,none
City-B,T5,2x,320.0,S2_Platform,routine,M_routine,500,True,1,553.3,618.7,0.0,0.0,1.0,dist_truncnorm,6,0.67,0.15,truncnorm,none
City-B,T5,2x,320.0,S2_Platform,cross_regime,M_stress,500,True,1,553.3,219.0,101.0,0.6041,0.0,dist_truncnorm,6,0.67,0.15,truncnorm,none
City-B,T5,2x,320.0,S3_Lin4,routine,M_routine,500,True,1,451.7,601.0,0.0,0.0,1.0,dist_truncnorm,6,0.67,0.15,truncnorm,none
City-B,T5,2x,320.0,S3_Lin4,cross_regime,M_stress,500,True,1,451.7,251.9,68.1,0.4424,0.0,dist_truncnorm,6,0.67,0.15,truncnorm,none
City-B,T5,2x,320.0,S4_GlobalCalib,routine,M_routine,500,True,1,490.0,496.4,0.0,0.0,1.0,dist_truncnorm,6,0.67,0.15,truncnorm,none
City-B,T5,2x,320.0,S4_GlobalCalib,cross_regime,M_stress,500,True,1,490.0,277.1,42.9,0.4344,0.0,dist_truncnorm,6,0.67,0.15,truncnorm,none
City-B,T5,2x,320.0,S5_CityCalib,routine,M_routine,500,True,1,487.5,496.4,0.0,0.0,1.0,dist_truncnorm,6,0.67,0.15,truncnorm,none
City-B,T5,2x,320.0,S5_CityCalib,cross_regime,M_stress,500,True,1,487.5,277.1,42.9,0.4315,0.0,dist_truncnorm,6,0.67,0.15,truncnorm,none
City-B,T5,2x,320.0,S6_Q10,routine,M_routine,500,True,1,355.8,496.4,0.0,0.0,1.0,dist_truncnorm,6,0.67,0.15,truncnorm,none
City-B,T5,2x,320.0,S6_Q10,cross_regime,M_stress,500,True,1,355.8,277.1,42.9,0.2211,0.0,dist_truncnorm,6,0.67,0.15,truncnorm,none
City-B,T5,5x,800.0,S0a_RoutineOracle,routine,M_routine,500,True,2,1219.7,1219.7,0.0,0.0,1.0,dist_truncnorm,6,0.67,0.15,truncnorm,none
City-B,T5,5x,800.0,S0a_RoutineOracle,cross_regime,M_stress,500,True,2,1219.7,470.9,329.1,0.6139,0.0,dist_truncnorm,6,0.67,0.15,truncnorm,none
City-B,T5,5x,800.0,S0b_StressOracle,routine,M_routine,500,True,3,912.8,1474.8,0.0,0.0,1.0,dist_truncnorm,6,0.67,0.15,truncnorm,none
City-B,T5,5x,800.0,S0b_StressOracle,cross_regime,M_stress,500,True,3,912.8,912.8,0.0,0.0,1.0,dist_truncnorm,6,0.67,0.15,truncnorm,none
City-B,T5,5x,800.0,S1_CapRR,routine,M_routine,500,True,2,1485.4,1115.1,0.0,0.2493,1.0,dist_truncnorm,6,0.67,0.15,truncnorm,none
City-B,T5,5x,800.0,S1_CapRR,cross_regime,M_stress,500,True,2,1485.4,496.2,303.8,0.666,0.0,dist_truncnorm,6,0.67,0.15,truncnorm,none
City-B,T5,5x,800.0,S2_Platform,routine,M_routine,500,True,2,1093.7,1219.7,0.0,0.0,1.0,dist_truncnorm,6,0.67,0.15,truncnorm,none
City-B,T5,5x,800.0,S2_Platform,cross_regime,M_stress,500,True,2,1093.7,470.9,329.1,0.5694,0.0,dist_truncnorm,6,0.67,0.15,truncnorm,none
City-B,T5,5x,800.0,S3_Lin4,routine,M_routine,500,True,2,897.5,1177.5,0.0,0.0,1.0,dist_truncnorm,6,0.67,0.15,truncnorm,none
City-B,T5,5x,800.0,S3_Lin4,cross_regime,M_stress,500,True,2,897.5,619.8,180.2,0.3094,0.0,dist_truncnorm,6,0.67,0.15,truncnorm,none
City-B,T5,5x,800.0,S4_GlobalCalib,routine,M_routine,500,True,2,977.7,1115.1,0.0,0.0,1.0,dist_truncnorm,6,0.67,0.15,truncnorm,none
City-B,T5,5x,800.0,S4_GlobalCalib,cross_regime,M_stress,500,True,2,977.7,496.2,303.8,0.4925,0.0,dist_truncnorm,6,0.67,0.15,truncnorm,none
City-B,T5,5x,800.0,S5_CityCalib,routine,M_routine,500,True,2,972.6,1115.1,0.0,0.0,1.0,dist_truncnorm,6,0.67,0.15,truncnorm,none
City-B,T5,5x,800.0,S5_CityCalib,cross_regime,M_stress,500,True,2,972.6,496.2,303.8,0.4898,0.0,dist_truncnorm,6,0.67,0.15,truncnorm,none
City-B,T5,5x,800.0,S6_Q10,routine,M_routine,500,True,3,1053.3,1716.1,0.0,0.0,1.0,dist_truncnorm,6,0.67,0.15,truncnorm,none
City-B,T5,5x,800.0,S6_Q10,cross_regime,M_stress,500,True,3,1053.3,748.1,51.9,0.2898,0.0,dist_truncnorm,6,0.67,0.15,truncnorm,none
City-B,T5,10x,1600.0,S0a_RoutineOracle,routine,M_routine,500,True,3,1796.2,1796.2,0.0,0.0,1.0,dist_truncnorm,6,0.67,0.15,truncnorm,none
City-B,T5,10x,1600.0,S0a_RoutineOracle,cross_regime,M_stress,500,True,3,1796.2,838.9,761.1,0.533,0.0,dist_truncnorm,6,0.67,0.15,truncnorm,none
City-B,T5,10x,1600.0,S0b_StressOracle,routine,M_routine,500,True,6,1691.8,2486.0,0.0,0.0,1.0,dist_truncnorm,6,0.67,0.15,truncnorm,none
City-B,T5,10x,1600.0,S0b_StressOracle,cross_regime,M_stress,500,True,6,1691.8,1691.8,0.0,0.0,1.0,dist_truncnorm,6,0.67,0.15,truncnorm,none
City-B,T5,10x,1600.0,S1_CapRR,routine,M_routine,500,True,3,2203.9,1716.1,0.0,0.2213,1.0,dist_truncnorm,6,0.67,0.15,truncnorm,none
City-B,T5,10x,1600.0,S1_CapRR,cross_regime,M_stress,500,True,3,2203.9,748.1,851.9,0.6606,0.0,dist_truncnorm,6,0.67,0.15,truncnorm,none
City-B,T5,10x,1600.0,S2_Platform,routine,M_routine,500,True,4,2025.8,2171.7,0.0,0.0,1.0,dist_truncnorm,6,0.67,0.15,truncnorm,none
City-B,T5,10x,1600.0,S2_Platform,cross_regime,M_stress,500,True,4,2025.8,997.1,602.9,0.5078,0.0,dist_truncnorm,6,0.67,0.15,truncnorm,none
City-B,T5,10x,1600.0,S3_Lin4,routine,M_routine,500,True,4,1773.3,2292.6,0.0,0.0,1.0,dist_truncnorm,6,0.67,0.15,truncnorm,none
City-B,T5,10x,1600.0,S3_Lin4,cross_regime,M_stress,500,True,4,1773.3,1116.0,484.0,0.3707,0.0,dist_truncnorm,6,0.67,0.15,truncnorm,none
City-B,T5,10x,1600.0,S4_GlobalCalib,routine,M_routine,500,True,4,1913.3,2292.6,0.0,0.0,1.0,dist_truncnorm,6,0.67,0.15,truncnorm,none
City-B,T5,10x,1600.0,S4_GlobalCalib,cross_regime,M_stress,500,True,4,1913.3,1116.0,484.0,0.4167,0.0,dist_truncnorm,6,0.67,0.15,truncnorm,none
City-B,T5,10x,1600.0,S5_CityCalib,routine,M_routine,500,True,4,1903.5,2292.6,0.0,0.0,1.0,dist_truncnorm,6,0.67,0.15,truncnorm,none
City-B,T5,10x,1600.0,S5_CityCalib,cross_regime,M_stress,500,True,4,1903.5,1116.0,484.0,0.4137,0.0,dist_truncnorm,6,0.67,0.15,truncnorm,none
City-B,T5,10x,1600.0,S6_Q10,routine,M_routine,500,True,5,1683.2,2668.1,0.0,0.0,1.0,dist_truncnorm,6,0.67,0.15,truncnorm,none
City-B,T5,10x,1600.0,S6_Q10,cross_regime,M_stress,500,True,5,1683.2,1274.3,325.7,0.2429,0.0,dist_truncnorm,6,0.67,0.15,truncnorm,none
City-C,T1,1x,180.0,S0a_RoutineOracle,routine,M_routine,650,True,1,513.2,513.2,0.0,0.0,1.0,dist_truncnorm,6,0.67,0.15,truncnorm,none
City-C,T1,1x,180.0,S0a_RoutineOracle,cross_regime,M_stress,650,True,1,513.2,378.4,0.0,0.2628,1.0,dist_truncnorm,6,0.67,0.15,truncnorm,none
City-C,T1,1x,180.0,S0b_StressOracle,routine,M_routine,650,True,1,378.4,513.2,0.0,0.0,1.0,dist_truncnorm,6,0.67,0.15,truncnorm,none
City-C,T1,1x,180.0,S0b_StressOracle,cross_regime,M_stress,650,True,1,378.4,378.4,0.0,0.0,1.0,dist_truncnorm,6,0.67,0.15,truncnorm,none
City-C,T1,1x,180.0,S1_CapRR,routine,M_routine,650,True,1,737.0,513.2,0.0,0.3037,1.0,dist_truncnorm,6,0.67,0.15,truncnorm,none
City-C,T1,1x,180.0,S1_CapRR,cross_regime,M_stress,650,True,1,737.0,378.4,0.0,0.4867,1.0,dist_truncnorm,6,0.67,0.15,truncnorm,none
City-C,T1,1x,180.0,S2_Platform,routine,M_routine,650,True,1,460.9,513.2,0.0,0.0,1.0,dist_truncnorm,6,0.67,0.15,truncnorm,none
City-C,T1,1x,180.0,S2_Platform,cross_regime,M_stress,650,True,1,460.9,378.4,0.0,0.1791,1.0,dist_truncnorm,6,0.67,0.15,truncnorm,none
City-C,T1,1x,180.0,S3_Lin4,routine,M_routine,650,True,1,414.0,513.2,0.0,0.0,1.0,dist_truncnorm,6,0.67,0.15,truncnorm,none
City-C,T1,1x,180.0,S3_Lin4,cross_regime,M_stress,650,True,1,414.0,378.4,0.0,0.0861,1.0,dist_truncnorm,6,0.67,0.15,truncnorm,none
City-C,T1,1x,180.0,S4_GlobalCalib,routine,M_routine,650,True,1,489.1,513.2,0.0,0.0,1.0,dist_truncnorm,6,0.67,0.15,truncnorm,none
City-C,T1,1x,180.0,S4_GlobalCalib,cross_regime,M_stress,650,True,1,489.1,378.4,0.0,0.2265,1.0,dist_truncnorm,6,0.67,0.15,truncnorm,none
City-C,T1,1x,180.0,S5_CityCalib,routine,M_routine,650,True,1,493.6,513.2,0.0,0.0,1.0,dist_truncnorm,6,0.67,0.15,truncnorm,none
City-C,T1,1x,180.0,S5_CityCalib,cross_regime,M_stress,650,True,1,493.6,378.4,0.0,0.2335,1.0,dist_truncnorm,6,0.67,0.15,truncnorm,none
City-C,T1,1x,180.0,S6_Q10,routine,M_routine,650,True,1,352.3,513.2,0.0,0.0,1.0,dist_truncnorm,6,0.67,0.15,truncnorm,none
City-C,T1,1x,180.0,S6_Q10,cross_regime,M_stress,650,True,1,352.3,378.4,0.0,0.0,1.0,dist_truncnorm,6,0.67,0.15,truncnorm,none
City-C,T1,2x,360.0,S0a_RoutineOracle,routine,M_routine,650,True,1,513.2,513.2,0.0,0.0,1.0,dist_truncnorm,6,0.67,0.15,truncnorm,none
City-C,T1,2x,360.0,S0a_RoutineOracle,cross_regime,M_stress,650,True,1,513.2,378.4,0.0,0.2628,1.0,dist_truncnorm,6,0.67,0.15,truncnorm,none
City-C,T1,2x,360.0,S0b_StressOracle,routine,M_routine,650,True,1,378.4,513.2,0.0,0.0,1.0,dist_truncnorm,6,0.67,0.15,truncnorm,none
City-C,T1,2x,360.0,S0b_StressOracle,cross_regime,M_stress,650,True,1,378.4,378.4,0.0,0.0,1.0,dist_truncnorm,6,0.67,0.15,truncnorm,none
City-C,T1,2x,360.0,S1_CapRR,routine,M_routine,650,True,1,737.0,513.2,0.0,0.3037,1.0,dist_truncnorm,6,0.67,0.15,truncnorm,none
City-C,T1,2x,360.0,S1_CapRR,cross_regime,M_stress,650,True,1,737.0,378.4,0.0,0.4867,1.0,dist_truncnorm,6,0.67,0.15,truncnorm,none
City-C,T1,2x,360.0,S2_Platform,routine,M_routine,650,True,1,460.9,513.2,0.0,0.0,1.0,dist_truncnorm,6,0.67,0.15,truncnorm,none
City-C,T1,2x,360.0,S2_Platform,cross_regime,M_stress,650,True,1,460.9,378.4,0.0,0.1791,1.0,dist_truncnorm,6,0.67,0.15,truncnorm,none
City-C,T1,2x,360.0,S3_Lin4,routine,M_routine,650,True,1,414.0,513.2,0.0,0.0,1.0,dist_truncnorm,6,0.67,0.15,truncnorm,none
City-C,T1,2x,360.0,S3_Lin4,cross_regime,M_stress,650,True,1,414.0,378.4,0.0,0.0861,1.0,dist_truncnorm,6,0.67,0.15,truncnorm,none
City-C,T1,2x,360.0,S4_GlobalCalib,routine,M_routine,650,True,1,489.1,513.2,0.0,0.0,1.0,dist_truncnorm,6,0.67,0.15,truncnorm,none
City-C,T1,2x,360.0,S4_GlobalCalib,cross_regime,M_stress,650,True,1,489.1,378.4,0.0,0.2265,1.0,dist_truncnorm,6,0.67,0.15,truncnorm,none
City-C,T1,2x,360.0,S5_CityCalib,routine,M_routine,650,True,1,493.6,513.2,0.0,0.0,1.0,dist_truncnorm,6,0.67,0.15,truncnorm,none
City-C,T1,2x,360.0,S5_CityCalib,cross_regime,M_stress,650,True,1,493.6,378.4,0.0,0.2335,1.0,dist_truncnorm,6,0.67,0.15,truncnorm,none
City-C,T1,2x,360.0,S6_Q10,routine,M_routine,650,True,2,688.1,852.8,0.0,0.0,1.0,dist_truncnorm,6,0.67,0.15,truncnorm,none
City-C,T1,2x,360.0,S6_Q10,cross_regime,M_stress,650,True,2,688.1,525.2,0.0,0.2368,1.0,dist_truncnorm,6,0.67,0.15,truncnorm,none
City-C,T1,5x,900.0,S0a_RoutineOracle,routine,M_routine,650,True,2,985.9,985.9,0.0,0.0,1.0,dist_truncnorm,6,0.67,0.15,truncnorm,none
City-C,T1,5x,900.0,S0a_RoutineOracle,cross_regime,M_stress,650,True,2,985.9,588.3,311.7,0.4033,0.0,dist_truncnorm,6,0.67,0.15,truncnorm,none
City-C,T1,5x,900.0,S0b_StressOracle,routine,M_routine,650,True,3,1009.0,1322.5,0.0,0.0,1.0,dist_truncnorm,6,0.67,0.15,truncnorm,none
City-C,T1,5x,900.0,S0b_StressOracle,cross_regime,M_stress,650,True,3,1009.0,1009.0,0.0,0.0,1.0,dist_truncnorm,6,0.67,0.15,truncnorm,none
City-C,T1,5x,900.0,S1_CapRR,routine,M_routine,650,True,2,1439.5,852.8,47.2,0.4076,0.0,dist_truncnorm,6,0.67,0.15,truncnorm,none
City-C,T1,5x,900.0,S1_CapRR,cross_regime,M_stress,650,True,2,1439.5,525.2,374.8,0.6352,0.0,dist_truncnorm,6,0.67,0.15,truncnorm,none
City-C,T1,5x,900.0,S2_Platform,routine,M_routine,650,True,2,904.5,852.8,47.2,0.0572,0.0,dist_truncnorm,6,0.67,0.15,truncnorm,none
City-C,T1,5x,900.0,S2_Platform,cross_regime,M_stress,650,True,2,904.5,525.2,374.8,0.4193,0.0,dist_truncnorm,6,0.67,0.15,truncnorm,none
City-C,T1,5x,900.0,S3_Lin4,routine,M_routine,650,True,3,1199.3,1318.6,0.0,0.0,1.0,dist_truncnorm,6,0.67,0.15,truncnorm,none
City-C,T1,5x,900.0,S3_Lin4,cross_regime,M_stress,650,True,3,1199.3,745.3,154.7,0.3785,0.0,dist_truncnorm,6,0.67,0.15,truncnorm,none
City-C,T1,5x,900.0,S4_GlobalCalib,routine,M_routine,650,True,2,955.3,852.8,47.2,0.1073,0.0,dist_truncnorm,6,0.67,0.15,truncnorm,none
City-C,T1,5x,900.0,S4_GlobalCalib,cross_regime,M_stress,650,True,2,955.3,525.2,374.8,0.4502,0.0,dist_truncnorm,6,0.67,0.15,truncnorm,none
City-C,T1,5x,900.0,S5_CityCalib,routine,M_routine,650,True,2,964.1,852.8,47.2,0.1154,0.0,dist_truncnorm,6,0.67,0.15,truncnorm,none
City-C,T1,5x,900.0,S5_CityCalib,cross_regime,M_stress,650,True,2,964.1,525.2,374.8,0.4552,0.0,dist_truncnorm,6,0.67,0.15,truncnorm,none
City-C,T1,5x,900.0,S6_Q10,routine,M_routine,650,True,3,994.8,1318.6,0.0,0.0,1.0,dist_truncnorm,6,0.67,0.15,truncnorm,none
City-C,T1,5x,900.0,S6_Q10,cross_regime,M_stress,650,True,3,994.8,745.3,154.7,0.2508,0.0,dist_truncnorm,6,0.67,0.15,truncnorm,none
City-C,T1,10x,1800.0,S0a_RoutineOracle,routine,M_routine,650,True,4,1868.3,1868.3,0.0,0.0,1.0,dist_truncnorm,6,0.67,0.15,truncnorm,none
City-C,T1,10x,1800.0,S0a_RoutineOracle,cross_regime,M_stress,650,True,4,1868.3,1122.1,677.9,0.3994,0.0,dist_truncnorm,6,0.67,0.15,truncnorm,none
City-C,T1,10x,1800.0,S0b_StressOracle,routine,M_routine,650,True,6,1853.6,2211.3,0.0,0.0,1.0,dist_truncnorm,6,0.67,0.15,truncnorm,none
City-C,T1,10x,1800.0,S0b_StressOracle,cross_regime,M_stress,650,True,6,1853.6,1853.6,0.0,0.0,1.0,dist_truncnorm,6,0.67,0.15,truncnorm,none
City-C,T1,10x,1800.0,S1_CapRR,routine,M_routine,650,True,3,2081.1,1318.6,481.4,0.3664,0.0,dist_truncnorm,6,0.67,0.15,truncnorm,none
City-C,T1,10x,1800.0,S1_CapRR,cross_regime,M_stress,650,True,3,2081.1,745.3,1054.7,0.6419,0.0,dist_truncnorm,6,0.67,0.15,truncnorm,none
City-C,T1,10x,1800.0,S2_Platform,routine,M_routine,650,True,5,2117.9,1832.8,0.0,0.1346,1.0,dist_truncnorm,6,0.67,0.15,truncnorm,none
City-C,T1,10x,1800.0,S2_Platform,cross_regime,M_stress,650,True,5,2117.9,1390.0,410.0,0.3437,0.0,dist_truncnorm,6,0.67,0.15,truncnorm,none
City-C,T1,10x,1800.0,S3_Lin4,routine,M_routine,650,True,5,1949.9,1994.0,0.0,0.0,1.0,dist_truncnorm,6,0.67,0.15,truncnorm,none
City-C,T1,10x,1800.0,S3_Lin4,cross_regime,M_stress,650,True,5,1949.9,1237.5,562.5,0.3654,0.0,dist_truncnorm,6,0.67,0.15,truncnorm,none
City-C,T1,10x,1800.0,S4_GlobalCalib,routine,M_routine,650,True,5,2154.3,1970.2,0.0,0.0854,1.0,dist_truncnorm,6,0.67,0.15,truncnorm,none
City-C,T1,10x,1800.0,S4_GlobalCalib,cross_regime,M_stress,650,True,5,2154.3,1345.8,454.2,0.3753,0.0,dist_truncnorm,6,0.67,0.15,truncnorm,none
City-C,T1,10x,1800.0,S5_CityCalib,routine,M_routine,650,True,5,2174.1,1970.2,0.0,0.0938,1.0,dist_truncnorm,6,0.67,0.15,truncnorm,none
City-C,T1,10x,1800.0,S5_CityCalib,cross_regime,M_stress,650,True,5,2174.1,1345.8,454.2,0.381,0.0,dist_truncnorm,6,0.67,0.15,truncnorm,none
City-C,T1,10x,1800.0,S6_Q10,routine,M_routine,650,True,6,1823.0,2299.7,0.0,0.0,1.0,dist_truncnorm,6,0.67,0.15,truncnorm,none
City-C,T1,10x,1800.0,S6_Q10,cross_regime,M_stress,650,True,6,1823.0,1607.7,192.3,0.1181,0.0,dist_truncnorm,6,0.67,0.15,truncnorm,none
City-C,T2,1x,260.0,S0a_RoutineOracle,routine,M_routine,650,True,1,525.0,525.0,0.0,0.0,1.0,dist_truncnorm,6,0.67,0.15,truncnorm,none
City-C,T2,1x,260.0,S0a_RoutineOracle,cross_regime,M_stress,650,True,1,525.0,280.3,0.0,0.4661,1.0,dist_truncnorm,6,0.67,0.15,truncnorm,none
City-C,T2,1x,260.0,S0b_StressOracle,routine,M_routine,650,True,1,344.5,356.3,0.0,0.0,1.0,dist_truncnorm,6,0.67,0.15,truncnorm,none
City-C,T2,1x,260.0,S0b_StressOracle,cross_regime,M_stress,650,True,1,344.5,344.5,0.0,0.0,1.0,dist_truncnorm,6,0.67,0.15,truncnorm,none
City-C,T2,1x,260.0,S1_CapRR,routine,M_routine,650,True,1,737.0,411.6,0.0,0.4415,1.0,dist_truncnorm,6,0.67,0.15,truncnorm,none
City-C,T2,1x,260.0,S1_CapRR,cross_regime,M_stress,650,True,1,737.0,244.7,15.3,0.668,0.0,dist_truncnorm,6,0.67,0.15,truncnorm,none
City-C,T2,1x,260.0,S2_Platform,routine,M_routine,650,True,1,467.3,411.6,0.0,0.1191,1.0,dist_truncnorm,6,0.67,0.15,truncnorm,none
City-C,T2,1x,260.0,S2_Platform,cross_regime,M_stress,650,True,1,467.3,244.7,15.3,0.4764,0.0,dist_truncnorm,6,0.67,0.15,truncnorm,none
City-C,T2,1x,260.0,S3_Lin4,routine,M_routine,650,True,1,420.6,411.6,0.0,0.0212,1.0,dist_truncnorm,6,0.67,0.15,truncnorm,none
City-C,T2,1x,260.0,S3_Lin4,cross_regime,M_stress,650,True,1,420.6,244.7,15.3,0.4182,0.0,dist_truncnorm,6,0.67,0.15,truncnorm,none
City-C,T2,1x,260.0,S4_GlobalCalib,routine,M_routine,650,True,1,492.1,411.6,0.0,0.1635,1.0,dist_truncnorm,6,0.67,0.15,truncnorm,none
City-C,T2,1x,260.0,S4_GlobalCalib,cross_regime,M_stress,650,True,1,492.1,244.7,15.3,0.5027,0.0,dist_truncnorm,6,0.67,0.15,truncnorm,none
City-C,T2,1x,260.0,S5_CityCalib,routine,M_routine,650,True,1,493.7,411.6,0.0,0.1662,1.0,dist_truncnorm,6,0.67,0.15,truncnorm,none
City-C,T2,1x,260.0,S5_CityCalib,cross_regime,M_stress,650,True,1,493.7,244.7,15.3,0.5044,0.0,dist_truncnorm,6,0.67,0.15,truncnorm,none
City-C,T2,1x,260.0,S6_Q10,routine,M_routine,650,True,1,352.0,411.6,0.0,0.0,1.0,dist_truncnorm,6,0.67,0.15,truncnorm,none
City-C,T2,1x,260.0,S6_Q10,cross_regime,M_stress,650,True,1,352.0,244.7,15.3,0.3049,0.0,dist_truncnorm,6,0.67,0.15,truncnorm,none
City-C,T2,2x,520.0,S0a_RoutineOracle,routine,M_routine,650,True,1,525.0,525.0,0.0,0.0,1.0,dist_truncnorm,6,0.67,0.15,truncnorm,none
City-C,T2,2x,520.0,S0a_RoutineOracle,cross_regime,M_stress,650,True,1,525.0,280.3,239.7,0.4661,0.0,dist_truncnorm,6,0.67,0.15,truncnorm,none
City-C,T2,2x,520.0,S0b_StressOracle,routine,M_routine,650,True,2,649.0,688.1,0.0,0.0,1.0,dist_truncnorm,6,0.67,0.15,truncnorm,none
City-C,T2,2x,520.0,S0b_StressOracle,cross_regime,M_stress,650,True,2,649.0,649.0,0.0,0.0,1.0,dist_truncnorm,6,0.67,0.15,truncnorm,none
City-C,T2,2x,520.0,S1_CapRR,routine,M_routine,650,True,1,737.0,411.6,108.4,0.4415,0.0,dist_truncnorm,6,0.67,0.15,truncnorm,none
City-C,T2,2x,520.0,S1_CapRR,cross_regime,M_stress,650,True,1,737.0,244.7,275.3,0.668,0.0,dist_truncnorm,6,0.67,0.15,truncnorm,none
City-C,T2,2x,520.0,S2_Platform,routine,M_routine,650,True,2,902.1,802.5,0.0,0.1104,1.0,dist_truncnorm,6,0.67,0.15,truncnorm,none
City-C,T2,2x,520.0,S2_Platform,cross_regime,M_stress,650,True,2,902.1,442.0,78.0,0.51,0.0,dist_truncnorm,6,0.67,0.15,truncnorm,none
City-C,T2,2x,520.0,S3_Lin4,routine,M_routine,650,True,2,824.2,802.5,0.0,0.0264,1.0,dist_truncnorm,6,0.67,0.15,truncnorm,none
City-C,T2,2x,520.0,S3_Lin4,cross_regime,M_stress,650,True,2,824.2,442.0,78.0,0.4637,0.0,dist_truncnorm,6,0.67,0.15,truncnorm,none
City-C,T2,2x,520.0,S4_GlobalCalib,routine,M_routine,650,True,2,961.1,802.5,0.0,0.165,1.0,dist_truncnorm,6,0.67,0.15,truncnorm,none
City-C,T2,2x,520.0,S4_GlobalCalib,cross_regime,M_stress,650,True,2,961.1,442.0,78.0,0.54,0.0,dist_truncnorm,6,0.67,0.15,truncnorm,none
City-C,T2,2x,520.0,S5_CityCalib,routine,M_routine,650,True,2,964.2,802.5,0.0,0.1678,1.0,dist_truncnorm,6,0.67,0.15,truncnorm,none
City-C,T2,2x,520.0,S5_CityCalib,cross_regime,M_stress,650,True,2,964.2,442.0,78.0,0.5416,0.0,dist_truncnorm,6,0.67,0.15,truncnorm,none
City-C,T2,2x,520.0,S6_Q10,routine,M_routine,650,True,2,687.5,802.5,0.0,0.0,1.0,dist_truncnorm,6,0.67,0.15,truncnorm,none
City-C,T2,2x,520.0,S6_Q10,cross_regime,M_stress,650,True,2,687.5,442.0,78.0,0.357,0.0,dist_truncnorm,6,0.67,0.15,truncnorm,none
City-C,T2,5x,1300.0,S0a_RoutineOracle,routine,M_routine,650,True,3,1464.3,1464.3,0.0,0.0,1.0,dist_truncnorm,6,0.67,0.15,truncnorm,none
City-C,T2,5x,1300.0,S0a_RoutineOracle,cross_regime,M_stress,650,True,3,1464.3,702.0,598.0,0.5206,0.0,dist_truncnorm,6,0.67,0.15,truncnorm,none
City-C,T2,5x,1300.0,S0b_StressOracle,routine,M_routine,650,True,5,1502.9,1965.6,0.0,0.0,1.0,dist_truncnorm,6,0.67,0.15,truncnorm,none
City-C,T2,5x,1300.0,S0b_StressOracle,cross_regime,M_stress,650,True,5,1502.9,1502.9,0.0,0.0,1.0,dist_truncnorm,6,0.67,0.15,truncnorm,none
City-C,T2,5x,1300.0,S1_CapRR,routine,M_routine,650,True,2,1439.5,802.5,497.5,0.4426,0.0,dist_truncnorm,6,0.67,0.15,truncnorm,none
City-C,T2,5x,1300.0,S1_CapRR,cross_regime,M_stress,650,True,2,1439.5,442.0,858.0,0.6929,0.0,dist_truncnorm,6,0.67,0.15,truncnorm,none
City-C,T2,5x,1300.0,S2_Platform,routine,M_routine,650,True,3,1301.1,1158.7,141.3,0.1094,0.0,dist_truncnorm,6,0.67,0.15,truncnorm,none
City-C,T2,5x,1300.0,S2_Platform,cross_regime,M_stress,650,True,3,1301.1,786.5,513.5,0.3955,0.0,dist_truncnorm,6,0.67,0.15,truncnorm,none
City-C,T2,5x,1300.0,S3_Lin4,routine,M_routine,650,True,4,1604.3,1496.9,0.0,0.067,1.0,dist_truncnorm,6,0.67,0.15,truncnorm,none
City-C,T2,5x,1300.0,S3_Lin4,cross_regime,M_stress,650,True,4,1604.3,995.5,304.5,0.3795,0.0,dist_truncnorm,6,0.67,0.15,truncnorm,none
City-C,T2,5x,1300.0,S4_GlobalCalib,routine,M_routine,650,True,3,1389.4,1158.7,141.3,0.166,0.0,dist_truncnorm,6,0.67,0.15,truncnorm,none
City-C,T2,5x,1300.0,S4_GlobalCalib,cross_regime,M_stress,650,True,3,1389.4,786.5,513.5,0.4339,0.0,dist_truncnorm,6,0.67,0.15,truncnorm,none
City-C,T2,5x,1300.0,S5_CityCalib,routine,M_routine,650,True,3,1394.0,1158.7,141.3,0.1688,0.0,dist_truncnorm,6,0.67,0.15,truncnorm,none
City-C,T2,5x,1300.0,S5_CityCalib,cross_regime,M_stress,650,True,3,1394.0,786.5,513.5,0.4358,0.0,dist_truncnorm,6,0.67,0.15,truncnorm,none
City-C,T2,5x,1300.0,S6_Q10,routine,M_routine,650,True,5,1550.1,1880.5,0.0,0.0,1.0,dist_truncnorm,6,0.67,0.15,truncnorm,none
City-C,T2,5x,1300.0,S6_Q10,cross_regime,M_stress,650,True,5,1550.1,1286.7,13.3,0.1699,0.0,dist_truncnorm,6,0.67,0.15,truncnorm,none
City-C,T2,10x,2600.0,S0a_RoutineOracle,routine,M_routine,650,True,6,2674.5,2674.5,0.0,0.0,1.0,dist_truncnorm,6,0.67,0.15,truncnorm,none
City-C,T2,10x,2600.0,S0a_RoutineOracle,cross_regime,M_stress,650,True,6,2674.5,1443.2,1156.8,0.4604,0.0,dist_truncnorm,6,0.67,0.15,truncnorm,none
City-C,T2,10x,2600.0,S0b_StressOracle,routine,M_routine,650,True,10,2747.2,3436.1,0.0,0.0,1.0,dist_truncnorm,6,0.67,0.15,truncnorm,none
City-C,T2,10x,2600.0,S0b_StressOracle,cross_regime,M_stress,650,True,10,2747.2,2747.2,0.0,0.0,1.0,dist_truncnorm,6,0.67,0.15,truncnorm,none
City-C,T2,10x,2600.0,S1_CapRR,routine,M_routine,650,True,4,2666.6,1472.8,1127.2,0.4477,0.0,dist_truncnorm,6,0.67,0.15,truncnorm,none
City-C,T2,10x,2600.0,S1_CapRR,cross_regime,M_stress,650,True,4,2666.6,987.6,1612.4,0.6297,0.0,dist_truncnorm,6,0.67,0.15,truncnorm,none
City-C,T2,10x,2600.0,S2_Platform,routine,M_routine,650,True,7,2815.8,2434.0,166.0,0.1356,0.0,dist_truncnorm,6,0.67,0.15,truncnorm,none
City-C,T2,10x,2600.0,S2_Platform,cross_regime,M_stress,650,True,7,2815.8,1767.5,832.5,0.3723,0.0,dist_truncnorm,6,0.67,0.15,truncnorm,none
City-C,T2,10x,2600.0,S3_Lin4,routine,M_routine,650,True,7,2695.2,2631.1,0.0,0.0238,1.0,dist_truncnorm,6,0.67,0.15,truncnorm,none
City-C,T2,10x,2600.0,S3_Lin4,cross_regime,M_stress,650,True,7,2695.2,1784.8,815.2,0.3378,0.0,dist_truncnorm,6,0.67,0.15,truncnorm,none
City-C,T2,10x,2600.0,S4_GlobalCalib,routine,M_routine,650,True,7,2919.3,2750.3,0.0,0.0579,1.0,dist_truncnorm,6,0.67,0.15,truncnorm,none
City-C,T2,10x,2600.0,S4_GlobalCalib,cross_regime,M_stress,650,True,7,2919.3,1841.5,758.5,0.3692,0.0,dist_truncnorm,6,0.67,0.15,truncnorm,none
City-C,T2,10x,2600.0,S5_CityCalib,routine,M_routine,650,True,7,2929.2,2750.3,0.0,0.0611,1.0,dist_truncnorm,6,0.67,0.15,truncnorm,none
City-C,T2,10x,2600.0,S5_CityCalib,cross_regime,M_stress,650,True,7,2929.2,1841.5,758.5,0.3713,0.0,dist_truncnorm,6,0.67,0.15,truncnorm,none
City-C,T2,10x,2600.0,S6_Q10,routine,M_routine,650,True,9,2610.2,3433.5,0.0,0.0,1.0,dist_truncnorm,6,0.67,0.15,truncnorm,none
City-C,T2,10x,2600.0,S6_Q10,cross_regime,M_stress,650,True,9,2610.2,2274.3,325.7,0.1287,0.0,dist_truncnorm,6,0.67,0.15,truncnorm,none
City-C,T3,1x,200.0,S0a_RoutineOracle,routine,M_routine,650,True,1,518.3,518.3,0.0,0.0,1.0,dist_truncnorm,6,0.67,0.15,truncnorm,none
City-C,T3,1x,200.0,S0a_RoutineOracle,cross_regime,M_stress,650,True,1,518.3,320.4,0.0,0.3819,1.0,dist_truncnorm,6,0.67,0.15,truncnorm,none
City-C,T3,1x,200.0,S0b_StressOracle,routine,M_routine,650,True,1,322.9,424.1,0.0,0.0,1.0,dist_truncnorm,6,0.67,0.15,truncnorm,none
City-C,T3,1x,200.0,S0b_StressOracle,cross_regime,M_stress,650,True,1,322.9,322.9,0.0,0.0,1.0,dist_truncnorm,6,0.67,0.15,truncnorm,none
City-C,T3,1x,200.0,S1_CapRR,routine,M_routine,650,True,1,648.6,518.3,0.0,0.2009,1.0,dist_truncnorm,6,0.67,0.15,truncnorm,none
City-C,T3,1x,200.0,S1_CapRR,cross_regime,M_stress,650,True,1,648.6,320.4,0.0,0.5061,1.0,dist_truncnorm,6,0.67,0.15,truncnorm,none
City-C,T3,1x,200.0,S2_Platform,routine,M_routine,650,True,1,456.8,518.3,0.0,0.0,1.0,dist_truncnorm,6,0.67,0.15,truncnorm,none
City-C,T3,1x,200.0,S2_Platform,cross_regime,M_stress,650,True,1,456.8,320.4,0.0,0.2986,1.0,dist_truncnorm,6,0.67,0.15,truncnorm,none
City-C,T3,1x,200.0,S3_Lin4,routine,M_routine,650,True,1,402.9,518.3,0.0,0.0,1.0,dist_truncnorm,6,0.67,0.15,truncnorm,none
City-C,T3,1x,200.0,S3_Lin4,cross_regime,M_stress,650,True,1,402.9,320.4,0.0,0.2048,1.0,dist_truncnorm,6,0.67,0.15,truncnorm,none
City-C,T3,1x,200.0,S4_GlobalCalib,routine,M_routine,650,True,1,428.2,518.3,0.0,0.0,1.0,dist_truncnorm,6,0.67,0.15,truncnorm,none
City-C,T3,1x,200.0,S4_GlobalCalib,cross_regime,M_stress,650,True,1,428.2,320.4,0.0,0.2519,1.0,dist_truncnorm,6,0.67,0.15,truncnorm,none
City-C,T3,1x,200.0,S5_CityCalib,routine,M_routine,650,True,1,429.8,518.3,0.0,0.0,1.0,dist_truncnorm,6,0.67,0.15,truncnorm,none
City-C,T3,1x,200.0,S5_CityCalib,cross_regime,M_stress,650,True,1,429.8,320.4,0.0,0.2545,1.0,dist_truncnorm,6,0.67,0.15,truncnorm,none
City-C,T3,1x,200.0,S6_Q10,routine,M_routine,650,True,1,308.1,518.3,0.0,0.0,1.0,dist_truncnorm,6,0.67,0.15,truncnorm,none
City-C,T3,1x,200.0,S6_Q10,cross_regime,M_stress,650,True,1,308.1,320.4,0.0,0.0,1.0,dist_truncnorm,6,0.67,0.15,truncnorm,none
City-C,T3,2x,400.0,S0a_RoutineOracle,routine,M_routine,650,True,1,518.3,518.3,0.0,0.0,1.0,dist_truncnorm,6,0.67,0.15,truncnorm,none
City-C,T3,2x,400.0,S0a_RoutineOracle,cross_regime,M_stress,650,True,1,518.3,320.4,79.6,0.3819,0.0,dist_truncnorm,6,0.67,0.15,truncnorm,none
City-C,T3,2x,400.0,S0b_StressOracle,routine,M_routine,650,True,2,643.3,942.4,0.0,0.0,1.0,dist_truncnorm,6,0.67,0.15,truncnorm,none
City-C,T3,2x,400.0,S0b_StressOracle,cross_regime,M_stress,650,True,2,643.3,643.3,0.0,0.0,1.0,dist_truncnorm,6,0.67,0.15,truncnorm,none
City-C,T3,2x,400.0,S1_CapRR,routine,M_routine,650,True,1,648.6,518.3,0.0,0.2009,1.0,dist_truncnorm,6,0.67,0.15,truncnorm,none
City-C,T3,2x,400.0,S1_CapRR,cross_regime,M_stress,650,True,1,648.6,320.4,79.6,0.5061,0.0,dist_truncnorm,6,0.67,0.15,truncnorm,none
City-C,T3,2x,400.0,S2_Platform,routine,M_routine,650,True,1,456.8,518.3,0.0,0.0,1.0,dist_truncnorm,6,0.67,0.15,truncnorm,none
City-C,T3,2x,400.0,S2_Platform,cross_regime,M_stress,650,True,1,456.8,320.4,79.6,0.2986,0.0,dist_truncnorm,6,0.67,0.15,truncnorm,none
City-C,T3,2x,400.0,S3_Lin4,routine,M_routine,650,True,1,402.9,518.3,0.0,0.0,1.0,dist_truncnorm,6,0.67,0.15,truncnorm,none
City-C,T3,2x,400.0,S3_Lin4,cross_regime,M_stress,650,True,1,402.9,320.4,79.6,0.2048,0.0,dist_truncnorm,6,0.67,0.15,truncnorm,none
City-C,T3,2x,400.0,S4_GlobalCalib,routine,M_routine,650,True,1,428.2,518.3,0.0,0.0,1.0,dist_truncnorm,6,0.67,0.15,truncnorm,none
City-C,T3,2x,400.0,S4_GlobalCalib,cross_regime,M_stress,650,True,1,428.2,320.4,79.6,0.2519,0.0,dist_truncnorm,6,0.67,0.15,truncnorm,none
City-C,T3,2x,400.0,S5_CityCalib,routine,M_routine,650,True,1,429.8,518.3,0.0,0.0,1.0,dist_truncnorm,6,0.67,0.15,truncnorm,none
City-C,T3,2x,400.0,S5_CityCalib,cross_regime,M_stress,650,True,1,429.8,320.4,79.6,0.2545,0.0,dist_truncnorm,6,0.67,0.15,truncnorm,none
City-C,T3,2x,400.0,S6_Q10,routine,M_routine,650,True,2,601.8,943.9,0.0,0.0,1.0,dist_truncnorm,6,0.67,0.15,truncnorm,none
City-C,T3,2x,400.0,S6_Q10,cross_regime,M_stress,650,True,2,601.8,588.4,0.0,0.0222,1.0,dist_truncnorm,6,0.67,0.15,truncnorm,none
City-C,T3,5x,1000.0,S0a_RoutineOracle,routine,M_routine,650,True,3,1368.0,1368.0,0.0,0.0,1.0,dist_truncnorm,6,0.67,0.15,truncnorm,none
City-C,T3,5x,1000.0,S0a_RoutineOracle,cross_regime,M_stress,650,True,3,1368.0,911.3,88.7,0.3338,0.0,dist_truncnorm,6,0.67,0.15,truncnorm,none
City-C,T3,5x,1000.0,S0b_StressOracle,routine,M_routine,650,True,4,1173.8,1733.9,0.0,0.0,1.0,dist_truncnorm,6,0.67,0.15,truncnorm,none
City-C,T3,5x,1000.0,S0b_StressOracle,cross_regime,M_stress,650,True,4,1173.8,1173.8,0.0,0.0,1.0,dist_truncnorm,6,0.67,0.15,truncnorm,none
City-C,T3,5x,1000.0,S1_CapRR,routine,M_routine,650,True,2,1266.8,943.9,56.1,0.2549,0.0,dist_truncnorm,6,0.67,0.15,truncnorm,none
City-C,T3,5x,1000.0,S1_CapRR,cross_regime,M_stress,650,True,2,1266.8,588.4,411.6,0.5355,0.0,dist_truncnorm,6,0.67,0.15,truncnorm,none
City-C,T3,5x,1000.0,S2_Platform,routine,M_routine,650,True,3,1285.7,1154.0,0.0,0.1025,1.0,dist_truncnorm,6,0.67,0.15,truncnorm,none
City-C,T3,5x,1000.0,S2_Platform,cross_regime,M_stress,650,True,3,1285.7,726.1,273.9,0.4352,0.0,dist_truncnorm,6,0.67,0.15,truncnorm,none
City-C,T3,5x,1000.0,S3_Lin4,routine,M_routine,650,True,3,1170.1,1368.0,0.0,0.0,1.0,dist_truncnorm,6,0.67,0.15,truncnorm,none
City-C,T3,5x,1000.0,S3_Lin4,cross_regime,M_stress,650,True,3,1170.1,911.3,88.7,0.2211,0.0,dist_truncnorm,6,0.67,0.15,truncnorm,none
City-C,T3,5x,1000.0,S4_GlobalCalib,routine,M_routine,650,True,3,1209.3,1368.0,0.0,0.0,1.0,dist_truncnorm,6,0.67,0.15,truncnorm,none
City-C,T3,5x,1000.0,S4_GlobalCalib,cross_regime,M_stress,650,True,3,1209.3,911.3,88.7,0.2464,0.0,dist_truncnorm,6,0.67,0.15,truncnorm,none
City-C,T3,5x,1000.0,S5_CityCalib,routine,M_routine,650,True,3,1213.7,1368.0,0.0,0.0,1.0,dist_truncnorm,6,0.67,0.15,truncnorm,none
City-C,T3,5x,1000.0,S5_CityCalib,cross_regime,M_stress,650,True,3,1213.7,911.3,88.7,0.2491,0.0,dist_truncnorm,6,0.67,0.15,truncnorm,none
City-C,T3,5x,1000.0,S6_Q10,routine,M_routine,650,True,4,1114.8,1656.8,0.0,0.0,1.0,dist_truncnorm,6,0.67,0.15,truncnorm,none
City-C,T3,5x,1000.0,S6_Q10,cross_regime,M_stress,650,True,4,1114.8,1170.7,0.0,0.0,1.0,dist_truncnorm,6,0.67,0.15,truncnorm,none
City-C,T3,10x,2000.0,S0a_RoutineOracle,routine,M_routine,650,True,5,2144.6,2144.6,0.0,0.0,1.0,dist_truncnorm,6,0.67,0.15,truncnorm,none
City-C,T3,10x,2000.0,S0a_RoutineOracle,cross_regime,M_stress,650,True,5,2144.6,1422.3,577.7,0.3368,0.0,dist_truncnorm,6,0.67,0.15,truncnorm,none
City-C,T3,10x,2000.0,S0b_StressOracle,routine,M_routine,650,True,8,2160.0,2942.6,0.0,0.0,1.0,dist_truncnorm,6,0.67,0.15,truncnorm,none
City-C,T3,10x,2000.0,S0b_StressOracle,cross_regime,M_stress,650,True,8,2160.0,2160.0,0.0,0.0,1.0,dist_truncnorm,6,0.67,0.15,truncnorm,none
City-C,T3,10x,2000.0,S1_CapRR,routine,M_routine,650,True,4,2346.7,1656.8,343.2,0.294,0.0,dist_truncnorm,6,0.67,0.15,truncnorm,none
City-C,T3,10x,2000.0,S1_CapRR,cross_regime,M_stress,650,True,4,2346.7,1170.7,829.3,0.5011,0.0,dist_truncnorm,6,0.67,0.15,truncnorm,none
City-C,T3,10x,2000.0,S2_Platform,routine,M_routine,650,True,5,2048.1,1926.8,73.2,0.0592,0.0,dist_truncnorm,6,0.67,0.15,truncnorm,none
City-C,T3,10x,2000.0,S2_Platform,cross_regime,M_stress,650,True,5,2048.1,1251.7,748.3,0.3889,0.0,dist_truncnorm,6,0.67,0.15,truncnorm,none
City-C,T3,10x,2000.0,S3_Lin4,routine,M_routine,650,True,6,2253.8,2342.3,0.0,0.0,1.0,dist_truncnorm,6,0.67,0.15,truncnorm,none
City-C,T3,10x,2000.0,S3_Lin4,cross_regime,M_stress,650,True,6,2253.8,1462.9,537.1,0.3509,0.0,dist_truncnorm,6,0.67,0.15,truncnorm,none
City-C,T3,10x,2000.0,S4_GlobalCalib,routine,M_routine,650,True,6,2216.5,2278.8,0.0,0.0,1.0,dist_truncnorm,6,0.67,0.15,truncnorm,none
City-C,T3,10x,2000.0,S4_GlobalCalib,cross_regime,M_stress,650,True,6,2216.5,1623.3,376.7,0.2676,0.0,dist_truncnorm,6,0.67,0.15,truncnorm,none
City-C,T3,10x,2000.0,S5_CityCalib,routine,M_routine,650,True,6,2224.7,2278.8,0.0,0.0,1.0,dist_truncnorm,6,0.67,0.15,truncnorm,none
City-C,T3,10x,2000.0,S5_CityCalib,cross_regime,M_stress,650,True,6,2224.7,1623.3,376.7,0.2703,0.0,dist_truncnorm,6,0.67,0.15,truncnorm,none
City-C,T3,10x,2000.0,S6_Q10,routine,M_routine,650,True,8,2057.3,2983.3,0.0,0.0,1.0,dist_truncnorm,6,0.67,0.15,truncnorm,none
City-C,T3,10x,2000.0,S6_Q10,cross_regime,M_stress,650,True,8,2057.3,2031.5,0.0,0.0126,1.0,dist_truncnorm,6,0.67,0.15,truncnorm,none
City-C,T4,1x,140.0,S0a_RoutineOracle,routine,M_routine,650,True,1,556.5,556.5,0.0,0.0,1.0,dist_truncnorm,6,0.67,0.15,truncnorm,none
City-C,T4,1x,140.0,S0a_RoutineOracle,cross_regime,M_stress,650,True,1,556.5,367.0,0.0,0.3406,1.0,dist_truncnorm,6,0.67,0.15,truncnorm,none
City-C,T4,1x,140.0,S0b_StressOracle,routine,M_routine,650,True,1,372.6,466.8,0.0,0.0,1.0,dist_truncnorm,6,0.67,0.15,truncnorm,none
City-C,T4,1x,140.0,S0b_StressOracle,cross_regime,M_stress,650,True,1,372.6,372.6,0.0,0.0,1.0,dist_truncnorm,6,0.67,0.15,truncnorm,none
City-C,T4,1x,140.0,S1_CapRR,routine,M_routine,650,True,1,737.0,556.5,0.0,0.2449,1.0,dist_truncnorm,6,0.67,0.15,truncnorm,none
City-C,T4,1x,140.0,S1_CapRR,cross_regime,M_stress,650,True,1,737.0,367.0,0.0,0.5021,1.0,dist_truncnorm,6,0.67,0.15,truncnorm,none
City-C,T4,1x,140.0,S2_Platform,routine,M_routine,650,True,1,377.7,518.3,0.0,0.0,1.0,dist_truncnorm,6,0.67,0.15,truncnorm,none
City-C,T4,1x,140.0,S2_Platform,cross_regime,M_stress,650,True,1,377.7,315.7,0.0,0.1641,1.0,dist_truncnorm,6,0.67,0.15,truncnorm,none
City-C,T4,1x,140.0,S3_Lin4,routine,M_routine,650,True,1,415.7,556.5,0.0,0.0,1.0,dist_truncnorm,6,0.67,0.15,truncnorm,none
City-C,T4,1x,140.0,S3_Lin4,cross_regime,M_stress,650,True,1,415.7,367.0,0.0,0.1173,1.0,dist_truncnorm,6,0.67,0.15,truncnorm,none
City-C,T4,1x,140.0,S4_GlobalCalib,routine,M_routine,650,True,1,485.1,556.5,0.0,0.0,1.0,dist_truncnorm,6,0.67,0.15,truncnorm,none
City-C,T4,1x,140.0,S4_GlobalCalib,cross_regime,M_stress,650,True,1,485.1,367.0,0.0,0.2435,1.0,dist_truncnorm,6,0.67,0.15,truncnorm,none
City-C,T4,1x,140.0,S5_CityCalib,routine,M_routine,650,True,1,489.0,556.5,0.0,0.0,1.0,dist_truncnorm,6,0.67,0.15,truncnorm,none
City-C,T4,1x,140.0,S5_CityCalib,cross_regime,M_stress,650,True,1,489.0,367.0,0.0,0.2496,1.0,dist_truncnorm,6,0.67,0.15,truncnorm,none
City-C,T4,1x,140.0,S6_Q10,routine,M_routine,650,True,1,351.1,556.5,0.0,0.0,1.0,dist_truncnorm,6,0.67,0.15,truncnorm,none
City-C,T4,1x,140.0,S6_Q10,cross_regime,M_stress,650,True,1,351.1,367.0,0.0,0.0,1.0,dist_truncnorm,6,0.67,0.15,truncnorm,none
City-C,T4,2x,280.0,S0a_RoutineOracle,routine,M_routine,650,True,1,556.5,556.5,0.0,0.0,1.0,dist_truncnorm,6,0.67,0.15,truncnorm,none
City-C,T4,2x,280.0,S0a_RoutineOracle,cross_regime,M_stress,650,True,1,556.5,367.0,0.0,0.3406,1.0,dist_truncnorm,6,0.67,0.15,truncnorm,none
City-C,T4,2x,280.0,S0b_StressOracle,routine,M_routine,650,True,1,372.6,466.8,0.0,0.0,1.0,dist_truncnorm,6,0.67,0.15,truncnorm,none
City-C,T4,2x,280.0,S0b_StressOracle,cross_regime,M_stress,650,True,1,372.6,372.6,0.0,0.0,1.0,dist_truncnorm,6,0.67,0.15,truncnorm,none
City-C,T4,2x,280.0,S1_CapRR,routine,M_routine,650,True,1,737.0,556.5,0.0,0.2449,1.0,dist_truncnorm,6,0.67,0.15,truncnorm,none
City-C,T4,2x,280.0,S1_CapRR,cross_regime,M_stress,650,True,1,737.0,367.0,0.0,0.5021,1.0,dist_truncnorm,6,0.67,0.15,truncnorm,none
City-C,T4,2x,280.0,S2_Platform,routine,M_routine,650,True,1,377.7,518.3,0.0,0.0,1.0,dist_truncnorm,6,0.67,0.15,truncnorm,none
City-C,T4,2x,280.0,S2_Platform,cross_regime,M_stress,650,True,1,377.7,315.7,0.0,0.1641,1.0,dist_truncnorm,6,0.67,0.15,truncnorm,none
City-C,T4,2x,280.0,S3_Lin4,routine,M_routine,650,True,1,415.7,556.5,0.0,0.0,1.0,dist_truncnorm,6,0.67,0.15,truncnorm,none
City-C,T4,2x,280.0,S3_Lin4,cross_regime,M_stress,650,True,1,415.7,367.0,0.0,0.1173,1.0,dist_truncnorm,6,0.67,0.15,truncnorm,none
City-C,T4,2x,280.0,S4_GlobalCalib,routine,M_routine,650,True,1,485.1,556.5,0.0,0.0,1.0,dist_truncnorm,6,0.67,0.15,truncnorm,none
City-C,T4,2x,280.0,S4_GlobalCalib,cross_regime,M_stress,650,True,1,485.1,367.0,0.0,0.2435,1.0,dist_truncnorm,6,0.67,0.15,truncnorm,none
City-C,T4,2x,280.0,S5_CityCalib,routine,M_routine,650,True,1,489.0,556.5,0.0,0.0,1.0,dist_truncnorm,6,0.67,0.15,truncnorm,none
City-C,T4,2x,280.0,S5_CityCalib,cross_regime,M_stress,650,True,1,489.0,367.0,0.0,0.2496,1.0,dist_truncnorm,6,0.67,0.15,truncnorm,none
City-C,T4,2x,280.0,S6_Q10,routine,M_routine,650,True,1,351.1,556.5,0.0,0.0,1.0,dist_truncnorm,6,0.67,0.15,truncnorm,none
City-C,T4,2x,280.0,S6_Q10,cross_regime,M_stress,650,True,1,351.1,367.0,0.0,0.0,1.0,dist_truncnorm,6,0.67,0.15,truncnorm,none
City-C,T4,5x,700.0,S0a_RoutineOracle,routine,M_routine,650,True,2,1111.1,1111.1,0.0,0.0,1.0,dist_truncnorm,6,0.67,0.15,truncnorm,none
City-C,T4,5x,700.0,S0a_RoutineOracle,cross_regime,M_stress,650,True,2,1111.1,575.9,124.1,0.4817,0.0,dist_truncnorm,6,0.67,0.15,truncnorm,none
City-C,T4,5x,700.0,S0b_StressOracle,routine,M_routine,650,True,2,739.6,1023.4,0.0,0.0,1.0,dist_truncnorm,6,0.67,0.15,truncnorm,none
City-C,T4,5x,700.0,S0b_StressOracle,cross_regime,M_stress,650,True,2,739.6,739.6,0.0,0.0,1.0,dist_truncnorm,6,0.67,0.15,truncnorm,none
City-C,T4,5x,700.0,S1_CapRR,routine,M_routine,650,True,1,737.0,556.5,143.5,0.2449,0.0,dist_truncnorm,6,0.67,0.15,truncnorm,none
City-C,T4,5x,700.0,S1_CapRR,cross_regime,M_stress,650,True,1,737.0,367.0,333.0,0.5021,0.0,dist_truncnorm,6,0.67,0.15,truncnorm,none
City-C,T4,5x,700.0,S2_Platform,routine,M_routine,650,True,2,738.2,1072.8,0.0,0.0,1.0,dist_truncnorm,6,0.67,0.15,truncnorm,none
City-C,T4,5x,700.0,S2_Platform,cross_regime,M_stress,650,True,2,738.2,524.6,175.4,0.2894,0.0,dist_truncnorm,6,0.67,0.15,truncnorm,none
City-C,T4,5x,700.0,S3_Lin4,routine,M_routine,650,True,2,815.5,1111.1,0.0,0.0,1.0,dist_truncnorm,6,0.67,0.15,truncnorm,none
City-C,T4,5x,700.0,S3_Lin4,cross_regime,M_stress,650,True,2,815.5,575.9,124.1,0.2938,0.0,dist_truncnorm,6,0.67,0.15,truncnorm,none
City-C,T4,5x,700.0,S4_GlobalCalib,routine,M_routine,650,True,2,947.6,1111.1,0.0,0.0,1.0,dist_truncnorm,6,0.67,0.15,truncnorm,none
City-C,T4,5x,700.0,S4_GlobalCalib,cross_regime,M_stress,650,True,2,947.6,575.9,124.1,0.3923,0.0,dist_truncnorm,6,0.67,0.15,truncnorm,none
City-C,T4,5x,700.0,S5_CityCalib,routine,M_routine,650,True,2,955.2,1111.1,0.0,0.0,1.0,dist_truncnorm,6,0.67,0.15,truncnorm,none
City-C,T4,5x,700.0,S5_CityCalib,cross_regime,M_stress,650,True,2,955.2,575.9,124.1,0.3971,0.0,dist_truncnorm,6,0.67,0.15,truncnorm,none
City-C,T4,5x,700.0,S6_Q10,routine,M_routine,650,True,3,991.5,1419.3,0.0,0.0,1.0,dist_truncnorm,6,0.67,0.15,truncnorm,none
City-C,T4,5x,700.0,S6_Q10,cross_regime,M_stress,650,True,3,991.5,801.5,0.0,0.1917,1.0,dist_truncnorm,6,0.67,0.15,truncnorm,none
City-C,T4,10x,1400.0,S0a_RoutineOracle,routine,M_routine,650,True,3,1629.3,1629.3,0.0,0.0,1.0,dist_truncnorm,6,0.67,0.15,truncnorm,none
City-C,T4,10x,1400.0,S0a_RoutineOracle,cross_regime,M_stress,650,True,3,1629.3,891.6,508.4,0.4528,0.0,dist_truncnorm,6,0.67,0.15,truncnorm,none
City-C,T4,10x,1400.0,S0b_StressOracle,routine,M_routine,650,True,5,1677.6,2181.2,0.0,0.0,1.0,dist_truncnorm,6,0.67,0.15,truncnorm,none
City-C,T4,10x,1400.0,S0b_StressOracle,cross_regime,M_stress,650,True,5,1677.6,1677.6,0.0,0.0,1.0,dist_truncnorm,6,0.67,0.15,truncnorm,none
City-C,T4,10x,1400.0,S1_CapRR,routine,M_routine,650,True,2,1439.5,1111.1,288.9,0.2282,0.0,dist_truncnorm,6,0.67,0.15,truncnorm,none
City-C,T4,10x,1400.0,S1_CapRR,cross_regime,M_stress,650,True,2,1439.5,575.9,824.1,0.6,0.0,dist_truncnorm,6,0.67,0.15,truncnorm,none
City-C,T4,10x,1400.0,S2_Platform,routine,M_routine,650,True,4,1425.4,1875.0,0.0,0.0,1.0,dist_truncnorm,6,0.67,0.15,truncnorm,none
City-C,T4,10x,1400.0,S2_Platform,cross_regime,M_stress,650,True,4,1425.4,1136.9,263.1,0.2024,0.0,dist_truncnorm,6,0.67,0.15,truncnorm,none
City-C,T4,10x,1400.0,S3_Lin4,routine,M_routine,650,True,4,1587.4,1904.0,0.0,0.0,1.0,dist_truncnorm,6,0.67,0.15,truncnorm,none
City-C,T4,10x,1400.0,S3_Lin4,cross_regime,M_stress,650,True,4,1587.4,1104.6,295.4,0.3042,0.0,dist_truncnorm,6,0.67,0.15,truncnorm,none
City-C,T4,10x,1400.0,S4_GlobalCalib,routine,M_routine,650,True,4,1755.7,1886.2,0.0,0.0,1.0,dist_truncnorm,6,0.67,0.15,truncnorm,none
City-C,T4,10x,1400.0,S4_GlobalCalib,cross_regime,M_stress,650,True,4,1755.7,1174.1,225.9,0.3313,0.0,dist_truncnorm,6,0.67,0.15,truncnorm,none
City-C,T4,10x,1400.0,S5_CityCalib,routine,M_routine,650,True,4,1769.8,1886.2,0.0,0.0,1.0,dist_truncnorm,6,0.67,0.15,truncnorm,none
City-C,T4,10x,1400.0,S5_CityCalib,cross_regime,M_stress,650,True,4,1769.8,1174.1,225.9,0.3366,0.0,dist_truncnorm,6,0.67,0.15,truncnorm,none
City-C,T4,10x,1400.0,S6_Q10,routine,M_routine,650,True,5,1546.3,2369.5,0.0,0.0,1.0,dist_truncnorm,6,0.67,0.15,truncnorm,none
City-C,T4,10x,1400.0,S6_Q10,cross_regime,M_stress,650,True,5,1546.3,1401.0,0.0,0.094,1.0,dist_truncnorm,6,0.67,0.15,truncnorm,none
City-C,T5,1x,160.0,S0a_RoutineOracle,routine,M_routine,650,True,1,502.5,502.5,0.0,0.0,1.0,dist_truncnorm,6,0.67,0.15,truncnorm,none
City-C,T5,1x,160.0,S0a_RoutineOracle,cross_regime,M_stress,650,True,1,502.5,376.0,0.0,0.2518,1.0,dist_truncnorm,6,0.67,0.15,truncnorm,none
City-C,T5,1x,160.0,S0b_StressOracle,routine,M_routine,650,True,1,376.0,502.5,0.0,0.0,1.0,dist_truncnorm,6,0.67,0.15,truncnorm,none
City-C,T5,1x,160.0,S0b_StressOracle,cross_regime,M_stress,650,True,1,376.0,376.0,0.0,0.0,1.0,dist_truncnorm,6,0.67,0.15,truncnorm,none
City-C,T5,1x,160.0,S1_CapRR,routine,M_routine,650,True,1,648.6,502.5,0.0,0.2253,1.0,dist_truncnorm,6,0.67,0.15,truncnorm,none
City-C,T5,1x,160.0,S1_CapRR,cross_regime,M_stress,650,True,1,648.6,376.0,0.0,0.4204,1.0,dist_truncnorm,6,0.67,0.15,truncnorm,none
City-C,T5,1x,160.0,S2_Platform,routine,M_routine,650,True,1,451.5,502.5,0.0,0.0,1.0,dist_truncnorm,6,0.67,0.15,truncnorm,none
City-C,T5,1x,160.0,S2_Platform,cross_regime,M_stress,650,True,1,451.5,376.0,0.0,0.1673,1.0,dist_truncnorm,6,0.67,0.15,truncnorm,none
City-C,T5,1x,160.0,S3_Lin4,routine,M_routine,650,True,1,402.6,502.5,0.0,0.0,1.0,dist_truncnorm,6,0.67,0.15,truncnorm,none
City-C,T5,1x,160.0,S3_Lin4,cross_regime,M_stress,650,True,1,402.6,376.0,0.0,0.0662,1.0,dist_truncnorm,6,0.67,0.15,truncnorm,none
City-C,T5,1x,160.0,S4_GlobalCalib,routine,M_routine,650,True,1,427.1,502.5,0.0,0.0,1.0,dist_truncnorm,6,0.67,0.15,truncnorm,none
City-C,T5,1x,160.0,S4_GlobalCalib,cross_regime,M_stress,650,True,1,427.1,376.0,0.0,0.1197,1.0,dist_truncnorm,6,0.67,0.15,truncnorm,none
City-C,T5,1x,160.0,S5_CityCalib,routine,M_routine,650,True,1,430.6,502.5,0.0,0.0,1.0,dist_truncnorm,6,0.67,0.15,truncnorm,none
City-C,T5,1x,160.0,S5_CityCalib,cross_regime,M_stress,650,True,1,430.6,376.0,0.0,0.1268,1.0,dist_truncnorm,6,0.67,0.15,truncnorm,none
City-C,T5,1x,160.0,S6_Q10,routine,M_routine,650,True,1,310.0,502.5,0.0,0.0,1.0,dist_truncnorm,6,0.67,0.15,truncnorm,none
City-C,T5,1x,160.0,S6_Q10,cross_regime,M_stress,650,True,1,310.0,376.0,0.0,0.0,1.0,dist_truncnorm,6,0.67,0.15,truncnorm,none
City-C,T5,2x,320.0,S0a_RoutineOracle,routine,M_routine,650,True,1,502.5,502.5,0.0,0.0,1.0,dist_truncnorm,6,0.67,0.15,truncnorm,none
City-C,T5,2x,320.0,S0a_RoutineOracle,cross_regime,M_stress,650,True,1,502.5,376.0,0.0,0.2518,1.0,dist_truncnorm,6,0.67,0.15,truncnorm,none
City-C,T5,2x,320.0,S0b_StressOracle,routine,M_routine,650,True,1,376.0,502.5,0.0,0.0,1.0,dist_truncnorm,6,0.67,0.15,truncnorm,none
City-C,T5,2x,320.0,S0b_StressOracle,cross_regime,M_stress,650,True,1,376.0,376.0,0.0,0.0,1.0,dist_truncnorm,6,0.67,0.15,truncnorm,none
City-C,T5,2x,320.0,S1_CapRR,routine,M_routine,650,True,1,648.6,502.5,0.0,0.2253,1.0,dist_truncnorm,6,0.67,0.15,truncnorm,none
City-C,T5,2x,320.0,S1_CapRR,cross_regime,M_stress,650,True,1,648.6,376.0,0.0,0.4204,1.0,dist_truncnorm,6,0.67,0.15,truncnorm,none
City-C,T5,2x,320.0,S2_Platform,routine,M_routine,650,True,1,451.5,502.5,0.0,0.0,1.0,dist_truncnorm,6,0.67,0.15,truncnorm,none
City-C,T5,2x,320.0,S2_Platform,cross_regime,M_stress,650,True,1,451.5,376.0,0.0,0.1673,1.0,dist_truncnorm,6,0.67,0.15,truncnorm,none
City-C,T5,2x,320.0,S3_Lin4,routine,M_routine,650,True,1,402.6,502.5,0.0,0.0,1.0,dist_truncnorm,6,0.67,0.15,truncnorm,none
City-C,T5,2x,320.0,S3_Lin4,cross_regime,M_stress,650,True,1,402.6,376.0,0.0,0.0662,1.0,dist_truncnorm,6,0.67,0.15,truncnorm,none
City-C,T5,2x,320.0,S4_GlobalCalib,routine,M_routine,650,True,1,427.1,502.5,0.0,0.0,1.0,dist_truncnorm,6,0.67,0.15,truncnorm,none
City-C,T5,2x,320.0,S4_GlobalCalib,cross_regime,M_stress,650,True,1,427.1,376.0,0.0,0.1197,1.0,dist_truncnorm,6,0.67,0.15,truncnorm,none
City-C,T5,2x,320.0,S5_CityCalib,routine,M_routine,650,True,1,430.6,502.5,0.0,0.0,1.0,dist_truncnorm,6,0.67,0.15,truncnorm,none
City-C,T5,2x,320.0,S5_CityCalib,cross_regime,M_stress,650,True,1,430.6,376.0,0.0,0.1268,1.0,dist_truncnorm,6,0.67,0.15,truncnorm,none
City-C,T5,2x,320.0,S6_Q10,routine,M_routine,650,True,2,605.5,951.4,0.0,0.0,1.0,dist_truncnorm,6,0.67,0.15,truncnorm,none
City-C,T5,2x,320.0,S6_Q10,cross_regime,M_stress,650,True,2,605.5,628.6,0.0,0.0,1.0,dist_truncnorm,6,0.67,0.15,truncnorm,none
City-C,T5,5x,800.0,S0a_RoutineOracle,routine,M_routine,650,True,2,951.4,951.4,0.0,0.0,1.0,dist_truncnorm,6,0.67,0.15,truncnorm,none
City-C,T5,5x,800.0,S0a_RoutineOracle,cross_regime,M_stress,650,True,2,951.4,628.6,171.4,0.3393,0.0,dist_truncnorm,6,0.67,0.15,truncnorm,none
City-C,T5,5x,800.0,S0b_StressOracle,routine,M_routine,650,True,3,978.3,1015.2,0.0,0.0,1.0,dist_truncnorm,6,0.67,0.15,truncnorm,none
City-C,T5,5x,800.0,S0b_StressOracle,cross_regime,M_stress,650,True,3,978.3,978.3,0.0,0.0,1.0,dist_truncnorm,6,0.67,0.15,truncnorm,none
City-C,T5,5x,800.0,S1_CapRR,routine,M_routine,650,True,2,1266.8,951.4,0.0,0.249,1.0,dist_truncnorm,6,0.67,0.15,truncnorm,none
City-C,T5,5x,800.0,S1_CapRR,cross_regime,M_stress,650,True,2,1266.8,628.6,171.4,0.5038,0.0,dist_truncnorm,6,0.67,0.15,truncnorm,none
City-C,T5,5x,800.0,S2_Platform,routine,M_routine,650,True,2,882.9,884.1,0.0,0.0,1.0,dist_truncnorm,6,0.67,0.15,truncnorm,none
City-C,T5,5x,800.0,S2_Platform,cross_regime,M_stress,650,True,2,882.9,644.7,155.3,0.2698,0.0,dist_truncnorm,6,0.67,0.15,truncnorm,none
City-C,T5,5x,800.0,S3_Lin4,routine,M_routine,650,True,3,1169.7,1237.1,0.0,0.0,1.0,dist_truncnorm,6,0.67,0.15,truncnorm,none
City-C,T5,5x,800.0,S3_Lin4,cross_regime,M_stress,650,True,3,1169.7,957.2,0.0,0.1817,1.0,dist_truncnorm,6,0.67,0.15,truncnorm,none
City-C,T5,5x,800.0,S4_GlobalCalib,routine,M_routine,650,True,2,834.3,951.4,0.0,0.0,1.0,dist_truncnorm,6,0.67,0.15,truncnorm,none
City-C,T5,5x,800.0,S4_GlobalCalib,cross_regime,M_stress,650,True,2,834.3,628.6,171.4,0.2466,0.0,dist_truncnorm,6,0.67,0.15,truncnorm,none
City-C,T5,5x,800.0,S5_CityCalib,routine,M_routine,650,True,2,841.0,951.4,0.0,0.0,1.0,dist_truncnorm,6,0.67,0.15,truncnorm,none
City-C,T5,5x,800.0,S5_CityCalib,cross_regime,M_stress,650,True,2,841.0,628.6,171.4,0.2526,0.0,dist_truncnorm,6,0.67,0.15,truncnorm,none
City-C,T5,5x,800.0,S6_Q10,routine,M_routine,650,True,3,875.3,1237.1,0.0,0.0,1.0,dist_truncnorm,6,0.67,0.15,truncnorm,none
City-C,T5,5x,800.0,S6_Q10,cross_regime,M_stress,650,True,3,875.3,957.2,0.0,0.0,1.0,dist_truncnorm,6,0.67,0.15,truncnorm,none
City-C,T5,10x,1600.0,S0a_RoutineOracle,routine,M_routine,650,True,4,1792.6,1792.6,0.0,0.0,1.0,dist_truncnorm,6,0.67,0.15,truncnorm,none
City-C,T5,10x,1600.0,S0a_RoutineOracle,cross_regime,M_stress,650,True,4,1792.6,1092.6,507.4,0.3905,0.0,dist_truncnorm,6,0.67,0.15,truncnorm,none
City-C,T5,10x,1600.0,S0b_StressOracle,routine,M_routine,650,True,6,1760.8,2209.1,0.0,0.0,1.0,dist_truncnorm,6,0.67,0.15,truncnorm,none
City-C,T5,10x,1600.0,S0b_StressOracle,cross_regime,M_stress,650,True,6,1760.8,1760.8,0.0,0.0,1.0,dist_truncnorm,6,0.67,0.15,truncnorm,none
City-C,T5,10x,1600.0,S1_CapRR,routine,M_routine,650,True,3,1831.4,1237.1,362.9,0.3245,0.0,dist_truncnorm,6,0.67,0.15,truncnorm,none
City-C,T5,10x,1600.0,S1_CapRR,cross_regime,M_stress,650,True,3,1831.4,957.2,642.8,0.4773,0.0,dist_truncnorm,6,0.67,0.15,truncnorm,none
City-C,T5,10x,1600.0,S2_Platform,routine,M_routine,650,True,4,1670.1,1402.7,197.3,0.1601,0.0,dist_truncnorm,6,0.67,0.15,truncnorm,none
City-C,T5,10x,1600.0,S2_Platform,cross_regime,M_stress,650,True,4,1670.1,1123.1,476.9,0.3275,0.0,dist_truncnorm,6,0.67,0.15,truncnorm,none
City-C,T5,10x,1600.0,S3_Lin4,routine,M_routine,650,True,5,1911.1,1809.4,0.0,0.0533,1.0,dist_truncnorm,6,0.67,0.15,truncnorm,none
City-C,T5,10x,1600.0,S3_Lin4,cross_regime,M_stress,650,True,5,1911.1,1323.8,276.2,0.3073,0.0,dist_truncnorm,6,0.67,0.15,truncnorm,none
City-C,T5,10x,1600.0,S4_GlobalCalib,routine,M_routine,650,True,5,1881.8,1934.0,0.0,0.0,1.0,dist_truncnorm,6,0.67,0.15,truncnorm,none
City-C,T5,10x,1600.0,S4_GlobalCalib,cross_regime,M_stress,650,True,5,1881.8,1437.2,162.8,0.2363,0.0,dist_truncnorm,6,0.67,0.15,truncnorm,none
City-C,T5,10x,1600.0,S5_CityCalib,routine,M_routine,650,True,5,1897.0,1934.0,0.0,0.0,1.0,dist_truncnorm,6,0.67,0.15,truncnorm,none
City-C,T5,10x,1600.0,S5_CityCalib,cross_regime,M_stress,650,True,5,1897.0,1437.2,162.8,0.2424,0.0,dist_truncnorm,6,0.67,0.15,truncnorm,none
City-C,T5,10x,1600.0,S6_Q10,routine,M_routine,650,True,6,1604.0,2297.5,0.0,0.0,1.0,dist_truncnorm,6,0.67,0.15,truncnorm,none
City-C,T5,10x,1600.0,S6_Q10,cross_regime,M_stress,650,True,6,1604.0,1698.4,0.0,0.0,1.0,dist_truncnorm,6,0.67,0.15,truncnorm,none
