city,task_id,p_req_level,p_req,strategy,regime,eval_outcome,pool_size,pool_feasible,n_selected,p_commit,p_deliv,shortfall,ocr,success,config_name,seed_id,xi_mean,xi_std,xi_dist,xi_persistence
City-A,T1,1x,180.0,S0a_RoutineOracle,routine,M_routine,800,True,1,512.4,512.4,0.0,0.0,1.0,dist_logitnorm,5,0.67,0.15,logitnorm,none
City-A,T1,1x,180.0,S0a_RoutineOracle,cross_regime,M_stress,800,True,1,512.4,221.5,0.0,0.5678,1.0,dist_logitnorm,5,0.67,0.15,logitnorm,none
City-A,T1,1x,180.0,S0b_StressOracle,routine,M_routine,800,True,1,285.6,449.8,0.0,0.0,1.0,dist_logitnorm,5,0.67,0.15,logitnorm,none
City-A,T1,1x,180.0,S0b_StressOracle,cross_regime,M_stress,800,True,1,285.6,285.6,0.0,0.0,1.0,dist_logitnorm,5,0.67,0.15,logitnorm,none
City-A,T1,1x,180.0,S1_CapRR,routine,M_routine,800,True,1,678.2,455.1,0.0,0.329,1.0,dist_logitnorm,5,0.67,0.15,logitnorm,none
City-A,T1,1x,180.0,S1_CapRR,cross_regime,M_stress,800,True,1,678.2,236.1,0.0,0.6519,1.0,dist_logitnorm,5,0.67,0.15,logitnorm,none
City-A,T1,1x,180.0,S2_Platform,routine,M_routine,800,True,1,421.1,455.1,0.0,0.0,1.0,dist_logitnorm,5,0.67,0.15,logitnorm,none
City-A,T1,1x,180.0,S2_Platform,cross_regime,M_stress,800,True,1,421.1,236.1,0.0,0.4394,1.0,dist_logitnorm,5,0.67,0.15,logitnorm,none
City-A,T1,1x,180.0,S3_Lin4,routine,M_routine,800,True,1,496.6,455.1,0.0,0.0836,1.0,dist_logitnorm,5,0.67,0.15,logitnorm,none
City-A,T1,1x,180.0,S3_Lin4,cross_regime,M_stress,800,True,1,496.6,236.1,0.0,0.5246,1.0,dist_logitnorm,5,0.67,0.15,logitnorm,none
City-A,T1,1x,180.0,S4_GlobalCalib,routine,M_routine,800,True,1,457.3,455.1,0.0,0.0049,1.0,dist_logitnorm,5,0.67,0.15,logitnorm,none
City-A,T1,1x,180.0,S4_GlobalCalib,cross_regime,M_stress,800,True,1,457.3,236.1,0.0,0.4838,1.0,dist_logitnorm,5,0.67,0.15,logitnorm,none
City-A,T1,1x,180.0,S5_CityCalib,routine,M_routine,800,True,1,456.9,455.1,0.0,0.0039,1.0,dist_logitnorm,5,0.67,0.15,logitnorm,none
City-A,T1,1x,180.0,S5_CityCalib,cross_regime,M_stress,800,True,1,456.9,236.1,0.0,0.4833,1.0,dist_logitnorm,5,0.67,0.15,logitnorm,none
City-A,T1,1x,180.0,S6_Q10,routine,M_routine,800,True,1,308.8,455.1,0.0,0.0,1.0,dist_logitnorm,5,0.67,0.15,logitnorm,none
City-A,T1,1x,180.0,S6_Q10,cross_regime,M_stress,800,True,1,308.8,236.1,0.0,0.2357,1.0,dist_logitnorm,5,0.67,0.15,logitnorm,none
City-A,T1,2x,360.0,S0a_RoutineOracle,routine,M_routine,800,True,1,512.4,512.4,0.0,0.0,1.0,dist_logitnorm,5,0.67,0.15,logitnorm,none
City-A,T1,2x,360.0,S0a_RoutineOracle,cross_regime,M_stress,800,True,1,512.4,221.5,138.5,0.5678,0.0,dist_logitnorm,5,0.67,0.15,logitnorm,none
City-A,T1,2x,360.0,S0b_StressOracle,routine,M_routine,800,True,2,570.9,837.0,0.0,0.0,1.0,dist_logitnorm,5,0.67,0.15,logitnorm,none
City-A,T1,2x,360.0,S0b_StressOracle,cross_regime,M_stress,800,True,2,570.9,570.9,0.0,0.0,1.0,dist_logitnorm,5,0.67,0.15,logitnorm,none
City-A,T1,2x,360.0,S1_CapRR,routine,M_routine,800,True,1,678.2,455.1,0.0,0.329,1.0,dist_logitnorm,5,0.67,0.15,logitnorm,none
City-A,T1,2x,360.0,S1_CapRR,cross_regime,M_stress,800,True,1,678.2,236.1,123.9,0.6519,0.0,dist_logitnorm,5,0.67,0.15,logitnorm,none
City-A,T1,2x,360.0,S2_Platform,routine,M_routine,800,True,1,421.1,455.1,0.0,0.0,1.0,dist_logitnorm,5,0.67,0.15,logitnorm,none
City-A,T1,2x,360.0,S2_Platform,cross_regime,M_stress,800,True,1,421.1,236.1,123.9,0.4394,0.0,dist_logitnorm,5,0.67,0.15,logitnorm,none
City-A,T1,2x,360.0,S3_Lin4,routine,M_routine,800,True,1,496.6,455.1,0.0,0.0836,1.0,dist_logitnorm,5,0.67,0.15,logitnorm,none
City-A,T1,2x,360.0,S3_Lin4,cross_regime,M_stress,800,True,1,496.6,236.1,123.9,0.5246,0.0,dist_logitnorm,5,0.67,0.15,logitnorm,none
City-A,T1,2x,360.0,S4_GlobalCalib,routine,M_routine,800,True,1,457.3,455.1,0.0,0.0049,1.0,dist_logitnorm,5,0.67,0.15,logitnorm,none
City-A,T1,2x,360.0,S4_GlobalCalib,cross_regime,M_stress,800,True,1,457.3,236.1,123.9,0.4838,0.0,dist_logitnorm,5,0.67,0.15,logitnorm,none
City-A,T1,2x,360.0,S5_CityCalib,routine,M_routine,800,True,1,456.9,455.1,0.0,0.0039,1.0,dist_logitnorm,5,0.67,0.15,logitnorm,none
City-A,T1,2x,360.0,S5_CityCalib,cross_regime,M_stress,800,True,1,456.9,236.1,123.9,0.4833,0.0,dist_logitnorm,5,0.67,0.15,logitnorm,none
City-A,T1,2x,360.0,S6_Q10,routine,M_routine,800,True,2,589.0,967.4,0.0,0.0,1.0,dist_logitnorm,5,0.67,0.15,logitnorm,none
City-A,T1,2x,360.0,S6_Q10,cross_regime,M_stress,800,True,2,589.0,457.5,0.0,0.2232,1.0,dist_logitnorm,5,0.67,0.15,logitnorm,none
City-A,T1,5x,900.0,S0a_RoutineOracle,routine,M_routine,800,True,2,995.9,995.9,0.0,0.0,1.0,dist_logitnorm,5,0.67,0.15,logitnorm,none
City-A,T1,5x,900.0,S0a_RoutineOracle,cross_regime,M_stress,800,True,2,995.9,422.1,477.9,0.5762,0.0,dist_logitnorm,5,0.67,0.15,logitnorm,none
City-A,T1,5x,900.0,S0b_StressOracle,routine,M_routine,800,True,4,1081.6,1546.9,0.0,0.0,1.0,dist_logitnorm,5,0.67,0.15,logitnorm,none
City-A,T1,5x,900.0,S0b_StressOracle,cross_regime,M_stress,800,True,4,1081.6,1081.6,0.0,0.0,1.0,dist_logitnorm,5,0.67,0.15,logitnorm,none
City-A,T1,5x,900.0,S1_CapRR,routine,M_routine,800,True,2,1293.4,967.4,0.0,0.252,1.0,dist_logitnorm,5,0.67,0.15,logitnorm,none
City-A,T1,5x,900.0,S1_CapRR,cross_regime,M_stress,800,True,2,1293.4,457.5,442.5,0.6463,0.0,dist_logitnorm,5,0.67,0.15,logitnorm,none
City-A,T1,5x,900.0,S2_Platform,routine,M_routine,800,True,3,1202.1,1394.0,0.0,0.0,1.0,dist_logitnorm,5,0.67,0.15,logitnorm,none
City-A,T1,5x,900.0,S2_Platform,cross_regime,M_stress,800,True,3,1202.1,689.9,210.1,0.426,0.0,dist_logitnorm,5,0.67,0.15,logitnorm,none
City-A,T1,5x,900.0,S3_Lin4,routine,M_routine,800,True,3,1271.4,1388.4,0.0,0.0,1.0,dist_logitnorm,5,0.67,0.15,logitnorm,none
City-A,T1,5x,900.0,S3_Lin4,cross_regime,M_stress,800,True,3,1271.4,722.3,177.7,0.4319,0.0,dist_logitnorm,5,0.67,0.15,logitnorm,none
City-A,T1,5x,900.0,S4_GlobalCalib,routine,M_routine,800,True,3,1273.9,1451.0,0.0,0.0,1.0,dist_logitnorm,5,0.67,0.15,logitnorm,none
City-A,T1,5x,900.0,S4_GlobalCalib,cross_regime,M_stress,800,True,3,1273.9,658.1,241.9,0.4834,0.0,dist_logitnorm,5,0.67,0.15,logitnorm,none
City-A,T1,5x,900.0,S5_CityCalib,routine,M_routine,800,True,3,1272.8,1451.0,0.0,0.0,1.0,dist_logitnorm,5,0.67,0.15,logitnorm,none
City-A,T1,5x,900.0,S5_CityCalib,cross_regime,M_stress,800,True,3,1272.8,658.1,241.9,0.4829,0.0,dist_logitnorm,5,0.67,0.15,logitnorm,none
City-A,T1,5x,900.0,S6_Q10,routine,M_routine,800,True,4,1125.7,1828.0,0.0,0.0,1.0,dist_logitnorm,5,0.67,0.15,logitnorm,none
City-A,T1,5x,900.0,S6_Q10,cross_regime,M_stress,800,True,4,1125.7,906.1,0.0,0.1951,1.0,dist_logitnorm,5,0.67,0.15,logitnorm,none
City-A,T1,10x,1800.0,S0a_RoutineOracle,routine,M_routine,800,True,4,1900.8,1900.8,0.0,0.0,1.0,dist_logitnorm,5,0.67,0.15,logitnorm,none
City-A,T1,10x,1800.0,S0a_RoutineOracle,cross_regime,M_stress,800,True,4,1900.8,943.8,856.2,0.5035,0.0,dist_logitnorm,5,0.67,0.15,logitnorm,none
City-A,T1,10x,1800.0,S0b_StressOracle,routine,M_routine,800,True,7,1802.3,2757.0,0.0,0.0,1.0,dist_logitnorm,5,0.67,0.15,logitnorm,none
City-A,T1,10x,1800.0,S0b_StressOracle,cross_regime,M_stress,800,True,7,1802.3,1802.3,0.0,0.0,1.0,dist_logitnorm,5,0.67,0.15,logitnorm,none
City-A,T1,10x,1800.0,S1_CapRR,routine,M_routine,800,True,3,1889.7,1451.0,349.0,0.2321,0.0,dist_logitnorm,5,0.67,0.15,logitnorm,none
City-A,T1,10x,1800.0,S1_CapRR,cross_regime,M_stress,800,True,3,1889.7,658.1,1141.9,0.6517,0.0,dist_logitnorm,5,0.67,0.15,logitnorm,none
City-A,T1,10x,1800.0,S2_Platform,routine,M_routine,800,True,5,1914.5,1962.8,0.0,0.0,1.0,dist_logitnorm,5,0.67,0.15,logitnorm,none
City-A,T1,10x,1800.0,S2_Platform,cross_regime,M_stress,800,True,5,1914.5,1127.9,672.1,0.4109,0.0,dist_logitnorm,5,0.67,0.15,logitnorm,none
City-A,T1,10x,1800.0,S3_Lin4,routine,M_routine,800,True,5,1997.6,2277.9,0.0,0.0,1.0,dist_logitnorm,5,0.67,0.15,logitnorm,none
City-A,T1,10x,1800.0,S3_Lin4,cross_regime,M_stress,800,True,5,1997.6,1191.7,608.3,0.4034,0.0,dist_logitnorm,5,0.67,0.15,logitnorm,none
City-A,T1,10x,1800.0,S4_GlobalCalib,routine,M_routine,800,True,5,2047.4,2215.2,0.0,0.0,1.0,dist_logitnorm,5,0.67,0.15,logitnorm,none
City-A,T1,10x,1800.0,S4_GlobalCalib,cross_regime,M_stress,800,True,5,2047.4,1191.4,608.6,0.4181,0.0,dist_logitnorm,5,0.67,0.15,logitnorm,none
City-A,T1,10x,1800.0,S5_CityCalib,routine,M_routine,800,True,5,2045.7,2215.2,0.0,0.0,1.0,dist_logitnorm,5,0.67,0.15,logitnorm,none
City-A,T1,10x,1800.0,S5_CityCalib,cross_regime,M_stress,800,True,5,2045.7,1191.4,608.6,0.4176,0.0,dist_logitnorm,5,0.67,0.15,logitnorm,none
City-A,T1,10x,1800.0,S6_Q10,routine,M_routine,800,True,7,1861.6,3091.6,0.0,0.0,1.0,dist_logitnorm,5,0.67,0.15,logitnorm,none
City-A,T1,10x,1800.0,S6_Q10,cross_regime,M_stress,800,True,7,1861.6,1709.4,90.6,0.0818,0.0,dist_logitnorm,5,0.67,0.15,logitnorm,none
City-A,T2,1x,260.0,S0a_RoutineOracle,routine,M_routine,800,True,1,531.9,531.9,0.0,0.0,1.0,dist_logitnorm,5,0.67,0.15,logitnorm,none
City-A,T2,1x,260.0,S0a_RoutineOracle,cross_regime,M_stress,800,True,1,531.9,360.5,0.0,0.3222,1.0,dist_logitnorm,5,0.67,0.15,logitnorm,none
City-A,T2,1x,260.0,S0b_StressOracle,routine,M_routine,800,True,1,360.5,531.9,0.0,0.0,1.0,dist_logitnorm,5,0.67,0.15,logitnorm,none
City-A,T2,1x,260.0,S0b_StressOracle,cross_regime,M_stress,800,True,1,360.5,360.5,0.0,0.0,1.0,dist_logitnorm,5,0.67,0.15,logitnorm,none
City-A,T2,1x,260.0,S1_CapRR,routine,M_routine,800,True,1,678.2,509.2,0.0,0.2491,1.0,dist_logitnorm,5,0.67,0.15,logitnorm,none
City-A,T2,1x,260.0,S1_CapRR,cross_regime,M_stress,800,True,1,678.2,222.8,37.2,0.6715,0.0,dist_logitnorm,5,0.67,0.15,logitnorm,none
City-A,T2,1x,260.0,S2_Platform,routine,M_routine,800,True,1,441.1,509.2,0.0,0.0,1.0,dist_logitnorm,5,0.67,0.15,logitnorm,none
City-A,T2,1x,260.0,S2_Platform,cross_regime,M_stress,800,True,1,441.1,222.8,37.2,0.495,0.0,dist_logitnorm,5,0.67,0.15,logitnorm,none
City-A,T2,1x,260.0,S3_Lin4,routine,M_routine,800,True,1,492.1,509.2,0.0,0.0,1.0,dist_logitnorm,5,0.67,0.15,logitnorm,none
City-A,T2,1x,260.0,S3_Lin4,cross_regime,M_stress,800,True,1,492.1,222.8,37.2,0.5473,0.0,dist_logitnorm,5,0.67,0.15,logitnorm,none
City-A,T2,1x,260.0,S4_GlobalCalib,routine,M_routine,800,True,1,455.2,509.2,0.0,0.0,1.0,dist_logitnorm,5,0.67,0.15,logitnorm,none
City-A,T2,1x,260.0,S4_GlobalCalib,cross_regime,M_stress,800,True,1,455.2,222.8,37.2,0.5106,0.0,dist_logitnorm,5,0.67,0.15,logitnorm,none
City-A,T2,1x,260.0,S5_CityCalib,routine,M_routine,800,True,1,459.8,509.2,0.0,0.0,1.0,dist_logitnorm,5,0.67,0.15,logitnorm,none
City-A,T2,1x,260.0,S5_CityCalib,cross_regime,M_stress,800,True,1,459.8,222.8,37.2,0.5155,0.0,dist_logitnorm,5,0.67,0.15,logitnorm,none
City-A,T2,1x,260.0,S6_Q10,routine,M_routine,800,True,1,309.0,509.2,0.0,0.0,1.0,dist_logitnorm,5,0.67,0.15,logitnorm,none
City-A,T2,1x,260.0,S6_Q10,cross_regime,M_stress,800,True,1,309.0,222.8,37.2,0.2791,0.0,dist_logitnorm,5,0.67,0.15,logitnorm,none
City-A,T2,2x,520.0,S0a_RoutineOracle,routine,M_routine,800,True,1,531.9,531.9,0.0,0.0,1.0,dist_logitnorm,5,0.67,0.15,logitnorm,none
City-A,T2,2x,520.0,S0a_RoutineOracle,cross_regime,M_stress,800,True,1,531.9,360.5,159.5,0.3222,0.0,dist_logitnorm,5,0.67,0.15,logitnorm,none
City-A,T2,2x,520.0,S0b_StressOracle,routine,M_routine,800,True,2,648.2,931.2,0.0,0.0,1.0,dist_logitnorm,5,0.67,0.15,logitnorm,none
City-A,T2,2x,520.0,S0b_StressOracle,cross_regime,M_stress,800,True,2,648.2,648.2,0.0,0.0,1.0,dist_logitnorm,5,0.67,0.15,logitnorm,none
City-A,T2,2x,520.0,S1_CapRR,routine,M_routine,800,True,1,678.2,509.2,10.8,0.2491,0.0,dist_logitnorm,5,0.67,0.15,logitnorm,none
City-A,T2,2x,520.0,S1_CapRR,cross_regime,M_stress,800,True,1,678.2,222.8,297.2,0.6715,0.0,dist_logitnorm,5,0.67,0.15,logitnorm,none
City-A,T2,2x,520.0,S2_Platform,routine,M_routine,800,True,2,849.9,949.0,0.0,0.0,1.0,dist_logitnorm,5,0.67,0.15,logitnorm,none
City-A,T2,2x,520.0,S2_Platform,cross_regime,M_stress,800,True,2,849.9,491.7,28.3,0.4215,0.0,dist_logitnorm,5,0.67,0.15,logitnorm,none
City-A,T2,2x,520.0,S3_Lin4,routine,M_routine,800,True,2,879.2,1041.1,0.0,0.0,1.0,dist_logitnorm,5,0.67,0.15,logitnorm,none
City-A,T2,2x,520.0,S3_Lin4,cross_regime,M_stress,800,True,2,879.2,583.3,0.0,0.3366,1.0,dist_logitnorm,5,0.67,0.15,logitnorm,none
City-A,T2,2x,520.0,S4_GlobalCalib,routine,M_routine,800,True,2,868.1,949.0,0.0,0.0,1.0,dist_logitnorm,5,0.67,0.15,logitnorm,none
City-A,T2,2x,520.0,S4_GlobalCalib,cross_regime,M_stress,800,True,2,868.1,491.7,28.3,0.4336,0.0,dist_logitnorm,5,0.67,0.15,logitnorm,none
City-A,T2,2x,520.0,S5_CityCalib,routine,M_routine,800,True,2,876.8,949.0,0.0,0.0,1.0,dist_logitnorm,5,0.67,0.15,logitnorm,none
City-A,T2,2x,520.0,S5_CityCalib,cross_regime,M_stress,800,True,2,876.8,491.7,28.3,0.4393,0.0,dist_logitnorm,5,0.67,0.15,logitnorm,none
City-A,T2,2x,520.0,S6_Q10,routine,M_routine,800,True,2,589.3,949.0,0.0,0.0,1.0,dist_logitnorm,5,0.67,0.15,logitnorm,none
City-A,T2,2x,520.0,S6_Q10,cross_regime,M_stress,800,True,2,589.3,491.7,28.3,0.1657,0.0,dist_logitnorm,5,0.67,0.15,logitnorm,none
City-A,T2,5x,1300.0,S0a_RoutineOracle,routine,M_routine,800,True,3,1525.2,1525.2,0.0,0.0,1.0,dist_logitnorm,5,0.67,0.15,logitnorm,none
City-A,T2,5x,1300.0,S0a_RoutineOracle,cross_regime,M_stress,800,True,3,1525.2,857.8,442.2,0.4376,0.0,dist_logitnorm,5,0.67,0.15,logitnorm,none
City-A,T2,5x,1300.0,S0b_StressOracle,routine,M_routine,800,True,5,1486.9,2027.9,0.0,0.0,1.0,dist_logitnorm,5,0.67,0.15,logitnorm,none
City-A,T2,5x,1300.0,S0b_StressOracle,cross_regime,M_stress,800,True,5,1486.9,1486.9,0.0,0.0,1.0,dist_logitnorm,5,0.67,0.15,logitnorm,none
City-A,T2,5x,1300.0,S1_CapRR,routine,M_routine,800,True,3,1889.7,1480.9,0.0,0.2163,1.0,dist_logitnorm,5,0.67,0.15,logitnorm,none
City-A,T2,5x,1300.0,S1_CapRR,cross_regime,M_stress,800,True,3,1889.7,852.2,447.8,0.549,0.0,dist_logitnorm,5,0.67,0.15,logitnorm,none
City-A,T2,5x,1300.0,S2_Platform,routine,M_routine,800,True,4,1596.5,1457.0,0.0,0.0874,1.0,dist_logitnorm,5,0.67,0.15,logitnorm,none
City-A,T2,5x,1300.0,S2_Platform,cross_regime,M_stress,800,True,4,1596.5,885.6,414.4,0.4453,0.0,dist_logitnorm,5,0.67,0.15,logitnorm,none
City-A,T2,5x,1300.0,S3_Lin4,routine,M_routine,800,True,4,1623.0,1702.9,0.0,0.0,1.0,dist_logitnorm,5,0.67,0.15,logitnorm,none
City-A,T2,5x,1300.0,S3_Lin4,cross_regime,M_stress,800,True,4,1623.0,975.6,324.4,0.3989,0.0,dist_logitnorm,5,0.67,0.15,logitnorm,none
City-A,T2,5x,1300.0,S4_GlobalCalib,routine,M_routine,800,True,4,1659.2,1965.0,0.0,0.0,1.0,dist_logitnorm,5,0.67,0.15,logitnorm,none
City-A,T2,5x,1300.0,S4_GlobalCalib,cross_regime,M_stress,800,True,4,1659.2,1126.7,173.3,0.3209,0.0,dist_logitnorm,5,0.67,0.15,logitnorm,none
City-A,T2,5x,1300.0,S5_CityCalib,routine,M_routine,800,True,4,1675.7,1965.0,0.0,0.0,1.0,dist_logitnorm,5,0.67,0.15,logitnorm,none
City-A,T2,5x,1300.0,S5_CityCalib,cross_regime,M_stress,800,True,4,1675.7,1126.7,173.3,0.3276,0.0,dist_logitnorm,5,0.67,0.15,logitnorm,none
City-A,T2,5x,1300.0,S6_Q10,routine,M_routine,800,True,5,1383.9,2209.4,0.0,0.0,1.0,dist_logitnorm,5,0.67,0.15,logitnorm,none
City-A,T2,5x,1300.0,S6_Q10,cross_regime,M_stress,800,True,5,1383.9,1382.1,0.0,0.0013,1.0,dist_logitnorm,5,0.67,0.15,logitnorm,none
City-A,T2,10x,2600.0,S0a_RoutineOracle,routine,M_routine,800,True,6,2797.4,2797.4,0.0,0.0,1.0,dist_logitnorm,5,0.67,0.15,logitnorm,none
City-A,T2,10x,2600.0,S0a_RoutineOracle,cross_regime,M_stress,800,True,6,2797.4,1691.8,908.2,0.3952,0.0,dist_logitnorm,5,0.67,0.15,logitnorm,none
City-A,T2,10x,2600.0,S0b_StressOracle,routine,M_routine,800,True,10,2740.9,3753.0,0.0,0.0,1.0,dist_logitnorm,5,0.67,0.15,logitnorm,none
City-A,T2,10x,2600.0,S0b_StressOracle,cross_regime,M_stress,800,True,10,2740.9,2740.9,0.0,0.0,1.0,dist_logitnorm,5,0.67,0.15,logitnorm,none
City-A,T2,10x,2600.0,S1_CapRR,routine,M_routine,800,True,5,3037.3,2209.4,390.6,0.2726,0.0,dist_logitnorm,5,0.67,0.15,logitnorm,none
City-A,T2,10x,2600.0,S1_CapRR,cross_regime,M_stress,800,True,5,3037.3,1382.1,1217.9,0.545,0.0,dist_logitnorm,5,0.67,0.15,logitnorm,none
City-A,T2,10x,2600.0,S2_Platform,routine,M_routine,800,True,7,2630.1,2723.7,0.0,0.0,1.0,dist_logitnorm,5,0.67,0.15,logitnorm,none
City-A,T2,10x,2600.0,S2_Platform,cross_regime,M_stress,800,True,7,2630.1,1653.7,946.3,0.3713,0.0,dist_logitnorm,5,0.67,0.15,logitnorm,none
City-A,T2,10x,2600.0,S3_Lin4,routine,M_routine,800,True,7,2683.9,2829.0,0.0,0.0,1.0,dist_logitnorm,5,0.67,0.15,logitnorm,none
City-A,T2,10x,2600.0,S3_Lin4,cross_regime,M_stress,800,True,7,2683.9,1718.4,881.6,0.3598,0.0,dist_logitnorm,5,0.67,0.15,logitnorm,none
City-A,T2,10x,2600.0,S4_GlobalCalib,routine,M_routine,800,True,7,2743.7,2694.9,0.0,0.0178,1.0,dist_logitnorm,5,0.67,0.15,logitnorm,none
City-A,T2,10x,2600.0,S4_GlobalCalib,cross_regime,M_stress,800,True,7,2743.7,1644.1,955.9,0.4008,0.0,dist_logitnorm,5,0.67,0.15,logitnorm,none
City-A,T2,10x,2600.0,S5_CityCalib,routine,M_routine,800,True,7,2770.5,2694.9,0.0,0.0273,1.0,dist_logitnorm,5,0.67,0.15,logitnorm,none
City-A,T2,10x,2600.0,S5_CityCalib,cross_regime,M_stress,800,True,7,2770.5,1644.1,955.9,0.4066,0.0,dist_logitnorm,5,0.67,0.15,logitnorm,none
City-A,T2,10x,2600.0,S6_Q10,routine,M_routine,800,True,11,2788.6,4015.3,0.0,0.0,1.0,dist_logitnorm,5,0.67,0.15,logitnorm,none
City-A,T2,10x,2600.0,S6_Q10,cross_regime,M_stress,800,True,11,2788.6,2621.4,0.0,0.06,1.0,dist_logitnorm,5,0.67,0.15,logitnorm,none
City-A,T3,1x,200.0,S0a_RoutineOracle,routine,M_routine,800,True,1,407.1,407.1,0.0,0.0,1.0,dist_logitnorm,5,0.67,0.15,logitnorm,none
City-A,T3,1x,200.0,S0a_RoutineOracle,cross_regime,M_stress,800,True,1,407.1,295.4,0.0,0.2745,1.0,dist_logitnorm,5,0.67,0.15,logitnorm,none
City-A,T3,1x,200.0,S0b_StressOracle,routine,M_routine,800,True,1,333.3,356.0,0.0,0.0,1.0,dist_logitnorm,5,0.67,0.15,logitnorm,none
City-A,T3,1x,200.0,S0b_StressOracle,cross_regime,M_stress,800,True,1,333.3,333.3,0.0,0.0,1.0,dist_logitnorm,5,0.67,0.15,logitnorm,none
City-A,T3,1x,200.0,S1_CapRR,routine,M_routine,800,True,1,596.8,356.0,0.0,0.4035,1.0,dist_logitnorm,5,0.67,0.15,logitnorm,none
City-A,T3,1x,200.0,S1_CapRR,cross_regime,M_stress,800,True,1,596.8,333.3,0.0,0.4415,1.0,dist_logitnorm,5,0.67,0.15,logitnorm,none
City-A,T3,1x,200.0,S2_Platform,routine,M_routine,800,True,1,470.7,356.0,0.0,0.2436,1.0,dist_logitnorm,5,0.67,0.15,logitnorm,none
City-A,T3,1x,200.0,S2_Platform,cross_regime,M_stress,800,True,1,470.7,333.3,0.0,0.2918,1.0,dist_logitnorm,5,0.67,0.15,logitnorm,none
City-A,T3,1x,200.0,S3_Lin4,routine,M_routine,800,True,1,496.0,356.0,0.0,0.2823,1.0,dist_logitnorm,5,0.67,0.15,logitnorm,none
City-A,T3,1x,200.0,S3_Lin4,cross_regime,M_stress,800,True,1,496.0,333.3,0.0,0.328,1.0,dist_logitnorm,5,0.67,0.15,logitnorm,none
City-A,T3,1x,200.0,S4_GlobalCalib,routine,M_routine,800,True,1,402.8,356.0,0.0,0.1161,1.0,dist_logitnorm,5,0.67,0.15,logitnorm,none
City-A,T3,1x,200.0,S4_GlobalCalib,cross_regime,M_stress,800,True,1,402.8,333.3,0.0,0.1724,1.0,dist_logitnorm,5,0.67,0.15,logitnorm,none
City-A,T3,1x,200.0,S5_CityCalib,routine,M_routine,800,True,1,406.2,356.0,0.0,0.1236,1.0,dist_logitnorm,5,0.67,0.15,logitnorm,none
City-A,T3,1x,200.0,S5_CityCalib,cross_regime,M_stress,800,True,1,406.2,333.3,0.0,0.1794,1.0,dist_logitnorm,5,0.67,0.15,logitnorm,none
City-A,T3,1x,200.0,S6_Q10,routine,M_routine,800,True,1,271.2,356.0,0.0,0.0,1.0,dist_logitnorm,5,0.67,0.15,logitnorm,none
City-A,T3,1x,200.0,S6_Q10,cross_regime,M_stress,800,True,1,271.2,333.3,0.0,0.0,1.0,dist_logitnorm,5,0.67,0.15,logitnorm,none
City-A,T3,2x,400.0,S0a_RoutineOracle,routine,M_routine,800,True,1,407.1,407.1,0.0,0.0,1.0,dist_logitnorm,5,0.67,0.15,logitnorm,none
City-A,T3,2x,400.0,S0a_RoutineOracle,cross_regime,M_stress,800,True,1,407.1,295.4,104.6,0.2745,0.0,dist_logitnorm,5,0.67,0.15,logitnorm,none
City-A,T3,2x,400.0,S0b_StressOracle,routine,M_routine,800,True,2,628.7,763.1,0.0,0.0,1.0,dist_logitnorm,5,0.67,0.15,logitnorm,none
City-A,T3,2x,400.0,S0b_StressOracle,cross_regime,M_stress,800,True,2,628.7,628.7,0.0,0.0,1.0,dist_logitnorm,5,0.67,0.15,logitnorm,none
City-A,T3,2x,400.0,S1_CapRR,routine,M_routine,800,True,1,596.8,356.0,44.0,0.4035,0.0,dist_logitnorm,5,0.67,0.15,logitnorm,none
City-A,T3,2x,400.0,S1_CapRR,cross_regime,M_stress,800,True,1,596.8,333.3,66.7,0.4415,0.0,dist_logitnorm,5,0.67,0.15,logitnorm,none
City-A,T3,2x,400.0,S2_Platform,routine,M_routine,800,True,1,470.7,356.0,44.0,0.2436,0.0,dist_logitnorm,5,0.67,0.15,logitnorm,none
City-A,T3,2x,400.0,S2_Platform,cross_regime,M_stress,800,True,1,470.7,333.3,66.7,0.2918,0.0,dist_logitnorm,5,0.67,0.15,logitnorm,none
City-A,T3,2x,400.0,S3_Lin4,routine,M_routine,800,True,1,496.0,356.0,44.0,0.2823,0.0,dist_logitnorm,5,0.67,0.15,logitnorm,none
City-A,T3,2x,400.0,S3_Lin4,cross_regime,M_stress,800,True,1,496.0,333.3,66.7,0.328,0.0,dist_logitnorm,5,0.67,0.15,logitnorm,none
City-A,T3,2x,400.0,S4_GlobalCalib,routine,M_routine,800,True,1,402.8,356.0,44.0,0.1161,0.0,dist_logitnorm,5,0.67,0.15,logitnorm,none
City-A,T3,2x,400.0,S4_GlobalCalib,cross_regime,M_stress,800,True,1,402.8,333.3,66.7,0.1724,0.0,dist_logitnorm,5,0.67,0.15,logitnorm,none
City-A,T3,2x,400.0,S5_CityCalib,routine,M_routine,800,True,1,406.2,356.0,44.0,0.1236,0.0,dist_logitnorm,5,0.67,0.15,logitnorm,none
City-A,T3,2x,400.0,S5_CityCalib,cross_regime,M_stress,800,True,1,406.2,333.3,66.7,0.1794,0.0,dist_logitnorm,5,0.67,0.15,logitnorm,none
City-A,T3,2x,400.0,S6_Q10,routine,M_routine,800,True,2,517.2,763.1,0.0,0.0,1.0,dist_logitnorm,5,0.67,0.15,logitnorm,none
City-A,T3,2x,400.0,S6_Q10,cross_regime,M_stress,800,True,2,517.2,628.7,0.0,0.0,1.0,dist_logitnorm,5,0.67,0.15,logitnorm,none
City-A,T3,5x,1000.0,S0a_RoutineOracle,routine,M_routine,800,True,3,1189.6,1189.6,0.0,0.0,1.0,dist_logitnorm,5,0.67,0.15,logitnorm,none
City-A,T3,5x,1000.0,S0a_RoutineOracle,cross_regime,M_stress,800,True,3,1189.6,707.0,293.0,0.4056,0.0,dist_logitnorm,5,0.67,0.15,logitnorm,none
City-A,T3,5x,1000.0,S0b_StressOracle,routine,M_routine,800,True,4,1142.4,1408.2,0.0,0.0,1.0,dist_logitnorm,5,0.67,0.15,logitnorm,none
City-A,T3,5x,1000.0,S0b_StressOracle,cross_regime,M_stress,800,True,4,1142.4,1142.4,0.0,0.0,1.0,dist_logitnorm,5,0.67,0.15,logitnorm,none
City-A,T3,5x,1000.0,S1_CapRR,routine,M_routine,800,True,2,1138.1,763.1,236.9,0.3295,0.0,dist_logitnorm,5,0.67,0.15,logitnorm,none
City-A,T3,5x,1000.0,S1_CapRR,cross_regime,M_stress,800,True,2,1138.1,628.7,371.3,0.4476,0.0,dist_logitnorm,5,0.67,0.15,logitnorm,none
City-A,T3,5x,1000.0,S2_Platform,routine,M_routine,800,True,3,1264.8,1119.9,0.0,0.1145,1.0,dist_logitnorm,5,0.67,0.15,logitnorm,none
City-A,T3,5x,1000.0,S2_Platform,cross_regime,M_stress,800,True,3,1264.8,814.1,185.9,0.3563,0.0,dist_logitnorm,5,0.67,0.15,logitnorm,none
City-A,T3,5x,1000.0,S3_Lin4,routine,M_routine,800,True,3,1258.8,1048.5,0.0,0.1671,1.0,dist_logitnorm,5,0.67,0.15,logitnorm,none
City-A,T3,5x,1000.0,S3_Lin4,cross_regime,M_stress,800,True,3,1258.8,801.2,198.8,0.3635,0.0,dist_logitnorm,5,0.67,0.15,logitnorm,none
City-A,T3,5x,1000.0,S4_GlobalCalib,routine,M_routine,800,True,3,1121.8,1140.3,0.0,0.0,1.0,dist_logitnorm,5,0.67,0.15,logitnorm,none
City-A,T3,5x,1000.0,S4_GlobalCalib,cross_regime,M_stress,800,True,3,1121.8,886.1,113.9,0.2101,0.0,dist_logitnorm,5,0.67,0.15,logitnorm,none
City-A,T3,5x,1000.0,S5_CityCalib,routine,M_routine,800,True,3,1131.3,1140.3,0.0,0.0,1.0,dist_logitnorm,5,0.67,0.15,logitnorm,none
City-A,T3,5x,1000.0,S5_CityCalib,cross_regime,M_stress,800,True,3,1131.3,886.1,113.9,0.2167,0.0,dist_logitnorm,5,0.67,0.15,logitnorm,none
City-A,T3,5x,1000.0,S6_Q10,routine,M_routine,800,True,5,1214.5,1775.4,0.0,0.0,1.0,dist_logitnorm,5,0.67,0.15,logitnorm,none
City-A,T3,5x,1000.0,S6_Q10,cross_regime,M_stress,800,True,5,1214.5,1338.5,0.0,0.0,1.0,dist_logitnorm,5,0.67,0.15,logitnorm,none
City-A,T3,10x,2000.0,S0a_RoutineOracle,routine,M_routine,800,True,6,2280.7,2280.7,0.0,0.0,1.0,dist_logitnorm,5,0.67,0.15,logitnorm,none
City-A,T3,10x,2000.0,S0a_RoutineOracle,cross_regime,M_stress,800,True,6,2280.7,1548.3,451.7,0.3211,0.0,dist_logitnorm,5,0.67,0.15,logitnorm,none
City-A,T3,10x,2000.0,S0b_StressOracle,routine,M_routine,800,True,8,2108.8,2472.8,0.0,0.0,1.0,dist_logitnorm,5,0.67,0.15,logitnorm,none
City-A,T3,10x,2000.0,S0b_StressOracle,cross_regime,M_stress,800,True,8,2108.8,2108.8,0.0,0.0,1.0,dist_logitnorm,5,0.67,0.15,logitnorm,none
City-A,T3,10x,2000.0,S1_CapRR,routine,M_routine,800,True,4,2175.3,1388.7,611.3,0.3616,0.0,dist_logitnorm,5,0.67,0.15,logitnorm,none
City-A,T3,10x,2000.0,S1_CapRR,cross_regime,M_stress,800,True,4,2175.3,1115.2,884.8,0.4874,0.0,dist_logitnorm,5,0.67,0.15,logitnorm,none
City-A,T3,10x,2000.0,S2_Platform,routine,M_routine,800,True,6,2357.9,2171.1,0.0,0.0792,1.0,dist_logitnorm,5,0.67,0.15,logitnorm,none
City-A,T3,10x,2000.0,S2_Platform,cross_regime,M_stress,800,True,6,2357.9,1526.8,473.2,0.3525,0.0,dist_logitnorm,5,0.67,0.15,logitnorm,none
City-A,T3,10x,2000.0,S3_Lin4,routine,M_routine,800,True,6,2310.4,2090.7,0.0,0.0951,1.0,dist_logitnorm,5,0.67,0.15,logitnorm,none
City-A,T3,10x,2000.0,S3_Lin4,cross_regime,M_stress,800,True,6,2310.4,1549.0,451.0,0.3296,0.0,dist_logitnorm,5,0.67,0.15,logitnorm,none
City-A,T3,10x,2000.0,S4_GlobalCalib,routine,M_routine,800,True,6,2116.7,2090.7,0.0,0.0123,1.0,dist_logitnorm,5,0.67,0.15,logitnorm,none
City-A,T3,10x,2000.0,S4_GlobalCalib,cross_regime,M_stress,800,True,6,2116.7,1549.0,451.0,0.2682,0.0,dist_logitnorm,5,0.67,0.15,logitnorm,none
City-A,T3,10x,2000.0,S5_CityCalib,routine,M_routine,800,True,6,2134.3,2090.7,0.0,0.0204,1.0,dist_logitnorm,5,0.67,0.15,logitnorm,none
City-A,T3,10x,2000.0,S5_CityCalib,cross_regime,M_stress,800,True,6,2134.3,1549.0,451.0,0.2742,0.0,dist_logitnorm,5,0.67,0.15,logitnorm,none
City-A,T3,10x,2000.0,S6_Q10,routine,M_routine,800,True,9,2044.7,3012.8,0.0,0.0,1.0,dist_logitnorm,5,0.67,0.15,logitnorm,none
City-A,T3,10x,2000.0,S6_Q10,cross_regime,M_stress,800,True,9,2044.7,2245.5,0.0,0.0,1.0,dist_logitnorm,5,0.67,0.15,logitnorm,none
City-A,T4,1x,140.0,S0a_RoutineOracle,routine,M_routine,800,True,1,564.6,564.6,0.0,0.0,1.0,dist_logitnorm,5,0.67,0.15,logitnorm,none
City-A,T4,1x,140.0,S0a_RoutineOracle,cross_regime,M_stress,800,True,1,564.6,305.4,0.0,0.459,1.0,dist_logitnorm,5,0.67,0.15,logitnorm,none
City-A,T4,1x,140.0,S0b_StressOracle,routine,M_routine,800,True,1,305.4,564.6,0.0,0.0,1.0,dist_logitnorm,5,0.67,0.15,logitnorm,none
City-A,T4,1x,140.0,S0b_StressOracle,cross_regime,M_stress,800,True,1,305.4,305.4,0.0,0.0,1.0,dist_logitnorm,5,0.67,0.15,logitnorm,none
City-A,T4,1x,140.0,S1_CapRR,routine,M_routine,800,True,1,678.2,564.6,0.0,0.1675,1.0,dist_logitnorm,5,0.67,0.15,logitnorm,none
City-A,T4,1x,140.0,S1_CapRR,cross_regime,M_stress,800,True,1,678.2,305.4,0.0,0.5497,1.0,dist_logitnorm,5,0.67,0.15,logitnorm,none
City-A,T4,1x,140.0,S2_Platform,routine,M_routine,800,True,1,299.2,239.9,0.0,0.1984,1.0,dist_logitnorm,5,0.67,0.15,logitnorm,none
City-A,T4,1x,140.0,S2_Platform,cross_regime,M_stress,800,True,1,299.2,266.1,0.0,0.1107,1.0,dist_logitnorm,5,0.67,0.15,logitnorm,none
City-A,T4,1x,140.0,S3_Lin4,routine,M_routine,800,True,1,496.4,564.6,0.0,0.0,1.0,dist_logitnorm,5,0.67,0.15,logitnorm,none
City-A,T4,1x,140.0,S3_Lin4,cross_regime,M_stress,800,True,1,496.4,305.4,0.0,0.3848,1.0,dist_logitnorm,5,0.67,0.15,logitnorm,none
City-A,T4,1x,140.0,S4_GlobalCalib,routine,M_routine,800,True,1,456.5,564.6,0.0,0.0,1.0,dist_logitnorm,5,0.67,0.15,logitnorm,none
City-A,T4,1x,140.0,S4_GlobalCalib,cross_regime,M_stress,800,True,1,456.5,305.4,0.0,0.3311,1.0,dist_logitnorm,5,0.67,0.15,logitnorm,none
City-A,T4,1x,140.0,S5_CityCalib,routine,M_routine,800,True,1,457.3,564.6,0.0,0.0,1.0,dist_logitnorm,5,0.67,0.15,logitnorm,none
City-A,T4,1x,140.0,S5_CityCalib,cross_regime,M_stress,800,True,1,457.3,305.4,0.0,0.3322,1.0,dist_logitnorm,5,0.67,0.15,logitnorm,none
City-A,T4,1x,140.0,S6_Q10,routine,M_routine,800,True,1,309.0,564.6,0.0,0.0,1.0,dist_logitnorm,5,0.67,0.15,logitnorm,none
City-A,T4,1x,140.0,S6_Q10,cross_regime,M_stress,800,True,1,309.0,305.4,0.0,0.0117,1.0,dist_logitnorm,5,0.67,0.15,logitnorm,none
City-A,T4,2x,280.0,S0a_RoutineOracle,routine,M_routine,800,True,1,564.6,564.6,0.0,0.0,1.0,dist_logitnorm,5,0.67,0.15,logitnorm,none
City-A,T4,2x,280.0,S0a_RoutineOracle,cross_regime,M_stress,800,True,1,564.6,305.4,0.0,0.459,1.0,dist_logitnorm,5,0.67,0.15,logitnorm,none
City-A,T4,2x,280.0,S0b_StressOracle,routine,M_routine,800,True,1,305.4,564.6,0.0,0.0,1.0,dist_logitnorm,5,0.67,0.15,logitnorm,none
City-A,T4,2x,280.0,S0b_StressOracle,cross_regime,M_stress,800,True,1,305.4,305.4,0.0,0.0,1.0,dist_logitnorm,5,0.67,0.15,logitnorm,none
City-A,T4,2x,280.0,S1_CapRR,routine,M_routine,800,True,1,678.2,564.6,0.0,0.1675,1.0,dist_logitnorm,5,0.67,0.15,logitnorm,none
City-A,T4,2x,280.0,S1_CapRR,cross_regime,M_stress,800,True,1,678.2,305.4,0.0,0.5497,1.0,dist_logitnorm,5,0.67,0.15,logitnorm,none
City-A,T4,2x,280.0,S2_Platform,routine,M_routine,800,True,1,299.2,239.9,40.1,0.1984,0.0,dist_logitnorm,5,0.67,0.15,logitnorm,none
City-A,T4,2x,280.0,S2_Platform,cross_regime,M_stress,800,True,1,299.2,266.1,13.9,0.1107,0.0,dist_logitnorm,5,0.67,0.15,logitnorm,none
City-A,T4,2x,280.0,S3_Lin4,routine,M_routine,800,True,1,496.4,564.6,0.0,0.0,1.0,dist_logitnorm,5,0.67,0.15,logitnorm,none
City-A,T4,2x,280.0,S3_Lin4,cross_regime,M_stress,800,True,1,496.4,305.4,0.0,0.3848,1.0,dist_logitnorm,5,0.67,0.15,logitnorm,none
City-A,T4,2x,280.0,S4_GlobalCalib,routine,M_routine,800,True,1,456.5,564.6,0.0,0.0,1.0,dist_logitnorm,5,0.67,0.15,logitnorm,none
City-A,T4,2x,280.0,S4_GlobalCalib,cross_regime,M_stress,800,True,1,456.5,305.4,0.0,0.3311,1.0,dist_logitnorm,5,0.67,0.15,logitnorm,none
City-A,T4,2x,280.0,S5_CityCalib,routine,M_routine,800,True,1,457.3,564.6,0.0,0.0,1.0,dist_logitnorm,5,0.67,0.15,logitnorm,none
City-A,T4,2x,280.0,S5_CityCalib,cross_regime,M_stress,800,True,1,457.3,305.4,0.0,0.3322,1.0,dist_logitnorm,5,0.67,0.15,logitnorm,none
City-A,T4,2x,280.0,S6_Q10,routine,M_routine,800,True,1,309.0,564.6,0.0,0.0,1.0,dist_logitnorm,5,0.67,0.15,logitnorm,none
City-A,T4,2x,280.0,S6_Q10,cross_regime,M_stress,800,True,1,309.0,305.4,0.0,0.0117,1.0,dist_logitnorm,5,0.67,0.15,logitnorm,none
City-A,T4,5x,700.0,S0a_RoutineOracle,routine,M_routine,800,True,2,1058.2,1058.2,0.0,0.0,1.0,dist_logitnorm,5,0.67,0.15,logitnorm,none
City-A,T4,5x,700.0,S0a_RoutineOracle,cross_regime,M_stress,800,True,2,1058.2,591.7,108.3,0.4409,0.0,dist_logitnorm,5,0.67,0.15,logitnorm,none
City-A,T4,5x,700.0,S0b_StressOracle,routine,M_routine,800,True,3,903.2,1171.4,0.0,0.0,1.0,dist_logitnorm,5,0.67,0.15,logitnorm,none
City-A,T4,5x,700.0,S0b_StressOracle,cross_regime,M_stress,800,True,3,903.2,903.2,0.0,0.0,1.0,dist_logitnorm,5,0.67,0.15,logitnorm,none
City-A,T4,5x,700.0,S1_CapRR,routine,M_routine,800,True,2,1293.4,804.4,0.0,0.378,1.0,dist_logitnorm,5,0.67,0.15,logitnorm,none
City-A,T4,5x,700.0,S1_CapRR,cross_regime,M_stress,800,True,2,1293.4,571.5,128.5,0.5581,0.0,dist_logitnorm,5,0.67,0.15,logitnorm,none
City-A,T4,5x,700.0,S2_Platform,routine,M_routine,800,True,3,870.0,1042.9,0.0,0.0,1.0,dist_logitnorm,5,0.67,0.15,logitnorm,none
City-A,T4,5x,700.0,S2_Platform,cross_regime,M_stress,800,True,3,870.0,668.8,31.2,0.2313,0.0,dist_logitnorm,5,0.67,0.15,logitnorm,none
City-A,T4,5x,700.0,S3_Lin4,routine,M_routine,800,True,2,887.0,1005.0,0.0,0.0,1.0,dist_logitnorm,5,0.67,0.15,logitnorm,none
City-A,T4,5x,700.0,S3_Lin4,cross_regime,M_stress,800,True,2,887.0,602.8,97.2,0.3204,0.0,dist_logitnorm,5,0.67,0.15,logitnorm,none
City-A,T4,5x,700.0,S4_GlobalCalib,routine,M_routine,800,True,2,870.6,804.4,0.0,0.076,1.0,dist_logitnorm,5,0.67,0.15,logitnorm,none
City-A,T4,5x,700.0,S4_GlobalCalib,cross_regime,M_stress,800,True,2,870.6,571.5,128.5,0.3435,0.0,dist_logitnorm,5,0.67,0.15,logitnorm,none
City-A,T4,5x,700.0,S5_CityCalib,routine,M_routine,800,True,2,872.0,804.4,0.0,0.0775,1.0,dist_logitnorm,5,0.67,0.15,logitnorm,none
City-A,T4,5x,700.0,S5_CityCalib,cross_regime,M_stress,800,True,2,872.0,571.5,128.5,0.3446,0.0,dist_logitnorm,5,0.67,0.15,logitnorm,none
City-A,T4,5x,700.0,S6_Q10,routine,M_routine,800,True,3,861.1,1244.8,0.0,0.0,1.0,dist_logitnorm,5,0.67,0.15,logitnorm,none
City-A,T4,5x,700.0,S6_Q10,cross_regime,M_stress,800,True,3,861.1,868.9,0.0,0.0,1.0,dist_logitnorm,5,0.67,0.15,logitnorm,none
City-A,T4,10x,1400.0,S0a_RoutineOracle,routine,M_routine,800,True,3,1498.6,1498.6,0.0,0.0,1.0,dist_logitnorm,5,0.67,0.15,logitnorm,none
City-A,T4,10x,1400.0,S0a_RoutineOracle,cross_regime,M_stress,800,True,3,1498.6,889.0,511.0,0.4068,0.0,dist_logitnorm,5,0.67,0.15,logitnorm,none
City-A,T4,10x,1400.0,S0b_StressOracle,routine,M_routine,800,True,5,1458.2,2020.8,0.0,0.0,1.0,dist_logitnorm,5,0.67,0.15,logitnorm,none
City-A,T4,10x,1400.0,S0b_StressOracle,cross_regime,M_stress,800,True,5,1458.2,1458.2,0.0,0.0,1.0,dist_logitnorm,5,0.67,0.15,logitnorm,none
City-A,T4,10x,1400.0,S1_CapRR,routine,M_routine,800,True,3,1889.7,1244.8,155.2,0.3412,0.0,dist_logitnorm,5,0.67,0.15,logitnorm,none
City-A,T4,10x,1400.0,S1_CapRR,cross_regime,M_stress,800,True,3,1889.7,868.9,531.1,0.5402,0.0,dist_logitnorm,5,0.67,0.15,logitnorm,none
City-A,T4,10x,1400.0,S2_Platform,routine,M_routine,800,True,5,1424.2,1630.0,0.0,0.0,1.0,dist_logitnorm,5,0.67,0.15,logitnorm,none
City-A,T4,10x,1400.0,S2_Platform,cross_regime,M_stress,800,True,5,1424.2,1136.2,263.8,0.2022,0.0,dist_logitnorm,5,0.67,0.15,logitnorm,none
City-A,T4,10x,1400.0,S3_Lin4,routine,M_routine,800,True,4,1637.2,1666.9,0.0,0.0,1.0,dist_logitnorm,5,0.67,0.15,logitnorm,none
City-A,T4,10x,1400.0,S3_Lin4,cross_regime,M_stress,800,True,4,1637.2,1089.9,310.1,0.3343,0.0,dist_logitnorm,5,0.67,0.15,logitnorm,none
City-A,T4,10x,1400.0,S4_GlobalCalib,routine,M_routine,800,True,4,1663.7,1600.6,0.0,0.0379,1.0,dist_logitnorm,5,0.67,0.15,logitnorm,none
City-A,T4,10x,1400.0,S4_GlobalCalib,cross_regime,M_stress,800,True,4,1663.7,1137.6,262.4,0.3162,0.0,dist_logitnorm,5,0.67,0.15,logitnorm,none
City-A,T4,10x,1400.0,S5_CityCalib,routine,M_routine,800,True,4,1666.5,1600.6,0.0,0.0395,1.0,dist_logitnorm,5,0.67,0.15,logitnorm,none
City-A,T4,10x,1400.0,S5_CityCalib,cross_regime,M_stress,800,True,4,1666.5,1137.6,262.4,0.3173,0.0,dist_logitnorm,5,0.67,0.15,logitnorm,none
City-A,T4,10x,1400.0,S6_Q10,routine,M_routine,800,True,6,1625.2,2516.3,0.0,0.0,1.0,dist_logitnorm,5,0.67,0.15,logitnorm,none
City-A,T4,10x,1400.0,S6_Q10,cross_regime,M_stress,800,True,6,1625.2,1645.0,0.0,0.0,1.0,dist_logitnorm,5,0.67,0.15,logitnorm,none
City-A,T5,1x,160.0,S0a_RoutineOracle,routine,M_routine,800,True,1,515.5,515.5,0.0,0.0,1.0,dist_logitnorm,5,0.67,0.15,logitnorm,none
City-A,T5,1x,160.0,S0a_RoutineOracle,cross_regime,M_stress,800,True,1,515.5,328.7,0.0,0.3624,1.0,dist_logitnorm,5,0.67,0.15,logitnorm,none
City-A,T5,1x,160.0,S0b_StressOracle,routine,M_routine,800,True,1,328.7,515.5,0.0,0.0,1.0,dist_logitnorm,5,0.67,0.15,logitnorm,none
City-A,T5,1x,160.0,S0b_StressOracle,cross_regime,M_stress,800,True,1,328.7,328.7,0.0,0.0,1.0,dist_logitnorm,5,0.67,0.15,logitnorm,none
City-A,T5,1x,160.0,S1_CapRR,routine,M_routine,800,True,1,596.8,515.5,0.0,0.1362,1.0,dist_logitnorm,5,0.67,0.15,logitnorm,none
City-A,T5,1x,160.0,S1_CapRR,cross_regime,M_stress,800,True,1,596.8,328.7,0.0,0.4492,1.0,dist_logitnorm,5,0.67,0.15,logitnorm,none
City-A,T5,1x,160.0,S2_Platform,routine,M_routine,800,True,1,485.5,515.5,0.0,0.0,1.0,dist_logitnorm,5,0.67,0.15,logitnorm,none
City-A,T5,1x,160.0,S2_Platform,cross_regime,M_stress,800,True,1,485.5,328.7,0.0,0.3229,1.0,dist_logitnorm,5,0.67,0.15,logitnorm,none
City-A,T5,1x,160.0,S3_Lin4,routine,M_routine,800,True,1,491.6,515.5,0.0,0.0,1.0,dist_logitnorm,5,0.67,0.15,logitnorm,none
City-A,T5,1x,160.0,S3_Lin4,cross_regime,M_stress,800,True,1,491.6,328.7,0.0,0.3313,1.0,dist_logitnorm,5,0.67,0.15,logitnorm,none
City-A,T5,1x,160.0,S4_GlobalCalib,routine,M_routine,800,True,1,399.7,515.5,0.0,0.0,1.0,dist_logitnorm,5,0.67,0.15,logitnorm,none
City-A,T5,1x,160.0,S4_GlobalCalib,cross_regime,M_stress,800,True,1,399.7,328.7,0.0,0.1775,1.0,dist_logitnorm,5,0.67,0.15,logitnorm,none
City-A,T5,1x,160.0,S5_CityCalib,routine,M_routine,800,True,1,402.9,515.5,0.0,0.0,1.0,dist_logitnorm,5,0.67,0.15,logitnorm,none
City-A,T5,1x,160.0,S5_CityCalib,cross_regime,M_stress,800,True,1,402.9,328.7,0.0,0.184,1.0,dist_logitnorm,5,0.67,0.15,logitnorm,none
City-A,T5,1x,160.0,S6_Q10,routine,M_routine,800,True,1,272.6,515.5,0.0,0.0,1.0,dist_logitnorm,5,0.67,0.15,logitnorm,none
City-A,T5,1x,160.0,S6_Q10,cross_regime,M_stress,800,True,1,272.6,328.7,0.0,0.0,1.0,dist_logitnorm,5,0.67,0.15,logitnorm,none
City-A,T5,2x,320.0,S0a_RoutineOracle,routine,M_routine,800,True,1,515.5,515.5,0.0,0.0,1.0,dist_logitnorm,5,0.67,0.15,logitnorm,none
City-A,T5,2x,320.0,S0a_RoutineOracle,cross_regime,M_stress,800,True,1,515.5,328.7,0.0,0.3624,1.0,dist_logitnorm,5,0.67,0.15,logitnorm,none
City-A,T5,2x,320.0,S0b_StressOracle,routine,M_routine,800,True,1,328.7,515.5,0.0,0.0,1.0,dist_logitnorm,5,0.67,0.15,logitnorm,none
City-A,T5,2x,320.0,S0b_StressOracle,cross_regime,M_stress,800,True,1,328.7,328.7,0.0,0.0,1.0,dist_logitnorm,5,0.67,0.15,logitnorm,none
City-A,T5,2x,320.0,S1_CapRR,routine,M_routine,800,True,1,596.8,515.5,0.0,0.1362,1.0,dist_logitnorm,5,0.67,0.15,logitnorm,none
City-A,T5,2x,320.0,S1_CapRR,cross_regime,M_stress,800,True,1,596.8,328.7,0.0,0.4492,1.0,dist_logitnorm,5,0.67,0.15,logitnorm,none
City-A,T5,2x,320.0,S2_Platform,routine,M_routine,800,True,1,485.5,515.5,0.0,0.0,1.0,dist_logitnorm,5,0.67,0.15,logitnorm,none
City-A,T5,2x,320.0,S2_Platform,cross_regime,M_stress,800,True,1,485.5,328.7,0.0,0.3229,1.0,dist_logitnorm,5,0.67,0.15,logitnorm,none
City-A,T5,2x,320.0,S3_Lin4,routine,M_routine,800,True,1,491.6,515.5,0.0,0.0,1.0,dist_logitnorm,5,0.67,0.15,logitnorm,none
City-A,T5,2x,320.0,S3_Lin4,cross_regime,M_stress,800,True,1,491.6,328.7,0.0,0.3313,1.0,dist_logitnorm,5,0.67,0.15,logitnorm,none
City-A,T5,2x,320.0,S4_GlobalCalib,routine,M_routine,800,True,1,399.7,515.5,0.0,0.0,1.0,dist_logitnorm,5,0.67,0.15,logitnorm,none
City-A,T5,2x,320.0,S4_GlobalCalib,cross_regime,M_stress,800,True,1,399.7,328.7,0.0,0.1775,1.0,dist_logitnorm,5,0.67,0.15,logitnorm,none
City-A,T5,2x,320.0,S5_CityCalib,routine,M_routine,800,True,1,402.9,515.5,0.0,0.0,1.0,dist_logitnorm,5,0.67,0.15,logitnorm,none
City-A,T5,2x,320.0,S5_CityCalib,cross_regime,M_stress,800,True,1,402.9,328.7,0.0,0.184,1.0,dist_logitnorm,5,0.67,0.15,logitnorm,none
City-A,T5,2x,320.0,S6_Q10,routine,M_routine,800,True,2,519.8,908.1,0.0,0.0,1.0,dist_logitnorm,5,0.67,0.15,logitnorm,none
City-A,T5,2x,320.0,S6_Q10,cross_regime,M_stress,800,True,2,519.8,521.8,0.0,0.0,1.0,dist_logitnorm,5,0.67,0.15,logitnorm,none
City-A,T5,5x,800.0,S0a_RoutineOracle,routine,M_routine,800,True,2,908.1,908.1,0.0,0.0,1.0,dist_logitnorm,5,0.67,0.15,logitnorm,none
City-A,T5,5x,800.0,S0a_RoutineOracle,cross_regime,M_stress,800,True,2,908.1,521.8,278.2,0.4254,0.0,dist_logitnorm,5,0.67,0.15,logitnorm,none
City-A,T5,5x,800.0,S0b_StressOracle,routine,M_routine,800,True,3,856.7,1223.0,0.0,0.0,1.0,dist_logitnorm,5,0.67,0.15,logitnorm,none
City-A,T5,5x,800.0,S0b_StressOracle,cross_regime,M_stress,800,True,3,856.7,856.7,0.0,0.0,1.0,dist_logitnorm,5,0.67,0.15,logitnorm,none
City-A,T5,5x,800.0,S1_CapRR,routine,M_routine,800,True,2,1138.1,908.1,0.0,0.2021,1.0,dist_logitnorm,5,0.67,0.15,logitnorm,none
City-A,T5,5x,800.0,S1_CapRR,cross_regime,M_stress,800,True,2,1138.1,521.8,278.2,0.5415,0.0,dist_logitnorm,5,0.67,0.15,logitnorm,none
City-A,T5,5x,800.0,S2_Platform,routine,M_routine,800,True,2,897.6,773.8,26.2,0.1379,0.0,dist_logitnorm,5,0.67,0.15,logitnorm,none
City-A,T5,5x,800.0,S2_Platform,cross_regime,M_stress,800,True,2,897.6,572.1,227.9,0.3626,0.0,dist_logitnorm,5,0.67,0.15,logitnorm,none
City-A,T5,5x,800.0,S3_Lin4,routine,M_routine,800,True,2,871.3,859.9,0.0,0.0132,1.0,dist_logitnorm,5,0.67,0.15,logitnorm,none
City-A,T5,5x,800.0,S3_Lin4,cross_regime,M_stress,800,True,2,871.3,596.6,203.4,0.3153,0.0,dist_logitnorm,5,0.67,0.15,logitnorm,none
City-A,T5,5x,800.0,S4_GlobalCalib,routine,M_routine,800,True,3,1113.5,1252.4,0.0,0.0,1.0,dist_logitnorm,5,0.67,0.15,logitnorm,none
City-A,T5,5x,800.0,S4_GlobalCalib,cross_regime,M_stress,800,True,3,1113.5,789.7,10.3,0.2908,0.0,dist_logitnorm,5,0.67,0.15,logitnorm,none
City-A,T5,5x,800.0,S5_CityCalib,routine,M_routine,800,True,3,1122.2,1252.4,0.0,0.0,1.0,dist_logitnorm,5,0.67,0.15,logitnorm,none
City-A,T5,5x,800.0,S5_CityCalib,cross_regime,M_stress,800,True,3,1122.2,789.7,10.3,0.2964,0.0,dist_logitnorm,5,0.67,0.15,logitnorm,none
City-A,T5,5x,800.0,S6_Q10,routine,M_routine,800,True,4,993.6,1637.6,0.0,0.0,1.0,dist_logitnorm,5,0.67,0.15,logitnorm,none
City-A,T5,5x,800.0,S6_Q10,cross_regime,M_stress,800,True,4,993.6,854.3,0.0,0.1402,1.0,dist_logitnorm,5,0.67,0.15,logitnorm,none
City-A,T5,10x,1600.0,S0a_RoutineOracle,routine,M_routine,800,True,4,1674.1,1674.1,0.0,0.0,1.0,dist_logitnorm,5,0.67,0.15,logitnorm,none
City-A,T5,10x,1600.0,S0a_RoutineOracle,cross_regime,M_stress,800,True,4,1674.1,828.7,771.3,0.505,0.0,dist_logitnorm,5,0.67,0.15,logitnorm,none
City-A,T5,10x,1600.0,S0b_StressOracle,routine,M_routine,800,True,7,1782.7,2515.7,0.0,0.0,1.0,dist_logitnorm,5,0.67,0.15,logitnorm,none
City-A,T5,10x,1600.0,S0b_StressOracle,cross_regime,M_stress,800,True,7,1782.7,1782.7,0.0,0.0,1.0,dist_logitnorm,5,0.67,0.15,logitnorm,none
City-A,T5,10x,1600.0,S1_CapRR,routine,M_routine,800,True,3,1662.9,1252.4,347.6,0.2468,0.0,dist_logitnorm,5,0.67,0.15,logitnorm,none
City-A,T5,10x,1600.0,S1_CapRR,cross_regime,M_stress,800,True,3,1662.9,789.7,810.3,0.5251,0.0,dist_logitnorm,5,0.67,0.15,logitnorm,none
City-A,T5,10x,1600.0,S2_Platform,routine,M_routine,800,True,4,1696.8,1503.2,96.8,0.1141,0.0,dist_logitnorm,5,0.67,0.15,logitnorm,none
City-A,T5,10x,1600.0,S2_Platform,cross_regime,M_stress,800,True,4,1696.8,904.6,695.4,0.4669,0.0,dist_logitnorm,5,0.67,0.15,logitnorm,none
City-A,T5,10x,1600.0,S3_Lin4,routine,M_routine,800,True,5,1944.9,2000.7,0.0,0.0,1.0,dist_logitnorm,5,0.67,0.15,logitnorm,none
City-A,T5,10x,1600.0,S3_Lin4,cross_regime,M_stress,800,True,5,1944.9,1114.4,485.6,0.427,0.0,dist_logitnorm,5,0.67,0.15,logitnorm,none
City-A,T5,10x,1600.0,S4_GlobalCalib,routine,M_routine,800,True,5,1789.6,1895.8,0.0,0.0,1.0,dist_logitnorm,5,0.67,0.15,logitnorm,none
City-A,T5,10x,1600.0,S4_GlobalCalib,cross_regime,M_stress,800,True,5,1789.6,1097.6,502.4,0.3867,0.0,dist_logitnorm,5,0.67,0.15,logitnorm,none
City-A,T5,10x,1600.0,S5_CityCalib,routine,M_routine,800,True,5,1803.6,1895.8,0.0,0.0,1.0,dist_logitnorm,5,0.67,0.15,logitnorm,none
City-A,T5,10x,1600.0,S5_CityCalib,cross_regime,M_stress,800,True,5,1803.6,1097.6,502.4,0.3914,0.0,dist_logitnorm,5,0.67,0.15,logitnorm,none
City-A,T5,10x,1600.0,S6_Q10,routine,M_routine,800,True,7,1643.0,2625.2,0.0,0.0,1.0,dist_logitnorm,5,0.67,0.15,logitnorm,none
City-A,T5,10x,1600.0,S6_Q10,cross_regime,M_stress,800,True,7,1643.0,1544.2,55.8,0.0601,0.0,dist_logitnorm,5,0.67,0.15,logitnorm,none
City-B,T1,1x,180.0,S0a_RoutineOracle,routine,M_routine,500,True,1,566.3,566.3,0.0,0.0,1.0,dist_logitnorm,5,0.67,0.15,logitnorm,none
City-B,T1,1x,180.0,S0a_RoutineOracle,cross_regime,M_stress,500,True,1,566.3,323.2,0.0,0.4292,1.0,dist_logitnorm,5,0.67,0.15,logitnorm,none
City-B,T1,1x,180.0,S0b_StressOracle,routine,M_routine,500,True,1,419.9,431.2,0.0,0.0,1.0,dist_logitnorm,5,0.67,0.15,logitnorm,none
City-B,T1,1x,180.0,S0b_StressOracle,cross_regime,M_stress,500,True,1,419.9,419.9,0.0,0.0,1.0,dist_logitnorm,5,0.67,0.15,logitnorm,none
City-B,T1,1x,180.0,S1_CapRR,routine,M_routine,500,True,1,846.0,431.2,0.0,0.4903,1.0,dist_logitnorm,5,0.67,0.15,logitnorm,none
City-B,T1,1x,180.0,S1_CapRR,cross_regime,M_stress,500,True,1,846.0,419.9,0.0,0.5037,1.0,dist_logitnorm,5,0.67,0.15,logitnorm,none
City-B,T1,1x,180.0,S2_Platform,routine,M_routine,500,True,1,561.1,504.4,0.0,0.1012,1.0,dist_logitnorm,5,0.67,0.15,logitnorm,none
City-B,T1,1x,180.0,S2_Platform,cross_regime,M_stress,500,True,1,561.1,243.3,0.0,0.5665,1.0,dist_logitnorm,5,0.67,0.15,logitnorm,none
City-B,T1,1x,180.0,S3_Lin4,routine,M_routine,500,True,1,470.6,476.8,0.0,0.0,1.0,dist_logitnorm,5,0.67,0.15,logitnorm,none
City-B,T1,1x,180.0,S3_Lin4,cross_regime,M_stress,500,True,1,470.6,317.9,0.0,0.3244,1.0,dist_logitnorm,5,0.67,0.15,logitnorm,none
City-B,T1,1x,180.0,S4_GlobalCalib,routine,M_routine,500,True,1,570.8,431.2,0.0,0.2446,1.0,dist_logitnorm,5,0.67,0.15,logitnorm,none
City-B,T1,1x,180.0,S4_GlobalCalib,cross_regime,M_stress,500,True,1,570.8,419.9,0.0,0.2644,1.0,dist_logitnorm,5,0.67,0.15,logitnorm,none
City-B,T1,1x,180.0,S5_CityCalib,routine,M_routine,500,True,1,565.3,431.2,0.0,0.2372,1.0,dist_logitnorm,5,0.67,0.15,logitnorm,none
City-B,T1,1x,180.0,S5_CityCalib,cross_regime,M_stress,500,True,1,565.3,419.9,0.0,0.2572,1.0,dist_logitnorm,5,0.67,0.15,logitnorm,none
City-B,T1,1x,180.0,S6_Q10,routine,M_routine,500,True,1,385.3,431.2,0.0,0.0,1.0,dist_logitnorm,5,0.67,0.15,logitnorm,none
City-B,T1,1x,180.0,S6_Q10,cross_regime,M_stress,500,True,1,385.3,419.9,0.0,0.0,1.0,dist_logitnorm,5,0.67,0.15,logitnorm,none
City-B,T1,2x,360.0,S0a_RoutineOracle,routine,M_routine,500,True,1,566.3,566.3,0.0,0.0,1.0,dist_logitnorm,5,0.67,0.15,logitnorm,none
City-B,T1,2x,360.0,S0a_RoutineOracle,cross_regime,M_stress,500,True,1,566.3,323.2,36.8,0.4292,0.0,dist_logitnorm,5,0.67,0.15,logitnorm,none
City-B,T1,2x,360.0,S0b_StressOracle,routine,M_routine,500,True,1,419.9,431.2,0.0,0.0,1.0,dist_logitnorm,5,0.67,0.15,logitnorm,none
City-B,T1,2x,360.0,S0b_StressOracle,cross_regime,M_stress,500,True,1,419.9,419.9,0.0,0.0,1.0,dist_logitnorm,5,0.67,0.15,logitnorm,none
City-B,T1,2x,360.0,S1_CapRR,routine,M_routine,500,True,1,846.0,431.2,0.0,0.4903,1.0,dist_logitnorm,5,0.67,0.15,logitnorm,none
City-B,T1,2x,360.0,S1_CapRR,cross_regime,M_stress,500,True,1,846.0,419.9,0.0,0.5037,1.0,dist_logitnorm,5,0.67,0.15,logitnorm,none
City-B,T1,2x,360.0,S2_Platform,routine,M_routine,500,True,1,561.1,504.4,0.0,0.1012,1.0,dist_logitnorm,5,0.67,0.15,logitnorm,none
City-B,T1,2x,360.0,S2_Platform,cross_regime,M_stress,500,True,1,561.1,243.3,116.7,0.5665,0.0,dist_logitnorm,5,0.67,0.15,logitnorm,none
City-B,T1,2x,360.0,S3_Lin4,routine,M_routine,500,True,1,470.6,476.8,0.0,0.0,1.0,dist_logitnorm,5,0.67,0.15,logitnorm,none
City-B,T1,2x,360.0,S3_Lin4,cross_regime,M_stress,500,True,1,470.6,317.9,42.1,0.3244,0.0,dist_logitnorm,5,0.67,0.15,logitnorm,none
City-B,T1,2x,360.0,S4_GlobalCalib,routine,M_routine,500,True,1,570.8,431.2,0.0,0.2446,1.0,dist_logitnorm,5,0.67,0.15,logitnorm,none
City-B,T1,2x,360.0,S4_GlobalCalib,cross_regime,M_stress,500,True,1,570.8,419.9,0.0,0.2644,1.0,dist_logitnorm,5,0.67,0.15,logitnorm,none
City-B,T1,2x,360.0,S5_CityCalib,routine,M_routine,500,True,1,565.3,431.2,0.0,0.2372,1.0,dist_logitnorm,5,0.67,0.15,logitnorm,none
City-B,T1,2x,360.0,S5_CityCalib,cross_regime,M_stress,500,True,1,565.3,419.9,0.0,0.2572,1.0,dist_logitnorm,5,0.67,0.15,logitnorm,none
City-B,T1,2x,360.0,S6_Q10,routine,M_routine,500,True,1,385.3,431.2,0.0,0.0,1.0,dist_logitnorm,5,0.67,0.15,logitnorm,none
City-B,T1,2x,360.0,S6_Q10,cross_regime,M_stress,500,True,1,385.3,419.9,0.0,0.0,1.0,dist_logitnorm,5,0.67,0.15,logitnorm,none
City-B,T1,5x,900.0,S0a_RoutineOracle,routine,M_routine,500,True,2,1090.1,1090.1,0.0,0.0,1.0,dist_logitnorm,5,0.67,0.15,logitnorm,none
City-B,T1,5x,900.0,S0a_RoutineOracle,cross_regime,M_stress,500,True,2,1090.1,675.9,224.1,0.38,0.0,dist_logitnorm,5,0.67,0.15,logitnorm,none
City-B,T1,5x,900.0,S0b_StressOracle,routine,M_routine,500,True,3,1121.5,1364.4,0.0,0.0,1.0,dist_logitnorm,5,0.67,0.15,logitnorm,none
City-B,T1,5x,900.0,S0b_StressOracle,cross_regime,M_stress,500,True,3,1121.5,1121.5,0.0,0.0,1.0,dist_logitnorm,5,0.67,0.15,logitnorm,none
City-B,T1,5x,900.0,S1_CapRR,routine,M_routine,500,True,2,1688.0,840.5,59.5,0.502,0.0,dist_logitnorm,5,0.67,0.15,logitnorm,none
City-B,T1,5x,900.0,S1_CapRR,cross_regime,M_stress,500,True,2,1688.0,768.8,131.2,0.5446,0.0,dist_logitnorm,5,0.67,0.15,logitnorm,none
City-B,T1,5x,900.0,S2_Platform,routine,M_routine,500,True,2,1112.3,981.2,0.0,0.1179,1.0,dist_logitnorm,5,0.67,0.15,logitnorm,none
City-B,T1,5x,900.0,S2_Platform,cross_regime,M_stress,500,True,2,1112.3,561.2,338.8,0.4955,0.0,dist_logitnorm,5,0.67,0.15,logitnorm,none
City-B,T1,5x,900.0,S3_Lin4,routine,M_routine,500,True,2,934.8,981.2,0.0,0.0,1.0,dist_logitnorm,5,0.67,0.15,logitnorm,none
City-B,T1,5x,900.0,S3_Lin4,cross_regime,M_stress,500,True,2,934.8,561.2,338.8,0.3997,0.0,dist_logitnorm,5,0.67,0.15,logitnorm,none
City-B,T1,5x,900.0,S4_GlobalCalib,routine,M_routine,500,True,2,1138.9,840.5,59.5,0.262,0.0,dist_logitnorm,5,0.67,0.15,logitnorm,none
City-B,T1,5x,900.0,S4_GlobalCalib,cross_regime,M_stress,500,True,2,1138.9,768.8,131.2,0.325,0.0,dist_logitnorm,5,0.67,0.15,logitnorm,none
City-B,T1,5x,900.0,S5_CityCalib,routine,M_routine,500,True,2,1128.0,840.5,59.5,0.2548,0.0,dist_logitnorm,5,0.67,0.15,logitnorm,none
City-B,T1,5x,900.0,S5_CityCalib,cross_regime,M_stress,500,True,2,1128.0,768.8,131.2,0.3184,0.0,dist_logitnorm,5,0.67,0.15,logitnorm,none
City-B,T1,5x,900.0,S6_Q10,routine,M_routine,500,True,3,1140.5,1317.3,0.0,0.0,1.0,dist_logitnorm,5,0.67,0.15,logitnorm,none
City-B,T1,5x,900.0,S6_Q10,cross_regime,M_stress,500,True,3,1140.5,1086.7,0.0,0.0472,1.0,dist_logitnorm,5,0.67,0.15,logitnorm,none
City-B,T1,10x,1800.0,S0a_RoutineOracle,routine,M_routine,500,True,4,2071.3,2071.3,0.0,0.0,1.0,dist_logitnorm,5,0.67,0.15,logitnorm,none
City-B,T1,10x,1800.0,S0a_RoutineOracle,cross_regime,M_stress,500,True,4,2071.3,1237.1,562.9,0.4027,0.0,dist_logitnorm,5,0.67,0.15,logitnorm,none
City-B,T1,10x,1800.0,S0b_StressOracle,routine,M_routine,500,True,6,2096.5,2679.0,0.0,0.0,1.0,dist_logitnorm,5,0.67,0.15,logitnorm,none
City-B,T1,10x,1800.0,S0b_StressOracle,cross_regime,M_stress,500,True,6,2096.5,2096.5,0.0,0.0,1.0,dist_logitnorm,5,0.67,0.15,logitnorm,none
City-B,T1,10x,1800.0,S1_CapRR,routine,M_routine,500,True,3,2504.5,1317.3,482.7,0.474,0.0,dist_logitnorm,5,0.67,0.15,logitnorm,none
City-B,T1,10x,1800.0,S1_CapRR,cross_regime,M_stress,500,True,3,2504.5,1086.7,713.3,0.5661,0.0,dist_logitnorm,5,0.67,0.15,logitnorm,none
City-B,T1,10x,1800.0,S2_Platform,routine,M_routine,500,True,4,2163.2,1821.7,0.0,0.1578,1.0,dist_logitnorm,5,0.67,0.15,logitnorm,none
City-B,T1,10x,1800.0,S2_Platform,cross_regime,M_stress,500,True,4,2163.2,1329.9,470.1,0.3852,0.0,dist_logitnorm,5,0.67,0.15,logitnorm,none
City-B,T1,10x,1800.0,S3_Lin4,routine,M_routine,500,True,4,1852.9,1821.7,0.0,0.0168,1.0,dist_logitnorm,5,0.67,0.15,logitnorm,none
City-B,T1,10x,1800.0,S3_Lin4,cross_regime,M_stress,500,True,4,1852.9,1329.9,470.1,0.2822,0.0,dist_logitnorm,5,0.67,0.15,logitnorm,none
City-B,T1,10x,1800.0,S4_GlobalCalib,routine,M_routine,500,True,4,2228.7,1821.7,0.0,0.1826,1.0,dist_logitnorm,5,0.67,0.15,logitnorm,none
City-B,T1,10x,1800.0,S4_GlobalCalib,cross_regime,M_stress,500,True,4,2228.7,1329.9,470.1,0.4033,0.0,dist_logitnorm,5,0.67,0.15,logitnorm,none
City-B,T1,10x,1800.0,S5_CityCalib,routine,M_routine,500,True,4,2207.3,1821.7,0.0,0.1747,1.0,dist_logitnorm,5,0.67,0.15,logitnorm,none
City-B,T1,10x,1800.0,S5_CityCalib,cross_regime,M_stress,500,True,4,2207.3,1329.9,470.1,0.3975,0.0,dist_logitnorm,5,0.67,0.15,logitnorm,none
City-B,T1,10x,1800.0,S6_Q10,routine,M_routine,500,True,5,1822.5,2345.6,0.0,0.0,1.0,dist_logitnorm,5,0.67,0.15,logitnorm,none
City-B,T1,10x,1800.0,S6_Q10,cross_regime,M_stress,500,True,5,1822.5,1682.7,117.3,0.0767,0.0,dist_logitnorm,5,0.67,0.15,logitnorm,none
City-B,T2,1x,260.0,S0a_RoutineOracle,routine,M_routine,500,True,1,745.8,745.8,0.0,0.0,1.0,dist_logitnorm,5,0.67,0.15,logitnorm,none
City-B,T2,1x,260.0,S0a_RoutineOracle,cross_regime,M_stress,500,True,1,745.8,346.3,0.0,0.5356,1.0,dist_logitnorm,5,0.67,0.15,logitnorm,none
City-B,T2,1x,260.0,S0b_StressOracle,routine,M_routine,500,True,1,475.7,691.4,0.0,0.0,1.0,dist_logitnorm,5,0.67,0.15,logitnorm,none
City-B,T2,1x,260.0,S0b_StressOracle,cross_regime,M_stress,500,True,1,475.7,475.7,0.0,0.0,1.0,dist_logitnorm,5,0.67,0.15,logitnorm,none
City-B,T2,1x,260.0,S1_CapRR,routine,M_routine,500,True,1,846.0,592.2,0.0,0.3,1.0,dist_logitnorm,5,0.67,0.15,logitnorm,none
City-B,T2,1x,260.0,S1_CapRR,cross_regime,M_stress,500,True,1,846.0,436.3,0.0,0.4843,1.0,dist_logitnorm,5,0.67,0.15,logitnorm,none
City-B,T2,1x,260.0,S2_Platform,routine,M_routine,500,True,1,557.0,507.9,0.0,0.0882,1.0,dist_logitnorm,5,0.67,0.15,logitnorm,none
City-B,T2,1x,260.0,S2_Platform,cross_regime,M_stress,500,True,1,557.0,327.2,0.0,0.4126,1.0,dist_logitnorm,5,0.67,0.15,logitnorm,none
City-B,T2,1x,260.0,S3_Lin4,routine,M_routine,500,True,1,469.6,691.4,0.0,0.0,1.0,dist_logitnorm,5,0.67,0.15,logitnorm,none
City-B,T2,1x,260.0,S3_Lin4,cross_regime,M_stress,500,True,1,469.6,475.7,0.0,0.0,1.0,dist_logitnorm,5,0.67,0.15,logitnorm,none
City-B,T2,1x,260.0,S4_GlobalCalib,routine,M_routine,500,True,1,567.9,592.2,0.0,0.0,1.0,dist_logitnorm,5,0.67,0.15,logitnorm,none
City-B,T2,1x,260.0,S4_GlobalCalib,cross_regime,M_stress,500,True,1,567.9,436.3,0.0,0.2318,1.0,dist_logitnorm,5,0.67,0.15,logitnorm,none
City-B,T2,1x,260.0,S5_CityCalib,routine,M_routine,500,True,1,562.5,592.2,0.0,0.0,1.0,dist_logitnorm,5,0.67,0.15,logitnorm,none
City-B,T2,1x,260.0,S5_CityCalib,cross_regime,M_stress,500,True,1,562.5,436.3,0.0,0.2244,1.0,dist_logitnorm,5,0.67,0.15,logitnorm,none
City-B,T2,1x,260.0,S6_Q10,routine,M_routine,500,True,1,385.5,592.2,0.0,0.0,1.0,dist_logitnorm,5,0.67,0.15,logitnorm,none
City-B,T2,1x,260.0,S6_Q10,cross_regime,M_stress,500,True,1,385.5,436.3,0.0,0.0,1.0,dist_logitnorm,5,0.67,0.15,logitnorm,none
City-B,T2,2x,520.0,S0a_RoutineOracle,routine,M_routine,500,True,1,745.8,745.8,0.0,0.0,1.0,dist_logitnorm,5,0.67,0.15,logitnorm,none
City-B,T2,2x,520.0,S0a_RoutineOracle,cross_regime,M_stress,500,True,1,745.8,346.3,173.7,0.5356,0.0,dist_logitnorm,5,0.67,0.15,logitnorm,none
City-B,T2,2x,520.0,S0b_StressOracle,routine,M_routine,500,True,2,912.0,1283.6,0.0,0.0,1.0,dist_logitnorm,5,0.67,0.15,logitnorm,none
City-B,T2,2x,520.0,S0b_StressOracle,cross_regime,M_stress,500,True,2,912.0,912.0,0.0,0.0,1.0,dist_logitnorm,5,0.67,0.15,logitnorm,none
City-B,T2,2x,520.0,S1_CapRR,routine,M_routine,500,True,1,846.0,592.2,0.0,0.3,1.0,dist_logitnorm,5,0.67,0.15,logitnorm,none
City-B,T2,2x,520.0,S1_CapRR,cross_regime,M_stress,500,True,1,846.0,436.3,83.7,0.4843,0.0,dist_logitnorm,5,0.67,0.15,logitnorm,none
City-B,T2,2x,520.0,S2_Platform,routine,M_routine,500,True,1,557.0,507.9,12.1,0.0882,0.0,dist_logitnorm,5,0.67,0.15,logitnorm,none
City-B,T2,2x,520.0,S2_Platform,cross_regime,M_stress,500,True,1,557.0,327.2,192.8,0.4126,0.0,dist_logitnorm,5,0.67,0.15,logitnorm,none
City-B,T2,2x,520.0,S3_Lin4,routine,M_routine,500,True,2,932.9,1199.3,0.0,0.0,1.0,dist_logitnorm,5,0.67,0.15,logitnorm,none
City-B,T2,2x,520.0,S3_Lin4,cross_regime,M_stress,500,True,2,932.9,802.9,0.0,0.1394,1.0,dist_logitnorm,5,0.67,0.15,logitnorm,none
City-B,T2,2x,520.0,S4_GlobalCalib,routine,M_routine,500,True,1,567.9,592.2,0.0,0.0,1.0,dist_logitnorm,5,0.67,0.15,logitnorm,none
City-B,T2,2x,520.0,S4_GlobalCalib,cross_regime,M_stress,500,True,1,567.9,436.3,83.7,0.2318,0.0,dist_logitnorm,5,0.67,0.15,logitnorm,none
City-B,T2,2x,520.0,S5_CityCalib,routine,M_routine,500,True,1,562.5,592.2,0.0,0.0,1.0,dist_logitnorm,5,0.67,0.15,logitnorm,none
City-B,T2,2x,520.0,S5_CityCalib,cross_regime,M_stress,500,True,1,562.5,436.3,83.7,0.2244,0.0,dist_logitnorm,5,0.67,0.15,logitnorm,none
City-B,T2,2x,520.0,S6_Q10,routine,M_routine,500,True,2,769.1,1338.0,0.0,0.0,1.0,dist_logitnorm,5,0.67,0.15,logitnorm,none
City-B,T2,2x,520.0,S6_Q10,cross_regime,M_stress,500,True,2,769.1,782.6,0.0,0.0,1.0,dist_logitnorm,5,0.67,0.15,logitnorm,none
City-B,T2,5x,1300.0,S0a_RoutineOracle,routine,M_routine,500,True,2,1437.1,1437.1,0.0,0.0,1.0,dist_logitnorm,5,0.67,0.15,logitnorm,none
City-B,T2,5x,1300.0,S0a_RoutineOracle,cross_regime,M_stress,500,True,2,1437.1,822.0,478.0,0.428,0.0,dist_logitnorm,5,0.67,0.15,logitnorm,none
City-B,T2,5x,1300.0,S0b_StressOracle,routine,M_routine,500,True,4,1585.5,2537.3,0.0,0.0,1.0,dist_logitnorm,5,0.67,0.15,logitnorm,none
City-B,T2,5x,1300.0,S0b_StressOracle,cross_regime,M_stress,500,True,4,1585.5,1585.5,0.0,0.0,1.0,dist_logitnorm,5,0.67,0.15,logitnorm,none
City-B,T2,5x,1300.0,S1_CapRR,routine,M_routine,500,True,2,1688.0,1338.0,0.0,0.2073,1.0,dist_logitnorm,5,0.67,0.15,logitnorm,none
City-B,T2,5x,1300.0,S1_CapRR,cross_regime,M_stress,500,True,2,1688.0,782.6,517.4,0.5364,0.0,dist_logitnorm,5,0.67,0.15,logitnorm,none
City-B,T2,5x,1300.0,S2_Platform,routine,M_routine,500,True,3,1630.3,1945.0,0.0,0.0,1.0,dist_logitnorm,5,0.67,0.15,logitnorm,none
City-B,T2,5x,1300.0,S2_Platform,cross_regime,M_stress,500,True,3,1630.3,1149.2,150.8,0.2951,0.0,dist_logitnorm,5,0.67,0.15,logitnorm,none
City-B,T2,5x,1300.0,S3_Lin4,routine,M_routine,500,True,3,1392.4,1791.5,0.0,0.0,1.0,dist_logitnorm,5,0.67,0.15,logitnorm,none
City-B,T2,5x,1300.0,S3_Lin4,cross_regime,M_stress,500,True,3,1392.4,1239.2,60.8,0.11,0.0,dist_logitnorm,5,0.67,0.15,logitnorm,none
City-B,T2,5x,1300.0,S4_GlobalCalib,routine,M_routine,500,True,3,1681.2,2029.4,0.0,0.0,1.0,dist_logitnorm,5,0.67,0.15,logitnorm,none
City-B,T2,5x,1300.0,S4_GlobalCalib,cross_regime,M_stress,500,True,3,1681.2,1258.3,41.7,0.2516,0.0,dist_logitnorm,5,0.67,0.15,logitnorm,none
City-B,T2,5x,1300.0,S5_CityCalib,routine,M_routine,500,True,3,1665.3,2029.4,0.0,0.0,1.0,dist_logitnorm,5,0.67,0.15,logitnorm,none
City-B,T2,5x,1300.0,S5_CityCalib,cross_regime,M_stress,500,True,3,1665.3,1258.3,41.7,0.2444,0.0,dist_logitnorm,5,0.67,0.15,logitnorm,none
City-B,T2,5x,1300.0,S6_Q10,routine,M_routine,500,True,4,1505.1,2537.3,0.0,0.0,1.0,dist_logitnorm,5,0.67,0.15,logitnorm,none
City-B,T2,5x,1300.0,S6_Q10,cross_regime,M_stress,500,True,4,1505.1,1585.5,0.0,0.0,1.0,dist_logitnorm,5,0.67,0.15,logitnorm,none
City-B,T2,10x,2600.0,S0a_RoutineOracle,routine,M_routine,500,True,5,3051.8,3051.8,0.0,0.0,1.0,dist_logitnorm,5,0.67,0.15,logitnorm,none
City-B,T2,10x,2600.0,S0a_RoutineOracle,cross_regime,M_stress,500,True,5,3051.8,1912.1,687.9,0.3735,0.0,dist_logitnorm,5,0.67,0.15,logitnorm,none
City-B,T2,10x,2600.0,S0b_StressOracle,routine,M_routine,500,True,8,2834.8,4057.5,0.0,0.0,1.0,dist_logitnorm,5,0.67,0.15,logitnorm,none
City-B,T2,10x,2600.0,S0b_StressOracle,cross_regime,M_stress,500,True,8,2834.8,2834.8,0.0,0.0,1.0,dist_logitnorm,5,0.67,0.15,logitnorm,none
City-B,T2,10x,2600.0,S1_CapRR,routine,M_routine,500,True,4,3303.2,2537.3,62.7,0.2319,0.0,dist_logitnorm,5,0.67,0.15,logitnorm,none
City-B,T2,10x,2600.0,S1_CapRR,cross_regime,M_stress,500,True,4,3303.2,1585.5,1014.5,0.52,0.0,dist_logitnorm,5,0.67,0.15,logitnorm,none
City-B,T2,10x,2600.0,S2_Platform,routine,M_routine,500,True,6,2974.4,3217.9,0.0,0.0,1.0,dist_logitnorm,5,0.67,0.15,logitnorm,none
City-B,T2,10x,2600.0,S2_Platform,cross_regime,M_stress,500,True,6,2974.4,2163.8,436.2,0.2725,0.0,dist_logitnorm,5,0.67,0.15,logitnorm,none
City-B,T2,10x,2600.0,S3_Lin4,routine,M_routine,500,True,6,2626.8,3217.9,0.0,0.0,1.0,dist_logitnorm,5,0.67,0.15,logitnorm,none
City-B,T2,10x,2600.0,S3_Lin4,cross_regime,M_stress,500,True,6,2626.8,2163.8,436.2,0.1762,0.0,dist_logitnorm,5,0.67,0.15,logitnorm,none
City-B,T2,10x,2600.0,S4_GlobalCalib,routine,M_routine,500,True,5,2686.5,2826.8,0.0,0.0,1.0,dist_logitnorm,5,0.67,0.15,logitnorm,none
City-B,T2,10x,2600.0,S4_GlobalCalib,cross_regime,M_stress,500,True,5,2686.5,1858.9,741.1,0.3081,0.0,dist_logitnorm,5,0.67,0.15,logitnorm,none
City-B,T2,10x,2600.0,S5_CityCalib,routine,M_routine,500,True,5,2661.2,2826.8,0.0,0.0,1.0,dist_logitnorm,5,0.67,0.15,logitnorm,none
City-B,T2,10x,2600.0,S5_CityCalib,cross_regime,M_stress,500,True,5,2661.2,1858.9,741.1,0.3015,0.0,dist_logitnorm,5,0.67,0.15,logitnorm,none
City-B,T2,10x,2600.0,S6_Q10,routine,M_routine,500,True,8,2663.8,4209.8,0.0,0.0,1.0,dist_logitnorm,5,0.67,0.15,logitnorm,none
City-B,T2,10x,2600.0,S6_Q10,cross_regime,M_stress,500,True,8,2663.8,2733.8,0.0,0.0,1.0,dist_logitnorm,5,0.67,0.15,logitnorm,none
City-B,T3,1x,200.0,S0a_RoutineOracle,routine,M_routine,500,True,1,608.0,608.0,0.0,0.0,1.0,dist_logitnorm,5,0.67,0.15,logitnorm,none
City-B,T3,1x,200.0,S0a_RoutineOracle,cross_regime,M_stress,500,True,1,608.0,396.1,0.0,0.3485,1.0,dist_logitnorm,5,0.67,0.15,logitnorm,none
City-B,T3,1x,200.0,S0b_StressOracle,routine,M_routine,500,True,1,396.1,608.0,0.0,0.0,1.0,dist_logitnorm,5,0.67,0.15,logitnorm,none
City-B,T3,1x,200.0,S0b_StressOracle,cross_regime,M_stress,500,True,1,396.1,396.1,0.0,0.0,1.0,dist_logitnorm,5,0.67,0.15,logitnorm,none
City-B,T3,1x,200.0,S1_CapRR,routine,M_routine,500,True,1,744.5,563.2,0.0,0.2435,1.0,dist_logitnorm,5,0.67,0.15,logitnorm,none
City-B,T3,1x,200.0,S1_CapRR,cross_regime,M_stress,500,True,1,744.5,364.3,0.0,0.5107,1.0,dist_logitnorm,5,0.67,0.15,logitnorm,none
City-B,T3,1x,200.0,S2_Platform,routine,M_routine,500,True,1,543.2,509.1,0.0,0.0628,1.0,dist_logitnorm,5,0.67,0.15,logitnorm,none
City-B,T3,1x,200.0,S2_Platform,cross_regime,M_stress,500,True,1,543.2,325.0,0.0,0.4017,1.0,dist_logitnorm,5,0.67,0.15,logitnorm,none
City-B,T3,1x,200.0,S3_Lin4,routine,M_routine,500,True,1,463.6,236.3,0.0,0.4904,1.0,dist_logitnorm,5,0.67,0.15,logitnorm,none
City-B,T3,1x,200.0,S3_Lin4,cross_regime,M_stress,500,True,1,463.6,338.1,0.0,0.2706,1.0,dist_logitnorm,5,0.67,0.15,logitnorm,none
City-B,T3,1x,200.0,S4_GlobalCalib,routine,M_routine,500,True,1,502.9,563.2,0.0,0.0,1.0,dist_logitnorm,5,0.67,0.15,logitnorm,none
City-B,T3,1x,200.0,S4_GlobalCalib,cross_regime,M_stress,500,True,1,502.9,364.3,0.0,0.2756,1.0,dist_logitnorm,5,0.67,0.15,logitnorm,none
City-B,T3,1x,200.0,S5_CityCalib,routine,M_routine,500,True,1,498.7,563.2,0.0,0.0,1.0,dist_logitnorm,5,0.67,0.15,logitnorm,none
City-B,T3,1x,200.0,S5_CityCalib,cross_regime,M_stress,500,True,1,498.7,364.3,0.0,0.2696,1.0,dist_logitnorm,5,0.67,0.15,logitnorm,none
City-B,T3,1x,200.0,S6_Q10,routine,M_routine,500,True,1,338.3,563.2,0.0,0.0,1.0,dist_logitnorm,5,0.67,0.15,logitnorm,none
City-B,T3,1x,200.0,S6_Q10,cross_regime,M_stress,500,True,1,338.3,364.3,0.0,0.0,1.0,dist_logitnorm,5,0.67,0.15,logitnorm,none
City-B,T3,2x,400.0,S0a_RoutineOracle,routine,M_routine,500,True,1,608.0,608.0,0.0,0.0,1.0,dist_logitnorm,5,0.67,0.15,logitnorm,none
City-B,T3,2x,400.0,S0a_RoutineOracle,cross_regime,M_stress,500,True,1,608.0,396.1,3.9,0.3485,0.0,dist_logitnorm,5,0.67,0.15,logitnorm,none
City-B,T3,2x,400.0,S0b_StressOracle,routine,M_routine,500,True,2,760.3,1171.2,0.0,0.0,1.0,dist_logitnorm,5,0.67,0.15,logitnorm,none
City-B,T3,2x,400.0,S0b_StressOracle,cross_regime,M_stress,500,True,2,760.3,760.3,0.0,0.0,1.0,dist_logitnorm,5,0.67,0.15,logitnorm,none
City-B,T3,2x,400.0,S1_CapRR,routine,M_routine,500,True,1,744.5,563.2,0.0,0.2435,1.0,dist_logitnorm,5,0.67,0.15,logitnorm,none
City-B,T3,2x,400.0,S1_CapRR,cross_regime,M_stress,500,True,1,744.5,364.3,35.7,0.5107,0.0,dist_logitnorm,5,0.67,0.15,logitnorm,none
City-B,T3,2x,400.0,S2_Platform,routine,M_routine,500,True,1,543.2,509.1,0.0,0.0628,1.0,dist_logitnorm,5,0.67,0.15,logitnorm,none
City-B,T3,2x,400.0,S2_Platform,cross_regime,M_stress,500,True,1,543.2,325.0,75.0,0.4017,0.0,dist_logitnorm,5,0.67,0.15,logitnorm,none
City-B,T3,2x,400.0,S3_Lin4,routine,M_routine,500,True,1,463.6,236.3,163.7,0.4904,0.0,dist_logitnorm,5,0.67,0.15,logitnorm,none
City-B,T3,2x,400.0,S3_Lin4,cross_regime,M_stress,500,True,1,463.6,338.1,61.9,0.2706,0.0,dist_logitnorm,5,0.67,0.15,logitnorm,none
City-B,T3,2x,400.0,S4_GlobalCalib,routine,M_routine,500,True,1,502.9,563.2,0.0,0.0,1.0,dist_logitnorm,5,0.67,0.15,logitnorm,none
City-B,T3,2x,400.0,S4_GlobalCalib,cross_regime,M_stress,500,True,1,502.9,364.3,35.7,0.2756,0.0,dist_logitnorm,5,0.67,0.15,logitnorm,none
City-B,T3,2x,400.0,S5_CityCalib,routine,M_routine,500,True,1,498.7,563.2,0.0,0.0,1.0,dist_logitnorm,5,0.67,0.15,logitnorm,none
City-B,T3,2x,400.0,S5_CityCalib,cross_regime,M_stress,500,True,1,498.7,364.3,35.7,0.2696,0.0,dist_logitnorm,5,0.67,0.15,logitnorm,none
City-B,T3,2x,400.0,S6_Q10,routine,M_routine,500,True,2,675.0,1072.3,0.0,0.0,1.0,dist_logitnorm,5,0.67,0.15,logitnorm,none
City-B,T3,2x,400.0,S6_Q10,cross_regime,M_stress,500,True,2,675.0,689.3,0.0,0.0,1.0,dist_logitnorm,5,0.67,0.15,logitnorm,none
City-B,T3,5x,1000.0,S0a_RoutineOracle,routine,M_routine,500,True,2,1171.2,1171.2,0.0,0.0,1.0,dist_logitnorm,5,0.67,0.15,logitnorm,none
City-B,T3,5x,1000.0,S0a_RoutineOracle,cross_regime,M_stress,500,True,2,1171.2,760.3,239.7,0.3508,0.0,dist_logitnorm,5,0.67,0.15,logitnorm,none
City-B,T3,5x,1000.0,S0b_StressOracle,routine,M_routine,500,True,3,1101.8,1621.5,0.0,0.0,1.0,dist_logitnorm,5,0.67,0.15,logitnorm,none
City-B,T3,5x,1000.0,S0b_StressOracle,cross_regime,M_stress,500,True,3,1101.8,1101.8,0.0,0.0,1.0,dist_logitnorm,5,0.67,0.15,logitnorm,none
City-B,T3,5x,1000.0,S1_CapRR,routine,M_routine,500,True,2,1485.4,1072.3,0.0,0.2781,1.0,dist_logitnorm,5,0.67,0.15,logitnorm,none
City-B,T3,5x,1000.0,S1_CapRR,cross_regime,M_stress,500,True,2,1485.4,689.3,310.7,0.536,0.0,dist_logitnorm,5,0.67,0.15,logitnorm,none
City-B,T3,5x,1000.0,S2_Platform,routine,M_routine,500,True,2,1048.0,745.3,254.7,0.2888,0.0,dist_logitnorm,5,0.67,0.15,logitnorm,none
City-B,T3,5x,1000.0,S2_Platform,cross_regime,M_stress,500,True,2,1048.0,663.1,336.9,0.3672,0.0,dist_logitnorm,5,0.67,0.15,logitnorm,none
City-B,T3,5x,1000.0,S3_Lin4,routine,M_routine,500,True,3,1370.8,1407.5,0.0,0.0,1.0,dist_logitnorm,5,0.67,0.15,logitnorm,none
City-B,T3,5x,1000.0,S3_Lin4,cross_regime,M_stress,500,True,3,1370.8,1098.5,0.0,0.1986,1.0,dist_logitnorm,5,0.67,0.15,logitnorm,none
City-B,T3,5x,1000.0,S4_GlobalCalib,routine,M_routine,500,True,2,1003.3,1072.3,0.0,0.0,1.0,dist_logitnorm,5,0.67,0.15,logitnorm,none
City-B,T3,5x,1000.0,S4_GlobalCalib,cross_regime,M_stress,500,True,2,1003.3,689.3,310.7,0.313,0.0,dist_logitnorm,5,0.67,0.15,logitnorm,none
City-B,T3,5x,1000.0,S5_CityCalib,routine,M_routine,500,True,3,1476.3,1308.6,0.0,0.1136,1.0,dist_logitnorm,5,0.67,0.15,logitnorm,none
City-B,T3,5x,1000.0,S5_CityCalib,cross_regime,M_stress,500,True,3,1476.3,1027.4,0.0,0.3041,1.0,dist_logitnorm,5,0.67,0.15,logitnorm,none
City-B,T3,5x,1000.0,S6_Q10,routine,M_routine,500,True,3,1001.4,1308.6,0.0,0.0,1.0,dist_logitnorm,5,0.67,0.15,logitnorm,none
City-B,T3,5x,1000.0,S6_Q10,cross_regime,M_stress,500,True,3,1001.4,1027.4,0.0,0.0,1.0,dist_logitnorm,5,0.67,0.15,logitnorm,none
City-B,T3,10x,2000.0,S0a_RoutineOracle,routine,M_routine,500,True,4,2130.5,2130.5,0.0,0.0,1.0,dist_logitnorm,5,0.67,0.15,logitnorm,none
City-B,T3,10x,2000.0,S0a_RoutineOracle,cross_regime,M_stress,500,True,4,2130.5,1426.8,573.2,0.3303,0.0,dist_logitnorm,5,0.67,0.15,logitnorm,none
City-B,T3,10x,2000.0,S0b_StressOracle,routine,M_routine,500,True,6,2051.3,2667.5,0.0,0.0,1.0,dist_logitnorm,5,0.67,0.15,logitnorm,none
City-B,T3,10x,2000.0,S0b_StressOracle,cross_regime,M_stress,500,True,6,2051.3,2051.3,0.0,0.0,1.0,dist_logitnorm,5,0.67,0.15,logitnorm,none
City-B,T3,10x,2000.0,S1_CapRR,routine,M_routine,500,True,3,2203.9,1308.6,691.4,0.4063,0.0,dist_logitnorm,5,0.67,0.15,logitnorm,none
City-B,T3,10x,2000.0,S1_CapRR,cross_regime,M_stress,500,True,3,2203.9,1027.4,972.6,0.5338,0.0,dist_logitnorm,5,0.67,0.15,logitnorm,none
City-B,T3,10x,2000.0,S2_Platform,routine,M_routine,500,True,5,2307.7,2232.4,0.0,0.0326,1.0,dist_logitnorm,5,0.67,0.15,logitnorm,none
City-B,T3,10x,2000.0,S2_Platform,cross_regime,M_stress,500,True,5,2307.7,1599.3,400.7,0.3069,0.0,dist_logitnorm,5,0.67,0.15,logitnorm,none
City-B,T3,10x,2000.0,S3_Lin4,routine,M_routine,500,True,5,2200.5,2284.7,0.0,0.0,1.0,dist_logitnorm,5,0.67,0.15,logitnorm,none
City-B,T3,10x,2000.0,S3_Lin4,cross_regime,M_stress,500,True,5,2200.5,1608.8,391.2,0.2689,0.0,dist_logitnorm,5,0.67,0.15,logitnorm,none
City-B,T3,10x,2000.0,S4_GlobalCalib,routine,M_routine,500,True,5,2378.3,2366.8,0.0,0.0048,1.0,dist_logitnorm,5,0.67,0.15,logitnorm,none
City-B,T3,10x,2000.0,S4_GlobalCalib,cross_regime,M_stress,500,True,5,2378.3,1764.9,235.1,0.2579,0.0,dist_logitnorm,5,0.67,0.15,logitnorm,none
City-B,T3,10x,2000.0,S5_CityCalib,routine,M_routine,500,True,5,2358.8,2366.8,0.0,0.0,1.0,dist_logitnorm,5,0.67,0.15,logitnorm,none
City-B,T3,10x,2000.0,S5_CityCalib,cross_regime,M_stress,500,True,5,2358.8,1764.9,235.1,0.2518,0.0,dist_logitnorm,5,0.67,0.15,logitnorm,none
City-B,T3,10x,2000.0,S6_Q10,routine,M_routine,500,True,7,2104.3,3144.5,0.0,0.0,1.0,dist_logitnorm,5,0.67,0.15,logitnorm,none
City-B,T3,10x,2000.0,S6_Q10,cross_regime,M_stress,500,True,7,2104.3,2115.5,0.0,0.0,1.0,dist_logitnorm,5,0.67,0.15,logitnorm,none
City-B,T4,1x,140.0,S0a_RoutineOracle,routine,M_routine,500,True,1,740.3,740.3,0.0,0.0,1.0,dist_logitnorm,5,0.67,0.15,logitnorm,none
City-B,T4,1x,140.0,S0a_RoutineOracle,cross_regime,M_stress,500,True,1,740.3,368.4,0.0,0.5023,1.0,dist_logitnorm,5,0.67,0.15,logitnorm,none
City-B,T4,1x,140.0,S0b_StressOracle,routine,M_routine,500,True,1,368.4,740.3,0.0,0.0,1.0,dist_logitnorm,5,0.67,0.15,logitnorm,none
City-B,T4,1x,140.0,S0b_StressOracle,cross_regime,M_stress,500,True,1,368.4,368.4,0.0,0.0,1.0,dist_logitnorm,5,0.67,0.15,logitnorm,none
City-B,T4,1x,140.0,S1_CapRR,routine,M_routine,500,True,1,846.0,640.7,0.0,0.2427,1.0,dist_logitnorm,5,0.67,0.15,logitnorm,none
City-B,T4,1x,140.0,S1_CapRR,cross_regime,M_stress,500,True,1,846.0,227.2,0.0,0.7314,1.0,dist_logitnorm,5,0.67,0.15,logitnorm,none
City-B,T4,1x,140.0,S2_Platform,routine,M_routine,500,True,1,480.1,640.7,0.0,0.0,1.0,dist_logitnorm,5,0.67,0.15,logitnorm,none
City-B,T4,1x,140.0,S2_Platform,cross_regime,M_stress,500,True,1,480.1,227.2,0.0,0.5267,1.0,dist_logitnorm,5,0.67,0.15,logitnorm,none
City-B,T4,1x,140.0,S3_Lin4,routine,M_routine,500,True,1,472.4,740.3,0.0,0.0,1.0,dist_logitnorm,5,0.67,0.15,logitnorm,none
City-B,T4,1x,140.0,S3_Lin4,cross_regime,M_stress,500,True,1,472.4,368.4,0.0,0.2201,1.0,dist_logitnorm,5,0.67,0.15,logitnorm,none
City-B,T4,1x,140.0,S4_GlobalCalib,routine,M_routine,500,True,1,569.8,640.7,0.0,0.0,1.0,dist_logitnorm,5,0.67,0.15,logitnorm,none
City-B,T4,1x,140.0,S4_GlobalCalib,cross_regime,M_stress,500,True,1,569.8,227.2,0.0,0.6013,1.0,dist_logitnorm,5,0.67,0.15,logitnorm,none
City-B,T4,1x,140.0,S5_CityCalib,routine,M_routine,500,True,1,563.6,640.7,0.0,0.0,1.0,dist_logitnorm,5,0.67,0.15,logitnorm,none
City-B,T4,1x,140.0,S5_CityCalib,cross_regime,M_stress,500,True,1,563.6,227.2,0.0,0.5969,1.0,dist_logitnorm,5,0.67,0.15,logitnorm,none
City-B,T4,1x,140.0,S6_Q10,routine,M_routine,500,True,1,385.5,640.7,0.0,0.0,1.0,dist_logitnorm,5,0.67,0.15,logitnorm,none
City-B,T4,1x,140.0,S6_Q10,cross_regime,M_stress,500,True,1,385.5,227.2,0.0,0.4106,1.0,dist_logitnorm,5,0.67,0.15,logitnorm,none
City-B,T4,2x,280.0,S0a_RoutineOracle,routine,M_routine,500,True,1,740.3,740.3,0.0,0.0,1.0,dist_logitnorm,5,0.67,0.15,logitnorm,none
City-B,T4,2x,280.0,S0a_RoutineOracle,cross_regime,M_stress,500,True,1,740.3,368.4,0.0,0.5023,1.0,dist_logitnorm,5,0.67,0.15,logitnorm,none
City-B,T4,2x,280.0,S0b_StressOracle,routine,M_routine,500,True,1,368.4,740.3,0.0,0.0,1.0,dist_logitnorm,5,0.67,0.15,logitnorm,none
City-B,T4,2x,280.0,S0b_StressOracle,cross_regime,M_stress,500,True,1,368.4,368.4,0.0,0.0,1.0,dist_logitnorm,5,0.67,0.15,logitnorm,none
City-B,T4,2x,280.0,S1_CapRR,routine,M_routine,500,True,1,846.0,640.7,0.0,0.2427,1.0,dist_logitnorm,5,0.67,0.15,logitnorm,none
City-B,T4,2x,280.0,S1_CapRR,cross_regime,M_stress,500,True,1,846.0,227.2,52.8,0.7314,0.0,dist_logitnorm,5,0.67,0.15,logitnorm,none
City-B,T4,2x,280.0,S2_Platform,routine,M_routine,500,True,1,480.1,640.7,0.0,0.0,1.0,dist_logitnorm,5,0.67,0.15,logitnorm,none
City-B,T4,2x,280.0,S2_Platform,cross_regime,M_stress,500,True,1,480.1,227.2,52.8,0.5267,0.0,dist_logitnorm,5,0.67,0.15,logitnorm,none
City-B,T4,2x,280.0,S3_Lin4,routine,M_routine,500,True,1,472.4,740.3,0.0,0.0,1.0,dist_logitnorm,5,0.67,0.15,logitnorm,none
City-B,T4,2x,280.0,S3_Lin4,cross_regime,M_stress,500,True,1,472.4,368.4,0.0,0.2201,1.0,dist_logitnorm,5,0.67,0.15,logitnorm,none
City-B,T4,2x,280.0,S4_GlobalCalib,routine,M_routine,500,True,1,569.8,640.7,0.0,0.0,1.0,dist_logitnorm,5,0.67,0.15,logitnorm,none
City-B,T4,2x,280.0,S4_GlobalCalib,cross_regime,M_stress,500,True,1,569.8,227.2,52.8,0.6013,0.0,dist_logitnorm,5,0.67,0.15,logitnorm,none
City-B,T4,2x,280.0,S5_CityCalib,routine,M_routine,500,True,1,563.6,640.7,0.0,0.0,1.0,dist_logitnorm,5,0.67,0.15,logitnorm,none
City-B,T4,2x,280.0,S5_CityCalib,cross_regime,M_stress,500,True,1,563.6,227.2,52.8,0.5969,0.0,dist_logitnorm,5,0.67,0.15,logitnorm,none
City-B,T4,2x,280.0,S6_Q10,routine,M_routine,500,True,1,385.5,640.7,0.0,0.0,1.0,dist_logitnorm,5,0.67,0.15,logitnorm,none
City-B,T4,2x,280.0,S6_Q10,cross_regime,M_stress,500,True,1,385.5,227.2,52.8,0.4106,0.0,dist_logitnorm,5,0.67,0.15,logitnorm,none
City-B,T4,5x,700.0,S0a_RoutineOracle,routine,M_routine,500,True,1,740.3,740.3,0.0,0.0,1.0,dist_logitnorm,5,0.67,0.15,logitnorm,none
City-B,T4,5x,700.0,S0a_RoutineOracle,cross_regime,M_stress,500,True,1,740.3,368.4,331.6,0.5023,0.0,dist_logitnorm,5,0.67,0.15,logitnorm,none
City-B,T4,5x,700.0,S0b_StressOracle,routine,M_routine,500,True,2,724.6,1124.9,0.0,0.0,1.0,dist_logitnorm,5,0.67,0.15,logitnorm,none
City-B,T4,5x,700.0,S0b_StressOracle,cross_regime,M_stress,500,True,2,724.6,724.6,0.0,0.0,1.0,dist_logitnorm,5,0.67,0.15,logitnorm,none
City-B,T4,5x,700.0,S1_CapRR,routine,M_routine,500,True,1,846.0,640.7,59.3,0.2427,0.0,dist_logitnorm,5,0.67,0.15,logitnorm,none
City-B,T4,5x,700.0,S1_CapRR,cross_regime,M_stress,500,True,1,846.0,227.2,472.8,0.7314,0.0,dist_logitnorm,5,0.67,0.15,logitnorm,none
City-B,T4,5x,700.0,S2_Platform,routine,M_routine,500,True,2,912.9,1120.1,0.0,0.0,1.0,dist_logitnorm,5,0.67,0.15,logitnorm,none
City-B,T4,5x,700.0,S2_Platform,cross_regime,M_stress,500,True,2,912.9,504.0,196.0,0.4479,0.0,dist_logitnorm,5,0.67,0.15,logitnorm,none
City-B,T4,5x,700.0,S3_Lin4,routine,M_routine,500,True,2,938.6,1219.7,0.0,0.0,1.0,dist_logitnorm,5,0.67,0.15,logitnorm,none
City-B,T4,5x,700.0,S3_Lin4,cross_regime,M_stress,500,True,2,938.6,645.2,54.8,0.3126,0.0,dist_logitnorm,5,0.67,0.15,logitnorm,none
City-B,T4,5x,700.0,S4_GlobalCalib,routine,M_routine,500,True,2,1136.9,1208.0,0.0,0.0,1.0,dist_logitnorm,5,0.67,0.15,logitnorm,none
City-B,T4,5x,700.0,S4_GlobalCalib,cross_regime,M_stress,500,True,2,1136.9,576.7,123.3,0.4927,0.0,dist_logitnorm,5,0.67,0.15,logitnorm,none
City-B,T4,5x,700.0,S5_CityCalib,routine,M_routine,500,True,2,1124.5,1208.0,0.0,0.0,1.0,dist_logitnorm,5,0.67,0.15,logitnorm,none
City-B,T4,5x,700.0,S5_CityCalib,cross_regime,M_stress,500,True,2,1124.5,576.7,123.3,0.4871,0.0,dist_logitnorm,5,0.67,0.15,logitnorm,none
City-B,T4,5x,700.0,S6_Q10,routine,M_routine,500,True,2,769.2,1208.0,0.0,0.0,1.0,dist_logitnorm,5,0.67,0.15,logitnorm,none
City-B,T4,5x,700.0,S6_Q10,cross_regime,M_stress,500,True,2,769.2,576.7,123.3,0.2502,0.0,dist_logitnorm,5,0.67,0.15,logitnorm,none
City-B,T4,10x,1400.0,S0a_RoutineOracle,routine,M_routine,500,True,3,1948.3,1948.3,0.0,0.0,1.0,dist_logitnorm,5,0.67,0.15,logitnorm,none
City-B,T4,10x,1400.0,S0a_RoutineOracle,cross_regime,M_stress,500,True,3,1948.3,945.2,454.8,0.5149,0.0,dist_logitnorm,5,0.67,0.15,logitnorm,none
City-B,T4,10x,1400.0,S0b_StressOracle,routine,M_routine,500,True,4,1416.1,2221.3,0.0,0.0,1.0,dist_logitnorm,5,0.67,0.15,logitnorm,none
City-B,T4,10x,1400.0,S0b_StressOracle,cross_regime,M_stress,500,True,4,1416.1,1416.1,0.0,0.0,1.0,dist_logitnorm,5,0.67,0.15,logitnorm,none
City-B,T4,10x,1400.0,S1_CapRR,routine,M_routine,500,True,2,1688.0,1208.0,192.0,0.2843,0.0,dist_logitnorm,5,0.67,0.15,logitnorm,none
City-B,T4,10x,1400.0,S1_CapRR,cross_regime,M_stress,500,True,2,1688.0,576.7,823.3,0.6583,0.0,dist_logitnorm,5,0.67,0.15,logitnorm,none
City-B,T4,10x,1400.0,S2_Platform,routine,M_routine,500,True,4,1693.5,2245.1,0.0,0.0,1.0,dist_logitnorm,5,0.67,0.15,logitnorm,none
City-B,T4,10x,1400.0,S2_Platform,cross_regime,M_stress,500,True,4,1693.5,1228.7,171.3,0.2745,0.0,dist_logitnorm,5,0.67,0.15,logitnorm,none
City-B,T4,10x,1400.0,S3_Lin4,routine,M_routine,500,True,3,1400.6,1860.4,0.0,0.0,1.0,dist_logitnorm,5,0.67,0.15,logitnorm,none
City-B,T4,10x,1400.0,S3_Lin4,cross_regime,M_stress,500,True,3,1400.6,872.4,527.6,0.3771,0.0,dist_logitnorm,5,0.67,0.15,logitnorm,none
City-B,T4,10x,1400.0,S4_GlobalCalib,routine,M_routine,500,True,3,1686.9,1948.3,0.0,0.0,1.0,dist_logitnorm,5,0.67,0.15,logitnorm,none
City-B,T4,10x,1400.0,S4_GlobalCalib,cross_regime,M_stress,500,True,3,1686.9,945.2,454.8,0.4397,0.0,dist_logitnorm,5,0.67,0.15,logitnorm,none
City-B,T4,10x,1400.0,S5_CityCalib,routine,M_routine,500,True,3,1668.5,1948.3,0.0,0.0,1.0,dist_logitnorm,5,0.67,0.15,logitnorm,none
City-B,T4,10x,1400.0,S5_CityCalib,cross_regime,M_stress,500,True,3,1668.5,945.2,454.8,0.4335,0.0,dist_logitnorm,5,0.67,0.15,logitnorm,none
City-B,T4,10x,1400.0,S6_Q10,routine,M_routine,500,True,4,1505.2,2427.7,0.0,0.0,1.0,dist_logitnorm,5,0.67,0.15,logitnorm,none
City-B,T4,10x,1400.0,S6_Q10,cross_regime,M_stress,500,True,4,1505.2,1222.0,178.0,0.1882,0.0,dist_logitnorm,5,0.67,0.15,logitnorm,none
City-B,T5,1x,160.0,S0a_RoutineOracle,routine,M_routine,500,True,1,614.4,614.4,0.0,0.0,1.0,dist_logitnorm,5,0.67,0.15,logitnorm,none
City-B,T5,1x,160.0,S0a_RoutineOracle,cross_regime,M_stress,500,True,1,614.4,341.4,0.0,0.4444,1.0,dist_logitnorm,5,0.67,0.15,logitnorm,none
City-B,T5,1x,160.0,S0b_StressOracle,routine,M_routine,500,True,1,380.0,566.5,0.0,0.0,1.0,dist_logitnorm,5,0.67,0.15,logitnorm,none
City-B,T5,1x,160.0,S0b_StressOracle,cross_regime,M_stress,500,True,1,380.0,380.0,0.0,0.0,1.0,dist_logitnorm,5,0.67,0.15,logitnorm,none
City-B,T5,1x,160.0,S1_CapRR,routine,M_routine,500,True,1,744.5,614.4,0.0,0.1747,1.0,dist_logitnorm,5,0.67,0.15,logitnorm,none
City-B,T5,1x,160.0,S1_CapRR,cross_regime,M_stress,500,True,1,744.5,341.4,0.0,0.5415,1.0,dist_logitnorm,5,0.67,0.15,logitnorm,none
City-B,T5,1x,160.0,S2_Platform,routine,M_routine,500,True,1,553.3,566.5,0.0,0.0,1.0,dist_logitnorm,5,0.67,0.15,logitnorm,none
City-B,T5,1x,160.0,S2_Platform,cross_regime,M_stress,500,True,1,553.3,380.0,0.0,0.3133,1.0,dist_logitnorm,5,0.67,0.15,logitnorm,none
City-B,T5,1x,160.0,S3_Lin4,routine,M_routine,500,True,1,459.1,434.8,0.0,0.053,1.0,dist_logitnorm,5,0.67,0.15,logitnorm,none
City-B,T5,1x,160.0,S3_Lin4,cross_regime,M_stress,500,True,1,459.1,217.6,0.0,0.5261,1.0,dist_logitnorm,5,0.67,0.15,logitnorm,none
City-B,T5,1x,160.0,S4_GlobalCalib,routine,M_routine,500,True,1,498.7,614.4,0.0,0.0,1.0,dist_logitnorm,5,0.67,0.15,logitnorm,none
City-B,T5,1x,160.0,S4_GlobalCalib,cross_regime,M_stress,500,True,1,498.7,341.4,0.0,0.3155,1.0,dist_logitnorm,5,0.67,0.15,logitnorm,none
City-B,T5,1x,160.0,S5_CityCalib,routine,M_routine,500,True,1,493.6,614.4,0.0,0.0,1.0,dist_logitnorm,5,0.67,0.15,logitnorm,none
City-B,T5,1x,160.0,S5_CityCalib,cross_regime,M_stress,500,True,1,493.6,341.4,0.0,0.3085,1.0,dist_logitnorm,5,0.67,0.15,logitnorm,none
City-B,T5,1x,160.0,S6_Q10,routine,M_routine,500,True,1,340.0,614.4,0.0,0.0,1.0,dist_logitnorm,5,0.67,0.15,logitnorm,none
City-B,T5,1x,160.0,S6_Q10,cross_regime,M_stress,500,True,1,340.0,341.4,0.0,0.0,1.0,dist_logitnorm,5,0.67,0.15,logitnorm,none
City-B,T5,2x,320.0,S0a_RoutineOracle,routine,M_routine,500,True,1,614.4,614.4,0.0,0.0,1.0,dist_logitnorm,5,0.67,0.15,logitnorm,none
City-B,T5,2x,320.0,S0a_RoutineOracle,cross_regime,M_stress,500,True,1,614.4,341.4,0.0,0.4444,1.0,dist_logitnorm,5,0.67,0.15,logitnorm,none
City-B,T5,2x,320.0,S0b_StressOracle,routine,M_routine,500,True,1,380.0,566.5,0.0,0.0,1.0,dist_logitnorm,5,0.67,0.15,logitnorm,none
City-B,T5,2x,320.0,S0b_StressOracle,cross_regime,M_stress,500,True,1,380.0,380.0,0.0,0.0,1.0,dist_logitnorm,5,0.67,0.15,logitnorm,none
City-B,T5,2x,320.0,S1_CapRR,routine,M_routine,500,True,1,744.5,614.4,0.0,0.1747,1.0,dist_logitnorm,5,0.67,0.15,logitnorm,none
City-B,T5,2x,320.0,S1_CapRR,cross_regime,M_stress,500,True,1,744.5,341.4,0.0,0.5415,1.0,dist_logitnorm,5,0.67,0.15,logitnorm,none
City-B,T5,2x,320.0,S2_Platform,routine,M_routine,500,True,1,553.3,566.5,0.0,0.0,1.0,dist_logitnorm,5,0.67,0.15,logitnorm,none
City-B,T5,2x,320.0,S2_Platform,cross_regime,M_stress,500,True,1,553.3,380.0,0.0,0.3133,1.0,dist_logitnorm,5,0.67,0.15,logitnorm,none
City-B,T5,2x,320.0,S3_Lin4,routine,M_routine,500,True,1,459.1,434.8,0.0,0.053,1.0,dist_logitnorm,5,0.67,0.15,logitnorm,none
City-B,T5,2x,320.0,S3_Lin4,cross_regime,M_stress,500,True,1,459.1,217.6,102.4,0.5261,0.0,dist_logitnorm,5,0.67,0.15,logitnorm,none
City-B,T5,2x,320.0,S4_GlobalCalib,routine,M_routine,500,True,1,498.7,614.4,0.0,0.0,1.0,dist_logitnorm,5,0.67,0.15,logitnorm,none
City-B,T5,2x,320.0,S4_GlobalCalib,cross_regime,M_stress,500,True,1,498.7,341.4,0.0,0.3155,1.0,dist_logitnorm,5,0.67,0.15,logitnorm,none
City-B,T5,2x,320.0,S5_CityCalib,routine,M_routine,500,True,1,493.6,614.4,0.0,0.0,1.0,dist_logitnorm,5,0.67,0.15,logitnorm,none
City-B,T5,2x,320.0,S5_CityCalib,cross_regime,M_stress,500,True,1,493.6,341.4,0.0,0.3085,1.0,dist_logitnorm,5,0.67,0.15,logitnorm,none
City-B,T5,2x,320.0,S6_Q10,routine,M_routine,500,True,1,340.0,614.4,0.0,0.0,1.0,dist_logitnorm,5,0.67,0.15,logitnorm,none
City-B,T5,2x,320.0,S6_Q10,cross_regime,M_stress,500,True,1,340.0,341.4,0.0,0.0,1.0,dist_logitnorm,5,0.67,0.15,logitnorm,none
City-B,T5,5x,800.0,S0a_RoutineOracle,routine,M_routine,500,True,2,1180.9,1180.9,0.0,0.0,1.0,dist_logitnorm,5,0.67,0.15,logitnorm,none
City-B,T5,5x,800.0,S0a_RoutineOracle,cross_regime,M_stress,500,True,2,1180.9,721.3,78.7,0.3892,0.0,dist_logitnorm,5,0.67,0.15,logitnorm,none
City-B,T5,5x,800.0,S0b_StressOracle,routine,M_routine,500,True,3,1056.6,1630.0,0.0,0.0,1.0,dist_logitnorm,5,0.67,0.15,logitnorm,none
City-B,T5,5x,800.0,S0b_StressOracle,cross_regime,M_stress,500,True,3,1056.6,1056.6,0.0,0.0,1.0,dist_logitnorm,5,0.67,0.15,logitnorm,none
City-B,T5,5x,800.0,S1_CapRR,routine,M_routine,500,True,2,1485.4,1180.9,0.0,0.205,1.0,dist_logitnorm,5,0.67,0.15,logitnorm,none
City-B,T5,5x,800.0,S1_CapRR,cross_regime,M_stress,500,True,2,1485.4,721.3,78.7,0.5144,0.0,dist_logitnorm,5,0.67,0.15,logitnorm,none
City-B,T5,5x,800.0,S2_Platform,routine,M_routine,500,True,2,1093.7,1001.3,0.0,0.0845,1.0,dist_logitnorm,5,0.67,0.15,logitnorm,none
City-B,T5,5x,800.0,S2_Platform,cross_regime,M_stress,500,True,2,1093.7,597.5,202.5,0.4537,0.0,dist_logitnorm,5,0.67,0.15,logitnorm,none
City-B,T5,5x,800.0,S3_Lin4,routine,M_routine,500,True,2,912.1,883.9,0.0,0.031,1.0,dist_logitnorm,5,0.67,0.15,logitnorm,none
City-B,T5,5x,800.0,S3_Lin4,cross_regime,M_stress,500,True,2,912.1,552.8,247.2,0.3939,0.0,dist_logitnorm,5,0.67,0.15,logitnorm,none
City-B,T5,5x,800.0,S4_GlobalCalib,routine,M_routine,500,True,2,995.1,1180.9,0.0,0.0,1.0,dist_logitnorm,5,0.67,0.15,logitnorm,none
City-B,T5,5x,800.0,S4_GlobalCalib,cross_regime,M_stress,500,True,2,995.1,721.3,78.7,0.2751,0.0,dist_logitnorm,5,0.67,0.15,logitnorm,none
City-B,T5,5x,800.0,S5_CityCalib,routine,M_routine,500,True,2,984.9,1180.9,0.0,0.0,1.0,dist_logitnorm,5,0.67,0.15,logitnorm,none
City-B,T5,5x,800.0,S5_CityCalib,cross_regime,M_stress,500,True,2,984.9,721.3,78.7,0.2676,0.0,dist_logitnorm,5,0.67,0.15,logitnorm,none
City-B,T5,5x,800.0,S6_Q10,routine,M_routine,500,True,3,1006.6,1615.7,0.0,0.0,1.0,dist_logitnorm,5,0.67,0.15,logitnorm,none
City-B,T5,5x,800.0,S6_Q10,cross_regime,M_stress,500,True,3,1006.6,938.9,0.0,0.0673,1.0,dist_logitnorm,5,0.67,0.15,logitnorm,none
City-B,T5,10x,1600.0,S0a_RoutineOracle,routine,M_routine,500,True,3,1717.1,1717.1,0.0,0.0,1.0,dist_logitnorm,5,0.67,0.15,logitnorm,none
City-B,T5,10x,1600.0,S0a_RoutineOracle,cross_regime,M_stress,500,True,3,1717.1,1034.7,565.3,0.3974,0.0,dist_logitnorm,5,0.67,0.15,logitnorm,none
City-B,T5,10x,1600.0,S0b_StressOracle,routine,M_routine,500,True,5,1640.8,2524.2,0.0,0.0,1.0,dist_logitnorm,5,0.67,0.15,logitnorm,none
City-B,T5,10x,1600.0,S0b_StressOracle,cross_regime,M_stress,500,True,5,1640.8,1640.8,0.0,0.0,1.0,dist_logitnorm,5,0.67,0.15,logitnorm,none
City-B,T5,10x,1600.0,S1_CapRR,routine,M_routine,500,True,3,2203.9,1615.7,0.0,0.2669,1.0,dist_logitnorm,5,0.67,0.15,logitnorm,none
City-B,T5,10x,1600.0,S1_CapRR,cross_regime,M_stress,500,True,3,2203.9,938.9,661.1,0.574,0.0,dist_logitnorm,5,0.67,0.15,logitnorm,none
City-B,T5,10x,1600.0,S2_Platform,routine,M_routine,500,True,4,2025.8,1986.5,0.0,0.0194,1.0,dist_logitnorm,5,0.67,0.15,logitnorm,none
City-B,T5,10x,1600.0,S2_Platform,cross_regime,M_stress,500,True,4,2025.8,1246.1,353.9,0.3849,0.0,dist_logitnorm,5,0.67,0.15,logitnorm,none
City-B,T5,10x,1600.0,S3_Lin4,routine,M_routine,500,True,4,1800.9,2064.8,0.0,0.0,1.0,dist_logitnorm,5,0.67,0.15,logitnorm,none
City-B,T5,10x,1600.0,S3_Lin4,cross_regime,M_stress,500,True,4,1800.9,1274.1,325.9,0.2925,0.0,dist_logitnorm,5,0.67,0.15,logitnorm,none
City-B,T5,10x,1600.0,S4_GlobalCalib,routine,M_routine,500,True,4,1947.2,2064.8,0.0,0.0,1.0,dist_logitnorm,5,0.67,0.15,logitnorm,none
City-B,T5,10x,1600.0,S4_GlobalCalib,cross_regime,M_stress,500,True,4,1947.2,1274.1,325.9,0.3457,0.0,dist_logitnorm,5,0.67,0.15,logitnorm,none
City-B,T5,10x,1600.0,S5_CityCalib,routine,M_routine,500,True,4,1927.4,2064.8,0.0,0.0,1.0,dist_logitnorm,5,0.67,0.15,logitnorm,none
City-B,T5,10x,1600.0,S5_CityCalib,cross_regime,M_stress,500,True,4,1927.4,1274.1,325.9,0.3389,0.0,dist_logitnorm,5,0.67,0.15,logitnorm,none
City-B,T5,10x,1600.0,S6_Q10,routine,M_routine,500,True,5,1608.6,2601.0,0.0,0.0,1.0,dist_logitnorm,5,0.67,0.15,logitnorm,none
City-B,T5,10x,1600.0,S6_Q10,cross_regime,M_stress,500,True,5,1608.6,1587.5,12.5,0.0131,0.0,dist_logitnorm,5,0.67,0.15,logitnorm,none
City-C,T1,1x,180.0,S0a_RoutineOracle,routine,M_routine,650,True,1,482.7,482.7,0.0,0.0,1.0,dist_logitnorm,5,0.67,0.15,logitnorm,none
City-C,T1,1x,180.0,S0a_RoutineOracle,cross_regime,M_stress,650,True,1,482.7,266.7,0.0,0.4476,1.0,dist_logitnorm,5,0.67,0.15,logitnorm,none
City-C,T1,1x,180.0,S0b_StressOracle,routine,M_routine,650,True,1,319.3,186.0,0.0,0.4174,1.0,dist_logitnorm,5,0.67,0.15,logitnorm,none
City-C,T1,1x,180.0,S0b_StressOracle,cross_regime,M_stress,650,True,1,319.3,319.3,0.0,0.0,1.0,dist_logitnorm,5,0.67,0.15,logitnorm,none
City-C,T1,1x,180.0,S1_CapRR,routine,M_routine,650,True,1,737.0,476.0,0.0,0.3542,1.0,dist_logitnorm,5,0.67,0.15,logitnorm,none
City-C,T1,1x,180.0,S1_CapRR,cross_regime,M_stress,650,True,1,737.0,301.3,0.0,0.5912,1.0,dist_logitnorm,5,0.67,0.15,logitnorm,none
City-C,T1,1x,180.0,S2_Platform,routine,M_routine,650,True,1,460.9,476.0,0.0,0.0,1.0,dist_logitnorm,5,0.67,0.15,logitnorm,none
City-C,T1,1x,180.0,S2_Platform,cross_regime,M_stress,650,True,1,460.9,301.3,0.0,0.3463,1.0,dist_logitnorm,5,0.67,0.15,logitnorm,none
City-C,T1,1x,180.0,S3_Lin4,routine,M_routine,650,True,1,421.7,476.0,0.0,0.0,1.0,dist_logitnorm,5,0.67,0.15,logitnorm,none
City-C,T1,1x,180.0,S3_Lin4,cross_regime,M_stress,650,True,1,421.7,301.3,0.0,0.2856,1.0,dist_logitnorm,5,0.67,0.15,logitnorm,none
City-C,T1,1x,180.0,S4_GlobalCalib,routine,M_routine,650,True,1,497.1,476.0,0.0,0.0425,1.0,dist_logitnorm,5,0.67,0.15,logitnorm,none
City-C,T1,1x,180.0,S4_GlobalCalib,cross_regime,M_stress,650,True,1,497.1,301.3,0.0,0.394,1.0,dist_logitnorm,5,0.67,0.15,logitnorm,none
City-C,T1,1x,180.0,S5_CityCalib,routine,M_routine,650,True,1,504.6,476.0,0.0,0.0566,1.0,dist_logitnorm,5,0.67,0.15,logitnorm,none
City-C,T1,1x,180.0,S5_CityCalib,cross_regime,M_stress,650,True,1,504.6,301.3,0.0,0.4029,1.0,dist_logitnorm,5,0.67,0.15,logitnorm,none
City-C,T1,1x,180.0,S6_Q10,routine,M_routine,650,True,1,335.6,476.0,0.0,0.0,1.0,dist_logitnorm,5,0.67,0.15,logitnorm,none
City-C,T1,1x,180.0,S6_Q10,cross_regime,M_stress,650,True,1,335.6,301.3,0.0,0.1024,1.0,dist_logitnorm,5,0.67,0.15,logitnorm,none
City-C,T1,2x,360.0,S0a_RoutineOracle,routine,M_routine,650,True,1,482.7,482.7,0.0,0.0,1.0,dist_logitnorm,5,0.67,0.15,logitnorm,none
City-C,T1,2x,360.0,S0a_RoutineOracle,cross_regime,M_stress,650,True,1,482.7,266.7,93.3,0.4476,0.0,dist_logitnorm,5,0.67,0.15,logitnorm,none
City-C,T1,2x,360.0,S0b_StressOracle,routine,M_routine,650,True,2,622.9,506.0,0.0,0.1877,1.0,dist_logitnorm,5,0.67,0.15,logitnorm,none
City-C,T1,2x,360.0,S0b_StressOracle,cross_regime,M_stress,650,True,2,622.9,622.9,0.0,0.0,1.0,dist_logitnorm,5,0.67,0.15,logitnorm,none
City-C,T1,2x,360.0,S1_CapRR,routine,M_routine,650,True,1,737.0,476.0,0.0,0.3542,1.0,dist_logitnorm,5,0.67,0.15,logitnorm,none
City-C,T1,2x,360.0,S1_CapRR,cross_regime,M_stress,650,True,1,737.0,301.3,58.7,0.5912,0.0,dist_logitnorm,5,0.67,0.15,logitnorm,none
City-C,T1,2x,360.0,S2_Platform,routine,M_routine,650,True,1,460.9,476.0,0.0,0.0,1.0,dist_logitnorm,5,0.67,0.15,logitnorm,none
City-C,T1,2x,360.0,S2_Platform,cross_regime,M_stress,650,True,1,460.9,301.3,58.7,0.3463,0.0,dist_logitnorm,5,0.67,0.15,logitnorm,none
City-C,T1,2x,360.0,S3_Lin4,routine,M_routine,650,True,1,421.7,476.0,0.0,0.0,1.0,dist_logitnorm,5,0.67,0.15,logitnorm,none
City-C,T1,2x,360.0,S3_Lin4,cross_regime,M_stress,650,True,1,421.7,301.3,58.7,0.2856,0.0,dist_logitnorm,5,0.67,0.15,logitnorm,none
City-C,T1,2x,360.0,S4_GlobalCalib,routine,M_routine,650,True,1,497.1,476.0,0.0,0.0425,1.0,dist_logitnorm,5,0.67,0.15,logitnorm,none
City-C,T1,2x,360.0,S4_GlobalCalib,cross_regime,M_stress,650,True,1,497.1,301.3,58.7,0.394,0.0,dist_logitnorm,5,0.67,0.15,logitnorm,none
City-C,T1,2x,360.0,S5_CityCalib,routine,M_routine,650,True,1,504.6,476.0,0.0,0.0566,1.0,dist_logitnorm,5,0.67,0.15,logitnorm,none
City-C,T1,2x,360.0,S5_CityCalib,cross_regime,M_stress,650,True,1,504.6,301.3,58.7,0.4029,0.0,dist_logitnorm,5,0.67,0.15,logitnorm,none
City-C,T1,2x,360.0,S6_Q10,routine,M_routine,650,True,2,655.6,662.0,0.0,0.0,1.0,dist_logitnorm,5,0.67,0.15,logitnorm,none
City-C,T1,2x,360.0,S6_Q10,cross_regime,M_stress,650,True,2,655.6,620.6,0.0,0.0534,1.0,dist_logitnorm,5,0.67,0.15,logitnorm,none
City-C,T1,5x,900.0,S0a_RoutineOracle,routine,M_routine,650,True,2,958.7,958.7,0.0,0.0,1.0,dist_logitnorm,5,0.67,0.15,logitnorm,none
City-C,T1,5x,900.0,S0a_RoutineOracle,cross_regime,M_stress,650,True,2,958.7,567.9,332.1,0.4076,0.0,dist_logitnorm,5,0.67,0.15,logitnorm,none
City-C,T1,5x,900.0,S0b_StressOracle,routine,M_routine,650,True,3,924.2,982.0,0.0,0.0,1.0,dist_logitnorm,5,0.67,0.15,logitnorm,none
City-C,T1,5x,900.0,S0b_StressOracle,cross_regime,M_stress,650,True,3,924.2,924.2,0.0,0.0,1.0,dist_logitnorm,5,0.67,0.15,logitnorm,none
City-C,T1,5x,900.0,S1_CapRR,routine,M_routine,650,True,2,1439.5,662.0,238.0,0.5401,0.0,dist_logitnorm,5,0.67,0.15,logitnorm,none
City-C,T1,5x,900.0,S1_CapRR,cross_regime,M_stress,650,True,2,1439.5,620.6,279.4,0.5689,0.0,dist_logitnorm,5,0.67,0.15,logitnorm,none
City-C,T1,5x,900.0,S2_Platform,routine,M_routine,650,True,2,904.5,662.0,238.0,0.2681,0.0,dist_logitnorm,5,0.67,0.15,logitnorm,none
City-C,T1,5x,900.0,S2_Platform,cross_regime,M_stress,650,True,2,904.5,620.6,279.4,0.3139,0.0,dist_logitnorm,5,0.67,0.15,logitnorm,none
City-C,T1,5x,900.0,S3_Lin4,routine,M_routine,650,True,3,1222.7,1144.8,0.0,0.0638,1.0,dist_logitnorm,5,0.67,0.15,logitnorm,none
City-C,T1,5x,900.0,S3_Lin4,cross_regime,M_stress,650,True,3,1222.7,887.2,12.8,0.2744,0.0,dist_logitnorm,5,0.67,0.15,logitnorm,none
City-C,T1,5x,900.0,S4_GlobalCalib,routine,M_routine,650,True,2,970.9,662.0,238.0,0.3181,0.0,dist_logitnorm,5,0.67,0.15,logitnorm,none
City-C,T1,5x,900.0,S4_GlobalCalib,cross_regime,M_stress,650,True,2,970.9,620.6,279.4,0.3608,0.0,dist_logitnorm,5,0.67,0.15,logitnorm,none
City-C,T1,5x,900.0,S5_CityCalib,routine,M_routine,650,True,2,985.3,662.0,238.0,0.3281,0.0,dist_logitnorm,5,0.67,0.15,logitnorm,none
City-C,T1,5x,900.0,S5_CityCalib,cross_regime,M_stress,650,True,2,985.3,620.6,279.4,0.3702,0.0,dist_logitnorm,5,0.67,0.15,logitnorm,none
City-C,T1,5x,900.0,S6_Q10,routine,M_routine,650,True,3,947.7,1144.8,0.0,0.0,1.0,dist_logitnorm,5,0.67,0.15,logitnorm,none
City-C,T1,5x,900.0,S6_Q10,cross_regime,M_stress,650,True,3,947.7,887.2,12.8,0.0638,0.0,dist_logitnorm,5,0.67,0.15,logitnorm,none
City-C,T1,10x,1800.0,S0a_RoutineOracle,routine,M_routine,650,True,4,1859.9,1859.9,0.0,0.0,1.0,dist_logitnorm,5,0.67,0.15,logitnorm,none
City-C,T1,10x,1800.0,S0a_RoutineOracle,cross_regime,M_stress,650,True,4,1859.9,1118.0,682.0,0.3989,0.0,dist_logitnorm,5,0.67,0.15,logitnorm,none
City-C,T1,10x,1800.0,S0b_StressOracle,routine,M_routine,650,True,7,2072.1,2373.1,0.0,0.0,1.0,dist_logitnorm,5,0.67,0.15,logitnorm,none
City-C,T1,10x,1800.0,S0b_StressOracle,cross_regime,M_stress,650,True,7,2072.1,2072.1,0.0,0.0,1.0,dist_logitnorm,5,0.67,0.15,logitnorm,none
City-C,T1,10x,1800.0,S1_CapRR,routine,M_routine,650,True,3,2081.1,1144.8,655.2,0.4499,0.0,dist_logitnorm,5,0.67,0.15,logitnorm,none
City-C,T1,10x,1800.0,S1_CapRR,cross_regime,M_stress,650,True,3,2081.1,887.2,912.8,0.5737,0.0,dist_logitnorm,5,0.67,0.15,logitnorm,none
City-C,T1,10x,1800.0,S2_Platform,routine,M_routine,650,True,5,2117.9,1903.1,0.0,0.1014,1.0,dist_logitnorm,5,0.67,0.15,logitnorm,none
City-C,T1,10x,1800.0,S2_Platform,cross_regime,M_stress,650,True,5,2117.9,1341.6,458.4,0.3665,0.0,dist_logitnorm,5,0.67,0.15,logitnorm,none
City-C,T1,10x,1800.0,S3_Lin4,routine,M_routine,650,True,5,1989.8,2003.0,0.0,0.0,1.0,dist_logitnorm,5,0.67,0.15,logitnorm,none
City-C,T1,10x,1800.0,S3_Lin4,cross_regime,M_stress,650,True,5,1989.8,1301.3,498.7,0.346,0.0,dist_logitnorm,5,0.67,0.15,logitnorm,none
City-C,T1,10x,1800.0,S4_GlobalCalib,routine,M_routine,650,True,5,2188.4,1962.4,0.0,0.1032,1.0,dist_logitnorm,5,0.67,0.15,logitnorm,none
City-C,T1,10x,1800.0,S4_GlobalCalib,cross_regime,M_stress,650,True,5,2188.4,1461.2,338.8,0.3323,0.0,dist_logitnorm,5,0.67,0.15,logitnorm,none
City-C,T1,10x,1800.0,S5_CityCalib,routine,M_routine,650,True,4,1824.2,1510.0,290.0,0.1722,0.0,dist_logitnorm,5,0.67,0.15,logitnorm,none
City-C,T1,10x,1800.0,S5_CityCalib,cross_regime,M_stress,650,True,4,1824.2,1165.8,634.2,0.3609,0.0,dist_logitnorm,5,0.67,0.15,logitnorm,none
City-C,T1,10x,1800.0,S6_Q10,routine,M_routine,650,True,7,1991.4,2777.2,0.0,0.0,1.0,dist_logitnorm,5,0.67,0.15,logitnorm,none
City-C,T1,10x,1800.0,S6_Q10,cross_regime,M_stress,650,True,7,1991.4,1920.1,0.0,0.0358,1.0,dist_logitnorm,5,0.67,0.15,logitnorm,none
City-C,T2,1x,260.0,S0a_RoutineOracle,routine,M_routine,650,True,1,526.2,526.2,0.0,0.0,1.0,dist_logitnorm,5,0.67,0.15,logitnorm,none
City-C,T2,1x,260.0,S0a_RoutineOracle,cross_regime,M_stress,650,True,1,526.2,316.1,0.0,0.3993,1.0,dist_logitnorm,5,0.67,0.15,logitnorm,none
City-C,T2,1x,260.0,S0b_StressOracle,routine,M_routine,650,True,1,349.9,437.9,0.0,0.0,1.0,dist_logitnorm,5,0.67,0.15,logitnorm,none
City-C,T2,1x,260.0,S0b_StressOracle,cross_regime,M_stress,650,True,1,349.9,349.9,0.0,0.0,1.0,dist_logitnorm,5,0.67,0.15,logitnorm,none
City-C,T2,1x,260.0,S1_CapRR,routine,M_routine,650,True,1,737.0,350.2,0.0,0.5249,1.0,dist_logitnorm,5,0.67,0.15,logitnorm,none
City-C,T2,1x,260.0,S1_CapRR,cross_regime,M_stress,650,True,1,737.0,302.9,0.0,0.5891,1.0,dist_logitnorm,5,0.67,0.15,logitnorm,none
City-C,T2,1x,260.0,S2_Platform,routine,M_routine,650,True,1,467.3,350.2,0.0,0.2506,1.0,dist_logitnorm,5,0.67,0.15,logitnorm,none
City-C,T2,1x,260.0,S2_Platform,cross_regime,M_stress,650,True,1,467.3,302.9,0.0,0.3519,1.0,dist_logitnorm,5,0.67,0.15,logitnorm,none
City-C,T2,1x,260.0,S3_Lin4,routine,M_routine,650,True,1,422.5,350.2,0.0,0.171,1.0,dist_logitnorm,5,0.67,0.15,logitnorm,none
City-C,T2,1x,260.0,S3_Lin4,cross_regime,M_stress,650,True,1,422.5,302.9,0.0,0.2831,1.0,dist_logitnorm,5,0.67,0.15,logitnorm,none
City-C,T2,1x,260.0,S4_GlobalCalib,routine,M_routine,650,True,1,494.7,350.2,0.0,0.2922,1.0,dist_logitnorm,5,0.67,0.15,logitnorm,none
City-C,T2,1x,260.0,S4_GlobalCalib,cross_regime,M_stress,650,True,1,494.7,302.9,0.0,0.3878,1.0,dist_logitnorm,5,0.67,0.15,logitnorm,none
City-C,T2,1x,260.0,S5_CityCalib,routine,M_routine,650,True,1,496.0,350.2,0.0,0.2939,1.0,dist_logitnorm,5,0.67,0.15,logitnorm,none
City-C,T2,1x,260.0,S5_CityCalib,cross_regime,M_stress,650,True,1,496.0,302.9,0.0,0.3894,1.0,dist_logitnorm,5,0.67,0.15,logitnorm,none
City-C,T2,1x,260.0,S6_Q10,routine,M_routine,650,True,1,335.8,350.2,0.0,0.0,1.0,dist_logitnorm,5,0.67,0.15,logitnorm,none
City-C,T2,1x,260.0,S6_Q10,cross_regime,M_stress,650,True,1,335.8,302.9,0.0,0.0982,1.0,dist_logitnorm,5,0.67,0.15,logitnorm,none
City-C,T2,2x,520.0,S0a_RoutineOracle,routine,M_routine,650,True,1,526.2,526.2,0.0,0.0,1.0,dist_logitnorm,5,0.67,0.15,logitnorm,none
City-C,T2,2x,520.0,S0a_RoutineOracle,cross_regime,M_stress,650,True,1,526.2,316.1,203.9,0.3993,0.0,dist_logitnorm,5,0.67,0.15,logitnorm,none
City-C,T2,2x,520.0,S0b_StressOracle,routine,M_routine,650,True,2,666.0,964.1,0.0,0.0,1.0,dist_logitnorm,5,0.67,0.15,logitnorm,none
City-C,T2,2x,520.0,S0b_StressOracle,cross_regime,M_stress,650,True,2,666.0,666.0,0.0,0.0,1.0,dist_logitnorm,5,0.67,0.15,logitnorm,none
City-C,T2,2x,520.0,S1_CapRR,routine,M_routine,650,True,1,737.0,350.2,169.8,0.5249,0.0,dist_logitnorm,5,0.67,0.15,logitnorm,none
City-C,T2,2x,520.0,S1_CapRR,cross_regime,M_stress,650,True,1,737.0,302.9,217.1,0.5891,0.0,dist_logitnorm,5,0.67,0.15,logitnorm,none
City-C,T2,2x,520.0,S2_Platform,routine,M_routine,650,True,2,902.1,848.4,0.0,0.0594,1.0,dist_logitnorm,5,0.67,0.15,logitnorm,none
City-C,T2,2x,520.0,S2_Platform,cross_regime,M_stress,650,True,2,902.1,578.2,0.0,0.359,1.0,dist_logitnorm,5,0.67,0.15,logitnorm,none
City-C,T2,2x,520.0,S3_Lin4,routine,M_routine,650,True,2,827.4,848.4,0.0,0.0,1.0,dist_logitnorm,5,0.67,0.15,logitnorm,none
City-C,T2,2x,520.0,S3_Lin4,cross_regime,M_stress,650,True,2,827.4,578.2,0.0,0.3012,1.0,dist_logitnorm,5,0.67,0.15,logitnorm,none
City-C,T2,2x,520.0,S4_GlobalCalib,routine,M_routine,650,True,2,966.3,848.4,0.0,0.122,1.0,dist_logitnorm,5,0.67,0.15,logitnorm,none
City-C,T2,2x,520.0,S4_GlobalCalib,cross_regime,M_stress,650,True,2,966.3,578.2,0.0,0.4016,1.0,dist_logitnorm,5,0.67,0.15,logitnorm,none
City-C,T2,2x,520.0,S5_CityCalib,routine,M_routine,650,True,2,968.6,848.4,0.0,0.1241,1.0,dist_logitnorm,5,0.67,0.15,logitnorm,none
City-C,T2,2x,520.0,S5_CityCalib,cross_regime,M_stress,650,True,2,968.6,578.2,0.0,0.4031,1.0,dist_logitnorm,5,0.67,0.15,logitnorm,none
City-C,T2,2x,520.0,S6_Q10,routine,M_routine,650,True,2,655.9,848.4,0.0,0.0,1.0,dist_logitnorm,5,0.67,0.15,logitnorm,none
City-C,T2,2x,520.0,S6_Q10,cross_regime,M_stress,650,True,2,655.9,578.2,0.0,0.1185,1.0,dist_logitnorm,5,0.67,0.15,logitnorm,none
City-C,T2,5x,1300.0,S0a_RoutineOracle,routine,M_routine,650,True,3,1491.8,1491.8,0.0,0.0,1.0,dist_logitnorm,5,0.67,0.15,logitnorm,none
City-C,T2,5x,1300.0,S0a_RoutineOracle,cross_regime,M_stress,650,True,3,1491.8,788.0,512.0,0.4718,0.0,dist_logitnorm,5,0.67,0.15,logitnorm,none
City-C,T2,5x,1300.0,S0b_StressOracle,routine,M_routine,650,True,5,1566.4,1969.1,0.0,0.0,1.0,dist_logitnorm,5,0.67,0.15,logitnorm,none
City-C,T2,5x,1300.0,S0b_StressOracle,cross_regime,M_stress,650,True,5,1566.4,1566.4,0.0,0.0,1.0,dist_logitnorm,5,0.67,0.15,logitnorm,none
City-C,T2,5x,1300.0,S1_CapRR,routine,M_routine,650,True,2,1439.5,848.4,451.6,0.4106,0.0,dist_logitnorm,5,0.67,0.15,logitnorm,none
City-C,T2,5x,1300.0,S1_CapRR,cross_regime,M_stress,650,True,2,1439.5,578.2,721.8,0.5983,0.0,dist_logitnorm,5,0.67,0.15,logitnorm,none
City-C,T2,5x,1300.0,S2_Platform,routine,M_routine,650,True,3,1301.1,1286.3,13.7,0.0114,0.0,dist_logitnorm,5,0.67,0.15,logitnorm,none
City-C,T2,5x,1300.0,S2_Platform,cross_regime,M_stress,650,True,3,1301.1,928.1,371.9,0.2867,0.0,dist_logitnorm,5,0.67,0.15,logitnorm,none
City-C,T2,5x,1300.0,S3_Lin4,routine,M_routine,650,True,4,1610.5,1696.9,0.0,0.0,1.0,dist_logitnorm,5,0.67,0.15,logitnorm,none
City-C,T2,5x,1300.0,S3_Lin4,cross_regime,M_stress,650,True,4,1610.5,1099.2,200.8,0.3175,0.0,dist_logitnorm,5,0.67,0.15,logitnorm,none
City-C,T2,5x,1300.0,S4_GlobalCalib,routine,M_routine,650,True,3,1396.9,1286.3,13.7,0.0792,0.0,dist_logitnorm,5,0.67,0.15,logitnorm,none
City-C,T2,5x,1300.0,S4_GlobalCalib,cross_regime,M_stress,650,True,3,1396.9,928.1,371.9,0.3356,0.0,dist_logitnorm,5,0.67,0.15,logitnorm,none
City-C,T2,5x,1300.0,S5_CityCalib,routine,M_routine,650,True,3,1400.3,1286.3,13.7,0.0814,0.0,dist_logitnorm,5,0.67,0.15,logitnorm,none
City-C,T2,5x,1300.0,S5_CityCalib,cross_regime,M_stress,650,True,3,1400.3,928.1,371.9,0.3372,0.0,dist_logitnorm,5,0.67,0.15,logitnorm,none
City-C,T2,5x,1300.0,S6_Q10,routine,M_routine,650,True,5,1478.9,2231.5,0.0,0.0,1.0,dist_logitnorm,5,0.67,0.15,logitnorm,none
City-C,T2,5x,1300.0,S6_Q10,cross_regime,M_stress,650,True,5,1478.9,1519.2,0.0,0.0,1.0,dist_logitnorm,5,0.67,0.15,logitnorm,none
City-C,T2,10x,2600.0,S0a_RoutineOracle,routine,M_routine,650,True,6,2785.9,2785.9,0.0,0.0,1.0,dist_logitnorm,5,0.67,0.15,logitnorm,none
City-C,T2,10x,2600.0,S0a_RoutineOracle,cross_regime,M_stress,650,True,6,2785.9,1575.9,1024.1,0.4343,0.0,dist_logitnorm,5,0.67,0.15,logitnorm,none
City-C,T2,10x,2600.0,S0b_StressOracle,routine,M_routine,650,True,9,2678.4,3598.9,0.0,0.0,1.0,dist_logitnorm,5,0.67,0.15,logitnorm,none
City-C,T2,10x,2600.0,S0b_StressOracle,cross_regime,M_stress,650,True,9,2678.4,2678.4,0.0,0.0,1.0,dist_logitnorm,5,0.67,0.15,logitnorm,none
City-C,T2,10x,2600.0,S1_CapRR,routine,M_routine,650,True,4,2666.6,1705.3,894.7,0.3605,0.0,dist_logitnorm,5,0.67,0.15,logitnorm,none
City-C,T2,10x,2600.0,S1_CapRR,cross_regime,M_stress,650,True,4,2666.6,1203.1,1396.9,0.5488,0.0,dist_logitnorm,5,0.67,0.15,logitnorm,none
City-C,T2,10x,2600.0,S2_Platform,routine,M_routine,650,True,7,2815.8,2988.7,0.0,0.0,1.0,dist_logitnorm,5,0.67,0.15,logitnorm,none
City-C,T2,10x,2600.0,S2_Platform,cross_regime,M_stress,650,True,7,2815.8,1967.0,633.0,0.3014,0.0,dist_logitnorm,5,0.67,0.15,logitnorm,none
City-C,T2,10x,2600.0,S3_Lin4,routine,M_routine,650,True,7,2705.8,3052.3,0.0,0.0,1.0,dist_logitnorm,5,0.67,0.15,logitnorm,none
City-C,T2,10x,2600.0,S3_Lin4,cross_regime,M_stress,650,True,7,2705.8,1873.5,726.5,0.3076,0.0,dist_logitnorm,5,0.67,0.15,logitnorm,none
City-C,T2,10x,2600.0,S4_GlobalCalib,routine,M_routine,650,True,7,2935.0,3030.1,0.0,0.0,1.0,dist_logitnorm,5,0.67,0.15,logitnorm,none
City-C,T2,10x,2600.0,S4_GlobalCalib,cross_regime,M_stress,650,True,7,2935.0,2080.6,519.4,0.2911,0.0,dist_logitnorm,5,0.67,0.15,logitnorm,none
City-C,T2,10x,2600.0,S5_CityCalib,routine,M_routine,650,True,7,2941.7,3030.1,0.0,0.0,1.0,dist_logitnorm,5,0.67,0.15,logitnorm,none
City-C,T2,10x,2600.0,S5_CityCalib,cross_regime,M_stress,650,True,7,2941.7,2080.6,519.4,0.2927,0.0,dist_logitnorm,5,0.67,0.15,logitnorm,none
City-C,T2,10x,2600.0,S6_Q10,routine,M_routine,650,True,10,2735.6,4254.7,0.0,0.0,1.0,dist_logitnorm,5,0.67,0.15,logitnorm,none
City-C,T2,10x,2600.0,S6_Q10,cross_regime,M_stress,650,True,10,2735.6,2724.9,0.0,0.0039,1.0,dist_logitnorm,5,0.67,0.15,logitnorm,none
City-C,T3,1x,200.0,S0a_RoutineOracle,routine,M_routine,650,True,1,548.8,548.8,0.0,0.0,1.0,dist_logitnorm,5,0.67,0.15,logitnorm,none
City-C,T3,1x,200.0,S0a_RoutineOracle,cross_regime,M_stress,650,True,1,548.8,325.8,0.0,0.4062,1.0,dist_logitnorm,5,0.67,0.15,logitnorm,none
City-C,T3,1x,200.0,S0b_StressOracle,routine,M_routine,650,True,1,374.9,471.7,0.0,0.0,1.0,dist_logitnorm,5,0.67,0.15,logitnorm,none
City-C,T3,1x,200.0,S0b_StressOracle,cross_regime,M_stress,650,True,1,374.9,374.9,0.0,0.0,1.0,dist_logitnorm,5,0.67,0.15,logitnorm,none
City-C,T3,1x,200.0,S1_CapRR,routine,M_routine,650,True,1,648.6,471.7,0.0,0.2727,1.0,dist_logitnorm,5,0.67,0.15,logitnorm,none
City-C,T3,1x,200.0,S1_CapRR,cross_regime,M_stress,650,True,1,648.6,374.9,0.0,0.422,1.0,dist_logitnorm,5,0.67,0.15,logitnorm,none
City-C,T3,1x,200.0,S2_Platform,routine,M_routine,650,True,1,456.8,471.7,0.0,0.0,1.0,dist_logitnorm,5,0.67,0.15,logitnorm,none
City-C,T3,1x,200.0,S2_Platform,cross_regime,M_stress,650,True,1,456.8,374.9,0.0,0.1792,1.0,dist_logitnorm,5,0.67,0.15,logitnorm,none
City-C,T3,1x,200.0,S3_Lin4,routine,M_routine,650,True,1,412.4,471.7,0.0,0.0,1.0,dist_logitnorm,5,0.67,0.15,logitnorm,none
City-C,T3,1x,200.0,S3_Lin4,cross_regime,M_stress,650,True,1,412.4,374.9,0.0,0.0908,1.0,dist_logitnorm,5,0.67,0.15,logitnorm,none
City-C,T3,1x,200.0,S4_GlobalCalib,routine,M_routine,650,True,1,437.9,471.7,0.0,0.0,1.0,dist_logitnorm,5,0.67,0.15,logitnorm,none
City-C,T3,1x,200.0,S4_GlobalCalib,cross_regime,M_stress,650,True,1,437.9,374.9,0.0,0.1438,1.0,dist_logitnorm,5,0.67,0.15,logitnorm,none
City-C,T3,1x,200.0,S5_CityCalib,routine,M_routine,650,True,1,439.7,471.7,0.0,0.0,1.0,dist_logitnorm,5,0.67,0.15,logitnorm,none
City-C,T3,1x,200.0,S5_CityCalib,cross_regime,M_stress,650,True,1,439.7,374.9,0.0,0.1473,1.0,dist_logitnorm,5,0.67,0.15,logitnorm,none
City-C,T3,1x,200.0,S6_Q10,routine,M_routine,650,True,1,294.7,471.7,0.0,0.0,1.0,dist_logitnorm,5,0.67,0.15,logitnorm,none
City-C,T3,1x,200.0,S6_Q10,cross_regime,M_stress,650,True,1,294.7,374.9,0.0,0.0,1.0,dist_logitnorm,5,0.67,0.15,logitnorm,none
City-C,T3,2x,400.0,S0a_RoutineOracle,routine,M_routine,650,True,1,548.8,548.8,0.0,0.0,1.0,dist_logitnorm,5,0.67,0.15,logitnorm,none
City-C,T3,2x,400.0,S0a_RoutineOracle,cross_regime,M_stress,650,True,1,548.8,325.8,74.2,0.4062,0.0,dist_logitnorm,5,0.67,0.15,logitnorm,none
City-C,T3,2x,400.0,S0b_StressOracle,routine,M_routine,650,True,2,700.7,1020.5,0.0,0.0,1.0,dist_logitnorm,5,0.67,0.15,logitnorm,none
City-C,T3,2x,400.0,S0b_StressOracle,cross_regime,M_stress,650,True,2,700.7,700.7,0.0,0.0,1.0,dist_logitnorm,5,0.67,0.15,logitnorm,none
City-C,T3,2x,400.0,S1_CapRR,routine,M_routine,650,True,1,648.6,471.7,0.0,0.2727,1.0,dist_logitnorm,5,0.67,0.15,logitnorm,none
City-C,T3,2x,400.0,S1_CapRR,cross_regime,M_stress,650,True,1,648.6,374.9,25.1,0.422,0.0,dist_logitnorm,5,0.67,0.15,logitnorm,none
City-C,T3,2x,400.0,S2_Platform,routine,M_routine,650,True,1,456.8,471.7,0.0,0.0,1.0,dist_logitnorm,5,0.67,0.15,logitnorm,none
City-C,T3,2x,400.0,S2_Platform,cross_regime,M_stress,650,True,1,456.8,374.9,25.1,0.1792,0.0,dist_logitnorm,5,0.67,0.15,logitnorm,none
City-C,T3,2x,400.0,S3_Lin4,routine,M_routine,650,True,1,412.4,471.7,0.0,0.0,1.0,dist_logitnorm,5,0.67,0.15,logitnorm,none
City-C,T3,2x,400.0,S3_Lin4,cross_regime,M_stress,650,True,1,412.4,374.9,25.1,0.0908,0.0,dist_logitnorm,5,0.67,0.15,logitnorm,none
City-C,T3,2x,400.0,S4_GlobalCalib,routine,M_routine,650,True,1,437.9,471.7,0.0,0.0,1.0,dist_logitnorm,5,0.67,0.15,logitnorm,none
City-C,T3,2x,400.0,S4_GlobalCalib,cross_regime,M_stress,650,True,1,437.9,374.9,25.1,0.1438,0.0,dist_logitnorm,5,0.67,0.15,logitnorm,none
City-C,T3,2x,400.0,S5_CityCalib,routine,M_routine,650,True,1,439.7,471.7,0.0,0.0,1.0,dist_logitnorm,5,0.67,0.15,logitnorm,none
City-C,T3,2x,400.0,S5_CityCalib,cross_regime,M_stress,650,True,1,439.7,374.9,25.1,0.1473,0.0,dist_logitnorm,5,0.67,0.15,logitnorm,none
City-C,T3,2x,400.0,S6_Q10,routine,M_routine,650,True,2,575.6,1020.5,0.0,0.0,1.0,dist_logitnorm,5,0.67,0.15,logitnorm,none
City-C,T3,2x,400.0,S6_Q10,cross_regime,M_stress,650,True,2,575.6,700.7,0.0,0.0,1.0,dist_logitnorm,5,0.67,0.15,logitnorm,none
City-C,T3,5x,1000.0,S0a_RoutineOracle,routine,M_routine,650,True,2,1020.5,1020.5,0.0,0.0,1.0,dist_logitnorm,5,0.67,0.15,logitnorm,none
City-C,T3,5x,1000.0,S0a_RoutineOracle,cross_regime,M_stress,650,True,2,1020.5,700.7,299.3,0.3133,0.0,dist_logitnorm,5,0.67,0.15,logitnorm,none
City-C,T3,5x,1000.0,S0b_StressOracle,routine,M_routine,650,True,3,1004.5,1473.9,0.0,0.0,1.0,dist_logitnorm,5,0.67,0.15,logitnorm,none
City-C,T3,5x,1000.0,S0b_StressOracle,cross_regime,M_stress,650,True,3,1004.5,1004.5,0.0,0.0,1.0,dist_logitnorm,5,0.67,0.15,logitnorm,none
City-C,T3,5x,1000.0,S1_CapRR,routine,M_routine,650,True,2,1266.8,1020.5,0.0,0.1944,1.0,dist_logitnorm,5,0.67,0.15,logitnorm,none
City-C,T3,5x,1000.0,S1_CapRR,cross_regime,M_stress,650,True,2,1266.8,700.7,299.3,0.4469,0.0,dist_logitnorm,5,0.67,0.15,logitnorm,none
City-C,T3,5x,1000.0,S2_Platform,routine,M_routine,650,True,3,1285.7,1313.5,0.0,0.0,1.0,dist_logitnorm,5,0.67,0.15,logitnorm,none
City-C,T3,5x,1000.0,S2_Platform,cross_regime,M_stress,650,True,3,1285.7,901.1,98.9,0.2992,0.0,dist_logitnorm,5,0.67,0.15,logitnorm,none
City-C,T3,5x,1000.0,S3_Lin4,routine,M_routine,650,True,3,1197.0,1453.5,0.0,0.0,1.0,dist_logitnorm,5,0.67,0.15,logitnorm,none
City-C,T3,5x,1000.0,S3_Lin4,cross_regime,M_stress,650,True,3,1197.0,886.5,113.5,0.2594,0.0,dist_logitnorm,5,0.67,0.15,logitnorm,none
City-C,T3,5x,1000.0,S4_GlobalCalib,routine,M_routine,650,True,3,1236.1,1453.5,0.0,0.0,1.0,dist_logitnorm,5,0.67,0.15,logitnorm,none
City-C,T3,5x,1000.0,S4_GlobalCalib,cross_regime,M_stress,650,True,3,1236.1,886.5,113.5,0.2828,0.0,dist_logitnorm,5,0.67,0.15,logitnorm,none
City-C,T3,5x,1000.0,S5_CityCalib,routine,M_routine,650,True,3,1241.1,1453.5,0.0,0.0,1.0,dist_logitnorm,5,0.67,0.15,logitnorm,none
City-C,T3,5x,1000.0,S5_CityCalib,cross_regime,M_stress,650,True,3,1241.1,886.5,113.5,0.2857,0.0,dist_logitnorm,5,0.67,0.15,logitnorm,none
City-C,T3,5x,1000.0,S6_Q10,routine,M_routine,650,True,4,1066.3,1802.9,0.0,0.0,1.0,dist_logitnorm,5,0.67,0.15,logitnorm,none
City-C,T3,5x,1000.0,S6_Q10,cross_regime,M_stress,650,True,4,1066.3,1119.3,0.0,0.0,1.0,dist_logitnorm,5,0.67,0.15,logitnorm,none
City-C,T3,10x,2000.0,S0a_RoutineOracle,routine,M_routine,650,True,5,2295.3,2295.3,0.0,0.0,1.0,dist_logitnorm,5,0.67,0.15,logitnorm,none
City-C,T3,10x,2000.0,S0a_RoutineOracle,cross_regime,M_stress,650,True,5,2295.3,1412.7,587.3,0.3845,0.0,dist_logitnorm,5,0.67,0.15,logitnorm,none
City-C,T3,10x,2000.0,S0b_StressOracle,routine,M_routine,650,True,7,2006.7,2815.9,0.0,0.0,1.0,dist_logitnorm,5,0.67,0.15,logitnorm,none
City-C,T3,10x,2000.0,S0b_StressOracle,cross_regime,M_stress,650,True,7,2006.7,2006.7,0.0,0.0,1.0,dist_logitnorm,5,0.67,0.15,logitnorm,none
City-C,T3,10x,2000.0,S1_CapRR,routine,M_routine,650,True,4,2346.7,1802.9,197.1,0.2318,0.0,dist_logitnorm,5,0.67,0.15,logitnorm,none
City-C,T3,10x,2000.0,S1_CapRR,cross_regime,M_stress,650,True,4,2346.7,1119.3,880.7,0.523,0.0,dist_logitnorm,5,0.67,0.15,logitnorm,none
City-C,T3,10x,2000.0,S2_Platform,routine,M_routine,650,True,5,2048.1,2072.3,0.0,0.0,1.0,dist_logitnorm,5,0.67,0.15,logitnorm,none
City-C,T3,10x,2000.0,S2_Platform,cross_regime,M_stress,650,True,5,2048.1,1327.1,672.9,0.352,0.0,dist_logitnorm,5,0.67,0.15,logitnorm,none
City-C,T3,10x,2000.0,S3_Lin4,routine,M_routine,650,True,6,2309.3,2644.0,0.0,0.0,1.0,dist_logitnorm,5,0.67,0.15,logitnorm,none
City-C,T3,10x,2000.0,S3_Lin4,cross_regime,M_stress,650,True,6,2309.3,1664.3,335.7,0.2793,0.0,dist_logitnorm,5,0.67,0.15,logitnorm,none
City-C,T3,10x,2000.0,S4_GlobalCalib,routine,M_routine,650,True,6,2264.3,2574.4,0.0,0.0,1.0,dist_logitnorm,5,0.67,0.15,logitnorm,none
City-C,T3,10x,2000.0,S4_GlobalCalib,cross_regime,M_stress,650,True,6,2264.3,1700.7,299.3,0.2489,0.0,dist_logitnorm,5,0.67,0.15,logitnorm,none
City-C,T3,10x,2000.0,S5_CityCalib,routine,M_routine,650,True,6,2273.3,2574.4,0.0,0.0,1.0,dist_logitnorm,5,0.67,0.15,logitnorm,none
City-C,T3,10x,2000.0,S5_CityCalib,cross_regime,M_stress,650,True,6,2273.3,1700.7,299.3,0.2519,0.0,dist_logitnorm,5,0.67,0.15,logitnorm,none
City-C,T3,10x,2000.0,S6_Q10,routine,M_routine,650,True,9,2185.5,3364.2,0.0,0.0,1.0,dist_logitnorm,5,0.67,0.15,logitnorm,none
City-C,T3,10x,2000.0,S6_Q10,cross_regime,M_stress,650,True,9,2185.5,2275.0,0.0,0.0,1.0,dist_logitnorm,5,0.67,0.15,logitnorm,none
City-C,T4,1x,140.0,S0a_RoutineOracle,routine,M_routine,650,True,1,504.3,504.3,0.0,0.0,1.0,dist_logitnorm,5,0.67,0.15,logitnorm,none
City-C,T4,1x,140.0,S0a_RoutineOracle,cross_regime,M_stress,650,True,1,504.3,272.7,0.0,0.4592,1.0,dist_logitnorm,5,0.67,0.15,logitnorm,none
City-C,T4,1x,140.0,S0b_StressOracle,routine,M_routine,650,True,1,305.8,386.5,0.0,0.0,1.0,dist_logitnorm,5,0.67,0.15,logitnorm,none
City-C,T4,1x,140.0,S0b_StressOracle,cross_regime,M_stress,650,True,1,305.8,305.8,0.0,0.0,1.0,dist_logitnorm,5,0.67,0.15,logitnorm,none
City-C,T4,1x,140.0,S1_CapRR,routine,M_routine,650,True,1,737.0,504.3,0.0,0.3158,1.0,dist_logitnorm,5,0.67,0.15,logitnorm,none
City-C,T4,1x,140.0,S1_CapRR,cross_regime,M_stress,650,True,1,737.0,272.7,0.0,0.63,1.0,dist_logitnorm,5,0.67,0.15,logitnorm,none
City-C,T4,1x,140.0,S2_Platform,routine,M_routine,650,True,1,377.7,298.9,0.0,0.2087,1.0,dist_logitnorm,5,0.67,0.15,logitnorm,none
City-C,T4,1x,140.0,S2_Platform,cross_regime,M_stress,650,True,1,377.7,284.7,0.0,0.2461,1.0,dist_logitnorm,5,0.67,0.15,logitnorm,none
City-C,T4,1x,140.0,S3_Lin4,routine,M_routine,650,True,1,423.7,504.3,0.0,0.0,1.0,dist_logitnorm,5,0.67,0.15,logitnorm,none
City-C,T4,1x,140.0,S3_Lin4,cross_regime,M_stress,650,True,1,423.7,272.7,0.0,0.3563,1.0,dist_logitnorm,5,0.67,0.15,logitnorm,none
City-C,T4,1x,140.0,S4_GlobalCalib,routine,M_routine,650,True,1,496.3,504.3,0.0,0.0,1.0,dist_logitnorm,5,0.67,0.15,logitnorm,none
City-C,T4,1x,140.0,S4_GlobalCalib,cross_regime,M_stress,650,True,1,496.3,272.7,0.0,0.4504,1.0,dist_logitnorm,5,0.67,0.15,logitnorm,none
City-C,T4,1x,140.0,S5_CityCalib,routine,M_routine,650,True,1,503.4,504.3,0.0,0.0,1.0,dist_logitnorm,5,0.67,0.15,logitnorm,none
City-C,T4,1x,140.0,S5_CityCalib,cross_regime,M_stress,650,True,1,503.4,272.7,0.0,0.4582,1.0,dist_logitnorm,5,0.67,0.15,logitnorm,none
City-C,T4,1x,140.0,S6_Q10,routine,M_routine,650,True,1,335.9,504.3,0.0,0.0,1.0,dist_logitnorm,5,0.67,0.15,logitnorm,none
City-C,T4,1x,140.0,S6_Q10,cross_regime,M_stress,650,True,1,335.9,272.7,0.0,0.1879,1.0,dist_logitnorm,5,0.67,0.15,logitnorm,none
City-C,T4,2x,280.0,S0a_RoutineOracle,routine,M_routine,650,True,1,504.3,504.3,0.0,0.0,1.0,dist_logitnorm,5,0.67,0.15,logitnorm,none
City-C,T4,2x,280.0,S0a_RoutineOracle,cross_regime,M_stress,650,True,1,504.3,272.7,7.3,0.4592,0.0,dist_logitnorm,5,0.67,0.15,logitnorm,none
City-C,T4,2x,280.0,S0b_StressOracle,routine,M_routine,650,True,1,305.8,386.5,0.0,0.0,1.0,dist_logitnorm,5,0.67,0.15,logitnorm,none
City-C,T4,2x,280.0,S0b_StressOracle,cross_regime,M_stress,650,True,1,305.8,305.8,0.0,0.0,1.0,dist_logitnorm,5,0.67,0.15,logitnorm,none
City-C,T4,2x,280.0,S1_CapRR,routine,M_routine,650,True,1,737.0,504.3,0.0,0.3158,1.0,dist_logitnorm,5,0.67,0.15,logitnorm,none
City-C,T4,2x,280.0,S1_CapRR,cross_regime,M_stress,650,True,1,737.0,272.7,7.3,0.63,0.0,dist_logitnorm,5,0.67,0.15,logitnorm,none
City-C,T4,2x,280.0,S2_Platform,routine,M_routine,650,True,1,377.7,298.9,0.0,0.2087,1.0,dist_logitnorm,5,0.67,0.15,logitnorm,none
City-C,T4,2x,280.0,S2_Platform,cross_regime,M_stress,650,True,1,377.7,284.7,0.0,0.2461,1.0,dist_logitnorm,5,0.67,0.15,logitnorm,none
City-C,T4,2x,280.0,S3_Lin4,routine,M_routine,650,True,1,423.7,504.3,0.0,0.0,1.0,dist_logitnorm,5,0.67,0.15,logitnorm,none
City-C,T4,2x,280.0,S3_Lin4,cross_regime,M_stress,650,True,1,423.7,272.7,7.3,0.3563,0.0,dist_logitnorm,5,0.67,0.15,logitnorm,none
City-C,T4,2x,280.0,S4_GlobalCalib,routine,M_routine,650,True,1,496.3,504.3,0.0,0.0,1.0,dist_logitnorm,5,0.67,0.15,logitnorm,none
City-C,T4,2x,280.0,S4_GlobalCalib,cross_regime,M_stress,650,True,1,496.3,272.7,7.3,0.4504,0.0,dist_logitnorm,5,0.67,0.15,logitnorm,none
City-C,T4,2x,280.0,S5_CityCalib,routine,M_routine,650,True,1,503.4,504.3,0.0,0.0,1.0,dist_logitnorm,5,0.67,0.15,logitnorm,none
City-C,T4,2x,280.0,S5_CityCalib,cross_regime,M_stress,650,True,1,503.4,272.7,7.3,0.4582,0.0,dist_logitnorm,5,0.67,0.15,logitnorm,none
City-C,T4,2x,280.0,S6_Q10,routine,M_routine,650,True,1,335.9,504.3,0.0,0.0,1.0,dist_logitnorm,5,0.67,0.15,logitnorm,none
City-C,T4,2x,280.0,S6_Q10,cross_regime,M_stress,650,True,1,335.9,272.7,7.3,0.1879,0.0,dist_logitnorm,5,0.67,0.15,logitnorm,none
City-C,T4,5x,700.0,S0a_RoutineOracle,routine,M_routine,650,True,2,997.5,997.5,0.0,0.0,1.0,dist_logitnorm,5,0.67,0.15,logitnorm,none
City-C,T4,5x,700.0,S0a_RoutineOracle,cross_regime,M_stress,650,True,2,997.5,519.6,180.4,0.4791,0.0,dist_logitnorm,5,0.67,0.15,logitnorm,none
City-C,T4,5x,700.0,S0b_StressOracle,routine,M_routine,650,True,3,887.8,1150.8,0.0,0.0,1.0,dist_logitnorm,5,0.67,0.15,logitnorm,none
City-C,T4,5x,700.0,S0b_StressOracle,cross_regime,M_stress,650,True,3,887.8,887.8,0.0,0.0,1.0,dist_logitnorm,5,0.67,0.15,logitnorm,none
City-C,T4,5x,700.0,S1_CapRR,routine,M_routine,650,True,1,737.0,504.3,195.7,0.3158,0.0,dist_logitnorm,5,0.67,0.15,logitnorm,none
City-C,T4,5x,700.0,S1_CapRR,cross_regime,M_stress,650,True,1,737.0,272.7,427.3,0.63,0.0,dist_logitnorm,5,0.67,0.15,logitnorm,none
City-C,T4,5x,700.0,S2_Platform,routine,M_routine,650,True,2,738.2,792.1,0.0,0.0,1.0,dist_logitnorm,5,0.67,0.15,logitnorm,none
City-C,T4,5x,700.0,S2_Platform,cross_regime,M_stress,650,True,2,738.2,531.6,168.4,0.2799,0.0,dist_logitnorm,5,0.67,0.15,logitnorm,none
City-C,T4,5x,700.0,S3_Lin4,routine,M_routine,650,True,2,830.8,997.5,0.0,0.0,1.0,dist_logitnorm,5,0.67,0.15,logitnorm,none
City-C,T4,5x,700.0,S3_Lin4,cross_regime,M_stress,650,True,2,830.8,519.6,180.4,0.3746,0.0,dist_logitnorm,5,0.67,0.15,logitnorm,none
City-C,T4,5x,700.0,S4_GlobalCalib,routine,M_routine,650,True,2,969.2,997.5,0.0,0.0,1.0,dist_logitnorm,5,0.67,0.15,logitnorm,none
City-C,T4,5x,700.0,S4_GlobalCalib,cross_regime,M_stress,650,True,2,969.2,519.6,180.4,0.4639,0.0,dist_logitnorm,5,0.67,0.15,logitnorm,none
City-C,T4,5x,700.0,S5_CityCalib,routine,M_routine,650,True,2,983.1,997.5,0.0,0.0,1.0,dist_logitnorm,5,0.67,0.15,logitnorm,none
City-C,T4,5x,700.0,S5_CityCalib,cross_regime,M_stress,650,True,2,983.1,519.6,180.4,0.4715,0.0,dist_logitnorm,5,0.67,0.15,logitnorm,none
City-C,T4,5x,700.0,S6_Q10,routine,M_routine,650,True,3,948.3,1436.1,0.0,0.0,1.0,dist_logitnorm,5,0.67,0.15,logitnorm,none
City-C,T4,5x,700.0,S6_Q10,cross_regime,M_stress,650,True,3,948.3,763.5,0.0,0.1948,1.0,dist_logitnorm,5,0.67,0.15,logitnorm,none
City-C,T4,10x,1400.0,S0a_RoutineOracle,routine,M_routine,650,True,3,1462.9,1462.9,0.0,0.0,1.0,dist_logitnorm,5,0.67,0.15,logitnorm,none
City-C,T4,10x,1400.0,S0a_RoutineOracle,cross_regime,M_stress,650,True,3,1462.9,816.9,583.1,0.4416,0.0,dist_logitnorm,5,0.67,0.15,logitnorm,none
City-C,T4,10x,1400.0,S0b_StressOracle,routine,M_routine,650,True,5,1439.2,1955.3,0.0,0.0,1.0,dist_logitnorm,5,0.67,0.15,logitnorm,none
City-C,T4,10x,1400.0,S0b_StressOracle,cross_regime,M_stress,650,True,5,1439.2,1439.2,0.0,0.0,1.0,dist_logitnorm,5,0.67,0.15,logitnorm,none
City-C,T4,10x,1400.0,S1_CapRR,routine,M_routine,650,True,2,1439.5,997.5,402.5,0.307,0.0,dist_logitnorm,5,0.67,0.15,logitnorm,none
City-C,T4,10x,1400.0,S1_CapRR,cross_regime,M_stress,650,True,2,1439.5,519.6,880.4,0.6391,0.0,dist_logitnorm,5,0.67,0.15,logitnorm,none
City-C,T4,10x,1400.0,S2_Platform,routine,M_routine,650,True,4,1425.4,1450.7,0.0,0.0,1.0,dist_logitnorm,5,0.67,0.15,logitnorm,none
City-C,T4,10x,1400.0,S2_Platform,cross_regime,M_stress,650,True,4,1425.4,1000.1,399.9,0.2984,0.0,dist_logitnorm,5,0.67,0.15,logitnorm,none
City-C,T4,10x,1400.0,S3_Lin4,routine,M_routine,650,True,4,1618.0,1656.9,0.0,0.0,1.0,dist_logitnorm,5,0.67,0.15,logitnorm,none
City-C,T4,10x,1400.0,S3_Lin4,cross_regime,M_stress,650,True,4,1618.0,998.1,401.9,0.3831,0.0,dist_logitnorm,5,0.67,0.15,logitnorm,none
City-C,T4,10x,1400.0,S4_GlobalCalib,routine,M_routine,650,True,3,1401.1,1436.1,0.0,0.0,1.0,dist_logitnorm,5,0.67,0.15,logitnorm,none
City-C,T4,10x,1400.0,S4_GlobalCalib,cross_regime,M_stress,650,True,3,1401.1,763.5,636.5,0.455,0.0,dist_logitnorm,5,0.67,0.15,logitnorm,none
City-C,T4,10x,1400.0,S5_CityCalib,routine,M_routine,650,True,3,1420.9,1436.1,0.0,0.0,1.0,dist_logitnorm,5,0.67,0.15,logitnorm,none
City-C,T4,10x,1400.0,S5_CityCalib,cross_regime,M_stress,650,True,3,1420.9,763.5,636.5,0.4626,0.0,dist_logitnorm,5,0.67,0.15,logitnorm,none
City-C,T4,10x,1400.0,S6_Q10,routine,M_routine,650,True,5,1479.0,2122.7,0.0,0.0,1.0,dist_logitnorm,5,0.67,0.15,logitnorm,none
City-C,T4,10x,1400.0,S6_Q10,cross_regime,M_stress,650,True,5,1479.0,1245.6,154.4,0.1578,0.0,dist_logitnorm,5,0.67,0.15,logitnorm,none
City-C,T5,1x,160.0,S0a_RoutineOracle,routine,M_routine,650,True,1,499.9,499.9,0.0,0.0,1.0,dist_logitnorm,5,0.67,0.15,logitnorm,none
City-C,T5,1x,160.0,S0a_RoutineOracle,cross_regime,M_stress,650,True,1,499.9,310.5,0.0,0.3788,1.0,dist_logitnorm,5,0.67,0.15,logitnorm,none
City-C,T5,1x,160.0,S0b_StressOracle,routine,M_routine,650,True,1,331.9,374.7,0.0,0.0,1.0,dist_logitnorm,5,0.67,0.15,logitnorm,none
City-C,T5,1x,160.0,S0b_StressOracle,cross_regime,M_stress,650,True,1,331.9,331.9,0.0,0.0,1.0,dist_logitnorm,5,0.67,0.15,logitnorm,none
City-C,T5,1x,160.0,S1_CapRR,routine,M_routine,650,True,1,648.6,374.7,0.0,0.4223,1.0,dist_logitnorm,5,0.67,0.15,logitnorm,none
City-C,T5,1x,160.0,S1_CapRR,cross_regime,M_stress,650,True,1,648.6,331.9,0.0,0.4883,1.0,dist_logitnorm,5,0.67,0.15,logitnorm,none
City-C,T5,1x,160.0,S2_Platform,routine,M_routine,650,True,1,451.5,374.7,0.0,0.17,1.0,dist_logitnorm,5,0.67,0.15,logitnorm,none
City-C,T5,1x,160.0,S2_Platform,cross_regime,M_stress,650,True,1,451.5,331.9,0.0,0.2649,1.0,dist_logitnorm,5,0.67,0.15,logitnorm,none
City-C,T5,1x,160.0,S3_Lin4,routine,M_routine,650,True,1,408.6,374.7,0.0,0.0828,1.0,dist_logitnorm,5,0.67,0.15,logitnorm,none
City-C,T5,1x,160.0,S3_Lin4,cross_regime,M_stress,650,True,1,408.6,331.9,0.0,0.1877,1.0,dist_logitnorm,5,0.67,0.15,logitnorm,none
City-C,T5,1x,160.0,S4_GlobalCalib,routine,M_routine,650,True,1,434.4,374.7,0.0,0.1374,1.0,dist_logitnorm,5,0.67,0.15,logitnorm,none
City-C,T5,1x,160.0,S4_GlobalCalib,cross_regime,M_stress,650,True,1,434.4,331.9,0.0,0.236,1.0,dist_logitnorm,5,0.67,0.15,logitnorm,none
City-C,T5,1x,160.0,S5_CityCalib,routine,M_routine,650,True,1,437.4,374.7,0.0,0.1432,1.0,dist_logitnorm,5,0.67,0.15,logitnorm,none
City-C,T5,1x,160.0,S5_CityCalib,cross_regime,M_stress,650,True,1,437.4,331.9,0.0,0.2411,1.0,dist_logitnorm,5,0.67,0.15,logitnorm,none
City-C,T5,1x,160.0,S6_Q10,routine,M_routine,650,True,1,296.3,374.7,0.0,0.0,1.0,dist_logitnorm,5,0.67,0.15,logitnorm,none
City-C,T5,1x,160.0,S6_Q10,cross_regime,M_stress,650,True,1,296.3,331.9,0.0,0.0,1.0,dist_logitnorm,5,0.67,0.15,logitnorm,none
City-C,T5,2x,320.0,S0a_RoutineOracle,routine,M_routine,650,True,1,499.9,499.9,0.0,0.0,1.0,dist_logitnorm,5,0.67,0.15,logitnorm,none
City-C,T5,2x,320.0,S0a_RoutineOracle,cross_regime,M_stress,650,True,1,499.9,310.5,9.5,0.3788,0.0,dist_logitnorm,5,0.67,0.15,logitnorm,none
City-C,T5,2x,320.0,S0b_StressOracle,routine,M_routine,650,True,1,331.9,374.7,0.0,0.0,1.0,dist_logitnorm,5,0.67,0.15,logitnorm,none
City-C,T5,2x,320.0,S0b_StressOracle,cross_regime,M_stress,650,True,1,331.9,331.9,0.0,0.0,1.0,dist_logitnorm,5,0.67,0.15,logitnorm,none
City-C,T5,2x,320.0,S1_CapRR,routine,M_routine,650,True,1,648.6,374.7,0.0,0.4223,1.0,dist_logitnorm,5,0.67,0.15,logitnorm,none
City-C,T5,2x,320.0,S1_CapRR,cross_regime,M_stress,650,True,1,648.6,331.9,0.0,0.4883,1.0,dist_logitnorm,5,0.67,0.15,logitnorm,none
City-C,T5,2x,320.0,S2_Platform,routine,M_routine,650,True,1,451.5,374.7,0.0,0.17,1.0,dist_logitnorm,5,0.67,0.15,logitnorm,none
City-C,T5,2x,320.0,S2_Platform,cross_regime,M_stress,650,True,1,451.5,331.9,0.0,0.2649,1.0,dist_logitnorm,5,0.67,0.15,logitnorm,none
City-C,T5,2x,320.0,S3_Lin4,routine,M_routine,650,True,1,408.6,374.7,0.0,0.0828,1.0,dist_logitnorm,5,0.67,0.15,logitnorm,none
City-C,T5,2x,320.0,S3_Lin4,cross_regime,M_stress,650,True,1,408.6,331.9,0.0,0.1877,1.0,dist_logitnorm,5,0.67,0.15,logitnorm,none
City-C,T5,2x,320.0,S4_GlobalCalib,routine,M_routine,650,True,1,434.4,374.7,0.0,0.1374,1.0,dist_logitnorm,5,0.67,0.15,logitnorm,none
City-C,T5,2x,320.0,S4_GlobalCalib,cross_regime,M_stress,650,True,1,434.4,331.9,0.0,0.236,1.0,dist_logitnorm,5,0.67,0.15,logitnorm,none
City-C,T5,2x,320.0,S5_CityCalib,routine,M_routine,650,True,1,437.4,374.7,0.0,0.1432,1.0,dist_logitnorm,5,0.67,0.15,logitnorm,none
City-C,T5,2x,320.0,S5_CityCalib,cross_regime,M_stress,650,True,1,437.4,331.9,0.0,0.2411,1.0,dist_logitnorm,5,0.67,0.15,logitnorm,none
City-C,T5,2x,320.0,S6_Q10,routine,M_routine,650,True,2,578.6,854.1,0.0,0.0,1.0,dist_logitnorm,5,0.67,0.15,logitnorm,none
City-C,T5,2x,320.0,S6_Q10,cross_regime,M_stress,650,True,2,578.6,616.9,0.0,0.0,1.0,dist_logitnorm,5,0.67,0.15,logitnorm,none
City-C,T5,5x,800.0,S0a_RoutineOracle,routine,M_routine,650,True,2,979.3,979.3,0.0,0.0,1.0,dist_logitnorm,5,0.67,0.15,logitnorm,none
City-C,T5,5x,800.0,S0a_RoutineOracle,cross_regime,M_stress,650,True,2,979.3,595.5,204.5,0.3919,0.0,dist_logitnorm,5,0.67,0.15,logitnorm,none
City-C,T5,5x,800.0,S0b_StressOracle,routine,M_routine,650,True,3,927.4,1354.0,0.0,0.0,1.0,dist_logitnorm,5,0.67,0.15,logitnorm,none
City-C,T5,5x,800.0,S0b_StressOracle,cross_regime,M_stress,650,True,3,927.4,927.4,0.0,0.0,1.0,dist_logitnorm,5,0.67,0.15,logitnorm,none
City-C,T5,5x,800.0,S1_CapRR,routine,M_routine,650,True,2,1266.8,854.1,0.0,0.3258,1.0,dist_logitnorm,5,0.67,0.15,logitnorm,none
City-C,T5,5x,800.0,S1_CapRR,cross_regime,M_stress,650,True,2,1266.8,616.9,183.1,0.513,0.0,dist_logitnorm,5,0.67,0.15,logitnorm,none
City-C,T5,5x,800.0,S2_Platform,routine,M_routine,650,True,2,882.9,674.1,125.9,0.2365,0.0,dist_logitnorm,5,0.67,0.15,logitnorm,none
City-C,T5,5x,800.0,S2_Platform,cross_regime,M_stress,650,True,2,882.9,504.6,295.4,0.4285,0.0,dist_logitnorm,5,0.67,0.15,logitnorm,none
City-C,T5,5x,800.0,S3_Lin4,routine,M_routine,650,True,2,800.2,854.1,0.0,0.0,1.0,dist_logitnorm,5,0.67,0.15,logitnorm,none
City-C,T5,5x,800.0,S3_Lin4,cross_regime,M_stress,650,True,2,800.2,616.9,183.1,0.229,0.0,dist_logitnorm,5,0.67,0.15,logitnorm,none
City-C,T5,5x,800.0,S4_GlobalCalib,routine,M_routine,650,True,2,848.5,854.1,0.0,0.0,1.0,dist_logitnorm,5,0.67,0.15,logitnorm,none
City-C,T5,5x,800.0,S4_GlobalCalib,cross_regime,M_stress,650,True,2,848.5,616.9,183.1,0.2729,0.0,dist_logitnorm,5,0.67,0.15,logitnorm,none
City-C,T5,5x,800.0,S5_CityCalib,routine,M_routine,650,True,2,854.1,854.1,0.0,0.0001,1.0,dist_logitnorm,5,0.67,0.15,logitnorm,none
City-C,T5,5x,800.0,S5_CityCalib,cross_regime,M_stress,650,True,2,854.1,616.9,183.1,0.2778,0.0,dist_logitnorm,5,0.67,0.15,logitnorm,none
City-C,T5,5x,800.0,S6_Q10,routine,M_routine,650,True,3,836.5,1354.0,0.0,0.0,1.0,dist_logitnorm,5,0.67,0.15,logitnorm,none
City-C,T5,5x,800.0,S6_Q10,cross_regime,M_stress,650,True,3,836.5,927.4,0.0,0.0,1.0,dist_logitnorm,5,0.67,0.15,logitnorm,none
City-C,T5,10x,1600.0,S0a_RoutineOracle,routine,M_routine,650,True,4,1825.4,1825.4,0.0,0.0,1.0,dist_logitnorm,5,0.67,0.15,logitnorm,none
City-C,T5,10x,1600.0,S0a_RoutineOracle,cross_regime,M_stress,650,True,4,1825.4,1025.7,574.3,0.4381,0.0,dist_logitnorm,5,0.67,0.15,logitnorm,none
City-C,T5,10x,1600.0,S0b_StressOracle,routine,M_routine,650,True,6,1669.4,2432.9,0.0,0.0,1.0,dist_logitnorm,5,0.67,0.15,logitnorm,none
City-C,T5,10x,1600.0,S0b_StressOracle,cross_regime,M_stress,650,True,6,1669.4,1669.4,0.0,0.0,1.0,dist_logitnorm,5,0.67,0.15,logitnorm,none
City-C,T5,10x,1600.0,S1_CapRR,routine,M_routine,650,True,3,1831.4,1354.0,246.0,0.2607,0.0,dist_logitnorm,5,0.67,0.15,logitnorm,none
City-C,T5,10x,1600.0,S1_CapRR,cross_regime,M_stress,650,True,3,1831.4,927.4,672.6,0.4936,0.0,dist_logitnorm,5,0.67,0.15,logitnorm,none
City-C,T5,10x,1600.0,S2_Platform,routine,M_routine,650,True,4,1670.1,1362.5,237.5,0.1842,0.0,dist_logitnorm,5,0.67,0.15,logitnorm,none
City-C,T5,10x,1600.0,S2_Platform,cross_regime,M_stress,650,True,4,1670.1,863.6,736.4,0.4829,0.0,dist_logitnorm,5,0.67,0.15,logitnorm,none
City-C,T5,10x,1600.0,S3_Lin4,routine,M_routine,650,True,5,1942.1,2074.7,0.0,0.0,1.0,dist_logitnorm,5,0.67,0.15,logitnorm,none
City-C,T5,10x,1600.0,S3_Lin4,cross_regime,M_stress,650,True,5,1942.1,1225.9,374.1,0.3688,0.0,dist_logitnorm,5,0.67,0.15,logitnorm,none
City-C,T5,10x,1600.0,S4_GlobalCalib,routine,M_routine,650,True,5,1912.8,1864.5,0.0,0.0252,1.0,dist_logitnorm,5,0.67,0.15,logitnorm,none
City-C,T5,10x,1600.0,S4_GlobalCalib,cross_regime,M_stress,650,True,5,1912.8,1326.8,273.2,0.3064,0.0,dist_logitnorm,5,0.67,0.15,logitnorm,none
City-C,T5,10x,1600.0,S5_CityCalib,routine,M_routine,650,True,5,1925.3,1864.5,0.0,0.0316,1.0,dist_logitnorm,5,0.67,0.15,logitnorm,none
City-C,T5,10x,1600.0,S5_CityCalib,cross_regime,M_stress,650,True,5,1925.3,1326.8,273.2,0.3109,0.0,dist_logitnorm,5,0.67,0.15,logitnorm,none
City-C,T5,10x,1600.0,S6_Q10,routine,M_routine,650,True,7,1757.7,2460.7,0.0,0.0,1.0,dist_logitnorm,5,0.67,0.15,logitnorm,none
City-C,T5,10x,1600.0,S6_Q10,cross_regime,M_stress,650,True,7,1757.7,1758.8,0.0,0.0,1.0,dist_logitnorm,5,0.67,0.15,logitnorm,none
