city,task_id,p_req_level,p_req,strategy,regime,eval_outcome,pool_size,pool_feasible,n_selected,p_commit,p_deliv,shortfall,ocr,success,config_name,seed_id,xi_mean,xi_std,xi_dist,xi_persistence
City-A,T1,1x,180.0,S0a_RoutineOracle,routine,M_routine,800,True,1,479.7,479.7,0.0,0.0,1.0,std_0.05,8,0.67,0.05,beta,none
City-A,T1,1x,180.0,S0a_RoutineOracle,cross_regime,M_stress,800,True,1,479.7,308.8,0.0,0.3562,1.0,std_0.05,8,0.67,0.05,beta,none
City-A,T1,1x,180.0,S0b_StressOracle,routine,M_routine,800,True,1,308.8,479.7,0.0,0.0,1.0,std_0.05,8,0.67,0.05,beta,none
City-A,T1,1x,180.0,S0b_StressOracle,cross_regime,M_stress,800,True,1,308.8,308.8,0.0,0.0,1.0,std_0.05,8,0.67,0.05,beta,none
City-A,T1,1x,180.0,S1_CapRR,routine,M_routine,800,True,1,678.2,479.7,0.0,0.2927,1.0,std_0.05,8,0.67,0.05,beta,none
City-A,T1,1x,180.0,S1_CapRR,cross_regime,M_stress,800,True,1,678.2,308.8,0.0,0.5446,1.0,std_0.05,8,0.67,0.05,beta,none
City-A,T1,1x,180.0,S2_Platform,routine,M_routine,800,True,1,421.1,479.7,0.0,0.0,1.0,std_0.05,8,0.67,0.05,beta,none
City-A,T1,1x,180.0,S2_Platform,cross_regime,M_stress,800,True,1,421.1,308.8,0.0,0.2666,1.0,std_0.05,8,0.67,0.05,beta,none
City-A,T1,1x,180.0,S3_Lin4,routine,M_routine,800,True,1,488.1,479.7,0.0,0.0172,1.0,std_0.05,8,0.67,0.05,beta,none
City-A,T1,1x,180.0,S3_Lin4,cross_regime,M_stress,800,True,1,488.1,308.8,0.0,0.3673,1.0,std_0.05,8,0.67,0.05,beta,none
City-A,T1,1x,180.0,S4_GlobalCalib,routine,M_routine,800,True,1,451.3,479.7,0.0,0.0,1.0,std_0.05,8,0.67,0.05,beta,none
City-A,T1,1x,180.0,S4_GlobalCalib,cross_regime,M_stress,800,True,1,451.3,308.8,0.0,0.3158,1.0,std_0.05,8,0.67,0.05,beta,none
City-A,T1,1x,180.0,S5_CityCalib,routine,M_routine,800,True,1,450.3,479.7,0.0,0.0,1.0,std_0.05,8,0.67,0.05,beta,none
City-A,T1,1x,180.0,S5_CityCalib,cross_regime,M_stress,800,True,1,450.3,308.8,0.0,0.3142,1.0,std_0.05,8,0.67,0.05,beta,none
City-A,T1,1x,180.0,S6_Q10,routine,M_routine,800,True,1,407.0,479.7,0.0,0.0,1.0,std_0.05,8,0.67,0.05,beta,none
City-A,T1,1x,180.0,S6_Q10,cross_regime,M_stress,800,True,1,407.0,308.8,0.0,0.2412,1.0,std_0.05,8,0.67,0.05,beta,none
City-A,T1,2x,360.0,S0a_RoutineOracle,routine,M_routine,800,True,1,479.7,479.7,0.0,0.0,1.0,std_0.05,8,0.67,0.05,beta,none
City-A,T1,2x,360.0,S0a_RoutineOracle,cross_regime,M_stress,800,True,1,479.7,308.8,51.2,0.3562,0.0,std_0.05,8,0.67,0.05,beta,none
City-A,T1,2x,360.0,S0b_StressOracle,routine,M_routine,800,True,2,591.8,908.5,0.0,0.0,1.0,std_0.05,8,0.67,0.05,beta,none
City-A,T1,2x,360.0,S0b_StressOracle,cross_regime,M_stress,800,True,2,591.8,591.8,0.0,0.0,1.0,std_0.05,8,0.67,0.05,beta,none
City-A,T1,2x,360.0,S1_CapRR,routine,M_routine,800,True,1,678.2,479.7,0.0,0.2927,1.0,std_0.05,8,0.67,0.05,beta,none
City-A,T1,2x,360.0,S1_CapRR,cross_regime,M_stress,800,True,1,678.2,308.8,51.2,0.5446,0.0,std_0.05,8,0.67,0.05,beta,none
City-A,T1,2x,360.0,S2_Platform,routine,M_routine,800,True,1,421.1,479.7,0.0,0.0,1.0,std_0.05,8,0.67,0.05,beta,none
City-A,T1,2x,360.0,S2_Platform,cross_regime,M_stress,800,True,1,421.1,308.8,51.2,0.2666,0.0,std_0.05,8,0.67,0.05,beta,none
City-A,T1,2x,360.0,S3_Lin4,routine,M_routine,800,True,1,488.1,479.7,0.0,0.0172,1.0,std_0.05,8,0.67,0.05,beta,none
City-A,T1,2x,360.0,S3_Lin4,cross_regime,M_stress,800,True,1,488.1,308.8,51.2,0.3673,0.0,std_0.05,8,0.67,0.05,beta,none
City-A,T1,2x,360.0,S4_GlobalCalib,routine,M_routine,800,True,1,451.3,479.7,0.0,0.0,1.0,std_0.05,8,0.67,0.05,beta,none
City-A,T1,2x,360.0,S4_GlobalCalib,cross_regime,M_stress,800,True,1,451.3,308.8,51.2,0.3158,0.0,std_0.05,8,0.67,0.05,beta,none
City-A,T1,2x,360.0,S5_CityCalib,routine,M_routine,800,True,1,450.3,479.7,0.0,0.0,1.0,std_0.05,8,0.67,0.05,beta,none
City-A,T1,2x,360.0,S5_CityCalib,cross_regime,M_stress,800,True,1,450.3,308.8,51.2,0.3142,0.0,std_0.05,8,0.67,0.05,beta,none
City-A,T1,2x,360.0,S6_Q10,routine,M_routine,800,True,1,407.0,479.7,0.0,0.0,1.0,std_0.05,8,0.67,0.05,beta,none
City-A,T1,2x,360.0,S6_Q10,cross_regime,M_stress,800,True,1,407.0,308.8,51.2,0.2412,0.0,std_0.05,8,0.67,0.05,beta,none
City-A,T1,5x,900.0,S0a_RoutineOracle,routine,M_routine,800,True,2,908.5,908.5,0.0,0.0,1.0,std_0.05,8,0.67,0.05,beta,none
City-A,T1,5x,900.0,S0a_RoutineOracle,cross_regime,M_stress,800,True,2,908.5,591.8,308.2,0.3486,0.0,std_0.05,8,0.67,0.05,beta,none
City-A,T1,5x,900.0,S0b_StressOracle,routine,M_routine,800,True,4,1119.7,1653.7,0.0,0.0,1.0,std_0.05,8,0.67,0.05,beta,none
City-A,T1,5x,900.0,S0b_StressOracle,cross_regime,M_stress,800,True,4,1119.7,1119.7,0.0,0.0,1.0,std_0.05,8,0.67,0.05,beta,none
City-A,T1,5x,900.0,S1_CapRR,routine,M_routine,800,True,2,1293.4,908.5,0.0,0.2976,1.0,std_0.05,8,0.67,0.05,beta,none
City-A,T1,5x,900.0,S1_CapRR,cross_regime,M_stress,800,True,2,1293.4,591.8,308.2,0.5424,0.0,std_0.05,8,0.67,0.05,beta,none
City-A,T1,5x,900.0,S2_Platform,routine,M_routine,800,True,3,1202.1,1256.6,0.0,0.0,1.0,std_0.05,8,0.67,0.05,beta,none
City-A,T1,5x,900.0,S2_Platform,cross_regime,M_stress,800,True,3,1202.1,857.9,42.1,0.2863,0.0,std_0.05,8,0.67,0.05,beta,none
City-A,T1,5x,900.0,S3_Lin4,routine,M_routine,800,True,3,1250.8,1203.6,0.0,0.0378,1.0,std_0.05,8,0.67,0.05,beta,none
City-A,T1,5x,900.0,S3_Lin4,cross_regime,M_stress,800,True,3,1250.8,787.6,112.4,0.3703,0.0,std_0.05,8,0.67,0.05,beta,none
City-A,T1,5x,900.0,S4_GlobalCalib,routine,M_routine,800,True,3,1257.6,1289.6,0.0,0.0,1.0,std_0.05,8,0.67,0.05,beta,none
City-A,T1,5x,900.0,S4_GlobalCalib,cross_regime,M_stress,800,True,3,1257.6,827.6,72.4,0.3419,0.0,std_0.05,8,0.67,0.05,beta,none
City-A,T1,5x,900.0,S5_CityCalib,routine,M_routine,800,True,3,1254.8,1289.6,0.0,0.0,1.0,std_0.05,8,0.67,0.05,beta,none
City-A,T1,5x,900.0,S5_CityCalib,cross_regime,M_stress,800,True,3,1254.8,827.6,72.4,0.3405,0.0,std_0.05,8,0.67,0.05,beta,none
City-A,T1,5x,900.0,S6_Q10,routine,M_routine,800,True,3,1133.9,1289.6,0.0,0.0,1.0,std_0.05,8,0.67,0.05,beta,none
City-A,T1,5x,900.0,S6_Q10,cross_regime,M_stress,800,True,3,1133.9,827.6,72.4,0.2702,0.0,std_0.05,8,0.67,0.05,beta,none
City-A,T1,10x,1800.0,S0a_RoutineOracle,routine,M_routine,800,True,5,2034.8,2034.8,0.0,0.0,1.0,std_0.05,8,0.67,0.05,beta,none
City-A,T1,10x,1800.0,S0a_RoutineOracle,cross_regime,M_stress,800,True,5,2034.8,1355.4,444.6,0.3339,0.0,std_0.05,8,0.67,0.05,beta,none
City-A,T1,10x,1800.0,S0b_StressOracle,routine,M_routine,800,True,7,1852.2,2651.7,0.0,0.0,1.0,std_0.05,8,0.67,0.05,beta,none
City-A,T1,10x,1800.0,S0b_StressOracle,cross_regime,M_stress,800,True,7,1852.2,1852.2,0.0,0.0,1.0,std_0.05,8,0.67,0.05,beta,none
City-A,T1,10x,1800.0,S1_CapRR,routine,M_routine,800,True,3,1889.7,1289.6,510.4,0.3175,0.0,std_0.05,8,0.67,0.05,beta,none
City-A,T1,10x,1800.0,S1_CapRR,cross_regime,M_stress,800,True,3,1889.7,827.6,972.4,0.562,0.0,std_0.05,8,0.67,0.05,beta,none
City-A,T1,10x,1800.0,S2_Platform,routine,M_routine,800,True,5,1914.5,1921.9,0.0,0.0,1.0,std_0.05,8,0.67,0.05,beta,none
City-A,T1,10x,1800.0,S2_Platform,cross_regime,M_stress,800,True,5,1914.5,1323.0,477.0,0.3089,0.0,std_0.05,8,0.67,0.05,beta,none
City-A,T1,10x,1800.0,S3_Lin4,routine,M_routine,800,True,5,1968.0,2029.5,0.0,0.0,1.0,std_0.05,8,0.67,0.05,beta,none
City-A,T1,10x,1800.0,S3_Lin4,cross_regime,M_stress,800,True,5,1968.0,1332.4,467.6,0.323,0.0,std_0.05,8,0.67,0.05,beta,none
City-A,T1,10x,1800.0,S4_GlobalCalib,routine,M_routine,800,True,5,2021.5,2024.8,0.0,0.0,1.0,std_0.05,8,0.67,0.05,beta,none
City-A,T1,10x,1800.0,S4_GlobalCalib,cross_regime,M_stress,800,True,5,2021.5,1339.9,460.1,0.3372,0.0,std_0.05,8,0.67,0.05,beta,none
City-A,T1,10x,1800.0,S5_CityCalib,routine,M_routine,800,True,5,2017.0,2024.8,0.0,0.0,1.0,std_0.05,8,0.67,0.05,beta,none
City-A,T1,10x,1800.0,S5_CityCalib,cross_regime,M_stress,800,True,5,2017.0,1339.9,460.1,0.3357,0.0,std_0.05,8,0.67,0.05,beta,none
City-A,T1,10x,1800.0,S6_Q10,routine,M_routine,800,True,5,1822.6,2024.8,0.0,0.0,1.0,std_0.05,8,0.67,0.05,beta,none
City-A,T1,10x,1800.0,S6_Q10,cross_regime,M_stress,800,True,5,1822.6,1339.9,460.1,0.2649,0.0,std_0.05,8,0.67,0.05,beta,none
City-A,T2,1x,260.0,S0a_RoutineOracle,routine,M_routine,800,True,1,422.3,422.3,0.0,0.0,1.0,std_0.05,8,0.67,0.05,beta,none
City-A,T2,1x,260.0,S0a_RoutineOracle,cross_regime,M_stress,800,True,1,422.3,246.8,13.2,0.4155,0.0,std_0.05,8,0.67,0.05,beta,none
City-A,T2,1x,260.0,S0b_StressOracle,routine,M_routine,800,True,1,314.0,403.6,0.0,0.0,1.0,std_0.05,8,0.67,0.05,beta,none
City-A,T2,1x,260.0,S0b_StressOracle,cross_regime,M_stress,800,True,1,314.0,314.0,0.0,0.0,1.0,std_0.05,8,0.67,0.05,beta,none
City-A,T2,1x,260.0,S1_CapRR,routine,M_routine,800,True,1,678.2,403.6,0.0,0.4049,1.0,std_0.05,8,0.67,0.05,beta,none
City-A,T2,1x,260.0,S1_CapRR,cross_regime,M_stress,800,True,1,678.2,314.0,0.0,0.5369,1.0,std_0.05,8,0.67,0.05,beta,none
City-A,T2,1x,260.0,S2_Platform,routine,M_routine,800,True,1,441.1,403.6,0.0,0.0851,1.0,std_0.05,8,0.67,0.05,beta,none
City-A,T2,1x,260.0,S2_Platform,cross_regime,M_stress,800,True,1,441.1,314.0,0.0,0.2881,1.0,std_0.05,8,0.67,0.05,beta,none
City-A,T2,1x,260.0,S3_Lin4,routine,M_routine,800,True,1,487.4,403.6,0.0,0.1721,1.0,std_0.05,8,0.67,0.05,beta,none
City-A,T2,1x,260.0,S3_Lin4,cross_regime,M_stress,800,True,1,487.4,314.0,0.0,0.3558,1.0,std_0.05,8,0.67,0.05,beta,none
City-A,T2,1x,260.0,S4_GlobalCalib,routine,M_routine,800,True,1,452.4,403.6,0.0,0.1079,1.0,std_0.05,8,0.67,0.05,beta,none
City-A,T2,1x,260.0,S4_GlobalCalib,cross_regime,M_stress,800,True,1,452.4,314.0,0.0,0.3058,1.0,std_0.05,8,0.67,0.05,beta,none
City-A,T2,1x,260.0,S5_CityCalib,routine,M_routine,800,True,1,451.9,403.6,0.0,0.1069,1.0,std_0.05,8,0.67,0.05,beta,none
City-A,T2,1x,260.0,S5_CityCalib,cross_regime,M_stress,800,True,1,451.9,314.0,0.0,0.305,1.0,std_0.05,8,0.67,0.05,beta,none
City-A,T2,1x,260.0,S6_Q10,routine,M_routine,800,True,1,408.4,403.6,0.0,0.0119,1.0,std_0.05,8,0.67,0.05,beta,none
City-A,T2,1x,260.0,S6_Q10,cross_regime,M_stress,800,True,1,408.4,314.0,0.0,0.2311,1.0,std_0.05,8,0.67,0.05,beta,none
City-A,T2,2x,520.0,S0a_RoutineOracle,routine,M_routine,800,True,2,837.3,837.3,0.0,0.0,1.0,std_0.05,8,0.67,0.05,beta,none
City-A,T2,2x,520.0,S0a_RoutineOracle,cross_regime,M_stress,800,True,2,837.3,519.9,0.1,0.3791,0.0,std_0.05,8,0.67,0.05,beta,none
City-A,T2,2x,520.0,S0b_StressOracle,routine,M_routine,800,True,2,587.1,818.6,0.0,0.0,1.0,std_0.05,8,0.67,0.05,beta,none
City-A,T2,2x,520.0,S0b_StressOracle,cross_regime,M_stress,800,True,2,587.1,587.1,0.0,0.0,1.0,std_0.05,8,0.67,0.05,beta,none
City-A,T2,2x,520.0,S1_CapRR,routine,M_routine,800,True,1,678.2,403.6,116.4,0.4049,0.0,std_0.05,8,0.67,0.05,beta,none
City-A,T2,2x,520.0,S1_CapRR,cross_regime,M_stress,800,True,1,678.2,314.0,206.0,0.5369,0.0,std_0.05,8,0.67,0.05,beta,none
City-A,T2,2x,520.0,S2_Platform,routine,M_routine,800,True,2,849.9,791.0,0.0,0.0693,1.0,std_0.05,8,0.67,0.05,beta,none
City-A,T2,2x,520.0,S2_Platform,cross_regime,M_stress,800,True,2,849.9,551.8,0.0,0.3507,1.0,std_0.05,8,0.67,0.05,beta,none
City-A,T2,2x,520.0,S3_Lin4,routine,M_routine,800,True,2,870.9,825.9,0.0,0.0517,1.0,std_0.05,8,0.67,0.05,beta,none
City-A,T2,2x,520.0,S3_Lin4,cross_regime,M_stress,800,True,2,870.9,560.9,0.0,0.356,1.0,std_0.05,8,0.67,0.05,beta,none
City-A,T2,2x,520.0,S4_GlobalCalib,routine,M_routine,800,True,2,862.8,791.0,0.0,0.0832,1.0,std_0.05,8,0.67,0.05,beta,none
City-A,T2,2x,520.0,S4_GlobalCalib,cross_regime,M_stress,800,True,2,862.8,551.8,0.0,0.3604,1.0,std_0.05,8,0.67,0.05,beta,none
City-A,T2,2x,520.0,S5_CityCalib,routine,M_routine,800,True,2,861.8,791.0,0.0,0.0822,1.0,std_0.05,8,0.67,0.05,beta,none
City-A,T2,2x,520.0,S5_CityCalib,cross_regime,M_stress,800,True,2,861.8,551.8,0.0,0.3597,1.0,std_0.05,8,0.67,0.05,beta,none
City-A,T2,2x,520.0,S6_Q10,routine,M_routine,800,True,2,778.9,791.0,0.0,0.0,1.0,std_0.05,8,0.67,0.05,beta,none
City-A,T2,2x,520.0,S6_Q10,cross_regime,M_stress,800,True,2,778.9,551.8,0.0,0.2916,1.0,std_0.05,8,0.67,0.05,beta,none
City-A,T2,5x,1300.0,S0a_RoutineOracle,routine,M_routine,800,True,4,1653.3,1653.3,0.0,0.0,1.0,std_0.05,8,0.67,0.05,beta,none
City-A,T2,5x,1300.0,S0a_RoutineOracle,cross_regime,M_stress,800,True,4,1653.3,1082.3,217.7,0.3454,0.0,std_0.05,8,0.67,0.05,beta,none
City-A,T2,5x,1300.0,S0b_StressOracle,routine,M_routine,800,True,5,1320.0,2040.7,0.0,0.0,1.0,std_0.05,8,0.67,0.05,beta,none
City-A,T2,5x,1300.0,S0b_StressOracle,cross_regime,M_stress,800,True,5,1320.0,1320.0,0.0,0.0,1.0,std_0.05,8,0.67,0.05,beta,none
City-A,T2,5x,1300.0,S1_CapRR,routine,M_routine,800,True,3,1889.7,1213.2,86.8,0.358,0.0,std_0.05,8,0.67,0.05,beta,none
City-A,T2,5x,1300.0,S1_CapRR,cross_regime,M_stress,800,True,3,1889.7,798.6,501.4,0.5774,0.0,std_0.05,8,0.67,0.05,beta,none
City-A,T2,5x,1300.0,S2_Platform,routine,M_routine,800,True,4,1596.5,1554.5,0.0,0.0263,1.0,std_0.05,8,0.67,0.05,beta,none
City-A,T2,5x,1300.0,S2_Platform,cross_regime,M_stress,800,True,4,1596.5,1032.2,267.8,0.3534,0.0,std_0.05,8,0.67,0.05,beta,none
City-A,T2,5x,1300.0,S3_Lin4,routine,M_routine,800,True,4,1607.6,1568.6,0.0,0.0242,1.0,std_0.05,8,0.67,0.05,beta,none
City-A,T2,5x,1300.0,S3_Lin4,cross_regime,M_stress,800,True,4,1607.6,1013.1,286.9,0.3698,0.0,std_0.05,8,0.67,0.05,beta,none
City-A,T2,5x,1300.0,S4_GlobalCalib,routine,M_routine,800,True,4,1649.0,1628.3,0.0,0.0126,1.0,std_0.05,8,0.67,0.05,beta,none
City-A,T2,5x,1300.0,S4_GlobalCalib,cross_regime,M_stress,800,True,4,1649.0,1071.7,228.3,0.3501,0.0,std_0.05,8,0.67,0.05,beta,none
City-A,T2,5x,1300.0,S5_CityCalib,routine,M_routine,800,True,4,1647.3,1628.3,0.0,0.0116,1.0,std_0.05,8,0.67,0.05,beta,none
City-A,T2,5x,1300.0,S5_CityCalib,cross_regime,M_stress,800,True,4,1647.3,1071.7,228.3,0.3494,0.0,std_0.05,8,0.67,0.05,beta,none
City-A,T2,5x,1300.0,S6_Q10,routine,M_routine,800,True,4,1488.7,1628.3,0.0,0.0,1.0,std_0.05,8,0.67,0.05,beta,none
City-A,T2,5x,1300.0,S6_Q10,cross_regime,M_stress,800,True,4,1488.7,1071.7,228.3,0.2801,0.0,std_0.05,8,0.67,0.05,beta,none
City-A,T2,10x,2600.0,S0a_RoutineOracle,routine,M_routine,800,True,7,2747.2,2747.2,0.0,0.0,1.0,std_0.05,8,0.67,0.05,beta,none
City-A,T2,10x,2600.0,S0a_RoutineOracle,cross_regime,M_stress,800,True,7,2747.2,1766.5,833.5,0.357,0.0,std_0.05,8,0.67,0.05,beta,none
City-A,T2,10x,2600.0,S0b_StressOracle,routine,M_routine,800,True,11,2673.6,3993.8,0.0,0.0,1.0,std_0.05,8,0.67,0.05,beta,none
City-A,T2,10x,2600.0,S0b_StressOracle,cross_regime,M_stress,800,True,11,2673.6,2673.6,0.0,0.0,1.0,std_0.05,8,0.67,0.05,beta,none
City-A,T2,10x,2600.0,S1_CapRR,routine,M_routine,800,True,5,3037.3,2040.7,559.3,0.3281,0.0,std_0.05,8,0.67,0.05,beta,none
City-A,T2,10x,2600.0,S1_CapRR,cross_regime,M_stress,800,True,5,3037.3,1320.0,1280.0,0.5654,0.0,std_0.05,8,0.67,0.05,beta,none
City-A,T2,10x,2600.0,S2_Platform,routine,M_routine,800,True,7,2630.1,2572.5,27.5,0.0219,0.0,std_0.05,8,0.67,0.05,beta,none
City-A,T2,10x,2600.0,S2_Platform,cross_regime,M_stress,800,True,7,2630.1,1694.2,905.8,0.3559,0.0,std_0.05,8,0.67,0.05,beta,none
City-A,T2,10x,2600.0,S3_Lin4,routine,M_routine,800,True,7,2659.8,2708.0,0.0,0.0,1.0,std_0.05,8,0.67,0.05,beta,none
City-A,T2,10x,2600.0,S3_Lin4,cross_regime,M_stress,800,True,7,2659.8,1731.8,868.2,0.3489,0.0,std_0.05,8,0.67,0.05,beta,none
City-A,T2,10x,2600.0,S4_GlobalCalib,routine,M_routine,800,True,7,2726.9,2747.2,0.0,0.0,1.0,std_0.05,8,0.67,0.05,beta,none
City-A,T2,10x,2600.0,S4_GlobalCalib,cross_regime,M_stress,800,True,7,2726.9,1766.5,833.5,0.3522,0.0,std_0.05,8,0.67,0.05,beta,none
City-A,T2,10x,2600.0,S5_CityCalib,routine,M_routine,800,True,7,2724.3,2747.2,0.0,0.0,1.0,std_0.05,8,0.67,0.05,beta,none
City-A,T2,10x,2600.0,S5_CityCalib,cross_regime,M_stress,800,True,7,2724.3,1766.5,833.5,0.3516,0.0,std_0.05,8,0.67,0.05,beta,none
City-A,T2,10x,2600.0,S6_Q10,routine,M_routine,800,True,8,2771.5,3077.0,0.0,0.0,1.0,std_0.05,8,0.67,0.05,beta,none
City-A,T2,10x,2600.0,S6_Q10,cross_regime,M_stress,800,True,8,2771.5,1981.2,618.8,0.2851,0.0,std_0.05,8,0.67,0.05,beta,none
City-A,T3,1x,200.0,S0a_RoutineOracle,routine,M_routine,800,True,1,415.3,415.3,0.0,0.0,1.0,std_0.05,8,0.67,0.05,beta,none
City-A,T3,1x,200.0,S0a_RoutineOracle,cross_regime,M_stress,800,True,1,415.3,232.0,0.0,0.4414,1.0,std_0.05,8,0.67,0.05,beta,none
City-A,T3,1x,200.0,S0b_StressOracle,routine,M_routine,800,True,1,263.6,343.3,0.0,0.0,1.0,std_0.05,8,0.67,0.05,beta,none
City-A,T3,1x,200.0,S0b_StressOracle,cross_regime,M_stress,800,True,1,263.6,263.6,0.0,0.0,1.0,std_0.05,8,0.67,0.05,beta,none
City-A,T3,1x,200.0,S1_CapRR,routine,M_routine,800,True,1,596.8,415.3,0.0,0.304,1.0,std_0.05,8,0.67,0.05,beta,none
City-A,T3,1x,200.0,S1_CapRR,cross_regime,M_stress,800,True,1,596.8,232.0,0.0,0.6112,1.0,std_0.05,8,0.67,0.05,beta,none
City-A,T3,1x,200.0,S2_Platform,routine,M_routine,800,True,1,470.7,415.3,0.0,0.1175,1.0,std_0.05,8,0.67,0.05,beta,none
City-A,T3,1x,200.0,S2_Platform,cross_regime,M_stress,800,True,1,470.7,232.0,0.0,0.507,1.0,std_0.05,8,0.67,0.05,beta,none
City-A,T3,1x,200.0,S3_Lin4,routine,M_routine,800,True,1,485.7,415.3,0.0,0.1449,1.0,std_0.05,8,0.67,0.05,beta,none
City-A,T3,1x,200.0,S3_Lin4,cross_regime,M_stress,800,True,1,485.7,232.0,0.0,0.5223,1.0,std_0.05,8,0.67,0.05,beta,none
City-A,T3,1x,200.0,S4_GlobalCalib,routine,M_routine,800,True,1,397.2,415.3,0.0,0.0,1.0,std_0.05,8,0.67,0.05,beta,none
City-A,T3,1x,200.0,S4_GlobalCalib,cross_regime,M_stress,800,True,1,397.2,232.0,0.0,0.4159,1.0,std_0.05,8,0.67,0.05,beta,none
City-A,T3,1x,200.0,S5_CityCalib,routine,M_routine,800,True,1,397.5,415.3,0.0,0.0,1.0,std_0.05,8,0.67,0.05,beta,none
City-A,T3,1x,200.0,S5_CityCalib,cross_regime,M_stress,800,True,1,397.5,232.0,0.0,0.4163,1.0,std_0.05,8,0.67,0.05,beta,none
City-A,T3,1x,200.0,S6_Q10,routine,M_routine,800,True,1,357.8,415.3,0.0,0.0,1.0,std_0.05,8,0.67,0.05,beta,none
City-A,T3,1x,200.0,S6_Q10,cross_regime,M_stress,800,True,1,357.8,232.0,0.0,0.3515,1.0,std_0.05,8,0.67,0.05,beta,none
City-A,T3,2x,400.0,S0a_RoutineOracle,routine,M_routine,800,True,1,415.3,415.3,0.0,0.0,1.0,std_0.05,8,0.67,0.05,beta,none
City-A,T3,2x,400.0,S0a_RoutineOracle,cross_regime,M_stress,800,True,1,415.3,232.0,168.0,0.4414,0.0,std_0.05,8,0.67,0.05,beta,none
City-A,T3,2x,400.0,S0b_StressOracle,routine,M_routine,800,True,2,500.6,652.2,0.0,0.0,1.0,std_0.05,8,0.67,0.05,beta,none
City-A,T3,2x,400.0,S0b_StressOracle,cross_regime,M_stress,800,True,2,500.6,500.6,0.0,0.0,1.0,std_0.05,8,0.67,0.05,beta,none
City-A,T3,2x,400.0,S1_CapRR,routine,M_routine,800,True,1,596.8,415.3,0.0,0.304,1.0,std_0.05,8,0.67,0.05,beta,none
City-A,T3,2x,400.0,S1_CapRR,cross_regime,M_stress,800,True,1,596.8,232.0,168.0,0.6112,0.0,std_0.05,8,0.67,0.05,beta,none
City-A,T3,2x,400.0,S2_Platform,routine,M_routine,800,True,1,470.7,415.3,0.0,0.1175,1.0,std_0.05,8,0.67,0.05,beta,none
City-A,T3,2x,400.0,S2_Platform,cross_regime,M_stress,800,True,1,470.7,232.0,168.0,0.507,0.0,std_0.05,8,0.67,0.05,beta,none
City-A,T3,2x,400.0,S3_Lin4,routine,M_routine,800,True,1,485.7,415.3,0.0,0.1449,1.0,std_0.05,8,0.67,0.05,beta,none
City-A,T3,2x,400.0,S3_Lin4,cross_regime,M_stress,800,True,1,485.7,232.0,168.0,0.5223,0.0,std_0.05,8,0.67,0.05,beta,none
City-A,T3,2x,400.0,S4_GlobalCalib,routine,M_routine,800,True,2,757.5,724.3,0.0,0.0438,1.0,std_0.05,8,0.67,0.05,beta,none
City-A,T3,2x,400.0,S4_GlobalCalib,cross_regime,M_stress,800,True,2,757.5,469.0,0.0,0.3808,1.0,std_0.05,8,0.67,0.05,beta,none
City-A,T3,2x,400.0,S5_CityCalib,routine,M_routine,800,True,2,758.1,724.3,0.0,0.0445,1.0,std_0.05,8,0.67,0.05,beta,none
City-A,T3,2x,400.0,S5_CityCalib,cross_regime,M_stress,800,True,2,758.1,469.0,0.0,0.3813,1.0,std_0.05,8,0.67,0.05,beta,none
City-A,T3,2x,400.0,S6_Q10,routine,M_routine,800,True,2,682.3,724.3,0.0,0.0,1.0,std_0.05,8,0.67,0.05,beta,none
City-A,T3,2x,400.0,S6_Q10,cross_regime,M_stress,800,True,2,682.3,469.0,0.0,0.3126,1.0,std_0.05,8,0.67,0.05,beta,none
City-A,T3,5x,1000.0,S0a_RoutineOracle,routine,M_routine,800,True,3,1094.7,1094.7,0.0,0.0,1.0,std_0.05,8,0.67,0.05,beta,none
City-A,T3,5x,1000.0,S0a_RoutineOracle,cross_regime,M_stress,800,True,3,1094.7,713.0,287.0,0.3487,0.0,std_0.05,8,0.67,0.05,beta,none
City-A,T3,5x,1000.0,S0b_StressOracle,routine,M_routine,800,True,5,1188.9,1648.8,0.0,0.0,1.0,std_0.05,8,0.67,0.05,beta,none
City-A,T3,5x,1000.0,S0b_StressOracle,cross_regime,M_stress,800,True,5,1188.9,1188.9,0.0,0.0,1.0,std_0.05,8,0.67,0.05,beta,none
City-A,T3,5x,1000.0,S1_CapRR,routine,M_routine,800,True,2,1138.1,724.3,275.7,0.3636,0.0,std_0.05,8,0.67,0.05,beta,none
City-A,T3,5x,1000.0,S1_CapRR,cross_regime,M_stress,800,True,2,1138.1,469.0,531.0,0.5879,0.0,std_0.05,8,0.67,0.05,beta,none
City-A,T3,5x,1000.0,S2_Platform,routine,M_routine,800,True,3,1264.8,1083.9,0.0,0.143,1.0,std_0.05,8,0.67,0.05,beta,none
City-A,T3,5x,1000.0,S2_Platform,cross_regime,M_stress,800,True,3,1264.8,693.9,306.1,0.4514,0.0,std_0.05,8,0.67,0.05,beta,none
City-A,T3,5x,1000.0,S3_Lin4,routine,M_routine,800,True,3,1233.4,1085.1,0.0,0.1202,1.0,std_0.05,8,0.67,0.05,beta,none
City-A,T3,5x,1000.0,S3_Lin4,cross_regime,M_stress,800,True,3,1233.4,732.2,267.8,0.4063,0.0,std_0.05,8,0.67,0.05,beta,none
City-A,T3,5x,1000.0,S4_GlobalCalib,routine,M_routine,800,True,3,1106.7,1067.6,0.0,0.0353,1.0,std_0.05,8,0.67,0.05,beta,none
City-A,T3,5x,1000.0,S4_GlobalCalib,cross_regime,M_stress,800,True,3,1106.7,732.6,267.4,0.338,0.0,std_0.05,8,0.67,0.05,beta,none
City-A,T3,5x,1000.0,S5_CityCalib,routine,M_routine,800,True,3,1107.6,1067.6,0.0,0.0361,1.0,std_0.05,8,0.67,0.05,beta,none
City-A,T3,5x,1000.0,S5_CityCalib,cross_regime,M_stress,800,True,3,1107.6,732.6,267.4,0.3386,0.0,std_0.05,8,0.67,0.05,beta,none
City-A,T3,5x,1000.0,S6_Q10,routine,M_routine,800,True,4,1304.1,1403.7,0.0,0.0,1.0,std_0.05,8,0.67,0.05,beta,none
City-A,T3,5x,1000.0,S6_Q10,cross_regime,M_stress,800,True,4,1304.1,950.0,50.0,0.2715,0.0,std_0.05,8,0.67,0.05,beta,none
City-A,T3,10x,2000.0,S0a_RoutineOracle,routine,M_routine,800,True,6,2065.9,2065.9,0.0,0.0,1.0,std_0.05,8,0.67,0.05,beta,none
City-A,T3,10x,2000.0,S0a_RoutineOracle,cross_regime,M_stress,800,True,6,2065.9,1335.9,664.1,0.3534,0.0,std_0.05,8,0.67,0.05,beta,none
City-A,T3,10x,2000.0,S0b_StressOracle,routine,M_routine,800,True,9,2010.1,2886.1,0.0,0.0,1.0,std_0.05,8,0.67,0.05,beta,none
City-A,T3,10x,2000.0,S0b_StressOracle,cross_regime,M_stress,800,True,9,2010.1,2010.1,0.0,0.0,1.0,std_0.05,8,0.67,0.05,beta,none
City-A,T3,10x,2000.0,S1_CapRR,routine,M_routine,800,True,4,2175.3,1403.7,596.3,0.3547,0.0,std_0.05,8,0.67,0.05,beta,none
City-A,T3,10x,2000.0,S1_CapRR,cross_regime,M_stress,800,True,4,2175.3,950.0,1050.0,0.5633,0.0,std_0.05,8,0.67,0.05,beta,none
City-A,T3,10x,2000.0,S2_Platform,routine,M_routine,800,True,6,2357.9,2030.6,0.0,0.1388,1.0,std_0.05,8,0.67,0.05,beta,none
City-A,T3,10x,2000.0,S2_Platform,cross_regime,M_stress,800,True,6,2357.9,1308.3,691.7,0.4451,0.0,std_0.05,8,0.67,0.05,beta,none
City-A,T3,10x,2000.0,S3_Lin4,routine,M_routine,800,True,6,2268.5,2055.4,0.0,0.0939,1.0,std_0.05,8,0.67,0.05,beta,none
City-A,T3,10x,2000.0,S3_Lin4,cross_regime,M_stress,800,True,6,2268.5,1384.8,615.2,0.3896,0.0,std_0.05,8,0.67,0.05,beta,none
City-A,T3,10x,2000.0,S4_GlobalCalib,routine,M_routine,800,True,6,2088.7,2055.4,0.0,0.016,1.0,std_0.05,8,0.67,0.05,beta,none
City-A,T3,10x,2000.0,S4_GlobalCalib,cross_regime,M_stress,800,True,6,2088.7,1384.8,615.2,0.337,0.0,std_0.05,8,0.67,0.05,beta,none
City-A,T3,10x,2000.0,S5_CityCalib,routine,M_routine,800,True,6,2090.5,2055.4,0.0,0.0168,1.0,std_0.05,8,0.67,0.05,beta,none
City-A,T3,10x,2000.0,S5_CityCalib,cross_regime,M_stress,800,True,6,2090.5,1384.8,615.2,0.3376,0.0,std_0.05,8,0.67,0.05,beta,none
City-A,T3,10x,2000.0,S6_Q10,routine,M_routine,800,True,7,2156.5,2374.8,0.0,0.0,1.0,std_0.05,8,0.67,0.05,beta,none
City-A,T3,10x,2000.0,S6_Q10,cross_regime,M_stress,800,True,7,2156.5,1572.8,427.2,0.2706,0.0,std_0.05,8,0.67,0.05,beta,none
City-A,T4,1x,140.0,S0a_RoutineOracle,routine,M_routine,800,True,1,467.4,467.4,0.0,0.0,1.0,std_0.05,8,0.67,0.05,beta,none
City-A,T4,1x,140.0,S0a_RoutineOracle,cross_regime,M_stress,800,True,1,467.4,325.2,0.0,0.3044,1.0,std_0.05,8,0.67,0.05,beta,none
City-A,T4,1x,140.0,S0b_StressOracle,routine,M_routine,800,True,1,325.2,467.4,0.0,0.0,1.0,std_0.05,8,0.67,0.05,beta,none
City-A,T4,1x,140.0,S0b_StressOracle,cross_regime,M_stress,800,True,1,325.2,325.2,0.0,0.0,1.0,std_0.05,8,0.67,0.05,beta,none
City-A,T4,1x,140.0,S1_CapRR,routine,M_routine,800,True,1,678.2,467.4,0.0,0.3107,1.0,std_0.05,8,0.67,0.05,beta,none
City-A,T4,1x,140.0,S1_CapRR,cross_regime,M_stress,800,True,1,678.2,325.2,0.0,0.5205,1.0,std_0.05,8,0.67,0.05,beta,none
City-A,T4,1x,140.0,S2_Platform,routine,M_routine,800,True,1,299.2,457.7,0.0,0.0,1.0,std_0.05,8,0.67,0.05,beta,none
City-A,T4,1x,140.0,S2_Platform,cross_regime,M_stress,800,True,1,299.2,263.8,0.0,0.1183,1.0,std_0.05,8,0.67,0.05,beta,none
City-A,T4,1x,140.0,S3_Lin4,routine,M_routine,800,True,1,487.6,467.4,0.0,0.0413,1.0,std_0.05,8,0.67,0.05,beta,none
City-A,T4,1x,140.0,S3_Lin4,cross_regime,M_stress,800,True,1,487.6,325.2,0.0,0.3331,1.0,std_0.05,8,0.67,0.05,beta,none
City-A,T4,1x,140.0,S4_GlobalCalib,routine,M_routine,800,True,1,450.6,467.4,0.0,0.0,1.0,std_0.05,8,0.67,0.05,beta,none
City-A,T4,1x,140.0,S4_GlobalCalib,cross_regime,M_stress,800,True,1,450.6,325.2,0.0,0.2784,1.0,std_0.05,8,0.67,0.05,beta,none
City-A,T4,1x,140.0,S5_CityCalib,routine,M_routine,800,True,1,450.0,467.4,0.0,0.0,1.0,std_0.05,8,0.67,0.05,beta,none
City-A,T4,1x,140.0,S5_CityCalib,cross_regime,M_stress,800,True,1,450.0,325.2,0.0,0.2775,1.0,std_0.05,8,0.67,0.05,beta,none
City-A,T4,1x,140.0,S6_Q10,routine,M_routine,800,True,1,406.8,467.4,0.0,0.0,1.0,std_0.05,8,0.67,0.05,beta,none
City-A,T4,1x,140.0,S6_Q10,cross_regime,M_stress,800,True,1,406.8,325.2,0.0,0.2007,1.0,std_0.05,8,0.67,0.05,beta,none
City-A,T4,2x,280.0,S0a_RoutineOracle,routine,M_routine,800,True,1,467.4,467.4,0.0,0.0,1.0,std_0.05,8,0.67,0.05,beta,none
City-A,T4,2x,280.0,S0a_RoutineOracle,cross_regime,M_stress,800,True,1,467.4,325.2,0.0,0.3044,1.0,std_0.05,8,0.67,0.05,beta,none
City-A,T4,2x,280.0,S0b_StressOracle,routine,M_routine,800,True,1,325.2,467.4,0.0,0.0,1.0,std_0.05,8,0.67,0.05,beta,none
City-A,T4,2x,280.0,S0b_StressOracle,cross_regime,M_stress,800,True,1,325.2,325.2,0.0,0.0,1.0,std_0.05,8,0.67,0.05,beta,none
City-A,T4,2x,280.0,S1_CapRR,routine,M_routine,800,True,1,678.2,467.4,0.0,0.3107,1.0,std_0.05,8,0.67,0.05,beta,none
City-A,T4,2x,280.0,S1_CapRR,cross_regime,M_stress,800,True,1,678.2,325.2,0.0,0.5205,1.0,std_0.05,8,0.67,0.05,beta,none
City-A,T4,2x,280.0,S2_Platform,routine,M_routine,800,True,1,299.2,457.7,0.0,0.0,1.0,std_0.05,8,0.67,0.05,beta,none
City-A,T4,2x,280.0,S2_Platform,cross_regime,M_stress,800,True,1,299.2,263.8,16.2,0.1183,0.0,std_0.05,8,0.67,0.05,beta,none
City-A,T4,2x,280.0,S3_Lin4,routine,M_routine,800,True,1,487.6,467.4,0.0,0.0413,1.0,std_0.05,8,0.67,0.05,beta,none
City-A,T4,2x,280.0,S3_Lin4,cross_regime,M_stress,800,True,1,487.6,325.2,0.0,0.3331,1.0,std_0.05,8,0.67,0.05,beta,none
City-A,T4,2x,280.0,S4_GlobalCalib,routine,M_routine,800,True,1,450.6,467.4,0.0,0.0,1.0,std_0.05,8,0.67,0.05,beta,none
City-A,T4,2x,280.0,S4_GlobalCalib,cross_regime,M_stress,800,True,1,450.6,325.2,0.0,0.2784,1.0,std_0.05,8,0.67,0.05,beta,none
City-A,T4,2x,280.0,S5_CityCalib,routine,M_routine,800,True,1,450.0,467.4,0.0,0.0,1.0,std_0.05,8,0.67,0.05,beta,none
City-A,T4,2x,280.0,S5_CityCalib,cross_regime,M_stress,800,True,1,450.0,325.2,0.0,0.2775,1.0,std_0.05,8,0.67,0.05,beta,none
City-A,T4,2x,280.0,S6_Q10,routine,M_routine,800,True,1,406.8,467.4,0.0,0.0,1.0,std_0.05,8,0.67,0.05,beta,none
City-A,T4,2x,280.0,S6_Q10,cross_regime,M_stress,800,True,1,406.8,325.2,0.0,0.2007,1.0,std_0.05,8,0.67,0.05,beta,none
City-A,T4,5x,700.0,S0a_RoutineOracle,routine,M_routine,800,True,2,925.2,925.2,0.0,0.0,1.0,std_0.05,8,0.67,0.05,beta,none
City-A,T4,5x,700.0,S0a_RoutineOracle,cross_regime,M_stress,800,True,2,925.2,589.0,111.0,0.3634,0.0,std_0.05,8,0.67,0.05,beta,none
City-A,T4,5x,700.0,S0b_StressOracle,routine,M_routine,800,True,3,858.8,1354.9,0.0,0.0,1.0,std_0.05,8,0.67,0.05,beta,none
City-A,T4,5x,700.0,S0b_StressOracle,cross_regime,M_stress,800,True,3,858.8,858.8,0.0,0.0,1.0,std_0.05,8,0.67,0.05,beta,none
City-A,T4,5x,700.0,S1_CapRR,routine,M_routine,800,True,2,1293.4,925.2,0.0,0.2847,1.0,std_0.05,8,0.67,0.05,beta,none
City-A,T4,5x,700.0,S1_CapRR,cross_regime,M_stress,800,True,2,1293.4,589.0,111.0,0.5446,0.0,std_0.05,8,0.67,0.05,beta,none
City-A,T4,5x,700.0,S2_Platform,routine,M_routine,800,True,3,870.0,1047.4,0.0,0.0,1.0,std_0.05,8,0.67,0.05,beta,none
City-A,T4,5x,700.0,S2_Platform,cross_regime,M_stress,800,True,3,870.0,688.0,12.0,0.2093,0.0,std_0.05,8,0.67,0.05,beta,none
City-A,T4,5x,700.0,S3_Lin4,routine,M_routine,800,True,2,871.7,849.5,0.0,0.0255,1.0,std_0.05,8,0.67,0.05,beta,none
City-A,T4,5x,700.0,S3_Lin4,cross_regime,M_stress,800,True,2,871.7,560.8,139.2,0.3567,0.0,std_0.05,8,0.67,0.05,beta,none
City-A,T4,5x,700.0,S4_GlobalCalib,routine,M_routine,800,True,2,859.4,925.2,0.0,0.0,1.0,std_0.05,8,0.67,0.05,beta,none
City-A,T4,5x,700.0,S4_GlobalCalib,cross_regime,M_stress,800,True,2,859.4,589.0,111.0,0.3147,0.0,std_0.05,8,0.67,0.05,beta,none
City-A,T4,5x,700.0,S5_CityCalib,routine,M_routine,800,True,2,858.3,925.2,0.0,0.0,1.0,std_0.05,8,0.67,0.05,beta,none
City-A,T4,5x,700.0,S5_CityCalib,cross_regime,M_stress,800,True,2,858.3,589.0,111.0,0.3138,0.0,std_0.05,8,0.67,0.05,beta,none
City-A,T4,5x,700.0,S6_Q10,routine,M_routine,800,True,2,775.9,925.2,0.0,0.0,1.0,std_0.05,8,0.67,0.05,beta,none
City-A,T4,5x,700.0,S6_Q10,cross_regime,M_stress,800,True,2,775.9,589.0,111.0,0.2409,0.0,std_0.05,8,0.67,0.05,beta,none
City-A,T4,10x,1400.0,S0a_RoutineOracle,routine,M_routine,800,True,4,1738.1,1738.1,0.0,0.0,1.0,std_0.05,8,0.67,0.05,beta,none
City-A,T4,10x,1400.0,S0a_RoutineOracle,cross_regime,M_stress,800,True,4,1738.1,1088.7,311.3,0.3736,0.0,std_0.05,8,0.67,0.05,beta,none
City-A,T4,10x,1400.0,S0b_StressOracle,routine,M_routine,800,True,6,1585.2,2467.7,0.0,0.0,1.0,std_0.05,8,0.67,0.05,beta,none
City-A,T4,10x,1400.0,S0b_StressOracle,cross_regime,M_stress,800,True,6,1585.2,1585.2,0.0,0.0,1.0,std_0.05,8,0.67,0.05,beta,none
City-A,T4,10x,1400.0,S1_CapRR,routine,M_routine,800,True,3,1889.7,1307.2,92.8,0.3082,0.0,std_0.05,8,0.67,0.05,beta,none
City-A,T4,10x,1400.0,S1_CapRR,cross_regime,M_stress,800,True,3,1889.7,824.6,575.4,0.5636,0.0,std_0.05,8,0.67,0.05,beta,none
City-A,T4,10x,1400.0,S2_Platform,routine,M_routine,800,True,5,1424.2,1580.7,0.0,0.0,1.0,std_0.05,8,0.67,0.05,beta,none
City-A,T4,10x,1400.0,S2_Platform,cross_regime,M_stress,800,True,5,1424.2,1044.1,355.9,0.2668,0.0,std_0.05,8,0.67,0.05,beta,none
City-A,T4,10x,1400.0,S3_Lin4,routine,M_routine,800,True,4,1610.0,1662.6,0.0,0.0,1.0,std_0.05,8,0.67,0.05,beta,none
City-A,T4,10x,1400.0,S3_Lin4,cross_regime,M_stress,800,True,4,1610.0,1072.8,327.2,0.3337,0.0,std_0.05,8,0.67,0.05,beta,none
City-A,T4,10x,1400.0,S4_GlobalCalib,routine,M_routine,800,True,4,1642.6,1736.9,0.0,0.0,1.0,std_0.05,8,0.67,0.05,beta,none
City-A,T4,10x,1400.0,S4_GlobalCalib,cross_regime,M_stress,800,True,4,1642.6,1094.5,305.5,0.3337,0.0,std_0.05,8,0.67,0.05,beta,none
City-A,T4,10x,1400.0,S5_CityCalib,routine,M_routine,800,True,4,1640.7,1736.9,0.0,0.0,1.0,std_0.05,8,0.67,0.05,beta,none
City-A,T4,10x,1400.0,S5_CityCalib,cross_regime,M_stress,800,True,4,1640.7,1094.5,305.5,0.3329,0.0,std_0.05,8,0.67,0.05,beta,none
City-A,T4,10x,1400.0,S6_Q10,routine,M_routine,800,True,4,1482.9,1736.9,0.0,0.0,1.0,std_0.05,8,0.67,0.05,beta,none
City-A,T4,10x,1400.0,S6_Q10,cross_regime,M_stress,800,True,4,1482.9,1094.5,305.5,0.262,0.0,std_0.05,8,0.67,0.05,beta,none
City-A,T5,1x,160.0,S0a_RoutineOracle,routine,M_routine,800,True,1,386.4,386.4,0.0,0.0,1.0,std_0.05,8,0.67,0.05,beta,none
City-A,T5,1x,160.0,S0a_RoutineOracle,cross_regime,M_stress,800,True,1,386.4,221.1,0.0,0.4278,1.0,std_0.05,8,0.67,0.05,beta,none
City-A,T5,1x,160.0,S0b_StressOracle,routine,M_routine,800,True,1,260.9,357.7,0.0,0.0,1.0,std_0.05,8,0.67,0.05,beta,none
City-A,T5,1x,160.0,S0b_StressOracle,cross_regime,M_stress,800,True,1,260.9,260.9,0.0,0.0,1.0,std_0.05,8,0.67,0.05,beta,none
City-A,T5,1x,160.0,S1_CapRR,routine,M_routine,800,True,1,596.8,386.4,0.0,0.3525,1.0,std_0.05,8,0.67,0.05,beta,none
City-A,T5,1x,160.0,S1_CapRR,cross_regime,M_stress,800,True,1,596.8,221.1,0.0,0.6295,1.0,std_0.05,8,0.67,0.05,beta,none
City-A,T5,1x,160.0,S2_Platform,routine,M_routine,800,True,1,485.5,386.4,0.0,0.2041,1.0,std_0.05,8,0.67,0.05,beta,none
City-A,T5,1x,160.0,S2_Platform,cross_regime,M_stress,800,True,1,485.5,221.1,0.0,0.5446,1.0,std_0.05,8,0.67,0.05,beta,none
City-A,T5,1x,160.0,S3_Lin4,routine,M_routine,800,True,1,484.4,386.4,0.0,0.2023,1.0,std_0.05,8,0.67,0.05,beta,none
City-A,T5,1x,160.0,S3_Lin4,cross_regime,M_stress,800,True,1,484.4,221.1,0.0,0.5435,1.0,std_0.05,8,0.67,0.05,beta,none
City-A,T5,1x,160.0,S4_GlobalCalib,routine,M_routine,800,True,1,396.5,386.4,0.0,0.0254,1.0,std_0.05,8,0.67,0.05,beta,none
City-A,T5,1x,160.0,S4_GlobalCalib,cross_regime,M_stress,800,True,1,396.5,221.1,0.0,0.4423,1.0,std_0.05,8,0.67,0.05,beta,none
City-A,T5,1x,160.0,S5_CityCalib,routine,M_routine,800,True,1,396.7,386.4,0.0,0.0259,1.0,std_0.05,8,0.67,0.05,beta,none
City-A,T5,1x,160.0,S5_CityCalib,cross_regime,M_stress,800,True,1,396.7,221.1,0.0,0.4426,1.0,std_0.05,8,0.67,0.05,beta,none
City-A,T5,1x,160.0,S6_Q10,routine,M_routine,800,True,1,358.0,386.4,0.0,0.0,1.0,std_0.05,8,0.67,0.05,beta,none
City-A,T5,1x,160.0,S6_Q10,cross_regime,M_stress,800,True,1,358.0,221.1,0.0,0.3823,1.0,std_0.05,8,0.67,0.05,beta,none
City-A,T5,2x,320.0,S0a_RoutineOracle,routine,M_routine,800,True,1,386.4,386.4,0.0,0.0,1.0,std_0.05,8,0.67,0.05,beta,none
City-A,T5,2x,320.0,S0a_RoutineOracle,cross_regime,M_stress,800,True,1,386.4,221.1,98.9,0.4278,0.0,std_0.05,8,0.67,0.05,beta,none
City-A,T5,2x,320.0,S0b_StressOracle,routine,M_routine,800,True,2,493.8,725.7,0.0,0.0,1.0,std_0.05,8,0.67,0.05,beta,none
City-A,T5,2x,320.0,S0b_StressOracle,cross_regime,M_stress,800,True,2,493.8,493.8,0.0,0.0,1.0,std_0.05,8,0.67,0.05,beta,none
City-A,T5,2x,320.0,S1_CapRR,routine,M_routine,800,True,1,596.8,386.4,0.0,0.3525,1.0,std_0.05,8,0.67,0.05,beta,none
City-A,T5,2x,320.0,S1_CapRR,cross_regime,M_stress,800,True,1,596.8,221.1,98.9,0.6295,0.0,std_0.05,8,0.67,0.05,beta,none
City-A,T5,2x,320.0,S2_Platform,routine,M_routine,800,True,1,485.5,386.4,0.0,0.2041,1.0,std_0.05,8,0.67,0.05,beta,none
City-A,T5,2x,320.0,S2_Platform,cross_regime,M_stress,800,True,1,485.5,221.1,98.9,0.5446,0.0,std_0.05,8,0.67,0.05,beta,none
City-A,T5,2x,320.0,S3_Lin4,routine,M_routine,800,True,1,484.4,386.4,0.0,0.2023,1.0,std_0.05,8,0.67,0.05,beta,none
City-A,T5,2x,320.0,S3_Lin4,cross_regime,M_stress,800,True,1,484.4,221.1,98.9,0.5435,0.0,std_0.05,8,0.67,0.05,beta,none
City-A,T5,2x,320.0,S4_GlobalCalib,routine,M_routine,800,True,1,396.5,386.4,0.0,0.0254,1.0,std_0.05,8,0.67,0.05,beta,none
City-A,T5,2x,320.0,S4_GlobalCalib,cross_regime,M_stress,800,True,1,396.5,221.1,98.9,0.4423,0.0,std_0.05,8,0.67,0.05,beta,none
City-A,T5,2x,320.0,S5_CityCalib,routine,M_routine,800,True,1,396.7,386.4,0.0,0.0259,1.0,std_0.05,8,0.67,0.05,beta,none
City-A,T5,2x,320.0,S5_CityCalib,cross_regime,M_stress,800,True,1,396.7,221.1,98.9,0.4426,0.0,std_0.05,8,0.67,0.05,beta,none
City-A,T5,2x,320.0,S6_Q10,routine,M_routine,800,True,1,358.0,386.4,0.0,0.0,1.0,std_0.05,8,0.67,0.05,beta,none
City-A,T5,2x,320.0,S6_Q10,cross_regime,M_stress,800,True,1,358.0,221.1,98.9,0.3823,0.0,std_0.05,8,0.67,0.05,beta,none
City-A,T5,5x,800.0,S0a_RoutineOracle,routine,M_routine,800,True,3,1135.4,1135.4,0.0,0.0,1.0,std_0.05,8,0.67,0.05,beta,none
City-A,T5,5x,800.0,S0a_RoutineOracle,cross_regime,M_stress,800,True,3,1135.4,678.4,121.6,0.4025,0.0,std_0.05,8,0.67,0.05,beta,none
City-A,T5,5x,800.0,S0b_StressOracle,routine,M_routine,800,True,4,944.3,1439.4,0.0,0.0,1.0,std_0.05,8,0.67,0.05,beta,none
City-A,T5,5x,800.0,S0b_StressOracle,cross_regime,M_stress,800,True,4,944.3,944.3,0.0,0.0,1.0,std_0.05,8,0.67,0.05,beta,none
City-A,T5,5x,800.0,S1_CapRR,routine,M_routine,800,True,2,1138.1,767.4,32.6,0.3258,0.0,std_0.05,8,0.67,0.05,beta,none
City-A,T5,5x,800.0,S1_CapRR,cross_regime,M_stress,800,True,2,1138.1,445.4,354.6,0.6086,0.0,std_0.05,8,0.67,0.05,beta,none
City-A,T5,5x,800.0,S2_Platform,routine,M_routine,800,True,2,897.6,719.1,80.9,0.1988,0.0,std_0.05,8,0.67,0.05,beta,none
City-A,T5,5x,800.0,S2_Platform,cross_regime,M_stress,800,True,2,897.6,447.2,352.8,0.5018,0.0,std_0.05,8,0.67,0.05,beta,none
City-A,T5,5x,800.0,S3_Lin4,routine,M_routine,800,True,2,858.9,744.1,55.9,0.1337,0.0,std_0.05,8,0.67,0.05,beta,none
City-A,T5,5x,800.0,S3_Lin4,cross_regime,M_stress,800,True,2,858.9,482.0,318.0,0.4388,0.0,std_0.05,8,0.67,0.05,beta,none
City-A,T5,5x,800.0,S4_GlobalCalib,routine,M_routine,800,True,3,1104.7,1125.1,0.0,0.0,1.0,std_0.05,8,0.67,0.05,beta,none
City-A,T5,5x,800.0,S4_GlobalCalib,cross_regime,M_stress,800,True,3,1104.7,706.3,93.7,0.3606,0.0,std_0.05,8,0.67,0.05,beta,none
City-A,T5,5x,800.0,S5_CityCalib,routine,M_routine,800,True,3,1105.4,1125.1,0.0,0.0,1.0,std_0.05,8,0.67,0.05,beta,none
City-A,T5,5x,800.0,S5_CityCalib,cross_regime,M_stress,800,True,3,1105.4,706.3,93.7,0.361,0.0,std_0.05,8,0.67,0.05,beta,none
City-A,T5,5x,800.0,S6_Q10,routine,M_routine,800,True,3,997.4,1125.1,0.0,0.0,1.0,std_0.05,8,0.67,0.05,beta,none
City-A,T5,5x,800.0,S6_Q10,cross_regime,M_stress,800,True,3,997.4,706.3,93.7,0.2919,0.0,std_0.05,8,0.67,0.05,beta,none
City-A,T5,10x,1600.0,S0a_RoutineOracle,routine,M_routine,800,True,5,1825.8,1825.8,0.0,0.0,1.0,std_0.05,8,0.67,0.05,beta,none
City-A,T5,10x,1600.0,S0a_RoutineOracle,cross_regime,M_stress,800,True,5,1825.8,1165.4,434.6,0.3617,0.0,std_0.05,8,0.67,0.05,beta,none
City-A,T5,10x,1600.0,S0b_StressOracle,routine,M_routine,800,True,8,1797.6,2767.3,0.0,0.0,1.0,std_0.05,8,0.67,0.05,beta,none
City-A,T5,10x,1600.0,S0b_StressOracle,cross_regime,M_stress,800,True,8,1797.6,1797.6,0.0,0.0,1.0,std_0.05,8,0.67,0.05,beta,none
City-A,T5,10x,1600.0,S1_CapRR,routine,M_routine,800,True,3,1662.9,1125.1,474.9,0.3234,0.0,std_0.05,8,0.67,0.05,beta,none
City-A,T5,10x,1600.0,S1_CapRR,cross_regime,M_stress,800,True,3,1662.9,706.3,893.7,0.5752,0.0,std_0.05,8,0.67,0.05,beta,none
City-A,T5,10x,1600.0,S2_Platform,routine,M_routine,800,True,4,1696.8,1444.8,155.2,0.1485,0.0,std_0.05,8,0.67,0.05,beta,none
City-A,T5,10x,1600.0,S2_Platform,cross_regime,M_stress,800,True,4,1696.8,941.0,659.0,0.4454,0.0,std_0.05,8,0.67,0.05,beta,none
City-A,T5,10x,1600.0,S3_Lin4,routine,M_routine,800,True,5,1920.0,1822.1,0.0,0.051,1.0,std_0.05,8,0.67,0.05,beta,none
City-A,T5,10x,1600.0,S3_Lin4,cross_regime,M_stress,800,True,5,1920.0,1140.8,459.2,0.4058,0.0,std_0.05,8,0.67,0.05,beta,none
City-A,T5,10x,1600.0,S4_GlobalCalib,routine,M_routine,800,True,5,1775.6,1825.8,0.0,0.0,1.0,std_0.05,8,0.67,0.05,beta,none
City-A,T5,10x,1600.0,S4_GlobalCalib,cross_regime,M_stress,800,True,5,1775.6,1165.4,434.6,0.3437,0.0,std_0.05,8,0.67,0.05,beta,none
City-A,T5,10x,1600.0,S5_CityCalib,routine,M_routine,800,True,5,1776.8,1825.8,0.0,0.0,1.0,std_0.05,8,0.67,0.05,beta,none
City-A,T5,10x,1600.0,S5_CityCalib,cross_regime,M_stress,800,True,5,1776.8,1165.4,434.6,0.3441,0.0,std_0.05,8,0.67,0.05,beta,none
City-A,T5,10x,1600.0,S6_Q10,routine,M_routine,800,True,5,1603.2,1825.8,0.0,0.0,1.0,std_0.05,8,0.67,0.05,beta,none
City-A,T5,10x,1600.0,S6_Q10,cross_regime,M_stress,800,True,5,1603.2,1165.4,434.6,0.2731,0.0,std_0.05,8,0.67,0.05,beta,none
City-B,T1,1x,180.0,S0a_RoutineOracle,routine,M_routine,500,True,1,594.1,594.1,0.0,0.0,1.0,std_0.05,8,0.67,0.05,beta,none
City-B,T1,1x,180.0,S0a_RoutineOracle,cross_regime,M_stress,500,True,1,594.1,383.3,0.0,0.3549,1.0,std_0.05,8,0.67,0.05,beta,none
City-B,T1,1x,180.0,S0b_StressOracle,routine,M_routine,500,True,1,383.3,594.1,0.0,0.0,1.0,std_0.05,8,0.67,0.05,beta,none
City-B,T1,1x,180.0,S0b_StressOracle,cross_regime,M_stress,500,True,1,383.3,383.3,0.0,0.0,1.0,std_0.05,8,0.67,0.05,beta,none
City-B,T1,1x,180.0,S1_CapRR,routine,M_routine,500,True,1,846.0,581.0,0.0,0.3132,1.0,std_0.05,8,0.67,0.05,beta,none
City-B,T1,1x,180.0,S1_CapRR,cross_regime,M_stress,500,True,1,846.0,367.2,0.0,0.566,1.0,std_0.05,8,0.67,0.05,beta,none
City-B,T1,1x,180.0,S2_Platform,routine,M_routine,500,True,1,561.1,467.1,0.0,0.1676,1.0,std_0.05,8,0.67,0.05,beta,none
City-B,T1,1x,180.0,S2_Platform,cross_regime,M_stress,500,True,1,561.1,329.6,0.0,0.4127,1.0,std_0.05,8,0.67,0.05,beta,none
City-B,T1,1x,180.0,S3_Lin4,routine,M_routine,500,True,1,464.6,593.2,0.0,0.0,1.0,std_0.05,8,0.67,0.05,beta,none
City-B,T1,1x,180.0,S3_Lin4,cross_regime,M_stress,500,True,1,464.6,302.3,0.0,0.3492,1.0,std_0.05,8,0.67,0.05,beta,none
City-B,T1,1x,180.0,S4_GlobalCalib,routine,M_routine,500,True,1,562.9,581.0,0.0,0.0,1.0,std_0.05,8,0.67,0.05,beta,none
City-B,T1,1x,180.0,S4_GlobalCalib,cross_regime,M_stress,500,True,1,562.9,367.2,0.0,0.3478,1.0,std_0.05,8,0.67,0.05,beta,none
City-B,T1,1x,180.0,S5_CityCalib,routine,M_routine,500,True,1,564.3,581.0,0.0,0.0,1.0,std_0.05,8,0.67,0.05,beta,none
City-B,T1,1x,180.0,S5_CityCalib,cross_regime,M_stress,500,True,1,564.3,367.2,0.0,0.3493,1.0,std_0.05,8,0.67,0.05,beta,none
City-B,T1,1x,180.0,S6_Q10,routine,M_routine,500,True,1,507.7,581.0,0.0,0.0,1.0,std_0.05,8,0.67,0.05,beta,none
City-B,T1,1x,180.0,S6_Q10,cross_regime,M_stress,500,True,1,507.7,367.2,0.0,0.2768,1.0,std_0.05,8,0.67,0.05,beta,none
City-B,T1,2x,360.0,S0a_RoutineOracle,routine,M_routine,500,True,1,594.1,594.1,0.0,0.0,1.0,std_0.05,8,0.67,0.05,beta,none
City-B,T1,2x,360.0,S0a_RoutineOracle,cross_regime,M_stress,500,True,1,594.1,383.3,0.0,0.3549,1.0,std_0.05,8,0.67,0.05,beta,none
City-B,T1,2x,360.0,S0b_StressOracle,routine,M_routine,500,True,1,383.3,594.1,0.0,0.0,1.0,std_0.05,8,0.67,0.05,beta,none
City-B,T1,2x,360.0,S0b_StressOracle,cross_regime,M_stress,500,True,1,383.3,383.3,0.0,0.0,1.0,std_0.05,8,0.67,0.05,beta,none
City-B,T1,2x,360.0,S1_CapRR,routine,M_routine,500,True,1,846.0,581.0,0.0,0.3132,1.0,std_0.05,8,0.67,0.05,beta,none
City-B,T1,2x,360.0,S1_CapRR,cross_regime,M_stress,500,True,1,846.0,367.2,0.0,0.566,1.0,std_0.05,8,0.67,0.05,beta,none
City-B,T1,2x,360.0,S2_Platform,routine,M_routine,500,True,1,561.1,467.1,0.0,0.1676,1.0,std_0.05,8,0.67,0.05,beta,none
City-B,T1,2x,360.0,S2_Platform,cross_regime,M_stress,500,True,1,561.1,329.6,30.4,0.4127,0.0,std_0.05,8,0.67,0.05,beta,none
City-B,T1,2x,360.0,S3_Lin4,routine,M_routine,500,True,1,464.6,593.2,0.0,0.0,1.0,std_0.05,8,0.67,0.05,beta,none
City-B,T1,2x,360.0,S3_Lin4,cross_regime,M_stress,500,True,1,464.6,302.3,57.7,0.3492,0.0,std_0.05,8,0.67,0.05,beta,none
City-B,T1,2x,360.0,S4_GlobalCalib,routine,M_routine,500,True,1,562.9,581.0,0.0,0.0,1.0,std_0.05,8,0.67,0.05,beta,none
City-B,T1,2x,360.0,S4_GlobalCalib,cross_regime,M_stress,500,True,1,562.9,367.2,0.0,0.3478,1.0,std_0.05,8,0.67,0.05,beta,none
City-B,T1,2x,360.0,S5_CityCalib,routine,M_routine,500,True,1,564.3,581.0,0.0,0.0,1.0,std_0.05,8,0.67,0.05,beta,none
City-B,T1,2x,360.0,S5_CityCalib,cross_regime,M_stress,500,True,1,564.3,367.2,0.0,0.3493,1.0,std_0.05,8,0.67,0.05,beta,none
City-B,T1,2x,360.0,S6_Q10,routine,M_routine,500,True,1,507.7,581.0,0.0,0.0,1.0,std_0.05,8,0.67,0.05,beta,none
City-B,T1,2x,360.0,S6_Q10,cross_regime,M_stress,500,True,1,507.7,367.2,0.0,0.2768,1.0,std_0.05,8,0.67,0.05,beta,none
City-B,T1,5x,900.0,S0a_RoutineOracle,routine,M_routine,500,True,2,1187.3,1187.3,0.0,0.0,1.0,std_0.05,8,0.67,0.05,beta,none
City-B,T1,5x,900.0,S0a_RoutineOracle,cross_regime,M_stress,500,True,2,1187.3,685.6,214.4,0.4226,0.0,std_0.05,8,0.67,0.05,beta,none
City-B,T1,5x,900.0,S0b_StressOracle,routine,M_routine,500,True,3,1080.0,1642.2,0.0,0.0,1.0,std_0.05,8,0.67,0.05,beta,none
City-B,T1,5x,900.0,S0b_StressOracle,cross_regime,M_stress,500,True,3,1080.0,1080.0,0.0,0.0,1.0,std_0.05,8,0.67,0.05,beta,none
City-B,T1,5x,900.0,S1_CapRR,routine,M_routine,500,True,2,1688.0,1175.1,0.0,0.3038,1.0,std_0.05,8,0.67,0.05,beta,none
City-B,T1,5x,900.0,S1_CapRR,cross_regime,M_stress,500,True,2,1688.0,750.4,149.6,0.5554,0.0,std_0.05,8,0.67,0.05,beta,none
City-B,T1,5x,900.0,S2_Platform,routine,M_routine,500,True,2,1112.3,1060.3,0.0,0.0468,1.0,std_0.05,8,0.67,0.05,beta,none
City-B,T1,5x,900.0,S2_Platform,cross_regime,M_stress,500,True,2,1112.3,631.9,268.1,0.4319,0.0,std_0.05,8,0.67,0.05,beta,none
City-B,T1,5x,900.0,S3_Lin4,routine,M_routine,500,True,2,922.9,1060.3,0.0,0.0,1.0,std_0.05,8,0.67,0.05,beta,none
City-B,T1,5x,900.0,S3_Lin4,cross_regime,M_stress,500,True,2,922.9,631.9,268.1,0.3153,0.0,std_0.05,8,0.67,0.05,beta,none
City-B,T1,5x,900.0,S4_GlobalCalib,routine,M_routine,500,True,2,1123.2,1175.1,0.0,0.0,1.0,std_0.05,8,0.67,0.05,beta,none
City-B,T1,5x,900.0,S4_GlobalCalib,cross_regime,M_stress,500,True,2,1123.2,750.4,149.6,0.3319,0.0,std_0.05,8,0.67,0.05,beta,none
City-B,T1,5x,900.0,S5_CityCalib,routine,M_routine,500,True,2,1125.8,1175.1,0.0,0.0,1.0,std_0.05,8,0.67,0.05,beta,none
City-B,T1,5x,900.0,S5_CityCalib,cross_regime,M_stress,500,True,2,1125.8,750.4,149.6,0.3334,0.0,std_0.05,8,0.67,0.05,beta,none
City-B,T1,5x,900.0,S6_Q10,routine,M_routine,500,True,2,1012.9,1175.1,0.0,0.0,1.0,std_0.05,8,0.67,0.05,beta,none
City-B,T1,5x,900.0,S6_Q10,cross_regime,M_stress,500,True,2,1012.9,750.4,149.6,0.2591,0.0,std_0.05,8,0.67,0.05,beta,none
City-B,T1,10x,1800.0,S0a_RoutineOracle,routine,M_routine,500,True,4,2235.4,2235.4,0.0,0.0,1.0,std_0.05,8,0.67,0.05,beta,none
City-B,T1,10x,1800.0,S0a_RoutineOracle,cross_regime,M_stress,500,True,4,2235.4,1382.3,417.7,0.3816,0.0,std_0.05,8,0.67,0.05,beta,none
City-B,T1,10x,1800.0,S0b_StressOracle,routine,M_routine,500,True,6,1943.3,3067.6,0.0,0.0,1.0,std_0.05,8,0.67,0.05,beta,none
City-B,T1,10x,1800.0,S0b_StressOracle,cross_regime,M_stress,500,True,6,1943.3,1943.3,0.0,0.0,1.0,std_0.05,8,0.67,0.05,beta,none
City-B,T1,10x,1800.0,S1_CapRR,routine,M_routine,500,True,3,2504.5,1768.3,31.7,0.2939,0.0,std_0.05,8,0.67,0.05,beta,none
City-B,T1,10x,1800.0,S1_CapRR,cross_regime,M_stress,500,True,3,2504.5,1052.7,747.3,0.5797,0.0,std_0.05,8,0.67,0.05,beta,none
City-B,T1,10x,1800.0,S2_Platform,routine,M_routine,500,True,4,2163.2,2235.4,0.0,0.0,1.0,std_0.05,8,0.67,0.05,beta,none
City-B,T1,10x,1800.0,S2_Platform,cross_regime,M_stress,500,True,4,2163.2,1382.3,417.7,0.361,0.0,std_0.05,8,0.67,0.05,beta,none
City-B,T1,10x,1800.0,S3_Lin4,routine,M_routine,500,True,4,1830.5,2235.4,0.0,0.0,1.0,std_0.05,8,0.67,0.05,beta,none
City-B,T1,10x,1800.0,S3_Lin4,cross_regime,M_stress,500,True,4,1830.5,1382.3,417.7,0.2448,0.0,std_0.05,8,0.67,0.05,beta,none
City-B,T1,10x,1800.0,S4_GlobalCalib,routine,M_routine,500,True,4,2198.0,2235.4,0.0,0.0,1.0,std_0.05,8,0.67,0.05,beta,none
City-B,T1,10x,1800.0,S4_GlobalCalib,cross_regime,M_stress,500,True,4,2198.0,1382.3,417.7,0.3711,0.0,std_0.05,8,0.67,0.05,beta,none
City-B,T1,10x,1800.0,S5_CityCalib,routine,M_routine,500,True,4,2203.1,2235.4,0.0,0.0,1.0,std_0.05,8,0.67,0.05,beta,none
City-B,T1,10x,1800.0,S5_CityCalib,cross_regime,M_stress,500,True,4,2203.1,1382.3,417.7,0.3726,0.0,std_0.05,8,0.67,0.05,beta,none
City-B,T1,10x,1800.0,S6_Q10,routine,M_routine,500,True,4,1982.2,2235.4,0.0,0.0,1.0,std_0.05,8,0.67,0.05,beta,none
City-B,T1,10x,1800.0,S6_Q10,cross_regime,M_stress,500,True,4,1982.2,1382.3,417.7,0.3026,0.0,std_0.05,8,0.67,0.05,beta,none
City-B,T2,1x,260.0,S0a_RoutineOracle,routine,M_routine,500,True,1,593.7,593.7,0.0,0.0,1.0,std_0.05,8,0.67,0.05,beta,none
City-B,T2,1x,260.0,S0a_RoutineOracle,cross_regime,M_stress,500,True,1,593.7,362.3,0.0,0.3896,1.0,std_0.05,8,0.67,0.05,beta,none
City-B,T2,1x,260.0,S0b_StressOracle,routine,M_routine,500,True,1,385.9,504.0,0.0,0.0,1.0,std_0.05,8,0.67,0.05,beta,none
City-B,T2,1x,260.0,S0b_StressOracle,cross_regime,M_stress,500,True,1,385.9,385.9,0.0,0.0,1.0,std_0.05,8,0.67,0.05,beta,none
City-B,T2,1x,260.0,S1_CapRR,routine,M_routine,500,True,1,846.0,593.7,0.0,0.2983,1.0,std_0.05,8,0.67,0.05,beta,none
City-B,T2,1x,260.0,S1_CapRR,cross_regime,M_stress,500,True,1,846.0,362.3,0.0,0.5717,1.0,std_0.05,8,0.67,0.05,beta,none
City-B,T2,1x,260.0,S2_Platform,routine,M_routine,500,True,1,557.0,566.5,0.0,0.0,1.0,std_0.05,8,0.67,0.05,beta,none
City-B,T2,1x,260.0,S2_Platform,cross_regime,M_stress,500,True,1,557.0,346.1,0.0,0.3787,1.0,std_0.05,8,0.67,0.05,beta,none
City-B,T2,1x,260.0,S3_Lin4,routine,M_routine,500,True,1,465.8,504.0,0.0,0.0,1.0,std_0.05,8,0.67,0.05,beta,none
City-B,T2,1x,260.0,S3_Lin4,cross_regime,M_stress,500,True,1,465.8,385.9,0.0,0.1716,1.0,std_0.05,8,0.67,0.05,beta,none
City-B,T2,1x,260.0,S4_GlobalCalib,routine,M_routine,500,True,1,564.3,593.7,0.0,0.0,1.0,std_0.05,8,0.67,0.05,beta,none
City-B,T2,1x,260.0,S4_GlobalCalib,cross_regime,M_stress,500,True,1,564.3,362.3,0.0,0.3579,1.0,std_0.05,8,0.67,0.05,beta,none
City-B,T2,1x,260.0,S5_CityCalib,routine,M_routine,500,True,1,566.9,593.7,0.0,0.0,1.0,std_0.05,8,0.67,0.05,beta,none
City-B,T2,1x,260.0,S5_CityCalib,cross_regime,M_stress,500,True,1,566.9,362.3,0.0,0.3608,1.0,std_0.05,8,0.67,0.05,beta,none
City-B,T2,1x,260.0,S6_Q10,routine,M_routine,500,True,1,509.5,593.7,0.0,0.0,1.0,std_0.05,8,0.67,0.05,beta,none
City-B,T2,1x,260.0,S6_Q10,cross_regime,M_stress,500,True,1,509.5,362.3,0.0,0.2888,1.0,std_0.05,8,0.67,0.05,beta,none
City-B,T2,2x,520.0,S0a_RoutineOracle,routine,M_routine,500,True,1,593.7,593.7,0.0,0.0,1.0,std_0.05,8,0.67,0.05,beta,none
City-B,T2,2x,520.0,S0a_RoutineOracle,cross_regime,M_stress,500,True,1,593.7,362.3,157.7,0.3896,0.0,std_0.05,8,0.67,0.05,beta,none
City-B,T2,2x,520.0,S0b_StressOracle,routine,M_routine,500,True,2,748.2,1097.7,0.0,0.0,1.0,std_0.05,8,0.67,0.05,beta,none
City-B,T2,2x,520.0,S0b_StressOracle,cross_regime,M_stress,500,True,2,748.2,748.2,0.0,0.0,1.0,std_0.05,8,0.67,0.05,beta,none
City-B,T2,2x,520.0,S1_CapRR,routine,M_routine,500,True,1,846.0,593.7,0.0,0.2983,1.0,std_0.05,8,0.67,0.05,beta,none
City-B,T2,2x,520.0,S1_CapRR,cross_regime,M_stress,500,True,1,846.0,362.3,157.7,0.5717,0.0,std_0.05,8,0.67,0.05,beta,none
City-B,T2,2x,520.0,S2_Platform,routine,M_routine,500,True,1,557.0,566.5,0.0,0.0,1.0,std_0.05,8,0.67,0.05,beta,none
City-B,T2,2x,520.0,S2_Platform,cross_regime,M_stress,500,True,1,557.0,346.1,173.9,0.3787,0.0,std_0.05,8,0.67,0.05,beta,none
City-B,T2,2x,520.0,S3_Lin4,routine,M_routine,500,True,2,925.4,1070.5,0.0,0.0,1.0,std_0.05,8,0.67,0.05,beta,none
City-B,T2,2x,520.0,S3_Lin4,cross_regime,M_stress,500,True,2,925.4,732.0,0.0,0.209,1.0,std_0.05,8,0.67,0.05,beta,none
City-B,T2,2x,520.0,S4_GlobalCalib,routine,M_routine,500,True,1,564.3,593.7,0.0,0.0,1.0,std_0.05,8,0.67,0.05,beta,none
City-B,T2,2x,520.0,S4_GlobalCalib,cross_regime,M_stress,500,True,1,564.3,362.3,157.7,0.3579,0.0,std_0.05,8,0.67,0.05,beta,none
City-B,T2,2x,520.0,S5_CityCalib,routine,M_routine,500,True,1,566.9,593.7,0.0,0.0,1.0,std_0.05,8,0.67,0.05,beta,none
City-B,T2,2x,520.0,S5_CityCalib,cross_regime,M_stress,500,True,1,566.9,362.3,157.7,0.3608,0.0,std_0.05,8,0.67,0.05,beta,none
City-B,T2,2x,520.0,S6_Q10,routine,M_routine,500,True,2,1016.5,1032.2,0.0,0.0,1.0,std_0.05,8,0.67,0.05,beta,none
City-B,T2,2x,520.0,S6_Q10,cross_regime,M_stress,500,True,2,1016.5,700.4,0.0,0.311,1.0,std_0.05,8,0.67,0.05,beta,none
City-B,T2,5x,1300.0,S0a_RoutineOracle,routine,M_routine,500,True,3,1664.2,1664.2,0.0,0.0,1.0,std_0.05,8,0.67,0.05,beta,none
City-B,T2,5x,1300.0,S0a_RoutineOracle,cross_regime,M_stress,500,True,3,1664.2,1094.3,205.7,0.3424,0.0,std_0.05,8,0.67,0.05,beta,none
City-B,T2,5x,1300.0,S0b_StressOracle,routine,M_routine,500,True,4,1432.4,2102.8,0.0,0.0,1.0,std_0.05,8,0.67,0.05,beta,none
City-B,T2,5x,1300.0,S0b_StressOracle,cross_regime,M_stress,500,True,4,1432.4,1432.4,0.0,0.0,1.0,std_0.05,8,0.67,0.05,beta,none
City-B,T2,5x,1300.0,S1_CapRR,routine,M_routine,500,True,2,1688.0,1032.2,267.8,0.3885,0.0,std_0.05,8,0.67,0.05,beta,none
City-B,T2,5x,1300.0,S1_CapRR,cross_regime,M_stress,500,True,2,1688.0,700.4,599.6,0.5851,0.0,std_0.05,8,0.67,0.05,beta,none
City-B,T2,5x,1300.0,S2_Platform,routine,M_routine,500,True,3,1630.3,1509.1,0.0,0.0743,1.0,std_0.05,8,0.67,0.05,beta,none
City-B,T2,5x,1300.0,S2_Platform,cross_regime,M_stress,500,True,3,1630.3,1070.1,229.9,0.3436,0.0,std_0.05,8,0.67,0.05,beta,none
City-B,T2,5x,1300.0,S3_Lin4,routine,M_routine,500,True,3,1381.3,1664.2,0.0,0.0,1.0,std_0.05,8,0.67,0.05,beta,none
City-B,T2,5x,1300.0,S3_Lin4,cross_regime,M_stress,500,True,3,1381.3,1094.3,205.7,0.2078,0.0,std_0.05,8,0.67,0.05,beta,none
City-B,T2,5x,1300.0,S4_GlobalCalib,routine,M_routine,500,True,3,1670.6,1536.3,0.0,0.0804,1.0,std_0.05,8,0.67,0.05,beta,none
City-B,T2,5x,1300.0,S4_GlobalCalib,cross_regime,M_stress,500,True,3,1670.6,1086.3,213.7,0.3498,0.0,std_0.05,8,0.67,0.05,beta,none
City-B,T2,5x,1300.0,S5_CityCalib,routine,M_routine,500,True,3,1678.2,1536.3,0.0,0.0846,1.0,std_0.05,8,0.67,0.05,beta,none
City-B,T2,5x,1300.0,S5_CityCalib,cross_regime,M_stress,500,True,3,1678.2,1086.3,213.7,0.3527,0.0,std_0.05,8,0.67,0.05,beta,none
City-B,T2,5x,1300.0,S6_Q10,routine,M_routine,500,True,3,1508.3,1536.3,0.0,0.0,1.0,std_0.05,8,0.67,0.05,beta,none
City-B,T2,5x,1300.0,S6_Q10,cross_regime,M_stress,500,True,3,1508.3,1086.3,213.7,0.2798,0.0,std_0.05,8,0.67,0.05,beta,none
City-B,T2,10x,2600.0,S0a_RoutineOracle,routine,M_routine,500,True,6,3002.7,3002.7,0.0,0.0,1.0,std_0.05,8,0.67,0.05,beta,none
City-B,T2,10x,2600.0,S0a_RoutineOracle,cross_regime,M_stress,500,True,6,3002.7,2010.8,589.2,0.3303,0.0,std_0.05,8,0.67,0.05,beta,none
City-B,T2,10x,2600.0,S0b_StressOracle,routine,M_routine,500,True,9,2814.5,4131.4,0.0,0.0,1.0,std_0.05,8,0.67,0.05,beta,none
City-B,T2,10x,2600.0,S0b_StressOracle,cross_regime,M_stress,500,True,9,2814.5,2814.5,0.0,0.0,1.0,std_0.05,8,0.67,0.05,beta,none
City-B,T2,10x,2600.0,S1_CapRR,routine,M_routine,500,True,4,3303.2,2102.8,497.2,0.3634,0.0,std_0.05,8,0.67,0.05,beta,none
City-B,T2,10x,2600.0,S1_CapRR,cross_regime,M_stress,500,True,4,3303.2,1432.4,1167.6,0.5664,0.0,std_0.05,8,0.67,0.05,beta,none
City-B,T2,10x,2600.0,S2_Platform,routine,M_routine,500,True,6,2974.4,2958.3,0.0,0.0054,1.0,std_0.05,8,0.67,0.05,beta,none
City-B,T2,10x,2600.0,S2_Platform,cross_regime,M_stress,500,True,6,2974.4,1991.2,608.8,0.3306,0.0,std_0.05,8,0.67,0.05,beta,none
City-B,T2,10x,2600.0,S3_Lin4,routine,M_routine,500,True,6,2605.9,2958.3,0.0,0.0,1.0,std_0.05,8,0.67,0.05,beta,none
City-B,T2,10x,2600.0,S3_Lin4,cross_regime,M_stress,500,True,6,2605.9,1991.2,608.8,0.2359,0.0,std_0.05,8,0.67,0.05,beta,none
City-B,T2,10x,2600.0,S4_GlobalCalib,routine,M_routine,500,True,5,2669.6,2557.2,42.8,0.0421,0.0,std_0.05,8,0.67,0.05,beta,none
City-B,T2,10x,2600.0,S4_GlobalCalib,cross_regime,M_stress,500,True,5,2669.6,1719.0,881.0,0.3561,0.0,std_0.05,8,0.67,0.05,beta,none
City-B,T2,10x,2600.0,S5_CityCalib,routine,M_routine,500,True,5,2681.5,2557.2,42.8,0.0464,0.0,std_0.05,8,0.67,0.05,beta,none
City-B,T2,10x,2600.0,S5_CityCalib,cross_regime,M_stress,500,True,5,2681.5,1719.0,881.0,0.3589,0.0,std_0.05,8,0.67,0.05,beta,none
City-B,T2,10x,2600.0,S6_Q10,routine,M_routine,500,True,6,2797.7,3002.7,0.0,0.0,1.0,std_0.05,8,0.67,0.05,beta,none
City-B,T2,10x,2600.0,S6_Q10,cross_regime,M_stress,500,True,6,2797.7,2010.8,589.2,0.2813,0.0,std_0.05,8,0.67,0.05,beta,none
City-B,T3,1x,200.0,S0a_RoutineOracle,routine,M_routine,500,True,1,540.1,540.1,0.0,0.0,1.0,std_0.05,8,0.67,0.05,beta,none
City-B,T3,1x,200.0,S0a_RoutineOracle,cross_regime,M_stress,500,True,1,540.1,297.1,0.0,0.4499,1.0,std_0.05,8,0.67,0.05,beta,none
City-B,T3,1x,200.0,S0b_StressOracle,routine,M_routine,500,True,1,328.5,506.4,0.0,0.0,1.0,std_0.05,8,0.67,0.05,beta,none
City-B,T3,1x,200.0,S0b_StressOracle,cross_regime,M_stress,500,True,1,328.5,328.5,0.0,0.0,1.0,std_0.05,8,0.67,0.05,beta,none
City-B,T3,1x,200.0,S1_CapRR,routine,M_routine,500,True,1,744.5,540.1,0.0,0.2745,1.0,std_0.05,8,0.67,0.05,beta,none
City-B,T3,1x,200.0,S1_CapRR,cross_regime,M_stress,500,True,1,744.5,297.1,0.0,0.6009,1.0,std_0.05,8,0.67,0.05,beta,none
City-B,T3,1x,200.0,S2_Platform,routine,M_routine,500,True,1,543.2,479.3,0.0,0.1176,1.0,std_0.05,8,0.67,0.05,beta,none
City-B,T3,1x,200.0,S2_Platform,cross_regime,M_stress,500,True,1,543.2,326.3,0.0,0.3993,1.0,std_0.05,8,0.67,0.05,beta,none
City-B,T3,1x,200.0,S3_Lin4,routine,M_routine,500,True,1,456.1,506.4,0.0,0.0,1.0,std_0.05,8,0.67,0.05,beta,none
City-B,T3,1x,200.0,S3_Lin4,cross_regime,M_stress,500,True,1,456.1,328.5,0.0,0.2797,1.0,std_0.05,8,0.67,0.05,beta,none
City-B,T3,1x,200.0,S4_GlobalCalib,routine,M_routine,500,True,1,495.5,540.1,0.0,0.0,1.0,std_0.05,8,0.67,0.05,beta,none
City-B,T3,1x,200.0,S4_GlobalCalib,cross_regime,M_stress,500,True,1,495.5,297.1,0.0,0.4003,1.0,std_0.05,8,0.67,0.05,beta,none
City-B,T3,1x,200.0,S5_CityCalib,routine,M_routine,500,True,1,495.9,540.1,0.0,0.0,1.0,std_0.05,8,0.67,0.05,beta,none
City-B,T3,1x,200.0,S5_CityCalib,cross_regime,M_stress,500,True,1,495.9,297.1,0.0,0.4008,1.0,std_0.05,8,0.67,0.05,beta,none
City-B,T3,1x,200.0,S6_Q10,routine,M_routine,500,True,1,446.3,540.1,0.0,0.0,1.0,std_0.05,8,0.67,0.05,beta,none
City-B,T3,1x,200.0,S6_Q10,cross_regime,M_stress,500,True,1,446.3,297.1,0.0,0.3343,1.0,std_0.05,8,0.67,0.05,beta,none
City-B,T3,2x,400.0,S0a_RoutineOracle,routine,M_routine,500,True,1,540.1,540.1,0.0,0.0,1.0,std_0.05,8,0.67,0.05,beta,none
City-B,T3,2x,400.0,S0a_RoutineOracle,cross_regime,M_stress,500,True,1,540.1,297.1,102.9,0.4499,0.0,std_0.05,8,0.67,0.05,beta,none
City-B,T3,2x,400.0,S0b_StressOracle,routine,M_routine,500,True,2,654.8,985.7,0.0,0.0,1.0,std_0.05,8,0.67,0.05,beta,none
City-B,T3,2x,400.0,S0b_StressOracle,cross_regime,M_stress,500,True,2,654.8,654.8,0.0,0.0,1.0,std_0.05,8,0.67,0.05,beta,none
City-B,T3,2x,400.0,S1_CapRR,routine,M_routine,500,True,1,744.5,540.1,0.0,0.2745,1.0,std_0.05,8,0.67,0.05,beta,none
City-B,T3,2x,400.0,S1_CapRR,cross_regime,M_stress,500,True,1,744.5,297.1,102.9,0.6009,0.0,std_0.05,8,0.67,0.05,beta,none
City-B,T3,2x,400.0,S2_Platform,routine,M_routine,500,True,1,543.2,479.3,0.0,0.1176,1.0,std_0.05,8,0.67,0.05,beta,none
City-B,T3,2x,400.0,S2_Platform,cross_regime,M_stress,500,True,1,543.2,326.3,73.7,0.3993,0.0,std_0.05,8,0.67,0.05,beta,none
City-B,T3,2x,400.0,S3_Lin4,routine,M_routine,500,True,1,456.1,506.4,0.0,0.0,1.0,std_0.05,8,0.67,0.05,beta,none
City-B,T3,2x,400.0,S3_Lin4,cross_regime,M_stress,500,True,1,456.1,328.5,71.5,0.2797,0.0,std_0.05,8,0.67,0.05,beta,none
City-B,T3,2x,400.0,S4_GlobalCalib,routine,M_routine,500,True,1,495.5,540.1,0.0,0.0,1.0,std_0.05,8,0.67,0.05,beta,none
City-B,T3,2x,400.0,S4_GlobalCalib,cross_regime,M_stress,500,True,1,495.5,297.1,102.9,0.4003,0.0,std_0.05,8,0.67,0.05,beta,none
City-B,T3,2x,400.0,S5_CityCalib,routine,M_routine,500,True,1,495.9,540.1,0.0,0.0,1.0,std_0.05,8,0.67,0.05,beta,none
City-B,T3,2x,400.0,S5_CityCalib,cross_regime,M_stress,500,True,1,495.9,297.1,102.9,0.4008,0.0,std_0.05,8,0.67,0.05,beta,none
City-B,T3,2x,400.0,S6_Q10,routine,M_routine,500,True,1,446.3,540.1,0.0,0.0,1.0,std_0.05,8,0.67,0.05,beta,none
City-B,T3,2x,400.0,S6_Q10,cross_regime,M_stress,500,True,1,446.3,297.1,102.9,0.3343,0.0,std_0.05,8,0.67,0.05,beta,none
City-B,T3,5x,1000.0,S0a_RoutineOracle,routine,M_routine,500,True,2,1046.5,1046.5,0.0,0.0,1.0,std_0.05,8,0.67,0.05,beta,none
City-B,T3,5x,1000.0,S0a_RoutineOracle,cross_regime,M_stress,500,True,2,1046.5,625.6,374.4,0.4022,0.0,std_0.05,8,0.67,0.05,beta,none
City-B,T3,5x,1000.0,S0b_StressOracle,routine,M_routine,500,True,4,1230.1,1989.7,0.0,0.0,1.0,std_0.05,8,0.67,0.05,beta,none
City-B,T3,5x,1000.0,S0b_StressOracle,cross_regime,M_stress,500,True,4,1230.1,1230.1,0.0,0.0,1.0,std_0.05,8,0.67,0.05,beta,none
City-B,T3,5x,1000.0,S1_CapRR,routine,M_routine,500,True,2,1485.4,1019.4,0.0,0.3137,1.0,std_0.05,8,0.67,0.05,beta,none
City-B,T3,5x,1000.0,S1_CapRR,cross_regime,M_stress,500,True,2,1485.4,623.4,376.6,0.5803,0.0,std_0.05,8,0.67,0.05,beta,none
City-B,T3,5x,1000.0,S2_Platform,routine,M_routine,500,True,2,1048.0,985.7,14.3,0.0594,0.0,std_0.05,8,0.67,0.05,beta,none
City-B,T3,5x,1000.0,S2_Platform,cross_regime,M_stress,500,True,2,1048.0,654.8,345.2,0.3752,0.0,std_0.05,8,0.67,0.05,beta,none
City-B,T3,5x,1000.0,S3_Lin4,routine,M_routine,500,True,3,1349.2,1510.4,0.0,0.0,1.0,std_0.05,8,0.67,0.05,beta,none
City-B,T3,5x,1000.0,S3_Lin4,cross_regime,M_stress,500,True,3,1349.2,903.9,96.1,0.3301,0.0,std_0.05,8,0.67,0.05,beta,none
City-B,T3,5x,1000.0,S4_GlobalCalib,routine,M_routine,500,True,3,1466.7,1525.8,0.0,0.0,1.0,std_0.05,8,0.67,0.05,beta,none
City-B,T3,5x,1000.0,S4_GlobalCalib,cross_regime,M_stress,500,True,3,1466.7,951.9,48.1,0.351,0.0,std_0.05,8,0.67,0.05,beta,none
City-B,T3,5x,1000.0,S5_CityCalib,routine,M_routine,500,True,3,1467.9,1525.8,0.0,0.0,1.0,std_0.05,8,0.67,0.05,beta,none
City-B,T3,5x,1000.0,S5_CityCalib,cross_regime,M_stress,500,True,3,1467.9,951.9,48.1,0.3515,0.0,std_0.05,8,0.67,0.05,beta,none
City-B,T3,5x,1000.0,S6_Q10,routine,M_routine,500,True,3,1321.2,1525.8,0.0,0.0,1.0,std_0.05,8,0.67,0.05,beta,none
City-B,T3,5x,1000.0,S6_Q10,cross_regime,M_stress,500,True,3,1321.2,951.9,48.1,0.2795,0.0,std_0.05,8,0.67,0.05,beta,none
City-B,T3,10x,2000.0,S0a_RoutineOracle,routine,M_routine,500,True,5,2437.3,2437.3,0.0,0.0,1.0,std_0.05,8,0.67,0.05,beta,none
City-B,T3,10x,2000.0,S0a_RoutineOracle,cross_regime,M_stress,500,True,5,2437.3,1499.0,501.0,0.385,0.0,std_0.05,8,0.67,0.05,beta,none
City-B,T3,10x,2000.0,S0b_StressOracle,routine,M_routine,500,True,8,2214.4,3557.3,0.0,0.0,1.0,std_0.05,8,0.67,0.05,beta,none
City-B,T3,10x,2000.0,S0b_StressOracle,cross_regime,M_stress,500,True,8,2214.4,2214.4,0.0,0.0,1.0,std_0.05,8,0.67,0.05,beta,none
City-B,T3,10x,2000.0,S1_CapRR,routine,M_routine,500,True,3,2203.9,1525.8,474.2,0.3077,0.0,std_0.05,8,0.67,0.05,beta,none
City-B,T3,10x,2000.0,S1_CapRR,cross_regime,M_stress,500,True,3,2203.9,951.9,1048.1,0.5681,0.0,std_0.05,8,0.67,0.05,beta,none
City-B,T3,10x,2000.0,S2_Platform,routine,M_routine,500,True,5,2307.7,2239.6,0.0,0.0295,1.0,std_0.05,8,0.67,0.05,beta,none
City-B,T3,10x,2000.0,S2_Platform,cross_regime,M_stress,500,True,5,2307.7,1412.9,587.1,0.3877,0.0,std_0.05,8,0.67,0.05,beta,none
City-B,T3,10x,2000.0,S3_Lin4,routine,M_routine,500,True,5,2165.9,2372.6,0.0,0.0,1.0,std_0.05,8,0.67,0.05,beta,none
City-B,T3,10x,2000.0,S3_Lin4,cross_regime,M_stress,500,True,5,2165.9,1466.9,533.1,0.3228,0.0,std_0.05,8,0.67,0.05,beta,none
City-B,T3,10x,2000.0,S4_GlobalCalib,routine,M_routine,500,True,5,2343.8,2437.3,0.0,0.0,1.0,std_0.05,8,0.67,0.05,beta,none
City-B,T3,10x,2000.0,S4_GlobalCalib,cross_regime,M_stress,500,True,5,2343.8,1499.0,501.0,0.3605,0.0,std_0.05,8,0.67,0.05,beta,none
City-B,T3,10x,2000.0,S5_CityCalib,routine,M_routine,500,True,5,2345.6,2437.3,0.0,0.0,1.0,std_0.05,8,0.67,0.05,beta,none
City-B,T3,10x,2000.0,S5_CityCalib,cross_regime,M_stress,500,True,5,2345.6,1499.0,501.0,0.361,0.0,std_0.05,8,0.67,0.05,beta,none
City-B,T3,10x,2000.0,S6_Q10,routine,M_routine,500,True,5,2111.2,2437.3,0.0,0.0,1.0,std_0.05,8,0.67,0.05,beta,none
City-B,T3,10x,2000.0,S6_Q10,cross_regime,M_stress,500,True,5,2111.2,1499.0,501.0,0.29,0.0,std_0.05,8,0.67,0.05,beta,none
City-B,T4,1x,140.0,S0a_RoutineOracle,routine,M_routine,500,True,1,633.1,633.1,0.0,0.0,1.0,std_0.05,8,0.67,0.05,beta,none
City-B,T4,1x,140.0,S0a_RoutineOracle,cross_regime,M_stress,500,True,1,633.1,379.8,0.0,0.4001,1.0,std_0.05,8,0.67,0.05,beta,none
City-B,T4,1x,140.0,S0b_StressOracle,routine,M_routine,500,True,1,397.3,558.3,0.0,0.0,1.0,std_0.05,8,0.67,0.05,beta,none
City-B,T4,1x,140.0,S0b_StressOracle,cross_regime,M_stress,500,True,1,397.3,397.3,0.0,0.0,1.0,std_0.05,8,0.67,0.05,beta,none
City-B,T4,1x,140.0,S1_CapRR,routine,M_routine,500,True,1,846.0,633.1,0.0,0.2517,1.0,std_0.05,8,0.67,0.05,beta,none
City-B,T4,1x,140.0,S1_CapRR,cross_regime,M_stress,500,True,1,846.0,379.8,0.0,0.5511,1.0,std_0.05,8,0.67,0.05,beta,none
City-B,T4,1x,140.0,S2_Platform,routine,M_routine,500,True,1,480.1,633.1,0.0,0.0,1.0,std_0.05,8,0.67,0.05,beta,none
City-B,T4,1x,140.0,S2_Platform,cross_regime,M_stress,500,True,1,480.1,379.8,0.0,0.2089,1.0,std_0.05,8,0.67,0.05,beta,none
City-B,T4,1x,140.0,S3_Lin4,routine,M_routine,500,True,1,466.4,558.3,0.0,0.0,1.0,std_0.05,8,0.67,0.05,beta,none
City-B,T4,1x,140.0,S3_Lin4,cross_regime,M_stress,500,True,1,466.4,397.3,0.0,0.1482,1.0,std_0.05,8,0.67,0.05,beta,none
City-B,T4,1x,140.0,S4_GlobalCalib,routine,M_routine,500,True,1,562.1,633.1,0.0,0.0,1.0,std_0.05,8,0.67,0.05,beta,none
City-B,T4,1x,140.0,S4_GlobalCalib,cross_regime,M_stress,500,True,1,562.1,379.8,0.0,0.3243,1.0,std_0.05,8,0.67,0.05,beta,none
City-B,T4,1x,140.0,S5_CityCalib,routine,M_routine,500,True,1,563.2,633.1,0.0,0.0,1.0,std_0.05,8,0.67,0.05,beta,none
City-B,T4,1x,140.0,S5_CityCalib,cross_regime,M_stress,500,True,1,563.2,379.8,0.0,0.3257,1.0,std_0.05,8,0.67,0.05,beta,none
City-B,T4,1x,140.0,S6_Q10,routine,M_routine,500,True,1,507.5,633.1,0.0,0.0,1.0,std_0.05,8,0.67,0.05,beta,none
City-B,T4,1x,140.0,S6_Q10,cross_regime,M_stress,500,True,1,507.5,379.8,0.0,0.2517,1.0,std_0.05,8,0.67,0.05,beta,none
City-B,T4,2x,280.0,S0a_RoutineOracle,routine,M_routine,500,True,1,633.1,633.1,0.0,0.0,1.0,std_0.05,8,0.67,0.05,beta,none
City-B,T4,2x,280.0,S0a_RoutineOracle,cross_regime,M_stress,500,True,1,633.1,379.8,0.0,0.4001,1.0,std_0.05,8,0.67,0.05,beta,none
City-B,T4,2x,280.0,S0b_StressOracle,routine,M_routine,500,True,1,397.3,558.3,0.0,0.0,1.0,std_0.05,8,0.67,0.05,beta,none
City-B,T4,2x,280.0,S0b_StressOracle,cross_regime,M_stress,500,True,1,397.3,397.3,0.0,0.0,1.0,std_0.05,8,0.67,0.05,beta,none
City-B,T4,2x,280.0,S1_CapRR,routine,M_routine,500,True,1,846.0,633.1,0.0,0.2517,1.0,std_0.05,8,0.67,0.05,beta,none
City-B,T4,2x,280.0,S1_CapRR,cross_regime,M_stress,500,True,1,846.0,379.8,0.0,0.5511,1.0,std_0.05,8,0.67,0.05,beta,none
City-B,T4,2x,280.0,S2_Platform,routine,M_routine,500,True,1,480.1,633.1,0.0,0.0,1.0,std_0.05,8,0.67,0.05,beta,none
City-B,T4,2x,280.0,S2_Platform,cross_regime,M_stress,500,True,1,480.1,379.8,0.0,0.2089,1.0,std_0.05,8,0.67,0.05,beta,none
City-B,T4,2x,280.0,S3_Lin4,routine,M_routine,500,True,1,466.4,558.3,0.0,0.0,1.0,std_0.05,8,0.67,0.05,beta,none
City-B,T4,2x,280.0,S3_Lin4,cross_regime,M_stress,500,True,1,466.4,397.3,0.0,0.1482,1.0,std_0.05,8,0.67,0.05,beta,none
City-B,T4,2x,280.0,S4_GlobalCalib,routine,M_routine,500,True,1,562.1,633.1,0.0,0.0,1.0,std_0.05,8,0.67,0.05,beta,none
City-B,T4,2x,280.0,S4_GlobalCalib,cross_regime,M_stress,500,True,1,562.1,379.8,0.0,0.3243,1.0,std_0.05,8,0.67,0.05,beta,none
City-B,T4,2x,280.0,S5_CityCalib,routine,M_routine,500,True,1,563.2,633.1,0.0,0.0,1.0,std_0.05,8,0.67,0.05,beta,none
City-B,T4,2x,280.0,S5_CityCalib,cross_regime,M_stress,500,True,1,563.2,379.8,0.0,0.3257,1.0,std_0.05,8,0.67,0.05,beta,none
City-B,T4,2x,280.0,S6_Q10,routine,M_routine,500,True,1,507.5,633.1,0.0,0.0,1.0,std_0.05,8,0.67,0.05,beta,none
City-B,T4,2x,280.0,S6_Q10,cross_regime,M_stress,500,True,1,507.5,379.8,0.0,0.2517,1.0,std_0.05,8,0.67,0.05,beta,none
City-B,T4,5x,700.0,S0a_RoutineOracle,routine,M_routine,500,True,2,1224.6,1224.6,0.0,0.0,1.0,std_0.05,8,0.67,0.05,beta,none
City-B,T4,5x,700.0,S0a_RoutineOracle,cross_regime,M_stress,500,True,2,1224.6,745.3,0.0,0.3914,1.0,std_0.05,8,0.67,0.05,beta,none
City-B,T4,5x,700.0,S0b_StressOracle,routine,M_routine,500,True,2,777.0,1191.4,0.0,0.0,1.0,std_0.05,8,0.67,0.05,beta,none
City-B,T4,5x,700.0,S0b_StressOracle,cross_regime,M_stress,500,True,2,777.0,777.0,0.0,0.0,1.0,std_0.05,8,0.67,0.05,beta,none
City-B,T4,5x,700.0,S1_CapRR,routine,M_routine,500,True,1,846.0,633.1,66.9,0.2517,0.0,std_0.05,8,0.67,0.05,beta,none
City-B,T4,5x,700.0,S1_CapRR,cross_regime,M_stress,500,True,1,846.0,379.8,320.2,0.5511,0.0,std_0.05,8,0.67,0.05,beta,none
City-B,T4,5x,700.0,S2_Platform,routine,M_routine,500,True,2,912.9,1148.1,0.0,0.0,1.0,std_0.05,8,0.67,0.05,beta,none
City-B,T4,5x,700.0,S2_Platform,cross_regime,M_stress,500,True,2,912.9,728.8,0.0,0.2017,1.0,std_0.05,8,0.67,0.05,beta,none
City-B,T4,5x,700.0,S3_Lin4,routine,M_routine,500,True,2,926.5,1073.3,0.0,0.0,1.0,std_0.05,8,0.67,0.05,beta,none
City-B,T4,5x,700.0,S3_Lin4,cross_regime,M_stress,500,True,2,926.5,746.3,0.0,0.1945,1.0,std_0.05,8,0.67,0.05,beta,none
City-B,T4,5x,700.0,S4_GlobalCalib,routine,M_routine,500,True,2,1121.4,1224.6,0.0,0.0,1.0,std_0.05,8,0.67,0.05,beta,none
City-B,T4,5x,700.0,S4_GlobalCalib,cross_regime,M_stress,500,True,2,1121.4,745.3,0.0,0.3354,1.0,std_0.05,8,0.67,0.05,beta,none
City-B,T4,5x,700.0,S5_CityCalib,routine,M_routine,500,True,2,1123.7,1224.6,0.0,0.0,1.0,std_0.05,8,0.67,0.05,beta,none
City-B,T4,5x,700.0,S5_CityCalib,cross_regime,M_stress,500,True,2,1123.7,745.3,0.0,0.3367,1.0,std_0.05,8,0.67,0.05,beta,none
City-B,T4,5x,700.0,S6_Q10,routine,M_routine,500,True,2,1012.6,1224.6,0.0,0.0,1.0,std_0.05,8,0.67,0.05,beta,none
City-B,T4,5x,700.0,S6_Q10,cross_regime,M_stress,500,True,2,1012.6,745.3,0.0,0.264,1.0,std_0.05,8,0.67,0.05,beta,none
City-B,T4,10x,1400.0,S0a_RoutineOracle,routine,M_routine,500,True,3,1782.9,1782.9,0.0,0.0,1.0,std_0.05,8,0.67,0.05,beta,none
City-B,T4,10x,1400.0,S0a_RoutineOracle,cross_regime,M_stress,500,True,3,1782.9,1142.5,257.5,0.3592,0.0,std_0.05,8,0.67,0.05,beta,none
City-B,T4,10x,1400.0,S0b_StressOracle,routine,M_routine,500,True,4,1491.6,2297.9,0.0,0.0,1.0,std_0.05,8,0.67,0.05,beta,none
City-B,T4,10x,1400.0,S0b_StressOracle,cross_regime,M_stress,500,True,4,1491.6,1491.6,0.0,0.0,1.0,std_0.05,8,0.67,0.05,beta,none
City-B,T4,10x,1400.0,S1_CapRR,routine,M_routine,500,True,2,1688.0,1224.6,175.4,0.2745,0.0,std_0.05,8,0.67,0.05,beta,none
City-B,T4,10x,1400.0,S1_CapRR,cross_regime,M_stress,500,True,2,1688.0,745.3,654.7,0.5585,0.0,std_0.05,8,0.67,0.05,beta,none
City-B,T4,10x,1400.0,S2_Platform,routine,M_routine,500,True,4,1693.5,2112.7,0.0,0.0,1.0,std_0.05,8,0.67,0.05,beta,none
City-B,T4,10x,1400.0,S2_Platform,cross_regime,M_stress,500,True,4,1693.5,1386.1,13.9,0.1815,0.0,std_0.05,8,0.67,0.05,beta,none
City-B,T4,10x,1400.0,S3_Lin4,routine,M_routine,500,True,4,1838.0,2297.9,0.0,0.0,1.0,std_0.05,8,0.67,0.05,beta,none
City-B,T4,10x,1400.0,S3_Lin4,cross_regime,M_stress,500,True,4,1838.0,1491.6,0.0,0.1884,1.0,std_0.05,8,0.67,0.05,beta,none
City-B,T4,10x,1400.0,S4_GlobalCalib,routine,M_routine,500,True,3,1663.9,1782.9,0.0,0.0,1.0,std_0.05,8,0.67,0.05,beta,none
City-B,T4,10x,1400.0,S4_GlobalCalib,cross_regime,M_stress,500,True,3,1663.9,1142.5,257.5,0.3133,0.0,std_0.05,8,0.67,0.05,beta,none
City-B,T4,10x,1400.0,S5_CityCalib,routine,M_routine,500,True,3,1667.2,1782.9,0.0,0.0,1.0,std_0.05,8,0.67,0.05,beta,none
City-B,T4,10x,1400.0,S5_CityCalib,cross_regime,M_stress,500,True,3,1667.2,1142.5,257.5,0.3147,0.0,std_0.05,8,0.67,0.05,beta,none
City-B,T4,10x,1400.0,S6_Q10,routine,M_routine,500,True,3,1502.4,1782.9,0.0,0.0,1.0,std_0.05,8,0.67,0.05,beta,none
City-B,T4,10x,1400.0,S6_Q10,cross_regime,M_stress,500,True,3,1502.4,1142.5,257.5,0.2395,0.0,std_0.05,8,0.67,0.05,beta,none
City-B,T5,1x,160.0,S0a_RoutineOracle,routine,M_routine,500,True,1,580.7,580.7,0.0,0.0,1.0,std_0.05,8,0.67,0.05,beta,none
City-B,T5,1x,160.0,S0a_RoutineOracle,cross_regime,M_stress,500,True,1,580.7,312.8,0.0,0.4615,1.0,std_0.05,8,0.67,0.05,beta,none
City-B,T5,1x,160.0,S0b_StressOracle,routine,M_routine,500,True,1,331.1,508.3,0.0,0.0,1.0,std_0.05,8,0.67,0.05,beta,none
City-B,T5,1x,160.0,S0b_StressOracle,cross_regime,M_stress,500,True,1,331.1,331.1,0.0,0.0,1.0,std_0.05,8,0.67,0.05,beta,none
City-B,T5,1x,160.0,S1_CapRR,routine,M_routine,500,True,1,744.5,421.5,0.0,0.4338,1.0,std_0.05,8,0.67,0.05,beta,none
City-B,T5,1x,160.0,S1_CapRR,cross_regime,M_stress,500,True,1,744.5,321.9,0.0,0.5676,1.0,std_0.05,8,0.67,0.05,beta,none
City-B,T5,1x,160.0,S2_Platform,routine,M_routine,500,True,1,553.3,508.3,0.0,0.0813,1.0,std_0.05,8,0.67,0.05,beta,none
City-B,T5,1x,160.0,S2_Platform,cross_regime,M_stress,500,True,1,553.3,331.1,0.0,0.4016,1.0,std_0.05,8,0.67,0.05,beta,none
City-B,T5,1x,160.0,S3_Lin4,routine,M_routine,500,True,1,455.0,580.7,0.0,0.0,1.0,std_0.05,8,0.67,0.05,beta,none
City-B,T5,1x,160.0,S3_Lin4,cross_regime,M_stress,500,True,1,455.0,312.8,0.0,0.3126,1.0,std_0.05,8,0.67,0.05,beta,none
City-B,T5,1x,160.0,S4_GlobalCalib,routine,M_routine,500,True,1,494.5,421.5,0.0,0.1476,1.0,std_0.05,8,0.67,0.05,beta,none
City-B,T5,1x,160.0,S4_GlobalCalib,cross_regime,M_stress,500,True,1,494.5,321.9,0.0,0.349,1.0,std_0.05,8,0.67,0.05,beta,none
City-B,T5,1x,160.0,S5_CityCalib,routine,M_routine,500,True,1,495.8,421.5,0.0,0.1499,1.0,std_0.05,8,0.67,0.05,beta,none
City-B,T5,1x,160.0,S5_CityCalib,cross_regime,M_stress,500,True,1,495.8,321.9,0.0,0.3507,1.0,std_0.05,8,0.67,0.05,beta,none
City-B,T5,1x,160.0,S6_Q10,routine,M_routine,500,True,1,446.6,421.5,0.0,0.0561,1.0,std_0.05,8,0.67,0.05,beta,none
City-B,T5,1x,160.0,S6_Q10,cross_regime,M_stress,500,True,1,446.6,321.9,0.0,0.2791,1.0,std_0.05,8,0.67,0.05,beta,none
City-B,T5,2x,320.0,S0a_RoutineOracle,routine,M_routine,500,True,1,580.7,580.7,0.0,0.0,1.0,std_0.05,8,0.67,0.05,beta,none
City-B,T5,2x,320.0,S0a_RoutineOracle,cross_regime,M_stress,500,True,1,580.7,312.8,7.2,0.4615,0.0,std_0.05,8,0.67,0.05,beta,none
City-B,T5,2x,320.0,S0b_StressOracle,routine,M_routine,500,True,1,331.1,508.3,0.0,0.0,1.0,std_0.05,8,0.67,0.05,beta,none
City-B,T5,2x,320.0,S0b_StressOracle,cross_regime,M_stress,500,True,1,331.1,331.1,0.0,0.0,1.0,std_0.05,8,0.67,0.05,beta,none
City-B,T5,2x,320.0,S1_CapRR,routine,M_routine,500,True,1,744.5,421.5,0.0,0.4338,1.0,std_0.05,8,0.67,0.05,beta,none
City-B,T5,2x,320.0,S1_CapRR,cross_regime,M_stress,500,True,1,744.5,321.9,0.0,0.5676,1.0,std_0.05,8,0.67,0.05,beta,none
City-B,T5,2x,320.0,S2_Platform,routine,M_routine,500,True,1,553.3,508.3,0.0,0.0813,1.0,std_0.05,8,0.67,0.05,beta,none
City-B,T5,2x,320.0,S2_Platform,cross_regime,M_stress,500,True,1,553.3,331.1,0.0,0.4016,1.0,std_0.05,8,0.67,0.05,beta,none
City-B,T5,2x,320.0,S3_Lin4,routine,M_routine,500,True,1,455.0,580.7,0.0,0.0,1.0,std_0.05,8,0.67,0.05,beta,none
City-B,T5,2x,320.0,S3_Lin4,cross_regime,M_stress,500,True,1,455.0,312.8,7.2,0.3126,0.0,std_0.05,8,0.67,0.05,beta,none
City-B,T5,2x,320.0,S4_GlobalCalib,routine,M_routine,500,True,1,494.5,421.5,0.0,0.1476,1.0,std_0.05,8,0.67,0.05,beta,none
City-B,T5,2x,320.0,S4_GlobalCalib,cross_regime,M_stress,500,True,1,494.5,321.9,0.0,0.349,1.0,std_0.05,8,0.67,0.05,beta,none
City-B,T5,2x,320.0,S5_CityCalib,routine,M_routine,500,True,1,495.8,421.5,0.0,0.1499,1.0,std_0.05,8,0.67,0.05,beta,none
City-B,T5,2x,320.0,S5_CityCalib,cross_regime,M_stress,500,True,1,495.8,321.9,0.0,0.3507,1.0,std_0.05,8,0.67,0.05,beta,none
City-B,T5,2x,320.0,S6_Q10,routine,M_routine,500,True,1,446.6,421.5,0.0,0.0561,1.0,std_0.05,8,0.67,0.05,beta,none
City-B,T5,2x,320.0,S6_Q10,cross_regime,M_stress,500,True,1,446.6,321.9,0.0,0.2791,1.0,std_0.05,8,0.67,0.05,beta,none
City-B,T5,5x,800.0,S0a_RoutineOracle,routine,M_routine,500,True,2,1089.1,1089.1,0.0,0.0,1.0,std_0.05,8,0.67,0.05,beta,none
City-B,T5,5x,800.0,S0a_RoutineOracle,cross_regime,M_stress,500,True,2,1089.1,643.8,156.2,0.4088,0.0,std_0.05,8,0.67,0.05,beta,none
City-B,T5,5x,800.0,S0b_StressOracle,routine,M_routine,500,True,3,965.8,1510.6,0.0,0.0,1.0,std_0.05,8,0.67,0.05,beta,none
City-B,T5,5x,800.0,S0b_StressOracle,cross_regime,M_stress,500,True,3,965.8,965.8,0.0,0.0,1.0,std_0.05,8,0.67,0.05,beta,none
City-B,T5,5x,800.0,S1_CapRR,routine,M_routine,500,True,2,1485.4,929.8,0.0,0.374,1.0,std_0.05,8,0.67,0.05,beta,none
City-B,T5,5x,800.0,S1_CapRR,cross_regime,M_stress,500,True,2,1485.4,653.0,147.0,0.5604,0.0,std_0.05,8,0.67,0.05,beta,none
City-B,T5,5x,800.0,S2_Platform,routine,M_routine,500,True,2,1093.7,1089.1,0.0,0.0042,1.0,std_0.05,8,0.67,0.05,beta,none
City-B,T5,5x,800.0,S2_Platform,cross_regime,M_stress,500,True,2,1093.7,643.8,156.2,0.4113,0.0,std_0.05,8,0.67,0.05,beta,none
City-B,T5,5x,800.0,S3_Lin4,routine,M_routine,500,True,2,903.8,1004.8,0.0,0.0,1.0,std_0.05,8,0.67,0.05,beta,none
City-B,T5,5x,800.0,S3_Lin4,cross_regime,M_stress,500,True,2,903.8,609.9,190.1,0.3252,0.0,std_0.05,8,0.67,0.05,beta,none
City-B,T5,5x,800.0,S4_GlobalCalib,routine,M_routine,500,True,2,986.6,929.8,0.0,0.0576,1.0,std_0.05,8,0.67,0.05,beta,none
City-B,T5,5x,800.0,S4_GlobalCalib,cross_regime,M_stress,500,True,2,986.6,653.0,147.0,0.3381,0.0,std_0.05,8,0.67,0.05,beta,none
City-B,T5,5x,800.0,S5_CityCalib,routine,M_routine,500,True,2,989.3,929.8,0.0,0.0601,1.0,std_0.05,8,0.67,0.05,beta,none
City-B,T5,5x,800.0,S5_CityCalib,cross_regime,M_stress,500,True,2,989.3,653.0,147.0,0.3399,0.0,std_0.05,8,0.67,0.05,beta,none
City-B,T5,5x,800.0,S6_Q10,routine,M_routine,500,True,2,891.0,929.8,0.0,0.0,1.0,std_0.05,8,0.67,0.05,beta,none
City-B,T5,5x,800.0,S6_Q10,cross_regime,M_stress,500,True,2,891.0,653.0,147.0,0.2671,0.0,std_0.05,8,0.67,0.05,beta,none
City-B,T5,10x,1600.0,S0a_RoutineOracle,routine,M_routine,500,True,4,1934.7,1934.7,0.0,0.0,1.0,std_0.05,8,0.67,0.05,beta,none
City-B,T5,10x,1600.0,S0a_RoutineOracle,cross_regime,M_stress,500,True,4,1934.7,1262.9,337.1,0.3472,0.0,std_0.05,8,0.67,0.05,beta,none
City-B,T5,10x,1600.0,S0b_StressOracle,routine,M_routine,500,True,6,1838.4,2700.1,0.0,0.0,1.0,std_0.05,8,0.67,0.05,beta,none
City-B,T5,10x,1600.0,S0b_StressOracle,cross_regime,M_stress,500,True,6,1838.4,1838.4,0.0,0.0,1.0,std_0.05,8,0.67,0.05,beta,none
City-B,T5,10x,1600.0,S1_CapRR,routine,M_routine,500,True,3,2203.9,1510.6,89.4,0.3146,0.0,std_0.05,8,0.67,0.05,beta,none
City-B,T5,10x,1600.0,S1_CapRR,cross_regime,M_stress,500,True,3,2203.9,965.8,634.2,0.5618,0.0,std_0.05,8,0.67,0.05,beta,none
City-B,T5,10x,1600.0,S2_Platform,routine,M_routine,500,True,4,2025.8,1893.7,0.0,0.0652,1.0,std_0.05,8,0.67,0.05,beta,none
City-B,T5,10x,1600.0,S2_Platform,cross_regime,M_stress,500,True,4,2025.8,1239.1,360.9,0.3883,0.0,std_0.05,8,0.67,0.05,beta,none
City-B,T5,10x,1600.0,S3_Lin4,routine,M_routine,500,True,4,1786.0,1934.7,0.0,0.0,1.0,std_0.05,8,0.67,0.05,beta,none
City-B,T5,10x,1600.0,S3_Lin4,cross_regime,M_stress,500,True,4,1786.0,1262.9,337.1,0.2929,0.0,std_0.05,8,0.67,0.05,beta,none
City-B,T5,10x,1600.0,S4_GlobalCalib,routine,M_routine,500,True,4,1930.8,1934.7,0.0,0.0,1.0,std_0.05,8,0.67,0.05,beta,none
City-B,T5,10x,1600.0,S4_GlobalCalib,cross_regime,M_stress,500,True,4,1930.8,1262.9,337.1,0.3459,0.0,std_0.05,8,0.67,0.05,beta,none
City-B,T5,10x,1600.0,S5_CityCalib,routine,M_routine,500,True,4,1935.9,1934.7,0.0,0.0006,1.0,std_0.05,8,0.67,0.05,beta,none
City-B,T5,10x,1600.0,S5_CityCalib,cross_regime,M_stress,500,True,4,1935.9,1262.9,337.1,0.3476,0.0,std_0.05,8,0.67,0.05,beta,none
City-B,T5,10x,1600.0,S6_Q10,routine,M_routine,500,True,4,1743.5,1934.7,0.0,0.0,1.0,std_0.05,8,0.67,0.05,beta,none
City-B,T5,10x,1600.0,S6_Q10,cross_regime,M_stress,500,True,4,1743.5,1262.9,337.1,0.2757,0.0,std_0.05,8,0.67,0.05,beta,none
City-C,T1,1x,180.0,S0a_RoutineOracle,routine,M_routine,650,True,1,482.8,482.8,0.0,0.0,1.0,std_0.05,8,0.67,0.05,beta,none
City-C,T1,1x,180.0,S0a_RoutineOracle,cross_regime,M_stress,650,True,1,482.8,302.9,0.0,0.3725,1.0,std_0.05,8,0.67,0.05,beta,none
City-C,T1,1x,180.0,S0b_StressOracle,routine,M_routine,650,True,1,302.9,482.8,0.0,0.0,1.0,std_0.05,8,0.67,0.05,beta,none
City-C,T1,1x,180.0,S0b_StressOracle,cross_regime,M_stress,650,True,1,302.9,302.9,0.0,0.0,1.0,std_0.05,8,0.67,0.05,beta,none
City-C,T1,1x,180.0,S1_CapRR,routine,M_routine,650,True,1,737.0,482.8,0.0,0.345,1.0,std_0.05,8,0.67,0.05,beta,none
City-C,T1,1x,180.0,S1_CapRR,cross_regime,M_stress,650,True,1,737.0,302.9,0.0,0.589,1.0,std_0.05,8,0.67,0.05,beta,none
City-C,T1,1x,180.0,S2_Platform,routine,M_routine,650,True,1,460.9,482.8,0.0,0.0,1.0,std_0.05,8,0.67,0.05,beta,none
City-C,T1,1x,180.0,S2_Platform,cross_regime,M_stress,650,True,1,460.9,302.9,0.0,0.3427,1.0,std_0.05,8,0.67,0.05,beta,none
City-C,T1,1x,180.0,S3_Lin4,routine,M_routine,650,True,1,416.9,482.8,0.0,0.0,1.0,std_0.05,8,0.67,0.05,beta,none
City-C,T1,1x,180.0,S3_Lin4,cross_regime,M_stress,650,True,1,416.9,302.9,0.0,0.2733,1.0,std_0.05,8,0.67,0.05,beta,none
City-C,T1,1x,180.0,S4_GlobalCalib,routine,M_routine,650,True,1,490.5,482.8,0.0,0.0157,1.0,std_0.05,8,0.67,0.05,beta,none
City-C,T1,1x,180.0,S4_GlobalCalib,cross_regime,M_stress,650,True,1,490.5,302.9,0.0,0.3823,1.0,std_0.05,8,0.67,0.05,beta,none
City-C,T1,1x,180.0,S5_CityCalib,routine,M_routine,650,True,1,490.0,482.8,0.0,0.0148,1.0,std_0.05,8,0.67,0.05,beta,none
City-C,T1,1x,180.0,S5_CityCalib,cross_regime,M_stress,650,True,1,490.0,302.9,0.0,0.3818,1.0,std_0.05,8,0.67,0.05,beta,none
City-C,T1,1x,180.0,S6_Q10,routine,M_routine,650,True,1,442.3,482.8,0.0,0.0,1.0,std_0.05,8,0.67,0.05,beta,none
City-C,T1,1x,180.0,S6_Q10,cross_regime,M_stress,650,True,1,442.3,302.9,0.0,0.315,1.0,std_0.05,8,0.67,0.05,beta,none
City-C,T1,2x,360.0,S0a_RoutineOracle,routine,M_routine,650,True,1,482.8,482.8,0.0,0.0,1.0,std_0.05,8,0.67,0.05,beta,none
City-C,T1,2x,360.0,S0a_RoutineOracle,cross_regime,M_stress,650,True,1,482.8,302.9,57.1,0.3725,0.0,std_0.05,8,0.67,0.05,beta,none
City-C,T1,2x,360.0,S0b_StressOracle,routine,M_routine,650,True,2,588.4,892.5,0.0,0.0,1.0,std_0.05,8,0.67,0.05,beta,none
City-C,T1,2x,360.0,S0b_StressOracle,cross_regime,M_stress,650,True,2,588.4,588.4,0.0,0.0,1.0,std_0.05,8,0.67,0.05,beta,none
City-C,T1,2x,360.0,S1_CapRR,routine,M_routine,650,True,1,737.0,482.8,0.0,0.345,1.0,std_0.05,8,0.67,0.05,beta,none
City-C,T1,2x,360.0,S1_CapRR,cross_regime,M_stress,650,True,1,737.0,302.9,57.1,0.589,0.0,std_0.05,8,0.67,0.05,beta,none
City-C,T1,2x,360.0,S2_Platform,routine,M_routine,650,True,1,460.9,482.8,0.0,0.0,1.0,std_0.05,8,0.67,0.05,beta,none
City-C,T1,2x,360.0,S2_Platform,cross_regime,M_stress,650,True,1,460.9,302.9,57.1,0.3427,0.0,std_0.05,8,0.67,0.05,beta,none
City-C,T1,2x,360.0,S3_Lin4,routine,M_routine,650,True,1,416.9,482.8,0.0,0.0,1.0,std_0.05,8,0.67,0.05,beta,none
City-C,T1,2x,360.0,S3_Lin4,cross_regime,M_stress,650,True,1,416.9,302.9,57.1,0.2733,0.0,std_0.05,8,0.67,0.05,beta,none
City-C,T1,2x,360.0,S4_GlobalCalib,routine,M_routine,650,True,1,490.5,482.8,0.0,0.0157,1.0,std_0.05,8,0.67,0.05,beta,none
City-C,T1,2x,360.0,S4_GlobalCalib,cross_regime,M_stress,650,True,1,490.5,302.9,57.1,0.3823,0.0,std_0.05,8,0.67,0.05,beta,none
City-C,T1,2x,360.0,S5_CityCalib,routine,M_routine,650,True,1,490.0,482.8,0.0,0.0148,1.0,std_0.05,8,0.67,0.05,beta,none
City-C,T1,2x,360.0,S5_CityCalib,cross_regime,M_stress,650,True,1,490.0,302.9,57.1,0.3818,0.0,std_0.05,8,0.67,0.05,beta,none
City-C,T1,2x,360.0,S6_Q10,routine,M_routine,650,True,1,442.3,482.8,0.0,0.0,1.0,std_0.05,8,0.67,0.05,beta,none
City-C,T1,2x,360.0,S6_Q10,cross_regime,M_stress,650,True,1,442.3,302.9,57.1,0.315,0.0,std_0.05,8,0.67,0.05,beta,none
City-C,T1,5x,900.0,S0a_RoutineOracle,routine,M_routine,650,True,3,1308.2,1308.2,0.0,0.0,1.0,std_0.05,8,0.67,0.05,beta,none
City-C,T1,5x,900.0,S0a_RoutineOracle,cross_regime,M_stress,650,True,3,1308.2,803.4,96.6,0.3859,0.0,std_0.05,8,0.67,0.05,beta,none
City-C,T1,5x,900.0,S0b_StressOracle,routine,M_routine,650,True,4,1132.2,1703.7,0.0,0.0,1.0,std_0.05,8,0.67,0.05,beta,none
City-C,T1,5x,900.0,S0b_StressOracle,cross_regime,M_stress,650,True,4,1132.2,1132.2,0.0,0.0,1.0,std_0.05,8,0.67,0.05,beta,none
City-C,T1,5x,900.0,S1_CapRR,routine,M_routine,650,True,2,1439.5,893.4,6.6,0.3794,0.0,std_0.05,8,0.67,0.05,beta,none
City-C,T1,5x,900.0,S1_CapRR,cross_regime,M_stress,650,True,2,1439.5,533.6,366.4,0.6293,0.0,std_0.05,8,0.67,0.05,beta,none
City-C,T1,5x,900.0,S2_Platform,routine,M_routine,650,True,2,904.5,893.4,6.6,0.0123,0.0,std_0.05,8,0.67,0.05,beta,none
City-C,T1,5x,900.0,S2_Platform,cross_regime,M_stress,650,True,2,904.5,533.6,366.4,0.41,0.0,std_0.05,8,0.67,0.05,beta,none
City-C,T1,5x,900.0,S3_Lin4,routine,M_routine,650,True,3,1208.0,1303.1,0.0,0.0,1.0,std_0.05,8,0.67,0.05,beta,none
City-C,T1,5x,900.0,S3_Lin4,cross_regime,M_stress,650,True,3,1208.0,819.1,80.9,0.322,0.0,std_0.05,8,0.67,0.05,beta,none
City-C,T1,5x,900.0,S4_GlobalCalib,routine,M_routine,650,True,2,958.0,893.4,6.6,0.0674,0.0,std_0.05,8,0.67,0.05,beta,none
City-C,T1,5x,900.0,S4_GlobalCalib,cross_regime,M_stress,650,True,2,958.0,533.6,366.4,0.443,0.0,std_0.05,8,0.67,0.05,beta,none
City-C,T1,5x,900.0,S5_CityCalib,routine,M_routine,650,True,2,957.1,893.4,6.6,0.0665,0.0,std_0.05,8,0.67,0.05,beta,none
City-C,T1,5x,900.0,S5_CityCalib,cross_regime,M_stress,650,True,2,957.1,533.6,366.4,0.4425,0.0,std_0.05,8,0.67,0.05,beta,none
City-C,T1,5x,900.0,S6_Q10,routine,M_routine,650,True,3,1248.8,1303.1,0.0,0.0,1.0,std_0.05,8,0.67,0.05,beta,none
City-C,T1,5x,900.0,S6_Q10,cross_regime,M_stress,650,True,3,1248.8,819.1,80.9,0.3441,0.0,std_0.05,8,0.67,0.05,beta,none
City-C,T1,10x,1800.0,S0a_RoutineOracle,routine,M_routine,650,True,5,2114.3,2114.3,0.0,0.0,1.0,std_0.05,8,0.67,0.05,beta,none
City-C,T1,10x,1800.0,S0a_RoutineOracle,cross_regime,M_stress,650,True,5,2114.3,1362.9,437.1,0.3554,0.0,std_0.05,8,0.67,0.05,beta,none
City-C,T1,10x,1800.0,S0b_StressOracle,routine,M_routine,650,True,7,1893.3,2736.4,0.0,0.0,1.0,std_0.05,8,0.67,0.05,beta,none
City-C,T1,10x,1800.0,S0b_StressOracle,cross_regime,M_stress,650,True,7,1893.3,1893.3,0.0,0.0,1.0,std_0.05,8,0.67,0.05,beta,none
City-C,T1,10x,1800.0,S1_CapRR,routine,M_routine,650,True,3,2081.1,1303.1,496.9,0.3738,0.0,std_0.05,8,0.67,0.05,beta,none
City-C,T1,10x,1800.0,S1_CapRR,cross_regime,M_stress,650,True,3,2081.1,819.1,980.9,0.6064,0.0,std_0.05,8,0.67,0.05,beta,none
City-C,T1,10x,1800.0,S2_Platform,routine,M_routine,650,True,5,2117.9,1981.7,0.0,0.0643,1.0,std_0.05,8,0.67,0.05,beta,none
City-C,T1,10x,1800.0,S2_Platform,cross_regime,M_stress,650,True,5,2117.9,1290.1,509.9,0.3908,0.0,std_0.05,8,0.67,0.05,beta,none
City-C,T1,10x,1800.0,S3_Lin4,routine,M_routine,650,True,5,1964.0,2015.1,0.0,0.0,1.0,std_0.05,8,0.67,0.05,beta,none
City-C,T1,10x,1800.0,S3_Lin4,cross_regime,M_stress,650,True,5,1964.0,1278.6,521.4,0.349,0.0,std_0.05,8,0.67,0.05,beta,none
City-C,T1,10x,1800.0,S4_GlobalCalib,routine,M_routine,650,True,5,2160.1,2048.8,0.0,0.0515,1.0,std_0.05,8,0.67,0.05,beta,none
City-C,T1,10x,1800.0,S4_GlobalCalib,cross_regime,M_stress,650,True,5,2160.1,1350.7,449.3,0.3747,0.0,std_0.05,8,0.67,0.05,beta,none
City-C,T1,10x,1800.0,S5_CityCalib,routine,M_routine,650,True,5,2158.3,2048.8,0.0,0.0508,1.0,std_0.05,8,0.67,0.05,beta,none
City-C,T1,10x,1800.0,S5_CityCalib,cross_regime,M_stress,650,True,5,2158.3,1350.7,449.3,0.3742,0.0,std_0.05,8,0.67,0.05,beta,none
City-C,T1,10x,1800.0,S6_Q10,routine,M_routine,650,True,5,1947.7,2048.8,0.0,0.0,1.0,std_0.05,8,0.67,0.05,beta,none
City-C,T1,10x,1800.0,S6_Q10,cross_regime,M_stress,650,True,5,1947.7,1350.7,449.3,0.3065,0.0,std_0.05,8,0.67,0.05,beta,none
City-C,T2,1x,260.0,S0a_RoutineOracle,routine,M_routine,650,True,1,520.3,520.3,0.0,0.0,1.0,std_0.05,8,0.67,0.05,beta,none
City-C,T2,1x,260.0,S0a_RoutineOracle,cross_regime,M_stress,650,True,1,520.3,303.9,0.0,0.416,1.0,std_0.05,8,0.67,0.05,beta,none
City-C,T2,1x,260.0,S0b_StressOracle,routine,M_routine,650,True,1,306.4,450.6,0.0,0.0,1.0,std_0.05,8,0.67,0.05,beta,none
City-C,T2,1x,260.0,S0b_StressOracle,cross_regime,M_stress,650,True,1,306.4,306.4,0.0,0.0,1.0,std_0.05,8,0.67,0.05,beta,none
City-C,T2,1x,260.0,S1_CapRR,routine,M_routine,650,True,1,737.0,520.3,0.0,0.294,1.0,std_0.05,8,0.67,0.05,beta,none
City-C,T2,1x,260.0,S1_CapRR,cross_regime,M_stress,650,True,1,737.0,303.9,0.0,0.5877,1.0,std_0.05,8,0.67,0.05,beta,none
City-C,T2,1x,260.0,S2_Platform,routine,M_routine,650,True,1,467.3,520.3,0.0,0.0,1.0,std_0.05,8,0.67,0.05,beta,none
City-C,T2,1x,260.0,S2_Platform,cross_regime,M_stress,650,True,1,467.3,303.9,0.0,0.3497,1.0,std_0.05,8,0.67,0.05,beta,none
City-C,T2,1x,260.0,S3_Lin4,routine,M_routine,650,True,1,419.9,520.3,0.0,0.0,1.0,std_0.05,8,0.67,0.05,beta,none
City-C,T2,1x,260.0,S3_Lin4,cross_regime,M_stress,650,True,1,419.9,303.9,0.0,0.2762,1.0,std_0.05,8,0.67,0.05,beta,none
City-C,T2,1x,260.0,S4_GlobalCalib,routine,M_routine,650,True,1,491.7,520.3,0.0,0.0,1.0,std_0.05,8,0.67,0.05,beta,none
City-C,T2,1x,260.0,S4_GlobalCalib,cross_regime,M_stress,650,True,1,491.7,303.9,0.0,0.3819,1.0,std_0.05,8,0.67,0.05,beta,none
City-C,T2,1x,260.0,S5_CityCalib,routine,M_routine,650,True,1,489.6,520.3,0.0,0.0,1.0,std_0.05,8,0.67,0.05,beta,none
City-C,T2,1x,260.0,S5_CityCalib,cross_regime,M_stress,650,True,1,489.6,303.9,0.0,0.3793,1.0,std_0.05,8,0.67,0.05,beta,none
City-C,T2,1x,260.0,S6_Q10,routine,M_routine,650,True,1,443.9,520.3,0.0,0.0,1.0,std_0.05,8,0.67,0.05,beta,none
City-C,T2,1x,260.0,S6_Q10,cross_regime,M_stress,650,True,1,443.9,303.9,0.0,0.3154,1.0,std_0.05,8,0.67,0.05,beta,none
City-C,T2,2x,520.0,S0a_RoutineOracle,routine,M_routine,650,True,1,520.3,520.3,0.0,0.0,1.0,std_0.05,8,0.67,0.05,beta,none
City-C,T2,2x,520.0,S0a_RoutineOracle,cross_regime,M_stress,650,True,1,520.3,303.9,216.1,0.416,0.0,std_0.05,8,0.67,0.05,beta,none
City-C,T2,2x,520.0,S0b_StressOracle,routine,M_routine,650,True,2,610.3,971.0,0.0,0.0,1.0,std_0.05,8,0.67,0.05,beta,none
City-C,T2,2x,520.0,S0b_StressOracle,cross_regime,M_stress,650,True,2,610.3,610.3,0.0,0.0,1.0,std_0.05,8,0.67,0.05,beta,none
City-C,T2,2x,520.0,S1_CapRR,routine,M_routine,650,True,1,737.0,520.3,0.0,0.294,1.0,std_0.05,8,0.67,0.05,beta,none
City-C,T2,2x,520.0,S1_CapRR,cross_regime,M_stress,650,True,1,737.0,303.9,216.1,0.5877,0.0,std_0.05,8,0.67,0.05,beta,none
City-C,T2,2x,520.0,S2_Platform,routine,M_routine,650,True,2,902.1,971.0,0.0,0.0,1.0,std_0.05,8,0.67,0.05,beta,none
City-C,T2,2x,520.0,S2_Platform,cross_regime,M_stress,650,True,2,902.1,610.3,0.0,0.3234,1.0,std_0.05,8,0.67,0.05,beta,none
City-C,T2,2x,520.0,S3_Lin4,routine,M_routine,650,True,2,821.8,971.0,0.0,0.0,1.0,std_0.05,8,0.67,0.05,beta,none
City-C,T2,2x,520.0,S3_Lin4,cross_regime,M_stress,650,True,2,821.8,610.3,0.0,0.2573,1.0,std_0.05,8,0.67,0.05,beta,none
City-C,T2,2x,520.0,S4_GlobalCalib,routine,M_routine,650,True,2,960.3,971.0,0.0,0.0,1.0,std_0.05,8,0.67,0.05,beta,none
City-C,T2,2x,520.0,S4_GlobalCalib,cross_regime,M_stress,650,True,2,960.3,610.3,0.0,0.3644,1.0,std_0.05,8,0.67,0.05,beta,none
City-C,T2,2x,520.0,S5_CityCalib,routine,M_routine,650,True,2,956.2,971.0,0.0,0.0,1.0,std_0.05,8,0.67,0.05,beta,none
City-C,T2,2x,520.0,S5_CityCalib,cross_regime,M_stress,650,True,2,956.2,610.3,0.0,0.3617,1.0,std_0.05,8,0.67,0.05,beta,none
City-C,T2,2x,520.0,S6_Q10,routine,M_routine,650,True,2,866.9,971.0,0.0,0.0,1.0,std_0.05,8,0.67,0.05,beta,none
City-C,T2,2x,520.0,S6_Q10,cross_regime,M_stress,650,True,2,866.9,610.3,0.0,0.296,1.0,std_0.05,8,0.67,0.05,beta,none
City-C,T2,5x,1300.0,S0a_RoutineOracle,routine,M_routine,650,True,3,1365.6,1365.6,0.0,0.0,1.0,std_0.05,8,0.67,0.05,beta,none
City-C,T2,5x,1300.0,S0a_RoutineOracle,cross_regime,M_stress,650,True,3,1365.6,881.3,418.7,0.3547,0.0,std_0.05,8,0.67,0.05,beta,none
City-C,T2,5x,1300.0,S0b_StressOracle,routine,M_routine,650,True,5,1425.3,2099.2,0.0,0.0,1.0,std_0.05,8,0.67,0.05,beta,none
City-C,T2,5x,1300.0,S0b_StressOracle,cross_regime,M_stress,650,True,5,1425.3,1425.3,0.0,0.0,1.0,std_0.05,8,0.67,0.05,beta,none
City-C,T2,5x,1300.0,S1_CapRR,routine,M_routine,650,True,2,1439.5,971.0,329.0,0.3255,0.0,std_0.05,8,0.67,0.05,beta,none
City-C,T2,5x,1300.0,S1_CapRR,cross_regime,M_stress,650,True,2,1439.5,610.3,689.7,0.576,0.0,std_0.05,8,0.67,0.05,beta,none
City-C,T2,5x,1300.0,S2_Platform,routine,M_routine,650,True,3,1301.1,1363.6,0.0,0.0,1.0,std_0.05,8,0.67,0.05,beta,none
City-C,T2,5x,1300.0,S2_Platform,cross_regime,M_stress,650,True,3,1301.1,910.3,389.7,0.3004,0.0,std_0.05,8,0.67,0.05,beta,none
City-C,T2,5x,1300.0,S3_Lin4,routine,M_routine,650,True,4,1599.2,1695.2,0.0,0.0,1.0,std_0.05,8,0.67,0.05,beta,none
City-C,T2,5x,1300.0,S3_Lin4,cross_regime,M_stress,650,True,4,1599.2,1130.2,169.8,0.2933,0.0,std_0.05,8,0.67,0.05,beta,none
City-C,T2,5x,1300.0,S4_GlobalCalib,routine,M_routine,650,True,3,1388.2,1363.6,0.0,0.0178,1.0,std_0.05,8,0.67,0.05,beta,none
City-C,T2,5x,1300.0,S4_GlobalCalib,cross_regime,M_stress,650,True,3,1388.2,910.3,389.7,0.3443,0.0,std_0.05,8,0.67,0.05,beta,none
City-C,T2,5x,1300.0,S5_CityCalib,routine,M_routine,650,True,3,1382.4,1363.6,0.0,0.0136,1.0,std_0.05,8,0.67,0.05,beta,none
City-C,T2,5x,1300.0,S5_CityCalib,cross_regime,M_stress,650,True,3,1382.4,910.3,389.7,0.3415,0.0,std_0.05,8,0.67,0.05,beta,none
City-C,T2,5x,1300.0,S6_Q10,routine,M_routine,650,True,4,1605.9,1758.2,0.0,0.0,1.0,std_0.05,8,0.67,0.05,beta,none
City-C,T2,5x,1300.0,S6_Q10,cross_regime,M_stress,650,True,4,1605.9,1181.2,118.8,0.2645,0.0,std_0.05,8,0.67,0.05,beta,none
City-C,T2,10x,2600.0,S0a_RoutineOracle,routine,M_routine,650,True,7,2893.3,2893.3,0.0,0.0,1.0,std_0.05,8,0.67,0.05,beta,none
City-C,T2,10x,2600.0,S0a_RoutineOracle,cross_regime,M_stress,650,True,7,2893.3,1879.9,720.1,0.3503,0.0,std_0.05,8,0.67,0.05,beta,none
City-C,T2,10x,2600.0,S0b_StressOracle,routine,M_routine,650,True,11,2814.5,4187.4,0.0,0.0,1.0,std_0.05,8,0.67,0.05,beta,none
City-C,T2,10x,2600.0,S0b_StressOracle,cross_regime,M_stress,650,True,11,2814.5,2814.5,0.0,0.0,1.0,std_0.05,8,0.67,0.05,beta,none
City-C,T2,10x,2600.0,S1_CapRR,routine,M_routine,650,True,4,2666.6,1758.2,841.8,0.3407,0.0,std_0.05,8,0.67,0.05,beta,none
City-C,T2,10x,2600.0,S1_CapRR,cross_regime,M_stress,650,True,4,2666.6,1181.2,1418.8,0.557,0.0,std_0.05,8,0.67,0.05,beta,none
City-C,T2,10x,2600.0,S2_Platform,routine,M_routine,650,True,7,2815.8,2834.1,0.0,0.0,1.0,std_0.05,8,0.67,0.05,beta,none
City-C,T2,10x,2600.0,S2_Platform,cross_regime,M_stress,650,True,7,2815.8,1889.7,710.3,0.3289,0.0,std_0.05,8,0.67,0.05,beta,none
City-C,T2,10x,2600.0,S3_Lin4,routine,M_routine,650,True,7,2687.1,2830.3,0.0,0.0,1.0,std_0.05,8,0.67,0.05,beta,none
City-C,T2,10x,2600.0,S3_Lin4,cross_regime,M_stress,650,True,7,2687.1,1828.9,771.1,0.3194,0.0,std_0.05,8,0.67,0.05,beta,none
City-C,T2,10x,2600.0,S4_GlobalCalib,routine,M_routine,650,True,7,2917.0,2852.9,0.0,0.022,1.0,std_0.05,8,0.67,0.05,beta,none
City-C,T2,10x,2600.0,S4_GlobalCalib,cross_regime,M_stress,650,True,7,2917.0,1880.7,719.3,0.3553,0.0,std_0.05,8,0.67,0.05,beta,none
City-C,T2,10x,2600.0,S5_CityCalib,routine,M_routine,650,True,7,2905.1,2852.9,0.0,0.018,1.0,std_0.05,8,0.67,0.05,beta,none
City-C,T2,10x,2600.0,S5_CityCalib,cross_regime,M_stress,650,True,7,2905.1,1880.7,719.3,0.3526,0.0,std_0.05,8,0.67,0.05,beta,none
City-C,T2,10x,2600.0,S6_Q10,routine,M_routine,650,True,7,2633.4,2852.9,0.0,0.0,1.0,std_0.05,8,0.67,0.05,beta,none
City-C,T2,10x,2600.0,S6_Q10,cross_regime,M_stress,650,True,7,2633.4,1880.7,719.3,0.2858,0.0,std_0.05,8,0.67,0.05,beta,none
City-C,T3,1x,200.0,S0a_RoutineOracle,routine,M_routine,650,True,1,465.3,465.3,0.0,0.0,1.0,std_0.05,8,0.67,0.05,beta,none
City-C,T3,1x,200.0,S0a_RoutineOracle,cross_regime,M_stress,650,True,1,465.3,252.9,0.0,0.4564,1.0,std_0.05,8,0.67,0.05,beta,none
City-C,T3,1x,200.0,S0b_StressOracle,routine,M_routine,650,True,1,280.0,366.0,0.0,0.0,1.0,std_0.05,8,0.67,0.05,beta,none
City-C,T3,1x,200.0,S0b_StressOracle,cross_regime,M_stress,650,True,1,280.0,280.0,0.0,0.0,1.0,std_0.05,8,0.67,0.05,beta,none
City-C,T3,1x,200.0,S1_CapRR,routine,M_routine,650,True,1,648.6,465.3,0.0,0.2827,1.0,std_0.05,8,0.67,0.05,beta,none
City-C,T3,1x,200.0,S1_CapRR,cross_regime,M_stress,650,True,1,648.6,252.9,0.0,0.61,1.0,std_0.05,8,0.67,0.05,beta,none
City-C,T3,1x,200.0,S2_Platform,routine,M_routine,650,True,1,456.8,465.3,0.0,0.0,1.0,std_0.05,8,0.67,0.05,beta,none
City-C,T3,1x,200.0,S2_Platform,cross_regime,M_stress,650,True,1,456.8,252.9,0.0,0.4462,1.0,std_0.05,8,0.67,0.05,beta,none
City-C,T3,1x,200.0,S3_Lin4,routine,M_routine,650,True,1,406.2,465.3,0.0,0.0,1.0,std_0.05,8,0.67,0.05,beta,none
City-C,T3,1x,200.0,S3_Lin4,cross_regime,M_stress,650,True,1,406.2,252.9,0.0,0.3773,1.0,std_0.05,8,0.67,0.05,beta,none
City-C,T3,1x,200.0,S4_GlobalCalib,routine,M_routine,650,True,1,431.7,465.3,0.0,0.0,1.0,std_0.05,8,0.67,0.05,beta,none
City-C,T3,1x,200.0,S4_GlobalCalib,cross_regime,M_stress,650,True,1,431.7,252.9,0.0,0.414,1.0,std_0.05,8,0.67,0.05,beta,none
City-C,T3,1x,200.0,S5_CityCalib,routine,M_routine,650,True,1,431.1,465.3,0.0,0.0,1.0,std_0.05,8,0.67,0.05,beta,none
City-C,T3,1x,200.0,S5_CityCalib,cross_regime,M_stress,650,True,1,431.1,252.9,0.0,0.4132,1.0,std_0.05,8,0.67,0.05,beta,none
City-C,T3,1x,200.0,S6_Q10,routine,M_routine,650,True,1,388.8,465.3,0.0,0.0,1.0,std_0.05,8,0.67,0.05,beta,none
City-C,T3,1x,200.0,S6_Q10,cross_regime,M_stress,650,True,1,388.8,252.9,0.0,0.3495,1.0,std_0.05,8,0.67,0.05,beta,none
City-C,T3,2x,400.0,S0a_RoutineOracle,routine,M_routine,650,True,1,465.3,465.3,0.0,0.0,1.0,std_0.05,8,0.67,0.05,beta,none
City-C,T3,2x,400.0,S0a_RoutineOracle,cross_regime,M_stress,650,True,1,465.3,252.9,147.1,0.4564,0.0,std_0.05,8,0.67,0.05,beta,none
City-C,T3,2x,400.0,S0b_StressOracle,routine,M_routine,650,True,2,533.0,831.3,0.0,0.0,1.0,std_0.05,8,0.67,0.05,beta,none
City-C,T3,2x,400.0,S0b_StressOracle,cross_regime,M_stress,650,True,2,533.0,533.0,0.0,0.0,1.0,std_0.05,8,0.67,0.05,beta,none
City-C,T3,2x,400.0,S1_CapRR,routine,M_routine,650,True,1,648.6,465.3,0.0,0.2827,1.0,std_0.05,8,0.67,0.05,beta,none
City-C,T3,2x,400.0,S1_CapRR,cross_regime,M_stress,650,True,1,648.6,252.9,147.1,0.61,0.0,std_0.05,8,0.67,0.05,beta,none
City-C,T3,2x,400.0,S2_Platform,routine,M_routine,650,True,1,456.8,465.3,0.0,0.0,1.0,std_0.05,8,0.67,0.05,beta,none
City-C,T3,2x,400.0,S2_Platform,cross_regime,M_stress,650,True,1,456.8,252.9,147.1,0.4462,0.0,std_0.05,8,0.67,0.05,beta,none
City-C,T3,2x,400.0,S3_Lin4,routine,M_routine,650,True,1,406.2,465.3,0.0,0.0,1.0,std_0.05,8,0.67,0.05,beta,none
City-C,T3,2x,400.0,S3_Lin4,cross_regime,M_stress,650,True,1,406.2,252.9,147.1,0.3773,0.0,std_0.05,8,0.67,0.05,beta,none
City-C,T3,2x,400.0,S4_GlobalCalib,routine,M_routine,650,True,1,431.7,465.3,0.0,0.0,1.0,std_0.05,8,0.67,0.05,beta,none
City-C,T3,2x,400.0,S4_GlobalCalib,cross_regime,M_stress,650,True,1,431.7,252.9,147.1,0.414,0.0,std_0.05,8,0.67,0.05,beta,none
City-C,T3,2x,400.0,S5_CityCalib,routine,M_routine,650,True,1,431.1,465.3,0.0,0.0,1.0,std_0.05,8,0.67,0.05,beta,none
City-C,T3,2x,400.0,S5_CityCalib,cross_regime,M_stress,650,True,1,431.1,252.9,147.1,0.4132,0.0,std_0.05,8,0.67,0.05,beta,none
City-C,T3,2x,400.0,S6_Q10,routine,M_routine,650,True,2,759.4,831.3,0.0,0.0,1.0,std_0.05,8,0.67,0.05,beta,none
City-C,T3,2x,400.0,S6_Q10,cross_regime,M_stress,650,True,2,759.4,533.0,0.0,0.2982,1.0,std_0.05,8,0.67,0.05,beta,none
City-C,T3,5x,1000.0,S0a_RoutineOracle,routine,M_routine,650,True,3,1203.2,1203.2,0.0,0.0,1.0,std_0.05,8,0.67,0.05,beta,none
City-C,T3,5x,1000.0,S0a_RoutineOracle,cross_regime,M_stress,650,True,3,1203.2,766.6,233.4,0.3628,0.0,std_0.05,8,0.67,0.05,beta,none
City-C,T3,5x,1000.0,S0b_StressOracle,routine,M_routine,650,True,4,1029.9,1469.6,0.0,0.0,1.0,std_0.05,8,0.67,0.05,beta,none
City-C,T3,5x,1000.0,S0b_StressOracle,cross_regime,M_stress,650,True,4,1029.9,1029.9,0.0,0.0,1.0,std_0.05,8,0.67,0.05,beta,none
City-C,T3,5x,1000.0,S1_CapRR,routine,M_routine,650,True,2,1266.8,831.3,168.7,0.3438,0.0,std_0.05,8,0.67,0.05,beta,none
City-C,T3,5x,1000.0,S1_CapRR,cross_regime,M_stress,650,True,2,1266.8,533.0,467.0,0.5793,0.0,std_0.05,8,0.67,0.05,beta,none
City-C,T3,5x,1000.0,S2_Platform,routine,M_routine,650,True,3,1285.7,1152.5,0.0,0.1036,1.0,std_0.05,8,0.67,0.05,beta,none
City-C,T3,5x,1000.0,S2_Platform,cross_regime,M_stress,650,True,3,1285.7,701.5,298.5,0.4544,0.0,std_0.05,8,0.67,0.05,beta,none
City-C,T3,5x,1000.0,S3_Lin4,routine,M_routine,650,True,3,1177.0,1134.2,0.0,0.0363,1.0,std_0.05,8,0.67,0.05,beta,none
City-C,T3,5x,1000.0,S3_Lin4,cross_regime,M_stress,650,True,3,1177.0,784.2,215.8,0.3338,0.0,std_0.05,8,0.67,0.05,beta,none
City-C,T3,5x,1000.0,S4_GlobalCalib,routine,M_routine,650,True,3,1218.9,1134.2,0.0,0.0694,1.0,std_0.05,8,0.67,0.05,beta,none
City-C,T3,5x,1000.0,S4_GlobalCalib,cross_regime,M_stress,650,True,3,1218.9,784.2,215.8,0.3566,0.0,std_0.05,8,0.67,0.05,beta,none
City-C,T3,5x,1000.0,S5_CityCalib,routine,M_routine,650,True,3,1217.2,1134.2,0.0,0.0681,1.0,std_0.05,8,0.67,0.05,beta,none
City-C,T3,5x,1000.0,S5_CityCalib,cross_regime,M_stress,650,True,3,1217.2,784.2,215.8,0.3557,0.0,std_0.05,8,0.67,0.05,beta,none
City-C,T3,5x,1000.0,S6_Q10,routine,M_routine,650,True,3,1097.9,1134.2,0.0,0.0,1.0,std_0.05,8,0.67,0.05,beta,none
City-C,T3,5x,1000.0,S6_Q10,cross_regime,M_stress,650,True,3,1097.9,784.2,215.8,0.2858,0.0,std_0.05,8,0.67,0.05,beta,none
City-C,T3,10x,2000.0,S0a_RoutineOracle,routine,M_routine,650,True,6,2219.6,2219.6,0.0,0.0,1.0,std_0.05,8,0.67,0.05,beta,none
City-C,T3,10x,2000.0,S0a_RoutineOracle,cross_regime,M_stress,650,True,6,2219.6,1461.5,538.5,0.3415,0.0,std_0.05,8,0.67,0.05,beta,none
City-C,T3,10x,2000.0,S0b_StressOracle,routine,M_routine,650,True,9,2203.1,3125.4,0.0,0.0,1.0,std_0.05,8,0.67,0.05,beta,none
City-C,T3,10x,2000.0,S0b_StressOracle,cross_regime,M_stress,650,True,9,2203.1,2203.1,0.0,0.0,1.0,std_0.05,8,0.67,0.05,beta,none
City-C,T3,10x,2000.0,S1_CapRR,routine,M_routine,650,True,4,2346.7,1469.6,530.4,0.3738,0.0,std_0.05,8,0.67,0.05,beta,none
City-C,T3,10x,2000.0,S1_CapRR,cross_regime,M_stress,650,True,4,2346.7,1029.9,970.1,0.5611,0.0,std_0.05,8,0.67,0.05,beta,none
City-C,T3,10x,2000.0,S2_Platform,routine,M_routine,650,True,5,2048.1,1779.2,220.8,0.1313,0.0,std_0.05,8,0.67,0.05,beta,none
City-C,T3,10x,2000.0,S2_Platform,cross_regime,M_stress,650,True,5,2048.1,1176.9,823.1,0.4254,0.0,std_0.05,8,0.67,0.05,beta,none
City-C,T3,10x,2000.0,S3_Lin4,routine,M_routine,650,True,6,2270.2,2172.0,0.0,0.0432,1.0,std_0.05,8,0.67,0.05,beta,none
City-C,T3,10x,2000.0,S3_Lin4,cross_regime,M_stress,650,True,6,2270.2,1476.6,523.4,0.3496,0.0,std_0.05,8,0.67,0.05,beta,none
City-C,T3,10x,2000.0,S4_GlobalCalib,routine,M_routine,650,True,6,2233.6,2126.9,0.0,0.0478,1.0,std_0.05,8,0.67,0.05,beta,none
City-C,T3,10x,2000.0,S4_GlobalCalib,cross_regime,M_stress,650,True,6,2233.6,1496.2,503.8,0.3302,0.0,std_0.05,8,0.67,0.05,beta,none
City-C,T3,10x,2000.0,S5_CityCalib,routine,M_routine,650,True,6,2230.5,2126.9,0.0,0.0465,1.0,std_0.05,8,0.67,0.05,beta,none
City-C,T3,10x,2000.0,S5_CityCalib,cross_regime,M_stress,650,True,6,2230.5,1496.2,503.8,0.3292,0.0,std_0.05,8,0.67,0.05,beta,none
City-C,T3,10x,2000.0,S6_Q10,routine,M_routine,650,True,6,2011.9,2126.9,0.0,0.0,1.0,std_0.05,8,0.67,0.05,beta,none
City-C,T3,10x,2000.0,S6_Q10,cross_regime,M_stress,650,True,6,2011.9,1496.2,503.8,0.2563,0.0,std_0.05,8,0.67,0.05,beta,none
City-C,T4,1x,140.0,S0a_RoutineOracle,routine,M_routine,650,True,1,470.6,470.6,0.0,0.0,1.0,std_0.05,8,0.67,0.05,beta,none
City-C,T4,1x,140.0,S0a_RoutineOracle,cross_regime,M_stress,650,True,1,470.6,340.0,0.0,0.2777,1.0,std_0.05,8,0.67,0.05,beta,none
City-C,T4,1x,140.0,S0b_StressOracle,routine,M_routine,650,True,1,340.0,470.6,0.0,0.0,1.0,std_0.05,8,0.67,0.05,beta,none
City-C,T4,1x,140.0,S0b_StressOracle,cross_regime,M_stress,650,True,1,340.0,340.0,0.0,0.0,1.0,std_0.05,8,0.67,0.05,beta,none
City-C,T4,1x,140.0,S1_CapRR,routine,M_routine,650,True,1,737.0,470.6,0.0,0.3615,1.0,std_0.05,8,0.67,0.05,beta,none
City-C,T4,1x,140.0,S1_CapRR,cross_regime,M_stress,650,True,1,737.0,340.0,0.0,0.5388,1.0,std_0.05,8,0.67,0.05,beta,none
City-C,T4,1x,140.0,S2_Platform,routine,M_routine,650,True,1,377.7,408.6,0.0,0.0,1.0,std_0.05,8,0.67,0.05,beta,none
City-C,T4,1x,140.0,S2_Platform,cross_regime,M_stress,650,True,1,377.7,248.7,0.0,0.3416,1.0,std_0.05,8,0.67,0.05,beta,none
City-C,T4,1x,140.0,S3_Lin4,routine,M_routine,650,True,1,418.8,470.6,0.0,0.0,1.0,std_0.05,8,0.67,0.05,beta,none
City-C,T4,1x,140.0,S3_Lin4,cross_regime,M_stress,650,True,1,418.8,340.0,0.0,0.1882,1.0,std_0.05,8,0.67,0.05,beta,none
City-C,T4,1x,140.0,S4_GlobalCalib,routine,M_routine,650,True,1,489.7,470.6,0.0,0.0389,1.0,std_0.05,8,0.67,0.05,beta,none
City-C,T4,1x,140.0,S4_GlobalCalib,cross_regime,M_stress,650,True,1,489.7,340.0,0.0,0.3058,1.0,std_0.05,8,0.67,0.05,beta,none
City-C,T4,1x,140.0,S5_CityCalib,routine,M_routine,650,True,1,489.3,470.6,0.0,0.0381,1.0,std_0.05,8,0.67,0.05,beta,none
City-C,T4,1x,140.0,S5_CityCalib,cross_regime,M_stress,650,True,1,489.3,340.0,0.0,0.3052,1.0,std_0.05,8,0.67,0.05,beta,none
City-C,T4,1x,140.0,S6_Q10,routine,M_routine,650,True,1,442.1,470.6,0.0,0.0,1.0,std_0.05,8,0.67,0.05,beta,none
City-C,T4,1x,140.0,S6_Q10,cross_regime,M_stress,650,True,1,442.1,340.0,0.0,0.2311,1.0,std_0.05,8,0.67,0.05,beta,none
City-C,T4,2x,280.0,S0a_RoutineOracle,routine,M_routine,650,True,1,470.6,470.6,0.0,0.0,1.0,std_0.05,8,0.67,0.05,beta,none
City-C,T4,2x,280.0,S0a_RoutineOracle,cross_regime,M_stress,650,True,1,470.6,340.0,0.0,0.2777,1.0,std_0.05,8,0.67,0.05,beta,none
City-C,T4,2x,280.0,S0b_StressOracle,routine,M_routine,650,True,1,340.0,470.6,0.0,0.0,1.0,std_0.05,8,0.67,0.05,beta,none
City-C,T4,2x,280.0,S0b_StressOracle,cross_regime,M_stress,650,True,1,340.0,340.0,0.0,0.0,1.0,std_0.05,8,0.67,0.05,beta,none
City-C,T4,2x,280.0,S1_CapRR,routine,M_routine,650,True,1,737.0,470.6,0.0,0.3615,1.0,std_0.05,8,0.67,0.05,beta,none
City-C,T4,2x,280.0,S1_CapRR,cross_regime,M_stress,650,True,1,737.0,340.0,0.0,0.5388,1.0,std_0.05,8,0.67,0.05,beta,none
City-C,T4,2x,280.0,S2_Platform,routine,M_routine,650,True,1,377.7,408.6,0.0,0.0,1.0,std_0.05,8,0.67,0.05,beta,none
City-C,T4,2x,280.0,S2_Platform,cross_regime,M_stress,650,True,1,377.7,248.7,31.3,0.3416,0.0,std_0.05,8,0.67,0.05,beta,none
City-C,T4,2x,280.0,S3_Lin4,routine,M_routine,650,True,1,418.8,470.6,0.0,0.0,1.0,std_0.05,8,0.67,0.05,beta,none
City-C,T4,2x,280.0,S3_Lin4,cross_regime,M_stress,650,True,1,418.8,340.0,0.0,0.1882,1.0,std_0.05,8,0.67,0.05,beta,none
City-C,T4,2x,280.0,S4_GlobalCalib,routine,M_routine,650,True,1,489.7,470.6,0.0,0.0389,1.0,std_0.05,8,0.67,0.05,beta,none
City-C,T4,2x,280.0,S4_GlobalCalib,cross_regime,M_stress,650,True,1,489.7,340.0,0.0,0.3058,1.0,std_0.05,8,0.67,0.05,beta,none
City-C,T4,2x,280.0,S5_CityCalib,routine,M_routine,650,True,1,489.3,470.6,0.0,0.0381,1.0,std_0.05,8,0.67,0.05,beta,none
City-C,T4,2x,280.0,S5_CityCalib,cross_regime,M_stress,650,True,1,489.3,340.0,0.0,0.3052,1.0,std_0.05,8,0.67,0.05,beta,none
City-C,T4,2x,280.0,S6_Q10,routine,M_routine,650,True,1,442.1,470.6,0.0,0.0,1.0,std_0.05,8,0.67,0.05,beta,none
City-C,T4,2x,280.0,S6_Q10,cross_regime,M_stress,650,True,1,442.1,340.0,0.0,0.2311,1.0,std_0.05,8,0.67,0.05,beta,none
City-C,T4,5x,700.0,S0a_RoutineOracle,routine,M_routine,650,True,2,931.4,931.4,0.0,0.0,1.0,std_0.05,8,0.67,0.05,beta,none
City-C,T4,5x,700.0,S0a_RoutineOracle,cross_regime,M_stress,650,True,2,931.4,615.7,84.3,0.3389,0.0,std_0.05,8,0.67,0.05,beta,none
City-C,T4,5x,700.0,S0b_StressOracle,routine,M_routine,650,True,3,897.4,1314.6,0.0,0.0,1.0,std_0.05,8,0.67,0.05,beta,none
City-C,T4,5x,700.0,S0b_StressOracle,cross_regime,M_stress,650,True,3,897.4,897.4,0.0,0.0,1.0,std_0.05,8,0.67,0.05,beta,none
City-C,T4,5x,700.0,S1_CapRR,routine,M_routine,650,True,1,737.0,470.6,229.4,0.3615,0.0,std_0.05,8,0.67,0.05,beta,none
City-C,T4,5x,700.0,S1_CapRR,cross_regime,M_stress,650,True,1,737.0,340.0,360.0,0.5388,0.0,std_0.05,8,0.67,0.05,beta,none
City-C,T4,5x,700.0,S2_Platform,routine,M_routine,650,True,2,738.2,869.3,0.0,0.0,1.0,std_0.05,8,0.67,0.05,beta,none
City-C,T4,5x,700.0,S2_Platform,cross_regime,M_stress,650,True,2,738.2,524.4,175.6,0.2896,0.0,std_0.05,8,0.67,0.05,beta,none
City-C,T4,5x,700.0,S3_Lin4,routine,M_routine,650,True,2,819.9,931.4,0.0,0.0,1.0,std_0.05,8,0.67,0.05,beta,none
City-C,T4,5x,700.0,S3_Lin4,cross_regime,M_stress,650,True,2,819.9,615.7,84.3,0.2491,0.0,std_0.05,8,0.67,0.05,beta,none
City-C,T4,5x,700.0,S4_GlobalCalib,routine,M_routine,650,True,2,956.4,931.4,0.0,0.0262,1.0,std_0.05,8,0.67,0.05,beta,none
City-C,T4,5x,700.0,S4_GlobalCalib,cross_regime,M_stress,650,True,2,956.4,615.7,84.3,0.3563,0.0,std_0.05,8,0.67,0.05,beta,none
City-C,T4,5x,700.0,S5_CityCalib,routine,M_routine,650,True,2,955.6,931.4,0.0,0.0254,1.0,std_0.05,8,0.67,0.05,beta,none
City-C,T4,5x,700.0,S5_CityCalib,cross_regime,M_stress,650,True,2,955.6,615.7,84.3,0.3557,0.0,std_0.05,8,0.67,0.05,beta,none
City-C,T4,5x,700.0,S6_Q10,routine,M_routine,650,True,2,863.6,931.4,0.0,0.0,1.0,std_0.05,8,0.67,0.05,beta,none
City-C,T4,5x,700.0,S6_Q10,cross_regime,M_stress,650,True,2,863.6,615.7,84.3,0.287,0.0,std_0.05,8,0.67,0.05,beta,none
City-C,T4,10x,1400.0,S0a_RoutineOracle,routine,M_routine,650,True,4,1764.7,1764.7,0.0,0.0,1.0,std_0.05,8,0.67,0.05,beta,none
City-C,T4,10x,1400.0,S0a_RoutineOracle,cross_regime,M_stress,650,True,4,1764.7,1126.5,273.5,0.3616,0.0,std_0.05,8,0.67,0.05,beta,none
City-C,T4,10x,1400.0,S0b_StressOracle,routine,M_routine,650,True,5,1417.8,2078.9,0.0,0.0,1.0,std_0.05,8,0.67,0.05,beta,none
City-C,T4,10x,1400.0,S0b_StressOracle,cross_regime,M_stress,650,True,5,1417.8,1417.8,0.0,0.0,1.0,std_0.05,8,0.67,0.05,beta,none
City-C,T4,10x,1400.0,S1_CapRR,routine,M_routine,650,True,2,1439.5,931.4,468.6,0.353,0.0,std_0.05,8,0.67,0.05,beta,none
City-C,T4,10x,1400.0,S1_CapRR,cross_regime,M_stress,650,True,2,1439.5,615.7,784.3,0.5723,0.0,std_0.05,8,0.67,0.05,beta,none
City-C,T4,10x,1400.0,S2_Platform,routine,M_routine,650,True,4,1425.4,1651.6,0.0,0.0,1.0,std_0.05,8,0.67,0.05,beta,none
City-C,T4,10x,1400.0,S2_Platform,cross_regime,M_stress,650,True,4,1425.4,1017.8,382.2,0.286,0.0,std_0.05,8,0.67,0.05,beta,none
City-C,T4,10x,1400.0,S3_Lin4,routine,M_routine,650,True,4,1595.2,1711.6,0.0,0.0,1.0,std_0.05,8,0.67,0.05,beta,none
City-C,T4,10x,1400.0,S3_Lin4,cross_regime,M_stress,650,True,4,1595.2,1108.6,291.4,0.305,0.0,std_0.05,8,0.67,0.05,beta,none
City-C,T4,10x,1400.0,S4_GlobalCalib,routine,M_routine,650,True,4,1771.8,1745.7,0.0,0.0148,1.0,std_0.05,8,0.67,0.05,beta,none
City-C,T4,10x,1400.0,S4_GlobalCalib,cross_regime,M_stress,650,True,4,1771.8,1124.2,275.8,0.3655,0.0,std_0.05,8,0.67,0.05,beta,none
City-C,T4,10x,1400.0,S5_CityCalib,routine,M_routine,650,True,4,1770.3,1745.7,0.0,0.0139,1.0,std_0.05,8,0.67,0.05,beta,none
City-C,T4,10x,1400.0,S5_CityCalib,cross_regime,M_stress,650,True,4,1770.3,1124.2,275.8,0.3649,0.0,std_0.05,8,0.67,0.05,beta,none
City-C,T4,10x,1400.0,S6_Q10,routine,M_routine,650,True,4,1599.7,1745.7,0.0,0.0,1.0,std_0.05,8,0.67,0.05,beta,none
City-C,T4,10x,1400.0,S6_Q10,cross_regime,M_stress,650,True,4,1599.7,1124.2,275.8,0.2972,0.0,std_0.05,8,0.67,0.05,beta,none
City-C,T5,1x,160.0,S0a_RoutineOracle,routine,M_routine,650,True,1,480.5,480.5,0.0,0.0,1.0,std_0.05,8,0.67,0.05,beta,none
City-C,T5,1x,160.0,S0a_RoutineOracle,cross_regime,M_stress,650,True,1,480.5,283.6,0.0,0.4097,1.0,std_0.05,8,0.67,0.05,beta,none
City-C,T5,1x,160.0,S0b_StressOracle,routine,M_routine,650,True,1,296.1,427.5,0.0,0.0,1.0,std_0.05,8,0.67,0.05,beta,none
City-C,T5,1x,160.0,S0b_StressOracle,cross_regime,M_stress,650,True,1,296.1,296.1,0.0,0.0,1.0,std_0.05,8,0.67,0.05,beta,none
City-C,T5,1x,160.0,S1_CapRR,routine,M_routine,650,True,1,648.6,480.5,0.0,0.2592,1.0,std_0.05,8,0.67,0.05,beta,none
City-C,T5,1x,160.0,S1_CapRR,cross_regime,M_stress,650,True,1,648.6,283.6,0.0,0.5627,1.0,std_0.05,8,0.67,0.05,beta,none
City-C,T5,1x,160.0,S2_Platform,routine,M_routine,650,True,1,451.5,480.5,0.0,0.0,1.0,std_0.05,8,0.67,0.05,beta,none
City-C,T5,1x,160.0,S2_Platform,cross_regime,M_stress,650,True,1,451.5,283.6,0.0,0.3718,1.0,std_0.05,8,0.67,0.05,beta,none
City-C,T5,1x,160.0,S3_Lin4,routine,M_routine,650,True,1,405.4,480.5,0.0,0.0,1.0,std_0.05,8,0.67,0.05,beta,none
City-C,T5,1x,160.0,S3_Lin4,cross_regime,M_stress,650,True,1,405.4,283.6,0.0,0.3003,1.0,std_0.05,8,0.67,0.05,beta,none
City-C,T5,1x,160.0,S4_GlobalCalib,routine,M_routine,650,True,1,430.9,480.5,0.0,0.0,1.0,std_0.05,8,0.67,0.05,beta,none
City-C,T5,1x,160.0,S4_GlobalCalib,cross_regime,M_stress,650,True,1,430.9,283.6,0.0,0.3417,1.0,std_0.05,8,0.67,0.05,beta,none
City-C,T5,1x,160.0,S5_CityCalib,routine,M_routine,650,True,1,429.3,480.5,0.0,0.0,1.0,std_0.05,8,0.67,0.05,beta,none
City-C,T5,1x,160.0,S5_CityCalib,cross_regime,M_stress,650,True,1,429.3,283.6,0.0,0.3393,1.0,std_0.05,8,0.67,0.05,beta,none
City-C,T5,1x,160.0,S6_Q10,routine,M_routine,650,True,1,389.1,480.5,0.0,0.0,1.0,std_0.05,8,0.67,0.05,beta,none
City-C,T5,1x,160.0,S6_Q10,cross_regime,M_stress,650,True,1,389.1,283.6,0.0,0.2709,1.0,std_0.05,8,0.67,0.05,beta,none
City-C,T5,2x,320.0,S0a_RoutineOracle,routine,M_routine,650,True,1,480.5,480.5,0.0,0.0,1.0,std_0.05,8,0.67,0.05,beta,none
City-C,T5,2x,320.0,S0a_RoutineOracle,cross_regime,M_stress,650,True,1,480.5,283.6,36.4,0.4097,0.0,std_0.05,8,0.67,0.05,beta,none
City-C,T5,2x,320.0,S0b_StressOracle,routine,M_routine,650,True,2,579.8,908.0,0.0,0.0,1.0,std_0.05,8,0.67,0.05,beta,none
City-C,T5,2x,320.0,S0b_StressOracle,cross_regime,M_stress,650,True,2,579.8,579.8,0.0,0.0,1.0,std_0.05,8,0.67,0.05,beta,none
City-C,T5,2x,320.0,S1_CapRR,routine,M_routine,650,True,1,648.6,480.5,0.0,0.2592,1.0,std_0.05,8,0.67,0.05,beta,none
City-C,T5,2x,320.0,S1_CapRR,cross_regime,M_stress,650,True,1,648.6,283.6,36.4,0.5627,0.0,std_0.05,8,0.67,0.05,beta,none
City-C,T5,2x,320.0,S2_Platform,routine,M_routine,650,True,1,451.5,480.5,0.0,0.0,1.0,std_0.05,8,0.67,0.05,beta,none
City-C,T5,2x,320.0,S2_Platform,cross_regime,M_stress,650,True,1,451.5,283.6,36.4,0.3718,0.0,std_0.05,8,0.67,0.05,beta,none
City-C,T5,2x,320.0,S3_Lin4,routine,M_routine,650,True,1,405.4,480.5,0.0,0.0,1.0,std_0.05,8,0.67,0.05,beta,none
City-C,T5,2x,320.0,S3_Lin4,cross_regime,M_stress,650,True,1,405.4,283.6,36.4,0.3003,0.0,std_0.05,8,0.67,0.05,beta,none
City-C,T5,2x,320.0,S4_GlobalCalib,routine,M_routine,650,True,1,430.9,480.5,0.0,0.0,1.0,std_0.05,8,0.67,0.05,beta,none
City-C,T5,2x,320.0,S4_GlobalCalib,cross_regime,M_stress,650,True,1,430.9,283.6,36.4,0.3417,0.0,std_0.05,8,0.67,0.05,beta,none
City-C,T5,2x,320.0,S5_CityCalib,routine,M_routine,650,True,1,429.3,480.5,0.0,0.0,1.0,std_0.05,8,0.67,0.05,beta,none
City-C,T5,2x,320.0,S5_CityCalib,cross_regime,M_stress,650,True,1,429.3,283.6,36.4,0.3393,0.0,std_0.05,8,0.67,0.05,beta,none
City-C,T5,2x,320.0,S6_Q10,routine,M_routine,650,True,1,389.1,480.5,0.0,0.0,1.0,std_0.05,8,0.67,0.05,beta,none
City-C,T5,2x,320.0,S6_Q10,cross_regime,M_stress,650,True,1,389.1,283.6,36.4,0.2709,0.0,std_0.05,8,0.67,0.05,beta,none
City-C,T5,5x,800.0,S0a_RoutineOracle,routine,M_routine,650,True,2,908.0,908.0,0.0,0.0,1.0,std_0.05,8,0.67,0.05,beta,none
City-C,T5,5x,800.0,S0a_RoutineOracle,cross_regime,M_stress,650,True,2,908.0,579.8,220.2,0.3615,0.0,std_0.05,8,0.67,0.05,beta,none
City-C,T5,5x,800.0,S0b_StressOracle,routine,M_routine,650,True,3,854.1,1311.1,0.0,0.0,1.0,std_0.05,8,0.67,0.05,beta,none
City-C,T5,5x,800.0,S0b_StressOracle,cross_regime,M_stress,650,True,3,854.1,854.1,0.0,0.0,1.0,std_0.05,8,0.67,0.05,beta,none
City-C,T5,5x,800.0,S1_CapRR,routine,M_routine,650,True,2,1266.8,908.0,0.0,0.2833,1.0,std_0.05,8,0.67,0.05,beta,none
City-C,T5,5x,800.0,S1_CapRR,cross_regime,M_stress,650,True,2,1266.8,579.8,220.2,0.5424,0.0,std_0.05,8,0.67,0.05,beta,none
City-C,T5,5x,800.0,S2_Platform,routine,M_routine,650,True,2,882.9,860.6,0.0,0.0252,1.0,std_0.05,8,0.67,0.05,beta,none
City-C,T5,5x,800.0,S2_Platform,cross_regime,M_stress,650,True,2,882.9,509.6,290.4,0.4228,0.0,std_0.05,8,0.67,0.05,beta,none
City-C,T5,5x,800.0,S3_Lin4,routine,M_routine,650,True,3,1174.8,1311.1,0.0,0.0,1.0,std_0.05,8,0.67,0.05,beta,none
City-C,T5,5x,800.0,S3_Lin4,cross_regime,M_stress,650,True,3,1174.8,854.1,0.0,0.273,1.0,std_0.05,8,0.67,0.05,beta,none
City-C,T5,5x,800.0,S4_GlobalCalib,routine,M_routine,650,True,2,841.5,908.0,0.0,0.0,1.0,std_0.05,8,0.67,0.05,beta,none
City-C,T5,5x,800.0,S4_GlobalCalib,cross_regime,M_stress,650,True,2,841.5,579.8,220.2,0.3111,0.0,std_0.05,8,0.67,0.05,beta,none
City-C,T5,5x,800.0,S5_CityCalib,routine,M_routine,650,True,2,838.6,908.0,0.0,0.0,1.0,std_0.05,8,0.67,0.05,beta,none
City-C,T5,5x,800.0,S5_CityCalib,cross_regime,M_stress,650,True,2,838.6,579.8,220.2,0.3086,0.0,std_0.05,8,0.67,0.05,beta,none
City-C,T5,5x,800.0,S6_Q10,routine,M_routine,650,True,3,1098.5,1311.1,0.0,0.0,1.0,std_0.05,8,0.67,0.05,beta,none
City-C,T5,5x,800.0,S6_Q10,cross_regime,M_stress,650,True,3,1098.5,854.1,0.0,0.2225,1.0,std_0.05,8,0.67,0.05,beta,none
City-C,T5,10x,1600.0,S0a_RoutineOracle,routine,M_routine,650,True,4,1691.3,1691.3,0.0,0.0,1.0,std_0.05,8,0.67,0.05,beta,none
City-C,T5,10x,1600.0,S0a_RoutineOracle,cross_regime,M_stress,650,True,4,1691.3,1080.1,519.9,0.3614,0.0,std_0.05,8,0.67,0.05,beta,none
City-C,T5,10x,1600.0,S0b_StressOracle,routine,M_routine,650,True,7,1752.2,2747.2,0.0,0.0,1.0,std_0.05,8,0.67,0.05,beta,none
City-C,T5,10x,1600.0,S0b_StressOracle,cross_regime,M_stress,650,True,7,1752.2,1752.2,0.0,0.0,1.0,std_0.05,8,0.67,0.05,beta,none
City-C,T5,10x,1600.0,S1_CapRR,routine,M_routine,650,True,3,1831.4,1311.1,288.9,0.2841,0.0,std_0.05,8,0.67,0.05,beta,none
City-C,T5,10x,1600.0,S1_CapRR,cross_regime,M_stress,650,True,3,1831.4,854.1,745.9,0.5336,0.0,std_0.05,8,0.67,0.05,beta,none
City-C,T5,10x,1600.0,S2_Platform,routine,M_routine,650,True,4,1670.1,1449.7,150.3,0.1319,0.0,std_0.05,8,0.67,0.05,beta,none
City-C,T5,10x,1600.0,S2_Platform,cross_regime,M_stress,650,True,4,1670.1,929.8,670.2,0.4432,0.0,std_0.05,8,0.67,0.05,beta,none
City-C,T5,10x,1600.0,S3_Lin4,routine,M_routine,650,True,5,1920.8,1866.1,0.0,0.0285,1.0,std_0.05,8,0.67,0.05,beta,none
City-C,T5,10x,1600.0,S3_Lin4,cross_regime,M_stress,650,True,5,1920.8,1267.9,332.1,0.3399,0.0,std_0.05,8,0.67,0.05,beta,none
City-C,T5,10x,1600.0,S4_GlobalCalib,routine,M_routine,650,True,5,1897.5,2064.6,0.0,0.0,1.0,std_0.05,8,0.67,0.05,beta,none
City-C,T5,10x,1600.0,S4_GlobalCalib,cross_regime,M_stress,650,True,5,1897.5,1302.9,297.1,0.3133,0.0,std_0.05,8,0.67,0.05,beta,none
City-C,T5,10x,1600.0,S5_CityCalib,routine,M_routine,650,True,5,1891.0,2064.6,0.0,0.0,1.0,std_0.05,8,0.67,0.05,beta,none
City-C,T5,10x,1600.0,S5_CityCalib,cross_regime,M_stress,650,True,5,1891.0,1302.9,297.1,0.311,0.0,std_0.05,8,0.67,0.05,beta,none
City-C,T5,10x,1600.0,S6_Q10,routine,M_routine,650,True,5,1713.3,2064.6,0.0,0.0,1.0,std_0.05,8,0.67,0.05,beta,none
City-C,T5,10x,1600.0,S6_Q10,cross_regime,M_stress,650,True,5,1713.3,1302.9,297.1,0.2395,0.0,std_0.05,8,0.67,0.05,beta,none
