city,task_id,p_req_level,p_req,strategy,regime,eval_outcome,pool_size,pool_feasible,n_selected,p_commit,p_deliv,shortfall,ocr,success,seed_id,master_seed
City-A,T1,1x,180.0,S0a_RoutineOracle,routine,M_routine,800,True,1,680.8,680.8,0.0,0.0,1.0,23,23000002048
City-A,T1,1x,180.0,S0a_RoutineOracle,cross_regime,M_stress,800,True,1,680.8,442.6,0.0,0.3499,1.0,23,23000002048
City-A,T1,1x,180.0,S0b_StressOracle,routine,M_routine,800,True,1,442.6,680.8,0.0,0.0,1.0,23,23000002048
City-A,T1,1x,180.0,S0b_StressOracle,cross_regime,M_stress,800,True,1,442.6,442.6,0.0,0.0,1.0,23,23000002048
City-A,T1,1x,180.0,S1_CapRR,routine,M_routine,800,True,1,678.2,680.8,0.0,0.0,1.0,23,23000002048
City-A,T1,1x,180.0,S1_CapRR,cross_regime,M_stress,800,True,1,678.2,442.6,0.0,0.3474,1.0,23,23000002048
City-A,T1,1x,180.0,S2_Platform,routine,M_routine,800,True,1,421.1,680.8,0.0,0.0,1.0,23,23000002048
City-A,T1,1x,180.0,S2_Platform,cross_regime,M_stress,800,True,1,421.1,442.6,0.0,0.0,1.0,23,23000002048
City-A,T1,1x,180.0,S3_Lin4,routine,M_routine,800,True,1,730.6,680.8,0.0,0.0681,1.0,23,23000002048
City-A,T1,1x,180.0,S3_Lin4,cross_regime,M_stress,800,True,1,730.6,442.6,0.0,0.3942,1.0,23,23000002048
City-A,T1,1x,180.0,S4_GlobalCalib,routine,M_routine,800,True,1,675.6,680.8,0.0,0.0,1.0,23,23000002048
City-A,T1,1x,180.0,S4_GlobalCalib,cross_regime,M_stress,800,True,1,675.6,442.6,0.0,0.3449,1.0,23,23000002048
City-A,T1,1x,180.0,S5_CityCalib,routine,M_routine,800,True,1,674.7,680.8,0.0,0.0,1.0,23,23000002048
City-A,T1,1x,180.0,S5_CityCalib,cross_regime,M_stress,800,True,1,674.7,442.6,0.0,0.344,1.0,23,23000002048
City-A,T1,1x,180.0,S6_Q10,routine,M_routine,800,True,1,668.1,680.8,0.0,0.0,1.0,23,23000002048
City-A,T1,1x,180.0,S6_Q10,cross_regime,M_stress,800,True,1,668.1,442.6,0.0,0.3375,1.0,23,23000002048
City-A,T1,2x,360.0,S0a_RoutineOracle,routine,M_routine,800,True,1,680.8,680.8,0.0,0.0,1.0,23,23000002048
City-A,T1,2x,360.0,S0a_RoutineOracle,cross_regime,M_stress,800,True,1,680.8,442.6,0.0,0.3499,1.0,23,23000002048
City-A,T1,2x,360.0,S0b_StressOracle,routine,M_routine,800,True,1,442.6,680.8,0.0,0.0,1.0,23,23000002048
City-A,T1,2x,360.0,S0b_StressOracle,cross_regime,M_stress,800,True,1,442.6,442.6,0.0,0.0,1.0,23,23000002048
City-A,T1,2x,360.0,S1_CapRR,routine,M_routine,800,True,1,678.2,680.8,0.0,0.0,1.0,23,23000002048
City-A,T1,2x,360.0,S1_CapRR,cross_regime,M_stress,800,True,1,678.2,442.6,0.0,0.3474,1.0,23,23000002048
City-A,T1,2x,360.0,S2_Platform,routine,M_routine,800,True,1,421.1,680.8,0.0,0.0,1.0,23,23000002048
City-A,T1,2x,360.0,S2_Platform,cross_regime,M_stress,800,True,1,421.1,442.6,0.0,0.0,1.0,23,23000002048
City-A,T1,2x,360.0,S3_Lin4,routine,M_routine,800,True,1,730.6,680.8,0.0,0.0681,1.0,23,23000002048
City-A,T1,2x,360.0,S3_Lin4,cross_regime,M_stress,800,True,1,730.6,442.6,0.0,0.3942,1.0,23,23000002048
City-A,T1,2x,360.0,S4_GlobalCalib,routine,M_routine,800,True,1,675.6,680.8,0.0,0.0,1.0,23,23000002048
City-A,T1,2x,360.0,S4_GlobalCalib,cross_regime,M_stress,800,True,1,675.6,442.6,0.0,0.3449,1.0,23,23000002048
City-A,T1,2x,360.0,S5_CityCalib,routine,M_routine,800,True,1,674.7,680.8,0.0,0.0,1.0,23,23000002048
City-A,T1,2x,360.0,S5_CityCalib,cross_regime,M_stress,800,True,1,674.7,442.6,0.0,0.344,1.0,23,23000002048
City-A,T1,2x,360.0,S6_Q10,routine,M_routine,800,True,1,668.1,680.8,0.0,0.0,1.0,23,23000002048
City-A,T1,2x,360.0,S6_Q10,cross_regime,M_stress,800,True,1,668.1,442.6,0.0,0.3375,1.0,23,23000002048
City-A,T1,5x,900.0,S0a_RoutineOracle,routine,M_routine,800,True,2,1297.0,1297.0,0.0,0.0,1.0,23,23000002048
City-A,T1,5x,900.0,S0a_RoutineOracle,cross_regime,M_stress,800,True,2,1297.0,846.5,53.5,0.3473,0.0,23,23000002048
City-A,T1,5x,900.0,S0b_StressOracle,routine,M_routine,800,True,3,1236.6,1877.3,0.0,0.0,1.0,23,23000002048
City-A,T1,5x,900.0,S0b_StressOracle,cross_regime,M_stress,800,True,3,1236.6,1236.6,0.0,0.0,1.0,23,23000002048
City-A,T1,5x,900.0,S1_CapRR,routine,M_routine,800,True,2,1293.4,1297.0,0.0,0.0,1.0,23,23000002048
City-A,T1,5x,900.0,S1_CapRR,cross_regime,M_stress,800,True,2,1293.4,846.5,53.5,0.3455,0.0,23,23000002048
City-A,T1,5x,900.0,S2_Platform,routine,M_routine,800,True,3,1202.1,1806.6,0.0,0.0,1.0,23,23000002048
City-A,T1,5x,900.0,S2_Platform,cross_regime,M_stress,800,True,3,1202.1,1188.4,0.0,0.0113,1.0,23,23000002048
City-A,T1,5x,900.0,S3_Lin4,routine,M_routine,800,True,2,1306.1,1261.2,0.0,0.0344,1.0,23,23000002048
City-A,T1,5x,900.0,S3_Lin4,cross_regime,M_stress,800,True,2,1306.1,832.7,67.3,0.3624,0.0,23,23000002048
City-A,T1,5x,900.0,S4_GlobalCalib,routine,M_routine,800,True,2,1288.4,1297.0,0.0,0.0,1.0,23,23000002048
City-A,T1,5x,900.0,S4_GlobalCalib,cross_regime,M_stress,800,True,2,1288.4,846.5,53.5,0.343,0.0,23,23000002048
City-A,T1,5x,900.0,S5_CityCalib,routine,M_routine,800,True,2,1286.7,1297.0,0.0,0.0,1.0,23,23000002048
City-A,T1,5x,900.0,S5_CityCalib,cross_regime,M_stress,800,True,2,1286.7,846.5,53.5,0.3421,0.0,23,23000002048
City-A,T1,5x,900.0,S6_Q10,routine,M_routine,800,True,2,1274.1,1297.0,0.0,0.0,1.0,23,23000002048
City-A,T1,5x,900.0,S6_Q10,cross_regime,M_stress,800,True,2,1274.1,846.5,53.5,0.3356,0.0,23,23000002048
City-A,T1,10x,1800.0,S0a_RoutineOracle,routine,M_routine,800,True,3,1880.0,1880.0,0.0,0.0,1.0,23,23000002048
City-A,T1,10x,1800.0,S0a_RoutineOracle,cross_regime,M_stress,800,True,3,1880.0,1227.5,572.5,0.3471,0.0,23,23000002048
City-A,T1,10x,1800.0,S0b_StressOracle,routine,M_routine,800,True,5,1987.1,3027.5,0.0,0.0,1.0,23,23000002048
City-A,T1,10x,1800.0,S0b_StressOracle,cross_regime,M_stress,800,True,5,1987.1,1987.1,0.0,0.0,1.0,23,23000002048
City-A,T1,10x,1800.0,S1_CapRR,routine,M_routine,800,True,3,1889.7,1877.3,0.0,0.0065,1.0,23,23000002048
City-A,T1,10x,1800.0,S1_CapRR,cross_regime,M_stress,800,True,3,1889.7,1236.6,563.4,0.3456,0.0,23,23000002048
City-A,T1,10x,1800.0,S2_Platform,routine,M_routine,800,True,5,1914.5,2881.4,0.0,0.0,1.0,23,23000002048
City-A,T1,10x,1800.0,S2_Platform,cross_regime,M_stress,800,True,5,1914.5,1891.3,0.0,0.0121,1.0,23,23000002048
City-A,T1,10x,1800.0,S3_Lin4,routine,M_routine,800,True,3,1872.3,1792.7,7.3,0.0425,0.0,23,23000002048
City-A,T1,10x,1800.0,S3_Lin4,cross_regime,M_stress,800,True,3,1872.3,1179.7,620.3,0.3699,0.0,23,23000002048
City-A,T1,10x,1800.0,S4_GlobalCalib,routine,M_routine,800,True,3,1882.5,1877.3,0.0,0.0027,1.0,23,23000002048
City-A,T1,10x,1800.0,S4_GlobalCalib,cross_regime,M_stress,800,True,3,1882.5,1236.6,563.4,0.3431,0.0,23,23000002048
City-A,T1,10x,1800.0,S5_CityCalib,routine,M_routine,800,True,3,1880.0,1877.3,0.0,0.0014,1.0,23,23000002048
City-A,T1,10x,1800.0,S5_CityCalib,cross_regime,M_stress,800,True,3,1880.0,1236.6,563.4,0.3422,0.0,23,23000002048
City-A,T1,10x,1800.0,S6_Q10,routine,M_routine,800,True,3,1861.5,1877.3,0.0,0.0,1.0,23,23000002048
City-A,T1,10x,1800.0,S6_Q10,cross_regime,M_stress,800,True,3,1861.5,1236.6,563.4,0.3357,0.0,23,23000002048
City-A,T2,1x,260.0,S0a_RoutineOracle,routine,M_routine,800,True,1,670.3,670.3,0.0,0.0,1.0,23,23000002048
City-A,T2,1x,260.0,S0a_RoutineOracle,cross_regime,M_stress,800,True,1,670.3,436.6,0.0,0.3487,1.0,23,23000002048
City-A,T2,1x,260.0,S0b_StressOracle,routine,M_routine,800,True,1,436.6,670.3,0.0,0.0,1.0,23,23000002048
City-A,T2,1x,260.0,S0b_StressOracle,cross_regime,M_stress,800,True,1,436.6,436.6,0.0,0.0,1.0,23,23000002048
City-A,T2,1x,260.0,S1_CapRR,routine,M_routine,800,True,1,678.2,670.3,0.0,0.0116,1.0,23,23000002048
City-A,T2,1x,260.0,S1_CapRR,cross_regime,M_stress,800,True,1,678.2,436.6,0.0,0.3562,1.0,23,23000002048
City-A,T2,1x,260.0,S2_Platform,routine,M_routine,800,True,1,441.1,670.3,0.0,0.0,1.0,23,23000002048
City-A,T2,1x,260.0,S2_Platform,cross_regime,M_stress,800,True,1,441.1,436.6,0.0,0.0103,1.0,23,23000002048
City-A,T2,1x,260.0,S3_Lin4,routine,M_routine,800,True,1,727.4,670.3,0.0,0.0785,1.0,23,23000002048
City-A,T2,1x,260.0,S3_Lin4,cross_regime,M_stress,800,True,1,727.4,436.6,0.0,0.3998,1.0,23,23000002048
City-A,T2,1x,260.0,S4_GlobalCalib,routine,M_routine,800,True,1,675.5,670.3,0.0,0.0076,1.0,23,23000002048
City-A,T2,1x,260.0,S4_GlobalCalib,cross_regime,M_stress,800,True,1,675.5,436.6,0.0,0.3537,1.0,23,23000002048
City-A,T2,1x,260.0,S5_CityCalib,routine,M_routine,800,True,1,677.7,670.3,0.0,0.0109,1.0,23,23000002048
City-A,T2,1x,260.0,S5_CityCalib,cross_regime,M_stress,800,True,1,677.7,436.6,0.0,0.3558,1.0,23,23000002048
City-A,T2,1x,260.0,S6_Q10,routine,M_routine,800,True,1,667.3,670.3,0.0,0.0,1.0,23,23000002048
City-A,T2,1x,260.0,S6_Q10,cross_regime,M_stress,800,True,1,667.3,436.6,0.0,0.3457,1.0,23,23000002048
City-A,T2,2x,520.0,S0a_RoutineOracle,routine,M_routine,800,True,1,670.3,670.3,0.0,0.0,1.0,23,23000002048
City-A,T2,2x,520.0,S0a_RoutineOracle,cross_regime,M_stress,800,True,1,670.3,436.6,83.4,0.3487,0.0,23,23000002048
City-A,T2,2x,520.0,S0b_StressOracle,routine,M_routine,800,True,2,833.8,1279.3,0.0,0.0,1.0,23,23000002048
City-A,T2,2x,520.0,S0b_StressOracle,cross_regime,M_stress,800,True,2,833.8,833.8,0.0,0.0,1.0,23,23000002048
City-A,T2,2x,520.0,S1_CapRR,routine,M_routine,800,True,1,678.2,670.3,0.0,0.0116,1.0,23,23000002048
City-A,T2,2x,520.0,S1_CapRR,cross_regime,M_stress,800,True,1,678.2,436.6,83.4,0.3562,0.0,23,23000002048
City-A,T2,2x,520.0,S2_Platform,routine,M_routine,800,True,2,849.9,1279.3,0.0,0.0,1.0,23,23000002048
City-A,T2,2x,520.0,S2_Platform,cross_regime,M_stress,800,True,2,849.9,833.8,0.0,0.019,1.0,23,23000002048
City-A,T2,2x,520.0,S3_Lin4,routine,M_routine,800,True,1,727.4,670.3,0.0,0.0785,1.0,23,23000002048
City-A,T2,2x,520.0,S3_Lin4,cross_regime,M_stress,800,True,1,727.4,436.6,83.4,0.3998,0.0,23,23000002048
City-A,T2,2x,520.0,S4_GlobalCalib,routine,M_routine,800,True,1,675.5,670.3,0.0,0.0076,1.0,23,23000002048
City-A,T2,2x,520.0,S4_GlobalCalib,cross_regime,M_stress,800,True,1,675.5,436.6,83.4,0.3537,0.0,23,23000002048
City-A,T2,2x,520.0,S5_CityCalib,routine,M_routine,800,True,1,677.7,670.3,0.0,0.0109,1.0,23,23000002048
City-A,T2,2x,520.0,S5_CityCalib,cross_regime,M_stress,800,True,1,677.7,436.6,83.4,0.3558,0.0,23,23000002048
City-A,T2,2x,520.0,S6_Q10,routine,M_routine,800,True,1,667.3,670.3,0.0,0.0,1.0,23,23000002048
City-A,T2,2x,520.0,S6_Q10,cross_regime,M_stress,800,True,1,667.3,436.6,83.4,0.3457,0.0,23,23000002048
City-A,T2,5x,1300.0,S0a_RoutineOracle,routine,M_routine,800,True,3,1863.2,1863.2,0.0,0.0,1.0,23,23000002048
City-A,T2,5x,1300.0,S0a_RoutineOracle,cross_regime,M_stress,800,True,3,1863.2,1219.4,80.6,0.3456,0.0,23,23000002048
City-A,T2,5x,1300.0,S0b_StressOracle,routine,M_routine,800,True,4,1595.9,2439.0,0.0,0.0,1.0,23,23000002048
City-A,T2,5x,1300.0,S0b_StressOracle,cross_regime,M_stress,800,True,4,1595.9,1595.9,0.0,0.0,1.0,23,23000002048
City-A,T2,5x,1300.0,S1_CapRR,routine,M_routine,800,True,3,1889.7,1863.2,0.0,0.014,1.0,23,23000002048
City-A,T2,5x,1300.0,S1_CapRR,cross_regime,M_stress,800,True,3,1889.7,1219.4,80.6,0.3547,0.0,23,23000002048
City-A,T2,5x,1300.0,S2_Platform,routine,M_routine,800,True,4,1596.5,2330.6,0.0,0.0,1.0,23,23000002048
City-A,T2,5x,1300.0,S2_Platform,cross_regime,M_stress,800,True,4,1596.5,1535.4,0.0,0.0383,1.0,23,23000002048
City-A,T2,5x,1300.0,S3_Lin4,routine,M_routine,800,True,3,1862.7,1776.0,0.0,0.0466,1.0,23,23000002048
City-A,T2,5x,1300.0,S3_Lin4,cross_regime,M_stress,800,True,3,1862.7,1164.2,135.8,0.375,0.0,23,23000002048
City-A,T2,5x,1300.0,S4_GlobalCalib,routine,M_routine,800,True,3,1882.2,1863.2,0.0,0.0101,1.0,23,23000002048
City-A,T2,5x,1300.0,S4_GlobalCalib,cross_regime,M_stress,800,True,3,1882.2,1219.4,80.6,0.3522,0.0,23,23000002048
City-A,T2,5x,1300.0,S5_CityCalib,routine,M_routine,800,True,3,1888.5,1863.2,0.0,0.0134,1.0,23,23000002048
City-A,T2,5x,1300.0,S5_CityCalib,cross_regime,M_stress,800,True,3,1888.5,1219.4,80.6,0.3543,0.0,23,23000002048
City-A,T2,5x,1300.0,S6_Q10,routine,M_routine,800,True,3,1859.3,1863.2,0.0,0.0,1.0,23,23000002048
City-A,T2,5x,1300.0,S6_Q10,cross_regime,M_stress,800,True,3,1859.3,1219.4,80.6,0.3442,0.0,23,23000002048
City-A,T2,10x,2600.0,S0a_RoutineOracle,routine,M_routine,800,True,5,2975.7,2975.7,0.0,0.0,1.0,23,23000002048
City-A,T2,10x,2600.0,S0a_RoutineOracle,cross_regime,M_stress,800,True,5,2975.7,1960.8,639.2,0.3411,0.0,23,23000002048
City-A,T2,10x,2600.0,S0b_StressOracle,routine,M_routine,800,True,7,2639.5,4012.0,0.0,0.0,1.0,23,23000002048
City-A,T2,10x,2600.0,S0b_StressOracle,cross_regime,M_stress,800,True,7,2639.5,2639.5,0.0,0.0,1.0,23,23000002048
City-A,T2,10x,2600.0,S1_CapRR,routine,M_routine,800,True,5,3037.3,2975.7,0.0,0.0203,1.0,23,23000002048
City-A,T2,10x,2600.0,S1_CapRR,cross_regime,M_stress,800,True,5,3037.3,1960.8,639.2,0.3544,0.0,23,23000002048
City-A,T2,10x,2600.0,S2_Platform,routine,M_routine,800,True,7,2630.1,3868.7,0.0,0.0,1.0,23,23000002048
City-A,T2,10x,2600.0,S2_Platform,cross_regime,M_stress,800,True,7,2630.1,2544.8,55.2,0.0324,0.0,23,23000002048
City-A,T2,10x,2600.0,S3_Lin4,routine,M_routine,800,True,5,2930.0,2960.7,0.0,0.0,1.0,23,23000002048
City-A,T2,10x,2600.0,S3_Lin4,cross_regime,M_stress,800,True,5,2930.0,1937.9,662.1,0.3386,0.0,23,23000002048
City-A,T2,10x,2600.0,S4_GlobalCalib,routine,M_routine,800,True,5,3025.5,2975.7,0.0,0.0164,1.0,23,23000002048
City-A,T2,10x,2600.0,S4_GlobalCalib,cross_regime,M_stress,800,True,5,3025.5,1960.8,639.2,0.3519,0.0,23,23000002048
City-A,T2,10x,2600.0,S5_CityCalib,routine,M_routine,800,True,5,3035.5,2975.7,0.0,0.0197,1.0,23,23000002048
City-A,T2,10x,2600.0,S5_CityCalib,cross_regime,M_stress,800,True,5,3035.5,1960.8,639.2,0.3541,0.0,23,23000002048
City-A,T2,10x,2600.0,S6_Q10,routine,M_routine,800,True,5,2988.5,2975.7,0.0,0.0043,1.0,23,23000002048
City-A,T2,10x,2600.0,S6_Q10,cross_regime,M_stress,800,True,5,2988.5,1960.8,639.2,0.3439,0.0,23,23000002048
City-A,T3,1x,200.0,S0a_RoutineOracle,routine,M_routine,800,True,1,598.9,598.9,0.0,0.0,1.0,23,23000002048
City-A,T3,1x,200.0,S0a_RoutineOracle,cross_regime,M_stress,800,True,1,598.9,392.2,0.0,0.3452,1.0,23,23000002048
City-A,T3,1x,200.0,S0b_StressOracle,routine,M_routine,800,True,1,392.2,598.9,0.0,0.0,1.0,23,23000002048
City-A,T3,1x,200.0,S0b_StressOracle,cross_regime,M_stress,800,True,1,392.2,392.2,0.0,0.0,1.0,23,23000002048
City-A,T3,1x,200.0,S1_CapRR,routine,M_routine,800,True,1,596.8,598.9,0.0,0.0,1.0,23,23000002048
City-A,T3,1x,200.0,S1_CapRR,cross_regime,M_stress,800,True,1,596.8,392.2,0.0,0.3429,1.0,23,23000002048
City-A,T3,1x,200.0,S2_Platform,routine,M_routine,800,True,1,470.7,598.9,0.0,0.0,1.0,23,23000002048
City-A,T3,1x,200.0,S2_Platform,cross_regime,M_stress,800,True,1,470.7,392.2,0.0,0.1668,1.0,23,23000002048
City-A,T3,1x,200.0,S3_Lin4,routine,M_routine,800,True,1,724.7,598.9,0.0,0.1736,1.0,23,23000002048
City-A,T3,1x,200.0,S3_Lin4,cross_regime,M_stress,800,True,1,724.7,392.2,0.0,0.4589,1.0,23,23000002048
City-A,T3,1x,200.0,S4_GlobalCalib,routine,M_routine,800,True,1,592.5,598.9,0.0,0.0,1.0,23,23000002048
City-A,T3,1x,200.0,S4_GlobalCalib,cross_regime,M_stress,800,True,1,592.5,392.2,0.0,0.3382,1.0,23,23000002048
City-A,T3,1x,200.0,S5_CityCalib,routine,M_routine,800,True,1,593.5,598.9,0.0,0.0,1.0,23,23000002048
City-A,T3,1x,200.0,S5_CityCalib,cross_regime,M_stress,800,True,1,593.5,392.2,0.0,0.3392,1.0,23,23000002048
City-A,T3,1x,200.0,S6_Q10,routine,M_routine,800,True,1,586.1,598.9,0.0,0.0,1.0,23,23000002048
City-A,T3,1x,200.0,S6_Q10,cross_regime,M_stress,800,True,1,586.1,392.2,0.0,0.3309,1.0,23,23000002048
City-A,T3,2x,400.0,S0a_RoutineOracle,routine,M_routine,800,True,1,598.9,598.9,0.0,0.0,1.0,23,23000002048
City-A,T3,2x,400.0,S0a_RoutineOracle,cross_regime,M_stress,800,True,1,598.9,392.2,7.8,0.3452,0.0,23,23000002048
City-A,T3,2x,400.0,S0b_StressOracle,routine,M_routine,800,True,2,748.6,1141.4,0.0,0.0,1.0,23,23000002048
City-A,T3,2x,400.0,S0b_StressOracle,cross_regime,M_stress,800,True,2,748.6,748.6,0.0,0.0,1.0,23,23000002048
City-A,T3,2x,400.0,S1_CapRR,routine,M_routine,800,True,1,596.8,598.9,0.0,0.0,1.0,23,23000002048
City-A,T3,2x,400.0,S1_CapRR,cross_regime,M_stress,800,True,1,596.8,392.2,7.8,0.3429,0.0,23,23000002048
City-A,T3,2x,400.0,S2_Platform,routine,M_routine,800,True,1,470.7,598.9,0.0,0.0,1.0,23,23000002048
City-A,T3,2x,400.0,S2_Platform,cross_regime,M_stress,800,True,1,470.7,392.2,7.8,0.1668,0.0,23,23000002048
City-A,T3,2x,400.0,S3_Lin4,routine,M_routine,800,True,1,724.7,598.9,0.0,0.1736,1.0,23,23000002048
City-A,T3,2x,400.0,S3_Lin4,cross_regime,M_stress,800,True,1,724.7,392.2,7.8,0.4589,0.0,23,23000002048
City-A,T3,2x,400.0,S4_GlobalCalib,routine,M_routine,800,True,1,592.5,598.9,0.0,0.0,1.0,23,23000002048
City-A,T3,2x,400.0,S4_GlobalCalib,cross_regime,M_stress,800,True,1,592.5,392.2,7.8,0.3382,0.0,23,23000002048
City-A,T3,2x,400.0,S5_CityCalib,routine,M_routine,800,True,1,593.5,598.9,0.0,0.0,1.0,23,23000002048
City-A,T3,2x,400.0,S5_CityCalib,cross_regime,M_stress,800,True,1,593.5,392.2,7.8,0.3392,0.0,23,23000002048
City-A,T3,2x,400.0,S6_Q10,routine,M_routine,800,True,1,586.1,598.9,0.0,0.0,1.0,23,23000002048
City-A,T3,2x,400.0,S6_Q10,cross_regime,M_stress,800,True,1,586.1,392.2,7.8,0.3309,0.0,23,23000002048
City-A,T3,5x,1000.0,S0a_RoutineOracle,routine,M_routine,800,True,2,1141.4,1141.4,0.0,0.0,1.0,23,23000002048
City-A,T3,5x,1000.0,S0a_RoutineOracle,cross_regime,M_stress,800,True,2,1141.4,748.6,251.4,0.3442,0.0,23,23000002048
City-A,T3,5x,1000.0,S0b_StressOracle,routine,M_routine,800,True,3,1093.9,1666.0,0.0,0.0,1.0,23,23000002048
City-A,T3,5x,1000.0,S0b_StressOracle,cross_regime,M_stress,800,True,3,1093.9,1093.9,0.0,0.0,1.0,23,23000002048
City-A,T3,5x,1000.0,S1_CapRR,routine,M_routine,800,True,2,1138.1,1141.4,0.0,0.0,1.0,23,23000002048
City-A,T3,5x,1000.0,S1_CapRR,cross_regime,M_stress,800,True,2,1138.1,748.6,251.4,0.3423,0.0,23,23000002048
City-A,T3,5x,1000.0,S2_Platform,routine,M_routine,800,True,3,1264.8,1623.8,0.0,0.0,1.0,23,23000002048
City-A,T3,5x,1000.0,S2_Platform,cross_regime,M_stress,800,True,3,1264.8,1063.5,0.0,0.1592,1.0,23,23000002048
City-A,T3,5x,1000.0,S3_Lin4,routine,M_routine,800,True,2,1285.3,1123.5,0.0,0.1259,1.0,23,23000002048
City-A,T3,5x,1000.0,S3_Lin4,cross_regime,M_stress,800,True,2,1285.3,737.5,262.5,0.4262,0.0,23,23000002048
City-A,T3,5x,1000.0,S4_GlobalCalib,routine,M_routine,800,True,2,1130.0,1141.4,0.0,0.0,1.0,23,23000002048
City-A,T3,5x,1000.0,S4_GlobalCalib,cross_regime,M_stress,800,True,2,1130.0,748.6,251.4,0.3375,0.0,23,23000002048
City-A,T3,5x,1000.0,S5_CityCalib,routine,M_routine,800,True,2,1131.8,1141.4,0.0,0.0,1.0,23,23000002048
City-A,T3,5x,1000.0,S5_CityCalib,cross_regime,M_stress,800,True,2,1131.8,748.6,251.4,0.3386,0.0,23,23000002048
City-A,T3,5x,1000.0,S6_Q10,routine,M_routine,800,True,2,1117.7,1141.4,0.0,0.0,1.0,23,23000002048
City-A,T3,5x,1000.0,S6_Q10,cross_regime,M_stress,800,True,2,1117.7,748.6,251.4,0.3302,0.0,23,23000002048
City-A,T3,10x,2000.0,S0a_RoutineOracle,routine,M_routine,800,True,4,2181.2,2181.2,0.0,0.0,1.0,23,23000002048
City-A,T3,10x,2000.0,S0a_RoutineOracle,cross_regime,M_stress,800,True,4,2181.2,1431.1,568.9,0.3439,0.0,23,23000002048
City-A,T3,10x,2000.0,S0b_StressOracle,routine,M_routine,800,True,6,2062.9,3149.2,0.0,0.0,1.0,23,23000002048
City-A,T3,10x,2000.0,S0b_StressOracle,cross_regime,M_stress,800,True,6,2062.9,2062.9,0.0,0.0,1.0,23,23000002048
City-A,T3,10x,2000.0,S1_CapRR,routine,M_routine,800,True,4,2175.3,2181.2,0.0,0.0,1.0,23,23000002048
City-A,T3,10x,2000.0,S1_CapRR,cross_regime,M_stress,800,True,4,2175.3,1431.1,568.9,0.3421,0.0,23,23000002048
City-A,T3,10x,2000.0,S2_Platform,routine,M_routine,800,True,6,2357.9,3106.9,0.0,0.0,1.0,23,23000002048
City-A,T3,10x,2000.0,S2_Platform,cross_regime,M_stress,800,True,6,2357.9,2036.7,0.0,0.1362,1.0,23,23000002048
City-A,T3,10x,2000.0,S3_Lin4,routine,M_routine,800,True,4,2358.4,2133.7,0.0,0.0953,1.0,23,23000002048
City-A,T3,10x,2000.0,S3_Lin4,cross_regime,M_stress,800,True,4,2358.4,1399.6,600.4,0.4065,0.0,23,23000002048
City-A,T3,10x,2000.0,S4_GlobalCalib,routine,M_routine,800,True,4,2159.9,2181.2,0.0,0.0,1.0,23,23000002048
City-A,T3,10x,2000.0,S4_GlobalCalib,cross_regime,M_stress,800,True,4,2159.9,1431.1,568.9,0.3374,0.0,23,23000002048
City-A,T3,10x,2000.0,S5_CityCalib,routine,M_routine,800,True,4,2163.3,2181.2,0.0,0.0,1.0,23,23000002048
City-A,T3,10x,2000.0,S5_CityCalib,cross_regime,M_stress,800,True,4,2163.3,1431.1,568.9,0.3384,0.0,23,23000002048
City-A,T3,10x,2000.0,S6_Q10,routine,M_routine,800,True,4,2136.3,2181.2,0.0,0.0,1.0,23,23000002048
City-A,T3,10x,2000.0,S6_Q10,cross_regime,M_stress,800,True,4,2136.3,1431.1,568.9,0.3301,0.0,23,23000002048
City-A,T4,1x,140.0,S0a_RoutineOracle,routine,M_routine,800,True,1,681.1,681.1,0.0,0.0,1.0,23,23000002048
City-A,T4,1x,140.0,S0a_RoutineOracle,cross_regime,M_stress,800,True,1,681.1,445.1,0.0,0.3464,1.0,23,23000002048
City-A,T4,1x,140.0,S0b_StressOracle,routine,M_routine,800,True,1,445.1,681.1,0.0,0.0,1.0,23,23000002048
City-A,T4,1x,140.0,S0b_StressOracle,cross_regime,M_stress,800,True,1,445.1,445.1,0.0,0.0,1.0,23,23000002048
City-A,T4,1x,140.0,S1_CapRR,routine,M_routine,800,True,1,678.2,681.1,0.0,0.0,1.0,23,23000002048
City-A,T4,1x,140.0,S1_CapRR,cross_regime,M_stress,800,True,1,678.2,445.1,0.0,0.3436,1.0,23,23000002048
City-A,T4,1x,140.0,S2_Platform,routine,M_routine,800,True,1,299.2,612.5,0.0,0.0,1.0,23,23000002048
City-A,T4,1x,140.0,S2_Platform,cross_regime,M_stress,800,True,1,299.2,404.1,0.0,0.0,1.0,23,23000002048
City-A,T4,1x,140.0,S3_Lin4,routine,M_routine,800,True,1,728.6,681.1,0.0,0.0653,1.0,23,23000002048
City-A,T4,1x,140.0,S3_Lin4,cross_regime,M_stress,800,True,1,728.6,445.1,0.0,0.3891,1.0,23,23000002048
City-A,T4,1x,140.0,S4_GlobalCalib,routine,M_routine,800,True,1,672.5,681.1,0.0,0.0,1.0,23,23000002048
City-A,T4,1x,140.0,S4_GlobalCalib,cross_regime,M_stress,800,True,1,672.5,445.1,0.0,0.3381,1.0,23,23000002048
City-A,T4,1x,140.0,S5_CityCalib,routine,M_routine,800,True,1,674.0,681.1,0.0,0.0,1.0,23,23000002048
City-A,T4,1x,140.0,S5_CityCalib,cross_regime,M_stress,800,True,1,674.0,445.1,0.0,0.3396,1.0,23,23000002048
City-A,T4,1x,140.0,S6_Q10,routine,M_routine,800,True,1,665.9,681.1,0.0,0.0,1.0,23,23000002048
City-A,T4,1x,140.0,S6_Q10,cross_regime,M_stress,800,True,1,665.9,445.1,0.0,0.3315,1.0,23,23000002048
City-A,T4,2x,280.0,S0a_RoutineOracle,routine,M_routine,800,True,1,681.1,681.1,0.0,0.0,1.0,23,23000002048
City-A,T4,2x,280.0,S0a_RoutineOracle,cross_regime,M_stress,800,True,1,681.1,445.1,0.0,0.3464,1.0,23,23000002048
City-A,T4,2x,280.0,S0b_StressOracle,routine,M_routine,800,True,1,445.1,681.1,0.0,0.0,1.0,23,23000002048
City-A,T4,2x,280.0,S0b_StressOracle,cross_regime,M_stress,800,True,1,445.1,445.1,0.0,0.0,1.0,23,23000002048
City-A,T4,2x,280.0,S1_CapRR,routine,M_routine,800,True,1,678.2,681.1,0.0,0.0,1.0,23,23000002048
City-A,T4,2x,280.0,S1_CapRR,cross_regime,M_stress,800,True,1,678.2,445.1,0.0,0.3436,1.0,23,23000002048
City-A,T4,2x,280.0,S2_Platform,routine,M_routine,800,True,1,299.2,612.5,0.0,0.0,1.0,23,23000002048
City-A,T4,2x,280.0,S2_Platform,cross_regime,M_stress,800,True,1,299.2,404.1,0.0,0.0,1.0,23,23000002048
City-A,T4,2x,280.0,S3_Lin4,routine,M_routine,800,True,1,728.6,681.1,0.0,0.0653,1.0,23,23000002048
City-A,T4,2x,280.0,S3_Lin4,cross_regime,M_stress,800,True,1,728.6,445.1,0.0,0.3891,1.0,23,23000002048
City-A,T4,2x,280.0,S4_GlobalCalib,routine,M_routine,800,True,1,672.5,681.1,0.0,0.0,1.0,23,23000002048
City-A,T4,2x,280.0,S4_GlobalCalib,cross_regime,M_stress,800,True,1,672.5,445.1,0.0,0.3381,1.0,23,23000002048
City-A,T4,2x,280.0,S5_CityCalib,routine,M_routine,800,True,1,674.0,681.1,0.0,0.0,1.0,23,23000002048
City-A,T4,2x,280.0,S5_CityCalib,cross_regime,M_stress,800,True,1,674.0,445.1,0.0,0.3396,1.0,23,23000002048
City-A,T4,2x,280.0,S6_Q10,routine,M_routine,800,True,1,665.9,681.1,0.0,0.0,1.0,23,23000002048
City-A,T4,2x,280.0,S6_Q10,cross_regime,M_stress,800,True,1,665.9,445.1,0.0,0.3315,1.0,23,23000002048
City-A,T4,5x,700.0,S0a_RoutineOracle,routine,M_routine,800,True,2,1293.5,1293.5,0.0,0.0,1.0,23,23000002048
City-A,T4,5x,700.0,S0a_RoutineOracle,cross_regime,M_stress,800,True,2,1293.5,849.2,0.0,0.3435,1.0,23,23000002048
City-A,T4,5x,700.0,S0b_StressOracle,routine,M_routine,800,True,2,849.2,1293.5,0.0,0.0,1.0,23,23000002048
City-A,T4,5x,700.0,S0b_StressOracle,cross_regime,M_stress,800,True,2,849.2,849.2,0.0,0.0,1.0,23,23000002048
City-A,T4,5x,700.0,S1_CapRR,routine,M_routine,800,True,2,1293.4,1293.5,0.0,0.0,1.0,23,23000002048
City-A,T4,5x,700.0,S1_CapRR,cross_regime,M_stress,800,True,2,1293.4,849.2,0.0,0.3434,1.0,23,23000002048
City-A,T4,5x,700.0,S2_Platform,routine,M_routine,800,True,3,870.0,1564.2,0.0,0.0,1.0,23,23000002048
City-A,T4,5x,700.0,S2_Platform,cross_regime,M_stress,800,True,3,870.0,1027.4,0.0,0.0,1.0,23,23000002048
City-A,T4,5x,700.0,S3_Lin4,routine,M_routine,800,True,1,728.6,681.1,18.9,0.0653,0.0,23,23000002048
City-A,T4,5x,700.0,S3_Lin4,cross_regime,M_stress,800,True,1,728.6,445.1,254.9,0.3891,0.0,23,23000002048
City-A,T4,5x,700.0,S4_GlobalCalib,routine,M_routine,800,True,2,1282.5,1293.5,0.0,0.0,1.0,23,23000002048
City-A,T4,5x,700.0,S4_GlobalCalib,cross_regime,M_stress,800,True,2,1282.5,849.2,0.0,0.3378,1.0,23,23000002048
City-A,T4,5x,700.0,S5_CityCalib,routine,M_routine,800,True,2,1285.5,1293.5,0.0,0.0,1.0,23,23000002048
City-A,T4,5x,700.0,S5_CityCalib,cross_regime,M_stress,800,True,2,1285.5,849.2,0.0,0.3394,1.0,23,23000002048
City-A,T4,5x,700.0,S6_Q10,routine,M_routine,800,True,2,1269.9,1293.5,0.0,0.0,1.0,23,23000002048
City-A,T4,5x,700.0,S6_Q10,cross_regime,M_stress,800,True,2,1269.9,849.2,0.0,0.3313,1.0,23,23000002048
City-A,T4,10x,1400.0,S0a_RoutineOracle,routine,M_routine,800,True,3,1891.6,1891.6,0.0,0.0,1.0,23,23000002048
City-A,T4,10x,1400.0,S0a_RoutineOracle,cross_regime,M_stress,800,True,3,1891.6,1239.8,160.2,0.3446,0.0,23,23000002048
City-A,T4,10x,1400.0,S0b_StressOracle,routine,M_routine,800,True,4,1623.3,2475.6,0.0,0.0,1.0,23,23000002048
City-A,T4,10x,1400.0,S0b_StressOracle,cross_regime,M_stress,800,True,4,1623.3,1623.3,0.0,0.0,1.0,23,23000002048
City-A,T4,10x,1400.0,S1_CapRR,routine,M_routine,800,True,3,1889.7,1891.6,0.0,0.0,1.0,23,23000002048
City-A,T4,10x,1400.0,S1_CapRR,cross_regime,M_stress,800,True,3,1889.7,1239.8,160.2,0.3439,0.0,23,23000002048
City-A,T4,10x,1400.0,S2_Platform,routine,M_routine,800,True,5,1424.2,2423.7,0.0,0.0,1.0,23,23000002048
City-A,T4,10x,1400.0,S2_Platform,cross_regime,M_stress,800,True,5,1424.2,1588.9,0.0,0.0,1.0,23,23000002048
City-A,T4,10x,1400.0,S3_Lin4,routine,M_routine,800,True,3,1867.5,1809.7,0.0,0.031,1.0,23,23000002048
City-A,T4,10x,1400.0,S3_Lin4,cross_regime,M_stress,800,True,3,1867.5,1182.4,217.6,0.3668,0.0,23,23000002048
City-A,T4,10x,1400.0,S4_GlobalCalib,routine,M_routine,800,True,3,1873.9,1891.6,0.0,0.0,1.0,23,23000002048
City-A,T4,10x,1400.0,S4_GlobalCalib,cross_regime,M_stress,800,True,3,1873.9,1239.8,160.2,0.3384,0.0,23,23000002048
City-A,T4,10x,1400.0,S5_CityCalib,routine,M_routine,800,True,3,1878.3,1891.6,0.0,0.0,1.0,23,23000002048
City-A,T4,10x,1400.0,S5_CityCalib,cross_regime,M_stress,800,True,3,1878.3,1239.8,160.2,0.3399,0.0,23,23000002048
City-A,T4,10x,1400.0,S6_Q10,routine,M_routine,800,True,3,1855.4,1891.6,0.0,0.0,1.0,23,23000002048
City-A,T4,10x,1400.0,S6_Q10,cross_regime,M_stress,800,True,3,1855.4,1239.8,160.2,0.3318,0.0,23,23000002048
City-A,T5,1x,160.0,S0a_RoutineOracle,routine,M_routine,800,True,1,600.3,600.3,0.0,0.0,1.0,23,23000002048
City-A,T5,1x,160.0,S0a_RoutineOracle,cross_regime,M_stress,800,True,1,600.3,391.7,0.0,0.3474,1.0,23,23000002048
City-A,T5,1x,160.0,S0b_StressOracle,routine,M_routine,800,True,1,391.7,600.3,0.0,0.0,1.0,23,23000002048
City-A,T5,1x,160.0,S0b_StressOracle,cross_regime,M_stress,800,True,1,391.7,391.7,0.0,0.0,1.0,23,23000002048
City-A,T5,1x,160.0,S1_CapRR,routine,M_routine,800,True,1,596.8,600.3,0.0,0.0,1.0,23,23000002048
City-A,T5,1x,160.0,S1_CapRR,cross_regime,M_stress,800,True,1,596.8,391.7,0.0,0.3436,1.0,23,23000002048
City-A,T5,1x,160.0,S2_Platform,routine,M_routine,800,True,1,485.5,600.3,0.0,0.0,1.0,23,23000002048
City-A,T5,1x,160.0,S2_Platform,cross_regime,M_stress,800,True,1,485.5,391.7,0.0,0.1932,1.0,23,23000002048
City-A,T5,1x,160.0,S3_Lin4,routine,M_routine,800,True,1,725.0,600.3,0.0,0.172,1.0,23,23000002048
City-A,T5,1x,160.0,S3_Lin4,cross_regime,M_stress,800,True,1,725.0,391.7,0.0,0.4597,1.0,23,23000002048
City-A,T5,1x,160.0,S4_GlobalCalib,routine,M_routine,800,True,1,592.5,600.3,0.0,0.0,1.0,23,23000002048
City-A,T5,1x,160.0,S4_GlobalCalib,cross_regime,M_stress,800,True,1,592.5,391.7,0.0,0.3389,1.0,23,23000002048
City-A,T5,1x,160.0,S5_CityCalib,routine,M_routine,800,True,1,593.7,600.3,0.0,0.0,1.0,23,23000002048
City-A,T5,1x,160.0,S5_CityCalib,cross_regime,M_stress,800,True,1,593.7,391.7,0.0,0.3402,1.0,23,23000002048
City-A,T5,1x,160.0,S6_Q10,routine,M_routine,800,True,1,586.2,600.3,0.0,0.0,1.0,23,23000002048
City-A,T5,1x,160.0,S6_Q10,cross_regime,M_stress,800,True,1,586.2,391.7,0.0,0.3317,1.0,23,23000002048
City-A,T5,2x,320.0,S0a_RoutineOracle,routine,M_routine,800,True,1,600.3,600.3,0.0,0.0,1.0,23,23000002048
City-A,T5,2x,320.0,S0a_RoutineOracle,cross_regime,M_stress,800,True,1,600.3,391.7,0.0,0.3474,1.0,23,23000002048
City-A,T5,2x,320.0,S0b_StressOracle,routine,M_routine,800,True,1,391.7,600.3,0.0,0.0,1.0,23,23000002048
City-A,T5,2x,320.0,S0b_StressOracle,cross_regime,M_stress,800,True,1,391.7,391.7,0.0,0.0,1.0,23,23000002048
City-A,T5,2x,320.0,S1_CapRR,routine,M_routine,800,True,1,596.8,600.3,0.0,0.0,1.0,23,23000002048
City-A,T5,2x,320.0,S1_CapRR,cross_regime,M_stress,800,True,1,596.8,391.7,0.0,0.3436,1.0,23,23000002048
City-A,T5,2x,320.0,S2_Platform,routine,M_routine,800,True,1,485.5,600.3,0.0,0.0,1.0,23,23000002048
City-A,T5,2x,320.0,S2_Platform,cross_regime,M_stress,800,True,1,485.5,391.7,0.0,0.1932,1.0,23,23000002048
City-A,T5,2x,320.0,S3_Lin4,routine,M_routine,800,True,1,725.0,600.3,0.0,0.172,1.0,23,23000002048
City-A,T5,2x,320.0,S3_Lin4,cross_regime,M_stress,800,True,1,725.0,391.7,0.0,0.4597,1.0,23,23000002048
City-A,T5,2x,320.0,S4_GlobalCalib,routine,M_routine,800,True,1,592.5,600.3,0.0,0.0,1.0,23,23000002048
City-A,T5,2x,320.0,S4_GlobalCalib,cross_regime,M_stress,800,True,1,592.5,391.7,0.0,0.3389,1.0,23,23000002048
City-A,T5,2x,320.0,S5_CityCalib,routine,M_routine,800,True,1,593.7,600.3,0.0,0.0,1.0,23,23000002048
City-A,T5,2x,320.0,S5_CityCalib,cross_regime,M_stress,800,True,1,593.7,391.7,0.0,0.3402,1.0,23,23000002048
City-A,T5,2x,320.0,S6_Q10,routine,M_routine,800,True,1,586.2,600.3,0.0,0.0,1.0,23,23000002048
City-A,T5,2x,320.0,S6_Q10,cross_regime,M_stress,800,True,1,586.2,391.7,0.0,0.3317,1.0,23,23000002048
City-A,T5,5x,800.0,S0a_RoutineOracle,routine,M_routine,800,True,2,1144.0,1144.0,0.0,0.0,1.0,23,23000002048
City-A,T5,5x,800.0,S0a_RoutineOracle,cross_regime,M_stress,800,True,2,1144.0,746.7,53.3,0.3473,0.0,23,23000002048
City-A,T5,5x,800.0,S0b_StressOracle,routine,M_routine,800,True,3,1091.5,1670.8,0.0,0.0,1.0,23,23000002048
City-A,T5,5x,800.0,S0b_StressOracle,cross_regime,M_stress,800,True,3,1091.5,1091.5,0.0,0.0,1.0,23,23000002048
City-A,T5,5x,800.0,S1_CapRR,routine,M_routine,800,True,2,1138.1,1144.0,0.0,0.0,1.0,23,23000002048
City-A,T5,5x,800.0,S1_CapRR,cross_regime,M_stress,800,True,2,1138.1,746.7,53.3,0.3439,0.0,23,23000002048
City-A,T5,5x,800.0,S2_Platform,routine,M_routine,800,True,2,897.6,1099.9,0.0,0.0,1.0,23,23000002048
City-A,T5,5x,800.0,S2_Platform,cross_regime,M_stress,800,True,2,897.6,717.2,82.8,0.2009,0.0,23,23000002048
City-A,T5,5x,800.0,S3_Lin4,routine,M_routine,800,True,2,1285.7,1127.0,0.0,0.1234,1.0,23,23000002048
City-A,T5,5x,800.0,S3_Lin4,cross_regime,M_stress,800,True,2,1285.7,736.5,63.5,0.4272,0.0,23,23000002048
City-A,T5,5x,800.0,S4_GlobalCalib,routine,M_routine,800,True,2,1130.1,1144.0,0.0,0.0,1.0,23,23000002048
City-A,T5,5x,800.0,S4_GlobalCalib,cross_regime,M_stress,800,True,2,1130.1,746.7,53.3,0.3392,0.0,23,23000002048
City-A,T5,5x,800.0,S5_CityCalib,routine,M_routine,800,True,2,1132.3,1144.0,0.0,0.0,1.0,23,23000002048
City-A,T5,5x,800.0,S5_CityCalib,cross_regime,M_stress,800,True,2,1132.3,746.7,53.3,0.3405,0.0,23,23000002048
City-A,T5,5x,800.0,S6_Q10,routine,M_routine,800,True,2,1117.9,1144.0,0.0,0.0,1.0,23,23000002048
City-A,T5,5x,800.0,S6_Q10,cross_regime,M_stress,800,True,2,1117.9,746.7,53.3,0.332,0.0,23,23000002048
City-A,T5,10x,1600.0,S0a_RoutineOracle,routine,M_routine,800,True,3,1670.8,1670.8,0.0,0.0,1.0,23,23000002048
City-A,T5,10x,1600.0,S0a_RoutineOracle,cross_regime,M_stress,800,True,3,1670.8,1091.5,508.5,0.3467,0.0,23,23000002048
City-A,T5,10x,1600.0,S0b_StressOracle,routine,M_routine,800,True,5,1753.2,2686.0,0.0,0.0,1.0,23,23000002048
City-A,T5,10x,1600.0,S0b_StressOracle,cross_regime,M_stress,800,True,5,1753.2,1753.2,0.0,0.0,1.0,23,23000002048
City-A,T5,10x,1600.0,S1_CapRR,routine,M_routine,800,True,3,1662.9,1670.8,0.0,0.0,1.0,23,23000002048
City-A,T5,10x,1600.0,S1_CapRR,cross_regime,M_stress,800,True,3,1662.9,1091.5,508.5,0.3436,0.0,23,23000002048
City-A,T5,10x,1600.0,S2_Platform,routine,M_routine,800,True,4,1696.8,2142.2,0.0,0.0,1.0,23,23000002048
City-A,T5,10x,1600.0,S2_Platform,cross_regime,M_stress,800,True,4,1696.8,1398.2,201.8,0.176,0.0,23,23000002048
City-A,T5,10x,1600.0,S3_Lin4,routine,M_routine,800,True,3,1841.6,1594.8,5.2,0.134,0.0,23,23000002048
City-A,T5,10x,1600.0,S3_Lin4,cross_regime,M_stress,800,True,3,1841.6,1041.4,558.6,0.4345,0.0,23,23000002048
City-A,T5,10x,1600.0,S4_GlobalCalib,routine,M_routine,800,True,3,1651.1,1670.8,0.0,0.0,1.0,23,23000002048
City-A,T5,10x,1600.0,S4_GlobalCalib,cross_regime,M_stress,800,True,3,1651.1,1091.5,508.5,0.3389,0.0,23,23000002048
City-A,T5,10x,1600.0,S5_CityCalib,routine,M_routine,800,True,3,1654.3,1670.8,0.0,0.0,1.0,23,23000002048
City-A,T5,10x,1600.0,S5_CityCalib,cross_regime,M_stress,800,True,3,1654.3,1091.5,508.5,0.3402,0.0,23,23000002048
City-A,T5,10x,1600.0,S6_Q10,routine,M_routine,800,True,3,1633.3,1670.8,0.0,0.0,1.0,23,23000002048
City-A,T5,10x,1600.0,S6_Q10,cross_regime,M_stress,800,True,3,1633.3,1091.5,508.5,0.3317,0.0,23,23000002048
City-B,T1,1x,180.0,S0a_RoutineOracle,routine,M_routine,500,True,1,834.6,834.6,0.0,0.0,1.0,23,23000002048
City-B,T1,1x,180.0,S0a_RoutineOracle,cross_regime,M_stress,500,True,1,834.6,544.5,0.0,0.3475,1.0,23,23000002048
City-B,T1,1x,180.0,S0b_StressOracle,routine,M_routine,500,True,1,544.5,834.6,0.0,0.0,1.0,23,23000002048
City-B,T1,1x,180.0,S0b_StressOracle,cross_regime,M_stress,500,True,1,544.5,544.5,0.0,0.0,1.0,23,23000002048
City-B,T1,1x,180.0,S1_CapRR,routine,M_routine,500,True,1,846.0,834.6,0.0,0.0135,1.0,23,23000002048
City-B,T1,1x,180.0,S1_CapRR,cross_regime,M_stress,500,True,1,846.0,544.5,0.0,0.3563,1.0,23,23000002048
City-B,T1,1x,180.0,S2_Platform,routine,M_routine,500,True,1,561.1,787.8,0.0,0.0,1.0,23,23000002048
City-B,T1,1x,180.0,S2_Platform,cross_regime,M_stress,500,True,1,561.1,515.1,0.0,0.0821,1.0,23,23000002048
City-B,T1,1x,180.0,S3_Lin4,routine,M_routine,500,True,1,694.7,805.0,0.0,0.0,1.0,23,23000002048
City-B,T1,1x,180.0,S3_Lin4,cross_regime,M_stress,500,True,1,694.7,526.8,0.0,0.2417,1.0,23,23000002048
City-B,T1,1x,180.0,S4_GlobalCalib,routine,M_routine,500,True,1,842.7,834.6,0.0,0.0096,1.0,23,23000002048
City-B,T1,1x,180.0,S4_GlobalCalib,cross_regime,M_stress,500,True,1,842.7,544.5,0.0,0.3538,1.0,23,23000002048
City-B,T1,1x,180.0,S5_CityCalib,routine,M_routine,500,True,1,841.9,834.6,0.0,0.0087,1.0,23,23000002048
City-B,T1,1x,180.0,S5_CityCalib,cross_regime,M_stress,500,True,1,841.9,544.5,0.0,0.3532,1.0,23,23000002048
City-B,T1,1x,180.0,S6_Q10,routine,M_routine,500,True,1,833.4,834.6,0.0,0.0,1.0,23,23000002048
City-B,T1,1x,180.0,S6_Q10,cross_regime,M_stress,500,True,1,833.4,544.5,0.0,0.3466,1.0,23,23000002048
City-B,T1,2x,360.0,S0a_RoutineOracle,routine,M_routine,500,True,1,834.6,834.6,0.0,0.0,1.0,23,23000002048
City-B,T1,2x,360.0,S0a_RoutineOracle,cross_regime,M_stress,500,True,1,834.6,544.5,0.0,0.3475,1.0,23,23000002048
City-B,T1,2x,360.0,S0b_StressOracle,routine,M_routine,500,True,1,544.5,834.6,0.0,0.0,1.0,23,23000002048
City-B,T1,2x,360.0,S0b_StressOracle,cross_regime,M_stress,500,True,1,544.5,544.5,0.0,0.0,1.0,23,23000002048
City-B,T1,2x,360.0,S1_CapRR,routine,M_routine,500,True,1,846.0,834.6,0.0,0.0135,1.0,23,23000002048
City-B,T1,2x,360.0,S1_CapRR,cross_regime,M_stress,500,True,1,846.0,544.5,0.0,0.3563,1.0,23,23000002048
City-B,T1,2x,360.0,S2_Platform,routine,M_routine,500,True,1,561.1,787.8,0.0,0.0,1.0,23,23000002048
City-B,T1,2x,360.0,S2_Platform,cross_regime,M_stress,500,True,1,561.1,515.1,0.0,0.0821,1.0,23,23000002048
City-B,T1,2x,360.0,S3_Lin4,routine,M_routine,500,True,1,694.7,805.0,0.0,0.0,1.0,23,23000002048
City-B,T1,2x,360.0,S3_Lin4,cross_regime,M_stress,500,True,1,694.7,526.8,0.0,0.2417,1.0,23,23000002048
City-B,T1,2x,360.0,S4_GlobalCalib,routine,M_routine,500,True,1,842.7,834.6,0.0,0.0096,1.0,23,23000002048
City-B,T1,2x,360.0,S4_GlobalCalib,cross_regime,M_stress,500,True,1,842.7,544.5,0.0,0.3538,1.0,23,23000002048
City-B,T1,2x,360.0,S5_CityCalib,routine,M_routine,500,True,1,841.9,834.6,0.0,0.0087,1.0,23,23000002048
City-B,T1,2x,360.0,S5_CityCalib,cross_regime,M_stress,500,True,1,841.9,544.5,0.0,0.3532,1.0,23,23000002048
City-B,T1,2x,360.0,S6_Q10,routine,M_routine,500,True,1,833.4,834.6,0.0,0.0,1.0,23,23000002048
City-B,T1,2x,360.0,S6_Q10,cross_regime,M_stress,500,True,1,833.4,544.5,0.0,0.3466,1.0,23,23000002048
City-B,T1,5x,900.0,S0a_RoutineOracle,routine,M_routine,500,True,2,1664.8,1664.8,0.0,0.0,1.0,23,23000002048
City-B,T1,5x,900.0,S0a_RoutineOracle,cross_regime,M_stress,500,True,2,1664.8,1087.1,0.0,0.347,1.0,23,23000002048
City-B,T1,5x,900.0,S0b_StressOracle,routine,M_routine,500,True,2,1087.1,1664.8,0.0,0.0,1.0,23,23000002048
City-B,T1,5x,900.0,S0b_StressOracle,cross_regime,M_stress,500,True,2,1087.1,1087.1,0.0,0.0,1.0,23,23000002048
City-B,T1,5x,900.0,S1_CapRR,routine,M_routine,500,True,2,1688.0,1664.8,0.0,0.0137,1.0,23,23000002048
City-B,T1,5x,900.0,S1_CapRR,cross_regime,M_stress,500,True,2,1688.0,1087.1,0.0,0.356,1.0,23,23000002048
City-B,T1,5x,900.0,S2_Platform,routine,M_routine,500,True,2,1112.3,1592.9,0.0,0.0,1.0,23,23000002048
City-B,T1,5x,900.0,S2_Platform,cross_regime,M_stress,500,True,2,1112.3,1041.9,0.0,0.0633,1.0,23,23000002048
City-B,T1,5x,900.0,S3_Lin4,routine,M_routine,500,True,2,1380.1,1592.9,0.0,0.0,1.0,23,23000002048
City-B,T1,5x,900.0,S3_Lin4,cross_regime,M_stress,500,True,2,1380.1,1041.9,0.0,0.245,1.0,23,23000002048
City-B,T1,5x,900.0,S4_GlobalCalib,routine,M_routine,500,True,2,1681.4,1664.8,0.0,0.0099,1.0,23,23000002048
City-B,T1,5x,900.0,S4_GlobalCalib,cross_regime,M_stress,500,True,2,1681.4,1087.1,0.0,0.3534,1.0,23,23000002048
City-B,T1,5x,900.0,S5_CityCalib,routine,M_routine,500,True,2,1679.7,1664.8,0.0,0.0089,1.0,23,23000002048
City-B,T1,5x,900.0,S5_CityCalib,cross_regime,M_stress,500,True,2,1679.7,1087.1,0.0,0.3528,1.0,23,23000002048
City-B,T1,5x,900.0,S6_Q10,routine,M_routine,500,True,2,1662.9,1664.8,0.0,0.0,1.0,23,23000002048
City-B,T1,5x,900.0,S6_Q10,cross_regime,M_stress,500,True,2,1662.9,1087.1,0.0,0.3462,1.0,23,23000002048
City-B,T1,10x,1800.0,S0a_RoutineOracle,routine,M_routine,500,True,3,2469.8,2469.8,0.0,0.0,1.0,23,23000002048
City-B,T1,10x,1800.0,S0a_RoutineOracle,cross_regime,M_stress,500,True,3,2469.8,1613.9,186.1,0.3465,0.0,23,23000002048
City-B,T1,10x,1800.0,S0b_StressOracle,routine,M_routine,500,True,4,2129.0,3257.7,0.0,0.0,1.0,23,23000002048
City-B,T1,10x,1800.0,S0b_StressOracle,cross_regime,M_stress,500,True,4,2129.0,2129.0,0.0,0.0,1.0,23,23000002048
City-B,T1,10x,1800.0,S1_CapRR,routine,M_routine,500,True,3,2504.5,2469.8,0.0,0.0138,1.0,23,23000002048
City-B,T1,10x,1800.0,S1_CapRR,cross_regime,M_stress,500,True,3,2504.5,1613.9,186.1,0.3556,0.0,23,23000002048
City-B,T1,10x,1800.0,S2_Platform,routine,M_routine,500,True,4,2163.2,3257.7,0.0,0.0,1.0,23,23000002048
City-B,T1,10x,1800.0,S2_Platform,cross_regime,M_stress,500,True,4,2163.2,2129.0,0.0,0.0158,1.0,23,23000002048
City-B,T1,10x,1800.0,S3_Lin4,routine,M_routine,500,True,3,2060.2,2427.5,0.0,0.0,1.0,23,23000002048
City-B,T1,10x,1800.0,S3_Lin4,cross_regime,M_stress,500,True,3,2060.2,1586.5,213.5,0.23,0.0,23,23000002048
City-B,T1,10x,1800.0,S4_GlobalCalib,routine,M_routine,500,True,3,2494.7,2469.8,0.0,0.01,1.0,23,23000002048
City-B,T1,10x,1800.0,S4_GlobalCalib,cross_regime,M_stress,500,True,3,2494.7,1613.9,186.1,0.3531,0.0,23,23000002048
City-B,T1,10x,1800.0,S5_CityCalib,routine,M_routine,500,True,3,2492.3,2469.8,0.0,0.009,1.0,23,23000002048
City-B,T1,10x,1800.0,S5_CityCalib,cross_regime,M_stress,500,True,3,2492.3,1613.9,186.1,0.3524,0.0,23,23000002048
City-B,T1,10x,1800.0,S6_Q10,routine,M_routine,500,True,3,2467.2,2469.8,0.0,0.0,1.0,23,23000002048
City-B,T1,10x,1800.0,S6_Q10,cross_regime,M_stress,500,True,3,2467.2,1613.9,186.1,0.3459,0.0,23,23000002048
City-B,T2,1x,260.0,S0a_RoutineOracle,routine,M_routine,500,True,1,835.9,835.9,0.0,0.0,1.0,23,23000002048
City-B,T2,1x,260.0,S0a_RoutineOracle,cross_regime,M_stress,500,True,1,835.9,546.3,0.0,0.3464,1.0,23,23000002048
City-B,T2,1x,260.0,S0b_StressOracle,routine,M_routine,500,True,1,546.3,835.9,0.0,0.0,1.0,23,23000002048
City-B,T2,1x,260.0,S0b_StressOracle,cross_regime,M_stress,500,True,1,546.3,546.3,0.0,0.0,1.0,23,23000002048
City-B,T2,1x,260.0,S1_CapRR,routine,M_routine,500,True,1,846.0,835.9,0.0,0.012,1.0,23,23000002048
City-B,T2,1x,260.0,S1_CapRR,cross_regime,M_stress,500,True,1,846.0,546.3,0.0,0.3543,1.0,23,23000002048
City-B,T2,1x,260.0,S2_Platform,routine,M_routine,500,True,1,557.0,721.8,0.0,0.0,1.0,23,23000002048
City-B,T2,1x,260.0,S2_Platform,cross_regime,M_stress,500,True,1,557.0,515.1,0.0,0.0753,1.0,23,23000002048
City-B,T2,1x,260.0,S3_Lin4,routine,M_routine,500,True,1,694.9,805.8,0.0,0.0,1.0,23,23000002048
City-B,T2,1x,260.0,S3_Lin4,cross_regime,M_stress,500,True,1,694.9,528.7,0.0,0.2393,1.0,23,23000002048
City-B,T2,1x,260.0,S4_GlobalCalib,routine,M_routine,500,True,1,842.6,835.9,0.0,0.008,1.0,23,23000002048
City-B,T2,1x,260.0,S4_GlobalCalib,cross_regime,M_stress,500,True,1,842.6,546.3,0.0,0.3517,1.0,23,23000002048
City-B,T2,1x,260.0,S5_CityCalib,routine,M_routine,500,True,1,842.2,835.9,0.0,0.0075,1.0,23,23000002048
City-B,T2,1x,260.0,S5_CityCalib,cross_regime,M_stress,500,True,1,842.2,546.3,0.0,0.3513,1.0,23,23000002048
City-B,T2,1x,260.0,S6_Q10,routine,M_routine,500,True,1,832.4,835.9,0.0,0.0,1.0,23,23000002048
City-B,T2,1x,260.0,S6_Q10,cross_regime,M_stress,500,True,1,832.4,546.3,0.0,0.3437,1.0,23,23000002048
City-B,T2,2x,520.0,S0a_RoutineOracle,routine,M_routine,500,True,1,835.9,835.9,0.0,0.0,1.0,23,23000002048
City-B,T2,2x,520.0,S0a_RoutineOracle,cross_regime,M_stress,500,True,1,835.9,546.3,0.0,0.3464,1.0,23,23000002048
City-B,T2,2x,520.0,S0b_StressOracle,routine,M_routine,500,True,1,546.3,835.9,0.0,0.0,1.0,23,23000002048
City-B,T2,2x,520.0,S0b_StressOracle,cross_regime,M_stress,500,True,1,546.3,546.3,0.0,0.0,1.0,23,23000002048
City-B,T2,2x,520.0,S1_CapRR,routine,M_routine,500,True,1,846.0,835.9,0.0,0.012,1.0,23,23000002048
City-B,T2,2x,520.0,S1_CapRR,cross_regime,M_stress,500,True,1,846.0,546.3,0.0,0.3543,1.0,23,23000002048
City-B,T2,2x,520.0,S2_Platform,routine,M_routine,500,True,1,557.0,721.8,0.0,0.0,1.0,23,23000002048
City-B,T2,2x,520.0,S2_Platform,cross_regime,M_stress,500,True,1,557.0,515.1,4.9,0.0753,0.0,23,23000002048
City-B,T2,2x,520.0,S3_Lin4,routine,M_routine,500,True,1,694.9,805.8,0.0,0.0,1.0,23,23000002048
City-B,T2,2x,520.0,S3_Lin4,cross_regime,M_stress,500,True,1,694.9,528.7,0.0,0.2393,1.0,23,23000002048
City-B,T2,2x,520.0,S4_GlobalCalib,routine,M_routine,500,True,1,842.6,835.9,0.0,0.008,1.0,23,23000002048
City-B,T2,2x,520.0,S4_GlobalCalib,cross_regime,M_stress,500,True,1,842.6,546.3,0.0,0.3517,1.0,23,23000002048
City-B,T2,2x,520.0,S5_CityCalib,routine,M_routine,500,True,1,842.2,835.9,0.0,0.0075,1.0,23,23000002048
City-B,T2,2x,520.0,S5_CityCalib,cross_regime,M_stress,500,True,1,842.2,546.3,0.0,0.3513,1.0,23,23000002048
City-B,T2,2x,520.0,S6_Q10,routine,M_routine,500,True,1,832.4,835.9,0.0,0.0,1.0,23,23000002048
City-B,T2,2x,520.0,S6_Q10,cross_regime,M_stress,500,True,1,832.4,546.3,0.0,0.3437,1.0,23,23000002048
City-B,T2,5x,1300.0,S0a_RoutineOracle,routine,M_routine,500,True,2,1666.8,1666.8,0.0,0.0,1.0,23,23000002048
City-B,T2,5x,1300.0,S0a_RoutineOracle,cross_regime,M_stress,500,True,2,1666.8,1087.5,212.5,0.3476,0.0,23,23000002048
City-B,T2,5x,1300.0,S0b_StressOracle,routine,M_routine,500,True,3,1616.1,2472.6,0.0,0.0,1.0,23,23000002048
City-B,T2,5x,1300.0,S0b_StressOracle,cross_regime,M_stress,500,True,3,1616.1,1616.1,0.0,0.0,1.0,23,23000002048
City-B,T2,5x,1300.0,S1_CapRR,routine,M_routine,500,True,2,1688.0,1666.8,0.0,0.0125,1.0,23,23000002048
City-B,T2,5x,1300.0,S1_CapRR,cross_regime,M_stress,500,True,2,1688.0,1087.5,212.5,0.3557,0.0,23,23000002048
City-B,T2,5x,1300.0,S2_Platform,routine,M_routine,500,True,3,1630.3,2358.5,0.0,0.0,1.0,23,23000002048
City-B,T2,5x,1300.0,S2_Platform,cross_regime,M_stress,500,True,3,1630.3,1584.9,0.0,0.0278,1.0,23,23000002048
City-B,T2,5x,1300.0,S3_Lin4,routine,M_routine,500,True,2,1380.5,1527.6,0.0,0.0,1.0,23,23000002048
City-B,T2,5x,1300.0,S3_Lin4,cross_regime,M_stress,500,True,2,1380.5,1043.7,256.3,0.2439,0.0,23,23000002048
City-B,T2,5x,1300.0,S4_GlobalCalib,routine,M_routine,500,True,2,1681.2,1666.8,0.0,0.0085,1.0,23,23000002048
City-B,T2,5x,1300.0,S4_GlobalCalib,cross_regime,M_stress,500,True,2,1681.2,1087.5,212.5,0.3531,0.0,23,23000002048
City-B,T2,5x,1300.0,S5_CityCalib,routine,M_routine,500,True,2,1680.3,1666.8,0.0,0.008,1.0,23,23000002048
City-B,T2,5x,1300.0,S5_CityCalib,cross_regime,M_stress,500,True,2,1680.3,1087.5,212.5,0.3528,0.0,23,23000002048
City-B,T2,5x,1300.0,S6_Q10,routine,M_routine,500,True,2,1660.8,1666.8,0.0,0.0,1.0,23,23000002048
City-B,T2,5x,1300.0,S6_Q10,cross_regime,M_stress,500,True,2,1660.8,1087.5,212.5,0.3452,0.0,23,23000002048
City-B,T2,10x,2600.0,S0a_RoutineOracle,routine,M_routine,500,True,4,3194.4,3194.4,0.0,0.0,1.0,23,23000002048
City-B,T2,10x,2600.0,S0a_RoutineOracle,cross_regime,M_stress,500,True,4,3194.4,2131.2,468.8,0.3328,0.0,23,23000002048
City-B,T2,10x,2600.0,S0b_StressOracle,routine,M_routine,500,True,6,2997.3,4517.5,0.0,0.0,1.0,23,23000002048
City-B,T2,10x,2600.0,S0b_StressOracle,cross_regime,M_stress,500,True,6,2997.3,2997.3,0.0,0.0,1.0,23,23000002048
City-B,T2,10x,2600.0,S1_CapRR,routine,M_routine,500,True,4,3303.2,3194.4,0.0,0.033,1.0,23,23000002048
City-B,T2,10x,2600.0,S1_CapRR,cross_regime,M_stress,500,True,4,3303.2,2131.2,468.8,0.3548,0.0,23,23000002048
City-B,T2,10x,2600.0,S2_Platform,routine,M_routine,500,True,6,2974.4,4492.6,0.0,0.0,1.0,23,23000002048
City-B,T2,10x,2600.0,S2_Platform,cross_regime,M_stress,500,True,6,2974.4,2979.5,0.0,0.0,1.0,23,23000002048
City-B,T2,10x,2600.0,S3_Lin4,routine,M_routine,500,True,4,2738.2,3194.4,0.0,0.0,1.0,23,23000002048
City-B,T2,10x,2600.0,S3_Lin4,cross_regime,M_stress,500,True,4,2738.2,2131.2,468.8,0.2217,0.0,23,23000002048
City-B,T2,10x,2600.0,S4_GlobalCalib,routine,M_routine,500,True,4,3290.0,3194.4,0.0,0.0291,1.0,23,23000002048
City-B,T2,10x,2600.0,S4_GlobalCalib,cross_regime,M_stress,500,True,4,3290.0,2131.2,468.8,0.3522,0.0,23,23000002048
City-B,T2,10x,2600.0,S5_CityCalib,routine,M_routine,500,True,4,3288.3,3194.4,0.0,0.0286,1.0,23,23000002048
City-B,T2,10x,2600.0,S5_CityCalib,cross_regime,M_stress,500,True,4,3288.3,2131.2,468.8,0.3519,0.0,23,23000002048
City-B,T2,10x,2600.0,S6_Q10,routine,M_routine,500,True,4,3250.1,3194.4,0.0,0.0171,1.0,23,23000002048
City-B,T2,10x,2600.0,S6_Q10,cross_regime,M_stress,500,True,4,3250.1,2131.2,468.8,0.3443,0.0,23,23000002048
City-B,T3,1x,200.0,S0a_RoutineOracle,routine,M_routine,500,True,1,747.6,747.6,0.0,0.0,1.0,23,23000002048
City-B,T3,1x,200.0,S0a_RoutineOracle,cross_regime,M_stress,500,True,1,747.6,487.6,0.0,0.3478,1.0,23,23000002048
City-B,T3,1x,200.0,S0b_StressOracle,routine,M_routine,500,True,1,487.6,747.6,0.0,0.0,1.0,23,23000002048
City-B,T3,1x,200.0,S0b_StressOracle,cross_regime,M_stress,500,True,1,487.6,487.6,0.0,0.0,1.0,23,23000002048
City-B,T3,1x,200.0,S1_CapRR,routine,M_routine,500,True,1,744.5,747.6,0.0,0.0,1.0,23,23000002048
City-B,T3,1x,200.0,S1_CapRR,cross_regime,M_stress,500,True,1,744.5,487.6,0.0,0.3451,1.0,23,23000002048
City-B,T3,1x,200.0,S2_Platform,routine,M_routine,500,True,1,543.2,743.2,0.0,0.0,1.0,23,23000002048
City-B,T3,1x,200.0,S2_Platform,cross_regime,M_stress,500,True,1,543.2,486.4,0.0,0.1045,1.0,23,23000002048
City-B,T3,1x,200.0,S3_Lin4,routine,M_routine,500,True,1,680.4,721.8,0.0,0.0,1.0,23,23000002048
City-B,T3,1x,200.0,S3_Lin4,cross_regime,M_stress,500,True,1,680.4,471.6,0.0,0.3068,1.0,23,23000002048
City-B,T3,1x,200.0,S4_GlobalCalib,routine,M_routine,500,True,1,739.1,747.6,0.0,0.0,1.0,23,23000002048
City-B,T3,1x,200.0,S4_GlobalCalib,cross_regime,M_stress,500,True,1,739.1,487.6,0.0,0.3403,1.0,23,23000002048
City-B,T3,1x,200.0,S5_CityCalib,routine,M_routine,500,True,1,737.7,747.6,0.0,0.0,1.0,23,23000002048
City-B,T3,1x,200.0,S5_CityCalib,cross_regime,M_stress,500,True,1,737.7,487.6,0.0,0.339,1.0,23,23000002048
City-B,T3,1x,200.0,S6_Q10,routine,M_routine,500,True,1,731.1,747.6,0.0,0.0,1.0,23,23000002048
City-B,T3,1x,200.0,S6_Q10,cross_regime,M_stress,500,True,1,731.1,487.6,0.0,0.3331,1.0,23,23000002048
City-B,T3,2x,400.0,S0a_RoutineOracle,routine,M_routine,500,True,1,747.6,747.6,0.0,0.0,1.0,23,23000002048
City-B,T3,2x,400.0,S0a_RoutineOracle,cross_regime,M_stress,500,True,1,747.6,487.6,0.0,0.3478,1.0,23,23000002048
City-B,T3,2x,400.0,S0b_StressOracle,routine,M_routine,500,True,1,487.6,747.6,0.0,0.0,1.0,23,23000002048
City-B,T3,2x,400.0,S0b_StressOracle,cross_regime,M_stress,500,True,1,487.6,487.6,0.0,0.0,1.0,23,23000002048
City-B,T3,2x,400.0,S1_CapRR,routine,M_routine,500,True,1,744.5,747.6,0.0,0.0,1.0,23,23000002048
City-B,T3,2x,400.0,S1_CapRR,cross_regime,M_stress,500,True,1,744.5,487.6,0.0,0.3451,1.0,23,23000002048
City-B,T3,2x,400.0,S2_Platform,routine,M_routine,500,True,1,543.2,743.2,0.0,0.0,1.0,23,23000002048
City-B,T3,2x,400.0,S2_Platform,cross_regime,M_stress,500,True,1,543.2,486.4,0.0,0.1045,1.0,23,23000002048
City-B,T3,2x,400.0,S3_Lin4,routine,M_routine,500,True,1,680.4,721.8,0.0,0.0,1.0,23,23000002048
City-B,T3,2x,400.0,S3_Lin4,cross_regime,M_stress,500,True,1,680.4,471.6,0.0,0.3068,1.0,23,23000002048
City-B,T3,2x,400.0,S4_GlobalCalib,routine,M_routine,500,True,1,739.1,747.6,0.0,0.0,1.0,23,23000002048
City-B,T3,2x,400.0,S4_GlobalCalib,cross_regime,M_stress,500,True,1,739.1,487.6,0.0,0.3403,1.0,23,23000002048
City-B,T3,2x,400.0,S5_CityCalib,routine,M_routine,500,True,1,737.7,747.6,0.0,0.0,1.0,23,23000002048
City-B,T3,2x,400.0,S5_CityCalib,cross_regime,M_stress,500,True,1,737.7,487.6,0.0,0.339,1.0,23,23000002048
City-B,T3,2x,400.0,S6_Q10,routine,M_routine,500,True,1,731.1,747.6,0.0,0.0,1.0,23,23000002048
City-B,T3,2x,400.0,S6_Q10,cross_regime,M_stress,500,True,1,731.1,487.6,0.0,0.3331,1.0,23,23000002048
City-B,T3,5x,1000.0,S0a_RoutineOracle,routine,M_routine,500,True,2,1490.8,1490.8,0.0,0.0,1.0,23,23000002048
City-B,T3,5x,1000.0,S0a_RoutineOracle,cross_regime,M_stress,500,True,2,1490.8,974.0,26.0,0.3467,0.0,23,23000002048
City-B,T3,5x,1000.0,S0b_StressOracle,routine,M_routine,500,True,3,1445.6,2212.6,0.0,0.0,1.0,23,23000002048
City-B,T3,5x,1000.0,S0b_StressOracle,cross_regime,M_stress,500,True,3,1445.6,1445.6,0.0,0.0,1.0,23,23000002048
City-B,T3,5x,1000.0,S1_CapRR,routine,M_routine,500,True,2,1485.4,1490.8,0.0,0.0,1.0,23,23000002048
City-B,T3,5x,1000.0,S1_CapRR,cross_regime,M_stress,500,True,2,1485.4,974.0,26.0,0.3443,0.0,23,23000002048
City-B,T3,5x,1000.0,S2_Platform,routine,M_routine,500,True,2,1048.0,1464.9,0.0,0.0,1.0,23,23000002048
City-B,T3,5x,1000.0,S2_Platform,cross_regime,M_stress,500,True,2,1048.0,958.0,42.0,0.0858,0.0,23,23000002048
City-B,T3,5x,1000.0,S3_Lin4,routine,M_routine,500,True,2,1351.7,1427.3,0.0,0.0,1.0,23,23000002048
City-B,T3,5x,1000.0,S3_Lin4,cross_regime,M_stress,500,True,2,1351.7,934.0,66.0,0.309,0.0,23,23000002048
City-B,T3,5x,1000.0,S4_GlobalCalib,routine,M_routine,500,True,2,1474.6,1490.8,0.0,0.0,1.0,23,23000002048
City-B,T3,5x,1000.0,S4_GlobalCalib,cross_regime,M_stress,500,True,2,1474.6,974.0,26.0,0.3395,0.0,23,23000002048
City-B,T3,5x,1000.0,S5_CityCalib,routine,M_routine,500,True,2,1471.9,1490.8,0.0,0.0,1.0,23,23000002048
City-B,T3,5x,1000.0,S5_CityCalib,cross_regime,M_stress,500,True,2,1471.9,974.0,26.0,0.3383,0.0,23,23000002048
City-B,T3,5x,1000.0,S6_Q10,routine,M_routine,500,True,2,1458.7,1490.8,0.0,0.0,1.0,23,23000002048
City-B,T3,5x,1000.0,S6_Q10,cross_regime,M_stress,500,True,2,1458.7,974.0,26.0,0.3323,0.0,23,23000002048
City-B,T3,10x,2000.0,S0a_RoutineOracle,routine,M_routine,500,True,3,2212.6,2212.6,0.0,0.0,1.0,23,23000002048
City-B,T3,10x,2000.0,S0a_RoutineOracle,cross_regime,M_stress,500,True,3,2212.6,1445.6,554.4,0.3466,0.0,23,23000002048
City-B,T3,10x,2000.0,S0b_StressOracle,routine,M_routine,500,True,5,2312.1,3522.5,0.0,0.0,1.0,23,23000002048
City-B,T3,10x,2000.0,S0b_StressOracle,cross_regime,M_stress,500,True,5,2312.1,2312.1,0.0,0.0,1.0,23,23000002048
City-B,T3,10x,2000.0,S1_CapRR,routine,M_routine,500,True,3,2203.9,2212.6,0.0,0.0,1.0,23,23000002048
City-B,T3,10x,2000.0,S1_CapRR,cross_regime,M_stress,500,True,3,2203.9,1445.6,554.4,0.3441,0.0,23,23000002048
City-B,T3,10x,2000.0,S2_Platform,routine,M_routine,500,True,5,2307.7,3273.0,0.0,0.0,1.0,23,23000002048
City-B,T3,10x,2000.0,S2_Platform,cross_regime,M_stress,500,True,5,2307.7,2151.1,0.0,0.0678,1.0,23,23000002048
City-B,T3,10x,2000.0,S3_Lin4,routine,M_routine,500,True,3,2012.9,2174.9,0.0,0.0,1.0,23,23000002048
City-B,T3,10x,2000.0,S3_Lin4,cross_regime,M_stress,500,True,3,2012.9,1421.6,578.4,0.2937,0.0,23,23000002048
City-B,T3,10x,2000.0,S4_GlobalCalib,routine,M_routine,500,True,3,2187.9,2212.6,0.0,0.0,1.0,23,23000002048
City-B,T3,10x,2000.0,S4_GlobalCalib,cross_regime,M_stress,500,True,3,2187.9,1445.6,554.4,0.3393,0.0,23,23000002048
City-B,T3,10x,2000.0,S5_CityCalib,routine,M_routine,500,True,3,2183.8,2212.6,0.0,0.0,1.0,23,23000002048
City-B,T3,10x,2000.0,S5_CityCalib,cross_regime,M_stress,500,True,3,2183.8,1445.6,554.4,0.338,0.0,23,23000002048
City-B,T3,10x,2000.0,S6_Q10,routine,M_routine,500,True,3,2164.3,2212.6,0.0,0.0,1.0,23,23000002048
City-B,T3,10x,2000.0,S6_Q10,cross_regime,M_stress,500,True,3,2164.3,1445.6,554.4,0.3321,0.0,23,23000002048
City-B,T4,1x,140.0,S0a_RoutineOracle,routine,M_routine,500,True,1,849.3,849.3,0.0,0.0,1.0,23,23000002048
City-B,T4,1x,140.0,S0a_RoutineOracle,cross_regime,M_stress,500,True,1,849.3,554.1,0.0,0.3476,1.0,23,23000002048
City-B,T4,1x,140.0,S0b_StressOracle,routine,M_routine,500,True,1,554.1,849.3,0.0,0.0,1.0,23,23000002048
City-B,T4,1x,140.0,S0b_StressOracle,cross_regime,M_stress,500,True,1,554.1,554.1,0.0,0.0,1.0,23,23000002048
City-B,T4,1x,140.0,S1_CapRR,routine,M_routine,500,True,1,846.0,849.3,0.0,0.0,1.0,23,23000002048
City-B,T4,1x,140.0,S1_CapRR,cross_regime,M_stress,500,True,1,846.0,554.1,0.0,0.345,1.0,23,23000002048
City-B,T4,1x,140.0,S2_Platform,routine,M_routine,500,True,1,480.1,849.3,0.0,0.0,1.0,23,23000002048
City-B,T4,1x,140.0,S2_Platform,cross_regime,M_stress,500,True,1,480.1,554.1,0.0,0.0,1.0,23,23000002048
City-B,T4,1x,140.0,S3_Lin4,routine,M_routine,500,True,1,696.5,820.5,0.0,0.0,1.0,23,23000002048
City-B,T4,1x,140.0,S3_Lin4,cross_regime,M_stress,500,True,1,696.5,535.0,0.0,0.2318,1.0,23,23000002048
City-B,T4,1x,140.0,S4_GlobalCalib,routine,M_routine,500,True,1,838.7,849.3,0.0,0.0,1.0,23,23000002048
City-B,T4,1x,140.0,S4_GlobalCalib,cross_regime,M_stress,500,True,1,838.7,554.1,0.0,0.3393,1.0,23,23000002048
City-B,T4,1x,140.0,S5_CityCalib,routine,M_routine,500,True,1,836.7,849.3,0.0,0.0,1.0,23,23000002048
City-B,T4,1x,140.0,S5_CityCalib,cross_regime,M_stress,500,True,1,836.7,554.1,0.0,0.3377,1.0,23,23000002048
City-B,T4,1x,140.0,S6_Q10,routine,M_routine,500,True,1,830.7,849.3,0.0,0.0,1.0,23,23000002048
City-B,T4,1x,140.0,S6_Q10,cross_regime,M_stress,500,True,1,830.7,554.1,0.0,0.3329,1.0,23,23000002048
City-B,T4,2x,280.0,S0a_RoutineOracle,routine,M_routine,500,True,1,849.3,849.3,0.0,0.0,1.0,23,23000002048
City-B,T4,2x,280.0,S0a_RoutineOracle,cross_regime,M_stress,500,True,1,849.3,554.1,0.0,0.3476,1.0,23,23000002048
City-B,T4,2x,280.0,S0b_StressOracle,routine,M_routine,500,True,1,554.1,849.3,0.0,0.0,1.0,23,23000002048
City-B,T4,2x,280.0,S0b_StressOracle,cross_regime,M_stress,500,True,1,554.1,554.1,0.0,0.0,1.0,23,23000002048
City-B,T4,2x,280.0,S1_CapRR,routine,M_routine,500,True,1,846.0,849.3,0.0,0.0,1.0,23,23000002048
City-B,T4,2x,280.0,S1_CapRR,cross_regime,M_stress,500,True,1,846.0,554.1,0.0,0.345,1.0,23,23000002048
City-B,T4,2x,280.0,S2_Platform,routine,M_routine,500,True,1,480.1,849.3,0.0,0.0,1.0,23,23000002048
City-B,T4,2x,280.0,S2_Platform,cross_regime,M_stress,500,True,1,480.1,554.1,0.0,0.0,1.0,23,23000002048
City-B,T4,2x,280.0,S3_Lin4,routine,M_routine,500,True,1,696.5,820.5,0.0,0.0,1.0,23,23000002048
City-B,T4,2x,280.0,S3_Lin4,cross_regime,M_stress,500,True,1,696.5,535.0,0.0,0.2318,1.0,23,23000002048
City-B,T4,2x,280.0,S4_GlobalCalib,routine,M_routine,500,True,1,838.7,849.3,0.0,0.0,1.0,23,23000002048
City-B,T4,2x,280.0,S4_GlobalCalib,cross_regime,M_stress,500,True,1,838.7,554.1,0.0,0.3393,1.0,23,23000002048
City-B,T4,2x,280.0,S5_CityCalib,routine,M_routine,500,True,1,836.7,849.3,0.0,0.0,1.0,23,23000002048
City-B,T4,2x,280.0,S5_CityCalib,cross_regime,M_stress,500,True,1,836.7,554.1,0.0,0.3377,1.0,23,23000002048
City-B,T4,2x,280.0,S6_Q10,routine,M_routine,500,True,1,830.7,849.3,0.0,0.0,1.0,23,23000002048
City-B,T4,2x,280.0,S6_Q10,cross_regime,M_stress,500,True,1,830.7,554.1,0.0,0.3329,1.0,23,23000002048
City-B,T4,5x,700.0,S0a_RoutineOracle,routine,M_routine,500,True,1,849.3,849.3,0.0,0.0,1.0,23,23000002048
City-B,T4,5x,700.0,S0a_RoutineOracle,cross_regime,M_stress,500,True,1,849.3,554.1,145.9,0.3476,0.0,23,23000002048
City-B,T4,5x,700.0,S0b_StressOracle,routine,M_routine,500,True,2,1106.5,1694.5,0.0,0.0,1.0,23,23000002048
City-B,T4,5x,700.0,S0b_StressOracle,cross_regime,M_stress,500,True,2,1106.5,1106.5,0.0,0.0,1.0,23,23000002048
City-B,T4,5x,700.0,S1_CapRR,routine,M_routine,500,True,1,846.0,849.3,0.0,0.0,1.0,23,23000002048
City-B,T4,5x,700.0,S1_CapRR,cross_regime,M_stress,500,True,1,846.0,554.1,145.9,0.345,0.0,23,23000002048
City-B,T4,5x,700.0,S2_Platform,routine,M_routine,500,True,2,912.9,1651.8,0.0,0.0,1.0,23,23000002048
City-B,T4,5x,700.0,S2_Platform,cross_regime,M_stress,500,True,2,912.9,1078.2,0.0,0.0,1.0,23,23000002048
City-B,T4,5x,700.0,S3_Lin4,routine,M_routine,500,True,2,1383.8,1622.9,0.0,0.0,1.0,23,23000002048
City-B,T4,5x,700.0,S3_Lin4,cross_regime,M_stress,500,True,2,1383.8,1059.1,0.0,0.2346,1.0,23,23000002048
City-B,T4,5x,700.0,S4_GlobalCalib,routine,M_routine,500,True,1,838.7,849.3,0.0,0.0,1.0,23,23000002048
City-B,T4,5x,700.0,S4_GlobalCalib,cross_regime,M_stress,500,True,1,838.7,554.1,145.9,0.3393,0.0,23,23000002048
City-B,T4,5x,700.0,S5_CityCalib,routine,M_routine,500,True,1,836.7,849.3,0.0,0.0,1.0,23,23000002048
City-B,T4,5x,700.0,S5_CityCalib,cross_regime,M_stress,500,True,1,836.7,554.1,145.9,0.3377,0.0,23,23000002048
City-B,T4,5x,700.0,S6_Q10,routine,M_routine,500,True,1,830.7,849.3,0.0,0.0,1.0,23,23000002048
City-B,T4,5x,700.0,S6_Q10,cross_regime,M_stress,500,True,1,830.7,554.1,145.9,0.3329,0.0,23,23000002048
City-B,T4,10x,1400.0,S0a_RoutineOracle,routine,M_routine,500,True,2,1694.5,1694.5,0.0,0.0,1.0,23,23000002048
City-B,T4,10x,1400.0,S0a_RoutineOracle,cross_regime,M_stress,500,True,2,1694.5,1106.5,293.5,0.347,0.0,23,23000002048
City-B,T4,10x,1400.0,S0b_StressOracle,routine,M_routine,500,True,3,1641.5,2515.0,0.0,0.0,1.0,23,23000002048
City-B,T4,10x,1400.0,S0b_StressOracle,cross_regime,M_stress,500,True,3,1641.5,1641.5,0.0,0.0,1.0,23,23000002048
City-B,T4,10x,1400.0,S1_CapRR,routine,M_routine,500,True,2,1688.0,1694.5,0.0,0.0,1.0,23,23000002048
City-B,T4,10x,1400.0,S1_CapRR,cross_regime,M_stress,500,True,2,1688.0,1106.5,293.5,0.3445,0.0,23,23000002048
City-B,T4,10x,1400.0,S2_Platform,routine,M_routine,500,True,4,1693.5,3086.5,0.0,0.0,1.0,23,23000002048
City-B,T4,10x,1400.0,S2_Platform,cross_regime,M_stress,500,True,4,1693.5,2018.5,0.0,0.0,1.0,23,23000002048
City-B,T4,10x,1400.0,S3_Lin4,routine,M_routine,500,True,3,2065.7,2472.3,0.0,0.0,1.0,23,23000002048
City-B,T4,10x,1400.0,S3_Lin4,cross_regime,M_stress,500,True,3,2065.7,1613.2,0.0,0.219,1.0,23,23000002048
City-B,T4,10x,1400.0,S4_GlobalCalib,routine,M_routine,500,True,2,1673.4,1694.5,0.0,0.0,1.0,23,23000002048
City-B,T4,10x,1400.0,S4_GlobalCalib,cross_regime,M_stress,500,True,2,1673.4,1106.5,293.5,0.3388,0.0,23,23000002048
City-B,T4,10x,1400.0,S5_CityCalib,routine,M_routine,500,True,2,1669.4,1694.5,0.0,0.0,1.0,23,23000002048
City-B,T4,10x,1400.0,S5_CityCalib,cross_regime,M_stress,500,True,2,1669.4,1106.5,293.5,0.3372,0.0,23,23000002048
City-B,T4,10x,1400.0,S6_Q10,routine,M_routine,500,True,2,1657.4,1694.5,0.0,0.0,1.0,23,23000002048
City-B,T4,10x,1400.0,S6_Q10,cross_regime,M_stress,500,True,2,1657.4,1106.5,293.5,0.3324,0.0,23,23000002048
City-B,T5,1x,160.0,S0a_RoutineOracle,routine,M_routine,500,True,1,747.1,747.1,0.0,0.0,1.0,23,23000002048
City-B,T5,1x,160.0,S0a_RoutineOracle,cross_regime,M_stress,500,True,1,747.1,490.4,0.0,0.3436,1.0,23,23000002048
City-B,T5,1x,160.0,S0b_StressOracle,routine,M_routine,500,True,1,490.4,747.1,0.0,0.0,1.0,23,23000002048
City-B,T5,1x,160.0,S0b_StressOracle,cross_regime,M_stress,500,True,1,490.4,490.4,0.0,0.0,1.0,23,23000002048
City-B,T5,1x,160.0,S1_CapRR,routine,M_routine,500,True,1,744.5,747.1,0.0,0.0,1.0,23,23000002048
City-B,T5,1x,160.0,S1_CapRR,cross_regime,M_stress,500,True,1,744.5,490.4,0.0,0.3413,1.0,23,23000002048
City-B,T5,1x,160.0,S2_Platform,routine,M_routine,500,True,1,553.3,744.4,0.0,0.0,1.0,23,23000002048
City-B,T5,1x,160.0,S2_Platform,cross_regime,M_stress,500,True,1,553.3,485.1,0.0,0.1232,1.0,23,23000002048
City-B,T5,1x,160.0,S3_Lin4,routine,M_routine,500,True,1,680.6,721.3,0.0,0.0,1.0,23,23000002048
City-B,T5,1x,160.0,S3_Lin4,cross_regime,M_stress,500,True,1,680.6,473.7,0.0,0.3039,1.0,23,23000002048
City-B,T5,1x,160.0,S4_GlobalCalib,routine,M_routine,500,True,1,739.1,747.1,0.0,0.0,1.0,23,23000002048
City-B,T5,1x,160.0,S4_GlobalCalib,cross_regime,M_stress,500,True,1,739.1,490.4,0.0,0.3365,1.0,23,23000002048
City-B,T5,1x,160.0,S5_CityCalib,routine,M_routine,500,True,1,737.5,747.1,0.0,0.0,1.0,23,23000002048
City-B,T5,1x,160.0,S5_CityCalib,cross_regime,M_stress,500,True,1,737.5,490.4,0.0,0.3351,1.0,23,23000002048
City-B,T5,1x,160.0,S6_Q10,routine,M_routine,500,True,1,731.2,747.1,0.0,0.0,1.0,23,23000002048
City-B,T5,1x,160.0,S6_Q10,cross_regime,M_stress,500,True,1,731.2,490.4,0.0,0.3294,1.0,23,23000002048
City-B,T5,2x,320.0,S0a_RoutineOracle,routine,M_routine,500,True,1,747.1,747.1,0.0,0.0,1.0,23,23000002048
City-B,T5,2x,320.0,S0a_RoutineOracle,cross_regime,M_stress,500,True,1,747.1,490.4,0.0,0.3436,1.0,23,23000002048
City-B,T5,2x,320.0,S0b_StressOracle,routine,M_routine,500,True,1,490.4,747.1,0.0,0.0,1.0,23,23000002048
City-B,T5,2x,320.0,S0b_StressOracle,cross_regime,M_stress,500,True,1,490.4,490.4,0.0,0.0,1.0,23,23000002048
City-B,T5,2x,320.0,S1_CapRR,routine,M_routine,500,True,1,744.5,747.1,0.0,0.0,1.0,23,23000002048
City-B,T5,2x,320.0,S1_CapRR,cross_regime,M_stress,500,True,1,744.5,490.4,0.0,0.3413,1.0,23,23000002048
City-B,T5,2x,320.0,S2_Platform,routine,M_routine,500,True,1,553.3,744.4,0.0,0.0,1.0,23,23000002048
City-B,T5,2x,320.0,S2_Platform,cross_regime,M_stress,500,True,1,553.3,485.1,0.0,0.1232,1.0,23,23000002048
City-B,T5,2x,320.0,S3_Lin4,routine,M_routine,500,True,1,680.6,721.3,0.0,0.0,1.0,23,23000002048
City-B,T5,2x,320.0,S3_Lin4,cross_regime,M_stress,500,True,1,680.6,473.7,0.0,0.3039,1.0,23,23000002048
City-B,T5,2x,320.0,S4_GlobalCalib,routine,M_routine,500,True,1,739.1,747.1,0.0,0.0,1.0,23,23000002048
City-B,T5,2x,320.0,S4_GlobalCalib,cross_regime,M_stress,500,True,1,739.1,490.4,0.0,0.3365,1.0,23,23000002048
City-B,T5,2x,320.0,S5_CityCalib,routine,M_routine,500,True,1,737.5,747.1,0.0,0.0,1.0,23,23000002048
City-B,T5,2x,320.0,S5_CityCalib,cross_regime,M_stress,500,True,1,737.5,490.4,0.0,0.3351,1.0,23,23000002048
City-B,T5,2x,320.0,S6_Q10,routine,M_routine,500,True,1,731.2,747.1,0.0,0.0,1.0,23,23000002048
City-B,T5,2x,320.0,S6_Q10,cross_regime,M_stress,500,True,1,731.2,490.4,0.0,0.3294,1.0,23,23000002048
City-B,T5,5x,800.0,S0a_RoutineOracle,routine,M_routine,500,True,2,1491.5,1491.5,0.0,0.0,1.0,23,23000002048
City-B,T5,5x,800.0,S0a_RoutineOracle,cross_regime,M_stress,500,True,2,1491.5,975.5,0.0,0.346,1.0,23,23000002048
City-B,T5,5x,800.0,S0b_StressOracle,routine,M_routine,500,True,2,975.5,1491.5,0.0,0.0,1.0,23,23000002048
City-B,T5,5x,800.0,S0b_StressOracle,cross_regime,M_stress,500,True,2,975.5,975.5,0.0,0.0,1.0,23,23000002048
City-B,T5,5x,800.0,S1_CapRR,routine,M_routine,500,True,2,1485.4,1491.5,0.0,0.0,1.0,23,23000002048
City-B,T5,5x,800.0,S1_CapRR,cross_regime,M_stress,500,True,2,1485.4,975.5,0.0,0.3433,1.0,23,23000002048
City-B,T5,5x,800.0,S2_Platform,routine,M_routine,500,True,2,1093.7,1465.7,0.0,0.0,1.0,23,23000002048
City-B,T5,5x,800.0,S2_Platform,cross_regime,M_stress,500,True,2,1093.7,958.9,0.0,0.1233,1.0,23,23000002048
City-B,T5,5x,800.0,S3_Lin4,routine,M_routine,500,True,2,1352.0,1425.8,0.0,0.0,1.0,23,23000002048
City-B,T5,5x,800.0,S3_Lin4,cross_regime,M_stress,500,True,2,1352.0,935.7,0.0,0.3079,1.0,23,23000002048
City-B,T5,5x,800.0,S4_GlobalCalib,routine,M_routine,500,True,2,1474.6,1491.5,0.0,0.0,1.0,23,23000002048
City-B,T5,5x,800.0,S4_GlobalCalib,cross_regime,M_stress,500,True,2,1474.6,975.5,0.0,0.3385,1.0,23,23000002048
City-B,T5,5x,800.0,S5_CityCalib,routine,M_routine,500,True,2,1471.5,1491.5,0.0,0.0,1.0,23,23000002048
City-B,T5,5x,800.0,S5_CityCalib,cross_regime,M_stress,500,True,2,1471.5,975.5,0.0,0.3371,1.0,23,23000002048
City-B,T5,5x,800.0,S6_Q10,routine,M_routine,500,True,2,1459.0,1491.5,0.0,0.0,1.0,23,23000002048
City-B,T5,5x,800.0,S6_Q10,cross_regime,M_stress,500,True,2,1459.0,975.5,0.0,0.3314,1.0,23,23000002048
City-B,T5,10x,1600.0,S0a_RoutineOracle,routine,M_routine,500,True,3,2212.8,2212.8,0.0,0.0,1.0,23,23000002048
City-B,T5,10x,1600.0,S0a_RoutineOracle,cross_regime,M_stress,500,True,3,2212.8,1449.2,150.8,0.3451,0.0,23,23000002048
City-B,T5,10x,1600.0,S0b_StressOracle,routine,M_routine,500,True,4,1911.2,2917.3,0.0,0.0,1.0,23,23000002048
City-B,T5,10x,1600.0,S0b_StressOracle,cross_regime,M_stress,500,True,4,1911.2,1911.2,0.0,0.0,1.0,23,23000002048
City-B,T5,10x,1600.0,S1_CapRR,routine,M_routine,500,True,3,2203.9,2212.8,0.0,0.0,1.0,23,23000002048
City-B,T5,10x,1600.0,S1_CapRR,cross_regime,M_stress,500,True,3,2203.9,1449.2,150.8,0.3424,0.0,23,23000002048
City-B,T5,10x,1600.0,S2_Platform,routine,M_routine,500,True,4,2025.8,2788.2,0.0,0.0,1.0,23,23000002048
City-B,T5,10x,1600.0,S2_Platform,cross_regime,M_stress,500,True,4,2025.8,1823.5,0.0,0.0999,1.0,23,23000002048
City-B,T5,10x,1600.0,S3_Lin4,routine,M_routine,500,True,3,2013.2,2172.9,0.0,0.0,1.0,23,23000002048
City-B,T5,10x,1600.0,S3_Lin4,cross_regime,M_stress,500,True,3,2013.2,1426.1,173.9,0.2916,0.0,23,23000002048
City-B,T5,10x,1600.0,S4_GlobalCalib,routine,M_routine,500,True,3,2187.9,2212.8,0.0,0.0,1.0,23,23000002048
City-B,T5,10x,1600.0,S4_GlobalCalib,cross_regime,M_stress,500,True,3,2187.9,1449.2,150.8,0.3376,0.0,23,23000002048
City-B,T5,10x,1600.0,S5_CityCalib,routine,M_routine,500,True,3,2183.3,2212.8,0.0,0.0,1.0,23,23000002048
City-B,T5,10x,1600.0,S5_CityCalib,cross_regime,M_stress,500,True,3,2183.3,1449.2,150.8,0.3362,0.0,23,23000002048
City-B,T5,10x,1600.0,S6_Q10,routine,M_routine,500,True,3,2164.7,2212.8,0.0,0.0,1.0,23,23000002048
City-B,T5,10x,1600.0,S6_Q10,cross_regime,M_stress,500,True,3,2164.7,1449.2,150.8,0.3305,0.0,23,23000002048
City-C,T1,1x,180.0,S0a_RoutineOracle,routine,M_routine,650,True,1,718.3,718.3,0.0,0.0,1.0,23,23000002048
City-C,T1,1x,180.0,S0a_RoutineOracle,cross_regime,M_stress,650,True,1,718.3,476.1,0.0,0.3372,1.0,23,23000002048
City-C,T1,1x,180.0,S0b_StressOracle,routine,M_routine,650,True,1,476.1,718.3,0.0,0.0,1.0,23,23000002048
City-C,T1,1x,180.0,S0b_StressOracle,cross_regime,M_stress,650,True,1,476.1,476.1,0.0,0.0,1.0,23,23000002048
City-C,T1,1x,180.0,S1_CapRR,routine,M_routine,650,True,1,737.0,718.3,0.0,0.0254,1.0,23,23000002048
City-C,T1,1x,180.0,S1_CapRR,cross_regime,M_stress,650,True,1,737.0,476.1,0.0,0.354,1.0,23,23000002048
City-C,T1,1x,180.0,S2_Platform,routine,M_routine,650,True,1,460.9,718.3,0.0,0.0,1.0,23,23000002048
City-C,T1,1x,180.0,S2_Platform,cross_regime,M_stress,650,True,1,460.9,476.1,0.0,0.0,1.0,23,23000002048
City-C,T1,1x,180.0,S3_Lin4,routine,M_routine,650,True,1,623.3,718.3,0.0,0.0,1.0,23,23000002048
City-C,T1,1x,180.0,S3_Lin4,cross_regime,M_stress,650,True,1,623.3,476.1,0.0,0.2361,1.0,23,23000002048
City-C,T1,1x,180.0,S4_GlobalCalib,routine,M_routine,650,True,1,734.2,718.3,0.0,0.0217,1.0,23,23000002048
City-C,T1,1x,180.0,S4_GlobalCalib,cross_regime,M_stress,650,True,1,734.2,476.1,0.0,0.3515,1.0,23,23000002048
City-C,T1,1x,180.0,S5_CityCalib,routine,M_routine,650,True,1,736.3,718.3,0.0,0.0244,1.0,23,23000002048
City-C,T1,1x,180.0,S5_CityCalib,cross_regime,M_stress,650,True,1,736.3,476.1,0.0,0.3534,1.0,23,23000002048
City-C,T1,1x,180.0,S6_Q10,routine,M_routine,650,True,1,726.1,718.3,0.0,0.0107,1.0,23,23000002048
City-C,T1,1x,180.0,S6_Q10,cross_regime,M_stress,650,True,1,726.1,476.1,0.0,0.3443,1.0,23,23000002048
City-C,T1,2x,360.0,S0a_RoutineOracle,routine,M_routine,650,True,1,718.3,718.3,0.0,0.0,1.0,23,23000002048
City-C,T1,2x,360.0,S0a_RoutineOracle,cross_regime,M_stress,650,True,1,718.3,476.1,0.0,0.3372,1.0,23,23000002048
City-C,T1,2x,360.0,S0b_StressOracle,routine,M_routine,650,True,1,476.1,718.3,0.0,0.0,1.0,23,23000002048
City-C,T1,2x,360.0,S0b_StressOracle,cross_regime,M_stress,650,True,1,476.1,476.1,0.0,0.0,1.0,23,23000002048
City-C,T1,2x,360.0,S1_CapRR,routine,M_routine,650,True,1,737.0,718.3,0.0,0.0254,1.0,23,23000002048
City-C,T1,2x,360.0,S1_CapRR,cross_regime,M_stress,650,True,1,737.0,476.1,0.0,0.354,1.0,23,23000002048
City-C,T1,2x,360.0,S2_Platform,routine,M_routine,650,True,1,460.9,718.3,0.0,0.0,1.0,23,23000002048
City-C,T1,2x,360.0,S2_Platform,cross_regime,M_stress,650,True,1,460.9,476.1,0.0,0.0,1.0,23,23000002048
City-C,T1,2x,360.0,S3_Lin4,routine,M_routine,650,True,1,623.3,718.3,0.0,0.0,1.0,23,23000002048
City-C,T1,2x,360.0,S3_Lin4,cross_regime,M_stress,650,True,1,623.3,476.1,0.0,0.2361,1.0,23,23000002048
City-C,T1,2x,360.0,S4_GlobalCalib,routine,M_routine,650,True,1,734.2,718.3,0.0,0.0217,1.0,23,23000002048
City-C,T1,2x,360.0,S4_GlobalCalib,cross_regime,M_stress,650,True,1,734.2,476.1,0.0,0.3515,1.0,23,23000002048
City-C,T1,2x,360.0,S5_CityCalib,routine,M_routine,650,True,1,736.3,718.3,0.0,0.0244,1.0,23,23000002048
City-C,T1,2x,360.0,S5_CityCalib,cross_regime,M_stress,650,True,1,736.3,476.1,0.0,0.3534,1.0,23,23000002048
City-C,T1,2x,360.0,S6_Q10,routine,M_routine,650,True,1,726.1,718.3,0.0,0.0107,1.0,23,23000002048
City-C,T1,2x,360.0,S6_Q10,cross_regime,M_stress,650,True,1,726.1,476.1,0.0,0.3443,1.0,23,23000002048
City-C,T1,5x,900.0,S0a_RoutineOracle,routine,M_routine,650,True,2,1406.5,1406.5,0.0,0.0,1.0,23,23000002048
City-C,T1,5x,900.0,S0a_RoutineOracle,cross_regime,M_stress,650,True,2,1406.5,929.0,0.0,0.3395,1.0,23,23000002048
City-C,T1,5x,900.0,S0b_StressOracle,routine,M_routine,650,True,2,929.0,1406.5,0.0,0.0,1.0,23,23000002048
City-C,T1,5x,900.0,S0b_StressOracle,cross_regime,M_stress,650,True,2,929.0,929.0,0.0,0.0,1.0,23,23000002048
City-C,T1,5x,900.0,S1_CapRR,routine,M_routine,650,True,2,1439.5,1406.5,0.0,0.0229,1.0,23,23000002048
City-C,T1,5x,900.0,S1_CapRR,cross_regime,M_stress,650,True,2,1439.5,929.0,0.0,0.3547,1.0,23,23000002048
City-C,T1,5x,900.0,S2_Platform,routine,M_routine,650,True,2,904.5,1406.5,0.0,0.0,1.0,23,23000002048
City-C,T1,5x,900.0,S2_Platform,cross_regime,M_stress,650,True,2,904.5,929.0,0.0,0.0,1.0,23,23000002048
City-C,T1,5x,900.0,S3_Lin4,routine,M_routine,650,True,2,1220.4,1406.5,0.0,0.0,1.0,23,23000002048
City-C,T1,5x,900.0,S3_Lin4,cross_regime,M_stress,650,True,2,1220.4,929.0,0.0,0.2388,1.0,23,23000002048
City-C,T1,5x,900.0,S4_GlobalCalib,routine,M_routine,650,True,2,1434.0,1406.5,0.0,0.0192,1.0,23,23000002048
City-C,T1,5x,900.0,S4_GlobalCalib,cross_regime,M_stress,650,True,2,1434.0,929.0,0.0,0.3522,1.0,23,23000002048
City-C,T1,5x,900.0,S5_CityCalib,routine,M_routine,650,True,2,1438.1,1406.5,0.0,0.0219,1.0,23,23000002048
City-C,T1,5x,900.0,S5_CityCalib,cross_regime,M_stress,650,True,2,1438.1,929.0,0.0,0.354,1.0,23,23000002048
City-C,T1,5x,900.0,S6_Q10,routine,M_routine,650,True,2,1418.1,1406.5,0.0,0.0082,1.0,23,23000002048
City-C,T1,5x,900.0,S6_Q10,cross_regime,M_stress,650,True,2,1418.1,929.0,0.0,0.3449,1.0,23,23000002048
City-C,T1,10x,1800.0,S0a_RoutineOracle,routine,M_routine,650,True,3,2038.4,2038.4,0.0,0.0,1.0,23,23000002048
City-C,T1,10x,1800.0,S0a_RoutineOracle,cross_regime,M_stress,650,True,3,2038.4,1341.5,458.5,0.3419,0.0,23,23000002048
City-C,T1,10x,1800.0,S0b_StressOracle,routine,M_routine,650,True,5,2093.0,3186.4,0.0,0.0,1.0,23,23000002048
City-C,T1,10x,1800.0,S0b_StressOracle,cross_regime,M_stress,650,True,5,2093.0,2093.0,0.0,0.0,1.0,23,23000002048
City-C,T1,10x,1800.0,S1_CapRR,routine,M_routine,650,True,3,2081.1,2038.4,0.0,0.0205,1.0,23,23000002048
City-C,T1,10x,1800.0,S1_CapRR,cross_regime,M_stress,650,True,3,2081.1,1341.5,458.5,0.3554,0.0,23,23000002048
City-C,T1,10x,1800.0,S2_Platform,routine,M_routine,650,True,5,2117.9,3094.0,0.0,0.0,1.0,23,23000002048
City-C,T1,10x,1800.0,S2_Platform,cross_regime,M_stress,650,True,5,2117.9,2034.3,0.0,0.0395,1.0,23,23000002048
City-C,T1,10x,1800.0,S3_Lin4,routine,M_routine,650,True,3,1805.7,2038.4,0.0,0.0,1.0,23,23000002048
City-C,T1,10x,1800.0,S3_Lin4,cross_regime,M_stress,650,True,3,1805.7,1341.5,458.5,0.2571,0.0,23,23000002048
City-C,T1,10x,1800.0,S4_GlobalCalib,routine,M_routine,650,True,3,2073.1,2038.4,0.0,0.0167,1.0,23,23000002048
City-C,T1,10x,1800.0,S4_GlobalCalib,cross_regime,M_stress,650,True,3,2073.1,1341.5,458.5,0.3529,0.0,23,23000002048
City-C,T1,10x,1800.0,S5_CityCalib,routine,M_routine,650,True,3,2078.9,2038.4,0.0,0.0195,1.0,23,23000002048
City-C,T1,10x,1800.0,S5_CityCalib,cross_regime,M_stress,650,True,3,2078.9,1341.5,458.5,0.3547,0.0,23,23000002048
City-C,T1,10x,1800.0,S6_Q10,routine,M_routine,650,True,3,2050.1,2038.4,0.0,0.0057,1.0,23,23000002048
City-C,T1,10x,1800.0,S6_Q10,cross_regime,M_stress,650,True,3,2050.1,1341.5,458.5,0.3457,0.0,23,23000002048
City-C,T2,1x,260.0,S0a_RoutineOracle,routine,M_routine,650,True,1,737.9,737.9,0.0,0.0,1.0,23,23000002048
City-C,T2,1x,260.0,S0a_RoutineOracle,cross_regime,M_stress,650,True,1,737.9,483.3,0.0,0.3451,1.0,23,23000002048
City-C,T2,1x,260.0,S0b_StressOracle,routine,M_routine,650,True,1,483.3,737.9,0.0,0.0,1.0,23,23000002048
City-C,T2,1x,260.0,S0b_StressOracle,cross_regime,M_stress,650,True,1,483.3,483.3,0.0,0.0,1.0,23,23000002048
City-C,T2,1x,260.0,S1_CapRR,routine,M_routine,650,True,1,737.0,737.9,0.0,0.0,1.0,23,23000002048
City-C,T2,1x,260.0,S1_CapRR,cross_regime,M_stress,650,True,1,737.0,483.3,0.0,0.3443,1.0,23,23000002048
City-C,T2,1x,260.0,S2_Platform,routine,M_routine,650,True,1,467.3,737.9,0.0,0.0,1.0,23,23000002048
City-C,T2,1x,260.0,S2_Platform,cross_regime,M_stress,650,True,1,467.3,483.3,0.0,0.0,1.0,23,23000002048
City-C,T2,1x,260.0,S3_Lin4,routine,M_routine,650,True,1,627.2,737.9,0.0,0.0,1.0,23,23000002048
City-C,T2,1x,260.0,S3_Lin4,cross_regime,M_stress,650,True,1,627.2,483.3,0.0,0.2295,1.0,23,23000002048
City-C,T2,1x,260.0,S4_GlobalCalib,routine,M_routine,650,True,1,734.1,737.9,0.0,0.0,1.0,23,23000002048
City-C,T2,1x,260.0,S4_GlobalCalib,cross_regime,M_stress,650,True,1,734.1,483.3,0.0,0.3417,1.0,23,23000002048
City-C,T2,1x,260.0,S5_CityCalib,routine,M_routine,650,True,1,732.4,737.9,0.0,0.0,1.0,23,23000002048
City-C,T2,1x,260.0,S5_CityCalib,cross_regime,M_stress,650,True,1,732.4,483.3,0.0,0.3402,1.0,23,23000002048
City-C,T2,1x,260.0,S6_Q10,routine,M_routine,650,True,1,725.2,737.9,0.0,0.0,1.0,23,23000002048
City-C,T2,1x,260.0,S6_Q10,cross_regime,M_stress,650,True,1,725.2,483.3,0.0,0.3336,1.0,23,23000002048
City-C,T2,2x,520.0,S0a_RoutineOracle,routine,M_routine,650,True,1,737.9,737.9,0.0,0.0,1.0,23,23000002048
City-C,T2,2x,520.0,S0a_RoutineOracle,cross_regime,M_stress,650,True,1,737.9,483.3,36.7,0.3451,0.0,23,23000002048
City-C,T2,2x,520.0,S0b_StressOracle,routine,M_routine,650,True,2,944.5,1442.4,0.0,0.0,1.0,23,23000002048
City-C,T2,2x,520.0,S0b_StressOracle,cross_regime,M_stress,650,True,2,944.5,944.5,0.0,0.0,1.0,23,23000002048
City-C,T2,2x,520.0,S1_CapRR,routine,M_routine,650,True,1,737.0,737.9,0.0,0.0,1.0,23,23000002048
City-C,T2,2x,520.0,S1_CapRR,cross_regime,M_stress,650,True,1,737.0,483.3,36.7,0.3443,0.0,23,23000002048
City-C,T2,2x,520.0,S2_Platform,routine,M_routine,650,True,2,902.1,1442.4,0.0,0.0,1.0,23,23000002048
City-C,T2,2x,520.0,S2_Platform,cross_regime,M_stress,650,True,2,902.1,944.5,0.0,0.0,1.0,23,23000002048
City-C,T2,2x,520.0,S3_Lin4,routine,M_routine,650,True,1,627.2,737.9,0.0,0.0,1.0,23,23000002048
City-C,T2,2x,520.0,S3_Lin4,cross_regime,M_stress,650,True,1,627.2,483.3,36.7,0.2295,0.0,23,23000002048
City-C,T2,2x,520.0,S4_GlobalCalib,routine,M_routine,650,True,1,734.1,737.9,0.0,0.0,1.0,23,23000002048
City-C,T2,2x,520.0,S4_GlobalCalib,cross_regime,M_stress,650,True,1,734.1,483.3,36.7,0.3417,0.0,23,23000002048
City-C,T2,2x,520.0,S5_CityCalib,routine,M_routine,650,True,1,732.4,737.9,0.0,0.0,1.0,23,23000002048
City-C,T2,2x,520.0,S5_CityCalib,cross_regime,M_stress,650,True,1,732.4,483.3,36.7,0.3402,0.0,23,23000002048
City-C,T2,2x,520.0,S6_Q10,routine,M_routine,650,True,1,725.2,737.9,0.0,0.0,1.0,23,23000002048
City-C,T2,2x,520.0,S6_Q10,cross_regime,M_stress,650,True,1,725.2,483.3,36.7,0.3336,0.0,23,23000002048
City-C,T2,5x,1300.0,S0a_RoutineOracle,routine,M_routine,650,True,2,1442.4,1442.4,0.0,0.0,1.0,23,23000002048
City-C,T2,5x,1300.0,S0a_RoutineOracle,cross_regime,M_stress,650,True,2,1442.4,944.5,355.5,0.3452,0.0,23,23000002048
City-C,T2,5x,1300.0,S0b_StressOracle,routine,M_routine,650,True,3,1364.4,2016.9,0.0,0.0,1.0,23,23000002048
City-C,T2,5x,1300.0,S0b_StressOracle,cross_regime,M_stress,650,True,3,1364.4,1364.4,0.0,0.0,1.0,23,23000002048
City-C,T2,5x,1300.0,S1_CapRR,routine,M_routine,650,True,2,1439.5,1442.4,0.0,0.0,1.0,23,23000002048
City-C,T2,5x,1300.0,S1_CapRR,cross_regime,M_stress,650,True,2,1439.5,944.5,355.5,0.3439,0.0,23,23000002048
City-C,T2,5x,1300.0,S2_Platform,routine,M_routine,650,True,3,1301.1,2016.9,0.0,0.0,1.0,23,23000002048
City-C,T2,5x,1300.0,S2_Platform,cross_regime,M_stress,650,True,3,1301.1,1364.4,0.0,0.0,1.0,23,23000002048
City-C,T2,5x,1300.0,S3_Lin4,routine,M_routine,650,True,3,1817.6,2016.9,0.0,0.0,1.0,23,23000002048
City-C,T2,5x,1300.0,S3_Lin4,cross_regime,M_stress,650,True,3,1817.6,1364.4,0.0,0.2493,1.0,23,23000002048
City-C,T2,5x,1300.0,S4_GlobalCalib,routine,M_routine,650,True,2,1433.8,1442.4,0.0,0.0,1.0,23,23000002048
City-C,T2,5x,1300.0,S4_GlobalCalib,cross_regime,M_stress,650,True,2,1433.8,944.5,355.5,0.3413,0.0,23,23000002048
City-C,T2,5x,1300.0,S5_CityCalib,routine,M_routine,650,True,2,1430.5,1442.4,0.0,0.0,1.0,23,23000002048
City-C,T2,5x,1300.0,S5_CityCalib,cross_regime,M_stress,650,True,2,1430.5,944.5,355.5,0.3398,0.0,23,23000002048
City-C,T2,5x,1300.0,S6_Q10,routine,M_routine,650,True,2,1416.4,1442.4,0.0,0.0,1.0,23,23000002048
City-C,T2,5x,1300.0,S6_Q10,cross_regime,M_stress,650,True,2,1416.4,944.5,355.5,0.3332,0.0,23,23000002048
City-C,T2,10x,2600.0,S0a_RoutineOracle,routine,M_routine,650,True,4,2611.0,2611.0,0.0,0.0,1.0,23,23000002048
City-C,T2,10x,2600.0,S0a_RoutineOracle,cross_regime,M_stress,650,True,4,2611.0,1707.7,892.3,0.3459,0.0,23,23000002048
City-C,T2,10x,2600.0,S0b_StressOracle,routine,M_routine,650,True,7,2867.8,4315.4,0.0,0.0,1.0,23,23000002048
City-C,T2,10x,2600.0,S0b_StressOracle,cross_regime,M_stress,650,True,7,2867.8,2867.8,0.0,0.0,1.0,23,23000002048
City-C,T2,10x,2600.0,S1_CapRR,routine,M_routine,650,True,4,2666.6,2604.0,0.0,0.0235,1.0,23,23000002048
City-C,T2,10x,2600.0,S1_CapRR,cross_regime,M_stress,650,True,4,2666.6,1748.0,852.0,0.3445,0.0,23,23000002048
City-C,T2,10x,2600.0,S2_Platform,routine,M_routine,650,True,7,2815.8,4271.3,0.0,0.0,1.0,23,23000002048
City-C,T2,10x,2600.0,S2_Platform,cross_regime,M_stress,650,True,7,2815.8,2841.2,0.0,0.0,1.0,23,23000002048
City-C,T2,10x,2600.0,S3_Lin4,routine,M_routine,650,True,5,2955.3,3090.3,0.0,0.0,1.0,23,23000002048
City-C,T2,10x,2600.0,S3_Lin4,cross_regime,M_stress,650,True,5,2955.3,2069.6,530.4,0.2997,0.0,23,23000002048
City-C,T2,10x,2600.0,S4_GlobalCalib,routine,M_routine,650,True,4,2656.1,2604.0,0.0,0.0196,1.0,23,23000002048
City-C,T2,10x,2600.0,S4_GlobalCalib,cross_regime,M_stress,650,True,4,2656.1,1748.0,852.0,0.3419,0.0,23,23000002048
City-C,T2,10x,2600.0,S5_CityCalib,routine,M_routine,650,True,4,2650.0,2604.0,0.0,0.0174,1.0,23,23000002048
City-C,T2,10x,2600.0,S5_CityCalib,cross_regime,M_stress,650,True,4,2650.0,1748.0,852.0,0.3404,0.0,23,23000002048
City-C,T2,10x,2600.0,S6_Q10,routine,M_routine,650,True,4,2623.7,2604.0,0.0,0.0075,1.0,23,23000002048
City-C,T2,10x,2600.0,S6_Q10,cross_regime,M_stress,650,True,4,2623.7,1748.0,852.0,0.3338,0.0,23,23000002048
City-C,T3,1x,200.0,S0a_RoutineOracle,routine,M_routine,650,True,1,650.2,650.2,0.0,0.0,1.0,23,23000002048
City-C,T3,1x,200.0,S0a_RoutineOracle,cross_regime,M_stress,650,True,1,650.2,425.5,0.0,0.3456,1.0,23,23000002048
City-C,T3,1x,200.0,S0b_StressOracle,routine,M_routine,650,True,1,425.5,650.2,0.0,0.0,1.0,23,23000002048
City-C,T3,1x,200.0,S0b_StressOracle,cross_regime,M_stress,650,True,1,425.5,425.5,0.0,0.0,1.0,23,23000002048
City-C,T3,1x,200.0,S1_CapRR,routine,M_routine,650,True,1,648.6,650.2,0.0,0.0,1.0,23,23000002048
City-C,T3,1x,200.0,S1_CapRR,cross_regime,M_stress,650,True,1,648.6,425.5,0.0,0.344,1.0,23,23000002048
City-C,T3,1x,200.0,S2_Platform,routine,M_routine,650,True,1,456.8,650.2,0.0,0.0,1.0,23,23000002048
City-C,T3,1x,200.0,S2_Platform,cross_regime,M_stress,650,True,1,456.8,425.5,0.0,0.0685,1.0,23,23000002048
City-C,T3,1x,200.0,S3_Lin4,routine,M_routine,650,True,1,606.0,650.2,0.0,0.0,1.0,23,23000002048
City-C,T3,1x,200.0,S3_Lin4,cross_regime,M_stress,650,True,1,606.0,425.5,0.0,0.2979,1.0,23,23000002048
City-C,T3,1x,200.0,S4_GlobalCalib,routine,M_routine,650,True,1,643.9,650.2,0.0,0.0,1.0,23,23000002048
City-C,T3,1x,200.0,S4_GlobalCalib,cross_regime,M_stress,650,True,1,643.9,425.5,0.0,0.3392,1.0,23,23000002048
City-C,T3,1x,200.0,S5_CityCalib,routine,M_routine,650,True,1,644.8,650.2,0.0,0.0,1.0,23,23000002048
City-C,T3,1x,200.0,S5_CityCalib,cross_regime,M_stress,650,True,1,644.8,425.5,0.0,0.3402,1.0,23,23000002048
City-C,T3,1x,200.0,S6_Q10,routine,M_routine,650,True,1,637.0,650.2,0.0,0.0,1.0,23,23000002048
City-C,T3,1x,200.0,S6_Q10,cross_regime,M_stress,650,True,1,637.0,425.5,0.0,0.332,1.0,23,23000002048
City-C,T3,2x,400.0,S0a_RoutineOracle,routine,M_routine,650,True,1,650.2,650.2,0.0,0.0,1.0,23,23000002048
City-C,T3,2x,400.0,S0a_RoutineOracle,cross_regime,M_stress,650,True,1,650.2,425.5,0.0,0.3456,1.0,23,23000002048
City-C,T3,2x,400.0,S0b_StressOracle,routine,M_routine,650,True,1,425.5,650.2,0.0,0.0,1.0,23,23000002048
City-C,T3,2x,400.0,S0b_StressOracle,cross_regime,M_stress,650,True,1,425.5,425.5,0.0,0.0,1.0,23,23000002048
City-C,T3,2x,400.0,S1_CapRR,routine,M_routine,650,True,1,648.6,650.2,0.0,0.0,1.0,23,23000002048
City-C,T3,2x,400.0,S1_CapRR,cross_regime,M_stress,650,True,1,648.6,425.5,0.0,0.344,1.0,23,23000002048
City-C,T3,2x,400.0,S2_Platform,routine,M_routine,650,True,1,456.8,650.2,0.0,0.0,1.0,23,23000002048
City-C,T3,2x,400.0,S2_Platform,cross_regime,M_stress,650,True,1,456.8,425.5,0.0,0.0685,1.0,23,23000002048
City-C,T3,2x,400.0,S3_Lin4,routine,M_routine,650,True,1,606.0,650.2,0.0,0.0,1.0,23,23000002048
City-C,T3,2x,400.0,S3_Lin4,cross_regime,M_stress,650,True,1,606.0,425.5,0.0,0.2979,1.0,23,23000002048
City-C,T3,2x,400.0,S4_GlobalCalib,routine,M_routine,650,True,1,643.9,650.2,0.0,0.0,1.0,23,23000002048
City-C,T3,2x,400.0,S4_GlobalCalib,cross_regime,M_stress,650,True,1,643.9,425.5,0.0,0.3392,1.0,23,23000002048
City-C,T3,2x,400.0,S5_CityCalib,routine,M_routine,650,True,1,644.8,650.2,0.0,0.0,1.0,23,23000002048
City-C,T3,2x,400.0,S5_CityCalib,cross_regime,M_stress,650,True,1,644.8,425.5,0.0,0.3402,1.0,23,23000002048
City-C,T3,2x,400.0,S6_Q10,routine,M_routine,650,True,1,637.0,650.2,0.0,0.0,1.0,23,23000002048
City-C,T3,2x,400.0,S6_Q10,cross_regime,M_stress,650,True,1,637.0,425.5,0.0,0.332,1.0,23,23000002048
City-C,T3,5x,1000.0,S0a_RoutineOracle,routine,M_routine,650,True,2,1249.4,1249.4,0.0,0.0,1.0,23,23000002048
City-C,T3,5x,1000.0,S0a_RoutineOracle,cross_regime,M_stress,650,True,2,1249.4,832.6,167.4,0.3336,0.0,23,23000002048
City-C,T3,5x,1000.0,S0b_StressOracle,routine,M_routine,650,True,3,1202.3,1810.4,0.0,0.0,1.0,23,23000002048
City-C,T3,5x,1000.0,S0b_StressOracle,cross_regime,M_stress,650,True,3,1202.3,1202.3,0.0,0.0,1.0,23,23000002048
City-C,T3,5x,1000.0,S1_CapRR,routine,M_routine,650,True,2,1266.8,1249.4,0.0,0.0138,1.0,23,23000002048
City-C,T3,5x,1000.0,S1_CapRR,cross_regime,M_stress,650,True,2,1266.8,832.6,167.4,0.3427,0.0,23,23000002048
City-C,T3,5x,1000.0,S2_Platform,routine,M_routine,650,True,3,1285.7,1626.0,0.0,0.0,1.0,23,23000002048
City-C,T3,5x,1000.0,S2_Platform,cross_regime,M_stress,650,True,3,1285.7,1062.6,0.0,0.1736,1.0,23,23000002048
City-C,T3,5x,1000.0,S3_Lin4,routine,M_routine,650,True,2,1185.1,1249.4,0.0,0.0,1.0,23,23000002048
City-C,T3,5x,1000.0,S3_Lin4,cross_regime,M_stress,650,True,2,1185.1,832.6,167.4,0.2974,0.0,23,23000002048
City-C,T3,5x,1000.0,S4_GlobalCalib,routine,M_routine,650,True,2,1257.7,1249.4,0.0,0.0066,1.0,23,23000002048
City-C,T3,5x,1000.0,S4_GlobalCalib,cross_regime,M_stress,650,True,2,1257.7,832.6,167.4,0.338,0.0,23,23000002048
City-C,T3,5x,1000.0,S5_CityCalib,routine,M_routine,650,True,2,1259.5,1249.4,0.0,0.008,1.0,23,23000002048
City-C,T3,5x,1000.0,S5_CityCalib,cross_regime,M_stress,650,True,2,1259.5,832.6,167.4,0.3389,0.0,23,23000002048
City-C,T3,5x,1000.0,S6_Q10,routine,M_routine,650,True,2,1244.1,1249.4,0.0,0.0,1.0,23,23000002048
City-C,T3,5x,1000.0,S6_Q10,cross_regime,M_stress,650,True,2,1244.1,832.6,167.4,0.3307,0.0,23,23000002048
City-C,T3,10x,2000.0,S0a_RoutineOracle,routine,M_routine,650,True,4,2327.8,2327.8,0.0,0.0,1.0,23,23000002048
City-C,T3,10x,2000.0,S0a_RoutineOracle,cross_regime,M_stress,650,True,4,2327.8,1539.8,460.2,0.3385,0.0,23,23000002048
City-C,T3,10x,2000.0,S0b_StressOracle,routine,M_routine,650,True,6,2201.9,3339.4,0.0,0.0,1.0,23,23000002048
City-C,T3,10x,2000.0,S0b_StressOracle,cross_regime,M_stress,650,True,6,2201.9,2201.9,0.0,0.0,1.0,23,23000002048
City-C,T3,10x,2000.0,S1_CapRR,routine,M_routine,650,True,4,2346.7,2327.8,0.0,0.008,1.0,23,23000002048
City-C,T3,10x,2000.0,S1_CapRR,cross_regime,M_stress,650,True,4,2346.7,1539.8,460.2,0.3439,0.0,23,23000002048
City-C,T3,10x,2000.0,S2_Platform,routine,M_routine,650,True,5,2048.1,2642.7,0.0,0.0,1.0,23,23000002048
City-C,T3,10x,2000.0,S2_Platform,cross_regime,M_stress,650,True,5,2048.1,1731.6,268.4,0.1545,0.0,23,23000002048
City-C,T3,10x,2000.0,S3_Lin4,routine,M_routine,650,True,4,2319.0,2275.0,0.0,0.019,1.0,23,23000002048
City-C,T3,10x,2000.0,S3_Lin4,cross_regime,M_stress,650,True,4,2319.0,1505.3,494.7,0.3509,0.0,23,23000002048
City-C,T3,10x,2000.0,S4_GlobalCalib,routine,M_routine,650,True,4,2329.9,2327.8,0.0,0.0009,1.0,23,23000002048
City-C,T3,10x,2000.0,S4_GlobalCalib,cross_regime,M_stress,650,True,4,2329.9,1539.8,460.2,0.3391,0.0,23,23000002048
City-C,T3,10x,2000.0,S5_CityCalib,routine,M_routine,650,True,4,2333.1,2327.8,0.0,0.0022,1.0,23,23000002048
City-C,T3,10x,2000.0,S5_CityCalib,cross_regime,M_stress,650,True,4,2333.1,1539.8,460.2,0.34,0.0,23,23000002048
City-C,T3,10x,2000.0,S6_Q10,routine,M_routine,650,True,4,2304.6,2327.8,0.0,0.0,1.0,23,23000002048
City-C,T3,10x,2000.0,S6_Q10,cross_regime,M_stress,650,True,4,2304.6,1539.8,460.2,0.3319,0.0,23,23000002048
City-C,T4,1x,140.0,S0a_RoutineOracle,routine,M_routine,650,True,1,738.2,738.2,0.0,0.0,1.0,23,23000002048
City-C,T4,1x,140.0,S0a_RoutineOracle,cross_regime,M_stress,650,True,1,738.2,481.2,0.0,0.3482,1.0,23,23000002048
City-C,T4,1x,140.0,S0b_StressOracle,routine,M_routine,650,True,1,481.2,738.2,0.0,0.0,1.0,23,23000002048
City-C,T4,1x,140.0,S0b_StressOracle,cross_regime,M_stress,650,True,1,481.2,481.2,0.0,0.0,1.0,23,23000002048
City-C,T4,1x,140.0,S1_CapRR,routine,M_routine,650,True,1,737.0,738.2,0.0,0.0,1.0,23,23000002048
City-C,T4,1x,140.0,S1_CapRR,cross_regime,M_stress,650,True,1,737.0,481.2,0.0,0.3472,1.0,23,23000002048
City-C,T4,1x,140.0,S2_Platform,routine,M_routine,650,True,1,377.7,549.9,0.0,0.0,1.0,23,23000002048
City-C,T4,1x,140.0,S2_Platform,cross_regime,M_stress,650,True,1,377.7,360.0,0.0,0.0468,1.0,23,23000002048
City-C,T4,1x,140.0,S3_Lin4,routine,M_routine,650,True,1,625.3,738.2,0.0,0.0,1.0,23,23000002048
City-C,T4,1x,140.0,S3_Lin4,cross_regime,M_stress,650,True,1,625.3,481.2,0.0,0.2306,1.0,23,23000002048
City-C,T4,1x,140.0,S4_GlobalCalib,routine,M_routine,650,True,1,730.8,738.2,0.0,0.0,1.0,23,23000002048
City-C,T4,1x,140.0,S4_GlobalCalib,cross_regime,M_stress,650,True,1,730.8,481.2,0.0,0.3416,1.0,23,23000002048
City-C,T4,1x,140.0,S5_CityCalib,routine,M_routine,650,True,1,731.8,738.2,0.0,0.0,1.0,23,23000002048
City-C,T4,1x,140.0,S5_CityCalib,cross_regime,M_stress,650,True,1,731.8,481.2,0.0,0.3425,1.0,23,23000002048
City-C,T4,1x,140.0,S6_Q10,routine,M_routine,650,True,1,723.7,738.2,0.0,0.0,1.0,23,23000002048
City-C,T4,1x,140.0,S6_Q10,cross_regime,M_stress,650,True,1,723.7,481.2,0.0,0.3351,1.0,23,23000002048
City-C,T4,2x,280.0,S0a_RoutineOracle,routine,M_routine,650,True,1,738.2,738.2,0.0,0.0,1.0,23,23000002048
City-C,T4,2x,280.0,S0a_RoutineOracle,cross_regime,M_stress,650,True,1,738.2,481.2,0.0,0.3482,1.0,23,23000002048
City-C,T4,2x,280.0,S0b_StressOracle,routine,M_routine,650,True,1,481.2,738.2,0.0,0.0,1.0,23,23000002048
City-C,T4,2x,280.0,S0b_StressOracle,cross_regime,M_stress,650,True,1,481.2,481.2,0.0,0.0,1.0,23,23000002048
City-C,T4,2x,280.0,S1_CapRR,routine,M_routine,650,True,1,737.0,738.2,0.0,0.0,1.0,23,23000002048
City-C,T4,2x,280.0,S1_CapRR,cross_regime,M_stress,650,True,1,737.0,481.2,0.0,0.3472,1.0,23,23000002048
City-C,T4,2x,280.0,S2_Platform,routine,M_routine,650,True,1,377.7,549.9,0.0,0.0,1.0,23,23000002048
City-C,T4,2x,280.0,S2_Platform,cross_regime,M_stress,650,True,1,377.7,360.0,0.0,0.0468,1.0,23,23000002048
City-C,T4,2x,280.0,S3_Lin4,routine,M_routine,650,True,1,625.3,738.2,0.0,0.0,1.0,23,23000002048
City-C,T4,2x,280.0,S3_Lin4,cross_regime,M_stress,650,True,1,625.3,481.2,0.0,0.2306,1.0,23,23000002048
City-C,T4,2x,280.0,S4_GlobalCalib,routine,M_routine,650,True,1,730.8,738.2,0.0,0.0,1.0,23,23000002048
City-C,T4,2x,280.0,S4_GlobalCalib,cross_regime,M_stress,650,True,1,730.8,481.2,0.0,0.3416,1.0,23,23000002048
City-C,T4,2x,280.0,S5_CityCalib,routine,M_routine,650,True,1,731.8,738.2,0.0,0.0,1.0,23,23000002048
City-C,T4,2x,280.0,S5_CityCalib,cross_regime,M_stress,650,True,1,731.8,481.2,0.0,0.3425,1.0,23,23000002048
City-C,T4,2x,280.0,S6_Q10,routine,M_routine,650,True,1,723.7,738.2,0.0,0.0,1.0,23,23000002048
City-C,T4,2x,280.0,S6_Q10,cross_regime,M_stress,650,True,1,723.7,481.2,0.0,0.3351,1.0,23,23000002048
City-C,T4,5x,700.0,S0a_RoutineOracle,routine,M_routine,650,True,1,738.2,738.2,0.0,0.0,1.0,23,23000002048
City-C,T4,5x,700.0,S0a_RoutineOracle,cross_regime,M_stress,650,True,1,738.2,481.2,218.8,0.3482,0.0,23,23000002048
City-C,T4,5x,700.0,S0b_StressOracle,routine,M_routine,650,True,2,940.9,1442.7,0.0,0.0,1.0,23,23000002048
City-C,T4,5x,700.0,S0b_StressOracle,cross_regime,M_stress,650,True,2,940.9,940.9,0.0,0.0,1.0,23,23000002048
City-C,T4,5x,700.0,S1_CapRR,routine,M_routine,650,True,1,737.0,738.2,0.0,0.0,1.0,23,23000002048
City-C,T4,5x,700.0,S1_CapRR,cross_regime,M_stress,650,True,1,737.0,481.2,218.8,0.3472,0.0,23,23000002048
City-C,T4,5x,700.0,S2_Platform,routine,M_routine,650,True,2,738.2,1254.4,0.0,0.0,1.0,23,23000002048
City-C,T4,5x,700.0,S2_Platform,cross_regime,M_stress,650,True,2,738.2,819.8,0.0,0.0,1.0,23,23000002048
City-C,T4,5x,700.0,S3_Lin4,routine,M_routine,650,True,2,1224.6,1442.7,0.0,0.0,1.0,23,23000002048
City-C,T4,5x,700.0,S3_Lin4,cross_regime,M_stress,650,True,2,1224.6,940.9,0.0,0.2316,1.0,23,23000002048
City-C,T4,5x,700.0,S4_GlobalCalib,routine,M_routine,650,True,1,730.8,738.2,0.0,0.0,1.0,23,23000002048
City-C,T4,5x,700.0,S4_GlobalCalib,cross_regime,M_stress,650,True,1,730.8,481.2,218.8,0.3416,0.0,23,23000002048
City-C,T4,5x,700.0,S5_CityCalib,routine,M_routine,650,True,1,731.8,738.2,0.0,0.0,1.0,23,23000002048
City-C,T4,5x,700.0,S5_CityCalib,cross_regime,M_stress,650,True,1,731.8,481.2,218.8,0.3425,0.0,23,23000002048
City-C,T4,5x,700.0,S6_Q10,routine,M_routine,650,True,1,723.7,738.2,0.0,0.0,1.0,23,23000002048
City-C,T4,5x,700.0,S6_Q10,cross_regime,M_stress,650,True,1,723.7,481.2,218.8,0.3351,0.0,23,23000002048
City-C,T4,10x,1400.0,S0a_RoutineOracle,routine,M_routine,650,True,2,1442.7,1442.7,0.0,0.0,1.0,23,23000002048
City-C,T4,10x,1400.0,S0a_RoutineOracle,cross_regime,M_stress,650,True,2,1442.7,940.9,459.1,0.3478,0.0,23,23000002048
City-C,T4,10x,1400.0,S0b_StressOracle,routine,M_routine,650,True,4,1744.2,2666.0,0.0,0.0,1.0,23,23000002048
City-C,T4,10x,1400.0,S0b_StressOracle,cross_regime,M_stress,650,True,4,1744.2,1744.2,0.0,0.0,1.0,23,23000002048
City-C,T4,10x,1400.0,S1_CapRR,routine,M_routine,650,True,2,1439.5,1442.7,0.0,0.0,1.0,23,23000002048
City-C,T4,10x,1400.0,S1_CapRR,cross_regime,M_stress,650,True,2,1439.5,940.9,459.1,0.3464,0.0,23,23000002048
City-C,T4,10x,1400.0,S2_Platform,routine,M_routine,650,True,4,1425.4,2405.4,0.0,0.0,1.0,23,23000002048
City-C,T4,10x,1400.0,S2_Platform,cross_regime,M_stress,650,True,4,1425.4,1573.6,0.0,0.0,1.0,23,23000002048
City-C,T4,10x,1400.0,S3_Lin4,routine,M_routine,650,True,3,1812.2,2084.5,0.0,0.0,1.0,23,23000002048
City-C,T4,10x,1400.0,S3_Lin4,cross_regime,M_stress,650,True,3,1812.2,1360.7,39.3,0.2492,0.0,23,23000002048
City-C,T4,10x,1400.0,S4_GlobalCalib,routine,M_routine,650,True,2,1427.3,1442.7,0.0,0.0,1.0,23,23000002048
City-C,T4,10x,1400.0,S4_GlobalCalib,cross_regime,M_stress,650,True,2,1427.3,940.9,459.1,0.3408,0.0,23,23000002048
City-C,T4,10x,1400.0,S5_CityCalib,routine,M_routine,650,True,2,1429.4,1442.7,0.0,0.0,1.0,23,23000002048
City-C,T4,10x,1400.0,S5_CityCalib,cross_regime,M_stress,650,True,2,1429.4,940.9,459.1,0.3417,0.0,23,23000002048
City-C,T4,10x,1400.0,S6_Q10,routine,M_routine,650,True,2,1413.4,1442.7,0.0,0.0,1.0,23,23000002048
City-C,T4,10x,1400.0,S6_Q10,cross_regime,M_stress,650,True,2,1413.4,940.9,459.1,0.3343,0.0,23,23000002048
City-C,T5,1x,160.0,S0a_RoutineOracle,routine,M_routine,650,True,1,651.6,651.6,0.0,0.0,1.0,23,23000002048
City-C,T5,1x,160.0,S0a_RoutineOracle,cross_regime,M_stress,650,True,1,651.6,423.6,0.0,0.3499,1.0,23,23000002048
City-C,T5,1x,160.0,S0b_StressOracle,routine,M_routine,650,True,1,423.6,651.6,0.0,0.0,1.0,23,23000002048
City-C,T5,1x,160.0,S0b_StressOracle,cross_regime,M_stress,650,True,1,423.6,423.6,0.0,0.0,1.0,23,23000002048
City-C,T5,1x,160.0,S1_CapRR,routine,M_routine,650,True,1,648.6,651.6,0.0,0.0,1.0,23,23000002048
City-C,T5,1x,160.0,S1_CapRR,cross_regime,M_stress,650,True,1,648.6,423.6,0.0,0.3469,1.0,23,23000002048
City-C,T5,1x,160.0,S2_Platform,routine,M_routine,650,True,1,451.5,651.6,0.0,0.0,1.0,23,23000002048
City-C,T5,1x,160.0,S2_Platform,cross_regime,M_stress,650,True,1,451.5,423.6,0.0,0.0618,1.0,23,23000002048
City-C,T5,1x,160.0,S3_Lin4,routine,M_routine,650,True,1,606.4,651.6,0.0,0.0,1.0,23,23000002048
City-C,T5,1x,160.0,S3_Lin4,cross_regime,M_stress,650,True,1,606.4,423.6,0.0,0.3014,1.0,23,23000002048
City-C,T5,1x,160.0,S4_GlobalCalib,routine,M_routine,650,True,1,644.0,651.6,0.0,0.0,1.0,23,23000002048
City-C,T5,1x,160.0,S4_GlobalCalib,cross_regime,M_stress,650,True,1,644.0,423.6,0.0,0.3422,1.0,23,23000002048
City-C,T5,1x,160.0,S5_CityCalib,routine,M_routine,650,True,1,644.9,651.6,0.0,0.0,1.0,23,23000002048
City-C,T5,1x,160.0,S5_CityCalib,cross_regime,M_stress,650,True,1,644.9,423.6,0.0,0.3431,1.0,23,23000002048
City-C,T5,1x,160.0,S6_Q10,routine,M_routine,650,True,1,637.1,651.6,0.0,0.0,1.0,23,23000002048
City-C,T5,1x,160.0,S6_Q10,cross_regime,M_stress,650,True,1,637.1,423.6,0.0,0.3351,1.0,23,23000002048
City-C,T5,2x,320.0,S0a_RoutineOracle,routine,M_routine,650,True,1,651.6,651.6,0.0,0.0,1.0,23,23000002048
City-C,T5,2x,320.0,S0a_RoutineOracle,cross_regime,M_stress,650,True,1,651.6,423.6,0.0,0.3499,1.0,23,23000002048
City-C,T5,2x,320.0,S0b_StressOracle,routine,M_routine,650,True,1,423.6,651.6,0.0,0.0,1.0,23,23000002048
City-C,T5,2x,320.0,S0b_StressOracle,cross_regime,M_stress,650,True,1,423.6,423.6,0.0,0.0,1.0,23,23000002048
City-C,T5,2x,320.0,S1_CapRR,routine,M_routine,650,True,1,648.6,651.6,0.0,0.0,1.0,23,23000002048
City-C,T5,2x,320.0,S1_CapRR,cross_regime,M_stress,650,True,1,648.6,423.6,0.0,0.3469,1.0,23,23000002048
City-C,T5,2x,320.0,S2_Platform,routine,M_routine,650,True,1,451.5,651.6,0.0,0.0,1.0,23,23000002048
City-C,T5,2x,320.0,S2_Platform,cross_regime,M_stress,650,True,1,451.5,423.6,0.0,0.0618,1.0,23,23000002048
City-C,T5,2x,320.0,S3_Lin4,routine,M_routine,650,True,1,606.4,651.6,0.0,0.0,1.0,23,23000002048
City-C,T5,2x,320.0,S3_Lin4,cross_regime,M_stress,650,True,1,606.4,423.6,0.0,0.3014,1.0,23,23000002048
City-C,T5,2x,320.0,S4_GlobalCalib,routine,M_routine,650,True,1,644.0,651.6,0.0,0.0,1.0,23,23000002048
City-C,T5,2x,320.0,S4_GlobalCalib,cross_regime,M_stress,650,True,1,644.0,423.6,0.0,0.3422,1.0,23,23000002048
City-C,T5,2x,320.0,S5_CityCalib,routine,M_routine,650,True,1,644.9,651.6,0.0,0.0,1.0,23,23000002048
City-C,T5,2x,320.0,S5_CityCalib,cross_regime,M_stress,650,True,1,644.9,423.6,0.0,0.3431,1.0,23,23000002048
City-C,T5,2x,320.0,S6_Q10,routine,M_routine,650,True,1,637.1,651.6,0.0,0.0,1.0,23,23000002048
City-C,T5,2x,320.0,S6_Q10,cross_regime,M_stress,650,True,1,637.1,423.6,0.0,0.3351,1.0,23,23000002048
City-C,T5,5x,800.0,S0a_RoutineOracle,routine,M_routine,650,True,2,1265.4,1265.4,0.0,0.0,1.0,23,23000002048
City-C,T5,5x,800.0,S0a_RoutineOracle,cross_regime,M_stress,650,True,2,1265.4,829.4,0.0,0.3446,1.0,23,23000002048
City-C,T5,5x,800.0,S0b_StressOracle,routine,M_routine,650,True,2,829.4,1265.4,0.0,0.0,1.0,23,23000002048
City-C,T5,5x,800.0,S0b_StressOracle,cross_regime,M_stress,650,True,2,829.4,829.4,0.0,0.0,1.0,23,23000002048
City-C,T5,5x,800.0,S1_CapRR,routine,M_routine,650,True,2,1266.8,1265.4,0.0,0.0011,1.0,23,23000002048
City-C,T5,5x,800.0,S1_CapRR,cross_regime,M_stress,650,True,2,1266.8,829.4,0.0,0.3453,1.0,23,23000002048
City-C,T5,5x,800.0,S2_Platform,routine,M_routine,650,True,2,882.9,1163.5,0.0,0.0,1.0,23,23000002048
City-C,T5,5x,800.0,S2_Platform,cross_regime,M_stress,650,True,2,882.9,757.0,43.0,0.1426,0.0,23,23000002048
City-C,T5,5x,800.0,S3_Lin4,routine,M_routine,650,True,2,1186.0,1265.4,0.0,0.0,1.0,23,23000002048
City-C,T5,5x,800.0,S3_Lin4,cross_regime,M_stress,650,True,2,1186.0,829.4,0.0,0.3007,1.0,23,23000002048
City-C,T5,5x,800.0,S4_GlobalCalib,routine,M_routine,650,True,2,1257.8,1265.4,0.0,0.0,1.0,23,23000002048
City-C,T5,5x,800.0,S4_GlobalCalib,cross_regime,M_stress,650,True,2,1257.8,829.4,0.0,0.3406,1.0,23,23000002048
City-C,T5,5x,800.0,S5_CityCalib,routine,M_routine,650,True,2,1259.5,1265.4,0.0,0.0,1.0,23,23000002048
City-C,T5,5x,800.0,S5_CityCalib,cross_regime,M_stress,650,True,2,1259.5,829.4,0.0,0.3415,1.0,23,23000002048
City-C,T5,5x,800.0,S6_Q10,routine,M_routine,650,True,2,1244.3,1265.4,0.0,0.0,1.0,23,23000002048
City-C,T5,5x,800.0,S6_Q10,cross_regime,M_stress,650,True,2,1244.3,829.4,0.0,0.3335,1.0,23,23000002048
City-C,T5,10x,1600.0,S0a_RoutineOracle,routine,M_routine,650,True,3,1831.9,1831.9,0.0,0.0,1.0,23,23000002048
City-C,T5,10x,1600.0,S0a_RoutineOracle,cross_regime,M_stress,650,True,3,1831.9,1199.4,400.6,0.3453,0.0,23,23000002048
City-C,T5,10x,1600.0,S0b_StressOracle,routine,M_routine,650,True,5,1871.7,2813.2,0.0,0.0,1.0,23,23000002048
City-C,T5,10x,1600.0,S0b_StressOracle,cross_regime,M_stress,650,True,5,1871.7,1871.7,0.0,0.0,1.0,23,23000002048
City-C,T5,10x,1600.0,S1_CapRR,routine,M_routine,650,True,3,1831.4,1831.9,0.0,0.0,1.0,23,23000002048
City-C,T5,10x,1600.0,S1_CapRR,cross_regime,M_stress,650,True,3,1831.4,1199.4,400.6,0.3451,0.0,23,23000002048
City-C,T5,10x,1600.0,S2_Platform,routine,M_routine,650,True,4,1670.1,2083.9,0.0,0.0,1.0,23,23000002048
City-C,T5,10x,1600.0,S2_Platform,cross_regime,M_stress,650,True,4,1670.1,1359.6,240.4,0.1859,0.0,23,23000002048
City-C,T5,10x,1600.0,S3_Lin4,routine,M_routine,650,True,3,1758.2,1831.9,0.0,0.0,1.0,23,23000002048
City-C,T5,10x,1600.0,S3_Lin4,cross_regime,M_stress,650,True,3,1758.2,1199.4,400.6,0.3178,0.0,23,23000002048
City-C,T5,10x,1600.0,S4_GlobalCalib,routine,M_routine,650,True,3,1818.4,1831.9,0.0,0.0,1.0,23,23000002048
City-C,T5,10x,1600.0,S4_GlobalCalib,cross_regime,M_stress,650,True,3,1818.4,1199.4,400.6,0.3404,0.0,23,23000002048
City-C,T5,10x,1600.0,S5_CityCalib,routine,M_routine,650,True,3,1820.8,1831.9,0.0,0.0,1.0,23,23000002048
City-C,T5,10x,1600.0,S5_CityCalib,cross_regime,M_stress,650,True,3,1820.8,1199.4,400.6,0.3413,0.0,23,23000002048
City-C,T5,10x,1600.0,S6_Q10,routine,M_routine,650,True,3,1798.8,1831.9,0.0,0.0,1.0,23,23000002048
City-C,T5,10x,1600.0,S6_Q10,cross_regime,M_stress,650,True,3,1798.8,1199.4,400.6,0.3332,0.0,23,23000002048
