city,task_id,p_req_level,p_req,strategy,regime,eval_outcome,pool_size,pool_feasible,n_selected,p_commit,p_deliv,shortfall,ocr,success,seed_id,master_seed
City-A,T1,1x,180.0,S0a_RoutineOracle,routine,M_routine,800,True,1,677.8,677.8,0.0,0.0,1.0,27,27000002048
City-A,T1,1x,180.0,S0a_RoutineOracle,cross_regime,M_stress,800,True,1,677.8,445.9,0.0,0.3421,1.0,27,27000002048
City-A,T1,1x,180.0,S0b_StressOracle,routine,M_routine,800,True,1,445.9,677.8,0.0,0.0,1.0,27,27000002048
City-A,T1,1x,180.0,S0b_StressOracle,cross_regime,M_stress,800,True,1,445.9,445.9,0.0,0.0,1.0,27,27000002048
City-A,T1,1x,180.0,S1_CapRR,routine,M_routine,800,True,1,678.2,677.8,0.0,0.0005,1.0,27,27000002048
City-A,T1,1x,180.0,S1_CapRR,cross_regime,M_stress,800,True,1,678.2,445.9,0.0,0.3425,1.0,27,27000002048
City-A,T1,1x,180.0,S2_Platform,routine,M_routine,800,True,1,421.1,677.8,0.0,0.0,1.0,27,27000002048
City-A,T1,1x,180.0,S2_Platform,cross_regime,M_stress,800,True,1,421.1,445.9,0.0,0.0,1.0,27,27000002048
City-A,T1,1x,180.0,S3_Lin4,routine,M_routine,800,True,1,731.2,677.8,0.0,0.073,1.0,27,27000002048
City-A,T1,1x,180.0,S3_Lin4,cross_regime,M_stress,800,True,1,731.2,445.9,0.0,0.3901,1.0,27,27000002048
City-A,T1,1x,180.0,S4_GlobalCalib,routine,M_routine,800,True,1,675.5,677.8,0.0,0.0,1.0,27,27000002048
City-A,T1,1x,180.0,S4_GlobalCalib,cross_regime,M_stress,800,True,1,675.5,445.9,0.0,0.3399,1.0,27,27000002048
City-A,T1,1x,180.0,S5_CityCalib,routine,M_routine,800,True,1,675.1,677.8,0.0,0.0,1.0,27,27000002048
City-A,T1,1x,180.0,S5_CityCalib,cross_regime,M_stress,800,True,1,675.1,445.9,0.0,0.3395,1.0,27,27000002048
City-A,T1,1x,180.0,S6_Q10,routine,M_routine,800,True,1,668.0,677.8,0.0,0.0,1.0,27,27000002048
City-A,T1,1x,180.0,S6_Q10,cross_regime,M_stress,800,True,1,668.0,445.9,0.0,0.3325,1.0,27,27000002048
City-A,T1,2x,360.0,S0a_RoutineOracle,routine,M_routine,800,True,1,677.8,677.8,0.0,0.0,1.0,27,27000002048
City-A,T1,2x,360.0,S0a_RoutineOracle,cross_regime,M_stress,800,True,1,677.8,445.9,0.0,0.3421,1.0,27,27000002048
City-A,T1,2x,360.0,S0b_StressOracle,routine,M_routine,800,True,1,445.9,677.8,0.0,0.0,1.0,27,27000002048
City-A,T1,2x,360.0,S0b_StressOracle,cross_regime,M_stress,800,True,1,445.9,445.9,0.0,0.0,1.0,27,27000002048
City-A,T1,2x,360.0,S1_CapRR,routine,M_routine,800,True,1,678.2,677.8,0.0,0.0005,1.0,27,27000002048
City-A,T1,2x,360.0,S1_CapRR,cross_regime,M_stress,800,True,1,678.2,445.9,0.0,0.3425,1.0,27,27000002048
City-A,T1,2x,360.0,S2_Platform,routine,M_routine,800,True,1,421.1,677.8,0.0,0.0,1.0,27,27000002048
City-A,T1,2x,360.0,S2_Platform,cross_regime,M_stress,800,True,1,421.1,445.9,0.0,0.0,1.0,27,27000002048
City-A,T1,2x,360.0,S3_Lin4,routine,M_routine,800,True,1,731.2,677.8,0.0,0.073,1.0,27,27000002048
City-A,T1,2x,360.0,S3_Lin4,cross_regime,M_stress,800,True,1,731.2,445.9,0.0,0.3901,1.0,27,27000002048
City-A,T1,2x,360.0,S4_GlobalCalib,routine,M_routine,800,True,1,675.5,677.8,0.0,0.0,1.0,27,27000002048
City-A,T1,2x,360.0,S4_GlobalCalib,cross_regime,M_stress,800,True,1,675.5,445.9,0.0,0.3399,1.0,27,27000002048
City-A,T1,2x,360.0,S5_CityCalib,routine,M_routine,800,True,1,675.1,677.8,0.0,0.0,1.0,27,27000002048
City-A,T1,2x,360.0,S5_CityCalib,cross_regime,M_stress,800,True,1,675.1,445.9,0.0,0.3395,1.0,27,27000002048
City-A,T1,2x,360.0,S6_Q10,routine,M_routine,800,True,1,668.0,677.8,0.0,0.0,1.0,27,27000002048
City-A,T1,2x,360.0,S6_Q10,cross_regime,M_stress,800,True,1,668.0,445.9,0.0,0.3325,1.0,27,27000002048
City-A,T1,5x,900.0,S0a_RoutineOracle,routine,M_routine,800,True,2,1294.8,1294.8,0.0,0.0,1.0,27,27000002048
City-A,T1,5x,900.0,S0a_RoutineOracle,cross_regime,M_stress,800,True,2,1294.8,849.6,50.4,0.3439,0.0,27,27000002048
City-A,T1,5x,900.0,S0b_StressOracle,routine,M_routine,800,True,3,1241.1,1892.6,0.0,0.0,1.0,27,27000002048
City-A,T1,5x,900.0,S0b_StressOracle,cross_regime,M_stress,800,True,3,1241.1,1241.1,0.0,0.0,1.0,27,27000002048
City-A,T1,5x,900.0,S1_CapRR,routine,M_routine,800,True,2,1293.4,1294.8,0.0,0.0,1.0,27,27000002048
City-A,T1,5x,900.0,S1_CapRR,cross_regime,M_stress,800,True,2,1293.4,849.6,50.4,0.3431,0.0,27,27000002048
City-A,T1,5x,900.0,S2_Platform,routine,M_routine,800,True,3,1202.1,1815.8,0.0,0.0,1.0,27,27000002048
City-A,T1,5x,900.0,S2_Platform,cross_regime,M_stress,800,True,3,1202.1,1192.6,0.0,0.0079,1.0,27,27000002048
City-A,T1,5x,900.0,S3_Lin4,routine,M_routine,800,True,2,1307.1,1275.6,0.0,0.0241,1.0,27,27000002048
City-A,T1,5x,900.0,S3_Lin4,cross_regime,M_stress,800,True,2,1307.1,837.4,62.6,0.3594,0.0,27,27000002048
City-A,T1,5x,900.0,S4_GlobalCalib,routine,M_routine,800,True,2,1288.4,1294.8,0.0,0.0,1.0,27,27000002048
City-A,T1,5x,900.0,S4_GlobalCalib,cross_regime,M_stress,800,True,2,1288.4,849.6,50.4,0.3406,0.0,27,27000002048
City-A,T1,5x,900.0,S5_CityCalib,routine,M_routine,800,True,2,1287.6,1294.8,0.0,0.0,1.0,27,27000002048
City-A,T1,5x,900.0,S5_CityCalib,cross_regime,M_stress,800,True,2,1287.6,849.6,50.4,0.3402,0.0,27,27000002048
City-A,T1,5x,900.0,S6_Q10,routine,M_routine,800,True,2,1274.0,1294.8,0.0,0.0,1.0,27,27000002048
City-A,T1,5x,900.0,S6_Q10,cross_regime,M_stress,800,True,2,1274.0,849.6,50.4,0.3332,0.0,27,27000002048
City-A,T1,10x,1800.0,S0a_RoutineOracle,routine,M_routine,800,True,3,1892.6,1892.6,0.0,0.0,1.0,27,27000002048
City-A,T1,10x,1800.0,S0a_RoutineOracle,cross_regime,M_stress,800,True,3,1892.6,1241.1,558.9,0.3443,0.0,27,27000002048
City-A,T1,10x,1800.0,S0b_StressOracle,routine,M_routine,800,True,5,1995.2,3044.2,0.0,0.0,1.0,27,27000002048
City-A,T1,10x,1800.0,S0b_StressOracle,cross_regime,M_stress,800,True,5,1995.2,1995.2,0.0,0.0,1.0,27,27000002048
City-A,T1,10x,1800.0,S1_CapRR,routine,M_routine,800,True,3,1889.7,1892.6,0.0,0.0,1.0,27,27000002048
City-A,T1,10x,1800.0,S1_CapRR,cross_regime,M_stress,800,True,3,1889.7,1241.1,558.9,0.3432,0.0,27,27000002048
City-A,T1,10x,1800.0,S2_Platform,routine,M_routine,800,True,5,1914.5,2886.8,0.0,0.0,1.0,27,27000002048
City-A,T1,10x,1800.0,S2_Platform,cross_regime,M_stress,800,True,5,1914.5,1894.3,0.0,0.0106,1.0,27,27000002048
City-A,T1,10x,1800.0,S3_Lin4,routine,M_routine,800,True,3,1873.8,1806.4,0.0,0.036,1.0,27,27000002048
City-A,T1,10x,1800.0,S3_Lin4,cross_regime,M_stress,800,True,3,1873.8,1184.9,615.1,0.3676,0.0,27,27000002048
City-A,T1,10x,1800.0,S4_GlobalCalib,routine,M_routine,800,True,3,1882.4,1892.6,0.0,0.0,1.0,27,27000002048
City-A,T1,10x,1800.0,S4_GlobalCalib,cross_regime,M_stress,800,True,3,1882.4,1241.1,558.9,0.3407,0.0,27,27000002048
City-A,T1,10x,1800.0,S5_CityCalib,routine,M_routine,800,True,3,1881.2,1892.6,0.0,0.0,1.0,27,27000002048
City-A,T1,10x,1800.0,S5_CityCalib,cross_regime,M_stress,800,True,3,1881.2,1241.1,558.9,0.3403,0.0,27,27000002048
City-A,T1,10x,1800.0,S6_Q10,routine,M_routine,800,True,3,1861.5,1892.6,0.0,0.0,1.0,27,27000002048
City-A,T1,10x,1800.0,S6_Q10,cross_regime,M_stress,800,True,3,1861.5,1241.1,558.9,0.3333,0.0,27,27000002048
City-A,T2,1x,260.0,S0a_RoutineOracle,routine,M_routine,800,True,1,670.6,670.6,0.0,0.0,1.0,27,27000002048
City-A,T2,1x,260.0,S0a_RoutineOracle,cross_regime,M_stress,800,True,1,670.6,437.7,0.0,0.3473,1.0,27,27000002048
City-A,T2,1x,260.0,S0b_StressOracle,routine,M_routine,800,True,1,437.7,670.6,0.0,0.0,1.0,27,27000002048
City-A,T2,1x,260.0,S0b_StressOracle,cross_regime,M_stress,800,True,1,437.7,437.7,0.0,0.0,1.0,27,27000002048
City-A,T2,1x,260.0,S1_CapRR,routine,M_routine,800,True,1,678.2,670.6,0.0,0.0112,1.0,27,27000002048
City-A,T2,1x,260.0,S1_CapRR,cross_regime,M_stress,800,True,1,678.2,437.7,0.0,0.3546,1.0,27,27000002048
City-A,T2,1x,260.0,S2_Platform,routine,M_routine,800,True,1,441.1,670.6,0.0,0.0,1.0,27,27000002048
City-A,T2,1x,260.0,S2_Platform,cross_regime,M_stress,800,True,1,441.1,437.7,0.0,0.0077,1.0,27,27000002048
City-A,T2,1x,260.0,S3_Lin4,routine,M_routine,800,True,1,728.0,670.6,0.0,0.0788,1.0,27,27000002048
City-A,T2,1x,260.0,S3_Lin4,cross_regime,M_stress,800,True,1,728.0,437.7,0.0,0.3987,1.0,27,27000002048
City-A,T2,1x,260.0,S4_GlobalCalib,routine,M_routine,800,True,1,675.6,670.6,0.0,0.0074,1.0,27,27000002048
City-A,T2,1x,260.0,S4_GlobalCalib,cross_regime,M_stress,800,True,1,675.6,437.7,0.0,0.3521,1.0,27,27000002048
City-A,T2,1x,260.0,S5_CityCalib,routine,M_routine,800,True,1,678.4,670.6,0.0,0.0115,1.0,27,27000002048
City-A,T2,1x,260.0,S5_CityCalib,cross_regime,M_stress,800,True,1,678.4,437.7,0.0,0.3548,1.0,27,27000002048
City-A,T2,1x,260.0,S6_Q10,routine,M_routine,800,True,1,667.2,670.6,0.0,0.0,1.0,27,27000002048
City-A,T2,1x,260.0,S6_Q10,cross_regime,M_stress,800,True,1,667.2,437.7,0.0,0.344,1.0,27,27000002048
City-A,T2,2x,520.0,S0a_RoutineOracle,routine,M_routine,800,True,1,670.6,670.6,0.0,0.0,1.0,27,27000002048
City-A,T2,2x,520.0,S0a_RoutineOracle,cross_regime,M_stress,800,True,1,670.6,437.7,82.3,0.3473,0.0,27,27000002048
City-A,T2,2x,520.0,S0b_StressOracle,routine,M_routine,800,True,2,836.1,1278.4,0.0,0.0,1.0,27,27000002048
City-A,T2,2x,520.0,S0b_StressOracle,cross_regime,M_stress,800,True,2,836.1,836.1,0.0,0.0,1.0,27,27000002048
City-A,T2,2x,520.0,S1_CapRR,routine,M_routine,800,True,1,678.2,670.6,0.0,0.0112,1.0,27,27000002048
City-A,T2,2x,520.0,S1_CapRR,cross_regime,M_stress,800,True,1,678.2,437.7,82.3,0.3546,0.0,27,27000002048
City-A,T2,2x,520.0,S2_Platform,routine,M_routine,800,True,2,849.9,1278.4,0.0,0.0,1.0,27,27000002048
City-A,T2,2x,520.0,S2_Platform,cross_regime,M_stress,800,True,2,849.9,836.1,0.0,0.0162,1.0,27,27000002048
City-A,T2,2x,520.0,S3_Lin4,routine,M_routine,800,True,1,728.0,670.6,0.0,0.0788,1.0,27,27000002048
City-A,T2,2x,520.0,S3_Lin4,cross_regime,M_stress,800,True,1,728.0,437.7,82.3,0.3987,0.0,27,27000002048
City-A,T2,2x,520.0,S4_GlobalCalib,routine,M_routine,800,True,1,675.6,670.6,0.0,0.0074,1.0,27,27000002048
City-A,T2,2x,520.0,S4_GlobalCalib,cross_regime,M_stress,800,True,1,675.6,437.7,82.3,0.3521,0.0,27,27000002048
City-A,T2,2x,520.0,S5_CityCalib,routine,M_routine,800,True,1,678.4,670.6,0.0,0.0115,1.0,27,27000002048
City-A,T2,2x,520.0,S5_CityCalib,cross_regime,M_stress,800,True,1,678.4,437.7,82.3,0.3548,0.0,27,27000002048
City-A,T2,2x,520.0,S6_Q10,routine,M_routine,800,True,1,667.2,670.6,0.0,0.0,1.0,27,27000002048
City-A,T2,2x,520.0,S6_Q10,cross_regime,M_stress,800,True,1,667.2,437.7,82.3,0.344,0.0,27,27000002048
City-A,T2,5x,1300.0,S0a_RoutineOracle,routine,M_routine,800,True,3,1867.9,1867.9,0.0,0.0,1.0,27,27000002048
City-A,T2,5x,1300.0,S0a_RoutineOracle,cross_regime,M_stress,800,True,3,1867.9,1222.0,78.0,0.3458,0.0,27,27000002048
City-A,T2,5x,1300.0,S0b_StressOracle,routine,M_routine,800,True,4,1600.0,2443.9,0.0,0.0,1.0,27,27000002048
City-A,T2,5x,1300.0,S0b_StressOracle,cross_regime,M_stress,800,True,4,1600.0,1600.0,0.0,0.0,1.0,27,27000002048
City-A,T2,5x,1300.0,S1_CapRR,routine,M_routine,800,True,3,1889.7,1867.9,0.0,0.0115,1.0,27,27000002048
City-A,T2,5x,1300.0,S1_CapRR,cross_regime,M_stress,800,True,3,1889.7,1222.0,78.0,0.3533,0.0,27,27000002048
City-A,T2,5x,1300.0,S2_Platform,routine,M_routine,800,True,4,1596.5,2351.7,0.0,0.0,1.0,27,27000002048
City-A,T2,5x,1300.0,S2_Platform,cross_regime,M_stress,800,True,4,1596.5,1538.3,0.0,0.0365,1.0,27,27000002048
City-A,T2,5x,1300.0,S3_Lin4,routine,M_routine,800,True,2,1300.8,1260.0,40.0,0.0313,0.0,27,27000002048
City-A,T2,5x,1300.0,S3_Lin4,cross_regime,M_stress,800,True,2,1300.8,823.5,476.5,0.3669,0.0,27,27000002048
City-A,T2,5x,1300.0,S4_GlobalCalib,routine,M_routine,800,True,3,1882.4,1867.9,0.0,0.0077,1.0,27,27000002048
City-A,T2,5x,1300.0,S4_GlobalCalib,cross_regime,M_stress,800,True,3,1882.4,1222.0,78.0,0.3509,0.0,27,27000002048
City-A,T2,5x,1300.0,S5_CityCalib,routine,M_routine,800,True,3,1890.3,1867.9,0.0,0.0119,1.0,27,27000002048
City-A,T2,5x,1300.0,S5_CityCalib,cross_regime,M_stress,800,True,3,1890.3,1222.0,78.0,0.3535,0.0,27,27000002048
City-A,T2,5x,1300.0,S6_Q10,routine,M_routine,800,True,3,1859.1,1867.9,0.0,0.0,1.0,27,27000002048
City-A,T2,5x,1300.0,S6_Q10,cross_regime,M_stress,800,True,3,1859.1,1222.0,78.0,0.3427,0.0,27,27000002048
City-A,T2,10x,2600.0,S0a_RoutineOracle,routine,M_routine,800,True,5,3002.0,3002.0,0.0,0.0,1.0,27,27000002048
City-A,T2,10x,2600.0,S0a_RoutineOracle,cross_regime,M_stress,800,True,5,3002.0,1965.9,634.1,0.3451,0.0,27,27000002048
City-A,T2,10x,2600.0,S0b_StressOracle,routine,M_routine,800,True,7,2644.7,4039.9,0.0,0.0,1.0,27,27000002048
City-A,T2,10x,2600.0,S0b_StressOracle,cross_regime,M_stress,800,True,7,2644.7,2644.7,0.0,0.0,1.0,27,27000002048
City-A,T2,10x,2600.0,S1_CapRR,routine,M_routine,800,True,5,3037.3,3002.0,0.0,0.0116,1.0,27,27000002048
City-A,T2,10x,2600.0,S1_CapRR,cross_regime,M_stress,800,True,5,3037.3,1965.9,634.1,0.3528,0.0,27,27000002048
City-A,T2,10x,2600.0,S2_Platform,routine,M_routine,800,True,7,2630.1,3856.6,0.0,0.0,1.0,27,27000002048
City-A,T2,10x,2600.0,S2_Platform,cross_regime,M_stress,800,True,7,2630.1,2550.2,49.8,0.0304,0.0,27,27000002048
City-A,T2,10x,2600.0,S3_Lin4,routine,M_routine,800,True,5,2932.0,2966.6,0.0,0.0,1.0,27,27000002048
City-A,T2,10x,2600.0,S3_Lin4,cross_regime,M_stress,800,True,5,2932.0,1942.5,657.5,0.3375,0.0,27,27000002048
City-A,T2,10x,2600.0,S4_GlobalCalib,routine,M_routine,800,True,5,3025.8,3002.0,0.0,0.0079,1.0,27,27000002048
City-A,T2,10x,2600.0,S4_GlobalCalib,cross_regime,M_stress,800,True,5,3025.8,1965.9,634.1,0.3503,0.0,27,27000002048
City-A,T2,10x,2600.0,S5_CityCalib,routine,M_routine,800,True,5,3038.3,3002.0,0.0,0.012,1.0,27,27000002048
City-A,T2,10x,2600.0,S5_CityCalib,cross_regime,M_stress,800,True,5,3038.3,1965.9,634.1,0.353,0.0,27,27000002048
City-A,T2,10x,2600.0,S6_Q10,routine,M_routine,800,True,5,2988.1,3002.0,0.0,0.0,1.0,27,27000002048
City-A,T2,10x,2600.0,S6_Q10,cross_regime,M_stress,800,True,5,2988.1,1965.9,634.1,0.3421,0.0,27,27000002048
City-A,T3,1x,200.0,S0a_RoutineOracle,routine,M_routine,800,True,1,598.7,598.7,0.0,0.0,1.0,27,27000002048
City-A,T3,1x,200.0,S0a_RoutineOracle,cross_regime,M_stress,800,True,1,598.7,391.1,0.0,0.3467,1.0,27,27000002048
City-A,T3,1x,200.0,S0b_StressOracle,routine,M_routine,800,True,1,391.1,598.7,0.0,0.0,1.0,27,27000002048
City-A,T3,1x,200.0,S0b_StressOracle,cross_regime,M_stress,800,True,1,391.1,391.1,0.0,0.0,1.0,27,27000002048
City-A,T3,1x,200.0,S1_CapRR,routine,M_routine,800,True,1,596.8,598.7,0.0,0.0,1.0,27,27000002048
City-A,T3,1x,200.0,S1_CapRR,cross_regime,M_stress,800,True,1,596.8,391.1,0.0,0.3447,1.0,27,27000002048
City-A,T3,1x,200.0,S2_Platform,routine,M_routine,800,True,1,470.7,598.7,0.0,0.0,1.0,27,27000002048
City-A,T3,1x,200.0,S2_Platform,cross_regime,M_stress,800,True,1,470.7,391.1,0.0,0.169,1.0,27,27000002048
City-A,T3,1x,200.0,S3_Lin4,routine,M_routine,800,True,1,725.6,598.7,0.0,0.1749,1.0,27,27000002048
City-A,T3,1x,200.0,S3_Lin4,cross_regime,M_stress,800,True,1,725.6,391.1,0.0,0.461,1.0,27,27000002048
City-A,T3,1x,200.0,S4_GlobalCalib,routine,M_routine,800,True,1,592.7,598.7,0.0,0.0,1.0,27,27000002048
City-A,T3,1x,200.0,S4_GlobalCalib,cross_regime,M_stress,800,True,1,592.7,391.1,0.0,0.3402,1.0,27,27000002048
City-A,T3,1x,200.0,S5_CityCalib,routine,M_routine,800,True,1,594.2,598.7,0.0,0.0,1.0,27,27000002048
City-A,T3,1x,200.0,S5_CityCalib,cross_regime,M_stress,800,True,1,594.2,391.1,0.0,0.3418,1.0,27,27000002048
City-A,T3,1x,200.0,S6_Q10,routine,M_routine,800,True,1,586.0,598.7,0.0,0.0,1.0,27,27000002048
City-A,T3,1x,200.0,S6_Q10,cross_regime,M_stress,800,True,1,586.0,391.1,0.0,0.3326,1.0,27,27000002048
City-A,T3,2x,400.0,S0a_RoutineOracle,routine,M_routine,800,True,1,598.7,598.7,0.0,0.0,1.0,27,27000002048
City-A,T3,2x,400.0,S0a_RoutineOracle,cross_regime,M_stress,800,True,1,598.7,391.1,8.9,0.3467,0.0,27,27000002048
City-A,T3,2x,400.0,S0b_StressOracle,routine,M_routine,800,True,2,746.8,1138.6,0.0,0.0,1.0,27,27000002048
City-A,T3,2x,400.0,S0b_StressOracle,cross_regime,M_stress,800,True,2,746.8,746.8,0.0,0.0,1.0,27,27000002048
City-A,T3,2x,400.0,S1_CapRR,routine,M_routine,800,True,1,596.8,598.7,0.0,0.0,1.0,27,27000002048
City-A,T3,2x,400.0,S1_CapRR,cross_regime,M_stress,800,True,1,596.8,391.1,8.9,0.3447,0.0,27,27000002048
City-A,T3,2x,400.0,S2_Platform,routine,M_routine,800,True,1,470.7,598.7,0.0,0.0,1.0,27,27000002048
City-A,T3,2x,400.0,S2_Platform,cross_regime,M_stress,800,True,1,470.7,391.1,8.9,0.169,0.0,27,27000002048
City-A,T3,2x,400.0,S3_Lin4,routine,M_routine,800,True,1,725.6,598.7,0.0,0.1749,1.0,27,27000002048
City-A,T3,2x,400.0,S3_Lin4,cross_regime,M_stress,800,True,1,725.6,391.1,8.9,0.461,0.0,27,27000002048
City-A,T3,2x,400.0,S4_GlobalCalib,routine,M_routine,800,True,1,592.7,598.7,0.0,0.0,1.0,27,27000002048
City-A,T3,2x,400.0,S4_GlobalCalib,cross_regime,M_stress,800,True,1,592.7,391.1,8.9,0.3402,0.0,27,27000002048
City-A,T3,2x,400.0,S5_CityCalib,routine,M_routine,800,True,1,594.2,598.7,0.0,0.0,1.0,27,27000002048
City-A,T3,2x,400.0,S5_CityCalib,cross_regime,M_stress,800,True,1,594.2,391.1,8.9,0.3418,0.0,27,27000002048
City-A,T3,2x,400.0,S6_Q10,routine,M_routine,800,True,1,586.0,598.7,0.0,0.0,1.0,27,27000002048
City-A,T3,2x,400.0,S6_Q10,cross_regime,M_stress,800,True,1,586.0,391.1,8.9,0.3326,0.0,27,27000002048
City-A,T3,5x,1000.0,S0a_RoutineOracle,routine,M_routine,800,True,2,1138.6,1138.6,0.0,0.0,1.0,27,27000002048
City-A,T3,5x,1000.0,S0a_RoutineOracle,cross_regime,M_stress,800,True,2,1138.6,746.8,253.2,0.3441,0.0,27,27000002048
City-A,T3,5x,1000.0,S0b_StressOracle,routine,M_routine,800,True,3,1090.5,1665.2,0.0,0.0,1.0,27,27000002048
City-A,T3,5x,1000.0,S0b_StressOracle,cross_regime,M_stress,800,True,3,1090.5,1090.5,0.0,0.0,1.0,27,27000002048
City-A,T3,5x,1000.0,S1_CapRR,routine,M_routine,800,True,2,1138.1,1138.6,0.0,0.0,1.0,27,27000002048
City-A,T3,5x,1000.0,S1_CapRR,cross_regime,M_stress,800,True,2,1138.1,746.8,253.2,0.3439,0.0,27,27000002048
City-A,T3,5x,1000.0,S2_Platform,routine,M_routine,800,True,3,1264.8,1625.1,0.0,0.0,1.0,27,27000002048
City-A,T3,5x,1000.0,S2_Platform,cross_regime,M_stress,800,True,3,1264.8,1062.2,0.0,0.1602,1.0,27,27000002048
City-A,T3,5x,1000.0,S3_Lin4,routine,M_routine,800,True,2,1286.7,1125.3,0.0,0.1254,1.0,27,27000002048
City-A,T3,5x,1000.0,S3_Lin4,cross_regime,M_stress,800,True,2,1286.7,734.8,265.2,0.4289,0.0,27,27000002048
City-A,T3,5x,1000.0,S4_GlobalCalib,routine,M_routine,800,True,2,1130.4,1138.6,0.0,0.0,1.0,27,27000002048
City-A,T3,5x,1000.0,S4_GlobalCalib,cross_regime,M_stress,800,True,2,1130.4,746.8,253.2,0.3394,0.0,27,27000002048
City-A,T3,5x,1000.0,S5_CityCalib,routine,M_routine,800,True,2,1133.1,1138.6,0.0,0.0,1.0,27,27000002048
City-A,T3,5x,1000.0,S5_CityCalib,cross_regime,M_stress,800,True,2,1133.1,746.8,253.2,0.341,0.0,27,27000002048
City-A,T3,5x,1000.0,S6_Q10,routine,M_routine,800,True,2,1117.4,1138.6,0.0,0.0,1.0,27,27000002048
City-A,T3,5x,1000.0,S6_Q10,cross_regime,M_stress,800,True,2,1117.4,746.8,253.2,0.3317,0.0,27,27000002048
City-A,T3,10x,2000.0,S0a_RoutineOracle,routine,M_routine,800,True,4,2180.6,2180.6,0.0,0.0,1.0,27,27000002048
City-A,T3,10x,2000.0,S0a_RoutineOracle,cross_regime,M_stress,800,True,4,2180.6,1425.8,574.2,0.3461,0.0,27,27000002048
City-A,T3,10x,2000.0,S0b_StressOracle,routine,M_routine,800,True,6,2059.1,3147.3,0.0,0.0,1.0,27,27000002048
City-A,T3,10x,2000.0,S0b_StressOracle,cross_regime,M_stress,800,True,6,2059.1,2059.1,0.0,0.0,1.0,27,27000002048
City-A,T3,10x,2000.0,S1_CapRR,routine,M_routine,800,True,4,2175.3,2180.6,0.0,0.0,1.0,27,27000002048
City-A,T3,10x,2000.0,S1_CapRR,cross_regime,M_stress,800,True,4,2175.3,1425.8,574.2,0.3446,0.0,27,27000002048
City-A,T3,10x,2000.0,S2_Platform,routine,M_routine,800,True,6,2357.9,3105.8,0.0,0.0,1.0,27,27000002048
City-A,T3,10x,2000.0,S2_Platform,cross_regime,M_stress,800,True,6,2357.9,2032.1,0.0,0.1381,1.0,27,27000002048
City-A,T3,10x,2000.0,S3_Lin4,routine,M_routine,800,True,4,2360.9,2132.2,0.0,0.0969,1.0,27,27000002048
City-A,T3,10x,2000.0,S3_Lin4,cross_regime,M_stress,800,True,4,2360.9,1396.5,603.5,0.4085,0.0,27,27000002048
City-A,T3,10x,2000.0,S4_GlobalCalib,routine,M_routine,800,True,4,2160.7,2180.6,0.0,0.0,1.0,27,27000002048
City-A,T3,10x,2000.0,S4_GlobalCalib,cross_regime,M_stress,800,True,4,2160.7,1425.8,574.2,0.3401,0.0,27,27000002048
City-A,T3,10x,2000.0,S5_CityCalib,routine,M_routine,800,True,4,2165.8,2180.6,0.0,0.0,1.0,27,27000002048
City-A,T3,10x,2000.0,S5_CityCalib,cross_regime,M_stress,800,True,4,2165.8,1425.8,574.2,0.3417,0.0,27,27000002048
City-A,T3,10x,2000.0,S6_Q10,routine,M_routine,800,True,4,2135.8,2180.6,0.0,0.0,1.0,27,27000002048
City-A,T3,10x,2000.0,S6_Q10,cross_regime,M_stress,800,True,4,2135.8,1425.8,574.2,0.3325,0.0,27,27000002048
City-A,T4,1x,140.0,S0a_RoutineOracle,routine,M_routine,800,True,1,681.5,681.5,0.0,0.0,1.0,27,27000002048
City-A,T4,1x,140.0,S0a_RoutineOracle,cross_regime,M_stress,800,True,1,681.5,444.6,0.0,0.3476,1.0,27,27000002048
City-A,T4,1x,140.0,S0b_StressOracle,routine,M_routine,800,True,1,444.6,681.5,0.0,0.0,1.0,27,27000002048
City-A,T4,1x,140.0,S0b_StressOracle,cross_regime,M_stress,800,True,1,444.6,444.6,0.0,0.0,1.0,27,27000002048
City-A,T4,1x,140.0,S1_CapRR,routine,M_routine,800,True,1,678.2,681.5,0.0,0.0,1.0,27,27000002048
City-A,T4,1x,140.0,S1_CapRR,cross_regime,M_stress,800,True,1,678.2,444.6,0.0,0.3444,1.0,27,27000002048
City-A,T4,1x,140.0,S2_Platform,routine,M_routine,800,True,1,299.2,616.8,0.0,0.0,1.0,27,27000002048
City-A,T4,1x,140.0,S2_Platform,cross_regime,M_stress,800,True,1,299.2,404.3,0.0,0.0,1.0,27,27000002048
City-A,T4,1x,140.0,S3_Lin4,routine,M_routine,800,True,1,729.6,681.5,0.0,0.0659,1.0,27,27000002048
City-A,T4,1x,140.0,S3_Lin4,cross_regime,M_stress,800,True,1,729.6,444.6,0.0,0.3906,1.0,27,27000002048
City-A,T4,1x,140.0,S4_GlobalCalib,routine,M_routine,800,True,1,672.9,681.5,0.0,0.0,1.0,27,27000002048
City-A,T4,1x,140.0,S4_GlobalCalib,cross_regime,M_stress,800,True,1,672.9,444.6,0.0,0.3392,1.0,27,27000002048
City-A,T4,1x,140.0,S5_CityCalib,routine,M_routine,800,True,1,674.9,681.5,0.0,0.0,1.0,27,27000002048
City-A,T4,1x,140.0,S5_CityCalib,cross_regime,M_stress,800,True,1,674.9,444.6,0.0,0.3412,1.0,27,27000002048
City-A,T4,1x,140.0,S6_Q10,routine,M_routine,800,True,1,665.8,681.5,0.0,0.0,1.0,27,27000002048
City-A,T4,1x,140.0,S6_Q10,cross_regime,M_stress,800,True,1,665.8,444.6,0.0,0.3321,1.0,27,27000002048
City-A,T4,2x,280.0,S0a_RoutineOracle,routine,M_routine,800,True,1,681.5,681.5,0.0,0.0,1.0,27,27000002048
City-A,T4,2x,280.0,S0a_RoutineOracle,cross_regime,M_stress,800,True,1,681.5,444.6,0.0,0.3476,1.0,27,27000002048
City-A,T4,2x,280.0,S0b_StressOracle,routine,M_routine,800,True,1,444.6,681.5,0.0,0.0,1.0,27,27000002048
City-A,T4,2x,280.0,S0b_StressOracle,cross_regime,M_stress,800,True,1,444.6,444.6,0.0,0.0,1.0,27,27000002048
City-A,T4,2x,280.0,S1_CapRR,routine,M_routine,800,True,1,678.2,681.5,0.0,0.0,1.0,27,27000002048
City-A,T4,2x,280.0,S1_CapRR,cross_regime,M_stress,800,True,1,678.2,444.6,0.0,0.3444,1.0,27,27000002048
City-A,T4,2x,280.0,S2_Platform,routine,M_routine,800,True,1,299.2,616.8,0.0,0.0,1.0,27,27000002048
City-A,T4,2x,280.0,S2_Platform,cross_regime,M_stress,800,True,1,299.2,404.3,0.0,0.0,1.0,27,27000002048
City-A,T4,2x,280.0,S3_Lin4,routine,M_routine,800,True,1,729.6,681.5,0.0,0.0659,1.0,27,27000002048
City-A,T4,2x,280.0,S3_Lin4,cross_regime,M_stress,800,True,1,729.6,444.6,0.0,0.3906,1.0,27,27000002048
City-A,T4,2x,280.0,S4_GlobalCalib,routine,M_routine,800,True,1,672.9,681.5,0.0,0.0,1.0,27,27000002048
City-A,T4,2x,280.0,S4_GlobalCalib,cross_regime,M_stress,800,True,1,672.9,444.6,0.0,0.3392,1.0,27,27000002048
City-A,T4,2x,280.0,S5_CityCalib,routine,M_routine,800,True,1,674.9,681.5,0.0,0.0,1.0,27,27000002048
City-A,T4,2x,280.0,S5_CityCalib,cross_regime,M_stress,800,True,1,674.9,444.6,0.0,0.3412,1.0,27,27000002048
City-A,T4,2x,280.0,S6_Q10,routine,M_routine,800,True,1,665.8,681.5,0.0,0.0,1.0,27,27000002048
City-A,T4,2x,280.0,S6_Q10,cross_regime,M_stress,800,True,1,665.8,444.6,0.0,0.3321,1.0,27,27000002048
City-A,T4,5x,700.0,S0a_RoutineOracle,routine,M_routine,800,True,2,1298.3,1298.3,0.0,0.0,1.0,27,27000002048
City-A,T4,5x,700.0,S0a_RoutineOracle,cross_regime,M_stress,800,True,2,1298.3,849.0,0.0,0.3461,1.0,27,27000002048
City-A,T4,5x,700.0,S0b_StressOracle,routine,M_routine,800,True,2,849.0,1298.3,0.0,0.0,1.0,27,27000002048
City-A,T4,5x,700.0,S0b_StressOracle,cross_regime,M_stress,800,True,2,849.0,849.0,0.0,0.0,1.0,27,27000002048
City-A,T4,5x,700.0,S1_CapRR,routine,M_routine,800,True,2,1293.4,1298.3,0.0,0.0,1.0,27,27000002048
City-A,T4,5x,700.0,S1_CapRR,cross_regime,M_stress,800,True,2,1293.4,849.0,0.0,0.3436,1.0,27,27000002048
City-A,T4,5x,700.0,S2_Platform,routine,M_routine,800,True,3,870.0,1545.7,0.0,0.0,1.0,27,27000002048
City-A,T4,5x,700.0,S2_Platform,cross_regime,M_stress,800,True,3,870.0,1028.7,0.0,0.0,1.0,27,27000002048
City-A,T4,5x,700.0,S3_Lin4,routine,M_routine,800,True,1,729.6,681.5,18.5,0.0659,0.0,27,27000002048
City-A,T4,5x,700.0,S3_Lin4,cross_regime,M_stress,800,True,1,729.6,444.6,255.4,0.3906,0.0,27,27000002048
City-A,T4,5x,700.0,S4_GlobalCalib,routine,M_routine,800,True,2,1283.4,1298.3,0.0,0.0,1.0,27,27000002048
City-A,T4,5x,700.0,S4_GlobalCalib,cross_regime,M_stress,800,True,2,1283.4,849.0,0.0,0.3385,1.0,27,27000002048
City-A,T4,5x,700.0,S5_CityCalib,routine,M_routine,800,True,2,1287.1,1298.3,0.0,0.0,1.0,27,27000002048
City-A,T4,5x,700.0,S5_CityCalib,cross_regime,M_stress,800,True,2,1287.1,849.0,0.0,0.3404,1.0,27,27000002048
City-A,T4,5x,700.0,S6_Q10,routine,M_routine,800,True,2,1269.7,1298.3,0.0,0.0,1.0,27,27000002048
City-A,T4,5x,700.0,S6_Q10,cross_regime,M_stress,800,True,2,1269.7,849.0,0.0,0.3313,1.0,27,27000002048
City-A,T4,10x,1400.0,S0a_RoutineOracle,routine,M_routine,800,True,3,1895.8,1895.8,0.0,0.0,1.0,27,27000002048
City-A,T4,10x,1400.0,S0a_RoutineOracle,cross_regime,M_stress,800,True,3,1895.8,1240.9,159.1,0.3455,0.0,27,27000002048
City-A,T4,10x,1400.0,S0b_StressOracle,routine,M_routine,800,True,4,1622.5,2471.1,0.0,0.0,1.0,27,27000002048
City-A,T4,10x,1400.0,S0b_StressOracle,cross_regime,M_stress,800,True,4,1622.5,1622.5,0.0,0.0,1.0,27,27000002048
City-A,T4,10x,1400.0,S1_CapRR,routine,M_routine,800,True,3,1889.7,1895.8,0.0,0.0,1.0,27,27000002048
City-A,T4,10x,1400.0,S1_CapRR,cross_regime,M_stress,800,True,3,1889.7,1240.9,159.1,0.3433,0.0,27,27000002048
City-A,T4,10x,1400.0,S2_Platform,routine,M_routine,800,True,5,1424.2,2406.2,0.0,0.0,1.0,27,27000002048
City-A,T4,10x,1400.0,S2_Platform,cross_regime,M_stress,800,True,5,1424.2,1591.6,0.0,0.0,1.0,27,27000002048
City-A,T4,10x,1400.0,S3_Lin4,routine,M_routine,800,True,3,1870.0,1810.2,0.0,0.032,1.0,27,27000002048
City-A,T4,10x,1400.0,S3_Lin4,cross_regime,M_stress,800,True,3,1870.0,1182.8,217.2,0.3675,0.0,27,27000002048
City-A,T4,10x,1400.0,S4_GlobalCalib,routine,M_routine,800,True,3,1875.1,1895.8,0.0,0.0,1.0,27,27000002048
City-A,T4,10x,1400.0,S4_GlobalCalib,cross_regime,M_stress,800,True,3,1875.1,1240.9,159.1,0.3382,0.0,27,27000002048
City-A,T4,10x,1400.0,S5_CityCalib,routine,M_routine,800,True,3,1880.5,1895.8,0.0,0.0,1.0,27,27000002048
City-A,T4,10x,1400.0,S5_CityCalib,cross_regime,M_stress,800,True,3,1880.5,1240.9,159.1,0.3401,0.0,27,27000002048
City-A,T4,10x,1400.0,S6_Q10,routine,M_routine,800,True,3,1855.1,1895.8,0.0,0.0,1.0,27,27000002048
City-A,T4,10x,1400.0,S6_Q10,cross_regime,M_stress,800,True,3,1855.1,1240.9,159.1,0.3311,0.0,27,27000002048
City-A,T5,1x,160.0,S0a_RoutineOracle,routine,M_routine,800,True,1,600.1,600.1,0.0,0.0,1.0,27,27000002048
City-A,T5,1x,160.0,S0a_RoutineOracle,cross_regime,M_stress,800,True,1,600.1,390.7,0.0,0.349,1.0,27,27000002048
City-A,T5,1x,160.0,S0b_StressOracle,routine,M_routine,800,True,1,390.7,600.1,0.0,0.0,1.0,27,27000002048
City-A,T5,1x,160.0,S0b_StressOracle,cross_regime,M_stress,800,True,1,390.7,390.7,0.0,0.0,1.0,27,27000002048
City-A,T5,1x,160.0,S1_CapRR,routine,M_routine,800,True,1,596.8,600.1,0.0,0.0,1.0,27,27000002048
City-A,T5,1x,160.0,S1_CapRR,cross_regime,M_stress,800,True,1,596.8,390.7,0.0,0.3453,1.0,27,27000002048
City-A,T5,1x,160.0,S2_Platform,routine,M_routine,800,True,1,485.5,600.1,0.0,0.0,1.0,27,27000002048
City-A,T5,1x,160.0,S2_Platform,cross_regime,M_stress,800,True,1,485.5,390.7,0.0,0.1953,1.0,27,27000002048
City-A,T5,1x,160.0,S3_Lin4,routine,M_routine,800,True,1,725.6,600.1,0.0,0.1729,1.0,27,27000002048
City-A,T5,1x,160.0,S3_Lin4,cross_regime,M_stress,800,True,1,725.6,390.7,0.0,0.4615,1.0,27,27000002048
City-A,T5,1x,160.0,S4_GlobalCalib,routine,M_routine,800,True,1,592.7,600.1,0.0,0.0,1.0,27,27000002048
City-A,T5,1x,160.0,S4_GlobalCalib,cross_regime,M_stress,800,True,1,592.7,390.7,0.0,0.3408,1.0,27,27000002048
City-A,T5,1x,160.0,S5_CityCalib,routine,M_routine,800,True,1,594.3,600.1,0.0,0.0,1.0,27,27000002048
City-A,T5,1x,160.0,S5_CityCalib,cross_regime,M_stress,800,True,1,594.3,390.7,0.0,0.3425,1.0,27,27000002048
City-A,T5,1x,160.0,S6_Q10,routine,M_routine,800,True,1,586.0,600.1,0.0,0.0,1.0,27,27000002048
City-A,T5,1x,160.0,S6_Q10,cross_regime,M_stress,800,True,1,586.0,390.7,0.0,0.3333,1.0,27,27000002048
City-A,T5,2x,320.0,S0a_RoutineOracle,routine,M_routine,800,True,1,600.1,600.1,0.0,0.0,1.0,27,27000002048
City-A,T5,2x,320.0,S0a_RoutineOracle,cross_regime,M_stress,800,True,1,600.1,390.7,0.0,0.349,1.0,27,27000002048
City-A,T5,2x,320.0,S0b_StressOracle,routine,M_routine,800,True,1,390.7,600.1,0.0,0.0,1.0,27,27000002048
City-A,T5,2x,320.0,S0b_StressOracle,cross_regime,M_stress,800,True,1,390.7,390.7,0.0,0.0,1.0,27,27000002048
City-A,T5,2x,320.0,S1_CapRR,routine,M_routine,800,True,1,596.8,600.1,0.0,0.0,1.0,27,27000002048
City-A,T5,2x,320.0,S1_CapRR,cross_regime,M_stress,800,True,1,596.8,390.7,0.0,0.3453,1.0,27,27000002048
City-A,T5,2x,320.0,S2_Platform,routine,M_routine,800,True,1,485.5,600.1,0.0,0.0,1.0,27,27000002048
City-A,T5,2x,320.0,S2_Platform,cross_regime,M_stress,800,True,1,485.5,390.7,0.0,0.1953,1.0,27,27000002048
City-A,T5,2x,320.0,S3_Lin4,routine,M_routine,800,True,1,725.6,600.1,0.0,0.1729,1.0,27,27000002048
City-A,T5,2x,320.0,S3_Lin4,cross_regime,M_stress,800,True,1,725.6,390.7,0.0,0.4615,1.0,27,27000002048
City-A,T5,2x,320.0,S4_GlobalCalib,routine,M_routine,800,True,1,592.7,600.1,0.0,0.0,1.0,27,27000002048
City-A,T5,2x,320.0,S4_GlobalCalib,cross_regime,M_stress,800,True,1,592.7,390.7,0.0,0.3408,1.0,27,27000002048
City-A,T5,2x,320.0,S5_CityCalib,routine,M_routine,800,True,1,594.3,600.1,0.0,0.0,1.0,27,27000002048
City-A,T5,2x,320.0,S5_CityCalib,cross_regime,M_stress,800,True,1,594.3,390.7,0.0,0.3425,1.0,27,27000002048
City-A,T5,2x,320.0,S6_Q10,routine,M_routine,800,True,1,586.0,600.1,0.0,0.0,1.0,27,27000002048
City-A,T5,2x,320.0,S6_Q10,cross_regime,M_stress,800,True,1,586.0,390.7,0.0,0.3333,1.0,27,27000002048
City-A,T5,5x,800.0,S0a_RoutineOracle,routine,M_routine,800,True,2,1143.9,1143.9,0.0,0.0,1.0,27,27000002048
City-A,T5,5x,800.0,S0a_RoutineOracle,cross_regime,M_stress,800,True,2,1143.9,747.7,52.3,0.3464,0.0,27,27000002048
City-A,T5,5x,800.0,S0b_StressOracle,routine,M_routine,800,True,3,1094.3,1671.1,0.0,0.0,1.0,27,27000002048
City-A,T5,5x,800.0,S0b_StressOracle,cross_regime,M_stress,800,True,3,1094.3,1094.3,0.0,0.0,1.0,27,27000002048
City-A,T5,5x,800.0,S1_CapRR,routine,M_routine,800,True,2,1138.1,1143.9,0.0,0.0,1.0,27,27000002048
City-A,T5,5x,800.0,S1_CapRR,cross_regime,M_stress,800,True,2,1138.1,747.7,52.3,0.343,0.0,27,27000002048
City-A,T5,5x,800.0,S2_Platform,routine,M_routine,800,True,2,897.6,1093.8,0.0,0.0,1.0,27,27000002048
City-A,T5,5x,800.0,S2_Platform,cross_regime,M_stress,800,True,2,897.6,716.3,83.7,0.202,0.0,27,27000002048
City-A,T5,5x,800.0,S3_Lin4,routine,M_routine,800,True,2,1286.8,1127.3,0.0,0.1239,1.0,27,27000002048
City-A,T5,5x,800.0,S3_Lin4,cross_regime,M_stress,800,True,2,1286.8,737.3,62.7,0.427,0.0,27,27000002048
City-A,T5,5x,800.0,S4_GlobalCalib,routine,M_routine,800,True,2,1130.4,1143.9,0.0,0.0,1.0,27,27000002048
City-A,T5,5x,800.0,S4_GlobalCalib,cross_regime,M_stress,800,True,2,1130.4,747.7,52.3,0.3386,0.0,27,27000002048
City-A,T5,5x,800.0,S5_CityCalib,routine,M_routine,800,True,2,1133.3,1143.9,0.0,0.0,1.0,27,27000002048
City-A,T5,5x,800.0,S5_CityCalib,cross_regime,M_stress,800,True,2,1133.3,747.7,52.3,0.3402,0.0,27,27000002048
City-A,T5,5x,800.0,S6_Q10,routine,M_routine,800,True,2,1117.6,1143.9,0.0,0.0,1.0,27,27000002048
City-A,T5,5x,800.0,S6_Q10,cross_regime,M_stress,800,True,2,1117.6,747.7,52.3,0.331,0.0,27,27000002048
City-A,T5,10x,1600.0,S0a_RoutineOracle,routine,M_routine,800,True,3,1671.1,1671.1,0.0,0.0,1.0,27,27000002048
City-A,T5,10x,1600.0,S0a_RoutineOracle,cross_regime,M_stress,800,True,3,1671.1,1094.3,505.7,0.3452,0.0,27,27000002048
City-A,T5,10x,1600.0,S0b_StressOracle,routine,M_routine,800,True,5,1755.5,2679.5,0.0,0.0,1.0,27,27000002048
City-A,T5,10x,1600.0,S0b_StressOracle,cross_regime,M_stress,800,True,5,1755.5,1755.5,0.0,0.0,1.0,27,27000002048
City-A,T5,10x,1600.0,S1_CapRR,routine,M_routine,800,True,3,1662.9,1671.1,0.0,0.0,1.0,27,27000002048
City-A,T5,10x,1600.0,S1_CapRR,cross_regime,M_stress,800,True,3,1662.9,1094.3,505.7,0.3419,0.0,27,27000002048
City-A,T5,10x,1600.0,S2_Platform,routine,M_routine,800,True,4,1696.8,2135.7,0.0,0.0,1.0,27,27000002048
City-A,T5,10x,1600.0,S2_Platform,cross_regime,M_stress,800,True,4,1696.8,1398.5,201.5,0.1758,0.0,27,27000002048
City-A,T5,10x,1600.0,S3_Lin4,routine,M_routine,800,True,3,1843.1,1595.3,4.7,0.1345,0.0,27,27000002048
City-A,T5,10x,1600.0,S3_Lin4,cross_regime,M_stress,800,True,3,1843.1,1045.4,554.6,0.4328,0.0,27,27000002048
City-A,T5,10x,1600.0,S4_GlobalCalib,routine,M_routine,800,True,3,1651.6,1671.1,0.0,0.0,1.0,27,27000002048
City-A,T5,10x,1600.0,S4_GlobalCalib,cross_regime,M_stress,800,True,3,1651.6,1094.3,505.7,0.3375,0.0,27,27000002048
City-A,T5,10x,1600.0,S5_CityCalib,routine,M_routine,800,True,3,1655.8,1671.1,0.0,0.0,1.0,27,27000002048
City-A,T5,10x,1600.0,S5_CityCalib,cross_regime,M_stress,800,True,3,1655.8,1094.3,505.7,0.3391,0.0,27,27000002048
City-A,T5,10x,1600.0,S6_Q10,routine,M_routine,800,True,3,1632.9,1671.1,0.0,0.0,1.0,27,27000002048
City-A,T5,10x,1600.0,S6_Q10,cross_regime,M_stress,800,True,3,1632.9,1094.3,505.7,0.3299,0.0,27,27000002048
City-B,T1,1x,180.0,S0a_RoutineOracle,routine,M_routine,500,True,1,834.4,834.4,0.0,0.0,1.0,27,27000002048
City-B,T1,1x,180.0,S0a_RoutineOracle,cross_regime,M_stress,500,True,1,834.4,544.5,0.0,0.3474,1.0,27,27000002048
City-B,T1,1x,180.0,S0b_StressOracle,routine,M_routine,500,True,1,544.5,834.4,0.0,0.0,1.0,27,27000002048
City-B,T1,1x,180.0,S0b_StressOracle,cross_regime,M_stress,500,True,1,544.5,544.5,0.0,0.0,1.0,27,27000002048
City-B,T1,1x,180.0,S1_CapRR,routine,M_routine,500,True,1,846.0,834.4,0.0,0.0137,1.0,27,27000002048
City-B,T1,1x,180.0,S1_CapRR,cross_regime,M_stress,500,True,1,846.0,544.5,0.0,0.3564,1.0,27,27000002048
City-B,T1,1x,180.0,S2_Platform,routine,M_routine,500,True,1,561.1,774.3,0.0,0.0,1.0,27,27000002048
City-B,T1,1x,180.0,S2_Platform,cross_regime,M_stress,500,True,1,561.1,514.8,0.0,0.0826,1.0,27,27000002048
City-B,T1,1x,180.0,S3_Lin4,routine,M_routine,500,True,1,694.7,805.1,0.0,0.0,1.0,27,27000002048
City-B,T1,1x,180.0,S3_Lin4,cross_regime,M_stress,500,True,1,694.7,525.8,0.0,0.2432,1.0,27,27000002048
City-B,T1,1x,180.0,S4_GlobalCalib,routine,M_routine,500,True,1,842.7,834.4,0.0,0.0098,1.0,27,27000002048
City-B,T1,1x,180.0,S4_GlobalCalib,cross_regime,M_stress,500,True,1,842.7,544.5,0.0,0.3539,1.0,27,27000002048
City-B,T1,1x,180.0,S5_CityCalib,routine,M_routine,500,True,1,841.3,834.4,0.0,0.0083,1.0,27,27000002048
City-B,T1,1x,180.0,S5_CityCalib,cross_regime,M_stress,500,True,1,841.3,544.5,0.0,0.3528,1.0,27,27000002048
City-B,T1,1x,180.0,S6_Q10,routine,M_routine,500,True,1,833.4,834.4,0.0,0.0,1.0,27,27000002048
City-B,T1,1x,180.0,S6_Q10,cross_regime,M_stress,500,True,1,833.4,544.5,0.0,0.3466,1.0,27,27000002048
City-B,T1,2x,360.0,S0a_RoutineOracle,routine,M_routine,500,True,1,834.4,834.4,0.0,0.0,1.0,27,27000002048
City-B,T1,2x,360.0,S0a_RoutineOracle,cross_regime,M_stress,500,True,1,834.4,544.5,0.0,0.3474,1.0,27,27000002048
City-B,T1,2x,360.0,S0b_StressOracle,routine,M_routine,500,True,1,544.5,834.4,0.0,0.0,1.0,27,27000002048
City-B,T1,2x,360.0,S0b_StressOracle,cross_regime,M_stress,500,True,1,544.5,544.5,0.0,0.0,1.0,27,27000002048
City-B,T1,2x,360.0,S1_CapRR,routine,M_routine,500,True,1,846.0,834.4,0.0,0.0137,1.0,27,27000002048
City-B,T1,2x,360.0,S1_CapRR,cross_regime,M_stress,500,True,1,846.0,544.5,0.0,0.3564,1.0,27,27000002048
City-B,T1,2x,360.0,S2_Platform,routine,M_routine,500,True,1,561.1,774.3,0.0,0.0,1.0,27,27000002048
City-B,T1,2x,360.0,S2_Platform,cross_regime,M_stress,500,True,1,561.1,514.8,0.0,0.0826,1.0,27,27000002048
City-B,T1,2x,360.0,S3_Lin4,routine,M_routine,500,True,1,694.7,805.1,0.0,0.0,1.0,27,27000002048
City-B,T1,2x,360.0,S3_Lin4,cross_regime,M_stress,500,True,1,694.7,525.8,0.0,0.2432,1.0,27,27000002048
City-B,T1,2x,360.0,S4_GlobalCalib,routine,M_routine,500,True,1,842.7,834.4,0.0,0.0098,1.0,27,27000002048
City-B,T1,2x,360.0,S4_GlobalCalib,cross_regime,M_stress,500,True,1,842.7,544.5,0.0,0.3539,1.0,27,27000002048
City-B,T1,2x,360.0,S5_CityCalib,routine,M_routine,500,True,1,841.3,834.4,0.0,0.0083,1.0,27,27000002048
City-B,T1,2x,360.0,S5_CityCalib,cross_regime,M_stress,500,True,1,841.3,544.5,0.0,0.3528,1.0,27,27000002048
City-B,T1,2x,360.0,S6_Q10,routine,M_routine,500,True,1,833.4,834.4,0.0,0.0,1.0,27,27000002048
City-B,T1,2x,360.0,S6_Q10,cross_regime,M_stress,500,True,1,833.4,544.5,0.0,0.3466,1.0,27,27000002048
City-B,T1,5x,900.0,S0a_RoutineOracle,routine,M_routine,500,True,2,1661.8,1661.8,0.0,0.0,1.0,27,27000002048
City-B,T1,5x,900.0,S0a_RoutineOracle,cross_regime,M_stress,500,True,2,1661.8,1087.3,0.0,0.3457,1.0,27,27000002048
City-B,T1,5x,900.0,S0b_StressOracle,routine,M_routine,500,True,2,1087.3,1661.8,0.0,0.0,1.0,27,27000002048
City-B,T1,5x,900.0,S0b_StressOracle,cross_regime,M_stress,500,True,2,1087.3,1087.3,0.0,0.0,1.0,27,27000002048
City-B,T1,5x,900.0,S1_CapRR,routine,M_routine,500,True,2,1688.0,1661.8,0.0,0.0155,1.0,27,27000002048
City-B,T1,5x,900.0,S1_CapRR,cross_regime,M_stress,500,True,2,1688.0,1087.3,0.0,0.3559,1.0,27,27000002048
City-B,T1,5x,900.0,S2_Platform,routine,M_routine,500,True,2,1112.3,1579.4,0.0,0.0,1.0,27,27000002048
City-B,T1,5x,900.0,S2_Platform,cross_regime,M_stress,500,True,2,1112.3,1040.6,0.0,0.0645,1.0,27,27000002048
City-B,T1,5x,900.0,S3_Lin4,routine,M_routine,500,True,2,1380.2,1579.4,0.0,0.0,1.0,27,27000002048
City-B,T1,5x,900.0,S3_Lin4,cross_regime,M_stress,500,True,2,1380.2,1040.6,0.0,0.2461,1.0,27,27000002048
City-B,T1,5x,900.0,S4_GlobalCalib,routine,M_routine,500,True,2,1681.3,1661.8,0.0,0.0116,1.0,27,27000002048
City-B,T1,5x,900.0,S4_GlobalCalib,cross_regime,M_stress,500,True,2,1681.3,1087.3,0.0,0.3533,1.0,27,27000002048
City-B,T1,5x,900.0,S5_CityCalib,routine,M_routine,500,True,2,1678.7,1661.8,0.0,0.01,1.0,27,27000002048
City-B,T1,5x,900.0,S5_CityCalib,cross_regime,M_stress,500,True,2,1678.7,1087.3,0.0,0.3523,1.0,27,27000002048
City-B,T1,5x,900.0,S6_Q10,routine,M_routine,500,True,2,1662.8,1661.8,0.0,0.0006,1.0,27,27000002048
City-B,T1,5x,900.0,S6_Q10,cross_regime,M_stress,500,True,2,1662.8,1087.3,0.0,0.3461,1.0,27,27000002048
City-B,T1,10x,1800.0,S0a_RoutineOracle,routine,M_routine,500,True,3,2466.8,2466.8,0.0,0.0,1.0,27,27000002048
City-B,T1,10x,1800.0,S0a_RoutineOracle,cross_regime,M_stress,500,True,3,2466.8,1613.1,186.9,0.3461,0.0,27,27000002048
City-B,T1,10x,1800.0,S0b_StressOracle,routine,M_routine,500,True,4,2127.9,3241.2,0.0,0.0,1.0,27,27000002048
City-B,T1,10x,1800.0,S0b_StressOracle,cross_regime,M_stress,500,True,4,2127.9,2127.9,0.0,0.0,1.0,27,27000002048
City-B,T1,10x,1800.0,S1_CapRR,routine,M_routine,500,True,3,2504.5,2466.8,0.0,0.015,1.0,27,27000002048
City-B,T1,10x,1800.0,S1_CapRR,cross_regime,M_stress,500,True,3,2504.5,1613.1,186.9,0.3559,0.0,27,27000002048
City-B,T1,10x,1800.0,S2_Platform,routine,M_routine,500,True,4,2163.2,3241.2,0.0,0.0,1.0,27,27000002048
City-B,T1,10x,1800.0,S2_Platform,cross_regime,M_stress,500,True,4,2163.2,2127.9,0.0,0.0163,1.0,27,27000002048
City-B,T1,10x,1800.0,S3_Lin4,routine,M_routine,500,True,3,2060.1,2413.8,0.0,0.0,1.0,27,27000002048
City-B,T1,10x,1800.0,S3_Lin4,cross_regime,M_stress,500,True,3,2060.1,1585.0,215.0,0.2306,0.0,27,27000002048
City-B,T1,10x,1800.0,S4_GlobalCalib,routine,M_routine,500,True,3,2494.6,2466.8,0.0,0.0111,1.0,27,27000002048
City-B,T1,10x,1800.0,S4_GlobalCalib,cross_regime,M_stress,500,True,3,2494.6,1613.1,186.9,0.3534,0.0,27,27000002048
City-B,T1,10x,1800.0,S5_CityCalib,routine,M_routine,500,True,3,2490.7,2466.8,0.0,0.0096,1.0,27,27000002048
City-B,T1,10x,1800.0,S5_CityCalib,cross_regime,M_stress,500,True,3,2490.7,1613.1,186.9,0.3524,0.0,27,27000002048
City-B,T1,10x,1800.0,S6_Q10,routine,M_routine,500,True,3,2467.1,2466.8,0.0,0.0001,1.0,27,27000002048
City-B,T1,10x,1800.0,S6_Q10,cross_regime,M_stress,500,True,3,2467.1,1613.1,186.9,0.3462,0.0,27,27000002048
City-B,T2,1x,260.0,S0a_RoutineOracle,routine,M_routine,500,True,1,834.6,834.6,0.0,0.0,1.0,27,27000002048
City-B,T2,1x,260.0,S0a_RoutineOracle,cross_regime,M_stress,500,True,1,834.6,545.6,0.0,0.3463,1.0,27,27000002048
City-B,T2,1x,260.0,S0b_StressOracle,routine,M_routine,500,True,1,545.6,834.6,0.0,0.0,1.0,27,27000002048
City-B,T2,1x,260.0,S0b_StressOracle,cross_regime,M_stress,500,True,1,545.6,545.6,0.0,0.0,1.0,27,27000002048
City-B,T2,1x,260.0,S1_CapRR,routine,M_routine,500,True,1,846.0,834.6,0.0,0.0135,1.0,27,27000002048
City-B,T2,1x,260.0,S1_CapRR,cross_regime,M_stress,500,True,1,846.0,545.6,0.0,0.3551,1.0,27,27000002048
City-B,T2,1x,260.0,S2_Platform,routine,M_routine,500,True,1,557.0,787.9,0.0,0.0,1.0,27,27000002048
City-B,T2,1x,260.0,S2_Platform,cross_regime,M_stress,500,True,1,557.0,513.9,0.0,0.0775,1.0,27,27000002048
City-B,T2,1x,260.0,S3_Lin4,routine,M_routine,500,True,1,695.0,806.8,0.0,0.0,1.0,27,27000002048
City-B,T2,1x,260.0,S3_Lin4,cross_regime,M_stress,500,True,1,695.0,527.4,0.0,0.2412,1.0,27,27000002048
City-B,T2,1x,260.0,S4_GlobalCalib,routine,M_routine,500,True,1,842.7,834.6,0.0,0.0096,1.0,27,27000002048
City-B,T2,1x,260.0,S4_GlobalCalib,cross_regime,M_stress,500,True,1,842.7,545.6,0.0,0.3526,1.0,27,27000002048
City-B,T2,1x,260.0,S5_CityCalib,routine,M_routine,500,True,1,841.5,834.6,0.0,0.0082,1.0,27,27000002048
City-B,T2,1x,260.0,S5_CityCalib,cross_regime,M_stress,500,True,1,841.5,545.6,0.0,0.3517,1.0,27,27000002048
City-B,T2,1x,260.0,S6_Q10,routine,M_routine,500,True,1,832.3,834.6,0.0,0.0,1.0,27,27000002048
City-B,T2,1x,260.0,S6_Q10,cross_regime,M_stress,500,True,1,832.3,545.6,0.0,0.3445,1.0,27,27000002048
City-B,T2,2x,520.0,S0a_RoutineOracle,routine,M_routine,500,True,1,834.6,834.6,0.0,0.0,1.0,27,27000002048
City-B,T2,2x,520.0,S0a_RoutineOracle,cross_regime,M_stress,500,True,1,834.6,545.6,0.0,0.3463,1.0,27,27000002048
City-B,T2,2x,520.0,S0b_StressOracle,routine,M_routine,500,True,1,545.6,834.6,0.0,0.0,1.0,27,27000002048
City-B,T2,2x,520.0,S0b_StressOracle,cross_regime,M_stress,500,True,1,545.6,545.6,0.0,0.0,1.0,27,27000002048
City-B,T2,2x,520.0,S1_CapRR,routine,M_routine,500,True,1,846.0,834.6,0.0,0.0135,1.0,27,27000002048
City-B,T2,2x,520.0,S1_CapRR,cross_regime,M_stress,500,True,1,846.0,545.6,0.0,0.3551,1.0,27,27000002048
City-B,T2,2x,520.0,S2_Platform,routine,M_routine,500,True,1,557.0,787.9,0.0,0.0,1.0,27,27000002048
City-B,T2,2x,520.0,S2_Platform,cross_regime,M_stress,500,True,1,557.0,513.9,6.1,0.0775,0.0,27,27000002048
City-B,T2,2x,520.0,S3_Lin4,routine,M_routine,500,True,1,695.0,806.8,0.0,0.0,1.0,27,27000002048
City-B,T2,2x,520.0,S3_Lin4,cross_regime,M_stress,500,True,1,695.0,527.4,0.0,0.2412,1.0,27,27000002048
City-B,T2,2x,520.0,S4_GlobalCalib,routine,M_routine,500,True,1,842.7,834.6,0.0,0.0096,1.0,27,27000002048
City-B,T2,2x,520.0,S4_GlobalCalib,cross_regime,M_stress,500,True,1,842.7,545.6,0.0,0.3526,1.0,27,27000002048
City-B,T2,2x,520.0,S5_CityCalib,routine,M_routine,500,True,1,841.5,834.6,0.0,0.0082,1.0,27,27000002048
City-B,T2,2x,520.0,S5_CityCalib,cross_regime,M_stress,500,True,1,841.5,545.6,0.0,0.3517,1.0,27,27000002048
City-B,T2,2x,520.0,S6_Q10,routine,M_routine,500,True,1,832.3,834.6,0.0,0.0,1.0,27,27000002048
City-B,T2,2x,520.0,S6_Q10,cross_regime,M_stress,500,True,1,832.3,545.6,0.0,0.3445,1.0,27,27000002048
City-B,T2,5x,1300.0,S0a_RoutineOracle,routine,M_routine,500,True,2,1664.6,1664.6,0.0,0.0,1.0,27,27000002048
City-B,T2,5x,1300.0,S0a_RoutineOracle,cross_regime,M_stress,500,True,2,1664.6,1089.0,211.0,0.3458,0.0,27,27000002048
City-B,T2,5x,1300.0,S0b_StressOracle,routine,M_routine,500,True,3,1616.4,2471.4,0.0,0.0,1.0,27,27000002048
City-B,T2,5x,1300.0,S0b_StressOracle,cross_regime,M_stress,500,True,3,1616.4,1616.4,0.0,0.0,1.0,27,27000002048
City-B,T2,5x,1300.0,S1_CapRR,routine,M_routine,500,True,2,1688.0,1664.6,0.0,0.0138,1.0,27,27000002048
City-B,T2,5x,1300.0,S1_CapRR,cross_regime,M_stress,500,True,2,1688.0,1089.0,211.0,0.3548,0.0,27,27000002048
City-B,T2,5x,1300.0,S2_Platform,routine,M_routine,500,True,3,1630.3,2424.7,0.0,0.0,1.0,27,27000002048
City-B,T2,5x,1300.0,S2_Platform,cross_regime,M_stress,500,True,3,1630.3,1584.7,0.0,0.028,1.0,27,27000002048
City-B,T2,5x,1300.0,S3_Lin4,routine,M_routine,500,True,2,1380.8,1594.7,0.0,0.0,1.0,27,27000002048
City-B,T2,5x,1300.0,S3_Lin4,cross_regime,M_stress,500,True,2,1380.8,1041.3,258.7,0.2459,0.0,27,27000002048
City-B,T2,5x,1300.0,S4_GlobalCalib,routine,M_routine,500,True,2,1681.4,1664.6,0.0,0.01,1.0,27,27000002048
City-B,T2,5x,1300.0,S4_GlobalCalib,cross_regime,M_stress,500,True,2,1681.4,1089.0,211.0,0.3523,0.0,27,27000002048
City-B,T2,5x,1300.0,S5_CityCalib,routine,M_routine,500,True,2,1678.9,1664.6,0.0,0.0085,1.0,27,27000002048
City-B,T2,5x,1300.0,S5_CityCalib,cross_regime,M_stress,500,True,2,1678.9,1089.0,211.0,0.3514,0.0,27,27000002048
City-B,T2,5x,1300.0,S6_Q10,routine,M_routine,500,True,2,1660.6,1664.6,0.0,0.0,1.0,27,27000002048
City-B,T2,5x,1300.0,S6_Q10,cross_regime,M_stress,500,True,2,1660.6,1089.0,211.0,0.3442,0.0,27,27000002048
City-B,T2,10x,2600.0,S0a_RoutineOracle,routine,M_routine,500,True,4,3259.3,3259.3,0.0,0.0,1.0,27,27000002048
City-B,T2,10x,2600.0,S0a_RoutineOracle,cross_regime,M_stress,500,True,4,3259.3,2130.3,469.7,0.3464,0.0,27,27000002048
City-B,T2,10x,2600.0,S0b_StressOracle,routine,M_routine,500,True,6,2995.2,4585.4,0.0,0.0,1.0,27,27000002048
City-B,T2,10x,2600.0,S0b_StressOracle,cross_regime,M_stress,500,True,6,2995.2,2995.2,0.0,0.0,1.0,27,27000002048
City-B,T2,10x,2600.0,S1_CapRR,routine,M_routine,500,True,4,3303.2,3259.3,0.0,0.0133,1.0,27,27000002048
City-B,T2,10x,2600.0,S1_CapRR,cross_regime,M_stress,500,True,4,3303.2,2130.3,469.7,0.3551,0.0,27,27000002048
City-B,T2,10x,2600.0,S2_Platform,routine,M_routine,500,True,6,2974.4,4558.9,0.0,0.0,1.0,27,27000002048
City-B,T2,10x,2600.0,S2_Platform,cross_regime,M_stress,500,True,6,2974.4,2978.4,0.0,0.0,1.0,27,27000002048
City-B,T2,10x,2600.0,S3_Lin4,routine,M_routine,500,True,4,2738.5,3259.3,0.0,0.0,1.0,27,27000002048
City-B,T2,10x,2600.0,S3_Lin4,cross_regime,M_stress,500,True,4,2738.5,2130.3,469.7,0.2221,0.0,27,27000002048
City-B,T2,10x,2600.0,S4_GlobalCalib,routine,M_routine,500,True,4,3290.3,3259.3,0.0,0.0094,1.0,27,27000002048
City-B,T2,10x,2600.0,S4_GlobalCalib,cross_regime,M_stress,500,True,4,3290.3,2130.3,469.7,0.3526,0.0,27,27000002048
City-B,T2,10x,2600.0,S5_CityCalib,routine,M_routine,500,True,4,3285.6,3259.3,0.0,0.008,1.0,27,27000002048
City-B,T2,10x,2600.0,S5_CityCalib,cross_regime,M_stress,500,True,4,3285.6,2130.3,469.7,0.3516,0.0,27,27000002048
City-B,T2,10x,2600.0,S6_Q10,routine,M_routine,500,True,4,3249.7,3259.3,0.0,0.0,1.0,27,27000002048
City-B,T2,10x,2600.0,S6_Q10,cross_regime,M_stress,500,True,4,3249.7,2130.3,469.7,0.3445,0.0,27,27000002048
City-B,T3,1x,200.0,S0a_RoutineOracle,routine,M_routine,500,True,1,735.0,735.0,0.0,0.0,1.0,27,27000002048
City-B,T3,1x,200.0,S0a_RoutineOracle,cross_regime,M_stress,500,True,1,735.0,484.7,0.0,0.3406,1.0,27,27000002048
City-B,T3,1x,200.0,S0b_StressOracle,routine,M_routine,500,True,1,488.1,732.5,0.0,0.0,1.0,27,27000002048
City-B,T3,1x,200.0,S0b_StressOracle,cross_regime,M_stress,500,True,1,488.1,488.1,0.0,0.0,1.0,27,27000002048
City-B,T3,1x,200.0,S1_CapRR,routine,M_routine,500,True,1,744.5,732.5,0.0,0.0162,1.0,27,27000002048
City-B,T3,1x,200.0,S1_CapRR,cross_regime,M_stress,500,True,1,744.5,488.1,0.0,0.3444,1.0,27,27000002048
City-B,T3,1x,200.0,S2_Platform,routine,M_routine,500,True,1,543.2,735.0,0.0,0.0,1.0,27,27000002048
City-B,T3,1x,200.0,S2_Platform,cross_regime,M_stress,500,True,1,543.2,484.7,0.0,0.1077,1.0,27,27000002048
City-B,T3,1x,200.0,S3_Lin4,routine,M_routine,500,True,1,680.8,721.3,0.0,0.0,1.0,27,27000002048
City-B,T3,1x,200.0,S3_Lin4,cross_regime,M_stress,500,True,1,680.8,470.8,0.0,0.3084,1.0,27,27000002048
City-B,T3,1x,200.0,S4_GlobalCalib,routine,M_routine,500,True,1,739.4,732.5,0.0,0.0094,1.0,27,27000002048
City-B,T3,1x,200.0,S4_GlobalCalib,cross_regime,M_stress,500,True,1,739.4,488.1,0.0,0.3399,1.0,27,27000002048
City-B,T3,1x,200.0,S5_CityCalib,routine,M_routine,500,True,1,737.8,732.5,0.0,0.0073,1.0,27,27000002048
City-B,T3,1x,200.0,S5_CityCalib,cross_regime,M_stress,500,True,1,737.8,488.1,0.0,0.3385,1.0,27,27000002048
City-B,T3,1x,200.0,S6_Q10,routine,M_routine,500,True,1,731.0,732.5,0.0,0.0,1.0,27,27000002048
City-B,T3,1x,200.0,S6_Q10,cross_regime,M_stress,500,True,1,731.0,488.1,0.0,0.3323,1.0,27,27000002048
City-B,T3,2x,400.0,S0a_RoutineOracle,routine,M_routine,500,True,1,735.0,735.0,0.0,0.0,1.0,27,27000002048
City-B,T3,2x,400.0,S0a_RoutineOracle,cross_regime,M_stress,500,True,1,735.0,484.7,0.0,0.3406,1.0,27,27000002048
City-B,T3,2x,400.0,S0b_StressOracle,routine,M_routine,500,True,1,488.1,732.5,0.0,0.0,1.0,27,27000002048
City-B,T3,2x,400.0,S0b_StressOracle,cross_regime,M_stress,500,True,1,488.1,488.1,0.0,0.0,1.0,27,27000002048
City-B,T3,2x,400.0,S1_CapRR,routine,M_routine,500,True,1,744.5,732.5,0.0,0.0162,1.0,27,27000002048
City-B,T3,2x,400.0,S1_CapRR,cross_regime,M_stress,500,True,1,744.5,488.1,0.0,0.3444,1.0,27,27000002048
City-B,T3,2x,400.0,S2_Platform,routine,M_routine,500,True,1,543.2,735.0,0.0,0.0,1.0,27,27000002048
City-B,T3,2x,400.0,S2_Platform,cross_regime,M_stress,500,True,1,543.2,484.7,0.0,0.1077,1.0,27,27000002048
City-B,T3,2x,400.0,S3_Lin4,routine,M_routine,500,True,1,680.8,721.3,0.0,0.0,1.0,27,27000002048
City-B,T3,2x,400.0,S3_Lin4,cross_regime,M_stress,500,True,1,680.8,470.8,0.0,0.3084,1.0,27,27000002048
City-B,T3,2x,400.0,S4_GlobalCalib,routine,M_routine,500,True,1,739.4,732.5,0.0,0.0094,1.0,27,27000002048
City-B,T3,2x,400.0,S4_GlobalCalib,cross_regime,M_stress,500,True,1,739.4,488.1,0.0,0.3399,1.0,27,27000002048
City-B,T3,2x,400.0,S5_CityCalib,routine,M_routine,500,True,1,737.8,732.5,0.0,0.0073,1.0,27,27000002048
City-B,T3,2x,400.0,S5_CityCalib,cross_regime,M_stress,500,True,1,737.8,488.1,0.0,0.3385,1.0,27,27000002048
City-B,T3,2x,400.0,S6_Q10,routine,M_routine,500,True,1,731.0,732.5,0.0,0.0,1.0,27,27000002048
City-B,T3,2x,400.0,S6_Q10,cross_regime,M_stress,500,True,1,731.0,488.1,0.0,0.3323,1.0,27,27000002048
City-B,T3,5x,1000.0,S0a_RoutineOracle,routine,M_routine,500,True,2,1467.5,1467.5,0.0,0.0,1.0,27,27000002048
City-B,T3,5x,1000.0,S0a_RoutineOracle,cross_regime,M_stress,500,True,2,1467.5,972.7,27.3,0.3371,0.0,27,27000002048
City-B,T3,5x,1000.0,S0b_StressOracle,routine,M_routine,500,True,3,1443.6,2188.8,0.0,0.0,1.0,27,27000002048
City-B,T3,5x,1000.0,S0b_StressOracle,cross_regime,M_stress,500,True,3,1443.6,1443.6,0.0,0.0,1.0,27,27000002048
City-B,T3,5x,1000.0,S1_CapRR,routine,M_routine,500,True,2,1485.4,1467.5,0.0,0.0121,1.0,27,27000002048
City-B,T3,5x,1000.0,S1_CapRR,cross_regime,M_stress,500,True,2,1485.4,972.7,27.3,0.3451,0.0,27,27000002048
City-B,T3,5x,1000.0,S2_Platform,routine,M_routine,500,True,2,1048.0,1456.3,0.0,0.0,1.0,27,27000002048
City-B,T3,5x,1000.0,S2_Platform,cross_regime,M_stress,500,True,2,1048.0,955.5,44.5,0.0882,0.0,27,27000002048
City-B,T3,5x,1000.0,S3_Lin4,routine,M_routine,500,True,2,1352.4,1426.2,0.0,0.0,1.0,27,27000002048
City-B,T3,5x,1000.0,S3_Lin4,cross_regime,M_stress,500,True,2,1352.4,931.7,68.3,0.3111,0.0,27,27000002048
City-B,T3,5x,1000.0,S4_GlobalCalib,routine,M_routine,500,True,2,1475.2,1467.5,0.0,0.0052,1.0,27,27000002048
City-B,T3,5x,1000.0,S4_GlobalCalib,cross_regime,M_stress,500,True,2,1475.2,972.7,27.3,0.3406,0.0,27,27000002048
City-B,T3,5x,1000.0,S5_CityCalib,routine,M_routine,500,True,2,1472.1,1467.5,0.0,0.0031,1.0,27,27000002048
City-B,T3,5x,1000.0,S5_CityCalib,cross_regime,M_stress,500,True,2,1472.1,972.7,27.3,0.3392,0.0,27,27000002048
City-B,T3,5x,1000.0,S6_Q10,routine,M_routine,500,True,2,1458.4,1467.5,0.0,0.0,1.0,27,27000002048
City-B,T3,5x,1000.0,S6_Q10,cross_regime,M_stress,500,True,2,1458.4,972.7,27.3,0.333,0.0,27,27000002048
City-B,T3,10x,2000.0,S0a_RoutineOracle,routine,M_routine,500,True,3,2188.8,2188.8,0.0,0.0,1.0,27,27000002048
City-B,T3,10x,2000.0,S0a_RoutineOracle,cross_regime,M_stress,500,True,3,2188.8,1443.6,556.4,0.3405,0.0,27,27000002048
City-B,T3,10x,2000.0,S0b_StressOracle,routine,M_routine,500,True,5,2308.0,3507.1,0.0,0.0,1.0,27,27000002048
City-B,T3,10x,2000.0,S0b_StressOracle,cross_regime,M_stress,500,True,5,2308.0,2308.0,0.0,0.0,1.0,27,27000002048
City-B,T3,10x,2000.0,S1_CapRR,routine,M_routine,500,True,3,2203.9,2188.8,0.0,0.0069,1.0,27,27000002048
City-B,T3,10x,2000.0,S1_CapRR,cross_regime,M_stress,500,True,3,2203.9,1443.6,556.4,0.345,0.0,27,27000002048
City-B,T3,10x,2000.0,S2_Platform,routine,M_routine,500,True,5,2307.7,3272.6,0.0,0.0,1.0,27,27000002048
City-B,T3,10x,2000.0,S2_Platform,cross_regime,M_stress,500,True,5,2307.7,2145.0,0.0,0.0705,1.0,27,27000002048
City-B,T3,10x,2000.0,S3_Lin4,routine,M_routine,500,True,3,2013.8,2158.6,0.0,0.0,1.0,27,27000002048
City-B,T3,10x,2000.0,S3_Lin4,cross_regime,M_stress,500,True,3,2013.8,1419.8,580.2,0.295,0.0,27,27000002048
City-B,T3,10x,2000.0,S4_GlobalCalib,routine,M_routine,500,True,3,2188.8,2188.8,0.0,0.0,1.0,27,27000002048
City-B,T3,10x,2000.0,S4_GlobalCalib,cross_regime,M_stress,500,True,3,2188.8,1443.6,556.4,0.3405,0.0,27,27000002048
City-B,T3,10x,2000.0,S5_CityCalib,routine,M_routine,500,True,3,2184.1,2188.8,0.0,0.0,1.0,27,27000002048
City-B,T3,10x,2000.0,S5_CityCalib,cross_regime,M_stress,500,True,3,2184.1,1443.6,556.4,0.3391,0.0,27,27000002048
City-B,T3,10x,2000.0,S6_Q10,routine,M_routine,500,True,3,2163.9,2188.8,0.0,0.0,1.0,27,27000002048
City-B,T3,10x,2000.0,S6_Q10,cross_regime,M_stress,500,True,3,2163.9,1443.6,556.4,0.3329,0.0,27,27000002048
City-B,T4,1x,140.0,S0a_RoutineOracle,routine,M_routine,500,True,1,848.7,848.7,0.0,0.0,1.0,27,27000002048
City-B,T4,1x,140.0,S0a_RoutineOracle,cross_regime,M_stress,500,True,1,848.7,555.1,0.0,0.3459,1.0,27,27000002048
City-B,T4,1x,140.0,S0b_StressOracle,routine,M_routine,500,True,1,555.1,848.7,0.0,0.0,1.0,27,27000002048
City-B,T4,1x,140.0,S0b_StressOracle,cross_regime,M_stress,500,True,1,555.1,555.1,0.0,0.0,1.0,27,27000002048
City-B,T4,1x,140.0,S1_CapRR,routine,M_routine,500,True,1,846.0,848.7,0.0,0.0,1.0,27,27000002048
City-B,T4,1x,140.0,S1_CapRR,cross_regime,M_stress,500,True,1,846.0,555.1,0.0,0.3438,1.0,27,27000002048
City-B,T4,1x,140.0,S2_Platform,routine,M_routine,500,True,1,480.1,848.7,0.0,0.0,1.0,27,27000002048
City-B,T4,1x,140.0,S2_Platform,cross_regime,M_stress,500,True,1,480.1,555.1,0.0,0.0,1.0,27,27000002048
City-B,T4,1x,140.0,S3_Lin4,routine,M_routine,500,True,1,697.0,820.3,0.0,0.0,1.0,27,27000002048
City-B,T4,1x,140.0,S3_Lin4,cross_regime,M_stress,500,True,1,697.0,535.8,0.0,0.2312,1.0,27,27000002048
City-B,T4,1x,140.0,S4_GlobalCalib,routine,M_routine,500,True,1,839.3,848.7,0.0,0.0,1.0,27,27000002048
City-B,T4,1x,140.0,S4_GlobalCalib,cross_regime,M_stress,500,True,1,839.3,555.1,0.0,0.3386,1.0,27,27000002048
City-B,T4,1x,140.0,S5_CityCalib,routine,M_routine,500,True,1,836.5,848.7,0.0,0.0,1.0,27,27000002048
City-B,T4,1x,140.0,S5_CityCalib,cross_regime,M_stress,500,True,1,836.5,555.1,0.0,0.3363,1.0,27,27000002048
City-B,T4,1x,140.0,S6_Q10,routine,M_routine,500,True,1,830.5,848.7,0.0,0.0,1.0,27,27000002048
City-B,T4,1x,140.0,S6_Q10,cross_regime,M_stress,500,True,1,830.5,555.1,0.0,0.3316,1.0,27,27000002048
City-B,T4,2x,280.0,S0a_RoutineOracle,routine,M_routine,500,True,1,848.7,848.7,0.0,0.0,1.0,27,27000002048
City-B,T4,2x,280.0,S0a_RoutineOracle,cross_regime,M_stress,500,True,1,848.7,555.1,0.0,0.3459,1.0,27,27000002048
City-B,T4,2x,280.0,S0b_StressOracle,routine,M_routine,500,True,1,555.1,848.7,0.0,0.0,1.0,27,27000002048
City-B,T4,2x,280.0,S0b_StressOracle,cross_regime,M_stress,500,True,1,555.1,555.1,0.0,0.0,1.0,27,27000002048
City-B,T4,2x,280.0,S1_CapRR,routine,M_routine,500,True,1,846.0,848.7,0.0,0.0,1.0,27,27000002048
City-B,T4,2x,280.0,S1_CapRR,cross_regime,M_stress,500,True,1,846.0,555.1,0.0,0.3438,1.0,27,27000002048
City-B,T4,2x,280.0,S2_Platform,routine,M_routine,500,True,1,480.1,848.7,0.0,0.0,1.0,27,27000002048
City-B,T4,2x,280.0,S2_Platform,cross_regime,M_stress,500,True,1,480.1,555.1,0.0,0.0,1.0,27,27000002048
City-B,T4,2x,280.0,S3_Lin4,routine,M_routine,500,True,1,697.0,820.3,0.0,0.0,1.0,27,27000002048
City-B,T4,2x,280.0,S3_Lin4,cross_regime,M_stress,500,True,1,697.0,535.8,0.0,0.2312,1.0,27,27000002048
City-B,T4,2x,280.0,S4_GlobalCalib,routine,M_routine,500,True,1,839.3,848.7,0.0,0.0,1.0,27,27000002048
City-B,T4,2x,280.0,S4_GlobalCalib,cross_regime,M_stress,500,True,1,839.3,555.1,0.0,0.3386,1.0,27,27000002048
City-B,T4,2x,280.0,S5_CityCalib,routine,M_routine,500,True,1,836.5,848.7,0.0,0.0,1.0,27,27000002048
City-B,T4,2x,280.0,S5_CityCalib,cross_regime,M_stress,500,True,1,836.5,555.1,0.0,0.3363,1.0,27,27000002048
City-B,T4,2x,280.0,S6_Q10,routine,M_routine,500,True,1,830.5,848.7,0.0,0.0,1.0,27,27000002048
City-B,T4,2x,280.0,S6_Q10,cross_regime,M_stress,500,True,1,830.5,555.1,0.0,0.3316,1.0,27,27000002048
City-B,T4,5x,700.0,S0a_RoutineOracle,routine,M_routine,500,True,1,848.7,848.7,0.0,0.0,1.0,27,27000002048
City-B,T4,5x,700.0,S0a_RoutineOracle,cross_regime,M_stress,500,True,1,848.7,555.1,144.9,0.3459,0.0,27,27000002048
City-B,T4,5x,700.0,S0b_StressOracle,routine,M_routine,500,True,2,1107.9,1691.1,0.0,0.0,1.0,27,27000002048
City-B,T4,5x,700.0,S0b_StressOracle,cross_regime,M_stress,500,True,2,1107.9,1107.9,0.0,0.0,1.0,27,27000002048
City-B,T4,5x,700.0,S1_CapRR,routine,M_routine,500,True,1,846.0,848.7,0.0,0.0,1.0,27,27000002048
City-B,T4,5x,700.0,S1_CapRR,cross_regime,M_stress,500,True,1,846.0,555.1,144.9,0.3438,0.0,27,27000002048
City-B,T4,5x,700.0,S2_Platform,routine,M_routine,500,True,2,912.9,1650.9,0.0,0.0,1.0,27,27000002048
City-B,T4,5x,700.0,S2_Platform,cross_regime,M_stress,500,True,2,912.9,1081.2,0.0,0.0,1.0,27,27000002048
City-B,T4,5x,700.0,S3_Lin4,routine,M_routine,500,True,2,1384.7,1622.5,0.0,0.0,1.0,27,27000002048
City-B,T4,5x,700.0,S3_Lin4,cross_regime,M_stress,500,True,2,1384.7,1061.9,0.0,0.2331,1.0,27,27000002048
City-B,T4,5x,700.0,S4_GlobalCalib,routine,M_routine,500,True,1,839.3,848.7,0.0,0.0,1.0,27,27000002048
City-B,T4,5x,700.0,S4_GlobalCalib,cross_regime,M_stress,500,True,1,839.3,555.1,144.9,0.3386,0.0,27,27000002048
City-B,T4,5x,700.0,S5_CityCalib,routine,M_routine,500,True,1,836.5,848.7,0.0,0.0,1.0,27,27000002048
City-B,T4,5x,700.0,S5_CityCalib,cross_regime,M_stress,500,True,1,836.5,555.1,144.9,0.3363,0.0,27,27000002048
City-B,T4,5x,700.0,S6_Q10,routine,M_routine,500,True,1,830.5,848.7,0.0,0.0,1.0,27,27000002048
City-B,T4,5x,700.0,S6_Q10,cross_regime,M_stress,500,True,1,830.5,555.1,144.9,0.3316,0.0,27,27000002048
City-B,T4,10x,1400.0,S0a_RoutineOracle,routine,M_routine,500,True,2,1691.1,1691.1,0.0,0.0,1.0,27,27000002048
City-B,T4,10x,1400.0,S0a_RoutineOracle,cross_regime,M_stress,500,True,2,1691.1,1107.9,292.1,0.3449,0.0,27,27000002048
City-B,T4,10x,1400.0,S0b_StressOracle,routine,M_routine,500,True,3,1643.8,2511.4,0.0,0.0,1.0,27,27000002048
City-B,T4,10x,1400.0,S0b_StressOracle,cross_regime,M_stress,500,True,3,1643.8,1643.8,0.0,0.0,1.0,27,27000002048
City-B,T4,10x,1400.0,S1_CapRR,routine,M_routine,500,True,2,1688.0,1691.1,0.0,0.0,1.0,27,27000002048
City-B,T4,10x,1400.0,S1_CapRR,cross_regime,M_stress,500,True,2,1688.0,1107.9,292.1,0.3436,0.0,27,27000002048
City-B,T4,10x,1400.0,S2_Platform,routine,M_routine,500,True,4,1693.5,3090.2,0.0,0.0,1.0,27,27000002048
City-B,T4,10x,1400.0,S2_Platform,cross_regime,M_stress,500,True,4,1693.5,2021.9,0.0,0.0,1.0,27,27000002048
City-B,T4,10x,1400.0,S3_Lin4,routine,M_routine,500,True,3,2066.9,2471.2,0.0,0.0,1.0,27,27000002048
City-B,T4,10x,1400.0,S3_Lin4,cross_regime,M_stress,500,True,3,2066.9,1617.0,0.0,0.2177,1.0,27,27000002048
City-B,T4,10x,1400.0,S4_GlobalCalib,routine,M_routine,500,True,2,1674.6,1691.1,0.0,0.0,1.0,27,27000002048
City-B,T4,10x,1400.0,S4_GlobalCalib,cross_regime,M_stress,500,True,2,1674.6,1107.9,292.1,0.3384,0.0,27,27000002048
City-B,T4,10x,1400.0,S5_CityCalib,routine,M_routine,500,True,2,1668.9,1691.1,0.0,0.0,1.0,27,27000002048
City-B,T4,10x,1400.0,S5_CityCalib,cross_regime,M_stress,500,True,2,1668.9,1107.9,292.1,0.3362,0.0,27,27000002048
City-B,T4,10x,1400.0,S6_Q10,routine,M_routine,500,True,2,1657.1,1691.1,0.0,0.0,1.0,27,27000002048
City-B,T4,10x,1400.0,S6_Q10,cross_regime,M_stress,500,True,2,1657.1,1107.9,292.1,0.3314,0.0,27,27000002048
City-B,T5,1x,160.0,S0a_RoutineOracle,routine,M_routine,500,True,1,746.1,746.1,0.0,0.0,1.0,27,27000002048
City-B,T5,1x,160.0,S0a_RoutineOracle,cross_regime,M_stress,500,True,1,746.1,489.5,0.0,0.3439,1.0,27,27000002048
City-B,T5,1x,160.0,S0b_StressOracle,routine,M_routine,500,True,1,489.5,746.1,0.0,0.0,1.0,27,27000002048
City-B,T5,1x,160.0,S0b_StressOracle,cross_regime,M_stress,500,True,1,489.5,489.5,0.0,0.0,1.0,27,27000002048
City-B,T5,1x,160.0,S1_CapRR,routine,M_routine,500,True,1,744.5,746.1,0.0,0.0,1.0,27,27000002048
City-B,T5,1x,160.0,S1_CapRR,cross_regime,M_stress,500,True,1,744.5,489.5,0.0,0.3425,1.0,27,27000002048
City-B,T5,1x,160.0,S2_Platform,routine,M_routine,500,True,1,553.3,736.2,0.0,0.0,1.0,27,27000002048
City-B,T5,1x,160.0,S2_Platform,cross_regime,M_stress,500,True,1,553.3,487.2,0.0,0.1194,1.0,27,27000002048
City-B,T5,1x,160.0,S3_Lin4,routine,M_routine,500,True,1,680.8,720.9,0.0,0.0,1.0,27,27000002048
City-B,T5,1x,160.0,S3_Lin4,cross_regime,M_stress,500,True,1,680.8,471.6,0.0,0.3073,1.0,27,27000002048
City-B,T5,1x,160.0,S4_GlobalCalib,routine,M_routine,500,True,1,739.4,746.1,0.0,0.0,1.0,27,27000002048
City-B,T5,1x,160.0,S4_GlobalCalib,cross_regime,M_stress,500,True,1,739.4,489.5,0.0,0.3379,1.0,27,27000002048
City-B,T5,1x,160.0,S5_CityCalib,routine,M_routine,500,True,1,737.6,746.1,0.0,0.0,1.0,27,27000002048
City-B,T5,1x,160.0,S5_CityCalib,cross_regime,M_stress,500,True,1,737.6,489.5,0.0,0.3364,1.0,27,27000002048
City-B,T5,1x,160.0,S6_Q10,routine,M_routine,500,True,1,731.1,746.1,0.0,0.0,1.0,27,27000002048
City-B,T5,1x,160.0,S6_Q10,cross_regime,M_stress,500,True,1,731.1,489.5,0.0,0.3304,1.0,27,27000002048
City-B,T5,2x,320.0,S0a_RoutineOracle,routine,M_routine,500,True,1,746.1,746.1,0.0,0.0,1.0,27,27000002048
City-B,T5,2x,320.0,S0a_RoutineOracle,cross_regime,M_stress,500,True,1,746.1,489.5,0.0,0.3439,1.0,27,27000002048
City-B,T5,2x,320.0,S0b_StressOracle,routine,M_routine,500,True,1,489.5,746.1,0.0,0.0,1.0,27,27000002048
City-B,T5,2x,320.0,S0b_StressOracle,cross_regime,M_stress,500,True,1,489.5,489.5,0.0,0.0,1.0,27,27000002048
City-B,T5,2x,320.0,S1_CapRR,routine,M_routine,500,True,1,744.5,746.1,0.0,0.0,1.0,27,27000002048
City-B,T5,2x,320.0,S1_CapRR,cross_regime,M_stress,500,True,1,744.5,489.5,0.0,0.3425,1.0,27,27000002048
City-B,T5,2x,320.0,S2_Platform,routine,M_routine,500,True,1,553.3,736.2,0.0,0.0,1.0,27,27000002048
City-B,T5,2x,320.0,S2_Platform,cross_regime,M_stress,500,True,1,553.3,487.2,0.0,0.1194,1.0,27,27000002048
City-B,T5,2x,320.0,S3_Lin4,routine,M_routine,500,True,1,680.8,720.9,0.0,0.0,1.0,27,27000002048
City-B,T5,2x,320.0,S3_Lin4,cross_regime,M_stress,500,True,1,680.8,471.6,0.0,0.3073,1.0,27,27000002048
City-B,T5,2x,320.0,S4_GlobalCalib,routine,M_routine,500,True,1,739.4,746.1,0.0,0.0,1.0,27,27000002048
City-B,T5,2x,320.0,S4_GlobalCalib,cross_regime,M_stress,500,True,1,739.4,489.5,0.0,0.3379,1.0,27,27000002048
City-B,T5,2x,320.0,S5_CityCalib,routine,M_routine,500,True,1,737.6,746.1,0.0,0.0,1.0,27,27000002048
City-B,T5,2x,320.0,S5_CityCalib,cross_regime,M_stress,500,True,1,737.6,489.5,0.0,0.3364,1.0,27,27000002048
City-B,T5,2x,320.0,S6_Q10,routine,M_routine,500,True,1,731.1,746.1,0.0,0.0,1.0,27,27000002048
City-B,T5,2x,320.0,S6_Q10,cross_regime,M_stress,500,True,1,731.1,489.5,0.0,0.3304,1.0,27,27000002048
City-B,T5,5x,800.0,S0a_RoutineOracle,routine,M_routine,500,True,2,1482.3,1482.3,0.0,0.0,1.0,27,27000002048
City-B,T5,5x,800.0,S0a_RoutineOracle,cross_regime,M_stress,500,True,2,1482.3,976.7,0.0,0.3411,1.0,27,27000002048
City-B,T5,5x,800.0,S0b_StressOracle,routine,M_routine,500,True,2,976.7,1482.3,0.0,0.0,1.0,27,27000002048
City-B,T5,5x,800.0,S0b_StressOracle,cross_regime,M_stress,500,True,2,976.7,976.7,0.0,0.0,1.0,27,27000002048
City-B,T5,5x,800.0,S1_CapRR,routine,M_routine,500,True,2,1485.4,1482.3,0.0,0.0021,1.0,27,27000002048
City-B,T5,5x,800.0,S1_CapRR,cross_regime,M_stress,500,True,2,1485.4,976.7,0.0,0.3425,1.0,27,27000002048
City-B,T5,5x,800.0,S2_Platform,routine,M_routine,500,True,2,1093.7,1457.1,0.0,0.0,1.0,27,27000002048
City-B,T5,5x,800.0,S2_Platform,cross_regime,M_stress,500,True,2,1093.7,958.8,0.0,0.1233,1.0,27,27000002048
City-B,T5,5x,800.0,S3_Lin4,routine,M_routine,500,True,2,1352.5,1426.7,0.0,0.0,1.0,27,27000002048
City-B,T5,5x,800.0,S3_Lin4,cross_regime,M_stress,500,True,2,1352.5,933.3,0.0,0.3099,1.0,27,27000002048
City-B,T5,5x,800.0,S4_GlobalCalib,routine,M_routine,500,True,2,1475.2,1482.3,0.0,0.0,1.0,27,27000002048
City-B,T5,5x,800.0,S4_GlobalCalib,cross_regime,M_stress,500,True,2,1475.2,976.7,0.0,0.3379,1.0,27,27000002048
City-B,T5,5x,800.0,S5_CityCalib,routine,M_routine,500,True,2,1471.7,1482.3,0.0,0.0,1.0,27,27000002048
City-B,T5,5x,800.0,S5_CityCalib,cross_regime,M_stress,500,True,2,1471.7,976.7,0.0,0.3363,1.0,27,27000002048
City-B,T5,5x,800.0,S6_Q10,routine,M_routine,500,True,2,1458.6,1482.3,0.0,0.0,1.0,27,27000002048
City-B,T5,5x,800.0,S6_Q10,cross_regime,M_stress,500,True,2,1458.6,976.7,0.0,0.3304,1.0,27,27000002048
City-B,T5,10x,1600.0,S0a_RoutineOracle,routine,M_routine,500,True,3,2203.2,2203.2,0.0,0.0,1.0,27,27000002048
City-B,T5,10x,1600.0,S0a_RoutineOracle,cross_regime,M_stress,500,True,3,2203.2,1448.3,151.7,0.3426,0.0,27,27000002048
City-B,T5,10x,1600.0,S0b_StressOracle,routine,M_routine,500,True,4,1910.1,2909.0,0.0,0.0,1.0,27,27000002048
City-B,T5,10x,1600.0,S0b_StressOracle,cross_regime,M_stress,500,True,4,1910.1,1910.1,0.0,0.0,1.0,27,27000002048
City-B,T5,10x,1600.0,S1_CapRR,routine,M_routine,500,True,3,2203.9,2203.2,0.0,0.0003,1.0,27,27000002048
City-B,T5,10x,1600.0,S1_CapRR,cross_regime,M_stress,500,True,3,2203.9,1448.3,151.7,0.3428,0.0,27,27000002048
City-B,T5,10x,1600.0,S2_Platform,routine,M_routine,500,True,4,2025.8,2781.4,0.0,0.0,1.0,27,27000002048
City-B,T5,10x,1600.0,S2_Platform,cross_regime,M_stress,500,True,4,2025.8,1822.7,0.0,0.1003,1.0,27,27000002048
City-B,T5,10x,1600.0,S3_Lin4,routine,M_routine,500,True,3,2013.9,2172.8,0.0,0.0,1.0,27,27000002048
City-B,T5,10x,1600.0,S3_Lin4,cross_regime,M_stress,500,True,3,2013.9,1422.8,177.2,0.2935,0.0,27,27000002048
City-B,T5,10x,1600.0,S4_GlobalCalib,routine,M_routine,500,True,3,2188.7,2203.2,0.0,0.0,1.0,27,27000002048
City-B,T5,10x,1600.0,S4_GlobalCalib,cross_regime,M_stress,500,True,3,2188.7,1448.3,151.7,0.3383,0.0,27,27000002048
City-B,T5,10x,1600.0,S5_CityCalib,routine,M_routine,500,True,3,2183.5,2203.2,0.0,0.0,1.0,27,27000002048
City-B,T5,10x,1600.0,S5_CityCalib,cross_regime,M_stress,500,True,3,2183.5,1448.3,151.7,0.3367,0.0,27,27000002048
City-B,T5,10x,1600.0,S6_Q10,routine,M_routine,500,True,3,2164.2,2203.2,0.0,0.0,1.0,27,27000002048
City-B,T5,10x,1600.0,S6_Q10,cross_regime,M_stress,500,True,3,2164.2,1448.3,151.7,0.3308,0.0,27,27000002048
City-C,T1,1x,180.0,S0a_RoutineOracle,routine,M_routine,650,True,1,723.8,723.8,0.0,0.0,1.0,27,27000002048
City-C,T1,1x,180.0,S0a_RoutineOracle,cross_regime,M_stress,650,True,1,723.8,473.4,0.0,0.346,1.0,27,27000002048
City-C,T1,1x,180.0,S0b_StressOracle,routine,M_routine,650,True,1,473.4,723.8,0.0,0.0,1.0,27,27000002048
City-C,T1,1x,180.0,S0b_StressOracle,cross_regime,M_stress,650,True,1,473.4,473.4,0.0,0.0,1.0,27,27000002048
City-C,T1,1x,180.0,S1_CapRR,routine,M_routine,650,True,1,737.0,723.8,0.0,0.0179,1.0,27,27000002048
City-C,T1,1x,180.0,S1_CapRR,cross_regime,M_stress,650,True,1,737.0,473.4,0.0,0.3577,1.0,27,27000002048
City-C,T1,1x,180.0,S2_Platform,routine,M_routine,650,True,1,460.9,723.8,0.0,0.0,1.0,27,27000002048
City-C,T1,1x,180.0,S2_Platform,cross_regime,M_stress,650,True,1,460.9,473.4,0.0,0.0,1.0,27,27000002048
City-C,T1,1x,180.0,S3_Lin4,routine,M_routine,650,True,1,623.2,723.8,0.0,0.0,1.0,27,27000002048
City-C,T1,1x,180.0,S3_Lin4,cross_regime,M_stress,650,True,1,623.2,473.4,0.0,0.2404,1.0,27,27000002048
City-C,T1,1x,180.0,S4_GlobalCalib,routine,M_routine,650,True,1,734.2,723.8,0.0,0.0141,1.0,27,27000002048
City-C,T1,1x,180.0,S4_GlobalCalib,cross_regime,M_stress,650,True,1,734.2,473.4,0.0,0.3552,1.0,27,27000002048
City-C,T1,1x,180.0,S5_CityCalib,routine,M_routine,650,True,1,736.4,723.8,0.0,0.017,1.0,27,27000002048
City-C,T1,1x,180.0,S5_CityCalib,cross_regime,M_stress,650,True,1,736.4,473.4,0.0,0.3571,1.0,27,27000002048
City-C,T1,1x,180.0,S6_Q10,routine,M_routine,650,True,1,726.0,723.8,0.0,0.003,1.0,27,27000002048
City-C,T1,1x,180.0,S6_Q10,cross_regime,M_stress,650,True,1,726.0,473.4,0.0,0.348,1.0,27,27000002048
City-C,T1,2x,360.0,S0a_RoutineOracle,routine,M_routine,650,True,1,723.8,723.8,0.0,0.0,1.0,27,27000002048
City-C,T1,2x,360.0,S0a_RoutineOracle,cross_regime,M_stress,650,True,1,723.8,473.4,0.0,0.346,1.0,27,27000002048
City-C,T1,2x,360.0,S0b_StressOracle,routine,M_routine,650,True,1,473.4,723.8,0.0,0.0,1.0,27,27000002048
City-C,T1,2x,360.0,S0b_StressOracle,cross_regime,M_stress,650,True,1,473.4,473.4,0.0,0.0,1.0,27,27000002048
City-C,T1,2x,360.0,S1_CapRR,routine,M_routine,650,True,1,737.0,723.8,0.0,0.0179,1.0,27,27000002048
City-C,T1,2x,360.0,S1_CapRR,cross_regime,M_stress,650,True,1,737.0,473.4,0.0,0.3577,1.0,27,27000002048
City-C,T1,2x,360.0,S2_Platform,routine,M_routine,650,True,1,460.9,723.8,0.0,0.0,1.0,27,27000002048
City-C,T1,2x,360.0,S2_Platform,cross_regime,M_stress,650,True,1,460.9,473.4,0.0,0.0,1.0,27,27000002048
City-C,T1,2x,360.0,S3_Lin4,routine,M_routine,650,True,1,623.2,723.8,0.0,0.0,1.0,27,27000002048
City-C,T1,2x,360.0,S3_Lin4,cross_regime,M_stress,650,True,1,623.2,473.4,0.0,0.2404,1.0,27,27000002048
City-C,T1,2x,360.0,S4_GlobalCalib,routine,M_routine,650,True,1,734.2,723.8,0.0,0.0141,1.0,27,27000002048
City-C,T1,2x,360.0,S4_GlobalCalib,cross_regime,M_stress,650,True,1,734.2,473.4,0.0,0.3552,1.0,27,27000002048
City-C,T1,2x,360.0,S5_CityCalib,routine,M_routine,650,True,1,736.4,723.8,0.0,0.017,1.0,27,27000002048
City-C,T1,2x,360.0,S5_CityCalib,cross_regime,M_stress,650,True,1,736.4,473.4,0.0,0.3571,1.0,27,27000002048
City-C,T1,2x,360.0,S6_Q10,routine,M_routine,650,True,1,726.0,723.8,0.0,0.003,1.0,27,27000002048
City-C,T1,2x,360.0,S6_Q10,cross_regime,M_stress,650,True,1,726.0,473.4,0.0,0.348,1.0,27,27000002048
City-C,T1,5x,900.0,S0a_RoutineOracle,routine,M_routine,650,True,2,1416.0,1416.0,0.0,0.0,1.0,27,27000002048
City-C,T1,5x,900.0,S0a_RoutineOracle,cross_regime,M_stress,650,True,2,1416.0,925.3,0.0,0.3466,1.0,27,27000002048
City-C,T1,5x,900.0,S0b_StressOracle,routine,M_routine,650,True,2,925.3,1416.0,0.0,0.0,1.0,27,27000002048
City-C,T1,5x,900.0,S0b_StressOracle,cross_regime,M_stress,650,True,2,925.3,925.3,0.0,0.0,1.0,27,27000002048
City-C,T1,5x,900.0,S1_CapRR,routine,M_routine,650,True,2,1439.5,1416.0,0.0,0.0163,1.0,27,27000002048
City-C,T1,5x,900.0,S1_CapRR,cross_regime,M_stress,650,True,2,1439.5,925.3,0.0,0.3572,1.0,27,27000002048
City-C,T1,5x,900.0,S2_Platform,routine,M_routine,650,True,2,904.5,1416.0,0.0,0.0,1.0,27,27000002048
City-C,T1,5x,900.0,S2_Platform,cross_regime,M_stress,650,True,2,904.5,925.3,0.0,0.0,1.0,27,27000002048
City-C,T1,5x,900.0,S3_Lin4,routine,M_routine,650,True,2,1220.5,1416.0,0.0,0.0,1.0,27,27000002048
City-C,T1,5x,900.0,S3_Lin4,cross_regime,M_stress,650,True,2,1220.5,925.3,0.0,0.2419,1.0,27,27000002048
City-C,T1,5x,900.0,S4_GlobalCalib,routine,M_routine,650,True,2,1433.9,1416.0,0.0,0.0125,1.0,27,27000002048
City-C,T1,5x,900.0,S4_GlobalCalib,cross_regime,M_stress,650,True,2,1433.9,925.3,0.0,0.3547,1.0,27,27000002048
City-C,T1,5x,900.0,S5_CityCalib,routine,M_routine,650,True,2,1438.2,1416.0,0.0,0.0154,1.0,27,27000002048
City-C,T1,5x,900.0,S5_CityCalib,cross_regime,M_stress,650,True,2,1438.2,925.3,0.0,0.3566,1.0,27,27000002048
City-C,T1,5x,900.0,S6_Q10,routine,M_routine,650,True,2,1418.0,1416.0,0.0,0.0014,1.0,27,27000002048
City-C,T1,5x,900.0,S6_Q10,cross_regime,M_stress,650,True,2,1418.0,925.3,0.0,0.3475,1.0,27,27000002048
City-C,T1,10x,1800.0,S0a_RoutineOracle,routine,M_routine,650,True,3,2048.2,2048.2,0.0,0.0,1.0,27,27000002048
City-C,T1,10x,1800.0,S0a_RoutineOracle,cross_regime,M_stress,650,True,3,2048.2,1338.3,461.7,0.3466,0.0,27,27000002048
City-C,T1,10x,1800.0,S0b_StressOracle,routine,M_routine,650,True,5,2089.0,3190.3,0.0,0.0,1.0,27,27000002048
City-C,T1,10x,1800.0,S0b_StressOracle,cross_regime,M_stress,650,True,5,2089.0,2089.0,0.0,0.0,1.0,27,27000002048
City-C,T1,10x,1800.0,S1_CapRR,routine,M_routine,650,True,3,2081.1,2048.2,0.0,0.0158,1.0,27,27000002048
City-C,T1,10x,1800.0,S1_CapRR,cross_regime,M_stress,650,True,3,2081.1,1338.3,461.7,0.3569,0.0,27,27000002048
City-C,T1,10x,1800.0,S2_Platform,routine,M_routine,650,True,5,2117.9,3098.4,0.0,0.0,1.0,27,27000002048
City-C,T1,10x,1800.0,S2_Platform,cross_regime,M_stress,650,True,5,2117.9,2029.6,0.0,0.0417,1.0,27,27000002048
City-C,T1,10x,1800.0,S3_Lin4,routine,M_routine,650,True,3,1806.1,2048.2,0.0,0.0,1.0,27,27000002048
City-C,T1,10x,1800.0,S3_Lin4,cross_regime,M_stress,650,True,3,1806.1,1338.3,461.7,0.259,0.0,27,27000002048
City-C,T1,10x,1800.0,S4_GlobalCalib,routine,M_routine,650,True,3,2073.0,2048.2,0.0,0.012,1.0,27,27000002048
City-C,T1,10x,1800.0,S4_GlobalCalib,cross_regime,M_stress,650,True,3,2073.0,1338.3,461.7,0.3544,0.0,27,27000002048
City-C,T1,10x,1800.0,S5_CityCalib,routine,M_routine,650,True,3,2079.2,2048.2,0.0,0.0149,1.0,27,27000002048
City-C,T1,10x,1800.0,S5_CityCalib,cross_regime,M_stress,650,True,3,2079.2,1338.3,461.7,0.3563,0.0,27,27000002048
City-C,T1,10x,1800.0,S6_Q10,routine,M_routine,650,True,3,2050.0,2048.2,0.0,0.0009,1.0,27,27000002048
City-C,T1,10x,1800.0,S6_Q10,cross_regime,M_stress,650,True,3,2050.0,1338.3,461.7,0.3472,0.0,27,27000002048
City-C,T2,1x,260.0,S0a_RoutineOracle,routine,M_routine,650,True,1,724.7,724.7,0.0,0.0,1.0,27,27000002048
City-C,T2,1x,260.0,S0a_RoutineOracle,cross_regime,M_stress,650,True,1,724.7,482.3,0.0,0.3344,1.0,27,27000002048
City-C,T2,1x,260.0,S0b_StressOracle,routine,M_routine,650,True,1,482.3,724.7,0.0,0.0,1.0,27,27000002048
City-C,T2,1x,260.0,S0b_StressOracle,cross_regime,M_stress,650,True,1,482.3,482.3,0.0,0.0,1.0,27,27000002048
City-C,T2,1x,260.0,S1_CapRR,routine,M_routine,650,True,1,737.0,724.7,0.0,0.0168,1.0,27,27000002048
City-C,T2,1x,260.0,S1_CapRR,cross_regime,M_stress,650,True,1,737.0,482.3,0.0,0.3456,1.0,27,27000002048
City-C,T2,1x,260.0,S2_Platform,routine,M_routine,650,True,1,467.3,724.7,0.0,0.0,1.0,27,27000002048
City-C,T2,1x,260.0,S2_Platform,cross_regime,M_stress,650,True,1,467.3,482.3,0.0,0.0,1.0,27,27000002048
City-C,T2,1x,260.0,S3_Lin4,routine,M_routine,650,True,1,627.2,724.7,0.0,0.0,1.0,27,27000002048
City-C,T2,1x,260.0,S3_Lin4,cross_regime,M_stress,650,True,1,627.2,482.3,0.0,0.231,1.0,27,27000002048
City-C,T2,1x,260.0,S4_GlobalCalib,routine,M_routine,650,True,1,734.2,724.7,0.0,0.013,1.0,27,27000002048
City-C,T2,1x,260.0,S4_GlobalCalib,cross_regime,M_stress,650,True,1,734.2,482.3,0.0,0.343,1.0,27,27000002048
City-C,T2,1x,260.0,S5_CityCalib,routine,M_routine,650,True,1,732.7,724.7,0.0,0.011,1.0,27,27000002048
City-C,T2,1x,260.0,S5_CityCalib,cross_regime,M_stress,650,True,1,732.7,482.3,0.0,0.3417,1.0,27,27000002048
City-C,T2,1x,260.0,S6_Q10,routine,M_routine,650,True,1,725.1,724.7,0.0,0.0006,1.0,27,27000002048
City-C,T2,1x,260.0,S6_Q10,cross_regime,M_stress,650,True,1,725.1,482.3,0.0,0.3348,1.0,27,27000002048
City-C,T2,2x,520.0,S0a_RoutineOracle,routine,M_routine,650,True,1,724.7,724.7,0.0,0.0,1.0,27,27000002048
City-C,T2,2x,520.0,S0a_RoutineOracle,cross_regime,M_stress,650,True,1,724.7,482.3,37.7,0.3344,0.0,27,27000002048
City-C,T2,2x,520.0,S0b_StressOracle,routine,M_routine,650,True,2,942.3,1390.3,0.0,0.0,1.0,27,27000002048
City-C,T2,2x,520.0,S0b_StressOracle,cross_regime,M_stress,650,True,2,942.3,942.3,0.0,0.0,1.0,27,27000002048
City-C,T2,2x,520.0,S1_CapRR,routine,M_routine,650,True,1,737.0,724.7,0.0,0.0168,1.0,27,27000002048
City-C,T2,2x,520.0,S1_CapRR,cross_regime,M_stress,650,True,1,737.0,482.3,37.7,0.3456,0.0,27,27000002048
City-C,T2,2x,520.0,S2_Platform,routine,M_routine,650,True,2,902.1,1390.3,0.0,0.0,1.0,27,27000002048
City-C,T2,2x,520.0,S2_Platform,cross_regime,M_stress,650,True,2,902.1,942.3,0.0,0.0,1.0,27,27000002048
City-C,T2,2x,520.0,S3_Lin4,routine,M_routine,650,True,1,627.2,724.7,0.0,0.0,1.0,27,27000002048
City-C,T2,2x,520.0,S3_Lin4,cross_regime,M_stress,650,True,1,627.2,482.3,37.7,0.231,0.0,27,27000002048
City-C,T2,2x,520.0,S4_GlobalCalib,routine,M_routine,650,True,1,734.2,724.7,0.0,0.013,1.0,27,27000002048
City-C,T2,2x,520.0,S4_GlobalCalib,cross_regime,M_stress,650,True,1,734.2,482.3,37.7,0.343,0.0,27,27000002048
City-C,T2,2x,520.0,S5_CityCalib,routine,M_routine,650,True,1,732.7,724.7,0.0,0.011,1.0,27,27000002048
City-C,T2,2x,520.0,S5_CityCalib,cross_regime,M_stress,650,True,1,732.7,482.3,37.7,0.3417,0.0,27,27000002048
City-C,T2,2x,520.0,S6_Q10,routine,M_routine,650,True,1,725.1,724.7,0.0,0.0006,1.0,27,27000002048
City-C,T2,2x,520.0,S6_Q10,cross_regime,M_stress,650,True,1,725.1,482.3,37.7,0.3348,0.0,27,27000002048
City-C,T2,5x,1300.0,S0a_RoutineOracle,routine,M_routine,650,True,2,1390.3,1390.3,0.0,0.0,1.0,27,27000002048
City-C,T2,5x,1300.0,S0a_RoutineOracle,cross_regime,M_stress,650,True,2,1390.3,942.3,357.7,0.3222,0.0,27,27000002048
City-C,T2,5x,1300.0,S0b_StressOracle,routine,M_routine,650,True,3,1364.0,2034.2,0.0,0.0,1.0,27,27000002048
City-C,T2,5x,1300.0,S0b_StressOracle,cross_regime,M_stress,650,True,3,1364.0,1364.0,0.0,0.0,1.0,27,27000002048
City-C,T2,5x,1300.0,S1_CapRR,routine,M_routine,650,True,2,1439.5,1390.3,0.0,0.0342,1.0,27,27000002048
City-C,T2,5x,1300.0,S1_CapRR,cross_regime,M_stress,650,True,2,1439.5,942.3,357.7,0.3454,0.0,27,27000002048
City-C,T2,5x,1300.0,S2_Platform,routine,M_routine,650,True,3,1301.1,2034.2,0.0,0.0,1.0,27,27000002048
City-C,T2,5x,1300.0,S2_Platform,cross_regime,M_stress,650,True,3,1301.1,1364.0,0.0,0.0,1.0,27,27000002048
City-C,T2,5x,1300.0,S3_Lin4,routine,M_routine,650,True,3,1818.3,2034.2,0.0,0.0,1.0,27,27000002048
City-C,T2,5x,1300.0,S3_Lin4,cross_regime,M_stress,650,True,3,1818.3,1364.0,0.0,0.2499,1.0,27,27000002048
City-C,T2,5x,1300.0,S4_GlobalCalib,routine,M_routine,650,True,2,1434.0,1390.3,0.0,0.0304,1.0,27,27000002048
City-C,T2,5x,1300.0,S4_GlobalCalib,cross_regime,M_stress,650,True,2,1434.0,942.3,357.7,0.3428,0.0,27,27000002048
City-C,T2,5x,1300.0,S5_CityCalib,routine,M_routine,650,True,2,1431.1,1390.3,0.0,0.0285,1.0,27,27000002048
City-C,T2,5x,1300.0,S5_CityCalib,cross_regime,M_stress,650,True,2,1431.1,942.3,357.7,0.3415,0.0,27,27000002048
City-C,T2,5x,1300.0,S6_Q10,routine,M_routine,650,True,2,1416.2,1390.3,0.0,0.0183,1.0,27,27000002048
City-C,T2,5x,1300.0,S6_Q10,cross_regime,M_stress,650,True,2,1416.2,942.3,357.7,0.3346,0.0,27,27000002048
City-C,T2,10x,2600.0,S0a_RoutineOracle,routine,M_routine,650,True,4,2622.2,2622.2,0.0,0.0,1.0,27,27000002048
City-C,T2,10x,2600.0,S0a_RoutineOracle,cross_regime,M_stress,650,True,4,2622.2,1748.3,851.7,0.3333,0.0,27,27000002048
City-C,T2,10x,2600.0,S0b_StressOracle,routine,M_routine,650,True,7,2868.4,4329.9,0.0,0.0,1.0,27,27000002048
City-C,T2,10x,2600.0,S0b_StressOracle,cross_regime,M_stress,650,True,7,2868.4,2868.4,0.0,0.0,1.0,27,27000002048
City-C,T2,10x,2600.0,S1_CapRR,routine,M_routine,650,True,4,2666.6,2622.2,0.0,0.0167,1.0,27,27000002048
City-C,T2,10x,2600.0,S1_CapRR,cross_regime,M_stress,650,True,4,2666.6,1748.3,851.7,0.3444,0.0,27,27000002048
City-C,T2,10x,2600.0,S2_Platform,routine,M_routine,650,True,7,2815.8,4288.7,0.0,0.0,1.0,27,27000002048
City-C,T2,10x,2600.0,S2_Platform,cross_regime,M_stress,650,True,7,2815.8,2841.7,0.0,0.0,1.0,27,27000002048
City-C,T2,10x,2600.0,S3_Lin4,routine,M_routine,650,True,5,2956.4,3109.3,0.0,0.0,1.0,27,27000002048
City-C,T2,10x,2600.0,S3_Lin4,cross_regime,M_stress,650,True,5,2956.4,2067.1,532.9,0.3008,0.0,27,27000002048
City-C,T2,10x,2600.0,S4_GlobalCalib,routine,M_routine,650,True,4,2656.4,2622.2,0.0,0.0129,1.0,27,27000002048
City-C,T2,10x,2600.0,S4_GlobalCalib,cross_regime,M_stress,650,True,4,2656.4,1748.3,851.7,0.3419,0.0,27,27000002048
City-C,T2,10x,2600.0,S5_CityCalib,routine,M_routine,650,True,4,2651.1,2622.2,0.0,0.0109,1.0,27,27000002048
City-C,T2,10x,2600.0,S5_CityCalib,cross_regime,M_stress,650,True,4,2651.1,1748.3,851.7,0.3405,0.0,27,27000002048
City-C,T2,10x,2600.0,S6_Q10,routine,M_routine,650,True,4,2623.5,2622.2,0.0,0.0005,1.0,27,27000002048
City-C,T2,10x,2600.0,S6_Q10,cross_regime,M_stress,650,True,4,2623.5,1748.3,851.7,0.3336,0.0,27,27000002048
City-C,T3,1x,200.0,S0a_RoutineOracle,routine,M_routine,650,True,1,648.1,648.1,0.0,0.0,1.0,27,27000002048
City-C,T3,1x,200.0,S0a_RoutineOracle,cross_regime,M_stress,650,True,1,648.1,426.5,0.0,0.3419,1.0,27,27000002048
City-C,T3,1x,200.0,S0b_StressOracle,routine,M_routine,650,True,1,426.5,648.1,0.0,0.0,1.0,27,27000002048
City-C,T3,1x,200.0,S0b_StressOracle,cross_regime,M_stress,650,True,1,426.5,426.5,0.0,0.0,1.0,27,27000002048
City-C,T3,1x,200.0,S1_CapRR,routine,M_routine,650,True,1,648.6,648.1,0.0,0.0008,1.0,27,27000002048
City-C,T3,1x,200.0,S1_CapRR,cross_regime,M_stress,650,True,1,648.6,426.5,0.0,0.3424,1.0,27,27000002048
City-C,T3,1x,200.0,S2_Platform,routine,M_routine,650,True,1,456.8,648.1,0.0,0.0,1.0,27,27000002048
City-C,T3,1x,200.0,S2_Platform,cross_regime,M_stress,650,True,1,456.8,426.5,0.0,0.0662,1.0,27,27000002048
City-C,T3,1x,200.0,S3_Lin4,routine,M_routine,650,True,1,606.2,648.1,0.0,0.0,1.0,27,27000002048
City-C,T3,1x,200.0,S3_Lin4,cross_regime,M_stress,650,True,1,606.2,426.5,0.0,0.2964,1.0,27,27000002048
City-C,T3,1x,200.0,S4_GlobalCalib,routine,M_routine,650,True,1,644.2,648.1,0.0,0.0,1.0,27,27000002048
City-C,T3,1x,200.0,S4_GlobalCalib,cross_regime,M_stress,650,True,1,644.2,426.5,0.0,0.3379,1.0,27,27000002048
City-C,T3,1x,200.0,S5_CityCalib,routine,M_routine,650,True,1,644.8,648.1,0.0,0.0,1.0,27,27000002048
City-C,T3,1x,200.0,S5_CityCalib,cross_regime,M_stress,650,True,1,644.8,426.5,0.0,0.3386,1.0,27,27000002048
City-C,T3,1x,200.0,S6_Q10,routine,M_routine,650,True,1,636.8,648.1,0.0,0.0,1.0,27,27000002048
City-C,T3,1x,200.0,S6_Q10,cross_regime,M_stress,650,True,1,636.8,426.5,0.0,0.3303,1.0,27,27000002048
City-C,T3,2x,400.0,S0a_RoutineOracle,routine,M_routine,650,True,1,648.1,648.1,0.0,0.0,1.0,27,27000002048
City-C,T3,2x,400.0,S0a_RoutineOracle,cross_regime,M_stress,650,True,1,648.1,426.5,0.0,0.3419,1.0,27,27000002048
City-C,T3,2x,400.0,S0b_StressOracle,routine,M_routine,650,True,1,426.5,648.1,0.0,0.0,1.0,27,27000002048
City-C,T3,2x,400.0,S0b_StressOracle,cross_regime,M_stress,650,True,1,426.5,426.5,0.0,0.0,1.0,27,27000002048
City-C,T3,2x,400.0,S1_CapRR,routine,M_routine,650,True,1,648.6,648.1,0.0,0.0008,1.0,27,27000002048
City-C,T3,2x,400.0,S1_CapRR,cross_regime,M_stress,650,True,1,648.6,426.5,0.0,0.3424,1.0,27,27000002048
City-C,T3,2x,400.0,S2_Platform,routine,M_routine,650,True,1,456.8,648.1,0.0,0.0,1.0,27,27000002048
City-C,T3,2x,400.0,S2_Platform,cross_regime,M_stress,650,True,1,456.8,426.5,0.0,0.0662,1.0,27,27000002048
City-C,T3,2x,400.0,S3_Lin4,routine,M_routine,650,True,1,606.2,648.1,0.0,0.0,1.0,27,27000002048
City-C,T3,2x,400.0,S3_Lin4,cross_regime,M_stress,650,True,1,606.2,426.5,0.0,0.2964,1.0,27,27000002048
City-C,T3,2x,400.0,S4_GlobalCalib,routine,M_routine,650,True,1,644.2,648.1,0.0,0.0,1.0,27,27000002048
City-C,T3,2x,400.0,S4_GlobalCalib,cross_regime,M_stress,650,True,1,644.2,426.5,0.0,0.3379,1.0,27,27000002048
City-C,T3,2x,400.0,S5_CityCalib,routine,M_routine,650,True,1,644.8,648.1,0.0,0.0,1.0,27,27000002048
City-C,T3,2x,400.0,S5_CityCalib,cross_regime,M_stress,650,True,1,644.8,426.5,0.0,0.3386,1.0,27,27000002048
City-C,T3,2x,400.0,S6_Q10,routine,M_routine,650,True,1,636.8,648.1,0.0,0.0,1.0,27,27000002048
City-C,T3,2x,400.0,S6_Q10,cross_regime,M_stress,650,True,1,636.8,426.5,0.0,0.3303,1.0,27,27000002048
City-C,T3,5x,1000.0,S0a_RoutineOracle,routine,M_routine,650,True,2,1266.3,1266.3,0.0,0.0,1.0,27,27000002048
City-C,T3,5x,1000.0,S0a_RoutineOracle,cross_regime,M_stress,650,True,2,1266.3,832.3,167.7,0.3427,0.0,27,27000002048
City-C,T3,5x,1000.0,S0b_StressOracle,routine,M_routine,650,True,3,1201.2,1832.7,0.0,0.0,1.0,27,27000002048
City-C,T3,5x,1000.0,S0b_StressOracle,cross_regime,M_stress,650,True,3,1201.2,1201.2,0.0,0.0,1.0,27,27000002048
City-C,T3,5x,1000.0,S1_CapRR,routine,M_routine,650,True,2,1266.8,1266.3,0.0,0.0004,1.0,27,27000002048
City-C,T3,5x,1000.0,S1_CapRR,cross_regime,M_stress,650,True,2,1266.8,832.3,167.7,0.343,0.0,27,27000002048
City-C,T3,5x,1000.0,S2_Platform,routine,M_routine,650,True,3,1285.7,1623.0,0.0,0.0,1.0,27,27000002048
City-C,T3,5x,1000.0,S2_Platform,cross_regime,M_stress,650,True,3,1285.7,1065.0,0.0,0.1717,1.0,27,27000002048
City-C,T3,5x,1000.0,S3_Lin4,routine,M_routine,650,True,2,1185.8,1266.3,0.0,0.0,1.0,27,27000002048
City-C,T3,5x,1000.0,S3_Lin4,cross_regime,M_stress,650,True,2,1185.8,832.3,167.7,0.2981,0.0,27,27000002048
City-C,T3,5x,1000.0,S4_GlobalCalib,routine,M_routine,650,True,2,1258.2,1266.3,0.0,0.0,1.0,27,27000002048
City-C,T3,5x,1000.0,S4_GlobalCalib,cross_regime,M_stress,650,True,2,1258.2,832.3,167.7,0.3385,0.0,27,27000002048
City-C,T3,5x,1000.0,S5_CityCalib,routine,M_routine,650,True,2,1259.4,1266.3,0.0,0.0,1.0,27,27000002048
City-C,T3,5x,1000.0,S5_CityCalib,cross_regime,M_stress,650,True,2,1259.4,832.3,167.7,0.3391,0.0,27,27000002048
City-C,T3,5x,1000.0,S6_Q10,routine,M_routine,650,True,2,1243.8,1266.3,0.0,0.0,1.0,27,27000002048
City-C,T3,5x,1000.0,S6_Q10,cross_regime,M_stress,650,True,2,1243.8,832.3,167.7,0.3308,0.0,27,27000002048
City-C,T3,10x,2000.0,S0a_RoutineOracle,routine,M_routine,650,True,4,2349.9,2349.9,0.0,0.0,1.0,27,27000002048
City-C,T3,10x,2000.0,S0a_RoutineOracle,cross_regime,M_stress,650,True,4,2349.9,1539.5,460.5,0.3449,0.0,27,27000002048
City-C,T3,10x,2000.0,S0b_StressOracle,routine,M_routine,650,True,6,2201.5,3362.6,0.0,0.0,1.0,27,27000002048
City-C,T3,10x,2000.0,S0b_StressOracle,cross_regime,M_stress,650,True,6,2201.5,2201.5,0.0,0.0,1.0,27,27000002048
City-C,T3,10x,2000.0,S1_CapRR,routine,M_routine,650,True,4,2346.7,2349.9,0.0,0.0,1.0,27,27000002048
City-C,T3,10x,2000.0,S1_CapRR,cross_regime,M_stress,650,True,4,2346.7,1539.5,460.5,0.344,0.0,27,27000002048
City-C,T3,10x,2000.0,S2_Platform,routine,M_routine,650,True,5,2048.1,2646.7,0.0,0.0,1.0,27,27000002048
City-C,T3,10x,2000.0,S2_Platform,cross_regime,M_stress,650,True,5,2048.1,1731.4,268.6,0.1547,0.0,27,27000002048
City-C,T3,10x,2000.0,S3_Lin4,routine,M_routine,650,True,4,2320.7,2295.6,0.0,0.0108,1.0,27,27000002048
City-C,T3,10x,2000.0,S3_Lin4,cross_regime,M_stress,650,True,4,2320.7,1505.8,494.2,0.3512,0.0,27,27000002048
City-C,T3,10x,2000.0,S4_GlobalCalib,routine,M_routine,650,True,4,2330.8,2349.9,0.0,0.0,1.0,27,27000002048
City-C,T3,10x,2000.0,S4_GlobalCalib,cross_regime,M_stress,650,True,4,2330.8,1539.5,460.5,0.3395,0.0,27,27000002048
City-C,T3,10x,2000.0,S5_CityCalib,routine,M_routine,650,True,4,2333.1,2349.9,0.0,0.0,1.0,27,27000002048
City-C,T3,10x,2000.0,S5_CityCalib,cross_regime,M_stress,650,True,4,2333.1,1539.5,460.5,0.3401,0.0,27,27000002048
City-C,T3,10x,2000.0,S6_Q10,routine,M_routine,650,True,4,2304.1,2349.9,0.0,0.0,1.0,27,27000002048
City-C,T3,10x,2000.0,S6_Q10,cross_regime,M_stress,650,True,4,2304.1,1539.5,460.5,0.3318,0.0,27,27000002048
City-C,T4,1x,140.0,S0a_RoutineOracle,routine,M_routine,650,True,1,704.4,704.4,0.0,0.0,1.0,27,27000002048
City-C,T4,1x,140.0,S0a_RoutineOracle,cross_regime,M_stress,650,True,1,704.4,459.8,0.0,0.3472,1.0,27,27000002048
City-C,T4,1x,140.0,S0b_StressOracle,routine,M_routine,650,True,1,482.8,681.2,0.0,0.0,1.0,27,27000002048
City-C,T4,1x,140.0,S0b_StressOracle,cross_regime,M_stress,650,True,1,482.8,482.8,0.0,0.0,1.0,27,27000002048
City-C,T4,1x,140.0,S1_CapRR,routine,M_routine,650,True,1,737.0,681.2,0.0,0.0758,1.0,27,27000002048
City-C,T4,1x,140.0,S1_CapRR,cross_regime,M_stress,650,True,1,737.0,482.8,0.0,0.345,1.0,27,27000002048
City-C,T4,1x,140.0,S2_Platform,routine,M_routine,650,True,1,377.7,550.7,0.0,0.0,1.0,27,27000002048
City-C,T4,1x,140.0,S2_Platform,cross_regime,M_stress,650,True,1,377.7,359.2,0.0,0.0489,1.0,27,27000002048
City-C,T4,1x,140.0,S3_Lin4,routine,M_routine,650,True,1,625.7,681.2,0.0,0.0,1.0,27,27000002048
City-C,T4,1x,140.0,S3_Lin4,cross_regime,M_stress,650,True,1,625.7,482.8,0.0,0.2284,1.0,27,27000002048
City-C,T4,1x,140.0,S4_GlobalCalib,routine,M_routine,650,True,1,731.3,681.2,0.0,0.0685,1.0,27,27000002048
City-C,T4,1x,140.0,S4_GlobalCalib,cross_regime,M_stress,650,True,1,731.3,482.8,0.0,0.3398,1.0,27,27000002048
City-C,T4,1x,140.0,S5_CityCalib,routine,M_routine,650,True,1,733.0,681.2,0.0,0.0706,1.0,27,27000002048
City-C,T4,1x,140.0,S5_CityCalib,cross_regime,M_stress,650,True,1,733.0,482.8,0.0,0.3413,1.0,27,27000002048
City-C,T4,1x,140.0,S6_Q10,routine,M_routine,650,True,1,723.6,681.2,0.0,0.0585,1.0,27,27000002048
City-C,T4,1x,140.0,S6_Q10,cross_regime,M_stress,650,True,1,723.6,482.8,0.0,0.3328,1.0,27,27000002048
City-C,T4,2x,280.0,S0a_RoutineOracle,routine,M_routine,650,True,1,704.4,704.4,0.0,0.0,1.0,27,27000002048
City-C,T4,2x,280.0,S0a_RoutineOracle,cross_regime,M_stress,650,True,1,704.4,459.8,0.0,0.3472,1.0,27,27000002048
City-C,T4,2x,280.0,S0b_StressOracle,routine,M_routine,650,True,1,482.8,681.2,0.0,0.0,1.0,27,27000002048
City-C,T4,2x,280.0,S0b_StressOracle,cross_regime,M_stress,650,True,1,482.8,482.8,0.0,0.0,1.0,27,27000002048
City-C,T4,2x,280.0,S1_CapRR,routine,M_routine,650,True,1,737.0,681.2,0.0,0.0758,1.0,27,27000002048
City-C,T4,2x,280.0,S1_CapRR,cross_regime,M_stress,650,True,1,737.0,482.8,0.0,0.345,1.0,27,27000002048
City-C,T4,2x,280.0,S2_Platform,routine,M_routine,650,True,1,377.7,550.7,0.0,0.0,1.0,27,27000002048
City-C,T4,2x,280.0,S2_Platform,cross_regime,M_stress,650,True,1,377.7,359.2,0.0,0.0489,1.0,27,27000002048
City-C,T4,2x,280.0,S3_Lin4,routine,M_routine,650,True,1,625.7,681.2,0.0,0.0,1.0,27,27000002048
City-C,T4,2x,280.0,S3_Lin4,cross_regime,M_stress,650,True,1,625.7,482.8,0.0,0.2284,1.0,27,27000002048
City-C,T4,2x,280.0,S4_GlobalCalib,routine,M_routine,650,True,1,731.3,681.2,0.0,0.0685,1.0,27,27000002048
City-C,T4,2x,280.0,S4_GlobalCalib,cross_regime,M_stress,650,True,1,731.3,482.8,0.0,0.3398,1.0,27,27000002048
City-C,T4,2x,280.0,S5_CityCalib,routine,M_routine,650,True,1,733.0,681.2,0.0,0.0706,1.0,27,27000002048
City-C,T4,2x,280.0,S5_CityCalib,cross_regime,M_stress,650,True,1,733.0,482.8,0.0,0.3413,1.0,27,27000002048
City-C,T4,2x,280.0,S6_Q10,routine,M_routine,650,True,1,723.6,681.2,0.0,0.0585,1.0,27,27000002048
City-C,T4,2x,280.0,S6_Q10,cross_regime,M_stress,650,True,1,723.6,482.8,0.0,0.3328,1.0,27,27000002048
City-C,T4,5x,700.0,S0a_RoutineOracle,routine,M_routine,650,True,1,704.4,704.4,0.0,0.0,1.0,27,27000002048
City-C,T4,5x,700.0,S0a_RoutineOracle,cross_regime,M_stress,650,True,1,704.4,459.8,240.2,0.3472,0.0,27,27000002048
City-C,T4,5x,700.0,S0b_StressOracle,routine,M_routine,650,True,2,942.6,1385.6,0.0,0.0,1.0,27,27000002048
City-C,T4,5x,700.0,S0b_StressOracle,cross_regime,M_stress,650,True,2,942.6,942.6,0.0,0.0,1.0,27,27000002048
City-C,T4,5x,700.0,S1_CapRR,routine,M_routine,650,True,1,737.0,681.2,18.8,0.0758,0.0,27,27000002048
City-C,T4,5x,700.0,S1_CapRR,cross_regime,M_stress,650,True,1,737.0,482.8,217.2,0.345,0.0,27,27000002048
City-C,T4,5x,700.0,S2_Platform,routine,M_routine,650,True,2,738.2,1255.1,0.0,0.0,1.0,27,27000002048
City-C,T4,5x,700.0,S2_Platform,cross_regime,M_stress,650,True,2,738.2,819.0,0.0,0.0,1.0,27,27000002048
City-C,T4,5x,700.0,S3_Lin4,routine,M_routine,650,True,2,1225.5,1385.6,0.0,0.0,1.0,27,27000002048
City-C,T4,5x,700.0,S3_Lin4,cross_regime,M_stress,650,True,2,1225.5,942.6,0.0,0.2308,1.0,27,27000002048
City-C,T4,5x,700.0,S4_GlobalCalib,routine,M_routine,650,True,1,731.3,681.2,18.8,0.0685,0.0,27,27000002048
City-C,T4,5x,700.0,S4_GlobalCalib,cross_regime,M_stress,650,True,1,731.3,482.8,217.2,0.3398,0.0,27,27000002048
City-C,T4,5x,700.0,S5_CityCalib,routine,M_routine,650,True,1,733.0,681.2,18.8,0.0706,0.0,27,27000002048
City-C,T4,5x,700.0,S5_CityCalib,cross_regime,M_stress,650,True,1,733.0,482.8,217.2,0.3413,0.0,27,27000002048
City-C,T4,5x,700.0,S6_Q10,routine,M_routine,650,True,1,723.6,681.2,18.8,0.0585,0.0,27,27000002048
City-C,T4,5x,700.0,S6_Q10,cross_regime,M_stress,650,True,1,723.6,482.8,217.2,0.3328,0.0,27,27000002048
City-C,T4,10x,1400.0,S0a_RoutineOracle,routine,M_routine,650,True,3,2029.0,2029.0,0.0,0.0,1.0,27,27000002048
City-C,T4,10x,1400.0,S0a_RoutineOracle,cross_regime,M_stress,650,True,3,2029.0,1361.6,38.4,0.3289,0.0,27,27000002048
City-C,T4,10x,1400.0,S0b_StressOracle,routine,M_routine,650,True,4,1745.8,2616.0,0.0,0.0,1.0,27,27000002048
City-C,T4,10x,1400.0,S0b_StressOracle,cross_regime,M_stress,650,True,4,1745.8,1745.8,0.0,0.0,1.0,27,27000002048
City-C,T4,10x,1400.0,S1_CapRR,routine,M_routine,650,True,2,1439.5,1385.6,14.4,0.0375,0.0,27,27000002048
City-C,T4,10x,1400.0,S1_CapRR,cross_regime,M_stress,650,True,2,1439.5,942.6,457.4,0.3452,0.0,27,27000002048
City-C,T4,10x,1400.0,S2_Platform,routine,M_routine,650,True,4,1425.4,2411.7,0.0,0.0,1.0,27,27000002048
City-C,T4,10x,1400.0,S2_Platform,cross_regime,M_stress,650,True,4,1425.4,1575.5,0.0,0.0,1.0,27,27000002048
City-C,T4,10x,1400.0,S3_Lin4,routine,M_routine,650,True,3,1813.8,2029.0,0.0,0.0,1.0,27,27000002048
City-C,T4,10x,1400.0,S3_Lin4,cross_regime,M_stress,650,True,3,1813.8,1361.6,38.4,0.2493,0.0,27,27000002048
City-C,T4,10x,1400.0,S4_GlobalCalib,routine,M_routine,650,True,2,1428.3,1385.6,14.4,0.0299,0.0,27,27000002048
City-C,T4,10x,1400.0,S4_GlobalCalib,cross_regime,M_stress,650,True,2,1428.3,942.6,457.4,0.3401,0.0,27,27000002048
City-C,T4,10x,1400.0,S5_CityCalib,routine,M_routine,650,True,2,1431.5,1385.6,14.4,0.0321,0.0,27,27000002048
City-C,T4,10x,1400.0,S5_CityCalib,cross_regime,M_stress,650,True,2,1431.5,942.6,457.4,0.3415,0.0,27,27000002048
City-C,T4,10x,1400.0,S6_Q10,routine,M_routine,650,True,2,1413.2,1385.6,14.4,0.0195,0.0,27,27000002048
City-C,T4,10x,1400.0,S6_Q10,cross_regime,M_stress,650,True,2,1413.2,942.6,457.4,0.333,0.0,27,27000002048
City-C,T5,1x,160.0,S0a_RoutineOracle,routine,M_routine,650,True,1,650.1,650.1,0.0,0.0,1.0,27,27000002048
City-C,T5,1x,160.0,S0a_RoutineOracle,cross_regime,M_stress,650,True,1,650.1,426.5,0.0,0.344,1.0,27,27000002048
City-C,T5,1x,160.0,S0b_StressOracle,routine,M_routine,650,True,1,426.5,650.1,0.0,0.0,1.0,27,27000002048
City-C,T5,1x,160.0,S0b_StressOracle,cross_regime,M_stress,650,True,1,426.5,426.5,0.0,0.0,1.0,27,27000002048
City-C,T5,1x,160.0,S1_CapRR,routine,M_routine,650,True,1,648.6,650.1,0.0,0.0,1.0,27,27000002048
City-C,T5,1x,160.0,S1_CapRR,cross_regime,M_stress,650,True,1,648.6,426.5,0.0,0.3425,1.0,27,27000002048
City-C,T5,1x,160.0,S2_Platform,routine,M_routine,650,True,1,451.5,650.1,0.0,0.0,1.0,27,27000002048
City-C,T5,1x,160.0,S2_Platform,cross_regime,M_stress,650,True,1,451.5,426.5,0.0,0.0554,1.0,27,27000002048
City-C,T5,1x,160.0,S3_Lin4,routine,M_routine,650,True,1,606.6,650.1,0.0,0.0,1.0,27,27000002048
City-C,T5,1x,160.0,S3_Lin4,cross_regime,M_stress,650,True,1,606.6,426.5,0.0,0.2969,1.0,27,27000002048
City-C,T5,1x,160.0,S4_GlobalCalib,routine,M_routine,650,True,1,644.2,650.1,0.0,0.0,1.0,27,27000002048
City-C,T5,1x,160.0,S4_GlobalCalib,cross_regime,M_stress,650,True,1,644.2,426.5,0.0,0.338,1.0,27,27000002048
City-C,T5,1x,160.0,S5_CityCalib,routine,M_routine,650,True,1,644.9,650.1,0.0,0.0,1.0,27,27000002048
City-C,T5,1x,160.0,S5_CityCalib,cross_regime,M_stress,650,True,1,644.9,426.5,0.0,0.3387,1.0,27,27000002048
City-C,T5,1x,160.0,S6_Q10,routine,M_routine,650,True,1,636.9,650.1,0.0,0.0,1.0,27,27000002048
City-C,T5,1x,160.0,S6_Q10,cross_regime,M_stress,650,True,1,636.9,426.5,0.0,0.3304,1.0,27,27000002048
City-C,T5,2x,320.0,S0a_RoutineOracle,routine,M_routine,650,True,1,650.1,650.1,0.0,0.0,1.0,27,27000002048
City-C,T5,2x,320.0,S0a_RoutineOracle,cross_regime,M_stress,650,True,1,650.1,426.5,0.0,0.344,1.0,27,27000002048
City-C,T5,2x,320.0,S0b_StressOracle,routine,M_routine,650,True,1,426.5,650.1,0.0,0.0,1.0,27,27000002048
City-C,T5,2x,320.0,S0b_StressOracle,cross_regime,M_stress,650,True,1,426.5,426.5,0.0,0.0,1.0,27,27000002048
City-C,T5,2x,320.0,S1_CapRR,routine,M_routine,650,True,1,648.6,650.1,0.0,0.0,1.0,27,27000002048
City-C,T5,2x,320.0,S1_CapRR,cross_regime,M_stress,650,True,1,648.6,426.5,0.0,0.3425,1.0,27,27000002048
City-C,T5,2x,320.0,S2_Platform,routine,M_routine,650,True,1,451.5,650.1,0.0,0.0,1.0,27,27000002048
City-C,T5,2x,320.0,S2_Platform,cross_regime,M_stress,650,True,1,451.5,426.5,0.0,0.0554,1.0,27,27000002048
City-C,T5,2x,320.0,S3_Lin4,routine,M_routine,650,True,1,606.6,650.1,0.0,0.0,1.0,27,27000002048
City-C,T5,2x,320.0,S3_Lin4,cross_regime,M_stress,650,True,1,606.6,426.5,0.0,0.2969,1.0,27,27000002048
City-C,T5,2x,320.0,S4_GlobalCalib,routine,M_routine,650,True,1,644.2,650.1,0.0,0.0,1.0,27,27000002048
City-C,T5,2x,320.0,S4_GlobalCalib,cross_regime,M_stress,650,True,1,644.2,426.5,0.0,0.338,1.0,27,27000002048
City-C,T5,2x,320.0,S5_CityCalib,routine,M_routine,650,True,1,644.9,650.1,0.0,0.0,1.0,27,27000002048
City-C,T5,2x,320.0,S5_CityCalib,cross_regime,M_stress,650,True,1,644.9,426.5,0.0,0.3387,1.0,27,27000002048
City-C,T5,2x,320.0,S6_Q10,routine,M_routine,650,True,1,636.9,650.1,0.0,0.0,1.0,27,27000002048
City-C,T5,2x,320.0,S6_Q10,cross_regime,M_stress,650,True,1,636.9,426.5,0.0,0.3304,1.0,27,27000002048
City-C,T5,5x,800.0,S0a_RoutineOracle,routine,M_routine,650,True,2,1271.5,1271.5,0.0,0.0,1.0,27,27000002048
City-C,T5,5x,800.0,S0a_RoutineOracle,cross_regime,M_stress,650,True,2,1271.5,832.5,0.0,0.3452,1.0,27,27000002048
City-C,T5,5x,800.0,S0b_StressOracle,routine,M_routine,650,True,2,832.5,1271.5,0.0,0.0,1.0,27,27000002048
City-C,T5,5x,800.0,S0b_StressOracle,cross_regime,M_stress,650,True,2,832.5,832.5,0.0,0.0,1.0,27,27000002048
City-C,T5,5x,800.0,S1_CapRR,routine,M_routine,650,True,2,1266.8,1271.5,0.0,0.0,1.0,27,27000002048
City-C,T5,5x,800.0,S1_CapRR,cross_regime,M_stress,650,True,2,1266.8,832.5,0.0,0.3428,1.0,27,27000002048
City-C,T5,5x,800.0,S2_Platform,routine,M_routine,650,True,2,882.9,1155.8,0.0,0.0,1.0,27,27000002048
City-C,T5,5x,800.0,S2_Platform,cross_regime,M_stress,650,True,2,882.9,760.3,39.7,0.1389,0.0,27,27000002048
City-C,T5,5x,800.0,S3_Lin4,routine,M_routine,650,True,2,1186.5,1271.5,0.0,0.0,1.0,27,27000002048
City-C,T5,5x,800.0,S3_Lin4,cross_regime,M_stress,650,True,2,1186.5,832.5,0.0,0.2983,1.0,27,27000002048
City-C,T5,5x,800.0,S4_GlobalCalib,routine,M_routine,650,True,2,1258.2,1271.5,0.0,0.0,1.0,27,27000002048
City-C,T5,5x,800.0,S4_GlobalCalib,cross_regime,M_stress,650,True,2,1258.2,832.5,0.0,0.3383,1.0,27,27000002048
City-C,T5,5x,800.0,S5_CityCalib,routine,M_routine,650,True,2,1259.6,1271.5,0.0,0.0,1.0,27,27000002048
City-C,T5,5x,800.0,S5_CityCalib,cross_regime,M_stress,650,True,2,1259.6,832.5,0.0,0.3391,1.0,27,27000002048
City-C,T5,5x,800.0,S6_Q10,routine,M_routine,650,True,2,1244.0,1271.5,0.0,0.0,1.0,27,27000002048
City-C,T5,5x,800.0,S6_Q10,cross_regime,M_stress,650,True,2,1244.0,832.5,0.0,0.3308,1.0,27,27000002048
City-C,T5,10x,1600.0,S0a_RoutineOracle,routine,M_routine,650,True,3,1839.4,1839.4,0.0,0.0,1.0,27,27000002048
City-C,T5,10x,1600.0,S0a_RoutineOracle,cross_regime,M_stress,650,True,3,1839.4,1203.5,396.5,0.3457,0.0,27,27000002048
City-C,T5,10x,1600.0,S0b_StressOracle,routine,M_routine,650,True,5,1875.4,2862.2,0.0,0.0,1.0,27,27000002048
City-C,T5,10x,1600.0,S0b_StressOracle,cross_regime,M_stress,650,True,5,1875.4,1875.4,0.0,0.0,1.0,27,27000002048
City-C,T5,10x,1600.0,S1_CapRR,routine,M_routine,650,True,3,1831.4,1839.4,0.0,0.0,1.0,27,27000002048
City-C,T5,10x,1600.0,S1_CapRR,cross_regime,M_stress,650,True,3,1831.4,1203.5,396.5,0.3429,0.0,27,27000002048
City-C,T5,10x,1600.0,S2_Platform,routine,M_routine,650,True,4,1670.1,2079.4,0.0,0.0,1.0,27,27000002048
City-C,T5,10x,1600.0,S2_Platform,cross_regime,M_stress,650,True,4,1670.1,1363.9,236.1,0.1833,0.0,27,27000002048
City-C,T5,10x,1600.0,S3_Lin4,routine,M_routine,650,True,3,1759.1,1839.4,0.0,0.0,1.0,27,27000002048
City-C,T5,10x,1600.0,S3_Lin4,cross_regime,M_stress,650,True,3,1759.1,1203.5,396.5,0.3159,0.0,27,27000002048
City-C,T5,10x,1600.0,S4_GlobalCalib,routine,M_routine,650,True,3,1818.9,1839.4,0.0,0.0,1.0,27,27000002048
City-C,T5,10x,1600.0,S4_GlobalCalib,cross_regime,M_stress,650,True,3,1818.9,1203.5,396.5,0.3384,0.0,27,27000002048
City-C,T5,10x,1600.0,S5_CityCalib,routine,M_routine,650,True,3,1821.0,1839.4,0.0,0.0,1.0,27,27000002048
City-C,T5,10x,1600.0,S5_CityCalib,cross_regime,M_stress,650,True,3,1821.0,1203.5,396.5,0.3391,0.0,27,27000002048
City-C,T5,10x,1600.0,S6_Q10,routine,M_routine,650,True,3,1798.4,1839.4,0.0,0.0,1.0,27,27000002048
City-C,T5,10x,1600.0,S6_Q10,cross_regime,M_stress,650,True,3,1798.4,1203.5,396.5,0.3308,0.0,27,27000002048
